Strategy: taylor_distill
Teacher (FLA): /data/shared/charlie/converted_teachers/Llama-3.2-3B-Instruct
Teacher (HF):  meta-llama/Llama-3.2-3B-Instruct

============================================================
  Probing layer 0 | strategy=taylor_distill
============================================================
Loading checkpoint shards:   0%|          | 0/2 [00:00<?, ?it/s]Loading checkpoint shards: 100%|██████████| 2/2 [00:00<00:00, 120.68it/s]
/home/charlie/miniconda3/envs/taylor/lib/python3.12/site-packages/fla/layers/gated_deltanet.py:191: UserWarning: ShortConvolution is crucial to the performance. Do not turn it off, i.e., setting `use_short_conv=False` unless you know what you are doing.
  warnings.warn(
Loading checkpoint shards:   0%|          | 0/2 [00:00<?, ?it/s]Loading checkpoint shards: 100%|██████████| 2/2 [00:00<00:00, 49.60it/s]
Token indices sequence length is longer than the specified maximum sequence length for this model (2349952 > 131072). Running this sequence through the model will result in indexing errors
  [Taylor Step 1/3] Gate calibration from attention stats...
    Layer  1: dist=[37, 40, 77, 52, 50, 57, 33, 74, 40, 65, 64, 71, 45, 43, 50, 25, 28, 66, 58, 48, 61, 52, 50, 57]
    Layer  2: dist=[115, 119, 121, 102, 116, 107, 121, 117, 116, 119, 113, 101, 119, 119, 102, 122, 122, 122, 120, 120, 121, 115, 118, 113]
    Layer  3: dist=[98, 116, 112, 123, 119, 122, 105, 113, 115, 107, 117, 107, 113, 116, 114, 108, 102, 111, 111, 118, 116, 93, 96, 95]
    Layer  4: dist=[98, 112, 120, 98, 97, 92, 99, 95, 108, 107, 104, 113, 86, 106, 111, 97, 120, 105, 99, 102, 101, 118, 122, 109]
    Layer  5: dist=[114, 106, 103, 84, 90, 96, 121, 126, 112, 95, 100, 99, 72, 81, 95, 112, 99, 103, 99, 92, 96, 88, 97, 96]
    Layer  6: dist=[99, 111, 96, 87, 85, 92, 100, 96, 97, 90, 82, 87, 92, 103, 83, 77, 82, 84, 101, 100, 87, 102, 97, 95]
    Layer  7: dist=[85, 72, 99, 68, 88, 85, 65, 71, 79, 78, 96, 85, 94, 82, 84, 85, 83, 94, 88, 83, 81, 82, 87, 79]
    Layer  8: dist=[95, 73, 108, 73, 90, 76, 107, 95, 107, 78, 88, 80, 72, 84, 80, 72, 66, 74, 78, 82, 81, 79, 64, 71]
    Layer  9: dist=[63, 63, 64, 97, 102, 103, 65, 61, 74, 91, 88, 89, 85, 79, 64, 86, 77, 79, 89, 107, 98, 74, 64, 92]
    Layer 10: dist=[78, 77, 81, 94, 97, 98, 78, 72, 70, 83, 70, 101, 61, 52, 66, 85, 89, 75, 62, 65, 67, 112, 99, 87]
    Layer 11: dist=[47, 70, 52, 76, 79, 80, 80, 74, 70, 79, 72, 63, 82, 74, 93, 80, 80, 92, 68, 68, 70, 78, 69, 75]
    Layer 12: dist=[78, 75, 66, 108, 108, 89, 70, 69, 73, 81, 78, 85, 65, 94, 70, 97, 93, 71, 91, 109, 110, 52, 74, 59]
    Layer 13: dist=[84, 82, 84, 83, 80, 77, 28, 53, 47, 67, 62, 86, 84, 112, 92, 71, 100, 81, 86, 92, 84, 89, 99, 88]
    Layer 14: dist=[45, 118, 119, 67, 56, 57, 63, 56, 56, 78, 100, 104, 94, 93, 93, 85, 80, 83, 60, 74, 80, 104, 115, 77]
    Layer 15: dist=[105, 105, 89, 72, 73, 81, 97, 77, 83, 63, 76, 76, 112, 115, 100, 90, 88, 95, 104, 109, 100, 93, 97, 100]
    Layer 16: dist=[124, 98, 120, 121, 97, 122, 90, 91, 87, 103, 122, 97, 120, 115, 106, 102, 107, 103, 95, 80, 87, 93, 116, 120]
    Layer 17: dist=[109, 112, 97, 115, 114, 105, 76, 96, 88, 113, 106, 116, 117, 107, 103, 91, 110, 90, 115, 111, 119, 122, 114, 119]
    Layer 18: dist=[80, 110, 121, 119, 115, 111, 94, 90, 96, 98, 105, 99, 123, 122, 121, 118, 114, 104, 114, 106, 96, 91, 111, 105]
    Layer 19: dist=[104, 76, 85, 92, 90, 95, 91, 49, 98, 94, 101, 98, 115, 84, 121, 115, 107, 110, 105, 94, 104, 114, 118, 117]
    Layer 20: dist=[102, 117, 118, 115, 112, 112, 109, 110, 122, 112, 112, 114, 102, 100, 115, 115, 113, 118, 109, 97, 98, 103, 108, 106]
    Layer 21: dist=[109, 112, 109, 122, 124, 121, 122, 120, 121, 101, 107, 100, 114, 117, 113, 117, 115, 117, 113, 117, 108, 104, 107, 105]
    Layer 22: dist=[119, 103, 111, 119, 118, 119, 123, 124, 122, 116, 119, 118, 111, 102, 84, 113, 95, 103, 117, 121, 117, 115, 123, 117]
    Layer 23: dist=[84, 104, 85, 104, 119, 114, 108, 116, 80, 114, 108, 112, 122, 118, 79, 99, 94, 91, 121, 121, 84, 112, 115, 81]
    Layer 24: dist=[118, 114, 116, 109, 113, 110, 93, 106, 87, 100, 69, 99, 80, 107, 119, 111, 105, 110, 121, 119, 123, 98, 104, 112]
    Layer 25: dist=[112, 122, 121, 121, 119, 123, 79, 72, 69, 121, 111, 121, 117, 97, 114, 88, 106, 105, 104, 106, 101, 79, 115, 57]
    Layer 26: dist=[79, 93, 64, 108, 104, 123, 102, 71, 109, 106, 100, 108, 75, 47, 69, 105, 98, 95, 35, 72, 59, 111, 108, 102]
    Layer 27: dist=[48, 108, 82, 111, 79, 53, 89, 89, 105, 69, 100, 6, 104, 109, 95, 102, 105, 98, 84, 70, 69, 76, 91, 88]

  [Taylor Step 2/3] OLS sigma per head (scaling V)...
    Layer  1: sigma=[0.100, 0.134, 0.100, 0.100, 0.100, 0.100, 0.100, 0.100, 0.100, 0.100, 0.100, 0.100, 0.100, 0.100, 0.100, 0.100, 0.100, 0.100, 0.100, 0.159, 0.100, 0.100, 0.100, 0.100]
    Layer  2: sigma=[0.100, 0.100, 0.100, 0.100, 0.100, 0.100, 0.100, 0.100, 0.100, 0.100, 0.100, 0.100, 0.100, 0.100, 0.100, 0.100, 0.100, 0.100, 0.100, 0.100, 0.100, 0.100, 0.100, 0.100]
    Layer  3: sigma=[0.100, 0.100, 0.100, 0.100, 0.100, 0.100, 0.100, 0.100, 0.100, 0.100, 0.100, 0.100, 0.100, 0.100, 0.100, 0.100, 0.100, 0.100, 0.100, 0.100, 0.100, 0.100, 0.100, 0.100]
    Layer  4: sigma=[0.100, 0.100, 0.100, 0.100, 0.100, 0.100, 0.100, 0.100, 0.100, 0.100, 0.100, 0.100, 0.100, 0.100, 0.100, 0.100, 0.100, 0.100, 0.100, 0.100, 0.100, 0.100, 0.100, 0.100]
    Layer  5: sigma=[0.100, 0.100, 0.100, 0.100, 0.100, 0.100, 0.100, 0.100, 0.100, 0.100, 0.100, 0.100, 0.100, 0.100, 0.100, 0.100, 0.100, 0.100, 0.100, 0.106, 0.100, 0.100, 0.100, 0.100]
    Layer  6: sigma=[0.100, 0.100, 0.100, 0.100, 0.100, 0.100, 0.100, 0.100, 0.100, 0.100, 0.100, 0.100, 0.100, 0.100, 0.100, 0.100, 0.100, 0.100, 0.100, 0.100, 0.100, 0.100, 0.100, 0.100]
    Layer  7: sigma=[0.100, 0.100, 0.100, 0.100, 0.100, 0.100, 0.100, 0.100, 0.100, 0.100, 0.100, 0.100, 0.100, 0.100, 0.100, 0.100, 0.100, 0.100, 0.100, 0.100, 0.100, 0.100, 0.100, 0.100]
    Layer  8: sigma=[0.100, 0.100, 0.100, 0.100, 0.100, 0.100, 0.100, 0.100, 0.100, 0.100, 0.100, 0.100, 0.100, 0.100, 0.100, 0.100, 0.100, 0.100, 0.100, 0.100, 0.100, 0.100, 0.100, 0.100]
    Layer  9: sigma=[0.100, 0.100, 0.100, 0.100, 0.100, 0.100, 0.100, 0.100, 0.100, 0.100, 0.100, 0.100, 0.100, 0.100, 0.100, 0.100, 0.100, 0.100, 0.100, 0.100, 0.100, 0.100, 0.100, 0.106]
    Layer 10: sigma=[0.100, 0.100, 0.100, 0.100, 0.100, 0.100, 0.100, 0.100, 0.111, 0.100, 0.100, 0.100, 0.129, 0.288, 0.100, 0.100, 0.100, 0.100, 0.100, 0.100, 0.100, 0.100, 0.135, 0.100]
    Layer 11: sigma=[0.100, 0.179, 0.100, 0.100, 0.100, 0.100, 0.100, 0.100, 0.100, 0.100, 0.100, 0.100, 0.100, 0.100, 0.100, 0.100, 0.100, 0.100, 0.100, 0.100, 0.100, 0.100, 0.100, 0.100]
    Layer 12: sigma=[0.100, 0.100, 0.100, 0.100, 0.100, 0.100, 0.100, 0.100, 0.100, 0.100, 0.100, 0.100, 0.100, 0.100, 0.113, 0.100, 0.100, 0.100, 0.100, 0.100, 0.100, 0.100, 0.100, 0.100]
    Layer 13: sigma=[0.100, 0.100, 0.100, 0.100, 0.100, 0.100, 0.100, 0.335, 0.108, 0.100, 0.100, 0.100, 0.100, 0.100, 0.100, 0.100, 0.135, 0.100, 0.100, 0.100, 0.100, 0.100, 0.100, 0.100]
    Layer 14: sigma=[0.100, 0.100, 0.100, 0.100, 0.100, 0.171, 0.100, 0.100, 0.100, 0.100, 0.100, 0.100, 0.100, 0.100, 0.100, 0.100, 0.100, 0.100, 0.100, 0.100, 0.100, 0.100, 0.100, 0.100]
    Layer 15: sigma=[0.100, 0.100, 0.100, 0.100, 0.100, 0.100, 0.100, 0.100, 0.100, 0.156, 0.100, 0.100, 0.100, 0.100, 0.100, 0.100, 0.100, 0.100, 0.100, 0.100, 0.100, 0.100, 0.100, 0.100]
    Layer 16: sigma=[0.100, 0.100, 0.100, 0.100, 0.100, 0.100, 0.100, 0.100, 0.100, 0.100, 0.100, 0.100, 0.100, 0.100, 0.100, 0.100, 0.100, 0.100, 0.100, 0.100, 0.100, 0.100, 0.100, 0.100]
    Layer 17: sigma=[0.100, 0.100, 0.100, 0.100, 0.100, 0.100, 0.100, 0.100, 0.100, 0.100, 0.100, 0.100, 0.100, 0.100, 0.100, 0.100, 0.100, 0.100, 0.100, 0.100, 0.100, 0.100, 0.100, 0.100]
    Layer 18: sigma=[0.100, 0.100, 0.100, 0.100, 0.100, 0.100, 0.100, 0.100, 0.100, 0.100, 0.100, 0.100, 0.100, 0.100, 0.100, 0.100, 0.100, 0.100, 0.100, 0.100, 0.100, 0.100, 0.100, 0.100]
    Layer 19: sigma=[0.100, 0.100, 0.100, 0.100, 0.100, 0.100, 0.100, 0.192, 0.100, 0.100, 0.171, 0.100, 0.100, 0.100, 0.100, 0.100, 0.100, 0.100, 0.100, 0.100, 0.100, 0.100, 0.100, 0.100]
    Layer 20: sigma=[0.100, 0.100, 0.100, 0.100, 0.100, 0.100, 0.100, 0.100, 0.100, 0.100, 0.100, 0.100, 0.100, 0.100, 0.100, 0.100, 0.100, 0.100, 0.100, 0.100, 0.100, 0.100, 0.100, 0.100]
    Layer 21: sigma=[0.100, 0.100, 0.100, 0.100, 0.100, 0.100, 0.100, 0.100, 0.100, 0.100, 0.100, 0.100, 0.100, 0.100, 0.100, 0.100, 0.100, 0.100, 0.100, 0.100, 0.100, 0.100, 0.100, 0.100]
    Layer 22: sigma=[0.100, 0.100, 0.100, 0.100, 0.100, 0.100, 0.100, 0.100, 0.100, 0.100, 0.100, 0.100, 0.100, 0.100, 0.100, 0.100, 0.100, 0.100, 0.100, 0.100, 0.100, 0.100, 0.100, 0.100]
    Layer 23: sigma=[0.100, 0.100, 0.100, 0.102, 0.100, 0.100, 0.100, 0.100, 0.100, 0.100, 0.100, 0.100, 0.100, 0.100, 0.100, 0.100, 0.100, 0.100, 0.100, 0.100, 0.179, 0.100, 0.100, 0.100]
    Layer 24: sigma=[0.100, 0.100, 0.100, 0.100, 0.100, 0.100, 0.100, 0.100, 0.100, 0.267, 0.100, 0.100, 0.100, 0.100, 0.100, 0.100, 0.100, 0.100, 0.100, 0.100, 0.100, 0.100, 0.100, 0.100]
    Layer 25: sigma=[0.100, 0.100, 0.100, 0.100, 0.100, 0.100, 0.100, 0.100, 0.124, 0.100, 0.111, 0.100, 0.100, 0.106, 0.100, 0.100, 0.100, 0.100, 0.100, 0.100, 0.100, 0.100, 0.100, 0.100]
    Layer 26: sigma=[0.100, 0.100, 0.100, 0.100, 0.118, 0.100, 0.100, 0.100, 0.100, 0.100, 0.100, 0.100, 0.176, 0.100, 0.100, 0.100, 0.100, 0.100, 0.337, 0.100, 0.100, 0.100, 0.100, 0.100]
    Layer 27: sigma=[0.320, 0.100, 0.100, 0.100, 0.100, 0.100, 0.100, 0.100, 0.100, 0.100, 0.100, 0.100, 0.100, 0.100, 0.100, 0.100, 0.100, 0.100, 0.264, 0.100, 0.253, 0.100, 0.100, 0.100]

  [Taylor Step 3/3] g_proj = v_proj * alpha (damping=0.01)...
    Layer  1: alpha=0.059106  teacher_rms=0.0387  v_rms=0.0065
    Layer  2: alpha=0.015216  teacher_rms=0.0168  v_rms=0.0110
    Layer  3: alpha=0.017317  teacher_rms=0.0218  v_rms=0.0126
    Layer  4: alpha=0.025271  teacher_rms=0.0316  v_rms=0.0125
    Layer  5: alpha=0.034072  teacher_rms=0.0429  v_rms=0.0126
    Layer  6: alpha=0.039001  teacher_rms=0.0529  v_rms=0.0136
    Layer  7: alpha=0.047453  teacher_rms=0.0681  v_rms=0.0143
    Layer  8: alpha=0.052318  teacher_rms=0.0757  v_rms=0.0145
    Layer  9: alpha=0.048089  teacher_rms=0.0774  v_rms=0.0161
    Layer 10: alpha=0.046778  teacher_rms=0.0848  v_rms=0.0181
    Layer 11: alpha=0.050226  teacher_rms=0.0824  v_rms=0.0164
    Layer 12: alpha=0.054176  teacher_rms=0.0896  v_rms=0.0165
    Layer 13: alpha=0.046755  teacher_rms=0.0933  v_rms=0.0200
    Layer 14: alpha=0.050019  teacher_rms=0.0816  v_rms=0.0163
    Layer 15: alpha=0.041009  teacher_rms=0.0673  v_rms=0.0164
    Layer 16: alpha=0.028714  teacher_rms=0.0493  v_rms=0.0172
    Layer 17: alpha=0.024043  teacher_rms=0.0430  v_rms=0.0179
    Layer 18: alpha=0.022965  teacher_rms=0.0427  v_rms=0.0186
    Layer 19: alpha=0.032954  teacher_rms=0.0638  v_rms=0.0194
    Layer 20: alpha=0.022405  teacher_rms=0.0426  v_rms=0.0190
    Layer 21: alpha=0.019452  teacher_rms=0.0411  v_rms=0.0211
    Layer 22: alpha=0.019571  teacher_rms=0.0441  v_rms=0.0226
    Layer 23: alpha=0.033010  teacher_rms=0.0659  v_rms=0.0199
    Layer 24: alpha=0.027334  teacher_rms=0.0766  v_rms=0.0280
    Layer 25: alpha=0.033748  teacher_rms=0.0859  v_rms=0.0255
    Layer 26: alpha=0.036890  teacher_rms=0.1157  v_rms=0.0314
    Layer 27: alpha=0.042422  teacher_rms=0.1451  v_rms=0.0342

  Set g_proj = v_proj * alpha in 27 GDN layers (damping=0.01).
  Init (taylor_distill) done in 284.8s
  Layer 0: PPL = 531.60  (eval 19.5s)

============================================================
  Probing layer 1 | strategy=taylor_distill
============================================================
Loading checkpoint shards:   0%|          | 0/2 [00:00<?, ?it/s]Loading checkpoint shards: 100%|██████████| 2/2 [00:00<00:00, 124.17it/s]
/home/charlie/miniconda3/envs/taylor/lib/python3.12/site-packages/fla/layers/gated_deltanet.py:191: UserWarning: ShortConvolution is crucial to the performance. Do not turn it off, i.e., setting `use_short_conv=False` unless you know what you are doing.
  warnings.warn(
Loading checkpoint shards:   0%|          | 0/2 [00:00<?, ?it/s]Loading checkpoint shards: 100%|██████████| 2/2 [00:00<00:00, 34.12it/s]
Token indices sequence length is longer than the specified maximum sequence length for this model (2349952 > 131072). Running this sequence through the model will result in indexing errors
  [Taylor Step 1/3] Gate calibration from attention stats...
    Layer  0: dist=[22, 3, 29, 29, 23, 23, 45, 42, 35, 49, 55, 53, 51, 45, 49, 7, 57, 35, 19, 33, 21, 58, 58, 47]
    Layer  2: dist=[115, 119, 121, 102, 116, 107, 121, 117, 116, 119, 113, 101, 119, 119, 102, 122, 122, 122, 120, 120, 121, 115, 118, 113]
    Layer  3: dist=[98, 116, 112, 123, 119, 122, 105, 113, 115, 107, 117, 107, 113, 116, 114, 108, 102, 111, 111, 118, 116, 93, 96, 95]
    Layer  4: dist=[98, 112, 120, 98, 97, 92, 99, 95, 108, 107, 104, 113, 86, 106, 111, 97, 120, 105, 99, 102, 101, 118, 122, 109]
    Layer  5: dist=[114, 106, 103, 84, 90, 96, 121, 126, 112, 95, 100, 99, 72, 81, 95, 112, 99, 103, 99, 92, 96, 88, 97, 96]
    Layer  6: dist=[99, 111, 96, 87, 85, 92, 100, 96, 97, 90, 82, 87, 92, 103, 83, 77, 82, 84, 101, 100, 87, 102, 97, 95]
    Layer  7: dist=[85, 72, 99, 68, 88, 85, 65, 71, 79, 78, 96, 85, 94, 82, 84, 85, 83, 94, 88, 83, 81, 82, 87, 79]
    Layer  8: dist=[95, 73, 108, 73, 90, 76, 107, 95, 107, 78, 88, 80, 72, 84, 80, 72, 66, 74, 78, 82, 81, 79, 64, 71]
    Layer  9: dist=[63, 63, 64, 97, 102, 103, 65, 61, 74, 91, 88, 89, 85, 79, 64, 86, 77, 79, 89, 107, 98, 74, 64, 92]
    Layer 10: dist=[78, 77, 81, 94, 97, 98, 78, 72, 70, 83, 70, 101, 61, 52, 66, 85, 89, 75, 62, 65, 67, 112, 99, 87]
    Layer 11: dist=[47, 70, 52, 76, 79, 80, 80, 74, 70, 79, 72, 63, 82, 74, 93, 80, 80, 92, 68, 68, 70, 78, 69, 75]
    Layer 12: dist=[78, 75, 66, 108, 108, 89, 70, 69, 73, 81, 78, 85, 65, 94, 70, 97, 93, 71, 91, 109, 110, 52, 74, 59]
    Layer 13: dist=[84, 82, 84, 83, 80, 77, 28, 53, 47, 67, 62, 86, 84, 112, 92, 71, 100, 81, 86, 92, 84, 89, 99, 88]
    Layer 14: dist=[45, 118, 119, 67, 56, 57, 63, 56, 56, 78, 100, 104, 94, 93, 93, 85, 80, 83, 60, 74, 80, 104, 115, 77]
    Layer 15: dist=[105, 105, 89, 72, 73, 81, 97, 77, 83, 63, 76, 76, 112, 115, 100, 90, 88, 95, 104, 109, 100, 93, 97, 100]
    Layer 16: dist=[124, 98, 120, 121, 97, 122, 90, 91, 87, 103, 122, 97, 120, 115, 106, 102, 107, 103, 95, 80, 87, 93, 116, 120]
    Layer 17: dist=[109, 112, 97, 115, 114, 105, 76, 96, 88, 113, 106, 116, 117, 107, 103, 91, 110, 90, 115, 111, 119, 122, 114, 119]
    Layer 18: dist=[80, 110, 121, 119, 115, 111, 94, 90, 96, 98, 105, 99, 123, 122, 121, 118, 114, 104, 114, 106, 96, 91, 111, 105]
    Layer 19: dist=[104, 76, 85, 92, 90, 95, 91, 49, 98, 94, 101, 98, 115, 84, 121, 115, 107, 110, 105, 94, 104, 114, 118, 117]
    Layer 20: dist=[102, 117, 118, 115, 112, 112, 109, 110, 122, 112, 112, 114, 102, 100, 115, 115, 113, 118, 109, 97, 98, 103, 108, 106]
    Layer 21: dist=[109, 112, 109, 122, 124, 121, 122, 120, 121, 101, 107, 100, 114, 117, 113, 117, 115, 117, 113, 117, 108, 104, 107, 105]
    Layer 22: dist=[119, 103, 111, 119, 118, 119, 123, 124, 122, 116, 119, 118, 111, 102, 84, 113, 95, 103, 117, 121, 117, 115, 123, 117]
    Layer 23: dist=[84, 104, 85, 104, 119, 114, 108, 116, 80, 114, 108, 112, 122, 118, 79, 99, 94, 91, 121, 121, 84, 112, 115, 81]
    Layer 24: dist=[118, 114, 116, 109, 113, 110, 93, 106, 87, 100, 69, 99, 80, 107, 119, 111, 105, 110, 121, 119, 123, 98, 104, 112]
    Layer 25: dist=[112, 122, 121, 121, 119, 123, 79, 72, 69, 121, 111, 121, 117, 97, 114, 88, 106, 105, 104, 106, 101, 79, 115, 57]
    Layer 26: dist=[79, 93, 64, 108, 104, 123, 102, 71, 109, 106, 100, 108, 75, 47, 69, 105, 98, 95, 35, 72, 59, 111, 108, 102]
    Layer 27: dist=[48, 108, 82, 111, 79, 53, 89, 89, 105, 69, 100, 6, 104, 109, 95, 102, 105, 98, 84, 70, 69, 76, 91, 88]

  [Taylor Step 2/3] OLS sigma per head (scaling V)...
    Layer  0: sigma=[0.142, 0.138, 0.137, 0.100, 0.100, 0.100, 0.100, 0.100, 0.100, 0.100, 0.100, 0.100, 0.100, 0.100, 0.100, 0.100, 0.100, 0.100, 0.100, 0.100, 0.100, 0.110, 0.100, 0.100]
    Layer  2: sigma=[0.100, 0.100, 0.100, 0.100, 0.100, 0.100, 0.100, 0.100, 0.100, 0.100, 0.100, 0.100, 0.100, 0.100, 0.100, 0.100, 0.100, 0.100, 0.100, 0.100, 0.100, 0.100, 0.100, 0.100]
    Layer  3: sigma=[0.100, 0.100, 0.100, 0.100, 0.100, 0.100, 0.100, 0.100, 0.100, 0.100, 0.100, 0.100, 0.100, 0.100, 0.100, 0.100, 0.100, 0.100, 0.100, 0.100, 0.100, 0.100, 0.100, 0.100]
    Layer  4: sigma=[0.100, 0.100, 0.100, 0.100, 0.100, 0.100, 0.100, 0.100, 0.100, 0.100, 0.100, 0.100, 0.100, 0.100, 0.100, 0.100, 0.100, 0.100, 0.100, 0.100, 0.100, 0.100, 0.100, 0.100]
    Layer  5: sigma=[0.100, 0.100, 0.100, 0.100, 0.100, 0.100, 0.100, 0.100, 0.100, 0.100, 0.100, 0.100, 0.100, 0.100, 0.100, 0.100, 0.100, 0.100, 0.100, 0.106, 0.100, 0.100, 0.100, 0.100]
    Layer  6: sigma=[0.100, 0.100, 0.100, 0.100, 0.100, 0.100, 0.100, 0.100, 0.100, 0.100, 0.100, 0.100, 0.100, 0.100, 0.100, 0.100, 0.100, 0.100, 0.100, 0.100, 0.100, 0.100, 0.100, 0.100]
    Layer  7: sigma=[0.100, 0.100, 0.100, 0.100, 0.100, 0.100, 0.100, 0.100, 0.100, 0.100, 0.100, 0.100, 0.100, 0.100, 0.100, 0.100, 0.100, 0.100, 0.100, 0.100, 0.100, 0.100, 0.100, 0.100]
    Layer  8: sigma=[0.100, 0.100, 0.100, 0.100, 0.100, 0.100, 0.100, 0.100, 0.100, 0.100, 0.100, 0.100, 0.100, 0.100, 0.100, 0.100, 0.100, 0.100, 0.100, 0.100, 0.100, 0.100, 0.100, 0.100]
    Layer  9: sigma=[0.100, 0.100, 0.100, 0.100, 0.100, 0.100, 0.100, 0.100, 0.100, 0.100, 0.100, 0.100, 0.100, 0.100, 0.100, 0.100, 0.100, 0.100, 0.100, 0.100, 0.100, 0.100, 0.100, 0.107]
    Layer 10: sigma=[0.100, 0.100, 0.100, 0.100, 0.100, 0.100, 0.100, 0.100, 0.107, 0.100, 0.100, 0.100, 0.129, 0.302, 0.100, 0.100, 0.100, 0.100, 0.100, 0.100, 0.100, 0.100, 0.142, 0.100]
    Layer 11: sigma=[0.100, 0.196, 0.100, 0.100, 0.100, 0.100, 0.100, 0.100, 0.100, 0.100, 0.100, 0.100, 0.100, 0.100, 0.100, 0.100, 0.100, 0.100, 0.100, 0.100, 0.100, 0.100, 0.100, 0.100]
    Layer 12: sigma=[0.100, 0.100, 0.100, 0.100, 0.100, 0.100, 0.100, 0.100, 0.100, 0.100, 0.100, 0.100, 0.100, 0.100, 0.106, 0.100, 0.100, 0.100, 0.100, 0.100, 0.100, 0.100, 0.100, 0.100]
    Layer 13: sigma=[0.100, 0.100, 0.100, 0.100, 0.100, 0.100, 0.100, 0.311, 0.125, 0.100, 0.100, 0.100, 0.100, 0.100, 0.100, 0.100, 0.129, 0.100, 0.100, 0.100, 0.100, 0.100, 0.100, 0.100]
    Layer 14: sigma=[0.100, 0.100, 0.100, 0.100, 0.100, 0.160, 0.100, 0.100, 0.100, 0.100, 0.100, 0.100, 0.100, 0.100, 0.100, 0.100, 0.100, 0.100, 0.100, 0.100, 0.100, 0.100, 0.100, 0.100]
    Layer 15: sigma=[0.100, 0.100, 0.100, 0.100, 0.100, 0.100, 0.100, 0.100, 0.100, 0.166, 0.100, 0.100, 0.100, 0.100, 0.100, 0.100, 0.100, 0.100, 0.100, 0.100, 0.100, 0.100, 0.100, 0.100]
    Layer 16: sigma=[0.100, 0.100, 0.100, 0.100, 0.100, 0.100, 0.100, 0.100, 0.100, 0.100, 0.100, 0.100, 0.100, 0.100, 0.100, 0.100, 0.100, 0.100, 0.100, 0.100, 0.100, 0.100, 0.100, 0.100]
    Layer 17: sigma=[0.100, 0.100, 0.100, 0.100, 0.100, 0.100, 0.100, 0.100, 0.100, 0.100, 0.100, 0.100, 0.100, 0.100, 0.100, 0.100, 0.100, 0.100, 0.100, 0.100, 0.100, 0.100, 0.100, 0.100]
    Layer 18: sigma=[0.100, 0.100, 0.100, 0.100, 0.100, 0.100, 0.100, 0.109, 0.100, 0.100, 0.100, 0.100, 0.100, 0.100, 0.100, 0.100, 0.100, 0.100, 0.100, 0.100, 0.100, 0.100, 0.100, 0.100]
    Layer 19: sigma=[0.100, 0.100, 0.100, 0.100, 0.100, 0.100, 0.100, 0.205, 0.100, 0.100, 0.160, 0.100, 0.100, 0.100, 0.100, 0.100, 0.100, 0.100, 0.100, 0.100, 0.100, 0.100, 0.100, 0.100]
    Layer 20: sigma=[0.100, 0.100, 0.100, 0.100, 0.100, 0.100, 0.100, 0.100, 0.100, 0.100, 0.100, 0.100, 0.100, 0.100, 0.100, 0.100, 0.100, 0.100, 0.100, 0.100, 0.100, 0.100, 0.100, 0.100]
    Layer 21: sigma=[0.100, 0.100, 0.100, 0.100, 0.100, 0.100, 0.100, 0.100, 0.100, 0.100, 0.100, 0.100, 0.100, 0.100, 0.100, 0.100, 0.100, 0.100, 0.100, 0.100, 0.100, 0.100, 0.100, 0.100]
    Layer 22: sigma=[0.100, 0.100, 0.100, 0.100, 0.100, 0.100, 0.100, 0.100, 0.100, 0.100, 0.100, 0.100, 0.100, 0.100, 0.100, 0.100, 0.100, 0.100, 0.100, 0.100, 0.100, 0.100, 0.100, 0.100]
    Layer 23: sigma=[0.100, 0.100, 0.100, 0.102, 0.100, 0.100, 0.100, 0.100, 0.100, 0.100, 0.100, 0.100, 0.100, 0.100, 0.100, 0.100, 0.100, 0.100, 0.100, 0.100, 0.193, 0.100, 0.100, 0.100]
    Layer 24: sigma=[0.100, 0.100, 0.100, 0.100, 0.100, 0.100, 0.100, 0.100, 0.100, 0.277, 0.100, 0.100, 0.100, 0.100, 0.100, 0.100, 0.100, 0.100, 0.100, 0.100, 0.100, 0.100, 0.100, 0.100]
    Layer 25: sigma=[0.100, 0.100, 0.100, 0.100, 0.100, 0.100, 0.100, 0.112, 0.100, 0.100, 0.114, 0.100, 0.100, 0.116, 0.100, 0.100, 0.100, 0.100, 0.100, 0.100, 0.100, 0.100, 0.100, 0.100]
    Layer 26: sigma=[0.100, 0.100, 0.100, 0.100, 0.100, 0.100, 0.100, 0.100, 0.100, 0.100, 0.100, 0.100, 0.100, 0.100, 0.100, 0.100, 0.100, 0.100, 0.299, 0.100, 0.100, 0.100, 0.100, 0.100]
    Layer 27: sigma=[0.337, 0.100, 0.100, 0.100, 0.100, 0.100, 0.100, 0.100, 0.100, 0.100, 0.100, 0.100, 0.100, 0.100, 0.100, 0.100, 0.100, 0.100, 0.252, 0.100, 0.334, 0.100, 0.100, 0.100]

  [Taylor Step 3/3] g_proj = v_proj * alpha (damping=0.01)...
    Layer  0: alpha=0.056219  teacher_rms=0.0170  v_rms=0.0030
    Layer  2: alpha=0.015216  teacher_rms=0.0168  v_rms=0.0110
    Layer  3: alpha=0.017317  teacher_rms=0.0218  v_rms=0.0126
    Layer  4: alpha=0.025271  teacher_rms=0.0316  v_rms=0.0125
    Layer  5: alpha=0.034079  teacher_rms=0.0429  v_rms=0.0126
    Layer  6: alpha=0.039001  teacher_rms=0.0529  v_rms=0.0136
    Layer  7: alpha=0.047453  teacher_rms=0.0681  v_rms=0.0143
    Layer  8: alpha=0.052318  teacher_rms=0.0757  v_rms=0.0145
    Layer  9: alpha=0.048066  teacher_rms=0.0774  v_rms=0.0161
    Layer 10: alpha=0.046222  teacher_rms=0.0848  v_rms=0.0184
    Layer 11: alpha=0.049707  teacher_rms=0.0824  v_rms=0.0166
    Layer 12: alpha=0.054353  teacher_rms=0.0896  v_rms=0.0165
    Layer 13: alpha=0.047499  teacher_rms=0.0933  v_rms=0.0196
    Layer 14: alpha=0.050325  teacher_rms=0.0816  v_rms=0.0162
    Layer 15: alpha=0.040766  teacher_rms=0.0673  v_rms=0.0165
    Layer 16: alpha=0.028714  teacher_rms=0.0493  v_rms=0.0172
    Layer 17: alpha=0.024043  teacher_rms=0.0430  v_rms=0.0179
    Layer 18: alpha=0.022909  teacher_rms=0.0427  v_rms=0.0187
    Layer 19: alpha=0.032831  teacher_rms=0.0638  v_rms=0.0194
    Layer 20: alpha=0.022405  teacher_rms=0.0426  v_rms=0.0190
    Layer 21: alpha=0.019452  teacher_rms=0.0411  v_rms=0.0211
    Layer 22: alpha=0.019571  teacher_rms=0.0441  v_rms=0.0226
    Layer 23: alpha=0.032764  teacher_rms=0.0659  v_rms=0.0201
    Layer 24: alpha=0.027138  teacher_rms=0.0766  v_rms=0.0282
    Layer 25: alpha=0.033594  teacher_rms=0.0859  v_rms=0.0256
    Layer 26: alpha=0.039190  teacher_rms=0.1157  v_rms=0.0295
    Layer 27: alpha=0.040274  teacher_rms=0.1451  v_rms=0.0360

  Set g_proj = v_proj * alpha in 27 GDN layers (damping=0.01).
  Init (taylor_distill) done in 190.5s
  Layer 1: PPL = 475.00  (eval 10.3s)

============================================================
  Probing layer 2 | strategy=taylor_distill
============================================================
Loading checkpoint shards:   0%|          | 0/2 [00:00<?, ?it/s]Loading checkpoint shards: 100%|██████████| 2/2 [00:00<00:00, 115.52it/s]
Loading checkpoint shards:   0%|          | 0/2 [00:00<?, ?it/s]Loading checkpoint shards: 100%|██████████| 2/2 [00:00<00:00, 42.58it/s]
Token indices sequence length is longer than the specified maximum sequence length for this model (2349952 > 131072). Running this sequence through the model will result in indexing errors
  [Taylor Step 1/3] Gate calibration from attention stats...
    Layer  0: dist=[22, 3, 29, 29, 23, 23, 45, 42, 35, 49, 55, 53, 51, 45, 49, 7, 57, 35, 19, 33, 21, 58, 58, 47]
    Layer  1: dist=[37, 40, 77, 52, 50, 57, 33, 74, 40, 65, 64, 71, 45, 43, 50, 25, 28, 66, 58, 48, 61, 52, 50, 57]
    Layer  3: dist=[98, 116, 112, 123, 119, 122, 105, 113, 115, 107, 117, 107, 113, 116, 114, 108, 102, 111, 111, 118, 116, 93, 96, 95]
    Layer  4: dist=[98, 112, 120, 98, 97, 92, 99, 95, 108, 107, 104, 113, 86, 106, 111, 97, 120, 105, 99, 102, 101, 118, 122, 109]
    Layer  5: dist=[114, 106, 103, 84, 90, 96, 121, 126, 112, 95, 100, 99, 72, 81, 95, 112, 99, 103, 99, 92, 96, 88, 97, 96]
    Layer  6: dist=[99, 111, 96, 87, 85, 92, 100, 96, 97, 90, 82, 87, 92, 103, 83, 77, 82, 84, 101, 100, 87, 102, 97, 95]
    Layer  7: dist=[85, 72, 99, 68, 88, 85, 65, 71, 79, 78, 96, 85, 94, 82, 84, 85, 83, 94, 88, 83, 81, 82, 87, 79]
    Layer  8: dist=[95, 73, 108, 73, 90, 76, 107, 95, 107, 78, 88, 80, 72, 84, 80, 72, 66, 74, 78, 82, 81, 79, 64, 71]
    Layer  9: dist=[63, 63, 64, 97, 102, 103, 65, 61, 74, 91, 88, 89, 85, 79, 64, 86, 77, 79, 89, 107, 98, 74, 64, 92]
    Layer 10: dist=[78, 77, 81, 94, 97, 98, 78, 72, 70, 83, 70, 101, 61, 52, 66, 85, 89, 75, 62, 65, 67, 112, 99, 87]
    Layer 11: dist=[47, 70, 52, 76, 79, 80, 80, 74, 70, 79, 72, 63, 82, 74, 93, 80, 80, 92, 68, 68, 70, 78, 69, 75]
    Layer 12: dist=[78, 75, 66, 108, 108, 89, 70, 69, 73, 81, 78, 85, 65, 94, 70, 97, 93, 71, 91, 109, 110, 52, 74, 59]
    Layer 13: dist=[84, 82, 84, 83, 80, 77, 28, 53, 47, 67, 62, 86, 84, 112, 92, 71, 100, 81, 86, 92, 84, 89, 99, 88]
    Layer 14: dist=[45, 118, 119, 67, 56, 57, 63, 56, 56, 78, 100, 104, 94, 93, 93, 85, 80, 83, 60, 74, 80, 104, 115, 77]
    Layer 15: dist=[105, 105, 89, 72, 73, 81, 97, 77, 83, 63, 76, 76, 112, 115, 100, 90, 88, 95, 104, 109, 100, 93, 97, 100]
    Layer 16: dist=[124, 98, 120, 121, 97, 122, 90, 91, 87, 103, 122, 97, 120, 115, 106, 102, 107, 103, 95, 80, 87, 93, 116, 120]
    Layer 17: dist=[109, 112, 97, 115, 114, 105, 76, 96, 88, 113, 106, 116, 117, 107, 103, 91, 110, 90, 115, 111, 119, 122, 114, 119]
    Layer 18: dist=[80, 110, 121, 119, 115, 111, 94, 90, 96, 98, 105, 99, 123, 122, 121, 118, 114, 104, 114, 106, 96, 91, 111, 105]
    Layer 19: dist=[104, 76, 85, 92, 90, 95, 91, 49, 98, 94, 101, 98, 115, 84, 121, 115, 107, 110, 105, 94, 104, 114, 118, 117]
    Layer 20: dist=[102, 117, 118, 115, 112, 112, 109, 110, 122, 112, 112, 114, 102, 100, 115, 115, 113, 118, 109, 97, 98, 103, 108, 106]
    Layer 21: dist=[109, 112, 109, 122, 124, 121, 122, 120, 121, 101, 107, 100, 114, 117, 113, 117, 115, 117, 113, 117, 108, 104, 107, 105]
    Layer 22: dist=[119, 103, 111, 119, 118, 119, 123, 124, 122, 116, 119, 118, 111, 102, 84, 113, 95, 103, 117, 121, 117, 115, 123, 117]
    Layer 23: dist=[84, 104, 85, 104, 119, 114, 108, 116, 80, 114, 108, 112, 122, 118, 79, 99, 94, 91, 121, 121, 84, 112, 115, 81]
    Layer 24: dist=[118, 114, 116, 109, 113, 110, 93, 106, 87, 100, 69, 99, 80, 107, 119, 111, 105, 110, 121, 119, 123, 98, 104, 112]
    Layer 25: dist=[112, 122, 121, 121, 119, 123, 79, 72, 69, 121, 111, 121, 117, 97, 114, 88, 106, 105, 104, 106, 101, 79, 115, 57]
    Layer 26: dist=[79, 93, 64, 108, 104, 123, 102, 71, 109, 106, 100, 108, 75, 47, 69, 105, 98, 95, 35, 72, 59, 111, 108, 102]
    Layer 27: dist=[48, 108, 82, 111, 79, 53, 89, 89, 105, 69, 100, 6, 104, 109, 95, 102, 105, 98, 84, 70, 69, 76, 91, 88]

  [Taylor Step 2/3] OLS sigma per head (scaling V)...
    Layer  0: sigma=[0.144, 0.140, 0.134, 0.100, 0.100, 0.100, 0.100, 0.100, 0.100, 0.100, 0.100, 0.100, 0.100, 0.100, 0.100, 0.100, 0.100, 0.100, 0.100, 0.100, 0.100, 0.109, 0.100, 0.100]
    Layer  1: sigma=[0.100, 0.145, 0.100, 0.100, 0.100, 0.100, 0.100, 0.100, 0.100, 0.100, 0.100, 0.100, 0.100, 0.100, 0.100, 0.100, 0.100, 0.100, 0.100, 0.151, 0.100, 0.100, 0.100, 0.100]
    Layer  3: sigma=[0.100, 0.100, 0.100, 0.100, 0.100, 0.100, 0.100, 0.100, 0.100, 0.100, 0.100, 0.100, 0.100, 0.100, 0.100, 0.100, 0.100, 0.100, 0.100, 0.100, 0.100, 0.100, 0.100, 0.100]
    Layer  4: sigma=[0.100, 0.100, 0.100, 0.100, 0.100, 0.100, 0.100, 0.100, 0.100, 0.100, 0.100, 0.100, 0.100, 0.100, 0.100, 0.100, 0.100, 0.100, 0.100, 0.100, 0.100, 0.100, 0.100, 0.100]
    Layer  5: sigma=[0.100, 0.100, 0.100, 0.100, 0.100, 0.100, 0.100, 0.100, 0.100, 0.100, 0.100, 0.100, 0.100, 0.100, 0.100, 0.100, 0.100, 0.100, 0.100, 0.104, 0.100, 0.100, 0.100, 0.100]
    Layer  6: sigma=[0.100, 0.100, 0.100, 0.100, 0.100, 0.100, 0.100, 0.100, 0.100, 0.100, 0.100, 0.100, 0.100, 0.100, 0.100, 0.100, 0.100, 0.100, 0.100, 0.100, 0.100, 0.100, 0.100, 0.100]
    Layer  7: sigma=[0.100, 0.100, 0.100, 0.100, 0.100, 0.100, 0.100, 0.100, 0.100, 0.100, 0.100, 0.100, 0.100, 0.100, 0.100, 0.100, 0.100, 0.100, 0.100, 0.100, 0.100, 0.100, 0.100, 0.100]
    Layer  8: sigma=[0.100, 0.100, 0.100, 0.100, 0.100, 0.100, 0.100, 0.100, 0.100, 0.100, 0.100, 0.100, 0.100, 0.100, 0.100, 0.100, 0.100, 0.100, 0.100, 0.100, 0.100, 0.100, 0.100, 0.100]
    Layer  9: sigma=[0.100, 0.100, 0.100, 0.100, 0.100, 0.100, 0.100, 0.100, 0.100, 0.100, 0.100, 0.100, 0.100, 0.100, 0.100, 0.100, 0.100, 0.100, 0.100, 0.100, 0.100, 0.100, 0.100, 0.109]
    Layer 10: sigma=[0.100, 0.100, 0.100, 0.100, 0.100, 0.100, 0.100, 0.100, 0.109, 0.100, 0.100, 0.100, 0.131, 0.280, 0.100, 0.100, 0.100, 0.100, 0.100, 0.100, 0.100, 0.100, 0.135, 0.100]
    Layer 11: sigma=[0.100, 0.167, 0.100, 0.100, 0.100, 0.100, 0.100, 0.100, 0.100, 0.100, 0.100, 0.100, 0.100, 0.100, 0.100, 0.100, 0.100, 0.100, 0.100, 0.100, 0.100, 0.100, 0.100, 0.100]
    Layer 12: sigma=[0.100, 0.100, 0.100, 0.100, 0.100, 0.100, 0.100, 0.100, 0.100, 0.100, 0.100, 0.100, 0.100, 0.100, 0.115, 0.100, 0.100, 0.100, 0.100, 0.100, 0.100, 0.100, 0.100, 0.100]
    Layer 13: sigma=[0.100, 0.100, 0.100, 0.100, 0.100, 0.100, 0.100, 0.328, 0.103, 0.100, 0.100, 0.100, 0.100, 0.100, 0.100, 0.100, 0.133, 0.100, 0.100, 0.100, 0.100, 0.100, 0.100, 0.100]
    Layer 14: sigma=[0.100, 0.100, 0.100, 0.100, 0.100, 0.208, 0.100, 0.100, 0.100, 0.100, 0.100, 0.100, 0.100, 0.100, 0.100, 0.100, 0.100, 0.100, 0.100, 0.100, 0.100, 0.100, 0.100, 0.100]
    Layer 15: sigma=[0.100, 0.100, 0.100, 0.100, 0.100, 0.100, 0.100, 0.100, 0.100, 0.159, 0.100, 0.100, 0.100, 0.100, 0.100, 0.100, 0.100, 0.100, 0.100, 0.100, 0.100, 0.100, 0.100, 0.100]
    Layer 16: sigma=[0.100, 0.100, 0.100, 0.100, 0.100, 0.100, 0.100, 0.100, 0.100, 0.100, 0.100, 0.100, 0.100, 0.100, 0.100, 0.100, 0.100, 0.100, 0.100, 0.100, 0.100, 0.100, 0.100, 0.100]
    Layer 17: sigma=[0.100, 0.100, 0.100, 0.100, 0.100, 0.100, 0.100, 0.100, 0.100, 0.100, 0.100, 0.100, 0.100, 0.100, 0.100, 0.100, 0.100, 0.100, 0.100, 0.100, 0.100, 0.100, 0.100, 0.100]
    Layer 18: sigma=[0.100, 0.100, 0.100, 0.100, 0.100, 0.100, 0.100, 0.100, 0.100, 0.100, 0.100, 0.100, 0.100, 0.100, 0.100, 0.100, 0.100, 0.100, 0.100, 0.100, 0.100, 0.100, 0.100, 0.100]
    Layer 19: sigma=[0.100, 0.100, 0.100, 0.100, 0.100, 0.100, 0.100, 0.180, 0.100, 0.100, 0.174, 0.100, 0.100, 0.100, 0.100, 0.100, 0.100, 0.100, 0.100, 0.100, 0.100, 0.100, 0.100, 0.100]
    Layer 20: sigma=[0.100, 0.100, 0.100, 0.100, 0.100, 0.100, 0.100, 0.100, 0.100, 0.100, 0.100, 0.100, 0.100, 0.100, 0.100, 0.100, 0.100, 0.100, 0.100, 0.100, 0.100, 0.100, 0.100, 0.100]
    Layer 21: sigma=[0.100, 0.100, 0.100, 0.100, 0.100, 0.100, 0.100, 0.100, 0.100, 0.100, 0.100, 0.100, 0.100, 0.100, 0.100, 0.100, 0.100, 0.100, 0.100, 0.100, 0.100, 0.100, 0.100, 0.100]
    Layer 22: sigma=[0.100, 0.100, 0.100, 0.100, 0.100, 0.100, 0.100, 0.100, 0.100, 0.100, 0.100, 0.100, 0.100, 0.100, 0.100, 0.100, 0.100, 0.100, 0.100, 0.100, 0.100, 0.100, 0.100, 0.100]
    Layer 23: sigma=[0.100, 0.100, 0.100, 0.100, 0.100, 0.100, 0.100, 0.100, 0.100, 0.100, 0.100, 0.100, 0.100, 0.100, 0.100, 0.100, 0.100, 0.100, 0.100, 0.100, 0.168, 0.100, 0.100, 0.100]
    Layer 24: sigma=[0.100, 0.100, 0.100, 0.100, 0.100, 0.100, 0.100, 0.100, 0.100, 0.277, 0.100, 0.100, 0.100, 0.100, 0.100, 0.100, 0.100, 0.100, 0.100, 0.100, 0.100, 0.100, 0.100, 0.100]
    Layer 25: sigma=[0.100, 0.100, 0.100, 0.100, 0.100, 0.100, 0.100, 0.100, 0.105, 0.100, 0.100, 0.100, 0.100, 0.115, 0.100, 0.100, 0.100, 0.100, 0.100, 0.100, 0.100, 0.100, 0.100, 0.100]
    Layer 26: sigma=[0.100, 0.100, 0.100, 0.100, 0.102, 0.100, 0.100, 0.100, 0.100, 0.100, 0.100, 0.100, 0.175, 0.100, 0.100, 0.100, 0.100, 0.100, 0.315, 0.100, 0.100, 0.100, 0.100, 0.100]
    Layer 27: sigma=[0.316, 0.100, 0.100, 0.100, 0.100, 0.100, 0.100, 0.100, 0.100, 0.100, 0.100, 0.100, 0.100, 0.100, 0.100, 0.100, 0.100, 0.100, 0.212, 0.100, 0.260, 0.100, 0.100, 0.100]

  [Taylor Step 3/3] g_proj = v_proj * alpha (damping=0.01)...
    Layer  0: alpha=0.056223  teacher_rms=0.0170  v_rms=0.0030
    Layer  1: alpha=0.059004  teacher_rms=0.0387  v_rms=0.0066
    Layer  3: alpha=0.017317  teacher_rms=0.0218  v_rms=0.0126
    Layer  4: alpha=0.025271  teacher_rms=0.0316  v_rms=0.0125
    Layer  5: alpha=0.034097  teacher_rms=0.0429  v_rms=0.0126
    Layer  6: alpha=0.039001  teacher_rms=0.0529  v_rms=0.0136
    Layer  7: alpha=0.047453  teacher_rms=0.0681  v_rms=0.0143
    Layer  8: alpha=0.052318  teacher_rms=0.0757  v_rms=0.0145
    Layer  9: alpha=0.048027  teacher_rms=0.0774  v_rms=0.0161
    Layer 10: alpha=0.047114  teacher_rms=0.0848  v_rms=0.0180
    Layer 11: alpha=0.050576  teacher_rms=0.0824  v_rms=0.0163
    Layer 12: alpha=0.054144  teacher_rms=0.0896  v_rms=0.0166
    Layer 13: alpha=0.047203  teacher_rms=0.0933  v_rms=0.0198
    Layer 14: alpha=0.048921  teacher_rms=0.0816  v_rms=0.0167
    Layer 15: alpha=0.040933  teacher_rms=0.0673  v_rms=0.0164
    Layer 16: alpha=0.028714  teacher_rms=0.0493  v_rms=0.0172
    Layer 17: alpha=0.024043  teacher_rms=0.0430  v_rms=0.0179
    Layer 18: alpha=0.022965  teacher_rms=0.0427  v_rms=0.0186
    Layer 19: alpha=0.033135  teacher_rms=0.0638  v_rms=0.0193
    Layer 20: alpha=0.022405  teacher_rms=0.0426  v_rms=0.0190
    Layer 21: alpha=0.019452  teacher_rms=0.0411  v_rms=0.0211
    Layer 22: alpha=0.019571  teacher_rms=0.0441  v_rms=0.0226
    Layer 23: alpha=0.033242  teacher_rms=0.0659  v_rms=0.0198
    Layer 24: alpha=0.027138  teacher_rms=0.0766  v_rms=0.0282
    Layer 25: alpha=0.033950  teacher_rms=0.0859  v_rms=0.0253
    Layer 26: alpha=0.037834  teacher_rms=0.1157  v_rms=0.0306
    Layer 27: alpha=0.043388  teacher_rms=0.1451  v_rms=0.0334

  Set g_proj = v_proj * alpha in 27 GDN layers (damping=0.01).
  Init (taylor_distill) done in 194.8s
  Layer 2: PPL = 610.49  (eval 9.8s)

============================================================
  Probing layer 3 | strategy=taylor_distill
============================================================
Loading checkpoint shards:   0%|          | 0/2 [00:00<?, ?it/s]Loading checkpoint shards: 100%|██████████| 2/2 [00:00<00:00, 115.61it/s]
Loading checkpoint shards:   0%|          | 0/2 [00:00<?, ?it/s]Loading checkpoint shards: 100%|██████████| 2/2 [00:00<00:00, 16.37it/s]Loading checkpoint shards: 100%|██████████| 2/2 [00:00<00:00,  6.31it/s]
Token indices sequence length is longer than the specified maximum sequence length for this model (2349952 > 131072). Running this sequence through the model will result in indexing errors
  [Taylor Step 1/3] Gate calibration from attention stats...
    Layer  0: dist=[22, 3, 29, 29, 23, 23, 45, 42, 35, 49, 55, 53, 51, 45, 49, 7, 57, 35, 19, 33, 21, 58, 58, 47]
    Layer  1: dist=[37, 40, 77, 52, 50, 57, 33, 74, 40, 65, 64, 71, 45, 43, 50, 25, 28, 66, 58, 48, 61, 52, 50, 57]
    Layer  2: dist=[115, 119, 121, 102, 116, 107, 121, 117, 116, 119, 113, 101, 119, 119, 102, 122, 122, 122, 120, 120, 121, 115, 118, 113]
    Layer  4: dist=[98, 112, 120, 98, 97, 92, 99, 95, 108, 107, 104, 113, 86, 106, 111, 97, 120, 105, 99, 102, 101, 118, 122, 109]
    Layer  5: dist=[114, 106, 103, 84, 90, 96, 121, 126, 112, 95, 100, 99, 72, 81, 95, 112, 99, 103, 99, 92, 96, 88, 97, 96]
    Layer  6: dist=[99, 111, 96, 87, 85, 92, 100, 96, 97, 90, 82, 87, 92, 103, 83, 77, 82, 84, 101, 100, 87, 102, 97, 95]
    Layer  7: dist=[85, 72, 99, 68, 88, 85, 65, 71, 79, 78, 96, 85, 94, 82, 84, 85, 83, 94, 88, 83, 81, 82, 87, 79]
    Layer  8: dist=[95, 73, 108, 73, 90, 76, 107, 95, 107, 78, 88, 80, 72, 84, 80, 72, 66, 74, 78, 82, 81, 79, 64, 71]
    Layer  9: dist=[63, 63, 64, 97, 102, 103, 65, 61, 74, 91, 88, 89, 85, 79, 64, 86, 77, 79, 89, 107, 98, 74, 64, 92]
    Layer 10: dist=[78, 77, 81, 94, 97, 98, 78, 72, 70, 83, 70, 101, 61, 52, 66, 85, 89, 75, 62, 65, 67, 112, 99, 87]
    Layer 11: dist=[47, 70, 52, 76, 79, 80, 80, 74, 70, 79, 72, 63, 82, 74, 93, 80, 80, 92, 68, 68, 70, 78, 69, 75]
    Layer 12: dist=[78, 75, 66, 108, 108, 89, 70, 69, 73, 81, 78, 85, 65, 94, 70, 97, 93, 71, 91, 109, 110, 52, 74, 59]
    Layer 13: dist=[84, 82, 84, 83, 80, 77, 28, 53, 47, 67, 62, 86, 84, 112, 92, 71, 100, 81, 86, 92, 84, 89, 99, 88]
    Layer 14: dist=[45, 118, 119, 67, 56, 57, 63, 56, 56, 78, 100, 104, 94, 93, 93, 85, 80, 83, 60, 74, 80, 104, 115, 77]
    Layer 15: dist=[105, 105, 89, 72, 73, 81, 97, 77, 83, 63, 76, 76, 112, 115, 100, 90, 88, 95, 104, 109, 100, 93, 97, 100]
    Layer 16: dist=[124, 98, 120, 121, 97, 122, 90, 91, 87, 103, 122, 97, 120, 115, 106, 102, 107, 103, 95, 80, 87, 93, 116, 120]
    Layer 17: dist=[109, 112, 97, 115, 114, 105, 76, 96, 88, 113, 106, 116, 117, 107, 103, 91, 110, 90, 115, 111, 119, 122, 114, 119]
    Layer 18: dist=[80, 110, 121, 119, 115, 111, 94, 90, 96, 98, 105, 99, 123, 122, 121, 118, 114, 104, 114, 106, 96, 91, 111, 105]
    Layer 19: dist=[104, 76, 85, 92, 90, 95, 91, 49, 98, 94, 101, 98, 115, 84, 121, 115, 107, 110, 105, 94, 104, 114, 118, 117]
    Layer 20: dist=[102, 117, 118, 115, 112, 112, 109, 110, 122, 112, 112, 114, 102, 100, 115, 115, 113, 118, 109, 97, 98, 103, 108, 106]
    Layer 21: dist=[109, 112, 109, 122, 124, 121, 122, 120, 121, 101, 107, 100, 114, 117, 113, 117, 115, 117, 113, 117, 108, 104, 107, 105]
    Layer 22: dist=[119, 103, 111, 119, 118, 119, 123, 124, 122, 116, 119, 118, 111, 102, 84, 113, 95, 103, 117, 121, 117, 115, 123, 117]
    Layer 23: dist=[84, 104, 85, 104, 119, 114, 108, 116, 80, 114, 108, 112, 122, 118, 79, 99, 94, 91, 121, 121, 84, 112, 115, 81]
    Layer 24: dist=[118, 114, 116, 109, 113, 110, 93, 106, 87, 100, 69, 99, 80, 107, 119, 111, 105, 110, 121, 119, 123, 98, 104, 112]
    Layer 25: dist=[112, 122, 121, 121, 119, 123, 79, 72, 69, 121, 111, 121, 117, 97, 114, 88, 106, 105, 104, 106, 101, 79, 115, 57]
    Layer 26: dist=[79, 93, 64, 108, 104, 123, 102, 71, 109, 106, 100, 108, 75, 47, 69, 105, 98, 95, 35, 72, 59, 111, 108, 102]
    Layer 27: dist=[48, 108, 82, 111, 79, 53, 89, 89, 105, 69, 100, 6, 104, 109, 95, 102, 105, 98, 84, 70, 69, 76, 91, 88]

  [Taylor Step 2/3] OLS sigma per head (scaling V)...
    Layer  0: sigma=[0.145, 0.141, 0.135, 0.100, 0.100, 0.100, 0.100, 0.100, 0.100, 0.100, 0.100, 0.100, 0.100, 0.100, 0.100, 0.100, 0.100, 0.100, 0.100, 0.100, 0.100, 0.109, 0.100, 0.100]
    Layer  1: sigma=[0.100, 0.143, 0.100, 0.100, 0.100, 0.100, 0.100, 0.100, 0.100, 0.100, 0.100, 0.100, 0.100, 0.100, 0.100, 0.100, 0.100, 0.100, 0.100, 0.158, 0.100, 0.100, 0.100, 0.100]
    Layer  2: sigma=[0.100, 0.100, 0.100, 0.100, 0.100, 0.100, 0.100, 0.100, 0.100, 0.100, 0.100, 0.100, 0.100, 0.100, 0.100, 0.100, 0.100, 0.100, 0.100, 0.100, 0.100, 0.100, 0.100, 0.100]
    Layer  4: sigma=[0.100, 0.100, 0.100, 0.100, 0.100, 0.100, 0.100, 0.100, 0.100, 0.100, 0.100, 0.100, 0.100, 0.100, 0.100, 0.100, 0.100, 0.100, 0.100, 0.100, 0.100, 0.100, 0.100, 0.100]
    Layer  5: sigma=[0.100, 0.100, 0.100, 0.100, 0.100, 0.100, 0.100, 0.100, 0.100, 0.100, 0.100, 0.100, 0.100, 0.100, 0.100, 0.100, 0.100, 0.100, 0.100, 0.104, 0.100, 0.100, 0.100, 0.100]
    Layer  6: sigma=[0.100, 0.100, 0.100, 0.100, 0.100, 0.100, 0.100, 0.100, 0.100, 0.100, 0.100, 0.100, 0.100, 0.100, 0.100, 0.100, 0.100, 0.100, 0.100, 0.100, 0.100, 0.100, 0.100, 0.100]
    Layer  7: sigma=[0.100, 0.100, 0.100, 0.100, 0.100, 0.100, 0.100, 0.100, 0.100, 0.100, 0.100, 0.100, 0.100, 0.100, 0.100, 0.100, 0.100, 0.100, 0.100, 0.100, 0.100, 0.100, 0.100, 0.100]
    Layer  8: sigma=[0.100, 0.100, 0.100, 0.100, 0.100, 0.100, 0.100, 0.100, 0.100, 0.100, 0.100, 0.100, 0.100, 0.100, 0.100, 0.100, 0.100, 0.100, 0.100, 0.100, 0.100, 0.100, 0.100, 0.100]
    Layer  9: sigma=[0.100, 0.100, 0.100, 0.100, 0.100, 0.100, 0.100, 0.100, 0.100, 0.100, 0.100, 0.100, 0.100, 0.100, 0.100, 0.100, 0.100, 0.100, 0.100, 0.100, 0.100, 0.100, 0.100, 0.104]
    Layer 10: sigma=[0.100, 0.100, 0.100, 0.100, 0.100, 0.100, 0.100, 0.100, 0.113, 0.100, 0.100, 0.100, 0.120, 0.302, 0.100, 0.100, 0.100, 0.100, 0.100, 0.100, 0.100, 0.100, 0.139, 0.100]
    Layer 11: sigma=[0.100, 0.198, 0.100, 0.100, 0.100, 0.100, 0.100, 0.100, 0.100, 0.100, 0.100, 0.100, 0.100, 0.100, 0.100, 0.100, 0.100, 0.100, 0.100, 0.100, 0.100, 0.100, 0.100, 0.100]
    Layer 12: sigma=[0.100, 0.100, 0.100, 0.100, 0.100, 0.100, 0.100, 0.100, 0.100, 0.100, 0.100, 0.100, 0.100, 0.100, 0.109, 0.100, 0.100, 0.100, 0.100, 0.100, 0.100, 0.100, 0.100, 0.100]
    Layer 13: sigma=[0.100, 0.100, 0.100, 0.100, 0.100, 0.100, 0.100, 0.352, 0.107, 0.100, 0.100, 0.100, 0.100, 0.100, 0.100, 0.100, 0.133, 0.100, 0.100, 0.100, 0.100, 0.100, 0.100, 0.100]
    Layer 14: sigma=[0.100, 0.100, 0.100, 0.100, 0.100, 0.181, 0.100, 0.100, 0.100, 0.100, 0.100, 0.100, 0.100, 0.100, 0.100, 0.100, 0.100, 0.100, 0.100, 0.100, 0.101, 0.100, 0.100, 0.100]
    Layer 15: sigma=[0.100, 0.100, 0.100, 0.100, 0.100, 0.100, 0.100, 0.100, 0.100, 0.156, 0.100, 0.100, 0.100, 0.100, 0.100, 0.100, 0.100, 0.100, 0.100, 0.100, 0.100, 0.100, 0.100, 0.100]
    Layer 16: sigma=[0.100, 0.100, 0.100, 0.100, 0.100, 0.100, 0.100, 0.100, 0.100, 0.100, 0.100, 0.100, 0.100, 0.100, 0.100, 0.100, 0.100, 0.100, 0.100, 0.100, 0.100, 0.100, 0.100, 0.100]
    Layer 17: sigma=[0.100, 0.100, 0.100, 0.100, 0.100, 0.100, 0.100, 0.100, 0.100, 0.100, 0.100, 0.100, 0.100, 0.100, 0.100, 0.100, 0.100, 0.100, 0.100, 0.100, 0.100, 0.100, 0.100, 0.100]
    Layer 18: sigma=[0.100, 0.100, 0.100, 0.100, 0.100, 0.100, 0.100, 0.100, 0.100, 0.100, 0.100, 0.100, 0.100, 0.100, 0.100, 0.100, 0.100, 0.100, 0.100, 0.100, 0.100, 0.100, 0.100, 0.100]
    Layer 19: sigma=[0.100, 0.100, 0.100, 0.100, 0.100, 0.100, 0.100, 0.205, 0.100, 0.100, 0.165, 0.100, 0.100, 0.100, 0.100, 0.100, 0.100, 0.100, 0.100, 0.100, 0.100, 0.100, 0.100, 0.100]
    Layer 20: sigma=[0.100, 0.100, 0.100, 0.100, 0.100, 0.100, 0.100, 0.100, 0.100, 0.100, 0.100, 0.100, 0.100, 0.100, 0.100, 0.100, 0.100, 0.100, 0.100, 0.100, 0.100, 0.100, 0.100, 0.100]
    Layer 21: sigma=[0.100, 0.100, 0.100, 0.100, 0.100, 0.100, 0.100, 0.100, 0.100, 0.100, 0.100, 0.100, 0.100, 0.100, 0.100, 0.100, 0.100, 0.100, 0.100, 0.100, 0.100, 0.100, 0.100, 0.100]
    Layer 22: sigma=[0.100, 0.100, 0.100, 0.100, 0.100, 0.100, 0.100, 0.100, 0.100, 0.100, 0.100, 0.100, 0.100, 0.100, 0.100, 0.100, 0.100, 0.100, 0.100, 0.100, 0.100, 0.100, 0.100, 0.100]
    Layer 23: sigma=[0.100, 0.100, 0.100, 0.108, 0.100, 0.100, 0.100, 0.100, 0.100, 0.100, 0.100, 0.100, 0.100, 0.100, 0.100, 0.100, 0.100, 0.100, 0.100, 0.100, 0.205, 0.100, 0.100, 0.100]
    Layer 24: sigma=[0.100, 0.100, 0.100, 0.100, 0.100, 0.100, 0.100, 0.100, 0.100, 0.262, 0.100, 0.100, 0.100, 0.100, 0.100, 0.100, 0.100, 0.100, 0.100, 0.100, 0.100, 0.100, 0.100, 0.100]
    Layer 25: sigma=[0.100, 0.100, 0.100, 0.100, 0.100, 0.100, 0.100, 0.101, 0.110, 0.100, 0.135, 0.100, 0.100, 0.117, 0.100, 0.100, 0.100, 0.100, 0.100, 0.100, 0.100, 0.100, 0.100, 0.100]
    Layer 26: sigma=[0.100, 0.100, 0.100, 0.100, 0.100, 0.100, 0.100, 0.100, 0.100, 0.100, 0.100, 0.100, 0.100, 0.100, 0.100, 0.100, 0.100, 0.100, 0.310, 0.100, 0.100, 0.100, 0.100, 0.100]
    Layer 27: sigma=[0.321, 0.100, 0.100, 0.100, 0.100, 0.100, 0.100, 0.100, 0.100, 0.100, 0.100, 0.100, 0.100, 0.100, 0.100, 0.100, 0.100, 0.100, 0.232, 0.100, 0.262, 0.100, 0.101, 0.100]

  [Taylor Step 3/3] g_proj = v_proj * alpha (damping=0.01)...
    Layer  0: alpha=0.056170  teacher_rms=0.0170  v_rms=0.0030
    Layer  1: alpha=0.058789  teacher_rms=0.0387  v_rms=0.0066
    Layer  2: alpha=0.015216  teacher_rms=0.0168  v_rms=0.0110
    Layer  4: alpha=0.025271  teacher_rms=0.0316  v_rms=0.0125
    Layer  5: alpha=0.034104  teacher_rms=0.0429  v_rms=0.0126
    Layer  6: alpha=0.039001  teacher_rms=0.0529  v_rms=0.0136
    Layer  7: alpha=0.047453  teacher_rms=0.0681  v_rms=0.0143
    Layer  8: alpha=0.052318  teacher_rms=0.0757  v_rms=0.0145
    Layer  9: alpha=0.048141  teacher_rms=0.0774  v_rms=0.0161
    Layer 10: alpha=0.046266  teacher_rms=0.0848  v_rms=0.0183
    Layer 11: alpha=0.049668  teacher_rms=0.0824  v_rms=0.0166
    Layer 12: alpha=0.054274  teacher_rms=0.0896  v_rms=0.0165
    Layer 13: alpha=0.046096  teacher_rms=0.0933  v_rms=0.0202
    Layer 14: alpha=0.049717  teacher_rms=0.0816  v_rms=0.0164
    Layer 15: alpha=0.041022  teacher_rms=0.0673  v_rms=0.0164
    Layer 16: alpha=0.028714  teacher_rms=0.0493  v_rms=0.0172
    Layer 17: alpha=0.024043  teacher_rms=0.0430  v_rms=0.0179
    Layer 18: alpha=0.022965  teacher_rms=0.0427  v_rms=0.0186
    Layer 19: alpha=0.032779  teacher_rms=0.0638  v_rms=0.0195
    Layer 20: alpha=0.022405  teacher_rms=0.0426  v_rms=0.0190
    Layer 21: alpha=0.019452  teacher_rms=0.0411  v_rms=0.0211
    Layer 22: alpha=0.019571  teacher_rms=0.0441  v_rms=0.0226
    Layer 23: alpha=0.032442  teacher_rms=0.0659  v_rms=0.0203
    Layer 24: alpha=0.027445  teacher_rms=0.0766  v_rms=0.0279
    Layer 25: alpha=0.033153  teacher_rms=0.0859  v_rms=0.0259
    Layer 26: alpha=0.038849  teacher_rms=0.1157  v_rms=0.0298
    Layer 27: alpha=0.042760  teacher_rms=0.1451  v_rms=0.0339

  Set g_proj = v_proj * alpha in 27 GDN layers (damping=0.01).
  Init (taylor_distill) done in 242.7s
  Layer 3: PPL = 559.07  (eval 11.2s)

============================================================
  Probing layer 4 | strategy=taylor_distill
============================================================
Loading checkpoint shards:   0%|          | 0/2 [00:00<?, ?it/s]Loading checkpoint shards: 100%|██████████| 2/2 [00:00<00:00, 25.82it/s]
Loading checkpoint shards:   0%|          | 0/2 [00:00<?, ?it/s]Loading checkpoint shards: 100%|██████████| 2/2 [00:00<00:00, 32.77it/s]
Token indices sequence length is longer than the specified maximum sequence length for this model (2349952 > 131072). Running this sequence through the model will result in indexing errors
  [Taylor Step 1/3] Gate calibration from attention stats...
    Layer  0: dist=[22, 3, 29, 29, 23, 23, 45, 42, 35, 49, 55, 53, 51, 45, 49, 7, 57, 35, 19, 33, 21, 58, 58, 47]
    Layer  1: dist=[37, 40, 77, 52, 50, 57, 33, 74, 40, 65, 64, 71, 45, 43, 50, 25, 28, 66, 58, 48, 61, 52, 50, 57]
    Layer  2: dist=[115, 119, 121, 102, 116, 107, 121, 117, 116, 119, 113, 101, 119, 119, 102, 122, 122, 122, 120, 120, 121, 115, 118, 113]
    Layer  3: dist=[98, 116, 112, 123, 119, 122, 105, 113, 115, 107, 117, 107, 113, 116, 114, 108, 102, 111, 111, 118, 116, 93, 96, 95]
    Layer  5: dist=[114, 106, 103, 84, 90, 96, 121, 126, 112, 95, 100, 99, 72, 81, 95, 112, 99, 103, 99, 92, 96, 88, 97, 96]
    Layer  6: dist=[99, 111, 96, 87, 85, 92, 100, 96, 97, 90, 82, 87, 92, 103, 83, 77, 82, 84, 101, 100, 87, 102, 97, 95]
    Layer  7: dist=[85, 72, 99, 68, 88, 85, 65, 71, 79, 78, 96, 85, 94, 82, 84, 85, 83, 94, 88, 83, 81, 82, 87, 79]
    Layer  8: dist=[95, 73, 108, 73, 90, 76, 107, 95, 107, 78, 88, 80, 72, 84, 80, 72, 66, 74, 78, 82, 81, 79, 64, 71]
    Layer  9: dist=[63, 63, 64, 97, 102, 103, 65, 61, 74, 91, 88, 89, 85, 79, 64, 86, 77, 79, 89, 107, 98, 74, 64, 92]
    Layer 10: dist=[78, 77, 81, 94, 97, 98, 78, 72, 70, 83, 70, 101, 61, 52, 66, 85, 89, 75, 62, 65, 67, 112, 99, 87]
    Layer 11: dist=[47, 70, 52, 76, 79, 80, 80, 74, 70, 79, 72, 63, 82, 74, 93, 80, 80, 92, 68, 68, 70, 78, 69, 75]
    Layer 12: dist=[78, 75, 66, 108, 108, 89, 70, 69, 73, 81, 78, 85, 65, 94, 70, 97, 93, 71, 91, 109, 110, 52, 74, 59]
    Layer 13: dist=[84, 82, 84, 83, 80, 77, 28, 53, 47, 67, 62, 86, 84, 112, 92, 71, 100, 81, 86, 92, 84, 89, 99, 88]
    Layer 14: dist=[45, 118, 119, 67, 56, 57, 63, 56, 56, 78, 100, 104, 94, 93, 93, 85, 80, 83, 60, 74, 80, 104, 115, 77]
    Layer 15: dist=[105, 105, 89, 72, 73, 81, 97, 77, 83, 63, 76, 76, 112, 115, 100, 90, 88, 95, 104, 109, 100, 93, 97, 100]
    Layer 16: dist=[124, 98, 120, 121, 97, 122, 90, 91, 87, 103, 122, 97, 120, 115, 106, 102, 107, 103, 95, 80, 87, 93, 116, 120]
    Layer 17: dist=[109, 112, 97, 115, 114, 105, 76, 96, 88, 113, 106, 116, 117, 107, 103, 91, 110, 90, 115, 111, 119, 122, 114, 119]
    Layer 18: dist=[80, 110, 121, 119, 115, 111, 94, 90, 96, 98, 105, 99, 123, 122, 121, 118, 114, 104, 114, 106, 96, 91, 111, 105]
    Layer 19: dist=[104, 76, 85, 92, 90, 95, 91, 49, 98, 94, 101, 98, 115, 84, 121, 115, 107, 110, 105, 94, 104, 114, 118, 117]
    Layer 20: dist=[102, 117, 118, 115, 112, 112, 109, 110, 122, 112, 112, 114, 102, 100, 115, 115, 113, 118, 109, 97, 98, 103, 108, 106]
    Layer 21: dist=[109, 112, 109, 122, 124, 121, 122, 120, 121, 101, 107, 100, 114, 117, 113, 117, 115, 117, 113, 117, 108, 104, 107, 105]
    Layer 22: dist=[119, 103, 111, 119, 118, 119, 123, 124, 122, 116, 119, 118, 111, 102, 84, 113, 95, 103, 117, 121, 117, 115, 123, 117]
    Layer 23: dist=[84, 104, 85, 104, 119, 114, 108, 116, 80, 114, 108, 112, 122, 118, 79, 99, 94, 91, 121, 121, 84, 112, 115, 81]
    Layer 24: dist=[118, 114, 116, 109, 113, 110, 93, 106, 87, 100, 69, 99, 80, 107, 119, 111, 105, 110, 121, 119, 123, 98, 104, 112]
    Layer 25: dist=[112, 122, 121, 121, 119, 123, 79, 72, 69, 121, 111, 121, 117, 97, 114, 88, 106, 105, 104, 106, 101, 79, 115, 57]
    Layer 26: dist=[79, 93, 64, 108, 104, 123, 102, 71, 109, 106, 100, 108, 75, 47, 69, 105, 98, 95, 35, 72, 59, 111, 108, 102]
    Layer 27: dist=[48, 108, 82, 111, 79, 53, 89, 89, 105, 69, 100, 6, 104, 109, 95, 102, 105, 98, 84, 70, 69, 76, 91, 88]

  [Taylor Step 2/3] OLS sigma per head (scaling V)...
    Layer  0: sigma=[0.140, 0.130, 0.138, 0.100, 0.100, 0.100, 0.100, 0.100, 0.100, 0.100, 0.100, 0.100, 0.100, 0.100, 0.100, 0.100, 0.100, 0.100, 0.100, 0.100, 0.100, 0.112, 0.100, 0.100]
    Layer  1: sigma=[0.100, 0.157, 0.100, 0.100, 0.100, 0.100, 0.100, 0.100, 0.100, 0.100, 0.100, 0.100, 0.100, 0.100, 0.100, 0.100, 0.100, 0.100, 0.100, 0.150, 0.100, 0.100, 0.100, 0.100]
    Layer  2: sigma=[0.100, 0.100, 0.100, 0.100, 0.100, 0.100, 0.100, 0.100, 0.100, 0.100, 0.100, 0.100, 0.100, 0.100, 0.100, 0.100, 0.100, 0.100, 0.100, 0.100, 0.100, 0.100, 0.100, 0.100]
    Layer  3: sigma=[0.100, 0.100, 0.100, 0.100, 0.100, 0.100, 0.100, 0.100, 0.100, 0.100, 0.100, 0.100, 0.100, 0.100, 0.100, 0.100, 0.100, 0.100, 0.100, 0.100, 0.100, 0.100, 0.100, 0.100]
    Layer  5: sigma=[0.100, 0.100, 0.100, 0.100, 0.100, 0.100, 0.100, 0.100, 0.100, 0.100, 0.100, 0.100, 0.100, 0.100, 0.100, 0.100, 0.100, 0.100, 0.100, 0.106, 0.100, 0.100, 0.100, 0.100]
    Layer  6: sigma=[0.100, 0.100, 0.100, 0.100, 0.100, 0.100, 0.100, 0.100, 0.100, 0.100, 0.100, 0.100, 0.100, 0.100, 0.100, 0.100, 0.100, 0.100, 0.100, 0.100, 0.100, 0.100, 0.100, 0.100]
    Layer  7: sigma=[0.100, 0.100, 0.100, 0.100, 0.100, 0.100, 0.100, 0.100, 0.100, 0.100, 0.100, 0.100, 0.100, 0.100, 0.100, 0.100, 0.100, 0.100, 0.100, 0.100, 0.100, 0.100, 0.100, 0.100]
    Layer  8: sigma=[0.100, 0.100, 0.100, 0.100, 0.100, 0.100, 0.100, 0.100, 0.100, 0.100, 0.100, 0.100, 0.100, 0.100, 0.100, 0.100, 0.100, 0.100, 0.100, 0.100, 0.100, 0.100, 0.100, 0.100]
    Layer  9: sigma=[0.100, 0.100, 0.100, 0.100, 0.100, 0.100, 0.100, 0.100, 0.100, 0.100, 0.100, 0.100, 0.100, 0.100, 0.100, 0.100, 0.100, 0.100, 0.100, 0.100, 0.100, 0.100, 0.100, 0.111]
    Layer 10: sigma=[0.100, 0.100, 0.100, 0.100, 0.100, 0.100, 0.100, 0.100, 0.107, 0.100, 0.100, 0.100, 0.128, 0.292, 0.100, 0.100, 0.100, 0.100, 0.100, 0.100, 0.100, 0.100, 0.139, 0.100]
    Layer 11: sigma=[0.100, 0.166, 0.100, 0.100, 0.100, 0.100, 0.100, 0.100, 0.100, 0.100, 0.100, 0.100, 0.100, 0.100, 0.100, 0.100, 0.100, 0.100, 0.100, 0.100, 0.100, 0.100, 0.100, 0.100]
    Layer 12: sigma=[0.100, 0.100, 0.100, 0.100, 0.100, 0.100, 0.100, 0.100, 0.100, 0.100, 0.100, 0.100, 0.100, 0.100, 0.112, 0.100, 0.100, 0.100, 0.100, 0.100, 0.100, 0.100, 0.100, 0.100]
    Layer 13: sigma=[0.100, 0.100, 0.100, 0.100, 0.100, 0.100, 0.100, 0.322, 0.122, 0.100, 0.100, 0.100, 0.100, 0.100, 0.100, 0.100, 0.134, 0.100, 0.100, 0.100, 0.100, 0.100, 0.100, 0.100]
    Layer 14: sigma=[0.100, 0.100, 0.100, 0.100, 0.100, 0.161, 0.100, 0.100, 0.100, 0.100, 0.100, 0.100, 0.100, 0.100, 0.100, 0.100, 0.100, 0.100, 0.100, 0.100, 0.100, 0.100, 0.100, 0.100]
    Layer 15: sigma=[0.100, 0.100, 0.100, 0.100, 0.100, 0.100, 0.100, 0.100, 0.100, 0.164, 0.100, 0.100, 0.100, 0.100, 0.100, 0.100, 0.100, 0.100, 0.100, 0.100, 0.100, 0.100, 0.100, 0.100]
    Layer 16: sigma=[0.100, 0.100, 0.100, 0.100, 0.100, 0.100, 0.100, 0.100, 0.100, 0.100, 0.100, 0.100, 0.100, 0.100, 0.100, 0.100, 0.100, 0.100, 0.100, 0.100, 0.100, 0.100, 0.100, 0.100]
    Layer 17: sigma=[0.100, 0.100, 0.100, 0.100, 0.100, 0.100, 0.100, 0.100, 0.100, 0.100, 0.100, 0.100, 0.100, 0.100, 0.100, 0.100, 0.100, 0.100, 0.100, 0.100, 0.100, 0.100, 0.100, 0.100]
    Layer 18: sigma=[0.100, 0.100, 0.100, 0.100, 0.100, 0.100, 0.100, 0.100, 0.100, 0.100, 0.100, 0.100, 0.100, 0.100, 0.100, 0.100, 0.100, 0.100, 0.100, 0.100, 0.100, 0.100, 0.100, 0.100]
    Layer 19: sigma=[0.100, 0.100, 0.100, 0.100, 0.100, 0.100, 0.100, 0.177, 0.100, 0.100, 0.158, 0.100, 0.100, 0.100, 0.100, 0.100, 0.100, 0.100, 0.100, 0.100, 0.100, 0.100, 0.100, 0.100]
    Layer 20: sigma=[0.100, 0.100, 0.100, 0.100, 0.100, 0.100, 0.100, 0.100, 0.100, 0.100, 0.100, 0.100, 0.100, 0.100, 0.100, 0.100, 0.100, 0.100, 0.100, 0.100, 0.100, 0.100, 0.100, 0.100]
    Layer 21: sigma=[0.100, 0.100, 0.100, 0.100, 0.100, 0.100, 0.100, 0.100, 0.100, 0.100, 0.100, 0.100, 0.100, 0.100, 0.100, 0.100, 0.100, 0.100, 0.100, 0.100, 0.100, 0.100, 0.100, 0.100]
    Layer 22: sigma=[0.100, 0.100, 0.100, 0.100, 0.100, 0.100, 0.100, 0.100, 0.100, 0.100, 0.100, 0.100, 0.100, 0.100, 0.100, 0.100, 0.100, 0.100, 0.100, 0.100, 0.100, 0.100, 0.100, 0.100]
    Layer 23: sigma=[0.100, 0.100, 0.100, 0.101, 0.100, 0.100, 0.100, 0.100, 0.100, 0.100, 0.100, 0.100, 0.100, 0.100, 0.100, 0.100, 0.100, 0.100, 0.100, 0.100, 0.203, 0.100, 0.100, 0.100]
    Layer 24: sigma=[0.100, 0.100, 0.100, 0.100, 0.100, 0.100, 0.100, 0.100, 0.100, 0.272, 0.100, 0.100, 0.100, 0.100, 0.100, 0.100, 0.100, 0.100, 0.100, 0.100, 0.100, 0.100, 0.100, 0.100]
    Layer 25: sigma=[0.100, 0.100, 0.100, 0.100, 0.100, 0.100, 0.100, 0.100, 0.108, 0.100, 0.101, 0.100, 0.100, 0.109, 0.100, 0.100, 0.100, 0.100, 0.100, 0.100, 0.100, 0.100, 0.100, 0.100]
    Layer 26: sigma=[0.100, 0.100, 0.100, 0.100, 0.104, 0.100, 0.100, 0.100, 0.100, 0.100, 0.100, 0.100, 0.158, 0.100, 0.100, 0.100, 0.100, 0.100, 0.324, 0.100, 0.100, 0.100, 0.100, 0.100]
    Layer 27: sigma=[0.312, 0.100, 0.100, 0.100, 0.100, 0.100, 0.100, 0.100, 0.100, 0.100, 0.100, 0.100, 0.100, 0.100, 0.100, 0.100, 0.100, 0.100, 0.223, 0.100, 0.447, 0.100, 0.100, 0.100]

  [Taylor Step 3/3] g_proj = v_proj * alpha (damping=0.01)...
    Layer  0: alpha=0.056287  teacher_rms=0.0170  v_rms=0.0030
    Layer  1: alpha=0.058616  teacher_rms=0.0387  v_rms=0.0066
    Layer  2: alpha=0.015216  teacher_rms=0.0168  v_rms=0.0110
    Layer  3: alpha=0.017317  teacher_rms=0.0218  v_rms=0.0126
    Layer  5: alpha=0.034082  teacher_rms=0.0429  v_rms=0.0126
    Layer  6: alpha=0.039001  teacher_rms=0.0529  v_rms=0.0136
    Layer  7: alpha=0.047453  teacher_rms=0.0681  v_rms=0.0143
    Layer  8: alpha=0.052318  teacher_rms=0.0757  v_rms=0.0145
    Layer  9: alpha=0.047993  teacher_rms=0.0774  v_rms=0.0161
    Layer 10: alpha=0.046643  teacher_rms=0.0848  v_rms=0.0182
    Layer 11: alpha=0.050587  teacher_rms=0.0824  v_rms=0.0163
    Layer 12: alpha=0.054203  teacher_rms=0.0896  v_rms=0.0165
    Layer 13: alpha=0.047021  teacher_rms=0.0933  v_rms=0.0198
    Layer 14: alpha=0.050315  teacher_rms=0.0816  v_rms=0.0162
    Layer 15: alpha=0.040821  teacher_rms=0.0673  v_rms=0.0165
    Layer 16: alpha=0.028714  teacher_rms=0.0493  v_rms=0.0172
    Layer 17: alpha=0.024043  teacher_rms=0.0430  v_rms=0.0179
    Layer 18: alpha=0.022965  teacher_rms=0.0427  v_rms=0.0186
    Layer 19: alpha=0.033399  teacher_rms=0.0638  v_rms=0.0191
    Layer 20: alpha=0.022405  teacher_rms=0.0426  v_rms=0.0190
    Layer 21: alpha=0.019452  teacher_rms=0.0411  v_rms=0.0211
    Layer 22: alpha=0.019571  teacher_rms=0.0441  v_rms=0.0226
    Layer 23: alpha=0.032566  teacher_rms=0.0659  v_rms=0.0202
    Layer 24: alpha=0.027236  teacher_rms=0.0766  v_rms=0.0281
    Layer 25: alpha=0.034028  teacher_rms=0.0859  v_rms=0.0252
    Layer 26: alpha=0.037750  teacher_rms=0.1157  v_rms=0.0307
    Layer 27: alpha=0.038510  teacher_rms=0.1451  v_rms=0.0377

  Set g_proj = v_proj * alpha in 27 GDN layers (damping=0.01).
  Init (taylor_distill) done in 241.1s
  Layer 4: PPL = 609.51  (eval 9.6s)

============================================================
  Probing layer 5 | strategy=taylor_distill
============================================================
Loading checkpoint shards:   0%|          | 0/2 [00:00<?, ?it/s]Loading checkpoint shards: 100%|██████████| 2/2 [00:00<00:00, 123.22it/s]
Loading checkpoint shards:   0%|          | 0/2 [00:00<?, ?it/s]Loading checkpoint shards: 100%|██████████| 2/2 [00:00<00:00, 121.55it/s]
Token indices sequence length is longer than the specified maximum sequence length for this model (2349952 > 131072). Running this sequence through the model will result in indexing errors
  [Taylor Step 1/3] Gate calibration from attention stats...
    Layer  0: dist=[22, 3, 29, 29, 23, 23, 45, 42, 35, 49, 55, 53, 51, 45, 49, 7, 57, 35, 19, 33, 21, 58, 58, 47]
    Layer  1: dist=[37, 40, 77, 52, 50, 57, 33, 74, 40, 65, 64, 71, 45, 43, 50, 25, 28, 66, 58, 48, 61, 52, 50, 57]
    Layer  2: dist=[115, 119, 121, 102, 116, 107, 121, 117, 116, 119, 113, 101, 119, 119, 102, 122, 122, 122, 120, 120, 121, 115, 118, 113]
    Layer  3: dist=[98, 116, 112, 123, 119, 122, 105, 113, 115, 107, 117, 107, 113, 116, 114, 108, 102, 111, 111, 118, 116, 93, 96, 95]
    Layer  4: dist=[98, 112, 120, 98, 97, 92, 99, 95, 108, 107, 104, 113, 86, 106, 111, 97, 120, 105, 99, 102, 101, 118, 122, 109]
    Layer  6: dist=[99, 111, 96, 87, 85, 92, 100, 96, 97, 90, 82, 87, 92, 103, 83, 77, 82, 84, 101, 100, 87, 102, 97, 95]
    Layer  7: dist=[85, 72, 99, 68, 88, 85, 65, 71, 79, 78, 96, 85, 94, 82, 84, 85, 83, 94, 88, 83, 81, 82, 87, 79]
    Layer  8: dist=[95, 73, 108, 73, 90, 76, 107, 95, 107, 78, 88, 80, 72, 84, 80, 72, 66, 74, 78, 82, 81, 79, 64, 71]
    Layer  9: dist=[63, 63, 64, 97, 102, 103, 65, 61, 74, 91, 88, 89, 85, 79, 64, 86, 77, 79, 89, 107, 98, 74, 64, 92]
    Layer 10: dist=[78, 77, 81, 94, 97, 98, 78, 72, 70, 83, 70, 101, 61, 52, 66, 85, 89, 75, 62, 65, 67, 112, 99, 87]
    Layer 11: dist=[47, 70, 52, 76, 79, 80, 80, 74, 70, 79, 72, 63, 82, 74, 93, 80, 80, 92, 68, 68, 70, 78, 69, 75]
    Layer 12: dist=[78, 75, 66, 108, 108, 89, 70, 69, 73, 81, 78, 85, 65, 94, 70, 97, 93, 71, 91, 109, 110, 52, 74, 59]
    Layer 13: dist=[84, 82, 84, 83, 80, 77, 28, 53, 47, 67, 62, 86, 84, 112, 92, 71, 100, 81, 86, 92, 84, 89, 99, 88]
    Layer 14: dist=[45, 118, 119, 67, 56, 57, 63, 56, 56, 78, 100, 104, 94, 93, 93, 85, 80, 83, 60, 74, 80, 104, 115, 77]
    Layer 15: dist=[105, 105, 89, 72, 73, 81, 97, 77, 83, 63, 76, 76, 112, 115, 100, 90, 88, 95, 104, 109, 100, 93, 97, 100]
    Layer 16: dist=[124, 98, 120, 121, 97, 122, 90, 91, 87, 103, 122, 97, 120, 115, 106, 102, 107, 103, 95, 80, 87, 93, 116, 120]
    Layer 17: dist=[109, 112, 97, 115, 114, 105, 76, 96, 88, 113, 106, 116, 117, 107, 103, 91, 110, 90, 115, 111, 119, 122, 114, 119]
    Layer 18: dist=[80, 110, 121, 119, 115, 111, 94, 90, 96, 98, 105, 99, 123, 122, 121, 118, 114, 104, 114, 106, 96, 91, 111, 105]
    Layer 19: dist=[104, 76, 85, 92, 90, 95, 91, 49, 98, 94, 101, 98, 115, 84, 121, 115, 107, 110, 105, 94, 104, 114, 118, 117]
    Layer 20: dist=[102, 117, 118, 115, 112, 112, 109, 110, 122, 112, 112, 114, 102, 100, 115, 115, 113, 118, 109, 97, 98, 103, 108, 106]
    Layer 21: dist=[109, 112, 109, 122, 124, 121, 122, 120, 121, 101, 107, 100, 114, 117, 113, 117, 115, 117, 113, 117, 108, 104, 107, 105]
    Layer 22: dist=[119, 103, 111, 119, 118, 119, 123, 124, 122, 116, 119, 118, 111, 102, 84, 113, 95, 103, 117, 121, 117, 115, 123, 117]
    Layer 23: dist=[84, 104, 85, 104, 119, 114, 108, 116, 80, 114, 108, 112, 122, 118, 79, 99, 94, 91, 121, 121, 84, 112, 115, 81]
    Layer 24: dist=[118, 114, 116, 109, 113, 110, 93, 106, 87, 100, 69, 99, 80, 107, 119, 111, 105, 110, 121, 119, 123, 98, 104, 112]
    Layer 25: dist=[112, 122, 121, 121, 119, 123, 79, 72, 69, 121, 111, 121, 117, 97, 114, 88, 106, 105, 104, 106, 101, 79, 115, 57]
    Layer 26: dist=[79, 93, 64, 108, 104, 123, 102, 71, 109, 106, 100, 108, 75, 47, 69, 105, 98, 95, 35, 72, 59, 111, 108, 102]
    Layer 27: dist=[48, 108, 82, 111, 79, 53, 89, 89, 105, 69, 100, 6, 104, 109, 95, 102, 105, 98, 84, 70, 69, 76, 91, 88]

  [Taylor Step 2/3] OLS sigma per head (scaling V)...
    Layer  0: sigma=[0.143, 0.144, 0.134, 0.100, 0.100, 0.100, 0.100, 0.100, 0.100, 0.100, 0.100, 0.100, 0.100, 0.100, 0.100, 0.100, 0.100, 0.100, 0.100, 0.100, 0.100, 0.105, 0.100, 0.100]
    Layer  1: sigma=[0.100, 0.139, 0.100, 0.100, 0.100, 0.100, 0.100, 0.100, 0.100, 0.100, 0.100, 0.100, 0.100, 0.100, 0.100, 0.100, 0.100, 0.100, 0.100, 0.144, 0.100, 0.100, 0.100, 0.100]
    Layer  2: sigma=[0.100, 0.100, 0.100, 0.100, 0.100, 0.100, 0.100, 0.100, 0.100, 0.100, 0.100, 0.100, 0.100, 0.100, 0.100, 0.100, 0.100, 0.100, 0.100, 0.100, 0.100, 0.100, 0.100, 0.100]
    Layer  3: sigma=[0.100, 0.100, 0.100, 0.100, 0.100, 0.100, 0.100, 0.100, 0.100, 0.100, 0.100, 0.100, 0.100, 0.100, 0.100, 0.100, 0.100, 0.100, 0.100, 0.100, 0.100, 0.100, 0.100, 0.100]
    Layer  4: sigma=[0.100, 0.100, 0.100, 0.100, 0.100, 0.100, 0.100, 0.100, 0.100, 0.100, 0.100, 0.100, 0.100, 0.100, 0.100, 0.100, 0.100, 0.100, 0.100, 0.100, 0.100, 0.100, 0.100, 0.100]
    Layer  6: sigma=[0.100, 0.100, 0.100, 0.100, 0.100, 0.100, 0.100, 0.100, 0.100, 0.100, 0.100, 0.100, 0.100, 0.100, 0.100, 0.100, 0.100, 0.100, 0.100, 0.100, 0.100, 0.100, 0.100, 0.100]
    Layer  7: sigma=[0.100, 0.100, 0.100, 0.100, 0.100, 0.100, 0.100, 0.100, 0.100, 0.100, 0.100, 0.100, 0.100, 0.100, 0.100, 0.100, 0.100, 0.101, 0.100, 0.100, 0.100, 0.100, 0.100, 0.100]
    Layer  8: sigma=[0.100, 0.100, 0.100, 0.100, 0.100, 0.100, 0.100, 0.100, 0.100, 0.100, 0.100, 0.100, 0.100, 0.100, 0.100, 0.100, 0.100, 0.100, 0.100, 0.100, 0.100, 0.100, 0.100, 0.100]
    Layer  9: sigma=[0.100, 0.100, 0.100, 0.100, 0.100, 0.100, 0.100, 0.100, 0.100, 0.100, 0.100, 0.100, 0.100, 0.100, 0.100, 0.100, 0.100, 0.100, 0.100, 0.100, 0.100, 0.100, 0.100, 0.106]
    Layer 10: sigma=[0.100, 0.100, 0.100, 0.100, 0.100, 0.100, 0.100, 0.100, 0.115, 0.100, 0.100, 0.100, 0.138, 0.311, 0.100, 0.100, 0.100, 0.100, 0.100, 0.100, 0.100, 0.100, 0.145, 0.100]
    Layer 11: sigma=[0.100, 0.265, 0.100, 0.100, 0.100, 0.100, 0.100, 0.100, 0.100, 0.100, 0.100, 0.100, 0.100, 0.100, 0.100, 0.100, 0.100, 0.100, 0.100, 0.100, 0.100, 0.100, 0.100, 0.100]
    Layer 12: sigma=[0.100, 0.100, 0.100, 0.100, 0.100, 0.100, 0.100, 0.100, 0.100, 0.100, 0.100, 0.100, 0.100, 0.100, 0.112, 0.100, 0.100, 0.100, 0.100, 0.100, 0.100, 0.100, 0.100, 0.100]
    Layer 13: sigma=[0.100, 0.100, 0.100, 0.100, 0.100, 0.100, 0.100, 0.349, 0.120, 0.100, 0.100, 0.100, 0.100, 0.100, 0.100, 0.100, 0.129, 0.100, 0.100, 0.100, 0.100, 0.100, 0.100, 0.100]
    Layer 14: sigma=[0.100, 0.100, 0.100, 0.100, 0.100, 0.173, 0.100, 0.100, 0.100, 0.100, 0.100, 0.100, 0.100, 0.100, 0.100, 0.100, 0.100, 0.100, 0.100, 0.100, 0.100, 0.100, 0.100, 0.100]
    Layer 15: sigma=[0.100, 0.100, 0.100, 0.100, 0.100, 0.100, 0.100, 0.100, 0.100, 0.159, 0.100, 0.100, 0.100, 0.100, 0.100, 0.100, 0.100, 0.100, 0.100, 0.100, 0.100, 0.100, 0.100, 0.100]
    Layer 16: sigma=[0.100, 0.100, 0.100, 0.100, 0.100, 0.100, 0.100, 0.100, 0.100, 0.100, 0.100, 0.100, 0.100, 0.100, 0.100, 0.100, 0.100, 0.100, 0.100, 0.100, 0.100, 0.100, 0.100, 0.100]
    Layer 17: sigma=[0.100, 0.100, 0.100, 0.100, 0.100, 0.100, 0.100, 0.100, 0.100, 0.100, 0.100, 0.100, 0.100, 0.100, 0.100, 0.100, 0.100, 0.100, 0.100, 0.100, 0.100, 0.100, 0.100, 0.100]
    Layer 18: sigma=[0.100, 0.100, 0.100, 0.100, 0.100, 0.100, 0.100, 0.104, 0.100, 0.100, 0.100, 0.100, 0.100, 0.100, 0.100, 0.100, 0.100, 0.100, 0.100, 0.100, 0.100, 0.100, 0.100, 0.100]
    Layer 19: sigma=[0.100, 0.100, 0.100, 0.100, 0.100, 0.100, 0.100, 0.186, 0.100, 0.100, 0.150, 0.100, 0.100, 0.100, 0.100, 0.100, 0.100, 0.100, 0.100, 0.100, 0.100, 0.100, 0.100, 0.100]
    Layer 20: sigma=[0.100, 0.100, 0.100, 0.100, 0.100, 0.100, 0.100, 0.100, 0.100, 0.100, 0.100, 0.100, 0.100, 0.100, 0.100, 0.100, 0.100, 0.100, 0.100, 0.100, 0.100, 0.100, 0.100, 0.100]
    Layer 21: sigma=[0.100, 0.100, 0.100, 0.100, 0.100, 0.100, 0.100, 0.100, 0.100, 0.100, 0.100, 0.100, 0.100, 0.100, 0.100, 0.100, 0.100, 0.100, 0.100, 0.100, 0.100, 0.100, 0.100, 0.100]
    Layer 22: sigma=[0.100, 0.100, 0.100, 0.100, 0.100, 0.100, 0.100, 0.100, 0.100, 0.100, 0.100, 0.100, 0.100, 0.100, 0.100, 0.100, 0.100, 0.100, 0.100, 0.100, 0.100, 0.100, 0.100, 0.100]
    Layer 23: sigma=[0.100, 0.100, 0.100, 0.112, 0.100, 0.100, 0.100, 0.100, 0.100, 0.100, 0.100, 0.100, 0.100, 0.100, 0.100, 0.100, 0.100, 0.100, 0.100, 0.100, 0.210, 0.100, 0.100, 0.100]
    Layer 24: sigma=[0.100, 0.100, 0.100, 0.100, 0.100, 0.100, 0.100, 0.100, 0.100, 0.277, 0.100, 0.100, 0.100, 0.100, 0.100, 0.100, 0.100, 0.100, 0.100, 0.100, 0.100, 0.100, 0.100, 0.100]
    Layer 25: sigma=[0.100, 0.100, 0.100, 0.100, 0.100, 0.100, 0.100, 0.100, 0.115, 0.100, 0.106, 0.100, 0.100, 0.111, 0.100, 0.100, 0.100, 0.100, 0.100, 0.100, 0.100, 0.100, 0.100, 0.100]
    Layer 26: sigma=[0.100, 0.100, 0.100, 0.100, 0.100, 0.100, 0.100, 0.100, 0.100, 0.100, 0.100, 0.100, 0.110, 0.100, 0.100, 0.100, 0.100, 0.100, 0.261, 0.100, 0.100, 0.100, 0.100, 0.100]
    Layer 27: sigma=[0.326, 0.100, 0.100, 0.100, 0.100, 0.100, 0.100, 0.100, 0.100, 0.100, 0.100, 0.100, 0.100, 0.100, 0.100, 0.100, 0.100, 0.100, 0.266, 0.100, 0.290, 0.100, 0.100, 0.100]

  [Taylor Step 3/3] g_proj = v_proj * alpha (damping=0.01)...
    Layer  0: alpha=0.056325  teacher_rms=0.0170  v_rms=0.0030
    Layer  1: alpha=0.059485  teacher_rms=0.0387  v_rms=0.0065
    Layer  2: alpha=0.015216  teacher_rms=0.0168  v_rms=0.0110
    Layer  3: alpha=0.017317  teacher_rms=0.0218  v_rms=0.0126
    Layer  4: alpha=0.025271  teacher_rms=0.0316  v_rms=0.0125
    Layer  6: alpha=0.039001  teacher_rms=0.0529  v_rms=0.0136
    Layer  7: alpha=0.047440  teacher_rms=0.0681  v_rms=0.0143
    Layer  8: alpha=0.052318  teacher_rms=0.0757  v_rms=0.0145
    Layer  9: alpha=0.048089  teacher_rms=0.0774  v_rms=0.0161
    Layer 10: alpha=0.045536  teacher_rms=0.0848  v_rms=0.0186
    Layer 11: alpha=0.047366  teacher_rms=0.0824  v_rms=0.0174
    Layer 12: alpha=0.054195  teacher_rms=0.0896  v_rms=0.0165
    Layer 13: alpha=0.046054  teacher_rms=0.0933  v_rms=0.0203
    Layer 14: alpha=0.049988  teacher_rms=0.0816  v_rms=0.0163
    Layer 15: alpha=0.040955  teacher_rms=0.0673  v_rms=0.0164
    Layer 16: alpha=0.028714  teacher_rms=0.0493  v_rms=0.0172
    Layer 17: alpha=0.024043  teacher_rms=0.0430  v_rms=0.0179
    Layer 18: alpha=0.022944  teacher_rms=0.0427  v_rms=0.0186
    Layer 19: alpha=0.033323  teacher_rms=0.0638  v_rms=0.0191
    Layer 20: alpha=0.022405  teacher_rms=0.0426  v_rms=0.0190
    Layer 21: alpha=0.019452  teacher_rms=0.0411  v_rms=0.0211
    Layer 22: alpha=0.019571  teacher_rms=0.0441  v_rms=0.0226
    Layer 23: alpha=0.032285  teacher_rms=0.0659  v_rms=0.0204
    Layer 24: alpha=0.027150  teacher_rms=0.0766  v_rms=0.0282
    Layer 25: alpha=0.033835  teacher_rms=0.0859  v_rms=0.0254
    Layer 26: alpha=0.040188  teacher_rms=0.1157  v_rms=0.0288
    Layer 27: alpha=0.041384  teacher_rms=0.1451  v_rms=0.0351

  Set g_proj = v_proj * alpha in 27 GDN layers (damping=0.01).
  Init (taylor_distill) done in 187.9s
  Layer 5: PPL = 598.48  (eval 9.7s)

============================================================
  Probing layer 6 | strategy=taylor_distill
============================================================
Loading checkpoint shards:   0%|          | 0/2 [00:00<?, ?it/s]Loading checkpoint shards: 100%|██████████| 2/2 [00:00<00:00, 115.63it/s]
Loading checkpoint shards:   0%|          | 0/2 [00:00<?, ?it/s]Loading checkpoint shards: 100%|██████████| 2/2 [00:00<00:00, 121.74it/s]
Token indices sequence length is longer than the specified maximum sequence length for this model (2349952 > 131072). Running this sequence through the model will result in indexing errors
  [Taylor Step 1/3] Gate calibration from attention stats...
    Layer  0: dist=[22, 3, 29, 29, 23, 23, 45, 42, 35, 49, 55, 53, 51, 45, 49, 7, 57, 35, 19, 33, 21, 58, 58, 47]
    Layer  1: dist=[37, 40, 77, 52, 50, 57, 33, 74, 40, 65, 64, 71, 45, 43, 50, 25, 28, 66, 58, 48, 61, 52, 50, 57]
    Layer  2: dist=[115, 119, 121, 102, 116, 107, 121, 117, 116, 119, 113, 101, 119, 119, 102, 122, 122, 122, 120, 120, 121, 115, 118, 113]
    Layer  3: dist=[98, 116, 112, 123, 119, 122, 105, 113, 115, 107, 117, 107, 113, 116, 114, 108, 102, 111, 111, 118, 116, 93, 96, 95]
    Layer  4: dist=[98, 112, 120, 98, 97, 92, 99, 95, 108, 107, 104, 113, 86, 106, 111, 97, 120, 105, 99, 102, 101, 118, 122, 109]
    Layer  5: dist=[114, 106, 103, 84, 90, 96, 121, 126, 112, 95, 100, 99, 72, 81, 95, 112, 99, 103, 99, 92, 96, 88, 97, 96]
    Layer  7: dist=[85, 72, 99, 68, 88, 85, 65, 71, 79, 78, 96, 85, 94, 82, 84, 85, 83, 94, 88, 83, 81, 82, 87, 79]
    Layer  8: dist=[95, 73, 108, 73, 90, 76, 107, 95, 107, 78, 88, 80, 72, 84, 80, 72, 66, 74, 78, 82, 81, 79, 64, 71]
    Layer  9: dist=[63, 63, 64, 97, 102, 103, 65, 61, 74, 91, 88, 89, 85, 79, 64, 86, 77, 79, 89, 107, 98, 74, 64, 92]
    Layer 10: dist=[78, 77, 81, 94, 97, 98, 78, 72, 70, 83, 70, 101, 61, 52, 66, 85, 89, 75, 62, 65, 67, 112, 99, 87]
    Layer 11: dist=[47, 70, 52, 76, 79, 80, 80, 74, 70, 79, 72, 63, 82, 74, 93, 80, 80, 92, 68, 68, 70, 78, 69, 75]
    Layer 12: dist=[78, 75, 66, 108, 108, 89, 70, 69, 73, 81, 78, 85, 65, 94, 70, 97, 93, 71, 91, 109, 110, 52, 74, 59]
    Layer 13: dist=[84, 82, 84, 83, 80, 77, 28, 53, 47, 67, 62, 86, 84, 112, 92, 71, 100, 81, 86, 92, 84, 89, 99, 88]
    Layer 14: dist=[45, 118, 119, 67, 56, 57, 63, 56, 56, 78, 100, 104, 94, 93, 93, 85, 80, 83, 60, 74, 80, 104, 115, 77]
    Layer 15: dist=[105, 105, 89, 72, 73, 81, 97, 77, 83, 63, 76, 76, 112, 115, 100, 90, 88, 95, 104, 109, 100, 93, 97, 100]
    Layer 16: dist=[124, 98, 120, 121, 97, 122, 90, 91, 87, 103, 122, 97, 120, 115, 106, 102, 107, 103, 95, 80, 87, 93, 116, 120]
    Layer 17: dist=[109, 112, 97, 115, 114, 105, 76, 96, 88, 113, 106, 116, 117, 107, 103, 91, 110, 90, 115, 111, 119, 122, 114, 119]
    Layer 18: dist=[80, 110, 121, 119, 115, 111, 94, 90, 96, 98, 105, 99, 123, 122, 121, 118, 114, 104, 114, 106, 96, 91, 111, 105]
    Layer 19: dist=[104, 76, 85, 92, 90, 95, 91, 49, 98, 94, 101, 98, 115, 84, 121, 115, 107, 110, 105, 94, 104, 114, 118, 117]
    Layer 20: dist=[102, 117, 118, 115, 112, 112, 109, 110, 122, 112, 112, 114, 102, 100, 115, 115, 113, 118, 109, 97, 98, 103, 108, 106]
    Layer 21: dist=[109, 112, 109, 122, 124, 121, 122, 120, 121, 101, 107, 100, 114, 117, 113, 117, 115, 117, 113, 117, 108, 104, 107, 105]
    Layer 22: dist=[119, 103, 111, 119, 118, 119, 123, 124, 122, 116, 119, 118, 111, 102, 84, 113, 95, 103, 117, 121, 117, 115, 123, 117]
    Layer 23: dist=[84, 104, 85, 104, 119, 114, 108, 116, 80, 114, 108, 112, 122, 118, 79, 99, 94, 91, 121, 121, 84, 112, 115, 81]
    Layer 24: dist=[118, 114, 116, 109, 113, 110, 93, 106, 87, 100, 69, 99, 80, 107, 119, 111, 105, 110, 121, 119, 123, 98, 104, 112]
    Layer 25: dist=[112, 122, 121, 121, 119, 123, 79, 72, 69, 121, 111, 121, 117, 97, 114, 88, 106, 105, 104, 106, 101, 79, 115, 57]
    Layer 26: dist=[79, 93, 64, 108, 104, 123, 102, 71, 109, 106, 100, 108, 75, 47, 69, 105, 98, 95, 35, 72, 59, 111, 108, 102]
    Layer 27: dist=[48, 108, 82, 111, 79, 53, 89, 89, 105, 69, 100, 6, 104, 109, 95, 102, 105, 98, 84, 70, 69, 76, 91, 88]

  [Taylor Step 2/3] OLS sigma per head (scaling V)...
    Layer  0: sigma=[0.143, 0.145, 0.138, 0.100, 0.100, 0.100, 0.100, 0.100, 0.100, 0.100, 0.100, 0.100, 0.100, 0.100, 0.100, 0.100, 0.100, 0.100, 0.100, 0.100, 0.100, 0.104, 0.100, 0.100]
    Layer  1: sigma=[0.100, 0.143, 0.100, 0.100, 0.100, 0.100, 0.100, 0.100, 0.100, 0.100, 0.100, 0.100, 0.100, 0.100, 0.100, 0.100, 0.100, 0.100, 0.100, 0.156, 0.100, 0.100, 0.100, 0.100]
    Layer  2: sigma=[0.100, 0.100, 0.100, 0.100, 0.100, 0.100, 0.100, 0.100, 0.100, 0.100, 0.100, 0.100, 0.100, 0.100, 0.100, 0.100, 0.100, 0.100, 0.100, 0.100, 0.100, 0.100, 0.100, 0.100]
    Layer  3: sigma=[0.100, 0.100, 0.100, 0.100, 0.100, 0.100, 0.100, 0.100, 0.100, 0.100, 0.100, 0.100, 0.100, 0.100, 0.100, 0.100, 0.100, 0.100, 0.100, 0.100, 0.100, 0.100, 0.100, 0.100]
    Layer  4: sigma=[0.100, 0.100, 0.100, 0.100, 0.100, 0.100, 0.100, 0.100, 0.100, 0.100, 0.100, 0.100, 0.100, 0.100, 0.100, 0.100, 0.100, 0.100, 0.100, 0.100, 0.100, 0.100, 0.100, 0.100]
    Layer  5: sigma=[0.100, 0.100, 0.100, 0.100, 0.100, 0.100, 0.100, 0.100, 0.100, 0.100, 0.100, 0.100, 0.100, 0.100, 0.100, 0.100, 0.100, 0.100, 0.100, 0.107, 0.100, 0.100, 0.100, 0.100]
    Layer  7: sigma=[0.100, 0.100, 0.100, 0.100, 0.100, 0.100, 0.100, 0.100, 0.100, 0.100, 0.100, 0.100, 0.100, 0.100, 0.100, 0.100, 0.100, 0.100, 0.100, 0.100, 0.100, 0.100, 0.100, 0.100]
    Layer  8: sigma=[0.100, 0.100, 0.100, 0.100, 0.100, 0.100, 0.100, 0.100, 0.100, 0.100, 0.100, 0.100, 0.100, 0.100, 0.100, 0.100, 0.100, 0.100, 0.100, 0.100, 0.100, 0.100, 0.100, 0.100]
    Layer  9: sigma=[0.100, 0.100, 0.100, 0.100, 0.100, 0.100, 0.100, 0.100, 0.100, 0.100, 0.100, 0.100, 0.100, 0.100, 0.100, 0.100, 0.100, 0.100, 0.100, 0.100, 0.100, 0.100, 0.100, 0.107]
    Layer 10: sigma=[0.100, 0.100, 0.100, 0.100, 0.100, 0.100, 0.100, 0.100, 0.110, 0.100, 0.100, 0.100, 0.123, 0.293, 0.100, 0.100, 0.100, 0.100, 0.100, 0.100, 0.100, 0.100, 0.140, 0.100]
    Layer 11: sigma=[0.100, 0.185, 0.100, 0.100, 0.100, 0.100, 0.100, 0.100, 0.100, 0.100, 0.100, 0.100, 0.100, 0.100, 0.100, 0.100, 0.100, 0.100, 0.100, 0.100, 0.100, 0.100, 0.100, 0.100]
    Layer 12: sigma=[0.100, 0.100, 0.100, 0.100, 0.100, 0.100, 0.100, 0.100, 0.100, 0.100, 0.100, 0.100, 0.100, 0.100, 0.112, 0.100, 0.100, 0.100, 0.100, 0.100, 0.100, 0.100, 0.100, 0.100]
    Layer 13: sigma=[0.100, 0.100, 0.100, 0.100, 0.100, 0.100, 0.100, 0.331, 0.101, 0.100, 0.100, 0.100, 0.100, 0.100, 0.100, 0.100, 0.141, 0.100, 0.100, 0.100, 0.100, 0.100, 0.100, 0.100]
    Layer 14: sigma=[0.100, 0.100, 0.100, 0.100, 0.100, 0.208, 0.100, 0.100, 0.100, 0.100, 0.100, 0.100, 0.100, 0.100, 0.100, 0.100, 0.100, 0.100, 0.100, 0.100, 0.100, 0.100, 0.100, 0.100]
    Layer 15: sigma=[0.100, 0.100, 0.100, 0.100, 0.100, 0.100, 0.100, 0.100, 0.100, 0.172, 0.100, 0.100, 0.100, 0.100, 0.100, 0.100, 0.100, 0.100, 0.100, 0.100, 0.100, 0.100, 0.100, 0.100]
    Layer 16: sigma=[0.100, 0.100, 0.100, 0.100, 0.100, 0.100, 0.100, 0.100, 0.100, 0.100, 0.100, 0.100, 0.100, 0.100, 0.100, 0.100, 0.100, 0.100, 0.100, 0.100, 0.100, 0.100, 0.100, 0.100]
    Layer 17: sigma=[0.100, 0.100, 0.100, 0.100, 0.100, 0.100, 0.100, 0.100, 0.100, 0.100, 0.100, 0.100, 0.100, 0.100, 0.100, 0.100, 0.100, 0.100, 0.100, 0.100, 0.100, 0.100, 0.100, 0.100]
    Layer 18: sigma=[0.100, 0.100, 0.100, 0.100, 0.100, 0.100, 0.100, 0.105, 0.100, 0.100, 0.100, 0.100, 0.100, 0.100, 0.100, 0.100, 0.100, 0.100, 0.100, 0.100, 0.100, 0.100, 0.100, 0.100]
    Layer 19: sigma=[0.100, 0.100, 0.100, 0.100, 0.100, 0.100, 0.100, 0.164, 0.100, 0.100, 0.163, 0.100, 0.100, 0.100, 0.100, 0.100, 0.100, 0.100, 0.100, 0.100, 0.100, 0.100, 0.100, 0.100]
    Layer 20: sigma=[0.100, 0.100, 0.100, 0.100, 0.100, 0.100, 0.100, 0.100, 0.100, 0.100, 0.100, 0.100, 0.100, 0.100, 0.100, 0.100, 0.100, 0.100, 0.100, 0.100, 0.100, 0.100, 0.100, 0.100]
    Layer 21: sigma=[0.100, 0.100, 0.100, 0.100, 0.100, 0.100, 0.100, 0.100, 0.100, 0.100, 0.100, 0.100, 0.100, 0.100, 0.100, 0.100, 0.100, 0.100, 0.100, 0.100, 0.100, 0.100, 0.100, 0.100]
    Layer 22: sigma=[0.100, 0.100, 0.100, 0.100, 0.100, 0.100, 0.100, 0.100, 0.100, 0.100, 0.100, 0.100, 0.100, 0.100, 0.100, 0.100, 0.100, 0.100, 0.100, 0.100, 0.100, 0.100, 0.100, 0.100]
    Layer 23: sigma=[0.100, 0.100, 0.100, 0.113, 0.100, 0.100, 0.100, 0.100, 0.100, 0.100, 0.100, 0.100, 0.100, 0.100, 0.100, 0.100, 0.100, 0.100, 0.100, 0.100, 0.195, 0.100, 0.100, 0.100]
    Layer 24: sigma=[0.100, 0.100, 0.100, 0.100, 0.100, 0.100, 0.100, 0.100, 0.100, 0.268, 0.100, 0.100, 0.100, 0.100, 0.100, 0.100, 0.100, 0.100, 0.100, 0.100, 0.100, 0.100, 0.100, 0.100]
    Layer 25: sigma=[0.100, 0.100, 0.100, 0.100, 0.100, 0.100, 0.100, 0.100, 0.111, 0.100, 0.114, 0.100, 0.100, 0.113, 0.100, 0.100, 0.100, 0.100, 0.100, 0.100, 0.100, 0.100, 0.100, 0.100]
    Layer 26: sigma=[0.100, 0.100, 0.100, 0.100, 0.102, 0.100, 0.100, 0.100, 0.100, 0.100, 0.100, 0.100, 0.156, 0.100, 0.100, 0.100, 0.100, 0.100, 0.298, 0.100, 0.100, 0.100, 0.100, 0.100]
    Layer 27: sigma=[0.317, 0.100, 0.100, 0.100, 0.100, 0.100, 0.100, 0.100, 0.100, 0.100, 0.100, 0.100, 0.100, 0.100, 0.100, 0.100, 0.100, 0.100, 0.267, 0.100, 0.254, 0.100, 0.100, 0.100]

  [Taylor Step 3/3] g_proj = v_proj * alpha (damping=0.01)...
    Layer  0: alpha=0.056252  teacher_rms=0.0170  v_rms=0.0030
    Layer  1: alpha=0.058891  teacher_rms=0.0387  v_rms=0.0066
    Layer  2: alpha=0.015216  teacher_rms=0.0168  v_rms=0.0110
    Layer  3: alpha=0.017317  teacher_rms=0.0218  v_rms=0.0126
    Layer  4: alpha=0.025271  teacher_rms=0.0316  v_rms=0.0125
    Layer  5: alpha=0.034059  teacher_rms=0.0429  v_rms=0.0126
    Layer  7: alpha=0.047453  teacher_rms=0.0681  v_rms=0.0143
    Layer  8: alpha=0.052318  teacher_rms=0.0757  v_rms=0.0145
    Layer  9: alpha=0.048081  teacher_rms=0.0774  v_rms=0.0161
    Layer 10: alpha=0.046620  teacher_rms=0.0848  v_rms=0.0182
    Layer 11: alpha=0.050056  teacher_rms=0.0824  v_rms=0.0165
    Layer 12: alpha=0.054211  teacher_rms=0.0896  v_rms=0.0165
    Layer 13: alpha=0.046895  teacher_rms=0.0933  v_rms=0.0199
    Layer 14: alpha=0.048903  teacher_rms=0.0816  v_rms=0.0167
    Layer 15: alpha=0.040608  teacher_rms=0.0673  v_rms=0.0166
    Layer 16: alpha=0.028714  teacher_rms=0.0493  v_rms=0.0172
    Layer 17: alpha=0.024043  teacher_rms=0.0430  v_rms=0.0179
    Layer 18: alpha=0.022937  teacher_rms=0.0427  v_rms=0.0186
    Layer 19: alpha=0.033571  teacher_rms=0.0638  v_rms=0.0190
    Layer 20: alpha=0.022405  teacher_rms=0.0426  v_rms=0.0190
    Layer 21: alpha=0.019452  teacher_rms=0.0411  v_rms=0.0211
    Layer 22: alpha=0.019571  teacher_rms=0.0441  v_rms=0.0226
    Layer 23: alpha=0.032581  teacher_rms=0.0659  v_rms=0.0202
    Layer 24: alpha=0.027320  teacher_rms=0.0766  v_rms=0.0280
    Layer 25: alpha=0.033672  teacher_rms=0.0859  v_rms=0.0255
    Layer 26: alpha=0.038571  teacher_rms=0.1157  v_rms=0.0300
    Layer 27: alpha=0.042415  teacher_rms=0.1451  v_rms=0.0342

  Set g_proj = v_proj * alpha in 27 GDN layers (damping=0.01).
  Init (taylor_distill) done in 188.4s
  Layer 6: PPL = 533.44  (eval 9.6s)

============================================================
  Probing layer 7 | strategy=taylor_distill
============================================================
Loading checkpoint shards:   0%|          | 0/2 [00:00<?, ?it/s]Loading checkpoint shards: 100%|██████████| 2/2 [00:00<00:00, 106.47it/s]
Loading checkpoint shards:   0%|          | 0/2 [00:00<?, ?it/s]Loading checkpoint shards: 100%|██████████| 2/2 [00:00<00:00, 121.79it/s]
Token indices sequence length is longer than the specified maximum sequence length for this model (2349952 > 131072). Running this sequence through the model will result in indexing errors
  [Taylor Step 1/3] Gate calibration from attention stats...
    Layer  0: dist=[22, 3, 29, 29, 23, 23, 45, 42, 35, 49, 55, 53, 51, 45, 49, 7, 57, 35, 19, 33, 21, 58, 58, 47]
    Layer  1: dist=[37, 40, 77, 52, 50, 57, 33, 74, 40, 65, 64, 71, 45, 43, 50, 25, 28, 66, 58, 48, 61, 52, 50, 57]
    Layer  2: dist=[115, 119, 121, 102, 116, 107, 121, 117, 116, 119, 113, 101, 119, 119, 102, 122, 122, 122, 120, 120, 121, 115, 118, 113]
    Layer  3: dist=[98, 116, 112, 123, 119, 122, 105, 113, 115, 107, 117, 107, 113, 116, 114, 108, 102, 111, 111, 118, 116, 93, 96, 95]
    Layer  4: dist=[98, 112, 120, 98, 97, 92, 99, 95, 108, 107, 104, 113, 86, 106, 111, 97, 120, 105, 99, 102, 101, 118, 122, 109]
    Layer  5: dist=[114, 106, 103, 84, 90, 96, 121, 126, 112, 95, 100, 99, 72, 81, 95, 112, 99, 103, 99, 92, 96, 88, 97, 96]
    Layer  6: dist=[99, 111, 96, 87, 85, 92, 100, 96, 97, 90, 82, 87, 92, 103, 83, 77, 82, 84, 101, 100, 87, 102, 97, 95]
    Layer  8: dist=[95, 73, 108, 73, 90, 76, 107, 95, 107, 78, 88, 80, 72, 84, 80, 72, 66, 74, 78, 82, 81, 79, 64, 71]
    Layer  9: dist=[63, 63, 64, 97, 102, 103, 65, 61, 74, 91, 88, 89, 85, 79, 64, 86, 77, 79, 89, 107, 98, 74, 64, 92]
    Layer 10: dist=[78, 77, 81, 94, 97, 98, 78, 72, 70, 83, 70, 101, 61, 52, 66, 85, 89, 75, 62, 65, 67, 112, 99, 87]
    Layer 11: dist=[47, 70, 52, 76, 79, 80, 80, 74, 70, 79, 72, 63, 82, 74, 93, 80, 80, 92, 68, 68, 70, 78, 69, 75]
    Layer 12: dist=[78, 75, 66, 108, 108, 89, 70, 69, 73, 81, 78, 85, 65, 94, 70, 97, 93, 71, 91, 109, 110, 52, 74, 59]
    Layer 13: dist=[84, 82, 84, 83, 80, 77, 28, 53, 47, 67, 62, 86, 84, 112, 92, 71, 100, 81, 86, 92, 84, 89, 99, 88]
    Layer 14: dist=[45, 118, 119, 67, 56, 57, 63, 56, 56, 78, 100, 104, 94, 93, 93, 85, 80, 83, 60, 74, 80, 104, 115, 77]
    Layer 15: dist=[105, 105, 89, 72, 73, 81, 97, 77, 83, 63, 76, 76, 112, 115, 100, 90, 88, 95, 104, 109, 100, 93, 97, 100]
    Layer 16: dist=[124, 98, 120, 121, 97, 122, 90, 91, 87, 103, 122, 97, 120, 115, 106, 102, 107, 103, 95, 80, 87, 93, 116, 120]
    Layer 17: dist=[109, 112, 97, 115, 114, 105, 76, 96, 88, 113, 106, 116, 117, 107, 103, 91, 110, 90, 115, 111, 119, 122, 114, 119]
    Layer 18: dist=[80, 110, 121, 119, 115, 111, 94, 90, 96, 98, 105, 99, 123, 122, 121, 118, 114, 104, 114, 106, 96, 91, 111, 105]
    Layer 19: dist=[104, 76, 85, 92, 90, 95, 91, 49, 98, 94, 101, 98, 115, 84, 121, 115, 107, 110, 105, 94, 104, 114, 118, 117]
    Layer 20: dist=[102, 117, 118, 115, 112, 112, 109, 110, 122, 112, 112, 114, 102, 100, 115, 115, 113, 118, 109, 97, 98, 103, 108, 106]
    Layer 21: dist=[109, 112, 109, 122, 124, 121, 122, 120, 121, 101, 107, 100, 114, 117, 113, 117, 115, 117, 113, 117, 108, 104, 107, 105]
    Layer 22: dist=[119, 103, 111, 119, 118, 119, 123, 124, 122, 116, 119, 118, 111, 102, 84, 113, 95, 103, 117, 121, 117, 115, 123, 117]
    Layer 23: dist=[84, 104, 85, 104, 119, 114, 108, 116, 80, 114, 108, 112, 122, 118, 79, 99, 94, 91, 121, 121, 84, 112, 115, 81]
    Layer 24: dist=[118, 114, 116, 109, 113, 110, 93, 106, 87, 100, 69, 99, 80, 107, 119, 111, 105, 110, 121, 119, 123, 98, 104, 112]
    Layer 25: dist=[112, 122, 121, 121, 119, 123, 79, 72, 69, 121, 111, 121, 117, 97, 114, 88, 106, 105, 104, 106, 101, 79, 115, 57]
    Layer 26: dist=[79, 93, 64, 108, 104, 123, 102, 71, 109, 106, 100, 108, 75, 47, 69, 105, 98, 95, 35, 72, 59, 111, 108, 102]
    Layer 27: dist=[48, 108, 82, 111, 79, 53, 89, 89, 105, 69, 100, 6, 104, 109, 95, 102, 105, 98, 84, 70, 69, 76, 91, 88]

  [Taylor Step 2/3] OLS sigma per head (scaling V)...
    Layer  0: sigma=[0.141, 0.137, 0.139, 0.100, 0.100, 0.100, 0.100, 0.100, 0.100, 0.100, 0.100, 0.100, 0.100, 0.100, 0.100, 0.100, 0.100, 0.100, 0.100, 0.100, 0.100, 0.105, 0.100, 0.100]
    Layer  1: sigma=[0.100, 0.149, 0.100, 0.100, 0.100, 0.100, 0.100, 0.100, 0.100, 0.100, 0.100, 0.100, 0.100, 0.100, 0.100, 0.100, 0.100, 0.100, 0.100, 0.145, 0.100, 0.100, 0.100, 0.100]
    Layer  2: sigma=[0.100, 0.100, 0.100, 0.100, 0.100, 0.100, 0.100, 0.100, 0.100, 0.100, 0.100, 0.100, 0.100, 0.100, 0.100, 0.100, 0.100, 0.100, 0.100, 0.100, 0.100, 0.100, 0.100, 0.100]
    Layer  3: sigma=[0.100, 0.100, 0.100, 0.100, 0.100, 0.100, 0.100, 0.100, 0.100, 0.100, 0.100, 0.100, 0.100, 0.100, 0.100, 0.100, 0.100, 0.100, 0.100, 0.100, 0.100, 0.100, 0.100, 0.100]
    Layer  4: sigma=[0.100, 0.100, 0.100, 0.100, 0.100, 0.100, 0.100, 0.100, 0.100, 0.100, 0.100, 0.100, 0.100, 0.100, 0.100, 0.100, 0.100, 0.100, 0.100, 0.100, 0.100, 0.100, 0.100, 0.100]
    Layer  5: sigma=[0.100, 0.100, 0.100, 0.100, 0.100, 0.100, 0.100, 0.100, 0.100, 0.100, 0.100, 0.100, 0.100, 0.100, 0.100, 0.100, 0.100, 0.100, 0.100, 0.106, 0.100, 0.100, 0.100, 0.100]
    Layer  6: sigma=[0.100, 0.100, 0.100, 0.100, 0.100, 0.100, 0.100, 0.100, 0.100, 0.100, 0.100, 0.100, 0.100, 0.100, 0.100, 0.100, 0.100, 0.100, 0.100, 0.100, 0.100, 0.100, 0.100, 0.100]
    Layer  8: sigma=[0.100, 0.100, 0.100, 0.100, 0.100, 0.100, 0.100, 0.100, 0.100, 0.100, 0.100, 0.100, 0.100, 0.100, 0.100, 0.100, 0.100, 0.100, 0.100, 0.100, 0.100, 0.100, 0.100, 0.100]
    Layer  9: sigma=[0.100, 0.100, 0.100, 0.100, 0.100, 0.100, 0.100, 0.100, 0.100, 0.100, 0.100, 0.100, 0.100, 0.100, 0.100, 0.100, 0.100, 0.100, 0.100, 0.100, 0.100, 0.100, 0.100, 0.107]
    Layer 10: sigma=[0.100, 0.100, 0.100, 0.100, 0.100, 0.100, 0.100, 0.100, 0.107, 0.100, 0.100, 0.100, 0.126, 0.290, 0.100, 0.100, 0.100, 0.100, 0.100, 0.100, 0.100, 0.100, 0.136, 0.100]
    Layer 11: sigma=[0.100, 0.229, 0.100, 0.100, 0.100, 0.100, 0.100, 0.100, 0.100, 0.100, 0.100, 0.100, 0.100, 0.100, 0.100, 0.100, 0.100, 0.100, 0.100, 0.100, 0.100, 0.100, 0.100, 0.100]
    Layer 12: sigma=[0.100, 0.100, 0.100, 0.100, 0.100, 0.100, 0.100, 0.100, 0.100, 0.100, 0.100, 0.100, 0.100, 0.100, 0.102, 0.100, 0.100, 0.100, 0.100, 0.100, 0.100, 0.100, 0.100, 0.100]
    Layer 13: sigma=[0.100, 0.100, 0.100, 0.100, 0.100, 0.100, 0.100, 0.347, 0.100, 0.100, 0.100, 0.100, 0.100, 0.100, 0.100, 0.100, 0.133, 0.100, 0.100, 0.100, 0.100, 0.100, 0.100, 0.100]
    Layer 14: sigma=[0.100, 0.100, 0.100, 0.100, 0.100, 0.187, 0.100, 0.100, 0.100, 0.100, 0.100, 0.100, 0.100, 0.100, 0.100, 0.100, 0.100, 0.100, 0.100, 0.100, 0.100, 0.100, 0.100, 0.100]
    Layer 15: sigma=[0.100, 0.100, 0.100, 0.100, 0.100, 0.100, 0.100, 0.100, 0.100, 0.162, 0.100, 0.100, 0.100, 0.100, 0.100, 0.100, 0.100, 0.100, 0.100, 0.100, 0.100, 0.100, 0.100, 0.100]
    Layer 16: sigma=[0.100, 0.100, 0.100, 0.100, 0.100, 0.100, 0.100, 0.100, 0.100, 0.100, 0.100, 0.100, 0.100, 0.100, 0.100, 0.100, 0.100, 0.100, 0.100, 0.100, 0.100, 0.100, 0.100, 0.100]
    Layer 17: sigma=[0.100, 0.100, 0.100, 0.100, 0.100, 0.100, 0.100, 0.100, 0.100, 0.100, 0.100, 0.100, 0.100, 0.100, 0.100, 0.100, 0.100, 0.100, 0.100, 0.100, 0.100, 0.100, 0.100, 0.100]
    Layer 18: sigma=[0.100, 0.100, 0.100, 0.100, 0.100, 0.100, 0.100, 0.100, 0.100, 0.100, 0.100, 0.100, 0.100, 0.100, 0.100, 0.100, 0.100, 0.100, 0.100, 0.100, 0.100, 0.100, 0.100, 0.100]
    Layer 19: sigma=[0.100, 0.100, 0.100, 0.100, 0.100, 0.100, 0.100, 0.201, 0.100, 0.100, 0.150, 0.100, 0.100, 0.100, 0.100, 0.100, 0.100, 0.100, 0.100, 0.100, 0.100, 0.100, 0.100, 0.100]
    Layer 20: sigma=[0.100, 0.100, 0.100, 0.100, 0.100, 0.100, 0.100, 0.100, 0.100, 0.100, 0.100, 0.100, 0.100, 0.100, 0.100, 0.100, 0.100, 0.100, 0.100, 0.100, 0.100, 0.100, 0.100, 0.100]
    Layer 21: sigma=[0.100, 0.100, 0.100, 0.100, 0.100, 0.100, 0.100, 0.100, 0.100, 0.100, 0.100, 0.100, 0.100, 0.100, 0.100, 0.100, 0.100, 0.100, 0.100, 0.100, 0.100, 0.100, 0.100, 0.100]
    Layer 22: sigma=[0.100, 0.100, 0.100, 0.100, 0.100, 0.100, 0.100, 0.100, 0.100, 0.100, 0.100, 0.100, 0.100, 0.100, 0.100, 0.100, 0.100, 0.100, 0.100, 0.100, 0.100, 0.100, 0.100, 0.100]
    Layer 23: sigma=[0.100, 0.100, 0.100, 0.112, 0.100, 0.100, 0.100, 0.100, 0.100, 0.100, 0.100, 0.100, 0.100, 0.100, 0.100, 0.100, 0.100, 0.100, 0.100, 0.100, 0.216, 0.100, 0.100, 0.100]
    Layer 24: sigma=[0.100, 0.100, 0.100, 0.100, 0.100, 0.100, 0.100, 0.100, 0.100, 0.279, 0.100, 0.100, 0.100, 0.100, 0.100, 0.100, 0.100, 0.100, 0.100, 0.100, 0.100, 0.100, 0.100, 0.100]
    Layer 25: sigma=[0.100, 0.100, 0.100, 0.100, 0.100, 0.100, 0.100, 0.100, 0.118, 0.100, 0.113, 0.100, 0.100, 0.121, 0.100, 0.100, 0.100, 0.100, 0.100, 0.100, 0.100, 0.100, 0.100, 0.100]
    Layer 26: sigma=[0.100, 0.100, 0.100, 0.100, 0.107, 0.100, 0.100, 0.100, 0.100, 0.100, 0.100, 0.100, 0.130, 0.100, 0.100, 0.100, 0.100, 0.100, 0.287, 0.100, 0.100, 0.100, 0.100, 0.100]
    Layer 27: sigma=[0.318, 0.100, 0.100, 0.100, 0.100, 0.100, 0.100, 0.100, 0.100, 0.100, 0.100, 0.100, 0.100, 0.100, 0.100, 0.100, 0.100, 0.100, 0.301, 0.100, 0.279, 0.100, 0.100, 0.100]

  [Taylor Step 3/3] g_proj = v_proj * alpha (damping=0.01)...
    Layer  0: alpha=0.056397  teacher_rms=0.0170  v_rms=0.0030
    Layer  1: alpha=0.059075  teacher_rms=0.0387  v_rms=0.0066
    Layer  2: alpha=0.015216  teacher_rms=0.0168  v_rms=0.0110
    Layer  3: alpha=0.017317  teacher_rms=0.0218  v_rms=0.0126
    Layer  4: alpha=0.025271  teacher_rms=0.0316  v_rms=0.0125
    Layer  5: alpha=0.034079  teacher_rms=0.0429  v_rms=0.0126
    Layer  6: alpha=0.039001  teacher_rms=0.0529  v_rms=0.0136
    Layer  8: alpha=0.052318  teacher_rms=0.0757  v_rms=0.0145
    Layer  9: alpha=0.048073  teacher_rms=0.0774  v_rms=0.0161
    Layer 10: alpha=0.046805  teacher_rms=0.0848  v_rms=0.0181
    Layer 11: alpha=0.048662  teacher_rms=0.0824  v_rms=0.0169
    Layer 12: alpha=0.054452  teacher_rms=0.0896  v_rms=0.0165
    Layer 13: alpha=0.046448  teacher_rms=0.0933  v_rms=0.0201
    Layer 14: alpha=0.049555  teacher_rms=0.0816  v_rms=0.0165
    Layer 15: alpha=0.040860  teacher_rms=0.0673  v_rms=0.0165
    Layer 16: alpha=0.028714  teacher_rms=0.0493  v_rms=0.0172
    Layer 17: alpha=0.024043  teacher_rms=0.0430  v_rms=0.0179
    Layer 18: alpha=0.022965  teacher_rms=0.0427  v_rms=0.0186
    Layer 19: alpha=0.033042  teacher_rms=0.0638  v_rms=0.0193
    Layer 20: alpha=0.022405  teacher_rms=0.0426  v_rms=0.0190
    Layer 21: alpha=0.019452  teacher_rms=0.0411  v_rms=0.0211
    Layer 22: alpha=0.019571  teacher_rms=0.0441  v_rms=0.0226
    Layer 23: alpha=0.032182  teacher_rms=0.0659  v_rms=0.0205
    Layer 24: alpha=0.027102  teacher_rms=0.0766  v_rms=0.0283
    Layer 25: alpha=0.033509  teacher_rms=0.0859  v_rms=0.0256
    Layer 26: alpha=0.039125  teacher_rms=0.1157  v_rms=0.0296
    Layer 27: alpha=0.041156  teacher_rms=0.1451  v_rms=0.0353

  Set g_proj = v_proj * alpha in 27 GDN layers (damping=0.01).
  Init (taylor_distill) done in 188.7s
  Layer 7: PPL = 572.16  (eval 10.0s)

============================================================
  Probing layer 8 | strategy=taylor_distill
============================================================
Loading checkpoint shards:   0%|          | 0/2 [00:00<?, ?it/s]Loading checkpoint shards: 100%|██████████| 2/2 [00:00<00:00, 99.08it/s]
Loading checkpoint shards:   0%|          | 0/2 [00:00<?, ?it/s]Loading checkpoint shards: 100%|██████████| 2/2 [00:00<00:00, 121.15it/s]
Token indices sequence length is longer than the specified maximum sequence length for this model (2349952 > 131072). Running this sequence through the model will result in indexing errors
  [Taylor Step 1/3] Gate calibration from attention stats...
    Layer  0: dist=[22, 3, 29, 29, 23, 23, 45, 42, 35, 49, 55, 53, 51, 45, 49, 7, 57, 35, 19, 33, 21, 58, 58, 47]
    Layer  1: dist=[37, 40, 77, 52, 50, 57, 33, 74, 40, 65, 64, 71, 45, 43, 50, 25, 28, 66, 58, 48, 61, 52, 50, 57]
    Layer  2: dist=[115, 119, 121, 102, 116, 107, 121, 117, 116, 119, 113, 101, 119, 119, 102, 122, 122, 122, 120, 120, 121, 115, 118, 113]
    Layer  3: dist=[98, 116, 112, 123, 119, 122, 105, 113, 115, 107, 117, 107, 113, 116, 114, 108, 102, 111, 111, 118, 116, 93, 96, 95]
    Layer  4: dist=[98, 112, 120, 98, 97, 92, 99, 95, 108, 107, 104, 113, 86, 106, 111, 97, 120, 105, 99, 102, 101, 118, 122, 109]
    Layer  5: dist=[114, 106, 103, 84, 90, 96, 121, 126, 112, 95, 100, 99, 72, 81, 95, 112, 99, 103, 99, 92, 96, 88, 97, 96]
    Layer  6: dist=[99, 111, 96, 87, 85, 92, 100, 96, 97, 90, 82, 87, 92, 103, 83, 77, 82, 84, 101, 100, 87, 102, 97, 95]
    Layer  7: dist=[85, 72, 99, 68, 88, 85, 65, 71, 79, 78, 96, 85, 94, 82, 84, 85, 83, 94, 88, 83, 81, 82, 87, 79]
    Layer  9: dist=[63, 63, 64, 97, 102, 103, 65, 61, 74, 91, 88, 89, 85, 79, 64, 86, 77, 79, 89, 107, 98, 74, 64, 92]
    Layer 10: dist=[78, 77, 81, 94, 97, 98, 78, 72, 70, 83, 70, 101, 61, 52, 66, 85, 89, 75, 62, 65, 67, 112, 99, 87]
    Layer 11: dist=[47, 70, 52, 76, 79, 80, 80, 74, 70, 79, 72, 63, 82, 74, 93, 80, 80, 92, 68, 68, 70, 78, 69, 75]
    Layer 12: dist=[78, 75, 66, 108, 108, 89, 70, 69, 73, 81, 78, 85, 65, 94, 70, 97, 93, 71, 91, 109, 110, 52, 74, 59]
    Layer 13: dist=[84, 82, 84, 83, 80, 77, 28, 53, 47, 67, 62, 86, 84, 112, 92, 71, 100, 81, 86, 92, 84, 89, 99, 88]
    Layer 14: dist=[45, 118, 119, 67, 56, 57, 63, 56, 56, 78, 100, 104, 94, 93, 93, 85, 80, 83, 60, 74, 80, 104, 115, 77]
    Layer 15: dist=[105, 105, 89, 72, 73, 81, 97, 77, 83, 63, 76, 76, 112, 115, 100, 90, 88, 95, 104, 109, 100, 93, 97, 100]
    Layer 16: dist=[124, 98, 120, 121, 97, 122, 90, 91, 87, 103, 122, 97, 120, 115, 106, 102, 107, 103, 95, 80, 87, 93, 116, 120]
    Layer 17: dist=[109, 112, 97, 115, 114, 105, 76, 96, 88, 113, 106, 116, 117, 107, 103, 91, 110, 90, 115, 111, 119, 122, 114, 119]
    Layer 18: dist=[80, 110, 121, 119, 115, 111, 94, 90, 96, 98, 105, 99, 123, 122, 121, 118, 114, 104, 114, 106, 96, 91, 111, 105]
    Layer 19: dist=[104, 76, 85, 92, 90, 95, 91, 49, 98, 94, 101, 98, 115, 84, 121, 115, 107, 110, 105, 94, 104, 114, 118, 117]
    Layer 20: dist=[102, 117, 118, 115, 112, 112, 109, 110, 122, 112, 112, 114, 102, 100, 115, 115, 113, 118, 109, 97, 98, 103, 108, 106]
    Layer 21: dist=[109, 112, 109, 122, 124, 121, 122, 120, 121, 101, 107, 100, 114, 117, 113, 117, 115, 117, 113, 117, 108, 104, 107, 105]
    Layer 22: dist=[119, 103, 111, 119, 118, 119, 123, 124, 122, 116, 119, 118, 111, 102, 84, 113, 95, 103, 117, 121, 117, 115, 123, 117]
    Layer 23: dist=[84, 104, 85, 104, 119, 114, 108, 116, 80, 114, 108, 112, 122, 118, 79, 99, 94, 91, 121, 121, 84, 112, 115, 81]
    Layer 24: dist=[118, 114, 116, 109, 113, 110, 93, 106, 87, 100, 69, 99, 80, 107, 119, 111, 105, 110, 121, 119, 123, 98, 104, 112]
    Layer 25: dist=[112, 122, 121, 121, 119, 123, 79, 72, 69, 121, 111, 121, 117, 97, 114, 88, 106, 105, 104, 106, 101, 79, 115, 57]
    Layer 26: dist=[79, 93, 64, 108, 104, 123, 102, 71, 109, 106, 100, 108, 75, 47, 69, 105, 98, 95, 35, 72, 59, 111, 108, 102]
    Layer 27: dist=[48, 108, 82, 111, 79, 53, 89, 89, 105, 69, 100, 6, 104, 109, 95, 102, 105, 98, 84, 70, 69, 76, 91, 88]

  [Taylor Step 2/3] OLS sigma per head (scaling V)...
    Layer  0: sigma=[0.143, 0.140, 0.138, 0.100, 0.100, 0.100, 0.100, 0.100, 0.100, 0.100, 0.100, 0.100, 0.100, 0.100, 0.100, 0.100, 0.100, 0.100, 0.100, 0.100, 0.100, 0.111, 0.100, 0.100]
    Layer  1: sigma=[0.100, 0.173, 0.100, 0.100, 0.100, 0.100, 0.100, 0.100, 0.100, 0.100, 0.100, 0.100, 0.100, 0.100, 0.100, 0.100, 0.100, 0.100, 0.100, 0.164, 0.100, 0.100, 0.100, 0.100]
    Layer  2: sigma=[0.100, 0.100, 0.100, 0.100, 0.100, 0.100, 0.100, 0.100, 0.100, 0.100, 0.100, 0.100, 0.100, 0.100, 0.100, 0.100, 0.100, 0.100, 0.100, 0.100, 0.100, 0.100, 0.100, 0.100]
    Layer  3: sigma=[0.100, 0.100, 0.100, 0.100, 0.100, 0.100, 0.100, 0.100, 0.100, 0.100, 0.100, 0.100, 0.100, 0.100, 0.100, 0.100, 0.100, 0.100, 0.100, 0.100, 0.100, 0.100, 0.100, 0.100]
    Layer  4: sigma=[0.100, 0.100, 0.100, 0.100, 0.100, 0.100, 0.100, 0.100, 0.100, 0.100, 0.100, 0.100, 0.100, 0.100, 0.100, 0.100, 0.100, 0.100, 0.100, 0.100, 0.100, 0.100, 0.100, 0.100]
    Layer  5: sigma=[0.100, 0.100, 0.100, 0.100, 0.100, 0.100, 0.100, 0.100, 0.100, 0.100, 0.100, 0.100, 0.100, 0.100, 0.100, 0.100, 0.100, 0.100, 0.100, 0.108, 0.100, 0.100, 0.100, 0.100]
    Layer  6: sigma=[0.100, 0.100, 0.100, 0.100, 0.100, 0.100, 0.100, 0.100, 0.100, 0.100, 0.100, 0.100, 0.100, 0.100, 0.100, 0.100, 0.100, 0.100, 0.100, 0.100, 0.100, 0.100, 0.100, 0.100]
    Layer  7: sigma=[0.100, 0.100, 0.100, 0.100, 0.100, 0.100, 0.100, 0.100, 0.100, 0.100, 0.100, 0.100, 0.100, 0.100, 0.100, 0.100, 0.100, 0.100, 0.100, 0.100, 0.100, 0.100, 0.100, 0.100]
    Layer  9: sigma=[0.100, 0.100, 0.100, 0.100, 0.100, 0.100, 0.100, 0.100, 0.100, 0.100, 0.100, 0.100, 0.100, 0.100, 0.100, 0.100, 0.100, 0.100, 0.100, 0.100, 0.100, 0.100, 0.100, 0.102]
    Layer 10: sigma=[0.100, 0.100, 0.100, 0.100, 0.100, 0.100, 0.100, 0.100, 0.113, 0.100, 0.100, 0.100, 0.128, 0.290, 0.100, 0.100, 0.100, 0.100, 0.100, 0.100, 0.100, 0.100, 0.131, 0.100]
    Layer 11: sigma=[0.100, 0.247, 0.100, 0.100, 0.100, 0.100, 0.100, 0.100, 0.100, 0.100, 0.100, 0.100, 0.100, 0.100, 0.100, 0.100, 0.100, 0.100, 0.100, 0.100, 0.100, 0.100, 0.100, 0.100]
    Layer 12: sigma=[0.100, 0.100, 0.100, 0.100, 0.100, 0.100, 0.100, 0.100, 0.100, 0.100, 0.100, 0.100, 0.100, 0.100, 0.107, 0.100, 0.100, 0.100, 0.100, 0.100, 0.100, 0.100, 0.100, 0.100]
    Layer 13: sigma=[0.100, 0.100, 0.100, 0.100, 0.100, 0.100, 0.100, 0.347, 0.104, 0.100, 0.100, 0.100, 0.100, 0.100, 0.100, 0.100, 0.137, 0.100, 0.100, 0.100, 0.100, 0.100, 0.100, 0.100]
    Layer 14: sigma=[0.100, 0.100, 0.100, 0.100, 0.100, 0.192, 0.100, 0.100, 0.100, 0.100, 0.100, 0.100, 0.100, 0.100, 0.100, 0.100, 0.100, 0.100, 0.100, 0.100, 0.100, 0.100, 0.100, 0.100]
    Layer 15: sigma=[0.100, 0.100, 0.100, 0.100, 0.100, 0.100, 0.100, 0.100, 0.100, 0.162, 0.100, 0.100, 0.100, 0.100, 0.100, 0.100, 0.100, 0.100, 0.100, 0.100, 0.100, 0.100, 0.100, 0.100]
    Layer 16: sigma=[0.100, 0.100, 0.100, 0.100, 0.100, 0.100, 0.100, 0.100, 0.100, 0.100, 0.100, 0.100, 0.100, 0.100, 0.100, 0.100, 0.100, 0.100, 0.100, 0.100, 0.100, 0.100, 0.100, 0.100]
    Layer 17: sigma=[0.100, 0.100, 0.100, 0.100, 0.100, 0.100, 0.100, 0.100, 0.100, 0.100, 0.100, 0.100, 0.100, 0.100, 0.100, 0.100, 0.100, 0.100, 0.100, 0.100, 0.100, 0.100, 0.100, 0.100]
    Layer 18: sigma=[0.100, 0.100, 0.100, 0.100, 0.100, 0.100, 0.100, 0.109, 0.100, 0.100, 0.100, 0.100, 0.100, 0.100, 0.100, 0.100, 0.100, 0.100, 0.100, 0.100, 0.100, 0.100, 0.100, 0.100]
    Layer 19: sigma=[0.100, 0.100, 0.100, 0.100, 0.100, 0.100, 0.100, 0.165, 0.100, 0.100, 0.158, 0.100, 0.100, 0.100, 0.100, 0.100, 0.100, 0.100, 0.100, 0.100, 0.100, 0.100, 0.100, 0.100]
    Layer 20: sigma=[0.100, 0.100, 0.100, 0.100, 0.100, 0.100, 0.100, 0.100, 0.100, 0.100, 0.100, 0.100, 0.100, 0.100, 0.100, 0.100, 0.100, 0.100, 0.100, 0.100, 0.100, 0.100, 0.100, 0.100]
    Layer 21: sigma=[0.100, 0.100, 0.100, 0.100, 0.100, 0.100, 0.100, 0.100, 0.100, 0.100, 0.100, 0.100, 0.100, 0.100, 0.100, 0.100, 0.100, 0.100, 0.100, 0.100, 0.100, 0.100, 0.100, 0.100]
    Layer 22: sigma=[0.100, 0.100, 0.100, 0.100, 0.100, 0.100, 0.100, 0.100, 0.100, 0.100, 0.100, 0.100, 0.100, 0.100, 0.100, 0.100, 0.100, 0.100, 0.100, 0.100, 0.100, 0.100, 0.100, 0.100]
    Layer 23: sigma=[0.100, 0.100, 0.100, 0.105, 0.100, 0.100, 0.100, 0.100, 0.100, 0.100, 0.100, 0.100, 0.100, 0.100, 0.100, 0.100, 0.100, 0.100, 0.100, 0.100, 0.192, 0.100, 0.100, 0.100]
    Layer 24: sigma=[0.100, 0.100, 0.100, 0.100, 0.100, 0.100, 0.100, 0.100, 0.100, 0.283, 0.100, 0.100, 0.100, 0.100, 0.100, 0.100, 0.100, 0.100, 0.100, 0.100, 0.100, 0.100, 0.100, 0.100]
    Layer 25: sigma=[0.100, 0.100, 0.100, 0.100, 0.100, 0.100, 0.100, 0.100, 0.114, 0.100, 0.131, 0.100, 0.100, 0.114, 0.100, 0.100, 0.100, 0.100, 0.100, 0.100, 0.100, 0.100, 0.100, 0.100]
    Layer 26: sigma=[0.100, 0.100, 0.100, 0.100, 0.102, 0.100, 0.100, 0.100, 0.100, 0.100, 0.100, 0.100, 0.144, 0.100, 0.100, 0.100, 0.100, 0.100, 0.278, 0.100, 0.100, 0.100, 0.100, 0.100]
    Layer 27: sigma=[0.317, 0.100, 0.100, 0.100, 0.100, 0.100, 0.100, 0.100, 0.100, 0.100, 0.100, 0.100, 0.100, 0.100, 0.100, 0.100, 0.100, 0.100, 0.270, 0.100, 0.347, 0.100, 0.100, 0.100]

  [Taylor Step 3/3] g_proj = v_proj * alpha (damping=0.01)...
    Layer  0: alpha=0.056044  teacher_rms=0.0170  v_rms=0.0030
    Layer  1: alpha=0.057489  teacher_rms=0.0387  v_rms=0.0067
    Layer  2: alpha=0.015216  teacher_rms=0.0168  v_rms=0.0110
    Layer  3: alpha=0.017317  teacher_rms=0.0218  v_rms=0.0126
    Layer  4: alpha=0.025271  teacher_rms=0.0316  v_rms=0.0125
    Layer  5: alpha=0.034047  teacher_rms=0.0429  v_rms=0.0126
    Layer  6: alpha=0.039001  teacher_rms=0.0529  v_rms=0.0136
    Layer  7: alpha=0.047453  teacher_rms=0.0681  v_rms=0.0143
    Layer  9: alpha=0.048185  teacher_rms=0.0774  v_rms=0.0161
    Layer 10: alpha=0.046723  teacher_rms=0.0848  v_rms=0.0182
    Layer 11: alpha=0.048016  teacher_rms=0.0824  v_rms=0.0172
    Layer 12: alpha=0.054334  teacher_rms=0.0896  v_rms=0.0165
    Layer 13: alpha=0.046297  teacher_rms=0.0933  v_rms=0.0202
    Layer 14: alpha=0.049416  teacher_rms=0.0816  v_rms=0.0165
    Layer 15: alpha=0.040873  teacher_rms=0.0673  v_rms=0.0165
    Layer 16: alpha=0.028714  teacher_rms=0.0493  v_rms=0.0172
    Layer 17: alpha=0.024043  teacher_rms=0.0430  v_rms=0.0179
    Layer 18: alpha=0.022912  teacher_rms=0.0427  v_rms=0.0187
    Layer 19: alpha=0.033609  teacher_rms=0.0638  v_rms=0.0190
    Layer 20: alpha=0.022405  teacher_rms=0.0426  v_rms=0.0190
    Layer 21: alpha=0.019452  teacher_rms=0.0411  v_rms=0.0211
    Layer 22: alpha=0.019571  teacher_rms=0.0441  v_rms=0.0226
    Layer 23: alpha=0.032735  teacher_rms=0.0659  v_rms=0.0201
    Layer 24: alpha=0.027018  teacher_rms=0.0766  v_rms=0.0284
    Layer 25: alpha=0.033264  teacher_rms=0.0859  v_rms=0.0258
    Layer 26: alpha=0.039294  teacher_rms=0.1157  v_rms=0.0295
    Layer 27: alpha=0.040299  teacher_rms=0.1451  v_rms=0.0360

  Set g_proj = v_proj * alpha in 27 GDN layers (damping=0.01).
  Init (taylor_distill) done in 197.1s
  Layer 8: PPL = 618.05  (eval 9.9s)

============================================================
  Probing layer 9 | strategy=taylor_distill
============================================================
Loading checkpoint shards:   0%|          | 0/2 [00:00<?, ?it/s]Loading checkpoint shards: 100%|██████████| 2/2 [00:00<00:00, 91.42it/s]
Loading checkpoint shards:   0%|          | 0/2 [00:00<?, ?it/s]Loading checkpoint shards: 100%|██████████| 2/2 [00:00<00:00, 112.27it/s]
Token indices sequence length is longer than the specified maximum sequence length for this model (2349952 > 131072). Running this sequence through the model will result in indexing errors
  [Taylor Step 1/3] Gate calibration from attention stats...
    Layer  0: dist=[22, 3, 29, 29, 23, 23, 45, 42, 35, 49, 55, 53, 51, 45, 49, 7, 57, 35, 19, 33, 21, 58, 58, 47]
    Layer  1: dist=[37, 40, 77, 52, 50, 57, 33, 74, 40, 65, 64, 71, 45, 43, 50, 25, 28, 66, 58, 48, 61, 52, 50, 57]
    Layer  2: dist=[115, 119, 121, 102, 116, 107, 121, 117, 116, 119, 113, 101, 119, 119, 102, 122, 122, 122, 120, 120, 121, 115, 118, 113]
    Layer  3: dist=[98, 116, 112, 123, 119, 122, 105, 113, 115, 107, 117, 107, 113, 116, 114, 108, 102, 111, 111, 118, 116, 93, 96, 95]
    Layer  4: dist=[98, 112, 120, 98, 97, 92, 99, 95, 108, 107, 104, 113, 86, 106, 111, 97, 120, 105, 99, 102, 101, 118, 122, 109]
    Layer  5: dist=[114, 106, 103, 84, 90, 96, 121, 126, 112, 95, 100, 99, 72, 81, 95, 112, 99, 103, 99, 92, 96, 88, 97, 96]
    Layer  6: dist=[99, 111, 96, 87, 85, 92, 100, 96, 97, 90, 82, 87, 92, 103, 83, 77, 82, 84, 101, 100, 87, 102, 97, 95]
    Layer  7: dist=[85, 72, 99, 68, 88, 85, 65, 71, 79, 78, 96, 85, 94, 82, 84, 85, 83, 94, 88, 83, 81, 82, 87, 79]
    Layer  8: dist=[95, 73, 108, 73, 90, 76, 107, 95, 107, 78, 88, 80, 72, 84, 80, 72, 66, 74, 78, 82, 81, 79, 64, 71]
    Layer 10: dist=[78, 77, 81, 94, 97, 98, 78, 72, 70, 83, 70, 101, 61, 52, 66, 85, 89, 75, 62, 65, 67, 112, 99, 87]
    Layer 11: dist=[47, 70, 52, 76, 79, 80, 80, 74, 70, 79, 72, 63, 82, 74, 93, 80, 80, 92, 68, 68, 70, 78, 69, 75]
    Layer 12: dist=[78, 75, 66, 108, 108, 89, 70, 69, 73, 81, 78, 85, 65, 94, 70, 97, 93, 71, 91, 109, 110, 52, 74, 59]
    Layer 13: dist=[84, 82, 84, 83, 80, 77, 28, 53, 47, 67, 62, 86, 84, 112, 92, 71, 100, 81, 86, 92, 84, 89, 99, 88]
    Layer 14: dist=[45, 118, 119, 67, 56, 57, 63, 56, 56, 78, 100, 104, 94, 93, 93, 85, 80, 83, 60, 74, 80, 104, 115, 77]
    Layer 15: dist=[105, 105, 89, 72, 73, 81, 97, 77, 83, 63, 76, 76, 112, 115, 100, 90, 88, 95, 104, 109, 100, 93, 97, 100]
    Layer 16: dist=[124, 98, 120, 121, 97, 122, 90, 91, 87, 103, 122, 97, 120, 115, 106, 102, 107, 103, 95, 80, 87, 93, 116, 120]
    Layer 17: dist=[109, 112, 97, 115, 114, 105, 76, 96, 88, 113, 106, 116, 117, 107, 103, 91, 110, 90, 115, 111, 119, 122, 114, 119]
    Layer 18: dist=[80, 110, 121, 119, 115, 111, 94, 90, 96, 98, 105, 99, 123, 122, 121, 118, 114, 104, 114, 106, 96, 91, 111, 105]
    Layer 19: dist=[104, 76, 85, 92, 90, 95, 91, 49, 98, 94, 101, 98, 115, 84, 121, 115, 107, 110, 105, 94, 104, 114, 118, 117]
    Layer 20: dist=[102, 117, 118, 115, 112, 112, 109, 110, 122, 112, 112, 114, 102, 100, 115, 115, 113, 118, 109, 97, 98, 103, 108, 106]
    Layer 21: dist=[109, 112, 109, 122, 124, 121, 122, 120, 121, 101, 107, 100, 114, 117, 113, 117, 115, 117, 113, 117, 108, 104, 107, 105]
    Layer 22: dist=[119, 103, 111, 119, 118, 119, 123, 124, 122, 116, 119, 118, 111, 102, 84, 113, 95, 103, 117, 121, 117, 115, 123, 117]
    Layer 23: dist=[84, 104, 85, 104, 119, 114, 108, 116, 80, 114, 108, 112, 122, 118, 79, 99, 94, 91, 121, 121, 84, 112, 115, 81]
    Layer 24: dist=[118, 114, 116, 109, 113, 110, 93, 106, 87, 100, 69, 99, 80, 107, 119, 111, 105, 110, 121, 119, 123, 98, 104, 112]
    Layer 25: dist=[112, 122, 121, 121, 119, 123, 79, 72, 69, 121, 111, 121, 117, 97, 114, 88, 106, 105, 104, 106, 101, 79, 115, 57]
    Layer 26: dist=[79, 93, 64, 108, 104, 123, 102, 71, 109, 106, 100, 108, 75, 47, 69, 105, 98, 95, 35, 72, 59, 111, 108, 102]
    Layer 27: dist=[48, 108, 82, 111, 79, 53, 89, 89, 105, 69, 100, 6, 104, 109, 95, 102, 105, 98, 84, 70, 69, 76, 91, 88]

  [Taylor Step 2/3] OLS sigma per head (scaling V)...
    Layer  0: sigma=[0.145, 0.138, 0.137, 0.100, 0.100, 0.100, 0.100, 0.100, 0.100, 0.100, 0.100, 0.100, 0.100, 0.100, 0.100, 0.100, 0.100, 0.100, 0.100, 0.100, 0.100, 0.108, 0.100, 0.100]
    Layer  1: sigma=[0.100, 0.165, 0.100, 0.100, 0.100, 0.100, 0.100, 0.100, 0.100, 0.100, 0.100, 0.100, 0.100, 0.100, 0.100, 0.100, 0.100, 0.100, 0.100, 0.158, 0.100, 0.100, 0.100, 0.100]
    Layer  2: sigma=[0.100, 0.100, 0.100, 0.100, 0.100, 0.100, 0.100, 0.100, 0.100, 0.100, 0.100, 0.100, 0.100, 0.100, 0.100, 0.100, 0.100, 0.100, 0.100, 0.100, 0.100, 0.100, 0.100, 0.100]
    Layer  3: sigma=[0.100, 0.100, 0.100, 0.100, 0.100, 0.100, 0.100, 0.100, 0.100, 0.100, 0.100, 0.100, 0.100, 0.100, 0.100, 0.100, 0.100, 0.100, 0.100, 0.100, 0.100, 0.100, 0.100, 0.100]
    Layer  4: sigma=[0.100, 0.100, 0.100, 0.100, 0.100, 0.100, 0.100, 0.100, 0.100, 0.100, 0.100, 0.100, 0.100, 0.100, 0.100, 0.100, 0.100, 0.100, 0.100, 0.100, 0.100, 0.100, 0.100, 0.100]
    Layer  5: sigma=[0.100, 0.100, 0.100, 0.100, 0.100, 0.100, 0.100, 0.100, 0.100, 0.100, 0.100, 0.100, 0.100, 0.100, 0.100, 0.100, 0.100, 0.100, 0.100, 0.103, 0.100, 0.100, 0.100, 0.100]
    Layer  6: sigma=[0.100, 0.100, 0.100, 0.100, 0.100, 0.100, 0.100, 0.100, 0.100, 0.100, 0.100, 0.100, 0.100, 0.100, 0.100, 0.100, 0.100, 0.100, 0.100, 0.100, 0.100, 0.100, 0.100, 0.100]
    Layer  7: sigma=[0.100, 0.100, 0.100, 0.100, 0.100, 0.100, 0.100, 0.100, 0.100, 0.100, 0.100, 0.100, 0.100, 0.100, 0.100, 0.100, 0.100, 0.100, 0.100, 0.100, 0.100, 0.100, 0.100, 0.100]
    Layer  8: sigma=[0.100, 0.100, 0.100, 0.100, 0.100, 0.100, 0.100, 0.100, 0.100, 0.100, 0.100, 0.100, 0.100, 0.100, 0.100, 0.100, 0.100, 0.100, 0.100, 0.100, 0.100, 0.100, 0.100, 0.100]
    Layer 10: sigma=[0.100, 0.100, 0.100, 0.100, 0.100, 0.100, 0.100, 0.100, 0.108, 0.100, 0.100, 0.100, 0.118, 0.287, 0.100, 0.100, 0.100, 0.100, 0.100, 0.100, 0.100, 0.100, 0.137, 0.100]
    Layer 11: sigma=[0.100, 0.236, 0.100, 0.100, 0.100, 0.100, 0.100, 0.100, 0.100, 0.100, 0.100, 0.100, 0.100, 0.100, 0.100, 0.100, 0.100, 0.100, 0.100, 0.100, 0.100, 0.100, 0.100, 0.100]
    Layer 12: sigma=[0.100, 0.100, 0.100, 0.100, 0.100, 0.100, 0.100, 0.100, 0.100, 0.100, 0.100, 0.100, 0.100, 0.100, 0.106, 0.100, 0.100, 0.100, 0.100, 0.100, 0.100, 0.100, 0.100, 0.100]
    Layer 13: sigma=[0.100, 0.100, 0.100, 0.100, 0.100, 0.100, 0.100, 0.342, 0.121, 0.100, 0.100, 0.100, 0.100, 0.100, 0.100, 0.100, 0.134, 0.100, 0.100, 0.100, 0.100, 0.100, 0.100, 0.100]
    Layer 14: sigma=[0.100, 0.100, 0.100, 0.100, 0.100, 0.185, 0.100, 0.100, 0.100, 0.100, 0.100, 0.100, 0.100, 0.100, 0.100, 0.100, 0.100, 0.100, 0.100, 0.100, 0.100, 0.100, 0.100, 0.100]
    Layer 15: sigma=[0.100, 0.100, 0.100, 0.100, 0.100, 0.100, 0.100, 0.100, 0.100, 0.167, 0.100, 0.100, 0.100, 0.100, 0.100, 0.100, 0.100, 0.100, 0.100, 0.100, 0.100, 0.100, 0.100, 0.100]
    Layer 16: sigma=[0.100, 0.100, 0.100, 0.100, 0.100, 0.100, 0.100, 0.100, 0.100, 0.100, 0.100, 0.100, 0.100, 0.100, 0.100, 0.100, 0.100, 0.100, 0.100, 0.100, 0.100, 0.100, 0.100, 0.100]
    Layer 17: sigma=[0.100, 0.100, 0.100, 0.100, 0.100, 0.100, 0.100, 0.100, 0.100, 0.100, 0.100, 0.100, 0.100, 0.100, 0.100, 0.100, 0.100, 0.100, 0.100, 0.100, 0.100, 0.100, 0.100, 0.100]
    Layer 18: sigma=[0.100, 0.100, 0.100, 0.100, 0.100, 0.100, 0.100, 0.100, 0.100, 0.100, 0.100, 0.100, 0.100, 0.100, 0.100, 0.100, 0.100, 0.100, 0.100, 0.100, 0.100, 0.100, 0.100, 0.100]
    Layer 19: sigma=[0.100, 0.100, 0.100, 0.100, 0.100, 0.100, 0.100, 0.169, 0.100, 0.100, 0.159, 0.100, 0.100, 0.100, 0.100, 0.100, 0.100, 0.100, 0.100, 0.100, 0.100, 0.100, 0.100, 0.100]
    Layer 20: sigma=[0.100, 0.100, 0.100, 0.100, 0.100, 0.100, 0.100, 0.100, 0.100, 0.100, 0.100, 0.100, 0.100, 0.100, 0.100, 0.100, 0.100, 0.100, 0.100, 0.100, 0.100, 0.100, 0.100, 0.100]
    Layer 21: sigma=[0.100, 0.100, 0.100, 0.100, 0.100, 0.100, 0.100, 0.100, 0.100, 0.100, 0.100, 0.100, 0.100, 0.100, 0.100, 0.100, 0.100, 0.100, 0.100, 0.100, 0.100, 0.100, 0.100, 0.100]
    Layer 22: sigma=[0.100, 0.100, 0.100, 0.100, 0.100, 0.100, 0.100, 0.100, 0.100, 0.100, 0.100, 0.100, 0.100, 0.100, 0.100, 0.100, 0.100, 0.100, 0.100, 0.100, 0.100, 0.100, 0.100, 0.100]
    Layer 23: sigma=[0.100, 0.100, 0.100, 0.103, 0.100, 0.100, 0.100, 0.100, 0.100, 0.100, 0.100, 0.100, 0.100, 0.100, 0.100, 0.100, 0.100, 0.100, 0.100, 0.100, 0.201, 0.100, 0.100, 0.100]
    Layer 24: sigma=[0.100, 0.100, 0.100, 0.100, 0.100, 0.100, 0.100, 0.100, 0.100, 0.263, 0.100, 0.100, 0.100, 0.100, 0.100, 0.100, 0.100, 0.100, 0.100, 0.100, 0.100, 0.100, 0.100, 0.100]
    Layer 25: sigma=[0.100, 0.100, 0.100, 0.100, 0.100, 0.100, 0.100, 0.100, 0.100, 0.100, 0.116, 0.100, 0.100, 0.119, 0.100, 0.100, 0.100, 0.100, 0.100, 0.100, 0.100, 0.100, 0.100, 0.100]
    Layer 26: sigma=[0.100, 0.100, 0.100, 0.100, 0.116, 0.100, 0.100, 0.100, 0.100, 0.100, 0.100, 0.100, 0.141, 0.100, 0.100, 0.100, 0.100, 0.100, 0.299, 0.100, 0.101, 0.100, 0.100, 0.100]
    Layer 27: sigma=[0.312, 0.100, 0.100, 0.100, 0.100, 0.100, 0.100, 0.100, 0.100, 0.100, 0.100, 0.100, 0.100, 0.100, 0.100, 0.100, 0.100, 0.100, 0.273, 0.100, 0.353, 0.100, 0.100, 0.100]

  [Taylor Step 3/3] g_proj = v_proj * alpha (damping=0.01)...
    Layer  0: alpha=0.056209  teacher_rms=0.0170  v_rms=0.0030
    Layer  1: alpha=0.058019  teacher_rms=0.0387  v_rms=0.0067
    Layer  2: alpha=0.015216  teacher_rms=0.0168  v_rms=0.0110
    Layer  3: alpha=0.017317  teacher_rms=0.0218  v_rms=0.0126
    Layer  4: alpha=0.025271  teacher_rms=0.0316  v_rms=0.0125
    Layer  5: alpha=0.034114  teacher_rms=0.0429  v_rms=0.0126
    Layer  6: alpha=0.039001  teacher_rms=0.0529  v_rms=0.0136
    Layer  7: alpha=0.047453  teacher_rms=0.0681  v_rms=0.0143
    Layer  8: alpha=0.052318  teacher_rms=0.0757  v_rms=0.0145
    Layer 10: alpha=0.046999  teacher_rms=0.0848  v_rms=0.0180
    Layer 11: alpha=0.048402  teacher_rms=0.0824  v_rms=0.0170
    Layer 12: alpha=0.054359  teacher_rms=0.0896  v_rms=0.0165
    Layer 13: alpha=0.046193  teacher_rms=0.0933  v_rms=0.0202
    Layer 14: alpha=0.049637  teacher_rms=0.0816  v_rms=0.0164
    Layer 15: alpha=0.040732  teacher_rms=0.0673  v_rms=0.0165
    Layer 16: alpha=0.028714  teacher_rms=0.0493  v_rms=0.0172
    Layer 17: alpha=0.024043  teacher_rms=0.0430  v_rms=0.0179
    Layer 18: alpha=0.022965  teacher_rms=0.0427  v_rms=0.0186
    Layer 19: alpha=0.033515  teacher_rms=0.0638  v_rms=0.0190
    Layer 20: alpha=0.022405  teacher_rms=0.0426  v_rms=0.0190
    Layer 21: alpha=0.019452  teacher_rms=0.0411  v_rms=0.0211
    Layer 22: alpha=0.019571  teacher_rms=0.0441  v_rms=0.0226
    Layer 23: alpha=0.032595  teacher_rms=0.0659  v_rms=0.0202
    Layer 24: alpha=0.027419  teacher_rms=0.0766  v_rms=0.0279
    Layer 25: alpha=0.033622  teacher_rms=0.0859  v_rms=0.0255
    Layer 26: alpha=0.038437  teacher_rms=0.1157  v_rms=0.0301
    Layer 27: alpha=0.040225  teacher_rms=0.1451  v_rms=0.0361

  Set g_proj = v_proj * alpha in 27 GDN layers (damping=0.01).
  Init (taylor_distill) done in 191.3s
  Layer 9: PPL = 576.42  (eval 9.5s)

============================================================
  Probing layer 10 | strategy=taylor_distill
============================================================
Loading checkpoint shards:   0%|          | 0/2 [00:00<?, ?it/s]Loading checkpoint shards: 100%|██████████| 2/2 [00:00<00:00, 122.24it/s]
Loading checkpoint shards:   0%|          | 0/2 [00:00<?, ?it/s]Loading checkpoint shards: 100%|██████████| 2/2 [00:00<00:00, 52.40it/s]
Token indices sequence length is longer than the specified maximum sequence length for this model (2349952 > 131072). Running this sequence through the model will result in indexing errors
  [Taylor Step 1/3] Gate calibration from attention stats...
    Layer  0: dist=[22, 3, 29, 29, 23, 23, 45, 42, 35, 49, 55, 53, 51, 45, 49, 7, 57, 35, 19, 33, 21, 58, 58, 47]
    Layer  1: dist=[37, 40, 77, 52, 50, 57, 33, 74, 40, 65, 64, 71, 45, 43, 50, 25, 28, 66, 58, 48, 61, 52, 50, 57]
    Layer  2: dist=[115, 119, 121, 102, 116, 107, 121, 117, 116, 119, 113, 101, 119, 119, 102, 122, 122, 122, 120, 120, 121, 115, 118, 113]
    Layer  3: dist=[98, 116, 112, 123, 119, 122, 105, 113, 115, 107, 117, 107, 113, 116, 114, 108, 102, 111, 111, 118, 116, 93, 96, 95]
    Layer  4: dist=[98, 112, 120, 98, 97, 92, 99, 95, 108, 107, 104, 113, 86, 106, 111, 97, 120, 105, 99, 102, 101, 118, 122, 109]
    Layer  5: dist=[114, 106, 103, 84, 90, 96, 121, 126, 112, 95, 100, 99, 72, 81, 95, 112, 99, 103, 99, 92, 96, 88, 97, 96]
    Layer  6: dist=[99, 111, 96, 87, 85, 92, 100, 96, 97, 90, 82, 87, 92, 103, 83, 77, 82, 84, 101, 100, 87, 102, 97, 95]
    Layer  7: dist=[85, 72, 99, 68, 88, 85, 65, 71, 79, 78, 96, 85, 94, 82, 84, 85, 83, 94, 88, 83, 81, 82, 87, 79]
    Layer  8: dist=[95, 73, 108, 73, 90, 76, 107, 95, 107, 78, 88, 80, 72, 84, 80, 72, 66, 74, 78, 82, 81, 79, 64, 71]
    Layer  9: dist=[63, 63, 64, 97, 102, 103, 65, 61, 74, 91, 88, 89, 85, 79, 64, 86, 77, 79, 89, 107, 98, 74, 64, 92]
    Layer 11: dist=[47, 70, 52, 76, 79, 80, 80, 74, 70, 79, 72, 63, 82, 74, 93, 80, 80, 92, 68, 68, 70, 78, 69, 75]
    Layer 12: dist=[78, 75, 66, 108, 108, 89, 70, 69, 73, 81, 78, 85, 65, 94, 70, 97, 93, 71, 91, 109, 110, 52, 74, 59]
    Layer 13: dist=[84, 82, 84, 83, 80, 77, 28, 53, 47, 67, 62, 86, 84, 112, 92, 71, 100, 81, 86, 92, 84, 89, 99, 88]
    Layer 14: dist=[45, 118, 119, 67, 56, 57, 63, 56, 56, 78, 100, 104, 94, 93, 93, 85, 80, 83, 60, 74, 80, 104, 115, 77]
    Layer 15: dist=[105, 105, 89, 72, 73, 81, 97, 77, 83, 63, 76, 76, 112, 115, 100, 90, 88, 95, 104, 109, 100, 93, 97, 100]
    Layer 16: dist=[124, 98, 120, 121, 97, 122, 90, 91, 87, 103, 122, 97, 120, 115, 106, 102, 107, 103, 95, 80, 87, 93, 116, 120]
    Layer 17: dist=[109, 112, 97, 115, 114, 105, 76, 96, 88, 113, 106, 116, 117, 107, 103, 91, 110, 90, 115, 111, 119, 122, 114, 119]
    Layer 18: dist=[80, 110, 121, 119, 115, 111, 94, 90, 96, 98, 105, 99, 123, 122, 121, 118, 114, 104, 114, 106, 96, 91, 111, 105]
    Layer 19: dist=[104, 76, 85, 92, 90, 95, 91, 49, 98, 94, 101, 98, 115, 84, 121, 115, 107, 110, 105, 94, 104, 114, 118, 117]
    Layer 20: dist=[102, 117, 118, 115, 112, 112, 109, 110, 122, 112, 112, 114, 102, 100, 115, 115, 113, 118, 109, 97, 98, 103, 108, 106]
    Layer 21: dist=[109, 112, 109, 122, 124, 121, 122, 120, 121, 101, 107, 100, 114, 117, 113, 117, 115, 117, 113, 117, 108, 104, 107, 105]
    Layer 22: dist=[119, 103, 111, 119, 118, 119, 123, 124, 122, 116, 119, 118, 111, 102, 84, 113, 95, 103, 117, 121, 117, 115, 123, 117]
    Layer 23: dist=[84, 104, 85, 104, 119, 114, 108, 116, 80, 114, 108, 112, 122, 118, 79, 99, 94, 91, 121, 121, 84, 112, 115, 81]
    Layer 24: dist=[118, 114, 116, 109, 113, 110, 93, 106, 87, 100, 69, 99, 80, 107, 119, 111, 105, 110, 121, 119, 123, 98, 104, 112]
    Layer 25: dist=[112, 122, 121, 121, 119, 123, 79, 72, 69, 121, 111, 121, 117, 97, 114, 88, 106, 105, 104, 106, 101, 79, 115, 57]
    Layer 26: dist=[79, 93, 64, 108, 104, 123, 102, 71, 109, 106, 100, 108, 75, 47, 69, 105, 98, 95, 35, 72, 59, 111, 108, 102]
    Layer 27: dist=[48, 108, 82, 111, 79, 53, 89, 89, 105, 69, 100, 6, 104, 109, 95, 102, 105, 98, 84, 70, 69, 76, 91, 88]

  [Taylor Step 2/3] OLS sigma per head (scaling V)...
    Layer  0: sigma=[0.140, 0.143, 0.138, 0.100, 0.100, 0.100, 0.100, 0.100, 0.100, 0.100, 0.100, 0.100, 0.100, 0.100, 0.100, 0.100, 0.100, 0.100, 0.100, 0.100, 0.100, 0.104, 0.100, 0.100]
    Layer  1: sigma=[0.100, 0.184, 0.100, 0.100, 0.100, 0.100, 0.100, 0.100, 0.100, 0.100, 0.100, 0.100, 0.100, 0.100, 0.100, 0.100, 0.100, 0.100, 0.100, 0.161, 0.100, 0.100, 0.100, 0.100]
    Layer  2: sigma=[0.100, 0.100, 0.100, 0.100, 0.100, 0.100, 0.100, 0.100, 0.100, 0.100, 0.100, 0.100, 0.100, 0.100, 0.100, 0.100, 0.100, 0.100, 0.100, 0.100, 0.100, 0.100, 0.100, 0.100]
    Layer  3: sigma=[0.100, 0.100, 0.100, 0.100, 0.100, 0.100, 0.100, 0.100, 0.100, 0.100, 0.100, 0.100, 0.100, 0.100, 0.100, 0.100, 0.100, 0.100, 0.100, 0.100, 0.100, 0.100, 0.100, 0.100]
    Layer  4: sigma=[0.100, 0.100, 0.100, 0.100, 0.100, 0.100, 0.100, 0.100, 0.100, 0.100, 0.100, 0.100, 0.100, 0.100, 0.100, 0.100, 0.100, 0.100, 0.100, 0.100, 0.100, 0.100, 0.100, 0.100]
    Layer  5: sigma=[0.100, 0.100, 0.100, 0.100, 0.100, 0.100, 0.100, 0.100, 0.100, 0.100, 0.100, 0.100, 0.100, 0.100, 0.100, 0.100, 0.100, 0.100, 0.100, 0.107, 0.100, 0.100, 0.100, 0.100]
    Layer  6: sigma=[0.100, 0.100, 0.100, 0.100, 0.100, 0.100, 0.100, 0.100, 0.100, 0.100, 0.100, 0.100, 0.100, 0.100, 0.100, 0.100, 0.100, 0.100, 0.100, 0.100, 0.100, 0.100, 0.100, 0.100]
    Layer  7: sigma=[0.100, 0.100, 0.100, 0.100, 0.100, 0.100, 0.100, 0.100, 0.100, 0.100, 0.100, 0.100, 0.100, 0.100, 0.100, 0.100, 0.100, 0.100, 0.100, 0.100, 0.100, 0.100, 0.100, 0.100]
    Layer  8: sigma=[0.100, 0.100, 0.100, 0.100, 0.100, 0.100, 0.100, 0.100, 0.100, 0.100, 0.100, 0.100, 0.100, 0.100, 0.100, 0.100, 0.100, 0.100, 0.100, 0.100, 0.100, 0.100, 0.100, 0.100]
    Layer  9: sigma=[0.100, 0.100, 0.100, 0.100, 0.100, 0.100, 0.100, 0.100, 0.100, 0.100, 0.100, 0.100, 0.100, 0.100, 0.100, 0.100, 0.100, 0.100, 0.100, 0.100, 0.100, 0.100, 0.100, 0.110]
    Layer 11: sigma=[0.100, 0.217, 0.100, 0.100, 0.100, 0.100, 0.100, 0.100, 0.100, 0.100, 0.100, 0.100, 0.100, 0.100, 0.100, 0.100, 0.100, 0.100, 0.100, 0.100, 0.100, 0.100, 0.100, 0.100]
    Layer 12: sigma=[0.100, 0.100, 0.100, 0.100, 0.100, 0.100, 0.100, 0.100, 0.100, 0.100, 0.100, 0.100, 0.100, 0.100, 0.106, 0.100, 0.100, 0.100, 0.100, 0.100, 0.100, 0.100, 0.100, 0.100]
    Layer 13: sigma=[0.100, 0.100, 0.100, 0.100, 0.100, 0.100, 0.100, 0.349, 0.118, 0.100, 0.100, 0.100, 0.100, 0.100, 0.100, 0.100, 0.131, 0.100, 0.100, 0.100, 0.100, 0.100, 0.100, 0.100]
    Layer 14: sigma=[0.100, 0.100, 0.100, 0.100, 0.100, 0.188, 0.100, 0.100, 0.100, 0.100, 0.100, 0.100, 0.100, 0.100, 0.100, 0.100, 0.100, 0.100, 0.100, 0.100, 0.100, 0.100, 0.100, 0.100]
    Layer 15: sigma=[0.100, 0.100, 0.100, 0.100, 0.100, 0.100, 0.100, 0.100, 0.100, 0.157, 0.100, 0.100, 0.100, 0.100, 0.100, 0.100, 0.100, 0.100, 0.100, 0.100, 0.100, 0.100, 0.100, 0.100]
    Layer 16: sigma=[0.100, 0.100, 0.100, 0.100, 0.100, 0.100, 0.100, 0.100, 0.100, 0.100, 0.100, 0.100, 0.100, 0.100, 0.100, 0.100, 0.100, 0.100, 0.100, 0.100, 0.100, 0.100, 0.100, 0.100]
    Layer 17: sigma=[0.100, 0.100, 0.100, 0.100, 0.100, 0.100, 0.100, 0.100, 0.100, 0.100, 0.100, 0.100, 0.100, 0.100, 0.100, 0.100, 0.100, 0.100, 0.100, 0.100, 0.100, 0.100, 0.100, 0.100]
    Layer 18: sigma=[0.100, 0.100, 0.100, 0.100, 0.100, 0.100, 0.100, 0.100, 0.100, 0.100, 0.100, 0.100, 0.100, 0.100, 0.100, 0.100, 0.100, 0.100, 0.100, 0.100, 0.100, 0.100, 0.100, 0.100]
    Layer 19: sigma=[0.100, 0.100, 0.100, 0.100, 0.100, 0.100, 0.100, 0.164, 0.100, 0.100, 0.153, 0.100, 0.100, 0.100, 0.100, 0.100, 0.100, 0.100, 0.100, 0.100, 0.100, 0.100, 0.100, 0.100]
    Layer 20: sigma=[0.100, 0.100, 0.100, 0.100, 0.100, 0.100, 0.100, 0.100, 0.100, 0.100, 0.100, 0.100, 0.100, 0.100, 0.100, 0.100, 0.100, 0.100, 0.100, 0.100, 0.100, 0.100, 0.100, 0.100]
    Layer 21: sigma=[0.100, 0.100, 0.100, 0.100, 0.100, 0.100, 0.100, 0.100, 0.100, 0.100, 0.100, 0.100, 0.100, 0.100, 0.100, 0.100, 0.100, 0.100, 0.100, 0.100, 0.100, 0.100, 0.100, 0.100]
    Layer 22: sigma=[0.100, 0.100, 0.100, 0.100, 0.100, 0.100, 0.100, 0.100, 0.100, 0.100, 0.100, 0.100, 0.100, 0.100, 0.100, 0.100, 0.100, 0.100, 0.100, 0.100, 0.100, 0.100, 0.100, 0.100]
    Layer 23: sigma=[0.100, 0.100, 0.100, 0.109, 0.100, 0.100, 0.100, 0.100, 0.100, 0.100, 0.100, 0.100, 0.100, 0.100, 0.100, 0.100, 0.100, 0.100, 0.100, 0.100, 0.204, 0.100, 0.100, 0.100]
    Layer 24: sigma=[0.100, 0.100, 0.100, 0.100, 0.100, 0.100, 0.100, 0.100, 0.100, 0.255, 0.100, 0.100, 0.100, 0.100, 0.100, 0.100, 0.100, 0.100, 0.100, 0.100, 0.100, 0.100, 0.100, 0.100]
    Layer 25: sigma=[0.100, 0.100, 0.100, 0.100, 0.100, 0.100, 0.100, 0.100, 0.117, 0.100, 0.121, 0.100, 0.100, 0.111, 0.100, 0.100, 0.100, 0.100, 0.100, 0.100, 0.100, 0.100, 0.100, 0.100]
    Layer 26: sigma=[0.100, 0.100, 0.100, 0.100, 0.109, 0.100, 0.100, 0.100, 0.100, 0.100, 0.100, 0.100, 0.115, 0.100, 0.100, 0.100, 0.100, 0.100, 0.249, 0.100, 0.100, 0.100, 0.100, 0.100]
    Layer 27: sigma=[0.266, 0.100, 0.100, 0.100, 0.100, 0.100, 0.100, 0.100, 0.100, 0.100, 0.100, 0.100, 0.100, 0.100, 0.100, 0.100, 0.100, 0.100, 0.388, 0.100, 0.266, 0.100, 0.100, 0.100]

  [Taylor Step 3/3] g_proj = v_proj * alpha (damping=0.01)...
    Layer  0: alpha=0.056326  teacher_rms=0.0170  v_rms=0.0030
    Layer  1: alpha=0.057172  teacher_rms=0.0387  v_rms=0.0068
    Layer  2: alpha=0.015216  teacher_rms=0.0168  v_rms=0.0110
    Layer  3: alpha=0.017317  teacher_rms=0.0218  v_rms=0.0126
    Layer  4: alpha=0.025271  teacher_rms=0.0316  v_rms=0.0125
    Layer  5: alpha=0.034063  teacher_rms=0.0429  v_rms=0.0126
    Layer  6: alpha=0.039001  teacher_rms=0.0529  v_rms=0.0136
    Layer  7: alpha=0.047453  teacher_rms=0.0681  v_rms=0.0143
    Layer  8: alpha=0.052318  teacher_rms=0.0757  v_rms=0.0145
    Layer  9: alpha=0.048016  teacher_rms=0.0774  v_rms=0.0161
    Layer 11: alpha=0.049045  teacher_rms=0.0824  v_rms=0.0168
    Layer 12: alpha=0.054356  teacher_rms=0.0896  v_rms=0.0165
    Layer 13: alpha=0.046052  teacher_rms=0.0933  v_rms=0.0203
    Layer 14: alpha=0.049544  teacher_rms=0.0816  v_rms=0.0165
    Layer 15: alpha=0.041007  teacher_rms=0.0673  v_rms=0.0164
    Layer 16: alpha=0.028714  teacher_rms=0.0493  v_rms=0.0172
    Layer 17: alpha=0.024043  teacher_rms=0.0430  v_rms=0.0179
    Layer 18: alpha=0.022965  teacher_rms=0.0427  v_rms=0.0186
    Layer 19: alpha=0.033693  teacher_rms=0.0638  v_rms=0.0189
    Layer 20: alpha=0.022405  teacher_rms=0.0426  v_rms=0.0190
    Layer 21: alpha=0.019452  teacher_rms=0.0411  v_rms=0.0211
    Layer 22: alpha=0.019571  teacher_rms=0.0441  v_rms=0.0226
    Layer 23: alpha=0.032466  teacher_rms=0.0659  v_rms=0.0203
    Layer 24: alpha=0.027567  teacher_rms=0.0766  v_rms=0.0278
    Layer 25: alpha=0.033525  teacher_rms=0.0859  v_rms=0.0256
    Layer 26: alpha=0.040282  teacher_rms=0.1157  v_rms=0.0287
    Layer 27: alpha=0.040818  teacher_rms=0.1451  v_rms=0.0355

  Set g_proj = v_proj * alpha in 27 GDN layers (damping=0.01).
  Init (taylor_distill) done in 202.6s
  Layer 10: PPL = 624.42  (eval 10.5s)

============================================================
  Probing layer 11 | strategy=taylor_distill
============================================================
Loading checkpoint shards:   0%|          | 0/2 [00:00<?, ?it/s]Loading checkpoint shards: 100%|██████████| 2/2 [00:00<00:00, 55.43it/s]
Loading checkpoint shards:   0%|          | 0/2 [00:00<?, ?it/s]Loading checkpoint shards: 100%|██████████| 2/2 [00:00<00:00, 115.60it/s]
Token indices sequence length is longer than the specified maximum sequence length for this model (2349952 > 131072). Running this sequence through the model will result in indexing errors
  [Taylor Step 1/3] Gate calibration from attention stats...
    Layer  0: dist=[22, 3, 29, 29, 23, 23, 45, 42, 35, 49, 55, 53, 51, 45, 49, 7, 57, 35, 19, 33, 21, 58, 58, 47]
    Layer  1: dist=[37, 40, 77, 52, 50, 57, 33, 74, 40, 65, 64, 71, 45, 43, 50, 25, 28, 66, 58, 48, 61, 52, 50, 57]
    Layer  2: dist=[115, 119, 121, 102, 116, 107, 121, 117, 116, 119, 113, 101, 119, 119, 102, 122, 122, 122, 120, 120, 121, 115, 118, 113]
    Layer  3: dist=[98, 116, 112, 123, 119, 122, 105, 113, 115, 107, 117, 107, 113, 116, 114, 108, 102, 111, 111, 118, 116, 93, 96, 95]
    Layer  4: dist=[98, 112, 120, 98, 97, 92, 99, 95, 108, 107, 104, 113, 86, 106, 111, 97, 120, 105, 99, 102, 101, 118, 122, 109]
    Layer  5: dist=[114, 106, 103, 84, 90, 96, 121, 126, 112, 95, 100, 99, 72, 81, 95, 112, 99, 103, 99, 92, 96, 88, 97, 96]
    Layer  6: dist=[99, 111, 96, 87, 85, 92, 100, 96, 97, 90, 82, 87, 92, 103, 83, 77, 82, 84, 101, 100, 87, 102, 97, 95]
    Layer  7: dist=[85, 72, 99, 68, 88, 85, 65, 71, 79, 78, 96, 85, 94, 82, 84, 85, 83, 94, 88, 83, 81, 82, 87, 79]
    Layer  8: dist=[95, 73, 108, 73, 90, 76, 107, 95, 107, 78, 88, 80, 72, 84, 80, 72, 66, 74, 78, 82, 81, 79, 64, 71]
    Layer  9: dist=[63, 63, 64, 97, 102, 103, 65, 61, 74, 91, 88, 89, 85, 79, 64, 86, 77, 79, 89, 107, 98, 74, 64, 92]
    Layer 10: dist=[78, 77, 81, 94, 97, 98, 78, 72, 70, 83, 70, 101, 61, 52, 66, 85, 89, 75, 62, 65, 67, 112, 99, 87]
    Layer 12: dist=[78, 75, 66, 108, 108, 89, 70, 69, 73, 81, 78, 85, 65, 94, 70, 97, 93, 71, 91, 109, 110, 52, 74, 59]
    Layer 13: dist=[84, 82, 84, 83, 80, 77, 28, 53, 47, 67, 62, 86, 84, 112, 92, 71, 100, 81, 86, 92, 84, 89, 99, 88]
    Layer 14: dist=[45, 118, 119, 67, 56, 57, 63, 56, 56, 78, 100, 104, 94, 93, 93, 85, 80, 83, 60, 74, 80, 104, 115, 77]
    Layer 15: dist=[105, 105, 89, 72, 73, 81, 97, 77, 83, 63, 76, 76, 112, 115, 100, 90, 88, 95, 104, 109, 100, 93, 97, 100]
    Layer 16: dist=[124, 98, 120, 121, 97, 122, 90, 91, 87, 103, 122, 97, 120, 115, 106, 102, 107, 103, 95, 80, 87, 93, 116, 120]
    Layer 17: dist=[109, 112, 97, 115, 114, 105, 76, 96, 88, 113, 106, 116, 117, 107, 103, 91, 110, 90, 115, 111, 119, 122, 114, 119]
    Layer 18: dist=[80, 110, 121, 119, 115, 111, 94, 90, 96, 98, 105, 99, 123, 122, 121, 118, 114, 104, 114, 106, 96, 91, 111, 105]
    Layer 19: dist=[104, 76, 85, 92, 90, 95, 91, 49, 98, 94, 101, 98, 115, 84, 121, 115, 107, 110, 105, 94, 104, 114, 118, 117]
    Layer 20: dist=[102, 117, 118, 115, 112, 112, 109, 110, 122, 112, 112, 114, 102, 100, 115, 115, 113, 118, 109, 97, 98, 103, 108, 106]
    Layer 21: dist=[109, 112, 109, 122, 124, 121, 122, 120, 121, 101, 107, 100, 114, 117, 113, 117, 115, 117, 113, 117, 108, 104, 107, 105]
    Layer 22: dist=[119, 103, 111, 119, 118, 119, 123, 124, 122, 116, 119, 118, 111, 102, 84, 113, 95, 103, 117, 121, 117, 115, 123, 117]
    Layer 23: dist=[84, 104, 85, 104, 119, 114, 108, 116, 80, 114, 108, 112, 122, 118, 79, 99, 94, 91, 121, 121, 84, 112, 115, 81]
    Layer 24: dist=[118, 114, 116, 109, 113, 110, 93, 106, 87, 100, 69, 99, 80, 107, 119, 111, 105, 110, 121, 119, 123, 98, 104, 112]
    Layer 25: dist=[112, 122, 121, 121, 119, 123, 79, 72, 69, 121, 111, 121, 117, 97, 114, 88, 106, 105, 104, 106, 101, 79, 115, 57]
    Layer 26: dist=[79, 93, 64, 108, 104, 123, 102, 71, 109, 106, 100, 108, 75, 47, 69, 105, 98, 95, 35, 72, 59, 111, 108, 102]
    Layer 27: dist=[48, 108, 82, 111, 79, 53, 89, 89, 105, 69, 100, 6, 104, 109, 95, 102, 105, 98, 84, 70, 69, 76, 91, 88]

  [Taylor Step 2/3] OLS sigma per head (scaling V)...
    Layer  0: sigma=[0.139, 0.130, 0.134, 0.100, 0.100, 0.100, 0.100, 0.100, 0.100, 0.100, 0.100, 0.100, 0.100, 0.100, 0.100, 0.100, 0.100, 0.100, 0.100, 0.100, 0.100, 0.108, 0.100, 0.100]
    Layer  1: sigma=[0.100, 0.175, 0.100, 0.100, 0.100, 0.100, 0.100, 0.100, 0.100, 0.100, 0.100, 0.100, 0.100, 0.100, 0.100, 0.100, 0.100, 0.100, 0.100, 0.161, 0.100, 0.100, 0.100, 0.100]
    Layer  2: sigma=[0.100, 0.100, 0.100, 0.100, 0.100, 0.100, 0.100, 0.100, 0.100, 0.100, 0.100, 0.100, 0.100, 0.100, 0.100, 0.100, 0.100, 0.100, 0.100, 0.100, 0.100, 0.100, 0.100, 0.100]
    Layer  3: sigma=[0.100, 0.100, 0.100, 0.100, 0.100, 0.100, 0.100, 0.100, 0.100, 0.100, 0.100, 0.100, 0.100, 0.100, 0.100, 0.100, 0.100, 0.100, 0.100, 0.100, 0.100, 0.100, 0.100, 0.100]
    Layer  4: sigma=[0.100, 0.100, 0.100, 0.100, 0.100, 0.100, 0.100, 0.100, 0.100, 0.100, 0.100, 0.100, 0.100, 0.100, 0.100, 0.100, 0.100, 0.100, 0.100, 0.100, 0.100, 0.100, 0.100, 0.100]
    Layer  5: sigma=[0.100, 0.100, 0.100, 0.100, 0.100, 0.100, 0.100, 0.100, 0.100, 0.100, 0.100, 0.100, 0.100, 0.100, 0.100, 0.100, 0.100, 0.100, 0.100, 0.108, 0.100, 0.100, 0.100, 0.100]
    Layer  6: sigma=[0.100, 0.100, 0.100, 0.100, 0.100, 0.100, 0.100, 0.100, 0.100, 0.100, 0.100, 0.100, 0.100, 0.100, 0.100, 0.100, 0.100, 0.100, 0.100, 0.100, 0.100, 0.100, 0.100, 0.100]
    Layer  7: sigma=[0.100, 0.100, 0.100, 0.100, 0.100, 0.100, 0.100, 0.100, 0.100, 0.100, 0.100, 0.100, 0.100, 0.100, 0.100, 0.100, 0.100, 0.100, 0.100, 0.100, 0.100, 0.100, 0.100, 0.100]
    Layer  8: sigma=[0.100, 0.100, 0.100, 0.100, 0.100, 0.100, 0.100, 0.100, 0.100, 0.100, 0.100, 0.100, 0.100, 0.100, 0.100, 0.100, 0.100, 0.100, 0.100, 0.100, 0.100, 0.100, 0.100, 0.100]
    Layer  9: sigma=[0.100, 0.100, 0.100, 0.100, 0.100, 0.100, 0.100, 0.100, 0.100, 0.100, 0.100, 0.100, 0.100, 0.100, 0.100, 0.100, 0.100, 0.100, 0.100, 0.100, 0.100, 0.100, 0.100, 0.110]
    Layer 10: sigma=[0.100, 0.100, 0.100, 0.100, 0.100, 0.100, 0.100, 0.100, 0.112, 0.100, 0.100, 0.100, 0.132, 0.277, 0.100, 0.100, 0.100, 0.100, 0.100, 0.100, 0.100, 0.100, 0.135, 0.100]
    Layer 12: sigma=[0.100, 0.100, 0.100, 0.100, 0.100, 0.100, 0.100, 0.100, 0.100, 0.100, 0.100, 0.100, 0.100, 0.100, 0.108, 0.100, 0.100, 0.100, 0.100, 0.100, 0.100, 0.100, 0.100, 0.100]
    Layer 13: sigma=[0.100, 0.100, 0.100, 0.100, 0.100, 0.100, 0.100, 0.358, 0.107, 0.100, 0.100, 0.100, 0.100, 0.100, 0.100, 0.100, 0.136, 0.100, 0.100, 0.100, 0.100, 0.100, 0.100, 0.100]
    Layer 14: sigma=[0.100, 0.100, 0.100, 0.100, 0.100, 0.223, 0.100, 0.100, 0.100, 0.100, 0.100, 0.100, 0.100, 0.100, 0.100, 0.100, 0.100, 0.100, 0.100, 0.100, 0.100, 0.100, 0.100, 0.100]
    Layer 15: sigma=[0.100, 0.100, 0.100, 0.100, 0.100, 0.100, 0.100, 0.100, 0.100, 0.154, 0.100, 0.100, 0.100, 0.100, 0.100, 0.100, 0.100, 0.100, 0.100, 0.100, 0.100, 0.100, 0.100, 0.100]
    Layer 16: sigma=[0.100, 0.100, 0.100, 0.100, 0.100, 0.100, 0.100, 0.100, 0.100, 0.100, 0.100, 0.100, 0.100, 0.100, 0.100, 0.100, 0.100, 0.100, 0.100, 0.100, 0.100, 0.100, 0.100, 0.100]
    Layer 17: sigma=[0.100, 0.100, 0.100, 0.100, 0.100, 0.100, 0.100, 0.100, 0.100, 0.100, 0.100, 0.100, 0.100, 0.100, 0.100, 0.100, 0.100, 0.100, 0.100, 0.100, 0.100, 0.100, 0.100, 0.100]
    Layer 18: sigma=[0.100, 0.100, 0.100, 0.100, 0.100, 0.100, 0.100, 0.104, 0.100, 0.100, 0.100, 0.100, 0.100, 0.100, 0.100, 0.100, 0.100, 0.100, 0.100, 0.100, 0.100, 0.100, 0.100, 0.100]
    Layer 19: sigma=[0.100, 0.100, 0.100, 0.100, 0.100, 0.100, 0.100, 0.195, 0.100, 0.100, 0.144, 0.100, 0.100, 0.100, 0.100, 0.100, 0.100, 0.100, 0.100, 0.100, 0.100, 0.100, 0.100, 0.100]
    Layer 20: sigma=[0.100, 0.100, 0.100, 0.100, 0.100, 0.100, 0.100, 0.100, 0.100, 0.100, 0.100, 0.100, 0.100, 0.100, 0.100, 0.100, 0.100, 0.100, 0.100, 0.100, 0.100, 0.100, 0.100, 0.100]
    Layer 21: sigma=[0.100, 0.100, 0.100, 0.100, 0.100, 0.100, 0.100, 0.100, 0.100, 0.100, 0.100, 0.100, 0.100, 0.100, 0.100, 0.100, 0.100, 0.100, 0.100, 0.100, 0.100, 0.100, 0.100, 0.100]
    Layer 22: sigma=[0.100, 0.100, 0.100, 0.100, 0.100, 0.100, 0.100, 0.100, 0.100, 0.100, 0.100, 0.100, 0.100, 0.100, 0.100, 0.100, 0.100, 0.100, 0.100, 0.100, 0.100, 0.100, 0.100, 0.100]
    Layer 23: sigma=[0.100, 0.100, 0.100, 0.102, 0.100, 0.100, 0.100, 0.100, 0.100, 0.100, 0.100, 0.100, 0.100, 0.100, 0.100, 0.100, 0.100, 0.100, 0.100, 0.100, 0.198, 0.100, 0.100, 0.100]
    Layer 24: sigma=[0.100, 0.100, 0.100, 0.100, 0.100, 0.100, 0.100, 0.100, 0.100, 0.275, 0.100, 0.100, 0.100, 0.100, 0.100, 0.100, 0.100, 0.100, 0.100, 0.100, 0.100, 0.100, 0.100, 0.100]
    Layer 25: sigma=[0.100, 0.100, 0.100, 0.100, 0.100, 0.100, 0.100, 0.100, 0.114, 0.100, 0.132, 0.100, 0.100, 0.112, 0.100, 0.100, 0.100, 0.100, 0.100, 0.100, 0.100, 0.100, 0.100, 0.100]
    Layer 26: sigma=[0.100, 0.100, 0.100, 0.100, 0.108, 0.100, 0.100, 0.100, 0.100, 0.100, 0.100, 0.100, 0.108, 0.100, 0.100, 0.100, 0.100, 0.100, 0.285, 0.100, 0.103, 0.100, 0.100, 0.100]
    Layer 27: sigma=[0.320, 0.100, 0.100, 0.100, 0.100, 0.100, 0.100, 0.100, 0.100, 0.100, 0.100, 0.100, 0.100, 0.100, 0.100, 0.100, 0.100, 0.100, 0.240, 0.100, 0.273, 0.100, 0.100, 0.100]

  [Taylor Step 3/3] g_proj = v_proj * alpha (damping=0.01)...
    Layer  0: alpha=0.056635  teacher_rms=0.0170  v_rms=0.0030
    Layer  1: alpha=0.057508  teacher_rms=0.0387  v_rms=0.0067
    Layer  2: alpha=0.015216  teacher_rms=0.0168  v_rms=0.0110
    Layer  3: alpha=0.017317  teacher_rms=0.0218  v_rms=0.0126
    Layer  4: alpha=0.025271  teacher_rms=0.0316  v_rms=0.0125
    Layer  5: alpha=0.034053  teacher_rms=0.0429  v_rms=0.0126
    Layer  6: alpha=0.039001  teacher_rms=0.0529  v_rms=0.0136
    Layer  7: alpha=0.047453  teacher_rms=0.0681  v_rms=0.0143
    Layer  8: alpha=0.052318  teacher_rms=0.0757  v_rms=0.0145
    Layer  9: alpha=0.048003  teacher_rms=0.0774  v_rms=0.0161
    Layer 10: alpha=0.047153  teacher_rms=0.0848  v_rms=0.0180
    Layer 12: alpha=0.054315  teacher_rms=0.0896  v_rms=0.0165
    Layer 13: alpha=0.045802  teacher_rms=0.0933  v_rms=0.0204
    Layer 14: alpha=0.048405  teacher_rms=0.0816  v_rms=0.0169
    Layer 15: alpha=0.041074  teacher_rms=0.0673  v_rms=0.0164
    Layer 16: alpha=0.028714  teacher_rms=0.0493  v_rms=0.0172
    Layer 17: alpha=0.024043  teacher_rms=0.0430  v_rms=0.0179
    Layer 18: alpha=0.022940  teacher_rms=0.0427  v_rms=0.0186
    Layer 19: alpha=0.033218  teacher_rms=0.0638  v_rms=0.0192
    Layer 20: alpha=0.022405  teacher_rms=0.0426  v_rms=0.0190
    Layer 21: alpha=0.019452  teacher_rms=0.0411  v_rms=0.0211
    Layer 22: alpha=0.019571  teacher_rms=0.0441  v_rms=0.0226
    Layer 23: alpha=0.032664  teacher_rms=0.0659  v_rms=0.0202
    Layer 24: alpha=0.027189  teacher_rms=0.0766  v_rms=0.0282
    Layer 25: alpha=0.033297  teacher_rms=0.0859  v_rms=0.0258
    Layer 26: alpha=0.039351  teacher_rms=0.1157  v_rms=0.0294
    Layer 27: alpha=0.042455  teacher_rms=0.1451  v_rms=0.0342

  Set g_proj = v_proj * alpha in 27 GDN layers (damping=0.01).
  Init (taylor_distill) done in 249.4s
  Layer 11: PPL = 614.43  (eval 11.1s)

============================================================
  Probing layer 12 | strategy=taylor_distill
============================================================
Loading checkpoint shards:   0%|          | 0/2 [00:00<?, ?it/s]Loading checkpoint shards: 100%|██████████| 2/2 [00:00<00:00, 36.46it/s]
Loading checkpoint shards:   0%|          | 0/2 [00:00<?, ?it/s]Loading checkpoint shards: 100%|██████████| 2/2 [00:00<00:00, 63.19it/s]
Token indices sequence length is longer than the specified maximum sequence length for this model (2349952 > 131072). Running this sequence through the model will result in indexing errors
  [Taylor Step 1/3] Gate calibration from attention stats...
    Layer  0: dist=[22, 3, 29, 29, 23, 23, 45, 42, 35, 49, 55, 53, 51, 45, 49, 7, 57, 35, 19, 33, 21, 58, 58, 47]
    Layer  1: dist=[37, 40, 77, 52, 50, 57, 33, 74, 40, 65, 64, 71, 45, 43, 50, 25, 28, 66, 58, 48, 61, 52, 50, 57]
    Layer  2: dist=[115, 119, 121, 102, 116, 107, 121, 117, 116, 119, 113, 101, 119, 119, 102, 122, 122, 122, 120, 120, 121, 115, 118, 113]
    Layer  3: dist=[98, 116, 112, 123, 119, 122, 105, 113, 115, 107, 117, 107, 113, 116, 114, 108, 102, 111, 111, 118, 116, 93, 96, 95]
    Layer  4: dist=[98, 112, 120, 98, 97, 92, 99, 95, 108, 107, 104, 113, 86, 106, 111, 97, 120, 105, 99, 102, 101, 118, 122, 109]
    Layer  5: dist=[114, 106, 103, 84, 90, 96, 121, 126, 112, 95, 100, 99, 72, 81, 95, 112, 99, 103, 99, 92, 96, 88, 97, 96]
    Layer  6: dist=[99, 111, 96, 87, 85, 92, 100, 96, 97, 90, 82, 87, 92, 103, 83, 77, 82, 84, 101, 100, 87, 102, 97, 95]
    Layer  7: dist=[85, 72, 99, 68, 88, 85, 65, 71, 79, 78, 96, 85, 94, 82, 84, 85, 83, 94, 88, 83, 81, 82, 87, 79]
    Layer  8: dist=[95, 73, 108, 73, 90, 76, 107, 95, 107, 78, 88, 80, 72, 84, 80, 72, 66, 74, 78, 82, 81, 79, 64, 71]
    Layer  9: dist=[63, 63, 64, 97, 102, 103, 65, 61, 74, 91, 88, 89, 85, 79, 64, 86, 77, 79, 89, 107, 98, 74, 64, 92]
    Layer 10: dist=[78, 77, 81, 94, 97, 98, 78, 72, 70, 83, 70, 101, 61, 52, 66, 85, 89, 75, 62, 65, 67, 112, 99, 87]
    Layer 11: dist=[47, 70, 52, 76, 79, 80, 80, 74, 70, 79, 72, 63, 82, 74, 93, 80, 80, 92, 68, 68, 70, 78, 69, 75]
    Layer 13: dist=[84, 82, 84, 83, 80, 77, 28, 53, 47, 67, 62, 86, 84, 112, 92, 71, 100, 81, 86, 92, 84, 89, 99, 88]
    Layer 14: dist=[45, 118, 119, 67, 56, 57, 63, 56, 56, 78, 100, 104, 94, 93, 93, 85, 80, 83, 60, 74, 80, 104, 115, 77]
    Layer 15: dist=[105, 105, 89, 72, 73, 81, 97, 77, 83, 63, 76, 76, 112, 115, 100, 90, 88, 95, 104, 109, 100, 93, 97, 100]
    Layer 16: dist=[124, 98, 120, 121, 97, 122, 90, 91, 87, 103, 122, 97, 120, 115, 106, 102, 107, 103, 95, 80, 87, 93, 116, 120]
    Layer 17: dist=[109, 112, 97, 115, 114, 105, 76, 96, 88, 113, 106, 116, 117, 107, 103, 91, 110, 90, 115, 111, 119, 122, 114, 119]
    Layer 18: dist=[80, 110, 121, 119, 115, 111, 94, 90, 96, 98, 105, 99, 123, 122, 121, 118, 114, 104, 114, 106, 96, 91, 111, 105]
    Layer 19: dist=[104, 76, 85, 92, 90, 95, 91, 49, 98, 94, 101, 98, 115, 84, 121, 115, 107, 110, 105, 94, 104, 114, 118, 117]
    Layer 20: dist=[102, 117, 118, 115, 112, 112, 109, 110, 122, 112, 112, 114, 102, 100, 115, 115, 113, 118, 109, 97, 98, 103, 108, 106]
    Layer 21: dist=[109, 112, 109, 122, 124, 121, 122, 120, 121, 101, 107, 100, 114, 117, 113, 117, 115, 117, 113, 117, 108, 104, 107, 105]
    Layer 22: dist=[119, 103, 111, 119, 118, 119, 123, 124, 122, 116, 119, 118, 111, 102, 84, 113, 95, 103, 117, 121, 117, 115, 123, 117]
    Layer 23: dist=[84, 104, 85, 104, 119, 114, 108, 116, 80, 114, 108, 112, 122, 118, 79, 99, 94, 91, 121, 121, 84, 112, 115, 81]
    Layer 24: dist=[118, 114, 116, 109, 113, 110, 93, 106, 87, 100, 69, 99, 80, 107, 119, 111, 105, 110, 121, 119, 123, 98, 104, 112]
    Layer 25: dist=[112, 122, 121, 121, 119, 123, 79, 72, 69, 121, 111, 121, 117, 97, 114, 88, 106, 105, 104, 106, 101, 79, 115, 57]
    Layer 26: dist=[79, 93, 64, 108, 104, 123, 102, 71, 109, 106, 100, 108, 75, 47, 69, 105, 98, 95, 35, 72, 59, 111, 108, 102]
    Layer 27: dist=[48, 108, 82, 111, 79, 53, 89, 89, 105, 69, 100, 6, 104, 109, 95, 102, 105, 98, 84, 70, 69, 76, 91, 88]

  [Taylor Step 2/3] OLS sigma per head (scaling V)...
    Layer  0: sigma=[0.142, 0.135, 0.141, 0.100, 0.100, 0.100, 0.100, 0.100, 0.100, 0.100, 0.100, 0.100, 0.100, 0.100, 0.100, 0.100, 0.100, 0.100, 0.100, 0.100, 0.100, 0.111, 0.100, 0.100]
    Layer  1: sigma=[0.100, 0.153, 0.100, 0.100, 0.100, 0.100, 0.100, 0.100, 0.100, 0.100, 0.100, 0.100, 0.100, 0.100, 0.100, 0.100, 0.100, 0.100, 0.100, 0.145, 0.100, 0.100, 0.100, 0.100]
    Layer  2: sigma=[0.100, 0.100, 0.100, 0.100, 0.100, 0.100, 0.100, 0.100, 0.100, 0.100, 0.100, 0.100, 0.100, 0.100, 0.100, 0.100, 0.100, 0.100, 0.100, 0.100, 0.100, 0.100, 0.100, 0.100]
    Layer  3: sigma=[0.100, 0.100, 0.100, 0.100, 0.100, 0.100, 0.100, 0.100, 0.100, 0.100, 0.100, 0.100, 0.100, 0.100, 0.100, 0.100, 0.100, 0.100, 0.100, 0.100, 0.100, 0.100, 0.100, 0.100]
    Layer  4: sigma=[0.100, 0.100, 0.100, 0.100, 0.100, 0.100, 0.100, 0.100, 0.100, 0.100, 0.100, 0.100, 0.100, 0.100, 0.100, 0.100, 0.100, 0.100, 0.100, 0.100, 0.100, 0.100, 0.100, 0.100]
    Layer  5: sigma=[0.100, 0.100, 0.100, 0.100, 0.100, 0.100, 0.100, 0.100, 0.100, 0.100, 0.100, 0.100, 0.100, 0.100, 0.100, 0.100, 0.100, 0.100, 0.100, 0.108, 0.100, 0.100, 0.100, 0.100]
    Layer  6: sigma=[0.100, 0.100, 0.100, 0.100, 0.100, 0.100, 0.100, 0.100, 0.100, 0.100, 0.100, 0.100, 0.100, 0.100, 0.100, 0.100, 0.100, 0.100, 0.100, 0.100, 0.100, 0.100, 0.100, 0.100]
    Layer  7: sigma=[0.100, 0.100, 0.100, 0.100, 0.100, 0.100, 0.100, 0.100, 0.100, 0.100, 0.100, 0.100, 0.100, 0.100, 0.100, 0.100, 0.100, 0.100, 0.100, 0.100, 0.100, 0.100, 0.100, 0.100]
    Layer  8: sigma=[0.100, 0.100, 0.100, 0.100, 0.100, 0.100, 0.100, 0.100, 0.100, 0.100, 0.100, 0.100, 0.100, 0.100, 0.100, 0.100, 0.100, 0.100, 0.100, 0.100, 0.100, 0.100, 0.100, 0.100]
    Layer  9: sigma=[0.100, 0.100, 0.100, 0.100, 0.100, 0.100, 0.100, 0.100, 0.100, 0.100, 0.100, 0.100, 0.100, 0.100, 0.100, 0.100, 0.100, 0.100, 0.100, 0.100, 0.100, 0.100, 0.100, 0.107]
    Layer 10: sigma=[0.100, 0.100, 0.100, 0.100, 0.100, 0.100, 0.100, 0.100, 0.111, 0.100, 0.100, 0.100, 0.135, 0.277, 0.100, 0.100, 0.100, 0.100, 0.100, 0.100, 0.100, 0.100, 0.141, 0.100]
    Layer 11: sigma=[0.100, 0.221, 0.100, 0.100, 0.100, 0.100, 0.100, 0.100, 0.100, 0.100, 0.100, 0.100, 0.100, 0.100, 0.100, 0.100, 0.100, 0.100, 0.100, 0.100, 0.100, 0.100, 0.100, 0.100]
    Layer 13: sigma=[0.100, 0.100, 0.100, 0.100, 0.100, 0.100, 0.100, 0.355, 0.100, 0.100, 0.100, 0.100, 0.100, 0.100, 0.100, 0.100, 0.134, 0.100, 0.100, 0.100, 0.100, 0.100, 0.100, 0.100]
    Layer 14: sigma=[0.100, 0.100, 0.100, 0.100, 0.100, 0.154, 0.100, 0.100, 0.100, 0.100, 0.100, 0.100, 0.100, 0.100, 0.100, 0.100, 0.100, 0.100, 0.100, 0.100, 0.100, 0.100, 0.100, 0.100]
    Layer 15: sigma=[0.100, 0.100, 0.100, 0.100, 0.100, 0.100, 0.100, 0.100, 0.100, 0.156, 0.100, 0.100, 0.100, 0.100, 0.100, 0.100, 0.100, 0.100, 0.100, 0.100, 0.100, 0.100, 0.100, 0.100]
    Layer 16: sigma=[0.100, 0.100, 0.100, 0.100, 0.100, 0.100, 0.100, 0.100, 0.100, 0.100, 0.100, 0.100, 0.100, 0.100, 0.100, 0.100, 0.100, 0.100, 0.100, 0.100, 0.100, 0.100, 0.100, 0.100]
    Layer 17: sigma=[0.100, 0.100, 0.100, 0.100, 0.100, 0.100, 0.100, 0.100, 0.100, 0.100, 0.100, 0.100, 0.100, 0.100, 0.100, 0.100, 0.100, 0.100, 0.100, 0.100, 0.100, 0.100, 0.100, 0.100]
    Layer 18: sigma=[0.100, 0.100, 0.100, 0.100, 0.100, 0.100, 0.100, 0.112, 0.100, 0.100, 0.100, 0.100, 0.100, 0.100, 0.100, 0.100, 0.100, 0.100, 0.100, 0.100, 0.100, 0.100, 0.100, 0.100]
    Layer 19: sigma=[0.100, 0.100, 0.100, 0.100, 0.100, 0.100, 0.100, 0.208, 0.100, 0.100, 0.168, 0.100, 0.100, 0.100, 0.100, 0.100, 0.100, 0.100, 0.100, 0.100, 0.100, 0.100, 0.100, 0.100]
    Layer 20: sigma=[0.100, 0.100, 0.100, 0.100, 0.100, 0.100, 0.100, 0.100, 0.100, 0.100, 0.100, 0.100, 0.100, 0.100, 0.100, 0.100, 0.100, 0.100, 0.100, 0.100, 0.100, 0.100, 0.100, 0.100]
    Layer 21: sigma=[0.100, 0.100, 0.100, 0.100, 0.100, 0.100, 0.100, 0.100, 0.100, 0.100, 0.100, 0.100, 0.100, 0.100, 0.100, 0.100, 0.100, 0.100, 0.100, 0.100, 0.100, 0.100, 0.100, 0.100]
    Layer 22: sigma=[0.100, 0.100, 0.100, 0.100, 0.100, 0.100, 0.100, 0.100, 0.100, 0.100, 0.100, 0.100, 0.100, 0.100, 0.100, 0.100, 0.100, 0.100, 0.100, 0.100, 0.100, 0.100, 0.100, 0.100]
    Layer 23: sigma=[0.100, 0.100, 0.100, 0.104, 0.100, 0.100, 0.100, 0.100, 0.100, 0.100, 0.100, 0.100, 0.100, 0.100, 0.100, 0.100, 0.100, 0.100, 0.100, 0.100, 0.208, 0.100, 0.100, 0.100]
    Layer 24: sigma=[0.100, 0.100, 0.100, 0.100, 0.100, 0.100, 0.100, 0.100, 0.100, 0.277, 0.100, 0.100, 0.100, 0.100, 0.100, 0.100, 0.100, 0.100, 0.100, 0.100, 0.100, 0.100, 0.100, 0.100]
    Layer 25: sigma=[0.100, 0.100, 0.100, 0.100, 0.100, 0.100, 0.100, 0.100, 0.122, 0.100, 0.116, 0.100, 0.100, 0.113, 0.100, 0.100, 0.100, 0.100, 0.100, 0.100, 0.100, 0.100, 0.100, 0.100]
    Layer 26: sigma=[0.100, 0.100, 0.100, 0.100, 0.100, 0.100, 0.100, 0.100, 0.100, 0.100, 0.100, 0.100, 0.158, 0.100, 0.100, 0.100, 0.100, 0.100, 0.326, 0.100, 0.100, 0.100, 0.100, 0.100]
    Layer 27: sigma=[0.315, 0.100, 0.100, 0.100, 0.100, 0.100, 0.100, 0.100, 0.100, 0.100, 0.100, 0.100, 0.100, 0.100, 0.100, 0.100, 0.100, 0.100, 0.243, 0.100, 0.272, 0.100, 0.100, 0.100]

  [Taylor Step 3/3] g_proj = v_proj * alpha (damping=0.01)...
    Layer  0: alpha=0.056102  teacher_rms=0.0170  v_rms=0.0030
    Layer  1: alpha=0.058930  teacher_rms=0.0387  v_rms=0.0066
    Layer  2: alpha=0.015216  teacher_rms=0.0168  v_rms=0.0110
    Layer  3: alpha=0.017317  teacher_rms=0.0218  v_rms=0.0126
    Layer  4: alpha=0.025271  teacher_rms=0.0316  v_rms=0.0125
    Layer  5: alpha=0.034055  teacher_rms=0.0429  v_rms=0.0126
    Layer  6: alpha=0.039001  teacher_rms=0.0529  v_rms=0.0136
    Layer  7: alpha=0.047453  teacher_rms=0.0681  v_rms=0.0143
    Layer  8: alpha=0.052318  teacher_rms=0.0757  v_rms=0.0145
    Layer  9: alpha=0.048073  teacher_rms=0.0774  v_rms=0.0161
    Layer 10: alpha=0.047032  teacher_rms=0.0848  v_rms=0.0180
    Layer 11: alpha=0.048933  teacher_rms=0.0824  v_rms=0.0168
    Layer 13: alpha=0.046087  teacher_rms=0.0933  v_rms=0.0202
    Layer 14: alpha=0.050496  teacher_rms=0.0816  v_rms=0.0162
    Layer 15: alpha=0.041026  teacher_rms=0.0673  v_rms=0.0164
    Layer 16: alpha=0.028714  teacher_rms=0.0493  v_rms=0.0172
    Layer 17: alpha=0.024043  teacher_rms=0.0430  v_rms=0.0179
    Layer 18: alpha=0.022895  teacher_rms=0.0427  v_rms=0.0187
    Layer 19: alpha=0.032666  teacher_rms=0.0638  v_rms=0.0195
    Layer 20: alpha=0.022405  teacher_rms=0.0426  v_rms=0.0190
    Layer 21: alpha=0.019452  teacher_rms=0.0411  v_rms=0.0211
    Layer 22: alpha=0.019571  teacher_rms=0.0441  v_rms=0.0226
    Layer 23: alpha=0.032443  teacher_rms=0.0659  v_rms=0.0203
    Layer 24: alpha=0.027149  teacher_rms=0.0766  v_rms=0.0282
    Layer 25: alpha=0.033568  teacher_rms=0.0859  v_rms=0.0256
    Layer 26: alpha=0.037740  teacher_rms=0.1157  v_rms=0.0307
    Layer 27: alpha=0.042572  teacher_rms=0.1451  v_rms=0.0341

  Set g_proj = v_proj * alpha in 27 GDN layers (damping=0.01).
  Init (taylor_distill) done in 206.3s
  Layer 12: PPL = 627.11  (eval 9.7s)

============================================================
  Probing layer 13 | strategy=taylor_distill
============================================================
Loading checkpoint shards:   0%|          | 0/2 [00:00<?, ?it/s]Loading checkpoint shards: 100%|██████████| 2/2 [00:00<00:00, 121.76it/s]
Loading checkpoint shards:   0%|          | 0/2 [00:00<?, ?it/s]Loading checkpoint shards: 100%|██████████| 2/2 [00:00<00:00, 117.19it/s]
Token indices sequence length is longer than the specified maximum sequence length for this model (2349952 > 131072). Running this sequence through the model will result in indexing errors
  [Taylor Step 1/3] Gate calibration from attention stats...
    Layer  0: dist=[22, 3, 29, 29, 23, 23, 45, 42, 35, 49, 55, 53, 51, 45, 49, 7, 57, 35, 19, 33, 21, 58, 58, 47]
    Layer  1: dist=[37, 40, 77, 52, 50, 57, 33, 74, 40, 65, 64, 71, 45, 43, 50, 25, 28, 66, 58, 48, 61, 52, 50, 57]
    Layer  2: dist=[115, 119, 121, 102, 116, 107, 121, 117, 116, 119, 113, 101, 119, 119, 102, 122, 122, 122, 120, 120, 121, 115, 118, 113]
    Layer  3: dist=[98, 116, 112, 123, 119, 122, 105, 113, 115, 107, 117, 107, 113, 116, 114, 108, 102, 111, 111, 118, 116, 93, 96, 95]
    Layer  4: dist=[98, 112, 120, 98, 97, 92, 99, 95, 108, 107, 104, 113, 86, 106, 111, 97, 120, 105, 99, 102, 101, 118, 122, 109]
    Layer  5: dist=[114, 106, 103, 84, 90, 96, 121, 126, 112, 95, 100, 99, 72, 81, 95, 112, 99, 103, 99, 92, 96, 88, 97, 96]
    Layer  6: dist=[99, 111, 96, 87, 85, 92, 100, 96, 97, 90, 82, 87, 92, 103, 83, 77, 82, 84, 101, 100, 87, 102, 97, 95]
    Layer  7: dist=[85, 72, 99, 68, 88, 85, 65, 71, 79, 78, 96, 85, 94, 82, 84, 85, 83, 94, 88, 83, 81, 82, 87, 79]
    Layer  8: dist=[95, 73, 108, 73, 90, 76, 107, 95, 107, 78, 88, 80, 72, 84, 80, 72, 66, 74, 78, 82, 81, 79, 64, 71]
    Layer  9: dist=[63, 63, 64, 97, 102, 103, 65, 61, 74, 91, 88, 89, 85, 79, 64, 86, 77, 79, 89, 107, 98, 74, 64, 92]
    Layer 10: dist=[78, 77, 81, 94, 97, 98, 78, 72, 70, 83, 70, 101, 61, 52, 66, 85, 89, 75, 62, 65, 67, 112, 99, 87]
    Layer 11: dist=[47, 70, 52, 76, 79, 80, 80, 74, 70, 79, 72, 63, 82, 74, 93, 80, 80, 92, 68, 68, 70, 78, 69, 75]
    Layer 12: dist=[78, 75, 66, 108, 108, 89, 70, 69, 73, 81, 78, 85, 65, 94, 70, 97, 93, 71, 91, 109, 110, 52, 74, 59]
    Layer 14: dist=[45, 118, 119, 67, 56, 57, 63, 56, 56, 78, 100, 104, 94, 93, 93, 85, 80, 83, 60, 74, 80, 104, 115, 77]
    Layer 15: dist=[105, 105, 89, 72, 73, 81, 97, 77, 83, 63, 76, 76, 112, 115, 100, 90, 88, 95, 104, 109, 100, 93, 97, 100]
    Layer 16: dist=[124, 98, 120, 121, 97, 122, 90, 91, 87, 103, 122, 97, 120, 115, 106, 102, 107, 103, 95, 80, 87, 93, 116, 120]
    Layer 17: dist=[109, 112, 97, 115, 114, 105, 76, 96, 88, 113, 106, 116, 117, 107, 103, 91, 110, 90, 115, 111, 119, 122, 114, 119]
    Layer 18: dist=[80, 110, 121, 119, 115, 111, 94, 90, 96, 98, 105, 99, 123, 122, 121, 118, 114, 104, 114, 106, 96, 91, 111, 105]
    Layer 19: dist=[104, 76, 85, 92, 90, 95, 91, 49, 98, 94, 101, 98, 115, 84, 121, 115, 107, 110, 105, 94, 104, 114, 118, 117]
    Layer 20: dist=[102, 117, 118, 115, 112, 112, 109, 110, 122, 112, 112, 114, 102, 100, 115, 115, 113, 118, 109, 97, 98, 103, 108, 106]
    Layer 21: dist=[109, 112, 109, 122, 124, 121, 122, 120, 121, 101, 107, 100, 114, 117, 113, 117, 115, 117, 113, 117, 108, 104, 107, 105]
    Layer 22: dist=[119, 103, 111, 119, 118, 119, 123, 124, 122, 116, 119, 118, 111, 102, 84, 113, 95, 103, 117, 121, 117, 115, 123, 117]
    Layer 23: dist=[84, 104, 85, 104, 119, 114, 108, 116, 80, 114, 108, 112, 122, 118, 79, 99, 94, 91, 121, 121, 84, 112, 115, 81]
    Layer 24: dist=[118, 114, 116, 109, 113, 110, 93, 106, 87, 100, 69, 99, 80, 107, 119, 111, 105, 110, 121, 119, 123, 98, 104, 112]
    Layer 25: dist=[112, 122, 121, 121, 119, 123, 79, 72, 69, 121, 111, 121, 117, 97, 114, 88, 106, 105, 104, 106, 101, 79, 115, 57]
    Layer 26: dist=[79, 93, 64, 108, 104, 123, 102, 71, 109, 106, 100, 108, 75, 47, 69, 105, 98, 95, 35, 72, 59, 111, 108, 102]
    Layer 27: dist=[48, 108, 82, 111, 79, 53, 89, 89, 105, 69, 100, 6, 104, 109, 95, 102, 105, 98, 84, 70, 69, 76, 91, 88]

  [Taylor Step 2/3] OLS sigma per head (scaling V)...
    Layer  0: sigma=[0.145, 0.136, 0.134, 0.100, 0.100, 0.100, 0.100, 0.100, 0.100, 0.100, 0.100, 0.100, 0.100, 0.100, 0.100, 0.100, 0.100, 0.100, 0.100, 0.100, 0.100, 0.112, 0.100, 0.100]
    Layer  1: sigma=[0.100, 0.146, 0.100, 0.100, 0.100, 0.100, 0.100, 0.100, 0.100, 0.100, 0.100, 0.100, 0.100, 0.100, 0.100, 0.100, 0.100, 0.100, 0.100, 0.153, 0.100, 0.100, 0.100, 0.100]
    Layer  2: sigma=[0.100, 0.100, 0.100, 0.100, 0.100, 0.100, 0.100, 0.100, 0.100, 0.100, 0.100, 0.100, 0.100, 0.100, 0.100, 0.100, 0.100, 0.100, 0.100, 0.100, 0.100, 0.100, 0.100, 0.100]
    Layer  3: sigma=[0.100, 0.100, 0.100, 0.100, 0.100, 0.100, 0.100, 0.100, 0.100, 0.100, 0.100, 0.100, 0.100, 0.100, 0.100, 0.100, 0.100, 0.100, 0.100, 0.100, 0.100, 0.100, 0.100, 0.100]
    Layer  4: sigma=[0.100, 0.100, 0.100, 0.100, 0.100, 0.100, 0.100, 0.100, 0.100, 0.100, 0.100, 0.100, 0.100, 0.100, 0.100, 0.100, 0.100, 0.100, 0.100, 0.100, 0.100, 0.100, 0.100, 0.100]
    Layer  5: sigma=[0.100, 0.100, 0.100, 0.100, 0.100, 0.100, 0.100, 0.100, 0.100, 0.100, 0.100, 0.100, 0.100, 0.100, 0.100, 0.100, 0.100, 0.100, 0.100, 0.106, 0.100, 0.100, 0.100, 0.100]
    Layer  6: sigma=[0.100, 0.100, 0.100, 0.100, 0.100, 0.100, 0.100, 0.100, 0.100, 0.100, 0.100, 0.100, 0.100, 0.100, 0.100, 0.100, 0.100, 0.100, 0.100, 0.100, 0.100, 0.100, 0.100, 0.100]
    Layer  7: sigma=[0.100, 0.100, 0.100, 0.100, 0.100, 0.100, 0.100, 0.100, 0.100, 0.100, 0.100, 0.100, 0.100, 0.100, 0.100, 0.100, 0.100, 0.100, 0.100, 0.100, 0.100, 0.100, 0.100, 0.100]
    Layer  8: sigma=[0.100, 0.100, 0.100, 0.100, 0.100, 0.100, 0.100, 0.100, 0.100, 0.100, 0.100, 0.100, 0.100, 0.100, 0.100, 0.100, 0.100, 0.100, 0.100, 0.100, 0.100, 0.100, 0.100, 0.100]
    Layer  9: sigma=[0.100, 0.100, 0.100, 0.100, 0.100, 0.100, 0.100, 0.100, 0.100, 0.100, 0.100, 0.100, 0.100, 0.100, 0.100, 0.100, 0.100, 0.100, 0.100, 0.100, 0.100, 0.100, 0.100, 0.109]
    Layer 10: sigma=[0.100, 0.100, 0.100, 0.100, 0.100, 0.100, 0.100, 0.100, 0.108, 0.100, 0.100, 0.100, 0.125, 0.293, 0.100, 0.100, 0.100, 0.100, 0.100, 0.100, 0.100, 0.100, 0.142, 0.100]
    Layer 11: sigma=[0.100, 0.160, 0.100, 0.100, 0.100, 0.100, 0.100, 0.100, 0.100, 0.100, 0.100, 0.100, 0.100, 0.100, 0.100, 0.100, 0.100, 0.100, 0.100, 0.100, 0.100, 0.100, 0.100, 0.100]
    Layer 12: sigma=[0.100, 0.100, 0.100, 0.100, 0.100, 0.100, 0.100, 0.100, 0.100, 0.100, 0.100, 0.100, 0.100, 0.100, 0.116, 0.100, 0.100, 0.100, 0.100, 0.100, 0.100, 0.100, 0.100, 0.100]
    Layer 14: sigma=[0.100, 0.100, 0.100, 0.100, 0.100, 0.183, 0.100, 0.100, 0.100, 0.100, 0.100, 0.100, 0.100, 0.100, 0.100, 0.100, 0.100, 0.100, 0.100, 0.100, 0.100, 0.100, 0.100, 0.100]
    Layer 15: sigma=[0.100, 0.100, 0.100, 0.100, 0.100, 0.100, 0.100, 0.100, 0.100, 0.158, 0.100, 0.100, 0.100, 0.100, 0.100, 0.100, 0.100, 0.100, 0.100, 0.100, 0.100, 0.100, 0.100, 0.100]
    Layer 16: sigma=[0.100, 0.100, 0.100, 0.100, 0.100, 0.100, 0.100, 0.100, 0.100, 0.100, 0.100, 0.100, 0.100, 0.100, 0.100, 0.100, 0.100, 0.100, 0.100, 0.100, 0.100, 0.100, 0.100, 0.100]
    Layer 17: sigma=[0.100, 0.100, 0.100, 0.100, 0.100, 0.100, 0.100, 0.100, 0.100, 0.100, 0.100, 0.100, 0.100, 0.100, 0.100, 0.100, 0.100, 0.100, 0.100, 0.100, 0.100, 0.100, 0.100, 0.100]
    Layer 18: sigma=[0.100, 0.100, 0.100, 0.100, 0.100, 0.100, 0.100, 0.100, 0.100, 0.100, 0.100, 0.100, 0.100, 0.100, 0.100, 0.100, 0.100, 0.100, 0.100, 0.100, 0.100, 0.100, 0.100, 0.100]
    Layer 19: sigma=[0.100, 0.100, 0.100, 0.100, 0.100, 0.100, 0.100, 0.174, 0.100, 0.100, 0.148, 0.100, 0.100, 0.100, 0.100, 0.100, 0.100, 0.100, 0.100, 0.100, 0.100, 0.100, 0.100, 0.100]
    Layer 20: sigma=[0.100, 0.100, 0.100, 0.100, 0.100, 0.100, 0.100, 0.100, 0.100, 0.100, 0.100, 0.100, 0.100, 0.100, 0.100, 0.100, 0.100, 0.100, 0.100, 0.100, 0.100, 0.100, 0.100, 0.100]
    Layer 21: sigma=[0.100, 0.100, 0.100, 0.100, 0.100, 0.100, 0.100, 0.100, 0.100, 0.100, 0.100, 0.100, 0.100, 0.100, 0.100, 0.100, 0.100, 0.100, 0.100, 0.100, 0.100, 0.100, 0.100, 0.100]
    Layer 22: sigma=[0.100, 0.100, 0.100, 0.100, 0.100, 0.100, 0.100, 0.100, 0.100, 0.100, 0.100, 0.100, 0.100, 0.100, 0.100, 0.100, 0.100, 0.100, 0.100, 0.100, 0.100, 0.100, 0.100, 0.100]
    Layer 23: sigma=[0.100, 0.100, 0.100, 0.110, 0.100, 0.100, 0.100, 0.100, 0.100, 0.100, 0.100, 0.100, 0.100, 0.100, 0.100, 0.100, 0.100, 0.100, 0.100, 0.100, 0.207, 0.100, 0.100, 0.100]
    Layer 24: sigma=[0.100, 0.100, 0.100, 0.100, 0.100, 0.100, 0.100, 0.100, 0.100, 0.268, 0.100, 0.100, 0.100, 0.100, 0.100, 0.100, 0.100, 0.100, 0.100, 0.100, 0.100, 0.100, 0.100, 0.100]
    Layer 25: sigma=[0.100, 0.100, 0.100, 0.100, 0.100, 0.100, 0.100, 0.100, 0.122, 0.100, 0.111, 0.100, 0.100, 0.108, 0.100, 0.100, 0.100, 0.100, 0.100, 0.100, 0.100, 0.100, 0.100, 0.100]
    Layer 26: sigma=[0.100, 0.100, 0.100, 0.100, 0.114, 0.100, 0.100, 0.100, 0.100, 0.100, 0.100, 0.100, 0.149, 0.100, 0.100, 0.100, 0.100, 0.100, 0.331, 0.100, 0.100, 0.100, 0.100, 0.100]
    Layer 27: sigma=[0.293, 0.100, 0.100, 0.100, 0.100, 0.100, 0.100, 0.100, 0.100, 0.100, 0.100, 0.100, 0.100, 0.100, 0.100, 0.100, 0.100, 0.100, 0.233, 0.100, 0.339, 0.100, 0.100, 0.100]

  [Taylor Step 3/3] g_proj = v_proj * alpha (damping=0.01)...
    Layer  0: alpha=0.056175  teacher_rms=0.0170  v_rms=0.0030
    Layer  1: alpha=0.058923  teacher_rms=0.0387  v_rms=0.0066
    Layer  2: alpha=0.015216  teacher_rms=0.0168  v_rms=0.0110
    Layer  3: alpha=0.017317  teacher_rms=0.0218  v_rms=0.0126
    Layer  4: alpha=0.025271  teacher_rms=0.0316  v_rms=0.0125
    Layer  5: alpha=0.034075  teacher_rms=0.0429  v_rms=0.0126
    Layer  6: alpha=0.039001  teacher_rms=0.0529  v_rms=0.0136
    Layer  7: alpha=0.047453  teacher_rms=0.0681  v_rms=0.0143
    Layer  8: alpha=0.052318  teacher_rms=0.0757  v_rms=0.0145
    Layer  9: alpha=0.048018  teacher_rms=0.0774  v_rms=0.0161
    Layer 10: alpha=0.046582  teacher_rms=0.0848  v_rms=0.0182
    Layer 11: alpha=0.050761  teacher_rms=0.0824  v_rms=0.0162
    Layer 12: alpha=0.054113  teacher_rms=0.0896  v_rms=0.0166
    Layer 14: alpha=0.049686  teacher_rms=0.0816  v_rms=0.0164
    Layer 15: alpha=0.040972  teacher_rms=0.0673  v_rms=0.0164
    Layer 16: alpha=0.028714  teacher_rms=0.0493  v_rms=0.0172
    Layer 17: alpha=0.024043  teacher_rms=0.0430  v_rms=0.0179
    Layer 18: alpha=0.022965  teacher_rms=0.0427  v_rms=0.0186
    Layer 19: alpha=0.033569  teacher_rms=0.0638  v_rms=0.0190
    Layer 20: alpha=0.022405  teacher_rms=0.0426  v_rms=0.0190
    Layer 21: alpha=0.019452  teacher_rms=0.0411  v_rms=0.0211
    Layer 22: alpha=0.019571  teacher_rms=0.0441  v_rms=0.0226
    Layer 23: alpha=0.032387  teacher_rms=0.0659  v_rms=0.0203
    Layer 24: alpha=0.027321  teacher_rms=0.0766  v_rms=0.0280
    Layer 25: alpha=0.033735  teacher_rms=0.0859  v_rms=0.0255
    Layer 26: alpha=0.037436  teacher_rms=0.1157  v_rms=0.0309
    Layer 27: alpha=0.041853  teacher_rms=0.1451  v_rms=0.0347

  Set g_proj = v_proj * alpha in 27 GDN layers (damping=0.01).
  Init (taylor_distill) done in 186.5s
  Layer 13: PPL = 669.96  (eval 9.8s)

============================================================
  Probing layer 14 | strategy=taylor_distill
============================================================
Loading checkpoint shards:   0%|          | 0/2 [00:00<?, ?it/s]Loading checkpoint shards: 100%|██████████| 2/2 [00:00<00:00, 120.96it/s]
Loading checkpoint shards:   0%|          | 0/2 [00:00<?, ?it/s]Loading checkpoint shards: 100%|██████████| 2/2 [00:00<00:00, 61.99it/s]
Token indices sequence length is longer than the specified maximum sequence length for this model (2349952 > 131072). Running this sequence through the model will result in indexing errors
  [Taylor Step 1/3] Gate calibration from attention stats...
    Layer  0: dist=[22, 3, 29, 29, 23, 23, 45, 42, 35, 49, 55, 53, 51, 45, 49, 7, 57, 35, 19, 33, 21, 58, 58, 47]
    Layer  1: dist=[37, 40, 77, 52, 50, 57, 33, 74, 40, 65, 64, 71, 45, 43, 50, 25, 28, 66, 58, 48, 61, 52, 50, 57]
    Layer  2: dist=[115, 119, 121, 102, 116, 107, 121, 117, 116, 119, 113, 101, 119, 119, 102, 122, 122, 122, 120, 120, 121, 115, 118, 113]
    Layer  3: dist=[98, 116, 112, 123, 119, 122, 105, 113, 115, 107, 117, 107, 113, 116, 114, 108, 102, 111, 111, 118, 116, 93, 96, 95]
    Layer  4: dist=[98, 112, 120, 98, 97, 92, 99, 95, 108, 107, 104, 113, 86, 106, 111, 97, 120, 105, 99, 102, 101, 118, 122, 109]
    Layer  5: dist=[114, 106, 103, 84, 90, 96, 121, 126, 112, 95, 100, 99, 72, 81, 95, 112, 99, 103, 99, 92, 96, 88, 97, 96]
    Layer  6: dist=[99, 111, 96, 87, 85, 92, 100, 96, 97, 90, 82, 87, 92, 103, 83, 77, 82, 84, 101, 100, 87, 102, 97, 95]
    Layer  7: dist=[85, 72, 99, 68, 88, 85, 65, 71, 79, 78, 96, 85, 94, 82, 84, 85, 83, 94, 88, 83, 81, 82, 87, 79]
    Layer  8: dist=[95, 73, 108, 73, 90, 76, 107, 95, 107, 78, 88, 80, 72, 84, 80, 72, 66, 74, 78, 82, 81, 79, 64, 71]
    Layer  9: dist=[63, 63, 64, 97, 102, 103, 65, 61, 74, 91, 88, 89, 85, 79, 64, 86, 77, 79, 89, 107, 98, 74, 64, 92]
    Layer 10: dist=[78, 77, 81, 94, 97, 98, 78, 72, 70, 83, 70, 101, 61, 52, 66, 85, 89, 75, 62, 65, 67, 112, 99, 87]
    Layer 11: dist=[47, 70, 52, 76, 79, 80, 80, 74, 70, 79, 72, 63, 82, 74, 93, 80, 80, 92, 68, 68, 70, 78, 69, 75]
    Layer 12: dist=[78, 75, 66, 108, 108, 89, 70, 69, 73, 81, 78, 85, 65, 94, 70, 97, 93, 71, 91, 109, 110, 52, 74, 59]
    Layer 13: dist=[84, 82, 84, 83, 80, 77, 28, 53, 47, 67, 62, 86, 84, 112, 92, 71, 100, 81, 86, 92, 84, 89, 99, 88]
    Layer 15: dist=[105, 105, 89, 72, 73, 81, 97, 77, 83, 63, 76, 76, 112, 115, 100, 90, 88, 95, 104, 109, 100, 93, 97, 100]
    Layer 16: dist=[124, 98, 120, 121, 97, 122, 90, 91, 87, 103, 122, 97, 120, 115, 106, 102, 107, 103, 95, 80, 87, 93, 116, 120]
    Layer 17: dist=[109, 112, 97, 115, 114, 105, 76, 96, 88, 113, 106, 116, 117, 107, 103, 91, 110, 90, 115, 111, 119, 122, 114, 119]
    Layer 18: dist=[80, 110, 121, 119, 115, 111, 94, 90, 96, 98, 105, 99, 123, 122, 121, 118, 114, 104, 114, 106, 96, 91, 111, 105]
    Layer 19: dist=[104, 76, 85, 92, 90, 95, 91, 49, 98, 94, 101, 98, 115, 84, 121, 115, 107, 110, 105, 94, 104, 114, 118, 117]
    Layer 20: dist=[102, 117, 118, 115, 112, 112, 109, 110, 122, 112, 112, 114, 102, 100, 115, 115, 113, 118, 109, 97, 98, 103, 108, 106]
    Layer 21: dist=[109, 112, 109, 122, 124, 121, 122, 120, 121, 101, 107, 100, 114, 117, 113, 117, 115, 117, 113, 117, 108, 104, 107, 105]
    Layer 22: dist=[119, 103, 111, 119, 118, 119, 123, 124, 122, 116, 119, 118, 111, 102, 84, 113, 95, 103, 117, 121, 117, 115, 123, 117]
    Layer 23: dist=[84, 104, 85, 104, 119, 114, 108, 116, 80, 114, 108, 112, 122, 118, 79, 99, 94, 91, 121, 121, 84, 112, 115, 81]
    Layer 24: dist=[118, 114, 116, 109, 113, 110, 93, 106, 87, 100, 69, 99, 80, 107, 119, 111, 105, 110, 121, 119, 123, 98, 104, 112]
    Layer 25: dist=[112, 122, 121, 121, 119, 123, 79, 72, 69, 121, 111, 121, 117, 97, 114, 88, 106, 105, 104, 106, 101, 79, 115, 57]
    Layer 26: dist=[79, 93, 64, 108, 104, 123, 102, 71, 109, 106, 100, 108, 75, 47, 69, 105, 98, 95, 35, 72, 59, 111, 108, 102]
    Layer 27: dist=[48, 108, 82, 111, 79, 53, 89, 89, 105, 69, 100, 6, 104, 109, 95, 102, 105, 98, 84, 70, 69, 76, 91, 88]

  [Taylor Step 2/3] OLS sigma per head (scaling V)...
    Layer  0: sigma=[0.141, 0.138, 0.135, 0.100, 0.100, 0.100, 0.100, 0.100, 0.100, 0.100, 0.100, 0.100, 0.100, 0.100, 0.100, 0.100, 0.100, 0.100, 0.100, 0.100, 0.100, 0.110, 0.100, 0.100]
    Layer  1: sigma=[0.100, 0.152, 0.100, 0.100, 0.100, 0.100, 0.100, 0.100, 0.100, 0.100, 0.100, 0.100, 0.100, 0.100, 0.100, 0.100, 0.100, 0.100, 0.100, 0.151, 0.100, 0.100, 0.100, 0.100]
    Layer  2: sigma=[0.100, 0.100, 0.100, 0.100, 0.100, 0.100, 0.100, 0.100, 0.100, 0.100, 0.100, 0.100, 0.100, 0.100, 0.100, 0.100, 0.100, 0.100, 0.100, 0.100, 0.100, 0.100, 0.100, 0.100]
    Layer  3: sigma=[0.100, 0.100, 0.100, 0.100, 0.100, 0.100, 0.100, 0.100, 0.100, 0.100, 0.100, 0.100, 0.100, 0.100, 0.100, 0.100, 0.100, 0.100, 0.100, 0.100, 0.100, 0.100, 0.100, 0.100]
    Layer  4: sigma=[0.100, 0.100, 0.100, 0.100, 0.100, 0.100, 0.100, 0.100, 0.100, 0.100, 0.100, 0.100, 0.100, 0.100, 0.100, 0.100, 0.100, 0.100, 0.100, 0.100, 0.100, 0.100, 0.100, 0.100]
    Layer  5: sigma=[0.100, 0.100, 0.100, 0.100, 0.100, 0.100, 0.100, 0.100, 0.100, 0.100, 0.100, 0.100, 0.100, 0.100, 0.100, 0.100, 0.100, 0.100, 0.100, 0.104, 0.100, 0.100, 0.100, 0.100]
    Layer  6: sigma=[0.100, 0.100, 0.100, 0.100, 0.100, 0.100, 0.100, 0.100, 0.100, 0.100, 0.100, 0.100, 0.100, 0.100, 0.100, 0.100, 0.100, 0.100, 0.100, 0.100, 0.100, 0.100, 0.100, 0.100]
    Layer  7: sigma=[0.100, 0.100, 0.100, 0.100, 0.100, 0.100, 0.100, 0.100, 0.100, 0.100, 0.100, 0.100, 0.100, 0.100, 0.100, 0.100, 0.100, 0.100, 0.100, 0.100, 0.100, 0.100, 0.100, 0.100]
    Layer  8: sigma=[0.100, 0.100, 0.100, 0.100, 0.100, 0.100, 0.100, 0.100, 0.100, 0.100, 0.100, 0.100, 0.100, 0.100, 0.100, 0.100, 0.100, 0.100, 0.100, 0.100, 0.100, 0.100, 0.100, 0.100]
    Layer  9: sigma=[0.100, 0.100, 0.100, 0.100, 0.100, 0.100, 0.100, 0.100, 0.100, 0.100, 0.100, 0.100, 0.100, 0.100, 0.100, 0.100, 0.100, 0.100, 0.100, 0.100, 0.100, 0.100, 0.100, 0.108]
    Layer 10: sigma=[0.100, 0.100, 0.100, 0.100, 0.100, 0.100, 0.100, 0.100, 0.108, 0.100, 0.100, 0.100, 0.129, 0.282, 0.100, 0.100, 0.100, 0.100, 0.100, 0.100, 0.100, 0.100, 0.142, 0.100]
    Layer 11: sigma=[0.100, 0.189, 0.100, 0.100, 0.100, 0.100, 0.100, 0.100, 0.100, 0.100, 0.100, 0.100, 0.100, 0.100, 0.100, 0.100, 0.100, 0.100, 0.100, 0.100, 0.100, 0.100, 0.100, 0.100]
    Layer 12: sigma=[0.100, 0.100, 0.100, 0.100, 0.100, 0.100, 0.100, 0.100, 0.100, 0.100, 0.100, 0.100, 0.100, 0.100, 0.109, 0.100, 0.100, 0.100, 0.100, 0.100, 0.100, 0.100, 0.100, 0.100]
    Layer 13: sigma=[0.100, 0.100, 0.100, 0.100, 0.100, 0.100, 0.100, 0.325, 0.114, 0.100, 0.100, 0.100, 0.100, 0.100, 0.100, 0.100, 0.134, 0.100, 0.100, 0.100, 0.100, 0.100, 0.100, 0.100]
    Layer 15: sigma=[0.100, 0.100, 0.100, 0.100, 0.100, 0.100, 0.100, 0.100, 0.100, 0.164, 0.100, 0.100, 0.100, 0.100, 0.100, 0.100, 0.100, 0.100, 0.100, 0.100, 0.100, 0.100, 0.100, 0.100]
    Layer 16: sigma=[0.100, 0.100, 0.100, 0.100, 0.100, 0.100, 0.100, 0.100, 0.100, 0.100, 0.100, 0.100, 0.100, 0.100, 0.100, 0.100, 0.100, 0.100, 0.100, 0.100, 0.100, 0.100, 0.100, 0.100]
    Layer 17: sigma=[0.100, 0.100, 0.100, 0.100, 0.100, 0.100, 0.100, 0.100, 0.100, 0.100, 0.100, 0.100, 0.100, 0.100, 0.100, 0.100, 0.100, 0.100, 0.100, 0.100, 0.100, 0.100, 0.100, 0.100]
    Layer 18: sigma=[0.100, 0.100, 0.100, 0.100, 0.100, 0.100, 0.100, 0.100, 0.100, 0.100, 0.100, 0.100, 0.100, 0.100, 0.100, 0.100, 0.100, 0.100, 0.100, 0.100, 0.100, 0.100, 0.100, 0.100]
    Layer 19: sigma=[0.100, 0.100, 0.100, 0.100, 0.100, 0.100, 0.100, 0.205, 0.100, 0.100, 0.142, 0.100, 0.100, 0.100, 0.100, 0.100, 0.100, 0.100, 0.100, 0.100, 0.100, 0.100, 0.100, 0.100]
    Layer 20: sigma=[0.100, 0.100, 0.100, 0.100, 0.100, 0.100, 0.100, 0.100, 0.100, 0.100, 0.100, 0.100, 0.100, 0.100, 0.100, 0.100, 0.100, 0.100, 0.100, 0.100, 0.100, 0.100, 0.100, 0.100]
    Layer 21: sigma=[0.100, 0.100, 0.100, 0.100, 0.100, 0.100, 0.100, 0.100, 0.100, 0.100, 0.100, 0.100, 0.100, 0.100, 0.100, 0.100, 0.100, 0.100, 0.100, 0.100, 0.100, 0.100, 0.100, 0.100]
    Layer 22: sigma=[0.100, 0.100, 0.100, 0.100, 0.100, 0.100, 0.100, 0.100, 0.100, 0.100, 0.100, 0.100, 0.100, 0.100, 0.100, 0.100, 0.100, 0.100, 0.100, 0.100, 0.100, 0.100, 0.100, 0.100]
    Layer 23: sigma=[0.100, 0.100, 0.100, 0.107, 0.100, 0.100, 0.100, 0.100, 0.100, 0.100, 0.100, 0.100, 0.100, 0.100, 0.100, 0.100, 0.100, 0.100, 0.100, 0.100, 0.215, 0.100, 0.100, 0.100]
    Layer 24: sigma=[0.100, 0.100, 0.100, 0.100, 0.100, 0.100, 0.100, 0.100, 0.100, 0.289, 0.100, 0.100, 0.100, 0.100, 0.100, 0.100, 0.100, 0.100, 0.100, 0.100, 0.100, 0.100, 0.100, 0.100]
    Layer 25: sigma=[0.100, 0.100, 0.100, 0.100, 0.100, 0.100, 0.100, 0.100, 0.129, 0.100, 0.118, 0.100, 0.100, 0.111, 0.100, 0.100, 0.100, 0.100, 0.100, 0.100, 0.100, 0.100, 0.100, 0.100]
    Layer 26: sigma=[0.100, 0.100, 0.100, 0.100, 0.100, 0.100, 0.100, 0.100, 0.100, 0.100, 0.100, 0.100, 0.105, 0.100, 0.100, 0.100, 0.100, 0.100, 0.283, 0.100, 0.100, 0.100, 0.100, 0.100]
    Layer 27: sigma=[0.304, 0.100, 0.100, 0.100, 0.100, 0.100, 0.100, 0.100, 0.100, 0.100, 0.100, 0.100, 0.100, 0.100, 0.100, 0.100, 0.100, 0.100, 0.341, 0.100, 0.265, 0.100, 0.102, 0.100]

  [Taylor Step 3/3] g_proj = v_proj * alpha (damping=0.01)...
    Layer  0: alpha=0.056282  teacher_rms=0.0170  v_rms=0.0030
    Layer  1: alpha=0.058775  teacher_rms=0.0387  v_rms=0.0066
    Layer  2: alpha=0.015216  teacher_rms=0.0168  v_rms=0.0110
    Layer  3: alpha=0.017317  teacher_rms=0.0218  v_rms=0.0126
    Layer  4: alpha=0.025271  teacher_rms=0.0316  v_rms=0.0125
    Layer  5: alpha=0.034099  teacher_rms=0.0429  v_rms=0.0126
    Layer  6: alpha=0.039001  teacher_rms=0.0529  v_rms=0.0136
    Layer  7: alpha=0.047453  teacher_rms=0.0681  v_rms=0.0143
    Layer  8: alpha=0.052318  teacher_rms=0.0757  v_rms=0.0145
    Layer  9: alpha=0.048044  teacher_rms=0.0774  v_rms=0.0161
    Layer 10: alpha=0.046983  teacher_rms=0.0848  v_rms=0.0181
    Layer 11: alpha=0.049939  teacher_rms=0.0824  v_rms=0.0165
    Layer 12: alpha=0.054288  teacher_rms=0.0896  v_rms=0.0165
    Layer 13: alpha=0.047061  teacher_rms=0.0933  v_rms=0.0198
    Layer 15: alpha=0.040811  teacher_rms=0.0673  v_rms=0.0165
    Layer 16: alpha=0.028714  teacher_rms=0.0493  v_rms=0.0172
    Layer 17: alpha=0.024043  teacher_rms=0.0430  v_rms=0.0179
    Layer 18: alpha=0.022965  teacher_rms=0.0427  v_rms=0.0186
    Layer 19: alpha=0.033050  teacher_rms=0.0638  v_rms=0.0193
    Layer 20: alpha=0.022405  teacher_rms=0.0426  v_rms=0.0190
    Layer 21: alpha=0.019452  teacher_rms=0.0411  v_rms=0.0211
    Layer 22: alpha=0.019571  teacher_rms=0.0441  v_rms=0.0226
    Layer 23: alpha=0.032258  teacher_rms=0.0659  v_rms=0.0204
    Layer 24: alpha=0.026891  teacher_rms=0.0766  v_rms=0.0285
    Layer 25: alpha=0.033482  teacher_rms=0.0859  v_rms=0.0257
    Layer 26: alpha=0.039604  teacher_rms=0.1157  v_rms=0.0292
    Layer 27: alpha=0.040974  teacher_rms=0.1451  v_rms=0.0354

  Set g_proj = v_proj * alpha in 27 GDN layers (damping=0.01).
  Init (taylor_distill) done in 183.9s
  Layer 14: PPL = 492.34  (eval 9.9s)

============================================================
  Probing layer 15 | strategy=taylor_distill
============================================================
Loading checkpoint shards:   0%|          | 0/2 [00:00<?, ?it/s]Loading checkpoint shards: 100%|██████████| 2/2 [00:00<00:00, 116.25it/s]
Loading checkpoint shards:   0%|          | 0/2 [00:00<?, ?it/s]Loading checkpoint shards: 100%|██████████| 2/2 [00:00<00:00, 28.39it/s]
Token indices sequence length is longer than the specified maximum sequence length for this model (2349952 > 131072). Running this sequence through the model will result in indexing errors
  [Taylor Step 1/3] Gate calibration from attention stats...
    Layer  0: dist=[22, 3, 29, 29, 23, 23, 45, 42, 35, 49, 55, 53, 51, 45, 49, 7, 57, 35, 19, 33, 21, 58, 58, 47]
    Layer  1: dist=[37, 40, 77, 52, 50, 57, 33, 74, 40, 65, 64, 71, 45, 43, 50, 25, 28, 66, 58, 48, 61, 52, 50, 57]
    Layer  2: dist=[115, 119, 121, 102, 116, 107, 121, 117, 116, 119, 113, 101, 119, 119, 102, 122, 122, 122, 120, 120, 121, 115, 118, 113]
    Layer  3: dist=[98, 116, 112, 123, 119, 122, 105, 113, 115, 107, 117, 107, 113, 116, 114, 108, 102, 111, 111, 118, 116, 93, 96, 95]
    Layer  4: dist=[98, 112, 120, 98, 97, 92, 99, 95, 108, 107, 104, 113, 86, 106, 111, 97, 120, 105, 99, 102, 101, 118, 122, 109]
    Layer  5: dist=[114, 106, 103, 84, 90, 96, 121, 126, 112, 95, 100, 99, 72, 81, 95, 112, 99, 103, 99, 92, 96, 88, 97, 96]
    Layer  6: dist=[99, 111, 96, 87, 85, 92, 100, 96, 97, 90, 82, 87, 92, 103, 83, 77, 82, 84, 101, 100, 87, 102, 97, 95]
    Layer  7: dist=[85, 72, 99, 68, 88, 85, 65, 71, 79, 78, 96, 85, 94, 82, 84, 85, 83, 94, 88, 83, 81, 82, 87, 79]
    Layer  8: dist=[95, 73, 108, 73, 90, 76, 107, 95, 107, 78, 88, 80, 72, 84, 80, 72, 66, 74, 78, 82, 81, 79, 64, 71]
    Layer  9: dist=[63, 63, 64, 97, 102, 103, 65, 61, 74, 91, 88, 89, 85, 79, 64, 86, 77, 79, 89, 107, 98, 74, 64, 92]
    Layer 10: dist=[78, 77, 81, 94, 97, 98, 78, 72, 70, 83, 70, 101, 61, 52, 66, 85, 89, 75, 62, 65, 67, 112, 99, 87]
    Layer 11: dist=[47, 70, 52, 76, 79, 80, 80, 74, 70, 79, 72, 63, 82, 74, 93, 80, 80, 92, 68, 68, 70, 78, 69, 75]
    Layer 12: dist=[78, 75, 66, 108, 108, 89, 70, 69, 73, 81, 78, 85, 65, 94, 70, 97, 93, 71, 91, 109, 110, 52, 74, 59]
    Layer 13: dist=[84, 82, 84, 83, 80, 77, 28, 53, 47, 67, 62, 86, 84, 112, 92, 71, 100, 81, 86, 92, 84, 89, 99, 88]
    Layer 14: dist=[45, 118, 119, 67, 56, 57, 63, 56, 56, 78, 100, 104, 94, 93, 93, 85, 80, 83, 60, 74, 80, 104, 115, 77]
    Layer 16: dist=[124, 98, 120, 121, 97, 122, 90, 91, 87, 103, 122, 97, 120, 115, 106, 102, 107, 103, 95, 80, 87, 93, 116, 120]
    Layer 17: dist=[109, 112, 97, 115, 114, 105, 76, 96, 88, 113, 106, 116, 117, 107, 103, 91, 110, 90, 115, 111, 119, 122, 114, 119]
    Layer 18: dist=[80, 110, 121, 119, 115, 111, 94, 90, 96, 98, 105, 99, 123, 122, 121, 118, 114, 104, 114, 106, 96, 91, 111, 105]
    Layer 19: dist=[104, 76, 85, 92, 90, 95, 91, 49, 98, 94, 101, 98, 115, 84, 121, 115, 107, 110, 105, 94, 104, 114, 118, 117]
    Layer 20: dist=[102, 117, 118, 115, 112, 112, 109, 110, 122, 112, 112, 114, 102, 100, 115, 115, 113, 118, 109, 97, 98, 103, 108, 106]
    Layer 21: dist=[109, 112, 109, 122, 124, 121, 122, 120, 121, 101, 107, 100, 114, 117, 113, 117, 115, 117, 113, 117, 108, 104, 107, 105]
    Layer 22: dist=[119, 103, 111, 119, 118, 119, 123, 124, 122, 116, 119, 118, 111, 102, 84, 113, 95, 103, 117, 121, 117, 115, 123, 117]
    Layer 23: dist=[84, 104, 85, 104, 119, 114, 108, 116, 80, 114, 108, 112, 122, 118, 79, 99, 94, 91, 121, 121, 84, 112, 115, 81]
    Layer 24: dist=[118, 114, 116, 109, 113, 110, 93, 106, 87, 100, 69, 99, 80, 107, 119, 111, 105, 110, 121, 119, 123, 98, 104, 112]
    Layer 25: dist=[112, 122, 121, 121, 119, 123, 79, 72, 69, 121, 111, 121, 117, 97, 114, 88, 106, 105, 104, 106, 101, 79, 115, 57]
    Layer 26: dist=[79, 93, 64, 108, 104, 123, 102, 71, 109, 106, 100, 108, 75, 47, 69, 105, 98, 95, 35, 72, 59, 111, 108, 102]
    Layer 27: dist=[48, 108, 82, 111, 79, 53, 89, 89, 105, 69, 100, 6, 104, 109, 95, 102, 105, 98, 84, 70, 69, 76, 91, 88]

  [Taylor Step 2/3] OLS sigma per head (scaling V)...
    Layer  0: sigma=[0.145, 0.149, 0.139, 0.100, 0.100, 0.100, 0.100, 0.100, 0.100, 0.100, 0.100, 0.100, 0.100, 0.100, 0.100, 0.100, 0.100, 0.100, 0.100, 0.100, 0.100, 0.109, 0.100, 0.100]
    Layer  1: sigma=[0.100, 0.172, 0.100, 0.100, 0.100, 0.100, 0.100, 0.100, 0.100, 0.100, 0.100, 0.100, 0.100, 0.100, 0.100, 0.100, 0.100, 0.100, 0.100, 0.151, 0.100, 0.100, 0.100, 0.100]
    Layer  2: sigma=[0.100, 0.100, 0.100, 0.100, 0.100, 0.100, 0.100, 0.100, 0.100, 0.100, 0.100, 0.100, 0.100, 0.100, 0.100, 0.100, 0.100, 0.100, 0.100, 0.100, 0.100, 0.100, 0.100, 0.100]
    Layer  3: sigma=[0.100, 0.100, 0.100, 0.100, 0.100, 0.100, 0.100, 0.100, 0.100, 0.100, 0.100, 0.100, 0.100, 0.100, 0.100, 0.100, 0.100, 0.100, 0.100, 0.100, 0.100, 0.100, 0.100, 0.100]
    Layer  4: sigma=[0.100, 0.100, 0.100, 0.100, 0.100, 0.100, 0.100, 0.100, 0.100, 0.100, 0.100, 0.100, 0.100, 0.100, 0.100, 0.100, 0.100, 0.100, 0.100, 0.100, 0.100, 0.100, 0.100, 0.100]
    Layer  5: sigma=[0.100, 0.100, 0.100, 0.100, 0.100, 0.100, 0.100, 0.100, 0.100, 0.100, 0.100, 0.100, 0.100, 0.100, 0.100, 0.100, 0.100, 0.100, 0.100, 0.106, 0.100, 0.100, 0.100, 0.100]
    Layer  6: sigma=[0.100, 0.100, 0.100, 0.100, 0.100, 0.100, 0.100, 0.100, 0.100, 0.100, 0.100, 0.100, 0.100, 0.100, 0.100, 0.100, 0.100, 0.100, 0.100, 0.100, 0.100, 0.100, 0.100, 0.100]
    Layer  7: sigma=[0.100, 0.100, 0.100, 0.100, 0.100, 0.100, 0.100, 0.100, 0.100, 0.100, 0.100, 0.100, 0.100, 0.100, 0.100, 0.100, 0.100, 0.100, 0.100, 0.100, 0.100, 0.100, 0.100, 0.100]
    Layer  8: sigma=[0.100, 0.100, 0.100, 0.100, 0.100, 0.100, 0.100, 0.100, 0.100, 0.100, 0.100, 0.100, 0.100, 0.100, 0.100, 0.100, 0.100, 0.100, 0.100, 0.100, 0.100, 0.100, 0.100, 0.100]
    Layer  9: sigma=[0.100, 0.100, 0.100, 0.100, 0.100, 0.100, 0.100, 0.100, 0.100, 0.100, 0.100, 0.100, 0.100, 0.100, 0.100, 0.100, 0.100, 0.100, 0.100, 0.100, 0.100, 0.100, 0.100, 0.106]
    Layer 10: sigma=[0.100, 0.100, 0.100, 0.100, 0.100, 0.100, 0.100, 0.100, 0.116, 0.100, 0.100, 0.100, 0.129, 0.289, 0.100, 0.100, 0.100, 0.100, 0.100, 0.100, 0.100, 0.100, 0.136, 0.100]
    Layer 11: sigma=[0.100, 0.179, 0.100, 0.100, 0.100, 0.100, 0.100, 0.100, 0.100, 0.100, 0.100, 0.100, 0.100, 0.100, 0.100, 0.100, 0.100, 0.100, 0.100, 0.100, 0.100, 0.100, 0.100, 0.100]
    Layer 12: sigma=[0.100, 0.100, 0.100, 0.100, 0.100, 0.100, 0.100, 0.100, 0.100, 0.100, 0.100, 0.100, 0.100, 0.100, 0.113, 0.100, 0.100, 0.100, 0.100, 0.100, 0.100, 0.100, 0.100, 0.100]
    Layer 13: sigma=[0.100, 0.100, 0.100, 0.100, 0.100, 0.100, 0.100, 0.353, 0.106, 0.100, 0.100, 0.100, 0.100, 0.100, 0.100, 0.100, 0.138, 0.100, 0.100, 0.100, 0.100, 0.100, 0.100, 0.100]
    Layer 14: sigma=[0.100, 0.100, 0.100, 0.100, 0.100, 0.207, 0.100, 0.100, 0.100, 0.100, 0.100, 0.100, 0.100, 0.100, 0.100, 0.100, 0.100, 0.100, 0.100, 0.100, 0.100, 0.100, 0.100, 0.100]
    Layer 16: sigma=[0.100, 0.100, 0.100, 0.100, 0.100, 0.100, 0.100, 0.100, 0.100, 0.100, 0.100, 0.100, 0.100, 0.100, 0.100, 0.100, 0.100, 0.100, 0.100, 0.100, 0.100, 0.100, 0.100, 0.100]
    Layer 17: sigma=[0.100, 0.100, 0.100, 0.100, 0.100, 0.100, 0.100, 0.100, 0.100, 0.100, 0.100, 0.100, 0.100, 0.100, 0.100, 0.100, 0.100, 0.100, 0.100, 0.100, 0.100, 0.100, 0.100, 0.100]
    Layer 18: sigma=[0.100, 0.100, 0.100, 0.100, 0.100, 0.100, 0.100, 0.100, 0.100, 0.100, 0.100, 0.100, 0.100, 0.100, 0.100, 0.100, 0.100, 0.100, 0.100, 0.100, 0.100, 0.100, 0.100, 0.100]
    Layer 19: sigma=[0.100, 0.100, 0.100, 0.100, 0.100, 0.100, 0.100, 0.182, 0.100, 0.100, 0.157, 0.100, 0.100, 0.100, 0.100, 0.100, 0.100, 0.100, 0.100, 0.100, 0.100, 0.100, 0.100, 0.100]
    Layer 20: sigma=[0.100, 0.100, 0.100, 0.100, 0.100, 0.100, 0.100, 0.100, 0.100, 0.100, 0.100, 0.100, 0.100, 0.100, 0.100, 0.100, 0.100, 0.100, 0.100, 0.100, 0.100, 0.100, 0.100, 0.100]
    Layer 21: sigma=[0.100, 0.100, 0.100, 0.100, 0.100, 0.100, 0.100, 0.100, 0.100, 0.100, 0.100, 0.100, 0.100, 0.100, 0.100, 0.100, 0.100, 0.100, 0.100, 0.100, 0.100, 0.100, 0.100, 0.100]
    Layer 22: sigma=[0.100, 0.100, 0.100, 0.100, 0.100, 0.100, 0.100, 0.100, 0.100, 0.100, 0.100, 0.100, 0.100, 0.100, 0.100, 0.100, 0.100, 0.100, 0.100, 0.100, 0.100, 0.100, 0.100, 0.100]
    Layer 23: sigma=[0.100, 0.100, 0.100, 0.100, 0.100, 0.100, 0.100, 0.100, 0.100, 0.100, 0.100, 0.100, 0.100, 0.100, 0.100, 0.100, 0.100, 0.100, 0.100, 0.100, 0.197, 0.100, 0.100, 0.100]
    Layer 24: sigma=[0.100, 0.100, 0.100, 0.100, 0.100, 0.100, 0.100, 0.100, 0.100, 0.268, 0.100, 0.100, 0.100, 0.100, 0.100, 0.100, 0.100, 0.100, 0.100, 0.100, 0.100, 0.100, 0.100, 0.100]
    Layer 25: sigma=[0.100, 0.100, 0.100, 0.100, 0.100, 0.100, 0.100, 0.100, 0.128, 0.100, 0.101, 0.100, 0.100, 0.111, 0.100, 0.100, 0.100, 0.100, 0.100, 0.100, 0.100, 0.100, 0.100, 0.100]
    Layer 26: sigma=[0.100, 0.100, 0.100, 0.100, 0.108, 0.100, 0.100, 0.100, 0.100, 0.100, 0.100, 0.100, 0.131, 0.100, 0.100, 0.100, 0.100, 0.100, 0.240, 0.100, 0.100, 0.100, 0.100, 0.100]
    Layer 27: sigma=[0.311, 0.100, 0.100, 0.100, 0.100, 0.100, 0.100, 0.100, 0.100, 0.100, 0.100, 0.100, 0.100, 0.100, 0.100, 0.100, 0.100, 0.100, 0.260, 0.100, 0.232, 0.100, 0.100, 0.100]

  [Taylor Step 3/3] g_proj = v_proj * alpha (damping=0.01)...
    Layer  0: alpha=0.055826  teacher_rms=0.0170  v_rms=0.0030
    Layer  1: alpha=0.058012  teacher_rms=0.0387  v_rms=0.0067
    Layer  2: alpha=0.015216  teacher_rms=0.0168  v_rms=0.0110
    Layer  3: alpha=0.017317  teacher_rms=0.0218  v_rms=0.0126
    Layer  4: alpha=0.025271  teacher_rms=0.0316  v_rms=0.0125
    Layer  5: alpha=0.034076  teacher_rms=0.0429  v_rms=0.0126
    Layer  6: alpha=0.039001  teacher_rms=0.0529  v_rms=0.0136
    Layer  7: alpha=0.047453  teacher_rms=0.0681  v_rms=0.0143
    Layer  8: alpha=0.052318  teacher_rms=0.0757  v_rms=0.0145
    Layer  9: alpha=0.048097  teacher_rms=0.0774  v_rms=0.0161
    Layer 10: alpha=0.046628  teacher_rms=0.0848  v_rms=0.0182
    Layer 11: alpha=0.050224  teacher_rms=0.0824  v_rms=0.0164
    Layer 12: alpha=0.054171  teacher_rms=0.0896  v_rms=0.0165
    Layer 13: alpha=0.045989  teacher_rms=0.0933  v_rms=0.0203
    Layer 14: alpha=0.048950  teacher_rms=0.0816  v_rms=0.0167
    Layer 16: alpha=0.028714  teacher_rms=0.0493  v_rms=0.0172
    Layer 17: alpha=0.024043  teacher_rms=0.0430  v_rms=0.0179
    Layer 18: alpha=0.022965  teacher_rms=0.0427  v_rms=0.0186
    Layer 19: alpha=0.033314  teacher_rms=0.0638  v_rms=0.0192
    Layer 20: alpha=0.022405  teacher_rms=0.0426  v_rms=0.0190
    Layer 21: alpha=0.019452  teacher_rms=0.0411  v_rms=0.0211
    Layer 22: alpha=0.019571  teacher_rms=0.0441  v_rms=0.0226
    Layer 23: alpha=0.032711  teacher_rms=0.0659  v_rms=0.0201
    Layer 24: alpha=0.027322  teacher_rms=0.0766  v_rms=0.0280
    Layer 25: alpha=0.033813  teacher_rms=0.0859  v_rms=0.0254
    Layer 26: alpha=0.040361  teacher_rms=0.1157  v_rms=0.0287
    Layer 27: alpha=0.043212  teacher_rms=0.1451  v_rms=0.0336

  Set g_proj = v_proj * alpha in 27 GDN layers (damping=0.01).
  Init (taylor_distill) done in 195.5s
  Layer 15: PPL = 603.69  (eval 10.4s)

============================================================
  Probing layer 16 | strategy=taylor_distill
============================================================
Loading checkpoint shards:   0%|          | 0/2 [00:00<?, ?it/s]Loading checkpoint shards: 100%|██████████| 2/2 [00:00<00:00, 115.60it/s]
Loading checkpoint shards:   0%|          | 0/2 [00:00<?, ?it/s]Loading checkpoint shards: 100%|██████████| 2/2 [00:00<00:00, 118.52it/s]
Token indices sequence length is longer than the specified maximum sequence length for this model (2349952 > 131072). Running this sequence through the model will result in indexing errors
  [Taylor Step 1/3] Gate calibration from attention stats...
    Layer  0: dist=[22, 3, 29, 29, 23, 23, 45, 42, 35, 49, 55, 53, 51, 45, 49, 7, 57, 35, 19, 33, 21, 58, 58, 47]
    Layer  1: dist=[37, 40, 77, 52, 50, 57, 33, 74, 40, 65, 64, 71, 45, 43, 50, 25, 28, 66, 58, 48, 61, 52, 50, 57]
    Layer  2: dist=[115, 119, 121, 102, 116, 107, 121, 117, 116, 119, 113, 101, 119, 119, 102, 122, 122, 122, 120, 120, 121, 115, 118, 113]
    Layer  3: dist=[98, 116, 112, 123, 119, 122, 105, 113, 115, 107, 117, 107, 113, 116, 114, 108, 102, 111, 111, 118, 116, 93, 96, 95]
    Layer  4: dist=[98, 112, 120, 98, 97, 92, 99, 95, 108, 107, 104, 113, 86, 106, 111, 97, 120, 105, 99, 102, 101, 118, 122, 109]
    Layer  5: dist=[114, 106, 103, 84, 90, 96, 121, 126, 112, 95, 100, 99, 72, 81, 95, 112, 99, 103, 99, 92, 96, 88, 97, 96]
    Layer  6: dist=[99, 111, 96, 87, 85, 92, 100, 96, 97, 90, 82, 87, 92, 103, 83, 77, 82, 84, 101, 100, 87, 102, 97, 95]
    Layer  7: dist=[85, 72, 99, 68, 88, 85, 65, 71, 79, 78, 96, 85, 94, 82, 84, 85, 83, 94, 88, 83, 81, 82, 87, 79]
    Layer  8: dist=[95, 73, 108, 73, 90, 76, 107, 95, 107, 78, 88, 80, 72, 84, 80, 72, 66, 74, 78, 82, 81, 79, 64, 71]
    Layer  9: dist=[63, 63, 64, 97, 102, 103, 65, 61, 74, 91, 88, 89, 85, 79, 64, 86, 77, 79, 89, 107, 98, 74, 64, 92]
    Layer 10: dist=[78, 77, 81, 94, 97, 98, 78, 72, 70, 83, 70, 101, 61, 52, 66, 85, 89, 75, 62, 65, 67, 112, 99, 87]
    Layer 11: dist=[47, 70, 52, 76, 79, 80, 80, 74, 70, 79, 72, 63, 82, 74, 93, 80, 80, 92, 68, 68, 70, 78, 69, 75]
    Layer 12: dist=[78, 75, 66, 108, 108, 89, 70, 69, 73, 81, 78, 85, 65, 94, 70, 97, 93, 71, 91, 109, 110, 52, 74, 59]
    Layer 13: dist=[84, 82, 84, 83, 80, 77, 28, 53, 47, 67, 62, 86, 84, 112, 92, 71, 100, 81, 86, 92, 84, 89, 99, 88]
    Layer 14: dist=[45, 118, 119, 67, 56, 57, 63, 56, 56, 78, 100, 104, 94, 93, 93, 85, 80, 83, 60, 74, 80, 104, 115, 77]
    Layer 15: dist=[105, 105, 89, 72, 73, 81, 97, 77, 83, 63, 76, 76, 112, 115, 100, 90, 88, 95, 104, 109, 100, 93, 97, 100]
    Layer 17: dist=[109, 112, 97, 115, 114, 105, 76, 96, 88, 113, 106, 116, 117, 107, 103, 91, 110, 90, 115, 111, 119, 122, 114, 119]
    Layer 18: dist=[80, 110, 121, 119, 115, 111, 94, 90, 96, 98, 105, 99, 123, 122, 121, 118, 114, 104, 114, 106, 96, 91, 111, 105]
    Layer 19: dist=[104, 76, 85, 92, 90, 95, 91, 49, 98, 94, 101, 98, 115, 84, 121, 115, 107, 110, 105, 94, 104, 114, 118, 117]
    Layer 20: dist=[102, 117, 118, 115, 112, 112, 109, 110, 122, 112, 112, 114, 102, 100, 115, 115, 113, 118, 109, 97, 98, 103, 108, 106]
    Layer 21: dist=[109, 112, 109, 122, 124, 121, 122, 120, 121, 101, 107, 100, 114, 117, 113, 117, 115, 117, 113, 117, 108, 104, 107, 105]
    Layer 22: dist=[119, 103, 111, 119, 118, 119, 123, 124, 122, 116, 119, 118, 111, 102, 84, 113, 95, 103, 117, 121, 117, 115, 123, 117]
    Layer 23: dist=[84, 104, 85, 104, 119, 114, 108, 116, 80, 114, 108, 112, 122, 118, 79, 99, 94, 91, 121, 121, 84, 112, 115, 81]
    Layer 24: dist=[118, 114, 116, 109, 113, 110, 93, 106, 87, 100, 69, 99, 80, 107, 119, 111, 105, 110, 121, 119, 123, 98, 104, 112]
    Layer 25: dist=[112, 122, 121, 121, 119, 123, 79, 72, 69, 121, 111, 121, 117, 97, 114, 88, 106, 105, 104, 106, 101, 79, 115, 57]
    Layer 26: dist=[79, 93, 64, 108, 104, 123, 102, 71, 109, 106, 100, 108, 75, 47, 69, 105, 98, 95, 35, 72, 59, 111, 108, 102]
    Layer 27: dist=[48, 108, 82, 111, 79, 53, 89, 89, 105, 69, 100, 6, 104, 109, 95, 102, 105, 98, 84, 70, 69, 76, 91, 88]

  [Taylor Step 2/3] OLS sigma per head (scaling V)...
    Layer  0: sigma=[0.141, 0.140, 0.139, 0.100, 0.100, 0.100, 0.100, 0.100, 0.100, 0.100, 0.100, 0.100, 0.100, 0.100, 0.100, 0.100, 0.100, 0.100, 0.100, 0.100, 0.100, 0.105, 0.100, 0.100]
    Layer  1: sigma=[0.100, 0.152, 0.100, 0.100, 0.100, 0.100, 0.100, 0.100, 0.100, 0.100, 0.100, 0.100, 0.100, 0.100, 0.100, 0.100, 0.100, 0.100, 0.100, 0.142, 0.100, 0.100, 0.100, 0.100]
    Layer  2: sigma=[0.100, 0.100, 0.100, 0.100, 0.100, 0.100, 0.100, 0.100, 0.100, 0.100, 0.100, 0.100, 0.100, 0.100, 0.100, 0.100, 0.100, 0.100, 0.100, 0.100, 0.100, 0.100, 0.100, 0.100]
    Layer  3: sigma=[0.100, 0.100, 0.100, 0.100, 0.100, 0.100, 0.100, 0.100, 0.100, 0.100, 0.100, 0.100, 0.100, 0.100, 0.100, 0.100, 0.100, 0.100, 0.100, 0.100, 0.100, 0.100, 0.100, 0.100]
    Layer  4: sigma=[0.100, 0.100, 0.100, 0.100, 0.100, 0.100, 0.100, 0.100, 0.100, 0.100, 0.100, 0.100, 0.100, 0.100, 0.100, 0.100, 0.100, 0.100, 0.100, 0.100, 0.100, 0.100, 0.100, 0.100]
    Layer  5: sigma=[0.100, 0.100, 0.100, 0.100, 0.100, 0.100, 0.100, 0.100, 0.100, 0.100, 0.100, 0.100, 0.100, 0.100, 0.100, 0.100, 0.100, 0.100, 0.100, 0.110, 0.100, 0.100, 0.100, 0.100]
    Layer  6: sigma=[0.100, 0.100, 0.100, 0.100, 0.100, 0.100, 0.100, 0.100, 0.100, 0.100, 0.100, 0.100, 0.100, 0.100, 0.100, 0.100, 0.100, 0.100, 0.100, 0.100, 0.100, 0.100, 0.100, 0.100]
    Layer  7: sigma=[0.100, 0.100, 0.100, 0.100, 0.100, 0.100, 0.100, 0.100, 0.100, 0.100, 0.100, 0.100, 0.100, 0.100, 0.100, 0.100, 0.100, 0.100, 0.100, 0.100, 0.100, 0.100, 0.100, 0.100]
    Layer  8: sigma=[0.100, 0.100, 0.100, 0.100, 0.100, 0.100, 0.100, 0.100, 0.100, 0.100, 0.100, 0.100, 0.100, 0.100, 0.100, 0.100, 0.100, 0.100, 0.100, 0.100, 0.100, 0.100, 0.100, 0.100]
    Layer  9: sigma=[0.100, 0.100, 0.100, 0.100, 0.100, 0.100, 0.100, 0.100, 0.100, 0.100, 0.100, 0.100, 0.100, 0.100, 0.100, 0.100, 0.100, 0.100, 0.100, 0.100, 0.100, 0.100, 0.100, 0.107]
    Layer 10: sigma=[0.100, 0.100, 0.100, 0.100, 0.100, 0.100, 0.100, 0.100, 0.109, 0.100, 0.100, 0.100, 0.132, 0.283, 0.100, 0.100, 0.100, 0.100, 0.100, 0.100, 0.100, 0.100, 0.138, 0.100]
    Layer 11: sigma=[0.100, 0.169, 0.100, 0.100, 0.100, 0.100, 0.100, 0.100, 0.100, 0.100, 0.100, 0.100, 0.100, 0.100, 0.100, 0.100, 0.100, 0.100, 0.100, 0.100, 0.100, 0.100, 0.100, 0.100]
    Layer 12: sigma=[0.100, 0.100, 0.100, 0.100, 0.100, 0.100, 0.100, 0.100, 0.100, 0.100, 0.100, 0.100, 0.100, 0.100, 0.118, 0.100, 0.100, 0.100, 0.100, 0.100, 0.100, 0.100, 0.100, 0.100]
    Layer 13: sigma=[0.100, 0.100, 0.100, 0.100, 0.100, 0.100, 0.100, 0.350, 0.121, 0.100, 0.100, 0.100, 0.100, 0.100, 0.100, 0.100, 0.127, 0.100, 0.100, 0.100, 0.100, 0.100, 0.100, 0.100]
    Layer 14: sigma=[0.100, 0.100, 0.100, 0.100, 0.100, 0.217, 0.100, 0.100, 0.100, 0.100, 0.100, 0.100, 0.100, 0.100, 0.100, 0.100, 0.100, 0.100, 0.100, 0.100, 0.100, 0.100, 0.100, 0.100]
    Layer 15: sigma=[0.100, 0.100, 0.100, 0.100, 0.100, 0.100, 0.100, 0.100, 0.100, 0.146, 0.100, 0.100, 0.100, 0.100, 0.100, 0.100, 0.100, 0.100, 0.100, 0.100, 0.100, 0.100, 0.100, 0.100]
    Layer 17: sigma=[0.100, 0.100, 0.100, 0.100, 0.100, 0.100, 0.100, 0.100, 0.100, 0.100, 0.100, 0.100, 0.100, 0.100, 0.100, 0.100, 0.100, 0.100, 0.100, 0.100, 0.100, 0.100, 0.100, 0.100]
    Layer 18: sigma=[0.100, 0.100, 0.100, 0.100, 0.100, 0.100, 0.100, 0.100, 0.100, 0.100, 0.100, 0.100, 0.100, 0.100, 0.100, 0.100, 0.100, 0.100, 0.100, 0.100, 0.100, 0.100, 0.100, 0.100]
    Layer 19: sigma=[0.100, 0.100, 0.100, 0.100, 0.100, 0.100, 0.100, 0.190, 0.100, 0.100, 0.151, 0.100, 0.100, 0.100, 0.100, 0.100, 0.100, 0.100, 0.100, 0.100, 0.100, 0.100, 0.100, 0.100]
    Layer 20: sigma=[0.100, 0.100, 0.100, 0.100, 0.100, 0.100, 0.100, 0.100, 0.100, 0.100, 0.100, 0.100, 0.100, 0.100, 0.100, 0.100, 0.100, 0.100, 0.100, 0.100, 0.100, 0.100, 0.100, 0.100]
    Layer 21: sigma=[0.100, 0.100, 0.100, 0.100, 0.100, 0.100, 0.100, 0.100, 0.100, 0.100, 0.100, 0.100, 0.100, 0.100, 0.100, 0.100, 0.100, 0.100, 0.100, 0.100, 0.100, 0.100, 0.100, 0.100]
    Layer 22: sigma=[0.100, 0.100, 0.100, 0.100, 0.100, 0.100, 0.100, 0.100, 0.100, 0.100, 0.100, 0.100, 0.100, 0.100, 0.100, 0.100, 0.100, 0.100, 0.100, 0.100, 0.100, 0.100, 0.100, 0.100]
    Layer 23: sigma=[0.100, 0.100, 0.100, 0.105, 0.100, 0.100, 0.100, 0.100, 0.100, 0.100, 0.100, 0.100, 0.100, 0.100, 0.100, 0.100, 0.100, 0.100, 0.100, 0.100, 0.189, 0.100, 0.100, 0.100]
    Layer 24: sigma=[0.100, 0.100, 0.100, 0.100, 0.100, 0.100, 0.100, 0.100, 0.100, 0.272, 0.100, 0.100, 0.100, 0.100, 0.100, 0.100, 0.100, 0.100, 0.100, 0.100, 0.100, 0.100, 0.100, 0.100]
    Layer 25: sigma=[0.100, 0.100, 0.100, 0.100, 0.100, 0.100, 0.100, 0.100, 0.131, 0.100, 0.103, 0.100, 0.100, 0.117, 0.100, 0.100, 0.100, 0.100, 0.100, 0.100, 0.100, 0.100, 0.100, 0.100]
    Layer 26: sigma=[0.100, 0.100, 0.100, 0.100, 0.114, 0.100, 0.100, 0.100, 0.100, 0.100, 0.100, 0.100, 0.128, 0.100, 0.100, 0.100, 0.100, 0.100, 0.310, 0.100, 0.100, 0.100, 0.100, 0.100]
    Layer 27: sigma=[0.273, 0.100, 0.100, 0.100, 0.100, 0.100, 0.100, 0.100, 0.100, 0.100, 0.100, 0.100, 0.100, 0.100, 0.100, 0.100, 0.100, 0.100, 0.259, 0.100, 0.264, 0.100, 0.102, 0.100]

  [Taylor Step 3/3] g_proj = v_proj * alpha (damping=0.01)...
    Layer  0: alpha=0.056349  teacher_rms=0.0170  v_rms=0.0030
    Layer  1: alpha=0.059085  teacher_rms=0.0387  v_rms=0.0066
    Layer  2: alpha=0.015216  teacher_rms=0.0168  v_rms=0.0110
    Layer  3: alpha=0.017317  teacher_rms=0.0218  v_rms=0.0126
    Layer  4: alpha=0.025271  teacher_rms=0.0316  v_rms=0.0125
    Layer  5: alpha=0.034029  teacher_rms=0.0429  v_rms=0.0126
    Layer  6: alpha=0.039001  teacher_rms=0.0529  v_rms=0.0136
    Layer  7: alpha=0.047453  teacher_rms=0.0681  v_rms=0.0143
    Layer  8: alpha=0.052318  teacher_rms=0.0757  v_rms=0.0145
    Layer  9: alpha=0.048074  teacher_rms=0.0774  v_rms=0.0161
    Layer 10: alpha=0.046937  teacher_rms=0.0848  v_rms=0.0181
    Layer 11: alpha=0.050503  teacher_rms=0.0824  v_rms=0.0163
    Layer 12: alpha=0.054066  teacher_rms=0.0896  v_rms=0.0166
    Layer 13: alpha=0.046026  teacher_rms=0.0933  v_rms=0.0203
    Layer 14: alpha=0.048612  teacher_rms=0.0816  v_rms=0.0168
    Layer 15: alpha=0.041257  teacher_rms=0.0673  v_rms=0.0163
    Layer 17: alpha=0.024043  teacher_rms=0.0430  v_rms=0.0179
    Layer 18: alpha=0.022965  teacher_rms=0.0427  v_rms=0.0186
    Layer 19: alpha=0.033235  teacher_rms=0.0638  v_rms=0.0192
    Layer 20: alpha=0.022405  teacher_rms=0.0426  v_rms=0.0190
    Layer 21: alpha=0.019452  teacher_rms=0.0411  v_rms=0.0211
    Layer 22: alpha=0.019571  teacher_rms=0.0441  v_rms=0.0226
    Layer 23: alpha=0.032796  teacher_rms=0.0659  v_rms=0.0201
    Layer 24: alpha=0.027241  teacher_rms=0.0766  v_rms=0.0281
    Layer 25: alpha=0.033656  teacher_rms=0.0859  v_rms=0.0255
    Layer 26: alpha=0.038289  teacher_rms=0.1157  v_rms=0.0302
    Layer 27: alpha=0.043846  teacher_rms=0.1451  v_rms=0.0331

  Set g_proj = v_proj * alpha in 27 GDN layers (damping=0.01).
  Init (taylor_distill) done in 192.3s
  Layer 16: PPL = 746.15  (eval 10.3s)

============================================================
  Probing layer 17 | strategy=taylor_distill
============================================================
Loading checkpoint shards:   0%|          | 0/2 [00:00<?, ?it/s]Loading checkpoint shards: 100%|██████████| 2/2 [00:00<00:00, 115.38it/s]
Loading checkpoint shards:   0%|          | 0/2 [00:00<?, ?it/s]Loading checkpoint shards: 100%|██████████| 2/2 [00:00<00:00, 83.44it/s]
Token indices sequence length is longer than the specified maximum sequence length for this model (2349952 > 131072). Running this sequence through the model will result in indexing errors
  [Taylor Step 1/3] Gate calibration from attention stats...
    Layer  0: dist=[22, 3, 29, 29, 23, 23, 45, 42, 35, 49, 55, 53, 51, 45, 49, 7, 57, 35, 19, 33, 21, 58, 58, 47]
    Layer  1: dist=[37, 40, 77, 52, 50, 57, 33, 74, 40, 65, 64, 71, 45, 43, 50, 25, 28, 66, 58, 48, 61, 52, 50, 57]
    Layer  2: dist=[115, 119, 121, 102, 116, 107, 121, 117, 116, 119, 113, 101, 119, 119, 102, 122, 122, 122, 120, 120, 121, 115, 118, 113]
    Layer  3: dist=[98, 116, 112, 123, 119, 122, 105, 113, 115, 107, 117, 107, 113, 116, 114, 108, 102, 111, 111, 118, 116, 93, 96, 95]
    Layer  4: dist=[98, 112, 120, 98, 97, 92, 99, 95, 108, 107, 104, 113, 86, 106, 111, 97, 120, 105, 99, 102, 101, 118, 122, 109]
    Layer  5: dist=[114, 106, 103, 84, 90, 96, 121, 126, 112, 95, 100, 99, 72, 81, 95, 112, 99, 103, 99, 92, 96, 88, 97, 96]
    Layer  6: dist=[99, 111, 96, 87, 85, 92, 100, 96, 97, 90, 82, 87, 92, 103, 83, 77, 82, 84, 101, 100, 87, 102, 97, 95]
    Layer  7: dist=[85, 72, 99, 68, 88, 85, 65, 71, 79, 78, 96, 85, 94, 82, 84, 85, 83, 94, 88, 83, 81, 82, 87, 79]
    Layer  8: dist=[95, 73, 108, 73, 90, 76, 107, 95, 107, 78, 88, 80, 72, 84, 80, 72, 66, 74, 78, 82, 81, 79, 64, 71]
    Layer  9: dist=[63, 63, 64, 97, 102, 103, 65, 61, 74, 91, 88, 89, 85, 79, 64, 86, 77, 79, 89, 107, 98, 74, 64, 92]
    Layer 10: dist=[78, 77, 81, 94, 97, 98, 78, 72, 70, 83, 70, 101, 61, 52, 66, 85, 89, 75, 62, 65, 67, 112, 99, 87]
    Layer 11: dist=[47, 70, 52, 76, 79, 80, 80, 74, 70, 79, 72, 63, 82, 74, 93, 80, 80, 92, 68, 68, 70, 78, 69, 75]
    Layer 12: dist=[78, 75, 66, 108, 108, 89, 70, 69, 73, 81, 78, 85, 65, 94, 70, 97, 93, 71, 91, 109, 110, 52, 74, 59]
    Layer 13: dist=[84, 82, 84, 83, 80, 77, 28, 53, 47, 67, 62, 86, 84, 112, 92, 71, 100, 81, 86, 92, 84, 89, 99, 88]
    Layer 14: dist=[45, 118, 119, 67, 56, 57, 63, 56, 56, 78, 100, 104, 94, 93, 93, 85, 80, 83, 60, 74, 80, 104, 115, 77]
    Layer 15: dist=[105, 105, 89, 72, 73, 81, 97, 77, 83, 63, 76, 76, 112, 115, 100, 90, 88, 95, 104, 109, 100, 93, 97, 100]
    Layer 16: dist=[124, 98, 120, 121, 97, 122, 90, 91, 87, 103, 122, 97, 120, 115, 106, 102, 107, 103, 95, 80, 87, 93, 116, 120]
    Layer 18: dist=[80, 110, 121, 119, 115, 111, 94, 90, 96, 98, 105, 99, 123, 122, 121, 118, 114, 104, 114, 106, 96, 91, 111, 105]
    Layer 19: dist=[104, 76, 85, 92, 90, 95, 91, 49, 98, 94, 101, 98, 115, 84, 121, 115, 107, 110, 105, 94, 104, 114, 118, 117]
    Layer 20: dist=[102, 117, 118, 115, 112, 112, 109, 110, 122, 112, 112, 114, 102, 100, 115, 115, 113, 118, 109, 97, 98, 103, 108, 106]
    Layer 21: dist=[109, 112, 109, 122, 124, 121, 122, 120, 121, 101, 107, 100, 114, 117, 113, 117, 115, 117, 113, 117, 108, 104, 107, 105]
    Layer 22: dist=[119, 103, 111, 119, 118, 119, 123, 124, 122, 116, 119, 118, 111, 102, 84, 113, 95, 103, 117, 121, 117, 115, 123, 117]
    Layer 23: dist=[84, 104, 85, 104, 119, 114, 108, 116, 80, 114, 108, 112, 122, 118, 79, 99, 94, 91, 121, 121, 84, 112, 115, 81]
    Layer 24: dist=[118, 114, 116, 109, 113, 110, 93, 106, 87, 100, 69, 99, 80, 107, 119, 111, 105, 110, 121, 119, 123, 98, 104, 112]
    Layer 25: dist=[112, 122, 121, 121, 119, 123, 79, 72, 69, 121, 111, 121, 117, 97, 114, 88, 106, 105, 104, 106, 101, 79, 115, 57]
    Layer 26: dist=[79, 93, 64, 108, 104, 123, 102, 71, 109, 106, 100, 108, 75, 47, 69, 105, 98, 95, 35, 72, 59, 111, 108, 102]
    Layer 27: dist=[48, 108, 82, 111, 79, 53, 89, 89, 105, 69, 100, 6, 104, 109, 95, 102, 105, 98, 84, 70, 69, 76, 91, 88]

  [Taylor Step 2/3] OLS sigma per head (scaling V)...
    Layer  0: sigma=[0.143, 0.136, 0.137, 0.100, 0.100, 0.100, 0.100, 0.100, 0.100, 0.100, 0.100, 0.100, 0.100, 0.100, 0.100, 0.100, 0.100, 0.100, 0.100, 0.100, 0.100, 0.112, 0.100, 0.100]
    Layer  1: sigma=[0.100, 0.147, 0.100, 0.100, 0.100, 0.100, 0.100, 0.100, 0.100, 0.100, 0.100, 0.100, 0.100, 0.100, 0.100, 0.100, 0.100, 0.100, 0.100, 0.140, 0.100, 0.100, 0.100, 0.100]
    Layer  2: sigma=[0.100, 0.100, 0.100, 0.100, 0.100, 0.100, 0.100, 0.100, 0.100, 0.100, 0.100, 0.100, 0.100, 0.100, 0.100, 0.100, 0.100, 0.100, 0.100, 0.100, 0.100, 0.100, 0.100, 0.100]
    Layer  3: sigma=[0.100, 0.100, 0.100, 0.100, 0.100, 0.100, 0.100, 0.100, 0.100, 0.100, 0.100, 0.100, 0.100, 0.100, 0.100, 0.100, 0.100, 0.100, 0.100, 0.100, 0.100, 0.100, 0.100, 0.100]
    Layer  4: sigma=[0.100, 0.100, 0.100, 0.100, 0.100, 0.100, 0.100, 0.100, 0.100, 0.100, 0.100, 0.100, 0.100, 0.100, 0.100, 0.100, 0.100, 0.100, 0.100, 0.100, 0.100, 0.100, 0.100, 0.100]
    Layer  5: sigma=[0.100, 0.100, 0.100, 0.100, 0.100, 0.100, 0.100, 0.100, 0.100, 0.100, 0.100, 0.100, 0.100, 0.100, 0.100, 0.100, 0.100, 0.100, 0.100, 0.102, 0.100, 0.100, 0.100, 0.100]
    Layer  6: sigma=[0.100, 0.100, 0.100, 0.100, 0.100, 0.100, 0.100, 0.100, 0.100, 0.100, 0.100, 0.100, 0.100, 0.100, 0.100, 0.100, 0.100, 0.100, 0.100, 0.100, 0.100, 0.100, 0.100, 0.100]
    Layer  7: sigma=[0.100, 0.100, 0.100, 0.100, 0.100, 0.100, 0.100, 0.100, 0.100, 0.100, 0.100, 0.100, 0.100, 0.100, 0.100, 0.100, 0.100, 0.100, 0.100, 0.100, 0.100, 0.100, 0.100, 0.100]
    Layer  8: sigma=[0.100, 0.100, 0.100, 0.100, 0.100, 0.100, 0.100, 0.100, 0.100, 0.100, 0.100, 0.100, 0.100, 0.100, 0.100, 0.100, 0.100, 0.100, 0.100, 0.100, 0.100, 0.100, 0.100, 0.100]
    Layer  9: sigma=[0.100, 0.100, 0.100, 0.100, 0.100, 0.100, 0.100, 0.100, 0.100, 0.100, 0.100, 0.100, 0.100, 0.100, 0.100, 0.100, 0.100, 0.100, 0.100, 0.100, 0.100, 0.100, 0.100, 0.103]
    Layer 10: sigma=[0.100, 0.100, 0.100, 0.100, 0.100, 0.100, 0.100, 0.100, 0.108, 0.100, 0.100, 0.100, 0.135, 0.266, 0.100, 0.100, 0.100, 0.100, 0.100, 0.100, 0.100, 0.100, 0.138, 0.100]
    Layer 11: sigma=[0.100, 0.162, 0.100, 0.100, 0.100, 0.100, 0.100, 0.100, 0.100, 0.100, 0.100, 0.100, 0.100, 0.100, 0.100, 0.100, 0.100, 0.100, 0.100, 0.100, 0.100, 0.100, 0.100, 0.100]
    Layer 12: sigma=[0.100, 0.100, 0.100, 0.100, 0.100, 0.100, 0.100, 0.100, 0.100, 0.100, 0.100, 0.100, 0.100, 0.100, 0.112, 0.100, 0.100, 0.100, 0.100, 0.100, 0.100, 0.100, 0.100, 0.100]
    Layer 13: sigma=[0.100, 0.100, 0.100, 0.100, 0.100, 0.100, 0.100, 0.357, 0.104, 0.100, 0.100, 0.100, 0.100, 0.100, 0.100, 0.100, 0.133, 0.100, 0.100, 0.100, 0.100, 0.100, 0.100, 0.100]
    Layer 14: sigma=[0.100, 0.100, 0.100, 0.100, 0.100, 0.187, 0.100, 0.100, 0.100, 0.100, 0.100, 0.100, 0.100, 0.100, 0.100, 0.100, 0.100, 0.100, 0.100, 0.100, 0.100, 0.100, 0.100, 0.100]
    Layer 15: sigma=[0.100, 0.100, 0.100, 0.100, 0.100, 0.100, 0.100, 0.100, 0.100, 0.154, 0.100, 0.100, 0.100, 0.100, 0.100, 0.100, 0.100, 0.100, 0.100, 0.100, 0.100, 0.100, 0.100, 0.100]
    Layer 16: sigma=[0.100, 0.100, 0.100, 0.100, 0.100, 0.100, 0.100, 0.100, 0.100, 0.100, 0.100, 0.100, 0.100, 0.100, 0.100, 0.100, 0.100, 0.100, 0.100, 0.100, 0.100, 0.100, 0.100, 0.100]
    Layer 18: sigma=[0.100, 0.100, 0.100, 0.100, 0.100, 0.100, 0.100, 0.100, 0.100, 0.100, 0.100, 0.100, 0.100, 0.100, 0.100, 0.100, 0.100, 0.100, 0.100, 0.100, 0.100, 0.100, 0.100, 0.100]
    Layer 19: sigma=[0.100, 0.100, 0.100, 0.100, 0.100, 0.100, 0.100, 0.197, 0.100, 0.100, 0.134, 0.100, 0.100, 0.100, 0.100, 0.100, 0.100, 0.100, 0.100, 0.100, 0.100, 0.100, 0.100, 0.100]
    Layer 20: sigma=[0.100, 0.100, 0.100, 0.100, 0.100, 0.100, 0.100, 0.100, 0.100, 0.100, 0.100, 0.100, 0.100, 0.100, 0.100, 0.100, 0.100, 0.100, 0.100, 0.100, 0.100, 0.100, 0.100, 0.100]
    Layer 21: sigma=[0.100, 0.100, 0.100, 0.100, 0.100, 0.100, 0.100, 0.100, 0.100, 0.100, 0.100, 0.100, 0.100, 0.100, 0.100, 0.100, 0.100, 0.100, 0.100, 0.100, 0.100, 0.100, 0.100, 0.100]
    Layer 22: sigma=[0.100, 0.100, 0.100, 0.100, 0.100, 0.100, 0.100, 0.100, 0.100, 0.100, 0.100, 0.100, 0.100, 0.100, 0.100, 0.100, 0.100, 0.100, 0.100, 0.100, 0.100, 0.100, 0.100, 0.100]
    Layer 23: sigma=[0.100, 0.100, 0.100, 0.107, 0.100, 0.100, 0.100, 0.100, 0.100, 0.100, 0.100, 0.100, 0.100, 0.100, 0.100, 0.100, 0.100, 0.100, 0.100, 0.100, 0.219, 0.100, 0.100, 0.100]
    Layer 24: sigma=[0.100, 0.100, 0.100, 0.100, 0.100, 0.100, 0.100, 0.100, 0.100, 0.283, 0.100, 0.100, 0.100, 0.100, 0.100, 0.100, 0.100, 0.100, 0.100, 0.100, 0.100, 0.100, 0.100, 0.100]
    Layer 25: sigma=[0.100, 0.100, 0.100, 0.100, 0.100, 0.100, 0.100, 0.100, 0.105, 0.100, 0.120, 0.100, 0.100, 0.113, 0.100, 0.100, 0.100, 0.100, 0.100, 0.100, 0.100, 0.100, 0.100, 0.100]
    Layer 26: sigma=[0.100, 0.100, 0.100, 0.100, 0.101, 0.100, 0.100, 0.100, 0.100, 0.100, 0.100, 0.100, 0.115, 0.100, 0.100, 0.100, 0.100, 0.100, 0.282, 0.100, 0.100, 0.100, 0.100, 0.100]
    Layer 27: sigma=[0.291, 0.100, 0.100, 0.100, 0.100, 0.100, 0.100, 0.100, 0.100, 0.100, 0.100, 0.100, 0.100, 0.100, 0.100, 0.100, 0.100, 0.100, 0.269, 0.100, 0.253, 0.100, 0.106, 0.100]

  [Taylor Step 3/3] g_proj = v_proj * alpha (damping=0.01)...
    Layer  0: alpha=0.056110  teacher_rms=0.0170  v_rms=0.0030
    Layer  1: alpha=0.059348  teacher_rms=0.0387  v_rms=0.0065
    Layer  2: alpha=0.015216  teacher_rms=0.0168  v_rms=0.0110
    Layer  3: alpha=0.017317  teacher_rms=0.0218  v_rms=0.0126
    Layer  4: alpha=0.025271  teacher_rms=0.0316  v_rms=0.0125
    Layer  5: alpha=0.034127  teacher_rms=0.0429  v_rms=0.0126
    Layer  6: alpha=0.039001  teacher_rms=0.0529  v_rms=0.0136
    Layer  7: alpha=0.047453  teacher_rms=0.0681  v_rms=0.0143
    Layer  8: alpha=0.052318  teacher_rms=0.0757  v_rms=0.0145
    Layer  9: alpha=0.048152  teacher_rms=0.0774  v_rms=0.0161
    Layer 10: alpha=0.047549  teacher_rms=0.0848  v_rms=0.0178
    Layer 11: alpha=0.050706  teacher_rms=0.0824  v_rms=0.0162
    Layer 12: alpha=0.054195  teacher_rms=0.0896  v_rms=0.0165
    Layer 13: alpha=0.045935  teacher_rms=0.0933  v_rms=0.0203
    Layer 14: alpha=0.049574  teacher_rms=0.0816  v_rms=0.0165
    Layer 15: alpha=0.041066  teacher_rms=0.0673  v_rms=0.0164
    Layer 16: alpha=0.028714  teacher_rms=0.0493  v_rms=0.0172
    Layer 18: alpha=0.022965  teacher_rms=0.0427  v_rms=0.0186
    Layer 19: alpha=0.033300  teacher_rms=0.0638  v_rms=0.0192
    Layer 20: alpha=0.022405  teacher_rms=0.0426  v_rms=0.0190
    Layer 21: alpha=0.019452  teacher_rms=0.0411  v_rms=0.0211
    Layer 22: alpha=0.019571  teacher_rms=0.0441  v_rms=0.0226
    Layer 23: alpha=0.032179  teacher_rms=0.0659  v_rms=0.0205
    Layer 24: alpha=0.027014  teacher_rms=0.0766  v_rms=0.0284
    Layer 25: alpha=0.033605  teacher_rms=0.0859  v_rms=0.0256
    Layer 26: alpha=0.039523  teacher_rms=0.1157  v_rms=0.0293
    Layer 27: alpha=0.043247  teacher_rms=0.1451  v_rms=0.0336

  Set g_proj = v_proj * alpha in 27 GDN layers (damping=0.01).
  Init (taylor_distill) done in 186.2s
  Layer 17: PPL = 679.01  (eval 9.5s)

============================================================
  Probing layer 18 | strategy=taylor_distill
============================================================
Loading checkpoint shards:   0%|          | 0/2 [00:00<?, ?it/s]Loading checkpoint shards: 100%|██████████| 2/2 [00:00<00:00, 122.24it/s]
Loading checkpoint shards:   0%|          | 0/2 [00:00<?, ?it/s]Loading checkpoint shards: 100%|██████████| 2/2 [00:00<00:00, 24.59it/s]
Token indices sequence length is longer than the specified maximum sequence length for this model (2349952 > 131072). Running this sequence through the model will result in indexing errors
  [Taylor Step 1/3] Gate calibration from attention stats...
    Layer  0: dist=[22, 3, 29, 29, 23, 23, 45, 42, 35, 49, 55, 53, 51, 45, 49, 7, 57, 35, 19, 33, 21, 58, 58, 47]
    Layer  1: dist=[37, 40, 77, 52, 50, 57, 33, 74, 40, 65, 64, 71, 45, 43, 50, 25, 28, 66, 58, 48, 61, 52, 50, 57]
    Layer  2: dist=[115, 119, 121, 102, 116, 107, 121, 117, 116, 119, 113, 101, 119, 119, 102, 122, 122, 122, 120, 120, 121, 115, 118, 113]
    Layer  3: dist=[98, 116, 112, 123, 119, 122, 105, 113, 115, 107, 117, 107, 113, 116, 114, 108, 102, 111, 111, 118, 116, 93, 96, 95]
    Layer  4: dist=[98, 112, 120, 98, 97, 92, 99, 95, 108, 107, 104, 113, 86, 106, 111, 97, 120, 105, 99, 102, 101, 118, 122, 109]
    Layer  5: dist=[114, 106, 103, 84, 90, 96, 121, 126, 112, 95, 100, 99, 72, 81, 95, 112, 99, 103, 99, 92, 96, 88, 97, 96]
    Layer  6: dist=[99, 111, 96, 87, 85, 92, 100, 96, 97, 90, 82, 87, 92, 103, 83, 77, 82, 84, 101, 100, 87, 102, 97, 95]
    Layer  7: dist=[85, 72, 99, 68, 88, 85, 65, 71, 79, 78, 96, 85, 94, 82, 84, 85, 83, 94, 88, 83, 81, 82, 87, 79]
    Layer  8: dist=[95, 73, 108, 73, 90, 76, 107, 95, 107, 78, 88, 80, 72, 84, 80, 72, 66, 74, 78, 82, 81, 79, 64, 71]
    Layer  9: dist=[63, 63, 64, 97, 102, 103, 65, 61, 74, 91, 88, 89, 85, 79, 64, 86, 77, 79, 89, 107, 98, 74, 64, 92]
    Layer 10: dist=[78, 77, 81, 94, 97, 98, 78, 72, 70, 83, 70, 101, 61, 52, 66, 85, 89, 75, 62, 65, 67, 112, 99, 87]
    Layer 11: dist=[47, 70, 52, 76, 79, 80, 80, 74, 70, 79, 72, 63, 82, 74, 93, 80, 80, 92, 68, 68, 70, 78, 69, 75]
    Layer 12: dist=[78, 75, 66, 108, 108, 89, 70, 69, 73, 81, 78, 85, 65, 94, 70, 97, 93, 71, 91, 109, 110, 52, 74, 59]
    Layer 13: dist=[84, 82, 84, 83, 80, 77, 28, 53, 47, 67, 62, 86, 84, 112, 92, 71, 100, 81, 86, 92, 84, 89, 99, 88]
    Layer 14: dist=[45, 118, 119, 67, 56, 57, 63, 56, 56, 78, 100, 104, 94, 93, 93, 85, 80, 83, 60, 74, 80, 104, 115, 77]
    Layer 15: dist=[105, 105, 89, 72, 73, 81, 97, 77, 83, 63, 76, 76, 112, 115, 100, 90, 88, 95, 104, 109, 100, 93, 97, 100]
    Layer 16: dist=[124, 98, 120, 121, 97, 122, 90, 91, 87, 103, 122, 97, 120, 115, 106, 102, 107, 103, 95, 80, 87, 93, 116, 120]
    Layer 17: dist=[109, 112, 97, 115, 114, 105, 76, 96, 88, 113, 106, 116, 117, 107, 103, 91, 110, 90, 115, 111, 119, 122, 114, 119]
    Layer 19: dist=[104, 76, 85, 92, 90, 95, 91, 49, 98, 94, 101, 98, 115, 84, 121, 115, 107, 110, 105, 94, 104, 114, 118, 117]
    Layer 20: dist=[102, 117, 118, 115, 112, 112, 109, 110, 122, 112, 112, 114, 102, 100, 115, 115, 113, 118, 109, 97, 98, 103, 108, 106]
    Layer 21: dist=[109, 112, 109, 122, 124, 121, 122, 120, 121, 101, 107, 100, 114, 117, 113, 117, 115, 117, 113, 117, 108, 104, 107, 105]
    Layer 22: dist=[119, 103, 111, 119, 118, 119, 123, 124, 122, 116, 119, 118, 111, 102, 84, 113, 95, 103, 117, 121, 117, 115, 123, 117]
    Layer 23: dist=[84, 104, 85, 104, 119, 114, 108, 116, 80, 114, 108, 112, 122, 118, 79, 99, 94, 91, 121, 121, 84, 112, 115, 81]
    Layer 24: dist=[118, 114, 116, 109, 113, 110, 93, 106, 87, 100, 69, 99, 80, 107, 119, 111, 105, 110, 121, 119, 123, 98, 104, 112]
    Layer 25: dist=[112, 122, 121, 121, 119, 123, 79, 72, 69, 121, 111, 121, 117, 97, 114, 88, 106, 105, 104, 106, 101, 79, 115, 57]
    Layer 26: dist=[79, 93, 64, 108, 104, 123, 102, 71, 109, 106, 100, 108, 75, 47, 69, 105, 98, 95, 35, 72, 59, 111, 108, 102]
    Layer 27: dist=[48, 108, 82, 111, 79, 53, 89, 89, 105, 69, 100, 6, 104, 109, 95, 102, 105, 98, 84, 70, 69, 76, 91, 88]

  [Taylor Step 2/3] OLS sigma per head (scaling V)...
    Layer  0: sigma=[0.143, 0.150, 0.139, 0.100, 0.100, 0.100, 0.100, 0.100, 0.100, 0.100, 0.100, 0.100, 0.100, 0.100, 0.100, 0.100, 0.100, 0.100, 0.100, 0.100, 0.100, 0.103, 0.100, 0.100]
    Layer  1: sigma=[0.100, 0.143, 0.100, 0.100, 0.100, 0.100, 0.100, 0.100, 0.100, 0.100, 0.100, 0.100, 0.100, 0.100, 0.100, 0.100, 0.100, 0.100, 0.100, 0.153, 0.100, 0.100, 0.100, 0.100]
    Layer  2: sigma=[0.100, 0.100, 0.100, 0.100, 0.100, 0.100, 0.100, 0.100, 0.100, 0.100, 0.100, 0.100, 0.100, 0.100, 0.100, 0.100, 0.100, 0.100, 0.100, 0.100, 0.100, 0.100, 0.100, 0.100]
    Layer  3: sigma=[0.100, 0.100, 0.100, 0.100, 0.100, 0.100, 0.100, 0.100, 0.100, 0.100, 0.100, 0.100, 0.100, 0.100, 0.100, 0.100, 0.100, 0.100, 0.100, 0.100, 0.100, 0.100, 0.100, 0.100]
    Layer  4: sigma=[0.100, 0.100, 0.100, 0.100, 0.100, 0.100, 0.100, 0.100, 0.100, 0.100, 0.100, 0.100, 0.100, 0.100, 0.100, 0.100, 0.100, 0.100, 0.100, 0.100, 0.100, 0.100, 0.100, 0.100]
    Layer  5: sigma=[0.100, 0.100, 0.100, 0.100, 0.100, 0.100, 0.100, 0.100, 0.100, 0.100, 0.100, 0.100, 0.100, 0.100, 0.100, 0.100, 0.100, 0.100, 0.100, 0.105, 0.100, 0.100, 0.100, 0.100]
    Layer  6: sigma=[0.100, 0.100, 0.100, 0.100, 0.100, 0.100, 0.100, 0.100, 0.100, 0.100, 0.100, 0.100, 0.100, 0.100, 0.100, 0.100, 0.100, 0.100, 0.100, 0.100, 0.100, 0.100, 0.100, 0.100]
    Layer  7: sigma=[0.100, 0.100, 0.100, 0.100, 0.100, 0.100, 0.100, 0.100, 0.100, 0.100, 0.100, 0.100, 0.100, 0.100, 0.100, 0.100, 0.100, 0.100, 0.100, 0.100, 0.100, 0.100, 0.100, 0.100]
    Layer  8: sigma=[0.100, 0.100, 0.100, 0.100, 0.100, 0.100, 0.100, 0.100, 0.100, 0.100, 0.100, 0.100, 0.100, 0.100, 0.100, 0.100, 0.100, 0.100, 0.100, 0.100, 0.100, 0.100, 0.100, 0.100]
    Layer  9: sigma=[0.100, 0.100, 0.100, 0.100, 0.100, 0.100, 0.100, 0.100, 0.100, 0.100, 0.100, 0.100, 0.100, 0.100, 0.100, 0.100, 0.100, 0.100, 0.100, 0.100, 0.100, 0.100, 0.100, 0.105]
    Layer 10: sigma=[0.100, 0.100, 0.100, 0.100, 0.100, 0.100, 0.100, 0.100, 0.106, 0.100, 0.100, 0.100, 0.130, 0.276, 0.100, 0.100, 0.100, 0.100, 0.100, 0.100, 0.100, 0.100, 0.134, 0.100]
    Layer 11: sigma=[0.100, 0.200, 0.100, 0.100, 0.100, 0.100, 0.100, 0.100, 0.100, 0.100, 0.100, 0.100, 0.100, 0.100, 0.100, 0.100, 0.100, 0.100, 0.100, 0.100, 0.100, 0.100, 0.100, 0.100]
    Layer 12: sigma=[0.100, 0.100, 0.100, 0.100, 0.100, 0.100, 0.100, 0.100, 0.100, 0.100, 0.100, 0.100, 0.100, 0.100, 0.108, 0.100, 0.100, 0.100, 0.100, 0.100, 0.100, 0.100, 0.100, 0.100]
    Layer 13: sigma=[0.100, 0.100, 0.100, 0.100, 0.100, 0.100, 0.100, 0.329, 0.100, 0.100, 0.100, 0.100, 0.100, 0.100, 0.100, 0.100, 0.134, 0.100, 0.100, 0.100, 0.100, 0.100, 0.100, 0.100]
    Layer 14: sigma=[0.100, 0.100, 0.100, 0.100, 0.100, 0.198, 0.100, 0.100, 0.100, 0.100, 0.100, 0.100, 0.100, 0.100, 0.100, 0.100, 0.100, 0.100, 0.100, 0.100, 0.100, 0.100, 0.100, 0.100]
    Layer 15: sigma=[0.100, 0.100, 0.100, 0.100, 0.100, 0.100, 0.100, 0.100, 0.100, 0.159, 0.100, 0.100, 0.100, 0.100, 0.100, 0.100, 0.100, 0.100, 0.100, 0.100, 0.100, 0.100, 0.100, 0.100]
    Layer 16: sigma=[0.100, 0.100, 0.100, 0.100, 0.100, 0.100, 0.100, 0.100, 0.100, 0.100, 0.100, 0.100, 0.100, 0.100, 0.100, 0.100, 0.100, 0.100, 0.100, 0.100, 0.100, 0.100, 0.100, 0.100]
    Layer 17: sigma=[0.100, 0.100, 0.100, 0.100, 0.100, 0.100, 0.100, 0.100, 0.100, 0.100, 0.100, 0.100, 0.100, 0.100, 0.100, 0.100, 0.100, 0.100, 0.100, 0.100, 0.100, 0.100, 0.100, 0.100]
    Layer 19: sigma=[0.100, 0.100, 0.100, 0.100, 0.100, 0.100, 0.100, 0.186, 0.100, 0.100, 0.144, 0.100, 0.100, 0.100, 0.100, 0.100, 0.100, 0.100, 0.100, 0.100, 0.100, 0.100, 0.100, 0.100]
    Layer 20: sigma=[0.100, 0.100, 0.100, 0.100, 0.100, 0.100, 0.100, 0.100, 0.100, 0.100, 0.100, 0.100, 0.100, 0.100, 0.100, 0.100, 0.100, 0.100, 0.100, 0.100, 0.100, 0.100, 0.100, 0.100]
    Layer 21: sigma=[0.100, 0.100, 0.100, 0.100, 0.100, 0.100, 0.100, 0.100, 0.100, 0.100, 0.100, 0.100, 0.100, 0.100, 0.100, 0.100, 0.100, 0.100, 0.100, 0.100, 0.100, 0.100, 0.100, 0.100]
    Layer 22: sigma=[0.100, 0.100, 0.100, 0.100, 0.100, 0.100, 0.100, 0.100, 0.100, 0.100, 0.100, 0.100, 0.100, 0.100, 0.100, 0.100, 0.100, 0.100, 0.100, 0.100, 0.100, 0.100, 0.100, 0.100]
    Layer 23: sigma=[0.100, 0.100, 0.100, 0.111, 0.100, 0.100, 0.100, 0.100, 0.100, 0.100, 0.100, 0.100, 0.100, 0.100, 0.100, 0.100, 0.100, 0.100, 0.100, 0.100, 0.184, 0.100, 0.100, 0.100]
    Layer 24: sigma=[0.100, 0.100, 0.100, 0.100, 0.100, 0.100, 0.100, 0.100, 0.100, 0.274, 0.100, 0.100, 0.100, 0.100, 0.100, 0.100, 0.100, 0.100, 0.100, 0.100, 0.100, 0.100, 0.100, 0.100]
    Layer 25: sigma=[0.100, 0.100, 0.100, 0.100, 0.100, 0.100, 0.100, 0.100, 0.105, 0.100, 0.100, 0.100, 0.100, 0.110, 0.100, 0.100, 0.100, 0.100, 0.100, 0.100, 0.100, 0.100, 0.100, 0.100]
    Layer 26: sigma=[0.100, 0.100, 0.100, 0.100, 0.111, 0.100, 0.100, 0.100, 0.100, 0.100, 0.100, 0.100, 0.117, 0.100, 0.100, 0.100, 0.100, 0.100, 0.320, 0.100, 0.100, 0.100, 0.100, 0.100]
    Layer 27: sigma=[0.288, 0.100, 0.100, 0.100, 0.100, 0.100, 0.100, 0.100, 0.100, 0.100, 0.100, 0.100, 0.100, 0.100, 0.100, 0.100, 0.100, 0.100, 0.214, 0.100, 0.398, 0.100, 0.100, 0.100]

  [Taylor Step 3/3] g_proj = v_proj * alpha (damping=0.01)...
    Layer  0: alpha=0.056120  teacher_rms=0.0170  v_rms=0.0030
    Layer  1: alpha=0.059016  teacher_rms=0.0387  v_rms=0.0066
    Layer  2: alpha=0.015216  teacher_rms=0.0168  v_rms=0.0110
    Layer  3: alpha=0.017317  teacher_rms=0.0218  v_rms=0.0126
    Layer  4: alpha=0.025271  teacher_rms=0.0316  v_rms=0.0125
    Layer  5: alpha=0.034092  teacher_rms=0.0429  v_rms=0.0126
    Layer  6: alpha=0.039001  teacher_rms=0.0529  v_rms=0.0136
    Layer  7: alpha=0.047453  teacher_rms=0.0681  v_rms=0.0143
    Layer  8: alpha=0.052318  teacher_rms=0.0757  v_rms=0.0145
    Layer  9: alpha=0.048125  teacher_rms=0.0774  v_rms=0.0161
    Layer 10: alpha=0.047334  teacher_rms=0.0848  v_rms=0.0179
    Layer 11: alpha=0.049587  teacher_rms=0.0824  v_rms=0.0166
    Layer 12: alpha=0.054300  teacher_rms=0.0896  v_rms=0.0165
    Layer 13: alpha=0.047197  teacher_rms=0.0933  v_rms=0.0198
    Layer 14: alpha=0.049218  teacher_rms=0.0816  v_rms=0.0166
    Layer 15: alpha=0.040950  teacher_rms=0.0673  v_rms=0.0164
    Layer 16: alpha=0.028714  teacher_rms=0.0493  v_rms=0.0172
    Layer 17: alpha=0.024043  teacher_rms=0.0430  v_rms=0.0179
    Layer 19: alpha=0.033393  teacher_rms=0.0638  v_rms=0.0191
    Layer 20: alpha=0.022405  teacher_rms=0.0426  v_rms=0.0190
    Layer 21: alpha=0.019452  teacher_rms=0.0411  v_rms=0.0211
    Layer 22: alpha=0.019571  teacher_rms=0.0441  v_rms=0.0226
    Layer 23: alpha=0.032811  teacher_rms=0.0659  v_rms=0.0201
    Layer 24: alpha=0.027206  teacher_rms=0.0766  v_rms=0.0282
    Layer 25: alpha=0.034054  teacher_rms=0.0859  v_rms=0.0252
    Layer 26: alpha=0.038151  teacher_rms=0.1157  v_rms=0.0303
    Layer 27: alpha=0.040653  teacher_rms=0.1451  v_rms=0.0357

  Set g_proj = v_proj * alpha in 27 GDN layers (damping=0.01).
  Init (taylor_distill) done in 229.9s
  Layer 18: PPL = 776.39  (eval 13.6s)

============================================================
  Probing layer 19 | strategy=taylor_distill
============================================================
Loading checkpoint shards:   0%|          | 0/2 [00:00<?, ?it/s]Loading checkpoint shards: 100%|██████████| 2/2 [00:00<00:00, 31.76it/s]
Loading checkpoint shards:   0%|          | 0/2 [00:00<?, ?it/s]Loading checkpoint shards: 100%|██████████| 2/2 [00:00<00:00, 21.21it/s]
Token indices sequence length is longer than the specified maximum sequence length for this model (2349952 > 131072). Running this sequence through the model will result in indexing errors
  [Taylor Step 1/3] Gate calibration from attention stats...
    Layer  0: dist=[22, 3, 29, 29, 23, 23, 45, 42, 35, 49, 55, 53, 51, 45, 49, 7, 57, 35, 19, 33, 21, 58, 58, 47]
    Layer  1: dist=[37, 40, 77, 52, 50, 57, 33, 74, 40, 65, 64, 71, 45, 43, 50, 25, 28, 66, 58, 48, 61, 52, 50, 57]
    Layer  2: dist=[115, 119, 121, 102, 116, 107, 121, 117, 116, 119, 113, 101, 119, 119, 102, 122, 122, 122, 120, 120, 121, 115, 118, 113]
    Layer  3: dist=[98, 116, 112, 123, 119, 122, 105, 113, 115, 107, 117, 107, 113, 116, 114, 108, 102, 111, 111, 118, 116, 93, 96, 95]
    Layer  4: dist=[98, 112, 120, 98, 97, 92, 99, 95, 108, 107, 104, 113, 86, 106, 111, 97, 120, 105, 99, 102, 101, 118, 122, 109]
    Layer  5: dist=[114, 106, 103, 84, 90, 96, 121, 126, 112, 95, 100, 99, 72, 81, 95, 112, 99, 103, 99, 92, 96, 88, 97, 96]
    Layer  6: dist=[99, 111, 96, 87, 85, 92, 100, 96, 97, 90, 82, 87, 92, 103, 83, 77, 82, 84, 101, 100, 87, 102, 97, 95]
    Layer  7: dist=[85, 72, 99, 68, 88, 85, 65, 71, 79, 78, 96, 85, 94, 82, 84, 85, 83, 94, 88, 83, 81, 82, 87, 79]
    Layer  8: dist=[95, 73, 108, 73, 90, 76, 107, 95, 107, 78, 88, 80, 72, 84, 80, 72, 66, 74, 78, 82, 81, 79, 64, 71]
    Layer  9: dist=[63, 63, 64, 97, 102, 103, 65, 61, 74, 91, 88, 89, 85, 79, 64, 86, 77, 79, 89, 107, 98, 74, 64, 92]
    Layer 10: dist=[78, 77, 81, 94, 97, 98, 78, 72, 70, 83, 70, 101, 61, 52, 66, 85, 89, 75, 62, 65, 67, 112, 99, 87]
    Layer 11: dist=[47, 70, 52, 76, 79, 80, 80, 74, 70, 79, 72, 63, 82, 74, 93, 80, 80, 92, 68, 68, 70, 78, 69, 75]
    Layer 12: dist=[78, 75, 66, 108, 108, 89, 70, 69, 73, 81, 78, 85, 65, 94, 70, 97, 93, 71, 91, 109, 110, 52, 74, 59]
    Layer 13: dist=[84, 82, 84, 83, 80, 77, 28, 53, 47, 67, 62, 86, 84, 112, 92, 71, 100, 81, 86, 92, 84, 89, 99, 88]
    Layer 14: dist=[45, 118, 119, 67, 56, 57, 63, 56, 56, 78, 100, 104, 94, 93, 93, 85, 80, 83, 60, 74, 80, 104, 115, 77]
    Layer 15: dist=[105, 105, 89, 72, 73, 81, 97, 77, 83, 63, 76, 76, 112, 115, 100, 90, 88, 95, 104, 109, 100, 93, 97, 100]
    Layer 16: dist=[124, 98, 120, 121, 97, 122, 90, 91, 87, 103, 122, 97, 120, 115, 106, 102, 107, 103, 95, 80, 87, 93, 116, 120]
    Layer 17: dist=[109, 112, 97, 115, 114, 105, 76, 96, 88, 113, 106, 116, 117, 107, 103, 91, 110, 90, 115, 111, 119, 122, 114, 119]
    Layer 18: dist=[80, 110, 121, 119, 115, 111, 94, 90, 96, 98, 105, 99, 123, 122, 121, 118, 114, 104, 114, 106, 96, 91, 111, 105]
    Layer 20: dist=[102, 117, 118, 115, 112, 112, 109, 110, 122, 112, 112, 114, 102, 100, 115, 115, 113, 118, 109, 97, 98, 103, 108, 106]
    Layer 21: dist=[109, 112, 109, 122, 124, 121, 122, 120, 121, 101, 107, 100, 114, 117, 113, 117, 115, 117, 113, 117, 108, 104, 107, 105]
    Layer 22: dist=[119, 103, 111, 119, 118, 119, 123, 124, 122, 116, 119, 118, 111, 102, 84, 113, 95, 103, 117, 121, 117, 115, 123, 117]
    Layer 23: dist=[84, 104, 85, 104, 119, 114, 108, 116, 80, 114, 108, 112, 122, 118, 79, 99, 94, 91, 121, 121, 84, 112, 115, 81]
    Layer 24: dist=[118, 114, 116, 109, 113, 110, 93, 106, 87, 100, 69, 99, 80, 107, 119, 111, 105, 110, 121, 119, 123, 98, 104, 112]
    Layer 25: dist=[112, 122, 121, 121, 119, 123, 79, 72, 69, 121, 111, 121, 117, 97, 114, 88, 106, 105, 104, 106, 101, 79, 115, 57]
    Layer 26: dist=[79, 93, 64, 108, 104, 123, 102, 71, 109, 106, 100, 108, 75, 47, 69, 105, 98, 95, 35, 72, 59, 111, 108, 102]
    Layer 27: dist=[48, 108, 82, 111, 79, 53, 89, 89, 105, 69, 100, 6, 104, 109, 95, 102, 105, 98, 84, 70, 69, 76, 91, 88]

  [Taylor Step 2/3] OLS sigma per head (scaling V)...
    Layer  0: sigma=[0.144, 0.152, 0.142, 0.100, 0.100, 0.100, 0.100, 0.100, 0.100, 0.100, 0.100, 0.100, 0.100, 0.100, 0.100, 0.100, 0.100, 0.100, 0.100, 0.100, 0.100, 0.108, 0.100, 0.100]
    Layer  1: sigma=[0.100, 0.155, 0.100, 0.100, 0.100, 0.100, 0.100, 0.100, 0.100, 0.100, 0.100, 0.100, 0.100, 0.100, 0.100, 0.100, 0.100, 0.100, 0.100, 0.149, 0.100, 0.100, 0.100, 0.100]
    Layer  2: sigma=[0.100, 0.100, 0.100, 0.100, 0.100, 0.100, 0.100, 0.100, 0.100, 0.100, 0.100, 0.100, 0.100, 0.100, 0.100, 0.100, 0.100, 0.100, 0.100, 0.100, 0.100, 0.100, 0.100, 0.100]
    Layer  3: sigma=[0.100, 0.100, 0.100, 0.100, 0.100, 0.100, 0.100, 0.100, 0.100, 0.100, 0.100, 0.100, 0.100, 0.100, 0.100, 0.100, 0.100, 0.100, 0.100, 0.100, 0.100, 0.100, 0.100, 0.100]
    Layer  4: sigma=[0.100, 0.100, 0.100, 0.100, 0.100, 0.100, 0.100, 0.100, 0.100, 0.100, 0.100, 0.100, 0.100, 0.100, 0.100, 0.100, 0.100, 0.100, 0.100, 0.100, 0.100, 0.100, 0.100, 0.100]
    Layer  5: sigma=[0.100, 0.100, 0.100, 0.100, 0.100, 0.100, 0.100, 0.100, 0.100, 0.100, 0.100, 0.100, 0.100, 0.100, 0.100, 0.100, 0.100, 0.100, 0.100, 0.106, 0.100, 0.100, 0.100, 0.100]
    Layer  6: sigma=[0.100, 0.100, 0.100, 0.100, 0.100, 0.100, 0.100, 0.100, 0.100, 0.100, 0.100, 0.100, 0.100, 0.100, 0.100, 0.100, 0.100, 0.100, 0.100, 0.100, 0.100, 0.100, 0.100, 0.100]
    Layer  7: sigma=[0.100, 0.100, 0.100, 0.100, 0.100, 0.100, 0.100, 0.100, 0.100, 0.100, 0.100, 0.100, 0.100, 0.100, 0.100, 0.100, 0.100, 0.100, 0.100, 0.100, 0.100, 0.100, 0.100, 0.100]
    Layer  8: sigma=[0.100, 0.100, 0.100, 0.100, 0.100, 0.100, 0.100, 0.100, 0.100, 0.100, 0.100, 0.100, 0.100, 0.100, 0.100, 0.100, 0.100, 0.100, 0.100, 0.100, 0.100, 0.100, 0.100, 0.100]
    Layer  9: sigma=[0.100, 0.100, 0.100, 0.100, 0.100, 0.100, 0.100, 0.100, 0.100, 0.100, 0.100, 0.100, 0.100, 0.100, 0.100, 0.100, 0.100, 0.100, 0.100, 0.100, 0.100, 0.100, 0.100, 0.109]
    Layer 10: sigma=[0.100, 0.100, 0.100, 0.100, 0.100, 0.100, 0.100, 0.100, 0.114, 0.100, 0.100, 0.100, 0.127, 0.302, 0.100, 0.100, 0.100, 0.100, 0.100, 0.100, 0.100, 0.100, 0.137, 0.100]
    Layer 11: sigma=[0.100, 0.214, 0.100, 0.100, 0.100, 0.100, 0.100, 0.100, 0.100, 0.100, 0.100, 0.100, 0.100, 0.100, 0.100, 0.100, 0.100, 0.100, 0.100, 0.100, 0.100, 0.100, 0.100, 0.100]
    Layer 12: sigma=[0.100, 0.100, 0.100, 0.100, 0.100, 0.100, 0.100, 0.100, 0.100, 0.100, 0.100, 0.100, 0.100, 0.100, 0.107, 0.100, 0.100, 0.100, 0.100, 0.100, 0.100, 0.100, 0.100, 0.100]
    Layer 13: sigma=[0.100, 0.100, 0.100, 0.100, 0.100, 0.100, 0.100, 0.326, 0.100, 0.100, 0.100, 0.100, 0.100, 0.100, 0.100, 0.100, 0.133, 0.100, 0.100, 0.100, 0.100, 0.100, 0.100, 0.100]
    Layer 14: sigma=[0.100, 0.100, 0.100, 0.100, 0.100, 0.162, 0.100, 0.100, 0.100, 0.100, 0.100, 0.100, 0.100, 0.100, 0.100, 0.100, 0.100, 0.100, 0.100, 0.100, 0.100, 0.100, 0.100, 0.100]
    Layer 15: sigma=[0.100, 0.100, 0.100, 0.100, 0.100, 0.100, 0.100, 0.100, 0.100, 0.157, 0.100, 0.100, 0.100, 0.100, 0.100, 0.100, 0.100, 0.100, 0.100, 0.100, 0.100, 0.100, 0.100, 0.100]
    Layer 16: sigma=[0.100, 0.100, 0.100, 0.100, 0.100, 0.100, 0.100, 0.100, 0.100, 0.100, 0.100, 0.100, 0.100, 0.100, 0.100, 0.100, 0.100, 0.100, 0.100, 0.100, 0.100, 0.100, 0.100, 0.100]
    Layer 17: sigma=[0.100, 0.100, 0.100, 0.100, 0.100, 0.100, 0.100, 0.100, 0.100, 0.100, 0.100, 0.100, 0.100, 0.100, 0.100, 0.100, 0.100, 0.100, 0.100, 0.100, 0.100, 0.100, 0.100, 0.100]
    Layer 18: sigma=[0.100, 0.100, 0.100, 0.100, 0.100, 0.100, 0.100, 0.100, 0.100, 0.100, 0.100, 0.100, 0.100, 0.100, 0.100, 0.100, 0.100, 0.100, 0.100, 0.100, 0.100, 0.100, 0.100, 0.100]
    Layer 20: sigma=[0.100, 0.100, 0.100, 0.100, 0.100, 0.100, 0.100, 0.100, 0.100, 0.100, 0.100, 0.100, 0.100, 0.100, 0.100, 0.100, 0.100, 0.100, 0.100, 0.100, 0.100, 0.100, 0.100, 0.100]
    Layer 21: sigma=[0.100, 0.100, 0.100, 0.100, 0.100, 0.100, 0.100, 0.100, 0.100, 0.100, 0.100, 0.100, 0.100, 0.100, 0.100, 0.100, 0.100, 0.100, 0.100, 0.100, 0.100, 0.100, 0.100, 0.100]
    Layer 22: sigma=[0.100, 0.100, 0.100, 0.100, 0.100, 0.100, 0.100, 0.100, 0.100, 0.100, 0.100, 0.100, 0.100, 0.100, 0.100, 0.100, 0.100, 0.100, 0.100, 0.100, 0.100, 0.100, 0.100, 0.100]
    Layer 23: sigma=[0.100, 0.100, 0.100, 0.104, 0.100, 0.100, 0.100, 0.100, 0.100, 0.100, 0.100, 0.100, 0.100, 0.100, 0.100, 0.100, 0.100, 0.100, 0.100, 0.100, 0.211, 0.100, 0.100, 0.100]
    Layer 24: sigma=[0.100, 0.100, 0.100, 0.100, 0.100, 0.100, 0.100, 0.100, 0.100, 0.254, 0.100, 0.100, 0.100, 0.100, 0.100, 0.100, 0.100, 0.100, 0.100, 0.100, 0.100, 0.100, 0.100, 0.100]
    Layer 25: sigma=[0.100, 0.100, 0.100, 0.100, 0.100, 0.100, 0.100, 0.102, 0.137, 0.100, 0.105, 0.100, 0.100, 0.108, 0.100, 0.100, 0.100, 0.100, 0.100, 0.100, 0.100, 0.100, 0.100, 0.100]
    Layer 26: sigma=[0.100, 0.100, 0.100, 0.100, 0.107, 0.100, 0.100, 0.100, 0.100, 0.100, 0.100, 0.100, 0.175, 0.100, 0.100, 0.100, 0.100, 0.100, 0.274, 0.100, 0.100, 0.100, 0.100, 0.100]
    Layer 27: sigma=[0.281, 0.100, 0.100, 0.100, 0.100, 0.100, 0.100, 0.100, 0.100, 0.100, 0.100, 0.100, 0.100, 0.100, 0.100, 0.100, 0.100, 0.100, 0.326, 0.100, 0.264, 0.100, 0.111, 0.100]

  [Taylor Step 3/3] g_proj = v_proj * alpha (damping=0.01)...
    Layer  0: alpha=0.055748  teacher_rms=0.0170  v_rms=0.0030
    Layer  1: alpha=0.058689  teacher_rms=0.0387  v_rms=0.0066
    Layer  2: alpha=0.015216  teacher_rms=0.0168  v_rms=0.0110
    Layer  3: alpha=0.017317  teacher_rms=0.0218  v_rms=0.0126
    Layer  4: alpha=0.025271  teacher_rms=0.0316  v_rms=0.0125
    Layer  5: alpha=0.034078  teacher_rms=0.0429  v_rms=0.0126
    Layer  6: alpha=0.039001  teacher_rms=0.0529  v_rms=0.0136
    Layer  7: alpha=0.047453  teacher_rms=0.0681  v_rms=0.0143
    Layer  8: alpha=0.052318  teacher_rms=0.0757  v_rms=0.0145
    Layer  9: alpha=0.048036  teacher_rms=0.0774  v_rms=0.0161
    Layer 10: alpha=0.046165  teacher_rms=0.0848  v_rms=0.0184
    Layer 11: alpha=0.049140  teacher_rms=0.0824  v_rms=0.0168
    Layer 12: alpha=0.054338  teacher_rms=0.0896  v_rms=0.0165
    Layer 13: alpha=0.047357  teacher_rms=0.0933  v_rms=0.0197
    Layer 14: alpha=0.050268  teacher_rms=0.0816  v_rms=0.0162
    Layer 15: alpha=0.040998  teacher_rms=0.0673  v_rms=0.0164
    Layer 16: alpha=0.028714  teacher_rms=0.0493  v_rms=0.0172
    Layer 17: alpha=0.024043  teacher_rms=0.0430  v_rms=0.0179
    Layer 18: alpha=0.022965  teacher_rms=0.0427  v_rms=0.0186
    Layer 20: alpha=0.022405  teacher_rms=0.0426  v_rms=0.0190
    Layer 21: alpha=0.019452  teacher_rms=0.0411  v_rms=0.0211
    Layer 22: alpha=0.019571  teacher_rms=0.0441  v_rms=0.0226
    Layer 23: alpha=0.032389  teacher_rms=0.0659  v_rms=0.0203
    Layer 24: alpha=0.027595  teacher_rms=0.0766  v_rms=0.0278
    Layer 25: alpha=0.033703  teacher_rms=0.0859  v_rms=0.0255
    Layer 26: alpha=0.038906  teacher_rms=0.1157  v_rms=0.0297
    Layer 27: alpha=0.042011  teacher_rms=0.1451  v_rms=0.0345

  Set g_proj = v_proj * alpha in 27 GDN layers (damping=0.01).
  Init (taylor_distill) done in 243.2s
  Layer 19: PPL = 626.39  (eval 10.5s)

============================================================
  Probing layer 20 | strategy=taylor_distill
============================================================
Loading checkpoint shards:   0%|          | 0/2 [00:00<?, ?it/s]Loading checkpoint shards: 100%|██████████| 2/2 [00:00<00:00, 114.17it/s]
Loading checkpoint shards:   0%|          | 0/2 [00:00<?, ?it/s]Loading checkpoint shards: 100%|██████████| 2/2 [00:00<00:00, 121.01it/s]
Token indices sequence length is longer than the specified maximum sequence length for this model (2349952 > 131072). Running this sequence through the model will result in indexing errors
  [Taylor Step 1/3] Gate calibration from attention stats...
    Layer  0: dist=[22, 3, 29, 29, 23, 23, 45, 42, 35, 49, 55, 53, 51, 45, 49, 7, 57, 35, 19, 33, 21, 58, 58, 47]
    Layer  1: dist=[37, 40, 77, 52, 50, 57, 33, 74, 40, 65, 64, 71, 45, 43, 50, 25, 28, 66, 58, 48, 61, 52, 50, 57]
    Layer  2: dist=[115, 119, 121, 102, 116, 107, 121, 117, 116, 119, 113, 101, 119, 119, 102, 122, 122, 122, 120, 120, 121, 115, 118, 113]
    Layer  3: dist=[98, 116, 112, 123, 119, 122, 105, 113, 115, 107, 117, 107, 113, 116, 114, 108, 102, 111, 111, 118, 116, 93, 96, 95]
    Layer  4: dist=[98, 112, 120, 98, 97, 92, 99, 95, 108, 107, 104, 113, 86, 106, 111, 97, 120, 105, 99, 102, 101, 118, 122, 109]
    Layer  5: dist=[114, 106, 103, 84, 90, 96, 121, 126, 112, 95, 100, 99, 72, 81, 95, 112, 99, 103, 99, 92, 96, 88, 97, 96]
    Layer  6: dist=[99, 111, 96, 87, 85, 92, 100, 96, 97, 90, 82, 87, 92, 103, 83, 77, 82, 84, 101, 100, 87, 102, 97, 95]
    Layer  7: dist=[85, 72, 99, 68, 88, 85, 65, 71, 79, 78, 96, 85, 94, 82, 84, 85, 83, 94, 88, 83, 81, 82, 87, 79]
    Layer  8: dist=[95, 73, 108, 73, 90, 76, 107, 95, 107, 78, 88, 80, 72, 84, 80, 72, 66, 74, 78, 82, 81, 79, 64, 71]
    Layer  9: dist=[63, 63, 64, 97, 102, 103, 65, 61, 74, 91, 88, 89, 85, 79, 64, 86, 77, 79, 89, 107, 98, 74, 64, 92]
    Layer 10: dist=[78, 77, 81, 94, 97, 98, 78, 72, 70, 83, 70, 101, 61, 52, 66, 85, 89, 75, 62, 65, 67, 112, 99, 87]
    Layer 11: dist=[47, 70, 52, 76, 79, 80, 80, 74, 70, 79, 72, 63, 82, 74, 93, 80, 80, 92, 68, 68, 70, 78, 69, 75]
    Layer 12: dist=[78, 75, 66, 108, 108, 89, 70, 69, 73, 81, 78, 85, 65, 94, 70, 97, 93, 71, 91, 109, 110, 52, 74, 59]
    Layer 13: dist=[84, 82, 84, 83, 80, 77, 28, 53, 47, 67, 62, 86, 84, 112, 92, 71, 100, 81, 86, 92, 84, 89, 99, 88]
    Layer 14: dist=[45, 118, 119, 67, 56, 57, 63, 56, 56, 78, 100, 104, 94, 93, 93, 85, 80, 83, 60, 74, 80, 104, 115, 77]
    Layer 15: dist=[105, 105, 89, 72, 73, 81, 97, 77, 83, 63, 76, 76, 112, 115, 100, 90, 88, 95, 104, 109, 100, 93, 97, 100]
    Layer 16: dist=[124, 98, 120, 121, 97, 122, 90, 91, 87, 103, 122, 97, 120, 115, 106, 102, 107, 103, 95, 80, 87, 93, 116, 120]
    Layer 17: dist=[109, 112, 97, 115, 114, 105, 76, 96, 88, 113, 106, 116, 117, 107, 103, 91, 110, 90, 115, 111, 119, 122, 114, 119]
    Layer 18: dist=[80, 110, 121, 119, 115, 111, 94, 90, 96, 98, 105, 99, 123, 122, 121, 118, 114, 104, 114, 106, 96, 91, 111, 105]
    Layer 19: dist=[104, 76, 85, 92, 90, 95, 91, 49, 98, 94, 101, 98, 115, 84, 121, 115, 107, 110, 105, 94, 104, 114, 118, 117]
    Layer 21: dist=[109, 112, 109, 122, 124, 121, 122, 120, 121, 101, 107, 100, 114, 117, 113, 117, 115, 117, 113, 117, 108, 104, 107, 105]
    Layer 22: dist=[119, 103, 111, 119, 118, 119, 123, 124, 122, 116, 119, 118, 111, 102, 84, 113, 95, 103, 117, 121, 117, 115, 123, 117]
    Layer 23: dist=[84, 104, 85, 104, 119, 114, 108, 116, 80, 114, 108, 112, 122, 118, 79, 99, 94, 91, 121, 121, 84, 112, 115, 81]
    Layer 24: dist=[118, 114, 116, 109, 113, 110, 93, 106, 87, 100, 69, 99, 80, 107, 119, 111, 105, 110, 121, 119, 123, 98, 104, 112]
    Layer 25: dist=[112, 122, 121, 121, 119, 123, 79, 72, 69, 121, 111, 121, 117, 97, 114, 88, 106, 105, 104, 106, 101, 79, 115, 57]
    Layer 26: dist=[79, 93, 64, 108, 104, 123, 102, 71, 109, 106, 100, 108, 75, 47, 69, 105, 98, 95, 35, 72, 59, 111, 108, 102]
    Layer 27: dist=[48, 108, 82, 111, 79, 53, 89, 89, 105, 69, 100, 6, 104, 109, 95, 102, 105, 98, 84, 70, 69, 76, 91, 88]

  [Taylor Step 2/3] OLS sigma per head (scaling V)...
    Layer  0: sigma=[0.141, 0.136, 0.139, 0.100, 0.100, 0.100, 0.100, 0.100, 0.100, 0.100, 0.100, 0.100, 0.100, 0.100, 0.100, 0.100, 0.100, 0.100, 0.100, 0.100, 0.100, 0.107, 0.100, 0.100]
    Layer  1: sigma=[0.100, 0.163, 0.100, 0.100, 0.100, 0.100, 0.100, 0.100, 0.100, 0.100, 0.100, 0.100, 0.100, 0.100, 0.100, 0.100, 0.100, 0.100, 0.100, 0.145, 0.100, 0.100, 0.100, 0.100]
    Layer  2: sigma=[0.100, 0.100, 0.100, 0.100, 0.100, 0.100, 0.100, 0.100, 0.100, 0.100, 0.100, 0.100, 0.100, 0.100, 0.100, 0.100, 0.100, 0.100, 0.100, 0.100, 0.100, 0.100, 0.100, 0.100]
    Layer  3: sigma=[0.100, 0.100, 0.100, 0.100, 0.100, 0.100, 0.100, 0.100, 0.100, 0.100, 0.100, 0.100, 0.100, 0.100, 0.100, 0.100, 0.100, 0.100, 0.100, 0.100, 0.100, 0.100, 0.100, 0.100]
    Layer  4: sigma=[0.100, 0.100, 0.100, 0.100, 0.100, 0.100, 0.100, 0.100, 0.100, 0.100, 0.100, 0.100, 0.100, 0.100, 0.100, 0.100, 0.100, 0.100, 0.100, 0.100, 0.100, 0.100, 0.100, 0.100]
    Layer  5: sigma=[0.100, 0.100, 0.100, 0.100, 0.100, 0.100, 0.100, 0.100, 0.100, 0.100, 0.100, 0.100, 0.100, 0.100, 0.100, 0.100, 0.100, 0.100, 0.100, 0.106, 0.100, 0.100, 0.100, 0.100]
    Layer  6: sigma=[0.100, 0.100, 0.100, 0.100, 0.100, 0.100, 0.100, 0.100, 0.100, 0.100, 0.100, 0.100, 0.100, 0.100, 0.100, 0.100, 0.100, 0.100, 0.100, 0.100, 0.100, 0.100, 0.100, 0.100]
    Layer  7: sigma=[0.100, 0.100, 0.100, 0.100, 0.100, 0.100, 0.100, 0.100, 0.100, 0.100, 0.100, 0.100, 0.100, 0.100, 0.100, 0.100, 0.100, 0.100, 0.100, 0.100, 0.100, 0.100, 0.100, 0.100]
    Layer  8: sigma=[0.100, 0.100, 0.100, 0.100, 0.100, 0.100, 0.100, 0.100, 0.100, 0.100, 0.100, 0.100, 0.100, 0.100, 0.100, 0.100, 0.100, 0.100, 0.100, 0.100, 0.100, 0.100, 0.100, 0.100]
    Layer  9: sigma=[0.100, 0.100, 0.100, 0.100, 0.100, 0.100, 0.100, 0.100, 0.100, 0.100, 0.100, 0.100, 0.100, 0.100, 0.100, 0.100, 0.100, 0.100, 0.100, 0.100, 0.100, 0.100, 0.100, 0.105]
    Layer 10: sigma=[0.100, 0.100, 0.100, 0.100, 0.100, 0.100, 0.100, 0.100, 0.108, 0.100, 0.100, 0.100, 0.132, 0.283, 0.100, 0.100, 0.100, 0.100, 0.100, 0.100, 0.100, 0.100, 0.141, 0.100]
    Layer 11: sigma=[0.100, 0.173, 0.100, 0.100, 0.100, 0.100, 0.100, 0.100, 0.100, 0.100, 0.100, 0.100, 0.100, 0.100, 0.100, 0.100, 0.100, 0.100, 0.100, 0.100, 0.100, 0.100, 0.100, 0.100]
    Layer 12: sigma=[0.100, 0.100, 0.100, 0.100, 0.100, 0.100, 0.100, 0.100, 0.100, 0.100, 0.100, 0.100, 0.100, 0.100, 0.105, 0.100, 0.100, 0.100, 0.100, 0.100, 0.100, 0.100, 0.100, 0.100]
    Layer 13: sigma=[0.100, 0.100, 0.100, 0.100, 0.100, 0.100, 0.100, 0.363, 0.105, 0.100, 0.100, 0.100, 0.100, 0.100, 0.100, 0.100, 0.127, 0.100, 0.100, 0.100, 0.100, 0.100, 0.100, 0.100]
    Layer 14: sigma=[0.100, 0.100, 0.100, 0.100, 0.100, 0.216, 0.100, 0.100, 0.100, 0.100, 0.100, 0.100, 0.100, 0.100, 0.100, 0.100, 0.100, 0.100, 0.100, 0.100, 0.100, 0.100, 0.100, 0.100]
    Layer 15: sigma=[0.100, 0.100, 0.100, 0.100, 0.100, 0.100, 0.100, 0.100, 0.100, 0.159, 0.100, 0.100, 0.100, 0.100, 0.100, 0.100, 0.100, 0.100, 0.100, 0.100, 0.100, 0.100, 0.100, 0.100]
    Layer 16: sigma=[0.100, 0.100, 0.100, 0.100, 0.100, 0.100, 0.100, 0.100, 0.100, 0.100, 0.100, 0.100, 0.100, 0.100, 0.100, 0.100, 0.100, 0.100, 0.100, 0.100, 0.100, 0.100, 0.100, 0.100]
    Layer 17: sigma=[0.100, 0.100, 0.100, 0.100, 0.100, 0.100, 0.100, 0.100, 0.100, 0.100, 0.100, 0.100, 0.100, 0.100, 0.100, 0.100, 0.100, 0.100, 0.100, 0.100, 0.100, 0.100, 0.100, 0.100]
    Layer 18: sigma=[0.100, 0.100, 0.100, 0.100, 0.100, 0.100, 0.100, 0.100, 0.100, 0.100, 0.100, 0.100, 0.100, 0.100, 0.100, 0.100, 0.100, 0.100, 0.100, 0.100, 0.100, 0.100, 0.100, 0.100]
    Layer 19: sigma=[0.100, 0.100, 0.100, 0.100, 0.100, 0.100, 0.100, 0.195, 0.100, 0.100, 0.155, 0.100, 0.100, 0.100, 0.100, 0.100, 0.100, 0.100, 0.100, 0.100, 0.100, 0.100, 0.100, 0.100]
    Layer 21: sigma=[0.100, 0.100, 0.100, 0.100, 0.100, 0.100, 0.100, 0.100, 0.100, 0.100, 0.100, 0.100, 0.100, 0.100, 0.100, 0.100, 0.100, 0.100, 0.100, 0.100, 0.100, 0.100, 0.100, 0.100]
    Layer 22: sigma=[0.100, 0.100, 0.100, 0.100, 0.100, 0.100, 0.100, 0.100, 0.100, 0.100, 0.100, 0.100, 0.100, 0.100, 0.100, 0.100, 0.100, 0.100, 0.100, 0.100, 0.100, 0.100, 0.100, 0.100]
    Layer 23: sigma=[0.100, 0.100, 0.100, 0.106, 0.100, 0.100, 0.100, 0.100, 0.100, 0.100, 0.100, 0.100, 0.100, 0.100, 0.100, 0.100, 0.100, 0.100, 0.100, 0.100, 0.192, 0.100, 0.100, 0.100]
    Layer 24: sigma=[0.100, 0.100, 0.100, 0.100, 0.100, 0.100, 0.100, 0.100, 0.100, 0.268, 0.100, 0.100, 0.100, 0.100, 0.100, 0.100, 0.100, 0.100, 0.100, 0.100, 0.100, 0.100, 0.100, 0.100]
    Layer 25: sigma=[0.100, 0.100, 0.100, 0.100, 0.100, 0.100, 0.100, 0.100, 0.122, 0.100, 0.100, 0.100, 0.100, 0.117, 0.100, 0.100, 0.100, 0.100, 0.100, 0.100, 0.100, 0.100, 0.100, 0.100]
    Layer 26: sigma=[0.100, 0.100, 0.100, 0.100, 0.105, 0.100, 0.100, 0.100, 0.100, 0.100, 0.100, 0.100, 0.125, 0.100, 0.100, 0.100, 0.100, 0.100, 0.271, 0.100, 0.107, 0.100, 0.100, 0.100]
    Layer 27: sigma=[0.273, 0.100, 0.100, 0.100, 0.100, 0.100, 0.100, 0.100, 0.100, 0.100, 0.100, 0.100, 0.100, 0.100, 0.100, 0.100, 0.100, 0.100, 0.222, 0.100, 0.271, 0.100, 0.103, 0.100]

  [Taylor Step 3/3] g_proj = v_proj * alpha (damping=0.01)...
    Layer  0: alpha=0.056301  teacher_rms=0.0170  v_rms=0.0030
    Layer  1: alpha=0.058571  teacher_rms=0.0387  v_rms=0.0066
    Layer  2: alpha=0.015216  teacher_rms=0.0168  v_rms=0.0110
    Layer  3: alpha=0.017317  teacher_rms=0.0218  v_rms=0.0126
    Layer  4: alpha=0.025271  teacher_rms=0.0316  v_rms=0.0125
    Layer  5: alpha=0.034078  teacher_rms=0.0429  v_rms=0.0126
    Layer  6: alpha=0.039001  teacher_rms=0.0529  v_rms=0.0136
    Layer  7: alpha=0.047453  teacher_rms=0.0681  v_rms=0.0143
    Layer  8: alpha=0.052318  teacher_rms=0.0757  v_rms=0.0145
    Layer  9: alpha=0.048112  teacher_rms=0.0774  v_rms=0.0161
    Layer 10: alpha=0.046879  teacher_rms=0.0848  v_rms=0.0181
    Layer 11: alpha=0.050402  teacher_rms=0.0824  v_rms=0.0163
    Layer 12: alpha=0.054377  teacher_rms=0.0896  v_rms=0.0165
    Layer 13: alpha=0.045803  teacher_rms=0.0933  v_rms=0.0204
    Layer 14: alpha=0.048640  teacher_rms=0.0816  v_rms=0.0168
    Layer 15: alpha=0.040937  teacher_rms=0.0673  v_rms=0.0164
    Layer 16: alpha=0.028714  teacher_rms=0.0493  v_rms=0.0172
    Layer 17: alpha=0.024043  teacher_rms=0.0430  v_rms=0.0179
    Layer 18: alpha=0.022965  teacher_rms=0.0427  v_rms=0.0186
    Layer 19: alpha=0.033104  teacher_rms=0.0638  v_rms=0.0193
    Layer 21: alpha=0.019452  teacher_rms=0.0411  v_rms=0.0211
    Layer 22: alpha=0.019571  teacher_rms=0.0441  v_rms=0.0226
    Layer 23: alpha=0.032725  teacher_rms=0.0659  v_rms=0.0201
    Layer 24: alpha=0.027318  teacher_rms=0.0766  v_rms=0.0281
    Layer 25: alpha=0.033779  teacher_rms=0.0859  v_rms=0.0254
    Layer 26: alpha=0.039588  teacher_rms=0.1157  v_rms=0.0292
    Layer 27: alpha=0.044435  teacher_rms=0.1451  v_rms=0.0327

  Set g_proj = v_proj * alpha in 27 GDN layers (damping=0.01).
  Init (taylor_distill) done in 188.9s
  Layer 20: PPL = 697.68  (eval 9.5s)

============================================================
  Probing layer 21 | strategy=taylor_distill
============================================================
Loading checkpoint shards:   0%|          | 0/2 [00:00<?, ?it/s]Loading checkpoint shards: 100%|██████████| 2/2 [00:00<00:00, 122.27it/s]
Loading checkpoint shards:   0%|          | 0/2 [00:00<?, ?it/s]Loading checkpoint shards: 100%|██████████| 2/2 [00:00<00:00, 112.20it/s]
Token indices sequence length is longer than the specified maximum sequence length for this model (2349952 > 131072). Running this sequence through the model will result in indexing errors
  [Taylor Step 1/3] Gate calibration from attention stats...
    Layer  0: dist=[22, 3, 29, 29, 23, 23, 45, 42, 35, 49, 55, 53, 51, 45, 49, 7, 57, 35, 19, 33, 21, 58, 58, 47]
    Layer  1: dist=[37, 40, 77, 52, 50, 57, 33, 74, 40, 65, 64, 71, 45, 43, 50, 25, 28, 66, 58, 48, 61, 52, 50, 57]
    Layer  2: dist=[115, 119, 121, 102, 116, 107, 121, 117, 116, 119, 113, 101, 119, 119, 102, 122, 122, 122, 120, 120, 121, 115, 118, 113]
    Layer  3: dist=[98, 116, 112, 123, 119, 122, 105, 113, 115, 107, 117, 107, 113, 116, 114, 108, 102, 111, 111, 118, 116, 93, 96, 95]
    Layer  4: dist=[98, 112, 120, 98, 97, 92, 99, 95, 108, 107, 104, 113, 86, 106, 111, 97, 120, 105, 99, 102, 101, 118, 122, 109]
    Layer  5: dist=[114, 106, 103, 84, 90, 96, 121, 126, 112, 95, 100, 99, 72, 81, 95, 112, 99, 103, 99, 92, 96, 88, 97, 96]
    Layer  6: dist=[99, 111, 96, 87, 85, 92, 100, 96, 97, 90, 82, 87, 92, 103, 83, 77, 82, 84, 101, 100, 87, 102, 97, 95]
    Layer  7: dist=[85, 72, 99, 68, 88, 85, 65, 71, 79, 78, 96, 85, 94, 82, 84, 85, 83, 94, 88, 83, 81, 82, 87, 79]
    Layer  8: dist=[95, 73, 108, 73, 90, 76, 107, 95, 107, 78, 88, 80, 72, 84, 80, 72, 66, 74, 78, 82, 81, 79, 64, 71]
    Layer  9: dist=[63, 63, 64, 97, 102, 103, 65, 61, 74, 91, 88, 89, 85, 79, 64, 86, 77, 79, 89, 107, 98, 74, 64, 92]
    Layer 10: dist=[78, 77, 81, 94, 97, 98, 78, 72, 70, 83, 70, 101, 61, 52, 66, 85, 89, 75, 62, 65, 67, 112, 99, 87]
    Layer 11: dist=[47, 70, 52, 76, 79, 80, 80, 74, 70, 79, 72, 63, 82, 74, 93, 80, 80, 92, 68, 68, 70, 78, 69, 75]
    Layer 12: dist=[78, 75, 66, 108, 108, 89, 70, 69, 73, 81, 78, 85, 65, 94, 70, 97, 93, 71, 91, 109, 110, 52, 74, 59]
    Layer 13: dist=[84, 82, 84, 83, 80, 77, 28, 53, 47, 67, 62, 86, 84, 112, 92, 71, 100, 81, 86, 92, 84, 89, 99, 88]
    Layer 14: dist=[45, 118, 119, 67, 56, 57, 63, 56, 56, 78, 100, 104, 94, 93, 93, 85, 80, 83, 60, 74, 80, 104, 115, 77]
    Layer 15: dist=[105, 105, 89, 72, 73, 81, 97, 77, 83, 63, 76, 76, 112, 115, 100, 90, 88, 95, 104, 109, 100, 93, 97, 100]
    Layer 16: dist=[124, 98, 120, 121, 97, 122, 90, 91, 87, 103, 122, 97, 120, 115, 106, 102, 107, 103, 95, 80, 87, 93, 116, 120]
    Layer 17: dist=[109, 112, 97, 115, 114, 105, 76, 96, 88, 113, 106, 116, 117, 107, 103, 91, 110, 90, 115, 111, 119, 122, 114, 119]
    Layer 18: dist=[80, 110, 121, 119, 115, 111, 94, 90, 96, 98, 105, 99, 123, 122, 121, 118, 114, 104, 114, 106, 96, 91, 111, 105]
    Layer 19: dist=[104, 76, 85, 92, 90, 95, 91, 49, 98, 94, 101, 98, 115, 84, 121, 115, 107, 110, 105, 94, 104, 114, 118, 117]
    Layer 20: dist=[102, 117, 118, 115, 112, 112, 109, 110, 122, 112, 112, 114, 102, 100, 115, 115, 113, 118, 109, 97, 98, 103, 108, 106]
    Layer 22: dist=[119, 103, 111, 119, 118, 119, 123, 124, 122, 116, 119, 118, 111, 102, 84, 113, 95, 103, 117, 121, 117, 115, 123, 117]
    Layer 23: dist=[84, 104, 85, 104, 119, 114, 108, 116, 80, 114, 108, 112, 122, 118, 79, 99, 94, 91, 121, 121, 84, 112, 115, 81]
    Layer 24: dist=[118, 114, 116, 109, 113, 110, 93, 106, 87, 100, 69, 99, 80, 107, 119, 111, 105, 110, 121, 119, 123, 98, 104, 112]
    Layer 25: dist=[112, 122, 121, 121, 119, 123, 79, 72, 69, 121, 111, 121, 117, 97, 114, 88, 106, 105, 104, 106, 101, 79, 115, 57]
    Layer 26: dist=[79, 93, 64, 108, 104, 123, 102, 71, 109, 106, 100, 108, 75, 47, 69, 105, 98, 95, 35, 72, 59, 111, 108, 102]
    Layer 27: dist=[48, 108, 82, 111, 79, 53, 89, 89, 105, 69, 100, 6, 104, 109, 95, 102, 105, 98, 84, 70, 69, 76, 91, 88]

  [Taylor Step 2/3] OLS sigma per head (scaling V)...
    Layer  0: sigma=[0.142, 0.136, 0.133, 0.100, 0.100, 0.100, 0.100, 0.100, 0.100, 0.100, 0.100, 0.100, 0.100, 0.100, 0.100, 0.100, 0.100, 0.100, 0.100, 0.100, 0.100, 0.105, 0.100, 0.100]
    Layer  1: sigma=[0.100, 0.148, 0.100, 0.100, 0.100, 0.100, 0.100, 0.100, 0.100, 0.100, 0.100, 0.100, 0.100, 0.100, 0.100, 0.100, 0.100, 0.100, 0.100, 0.155, 0.100, 0.100, 0.100, 0.100]
    Layer  2: sigma=[0.100, 0.100, 0.100, 0.100, 0.100, 0.100, 0.100, 0.100, 0.100, 0.100, 0.100, 0.100, 0.100, 0.100, 0.100, 0.100, 0.100, 0.100, 0.100, 0.100, 0.100, 0.100, 0.100, 0.100]
    Layer  3: sigma=[0.100, 0.100, 0.100, 0.100, 0.100, 0.100, 0.100, 0.100, 0.100, 0.100, 0.100, 0.100, 0.100, 0.100, 0.100, 0.100, 0.100, 0.100, 0.100, 0.100, 0.100, 0.100, 0.100, 0.100]
    Layer  4: sigma=[0.100, 0.100, 0.100, 0.100, 0.100, 0.100, 0.100, 0.100, 0.100, 0.100, 0.100, 0.100, 0.100, 0.100, 0.100, 0.100, 0.100, 0.100, 0.100, 0.100, 0.100, 0.100, 0.100, 0.100]
    Layer  5: sigma=[0.100, 0.100, 0.100, 0.100, 0.100, 0.100, 0.100, 0.100, 0.100, 0.100, 0.100, 0.100, 0.100, 0.100, 0.100, 0.100, 0.103, 0.100, 0.100, 0.108, 0.100, 0.100, 0.100, 0.100]
    Layer  6: sigma=[0.100, 0.100, 0.100, 0.100, 0.100, 0.100, 0.100, 0.100, 0.100, 0.100, 0.100, 0.100, 0.100, 0.100, 0.100, 0.100, 0.100, 0.100, 0.100, 0.100, 0.100, 0.100, 0.100, 0.100]
    Layer  7: sigma=[0.100, 0.100, 0.100, 0.100, 0.100, 0.100, 0.100, 0.100, 0.100, 0.100, 0.100, 0.100, 0.100, 0.100, 0.100, 0.100, 0.100, 0.100, 0.100, 0.100, 0.100, 0.100, 0.100, 0.100]
    Layer  8: sigma=[0.100, 0.100, 0.100, 0.100, 0.100, 0.100, 0.100, 0.100, 0.100, 0.100, 0.100, 0.100, 0.100, 0.100, 0.100, 0.100, 0.100, 0.100, 0.100, 0.100, 0.100, 0.100, 0.100, 0.100]
    Layer  9: sigma=[0.100, 0.100, 0.100, 0.100, 0.100, 0.100, 0.100, 0.100, 0.100, 0.100, 0.100, 0.100, 0.100, 0.100, 0.100, 0.100, 0.100, 0.100, 0.100, 0.100, 0.100, 0.100, 0.100, 0.101]
    Layer 10: sigma=[0.100, 0.100, 0.100, 0.100, 0.100, 0.100, 0.100, 0.100, 0.113, 0.100, 0.100, 0.100, 0.125, 0.280, 0.100, 0.100, 0.100, 0.100, 0.100, 0.100, 0.100, 0.100, 0.137, 0.100]
    Layer 11: sigma=[0.100, 0.206, 0.100, 0.100, 0.100, 0.100, 0.100, 0.100, 0.100, 0.100, 0.100, 0.100, 0.100, 0.100, 0.100, 0.100, 0.100, 0.100, 0.100, 0.100, 0.100, 0.100, 0.100, 0.100]
    Layer 12: sigma=[0.100, 0.100, 0.100, 0.100, 0.100, 0.100, 0.100, 0.100, 0.100, 0.100, 0.100, 0.100, 0.100, 0.100, 0.115, 0.100, 0.100, 0.100, 0.100, 0.100, 0.100, 0.100, 0.100, 0.100]
    Layer 13: sigma=[0.100, 0.100, 0.100, 0.100, 0.100, 0.100, 0.100, 0.368, 0.115, 0.100, 0.100, 0.100, 0.100, 0.100, 0.100, 0.100, 0.128, 0.100, 0.100, 0.100, 0.100, 0.100, 0.100, 0.100]
    Layer 14: sigma=[0.100, 0.100, 0.100, 0.100, 0.100, 0.185, 0.100, 0.100, 0.100, 0.100, 0.100, 0.100, 0.100, 0.100, 0.100, 0.100, 0.100, 0.100, 0.100, 0.100, 0.100, 0.100, 0.100, 0.100]
    Layer 15: sigma=[0.100, 0.100, 0.100, 0.100, 0.100, 0.100, 0.100, 0.100, 0.100, 0.162, 0.100, 0.100, 0.100, 0.100, 0.100, 0.100, 0.100, 0.100, 0.100, 0.100, 0.100, 0.100, 0.100, 0.100]
    Layer 16: sigma=[0.100, 0.100, 0.100, 0.100, 0.100, 0.100, 0.100, 0.100, 0.100, 0.100, 0.100, 0.100, 0.100, 0.100, 0.100, 0.100, 0.100, 0.100, 0.100, 0.100, 0.100, 0.100, 0.100, 0.100]
    Layer 17: sigma=[0.100, 0.100, 0.100, 0.100, 0.100, 0.100, 0.100, 0.100, 0.100, 0.100, 0.100, 0.100, 0.100, 0.100, 0.100, 0.100, 0.100, 0.100, 0.100, 0.100, 0.100, 0.100, 0.100, 0.100]
    Layer 18: sigma=[0.100, 0.100, 0.100, 0.100, 0.100, 0.100, 0.100, 0.100, 0.100, 0.100, 0.100, 0.100, 0.100, 0.100, 0.100, 0.100, 0.100, 0.100, 0.100, 0.100, 0.100, 0.100, 0.100, 0.100]
    Layer 19: sigma=[0.100, 0.100, 0.100, 0.100, 0.100, 0.100, 0.100, 0.177, 0.100, 0.100, 0.161, 0.100, 0.100, 0.100, 0.100, 0.100, 0.100, 0.100, 0.100, 0.100, 0.100, 0.100, 0.100, 0.100]
    Layer 20: sigma=[0.100, 0.100, 0.100, 0.100, 0.100, 0.100, 0.100, 0.100, 0.100, 0.100, 0.100, 0.100, 0.100, 0.100, 0.100, 0.100, 0.100, 0.100, 0.100, 0.100, 0.100, 0.100, 0.100, 0.100]
    Layer 22: sigma=[0.100, 0.100, 0.100, 0.100, 0.100, 0.100, 0.100, 0.100, 0.100, 0.100, 0.100, 0.100, 0.100, 0.100, 0.100, 0.100, 0.100, 0.100, 0.100, 0.100, 0.100, 0.100, 0.100, 0.100]
    Layer 23: sigma=[0.100, 0.100, 0.100, 0.101, 0.100, 0.100, 0.100, 0.100, 0.100, 0.100, 0.100, 0.100, 0.100, 0.100, 0.100, 0.100, 0.100, 0.100, 0.100, 0.100, 0.194, 0.100, 0.100, 0.100]
    Layer 24: sigma=[0.100, 0.100, 0.100, 0.100, 0.100, 0.100, 0.100, 0.100, 0.100, 0.262, 0.100, 0.100, 0.100, 0.100, 0.100, 0.100, 0.100, 0.100, 0.100, 0.100, 0.100, 0.100, 0.100, 0.100]
    Layer 25: sigma=[0.100, 0.100, 0.100, 0.100, 0.100, 0.100, 0.100, 0.100, 0.100, 0.100, 0.106, 0.100, 0.100, 0.114, 0.100, 0.100, 0.100, 0.100, 0.100, 0.100, 0.100, 0.100, 0.100, 0.100]
    Layer 26: sigma=[0.100, 0.100, 0.100, 0.100, 0.116, 0.100, 0.100, 0.100, 0.100, 0.100, 0.100, 0.100, 0.150, 0.100, 0.100, 0.100, 0.100, 0.100, 0.288, 0.100, 0.100, 0.100, 0.100, 0.100]
    Layer 27: sigma=[0.286, 0.100, 0.100, 0.100, 0.100, 0.100, 0.100, 0.100, 0.100, 0.100, 0.100, 0.100, 0.100, 0.100, 0.100, 0.100, 0.100, 0.100, 0.284, 0.100, 0.316, 0.100, 0.100, 0.100]

  [Taylor Step 3/3] g_proj = v_proj * alpha (damping=0.01)...
    Layer  0: alpha=0.056560  teacher_rms=0.0170  v_rms=0.0030
    Layer  1: alpha=0.058756  teacher_rms=0.0387  v_rms=0.0066
    Layer  2: alpha=0.015216  teacher_rms=0.0168  v_rms=0.0110
    Layer  3: alpha=0.017317  teacher_rms=0.0218  v_rms=0.0126
    Layer  4: alpha=0.025271  teacher_rms=0.0316  v_rms=0.0125
    Layer  5: alpha=0.034020  teacher_rms=0.0429  v_rms=0.0126
    Layer  6: alpha=0.039001  teacher_rms=0.0529  v_rms=0.0136
    Layer  7: alpha=0.047453  teacher_rms=0.0681  v_rms=0.0143
    Layer  8: alpha=0.052318  teacher_rms=0.0757  v_rms=0.0145
    Layer  9: alpha=0.048208  teacher_rms=0.0774  v_rms=0.0160
    Layer 10: alpha=0.047080  teacher_rms=0.0848  v_rms=0.0180
    Layer 11: alpha=0.049422  teacher_rms=0.0824  v_rms=0.0167
    Layer 12: alpha=0.054141  teacher_rms=0.0896  v_rms=0.0166
    Layer 13: alpha=0.045405  teacher_rms=0.0933  v_rms=0.0206
    Layer 14: alpha=0.049612  teacher_rms=0.0816  v_rms=0.0165
    Layer 15: alpha=0.040862  teacher_rms=0.0673  v_rms=0.0165
    Layer 16: alpha=0.028714  teacher_rms=0.0493  v_rms=0.0172
    Layer 17: alpha=0.024043  teacher_rms=0.0430  v_rms=0.0179
    Layer 18: alpha=0.022965  teacher_rms=0.0427  v_rms=0.0186
    Layer 19: alpha=0.033360  teacher_rms=0.0638  v_rms=0.0191
    Layer 20: alpha=0.022405  teacher_rms=0.0426  v_rms=0.0190
    Layer 22: alpha=0.019571  teacher_rms=0.0441  v_rms=0.0226
    Layer 23: alpha=0.032745  teacher_rms=0.0659  v_rms=0.0201
    Layer 24: alpha=0.027427  teacher_rms=0.0766  v_rms=0.0279
    Layer 25: alpha=0.033900  teacher_rms=0.0859  v_rms=0.0253
    Layer 26: alpha=0.038659  teacher_rms=0.1157  v_rms=0.0299
    Layer 27: alpha=0.041681  teacher_rms=0.1451  v_rms=0.0348

  Set g_proj = v_proj * alpha in 27 GDN layers (damping=0.01).
  Init (taylor_distill) done in 189.5s
  Layer 21: PPL = 625.57  (eval 10.2s)

============================================================
  Probing layer 22 | strategy=taylor_distill
============================================================
Loading checkpoint shards:   0%|          | 0/2 [00:00<?, ?it/s]Loading checkpoint shards: 100%|██████████| 2/2 [00:00<00:00, 78.74it/s]
Loading checkpoint shards:   0%|          | 0/2 [00:00<?, ?it/s]Loading checkpoint shards: 100%|██████████| 2/2 [00:00<00:00, 32.90it/s]
Token indices sequence length is longer than the specified maximum sequence length for this model (2349952 > 131072). Running this sequence through the model will result in indexing errors
  [Taylor Step 1/3] Gate calibration from attention stats...
    Layer  0: dist=[22, 3, 29, 29, 23, 23, 45, 42, 35, 49, 55, 53, 51, 45, 49, 7, 57, 35, 19, 33, 21, 58, 58, 47]
    Layer  1: dist=[37, 40, 77, 52, 50, 57, 33, 74, 40, 65, 64, 71, 45, 43, 50, 25, 28, 66, 58, 48, 61, 52, 50, 57]
    Layer  2: dist=[115, 119, 121, 102, 116, 107, 121, 117, 116, 119, 113, 101, 119, 119, 102, 122, 122, 122, 120, 120, 121, 115, 118, 113]
    Layer  3: dist=[98, 116, 112, 123, 119, 122, 105, 113, 115, 107, 117, 107, 113, 116, 114, 108, 102, 111, 111, 118, 116, 93, 96, 95]
    Layer  4: dist=[98, 112, 120, 98, 97, 92, 99, 95, 108, 107, 104, 113, 86, 106, 111, 97, 120, 105, 99, 102, 101, 118, 122, 109]
    Layer  5: dist=[114, 106, 103, 84, 90, 96, 121, 126, 112, 95, 100, 99, 72, 81, 95, 112, 99, 103, 99, 92, 96, 88, 97, 96]
    Layer  6: dist=[99, 111, 96, 87, 85, 92, 100, 96, 97, 90, 82, 87, 92, 103, 83, 77, 82, 84, 101, 100, 87, 102, 97, 95]
    Layer  7: dist=[85, 72, 99, 68, 88, 85, 65, 71, 79, 78, 96, 85, 94, 82, 84, 85, 83, 94, 88, 83, 81, 82, 87, 79]
    Layer  8: dist=[95, 73, 108, 73, 90, 76, 107, 95, 107, 78, 88, 80, 72, 84, 80, 72, 66, 74, 78, 82, 81, 79, 64, 71]
    Layer  9: dist=[63, 63, 64, 97, 102, 103, 65, 61, 74, 91, 88, 89, 85, 79, 64, 86, 77, 79, 89, 107, 98, 74, 64, 92]
    Layer 10: dist=[78, 77, 81, 94, 97, 98, 78, 72, 70, 83, 70, 101, 61, 52, 66, 85, 89, 75, 62, 65, 67, 112, 99, 87]
    Layer 11: dist=[47, 70, 52, 76, 79, 80, 80, 74, 70, 79, 72, 63, 82, 74, 93, 80, 80, 92, 68, 68, 70, 78, 69, 75]
    Layer 12: dist=[78, 75, 66, 108, 108, 89, 70, 69, 73, 81, 78, 85, 65, 94, 70, 97, 93, 71, 91, 109, 110, 52, 74, 59]
    Layer 13: dist=[84, 82, 84, 83, 80, 77, 28, 53, 47, 67, 62, 86, 84, 112, 92, 71, 100, 81, 86, 92, 84, 89, 99, 88]
    Layer 14: dist=[45, 118, 119, 67, 56, 57, 63, 56, 56, 78, 100, 104, 94, 93, 93, 85, 80, 83, 60, 74, 80, 104, 115, 77]
    Layer 15: dist=[105, 105, 89, 72, 73, 81, 97, 77, 83, 63, 76, 76, 112, 115, 100, 90, 88, 95, 104, 109, 100, 93, 97, 100]
    Layer 16: dist=[124, 98, 120, 121, 97, 122, 90, 91, 87, 103, 122, 97, 120, 115, 106, 102, 107, 103, 95, 80, 87, 93, 116, 120]
    Layer 17: dist=[109, 112, 97, 115, 114, 105, 76, 96, 88, 113, 106, 116, 117, 107, 103, 91, 110, 90, 115, 111, 119, 122, 114, 119]
    Layer 18: dist=[80, 110, 121, 119, 115, 111, 94, 90, 96, 98, 105, 99, 123, 122, 121, 118, 114, 104, 114, 106, 96, 91, 111, 105]
    Layer 19: dist=[104, 76, 85, 92, 90, 95, 91, 49, 98, 94, 101, 98, 115, 84, 121, 115, 107, 110, 105, 94, 104, 114, 118, 117]
    Layer 20: dist=[102, 117, 118, 115, 112, 112, 109, 110, 122, 112, 112, 114, 102, 100, 115, 115, 113, 118, 109, 97, 98, 103, 108, 106]
    Layer 21: dist=[109, 112, 109, 122, 124, 121, 122, 120, 121, 101, 107, 100, 114, 117, 113, 117, 115, 117, 113, 117, 108, 104, 107, 105]
    Layer 23: dist=[84, 104, 85, 104, 119, 114, 108, 116, 80, 114, 108, 112, 122, 118, 79, 99, 94, 91, 121, 121, 84, 112, 115, 81]
    Layer 24: dist=[118, 114, 116, 109, 113, 110, 93, 106, 87, 100, 69, 99, 80, 107, 119, 111, 105, 110, 121, 119, 123, 98, 104, 112]
    Layer 25: dist=[112, 122, 121, 121, 119, 123, 79, 72, 69, 121, 111, 121, 117, 97, 114, 88, 106, 105, 104, 106, 101, 79, 115, 57]
    Layer 26: dist=[79, 93, 64, 108, 104, 123, 102, 71, 109, 106, 100, 108, 75, 47, 69, 105, 98, 95, 35, 72, 59, 111, 108, 102]
    Layer 27: dist=[48, 108, 82, 111, 79, 53, 89, 89, 105, 69, 100, 6, 104, 109, 95, 102, 105, 98, 84, 70, 69, 76, 91, 88]

  [Taylor Step 2/3] OLS sigma per head (scaling V)...
    Layer  0: sigma=[0.138, 0.135, 0.137, 0.100, 0.100, 0.100, 0.100, 0.100, 0.100, 0.100, 0.100, 0.100, 0.100, 0.100, 0.100, 0.100, 0.100, 0.100, 0.100, 0.100, 0.100, 0.110, 0.100, 0.100]
    Layer  1: sigma=[0.100, 0.159, 0.100, 0.100, 0.100, 0.100, 0.100, 0.100, 0.100, 0.100, 0.100, 0.100, 0.100, 0.100, 0.100, 0.100, 0.100, 0.100, 0.100, 0.150, 0.100, 0.100, 0.100, 0.100]
    Layer  2: sigma=[0.100, 0.100, 0.100, 0.100, 0.100, 0.100, 0.100, 0.100, 0.100, 0.100, 0.100, 0.100, 0.100, 0.100, 0.100, 0.100, 0.100, 0.100, 0.100, 0.100, 0.100, 0.100, 0.100, 0.100]
    Layer  3: sigma=[0.100, 0.100, 0.100, 0.100, 0.100, 0.100, 0.100, 0.100, 0.100, 0.100, 0.100, 0.100, 0.100, 0.100, 0.100, 0.100, 0.100, 0.100, 0.100, 0.100, 0.100, 0.100, 0.100, 0.100]
    Layer  4: sigma=[0.100, 0.100, 0.100, 0.100, 0.100, 0.100, 0.100, 0.100, 0.100, 0.100, 0.100, 0.100, 0.100, 0.100, 0.100, 0.100, 0.100, 0.100, 0.100, 0.100, 0.100, 0.100, 0.100, 0.100]
    Layer  5: sigma=[0.100, 0.100, 0.100, 0.100, 0.100, 0.100, 0.100, 0.100, 0.100, 0.100, 0.100, 0.100, 0.100, 0.100, 0.100, 0.100, 0.100, 0.100, 0.100, 0.110, 0.100, 0.100, 0.100, 0.100]
    Layer  6: sigma=[0.100, 0.100, 0.100, 0.100, 0.100, 0.100, 0.100, 0.100, 0.100, 0.100, 0.100, 0.100, 0.100, 0.100, 0.100, 0.100, 0.100, 0.100, 0.100, 0.100, 0.100, 0.100, 0.100, 0.100]
    Layer  7: sigma=[0.100, 0.100, 0.100, 0.100, 0.100, 0.100, 0.100, 0.100, 0.100, 0.100, 0.100, 0.100, 0.100, 0.100, 0.100, 0.100, 0.100, 0.100, 0.100, 0.100, 0.100, 0.100, 0.100, 0.100]
    Layer  8: sigma=[0.100, 0.100, 0.100, 0.100, 0.100, 0.100, 0.100, 0.100, 0.100, 0.100, 0.100, 0.100, 0.100, 0.100, 0.100, 0.100, 0.100, 0.100, 0.100, 0.100, 0.100, 0.100, 0.100, 0.100]
    Layer  9: sigma=[0.100, 0.100, 0.100, 0.100, 0.100, 0.100, 0.100, 0.100, 0.100, 0.100, 0.100, 0.100, 0.100, 0.100, 0.100, 0.100, 0.100, 0.100, 0.100, 0.100, 0.100, 0.100, 0.100, 0.108]
    Layer 10: sigma=[0.100, 0.100, 0.100, 0.100, 0.100, 0.100, 0.100, 0.100, 0.111, 0.100, 0.100, 0.100, 0.125, 0.286, 0.100, 0.100, 0.100, 0.100, 0.100, 0.100, 0.100, 0.100, 0.135, 0.100]
    Layer 11: sigma=[0.100, 0.269, 0.100, 0.100, 0.100, 0.100, 0.100, 0.100, 0.100, 0.100, 0.100, 0.100, 0.100, 0.100, 0.100, 0.100, 0.100, 0.100, 0.100, 0.100, 0.100, 0.100, 0.100, 0.100]
    Layer 12: sigma=[0.100, 0.100, 0.100, 0.100, 0.100, 0.100, 0.100, 0.100, 0.100, 0.100, 0.100, 0.100, 0.100, 0.100, 0.104, 0.100, 0.100, 0.100, 0.100, 0.100, 0.100, 0.100, 0.100, 0.100]
    Layer 13: sigma=[0.100, 0.100, 0.100, 0.100, 0.100, 0.100, 0.100, 0.335, 0.124, 0.100, 0.100, 0.100, 0.100, 0.100, 0.100, 0.100, 0.129, 0.100, 0.100, 0.100, 0.100, 0.100, 0.100, 0.100]
    Layer 14: sigma=[0.100, 0.100, 0.100, 0.100, 0.100, 0.150, 0.100, 0.100, 0.100, 0.100, 0.100, 0.100, 0.100, 0.100, 0.100, 0.100, 0.100, 0.100, 0.100, 0.100, 0.100, 0.100, 0.100, 0.100]
    Layer 15: sigma=[0.100, 0.100, 0.100, 0.100, 0.100, 0.100, 0.100, 0.100, 0.100, 0.163, 0.100, 0.100, 0.100, 0.100, 0.100, 0.100, 0.100, 0.100, 0.100, 0.100, 0.100, 0.100, 0.100, 0.100]
    Layer 16: sigma=[0.100, 0.100, 0.100, 0.100, 0.100, 0.100, 0.100, 0.100, 0.100, 0.100, 0.100, 0.100, 0.100, 0.100, 0.100, 0.100, 0.100, 0.100, 0.100, 0.100, 0.100, 0.100, 0.100, 0.100]
    Layer 17: sigma=[0.100, 0.100, 0.100, 0.100, 0.100, 0.100, 0.100, 0.100, 0.100, 0.100, 0.100, 0.100, 0.100, 0.100, 0.100, 0.100, 0.100, 0.100, 0.100, 0.100, 0.100, 0.100, 0.100, 0.100]
    Layer 18: sigma=[0.100, 0.100, 0.100, 0.100, 0.100, 0.100, 0.100, 0.100, 0.100, 0.100, 0.100, 0.100, 0.100, 0.100, 0.100, 0.100, 0.100, 0.100, 0.100, 0.100, 0.100, 0.100, 0.100, 0.100]
    Layer 19: sigma=[0.100, 0.100, 0.100, 0.100, 0.100, 0.100, 0.100, 0.168, 0.100, 0.100, 0.165, 0.100, 0.100, 0.100, 0.100, 0.100, 0.100, 0.100, 0.100, 0.100, 0.100, 0.100, 0.100, 0.100]
    Layer 20: sigma=[0.100, 0.100, 0.100, 0.100, 0.100, 0.100, 0.100, 0.100, 0.100, 0.100, 0.100, 0.100, 0.100, 0.100, 0.100, 0.100, 0.100, 0.100, 0.100, 0.100, 0.100, 0.100, 0.100, 0.100]
    Layer 21: sigma=[0.100, 0.100, 0.100, 0.100, 0.100, 0.100, 0.100, 0.100, 0.100, 0.100, 0.100, 0.100, 0.100, 0.100, 0.100, 0.100, 0.100, 0.100, 0.100, 0.100, 0.100, 0.100, 0.100, 0.100]
    Layer 23: sigma=[0.100, 0.100, 0.100, 0.101, 0.100, 0.100, 0.100, 0.100, 0.100, 0.100, 0.100, 0.100, 0.100, 0.100, 0.100, 0.100, 0.100, 0.100, 0.100, 0.100, 0.191, 0.100, 0.100, 0.100]
    Layer 24: sigma=[0.100, 0.100, 0.100, 0.100, 0.100, 0.100, 0.100, 0.100, 0.100, 0.251, 0.100, 0.100, 0.100, 0.100, 0.100, 0.100, 0.100, 0.100, 0.100, 0.100, 0.100, 0.100, 0.100, 0.100]
    Layer 25: sigma=[0.100, 0.100, 0.100, 0.100, 0.100, 0.100, 0.100, 0.100, 0.128, 0.100, 0.107, 0.100, 0.100, 0.116, 0.100, 0.100, 0.100, 0.100, 0.100, 0.100, 0.100, 0.100, 0.100, 0.100]
    Layer 26: sigma=[0.100, 0.100, 0.100, 0.100, 0.111, 0.100, 0.100, 0.100, 0.100, 0.100, 0.100, 0.100, 0.151, 0.100, 0.100, 0.100, 0.100, 0.100, 0.319, 0.100, 0.100, 0.100, 0.100, 0.100]
    Layer 27: sigma=[0.286, 0.100, 0.100, 0.100, 0.100, 0.100, 0.100, 0.100, 0.100, 0.100, 0.100, 0.100, 0.100, 0.100, 0.100, 0.100, 0.100, 0.100, 0.248, 0.100, 0.270, 0.100, 0.100, 0.100]

  [Taylor Step 3/3] g_proj = v_proj * alpha (damping=0.01)...
    Layer  0: alpha=0.056377  teacher_rms=0.0170  v_rms=0.0030
    Layer  1: alpha=0.058525  teacher_rms=0.0387  v_rms=0.0066
    Layer  2: alpha=0.015216  teacher_rms=0.0168  v_rms=0.0110
    Layer  3: alpha=0.017317  teacher_rms=0.0218  v_rms=0.0126
    Layer  4: alpha=0.025271  teacher_rms=0.0316  v_rms=0.0125
    Layer  5: alpha=0.034028  teacher_rms=0.0429  v_rms=0.0126
    Layer  6: alpha=0.039001  teacher_rms=0.0529  v_rms=0.0136
    Layer  7: alpha=0.047453  teacher_rms=0.0681  v_rms=0.0143
    Layer  8: alpha=0.052318  teacher_rms=0.0757  v_rms=0.0145
    Layer  9: alpha=0.048052  teacher_rms=0.0774  v_rms=0.0161
    Layer 10: alpha=0.046921  teacher_rms=0.0848  v_rms=0.0181
    Layer 11: alpha=0.047220  teacher_rms=0.0824  v_rms=0.0174
    Layer 12: alpha=0.054408  teacher_rms=0.0896  v_rms=0.0165
    Layer 13: alpha=0.046548  teacher_rms=0.0933  v_rms=0.0200
    Layer 14: alpha=0.050606  teacher_rms=0.0816  v_rms=0.0161
    Layer 15: alpha=0.040835  teacher_rms=0.0673  v_rms=0.0165
    Layer 16: alpha=0.028714  teacher_rms=0.0493  v_rms=0.0172
    Layer 17: alpha=0.024043  teacher_rms=0.0430  v_rms=0.0179
    Layer 18: alpha=0.022965  teacher_rms=0.0427  v_rms=0.0186
    Layer 19: alpha=0.033462  teacher_rms=0.0638  v_rms=0.0191
    Layer 20: alpha=0.022405  teacher_rms=0.0426  v_rms=0.0190
    Layer 21: alpha=0.019452  teacher_rms=0.0411  v_rms=0.0211
    Layer 23: alpha=0.032816  teacher_rms=0.0659  v_rms=0.0201
    Layer 24: alpha=0.027651  teacher_rms=0.0766  v_rms=0.0277
    Layer 25: alpha=0.033612  teacher_rms=0.0859  v_rms=0.0256
    Layer 26: alpha=0.037846  teacher_rms=0.1157  v_rms=0.0306
    Layer 27: alpha=0.043527  teacher_rms=0.1451  v_rms=0.0333

  Set g_proj = v_proj * alpha in 27 GDN layers (damping=0.01).
  Init (taylor_distill) done in 196.9s
  Layer 22: PPL = 732.97  (eval 9.7s)

============================================================
  Probing layer 23 | strategy=taylor_distill
============================================================
Loading checkpoint shards:   0%|          | 0/2 [00:00<?, ?it/s]Loading checkpoint shards: 100%|██████████| 2/2 [00:00<00:00, 61.78it/s]
Loading checkpoint shards:   0%|          | 0/2 [00:00<?, ?it/s]Loading checkpoint shards: 100%|██████████| 2/2 [00:00<00:00, 110.79it/s]
Token indices sequence length is longer than the specified maximum sequence length for this model (2349952 > 131072). Running this sequence through the model will result in indexing errors
  [Taylor Step 1/3] Gate calibration from attention stats...
    Layer  0: dist=[22, 3, 29, 29, 23, 23, 45, 42, 35, 49, 55, 53, 51, 45, 49, 7, 57, 35, 19, 33, 21, 58, 58, 47]
    Layer  1: dist=[37, 40, 77, 52, 50, 57, 33, 74, 40, 65, 64, 71, 45, 43, 50, 25, 28, 66, 58, 48, 61, 52, 50, 57]
    Layer  2: dist=[115, 119, 121, 102, 116, 107, 121, 117, 116, 119, 113, 101, 119, 119, 102, 122, 122, 122, 120, 120, 121, 115, 118, 113]
    Layer  3: dist=[98, 116, 112, 123, 119, 122, 105, 113, 115, 107, 117, 107, 113, 116, 114, 108, 102, 111, 111, 118, 116, 93, 96, 95]
    Layer  4: dist=[98, 112, 120, 98, 97, 92, 99, 95, 108, 107, 104, 113, 86, 106, 111, 97, 120, 105, 99, 102, 101, 118, 122, 109]
    Layer  5: dist=[114, 106, 103, 84, 90, 96, 121, 126, 112, 95, 100, 99, 72, 81, 95, 112, 99, 103, 99, 92, 96, 88, 97, 96]
    Layer  6: dist=[99, 111, 96, 87, 85, 92, 100, 96, 97, 90, 82, 87, 92, 103, 83, 77, 82, 84, 101, 100, 87, 102, 97, 95]
    Layer  7: dist=[85, 72, 99, 68, 88, 85, 65, 71, 79, 78, 96, 85, 94, 82, 84, 85, 83, 94, 88, 83, 81, 82, 87, 79]
    Layer  8: dist=[95, 73, 108, 73, 90, 76, 107, 95, 107, 78, 88, 80, 72, 84, 80, 72, 66, 74, 78, 82, 81, 79, 64, 71]
    Layer  9: dist=[63, 63, 64, 97, 102, 103, 65, 61, 74, 91, 88, 89, 85, 79, 64, 86, 77, 79, 89, 107, 98, 74, 64, 92]
    Layer 10: dist=[78, 77, 81, 94, 97, 98, 78, 72, 70, 83, 70, 101, 61, 52, 66, 85, 89, 75, 62, 65, 67, 112, 99, 87]
    Layer 11: dist=[47, 70, 52, 76, 79, 80, 80, 74, 70, 79, 72, 63, 82, 74, 93, 80, 80, 92, 68, 68, 70, 78, 69, 75]
    Layer 12: dist=[78, 75, 66, 108, 108, 89, 70, 69, 73, 81, 78, 85, 65, 94, 70, 97, 93, 71, 91, 109, 110, 52, 74, 59]
    Layer 13: dist=[84, 82, 84, 83, 80, 77, 28, 53, 47, 67, 62, 86, 84, 112, 92, 71, 100, 81, 86, 92, 84, 89, 99, 88]
    Layer 14: dist=[45, 118, 119, 67, 56, 57, 63, 56, 56, 78, 100, 104, 94, 93, 93, 85, 80, 83, 60, 74, 80, 104, 115, 77]
    Layer 15: dist=[105, 105, 89, 72, 73, 81, 97, 77, 83, 63, 76, 76, 112, 115, 100, 90, 88, 95, 104, 109, 100, 93, 97, 100]
    Layer 16: dist=[124, 98, 120, 121, 97, 122, 90, 91, 87, 103, 122, 97, 120, 115, 106, 102, 107, 103, 95, 80, 87, 93, 116, 120]
    Layer 17: dist=[109, 112, 97, 115, 114, 105, 76, 96, 88, 113, 106, 116, 117, 107, 103, 91, 110, 90, 115, 111, 119, 122, 114, 119]
    Layer 18: dist=[80, 110, 121, 119, 115, 111, 94, 90, 96, 98, 105, 99, 123, 122, 121, 118, 114, 104, 114, 106, 96, 91, 111, 105]
    Layer 19: dist=[104, 76, 85, 92, 90, 95, 91, 49, 98, 94, 101, 98, 115, 84, 121, 115, 107, 110, 105, 94, 104, 114, 118, 117]
    Layer 20: dist=[102, 117, 118, 115, 112, 112, 109, 110, 122, 112, 112, 114, 102, 100, 115, 115, 113, 118, 109, 97, 98, 103, 108, 106]
    Layer 21: dist=[109, 112, 109, 122, 124, 121, 122, 120, 121, 101, 107, 100, 114, 117, 113, 117, 115, 117, 113, 117, 108, 104, 107, 105]
    Layer 22: dist=[119, 103, 111, 119, 118, 119, 123, 124, 122, 116, 119, 118, 111, 102, 84, 113, 95, 103, 117, 121, 117, 115, 123, 117]
    Layer 24: dist=[118, 114, 116, 109, 113, 110, 93, 106, 87, 100, 69, 99, 80, 107, 119, 111, 105, 110, 121, 119, 123, 98, 104, 112]
    Layer 25: dist=[112, 122, 121, 121, 119, 123, 79, 72, 69, 121, 111, 121, 117, 97, 114, 88, 106, 105, 104, 106, 101, 79, 115, 57]
    Layer 26: dist=[79, 93, 64, 108, 104, 123, 102, 71, 109, 106, 100, 108, 75, 47, 69, 105, 98, 95, 35, 72, 59, 111, 108, 102]
    Layer 27: dist=[48, 108, 82, 111, 79, 53, 89, 89, 105, 69, 100, 6, 104, 109, 95, 102, 105, 98, 84, 70, 69, 76, 91, 88]

  [Taylor Step 2/3] OLS sigma per head (scaling V)...
    Layer  0: sigma=[0.142, 0.134, 0.139, 0.100, 0.100, 0.100, 0.100, 0.100, 0.100, 0.100, 0.100, 0.100, 0.100, 0.100, 0.100, 0.100, 0.100, 0.100, 0.100, 0.100, 0.100, 0.106, 0.100, 0.100]
    Layer  1: sigma=[0.100, 0.158, 0.100, 0.100, 0.100, 0.100, 0.100, 0.100, 0.100, 0.100, 0.100, 0.100, 0.100, 0.100, 0.100, 0.100, 0.100, 0.100, 0.100, 0.161, 0.100, 0.100, 0.100, 0.100]
    Layer  2: sigma=[0.100, 0.100, 0.100, 0.100, 0.100, 0.100, 0.100, 0.100, 0.100, 0.100, 0.100, 0.100, 0.100, 0.100, 0.100, 0.100, 0.100, 0.100, 0.100, 0.100, 0.100, 0.100, 0.100, 0.100]
    Layer  3: sigma=[0.100, 0.100, 0.100, 0.100, 0.100, 0.100, 0.100, 0.100, 0.100, 0.100, 0.100, 0.100, 0.100, 0.100, 0.100, 0.100, 0.100, 0.100, 0.100, 0.100, 0.100, 0.100, 0.100, 0.100]
    Layer  4: sigma=[0.100, 0.100, 0.100, 0.100, 0.100, 0.100, 0.100, 0.100, 0.100, 0.100, 0.100, 0.100, 0.100, 0.100, 0.100, 0.100, 0.100, 0.100, 0.100, 0.100, 0.100, 0.100, 0.100, 0.100]
    Layer  5: sigma=[0.100, 0.100, 0.100, 0.100, 0.100, 0.100, 0.100, 0.100, 0.100, 0.100, 0.100, 0.100, 0.100, 0.100, 0.100, 0.100, 0.100, 0.100, 0.100, 0.103, 0.100, 0.100, 0.100, 0.100]
    Layer  6: sigma=[0.100, 0.100, 0.100, 0.100, 0.100, 0.100, 0.100, 0.100, 0.100, 0.100, 0.100, 0.100, 0.100, 0.100, 0.100, 0.100, 0.100, 0.100, 0.100, 0.100, 0.100, 0.100, 0.100, 0.100]
    Layer  7: sigma=[0.100, 0.100, 0.100, 0.100, 0.100, 0.100, 0.100, 0.100, 0.100, 0.100, 0.100, 0.100, 0.100, 0.100, 0.100, 0.100, 0.100, 0.100, 0.100, 0.100, 0.100, 0.100, 0.100, 0.100]
    Layer  8: sigma=[0.100, 0.100, 0.100, 0.100, 0.100, 0.100, 0.100, 0.100, 0.100, 0.100, 0.100, 0.100, 0.100, 0.100, 0.100, 0.100, 0.100, 0.100, 0.100, 0.100, 0.100, 0.100, 0.100, 0.100]
    Layer  9: sigma=[0.100, 0.100, 0.100, 0.100, 0.100, 0.100, 0.100, 0.100, 0.100, 0.100, 0.100, 0.100, 0.100, 0.100, 0.100, 0.100, 0.100, 0.100, 0.100, 0.100, 0.100, 0.100, 0.100, 0.109]
    Layer 10: sigma=[0.100, 0.100, 0.100, 0.100, 0.100, 0.100, 0.100, 0.100, 0.112, 0.100, 0.100, 0.100, 0.134, 0.295, 0.100, 0.100, 0.100, 0.100, 0.100, 0.100, 0.100, 0.100, 0.137, 0.100]
    Layer 11: sigma=[0.100, 0.158, 0.100, 0.100, 0.100, 0.100, 0.100, 0.100, 0.100, 0.100, 0.100, 0.100, 0.100, 0.100, 0.100, 0.100, 0.100, 0.100, 0.100, 0.100, 0.100, 0.100, 0.100, 0.100]
    Layer 12: sigma=[0.100, 0.100, 0.100, 0.100, 0.100, 0.100, 0.100, 0.100, 0.100, 0.100, 0.100, 0.100, 0.100, 0.100, 0.113, 0.100, 0.100, 0.100, 0.100, 0.100, 0.100, 0.100, 0.100, 0.100]
    Layer 13: sigma=[0.100, 0.100, 0.100, 0.100, 0.100, 0.100, 0.100, 0.358, 0.101, 0.100, 0.100, 0.100, 0.100, 0.100, 0.100, 0.100, 0.133, 0.100, 0.100, 0.100, 0.100, 0.100, 0.100, 0.100]
    Layer 14: sigma=[0.100, 0.100, 0.100, 0.100, 0.100, 0.230, 0.100, 0.100, 0.100, 0.100, 0.100, 0.100, 0.100, 0.100, 0.100, 0.100, 0.100, 0.100, 0.100, 0.100, 0.100, 0.100, 0.100, 0.100]
    Layer 15: sigma=[0.100, 0.100, 0.100, 0.100, 0.100, 0.100, 0.100, 0.100, 0.100, 0.167, 0.100, 0.100, 0.100, 0.100, 0.100, 0.100, 0.100, 0.100, 0.100, 0.100, 0.100, 0.100, 0.100, 0.100]
    Layer 16: sigma=[0.100, 0.100, 0.100, 0.100, 0.100, 0.100, 0.100, 0.100, 0.100, 0.100, 0.100, 0.100, 0.100, 0.100, 0.100, 0.100, 0.100, 0.100, 0.100, 0.100, 0.100, 0.100, 0.100, 0.100]
    Layer 17: sigma=[0.100, 0.100, 0.100, 0.100, 0.100, 0.100, 0.100, 0.100, 0.100, 0.100, 0.100, 0.100, 0.100, 0.100, 0.100, 0.100, 0.100, 0.100, 0.100, 0.100, 0.100, 0.100, 0.100, 0.100]
    Layer 18: sigma=[0.100, 0.100, 0.100, 0.100, 0.100, 0.100, 0.100, 0.100, 0.100, 0.100, 0.100, 0.100, 0.100, 0.100, 0.100, 0.100, 0.100, 0.100, 0.100, 0.100, 0.100, 0.100, 0.100, 0.100]
    Layer 19: sigma=[0.100, 0.100, 0.100, 0.100, 0.100, 0.100, 0.100, 0.175, 0.100, 0.100, 0.158, 0.100, 0.100, 0.100, 0.100, 0.100, 0.100, 0.100, 0.100, 0.100, 0.100, 0.100, 0.100, 0.100]
    Layer 20: sigma=[0.100, 0.100, 0.100, 0.100, 0.100, 0.100, 0.100, 0.100, 0.100, 0.100, 0.100, 0.100, 0.100, 0.100, 0.100, 0.100, 0.100, 0.100, 0.100, 0.100, 0.100, 0.100, 0.100, 0.100]
    Layer 21: sigma=[0.100, 0.100, 0.104, 0.100, 0.100, 0.100, 0.100, 0.100, 0.100, 0.100, 0.100, 0.100, 0.100, 0.100, 0.100, 0.100, 0.100, 0.100, 0.100, 0.100, 0.100, 0.100, 0.100, 0.100]
    Layer 22: sigma=[0.100, 0.100, 0.100, 0.100, 0.100, 0.100, 0.100, 0.100, 0.100, 0.100, 0.100, 0.100, 0.100, 0.100, 0.100, 0.100, 0.100, 0.100, 0.100, 0.100, 0.100, 0.100, 0.100, 0.100]
    Layer 24: sigma=[0.100, 0.100, 0.100, 0.100, 0.100, 0.100, 0.100, 0.100, 0.100, 0.262, 0.100, 0.100, 0.100, 0.100, 0.100, 0.100, 0.100, 0.100, 0.100, 0.100, 0.100, 0.100, 0.100, 0.100]
    Layer 25: sigma=[0.100, 0.100, 0.100, 0.100, 0.100, 0.100, 0.100, 0.100, 0.110, 0.100, 0.112, 0.100, 0.100, 0.129, 0.100, 0.100, 0.100, 0.100, 0.100, 0.100, 0.100, 0.100, 0.100, 0.100]
    Layer 26: sigma=[0.100, 0.100, 0.100, 0.100, 0.106, 0.100, 0.100, 0.100, 0.100, 0.100, 0.100, 0.100, 0.185, 0.100, 0.100, 0.100, 0.100, 0.100, 0.281, 0.100, 0.100, 0.100, 0.100, 0.100]
    Layer 27: sigma=[0.318, 0.100, 0.100, 0.100, 0.100, 0.100, 0.100, 0.100, 0.100, 0.100, 0.100, 0.100, 0.100, 0.100, 0.100, 0.100, 0.100, 0.100, 0.256, 0.100, 0.343, 0.100, 0.100, 0.100]

  [Taylor Step 3/3] g_proj = v_proj * alpha (damping=0.01)...
    Layer  0: alpha=0.056405  teacher_rms=0.0170  v_rms=0.0030
    Layer  1: alpha=0.058146  teacher_rms=0.0387  v_rms=0.0067
    Layer  2: alpha=0.015216  teacher_rms=0.0168  v_rms=0.0110
    Layer  3: alpha=0.017317  teacher_rms=0.0218  v_rms=0.0126
    Layer  4: alpha=0.025271  teacher_rms=0.0316  v_rms=0.0125
    Layer  5: alpha=0.034113  teacher_rms=0.0429  v_rms=0.0126
    Layer  6: alpha=0.039001  teacher_rms=0.0529  v_rms=0.0136
    Layer  7: alpha=0.047453  teacher_rms=0.0681  v_rms=0.0143
    Layer  8: alpha=0.052318  teacher_rms=0.0757  v_rms=0.0145
    Layer  9: alpha=0.048039  teacher_rms=0.0774  v_rms=0.0161
    Layer 10: alpha=0.046397  teacher_rms=0.0848  v_rms=0.0183
    Layer 11: alpha=0.050817  teacher_rms=0.0824  v_rms=0.0162
    Layer 12: alpha=0.054172  teacher_rms=0.0896  v_rms=0.0165
    Layer 13: alpha=0.045996  teacher_rms=0.0933  v_rms=0.0203
    Layer 14: alpha=0.048201  teacher_rms=0.0816  v_rms=0.0169
    Layer 15: alpha=0.040731  teacher_rms=0.0673  v_rms=0.0165
    Layer 16: alpha=0.028714  teacher_rms=0.0493  v_rms=0.0172
    Layer 17: alpha=0.024043  teacher_rms=0.0430  v_rms=0.0179
    Layer 18: alpha=0.022965  teacher_rms=0.0427  v_rms=0.0186
    Layer 19: alpha=0.033429  teacher_rms=0.0638  v_rms=0.0191
    Layer 20: alpha=0.022405  teacher_rms=0.0426  v_rms=0.0190
    Layer 21: alpha=0.019437  teacher_rms=0.0411  v_rms=0.0212
    Layer 22: alpha=0.019571  teacher_rms=0.0441  v_rms=0.0226
    Layer 24: alpha=0.027431  teacher_rms=0.0766  v_rms=0.0279
    Layer 25: alpha=0.033428  teacher_rms=0.0859  v_rms=0.0257
    Layer 26: alpha=0.038586  teacher_rms=0.1157  v_rms=0.0300
    Layer 27: alpha=0.040579  teacher_rms=0.1451  v_rms=0.0358

  Set g_proj = v_proj * alpha in 27 GDN layers (damping=0.01).
  Init (taylor_distill) done in 188.3s
  Layer 23: PPL = 620.95  (eval 10.1s)

============================================================
  Probing layer 24 | strategy=taylor_distill
============================================================
Loading checkpoint shards:   0%|          | 0/2 [00:00<?, ?it/s]Loading checkpoint shards: 100%|██████████| 2/2 [00:00<00:00, 114.06it/s]
Loading checkpoint shards:   0%|          | 0/2 [00:00<?, ?it/s]Loading checkpoint shards: 100%|██████████| 2/2 [00:00<00:00, 101.70it/s]
Token indices sequence length is longer than the specified maximum sequence length for this model (2349952 > 131072). Running this sequence through the model will result in indexing errors
  [Taylor Step 1/3] Gate calibration from attention stats...
    Layer  0: dist=[22, 3, 29, 29, 23, 23, 45, 42, 35, 49, 55, 53, 51, 45, 49, 7, 57, 35, 19, 33, 21, 58, 58, 47]
    Layer  1: dist=[37, 40, 77, 52, 50, 57, 33, 74, 40, 65, 64, 71, 45, 43, 50, 25, 28, 66, 58, 48, 61, 52, 50, 57]
    Layer  2: dist=[115, 119, 121, 102, 116, 107, 121, 117, 116, 119, 113, 101, 119, 119, 102, 122, 122, 122, 120, 120, 121, 115, 118, 113]
    Layer  3: dist=[98, 116, 112, 123, 119, 122, 105, 113, 115, 107, 117, 107, 113, 116, 114, 108, 102, 111, 111, 118, 116, 93, 96, 95]
    Layer  4: dist=[98, 112, 120, 98, 97, 92, 99, 95, 108, 107, 104, 113, 86, 106, 111, 97, 120, 105, 99, 102, 101, 118, 122, 109]
    Layer  5: dist=[114, 106, 103, 84, 90, 96, 121, 126, 112, 95, 100, 99, 72, 81, 95, 112, 99, 103, 99, 92, 96, 88, 97, 96]
    Layer  6: dist=[99, 111, 96, 87, 85, 92, 100, 96, 97, 90, 82, 87, 92, 103, 83, 77, 82, 84, 101, 100, 87, 102, 97, 95]
    Layer  7: dist=[85, 72, 99, 68, 88, 85, 65, 71, 79, 78, 96, 85, 94, 82, 84, 85, 83, 94, 88, 83, 81, 82, 87, 79]
    Layer  8: dist=[95, 73, 108, 73, 90, 76, 107, 95, 107, 78, 88, 80, 72, 84, 80, 72, 66, 74, 78, 82, 81, 79, 64, 71]
    Layer  9: dist=[63, 63, 64, 97, 102, 103, 65, 61, 74, 91, 88, 89, 85, 79, 64, 86, 77, 79, 89, 107, 98, 74, 64, 92]
    Layer 10: dist=[78, 77, 81, 94, 97, 98, 78, 72, 70, 83, 70, 101, 61, 52, 66, 85, 89, 75, 62, 65, 67, 112, 99, 87]
    Layer 11: dist=[47, 70, 52, 76, 79, 80, 80, 74, 70, 79, 72, 63, 82, 74, 93, 80, 80, 92, 68, 68, 70, 78, 69, 75]
    Layer 12: dist=[78, 75, 66, 108, 108, 89, 70, 69, 73, 81, 78, 85, 65, 94, 70, 97, 93, 71, 91, 109, 110, 52, 74, 59]
    Layer 13: dist=[84, 82, 84, 83, 80, 77, 28, 53, 47, 67, 62, 86, 84, 112, 92, 71, 100, 81, 86, 92, 84, 89, 99, 88]
    Layer 14: dist=[45, 118, 119, 67, 56, 57, 63, 56, 56, 78, 100, 104, 94, 93, 93, 85, 80, 83, 60, 74, 80, 104, 115, 77]
    Layer 15: dist=[105, 105, 89, 72, 73, 81, 97, 77, 83, 63, 76, 76, 112, 115, 100, 90, 88, 95, 104, 109, 100, 93, 97, 100]
    Layer 16: dist=[124, 98, 120, 121, 97, 122, 90, 91, 87, 103, 122, 97, 120, 115, 106, 102, 107, 103, 95, 80, 87, 93, 116, 120]
    Layer 17: dist=[109, 112, 97, 115, 114, 105, 76, 96, 88, 113, 106, 116, 117, 107, 103, 91, 110, 90, 115, 111, 119, 122, 114, 119]
    Layer 18: dist=[80, 110, 121, 119, 115, 111, 94, 90, 96, 98, 105, 99, 123, 122, 121, 118, 114, 104, 114, 106, 96, 91, 111, 105]
    Layer 19: dist=[104, 76, 85, 92, 90, 95, 91, 49, 98, 94, 101, 98, 115, 84, 121, 115, 107, 110, 105, 94, 104, 114, 118, 117]
    Layer 20: dist=[102, 117, 118, 115, 112, 112, 109, 110, 122, 112, 112, 114, 102, 100, 115, 115, 113, 118, 109, 97, 98, 103, 108, 106]
    Layer 21: dist=[109, 112, 109, 122, 124, 121, 122, 120, 121, 101, 107, 100, 114, 117, 113, 117, 115, 117, 113, 117, 108, 104, 107, 105]
    Layer 22: dist=[119, 103, 111, 119, 118, 119, 123, 124, 122, 116, 119, 118, 111, 102, 84, 113, 95, 103, 117, 121, 117, 115, 123, 117]
    Layer 23: dist=[84, 104, 85, 104, 119, 114, 108, 116, 80, 114, 108, 112, 122, 118, 79, 99, 94, 91, 121, 121, 84, 112, 115, 81]
    Layer 25: dist=[112, 122, 121, 121, 119, 123, 79, 72, 69, 121, 111, 121, 117, 97, 114, 88, 106, 105, 104, 106, 101, 79, 115, 57]
    Layer 26: dist=[79, 93, 64, 108, 104, 123, 102, 71, 109, 106, 100, 108, 75, 47, 69, 105, 98, 95, 35, 72, 59, 111, 108, 102]
    Layer 27: dist=[48, 108, 82, 111, 79, 53, 89, 89, 105, 69, 100, 6, 104, 109, 95, 102, 105, 98, 84, 70, 69, 76, 91, 88]

  [Taylor Step 2/3] OLS sigma per head (scaling V)...
    Layer  0: sigma=[0.142, 0.133, 0.135, 0.100, 0.100, 0.100, 0.100, 0.100, 0.100, 0.100, 0.100, 0.100, 0.100, 0.100, 0.100, 0.100, 0.100, 0.100, 0.100, 0.100, 0.100, 0.108, 0.100, 0.100]
    Layer  1: sigma=[0.100, 0.150, 0.100, 0.100, 0.100, 0.100, 0.100, 0.100, 0.100, 0.100, 0.100, 0.100, 0.100, 0.100, 0.100, 0.100, 0.100, 0.100, 0.100, 0.159, 0.100, 0.100, 0.100, 0.100]
    Layer  2: sigma=[0.100, 0.100, 0.100, 0.100, 0.100, 0.100, 0.100, 0.100, 0.100, 0.100, 0.100, 0.100, 0.100, 0.100, 0.100, 0.100, 0.100, 0.100, 0.100, 0.100, 0.100, 0.100, 0.100, 0.100]
    Layer  3: sigma=[0.100, 0.100, 0.100, 0.100, 0.100, 0.100, 0.100, 0.100, 0.100, 0.100, 0.100, 0.100, 0.100, 0.100, 0.100, 0.100, 0.100, 0.100, 0.100, 0.100, 0.100, 0.100, 0.100, 0.100]
    Layer  4: sigma=[0.100, 0.100, 0.100, 0.100, 0.100, 0.100, 0.100, 0.100, 0.100, 0.100, 0.100, 0.100, 0.100, 0.100, 0.100, 0.100, 0.100, 0.100, 0.100, 0.100, 0.100, 0.100, 0.100, 0.100]
    Layer  5: sigma=[0.100, 0.100, 0.100, 0.100, 0.100, 0.100, 0.100, 0.100, 0.100, 0.100, 0.100, 0.100, 0.100, 0.100, 0.100, 0.100, 0.100, 0.100, 0.100, 0.107, 0.100, 0.100, 0.100, 0.100]
    Layer  6: sigma=[0.100, 0.100, 0.100, 0.100, 0.100, 0.100, 0.100, 0.100, 0.100, 0.100, 0.100, 0.100, 0.100, 0.100, 0.100, 0.100, 0.100, 0.100, 0.100, 0.100, 0.100, 0.100, 0.100, 0.100]
    Layer  7: sigma=[0.100, 0.100, 0.100, 0.100, 0.100, 0.100, 0.100, 0.100, 0.100, 0.100, 0.100, 0.100, 0.100, 0.100, 0.100, 0.100, 0.100, 0.100, 0.100, 0.100, 0.100, 0.100, 0.100, 0.100]
    Layer  8: sigma=[0.100, 0.100, 0.100, 0.100, 0.100, 0.100, 0.100, 0.100, 0.100, 0.100, 0.100, 0.100, 0.100, 0.100, 0.100, 0.100, 0.100, 0.100, 0.100, 0.100, 0.100, 0.100, 0.100, 0.100]
    Layer  9: sigma=[0.100, 0.100, 0.100, 0.100, 0.100, 0.100, 0.100, 0.100, 0.100, 0.100, 0.100, 0.100, 0.100, 0.100, 0.100, 0.100, 0.100, 0.100, 0.100, 0.100, 0.100, 0.100, 0.100, 0.109]
    Layer 10: sigma=[0.100, 0.100, 0.100, 0.100, 0.100, 0.100, 0.100, 0.100, 0.114, 0.100, 0.100, 0.100, 0.125, 0.279, 0.100, 0.100, 0.100, 0.100, 0.100, 0.100, 0.100, 0.100, 0.137, 0.100]
    Layer 11: sigma=[0.100, 0.218, 0.100, 0.100, 0.100, 0.100, 0.100, 0.100, 0.100, 0.100, 0.100, 0.100, 0.100, 0.100, 0.100, 0.100, 0.100, 0.100, 0.100, 0.100, 0.100, 0.100, 0.100, 0.100]
    Layer 12: sigma=[0.100, 0.100, 0.100, 0.100, 0.100, 0.100, 0.100, 0.100, 0.100, 0.100, 0.100, 0.100, 0.100, 0.100, 0.112, 0.100, 0.100, 0.100, 0.100, 0.100, 0.100, 0.100, 0.100, 0.100]
    Layer 13: sigma=[0.100, 0.100, 0.100, 0.100, 0.100, 0.100, 0.100, 0.354, 0.107, 0.100, 0.100, 0.100, 0.100, 0.100, 0.100, 0.100, 0.140, 0.100, 0.100, 0.100, 0.100, 0.100, 0.100, 0.100]
    Layer 14: sigma=[0.100, 0.100, 0.100, 0.100, 0.100, 0.188, 0.100, 0.100, 0.100, 0.100, 0.100, 0.100, 0.100, 0.100, 0.100, 0.100, 0.100, 0.100, 0.100, 0.100, 0.100, 0.100, 0.100, 0.100]
    Layer 15: sigma=[0.100, 0.100, 0.100, 0.100, 0.100, 0.100, 0.100, 0.100, 0.100, 0.167, 0.100, 0.100, 0.100, 0.100, 0.100, 0.100, 0.100, 0.100, 0.100, 0.100, 0.100, 0.100, 0.100, 0.100]
    Layer 16: sigma=[0.100, 0.100, 0.100, 0.100, 0.100, 0.100, 0.100, 0.100, 0.100, 0.100, 0.100, 0.100, 0.100, 0.100, 0.100, 0.100, 0.100, 0.100, 0.100, 0.100, 0.100, 0.100, 0.100, 0.100]
    Layer 17: sigma=[0.100, 0.100, 0.100, 0.100, 0.100, 0.100, 0.100, 0.100, 0.100, 0.100, 0.100, 0.100, 0.100, 0.100, 0.100, 0.100, 0.100, 0.100, 0.100, 0.100, 0.100, 0.100, 0.100, 0.100]
    Layer 18: sigma=[0.100, 0.100, 0.100, 0.100, 0.100, 0.100, 0.100, 0.100, 0.100, 0.100, 0.100, 0.100, 0.100, 0.100, 0.100, 0.100, 0.100, 0.100, 0.100, 0.100, 0.100, 0.100, 0.100, 0.100]
    Layer 19: sigma=[0.100, 0.100, 0.100, 0.100, 0.100, 0.100, 0.100, 0.197, 0.100, 0.100, 0.149, 0.100, 0.100, 0.100, 0.100, 0.100, 0.100, 0.100, 0.100, 0.100, 0.100, 0.100, 0.100, 0.100]
    Layer 20: sigma=[0.100, 0.100, 0.100, 0.100, 0.100, 0.100, 0.100, 0.100, 0.100, 0.100, 0.100, 0.100, 0.100, 0.100, 0.100, 0.100, 0.100, 0.100, 0.100, 0.100, 0.100, 0.100, 0.100, 0.100]
    Layer 21: sigma=[0.100, 0.100, 0.100, 0.100, 0.100, 0.100, 0.100, 0.100, 0.100, 0.100, 0.100, 0.100, 0.100, 0.100, 0.100, 0.100, 0.100, 0.100, 0.100, 0.100, 0.100, 0.100, 0.100, 0.100]
    Layer 22: sigma=[0.100, 0.100, 0.100, 0.100, 0.100, 0.100, 0.100, 0.100, 0.100, 0.100, 0.100, 0.100, 0.100, 0.100, 0.100, 0.100, 0.100, 0.100, 0.100, 0.100, 0.100, 0.100, 0.100, 0.100]
    Layer 23: sigma=[0.100, 0.100, 0.100, 0.101, 0.100, 0.100, 0.100, 0.100, 0.100, 0.100, 0.100, 0.100, 0.100, 0.100, 0.100, 0.100, 0.100, 0.100, 0.100, 0.100, 0.207, 0.100, 0.100, 0.100]
    Layer 25: sigma=[0.100, 0.100, 0.100, 0.100, 0.100, 0.100, 0.100, 0.100, 0.100, 0.100, 0.128, 0.100, 0.100, 0.132, 0.100, 0.100, 0.100, 0.100, 0.100, 0.100, 0.100, 0.100, 0.100, 0.100]
    Layer 26: sigma=[0.100, 0.100, 0.100, 0.100, 0.109, 0.100, 0.100, 0.100, 0.100, 0.100, 0.100, 0.100, 0.167, 0.100, 0.100, 0.100, 0.100, 0.100, 0.353, 0.100, 0.101, 0.100, 0.100, 0.100]
    Layer 27: sigma=[0.305, 0.100, 0.100, 0.100, 0.100, 0.100, 0.100, 0.100, 0.100, 0.100, 0.100, 0.100, 0.100, 0.100, 0.100, 0.100, 0.100, 0.100, 0.249, 0.100, 0.301, 0.100, 0.100, 0.100]

  [Taylor Step 3/3] g_proj = v_proj * alpha (damping=0.01)...
    Layer  0: alpha=0.056428  teacher_rms=0.0170  v_rms=0.0030
    Layer  1: alpha=0.058554  teacher_rms=0.0387  v_rms=0.0066
    Layer  2: alpha=0.015216  teacher_rms=0.0168  v_rms=0.0110
    Layer  3: alpha=0.017317  teacher_rms=0.0218  v_rms=0.0126
    Layer  4: alpha=0.025271  teacher_rms=0.0316  v_rms=0.0125
    Layer  5: alpha=0.034058  teacher_rms=0.0429  v_rms=0.0126
    Layer  6: alpha=0.039001  teacher_rms=0.0529  v_rms=0.0136
    Layer  7: alpha=0.047453  teacher_rms=0.0681  v_rms=0.0143
    Layer  8: alpha=0.052318  teacher_rms=0.0757  v_rms=0.0145
    Layer  9: alpha=0.048025  teacher_rms=0.0774  v_rms=0.0161
    Layer 10: alpha=0.047094  teacher_rms=0.0848  v_rms=0.0180
    Layer 11: alpha=0.049007  teacher_rms=0.0824  v_rms=0.0168
    Layer 12: alpha=0.054214  teacher_rms=0.0896  v_rms=0.0165
    Layer 13: alpha=0.045838  teacher_rms=0.0933  v_rms=0.0204
    Layer 14: alpha=0.049537  teacher_rms=0.0816  v_rms=0.0165
    Layer 15: alpha=0.040738  teacher_rms=0.0673  v_rms=0.0165
    Layer 16: alpha=0.028714  teacher_rms=0.0493  v_rms=0.0172
    Layer 17: alpha=0.024043  teacher_rms=0.0430  v_rms=0.0179
    Layer 18: alpha=0.022965  teacher_rms=0.0427  v_rms=0.0186
    Layer 19: alpha=0.033132  teacher_rms=0.0638  v_rms=0.0193
    Layer 20: alpha=0.022405  teacher_rms=0.0426  v_rms=0.0190
    Layer 21: alpha=0.019452  teacher_rms=0.0411  v_rms=0.0211
    Layer 22: alpha=0.019571  teacher_rms=0.0441  v_rms=0.0226
    Layer 23: alpha=0.032505  teacher_rms=0.0659  v_rms=0.0203
    Layer 25: alpha=0.033115  teacher_rms=0.0859  v_rms=0.0259
    Layer 26: alpha=0.036671  teacher_rms=0.1157  v_rms=0.0316
    Layer 27: alpha=0.042120  teacher_rms=0.1451  v_rms=0.0344

  Set g_proj = v_proj * alpha in 27 GDN layers (damping=0.01).
  Init (taylor_distill) done in 187.2s
  Layer 24: PPL = 632.36  (eval 9.9s)

============================================================
  Probing layer 25 | strategy=taylor_distill
============================================================
Loading checkpoint shards:   0%|          | 0/2 [00:00<?, ?it/s]Loading checkpoint shards: 100%|██████████| 2/2 [00:00<00:00, 117.09it/s]
Loading checkpoint shards:   0%|          | 0/2 [00:00<?, ?it/s]Loading checkpoint shards: 100%|██████████| 2/2 [00:00<00:00, 118.54it/s]
Token indices sequence length is longer than the specified maximum sequence length for this model (2349952 > 131072). Running this sequence through the model will result in indexing errors
  [Taylor Step 1/3] Gate calibration from attention stats...
    Layer  0: dist=[22, 3, 29, 29, 23, 23, 45, 42, 35, 49, 55, 53, 51, 45, 49, 7, 57, 35, 19, 33, 21, 58, 58, 47]
    Layer  1: dist=[37, 40, 77, 52, 50, 57, 33, 74, 40, 65, 64, 71, 45, 43, 50, 25, 28, 66, 58, 48, 61, 52, 50, 57]
    Layer  2: dist=[115, 119, 121, 102, 116, 107, 121, 117, 116, 119, 113, 101, 119, 119, 102, 122, 122, 122, 120, 120, 121, 115, 118, 113]
    Layer  3: dist=[98, 116, 112, 123, 119, 122, 105, 113, 115, 107, 117, 107, 113, 116, 114, 108, 102, 111, 111, 118, 116, 93, 96, 95]
    Layer  4: dist=[98, 112, 120, 98, 97, 92, 99, 95, 108, 107, 104, 113, 86, 106, 111, 97, 120, 105, 99, 102, 101, 118, 122, 109]
    Layer  5: dist=[114, 106, 103, 84, 90, 96, 121, 126, 112, 95, 100, 99, 72, 81, 95, 112, 99, 103, 99, 92, 96, 88, 97, 96]
    Layer  6: dist=[99, 111, 96, 87, 85, 92, 100, 96, 97, 90, 82, 87, 92, 103, 83, 77, 82, 84, 101, 100, 87, 102, 97, 95]
    Layer  7: dist=[85, 72, 99, 68, 88, 85, 65, 71, 79, 78, 96, 85, 94, 82, 84, 85, 83, 94, 88, 83, 81, 82, 87, 79]
    Layer  8: dist=[95, 73, 108, 73, 90, 76, 107, 95, 107, 78, 88, 80, 72, 84, 80, 72, 66, 74, 78, 82, 81, 79, 64, 71]
    Layer  9: dist=[63, 63, 64, 97, 102, 103, 65, 61, 74, 91, 88, 89, 85, 79, 64, 86, 77, 79, 89, 107, 98, 74, 64, 92]
    Layer 10: dist=[78, 77, 81, 94, 97, 98, 78, 72, 70, 83, 70, 101, 61, 52, 66, 85, 89, 75, 62, 65, 67, 112, 99, 87]
    Layer 11: dist=[47, 70, 52, 76, 79, 80, 80, 74, 70, 79, 72, 63, 82, 74, 93, 80, 80, 92, 68, 68, 70, 78, 69, 75]
    Layer 12: dist=[78, 75, 66, 108, 108, 89, 70, 69, 73, 81, 78, 85, 65, 94, 70, 97, 93, 71, 91, 109, 110, 52, 74, 59]
    Layer 13: dist=[84, 82, 84, 83, 80, 77, 28, 53, 47, 67, 62, 86, 84, 112, 92, 71, 100, 81, 86, 92, 84, 89, 99, 88]
    Layer 14: dist=[45, 118, 119, 67, 56, 57, 63, 56, 56, 78, 100, 104, 94, 93, 93, 85, 80, 83, 60, 74, 80, 104, 115, 77]
    Layer 15: dist=[105, 105, 89, 72, 73, 81, 97, 77, 83, 63, 76, 76, 112, 115, 100, 90, 88, 95, 104, 109, 100, 93, 97, 100]
    Layer 16: dist=[124, 98, 120, 121, 97, 122, 90, 91, 87, 103, 122, 97, 120, 115, 106, 102, 107, 103, 95, 80, 87, 93, 116, 120]
    Layer 17: dist=[109, 112, 97, 115, 114, 105, 76, 96, 88, 113, 106, 116, 117, 107, 103, 91, 110, 90, 115, 111, 119, 122, 114, 119]
    Layer 18: dist=[80, 110, 121, 119, 115, 111, 94, 90, 96, 98, 105, 99, 123, 122, 121, 118, 114, 104, 114, 106, 96, 91, 111, 105]
    Layer 19: dist=[104, 76, 85, 92, 90, 95, 91, 49, 98, 94, 101, 98, 115, 84, 121, 115, 107, 110, 105, 94, 104, 114, 118, 117]
    Layer 20: dist=[102, 117, 118, 115, 112, 112, 109, 110, 122, 112, 112, 114, 102, 100, 115, 115, 113, 118, 109, 97, 98, 103, 108, 106]
    Layer 21: dist=[109, 112, 109, 122, 124, 121, 122, 120, 121, 101, 107, 100, 114, 117, 113, 117, 115, 117, 113, 117, 108, 104, 107, 105]
    Layer 22: dist=[119, 103, 111, 119, 118, 119, 123, 124, 122, 116, 119, 118, 111, 102, 84, 113, 95, 103, 117, 121, 117, 115, 123, 117]
    Layer 23: dist=[84, 104, 85, 104, 119, 114, 108, 116, 80, 114, 108, 112, 122, 118, 79, 99, 94, 91, 121, 121, 84, 112, 115, 81]
    Layer 24: dist=[118, 114, 116, 109, 113, 110, 93, 106, 87, 100, 69, 99, 80, 107, 119, 111, 105, 110, 121, 119, 123, 98, 104, 112]
    Layer 26: dist=[79, 93, 64, 108, 104, 123, 102, 71, 109, 106, 100, 108, 75, 47, 69, 105, 98, 95, 35, 72, 59, 111, 108, 102]
    Layer 27: dist=[48, 108, 82, 111, 79, 53, 89, 89, 105, 69, 100, 6, 104, 109, 95, 102, 105, 98, 84, 70, 69, 76, 91, 88]

  [Taylor Step 2/3] OLS sigma per head (scaling V)...
    Layer  0: sigma=[0.142, 0.147, 0.137, 0.100, 0.100, 0.100, 0.100, 0.100, 0.100, 0.100, 0.100, 0.100, 0.100, 0.100, 0.100, 0.100, 0.100, 0.100, 0.100, 0.100, 0.100, 0.111, 0.100, 0.100]
    Layer  1: sigma=[0.100, 0.157, 0.100, 0.100, 0.100, 0.100, 0.100, 0.100, 0.100, 0.100, 0.100, 0.100, 0.100, 0.100, 0.100, 0.100, 0.100, 0.100, 0.100, 0.154, 0.100, 0.100, 0.100, 0.100]
    Layer  2: sigma=[0.100, 0.100, 0.100, 0.100, 0.100, 0.100, 0.100, 0.100, 0.100, 0.100, 0.100, 0.100, 0.100, 0.100, 0.100, 0.100, 0.100, 0.100, 0.100, 0.100, 0.100, 0.100, 0.100, 0.100]
    Layer  3: sigma=[0.100, 0.100, 0.100, 0.100, 0.100, 0.100, 0.100, 0.100, 0.100, 0.100, 0.100, 0.100, 0.100, 0.100, 0.100, 0.100, 0.100, 0.100, 0.100, 0.100, 0.100, 0.100, 0.100, 0.100]
    Layer  4: sigma=[0.100, 0.100, 0.100, 0.100, 0.100, 0.100, 0.100, 0.100, 0.100, 0.100, 0.100, 0.100, 0.100, 0.100, 0.100, 0.100, 0.100, 0.100, 0.100, 0.100, 0.100, 0.100, 0.100, 0.100]
    Layer  5: sigma=[0.100, 0.100, 0.100, 0.100, 0.100, 0.100, 0.100, 0.100, 0.100, 0.100, 0.100, 0.100, 0.100, 0.100, 0.100, 0.100, 0.100, 0.100, 0.100, 0.106, 0.100, 0.100, 0.100, 0.100]
    Layer  6: sigma=[0.100, 0.100, 0.100, 0.100, 0.100, 0.100, 0.100, 0.100, 0.100, 0.100, 0.100, 0.100, 0.100, 0.100, 0.100, 0.100, 0.100, 0.100, 0.100, 0.100, 0.100, 0.100, 0.100, 0.100]
    Layer  7: sigma=[0.100, 0.100, 0.100, 0.100, 0.100, 0.100, 0.100, 0.100, 0.100, 0.100, 0.100, 0.100, 0.100, 0.100, 0.100, 0.100, 0.100, 0.100, 0.100, 0.100, 0.100, 0.100, 0.100, 0.100]
    Layer  8: sigma=[0.100, 0.100, 0.100, 0.100, 0.100, 0.100, 0.100, 0.100, 0.100, 0.100, 0.100, 0.100, 0.100, 0.100, 0.100, 0.100, 0.100, 0.100, 0.100, 0.100, 0.100, 0.100, 0.100, 0.100]
    Layer  9: sigma=[0.100, 0.100, 0.100, 0.100, 0.100, 0.100, 0.100, 0.100, 0.100, 0.100, 0.100, 0.100, 0.100, 0.100, 0.100, 0.100, 0.100, 0.100, 0.100, 0.100, 0.100, 0.100, 0.100, 0.105]
    Layer 10: sigma=[0.100, 0.100, 0.100, 0.100, 0.100, 0.100, 0.100, 0.100, 0.112, 0.100, 0.100, 0.100, 0.127, 0.277, 0.100, 0.100, 0.100, 0.100, 0.100, 0.100, 0.100, 0.100, 0.135, 0.100]
    Layer 11: sigma=[0.100, 0.194, 0.100, 0.100, 0.100, 0.100, 0.100, 0.100, 0.100, 0.100, 0.101, 0.100, 0.100, 0.100, 0.100, 0.100, 0.100, 0.100, 0.100, 0.100, 0.100, 0.100, 0.100, 0.100]
    Layer 12: sigma=[0.100, 0.100, 0.100, 0.100, 0.100, 0.100, 0.100, 0.100, 0.100, 0.100, 0.100, 0.100, 0.100, 0.100, 0.109, 0.100, 0.100, 0.100, 0.100, 0.100, 0.100, 0.100, 0.100, 0.100]
    Layer 13: sigma=[0.100, 0.100, 0.100, 0.100, 0.100, 0.100, 0.100, 0.330, 0.100, 0.100, 0.100, 0.100, 0.100, 0.100, 0.100, 0.100, 0.131, 0.100, 0.100, 0.100, 0.100, 0.100, 0.100, 0.100]
    Layer 14: sigma=[0.100, 0.100, 0.100, 0.100, 0.100, 0.222, 0.100, 0.100, 0.100, 0.100, 0.100, 0.100, 0.100, 0.100, 0.100, 0.100, 0.100, 0.100, 0.100, 0.100, 0.100, 0.100, 0.100, 0.100]
    Layer 15: sigma=[0.100, 0.100, 0.100, 0.100, 0.100, 0.100, 0.100, 0.100, 0.100, 0.161, 0.100, 0.100, 0.100, 0.100, 0.100, 0.100, 0.100, 0.100, 0.100, 0.100, 0.100, 0.100, 0.100, 0.100]
    Layer 16: sigma=[0.100, 0.100, 0.100, 0.100, 0.100, 0.100, 0.100, 0.100, 0.100, 0.100, 0.100, 0.100, 0.100, 0.100, 0.100, 0.100, 0.100, 0.100, 0.100, 0.100, 0.100, 0.100, 0.100, 0.100]
    Layer 17: sigma=[0.100, 0.100, 0.100, 0.100, 0.100, 0.100, 0.100, 0.100, 0.100, 0.100, 0.100, 0.100, 0.100, 0.100, 0.100, 0.100, 0.100, 0.100, 0.100, 0.100, 0.100, 0.100, 0.100, 0.100]
    Layer 18: sigma=[0.100, 0.100, 0.100, 0.100, 0.100, 0.100, 0.100, 0.103, 0.100, 0.100, 0.100, 0.100, 0.100, 0.100, 0.100, 0.100, 0.100, 0.100, 0.100, 0.100, 0.100, 0.100, 0.100, 0.100]
    Layer 19: sigma=[0.100, 0.100, 0.100, 0.100, 0.100, 0.100, 0.100, 0.207, 0.100, 0.100, 0.154, 0.100, 0.100, 0.100, 0.100, 0.100, 0.100, 0.100, 0.100, 0.100, 0.100, 0.100, 0.100, 0.100]
    Layer 20: sigma=[0.100, 0.100, 0.100, 0.100, 0.100, 0.100, 0.100, 0.100, 0.100, 0.100, 0.100, 0.100, 0.100, 0.100, 0.100, 0.100, 0.100, 0.100, 0.100, 0.100, 0.100, 0.100, 0.100, 0.100]
    Layer 21: sigma=[0.100, 0.100, 0.100, 0.100, 0.100, 0.100, 0.100, 0.100, 0.100, 0.100, 0.100, 0.100, 0.100, 0.100, 0.100, 0.100, 0.100, 0.100, 0.100, 0.100, 0.100, 0.100, 0.100, 0.100]
    Layer 22: sigma=[0.100, 0.100, 0.100, 0.100, 0.100, 0.100, 0.100, 0.100, 0.100, 0.100, 0.100, 0.100, 0.100, 0.100, 0.100, 0.100, 0.100, 0.100, 0.100, 0.100, 0.100, 0.100, 0.100, 0.100]
    Layer 23: sigma=[0.100, 0.100, 0.100, 0.110, 0.100, 0.100, 0.100, 0.100, 0.100, 0.100, 0.100, 0.100, 0.100, 0.100, 0.100, 0.100, 0.100, 0.100, 0.100, 0.100, 0.203, 0.100, 0.100, 0.100]
    Layer 24: sigma=[0.100, 0.100, 0.100, 0.100, 0.100, 0.100, 0.100, 0.100, 0.100, 0.271, 0.100, 0.100, 0.100, 0.100, 0.100, 0.100, 0.100, 0.100, 0.100, 0.100, 0.100, 0.100, 0.100, 0.100]
    Layer 26: sigma=[0.100, 0.100, 0.100, 0.100, 0.102, 0.100, 0.100, 0.100, 0.100, 0.100, 0.100, 0.100, 0.148, 0.100, 0.100, 0.100, 0.100, 0.100, 0.308, 0.100, 0.100, 0.100, 0.100, 0.100]
    Layer 27: sigma=[0.277, 0.100, 0.100, 0.100, 0.100, 0.100, 0.100, 0.100, 0.100, 0.100, 0.100, 0.100, 0.100, 0.100, 0.100, 0.100, 0.100, 0.100, 0.302, 0.100, 0.354, 0.100, 0.100, 0.100]

  [Taylor Step 3/3] g_proj = v_proj * alpha (damping=0.01)...
    Layer  0: alpha=0.055968  teacher_rms=0.0170  v_rms=0.0030
    Layer  1: alpha=0.058462  teacher_rms=0.0387  v_rms=0.0066
    Layer  2: alpha=0.015216  teacher_rms=0.0168  v_rms=0.0110
    Layer  3: alpha=0.017317  teacher_rms=0.0218  v_rms=0.0126
    Layer  4: alpha=0.025271  teacher_rms=0.0316  v_rms=0.0125
    Layer  5: alpha=0.034074  teacher_rms=0.0429  v_rms=0.0126
    Layer  6: alpha=0.039001  teacher_rms=0.0529  v_rms=0.0136
    Layer  7: alpha=0.047453  teacher_rms=0.0681  v_rms=0.0143
    Layer  8: alpha=0.052318  teacher_rms=0.0757  v_rms=0.0145
    Layer  9: alpha=0.048112  teacher_rms=0.0774  v_rms=0.0161
    Layer 10: alpha=0.047192  teacher_rms=0.0848  v_rms=0.0180
    Layer 11: alpha=0.049766  teacher_rms=0.0824  v_rms=0.0166
    Layer 12: alpha=0.054274  teacher_rms=0.0896  v_rms=0.0165
    Layer 13: alpha=0.047221  teacher_rms=0.0933  v_rms=0.0198
    Layer 14: alpha=0.048464  teacher_rms=0.0816  v_rms=0.0168
    Layer 15: alpha=0.040889  teacher_rms=0.0673  v_rms=0.0164
    Layer 16: alpha=0.028714  teacher_rms=0.0493  v_rms=0.0172
    Layer 17: alpha=0.024043  teacher_rms=0.0430  v_rms=0.0179
    Layer 18: alpha=0.022950  teacher_rms=0.0427  v_rms=0.0186
    Layer 19: alpha=0.032864  teacher_rms=0.0638  v_rms=0.0194
    Layer 20: alpha=0.022405  teacher_rms=0.0426  v_rms=0.0190
    Layer 21: alpha=0.019452  teacher_rms=0.0411  v_rms=0.0211
    Layer 22: alpha=0.019571  teacher_rms=0.0441  v_rms=0.0226
    Layer 23: alpha=0.032471  teacher_rms=0.0659  v_rms=0.0203
    Layer 24: alpha=0.027253  teacher_rms=0.0766  v_rms=0.0281
    Layer 26: alpha=0.038374  teacher_rms=0.1157  v_rms=0.0302
    Layer 27: alpha=0.040624  teacher_rms=0.1451  v_rms=0.0357

  Set g_proj = v_proj * alpha in 27 GDN layers (damping=0.01).
  Init (taylor_distill) done in 194.3s
  Layer 25: PPL = 655.55  (eval 10.7s)

============================================================
  Probing layer 26 | strategy=taylor_distill
============================================================
Loading checkpoint shards:   0%|          | 0/2 [00:00<?, ?it/s]Loading checkpoint shards: 100%|██████████| 2/2 [00:00<00:00, 33.97it/s]
Loading checkpoint shards:   0%|          | 0/2 [00:00<?, ?it/s]Loading checkpoint shards: 100%|██████████| 2/2 [00:00<00:00, 29.87it/s]
Token indices sequence length is longer than the specified maximum sequence length for this model (2349952 > 131072). Running this sequence through the model will result in indexing errors
  [Taylor Step 1/3] Gate calibration from attention stats...
    Layer  0: dist=[22, 3, 29, 29, 23, 23, 45, 42, 35, 49, 55, 53, 51, 45, 49, 7, 57, 35, 19, 33, 21, 58, 58, 47]
    Layer  1: dist=[37, 40, 77, 52, 50, 57, 33, 74, 40, 65, 64, 71, 45, 43, 50, 25, 28, 66, 58, 48, 61, 52, 50, 57]
    Layer  2: dist=[115, 119, 121, 102, 116, 107, 121, 117, 116, 119, 113, 101, 119, 119, 102, 122, 122, 122, 120, 120, 121, 115, 118, 113]
    Layer  3: dist=[98, 116, 112, 123, 119, 122, 105, 113, 115, 107, 117, 107, 113, 116, 114, 108, 102, 111, 111, 118, 116, 93, 96, 95]
    Layer  4: dist=[98, 112, 120, 98, 97, 92, 99, 95, 108, 107, 104, 113, 86, 106, 111, 97, 120, 105, 99, 102, 101, 118, 122, 109]
    Layer  5: dist=[114, 106, 103, 84, 90, 96, 121, 126, 112, 95, 100, 99, 72, 81, 95, 112, 99, 103, 99, 92, 96, 88, 97, 96]
    Layer  6: dist=[99, 111, 96, 87, 85, 92, 100, 96, 97, 90, 82, 87, 92, 103, 83, 77, 82, 84, 101, 100, 87, 102, 97, 95]
    Layer  7: dist=[85, 72, 99, 68, 88, 85, 65, 71, 79, 78, 96, 85, 94, 82, 84, 85, 83, 94, 88, 83, 81, 82, 87, 79]
    Layer  8: dist=[95, 73, 108, 73, 90, 76, 107, 95, 107, 78, 88, 80, 72, 84, 80, 72, 66, 74, 78, 82, 81, 79, 64, 71]
    Layer  9: dist=[63, 63, 64, 97, 102, 103, 65, 61, 74, 91, 88, 89, 85, 79, 64, 86, 77, 79, 89, 107, 98, 74, 64, 92]
    Layer 10: dist=[78, 77, 81, 94, 97, 98, 78, 72, 70, 83, 70, 101, 61, 52, 66, 85, 89, 75, 62, 65, 67, 112, 99, 87]
    Layer 11: dist=[47, 70, 52, 76, 79, 80, 80, 74, 70, 79, 72, 63, 82, 74, 93, 80, 80, 92, 68, 68, 70, 78, 69, 75]
    Layer 12: dist=[78, 75, 66, 108, 108, 89, 70, 69, 73, 81, 78, 85, 65, 94, 70, 97, 93, 71, 91, 109, 110, 52, 74, 59]
    Layer 13: dist=[84, 82, 84, 83, 80, 77, 28, 53, 47, 67, 62, 86, 84, 112, 92, 71, 100, 81, 86, 92, 84, 89, 99, 88]
    Layer 14: dist=[45, 118, 119, 67, 56, 57, 63, 56, 56, 78, 100, 104, 94, 93, 93, 85, 80, 83, 60, 74, 80, 104, 115, 77]
    Layer 15: dist=[105, 105, 89, 72, 73, 81, 97, 77, 83, 63, 76, 76, 112, 115, 100, 90, 88, 95, 104, 109, 100, 93, 97, 100]
    Layer 16: dist=[124, 98, 120, 121, 97, 122, 90, 91, 87, 103, 122, 97, 120, 115, 106, 102, 107, 103, 95, 80, 87, 93, 116, 120]
    Layer 17: dist=[109, 112, 97, 115, 114, 105, 76, 96, 88, 113, 106, 116, 117, 107, 103, 91, 110, 90, 115, 111, 119, 122, 114, 119]
    Layer 18: dist=[80, 110, 121, 119, 115, 111, 94, 90, 96, 98, 105, 99, 123, 122, 121, 118, 114, 104, 114, 106, 96, 91, 111, 105]
    Layer 19: dist=[104, 76, 85, 92, 90, 95, 91, 49, 98, 94, 101, 98, 115, 84, 121, 115, 107, 110, 105, 94, 104, 114, 118, 117]
    Layer 20: dist=[102, 117, 118, 115, 112, 112, 109, 110, 122, 112, 112, 114, 102, 100, 115, 115, 113, 118, 109, 97, 98, 103, 108, 106]
    Layer 21: dist=[109, 112, 109, 122, 124, 121, 122, 120, 121, 101, 107, 100, 114, 117, 113, 117, 115, 117, 113, 117, 108, 104, 107, 105]
    Layer 22: dist=[119, 103, 111, 119, 118, 119, 123, 124, 122, 116, 119, 118, 111, 102, 84, 113, 95, 103, 117, 121, 117, 115, 123, 117]
    Layer 23: dist=[84, 104, 85, 104, 119, 114, 108, 116, 80, 114, 108, 112, 122, 118, 79, 99, 94, 91, 121, 121, 84, 112, 115, 81]
    Layer 24: dist=[118, 114, 116, 109, 113, 110, 93, 106, 87, 100, 69, 99, 80, 107, 119, 111, 105, 110, 121, 119, 123, 98, 104, 112]
    Layer 25: dist=[112, 122, 121, 121, 119, 123, 79, 72, 69, 121, 111, 121, 117, 97, 114, 88, 106, 105, 104, 106, 101, 79, 115, 57]
    Layer 27: dist=[48, 108, 82, 111, 79, 53, 89, 89, 105, 69, 100, 6, 104, 109, 95, 102, 105, 98, 84, 70, 69, 76, 91, 88]

  [Taylor Step 2/3] OLS sigma per head (scaling V)...
    Layer  0: sigma=[0.140, 0.142, 0.137, 0.100, 0.100, 0.100, 0.100, 0.100, 0.100, 0.100, 0.100, 0.100, 0.100, 0.100, 0.100, 0.100, 0.100, 0.100, 0.100, 0.100, 0.100, 0.108, 0.100, 0.100]
    Layer  1: sigma=[0.100, 0.141, 0.100, 0.100, 0.100, 0.100, 0.100, 0.100, 0.100, 0.100, 0.100, 0.100, 0.100, 0.100, 0.100, 0.100, 0.100, 0.100, 0.100, 0.148, 0.100, 0.100, 0.100, 0.100]
    Layer  2: sigma=[0.100, 0.100, 0.100, 0.100, 0.100, 0.100, 0.100, 0.100, 0.100, 0.100, 0.100, 0.100, 0.100, 0.100, 0.100, 0.100, 0.100, 0.100, 0.100, 0.100, 0.100, 0.100, 0.100, 0.100]
    Layer  3: sigma=[0.100, 0.100, 0.100, 0.100, 0.100, 0.100, 0.100, 0.100, 0.100, 0.100, 0.100, 0.100, 0.100, 0.100, 0.100, 0.100, 0.100, 0.100, 0.100, 0.100, 0.100, 0.100, 0.100, 0.100]
    Layer  4: sigma=[0.100, 0.100, 0.100, 0.100, 0.100, 0.100, 0.100, 0.100, 0.100, 0.100, 0.100, 0.100, 0.100, 0.100, 0.100, 0.100, 0.100, 0.100, 0.100, 0.100, 0.100, 0.100, 0.100, 0.100]
    Layer  5: sigma=[0.100, 0.100, 0.100, 0.100, 0.100, 0.100, 0.100, 0.100, 0.100, 0.100, 0.100, 0.100, 0.100, 0.100, 0.100, 0.100, 0.100, 0.100, 0.100, 0.105, 0.100, 0.100, 0.100, 0.100]
    Layer  6: sigma=[0.100, 0.100, 0.100, 0.100, 0.100, 0.100, 0.100, 0.100, 0.100, 0.100, 0.100, 0.100, 0.100, 0.100, 0.100, 0.100, 0.100, 0.100, 0.100, 0.100, 0.100, 0.100, 0.100, 0.100]
    Layer  7: sigma=[0.100, 0.100, 0.100, 0.100, 0.100, 0.100, 0.100, 0.100, 0.100, 0.100, 0.100, 0.100, 0.100, 0.100, 0.100, 0.100, 0.100, 0.100, 0.100, 0.100, 0.100, 0.100, 0.100, 0.100]
    Layer  8: sigma=[0.100, 0.100, 0.100, 0.100, 0.100, 0.100, 0.100, 0.100, 0.100, 0.100, 0.100, 0.100, 0.100, 0.100, 0.100, 0.100, 0.100, 0.100, 0.100, 0.100, 0.100, 0.100, 0.100, 0.100]
    Layer  9: sigma=[0.100, 0.100, 0.100, 0.100, 0.100, 0.100, 0.100, 0.100, 0.100, 0.100, 0.100, 0.100, 0.100, 0.100, 0.100, 0.100, 0.100, 0.100, 0.100, 0.100, 0.100, 0.100, 0.100, 0.106]
    Layer 10: sigma=[0.100, 0.100, 0.100, 0.100, 0.100, 0.100, 0.100, 0.100, 0.107, 0.100, 0.100, 0.100, 0.140, 0.297, 0.100, 0.100, 0.100, 0.100, 0.100, 0.100, 0.100, 0.100, 0.139, 0.100]
    Layer 11: sigma=[0.100, 0.185, 0.100, 0.100, 0.100, 0.100, 0.100, 0.100, 0.100, 0.100, 0.100, 0.100, 0.100, 0.100, 0.100, 0.100, 0.100, 0.100, 0.100, 0.100, 0.100, 0.100, 0.100, 0.100]
    Layer 12: sigma=[0.100, 0.100, 0.100, 0.100, 0.100, 0.100, 0.100, 0.100, 0.100, 0.100, 0.100, 0.100, 0.100, 0.100, 0.115, 0.100, 0.100, 0.100, 0.100, 0.100, 0.100, 0.100, 0.100, 0.100]
    Layer 13: sigma=[0.100, 0.100, 0.100, 0.100, 0.100, 0.100, 0.100, 0.345, 0.100, 0.100, 0.100, 0.100, 0.100, 0.100, 0.100, 0.100, 0.137, 0.100, 0.100, 0.100, 0.100, 0.100, 0.100, 0.100]
    Layer 14: sigma=[0.100, 0.100, 0.100, 0.100, 0.100, 0.238, 0.100, 0.100, 0.100, 0.100, 0.100, 0.100, 0.100, 0.100, 0.100, 0.100, 0.100, 0.100, 0.100, 0.100, 0.100, 0.100, 0.100, 0.100]
    Layer 15: sigma=[0.100, 0.100, 0.100, 0.100, 0.100, 0.100, 0.100, 0.100, 0.100, 0.152, 0.100, 0.100, 0.100, 0.100, 0.100, 0.100, 0.100, 0.100, 0.100, 0.100, 0.100, 0.100, 0.100, 0.100]
    Layer 16: sigma=[0.100, 0.100, 0.100, 0.100, 0.100, 0.100, 0.100, 0.100, 0.100, 0.100, 0.100, 0.100, 0.100, 0.100, 0.100, 0.100, 0.100, 0.100, 0.100, 0.100, 0.100, 0.100, 0.100, 0.100]
    Layer 17: sigma=[0.100, 0.100, 0.100, 0.100, 0.100, 0.100, 0.100, 0.100, 0.100, 0.100, 0.100, 0.100, 0.100, 0.100, 0.100, 0.100, 0.100, 0.100, 0.100, 0.100, 0.100, 0.100, 0.100, 0.100]
    Layer 18: sigma=[0.100, 0.100, 0.100, 0.100, 0.100, 0.100, 0.100, 0.100, 0.100, 0.100, 0.100, 0.100, 0.100, 0.100, 0.100, 0.100, 0.100, 0.100, 0.100, 0.100, 0.100, 0.100, 0.100, 0.100]
    Layer 19: sigma=[0.100, 0.100, 0.100, 0.100, 0.100, 0.100, 0.100, 0.178, 0.100, 0.100, 0.136, 0.100, 0.100, 0.100, 0.100, 0.100, 0.100, 0.100, 0.100, 0.100, 0.100, 0.100, 0.100, 0.100]
    Layer 20: sigma=[0.100, 0.100, 0.100, 0.100, 0.100, 0.100, 0.100, 0.100, 0.100, 0.100, 0.100, 0.100, 0.100, 0.100, 0.100, 0.100, 0.100, 0.100, 0.100, 0.100, 0.100, 0.100, 0.100, 0.100]
    Layer 21: sigma=[0.100, 0.100, 0.100, 0.100, 0.100, 0.100, 0.100, 0.100, 0.100, 0.100, 0.100, 0.100, 0.100, 0.100, 0.100, 0.100, 0.100, 0.100, 0.100, 0.100, 0.100, 0.100, 0.100, 0.100]
    Layer 22: sigma=[0.100, 0.100, 0.100, 0.100, 0.100, 0.100, 0.100, 0.100, 0.100, 0.100, 0.100, 0.100, 0.100, 0.100, 0.100, 0.100, 0.100, 0.100, 0.100, 0.100, 0.100, 0.100, 0.100, 0.100]
    Layer 23: sigma=[0.100, 0.100, 0.100, 0.101, 0.100, 0.100, 0.100, 0.100, 0.100, 0.100, 0.100, 0.100, 0.100, 0.100, 0.100, 0.100, 0.100, 0.100, 0.100, 0.100, 0.219, 0.100, 0.100, 0.100]
    Layer 24: sigma=[0.100, 0.100, 0.100, 0.100, 0.100, 0.100, 0.100, 0.100, 0.100, 0.239, 0.100, 0.100, 0.100, 0.100, 0.100, 0.100, 0.100, 0.100, 0.100, 0.100, 0.100, 0.100, 0.100, 0.100]
    Layer 25: sigma=[0.100, 0.100, 0.100, 0.100, 0.100, 0.100, 0.100, 0.100, 0.106, 0.100, 0.115, 0.100, 0.100, 0.113, 0.100, 0.100, 0.100, 0.100, 0.100, 0.100, 0.100, 0.100, 0.100, 0.100]
    Layer 27: sigma=[0.330, 0.100, 0.100, 0.100, 0.100, 0.100, 0.100, 0.100, 0.100, 0.100, 0.100, 0.100, 0.100, 0.100, 0.100, 0.100, 0.100, 0.100, 0.262, 0.100, 0.306, 0.100, 0.100, 0.100]

  [Taylor Step 3/3] g_proj = v_proj * alpha (damping=0.01)...
    Layer  0: alpha=0.056222  teacher_rms=0.0170  v_rms=0.0030
    Layer  1: alpha=0.059265  teacher_rms=0.0387  v_rms=0.0065
    Layer  2: alpha=0.015216  teacher_rms=0.0168  v_rms=0.0110
    Layer  3: alpha=0.017317  teacher_rms=0.0218  v_rms=0.0126
    Layer  4: alpha=0.025271  teacher_rms=0.0316  v_rms=0.0125
    Layer  5: alpha=0.034090  teacher_rms=0.0429  v_rms=0.0126
    Layer  6: alpha=0.039001  teacher_rms=0.0529  v_rms=0.0136
    Layer  7: alpha=0.047453  teacher_rms=0.0681  v_rms=0.0143
    Layer  8: alpha=0.052318  teacher_rms=0.0757  v_rms=0.0145
    Layer  9: alpha=0.048089  teacher_rms=0.0774  v_rms=0.0161
    Layer 10: alpha=0.046278  teacher_rms=0.0848  v_rms=0.0183
    Layer 11: alpha=0.050042  teacher_rms=0.0824  v_rms=0.0165
    Layer 12: alpha=0.054121  teacher_rms=0.0896  v_rms=0.0166
    Layer 13: alpha=0.046453  teacher_rms=0.0933  v_rms=0.0201
    Layer 14: alpha=0.047920  teacher_rms=0.0816  v_rms=0.0170
    Layer 15: alpha=0.041110  teacher_rms=0.0673  v_rms=0.0164
    Layer 16: alpha=0.028714  teacher_rms=0.0493  v_rms=0.0172
    Layer 17: alpha=0.024043  teacher_rms=0.0430  v_rms=0.0179
    Layer 18: alpha=0.022965  teacher_rms=0.0427  v_rms=0.0186
    Layer 19: alpha=0.033639  teacher_rms=0.0638  v_rms=0.0190
    Layer 20: alpha=0.022405  teacher_rms=0.0426  v_rms=0.0190
    Layer 21: alpha=0.019452  teacher_rms=0.0411  v_rms=0.0211
    Layer 22: alpha=0.019571  teacher_rms=0.0441  v_rms=0.0226
    Layer 23: alpha=0.032256  teacher_rms=0.0659  v_rms=0.0204
    Layer 24: alpha=0.027882  teacher_rms=0.0766  v_rms=0.0275
    Layer 25: alpha=0.033699  teacher_rms=0.0859  v_rms=0.0255
    Layer 27: alpha=0.040955  teacher_rms=0.1451  v_rms=0.0354

  Set g_proj = v_proj * alpha in 27 GDN layers (damping=0.01).
  Init (taylor_distill) done in 239.5s
  Layer 26: PPL = 583.82  (eval 14.5s)

============================================================
  Probing layer 27 | strategy=taylor_distill
============================================================
Loading checkpoint shards:   0%|          | 0/2 [00:00<?, ?it/s]Loading checkpoint shards: 100%|██████████| 2/2 [00:00<00:00, 36.26it/s]
Loading checkpoint shards:   0%|          | 0/2 [00:00<?, ?it/s]Loading checkpoint shards: 100%|██████████| 2/2 [00:00<00:00, 46.83it/s]
Token indices sequence length is longer than the specified maximum sequence length for this model (2349952 > 131072). Running this sequence through the model will result in indexing errors
  [Taylor Step 1/3] Gate calibration from attention stats...
    Layer  0: dist=[22, 3, 29, 29, 23, 23, 45, 42, 35, 49, 55, 53, 51, 45, 49, 7, 57, 35, 19, 33, 21, 58, 58, 47]
    Layer  1: dist=[37, 40, 77, 52, 50, 57, 33, 74, 40, 65, 64, 71, 45, 43, 50, 25, 28, 66, 58, 48, 61, 52, 50, 57]
    Layer  2: dist=[115, 119, 121, 102, 116, 107, 121, 117, 116, 119, 113, 101, 119, 119, 102, 122, 122, 122, 120, 120, 121, 115, 118, 113]
    Layer  3: dist=[98, 116, 112, 123, 119, 122, 105, 113, 115, 107, 117, 107, 113, 116, 114, 108, 102, 111, 111, 118, 116, 93, 96, 95]
    Layer  4: dist=[98, 112, 120, 98, 97, 92, 99, 95, 108, 107, 104, 113, 86, 106, 111, 97, 120, 105, 99, 102, 101, 118, 122, 109]
    Layer  5: dist=[114, 106, 103, 84, 90, 96, 121, 126, 112, 95, 100, 99, 72, 81, 95, 112, 99, 103, 99, 92, 96, 88, 97, 96]
    Layer  6: dist=[99, 111, 96, 87, 85, 92, 100, 96, 97, 90, 82, 87, 92, 103, 83, 77, 82, 84, 101, 100, 87, 102, 97, 95]
    Layer  7: dist=[85, 72, 99, 68, 88, 85, 65, 71, 79, 78, 96, 85, 94, 82, 84, 85, 83, 94, 88, 83, 81, 82, 87, 79]
    Layer  8: dist=[95, 73, 108, 73, 90, 76, 107, 95, 107, 78, 88, 80, 72, 84, 80, 72, 66, 74, 78, 82, 81, 79, 64, 71]
    Layer  9: dist=[63, 63, 64, 97, 102, 103, 65, 61, 74, 91, 88, 89, 85, 79, 64, 86, 77, 79, 89, 107, 98, 74, 64, 92]
    Layer 10: dist=[78, 77, 81, 94, 97, 98, 78, 72, 70, 83, 70, 101, 61, 52, 66, 85, 89, 75, 62, 65, 67, 112, 99, 87]
    Layer 11: dist=[47, 70, 52, 76, 79, 80, 80, 74, 70, 79, 72, 63, 82, 74, 93, 80, 80, 92, 68, 68, 70, 78, 69, 75]
    Layer 12: dist=[78, 75, 66, 108, 108, 89, 70, 69, 73, 81, 78, 85, 65, 94, 70, 97, 93, 71, 91, 109, 110, 52, 74, 59]
    Layer 13: dist=[84, 82, 84, 83, 80, 77, 28, 53, 47, 67, 62, 86, 84, 112, 92, 71, 100, 81, 86, 92, 84, 89, 99, 88]
    Layer 14: dist=[45, 118, 119, 67, 56, 57, 63, 56, 56, 78, 100, 104, 94, 93, 93, 85, 80, 83, 60, 74, 80, 104, 115, 77]
    Layer 15: dist=[105, 105, 89, 72, 73, 81, 97, 77, 83, 63, 76, 76, 112, 115, 100, 90, 88, 95, 104, 109, 100, 93, 97, 100]
    Layer 16: dist=[124, 98, 120, 121, 97, 122, 90, 91, 87, 103, 122, 97, 120, 115, 106, 102, 107, 103, 95, 80, 87, 93, 116, 120]
    Layer 17: dist=[109, 112, 97, 115, 114, 105, 76, 96, 88, 113, 106, 116, 117, 107, 103, 91, 110, 90, 115, 111, 119, 122, 114, 119]
    Layer 18: dist=[80, 110, 121, 119, 115, 111, 94, 90, 96, 98, 105, 99, 123, 122, 121, 118, 114, 104, 114, 106, 96, 91, 111, 105]
    Layer 19: dist=[104, 76, 85, 92, 90, 95, 91, 49, 98, 94, 101, 98, 115, 84, 121, 115, 107, 110, 105, 94, 104, 114, 118, 117]
    Layer 20: dist=[102, 117, 118, 115, 112, 112, 109, 110, 122, 112, 112, 114, 102, 100, 115, 115, 113, 118, 109, 97, 98, 103, 108, 106]
    Layer 21: dist=[109, 112, 109, 122, 124, 121, 122, 120, 121, 101, 107, 100, 114, 117, 113, 117, 115, 117, 113, 117, 108, 104, 107, 105]
    Layer 22: dist=[119, 103, 111, 119, 118, 119, 123, 124, 122, 116, 119, 118, 111, 102, 84, 113, 95, 103, 117, 121, 117, 115, 123, 117]
    Layer 23: dist=[84, 104, 85, 104, 119, 114, 108, 116, 80, 114, 108, 112, 122, 118, 79, 99, 94, 91, 121, 121, 84, 112, 115, 81]
    Layer 24: dist=[118, 114, 116, 109, 113, 110, 93, 106, 87, 100, 69, 99, 80, 107, 119, 111, 105, 110, 121, 119, 123, 98, 104, 112]
    Layer 25: dist=[112, 122, 121, 121, 119, 123, 79, 72, 69, 121, 111, 121, 117, 97, 114, 88, 106, 105, 104, 106, 101, 79, 115, 57]
    Layer 26: dist=[79, 93, 64, 108, 104, 123, 102, 71, 109, 106, 100, 108, 75, 47, 69, 105, 98, 95, 35, 72, 59, 111, 108, 102]

  [Taylor Step 2/3] OLS sigma per head (scaling V)...
    Layer  0: sigma=[0.141, 0.143, 0.132, 0.100, 0.100, 0.100, 0.100, 0.100, 0.100, 0.100, 0.100, 0.100, 0.100, 0.100, 0.100, 0.100, 0.100, 0.100, 0.100, 0.100, 0.100, 0.110, 0.100, 0.100]
    Layer  1: sigma=[0.100, 0.161, 0.100, 0.100, 0.100, 0.100, 0.100, 0.100, 0.100, 0.100, 0.100, 0.100, 0.100, 0.100, 0.100, 0.100, 0.100, 0.100, 0.100, 0.163, 0.100, 0.100, 0.100, 0.100]
    Layer  2: sigma=[0.100, 0.100, 0.100, 0.100, 0.100, 0.100, 0.100, 0.100, 0.100, 0.100, 0.100, 0.100, 0.100, 0.100, 0.100, 0.100, 0.100, 0.100, 0.100, 0.100, 0.100, 0.100, 0.100, 0.100]
    Layer  3: sigma=[0.100, 0.100, 0.100, 0.100, 0.100, 0.100, 0.100, 0.100, 0.100, 0.100, 0.100, 0.100, 0.100, 0.100, 0.100, 0.100, 0.100, 0.100, 0.100, 0.100, 0.100, 0.100, 0.100, 0.100]
    Layer  4: sigma=[0.100, 0.100, 0.100, 0.100, 0.100, 0.100, 0.100, 0.100, 0.100, 0.100, 0.100, 0.100, 0.100, 0.100, 0.100, 0.100, 0.100, 0.100, 0.100, 0.100, 0.100, 0.100, 0.100, 0.100]
    Layer  5: sigma=[0.100, 0.100, 0.100, 0.100, 0.100, 0.100, 0.100, 0.100, 0.100, 0.100, 0.100, 0.100, 0.100, 0.100, 0.100, 0.100, 0.100, 0.100, 0.100, 0.108, 0.100, 0.100, 0.100, 0.100]
    Layer  6: sigma=[0.100, 0.100, 0.100, 0.100, 0.100, 0.100, 0.100, 0.100, 0.100, 0.100, 0.100, 0.100, 0.100, 0.100, 0.100, 0.100, 0.100, 0.100, 0.100, 0.100, 0.100, 0.100, 0.100, 0.100]
    Layer  7: sigma=[0.100, 0.100, 0.100, 0.100, 0.100, 0.100, 0.100, 0.100, 0.100, 0.100, 0.100, 0.100, 0.100, 0.100, 0.100, 0.100, 0.100, 0.100, 0.100, 0.100, 0.100, 0.100, 0.100, 0.100]
    Layer  8: sigma=[0.100, 0.100, 0.100, 0.100, 0.100, 0.100, 0.100, 0.100, 0.100, 0.100, 0.100, 0.100, 0.100, 0.100, 0.100, 0.100, 0.100, 0.100, 0.100, 0.100, 0.100, 0.100, 0.100, 0.100]
    Layer  9: sigma=[0.102, 0.100, 0.100, 0.100, 0.100, 0.100, 0.100, 0.100, 0.100, 0.100, 0.100, 0.100, 0.100, 0.100, 0.100, 0.100, 0.100, 0.100, 0.100, 0.100, 0.100, 0.100, 0.100, 0.109]
    Layer 10: sigma=[0.100, 0.100, 0.100, 0.100, 0.100, 0.100, 0.100, 0.100, 0.107, 0.100, 0.100, 0.100, 0.123, 0.274, 0.100, 0.100, 0.100, 0.100, 0.100, 0.100, 0.100, 0.100, 0.138, 0.100]
    Layer 11: sigma=[0.100, 0.163, 0.100, 0.100, 0.100, 0.100, 0.100, 0.100, 0.100, 0.100, 0.100, 0.100, 0.100, 0.100, 0.100, 0.100, 0.100, 0.100, 0.100, 0.100, 0.100, 0.100, 0.100, 0.100]
    Layer 12: sigma=[0.100, 0.100, 0.100, 0.100, 0.100, 0.100, 0.100, 0.100, 0.100, 0.100, 0.100, 0.100, 0.100, 0.100, 0.115, 0.100, 0.100, 0.100, 0.100, 0.100, 0.100, 0.100, 0.100, 0.100]
    Layer 13: sigma=[0.100, 0.100, 0.100, 0.100, 0.100, 0.100, 0.100, 0.348, 0.122, 0.100, 0.100, 0.100, 0.100, 0.100, 0.100, 0.100, 0.134, 0.100, 0.100, 0.100, 0.100, 0.100, 0.100, 0.100]
    Layer 14: sigma=[0.100, 0.100, 0.100, 0.100, 0.100, 0.160, 0.100, 0.100, 0.100, 0.100, 0.100, 0.100, 0.100, 0.100, 0.100, 0.100, 0.100, 0.100, 0.100, 0.100, 0.100, 0.100, 0.100, 0.100]
    Layer 15: sigma=[0.100, 0.100, 0.100, 0.100, 0.100, 0.100, 0.100, 0.100, 0.100, 0.144, 0.100, 0.100, 0.100, 0.100, 0.100, 0.100, 0.100, 0.100, 0.100, 0.100, 0.100, 0.100, 0.100, 0.100]
    Layer 16: sigma=[0.100, 0.100, 0.100, 0.100, 0.100, 0.100, 0.100, 0.100, 0.100, 0.100, 0.100, 0.100, 0.100, 0.100, 0.100, 0.100, 0.100, 0.100, 0.100, 0.100, 0.100, 0.100, 0.100, 0.100]
    Layer 17: sigma=[0.100, 0.100, 0.100, 0.100, 0.100, 0.100, 0.100, 0.100, 0.100, 0.100, 0.100, 0.100, 0.100, 0.100, 0.100, 0.100, 0.100, 0.100, 0.100, 0.100, 0.100, 0.100, 0.100, 0.100]
    Layer 18: sigma=[0.100, 0.100, 0.100, 0.100, 0.100, 0.100, 0.100, 0.100, 0.100, 0.100, 0.100, 0.100, 0.100, 0.100, 0.100, 0.100, 0.100, 0.100, 0.100, 0.100, 0.100, 0.100, 0.100, 0.100]
    Layer 19: sigma=[0.100, 0.100, 0.100, 0.100, 0.100, 0.100, 0.100, 0.185, 0.100, 0.100, 0.152, 0.100, 0.100, 0.100, 0.100, 0.100, 0.100, 0.100, 0.100, 0.100, 0.100, 0.100, 0.100, 0.100]
    Layer 20: sigma=[0.100, 0.100, 0.100, 0.100, 0.100, 0.100, 0.100, 0.100, 0.100, 0.100, 0.100, 0.100, 0.100, 0.100, 0.100, 0.100, 0.100, 0.100, 0.100, 0.100, 0.100, 0.100, 0.100, 0.100]
    Layer 21: sigma=[0.100, 0.100, 0.100, 0.100, 0.100, 0.100, 0.100, 0.100, 0.100, 0.100, 0.100, 0.100, 0.100, 0.100, 0.100, 0.100, 0.100, 0.100, 0.100, 0.100, 0.100, 0.100, 0.100, 0.100]
    Layer 22: sigma=[0.100, 0.100, 0.100, 0.100, 0.100, 0.100, 0.100, 0.100, 0.100, 0.100, 0.100, 0.100, 0.100, 0.100, 0.100, 0.100, 0.100, 0.100, 0.100, 0.100, 0.100, 0.100, 0.100, 0.100]
    Layer 23: sigma=[0.100, 0.100, 0.100, 0.100, 0.100, 0.100, 0.100, 0.100, 0.100, 0.100, 0.100, 0.100, 0.100, 0.100, 0.100, 0.100, 0.100, 0.100, 0.100, 0.100, 0.187, 0.100, 0.100, 0.100]
    Layer 24: sigma=[0.100, 0.100, 0.100, 0.100, 0.100, 0.100, 0.100, 0.100, 0.100, 0.267, 0.100, 0.100, 0.100, 0.100, 0.100, 0.100, 0.100, 0.100, 0.100, 0.100, 0.100, 0.100, 0.100, 0.100]
    Layer 25: sigma=[0.100, 0.100, 0.100, 0.100, 0.100, 0.100, 0.100, 0.100, 0.100, 0.100, 0.107, 0.100, 0.100, 0.114, 0.100, 0.100, 0.100, 0.100, 0.100, 0.100, 0.100, 0.100, 0.100, 0.100]
    Layer 26: sigma=[0.100, 0.100, 0.100, 0.100, 0.103, 0.100, 0.100, 0.100, 0.100, 0.100, 0.100, 0.100, 0.138, 0.100, 0.100, 0.100, 0.100, 0.100, 0.278, 0.100, 0.100, 0.100, 0.100, 0.100]

  [Taylor Step 3/3] g_proj = v_proj * alpha (damping=0.01)...
    Layer  0: alpha=0.056288  teacher_rms=0.0170  v_rms=0.0030
    Layer  1: alpha=0.057979  teacher_rms=0.0387  v_rms=0.0067
    Layer  2: alpha=0.015216  teacher_rms=0.0168  v_rms=0.0110
    Layer  3: alpha=0.017317  teacher_rms=0.0218  v_rms=0.0126
    Layer  4: alpha=0.025271  teacher_rms=0.0316  v_rms=0.0125
    Layer  5: alpha=0.034052  teacher_rms=0.0429  v_rms=0.0126
    Layer  6: alpha=0.039001  teacher_rms=0.0529  v_rms=0.0136
    Layer  7: alpha=0.047453  teacher_rms=0.0681  v_rms=0.0143
    Layer  8: alpha=0.052318  teacher_rms=0.0757  v_rms=0.0145
    Layer  9: alpha=0.047998  teacher_rms=0.0774  v_rms=0.0161
    Layer 10: alpha=0.047425  teacher_rms=0.0848  v_rms=0.0179
    Layer 11: alpha=0.050670  teacher_rms=0.0824  v_rms=0.0163
    Layer 12: alpha=0.054143  teacher_rms=0.0896  v_rms=0.0166
    Layer 13: alpha=0.045943  teacher_rms=0.0933  v_rms=0.0203
    Layer 14: alpha=0.050333  teacher_rms=0.0816  v_rms=0.0162
    Layer 15: alpha=0.041316  teacher_rms=0.0673  v_rms=0.0163
    Layer 16: alpha=0.028714  teacher_rms=0.0493  v_rms=0.0172
    Layer 17: alpha=0.024043  teacher_rms=0.0430  v_rms=0.0179
    Layer 18: alpha=0.022965  teacher_rms=0.0427  v_rms=0.0186
    Layer 19: alpha=0.033317  teacher_rms=0.0638  v_rms=0.0191
    Layer 20: alpha=0.022405  teacher_rms=0.0426  v_rms=0.0190
    Layer 21: alpha=0.019452  teacher_rms=0.0411  v_rms=0.0211
    Layer 22: alpha=0.019571  teacher_rms=0.0441  v_rms=0.0226
    Layer 23: alpha=0.032896  teacher_rms=0.0659  v_rms=0.0200
    Layer 24: alpha=0.027340  teacher_rms=0.0766  v_rms=0.0280
    Layer 25: alpha=0.033887  teacher_rms=0.0859  v_rms=0.0253
    Layer 26: alpha=0.039341  teacher_rms=0.1157  v_rms=0.0294

  Set g_proj = v_proj * alpha in 27 GDN layers (damping=0.01).
  Init (taylor_distill) done in 204.8s
  Layer 27: PPL = 608.48  (eval 9.8s)

============================================================
  RANKING [taylor_distill] (lower PPL = more important to keep)
============================================================
  # 1  Layer  1  PPL = 475.00
  # 2  Layer 14  PPL = 492.34
  # 3  Layer  0  PPL = 531.60
  # 4  Layer  6  PPL = 533.44
  # 5  Layer  3  PPL = 559.07
  # 6  Layer  7  PPL = 572.16
  # 7  Layer  9  PPL = 576.42
  # 8  Layer 26  PPL = 583.82
  # 9  Layer  5  PPL = 598.48
  #10  Layer 15  PPL = 603.69
  #11  Layer 27  PPL = 608.48
  #12  Layer  4  PPL = 609.51
  #13  Layer  2  PPL = 610.49
  #14  Layer 11  PPL = 614.43
  #15  Layer  8  PPL = 618.05
  #16  Layer 23  PPL = 620.95
  #17  Layer 10  PPL = 624.42
  #18  Layer 21  PPL = 625.57
  #19  Layer 19  PPL = 626.39
  #20  Layer 12  PPL = 627.11
  #21  Layer 24  PPL = 632.36
  #22  Layer 25  PPL = 655.55
  #23  Layer 13  PPL = 669.96
  #24  Layer 17  PPL = 679.01
  #25  Layer 20  PPL = 697.68
  #26  Layer 22  PPL = 732.97
  #27  Layer 16  PPL = 746.15
  #28  Layer 18  PPL = 776.39

  Top-14 layers (sorted): [0, 1, 2, 3, 4, 5, 6, 7, 9, 11, 14, 15, 26, 27]
  keep_full_attention_layers: [0, 1, 2, 3, 4, 5, 6, 7, 9, 11, 14, 15, 26, 27]

  Results saved to /home/charlie/Taylor-Distill/results/zeroshot_llama3b_50pct/ga_s2/taylor_distill/gpu0.json
