Strategy: taylor_init
Teacher (FLA): /data/shared/charlie/converted_teachers/Qwen3-8B
Teacher (HF):  Qwen/Qwen3-8B

============================================================
  Probing layer 0 | strategy=taylor_init
============================================================
Loading checkpoint shards:   0%|          | 0/4 [00:00<?, ?it/s]Loading checkpoint shards:  50%|█████     | 2/4 [00:00<00:00, 19.73it/s]Loading checkpoint shards: 100%|██████████| 4/4 [00:00<00:00,  3.85it/s]Loading checkpoint shards: 100%|██████████| 4/4 [00:00<00:00,  4.37it/s]
/home/charlie/miniconda3/envs/taylor/lib/python3.12/site-packages/fla/layers/gated_deltanet.py:191: UserWarning: ShortConvolution is crucial to the performance. Do not turn it off, i.e., setting `use_short_conv=False` unless you know what you are doing.
  warnings.warn(
Could not cache non-existence of file. Will ignore error and continue. Error: [Errno 13] Permission denied: '/data/shared/huggingface/hub/models--Qwen--Qwen3-8B/.no_exist/b968826d9c46dd6066d109eabc6255188de91218/model.safetensors'
Loading checkpoint shards:   0%|          | 0/5 [00:00<?, ?it/s]Loading checkpoint shards: 100%|██████████| 5/5 [00:00<00:00, 92.84it/s]
Token indices sequence length is longer than the specified maximum sequence length for this model (2429029 > 131072). Running this sequence through the model will result in indexing errors
  [Taylor Step 1/3] Gate calibration from attention stats...
    Layer  1: dist=[19, 38, 25, 44, 3, 15, 31, 11, 45, 36, 65, 60, 34, 47, 51, 38, 32, 54, 57, 33, 56, 24, 40, 40, 37, 9, 44, 41, 83, 31, 37, 49]
    Layer  2: dist=[65, 65, 67, 62, 26, 45, 33, 43, 39, 47, 56, 56, 53, 46, 46, 60, 61, 49, 54, 43, 49, 67, 48, 50, 25, 24, 21, 35, 73, 73, 77, 74]
    Layer  3: dist=[65, 26, 13, 22, 87, 93, 83, 73, 56, 53, 62, 58, 90, 73, 75, 74, 59, 62, 51, 67, 74, 60, 64, 65, 64, 56, 52, 59, 70, 63, 72, 65]
    Layer  4: dist=[62, 63, 73, 67, 73, 56, 61, 89, 68, 69, 63, 60, 55, 55, 71, 61, 62, 65, 67, 70, 64, 61, 47, 64, 41, 51, 48, 34, 51, 66, 55, 55]
    Layer  5: dist=[36, 48, 55, 35, 61, 68, 52, 51, 5, 18, 73, 61, 54, 78, 59, 52, 41, 32, 50, 48, 51, 55, 48, 59, 73, 73, 80, 80, 43, 44, 46, 58]
    Layer  6: dist=[27, 40, 30, 31, 52, 46, 67, 61, 46, 25, 43, 38, 56, 64, 56, 30, 47, 34, 45, 40, 20, 30, 32, 14, 35, 50, 32, 49, 47, 43, 37, 53]
    Layer  7: dist=[55, 60, 64, 87, 126, 114, 127, 121, 88, 119, 99, 72, 108, 23, 53, 97, 80, 101, 85, 81, 106, 86, 112, 116, 64, 78, 47, 86, 97, 101, 101, 106]
    Layer  8: dist=[83, 87, 90, 58, 81, 77, 69, 78, 86, 99, 87, 90, 94, 86, 96, 70, 116, 107, 103, 96, 92, 106, 100, 111, 92, 72, 95, 67, 84, 72, 79, 74]
    Layer  9: dist=[76, 60, 61, 67, 83, 97, 96, 74, 123, 120, 118, 112, 27, 87, 63, 85, 93, 100, 114, 125, 87, 77, 60, 70, 119, 81, 91, 97, 125, 113, 127, 123]
    Layer 10: dist=[76, 71, 58, 74, 85, 102, 64, 74, 63, 88, 106, 49, 88, 67, 82, 86, 87, 102, 100, 107, 88, 60, 107, 90, 93, 107, 84, 77, 76, 65, 82, 90]
    Layer 11: dist=[78, 65, 79, 48, 53, 61, 78, 77, 102, 123, 109, 93, 82, 64, 65, 69, 69, 63, 61, 51, 77, 107, 89, 87, 67, 59, 56, 54, 95, 55, 55, 94]
    Layer 12: dist=[21, 72, 79, 61, 87, 83, 66, 70, 63, 62, 74, 77, 86, 81, 82, 87, 39, 68, 59, 94, 102, 112, 97, 103, 93, 2, 107, 38, 81, 88, 113, 91]
    Layer 13: dist=[52, 68, 66, 62, 52, 51, 65, 40, 86, 63, 99, 122, 128, 115, 109, 124, 85, 72, 57, 61, 93, 55, 83, 90, 84, 59, 72, 76, 113, 111, 96, 99]
    Layer 14: dist=[44, 64, 65, 46, 62, 45, 64, 65, 54, 57, 70, 68, 69, 76, 65, 67, 77, 86, 51, 64, 65, 31, 51, 81, 52, 67, 73, 64, 85, 88, 8, 89]
    Layer 15: dist=[80, 44, 79, 38, 37, 38, 79, 67, 90, 60, 46, 104, 68, 107, 79, 89, 61, 57, 64, 68, 58, 60, 50, 51, 49, 34, 86, 62, 72, 84, 71, 49]
    Layer 16: dist=[61, 57, 74, 85, 55, 58, 48, 55, 54, 82, 73, 84, 90, 69, 86, 86, 68, 71, 60, 62, 115, 118, 110, 103, 71, 54, 64, 10, 58, 59, 65, 56]
    Layer 17: dist=[111, 95, 79, 67, 53, 57, 39, 47, 90, 108, 79, 100, 40, 57, 71, 74, 44, 61, 61, 42, 75, 98, 93, 97, 58, 55, 57, 52, 53, 79, 93, 67]
    Layer 18: dist=[34, 45, 35, 33, 56, 78, 74, 57, 64, 67, 66, 79, 61, 60, 57, 62, 46, 74, 72, 52, 68, 47, 65, 96, 58, 62, 61, 63, 52, 53, 79, 56]
    Layer 19: dist=[73, 64, 63, 62, 76, 103, 54, 71, 81, 85, 84, 93, 63, 57, 75, 63, 84, 85, 49, 49, 21, 50, 33, 49, 102, 106, 102, 116, 77, 77, 73, 72]
    Layer 20: dist=[89, 79, 80, 77, 78, 51, 49, 57, 40, 36, 43, 39, 92, 79, 87, 96, 45, 51, 56, 39, 73, 111, 101, 98, 125, 97, 105, 85, 93, 79, 108, 108]
    Layer 21: dist=[44, 50, 56, 68, 115, 65, 96, 118, 118, 61, 71, 69, 46, 41, 44, 42, 75, 75, 83, 65, 89, 99, 95, 96, 64, 62, 60, 80, 73, 79, 60, 88]
    Layer 22: dist=[73, 60, 67, 63, 52, 72, 45, 56, 37, 49, 45, 59, 18, 86, 61, 64, 33, 79, 76, 41, 102, 115, 120, 121, 101, 84, 91, 95, 114, 92, 103, 95]
    Layer 23: dist=[39, 30, 48, 39, 110, 111, 41, 102, 79, 36, 45, 63, 75, 72, 79, 77, 82, 75, 74, 94, 72, 93, 82, 76, 78, 72, 68, 100, 91, 90, 83, 78]
    Layer 24: dist=[79, 124, 109, 101, 99, 109, 111, 97, 102, 105, 104, 84, 78, 75, 89, 74, 81, 86, 98, 88, 120, 103, 102, 117, 65, 73, 79, 51, 95, 111, 98, 88]
    Layer 25: dist=[105, 121, 118, 94, 71, 72, 107, 80, 96, 97, 85, 90, 65, 89, 50, 68, 93, 99, 97, 89, 102, 111, 105, 108, 110, 110, 99, 108, 88, 125, 98, 88]
    Layer 26: dist=[80, 88, 106, 68, 115, 113, 113, 110, 102, 107, 105, 98, 100, 124, 116, 116, 86, 93, 99, 95, 102, 113, 122, 114, 99, 97, 102, 93, 115, 96, 114, 95]
    Layer 27: dist=[87, 108, 103, 117, 98, 105, 101, 86, 77, 100, 107, 99, 78, 109, 80, 86, 96, 99, 99, 104, 91, 112, 113, 92, 110, 113, 116, 117, 107, 77, 92, 117]
    Layer 28: dist=[103, 92, 102, 102, 82, 63, 80, 76, 96, 107, 92, 89, 112, 105, 96, 101, 112, 104, 104, 108, 119, 71, 60, 89, 91, 88, 99, 99, 92, 92, 71, 95]
    Layer 29: dist=[113, 114, 114, 113, 90, 112, 94, 114, 119, 113, 122, 105, 120, 120, 119, 120, 116, 106, 115, 121, 123, 123, 107, 125, 100, 114, 97, 92, 106, 95, 106, 109]
    Layer 30: dist=[75, 102, 99, 100, 102, 100, 90, 67, 117, 117, 115, 120, 105, 104, 113, 101, 97, 78, 120, 122, 51, 120, 100, 110, 119, 119, 119, 118, 106, 110, 107, 102]
    Layer 31: dist=[119, 117, 99, 98, 112, 113, 114, 116, 114, 77, 87, 91, 117, 116, 117, 115, 101, 101, 106, 94, 119, 116, 108, 119, 112, 109, 89, 120, 112, 106, 102, 110]
    Layer 32: dist=[110, 114, 114, 111, 116, 119, 116, 117, 110, 111, 117, 115, 93, 113, 108, 91, 118, 106, 109, 111, 123, 92, 114, 120, 71, 95, 80, 105, 116, 107, 99, 103]
    Layer 33: dist=[102, 120, 112, 119, 91, 102, 57, 94, 116, 116, 113, 113, 114, 115, 113, 116, 114, 117, 106, 109, 112, 96, 110, 113, 111, 119, 122, 118, 110, 111, 107, 104]
    Layer 34: dist=[110, 109, 112, 113, 105, 111, 108, 102, 53, 93, 114, 86, 117, 115, 120, 81, 82, 89, 126, 55, 119, 51, 118, 119, 122, 122, 125, 122, 54, 62, 68, 109]
    Layer 35: dist=[105, 123, 71, 97, 82, 36, 112, 100, 85, 94, 112, 96, 63, 28, 49, 40, 98, 74, 84, 48, 90, 102, 55, 54, 66, 49, 68, 72, 73, 115, 122, 117]

  [Taylor Step 2/3] OLS sigma per head (scaling V, streaming)...
    Layer  1: sigma=[0.351, 0.100, 0.100, 0.100, 0.100, 0.100, 0.100, 0.100, 0.100, 0.167, 0.245, 0.100, 0.100, 0.100, 0.100, 0.100, 0.100, 0.100, 0.100, 0.100, 0.100, 0.100, 0.100, 0.120, 0.100, 0.100, 0.115, 0.100, 0.100, 0.100, 0.100, 0.100]
    Layer  2: sigma=[0.100, 0.100, 0.100, 0.100, 0.100, 0.100, 0.100, 0.100, 0.108, 0.100, 0.100, 0.100, 0.100, 0.145, 0.100, 0.100, 0.100, 0.220, 0.100, 0.100, 0.100, 0.100, 0.100, 0.100, 0.100, 0.171, 0.100, 0.100, 0.100, 0.100, 0.100, 0.100]
    Layer  3: sigma=[0.100, 0.326, 0.100, 0.158, 0.100, 0.100, 0.100, 0.100, 0.100, 0.100, 0.100, 0.100, 0.100, 0.100, 0.100, 0.100, 0.100, 0.100, 0.100, 0.100, 0.100, 0.105, 0.100, 0.100, 0.100, 0.100, 0.100, 0.100, 0.100, 0.100, 0.100, 0.100]
    Layer  4: sigma=[0.100, 0.100, 0.100, 0.100, 0.100, 0.100, 0.100, 0.100, 0.100, 0.100, 0.100, 0.100, 0.100, 0.100, 0.100, 0.100, 0.100, 0.100, 0.100, 0.100, 0.132, 0.140, 0.320, 0.100, 0.100, 0.100, 0.100, 0.100, 0.100, 0.100, 0.100, 0.100]
    Layer  5: sigma=[0.100, 0.100, 0.100, 0.100, 0.100, 0.100, 0.100, 0.100, 0.100, 0.130, 0.100, 0.110, 0.100, 0.100, 0.100, 0.122, 0.100, 0.176, 0.100, 0.100, 0.100, 0.100, 0.100, 0.100, 0.100, 0.100, 0.100, 0.100, 0.100, 0.100, 0.100, 0.100]
    Layer  6: sigma=[0.100, 0.100, 0.100, 0.100, 0.100, 0.100, 0.100, 0.100, 0.100, 0.100, 0.100, 0.100, 0.100, 0.100, 0.100, 0.100, 0.100, 0.100, 0.100, 0.100, 0.150, 0.100, 0.100, 0.100, 0.100, 0.100, 0.100, 0.100, 0.100, 0.100, 0.100, 0.100]
    Layer  7: sigma=[0.100, 0.160, 0.100, 0.100, 0.108, 0.100, 0.100, 0.100, 0.100, 0.100, 0.100, 0.100, 0.100, 0.100, 0.100, 0.100, 0.100, 0.100, 0.100, 0.100, 0.100, 0.100, 0.100, 0.100, 0.100, 0.100, 0.100, 0.100, 0.100, 0.100, 0.100, 0.100]
    Layer  8: sigma=[0.100, 0.100, 0.100, 0.100, 0.100, 0.100, 0.100, 0.100, 0.100, 0.100, 0.100, 0.100, 0.100, 0.100, 0.100, 0.100, 0.100, 0.100, 0.100, 0.100, 0.100, 0.100, 0.100, 0.100, 0.100, 0.100, 0.100, 0.185, 0.100, 0.100, 0.100, 0.100]
    Layer  9: sigma=[0.100, 0.100, 0.100, 0.100, 0.100, 0.100, 0.100, 0.100, 0.100, 0.100, 0.100, 0.100, 0.100, 0.100, 0.599, 0.134, 0.100, 0.100, 0.100, 0.100, 0.100, 0.100, 0.100, 0.100, 0.100, 0.100, 0.100, 0.100, 0.100, 0.100, 0.100, 0.100]
    Layer 10: sigma=[0.100, 0.100, 0.100, 0.100, 0.100, 0.100, 0.100, 0.100, 0.100, 0.100, 0.100, 0.100, 0.100, 0.100, 0.100, 0.100, 0.100, 0.100, 0.100, 0.100, 0.100, 0.100, 0.100, 0.100, 0.100, 0.100, 0.100, 0.100, 0.100, 0.100, 0.100, 0.100]
    Layer 11: sigma=[0.100, 0.100, 0.100, 0.100, 0.133, 0.100, 0.100, 0.100, 0.100, 0.115, 0.100, 0.100, 0.100, 0.100, 0.233, 0.100, 0.100, 0.100, 0.100, 0.100, 0.100, 0.100, 0.100, 0.100, 0.100, 0.100, 0.165, 0.100, 0.100, 0.100, 0.100, 0.100]
    Layer 12: sigma=[0.100, 0.100, 0.100, 0.100, 0.100, 0.100, 0.100, 0.100, 0.100, 0.105, 0.100, 0.107, 0.100, 0.100, 0.100, 0.100, 0.100, 0.344, 0.144, 0.100, 0.100, 0.100, 0.100, 0.100, 0.100, 0.100, 0.100, 0.207, 0.100, 0.100, 0.115, 0.100]
    Layer 13: sigma=[0.228, 0.100, 0.100, 0.339, 0.100, 0.100, 0.100, 0.100, 0.100, 0.100, 0.100, 0.100, 0.100, 0.100, 0.100, 0.100, 0.100, 0.100, 0.100, 0.107, 0.100, 0.100, 0.100, 0.100, 0.100, 0.100, 0.100, 0.100, 0.100, 0.100, 0.100, 0.100]
    Layer 14: sigma=[0.100, 0.100, 0.100, 0.100, 0.100, 0.355, 0.100, 0.100, 0.100, 0.100, 0.100, 0.100, 0.100, 0.100, 0.100, 0.100, 0.100, 0.100, 0.100, 0.100, 0.100, 0.100, 0.100, 0.100, 0.105, 0.116, 0.100, 0.100, 0.100, 0.100, 0.100, 0.100]
    Layer 15: sigma=[0.100, 0.183, 0.100, 0.100, 0.100, 0.105, 0.100, 0.100, 0.100, 0.100, 0.100, 0.100, 0.214, 0.100, 0.100, 0.100, 0.100, 0.100, 0.100, 0.100, 0.100, 0.100, 0.100, 0.100, 0.136, 0.100, 0.100, 0.100, 0.100, 0.100, 0.100, 0.100]
    Layer 16: sigma=[0.100, 0.100, 0.100, 0.100, 0.100, 0.100, 0.100, 0.100, 0.100, 0.100, 0.100, 0.100, 0.100, 0.100, 0.100, 0.100, 0.100, 0.100, 0.100, 0.100, 0.100, 0.100, 0.100, 0.100, 0.100, 0.100, 0.100, 0.426, 0.100, 0.100, 0.100, 0.100]
    Layer 17: sigma=[0.100, 0.100, 0.100, 0.100, 0.100, 0.142, 0.100, 0.100, 0.100, 0.100, 0.100, 0.100, 0.100, 0.100, 0.100, 0.100, 0.120, 0.101, 0.100, 0.420, 0.100, 0.100, 0.100, 0.106, 0.153, 0.100, 0.434, 0.100, 0.100, 0.100, 0.100, 0.100]
    Layer 18: sigma=[0.100, 0.456, 0.100, 0.100, 0.100, 0.100, 0.100, 0.188, 0.100, 0.100, 0.100, 0.100, 0.100, 0.100, 0.100, 0.100, 0.133, 0.100, 0.100, 0.100, 0.100, 0.100, 0.100, 0.100, 0.100, 0.100, 0.100, 0.100, 0.100, 0.100, 0.100, 0.100]
    Layer 19: sigma=[0.100, 0.100, 0.100, 0.100, 0.100, 0.100, 0.100, 0.100, 0.100, 0.100, 0.100, 0.100, 0.139, 0.100, 0.100, 0.181, 0.100, 0.100, 0.100, 0.312, 0.100, 0.100, 0.100, 0.100, 0.100, 0.100, 0.100, 0.100, 0.100, 0.100, 0.100, 0.100]
    Layer 20: sigma=[0.100, 0.100, 0.100, 0.100, 0.100, 0.188, 0.100, 0.100, 0.155, 0.103, 0.100, 0.100, 0.100, 0.100, 0.100, 0.114, 0.100, 0.129, 0.100, 0.100, 0.100, 0.100, 0.100, 0.100, 0.100, 0.100, 0.100, 0.100, 0.100, 0.100, 0.100, 0.100]
    Layer 21: sigma=[0.100, 0.113, 0.100, 0.100, 0.100, 0.100, 0.100, 0.100, 0.100, 0.141, 0.100, 0.264, 0.100, 0.100, 0.131, 0.100, 0.100, 0.100, 0.100, 0.100, 0.100, 0.115, 0.100, 0.100, 0.157, 0.100, 0.100, 0.100, 0.100, 0.100, 0.222, 0.100]
    Layer 22: sigma=[0.180, 0.100, 0.100, 0.100, 0.145, 0.136, 0.100, 0.212, 0.123, 0.100, 0.100, 0.100, 0.100, 0.100, 0.100, 0.105, 0.100, 0.100, 0.100, 0.100, 0.100, 0.100, 0.100, 0.100, 0.100, 0.100, 0.100, 0.100, 0.100, 0.100, 0.100, 0.100]
    Layer 23: sigma=[0.177, 0.245, 0.236, 0.100, 0.100, 0.100, 0.116, 0.100, 0.100, 0.269, 0.100, 0.100, 0.100, 0.100, 0.100, 0.100, 0.100, 0.100, 0.100, 0.100, 0.100, 0.100, 0.100, 0.100, 0.100, 0.100, 0.100, 0.100, 0.100, 0.100, 0.142, 0.327]
    Layer 24: sigma=[0.100, 0.100, 0.100, 0.100, 0.100, 0.100, 0.100, 0.100, 0.100, 0.100, 0.100, 0.100, 0.100, 0.100, 0.100, 0.128, 0.100, 0.100, 0.100, 0.100, 0.100, 0.100, 0.100, 0.100, 0.283, 0.370, 0.100, 0.403, 0.100, 0.100, 0.100, 0.100]
    Layer 25: sigma=[0.100, 0.100, 0.100, 0.100, 0.100, 0.100, 0.100, 0.100, 0.100, 0.100, 0.100, 0.100, 0.100, 0.100, 0.113, 0.100, 0.100, 0.100, 0.100, 0.100, 0.100, 0.100, 0.100, 0.100, 0.100, 0.100, 0.100, 0.100, 0.100, 0.100, 0.100, 0.100]
    Layer 26: sigma=[0.100, 0.100, 0.100, 0.100, 0.100, 0.100, 0.100, 0.100, 0.100, 0.100, 0.100, 0.100, 0.100, 0.100, 0.100, 0.100, 0.100, 0.100, 0.100, 0.100, 0.100, 0.100, 0.100, 0.100, 0.100, 0.100, 0.100, 0.100, 0.100, 0.100, 0.100, 0.100]
    Layer 27: sigma=[0.100, 0.100, 0.100, 0.100, 0.100, 0.100, 0.100, 0.100, 0.100, 0.100, 0.100, 0.100, 0.100, 0.100, 0.100, 0.100, 0.100, 0.100, 0.100, 0.100, 0.100, 0.100, 0.100, 0.100, 0.100, 0.100, 0.100, 0.100, 0.100, 0.100, 0.100, 0.100]
    Layer 28: sigma=[0.100, 0.100, 0.100, 0.100, 0.100, 0.100, 0.100, 0.100, 0.100, 0.100, 0.100, 0.100, 0.100, 0.100, 0.100, 0.100, 0.100, 0.100, 0.100, 0.100, 0.100, 0.100, 0.100, 0.100, 0.100, 0.100, 0.100, 0.100, 0.100, 0.100, 0.100, 0.100]
    Layer 29: sigma=[0.100, 0.100, 0.100, 0.100, 0.100, 0.100, 0.100, 0.100, 0.100, 0.100, 0.100, 0.100, 0.100, 0.100, 0.100, 0.100, 0.100, 0.100, 0.100, 0.100, 0.100, 0.100, 0.100, 0.100, 0.100, 0.100, 0.100, 0.100, 0.100, 0.100, 0.100, 0.100]
    Layer 30: sigma=[0.100, 0.100, 0.100, 0.100, 0.100, 0.100, 0.100, 0.100, 0.100, 0.100, 0.100, 0.100, 0.100, 0.100, 0.100, 0.100, 0.102, 0.100, 0.100, 0.100, 0.158, 0.100, 0.100, 0.100, 0.100, 0.100, 0.100, 0.100, 0.100, 0.100, 0.100, 0.100]
    Layer 31: sigma=[0.100, 0.100, 0.100, 0.100, 0.100, 0.100, 0.100, 0.100, 0.100, 0.100, 0.100, 0.100, 0.100, 0.100, 0.100, 0.100, 0.100, 0.100, 0.100, 0.101, 0.100, 0.100, 0.100, 0.100, 0.100, 0.100, 0.100, 0.100, 0.100, 0.100, 0.100, 0.100]
    Layer 32: sigma=[0.100, 0.100, 0.100, 0.100, 0.100, 0.100, 0.100, 0.100, 0.100, 0.100, 0.100, 0.100, 0.100, 0.100, 0.100, 0.100, 0.100, 0.100, 0.100, 0.100, 0.100, 0.100, 0.100, 0.100, 0.100, 0.100, 0.100, 0.100, 0.100, 0.100, 0.100, 0.100]
    Layer 33: sigma=[0.100, 0.100, 0.100, 0.100, 0.100, 0.100, 0.100, 0.100, 0.100, 0.100, 0.100, 0.100, 0.100, 0.100, 0.100, 0.100, 0.100, 0.100, 0.100, 0.100, 0.100, 0.100, 0.100, 0.100, 0.100, 0.100, 0.100, 0.100, 0.100, 0.100, 0.100, 0.100]
    Layer 34: sigma=[0.100, 0.100, 0.100, 0.100, 0.100, 0.100, 0.100, 0.100, 0.100, 0.100, 0.100, 0.100, 0.100, 0.100, 0.100, 0.100, 0.100, 0.100, 0.100, 0.100, 0.100, 0.100, 0.100, 0.100, 0.100, 0.100, 0.100, 0.100, 0.100, 0.100, 0.100, 0.100]
    Layer 35: sigma=[0.100, 0.100, 0.100, 0.100, 0.100, 0.100, 0.100, 0.100, 0.100, 0.100, 0.100, 0.100, 0.100, 0.100, 0.100, 0.100, 0.100, 0.100, 0.100, 0.100, 0.100, 0.100, 0.142, 0.100, 0.100, 0.100, 0.100, 0.100, 0.100, 0.100, 0.100, 0.100]

  [Taylor Step 3/3] g_proj = v_proj * alpha (damping=0.01)...
    Layer  1: alpha=0.060779  teacher_rms=0.0205  v_rms=0.0034
    Layer  2: alpha=0.057036  teacher_rms=0.0214  v_rms=0.0038
    Layer  3: alpha=0.048609  teacher_rms=0.0259  v_rms=0.0053
    Layer  4: alpha=0.047289  teacher_rms=0.0304  v_rms=0.0064
    Layer  5: alpha=0.062029  teacher_rms=0.0409  v_rms=0.0066
    Layer  6: alpha=0.078529  teacher_rms=0.0621  v_rms=0.0079
    Layer  7: alpha=0.045950  teacher_rms=0.0530  v_rms=0.0115
    Layer  8: alpha=0.047225  teacher_rms=0.0708  v_rms=0.0150
    Layer  9: alpha=0.034415  teacher_rms=0.0713  v_rms=0.0207
    Layer 10: alpha=0.051225  teacher_rms=0.1092  v_rms=0.0213
    Layer 11: alpha=0.063343  teacher_rms=0.1046  v_rms=0.0165
    Layer 12: alpha=0.059636  teacher_rms=0.1207  v_rms=0.0202
    Layer 13: alpha=0.052792  teacher_rms=0.1040  v_rms=0.0197
    Layer 14: alpha=0.066572  teacher_rms=0.1547  v_rms=0.0232
    Layer 15: alpha=0.057822  teacher_rms=0.1576  v_rms=0.0273
    Layer 16: alpha=0.041884  teacher_rms=0.1473  v_rms=0.0352
    Layer 17: alpha=0.042839  teacher_rms=0.1753  v_rms=0.0409
    Layer 18: alpha=0.045765  teacher_rms=0.1990  v_rms=0.0435
    Layer 19: alpha=0.054704  teacher_rms=0.2060  v_rms=0.0377
    Layer 20: alpha=0.056764  teacher_rms=0.1966  v_rms=0.0346
    Layer 21: alpha=0.053409  teacher_rms=0.2373  v_rms=0.0444
    Layer 22: alpha=0.055804  teacher_rms=0.2834  v_rms=0.0508
    Layer 23: alpha=0.048020  teacher_rms=0.3098  v_rms=0.0645
    Layer 24: alpha=0.032442  teacher_rms=0.2897  v_rms=0.0893
    Layer 25: alpha=0.039923  teacher_rms=0.2376  v_rms=0.0595
    Layer 26: alpha=0.029256  teacher_rms=0.2124  v_rms=0.0726
    Layer 27: alpha=0.037093  teacher_rms=0.3083  v_rms=0.0831
    Layer 28: alpha=0.042758  teacher_rms=0.3705  v_rms=0.0867
    Layer 29: alpha=0.017344  teacher_rms=0.2548  v_rms=0.1469
    Layer 30: alpha=0.028577  teacher_rms=0.4297  v_rms=0.1504
    Layer 31: alpha=0.021212  teacher_rms=0.3785  v_rms=0.1784
    Layer 32: alpha=0.023899  teacher_rms=0.5288  v_rms=0.2213
    Layer 33: alpha=0.018560  teacher_rms=0.6404  v_rms=0.3451
    Layer 34: alpha=0.033190  teacher_rms=1.0325  v_rms=0.3111
    Layer 35: alpha=0.059417  teacher_rms=1.0168  v_rms=0.1711

  Set g_proj = v_proj * alpha in 35 GDN layers (damping=0.01).
  Init (taylor_init) done in 385.5s
  Layer 0: PPL = 2861650.25  (eval 35.0s)

============================================================
  Probing layer 1 | strategy=taylor_init
============================================================
Loading checkpoint shards:   0%|          | 0/4 [00:00<?, ?it/s]Loading checkpoint shards: 100%|██████████| 4/4 [00:00<00:00, 141.56it/s]
Could not cache non-existence of file. Will ignore error and continue. Error: [Errno 13] Permission denied: '/data/shared/huggingface/hub/models--Qwen--Qwen3-8B/.no_exist/b968826d9c46dd6066d109eabc6255188de91218/model.safetensors'
Loading checkpoint shards:   0%|          | 0/5 [00:00<?, ?it/s]Loading checkpoint shards: 100%|██████████| 5/5 [00:00<00:00, 90.84it/s]
Token indices sequence length is longer than the specified maximum sequence length for this model (2429029 > 131072). Running this sequence through the model will result in indexing errors
  [Taylor Step 1/3] Gate calibration from attention stats...
    Layer  0: dist=[32, 3, 12, 35, 12, 26, 9, 11, 19, 6, 8, 9, 18, 34, 31, 10, 16, 19, 16, 14, 13, 23, 4, 12, 5, 52, 10, 43, 15, 36, 15, 14]
    Layer  2: dist=[65, 65, 67, 62, 26, 45, 33, 43, 39, 47, 56, 56, 53, 46, 46, 60, 61, 49, 54, 43, 49, 67, 48, 50, 25, 24, 21, 35, 73, 73, 77, 74]
    Layer  3: dist=[65, 26, 13, 22, 87, 93, 83, 73, 56, 53, 62, 58, 90, 73, 75, 74, 59, 62, 51, 67, 74, 60, 64, 65, 64, 56, 52, 59, 70, 63, 72, 65]
    Layer  4: dist=[62, 63, 73, 67, 73, 56, 61, 89, 68, 69, 63, 60, 55, 55, 71, 61, 62, 65, 67, 70, 64, 61, 47, 64, 41, 51, 48, 34, 51, 66, 55, 55]
    Layer  5: dist=[36, 48, 55, 35, 61, 68, 52, 51, 5, 18, 73, 61, 54, 78, 59, 52, 41, 32, 50, 48, 51, 55, 48, 59, 73, 73, 80, 80, 43, 44, 46, 58]
    Layer  6: dist=[27, 40, 30, 31, 52, 46, 67, 61, 46, 25, 43, 38, 56, 64, 56, 30, 47, 34, 45, 40, 20, 30, 32, 14, 35, 50, 32, 49, 47, 43, 37, 53]
    Layer  7: dist=[55, 60, 64, 87, 126, 114, 127, 121, 88, 119, 99, 72, 108, 23, 53, 97, 80, 101, 85, 81, 106, 86, 112, 116, 64, 78, 47, 86, 97, 101, 101, 106]
    Layer  8: dist=[83, 87, 90, 58, 81, 77, 69, 78, 86, 99, 87, 90, 94, 86, 96, 70, 116, 107, 103, 96, 92, 106, 100, 111, 92, 72, 95, 67, 84, 72, 79, 74]
    Layer  9: dist=[76, 60, 61, 67, 83, 97, 96, 74, 123, 120, 118, 112, 27, 87, 63, 85, 93, 100, 114, 125, 87, 77, 60, 70, 119, 81, 91, 97, 125, 113, 127, 123]
    Layer 10: dist=[76, 71, 58, 74, 85, 102, 64, 74, 63, 88, 106, 49, 88, 67, 82, 86, 87, 102, 100, 107, 88, 60, 107, 90, 93, 107, 84, 77, 76, 65, 82, 90]
    Layer 11: dist=[78, 65, 79, 48, 53, 61, 78, 77, 102, 123, 109, 93, 82, 64, 65, 69, 69, 63, 61, 51, 77, 107, 89, 87, 67, 59, 56, 54, 95, 55, 55, 94]
    Layer 12: dist=[21, 72, 79, 61, 87, 83, 66, 70, 63, 62, 74, 77, 86, 81, 82, 87, 39, 68, 59, 94, 102, 112, 97, 103, 93, 2, 107, 38, 81, 88, 113, 91]
    Layer 13: dist=[52, 68, 66, 62, 52, 51, 65, 40, 86, 63, 99, 122, 128, 115, 109, 124, 85, 72, 57, 61, 93, 55, 83, 90, 84, 59, 72, 76, 113, 111, 96, 99]
    Layer 14: dist=[44, 64, 65, 46, 62, 45, 64, 65, 54, 57, 70, 68, 69, 76, 65, 67, 77, 86, 51, 64, 65, 31, 51, 81, 52, 67, 73, 64, 85, 88, 8, 89]
    Layer 15: dist=[80, 44, 79, 38, 37, 38, 79, 67, 90, 60, 46, 104, 68, 107, 79, 89, 61, 57, 64, 68, 58, 60, 50, 51, 49, 34, 86, 62, 72, 84, 71, 49]
    Layer 16: dist=[61, 57, 74, 85, 55, 58, 48, 55, 54, 82, 73, 84, 90, 69, 86, 86, 68, 71, 60, 62, 115, 118, 110, 103, 71, 54, 64, 10, 58, 59, 65, 56]
    Layer 17: dist=[111, 95, 79, 67, 53, 57, 39, 47, 90, 108, 79, 100, 40, 57, 71, 74, 44, 61, 61, 42, 75, 98, 93, 97, 58, 55, 57, 52, 53, 79, 93, 67]
    Layer 18: dist=[34, 45, 35, 33, 56, 78, 74, 57, 64, 67, 66, 79, 61, 60, 57, 62, 46, 74, 72, 52, 68, 47, 65, 96, 58, 62, 61, 63, 52, 53, 79, 56]
    Layer 19: dist=[73, 64, 63, 62, 76, 103, 54, 71, 81, 85, 84, 93, 63, 57, 75, 63, 84, 85, 49, 49, 21, 50, 33, 49, 102, 106, 102, 116, 77, 77, 73, 72]
    Layer 20: dist=[89, 79, 80, 77, 78, 51, 49, 57, 40, 36, 43, 39, 92, 79, 87, 96, 45, 51, 56, 39, 73, 111, 101, 98, 125, 97, 105, 85, 93, 79, 108, 108]
    Layer 21: dist=[44, 50, 56, 68, 115, 65, 96, 118, 118, 61, 71, 69, 46, 41, 44, 42, 75, 75, 83, 65, 89, 99, 95, 96, 64, 62, 60, 80, 73, 79, 60, 88]
    Layer 22: dist=[73, 60, 67, 63, 52, 72, 45, 56, 37, 49, 45, 59, 18, 86, 61, 64, 33, 79, 76, 41, 102, 115, 120, 121, 101, 84, 91, 95, 114, 92, 103, 95]
    Layer 23: dist=[39, 30, 48, 39, 110, 111, 41, 102, 79, 36, 45, 63, 75, 72, 79, 77, 82, 75, 74, 94, 72, 93, 82, 76, 78, 72, 68, 100, 91, 90, 83, 78]
    Layer 24: dist=[79, 124, 109, 101, 99, 109, 111, 97, 102, 105, 104, 84, 78, 75, 89, 74, 81, 86, 98, 88, 120, 103, 102, 117, 65, 73, 79, 51, 95, 111, 98, 88]
    Layer 25: dist=[105, 121, 118, 94, 71, 72, 107, 80, 96, 97, 85, 90, 65, 89, 50, 68, 93, 99, 97, 89, 102, 111, 105, 108, 110, 110, 99, 108, 88, 125, 98, 88]
    Layer 26: dist=[80, 88, 106, 68, 115, 113, 113, 110, 102, 107, 105, 98, 100, 124, 116, 116, 86, 93, 99, 95, 102, 113, 122, 114, 99, 97, 102, 93, 115, 96, 114, 95]
    Layer 27: dist=[87, 108, 103, 117, 98, 105, 101, 86, 77, 100, 107, 99, 78, 109, 80, 86, 96, 99, 99, 104, 91, 112, 113, 92, 110, 113, 116, 117, 107, 77, 92, 117]
    Layer 28: dist=[103, 92, 102, 102, 82, 63, 80, 76, 96, 107, 92, 89, 112, 105, 96, 101, 112, 104, 104, 108, 119, 71, 60, 89, 91, 88, 99, 99, 92, 92, 71, 95]
    Layer 29: dist=[113, 114, 114, 113, 90, 112, 94, 114, 119, 113, 122, 105, 120, 120, 119, 120, 116, 106, 115, 121, 123, 123, 107, 125, 100, 114, 97, 92, 106, 95, 106, 109]
    Layer 30: dist=[75, 102, 99, 100, 102, 100, 90, 67, 117, 117, 115, 120, 105, 104, 113, 101, 97, 78, 120, 122, 51, 120, 100, 110, 119, 119, 119, 118, 106, 110, 107, 102]
    Layer 31: dist=[119, 117, 99, 98, 112, 113, 114, 116, 114, 77, 87, 91, 117, 116, 117, 115, 101, 101, 106, 94, 119, 116, 108, 119, 112, 109, 89, 120, 112, 106, 102, 110]
    Layer 32: dist=[110, 114, 114, 111, 116, 119, 116, 117, 110, 111, 117, 115, 93, 113, 108, 91, 118, 106, 109, 111, 123, 92, 114, 120, 71, 95, 80, 105, 116, 107, 99, 103]
    Layer 33: dist=[102, 120, 112, 119, 91, 102, 57, 94, 116, 116, 113, 113, 114, 115, 113, 116, 114, 117, 106, 109, 112, 96, 110, 113, 111, 119, 122, 118, 110, 111, 107, 104]
    Layer 34: dist=[110, 109, 112, 113, 105, 111, 108, 102, 53, 93, 114, 86, 117, 115, 120, 81, 82, 89, 126, 55, 119, 51, 118, 119, 122, 122, 125, 122, 54, 62, 68, 109]
    Layer 35: dist=[105, 123, 71, 97, 82, 36, 112, 100, 85, 94, 112, 96, 63, 28, 49, 40, 98, 74, 84, 48, 90, 102, 55, 54, 66, 49, 68, 72, 73, 115, 122, 117]

  [Taylor Step 2/3] OLS sigma per head (scaling V, streaming)...
    Layer  0: sigma=[0.613, 0.100, 0.100, 0.100, 0.333, 0.379, 0.100, 0.100, 0.100, 0.147, 0.100, 0.100, 0.100, 0.100, 0.100, 0.259, 0.100, 0.100, 0.100, 0.100, 0.100, 0.100, 0.100, 0.100, 0.100, 0.100, 0.351, 0.100, 0.100, 0.100, 0.161, 0.100]
    Layer  2: sigma=[0.100, 0.100, 0.100, 0.100, 0.100, 0.100, 0.100, 0.100, 0.108, 0.100, 0.100, 0.100, 0.100, 0.146, 0.100, 0.100, 0.100, 0.220, 0.100, 0.100, 0.100, 0.100, 0.100, 0.100, 0.100, 0.169, 0.100, 0.100, 0.100, 0.100, 0.100, 0.100]
    Layer  3: sigma=[0.100, 0.321, 0.100, 0.151, 0.100, 0.100, 0.100, 0.100, 0.100, 0.100, 0.100, 0.100, 0.100, 0.100, 0.100, 0.100, 0.100, 0.100, 0.100, 0.100, 0.100, 0.107, 0.100, 0.100, 0.100, 0.100, 0.100, 0.100, 0.100, 0.100, 0.100, 0.100]
    Layer  4: sigma=[0.100, 0.100, 0.100, 0.100, 0.100, 0.100, 0.100, 0.100, 0.100, 0.100, 0.100, 0.100, 0.100, 0.100, 0.100, 0.100, 0.100, 0.100, 0.100, 0.100, 0.132, 0.138, 0.319, 0.100, 0.100, 0.100, 0.100, 0.100, 0.100, 0.100, 0.100, 0.100]
    Layer  5: sigma=[0.100, 0.100, 0.100, 0.100, 0.100, 0.100, 0.100, 0.100, 0.100, 0.140, 0.100, 0.108, 0.100, 0.100, 0.100, 0.122, 0.100, 0.185, 0.100, 0.100, 0.100, 0.100, 0.100, 0.100, 0.100, 0.100, 0.100, 0.100, 0.100, 0.100, 0.100, 0.100]
    Layer  6: sigma=[0.100, 0.100, 0.100, 0.100, 0.100, 0.100, 0.100, 0.100, 0.100, 0.100, 0.100, 0.100, 0.100, 0.100, 0.100, 0.100, 0.100, 0.100, 0.100, 0.100, 0.157, 0.100, 0.100, 0.100, 0.100, 0.100, 0.100, 0.100, 0.100, 0.100, 0.100, 0.100]
    Layer  7: sigma=[0.100, 0.148, 0.100, 0.100, 0.120, 0.100, 0.100, 0.100, 0.100, 0.100, 0.100, 0.100, 0.100, 0.100, 0.100, 0.100, 0.100, 0.100, 0.100, 0.100, 0.100, 0.100, 0.100, 0.100, 0.100, 0.100, 0.100, 0.100, 0.100, 0.100, 0.100, 0.100]
    Layer  8: sigma=[0.100, 0.100, 0.100, 0.100, 0.100, 0.100, 0.100, 0.100, 0.100, 0.100, 0.100, 0.100, 0.100, 0.100, 0.100, 0.100, 0.100, 0.100, 0.100, 0.100, 0.100, 0.100, 0.100, 0.100, 0.100, 0.100, 0.100, 0.171, 0.100, 0.100, 0.100, 0.100]
    Layer  9: sigma=[0.100, 0.100, 0.100, 0.100, 0.100, 0.100, 0.100, 0.100, 0.100, 0.100, 0.100, 0.100, 0.100, 0.100, 0.529, 0.137, 0.100, 0.100, 0.100, 0.100, 0.100, 0.100, 0.100, 0.100, 0.100, 0.100, 0.100, 0.100, 0.100, 0.100, 0.100, 0.100]
    Layer 10: sigma=[0.100, 0.100, 0.100, 0.100, 0.100, 0.100, 0.100, 0.100, 0.100, 0.100, 0.100, 0.100, 0.100, 0.100, 0.100, 0.100, 0.100, 0.100, 0.100, 0.100, 0.100, 0.100, 0.100, 0.100, 0.100, 0.100, 0.100, 0.100, 0.100, 0.100, 0.100, 0.100]
    Layer 11: sigma=[0.100, 0.100, 0.100, 0.100, 0.143, 0.100, 0.100, 0.100, 0.100, 0.108, 0.100, 0.100, 0.100, 0.100, 0.230, 0.100, 0.100, 0.100, 0.100, 0.100, 0.100, 0.100, 0.100, 0.100, 0.100, 0.100, 0.168, 0.100, 0.100, 0.100, 0.100, 0.100]
    Layer 12: sigma=[0.100, 0.100, 0.100, 0.100, 0.100, 0.100, 0.100, 0.100, 0.100, 0.101, 0.100, 0.107, 0.100, 0.100, 0.100, 0.100, 0.100, 0.297, 0.160, 0.100, 0.100, 0.100, 0.100, 0.100, 0.100, 0.100, 0.100, 0.212, 0.100, 0.100, 0.120, 0.100]
    Layer 13: sigma=[0.216, 0.100, 0.100, 0.334, 0.100, 0.100, 0.100, 0.100, 0.100, 0.100, 0.100, 0.100, 0.100, 0.100, 0.100, 0.100, 0.100, 0.100, 0.100, 0.114, 0.100, 0.100, 0.100, 0.100, 0.100, 0.100, 0.100, 0.100, 0.100, 0.100, 0.100, 0.100]
    Layer 14: sigma=[0.100, 0.100, 0.100, 0.100, 0.100, 0.356, 0.100, 0.100, 0.100, 0.100, 0.100, 0.100, 0.100, 0.100, 0.100, 0.100, 0.100, 0.100, 0.100, 0.100, 0.100, 0.100, 0.100, 0.100, 0.118, 0.117, 0.100, 0.100, 0.100, 0.100, 0.100, 0.100]
    Layer 15: sigma=[0.100, 0.174, 0.100, 0.100, 0.100, 0.110, 0.100, 0.100, 0.100, 0.100, 0.100, 0.100, 0.209, 0.100, 0.100, 0.100, 0.100, 0.100, 0.100, 0.100, 0.100, 0.100, 0.100, 0.100, 0.155, 0.100, 0.100, 0.100, 0.100, 0.100, 0.100, 0.100]
    Layer 16: sigma=[0.100, 0.100, 0.100, 0.100, 0.100, 0.100, 0.100, 0.100, 0.100, 0.100, 0.100, 0.100, 0.100, 0.100, 0.100, 0.100, 0.100, 0.100, 0.100, 0.100, 0.100, 0.100, 0.100, 0.100, 0.100, 0.100, 0.100, 0.391, 0.100, 0.100, 0.100, 0.100]
    Layer 17: sigma=[0.100, 0.100, 0.100, 0.100, 0.100, 0.159, 0.100, 0.100, 0.100, 0.100, 0.100, 0.100, 0.100, 0.100, 0.100, 0.100, 0.132, 0.100, 0.100, 0.382, 0.100, 0.100, 0.100, 0.103, 0.150, 0.100, 0.448, 0.100, 0.100, 0.100, 0.100, 0.100]
    Layer 18: sigma=[0.100, 0.495, 0.100, 0.100, 0.100, 0.100, 0.100, 0.194, 0.100, 0.100, 0.100, 0.100, 0.100, 0.100, 0.100, 0.100, 0.120, 0.100, 0.100, 0.100, 0.100, 0.100, 0.100, 0.100, 0.100, 0.100, 0.100, 0.100, 0.100, 0.100, 0.100, 0.100]
    Layer 19: sigma=[0.100, 0.100, 0.100, 0.100, 0.100, 0.100, 0.100, 0.100, 0.100, 0.100, 0.100, 0.100, 0.132, 0.100, 0.100, 0.191, 0.100, 0.100, 0.100, 0.341, 0.100, 0.100, 0.100, 0.133, 0.100, 0.100, 0.100, 0.100, 0.100, 0.100, 0.100, 0.100]
    Layer 20: sigma=[0.100, 0.100, 0.100, 0.100, 0.100, 0.204, 0.100, 0.100, 0.173, 0.110, 0.100, 0.100, 0.100, 0.100, 0.100, 0.104, 0.100, 0.139, 0.100, 0.100, 0.100, 0.100, 0.100, 0.100, 0.100, 0.100, 0.100, 0.100, 0.100, 0.100, 0.100, 0.100]
    Layer 21: sigma=[0.100, 0.119, 0.100, 0.100, 0.100, 0.100, 0.100, 0.100, 0.100, 0.120, 0.100, 0.294, 0.100, 0.100, 0.117, 0.100, 0.100, 0.100, 0.100, 0.100, 0.100, 0.100, 0.100, 0.100, 0.100, 0.100, 0.100, 0.100, 0.100, 0.100, 0.254, 0.102]
    Layer 22: sigma=[0.135, 0.100, 0.100, 0.100, 0.150, 0.100, 0.100, 0.253, 0.140, 0.100, 0.100, 0.100, 0.100, 0.100, 0.100, 0.107, 0.100, 0.100, 0.100, 0.100, 0.100, 0.100, 0.100, 0.100, 0.100, 0.100, 0.100, 0.100, 0.100, 0.100, 0.100, 0.100]
    Layer 23: sigma=[0.169, 0.270, 0.186, 0.100, 0.100, 0.100, 0.110, 0.100, 0.100, 0.233, 0.100, 0.100, 0.100, 0.100, 0.100, 0.100, 0.100, 0.100, 0.100, 0.100, 0.100, 0.100, 0.100, 0.100, 0.100, 0.100, 0.100, 0.100, 0.100, 0.100, 0.155, 0.265]
    Layer 24: sigma=[0.100, 0.100, 0.100, 0.100, 0.100, 0.100, 0.100, 0.100, 0.100, 0.100, 0.100, 0.100, 0.100, 0.100, 0.100, 0.125, 0.100, 0.100, 0.100, 0.100, 0.100, 0.100, 0.100, 0.100, 0.224, 0.396, 0.100, 0.342, 0.100, 0.100, 0.100, 0.100]
    Layer 25: sigma=[0.100, 0.100, 0.100, 0.100, 0.100, 0.100, 0.100, 0.100, 0.100, 0.100, 0.100, 0.100, 0.100, 0.100, 0.100, 0.100, 0.100, 0.100, 0.100, 0.100, 0.100, 0.100, 0.100, 0.100, 0.100, 0.100, 0.100, 0.100, 0.100, 0.100, 0.100, 0.100]
    Layer 26: sigma=[0.104, 0.100, 0.100, 0.100, 0.100, 0.100, 0.100, 0.100, 0.100, 0.100, 0.100, 0.100, 0.100, 0.100, 0.100, 0.100, 0.100, 0.100, 0.100, 0.100, 0.100, 0.100, 0.100, 0.100, 0.100, 0.100, 0.100, 0.100, 0.100, 0.100, 0.100, 0.100]
    Layer 27: sigma=[0.100, 0.100, 0.100, 0.100, 0.100, 0.100, 0.100, 0.100, 0.100, 0.100, 0.100, 0.100, 0.100, 0.100, 0.100, 0.100, 0.100, 0.100, 0.100, 0.100, 0.100, 0.100, 0.100, 0.100, 0.100, 0.100, 0.100, 0.100, 0.100, 0.110, 0.100, 0.100]
    Layer 28: sigma=[0.100, 0.100, 0.100, 0.100, 0.100, 0.127, 0.100, 0.128, 0.100, 0.100, 0.100, 0.100, 0.100, 0.100, 0.100, 0.100, 0.100, 0.100, 0.100, 0.100, 0.100, 0.100, 0.100, 0.100, 0.100, 0.100, 0.100, 0.100, 0.100, 0.100, 0.100, 0.100]
    Layer 29: sigma=[0.100, 0.100, 0.100, 0.100, 0.100, 0.100, 0.100, 0.100, 0.100, 0.100, 0.100, 0.100, 0.100, 0.100, 0.100, 0.100, 0.100, 0.100, 0.100, 0.100, 0.100, 0.100, 0.100, 0.100, 0.100, 0.100, 0.100, 0.100, 0.100, 0.100, 0.100, 0.100]
    Layer 30: sigma=[0.100, 0.100, 0.100, 0.100, 0.100, 0.100, 0.100, 0.100, 0.100, 0.100, 0.100, 0.100, 0.100, 0.100, 0.100, 0.100, 0.100, 0.100, 0.100, 0.100, 0.100, 0.100, 0.100, 0.100, 0.100, 0.100, 0.100, 0.100, 0.100, 0.100, 0.100, 0.100]
    Layer 31: sigma=[0.100, 0.100, 0.100, 0.100, 0.100, 0.100, 0.100, 0.100, 0.100, 0.100, 0.100, 0.100, 0.100, 0.100, 0.100, 0.100, 0.100, 0.100, 0.100, 0.108, 0.100, 0.100, 0.100, 0.100, 0.100, 0.100, 0.100, 0.100, 0.100, 0.100, 0.100, 0.100]
    Layer 32: sigma=[0.100, 0.100, 0.100, 0.100, 0.100, 0.100, 0.100, 0.100, 0.100, 0.100, 0.100, 0.100, 0.100, 0.100, 0.100, 0.100, 0.100, 0.100, 0.100, 0.100, 0.100, 0.100, 0.100, 0.100, 0.100, 0.100, 0.100, 0.100, 0.100, 0.100, 0.100, 0.100]
    Layer 33: sigma=[0.100, 0.100, 0.100, 0.100, 0.100, 0.100, 0.100, 0.100, 0.100, 0.100, 0.100, 0.100, 0.100, 0.100, 0.100, 0.100, 0.100, 0.100, 0.100, 0.100, 0.100, 0.100, 0.100, 0.100, 0.100, 0.100, 0.100, 0.100, 0.100, 0.100, 0.100, 0.100]
    Layer 34: sigma=[0.100, 0.100, 0.100, 0.100, 0.100, 0.100, 0.100, 0.100, 0.100, 0.100, 0.100, 0.100, 0.100, 0.100, 0.100, 0.100, 0.100, 0.100, 0.100, 0.110, 0.100, 0.100, 0.100, 0.100, 0.100, 0.100, 0.100, 0.100, 0.100, 0.100, 0.100, 0.100]
    Layer 35: sigma=[0.100, 0.100, 0.100, 0.100, 0.104, 0.100, 0.100, 0.100, 0.100, 0.105, 0.100, 0.100, 0.100, 0.100, 0.100, 0.100, 0.100, 0.100, 0.100, 0.100, 0.100, 0.100, 0.121, 0.100, 0.100, 0.100, 0.100, 0.100, 0.100, 0.100, 0.100, 0.100]

  [Taylor Step 3/3] g_proj = v_proj * alpha (damping=0.01)...
    Layer  0: alpha=0.060490  teacher_rms=0.0163  v_rms=0.0027
    Layer  2: alpha=0.057068  teacher_rms=0.0214  v_rms=0.0038
    Layer  3: alpha=0.048906  teacher_rms=0.0259  v_rms=0.0053
    Layer  4: alpha=0.047333  teacher_rms=0.0304  v_rms=0.0064
    Layer  5: alpha=0.061664  teacher_rms=0.0409  v_rms=0.0066
    Layer  6: alpha=0.078267  teacher_rms=0.0621  v_rms=0.0079
    Layer  7: alpha=0.046024  teacher_rms=0.0530  v_rms=0.0115
    Layer  8: alpha=0.047573  teacher_rms=0.0708  v_rms=0.0149
    Layer  9: alpha=0.036412  teacher_rms=0.0713  v_rms=0.0196
    Layer 10: alpha=0.051225  teacher_rms=0.1092  v_rms=0.0213
    Layer 11: alpha=0.063196  teacher_rms=0.1046  v_rms=0.0165
    Layer 12: alpha=0.061183  teacher_rms=0.1207  v_rms=0.0197
    Layer 13: alpha=0.053086  teacher_rms=0.1040  v_rms=0.0196
    Layer 14: alpha=0.066321  teacher_rms=0.1547  v_rms=0.0233
    Layer 15: alpha=0.057900  teacher_rms=0.1576  v_rms=0.0272
    Layer 16: alpha=0.042867  teacher_rms=0.1473  v_rms=0.0344
    Layer 17: alpha=0.042841  teacher_rms=0.1753  v_rms=0.0409
    Layer 18: alpha=0.043804  teacher_rms=0.1990  v_rms=0.0454
    Layer 19: alpha=0.053059  teacher_rms=0.2060  v_rms=0.0388
    Layer 20: alpha=0.055651  teacher_rms=0.1966  v_rms=0.0353
    Layer 21: alpha=0.052171  teacher_rms=0.2373  v_rms=0.0455
    Layer 22: alpha=0.055844  teacher_rms=0.2834  v_rms=0.0508
    Layer 23: alpha=0.050756  teacher_rms=0.3098  v_rms=0.0610
    Layer 24: alpha=0.033946  teacher_rms=0.2897  v_rms=0.0853
    Layer 25: alpha=0.040058  teacher_rms=0.2376  v_rms=0.0593
    Layer 26: alpha=0.029220  teacher_rms=0.2124  v_rms=0.0727
    Layer 27: alpha=0.037000  teacher_rms=0.3083  v_rms=0.0833
    Layer 28: alpha=0.042113  teacher_rms=0.3705  v_rms=0.0880
    Layer 29: alpha=0.017344  teacher_rms=0.2548  v_rms=0.1469
    Layer 30: alpha=0.029045  teacher_rms=0.4297  v_rms=0.1480
    Layer 31: alpha=0.021188  teacher_rms=0.3785  v_rms=0.1786
    Layer 32: alpha=0.023899  teacher_rms=0.5288  v_rms=0.2213
    Layer 33: alpha=0.018560  teacher_rms=0.6404  v_rms=0.3451
    Layer 34: alpha=0.033141  teacher_rms=1.0325  v_rms=0.3115
    Layer 35: alpha=0.059629  teacher_rms=1.0168  v_rms=0.1705

  Set g_proj = v_proj * alpha in 35 GDN layers (damping=0.01).
  Init (taylor_init) done in 345.2s
  Layer 1: PPL = 4200048.00  (eval 13.2s)

============================================================
  Probing layer 2 | strategy=taylor_init
============================================================
Loading checkpoint shards:   0%|          | 0/4 [00:00<?, ?it/s]Loading checkpoint shards: 100%|██████████| 4/4 [00:00<00:00, 143.49it/s]
Could not cache non-existence of file. Will ignore error and continue. Error: [Errno 13] Permission denied: '/data/shared/huggingface/hub/models--Qwen--Qwen3-8B/.no_exist/b968826d9c46dd6066d109eabc6255188de91218/model.safetensors'
Loading checkpoint shards:   0%|          | 0/5 [00:00<?, ?it/s]Loading checkpoint shards: 100%|██████████| 5/5 [00:00<00:00, 114.06it/s]
Token indices sequence length is longer than the specified maximum sequence length for this model (2429029 > 131072). Running this sequence through the model will result in indexing errors
  [Taylor Step 1/3] Gate calibration from attention stats...
    Layer  0: dist=[32, 3, 12, 35, 12, 26, 9, 11, 19, 6, 8, 9, 18, 34, 31, 10, 16, 19, 16, 14, 13, 23, 4, 12, 5, 52, 10, 43, 15, 36, 15, 14]
    Layer  1: dist=[19, 38, 25, 44, 3, 15, 31, 11, 45, 36, 65, 60, 34, 47, 51, 38, 32, 54, 57, 33, 56, 24, 40, 40, 37, 9, 44, 41, 83, 31, 37, 49]
    Layer  3: dist=[65, 26, 13, 22, 87, 93, 83, 73, 56, 53, 62, 58, 90, 73, 75, 74, 59, 62, 51, 67, 74, 60, 64, 65, 64, 56, 52, 59, 70, 63, 72, 65]
    Layer  4: dist=[62, 63, 73, 67, 73, 56, 61, 89, 68, 69, 63, 60, 55, 55, 71, 61, 62, 65, 67, 70, 64, 61, 47, 64, 41, 51, 48, 34, 51, 66, 55, 55]
    Layer  5: dist=[36, 48, 55, 35, 61, 68, 52, 51, 5, 18, 73, 61, 54, 78, 59, 52, 41, 32, 50, 48, 51, 55, 48, 59, 73, 73, 80, 80, 43, 44, 46, 58]
    Layer  6: dist=[27, 40, 30, 31, 52, 46, 67, 61, 46, 25, 43, 38, 56, 64, 56, 30, 47, 34, 45, 40, 20, 30, 32, 14, 35, 50, 32, 49, 47, 43, 37, 53]
    Layer  7: dist=[55, 60, 64, 87, 126, 114, 127, 121, 88, 119, 99, 72, 108, 23, 53, 97, 80, 101, 85, 81, 106, 86, 112, 116, 64, 78, 47, 86, 97, 101, 101, 106]
    Layer  8: dist=[83, 87, 90, 58, 81, 77, 69, 78, 86, 99, 87, 90, 94, 86, 96, 70, 116, 107, 103, 96, 92, 106, 100, 111, 92, 72, 95, 67, 84, 72, 79, 74]
    Layer  9: dist=[76, 60, 61, 67, 83, 97, 96, 74, 123, 120, 118, 112, 27, 87, 63, 85, 93, 100, 114, 125, 87, 77, 60, 70, 119, 81, 91, 97, 125, 113, 127, 123]
    Layer 10: dist=[76, 71, 58, 74, 85, 102, 64, 74, 63, 88, 106, 49, 88, 67, 82, 86, 87, 102, 100, 107, 88, 60, 107, 90, 93, 107, 84, 77, 76, 65, 82, 90]
    Layer 11: dist=[78, 65, 79, 48, 53, 61, 78, 77, 102, 123, 109, 93, 82, 64, 65, 69, 69, 63, 61, 51, 77, 107, 89, 87, 67, 59, 56, 54, 95, 55, 55, 94]
    Layer 12: dist=[21, 72, 79, 61, 87, 83, 66, 70, 63, 62, 74, 77, 86, 81, 82, 87, 39, 68, 59, 94, 102, 112, 97, 103, 93, 2, 107, 38, 81, 88, 113, 91]
    Layer 13: dist=[52, 68, 66, 62, 52, 51, 65, 40, 86, 63, 99, 122, 128, 115, 109, 124, 85, 72, 57, 61, 93, 55, 83, 90, 84, 59, 72, 76, 113, 111, 96, 99]
    Layer 14: dist=[44, 64, 65, 46, 62, 45, 64, 65, 54, 57, 70, 68, 69, 76, 65, 67, 77, 86, 51, 64, 65, 31, 51, 81, 52, 67, 73, 64, 85, 88, 8, 89]
    Layer 15: dist=[80, 44, 79, 38, 37, 38, 79, 67, 90, 60, 46, 104, 68, 107, 79, 89, 61, 57, 64, 68, 58, 60, 50, 51, 49, 34, 86, 62, 72, 84, 71, 49]
    Layer 16: dist=[61, 57, 74, 85, 55, 58, 48, 55, 54, 82, 73, 84, 90, 69, 86, 86, 68, 71, 60, 62, 115, 118, 110, 103, 71, 54, 64, 10, 58, 59, 65, 56]
    Layer 17: dist=[111, 95, 79, 67, 53, 57, 39, 47, 90, 108, 79, 100, 40, 57, 71, 74, 44, 61, 61, 42, 75, 98, 93, 97, 58, 55, 57, 52, 53, 79, 93, 67]
    Layer 18: dist=[34, 45, 35, 33, 56, 78, 74, 57, 64, 67, 66, 79, 61, 60, 57, 62, 46, 74, 72, 52, 68, 47, 65, 96, 58, 62, 61, 63, 52, 53, 79, 56]
    Layer 19: dist=[73, 64, 63, 62, 76, 103, 54, 71, 81, 85, 84, 93, 63, 57, 75, 63, 84, 85, 49, 49, 21, 50, 33, 49, 102, 106, 102, 116, 77, 77, 73, 72]
    Layer 20: dist=[89, 79, 80, 77, 78, 51, 49, 57, 40, 36, 43, 39, 92, 79, 87, 96, 45, 51, 56, 39, 73, 111, 101, 98, 125, 97, 105, 85, 93, 79, 108, 108]
    Layer 21: dist=[44, 50, 56, 68, 115, 65, 96, 118, 118, 61, 71, 69, 46, 41, 44, 42, 75, 75, 83, 65, 89, 99, 95, 96, 64, 62, 60, 80, 73, 79, 60, 88]
    Layer 22: dist=[73, 60, 67, 63, 52, 72, 45, 56, 37, 49, 45, 59, 18, 86, 61, 64, 33, 79, 76, 41, 102, 115, 120, 121, 101, 84, 91, 95, 114, 92, 103, 95]
    Layer 23: dist=[39, 30, 48, 39, 110, 111, 41, 102, 79, 36, 45, 63, 75, 72, 79, 77, 82, 75, 74, 94, 72, 93, 82, 76, 78, 72, 68, 100, 91, 90, 83, 78]
    Layer 24: dist=[79, 124, 109, 101, 99, 109, 111, 97, 102, 105, 104, 84, 78, 75, 89, 74, 81, 86, 98, 88, 120, 103, 102, 117, 65, 73, 79, 51, 95, 111, 98, 88]
    Layer 25: dist=[105, 121, 118, 94, 71, 72, 107, 80, 96, 97, 85, 90, 65, 89, 50, 68, 93, 99, 97, 89, 102, 111, 105, 108, 110, 110, 99, 108, 88, 125, 98, 88]
    Layer 26: dist=[80, 88, 106, 68, 115, 113, 113, 110, 102, 107, 105, 98, 100, 124, 116, 116, 86, 93, 99, 95, 102, 113, 122, 114, 99, 97, 102, 93, 115, 96, 114, 95]
    Layer 27: dist=[87, 108, 103, 117, 98, 105, 101, 86, 77, 100, 107, 99, 78, 109, 80, 86, 96, 99, 99, 104, 91, 112, 113, 92, 110, 113, 116, 117, 107, 77, 92, 117]
    Layer 28: dist=[103, 92, 102, 102, 82, 63, 80, 76, 96, 107, 92, 89, 112, 105, 96, 101, 112, 104, 104, 108, 119, 71, 60, 89, 91, 88, 99, 99, 92, 92, 71, 95]
    Layer 29: dist=[113, 114, 114, 113, 90, 112, 94, 114, 119, 113, 122, 105, 120, 120, 119, 120, 116, 106, 115, 121, 123, 123, 107, 125, 100, 114, 97, 92, 106, 95, 106, 109]
    Layer 30: dist=[75, 102, 99, 100, 102, 100, 90, 67, 117, 117, 115, 120, 105, 104, 113, 101, 97, 78, 120, 122, 51, 120, 100, 110, 119, 119, 119, 118, 106, 110, 107, 102]
    Layer 31: dist=[119, 117, 99, 98, 112, 113, 114, 116, 114, 77, 87, 91, 117, 116, 117, 115, 101, 101, 106, 94, 119, 116, 108, 119, 112, 109, 89, 120, 112, 106, 102, 110]
    Layer 32: dist=[110, 114, 114, 111, 116, 119, 116, 117, 110, 111, 117, 115, 93, 113, 108, 91, 118, 106, 109, 111, 123, 92, 114, 120, 71, 95, 80, 105, 116, 107, 99, 103]
    Layer 33: dist=[102, 120, 112, 119, 91, 102, 57, 94, 116, 116, 113, 113, 114, 115, 113, 116, 114, 117, 106, 109, 112, 96, 110, 113, 111, 119, 122, 118, 110, 111, 107, 104]
    Layer 34: dist=[110, 109, 112, 113, 105, 111, 108, 102, 53, 93, 114, 86, 117, 115, 120, 81, 82, 89, 126, 55, 119, 51, 118, 119, 122, 122, 125, 122, 54, 62, 68, 109]
    Layer 35: dist=[105, 123, 71, 97, 82, 36, 112, 100, 85, 94, 112, 96, 63, 28, 49, 40, 98, 74, 84, 48, 90, 102, 55, 54, 66, 49, 68, 72, 73, 115, 122, 117]

  [Taylor Step 2/3] OLS sigma per head (scaling V, streaming)...
    Layer  0: sigma=[0.612, 0.100, 0.100, 0.100, 0.332, 0.382, 0.100, 0.100, 0.100, 0.148, 0.100, 0.100, 0.100, 0.100, 0.100, 0.261, 0.100, 0.100, 0.100, 0.100, 0.100, 0.100, 0.100, 0.100, 0.100, 0.100, 0.351, 0.100, 0.100, 0.100, 0.161, 0.100]
    Layer  1: sigma=[0.353, 0.100, 0.100, 0.100, 0.100, 0.100, 0.100, 0.100, 0.100, 0.165, 0.247, 0.100, 0.100, 0.100, 0.100, 0.100, 0.100, 0.100, 0.100, 0.100, 0.100, 0.100, 0.100, 0.117, 0.100, 0.100, 0.114, 0.100, 0.100, 0.100, 0.100, 0.100]
    Layer  3: sigma=[0.100, 0.321, 0.100, 0.156, 0.100, 0.100, 0.100, 0.100, 0.100, 0.100, 0.100, 0.100, 0.100, 0.100, 0.100, 0.100, 0.100, 0.100, 0.100, 0.100, 0.100, 0.105, 0.100, 0.100, 0.100, 0.100, 0.100, 0.100, 0.100, 0.100, 0.100, 0.100]
    Layer  4: sigma=[0.100, 0.100, 0.100, 0.100, 0.100, 0.100, 0.100, 0.100, 0.100, 0.100, 0.100, 0.100, 0.100, 0.100, 0.100, 0.100, 0.100, 0.100, 0.100, 0.100, 0.133, 0.140, 0.321, 0.100, 0.100, 0.100, 0.100, 0.100, 0.100, 0.100, 0.100, 0.100]
    Layer  5: sigma=[0.100, 0.100, 0.100, 0.100, 0.100, 0.100, 0.100, 0.100, 0.100, 0.139, 0.100, 0.111, 0.100, 0.100, 0.100, 0.122, 0.100, 0.176, 0.100, 0.100, 0.100, 0.100, 0.100, 0.100, 0.100, 0.100, 0.100, 0.100, 0.100, 0.100, 0.100, 0.100]
    Layer  6: sigma=[0.100, 0.100, 0.100, 0.100, 0.100, 0.100, 0.100, 0.100, 0.100, 0.100, 0.100, 0.100, 0.100, 0.100, 0.100, 0.100, 0.100, 0.100, 0.100, 0.100, 0.152, 0.100, 0.100, 0.100, 0.100, 0.100, 0.100, 0.100, 0.100, 0.100, 0.100, 0.100]
    Layer  7: sigma=[0.100, 0.149, 0.100, 0.100, 0.122, 0.100, 0.100, 0.100, 0.100, 0.100, 0.100, 0.100, 0.100, 0.100, 0.100, 0.100, 0.100, 0.100, 0.100, 0.100, 0.100, 0.100, 0.100, 0.100, 0.100, 0.100, 0.100, 0.100, 0.100, 0.100, 0.100, 0.100]
    Layer  8: sigma=[0.100, 0.100, 0.100, 0.100, 0.100, 0.100, 0.100, 0.100, 0.100, 0.100, 0.100, 0.100, 0.100, 0.100, 0.100, 0.100, 0.100, 0.100, 0.100, 0.100, 0.100, 0.100, 0.100, 0.100, 0.100, 0.100, 0.100, 0.172, 0.100, 0.100, 0.100, 0.100]
    Layer  9: sigma=[0.100, 0.100, 0.100, 0.100, 0.100, 0.100, 0.100, 0.100, 0.100, 0.100, 0.100, 0.100, 0.100, 0.100, 0.570, 0.136, 0.100, 0.100, 0.100, 0.100, 0.100, 0.100, 0.100, 0.100, 0.100, 0.100, 0.100, 0.100, 0.100, 0.100, 0.100, 0.100]
    Layer 10: sigma=[0.100, 0.100, 0.100, 0.100, 0.100, 0.100, 0.100, 0.100, 0.100, 0.100, 0.100, 0.100, 0.100, 0.100, 0.100, 0.100, 0.100, 0.100, 0.100, 0.100, 0.100, 0.100, 0.100, 0.100, 0.100, 0.100, 0.100, 0.100, 0.100, 0.100, 0.100, 0.100]
    Layer 11: sigma=[0.100, 0.100, 0.100, 0.100, 0.150, 0.100, 0.100, 0.100, 0.100, 0.104, 0.100, 0.100, 0.100, 0.100, 0.256, 0.100, 0.100, 0.100, 0.100, 0.100, 0.100, 0.100, 0.100, 0.100, 0.100, 0.100, 0.167, 0.100, 0.100, 0.100, 0.100, 0.100]
    Layer 12: sigma=[0.100, 0.100, 0.100, 0.100, 0.100, 0.100, 0.100, 0.100, 0.100, 0.101, 0.100, 0.108, 0.100, 0.100, 0.100, 0.100, 0.100, 0.284, 0.203, 0.100, 0.100, 0.100, 0.100, 0.100, 0.100, 0.100, 0.100, 0.205, 0.100, 0.100, 0.125, 0.100]
    Layer 13: sigma=[0.223, 0.100, 0.100, 0.293, 0.100, 0.100, 0.100, 0.100, 0.100, 0.100, 0.100, 0.100, 0.100, 0.100, 0.100, 0.100, 0.100, 0.100, 0.100, 0.108, 0.100, 0.100, 0.100, 0.100, 0.100, 0.100, 0.100, 0.100, 0.100, 0.100, 0.100, 0.100]
    Layer 14: sigma=[0.100, 0.100, 0.100, 0.100, 0.100, 0.397, 0.100, 0.100, 0.100, 0.100, 0.100, 0.100, 0.100, 0.100, 0.100, 0.100, 0.100, 0.100, 0.100, 0.100, 0.100, 0.100, 0.100, 0.100, 0.107, 0.115, 0.100, 0.100, 0.100, 0.100, 0.100, 0.100]
    Layer 15: sigma=[0.100, 0.196, 0.100, 0.100, 0.100, 0.108, 0.100, 0.100, 0.100, 0.100, 0.100, 0.100, 0.206, 0.100, 0.100, 0.100, 0.100, 0.100, 0.100, 0.100, 0.100, 0.100, 0.100, 0.100, 0.137, 0.100, 0.100, 0.100, 0.100, 0.100, 0.100, 0.100]
    Layer 16: sigma=[0.100, 0.100, 0.100, 0.100, 0.100, 0.100, 0.100, 0.100, 0.100, 0.100, 0.100, 0.100, 0.100, 0.100, 0.100, 0.100, 0.100, 0.100, 0.100, 0.100, 0.100, 0.100, 0.100, 0.100, 0.100, 0.100, 0.100, 0.412, 0.100, 0.100, 0.100, 0.100]
    Layer 17: sigma=[0.100, 0.100, 0.100, 0.100, 0.100, 0.134, 0.100, 0.100, 0.100, 0.100, 0.100, 0.100, 0.100, 0.100, 0.100, 0.100, 0.156, 0.107, 0.100, 0.425, 0.100, 0.100, 0.100, 0.100, 0.135, 0.100, 0.363, 0.100, 0.100, 0.100, 0.100, 0.100]
    Layer 18: sigma=[0.100, 0.540, 0.100, 0.100, 0.100, 0.100, 0.100, 0.190, 0.100, 0.100, 0.100, 0.100, 0.100, 0.100, 0.100, 0.100, 0.143, 0.100, 0.100, 0.100, 0.100, 0.100, 0.100, 0.100, 0.100, 0.100, 0.100, 0.100, 0.100, 0.100, 0.100, 0.100]
    Layer 19: sigma=[0.100, 0.100, 0.100, 0.100, 0.100, 0.100, 0.100, 0.100, 0.100, 0.100, 0.100, 0.100, 0.157, 0.100, 0.100, 0.216, 0.100, 0.100, 0.100, 0.278, 0.100, 0.100, 0.100, 0.103, 0.100, 0.100, 0.100, 0.100, 0.100, 0.100, 0.100, 0.100]
    Layer 20: sigma=[0.100, 0.100, 0.100, 0.100, 0.100, 0.181, 0.100, 0.100, 0.148, 0.111, 0.100, 0.100, 0.100, 0.100, 0.100, 0.131, 0.100, 0.100, 0.100, 0.100, 0.100, 0.100, 0.100, 0.100, 0.100, 0.100, 0.100, 0.100, 0.100, 0.100, 0.100, 0.100]
    Layer 21: sigma=[0.100, 0.132, 0.100, 0.100, 0.100, 0.100, 0.100, 0.100, 0.100, 0.166, 0.100, 0.263, 0.100, 0.100, 0.100, 0.100, 0.100, 0.100, 0.100, 0.100, 0.100, 0.100, 0.100, 0.100, 0.200, 0.100, 0.100, 0.100, 0.100, 0.100, 0.263, 0.100]
    Layer 22: sigma=[0.148, 0.100, 0.100, 0.100, 0.184, 0.143, 0.100, 0.231, 0.126, 0.100, 0.100, 0.100, 0.100, 0.100, 0.100, 0.115, 0.100, 0.100, 0.100, 0.100, 0.100, 0.100, 0.100, 0.100, 0.100, 0.100, 0.100, 0.100, 0.100, 0.100, 0.100, 0.100]
    Layer 23: sigma=[0.162, 0.275, 0.170, 0.100, 0.100, 0.100, 0.100, 0.100, 0.100, 0.240, 0.100, 0.100, 0.100, 0.100, 0.103, 0.100, 0.100, 0.100, 0.100, 0.100, 0.100, 0.100, 0.100, 0.100, 0.100, 0.100, 0.100, 0.100, 0.100, 0.100, 0.174, 0.245]
    Layer 24: sigma=[0.100, 0.100, 0.100, 0.100, 0.100, 0.100, 0.100, 0.100, 0.100, 0.100, 0.100, 0.100, 0.100, 0.100, 0.100, 0.115, 0.100, 0.100, 0.100, 0.100, 0.100, 0.100, 0.100, 0.100, 0.223, 0.450, 0.100, 0.417, 0.100, 0.100, 0.100, 0.100]
    Layer 25: sigma=[0.100, 0.100, 0.100, 0.100, 0.100, 0.100, 0.100, 0.100, 0.100, 0.100, 0.100, 0.100, 0.100, 0.100, 0.105, 0.100, 0.100, 0.100, 0.100, 0.100, 0.100, 0.100, 0.100, 0.100, 0.100, 0.100, 0.100, 0.100, 0.100, 0.100, 0.100, 0.100]
    Layer 26: sigma=[0.108, 0.100, 0.100, 0.100, 0.100, 0.100, 0.100, 0.100, 0.100, 0.100, 0.100, 0.100, 0.100, 0.100, 0.100, 0.100, 0.100, 0.100, 0.100, 0.100, 0.100, 0.100, 0.100, 0.100, 0.100, 0.100, 0.100, 0.100, 0.100, 0.100, 0.100, 0.100]
    Layer 27: sigma=[0.100, 0.100, 0.100, 0.100, 0.100, 0.100, 0.100, 0.100, 0.100, 0.100, 0.100, 0.100, 0.100, 0.100, 0.100, 0.100, 0.100, 0.100, 0.100, 0.100, 0.100, 0.100, 0.100, 0.100, 0.100, 0.100, 0.100, 0.100, 0.100, 0.100, 0.100, 0.100]
    Layer 28: sigma=[0.100, 0.100, 0.100, 0.100, 0.100, 0.140, 0.100, 0.162, 0.100, 0.100, 0.100, 0.100, 0.100, 0.100, 0.100, 0.100, 0.100, 0.100, 0.100, 0.100, 0.100, 0.100, 0.100, 0.100, 0.100, 0.100, 0.100, 0.100, 0.100, 0.100, 0.100, 0.100]
    Layer 29: sigma=[0.100, 0.100, 0.100, 0.100, 0.100, 0.100, 0.100, 0.100, 0.100, 0.100, 0.100, 0.100, 0.100, 0.100, 0.100, 0.100, 0.100, 0.100, 0.100, 0.100, 0.100, 0.100, 0.100, 0.100, 0.100, 0.100, 0.100, 0.100, 0.100, 0.100, 0.100, 0.100]
    Layer 30: sigma=[0.100, 0.100, 0.100, 0.100, 0.100, 0.100, 0.100, 0.100, 0.100, 0.100, 0.100, 0.100, 0.100, 0.100, 0.100, 0.100, 0.100, 0.100, 0.100, 0.100, 0.100, 0.100, 0.100, 0.100, 0.100, 0.100, 0.100, 0.100, 0.100, 0.100, 0.100, 0.100]
    Layer 31: sigma=[0.100, 0.100, 0.100, 0.100, 0.100, 0.100, 0.100, 0.100, 0.100, 0.100, 0.100, 0.100, 0.100, 0.100, 0.100, 0.100, 0.100, 0.100, 0.100, 0.107, 0.100, 0.100, 0.100, 0.100, 0.100, 0.100, 0.100, 0.100, 0.100, 0.100, 0.100, 0.100]
    Layer 32: sigma=[0.100, 0.100, 0.100, 0.100, 0.100, 0.100, 0.100, 0.100, 0.100, 0.100, 0.100, 0.100, 0.100, 0.100, 0.100, 0.100, 0.100, 0.100, 0.100, 0.100, 0.100, 0.100, 0.100, 0.100, 0.100, 0.100, 0.100, 0.100, 0.100, 0.100, 0.100, 0.100]
    Layer 33: sigma=[0.100, 0.100, 0.100, 0.100, 0.100, 0.100, 0.100, 0.100, 0.100, 0.100, 0.100, 0.100, 0.100, 0.100, 0.100, 0.100, 0.100, 0.100, 0.100, 0.100, 0.100, 0.100, 0.100, 0.100, 0.100, 0.100, 0.100, 0.100, 0.100, 0.100, 0.100, 0.100]
    Layer 34: sigma=[0.100, 0.100, 0.100, 0.100, 0.100, 0.100, 0.100, 0.100, 0.100, 0.100, 0.100, 0.196, 0.100, 0.100, 0.100, 0.100, 0.108, 0.100, 0.100, 0.102, 0.100, 0.100, 0.100, 0.100, 0.100, 0.100, 0.100, 0.100, 0.100, 0.100, 0.100, 0.100]
    Layer 35: sigma=[0.100, 0.100, 0.100, 0.100, 0.100, 0.100, 0.100, 0.100, 0.100, 0.100, 0.100, 0.100, 0.100, 0.100, 0.100, 0.100, 0.100, 0.100, 0.100, 0.100, 0.100, 0.100, 0.116, 0.100, 0.100, 0.100, 0.100, 0.100, 0.100, 0.100, 0.100, 0.100]

  [Taylor Step 3/3] g_proj = v_proj * alpha (damping=0.01)...
    Layer  0: alpha=0.060525  teacher_rms=0.0163  v_rms=0.0027
    Layer  1: alpha=0.060748  teacher_rms=0.0205  v_rms=0.0034
    Layer  3: alpha=0.048829  teacher_rms=0.0259  v_rms=0.0053
    Layer  4: alpha=0.047244  teacher_rms=0.0304  v_rms=0.0064
    Layer  5: alpha=0.061844  teacher_rms=0.0409  v_rms=0.0066
    Layer  6: alpha=0.078462  teacher_rms=0.0621  v_rms=0.0079
    Layer  7: alpha=0.045983  teacher_rms=0.0530  v_rms=0.0115
    Layer  8: alpha=0.047549  teacher_rms=0.0708  v_rms=0.0149
    Layer  9: alpha=0.035219  teacher_rms=0.0713  v_rms=0.0202
    Layer 10: alpha=0.051225  teacher_rms=0.1092  v_rms=0.0213
    Layer 11: alpha=0.062194  teacher_rms=0.1046  v_rms=0.0168
    Layer 12: alpha=0.060845  teacher_rms=0.1207  v_rms=0.0198
    Layer 13: alpha=0.054452  teacher_rms=0.1040  v_rms=0.0191
    Layer 14: alpha=0.064591  teacher_rms=0.1547  v_rms=0.0239
    Layer 15: alpha=0.057565  teacher_rms=0.1576  v_rms=0.0274
    Layer 16: alpha=0.042270  teacher_rms=0.1473  v_rms=0.0349
    Layer 17: alpha=0.045025  teacher_rms=0.1753  v_rms=0.0389
    Layer 18: alpha=0.041541  teacher_rms=0.1990  v_rms=0.0479
    Layer 19: alpha=0.054185  teacher_rms=0.2060  v_rms=0.0380
    Layer 20: alpha=0.057270  teacher_rms=0.1966  v_rms=0.0343
    Layer 21: alpha=0.051042  teacher_rms=0.2373  v_rms=0.0465
    Layer 22: alpha=0.054702  teacher_rms=0.2834  v_rms=0.0518
    Layer 23: alpha=0.051243  teacher_rms=0.3098  v_rms=0.0605
    Layer 24: alpha=0.031421  teacher_rms=0.2897  v_rms=0.0922
    Layer 25: alpha=0.040004  teacher_rms=0.2376  v_rms=0.0594
    Layer 26: alpha=0.029175  teacher_rms=0.2124  v_rms=0.0728
    Layer 27: alpha=0.037093  teacher_rms=0.3083  v_rms=0.0831
    Layer 28: alpha=0.041432  teacher_rms=0.3705  v_rms=0.0894
    Layer 29: alpha=0.017344  teacher_rms=0.2548  v_rms=0.1469
    Layer 30: alpha=0.029044  teacher_rms=0.4297  v_rms=0.1480
    Layer 31: alpha=0.021194  teacher_rms=0.3785  v_rms=0.1786
    Layer 32: alpha=0.023899  teacher_rms=0.5288  v_rms=0.2213
    Layer 33: alpha=0.018560  teacher_rms=0.6404  v_rms=0.3451
    Layer 34: alpha=0.032417  teacher_rms=1.0325  v_rms=0.3185
    Layer 35: alpha=0.059879  teacher_rms=1.0168  v_rms=0.1698

  Set g_proj = v_proj * alpha in 35 GDN layers (damping=0.01).
  Init (taylor_init) done in 345.7s
  Layer 2: PPL = 5294669.50  (eval 13.1s)

============================================================
  Probing layer 3 | strategy=taylor_init
============================================================
Loading checkpoint shards:   0%|          | 0/4 [00:00<?, ?it/s]Loading checkpoint shards: 100%|██████████| 4/4 [00:00<00:00, 153.16it/s]
Could not cache non-existence of file. Will ignore error and continue. Error: [Errno 13] Permission denied: '/data/shared/huggingface/hub/models--Qwen--Qwen3-8B/.no_exist/b968826d9c46dd6066d109eabc6255188de91218/model.safetensors'
Loading checkpoint shards:   0%|          | 0/5 [00:00<?, ?it/s]Loading checkpoint shards: 100%|██████████| 5/5 [00:00<00:00, 73.03it/s]
Token indices sequence length is longer than the specified maximum sequence length for this model (2429029 > 131072). Running this sequence through the model will result in indexing errors
  [Taylor Step 1/3] Gate calibration from attention stats...
    Layer  0: dist=[32, 3, 12, 35, 12, 26, 9, 11, 19, 6, 8, 9, 18, 34, 31, 10, 16, 19, 16, 14, 13, 23, 4, 12, 5, 52, 10, 43, 15, 36, 15, 14]
    Layer  1: dist=[19, 38, 25, 44, 3, 15, 31, 11, 45, 36, 65, 60, 34, 47, 51, 38, 32, 54, 57, 33, 56, 24, 40, 40, 37, 9, 44, 41, 83, 31, 37, 49]
    Layer  2: dist=[65, 65, 67, 62, 26, 45, 33, 43, 39, 47, 56, 56, 53, 46, 46, 60, 61, 49, 54, 43, 49, 67, 48, 50, 25, 24, 21, 35, 73, 73, 77, 74]
    Layer  4: dist=[62, 63, 73, 67, 73, 56, 61, 89, 68, 69, 63, 60, 55, 55, 71, 61, 62, 65, 67, 70, 64, 61, 47, 64, 41, 51, 48, 34, 51, 66, 55, 55]
    Layer  5: dist=[36, 48, 55, 35, 61, 68, 52, 51, 5, 18, 73, 61, 54, 78, 59, 52, 41, 32, 50, 48, 51, 55, 48, 59, 73, 73, 80, 80, 43, 44, 46, 58]
    Layer  6: dist=[27, 40, 30, 31, 52, 46, 67, 61, 46, 25, 43, 38, 56, 64, 56, 30, 47, 34, 45, 40, 20, 30, 32, 14, 35, 50, 32, 49, 47, 43, 37, 53]
    Layer  7: dist=[55, 60, 64, 87, 126, 114, 127, 121, 88, 119, 99, 72, 108, 23, 53, 97, 80, 101, 85, 81, 106, 86, 112, 116, 64, 78, 47, 86, 97, 101, 101, 106]
    Layer  8: dist=[83, 87, 90, 58, 81, 77, 69, 78, 86, 99, 87, 90, 94, 86, 96, 70, 116, 107, 103, 96, 92, 106, 100, 111, 92, 72, 95, 67, 84, 72, 79, 74]
    Layer  9: dist=[76, 60, 61, 67, 83, 97, 96, 74, 123, 120, 118, 112, 27, 87, 63, 85, 93, 100, 114, 125, 87, 77, 60, 70, 119, 81, 91, 97, 125, 113, 127, 123]
    Layer 10: dist=[76, 71, 58, 74, 85, 102, 64, 74, 63, 88, 106, 49, 88, 67, 82, 86, 87, 102, 100, 107, 88, 60, 107, 90, 93, 107, 84, 77, 76, 65, 82, 90]
    Layer 11: dist=[78, 65, 79, 48, 53, 61, 78, 77, 102, 123, 109, 93, 82, 64, 65, 69, 69, 63, 61, 51, 77, 107, 89, 87, 67, 59, 56, 54, 95, 55, 55, 94]
    Layer 12: dist=[21, 72, 79, 61, 87, 83, 66, 70, 63, 62, 74, 77, 86, 81, 82, 87, 39, 68, 59, 94, 102, 112, 97, 103, 93, 2, 107, 38, 81, 88, 113, 91]
    Layer 13: dist=[52, 68, 66, 62, 52, 51, 65, 40, 86, 63, 99, 122, 128, 115, 109, 124, 85, 72, 57, 61, 93, 55, 83, 90, 84, 59, 72, 76, 113, 111, 96, 99]
    Layer 14: dist=[44, 64, 65, 46, 62, 45, 64, 65, 54, 57, 70, 68, 69, 76, 65, 67, 77, 86, 51, 64, 65, 31, 51, 81, 52, 67, 73, 64, 85, 88, 8, 89]
    Layer 15: dist=[80, 44, 79, 38, 37, 38, 79, 67, 90, 60, 46, 104, 68, 107, 79, 89, 61, 57, 64, 68, 58, 60, 50, 51, 49, 34, 86, 62, 72, 84, 71, 49]
    Layer 16: dist=[61, 57, 74, 85, 55, 58, 48, 55, 54, 82, 73, 84, 90, 69, 86, 86, 68, 71, 60, 62, 115, 118, 110, 103, 71, 54, 64, 10, 58, 59, 65, 56]
    Layer 17: dist=[111, 95, 79, 67, 53, 57, 39, 47, 90, 108, 79, 100, 40, 57, 71, 74, 44, 61, 61, 42, 75, 98, 93, 97, 58, 55, 57, 52, 53, 79, 93, 67]
    Layer 18: dist=[34, 45, 35, 33, 56, 78, 74, 57, 64, 67, 66, 79, 61, 60, 57, 62, 46, 74, 72, 52, 68, 47, 65, 96, 58, 62, 61, 63, 52, 53, 79, 56]
    Layer 19: dist=[73, 64, 63, 62, 76, 103, 54, 71, 81, 85, 84, 93, 63, 57, 75, 63, 84, 85, 49, 49, 21, 50, 33, 49, 102, 106, 102, 116, 77, 77, 73, 72]
    Layer 20: dist=[89, 79, 80, 77, 78, 51, 49, 57, 40, 36, 43, 39, 92, 79, 87, 96, 45, 51, 56, 39, 73, 111, 101, 98, 125, 97, 105, 85, 93, 79, 108, 108]
    Layer 21: dist=[44, 50, 56, 68, 115, 65, 96, 118, 118, 61, 71, 69, 46, 41, 44, 42, 75, 75, 83, 65, 89, 99, 95, 96, 64, 62, 60, 80, 73, 79, 60, 88]
    Layer 22: dist=[73, 60, 67, 63, 52, 72, 45, 56, 37, 49, 45, 59, 18, 86, 61, 64, 33, 79, 76, 41, 102, 115, 120, 121, 101, 84, 91, 95, 114, 92, 103, 95]
    Layer 23: dist=[39, 30, 48, 39, 110, 111, 41, 102, 79, 36, 45, 63, 75, 72, 79, 77, 82, 75, 74, 94, 72, 93, 82, 76, 78, 72, 68, 100, 91, 90, 83, 78]
    Layer 24: dist=[79, 124, 109, 101, 99, 109, 111, 97, 102, 105, 104, 84, 78, 75, 89, 74, 81, 86, 98, 88, 120, 103, 102, 117, 65, 73, 79, 51, 95, 111, 98, 88]
    Layer 25: dist=[105, 121, 118, 94, 71, 72, 107, 80, 96, 97, 85, 90, 65, 89, 50, 68, 93, 99, 97, 89, 102, 111, 105, 108, 110, 110, 99, 108, 88, 125, 98, 88]
    Layer 26: dist=[80, 88, 106, 68, 115, 113, 113, 110, 102, 107, 105, 98, 100, 124, 116, 116, 86, 93, 99, 95, 102, 113, 122, 114, 99, 97, 102, 93, 115, 96, 114, 95]
    Layer 27: dist=[87, 108, 103, 117, 98, 105, 101, 86, 77, 100, 107, 99, 78, 109, 80, 86, 96, 99, 99, 104, 91, 112, 113, 92, 110, 113, 116, 117, 107, 77, 92, 117]
    Layer 28: dist=[103, 92, 102, 102, 82, 63, 80, 76, 96, 107, 92, 89, 112, 105, 96, 101, 112, 104, 104, 108, 119, 71, 60, 89, 91, 88, 99, 99, 92, 92, 71, 95]
    Layer 29: dist=[113, 114, 114, 113, 90, 112, 94, 114, 119, 113, 122, 105, 120, 120, 119, 120, 116, 106, 115, 121, 123, 123, 107, 125, 100, 114, 97, 92, 106, 95, 106, 109]
    Layer 30: dist=[75, 102, 99, 100, 102, 100, 90, 67, 117, 117, 115, 120, 105, 104, 113, 101, 97, 78, 120, 122, 51, 120, 100, 110, 119, 119, 119, 118, 106, 110, 107, 102]
    Layer 31: dist=[119, 117, 99, 98, 112, 113, 114, 116, 114, 77, 87, 91, 117, 116, 117, 115, 101, 101, 106, 94, 119, 116, 108, 119, 112, 109, 89, 120, 112, 106, 102, 110]
    Layer 32: dist=[110, 114, 114, 111, 116, 119, 116, 117, 110, 111, 117, 115, 93, 113, 108, 91, 118, 106, 109, 111, 123, 92, 114, 120, 71, 95, 80, 105, 116, 107, 99, 103]
    Layer 33: dist=[102, 120, 112, 119, 91, 102, 57, 94, 116, 116, 113, 113, 114, 115, 113, 116, 114, 117, 106, 109, 112, 96, 110, 113, 111, 119, 122, 118, 110, 111, 107, 104]
    Layer 34: dist=[110, 109, 112, 113, 105, 111, 108, 102, 53, 93, 114, 86, 117, 115, 120, 81, 82, 89, 126, 55, 119, 51, 118, 119, 122, 122, 125, 122, 54, 62, 68, 109]
    Layer 35: dist=[105, 123, 71, 97, 82, 36, 112, 100, 85, 94, 112, 96, 63, 28, 49, 40, 98, 74, 84, 48, 90, 102, 55, 54, 66, 49, 68, 72, 73, 115, 122, 117]

  [Taylor Step 2/3] OLS sigma per head (scaling V, streaming)...
    Layer  0: sigma=[0.616, 0.100, 0.100, 0.100, 0.332, 0.381, 0.100, 0.100, 0.100, 0.149, 0.100, 0.100, 0.100, 0.100, 0.100, 0.259, 0.100, 0.100, 0.100, 0.100, 0.100, 0.100, 0.100, 0.100, 0.100, 0.100, 0.351, 0.100, 0.100, 0.100, 0.161, 0.100]
    Layer  1: sigma=[0.349, 0.100, 0.100, 0.100, 0.100, 0.100, 0.100, 0.100, 0.100, 0.166, 0.245, 0.100, 0.100, 0.100, 0.100, 0.100, 0.100, 0.100, 0.100, 0.100, 0.100, 0.100, 0.100, 0.116, 0.100, 0.100, 0.116, 0.100, 0.100, 0.100, 0.100, 0.100]
    Layer  2: sigma=[0.100, 0.100, 0.100, 0.100, 0.100, 0.100, 0.100, 0.100, 0.109, 0.100, 0.100, 0.100, 0.100, 0.147, 0.100, 0.100, 0.100, 0.220, 0.100, 0.100, 0.100, 0.100, 0.100, 0.100, 0.100, 0.171, 0.100, 0.100, 0.100, 0.100, 0.100, 0.100]
    Layer  4: sigma=[0.100, 0.100, 0.100, 0.100, 0.100, 0.100, 0.100, 0.100, 0.100, 0.100, 0.100, 0.100, 0.100, 0.100, 0.100, 0.100, 0.100, 0.100, 0.100, 0.100, 0.133, 0.139, 0.321, 0.100, 0.100, 0.100, 0.100, 0.100, 0.100, 0.100, 0.100, 0.100]
    Layer  5: sigma=[0.100, 0.100, 0.100, 0.100, 0.100, 0.100, 0.100, 0.100, 0.100, 0.140, 0.100, 0.111, 0.100, 0.100, 0.100, 0.122, 0.100, 0.181, 0.100, 0.100, 0.100, 0.100, 0.100, 0.100, 0.100, 0.100, 0.100, 0.100, 0.100, 0.100, 0.100, 0.100]
    Layer  6: sigma=[0.100, 0.100, 0.100, 0.100, 0.100, 0.100, 0.100, 0.100, 0.100, 0.100, 0.100, 0.100, 0.100, 0.100, 0.100, 0.100, 0.100, 0.100, 0.100, 0.100, 0.152, 0.100, 0.100, 0.100, 0.100, 0.100, 0.100, 0.100, 0.100, 0.100, 0.100, 0.100]
    Layer  7: sigma=[0.100, 0.154, 0.100, 0.100, 0.106, 0.100, 0.100, 0.100, 0.100, 0.100, 0.100, 0.101, 0.100, 0.100, 0.100, 0.100, 0.100, 0.100, 0.100, 0.100, 0.100, 0.100, 0.100, 0.100, 0.100, 0.100, 0.100, 0.100, 0.100, 0.100, 0.100, 0.100]
    Layer  8: sigma=[0.100, 0.100, 0.100, 0.100, 0.100, 0.100, 0.100, 0.100, 0.100, 0.100, 0.100, 0.100, 0.100, 0.100, 0.100, 0.100, 0.100, 0.100, 0.100, 0.100, 0.100, 0.100, 0.100, 0.100, 0.100, 0.100, 0.100, 0.161, 0.100, 0.100, 0.100, 0.100]
    Layer  9: sigma=[0.100, 0.100, 0.100, 0.100, 0.100, 0.100, 0.100, 0.100, 0.100, 0.100, 0.100, 0.100, 0.100, 0.100, 0.611, 0.131, 0.100, 0.100, 0.100, 0.100, 0.100, 0.100, 0.100, 0.100, 0.100, 0.100, 0.100, 0.100, 0.100, 0.100, 0.100, 0.100]
    Layer 10: sigma=[0.100, 0.100, 0.100, 0.100, 0.100, 0.100, 0.100, 0.100, 0.100, 0.100, 0.100, 0.100, 0.100, 0.100, 0.100, 0.100, 0.100, 0.100, 0.100, 0.100, 0.100, 0.100, 0.100, 0.100, 0.100, 0.100, 0.100, 0.100, 0.100, 0.100, 0.100, 0.100]
    Layer 11: sigma=[0.100, 0.100, 0.100, 0.100, 0.131, 0.100, 0.100, 0.100, 0.100, 0.114, 0.100, 0.100, 0.100, 0.100, 0.262, 0.100, 0.100, 0.100, 0.100, 0.100, 0.100, 0.100, 0.100, 0.100, 0.100, 0.100, 0.170, 0.100, 0.100, 0.100, 0.100, 0.100]
    Layer 12: sigma=[0.100, 0.100, 0.100, 0.100, 0.100, 0.100, 0.100, 0.100, 0.100, 0.103, 0.100, 0.107, 0.100, 0.100, 0.100, 0.100, 0.100, 0.313, 0.152, 0.100, 0.100, 0.100, 0.100, 0.100, 0.100, 0.100, 0.100, 0.215, 0.100, 0.100, 0.123, 0.100]
    Layer 13: sigma=[0.222, 0.100, 0.100, 0.309, 0.100, 0.100, 0.100, 0.100, 0.100, 0.100, 0.100, 0.100, 0.100, 0.100, 0.100, 0.100, 0.100, 0.100, 0.100, 0.110, 0.100, 0.100, 0.100, 0.100, 0.100, 0.100, 0.100, 0.100, 0.100, 0.100, 0.100, 0.100]
    Layer 14: sigma=[0.100, 0.100, 0.100, 0.100, 0.100, 0.404, 0.100, 0.100, 0.100, 0.100, 0.100, 0.100, 0.100, 0.100, 0.100, 0.100, 0.100, 0.100, 0.100, 0.100, 0.100, 0.100, 0.100, 0.100, 0.120, 0.121, 0.100, 0.100, 0.100, 0.100, 0.100, 0.100]
    Layer 15: sigma=[0.100, 0.186, 0.100, 0.100, 0.100, 0.110, 0.100, 0.100, 0.100, 0.100, 0.100, 0.100, 0.197, 0.100, 0.100, 0.100, 0.100, 0.100, 0.100, 0.100, 0.100, 0.100, 0.100, 0.100, 0.146, 0.100, 0.100, 0.100, 0.100, 0.100, 0.100, 0.100]
    Layer 16: sigma=[0.100, 0.100, 0.100, 0.100, 0.100, 0.100, 0.100, 0.100, 0.100, 0.100, 0.100, 0.100, 0.100, 0.100, 0.100, 0.100, 0.100, 0.100, 0.100, 0.100, 0.100, 0.100, 0.100, 0.100, 0.100, 0.100, 0.100, 0.413, 0.100, 0.100, 0.100, 0.100]
    Layer 17: sigma=[0.100, 0.100, 0.100, 0.100, 0.100, 0.137, 0.100, 0.100, 0.100, 0.100, 0.100, 0.100, 0.100, 0.100, 0.100, 0.100, 0.143, 0.105, 0.100, 0.408, 0.100, 0.100, 0.100, 0.102, 0.126, 0.100, 0.447, 0.100, 0.100, 0.100, 0.100, 0.100]
    Layer 18: sigma=[0.100, 0.527, 0.100, 0.100, 0.100, 0.100, 0.100, 0.192, 0.100, 0.100, 0.100, 0.100, 0.100, 0.100, 0.100, 0.100, 0.138, 0.100, 0.100, 0.100, 0.100, 0.100, 0.100, 0.100, 0.100, 0.100, 0.100, 0.100, 0.100, 0.100, 0.100, 0.100]
    Layer 19: sigma=[0.100, 0.100, 0.100, 0.100, 0.100, 0.100, 0.100, 0.100, 0.100, 0.100, 0.100, 0.100, 0.147, 0.100, 0.100, 0.199, 0.100, 0.100, 0.100, 0.295, 0.100, 0.100, 0.100, 0.103, 0.100, 0.100, 0.100, 0.100, 0.100, 0.100, 0.100, 0.100]
    Layer 20: sigma=[0.100, 0.100, 0.100, 0.100, 0.100, 0.184, 0.100, 0.100, 0.181, 0.108, 0.100, 0.100, 0.100, 0.100, 0.100, 0.119, 0.100, 0.116, 0.100, 0.100, 0.100, 0.100, 0.100, 0.100, 0.100, 0.100, 0.100, 0.100, 0.100, 0.100, 0.100, 0.100]
    Layer 21: sigma=[0.100, 0.157, 0.100, 0.100, 0.100, 0.100, 0.100, 0.100, 0.100, 0.171, 0.100, 0.264, 0.100, 0.100, 0.123, 0.100, 0.100, 0.100, 0.100, 0.100, 0.100, 0.100, 0.100, 0.100, 0.144, 0.100, 0.100, 0.100, 0.100, 0.100, 0.258, 0.100]
    Layer 22: sigma=[0.137, 0.100, 0.100, 0.100, 0.145, 0.130, 0.100, 0.235, 0.100, 0.100, 0.100, 0.100, 0.100, 0.100, 0.100, 0.105, 0.100, 0.100, 0.100, 0.100, 0.100, 0.100, 0.100, 0.100, 0.100, 0.100, 0.100, 0.100, 0.100, 0.100, 0.100, 0.100]
    Layer 23: sigma=[0.168, 0.292, 0.265, 0.100, 0.100, 0.100, 0.149, 0.100, 0.100, 0.204, 0.100, 0.100, 0.100, 0.100, 0.101, 0.100, 0.100, 0.100, 0.100, 0.100, 0.100, 0.100, 0.100, 0.100, 0.100, 0.100, 0.100, 0.100, 0.100, 0.100, 0.157, 0.233]
    Layer 24: sigma=[0.100, 0.100, 0.100, 0.100, 0.100, 0.100, 0.100, 0.100, 0.100, 0.100, 0.100, 0.100, 0.100, 0.100, 0.100, 0.160, 0.100, 0.100, 0.100, 0.100, 0.100, 0.100, 0.100, 0.100, 0.225, 0.436, 0.100, 0.339, 0.100, 0.100, 0.100, 0.100]
    Layer 25: sigma=[0.100, 0.100, 0.100, 0.100, 0.100, 0.100, 0.100, 0.100, 0.100, 0.100, 0.100, 0.100, 0.100, 0.100, 0.125, 0.100, 0.100, 0.100, 0.100, 0.100, 0.100, 0.100, 0.100, 0.100, 0.100, 0.100, 0.100, 0.100, 0.100, 0.100, 0.100, 0.100]
    Layer 26: sigma=[0.100, 0.100, 0.100, 0.100, 0.100, 0.100, 0.100, 0.100, 0.100, 0.100, 0.100, 0.100, 0.100, 0.100, 0.100, 0.100, 0.100, 0.100, 0.100, 0.100, 0.100, 0.100, 0.100, 0.100, 0.100, 0.100, 0.100, 0.100, 0.100, 0.100, 0.100, 0.100]
    Layer 27: sigma=[0.100, 0.100, 0.100, 0.100, 0.100, 0.100, 0.100, 0.100, 0.100, 0.100, 0.100, 0.100, 0.100, 0.100, 0.100, 0.100, 0.100, 0.100, 0.100, 0.100, 0.100, 0.100, 0.100, 0.100, 0.100, 0.100, 0.100, 0.100, 0.100, 0.101, 0.100, 0.100]
    Layer 28: sigma=[0.100, 0.100, 0.100, 0.100, 0.100, 0.100, 0.100, 0.100, 0.100, 0.100, 0.100, 0.100, 0.100, 0.100, 0.100, 0.100, 0.100, 0.100, 0.100, 0.100, 0.100, 0.100, 0.100, 0.100, 0.100, 0.100, 0.100, 0.100, 0.100, 0.100, 0.100, 0.100]
    Layer 29: sigma=[0.100, 0.100, 0.100, 0.100, 0.100, 0.100, 0.100, 0.100, 0.100, 0.100, 0.100, 0.100, 0.100, 0.100, 0.100, 0.100, 0.100, 0.100, 0.100, 0.100, 0.100, 0.100, 0.100, 0.100, 0.100, 0.100, 0.100, 0.100, 0.100, 0.100, 0.100, 0.100]
    Layer 30: sigma=[0.100, 0.100, 0.100, 0.100, 0.100, 0.100, 0.100, 0.100, 0.100, 0.100, 0.100, 0.100, 0.100, 0.100, 0.100, 0.100, 0.100, 0.100, 0.100, 0.100, 0.100, 0.100, 0.100, 0.100, 0.100, 0.100, 0.100, 0.100, 0.100, 0.100, 0.100, 0.100]
    Layer 31: sigma=[0.100, 0.100, 0.100, 0.100, 0.100, 0.100, 0.100, 0.100, 0.100, 0.100, 0.100, 0.100, 0.100, 0.100, 0.100, 0.100, 0.100, 0.100, 0.100, 0.107, 0.100, 0.100, 0.100, 0.100, 0.100, 0.100, 0.100, 0.100, 0.100, 0.100, 0.100, 0.100]
    Layer 32: sigma=[0.100, 0.100, 0.100, 0.100, 0.100, 0.100, 0.100, 0.100, 0.100, 0.100, 0.100, 0.100, 0.100, 0.100, 0.100, 0.100, 0.100, 0.100, 0.100, 0.100, 0.100, 0.100, 0.100, 0.100, 0.100, 0.100, 0.100, 0.100, 0.100, 0.100, 0.100, 0.100]
    Layer 33: sigma=[0.100, 0.100, 0.100, 0.100, 0.100, 0.100, 0.100, 0.100, 0.100, 0.100, 0.100, 0.100, 0.100, 0.100, 0.100, 0.100, 0.100, 0.100, 0.100, 0.100, 0.100, 0.100, 0.100, 0.100, 0.100, 0.100, 0.100, 0.100, 0.100, 0.100, 0.100, 0.100]
    Layer 34: sigma=[0.100, 0.100, 0.100, 0.100, 0.100, 0.100, 0.100, 0.100, 0.100, 0.100, 0.100, 0.100, 0.100, 0.100, 0.100, 0.100, 0.108, 0.100, 0.100, 0.103, 0.100, 0.100, 0.100, 0.100, 0.100, 0.100, 0.100, 0.100, 0.100, 0.100, 0.100, 0.100]
    Layer 35: sigma=[0.100, 0.100, 0.100, 0.100, 0.100, 0.100, 0.100, 0.100, 0.100, 0.105, 0.100, 0.100, 0.100, 0.100, 0.100, 0.100, 0.100, 0.100, 0.100, 0.100, 0.100, 0.100, 0.147, 0.100, 0.100, 0.100, 0.100, 0.100, 0.100, 0.100, 0.100, 0.100]

  [Taylor Step 3/3] g_proj = v_proj * alpha (damping=0.01)...
    Layer  0: alpha=0.060356  teacher_rms=0.0163  v_rms=0.0027
    Layer  1: alpha=0.060937  teacher_rms=0.0205  v_rms=0.0034
    Layer  2: alpha=0.056979  teacher_rms=0.0214  v_rms=0.0038
    Layer  4: alpha=0.047272  teacher_rms=0.0304  v_rms=0.0064
    Layer  5: alpha=0.061703  teacher_rms=0.0409  v_rms=0.0066
    Layer  6: alpha=0.078476  teacher_rms=0.0621  v_rms=0.0079
    Layer  7: alpha=0.046114  teacher_rms=0.0530  v_rms=0.0115
    Layer  8: alpha=0.047818  teacher_rms=0.0708  v_rms=0.0148
    Layer  9: alpha=0.034086  teacher_rms=0.0713  v_rms=0.0209
    Layer 10: alpha=0.051225  teacher_rms=0.1092  v_rms=0.0213
    Layer 11: alpha=0.062212  teacher_rms=0.1046  v_rms=0.0168
    Layer 12: alpha=0.060527  teacher_rms=0.1207  v_rms=0.0199
    Layer 13: alpha=0.053894  teacher_rms=0.1040  v_rms=0.0193
    Layer 14: alpha=0.064046  teacher_rms=0.1547  v_rms=0.0241
    Layer 15: alpha=0.057863  teacher_rms=0.1576  v_rms=0.0272
    Layer 16: alpha=0.042240  teacher_rms=0.1473  v_rms=0.0349
    Layer 17: alpha=0.042997  teacher_rms=0.1753  v_rms=0.0408
    Layer 18: alpha=0.042197  teacher_rms=0.1990  v_rms=0.0472
    Layer 19: alpha=0.054511  teacher_rms=0.2060  v_rms=0.0378
    Layer 20: alpha=0.056523  teacher_rms=0.1966  v_rms=0.0348
    Layer 21: alpha=0.051348  teacher_rms=0.2373  v_rms=0.0462
    Layer 22: alpha=0.056608  teacher_rms=0.2834  v_rms=0.0501
    Layer 23: alpha=0.049540  teacher_rms=0.3098  v_rms=0.0625
    Layer 24: alpha=0.033142  teacher_rms=0.2897  v_rms=0.0874
    Layer 25: alpha=0.039791  teacher_rms=0.2376  v_rms=0.0597
    Layer 26: alpha=0.029256  teacher_rms=0.2124  v_rms=0.0726
    Layer 27: alpha=0.037088  teacher_rms=0.3083  v_rms=0.0831
    Layer 28: alpha=0.042758  teacher_rms=0.3705  v_rms=0.0867
    Layer 29: alpha=0.017344  teacher_rms=0.2548  v_rms=0.1469
    Layer 30: alpha=0.029045  teacher_rms=0.4297  v_rms=0.1480
    Layer 31: alpha=0.021191  teacher_rms=0.3785  v_rms=0.1786
    Layer 32: alpha=0.023899  teacher_rms=0.5288  v_rms=0.2213
    Layer 33: alpha=0.018560  teacher_rms=0.6404  v_rms=0.3451
    Layer 34: alpha=0.033139  teacher_rms=1.0325  v_rms=0.3116
    Layer 35: alpha=0.059215  teacher_rms=1.0168  v_rms=0.1717

  Set g_proj = v_proj * alpha in 35 GDN layers (damping=0.01).
  Init (taylor_init) done in 438.8s
  Layer 3: PPL = 5256377.50  (eval 20.2s)

============================================================
  Probing layer 4 | strategy=taylor_init
============================================================
Loading checkpoint shards:   0%|          | 0/4 [00:00<?, ?it/s]Loading checkpoint shards:  75%|███████▌  | 3/4 [00:00<00:00, 20.63it/s]Loading checkpoint shards: 100%|██████████| 4/4 [00:00<00:00, 27.21it/s]
Could not cache non-existence of file. Will ignore error and continue. Error: [Errno 13] Permission denied: '/data/shared/huggingface/hub/models--Qwen--Qwen3-8B/.no_exist/b968826d9c46dd6066d109eabc6255188de91218/model.safetensors'
Loading checkpoint shards:   0%|          | 0/5 [00:00<?, ?it/s]Loading checkpoint shards: 100%|██████████| 5/5 [00:00<00:00, 191.08it/s]
Token indices sequence length is longer than the specified maximum sequence length for this model (2429029 > 131072). Running this sequence through the model will result in indexing errors
  [Taylor Step 1/3] Gate calibration from attention stats...
    Layer  0: dist=[32, 3, 12, 35, 12, 26, 9, 11, 19, 6, 8, 9, 18, 34, 31, 10, 16, 19, 16, 14, 13, 23, 4, 12, 5, 52, 10, 43, 15, 36, 15, 14]
    Layer  1: dist=[19, 38, 25, 44, 3, 15, 31, 11, 45, 36, 65, 60, 34, 47, 51, 38, 32, 54, 57, 33, 56, 24, 40, 40, 37, 9, 44, 41, 83, 31, 37, 49]
    Layer  2: dist=[65, 65, 67, 62, 26, 45, 33, 43, 39, 47, 56, 56, 53, 46, 46, 60, 61, 49, 54, 43, 49, 67, 48, 50, 25, 24, 21, 35, 73, 73, 77, 74]
    Layer  3: dist=[65, 26, 13, 22, 87, 93, 83, 73, 56, 53, 62, 58, 90, 73, 75, 74, 59, 62, 51, 67, 74, 60, 64, 65, 64, 56, 52, 59, 70, 63, 72, 65]
    Layer  5: dist=[36, 48, 55, 35, 61, 68, 52, 51, 5, 18, 73, 61, 54, 78, 59, 52, 41, 32, 50, 48, 51, 55, 48, 59, 73, 73, 80, 80, 43, 44, 46, 58]
    Layer  6: dist=[27, 40, 30, 31, 52, 46, 67, 61, 46, 25, 43, 38, 56, 64, 56, 30, 47, 34, 45, 40, 20, 30, 32, 14, 35, 50, 32, 49, 47, 43, 37, 53]
    Layer  7: dist=[55, 60, 64, 87, 126, 114, 127, 121, 88, 119, 99, 72, 108, 23, 53, 97, 80, 101, 85, 81, 106, 86, 112, 116, 64, 78, 47, 86, 97, 101, 101, 106]
    Layer  8: dist=[83, 87, 90, 58, 81, 77, 69, 78, 86, 99, 87, 90, 94, 86, 96, 70, 116, 107, 103, 96, 92, 106, 100, 111, 92, 72, 95, 67, 84, 72, 79, 74]
    Layer  9: dist=[76, 60, 61, 67, 83, 97, 96, 74, 123, 120, 118, 112, 27, 87, 63, 85, 93, 100, 114, 125, 87, 77, 60, 70, 119, 81, 91, 97, 125, 113, 127, 123]
    Layer 10: dist=[76, 71, 58, 74, 85, 102, 64, 74, 63, 88, 106, 49, 88, 67, 82, 86, 87, 102, 100, 107, 88, 60, 107, 90, 93, 107, 84, 77, 76, 65, 82, 90]
    Layer 11: dist=[78, 65, 79, 48, 53, 61, 78, 77, 102, 123, 109, 93, 82, 64, 65, 69, 69, 63, 61, 51, 77, 107, 89, 87, 67, 59, 56, 54, 95, 55, 55, 94]
    Layer 12: dist=[21, 72, 79, 61, 87, 83, 66, 70, 63, 62, 74, 77, 86, 81, 82, 87, 39, 68, 59, 94, 102, 112, 97, 103, 93, 2, 107, 38, 81, 88, 113, 91]
    Layer 13: dist=[52, 68, 66, 62, 52, 51, 65, 40, 86, 63, 99, 122, 128, 115, 109, 124, 85, 72, 57, 61, 93, 55, 83, 90, 84, 59, 72, 76, 113, 111, 96, 99]
    Layer 14: dist=[44, 64, 65, 46, 62, 45, 64, 65, 54, 57, 70, 68, 69, 76, 65, 67, 77, 86, 51, 64, 65, 31, 51, 81, 52, 67, 73, 64, 85, 88, 8, 89]
    Layer 15: dist=[80, 44, 79, 38, 37, 38, 79, 67, 90, 60, 46, 104, 68, 107, 79, 89, 61, 57, 64, 68, 58, 60, 50, 51, 49, 34, 86, 62, 72, 84, 71, 49]
    Layer 16: dist=[61, 57, 74, 85, 55, 58, 48, 55, 54, 82, 73, 84, 90, 69, 86, 86, 68, 71, 60, 62, 115, 118, 110, 103, 71, 54, 64, 10, 58, 59, 65, 56]
    Layer 17: dist=[111, 95, 79, 67, 53, 57, 39, 47, 90, 108, 79, 100, 40, 57, 71, 74, 44, 61, 61, 42, 75, 98, 93, 97, 58, 55, 57, 52, 53, 79, 93, 67]
    Layer 18: dist=[34, 45, 35, 33, 56, 78, 74, 57, 64, 67, 66, 79, 61, 60, 57, 62, 46, 74, 72, 52, 68, 47, 65, 96, 58, 62, 61, 63, 52, 53, 79, 56]
    Layer 19: dist=[73, 64, 63, 62, 76, 103, 54, 71, 81, 85, 84, 93, 63, 57, 75, 63, 84, 85, 49, 49, 21, 50, 33, 49, 102, 106, 102, 116, 77, 77, 73, 72]
    Layer 20: dist=[89, 79, 80, 77, 78, 51, 49, 57, 40, 36, 43, 39, 92, 79, 87, 96, 45, 51, 56, 39, 73, 111, 101, 98, 125, 97, 105, 85, 93, 79, 108, 108]
    Layer 21: dist=[44, 50, 56, 68, 115, 65, 96, 118, 118, 61, 71, 69, 46, 41, 44, 42, 75, 75, 83, 65, 89, 99, 95, 96, 64, 62, 60, 80, 73, 79, 60, 88]
    Layer 22: dist=[73, 60, 67, 63, 52, 72, 45, 56, 37, 49, 45, 59, 18, 86, 61, 64, 33, 79, 76, 41, 102, 115, 120, 121, 101, 84, 91, 95, 114, 92, 103, 95]
    Layer 23: dist=[39, 30, 48, 39, 110, 111, 41, 102, 79, 36, 45, 63, 75, 72, 79, 77, 82, 75, 74, 94, 72, 93, 82, 76, 78, 72, 68, 100, 91, 90, 83, 78]
    Layer 24: dist=[79, 124, 109, 101, 99, 109, 111, 97, 102, 105, 104, 84, 78, 75, 89, 74, 81, 86, 98, 88, 120, 103, 102, 117, 65, 73, 79, 51, 95, 111, 98, 88]
    Layer 25: dist=[105, 121, 118, 94, 71, 72, 107, 80, 96, 97, 85, 90, 65, 89, 50, 68, 93, 99, 97, 89, 102, 111, 105, 108, 110, 110, 99, 108, 88, 125, 98, 88]
    Layer 26: dist=[80, 88, 106, 68, 115, 113, 113, 110, 102, 107, 105, 98, 100, 124, 116, 116, 86, 93, 99, 95, 102, 113, 122, 114, 99, 97, 102, 93, 115, 96, 114, 95]
    Layer 27: dist=[87, 108, 103, 117, 98, 105, 101, 86, 77, 100, 107, 99, 78, 109, 80, 86, 96, 99, 99, 104, 91, 112, 113, 92, 110, 113, 116, 117, 107, 77, 92, 117]
    Layer 28: dist=[103, 92, 102, 102, 82, 63, 80, 76, 96, 107, 92, 89, 112, 105, 96, 101, 112, 104, 104, 108, 119, 71, 60, 89, 91, 88, 99, 99, 92, 92, 71, 95]
    Layer 29: dist=[113, 114, 114, 113, 90, 112, 94, 114, 119, 113, 122, 105, 120, 120, 119, 120, 116, 106, 115, 121, 123, 123, 107, 125, 100, 114, 97, 92, 106, 95, 106, 109]
    Layer 30: dist=[75, 102, 99, 100, 102, 100, 90, 67, 117, 117, 115, 120, 105, 104, 113, 101, 97, 78, 120, 122, 51, 120, 100, 110, 119, 119, 119, 118, 106, 110, 107, 102]
    Layer 31: dist=[119, 117, 99, 98, 112, 113, 114, 116, 114, 77, 87, 91, 117, 116, 117, 115, 101, 101, 106, 94, 119, 116, 108, 119, 112, 109, 89, 120, 112, 106, 102, 110]
    Layer 32: dist=[110, 114, 114, 111, 116, 119, 116, 117, 110, 111, 117, 115, 93, 113, 108, 91, 118, 106, 109, 111, 123, 92, 114, 120, 71, 95, 80, 105, 116, 107, 99, 103]
    Layer 33: dist=[102, 120, 112, 119, 91, 102, 57, 94, 116, 116, 113, 113, 114, 115, 113, 116, 114, 117, 106, 109, 112, 96, 110, 113, 111, 119, 122, 118, 110, 111, 107, 104]
    Layer 34: dist=[110, 109, 112, 113, 105, 111, 108, 102, 53, 93, 114, 86, 117, 115, 120, 81, 82, 89, 126, 55, 119, 51, 118, 119, 122, 122, 125, 122, 54, 62, 68, 109]
    Layer 35: dist=[105, 123, 71, 97, 82, 36, 112, 100, 85, 94, 112, 96, 63, 28, 49, 40, 98, 74, 84, 48, 90, 102, 55, 54, 66, 49, 68, 72, 73, 115, 122, 117]

  [Taylor Step 2/3] OLS sigma per head (scaling V, streaming)...
    Layer  0: sigma=[0.612, 0.100, 0.100, 0.100, 0.333, 0.381, 0.100, 0.100, 0.100, 0.148, 0.100, 0.100, 0.100, 0.100, 0.100, 0.259, 0.100, 0.100, 0.100, 0.100, 0.100, 0.100, 0.100, 0.100, 0.100, 0.100, 0.351, 0.100, 0.100, 0.100, 0.161, 0.100]
    Layer  1: sigma=[0.350, 0.100, 0.100, 0.100, 0.100, 0.100, 0.100, 0.100, 0.100, 0.171, 0.245, 0.100, 0.100, 0.100, 0.100, 0.100, 0.100, 0.100, 0.100, 0.100, 0.100, 0.100, 0.100, 0.116, 0.100, 0.100, 0.115, 0.100, 0.100, 0.100, 0.100, 0.100]
    Layer  2: sigma=[0.100, 0.100, 0.100, 0.100, 0.100, 0.100, 0.100, 0.100, 0.108, 0.100, 0.100, 0.100, 0.100, 0.143, 0.100, 0.100, 0.100, 0.221, 0.100, 0.100, 0.100, 0.100, 0.100, 0.100, 0.100, 0.172, 0.100, 0.100, 0.100, 0.100, 0.100, 0.100]
    Layer  3: sigma=[0.100, 0.319, 0.100, 0.154, 0.100, 0.100, 0.100, 0.100, 0.100, 0.100, 0.100, 0.100, 0.100, 0.100, 0.100, 0.100, 0.100, 0.100, 0.100, 0.100, 0.100, 0.106, 0.100, 0.100, 0.100, 0.100, 0.100, 0.100, 0.100, 0.100, 0.100, 0.100]
    Layer  5: sigma=[0.100, 0.100, 0.100, 0.100, 0.100, 0.100, 0.100, 0.100, 0.100, 0.140, 0.100, 0.109, 0.100, 0.100, 0.100, 0.122, 0.100, 0.184, 0.100, 0.100, 0.100, 0.100, 0.100, 0.100, 0.100, 0.100, 0.100, 0.100, 0.100, 0.100, 0.100, 0.100]
    Layer  6: sigma=[0.100, 0.100, 0.100, 0.100, 0.100, 0.100, 0.100, 0.100, 0.100, 0.100, 0.100, 0.100, 0.100, 0.100, 0.100, 0.100, 0.100, 0.100, 0.100, 0.100, 0.152, 0.100, 0.100, 0.100, 0.100, 0.100, 0.100, 0.100, 0.100, 0.100, 0.100, 0.100]
    Layer  7: sigma=[0.100, 0.150, 0.100, 0.100, 0.125, 0.100, 0.100, 0.100, 0.100, 0.100, 0.100, 0.101, 0.100, 0.100, 0.100, 0.100, 0.100, 0.100, 0.100, 0.100, 0.100, 0.100, 0.100, 0.100, 0.100, 0.100, 0.100, 0.100, 0.100, 0.100, 0.100, 0.100]
    Layer  8: sigma=[0.100, 0.100, 0.100, 0.100, 0.100, 0.100, 0.100, 0.100, 0.100, 0.100, 0.100, 0.100, 0.100, 0.100, 0.100, 0.100, 0.100, 0.100, 0.100, 0.100, 0.100, 0.100, 0.100, 0.100, 0.100, 0.100, 0.100, 0.170, 0.100, 0.100, 0.100, 0.100]
    Layer  9: sigma=[0.100, 0.100, 0.100, 0.100, 0.100, 0.100, 0.100, 0.100, 0.100, 0.100, 0.100, 0.100, 0.100, 0.100, 0.571, 0.130, 0.100, 0.100, 0.100, 0.100, 0.100, 0.100, 0.100, 0.100, 0.100, 0.100, 0.100, 0.100, 0.100, 0.100, 0.100, 0.100]
    Layer 10: sigma=[0.100, 0.100, 0.100, 0.100, 0.100, 0.100, 0.100, 0.100, 0.100, 0.100, 0.100, 0.100, 0.100, 0.100, 0.100, 0.100, 0.100, 0.100, 0.100, 0.100, 0.100, 0.100, 0.100, 0.100, 0.100, 0.100, 0.100, 0.100, 0.100, 0.100, 0.100, 0.100]
    Layer 11: sigma=[0.100, 0.100, 0.100, 0.100, 0.134, 0.100, 0.100, 0.100, 0.100, 0.104, 0.100, 0.100, 0.100, 0.100, 0.260, 0.100, 0.100, 0.100, 0.100, 0.100, 0.100, 0.100, 0.100, 0.100, 0.100, 0.100, 0.162, 0.100, 0.100, 0.100, 0.100, 0.100]
    Layer 12: sigma=[0.100, 0.100, 0.100, 0.100, 0.100, 0.100, 0.100, 0.100, 0.100, 0.106, 0.100, 0.108, 0.100, 0.100, 0.100, 0.100, 0.100, 0.324, 0.141, 0.100, 0.100, 0.100, 0.100, 0.100, 0.100, 0.100, 0.100, 0.207, 0.100, 0.100, 0.119, 0.100]
    Layer 13: sigma=[0.223, 0.100, 0.100, 0.345, 0.100, 0.100, 0.100, 0.100, 0.100, 0.100, 0.100, 0.100, 0.100, 0.100, 0.100, 0.100, 0.100, 0.100, 0.100, 0.107, 0.100, 0.100, 0.100, 0.100, 0.100, 0.100, 0.100, 0.100, 0.100, 0.100, 0.100, 0.100]
    Layer 14: sigma=[0.100, 0.100, 0.100, 0.100, 0.100, 0.404, 0.100, 0.100, 0.100, 0.100, 0.100, 0.100, 0.100, 0.100, 0.100, 0.100, 0.100, 0.100, 0.100, 0.100, 0.100, 0.100, 0.100, 0.100, 0.122, 0.120, 0.100, 0.100, 0.100, 0.100, 0.100, 0.100]
    Layer 15: sigma=[0.100, 0.165, 0.100, 0.100, 0.100, 0.117, 0.100, 0.100, 0.100, 0.100, 0.100, 0.100, 0.201, 0.100, 0.100, 0.100, 0.100, 0.100, 0.100, 0.100, 0.100, 0.100, 0.100, 0.100, 0.130, 0.100, 0.100, 0.100, 0.100, 0.100, 0.100, 0.100]
    Layer 16: sigma=[0.100, 0.100, 0.100, 0.100, 0.100, 0.100, 0.100, 0.100, 0.100, 0.100, 0.100, 0.100, 0.100, 0.100, 0.100, 0.100, 0.100, 0.100, 0.100, 0.100, 0.100, 0.100, 0.100, 0.100, 0.100, 0.100, 0.100, 0.343, 0.100, 0.100, 0.100, 0.100]
    Layer 17: sigma=[0.100, 0.100, 0.100, 0.100, 0.100, 0.143, 0.100, 0.100, 0.100, 0.100, 0.100, 0.100, 0.100, 0.100, 0.100, 0.100, 0.118, 0.100, 0.100, 0.387, 0.100, 0.100, 0.100, 0.103, 0.140, 0.100, 0.423, 0.100, 0.100, 0.100, 0.100, 0.100]
    Layer 18: sigma=[0.100, 0.553, 0.100, 0.100, 0.100, 0.100, 0.100, 0.188, 0.100, 0.100, 0.100, 0.100, 0.100, 0.100, 0.100, 0.100, 0.185, 0.100, 0.100, 0.100, 0.100, 0.100, 0.100, 0.100, 0.100, 0.100, 0.100, 0.100, 0.100, 0.100, 0.100, 0.100]
    Layer 19: sigma=[0.100, 0.100, 0.100, 0.100, 0.100, 0.100, 0.100, 0.100, 0.100, 0.100, 0.100, 0.100, 0.197, 0.100, 0.100, 0.221, 0.100, 0.100, 0.100, 0.250, 0.100, 0.100, 0.100, 0.113, 0.100, 0.100, 0.100, 0.100, 0.100, 0.100, 0.100, 0.100]
    Layer 20: sigma=[0.100, 0.100, 0.100, 0.100, 0.100, 0.190, 0.100, 0.100, 0.154, 0.117, 0.100, 0.100, 0.100, 0.100, 0.100, 0.120, 0.100, 0.100, 0.100, 0.100, 0.100, 0.100, 0.100, 0.100, 0.100, 0.100, 0.100, 0.100, 0.100, 0.100, 0.100, 0.100]
    Layer 21: sigma=[0.100, 0.147, 0.100, 0.100, 0.100, 0.100, 0.100, 0.100, 0.100, 0.159, 0.100, 0.272, 0.100, 0.100, 0.100, 0.100, 0.100, 0.100, 0.100, 0.100, 0.100, 0.100, 0.100, 0.100, 0.139, 0.100, 0.100, 0.100, 0.100, 0.100, 0.263, 0.100]
    Layer 22: sigma=[0.165, 0.100, 0.100, 0.100, 0.135, 0.141, 0.100, 0.245, 0.110, 0.100, 0.100, 0.100, 0.100, 0.100, 0.100, 0.106, 0.100, 0.100, 0.100, 0.100, 0.100, 0.100, 0.100, 0.100, 0.100, 0.100, 0.100, 0.100, 0.100, 0.100, 0.100, 0.100]
    Layer 23: sigma=[0.169, 0.303, 0.196, 0.100, 0.100, 0.100, 0.139, 0.100, 0.100, 0.231, 0.100, 0.100, 0.100, 0.100, 0.103, 0.100, 0.100, 0.100, 0.100, 0.100, 0.100, 0.100, 0.100, 0.100, 0.100, 0.100, 0.100, 0.100, 0.100, 0.100, 0.175, 0.268]
    Layer 24: sigma=[0.100, 0.100, 0.100, 0.100, 0.100, 0.100, 0.100, 0.100, 0.100, 0.100, 0.100, 0.100, 0.100, 0.100, 0.100, 0.173, 0.100, 0.100, 0.100, 0.100, 0.100, 0.100, 0.100, 0.100, 0.208, 0.399, 0.100, 0.342, 0.100, 0.100, 0.100, 0.100]
    Layer 25: sigma=[0.100, 0.100, 0.100, 0.100, 0.100, 0.100, 0.100, 0.100, 0.100, 0.100, 0.100, 0.100, 0.100, 0.100, 0.100, 0.100, 0.100, 0.100, 0.100, 0.100, 0.100, 0.100, 0.100, 0.100, 0.100, 0.100, 0.100, 0.100, 0.100, 0.100, 0.100, 0.100]
    Layer 26: sigma=[0.110, 0.100, 0.100, 0.100, 0.100, 0.100, 0.100, 0.100, 0.100, 0.100, 0.100, 0.100, 0.100, 0.100, 0.100, 0.100, 0.100, 0.100, 0.100, 0.100, 0.100, 0.100, 0.100, 0.100, 0.100, 0.100, 0.100, 0.100, 0.100, 0.100, 0.100, 0.100]
    Layer 27: sigma=[0.100, 0.100, 0.100, 0.100, 0.100, 0.100, 0.100, 0.100, 0.100, 0.100, 0.100, 0.100, 0.100, 0.100, 0.100, 0.100, 0.100, 0.100, 0.100, 0.100, 0.100, 0.100, 0.100, 0.100, 0.100, 0.100, 0.100, 0.100, 0.100, 0.100, 0.100, 0.100]
    Layer 28: sigma=[0.100, 0.100, 0.100, 0.100, 0.100, 0.100, 0.100, 0.100, 0.100, 0.100, 0.100, 0.100, 0.100, 0.100, 0.100, 0.100, 0.100, 0.100, 0.100, 0.100, 0.100, 0.100, 0.100, 0.100, 0.100, 0.100, 0.100, 0.100, 0.100, 0.100, 0.100, 0.100]
    Layer 29: sigma=[0.100, 0.100, 0.100, 0.100, 0.100, 0.100, 0.100, 0.100, 0.100, 0.100, 0.100, 0.100, 0.100, 0.100, 0.100, 0.100, 0.100, 0.100, 0.100, 0.100, 0.100, 0.100, 0.100, 0.100, 0.100, 0.100, 0.100, 0.100, 0.100, 0.100, 0.100, 0.100]
    Layer 30: sigma=[0.100, 0.100, 0.100, 0.100, 0.100, 0.100, 0.100, 0.100, 0.100, 0.100, 0.100, 0.100, 0.100, 0.100, 0.100, 0.100, 0.100, 0.100, 0.100, 0.100, 0.100, 0.100, 0.100, 0.100, 0.100, 0.100, 0.100, 0.100, 0.100, 0.100, 0.100, 0.100]
    Layer 31: sigma=[0.100, 0.100, 0.100, 0.100, 0.100, 0.100, 0.100, 0.100, 0.100, 0.100, 0.100, 0.100, 0.100, 0.100, 0.100, 0.100, 0.100, 0.100, 0.100, 0.100, 0.100, 0.100, 0.100, 0.100, 0.100, 0.100, 0.100, 0.100, 0.100, 0.100, 0.100, 0.100]
    Layer 32: sigma=[0.100, 0.100, 0.100, 0.100, 0.100, 0.100, 0.100, 0.100, 0.100, 0.100, 0.100, 0.100, 0.100, 0.100, 0.100, 0.100, 0.100, 0.100, 0.100, 0.100, 0.100, 0.100, 0.100, 0.100, 0.100, 0.100, 0.100, 0.100, 0.100, 0.100, 0.100, 0.100]
    Layer 33: sigma=[0.100, 0.100, 0.100, 0.100, 0.100, 0.100, 0.100, 0.100, 0.100, 0.100, 0.100, 0.100, 0.100, 0.100, 0.100, 0.100, 0.100, 0.100, 0.100, 0.100, 0.100, 0.100, 0.100, 0.100, 0.100, 0.100, 0.100, 0.100, 0.100, 0.100, 0.100, 0.100]
    Layer 34: sigma=[0.100, 0.100, 0.100, 0.100, 0.100, 0.100, 0.100, 0.100, 0.100, 0.100, 0.100, 0.115, 0.100, 0.100, 0.100, 0.100, 0.100, 0.100, 0.100, 0.100, 0.100, 0.100, 0.100, 0.100, 0.100, 0.100, 0.100, 0.100, 0.100, 0.100, 0.100, 0.100]
    Layer 35: sigma=[0.100, 0.100, 0.100, 0.100, 0.106, 0.100, 0.100, 0.100, 0.100, 0.100, 0.100, 0.100, 0.100, 0.100, 0.100, 0.100, 0.100, 0.100, 0.100, 0.100, 0.100, 0.100, 0.134, 0.100, 0.100, 0.100, 0.100, 0.100, 0.100, 0.100, 0.100, 0.100]

  [Taylor Step 3/3] g_proj = v_proj * alpha (damping=0.01)...
    Layer  0: alpha=0.060509  teacher_rms=0.0163  v_rms=0.0027
    Layer  1: alpha=0.060817  teacher_rms=0.0205  v_rms=0.0034
    Layer  2: alpha=0.057044  teacher_rms=0.0214  v_rms=0.0038
    Layer  3: alpha=0.048902  teacher_rms=0.0259  v_rms=0.0053
    Layer  5: alpha=0.061682  teacher_rms=0.0409  v_rms=0.0066
    Layer  6: alpha=0.078471  teacher_rms=0.0621  v_rms=0.0079
    Layer  7: alpha=0.045903  teacher_rms=0.0530  v_rms=0.0115
    Layer  8: alpha=0.047604  teacher_rms=0.0708  v_rms=0.0149
    Layer  9: alpha=0.035256  teacher_rms=0.0713  v_rms=0.0202
    Layer 10: alpha=0.051225  teacher_rms=0.1092  v_rms=0.0213
    Layer 11: alpha=0.062568  teacher_rms=0.1046  v_rms=0.0167
    Layer 12: alpha=0.060488  teacher_rms=0.1207  v_rms=0.0200
    Layer 13: alpha=0.052692  teacher_rms=0.1040  v_rms=0.0197
    Layer 14: alpha=0.064028  teacher_rms=0.1547  v_rms=0.0242
    Layer 15: alpha=0.058418  teacher_rms=0.1576  v_rms=0.0270
    Layer 16: alpha=0.044171  teacher_rms=0.1473  v_rms=0.0334
    Layer 17: alpha=0.043908  teacher_rms=0.1753  v_rms=0.0399
    Layer 18: alpha=0.040741  teacher_rms=0.1990  v_rms=0.0488
    Layer 19: alpha=0.053637  teacher_rms=0.2060  v_rms=0.0384
    Layer 20: alpha=0.056948  teacher_rms=0.1966  v_rms=0.0345
    Layer 21: alpha=0.051513  teacher_rms=0.2373  v_rms=0.0461
    Layer 22: alpha=0.055590  teacher_rms=0.2834  v_rms=0.0510
    Layer 23: alpha=0.048955  teacher_rms=0.3098  v_rms=0.0633
    Layer 24: alpha=0.033648  teacher_rms=0.2897  v_rms=0.0861
    Layer 25: alpha=0.040058  teacher_rms=0.2376  v_rms=0.0593
    Layer 26: alpha=0.029154  teacher_rms=0.2124  v_rms=0.0728
    Layer 27: alpha=0.037093  teacher_rms=0.3083  v_rms=0.0831
    Layer 28: alpha=0.042754  teacher_rms=0.3705  v_rms=0.0867
    Layer 29: alpha=0.017344  teacher_rms=0.2548  v_rms=0.1469
    Layer 30: alpha=0.029045  teacher_rms=0.4297  v_rms=0.1480
    Layer 31: alpha=0.021214  teacher_rms=0.3785  v_rms=0.1784
    Layer 32: alpha=0.023899  teacher_rms=0.5288  v_rms=0.2213
    Layer 33: alpha=0.018560  teacher_rms=0.6404  v_rms=0.3451
    Layer 34: alpha=0.033113  teacher_rms=1.0325  v_rms=0.3118
    Layer 35: alpha=0.059474  teacher_rms=1.0168  v_rms=0.1710

  Set g_proj = v_proj * alpha in 35 GDN layers (damping=0.01).
  Init (taylor_init) done in 383.1s
  Layer 4: PPL = 6025380.50  (eval 13.1s)

============================================================
  Probing layer 5 | strategy=taylor_init
============================================================
Loading checkpoint shards:   0%|          | 0/4 [00:00<?, ?it/s]Loading checkpoint shards: 100%|██████████| 4/4 [00:00<00:00, 146.89it/s]
Could not cache non-existence of file. Will ignore error and continue. Error: [Errno 13] Permission denied: '/data/shared/huggingface/hub/models--Qwen--Qwen3-8B/.no_exist/b968826d9c46dd6066d109eabc6255188de91218/model.safetensors'
Loading checkpoint shards:   0%|          | 0/5 [00:00<?, ?it/s]Loading checkpoint shards: 100%|██████████| 5/5 [00:00<00:00, 73.12it/s]
Token indices sequence length is longer than the specified maximum sequence length for this model (2429029 > 131072). Running this sequence through the model will result in indexing errors
  [Taylor Step 1/3] Gate calibration from attention stats...
    Layer  0: dist=[32, 3, 12, 35, 12, 26, 9, 11, 19, 6, 8, 9, 18, 34, 31, 10, 16, 19, 16, 14, 13, 23, 4, 12, 5, 52, 10, 43, 15, 36, 15, 14]
    Layer  1: dist=[19, 38, 25, 44, 3, 15, 31, 11, 45, 36, 65, 60, 34, 47, 51, 38, 32, 54, 57, 33, 56, 24, 40, 40, 37, 9, 44, 41, 83, 31, 37, 49]
    Layer  2: dist=[65, 65, 67, 62, 26, 45, 33, 43, 39, 47, 56, 56, 53, 46, 46, 60, 61, 49, 54, 43, 49, 67, 48, 50, 25, 24, 21, 35, 73, 73, 77, 74]
    Layer  3: dist=[65, 26, 13, 22, 87, 93, 83, 73, 56, 53, 62, 58, 90, 73, 75, 74, 59, 62, 51, 67, 74, 60, 64, 65, 64, 56, 52, 59, 70, 63, 72, 65]
    Layer  4: dist=[62, 63, 73, 67, 73, 56, 61, 89, 68, 69, 63, 60, 55, 55, 71, 61, 62, 65, 67, 70, 64, 61, 47, 64, 41, 51, 48, 34, 51, 66, 55, 55]
    Layer  6: dist=[27, 40, 30, 31, 52, 46, 67, 61, 46, 25, 43, 38, 56, 64, 56, 30, 47, 34, 45, 40, 20, 30, 32, 14, 35, 50, 32, 49, 47, 43, 37, 53]
    Layer  7: dist=[55, 60, 64, 87, 126, 114, 127, 121, 88, 119, 99, 72, 108, 23, 53, 97, 80, 101, 85, 81, 106, 86, 112, 116, 64, 78, 47, 86, 97, 101, 101, 106]
    Layer  8: dist=[83, 87, 90, 58, 81, 77, 69, 78, 86, 99, 87, 90, 94, 86, 96, 70, 116, 107, 103, 96, 92, 106, 100, 111, 92, 72, 95, 67, 84, 72, 79, 74]
    Layer  9: dist=[76, 60, 61, 67, 83, 97, 96, 74, 123, 120, 118, 112, 27, 87, 63, 85, 93, 100, 114, 125, 87, 77, 60, 70, 119, 81, 91, 97, 125, 113, 127, 123]
    Layer 10: dist=[76, 71, 58, 74, 85, 102, 64, 74, 63, 88, 106, 49, 88, 67, 82, 86, 87, 102, 100, 107, 88, 60, 107, 90, 93, 107, 84, 77, 76, 65, 82, 90]
    Layer 11: dist=[78, 65, 79, 48, 53, 61, 78, 77, 102, 123, 109, 93, 82, 64, 65, 69, 69, 63, 61, 51, 77, 107, 89, 87, 67, 59, 56, 54, 95, 55, 55, 94]
    Layer 12: dist=[21, 72, 79, 61, 87, 83, 66, 70, 63, 62, 74, 77, 86, 81, 82, 87, 39, 68, 59, 94, 102, 112, 97, 103, 93, 2, 107, 38, 81, 88, 113, 91]
    Layer 13: dist=[52, 68, 66, 62, 52, 51, 65, 40, 86, 63, 99, 122, 128, 115, 109, 124, 85, 72, 57, 61, 93, 55, 83, 90, 84, 59, 72, 76, 113, 111, 96, 99]
    Layer 14: dist=[44, 64, 65, 46, 62, 45, 64, 65, 54, 57, 70, 68, 69, 76, 65, 67, 77, 86, 51, 64, 65, 31, 51, 81, 52, 67, 73, 64, 85, 88, 8, 89]
    Layer 15: dist=[80, 44, 79, 38, 37, 38, 79, 67, 90, 60, 46, 104, 68, 107, 79, 89, 61, 57, 64, 68, 58, 60, 50, 51, 49, 34, 86, 62, 72, 84, 71, 49]
    Layer 16: dist=[61, 57, 74, 85, 55, 58, 48, 55, 54, 82, 73, 84, 90, 69, 86, 86, 68, 71, 60, 62, 115, 118, 110, 103, 71, 54, 64, 10, 58, 59, 65, 56]
    Layer 17: dist=[111, 95, 79, 67, 53, 57, 39, 47, 90, 108, 79, 100, 40, 57, 71, 74, 44, 61, 61, 42, 75, 98, 93, 97, 58, 55, 57, 52, 53, 79, 93, 67]
    Layer 18: dist=[34, 45, 35, 33, 56, 78, 74, 57, 64, 67, 66, 79, 61, 60, 57, 62, 46, 74, 72, 52, 68, 47, 65, 96, 58, 62, 61, 63, 52, 53, 79, 56]
    Layer 19: dist=[73, 64, 63, 62, 76, 103, 54, 71, 81, 85, 84, 93, 63, 57, 75, 63, 84, 85, 49, 49, 21, 50, 33, 49, 102, 106, 102, 116, 77, 77, 73, 72]
    Layer 20: dist=[89, 79, 80, 77, 78, 51, 49, 57, 40, 36, 43, 39, 92, 79, 87, 96, 45, 51, 56, 39, 73, 111, 101, 98, 125, 97, 105, 85, 93, 79, 108, 108]
    Layer 21: dist=[44, 50, 56, 68, 115, 65, 96, 118, 118, 61, 71, 69, 46, 41, 44, 42, 75, 75, 83, 65, 89, 99, 95, 96, 64, 62, 60, 80, 73, 79, 60, 88]
    Layer 22: dist=[73, 60, 67, 63, 52, 72, 45, 56, 37, 49, 45, 59, 18, 86, 61, 64, 33, 79, 76, 41, 102, 115, 120, 121, 101, 84, 91, 95, 114, 92, 103, 95]
    Layer 23: dist=[39, 30, 48, 39, 110, 111, 41, 102, 79, 36, 45, 63, 75, 72, 79, 77, 82, 75, 74, 94, 72, 93, 82, 76, 78, 72, 68, 100, 91, 90, 83, 78]
    Layer 24: dist=[79, 124, 109, 101, 99, 109, 111, 97, 102, 105, 104, 84, 78, 75, 89, 74, 81, 86, 98, 88, 120, 103, 102, 117, 65, 73, 79, 51, 95, 111, 98, 88]
    Layer 25: dist=[105, 121, 118, 94, 71, 72, 107, 80, 96, 97, 85, 90, 65, 89, 50, 68, 93, 99, 97, 89, 102, 111, 105, 108, 110, 110, 99, 108, 88, 125, 98, 88]
    Layer 26: dist=[80, 88, 106, 68, 115, 113, 113, 110, 102, 107, 105, 98, 100, 124, 116, 116, 86, 93, 99, 95, 102, 113, 122, 114, 99, 97, 102, 93, 115, 96, 114, 95]
    Layer 27: dist=[87, 108, 103, 117, 98, 105, 101, 86, 77, 100, 107, 99, 78, 109, 80, 86, 96, 99, 99, 104, 91, 112, 113, 92, 110, 113, 116, 117, 107, 77, 92, 117]
    Layer 28: dist=[103, 92, 102, 102, 82, 63, 80, 76, 96, 107, 92, 89, 112, 105, 96, 101, 112, 104, 104, 108, 119, 71, 60, 89, 91, 88, 99, 99, 92, 92, 71, 95]
    Layer 29: dist=[113, 114, 114, 113, 90, 112, 94, 114, 119, 113, 122, 105, 120, 120, 119, 120, 116, 106, 115, 121, 123, 123, 107, 125, 100, 114, 97, 92, 106, 95, 106, 109]
    Layer 30: dist=[75, 102, 99, 100, 102, 100, 90, 67, 117, 117, 115, 120, 105, 104, 113, 101, 97, 78, 120, 122, 51, 120, 100, 110, 119, 119, 119, 118, 106, 110, 107, 102]
    Layer 31: dist=[119, 117, 99, 98, 112, 113, 114, 116, 114, 77, 87, 91, 117, 116, 117, 115, 101, 101, 106, 94, 119, 116, 108, 119, 112, 109, 89, 120, 112, 106, 102, 110]
    Layer 32: dist=[110, 114, 114, 111, 116, 119, 116, 117, 110, 111, 117, 115, 93, 113, 108, 91, 118, 106, 109, 111, 123, 92, 114, 120, 71, 95, 80, 105, 116, 107, 99, 103]
    Layer 33: dist=[102, 120, 112, 119, 91, 102, 57, 94, 116, 116, 113, 113, 114, 115, 113, 116, 114, 117, 106, 109, 112, 96, 110, 113, 111, 119, 122, 118, 110, 111, 107, 104]
    Layer 34: dist=[110, 109, 112, 113, 105, 111, 108, 102, 53, 93, 114, 86, 117, 115, 120, 81, 82, 89, 126, 55, 119, 51, 118, 119, 122, 122, 125, 122, 54, 62, 68, 109]
    Layer 35: dist=[105, 123, 71, 97, 82, 36, 112, 100, 85, 94, 112, 96, 63, 28, 49, 40, 98, 74, 84, 48, 90, 102, 55, 54, 66, 49, 68, 72, 73, 115, 122, 117]

  [Taylor Step 2/3] OLS sigma per head (scaling V, streaming)...
    Layer  0: sigma=[0.612, 0.100, 0.100, 0.100, 0.333, 0.379, 0.100, 0.100, 0.100, 0.149, 0.100, 0.100, 0.100, 0.100, 0.100, 0.260, 0.100, 0.100, 0.100, 0.100, 0.100, 0.100, 0.100, 0.100, 0.100, 0.100, 0.352, 0.100, 0.100, 0.100, 0.161, 0.100]
    Layer  1: sigma=[0.349, 0.100, 0.100, 0.100, 0.100, 0.100, 0.100, 0.100, 0.100, 0.165, 0.247, 0.100, 0.100, 0.100, 0.100, 0.100, 0.100, 0.100, 0.100, 0.100, 0.100, 0.100, 0.100, 0.117, 0.100, 0.100, 0.113, 0.100, 0.100, 0.100, 0.100, 0.100]
    Layer  2: sigma=[0.100, 0.100, 0.100, 0.100, 0.100, 0.100, 0.100, 0.100, 0.109, 0.100, 0.100, 0.100, 0.100, 0.145, 0.100, 0.100, 0.100, 0.220, 0.100, 0.100, 0.100, 0.100, 0.100, 0.100, 0.100, 0.172, 0.100, 0.100, 0.100, 0.100, 0.100, 0.100]
    Layer  3: sigma=[0.100, 0.325, 0.100, 0.160, 0.100, 0.100, 0.100, 0.100, 0.100, 0.100, 0.100, 0.100, 0.100, 0.100, 0.100, 0.100, 0.100, 0.100, 0.100, 0.100, 0.100, 0.108, 0.100, 0.100, 0.100, 0.100, 0.100, 0.100, 0.100, 0.100, 0.100, 0.100]
    Layer  4: sigma=[0.100, 0.100, 0.100, 0.100, 0.100, 0.100, 0.100, 0.100, 0.100, 0.100, 0.100, 0.100, 0.100, 0.100, 0.100, 0.100, 0.100, 0.100, 0.100, 0.100, 0.132, 0.137, 0.316, 0.100, 0.100, 0.100, 0.100, 0.100, 0.100, 0.100, 0.100, 0.100]
    Layer  6: sigma=[0.100, 0.100, 0.100, 0.100, 0.100, 0.100, 0.100, 0.100, 0.100, 0.100, 0.100, 0.100, 0.100, 0.100, 0.100, 0.100, 0.100, 0.100, 0.100, 0.100, 0.156, 0.100, 0.100, 0.100, 0.100, 0.100, 0.100, 0.100, 0.100, 0.100, 0.100, 0.100]
    Layer  7: sigma=[0.100, 0.139, 0.100, 0.100, 0.114, 0.100, 0.100, 0.100, 0.100, 0.100, 0.100, 0.102, 0.100, 0.100, 0.100, 0.100, 0.100, 0.100, 0.100, 0.100, 0.100, 0.100, 0.100, 0.100, 0.100, 0.100, 0.100, 0.100, 0.100, 0.100, 0.100, 0.100]
    Layer  8: sigma=[0.100, 0.100, 0.100, 0.100, 0.100, 0.100, 0.100, 0.100, 0.100, 0.100, 0.100, 0.100, 0.100, 0.100, 0.100, 0.100, 0.100, 0.100, 0.100, 0.100, 0.100, 0.100, 0.100, 0.100, 0.100, 0.100, 0.100, 0.183, 0.100, 0.100, 0.100, 0.100]
    Layer  9: sigma=[0.100, 0.100, 0.100, 0.100, 0.100, 0.100, 0.100, 0.100, 0.100, 0.100, 0.100, 0.100, 0.100, 0.100, 0.561, 0.135, 0.100, 0.100, 0.100, 0.100, 0.100, 0.100, 0.100, 0.100, 0.100, 0.100, 0.100, 0.100, 0.100, 0.100, 0.100, 0.100]
    Layer 10: sigma=[0.100, 0.100, 0.100, 0.100, 0.100, 0.100, 0.100, 0.100, 0.100, 0.100, 0.100, 0.100, 0.100, 0.100, 0.100, 0.100, 0.100, 0.100, 0.100, 0.100, 0.100, 0.100, 0.100, 0.100, 0.100, 0.100, 0.100, 0.100, 0.100, 0.100, 0.100, 0.100]
    Layer 11: sigma=[0.100, 0.100, 0.100, 0.100, 0.137, 0.100, 0.100, 0.100, 0.100, 0.114, 0.100, 0.100, 0.100, 0.100, 0.264, 0.100, 0.100, 0.100, 0.100, 0.100, 0.100, 0.100, 0.100, 0.100, 0.100, 0.100, 0.169, 0.100, 0.100, 0.100, 0.100, 0.100]
    Layer 12: sigma=[0.100, 0.100, 0.100, 0.100, 0.100, 0.100, 0.100, 0.100, 0.100, 0.105, 0.100, 0.107, 0.100, 0.100, 0.100, 0.100, 0.100, 0.300, 0.160, 0.100, 0.100, 0.100, 0.100, 0.100, 0.100, 0.100, 0.100, 0.206, 0.100, 0.100, 0.113, 0.100]
    Layer 13: sigma=[0.218, 0.100, 0.100, 0.312, 0.100, 0.100, 0.100, 0.100, 0.100, 0.100, 0.100, 0.100, 0.100, 0.100, 0.100, 0.100, 0.100, 0.100, 0.100, 0.111, 0.100, 0.100, 0.100, 0.100, 0.100, 0.100, 0.100, 0.100, 0.100, 0.100, 0.100, 0.100]
    Layer 14: sigma=[0.100, 0.100, 0.100, 0.100, 0.100, 0.425, 0.100, 0.100, 0.100, 0.100, 0.100, 0.100, 0.100, 0.100, 0.100, 0.100, 0.100, 0.100, 0.100, 0.100, 0.100, 0.100, 0.100, 0.100, 0.121, 0.114, 0.100, 0.100, 0.100, 0.100, 0.100, 0.100]
    Layer 15: sigma=[0.100, 0.154, 0.100, 0.100, 0.100, 0.110, 0.100, 0.100, 0.100, 0.100, 0.100, 0.100, 0.199, 0.100, 0.100, 0.100, 0.100, 0.100, 0.100, 0.100, 0.100, 0.100, 0.100, 0.100, 0.143, 0.100, 0.100, 0.100, 0.100, 0.100, 0.100, 0.100]
    Layer 16: sigma=[0.100, 0.100, 0.100, 0.100, 0.100, 0.100, 0.100, 0.100, 0.100, 0.100, 0.100, 0.100, 0.100, 0.100, 0.100, 0.100, 0.100, 0.100, 0.100, 0.100, 0.100, 0.100, 0.100, 0.100, 0.100, 0.100, 0.100, 0.378, 0.100, 0.100, 0.100, 0.100]
    Layer 17: sigma=[0.100, 0.100, 0.100, 0.100, 0.100, 0.145, 0.100, 0.100, 0.100, 0.100, 0.100, 0.100, 0.100, 0.100, 0.100, 0.100, 0.154, 0.100, 0.100, 0.408, 0.100, 0.100, 0.100, 0.104, 0.135, 0.100, 0.372, 0.100, 0.100, 0.100, 0.100, 0.100]
    Layer 18: sigma=[0.100, 0.412, 0.100, 0.100, 0.100, 0.100, 0.100, 0.188, 0.100, 0.100, 0.100, 0.100, 0.100, 0.100, 0.100, 0.100, 0.123, 0.100, 0.100, 0.100, 0.100, 0.100, 0.100, 0.100, 0.100, 0.100, 0.100, 0.100, 0.100, 0.100, 0.100, 0.100]
    Layer 19: sigma=[0.100, 0.100, 0.100, 0.100, 0.100, 0.100, 0.100, 0.100, 0.100, 0.100, 0.100, 0.100, 0.156, 0.100, 0.100, 0.188, 0.100, 0.100, 0.100, 0.286, 0.100, 0.100, 0.100, 0.105, 0.100, 0.100, 0.100, 0.100, 0.100, 0.100, 0.100, 0.100]
    Layer 20: sigma=[0.100, 0.100, 0.100, 0.100, 0.100, 0.220, 0.100, 0.100, 0.158, 0.113, 0.100, 0.100, 0.100, 0.100, 0.100, 0.105, 0.100, 0.157, 0.100, 0.100, 0.100, 0.100, 0.100, 0.100, 0.100, 0.100, 0.100, 0.100, 0.100, 0.100, 0.100, 0.100]
    Layer 21: sigma=[0.100, 0.120, 0.100, 0.100, 0.100, 0.100, 0.100, 0.100, 0.100, 0.155, 0.100, 0.243, 0.100, 0.100, 0.100, 0.100, 0.100, 0.100, 0.100, 0.100, 0.100, 0.108, 0.100, 0.100, 0.214, 0.100, 0.100, 0.100, 0.100, 0.100, 0.257, 0.100]
    Layer 22: sigma=[0.146, 0.100, 0.100, 0.100, 0.159, 0.113, 0.100, 0.208, 0.100, 0.100, 0.100, 0.100, 0.100, 0.100, 0.100, 0.104, 0.100, 0.100, 0.100, 0.100, 0.100, 0.100, 0.100, 0.100, 0.100, 0.100, 0.100, 0.100, 0.100, 0.100, 0.100, 0.100]
    Layer 23: sigma=[0.184, 0.283, 0.168, 0.100, 0.100, 0.100, 0.154, 0.100, 0.100, 0.293, 0.100, 0.100, 0.100, 0.100, 0.100, 0.100, 0.100, 0.100, 0.100, 0.100, 0.100, 0.100, 0.100, 0.100, 0.100, 0.100, 0.100, 0.100, 0.100, 0.100, 0.147, 0.208]
    Layer 24: sigma=[0.100, 0.100, 0.100, 0.100, 0.100, 0.100, 0.100, 0.100, 0.100, 0.100, 0.100, 0.100, 0.100, 0.100, 0.100, 0.122, 0.100, 0.100, 0.100, 0.100, 0.100, 0.100, 0.100, 0.100, 0.216, 0.368, 0.100, 0.406, 0.100, 0.100, 0.100, 0.100]
    Layer 25: sigma=[0.100, 0.100, 0.100, 0.100, 0.106, 0.100, 0.100, 0.100, 0.100, 0.100, 0.100, 0.100, 0.100, 0.100, 0.100, 0.100, 0.100, 0.100, 0.100, 0.100, 0.100, 0.100, 0.100, 0.100, 0.100, 0.100, 0.100, 0.100, 0.100, 0.100, 0.100, 0.100]
    Layer 26: sigma=[0.100, 0.100, 0.100, 0.100, 0.100, 0.100, 0.100, 0.100, 0.100, 0.100, 0.100, 0.100, 0.100, 0.100, 0.100, 0.100, 0.100, 0.100, 0.100, 0.100, 0.100, 0.100, 0.100, 0.100, 0.100, 0.100, 0.100, 0.100, 0.100, 0.100, 0.100, 0.100]
    Layer 27: sigma=[0.100, 0.100, 0.100, 0.100, 0.100, 0.100, 0.100, 0.100, 0.100, 0.100, 0.100, 0.100, 0.100, 0.100, 0.100, 0.100, 0.100, 0.100, 0.100, 0.100, 0.100, 0.100, 0.100, 0.100, 0.100, 0.100, 0.100, 0.100, 0.100, 0.109, 0.100, 0.100]
    Layer 28: sigma=[0.100, 0.100, 0.100, 0.100, 0.100, 0.124, 0.100, 0.161, 0.100, 0.100, 0.100, 0.100, 0.100, 0.100, 0.100, 0.100, 0.100, 0.100, 0.100, 0.100, 0.100, 0.100, 0.100, 0.100, 0.100, 0.100, 0.100, 0.100, 0.100, 0.100, 0.100, 0.100]
    Layer 29: sigma=[0.100, 0.100, 0.100, 0.100, 0.100, 0.100, 0.100, 0.100, 0.100, 0.100, 0.100, 0.100, 0.100, 0.100, 0.100, 0.100, 0.100, 0.100, 0.100, 0.100, 0.100, 0.100, 0.100, 0.100, 0.100, 0.100, 0.100, 0.100, 0.100, 0.100, 0.100, 0.100]
    Layer 30: sigma=[0.100, 0.100, 0.100, 0.100, 0.100, 0.100, 0.100, 0.100, 0.100, 0.100, 0.100, 0.100, 0.100, 0.100, 0.100, 0.100, 0.100, 0.100, 0.100, 0.100, 0.100, 0.100, 0.100, 0.100, 0.100, 0.100, 0.100, 0.100, 0.100, 0.100, 0.100, 0.100]
    Layer 31: sigma=[0.100, 0.100, 0.100, 0.100, 0.100, 0.100, 0.100, 0.100, 0.100, 0.100, 0.100, 0.100, 0.100, 0.100, 0.100, 0.100, 0.100, 0.100, 0.100, 0.107, 0.100, 0.100, 0.100, 0.100, 0.100, 0.100, 0.100, 0.100, 0.100, 0.100, 0.100, 0.100]
    Layer 32: sigma=[0.100, 0.100, 0.100, 0.100, 0.100, 0.100, 0.100, 0.100, 0.100, 0.100, 0.100, 0.100, 0.100, 0.100, 0.100, 0.100, 0.100, 0.100, 0.100, 0.100, 0.100, 0.100, 0.100, 0.100, 0.100, 0.100, 0.100, 0.100, 0.100, 0.100, 0.100, 0.100]
    Layer 33: sigma=[0.100, 0.100, 0.100, 0.100, 0.100, 0.100, 0.100, 0.100, 0.100, 0.100, 0.100, 0.100, 0.100, 0.100, 0.100, 0.100, 0.100, 0.100, 0.100, 0.100, 0.100, 0.100, 0.100, 0.100, 0.100, 0.100, 0.100, 0.100, 0.100, 0.100, 0.100, 0.100]
    Layer 34: sigma=[0.100, 0.100, 0.100, 0.100, 0.100, 0.100, 0.100, 0.100, 0.100, 0.100, 0.100, 0.100, 0.100, 0.100, 0.100, 0.100, 0.100, 0.100, 0.100, 0.104, 0.100, 0.100, 0.100, 0.100, 0.100, 0.100, 0.100, 0.100, 0.100, 0.100, 0.100, 0.100]
    Layer 35: sigma=[0.100, 0.100, 0.100, 0.100, 0.113, 0.100, 0.100, 0.100, 0.100, 0.100, 0.100, 0.100, 0.100, 0.100, 0.100, 0.100, 0.100, 0.100, 0.100, 0.100, 0.100, 0.100, 0.129, 0.100, 0.100, 0.100, 0.100, 0.100, 0.100, 0.100, 0.100, 0.100]

  [Taylor Step 3/3] g_proj = v_proj * alpha (damping=0.01)...
    Layer  0: alpha=0.060494  teacher_rms=0.0163  v_rms=0.0027
    Layer  1: alpha=0.060936  teacher_rms=0.0205  v_rms=0.0034
    Layer  2: alpha=0.056990  teacher_rms=0.0214  v_rms=0.0038
    Layer  3: alpha=0.048613  teacher_rms=0.0259  v_rms=0.0053
    Layer  4: alpha=0.047426  teacher_rms=0.0304  v_rms=0.0064
    Layer  6: alpha=0.078306  teacher_rms=0.0621  v_rms=0.0079
    Layer  7: alpha=0.046305  teacher_rms=0.0530  v_rms=0.0114
    Layer  8: alpha=0.047263  teacher_rms=0.0708  v_rms=0.0150
    Layer  9: alpha=0.035482  teacher_rms=0.0713  v_rms=0.0201
    Layer 10: alpha=0.051225  teacher_rms=0.1092  v_rms=0.0213
    Layer 11: alpha=0.062037  teacher_rms=0.1046  v_rms=0.0169
    Layer 12: alpha=0.061228  teacher_rms=0.1207  v_rms=0.0197
    Layer 13: alpha=0.053882  teacher_rms=0.1040  v_rms=0.0193
    Layer 14: alpha=0.063090  teacher_rms=0.1547  v_rms=0.0245
    Layer 15: alpha=0.058674  teacher_rms=0.1576  v_rms=0.0269
    Layer 16: alpha=0.043232  teacher_rms=0.1473  v_rms=0.0341
    Layer 17: alpha=0.044996  teacher_rms=0.1753  v_rms=0.0390
    Layer 18: alpha=0.048022  teacher_rms=0.1990  v_rms=0.0414
    Layer 19: alpha=0.054853  teacher_rms=0.2060  v_rms=0.0376
    Layer 20: alpha=0.054781  teacher_rms=0.1966  v_rms=0.0359
    Layer 21: alpha=0.051931  teacher_rms=0.2373  v_rms=0.0457
    Layer 22: alpha=0.057083  teacher_rms=0.2834  v_rms=0.0496
    Layer 23: alpha=0.050199  teacher_rms=0.3098  v_rms=0.0617
    Layer 24: alpha=0.032829  teacher_rms=0.2897  v_rms=0.0882
    Layer 25: alpha=0.039996  teacher_rms=0.2376  v_rms=0.0594
    Layer 26: alpha=0.029256  teacher_rms=0.2124  v_rms=0.0726
    Layer 27: alpha=0.037006  teacher_rms=0.3083  v_rms=0.0833
    Layer 28: alpha=0.041657  teacher_rms=0.3705  v_rms=0.0889
    Layer 29: alpha=0.017344  teacher_rms=0.2548  v_rms=0.1469
    Layer 30: alpha=0.029045  teacher_rms=0.4297  v_rms=0.1480
    Layer 31: alpha=0.021191  teacher_rms=0.3785  v_rms=0.1786
    Layer 32: alpha=0.023899  teacher_rms=0.5288  v_rms=0.2213
    Layer 33: alpha=0.018560  teacher_rms=0.6404  v_rms=0.3451
    Layer 34: alpha=0.033169  teacher_rms=1.0325  v_rms=0.3113
    Layer 35: alpha=0.059454  teacher_rms=1.0168  v_rms=0.1710

  Set g_proj = v_proj * alpha in 35 GDN layers (damping=0.01).
  Init (taylor_init) done in 337.9s
  Layer 5: PPL = 4494517.50  (eval 13.1s)

============================================================
  Probing layer 6 | strategy=taylor_init
============================================================
Loading checkpoint shards:   0%|          | 0/4 [00:00<?, ?it/s]Loading checkpoint shards: 100%|██████████| 4/4 [00:00<00:00, 145.00it/s]
Could not cache non-existence of file. Will ignore error and continue. Error: [Errno 13] Permission denied: '/data/shared/huggingface/hub/models--Qwen--Qwen3-8B/.no_exist/b968826d9c46dd6066d109eabc6255188de91218/model.safetensors'
Loading checkpoint shards:   0%|          | 0/5 [00:00<?, ?it/s]Loading checkpoint shards: 100%|██████████| 5/5 [00:00<00:00, 89.66it/s]
Token indices sequence length is longer than the specified maximum sequence length for this model (2429029 > 131072). Running this sequence through the model will result in indexing errors
  [Taylor Step 1/3] Gate calibration from attention stats...
    Layer  0: dist=[32, 3, 12, 35, 12, 26, 9, 11, 19, 6, 8, 9, 18, 34, 31, 10, 16, 19, 16, 14, 13, 23, 4, 12, 5, 52, 10, 43, 15, 36, 15, 14]
    Layer  1: dist=[19, 38, 25, 44, 3, 15, 31, 11, 45, 36, 65, 60, 34, 47, 51, 38, 32, 54, 57, 33, 56, 24, 40, 40, 37, 9, 44, 41, 83, 31, 37, 49]
    Layer  2: dist=[65, 65, 67, 62, 26, 45, 33, 43, 39, 47, 56, 56, 53, 46, 46, 60, 61, 49, 54, 43, 49, 67, 48, 50, 25, 24, 21, 35, 73, 73, 77, 74]
    Layer  3: dist=[65, 26, 13, 22, 87, 93, 83, 73, 56, 53, 62, 58, 90, 73, 75, 74, 59, 62, 51, 67, 74, 60, 64, 65, 64, 56, 52, 59, 70, 63, 72, 65]
    Layer  4: dist=[62, 63, 73, 67, 73, 56, 61, 89, 68, 69, 63, 60, 55, 55, 71, 61, 62, 65, 67, 70, 64, 61, 47, 64, 41, 51, 48, 34, 51, 66, 55, 55]
    Layer  5: dist=[36, 48, 55, 35, 61, 68, 52, 51, 5, 18, 73, 61, 54, 78, 59, 52, 41, 32, 50, 48, 51, 55, 48, 59, 73, 73, 80, 80, 43, 44, 46, 58]
    Layer  7: dist=[55, 60, 64, 87, 126, 114, 127, 121, 88, 119, 99, 72, 108, 23, 53, 97, 80, 101, 85, 81, 106, 86, 112, 116, 64, 78, 47, 86, 97, 101, 101, 106]
    Layer  8: dist=[83, 87, 90, 58, 81, 77, 69, 78, 86, 99, 87, 90, 94, 86, 96, 70, 116, 107, 103, 96, 92, 106, 100, 111, 92, 72, 95, 67, 84, 72, 79, 74]
    Layer  9: dist=[76, 60, 61, 67, 83, 97, 96, 74, 123, 120, 118, 112, 27, 87, 63, 85, 93, 100, 114, 125, 87, 77, 60, 70, 119, 81, 91, 97, 125, 113, 127, 123]
    Layer 10: dist=[76, 71, 58, 74, 85, 102, 64, 74, 63, 88, 106, 49, 88, 67, 82, 86, 87, 102, 100, 107, 88, 60, 107, 90, 93, 107, 84, 77, 76, 65, 82, 90]
    Layer 11: dist=[78, 65, 79, 48, 53, 61, 78, 77, 102, 123, 109, 93, 82, 64, 65, 69, 69, 63, 61, 51, 77, 107, 89, 87, 67, 59, 56, 54, 95, 55, 55, 94]
    Layer 12: dist=[21, 72, 79, 61, 87, 83, 66, 70, 63, 62, 74, 77, 86, 81, 82, 87, 39, 68, 59, 94, 102, 112, 97, 103, 93, 2, 107, 38, 81, 88, 113, 91]
    Layer 13: dist=[52, 68, 66, 62, 52, 51, 65, 40, 86, 63, 99, 122, 128, 115, 109, 124, 85, 72, 57, 61, 93, 55, 83, 90, 84, 59, 72, 76, 113, 111, 96, 99]
    Layer 14: dist=[44, 64, 65, 46, 62, 45, 64, 65, 54, 57, 70, 68, 69, 76, 65, 67, 77, 86, 51, 64, 65, 31, 51, 81, 52, 67, 73, 64, 85, 88, 8, 89]
    Layer 15: dist=[80, 44, 79, 38, 37, 38, 79, 67, 90, 60, 46, 104, 68, 107, 79, 89, 61, 57, 64, 68, 58, 60, 50, 51, 49, 34, 86, 62, 72, 84, 71, 49]
    Layer 16: dist=[61, 57, 74, 85, 55, 58, 48, 55, 54, 82, 73, 84, 90, 69, 86, 86, 68, 71, 60, 62, 115, 118, 110, 103, 71, 54, 64, 10, 58, 59, 65, 56]
    Layer 17: dist=[111, 95, 79, 67, 53, 57, 39, 47, 90, 108, 79, 100, 40, 57, 71, 74, 44, 61, 61, 42, 75, 98, 93, 97, 58, 55, 57, 52, 53, 79, 93, 67]
    Layer 18: dist=[34, 45, 35, 33, 56, 78, 74, 57, 64, 67, 66, 79, 61, 60, 57, 62, 46, 74, 72, 52, 68, 47, 65, 96, 58, 62, 61, 63, 52, 53, 79, 56]
    Layer 19: dist=[73, 64, 63, 62, 76, 103, 54, 71, 81, 85, 84, 93, 63, 57, 75, 63, 84, 85, 49, 49, 21, 50, 33, 49, 102, 106, 102, 116, 77, 77, 73, 72]
    Layer 20: dist=[89, 79, 80, 77, 78, 51, 49, 57, 40, 36, 43, 39, 92, 79, 87, 96, 45, 51, 56, 39, 73, 111, 101, 98, 125, 97, 105, 85, 93, 79, 108, 108]
    Layer 21: dist=[44, 50, 56, 68, 115, 65, 96, 118, 118, 61, 71, 69, 46, 41, 44, 42, 75, 75, 83, 65, 89, 99, 95, 96, 64, 62, 60, 80, 73, 79, 60, 88]
    Layer 22: dist=[73, 60, 67, 63, 52, 72, 45, 56, 37, 49, 45, 59, 18, 86, 61, 64, 33, 79, 76, 41, 102, 115, 120, 121, 101, 84, 91, 95, 114, 92, 103, 95]
    Layer 23: dist=[39, 30, 48, 39, 110, 111, 41, 102, 79, 36, 45, 63, 75, 72, 79, 77, 82, 75, 74, 94, 72, 93, 82, 76, 78, 72, 68, 100, 91, 90, 83, 78]
    Layer 24: dist=[79, 124, 109, 101, 99, 109, 111, 97, 102, 105, 104, 84, 78, 75, 89, 74, 81, 86, 98, 88, 120, 103, 102, 117, 65, 73, 79, 51, 95, 111, 98, 88]
    Layer 25: dist=[105, 121, 118, 94, 71, 72, 107, 80, 96, 97, 85, 90, 65, 89, 50, 68, 93, 99, 97, 89, 102, 111, 105, 108, 110, 110, 99, 108, 88, 125, 98, 88]
    Layer 26: dist=[80, 88, 106, 68, 115, 113, 113, 110, 102, 107, 105, 98, 100, 124, 116, 116, 86, 93, 99, 95, 102, 113, 122, 114, 99, 97, 102, 93, 115, 96, 114, 95]
    Layer 27: dist=[87, 108, 103, 117, 98, 105, 101, 86, 77, 100, 107, 99, 78, 109, 80, 86, 96, 99, 99, 104, 91, 112, 113, 92, 110, 113, 116, 117, 107, 77, 92, 117]
    Layer 28: dist=[103, 92, 102, 102, 82, 63, 80, 76, 96, 107, 92, 89, 112, 105, 96, 101, 112, 104, 104, 108, 119, 71, 60, 89, 91, 88, 99, 99, 92, 92, 71, 95]
    Layer 29: dist=[113, 114, 114, 113, 90, 112, 94, 114, 119, 113, 122, 105, 120, 120, 119, 120, 116, 106, 115, 121, 123, 123, 107, 125, 100, 114, 97, 92, 106, 95, 106, 109]
    Layer 30: dist=[75, 102, 99, 100, 102, 100, 90, 67, 117, 117, 115, 120, 105, 104, 113, 101, 97, 78, 120, 122, 51, 120, 100, 110, 119, 119, 119, 118, 106, 110, 107, 102]
    Layer 31: dist=[119, 117, 99, 98, 112, 113, 114, 116, 114, 77, 87, 91, 117, 116, 117, 115, 101, 101, 106, 94, 119, 116, 108, 119, 112, 109, 89, 120, 112, 106, 102, 110]
    Layer 32: dist=[110, 114, 114, 111, 116, 119, 116, 117, 110, 111, 117, 115, 93, 113, 108, 91, 118, 106, 109, 111, 123, 92, 114, 120, 71, 95, 80, 105, 116, 107, 99, 103]
    Layer 33: dist=[102, 120, 112, 119, 91, 102, 57, 94, 116, 116, 113, 113, 114, 115, 113, 116, 114, 117, 106, 109, 112, 96, 110, 113, 111, 119, 122, 118, 110, 111, 107, 104]
    Layer 34: dist=[110, 109, 112, 113, 105, 111, 108, 102, 53, 93, 114, 86, 117, 115, 120, 81, 82, 89, 126, 55, 119, 51, 118, 119, 122, 122, 125, 122, 54, 62, 68, 109]
    Layer 35: dist=[105, 123, 71, 97, 82, 36, 112, 100, 85, 94, 112, 96, 63, 28, 49, 40, 98, 74, 84, 48, 90, 102, 55, 54, 66, 49, 68, 72, 73, 115, 122, 117]

  [Taylor Step 2/3] OLS sigma per head (scaling V, streaming)...
    Layer  0: sigma=[0.615, 0.100, 0.100, 0.100, 0.333, 0.380, 0.100, 0.100, 0.100, 0.148, 0.100, 0.100, 0.100, 0.100, 0.100, 0.260, 0.100, 0.100, 0.100, 0.100, 0.100, 0.100, 0.100, 0.100, 0.100, 0.100, 0.352, 0.100, 0.100, 0.100, 0.161, 0.100]
    Layer  1: sigma=[0.350, 0.100, 0.100, 0.100, 0.100, 0.100, 0.100, 0.100, 0.100, 0.168, 0.243, 0.100, 0.100, 0.100, 0.100, 0.100, 0.100, 0.100, 0.100, 0.100, 0.100, 0.100, 0.100, 0.115, 0.100, 0.100, 0.114, 0.100, 0.100, 0.100, 0.100, 0.100]
    Layer  2: sigma=[0.100, 0.100, 0.100, 0.100, 0.100, 0.100, 0.100, 0.100, 0.108, 0.100, 0.100, 0.100, 0.100, 0.145, 0.100, 0.100, 0.100, 0.217, 0.100, 0.100, 0.100, 0.100, 0.100, 0.100, 0.100, 0.171, 0.100, 0.100, 0.100, 0.100, 0.100, 0.100]
    Layer  3: sigma=[0.100, 0.326, 0.100, 0.153, 0.100, 0.100, 0.100, 0.100, 0.100, 0.100, 0.100, 0.100, 0.100, 0.100, 0.100, 0.100, 0.100, 0.100, 0.100, 0.100, 0.100, 0.108, 0.100, 0.100, 0.100, 0.100, 0.100, 0.100, 0.100, 0.100, 0.100, 0.100]
    Layer  4: sigma=[0.100, 0.100, 0.100, 0.100, 0.100, 0.100, 0.100, 0.100, 0.100, 0.100, 0.100, 0.100, 0.100, 0.100, 0.100, 0.100, 0.100, 0.100, 0.100, 0.100, 0.132, 0.140, 0.318, 0.100, 0.100, 0.100, 0.100, 0.100, 0.100, 0.100, 0.100, 0.100]
    Layer  5: sigma=[0.100, 0.100, 0.100, 0.100, 0.100, 0.100, 0.100, 0.100, 0.100, 0.134, 0.100, 0.111, 0.100, 0.100, 0.100, 0.122, 0.100, 0.180, 0.100, 0.100, 0.100, 0.100, 0.100, 0.100, 0.100, 0.100, 0.100, 0.100, 0.100, 0.100, 0.100, 0.100]
    Layer  7: sigma=[0.100, 0.144, 0.100, 0.100, 0.114, 0.100, 0.100, 0.100, 0.100, 0.100, 0.100, 0.100, 0.100, 0.100, 0.100, 0.100, 0.100, 0.100, 0.100, 0.100, 0.100, 0.100, 0.100, 0.100, 0.100, 0.100, 0.100, 0.100, 0.100, 0.100, 0.100, 0.100]
    Layer  8: sigma=[0.100, 0.100, 0.100, 0.100, 0.100, 0.100, 0.100, 0.100, 0.100, 0.100, 0.100, 0.100, 0.100, 0.100, 0.100, 0.100, 0.100, 0.100, 0.100, 0.100, 0.100, 0.100, 0.100, 0.100, 0.100, 0.100, 0.100, 0.167, 0.100, 0.100, 0.100, 0.100]
    Layer  9: sigma=[0.100, 0.100, 0.100, 0.100, 0.100, 0.100, 0.100, 0.100, 0.100, 0.100, 0.100, 0.100, 0.100, 0.100, 0.640, 0.133, 0.100, 0.100, 0.100, 0.100, 0.100, 0.100, 0.100, 0.100, 0.100, 0.100, 0.100, 0.100, 0.100, 0.100, 0.100, 0.100]
    Layer 10: sigma=[0.100, 0.100, 0.100, 0.100, 0.100, 0.100, 0.100, 0.100, 0.100, 0.100, 0.100, 0.100, 0.100, 0.100, 0.100, 0.100, 0.100, 0.100, 0.100, 0.100, 0.100, 0.100, 0.100, 0.100, 0.100, 0.100, 0.100, 0.100, 0.100, 0.100, 0.100, 0.100]
    Layer 11: sigma=[0.100, 0.100, 0.100, 0.100, 0.138, 0.100, 0.100, 0.100, 0.100, 0.109, 0.100, 0.100, 0.100, 0.100, 0.257, 0.100, 0.100, 0.100, 0.100, 0.100, 0.100, 0.100, 0.100, 0.100, 0.100, 0.100, 0.168, 0.100, 0.100, 0.100, 0.100, 0.100]
    Layer 12: sigma=[0.100, 0.100, 0.100, 0.100, 0.100, 0.100, 0.100, 0.100, 0.100, 0.103, 0.100, 0.108, 0.100, 0.100, 0.100, 0.100, 0.100, 0.325, 0.168, 0.100, 0.100, 0.100, 0.100, 0.100, 0.100, 0.100, 0.100, 0.216, 0.100, 0.100, 0.123, 0.100]
    Layer 13: sigma=[0.221, 0.100, 0.100, 0.373, 0.100, 0.100, 0.100, 0.100, 0.100, 0.100, 0.100, 0.100, 0.100, 0.100, 0.100, 0.100, 0.100, 0.100, 0.100, 0.111, 0.100, 0.100, 0.100, 0.100, 0.100, 0.100, 0.100, 0.100, 0.100, 0.100, 0.100, 0.100]
    Layer 14: sigma=[0.100, 0.100, 0.100, 0.100, 0.100, 0.401, 0.100, 0.100, 0.100, 0.100, 0.100, 0.100, 0.100, 0.100, 0.100, 0.100, 0.100, 0.100, 0.100, 0.100, 0.100, 0.100, 0.100, 0.100, 0.114, 0.114, 0.100, 0.100, 0.100, 0.100, 0.100, 0.100]
    Layer 15: sigma=[0.100, 0.179, 0.100, 0.100, 0.100, 0.109, 0.100, 0.100, 0.100, 0.100, 0.100, 0.100, 0.217, 0.100, 0.100, 0.100, 0.100, 0.100, 0.100, 0.100, 0.100, 0.100, 0.100, 0.100, 0.135, 0.100, 0.100, 0.100, 0.100, 0.100, 0.100, 0.100]
    Layer 16: sigma=[0.100, 0.100, 0.100, 0.100, 0.100, 0.100, 0.100, 0.100, 0.100, 0.100, 0.101, 0.100, 0.100, 0.100, 0.100, 0.100, 0.100, 0.100, 0.100, 0.100, 0.100, 0.100, 0.100, 0.100, 0.100, 0.100, 0.100, 0.403, 0.100, 0.100, 0.100, 0.100]
    Layer 17: sigma=[0.100, 0.100, 0.100, 0.100, 0.100, 0.153, 0.100, 0.100, 0.100, 0.100, 0.100, 0.100, 0.100, 0.100, 0.100, 0.100, 0.136, 0.100, 0.100, 0.413, 0.100, 0.100, 0.100, 0.100, 0.151, 0.100, 0.414, 0.100, 0.100, 0.100, 0.100, 0.100]
    Layer 18: sigma=[0.100, 0.473, 0.100, 0.100, 0.100, 0.100, 0.100, 0.186, 0.100, 0.100, 0.100, 0.100, 0.100, 0.100, 0.100, 0.100, 0.149, 0.100, 0.100, 0.100, 0.100, 0.100, 0.100, 0.100, 0.100, 0.100, 0.100, 0.100, 0.100, 0.100, 0.100, 0.100]
    Layer 19: sigma=[0.100, 0.100, 0.100, 0.100, 0.100, 0.100, 0.100, 0.100, 0.100, 0.100, 0.100, 0.100, 0.130, 0.100, 0.100, 0.176, 0.100, 0.100, 0.100, 0.268, 0.100, 0.100, 0.100, 0.120, 0.100, 0.100, 0.100, 0.100, 0.100, 0.100, 0.100, 0.100]
    Layer 20: sigma=[0.100, 0.100, 0.100, 0.100, 0.100, 0.190, 0.100, 0.100, 0.147, 0.114, 0.100, 0.100, 0.100, 0.100, 0.100, 0.117, 0.100, 0.109, 0.100, 0.100, 0.100, 0.100, 0.100, 0.100, 0.100, 0.100, 0.100, 0.100, 0.100, 0.100, 0.100, 0.100]
    Layer 21: sigma=[0.100, 0.101, 0.100, 0.100, 0.100, 0.100, 0.100, 0.100, 0.100, 0.157, 0.100, 0.341, 0.100, 0.100, 0.132, 0.100, 0.100, 0.100, 0.100, 0.100, 0.100, 0.106, 0.100, 0.100, 0.200, 0.100, 0.100, 0.100, 0.100, 0.100, 0.278, 0.100]
    Layer 22: sigma=[0.123, 0.100, 0.100, 0.100, 0.198, 0.112, 0.100, 0.129, 0.100, 0.100, 0.100, 0.100, 0.100, 0.100, 0.100, 0.111, 0.100, 0.100, 0.100, 0.100, 0.100, 0.100, 0.100, 0.100, 0.100, 0.100, 0.100, 0.100, 0.100, 0.100, 0.100, 0.100]
    Layer 23: sigma=[0.179, 0.288, 0.194, 0.100, 0.100, 0.100, 0.100, 0.100, 0.100, 0.256, 0.100, 0.100, 0.100, 0.100, 0.100, 0.100, 0.100, 0.100, 0.100, 0.100, 0.100, 0.100, 0.100, 0.100, 0.100, 0.100, 0.100, 0.100, 0.100, 0.100, 0.136, 0.214]
    Layer 24: sigma=[0.100, 0.100, 0.100, 0.100, 0.100, 0.100, 0.100, 0.100, 0.100, 0.100, 0.100, 0.100, 0.100, 0.100, 0.100, 0.175, 0.100, 0.100, 0.100, 0.100, 0.100, 0.100, 0.100, 0.100, 0.174, 0.350, 0.100, 0.350, 0.100, 0.100, 0.100, 0.100]
    Layer 25: sigma=[0.100, 0.100, 0.100, 0.100, 0.100, 0.100, 0.100, 0.100, 0.100, 0.100, 0.100, 0.100, 0.100, 0.100, 0.100, 0.100, 0.100, 0.100, 0.100, 0.100, 0.100, 0.100, 0.100, 0.100, 0.100, 0.100, 0.100, 0.100, 0.100, 0.100, 0.100, 0.100]
    Layer 26: sigma=[0.100, 0.100, 0.100, 0.100, 0.100, 0.100, 0.100, 0.100, 0.100, 0.100, 0.100, 0.100, 0.100, 0.100, 0.100, 0.100, 0.100, 0.100, 0.100, 0.100, 0.100, 0.100, 0.100, 0.100, 0.100, 0.100, 0.100, 0.100, 0.100, 0.100, 0.100, 0.100]
    Layer 27: sigma=[0.100, 0.100, 0.100, 0.100, 0.100, 0.100, 0.100, 0.100, 0.100, 0.100, 0.100, 0.100, 0.100, 0.100, 0.100, 0.100, 0.100, 0.100, 0.100, 0.100, 0.100, 0.100, 0.100, 0.100, 0.100, 0.100, 0.100, 0.100, 0.100, 0.100, 0.100, 0.100]
    Layer 28: sigma=[0.100, 0.100, 0.100, 0.100, 0.100, 0.113, 0.100, 0.139, 0.100, 0.100, 0.100, 0.100, 0.100, 0.100, 0.100, 0.100, 0.100, 0.100, 0.100, 0.100, 0.100, 0.100, 0.100, 0.100, 0.100, 0.100, 0.100, 0.100, 0.100, 0.100, 0.100, 0.100]
    Layer 29: sigma=[0.100, 0.100, 0.100, 0.100, 0.100, 0.100, 0.100, 0.100, 0.100, 0.100, 0.100, 0.100, 0.100, 0.100, 0.100, 0.100, 0.100, 0.100, 0.100, 0.100, 0.100, 0.100, 0.100, 0.100, 0.100, 0.100, 0.100, 0.100, 0.100, 0.100, 0.100, 0.100]
    Layer 30: sigma=[0.100, 0.100, 0.100, 0.100, 0.100, 0.100, 0.100, 0.100, 0.100, 0.100, 0.100, 0.100, 0.100, 0.100, 0.100, 0.100, 0.100, 0.100, 0.100, 0.100, 0.100, 0.100, 0.100, 0.100, 0.100, 0.100, 0.100, 0.100, 0.100, 0.100, 0.100, 0.100]
    Layer 31: sigma=[0.100, 0.100, 0.100, 0.100, 0.100, 0.100, 0.100, 0.100, 0.100, 0.100, 0.100, 0.100, 0.100, 0.100, 0.100, 0.100, 0.100, 0.100, 0.100, 0.100, 0.100, 0.100, 0.100, 0.100, 0.100, 0.100, 0.100, 0.100, 0.100, 0.100, 0.100, 0.100]
    Layer 32: sigma=[0.100, 0.100, 0.100, 0.100, 0.100, 0.100, 0.100, 0.100, 0.100, 0.100, 0.100, 0.100, 0.100, 0.100, 0.100, 0.100, 0.100, 0.100, 0.100, 0.100, 0.100, 0.100, 0.100, 0.100, 0.100, 0.100, 0.100, 0.100, 0.100, 0.100, 0.100, 0.100]
    Layer 33: sigma=[0.100, 0.100, 0.100, 0.100, 0.100, 0.100, 0.100, 0.100, 0.100, 0.100, 0.100, 0.100, 0.100, 0.100, 0.100, 0.100, 0.100, 0.100, 0.100, 0.100, 0.100, 0.100, 0.100, 0.100, 0.100, 0.100, 0.100, 0.100, 0.100, 0.100, 0.100, 0.100]
    Layer 34: sigma=[0.100, 0.100, 0.100, 0.100, 0.100, 0.100, 0.100, 0.100, 0.100, 0.100, 0.100, 0.100, 0.100, 0.100, 0.100, 0.100, 0.100, 0.100, 0.100, 0.104, 0.100, 0.100, 0.100, 0.100, 0.100, 0.100, 0.100, 0.100, 0.100, 0.100, 0.100, 0.100]
    Layer 35: sigma=[0.100, 0.100, 0.100, 0.100, 0.100, 0.100, 0.100, 0.100, 0.100, 0.100, 0.100, 0.100, 0.100, 0.100, 0.100, 0.100, 0.100, 0.100, 0.100, 0.100, 0.100, 0.100, 0.132, 0.100, 0.100, 0.100, 0.100, 0.100, 0.100, 0.100, 0.100, 0.100]

  [Taylor Step 3/3] g_proj = v_proj * alpha (damping=0.01)...
    Layer  0: alpha=0.060379  teacher_rms=0.0163  v_rms=0.0027
    Layer  1: alpha=0.060935  teacher_rms=0.0205  v_rms=0.0034
    Layer  2: alpha=0.057108  teacher_rms=0.0214  v_rms=0.0038
    Layer  3: alpha=0.048683  teacher_rms=0.0259  v_rms=0.0053
    Layer  4: alpha=0.047345  teacher_rms=0.0304  v_rms=0.0064
    Layer  5: alpha=0.061858  teacher_rms=0.0409  v_rms=0.0066
    Layer  7: alpha=0.046224  teacher_rms=0.0530  v_rms=0.0115
    Layer  8: alpha=0.047677  teacher_rms=0.0708  v_rms=0.0148
    Layer  9: alpha=0.033281  teacher_rms=0.0713  v_rms=0.0214
    Layer 10: alpha=0.051225  teacher_rms=0.1092  v_rms=0.0213
    Layer 11: alpha=0.062388  teacher_rms=0.1046  v_rms=0.0168
    Layer 12: alpha=0.059737  teacher_rms=0.1207  v_rms=0.0202
    Layer 13: alpha=0.051684  teacher_rms=0.1040  v_rms=0.0201
    Layer 14: alpha=0.064352  teacher_rms=0.1547  v_rms=0.0240
    Layer 15: alpha=0.057827  teacher_rms=0.1576  v_rms=0.0273
    Layer 16: alpha=0.042532  teacher_rms=0.1473  v_rms=0.0346
    Layer 17: alpha=0.043448  teacher_rms=0.1753  v_rms=0.0404
    Layer 18: alpha=0.044836  teacher_rms=0.1990  v_rms=0.0444
    Layer 19: alpha=0.056130  teacher_rms=0.2060  v_rms=0.0367
    Layer 20: alpha=0.057012  teacher_rms=0.1966  v_rms=0.0345
    Layer 21: alpha=0.047894  teacher_rms=0.2373  v_rms=0.0495
    Layer 22: alpha=0.057802  teacher_rms=0.2834  v_rms=0.0490
    Layer 23: alpha=0.051393  teacher_rms=0.3098  v_rms=0.0603
    Layer 24: alpha=0.034327  teacher_rms=0.2897  v_rms=0.0844
    Layer 25: alpha=0.040058  teacher_rms=0.2376  v_rms=0.0593
    Layer 26: alpha=0.029256  teacher_rms=0.2124  v_rms=0.0726
    Layer 27: alpha=0.037093  teacher_rms=0.3083  v_rms=0.0831
    Layer 28: alpha=0.042140  teacher_rms=0.3705  v_rms=0.0879
    Layer 29: alpha=0.017344  teacher_rms=0.2548  v_rms=0.1469
    Layer 30: alpha=0.029045  teacher_rms=0.4297  v_rms=0.1480
    Layer 31: alpha=0.021214  teacher_rms=0.3785  v_rms=0.1784
    Layer 32: alpha=0.023899  teacher_rms=0.5288  v_rms=0.2213
    Layer 33: alpha=0.018560  teacher_rms=0.6404  v_rms=0.3451
    Layer 34: alpha=0.033169  teacher_rms=1.0325  v_rms=0.3113
    Layer 35: alpha=0.059598  teacher_rms=1.0168  v_rms=0.1706

  Set g_proj = v_proj * alpha in 35 GDN layers (damping=0.01).
  Init (taylor_init) done in 341.1s
  Layer 6: PPL = 10807050.00  (eval 13.2s)

============================================================
  Probing layer 7 | strategy=taylor_init
============================================================
Loading checkpoint shards:   0%|          | 0/4 [00:00<?, ?it/s]Loading checkpoint shards: 100%|██████████| 4/4 [00:00<00:00, 149.87it/s]
Could not cache non-existence of file. Will ignore error and continue. Error: [Errno 13] Permission denied: '/data/shared/huggingface/hub/models--Qwen--Qwen3-8B/.no_exist/b968826d9c46dd6066d109eabc6255188de91218/model.safetensors'
Loading checkpoint shards:   0%|          | 0/5 [00:00<?, ?it/s]Loading checkpoint shards: 100%|██████████| 5/5 [00:00<00:00, 52.76it/s]
Token indices sequence length is longer than the specified maximum sequence length for this model (2429029 > 131072). Running this sequence through the model will result in indexing errors
  [Taylor Step 1/3] Gate calibration from attention stats...
    Layer  0: dist=[32, 3, 12, 35, 12, 26, 9, 11, 19, 6, 8, 9, 18, 34, 31, 10, 16, 19, 16, 14, 13, 23, 4, 12, 5, 52, 10, 43, 15, 36, 15, 14]
    Layer  1: dist=[19, 38, 25, 44, 3, 15, 31, 11, 45, 36, 65, 60, 34, 47, 51, 38, 32, 54, 57, 33, 56, 24, 40, 40, 37, 9, 44, 41, 83, 31, 37, 49]
    Layer  2: dist=[65, 65, 67, 62, 26, 45, 33, 43, 39, 47, 56, 56, 53, 46, 46, 60, 61, 49, 54, 43, 49, 67, 48, 50, 25, 24, 21, 35, 73, 73, 77, 74]
    Layer  3: dist=[65, 26, 13, 22, 87, 93, 83, 73, 56, 53, 62, 58, 90, 73, 75, 74, 59, 62, 51, 67, 74, 60, 64, 65, 64, 56, 52, 59, 70, 63, 72, 65]
    Layer  4: dist=[62, 63, 73, 67, 73, 56, 61, 89, 68, 69, 63, 60, 55, 55, 71, 61, 62, 65, 67, 70, 64, 61, 47, 64, 41, 51, 48, 34, 51, 66, 55, 55]
    Layer  5: dist=[36, 48, 55, 35, 61, 68, 52, 51, 5, 18, 73, 61, 54, 78, 59, 52, 41, 32, 50, 48, 51, 55, 48, 59, 73, 73, 80, 80, 43, 44, 46, 58]
    Layer  6: dist=[27, 40, 30, 31, 52, 46, 67, 61, 46, 25, 43, 38, 56, 64, 56, 30, 47, 34, 45, 40, 20, 30, 32, 14, 35, 50, 32, 49, 47, 43, 37, 53]
    Layer  8: dist=[83, 87, 90, 58, 81, 77, 69, 78, 86, 99, 87, 90, 94, 86, 96, 70, 116, 107, 103, 96, 92, 106, 100, 111, 92, 72, 95, 67, 84, 72, 79, 74]
    Layer  9: dist=[76, 60, 61, 67, 83, 97, 96, 74, 123, 120, 118, 112, 27, 87, 63, 85, 93, 100, 114, 125, 87, 77, 60, 70, 119, 81, 91, 97, 125, 113, 127, 123]
    Layer 10: dist=[76, 71, 58, 74, 85, 102, 64, 74, 63, 88, 106, 49, 88, 67, 82, 86, 87, 102, 100, 107, 88, 60, 107, 90, 93, 107, 84, 77, 76, 65, 82, 90]
    Layer 11: dist=[78, 65, 79, 48, 53, 61, 78, 77, 102, 123, 109, 93, 82, 64, 65, 69, 69, 63, 61, 51, 77, 107, 89, 87, 67, 59, 56, 54, 95, 55, 55, 94]
    Layer 12: dist=[21, 72, 79, 61, 87, 83, 66, 70, 63, 62, 74, 77, 86, 81, 82, 87, 39, 68, 59, 94, 102, 112, 97, 103, 93, 2, 107, 38, 81, 88, 113, 91]
    Layer 13: dist=[52, 68, 66, 62, 52, 51, 65, 40, 86, 63, 99, 122, 128, 115, 109, 124, 85, 72, 57, 61, 93, 55, 83, 90, 84, 59, 72, 76, 113, 111, 96, 99]
    Layer 14: dist=[44, 64, 65, 46, 62, 45, 64, 65, 54, 57, 70, 68, 69, 76, 65, 67, 77, 86, 51, 64, 65, 31, 51, 81, 52, 67, 73, 64, 85, 88, 8, 89]
    Layer 15: dist=[80, 44, 79, 38, 37, 38, 79, 67, 90, 60, 46, 104, 68, 107, 79, 89, 61, 57, 64, 68, 58, 60, 50, 51, 49, 34, 86, 62, 72, 84, 71, 49]
    Layer 16: dist=[61, 57, 74, 85, 55, 58, 48, 55, 54, 82, 73, 84, 90, 69, 86, 86, 68, 71, 60, 62, 115, 118, 110, 103, 71, 54, 64, 10, 58, 59, 65, 56]
    Layer 17: dist=[111, 95, 79, 67, 53, 57, 39, 47, 90, 108, 79, 100, 40, 57, 71, 74, 44, 61, 61, 42, 75, 98, 93, 97, 58, 55, 57, 52, 53, 79, 93, 67]
    Layer 18: dist=[34, 45, 35, 33, 56, 78, 74, 57, 64, 67, 66, 79, 61, 60, 57, 62, 46, 74, 72, 52, 68, 47, 65, 96, 58, 62, 61, 63, 52, 53, 79, 56]
    Layer 19: dist=[73, 64, 63, 62, 76, 103, 54, 71, 81, 85, 84, 93, 63, 57, 75, 63, 84, 85, 49, 49, 21, 50, 33, 49, 102, 106, 102, 116, 77, 77, 73, 72]
    Layer 20: dist=[89, 79, 80, 77, 78, 51, 49, 57, 40, 36, 43, 39, 92, 79, 87, 96, 45, 51, 56, 39, 73, 111, 101, 98, 125, 97, 105, 85, 93, 79, 108, 108]
    Layer 21: dist=[44, 50, 56, 68, 115, 65, 96, 118, 118, 61, 71, 69, 46, 41, 44, 42, 75, 75, 83, 65, 89, 99, 95, 96, 64, 62, 60, 80, 73, 79, 60, 88]
    Layer 22: dist=[73, 60, 67, 63, 52, 72, 45, 56, 37, 49, 45, 59, 18, 86, 61, 64, 33, 79, 76, 41, 102, 115, 120, 121, 101, 84, 91, 95, 114, 92, 103, 95]
    Layer 23: dist=[39, 30, 48, 39, 110, 111, 41, 102, 79, 36, 45, 63, 75, 72, 79, 77, 82, 75, 74, 94, 72, 93, 82, 76, 78, 72, 68, 100, 91, 90, 83, 78]
    Layer 24: dist=[79, 124, 109, 101, 99, 109, 111, 97, 102, 105, 104, 84, 78, 75, 89, 74, 81, 86, 98, 88, 120, 103, 102, 117, 65, 73, 79, 51, 95, 111, 98, 88]
    Layer 25: dist=[105, 121, 118, 94, 71, 72, 107, 80, 96, 97, 85, 90, 65, 89, 50, 68, 93, 99, 97, 89, 102, 111, 105, 108, 110, 110, 99, 108, 88, 125, 98, 88]
    Layer 26: dist=[80, 88, 106, 68, 115, 113, 113, 110, 102, 107, 105, 98, 100, 124, 116, 116, 86, 93, 99, 95, 102, 113, 122, 114, 99, 97, 102, 93, 115, 96, 114, 95]
    Layer 27: dist=[87, 108, 103, 117, 98, 105, 101, 86, 77, 100, 107, 99, 78, 109, 80, 86, 96, 99, 99, 104, 91, 112, 113, 92, 110, 113, 116, 117, 107, 77, 92, 117]
    Layer 28: dist=[103, 92, 102, 102, 82, 63, 80, 76, 96, 107, 92, 89, 112, 105, 96, 101, 112, 104, 104, 108, 119, 71, 60, 89, 91, 88, 99, 99, 92, 92, 71, 95]
    Layer 29: dist=[113, 114, 114, 113, 90, 112, 94, 114, 119, 113, 122, 105, 120, 120, 119, 120, 116, 106, 115, 121, 123, 123, 107, 125, 100, 114, 97, 92, 106, 95, 106, 109]
    Layer 30: dist=[75, 102, 99, 100, 102, 100, 90, 67, 117, 117, 115, 120, 105, 104, 113, 101, 97, 78, 120, 122, 51, 120, 100, 110, 119, 119, 119, 118, 106, 110, 107, 102]
    Layer 31: dist=[119, 117, 99, 98, 112, 113, 114, 116, 114, 77, 87, 91, 117, 116, 117, 115, 101, 101, 106, 94, 119, 116, 108, 119, 112, 109, 89, 120, 112, 106, 102, 110]
    Layer 32: dist=[110, 114, 114, 111, 116, 119, 116, 117, 110, 111, 117, 115, 93, 113, 108, 91, 118, 106, 109, 111, 123, 92, 114, 120, 71, 95, 80, 105, 116, 107, 99, 103]
    Layer 33: dist=[102, 120, 112, 119, 91, 102, 57, 94, 116, 116, 113, 113, 114, 115, 113, 116, 114, 117, 106, 109, 112, 96, 110, 113, 111, 119, 122, 118, 110, 111, 107, 104]
    Layer 34: dist=[110, 109, 112, 113, 105, 111, 108, 102, 53, 93, 114, 86, 117, 115, 120, 81, 82, 89, 126, 55, 119, 51, 118, 119, 122, 122, 125, 122, 54, 62, 68, 109]
    Layer 35: dist=[105, 123, 71, 97, 82, 36, 112, 100, 85, 94, 112, 96, 63, 28, 49, 40, 98, 74, 84, 48, 90, 102, 55, 54, 66, 49, 68, 72, 73, 115, 122, 117]

  [Taylor Step 2/3] OLS sigma per head (scaling V, streaming)...
    Layer  0: sigma=[0.615, 0.100, 0.100, 0.100, 0.333, 0.378, 0.100, 0.100, 0.100, 0.149, 0.100, 0.100, 0.100, 0.100, 0.100, 0.259, 0.100, 0.100, 0.100, 0.100, 0.100, 0.100, 0.100, 0.100, 0.100, 0.100, 0.351, 0.100, 0.100, 0.100, 0.161, 0.100]
    Layer  1: sigma=[0.351, 0.100, 0.100, 0.100, 0.100, 0.100, 0.100, 0.100, 0.100, 0.167, 0.243, 0.100, 0.100, 0.100, 0.100, 0.100, 0.100, 0.100, 0.100, 0.100, 0.100, 0.100, 0.100, 0.117, 0.100, 0.100, 0.114, 0.100, 0.100, 0.100, 0.100, 0.100]
    Layer  2: sigma=[0.100, 0.100, 0.100, 0.100, 0.100, 0.100, 0.100, 0.100, 0.108, 0.100, 0.100, 0.100, 0.100, 0.141, 0.100, 0.100, 0.100, 0.219, 0.100, 0.100, 0.100, 0.100, 0.100, 0.100, 0.100, 0.170, 0.100, 0.100, 0.100, 0.100, 0.100, 0.100]
    Layer  3: sigma=[0.100, 0.324, 0.100, 0.155, 0.100, 0.100, 0.100, 0.100, 0.100, 0.100, 0.100, 0.100, 0.100, 0.100, 0.100, 0.100, 0.100, 0.100, 0.100, 0.100, 0.100, 0.106, 0.100, 0.100, 0.100, 0.100, 0.100, 0.100, 0.100, 0.100, 0.100, 0.100]
    Layer  4: sigma=[0.100, 0.100, 0.100, 0.100, 0.100, 0.100, 0.100, 0.100, 0.100, 0.100, 0.100, 0.100, 0.100, 0.100, 0.100, 0.100, 0.100, 0.100, 0.100, 0.100, 0.132, 0.140, 0.318, 0.100, 0.100, 0.100, 0.100, 0.100, 0.100, 0.100, 0.100, 0.100]
    Layer  5: sigma=[0.100, 0.100, 0.100, 0.100, 0.100, 0.100, 0.100, 0.100, 0.100, 0.137, 0.100, 0.108, 0.100, 0.100, 0.100, 0.121, 0.100, 0.182, 0.100, 0.100, 0.100, 0.100, 0.100, 0.100, 0.100, 0.100, 0.100, 0.100, 0.100, 0.100, 0.100, 0.100]
    Layer  6: sigma=[0.100, 0.100, 0.100, 0.100, 0.100, 0.100, 0.100, 0.100, 0.100, 0.100, 0.100, 0.100, 0.100, 0.100, 0.100, 0.100, 0.100, 0.100, 0.100, 0.100, 0.155, 0.100, 0.100, 0.100, 0.100, 0.100, 0.100, 0.100, 0.100, 0.100, 0.100, 0.100]
    Layer  8: sigma=[0.100, 0.100, 0.100, 0.100, 0.100, 0.100, 0.100, 0.100, 0.100, 0.100, 0.100, 0.100, 0.100, 0.100, 0.100, 0.100, 0.100, 0.100, 0.100, 0.100, 0.100, 0.100, 0.100, 0.100, 0.100, 0.100, 0.100, 0.182, 0.100, 0.100, 0.100, 0.100]
    Layer  9: sigma=[0.100, 0.100, 0.100, 0.100, 0.100, 0.100, 0.100, 0.100, 0.100, 0.100, 0.100, 0.100, 0.100, 0.100, 0.532, 0.134, 0.100, 0.100, 0.100, 0.100, 0.100, 0.100, 0.100, 0.100, 0.100, 0.100, 0.100, 0.100, 0.100, 0.100, 0.100, 0.100]
    Layer 10: sigma=[0.100, 0.100, 0.100, 0.100, 0.100, 0.100, 0.100, 0.100, 0.100, 0.100, 0.100, 0.100, 0.100, 0.100, 0.100, 0.100, 0.100, 0.100, 0.100, 0.100, 0.100, 0.100, 0.100, 0.100, 0.100, 0.100, 0.100, 0.100, 0.100, 0.100, 0.100, 0.100]
    Layer 11: sigma=[0.100, 0.100, 0.100, 0.100, 0.142, 0.100, 0.100, 0.100, 0.100, 0.108, 0.100, 0.100, 0.100, 0.100, 0.224, 0.100, 0.100, 0.100, 0.100, 0.100, 0.100, 0.100, 0.100, 0.100, 0.100, 0.100, 0.159, 0.100, 0.100, 0.100, 0.100, 0.100]
    Layer 12: sigma=[0.100, 0.100, 0.100, 0.100, 0.100, 0.100, 0.100, 0.100, 0.100, 0.102, 0.100, 0.107, 0.100, 0.100, 0.100, 0.100, 0.100, 0.305, 0.191, 0.100, 0.100, 0.100, 0.100, 0.100, 0.100, 0.100, 0.100, 0.210, 0.100, 0.100, 0.126, 0.100]
    Layer 13: sigma=[0.235, 0.100, 0.100, 0.351, 0.100, 0.100, 0.100, 0.100, 0.100, 0.100, 0.100, 0.100, 0.100, 0.100, 0.100, 0.100, 0.100, 0.100, 0.100, 0.102, 0.100, 0.100, 0.100, 0.100, 0.100, 0.100, 0.100, 0.100, 0.100, 0.100, 0.100, 0.100]
    Layer 14: sigma=[0.100, 0.100, 0.100, 0.100, 0.100, 0.434, 0.100, 0.100, 0.100, 0.100, 0.100, 0.100, 0.100, 0.100, 0.100, 0.100, 0.100, 0.100, 0.100, 0.100, 0.100, 0.100, 0.100, 0.100, 0.110, 0.112, 0.100, 0.100, 0.100, 0.100, 0.100, 0.100]
    Layer 15: sigma=[0.100, 0.174, 0.100, 0.100, 0.100, 0.109, 0.100, 0.100, 0.100, 0.100, 0.100, 0.100, 0.201, 0.100, 0.100, 0.100, 0.100, 0.100, 0.100, 0.100, 0.100, 0.100, 0.100, 0.100, 0.154, 0.100, 0.100, 0.100, 0.100, 0.100, 0.100, 0.100]
    Layer 16: sigma=[0.100, 0.100, 0.100, 0.100, 0.100, 0.100, 0.100, 0.100, 0.100, 0.100, 0.100, 0.100, 0.100, 0.100, 0.100, 0.100, 0.100, 0.100, 0.100, 0.100, 0.100, 0.100, 0.100, 0.100, 0.100, 0.100, 0.100, 0.455, 0.100, 0.100, 0.100, 0.100]
    Layer 17: sigma=[0.100, 0.100, 0.100, 0.100, 0.100, 0.133, 0.100, 0.100, 0.100, 0.100, 0.100, 0.100, 0.100, 0.100, 0.100, 0.100, 0.143, 0.104, 0.100, 0.409, 0.100, 0.100, 0.100, 0.107, 0.132, 0.100, 0.357, 0.100, 0.100, 0.100, 0.100, 0.100]
    Layer 18: sigma=[0.100, 0.466, 0.100, 0.100, 0.100, 0.100, 0.100, 0.192, 0.100, 0.100, 0.100, 0.100, 0.100, 0.100, 0.100, 0.100, 0.131, 0.100, 0.100, 0.100, 0.100, 0.100, 0.100, 0.100, 0.100, 0.100, 0.100, 0.100, 0.100, 0.100, 0.100, 0.100]
    Layer 19: sigma=[0.100, 0.100, 0.100, 0.100, 0.100, 0.100, 0.100, 0.100, 0.100, 0.100, 0.100, 0.100, 0.139, 0.100, 0.100, 0.192, 0.100, 0.100, 0.100, 0.320, 0.100, 0.100, 0.100, 0.109, 0.100, 0.100, 0.100, 0.100, 0.100, 0.100, 0.100, 0.100]
    Layer 20: sigma=[0.100, 0.100, 0.100, 0.100, 0.100, 0.193, 0.100, 0.100, 0.157, 0.104, 0.100, 0.100, 0.100, 0.100, 0.100, 0.139, 0.100, 0.124, 0.100, 0.100, 0.100, 0.100, 0.100, 0.100, 0.100, 0.100, 0.100, 0.100, 0.100, 0.100, 0.100, 0.100]
    Layer 21: sigma=[0.100, 0.129, 0.100, 0.100, 0.100, 0.100, 0.100, 0.100, 0.100, 0.117, 0.100, 0.254, 0.100, 0.100, 0.100, 0.100, 0.100, 0.100, 0.100, 0.100, 0.100, 0.101, 0.100, 0.100, 0.122, 0.100, 0.100, 0.100, 0.100, 0.100, 0.223, 0.100]
    Layer 22: sigma=[0.132, 0.100, 0.100, 0.100, 0.167, 0.108, 0.100, 0.198, 0.101, 0.100, 0.100, 0.100, 0.100, 0.100, 0.100, 0.100, 0.100, 0.100, 0.100, 0.100, 0.100, 0.100, 0.100, 0.100, 0.100, 0.100, 0.100, 0.100, 0.100, 0.100, 0.100, 0.100]
    Layer 23: sigma=[0.176, 0.272, 0.175, 0.100, 0.100, 0.100, 0.100, 0.100, 0.100, 0.244, 0.100, 0.100, 0.100, 0.100, 0.105, 0.100, 0.100, 0.100, 0.100, 0.100, 0.100, 0.100, 0.100, 0.100, 0.100, 0.100, 0.100, 0.100, 0.100, 0.116, 0.185, 0.230]
    Layer 24: sigma=[0.100, 0.100, 0.100, 0.100, 0.100, 0.100, 0.100, 0.100, 0.100, 0.100, 0.100, 0.100, 0.100, 0.100, 0.100, 0.130, 0.100, 0.100, 0.100, 0.100, 0.100, 0.100, 0.100, 0.100, 0.244, 0.367, 0.100, 0.385, 0.100, 0.100, 0.100, 0.100]
    Layer 25: sigma=[0.100, 0.100, 0.100, 0.100, 0.109, 0.100, 0.100, 0.100, 0.100, 0.100, 0.100, 0.100, 0.100, 0.100, 0.100, 0.100, 0.100, 0.100, 0.100, 0.100, 0.100, 0.100, 0.100, 0.100, 0.100, 0.100, 0.100, 0.100, 0.100, 0.100, 0.100, 0.100]
    Layer 26: sigma=[0.100, 0.100, 0.100, 0.100, 0.100, 0.100, 0.100, 0.100, 0.100, 0.100, 0.100, 0.100, 0.100, 0.100, 0.100, 0.100, 0.100, 0.100, 0.100, 0.100, 0.100, 0.100, 0.100, 0.100, 0.100, 0.100, 0.100, 0.100, 0.100, 0.100, 0.100, 0.100]
    Layer 27: sigma=[0.100, 0.100, 0.100, 0.100, 0.100, 0.100, 0.100, 0.100, 0.100, 0.100, 0.100, 0.100, 0.100, 0.100, 0.100, 0.100, 0.100, 0.100, 0.100, 0.100, 0.100, 0.100, 0.100, 0.100, 0.100, 0.100, 0.100, 0.100, 0.100, 0.100, 0.100, 0.100]
    Layer 28: sigma=[0.100, 0.100, 0.100, 0.100, 0.100, 0.163, 0.100, 0.125, 0.100, 0.100, 0.100, 0.100, 0.100, 0.100, 0.100, 0.100, 0.100, 0.100, 0.100, 0.100, 0.100, 0.100, 0.100, 0.100, 0.100, 0.100, 0.100, 0.100, 0.100, 0.100, 0.100, 0.100]
    Layer 29: sigma=[0.100, 0.100, 0.100, 0.100, 0.100, 0.100, 0.100, 0.100, 0.100, 0.100, 0.100, 0.100, 0.100, 0.100, 0.100, 0.100, 0.100, 0.100, 0.100, 0.100, 0.100, 0.100, 0.100, 0.100, 0.100, 0.100, 0.100, 0.100, 0.100, 0.100, 0.100, 0.100]
    Layer 30: sigma=[0.100, 0.100, 0.100, 0.100, 0.100, 0.100, 0.100, 0.100, 0.100, 0.100, 0.100, 0.100, 0.100, 0.100, 0.100, 0.100, 0.100, 0.100, 0.100, 0.100, 0.100, 0.100, 0.100, 0.100, 0.100, 0.100, 0.100, 0.100, 0.100, 0.100, 0.100, 0.100]
    Layer 31: sigma=[0.100, 0.100, 0.100, 0.100, 0.100, 0.100, 0.100, 0.100, 0.100, 0.100, 0.100, 0.100, 0.100, 0.100, 0.100, 0.100, 0.100, 0.100, 0.100, 0.117, 0.100, 0.100, 0.100, 0.100, 0.100, 0.100, 0.100, 0.100, 0.100, 0.100, 0.100, 0.100]
    Layer 32: sigma=[0.100, 0.100, 0.100, 0.100, 0.100, 0.100, 0.100, 0.100, 0.100, 0.100, 0.100, 0.100, 0.100, 0.100, 0.100, 0.100, 0.100, 0.100, 0.100, 0.100, 0.100, 0.100, 0.100, 0.100, 0.100, 0.100, 0.100, 0.100, 0.100, 0.100, 0.100, 0.100]
    Layer 33: sigma=[0.100, 0.100, 0.100, 0.100, 0.100, 0.100, 0.100, 0.100, 0.100, 0.100, 0.100, 0.100, 0.100, 0.100, 0.100, 0.100, 0.100, 0.100, 0.100, 0.100, 0.100, 0.100, 0.100, 0.100, 0.100, 0.100, 0.100, 0.100, 0.100, 0.100, 0.100, 0.100]
    Layer 34: sigma=[0.100, 0.100, 0.100, 0.100, 0.100, 0.100, 0.100, 0.100, 0.100, 0.100, 0.100, 0.100, 0.100, 0.100, 0.100, 0.100, 0.100, 0.100, 0.100, 0.100, 0.100, 0.100, 0.100, 0.100, 0.100, 0.100, 0.100, 0.100, 0.100, 0.100, 0.100, 0.100]
    Layer 35: sigma=[0.100, 0.100, 0.100, 0.100, 0.100, 0.100, 0.100, 0.100, 0.100, 0.100, 0.100, 0.100, 0.100, 0.100, 0.100, 0.100, 0.100, 0.100, 0.100, 0.100, 0.100, 0.100, 0.110, 0.100, 0.100, 0.100, 0.100, 0.100, 0.100, 0.100, 0.100, 0.100]

  [Taylor Step 3/3] g_proj = v_proj * alpha (damping=0.01)...
    Layer  0: alpha=0.060397  teacher_rms=0.0163  v_rms=0.0027
    Layer  1: alpha=0.060913  teacher_rms=0.0205  v_rms=0.0034
    Layer  2: alpha=0.057163  teacher_rms=0.0214  v_rms=0.0037
    Layer  3: alpha=0.048718  teacher_rms=0.0259  v_rms=0.0053
    Layer  4: alpha=0.047334  teacher_rms=0.0304  v_rms=0.0064
    Layer  5: alpha=0.061806  teacher_rms=0.0409  v_rms=0.0066
    Layer  6: alpha=0.078372  teacher_rms=0.0621  v_rms=0.0079
    Layer  8: alpha=0.047303  teacher_rms=0.0708  v_rms=0.0150
    Layer  9: alpha=0.036353  teacher_rms=0.0713  v_rms=0.0196
    Layer 10: alpha=0.051225  teacher_rms=0.1092  v_rms=0.0213
    Layer 11: alpha=0.063692  teacher_rms=0.1046  v_rms=0.0164
    Layer 12: alpha=0.060203  teacher_rms=0.1207  v_rms=0.0201
    Layer 13: alpha=0.052273  teacher_rms=0.1040  v_rms=0.0199
    Layer 14: alpha=0.062837  teacher_rms=0.1547  v_rms=0.0246
    Layer 15: alpha=0.058052  teacher_rms=0.1576  v_rms=0.0272
    Layer 16: alpha=0.041061  teacher_rms=0.1473  v_rms=0.0359
    Layer 17: alpha=0.045597  teacher_rms=0.1753  v_rms=0.0385
    Layer 18: alpha=0.045215  teacher_rms=0.1990  v_rms=0.0440
    Layer 19: alpha=0.054002  teacher_rms=0.2060  v_rms=0.0382
    Layer 20: alpha=0.056031  teacher_rms=0.1966  v_rms=0.0351
    Layer 21: alpha=0.054759  teacher_rms=0.2373  v_rms=0.0433
    Layer 22: alpha=0.057517  teacher_rms=0.2834  v_rms=0.0493
    Layer 23: alpha=0.050928  teacher_rms=0.3098  v_rms=0.0608
    Layer 24: alpha=0.033166  teacher_rms=0.2897  v_rms=0.0873
    Layer 25: alpha=0.039965  teacher_rms=0.2376  v_rms=0.0595
    Layer 26: alpha=0.029256  teacher_rms=0.2124  v_rms=0.0726
    Layer 27: alpha=0.037093  teacher_rms=0.3083  v_rms=0.0831
    Layer 28: alpha=0.041578  teacher_rms=0.3705  v_rms=0.0891
    Layer 29: alpha=0.017344  teacher_rms=0.2548  v_rms=0.1469
    Layer 30: alpha=0.029045  teacher_rms=0.4297  v_rms=0.1480
    Layer 31: alpha=0.021156  teacher_rms=0.3785  v_rms=0.1789
    Layer 32: alpha=0.023899  teacher_rms=0.5288  v_rms=0.2213
    Layer 33: alpha=0.018560  teacher_rms=0.6404  v_rms=0.3451
    Layer 34: alpha=0.033190  teacher_rms=1.0325  v_rms=0.3111
    Layer 35: alpha=0.059959  teacher_rms=1.0168  v_rms=0.1696

  Set g_proj = v_proj * alpha in 35 GDN layers (damping=0.01).
  Init (taylor_init) done in 449.2s
  Layer 7: PPL = 6730887.50  (eval 17.8s)

============================================================
  Probing layer 8 | strategy=taylor_init
============================================================
Loading checkpoint shards:   0%|          | 0/4 [00:00<?, ?it/s]Loading checkpoint shards: 100%|██████████| 4/4 [00:00<00:00, 40.70it/s]
Could not cache non-existence of file. Will ignore error and continue. Error: [Errno 13] Permission denied: '/data/shared/huggingface/hub/models--Qwen--Qwen3-8B/.no_exist/b968826d9c46dd6066d109eabc6255188de91218/model.safetensors'
Loading checkpoint shards:   0%|          | 0/5 [00:00<?, ?it/s]Loading checkpoint shards: 100%|██████████| 5/5 [00:00<00:00, 191.21it/s]
Token indices sequence length is longer than the specified maximum sequence length for this model (2429029 > 131072). Running this sequence through the model will result in indexing errors
  [Taylor Step 1/3] Gate calibration from attention stats...
    Layer  0: dist=[32, 3, 12, 35, 12, 26, 9, 11, 19, 6, 8, 9, 18, 34, 31, 10, 16, 19, 16, 14, 13, 23, 4, 12, 5, 52, 10, 43, 15, 36, 15, 14]
    Layer  1: dist=[19, 38, 25, 44, 3, 15, 31, 11, 45, 36, 65, 60, 34, 47, 51, 38, 32, 54, 57, 33, 56, 24, 40, 40, 37, 9, 44, 41, 83, 31, 37, 49]
    Layer  2: dist=[65, 65, 67, 62, 26, 45, 33, 43, 39, 47, 56, 56, 53, 46, 46, 60, 61, 49, 54, 43, 49, 67, 48, 50, 25, 24, 21, 35, 73, 73, 77, 74]
    Layer  3: dist=[65, 26, 13, 22, 87, 93, 83, 73, 56, 53, 62, 58, 90, 73, 75, 74, 59, 62, 51, 67, 74, 60, 64, 65, 64, 56, 52, 59, 70, 63, 72, 65]
    Layer  4: dist=[62, 63, 73, 67, 73, 56, 61, 89, 68, 69, 63, 60, 55, 55, 71, 61, 62, 65, 67, 70, 64, 61, 47, 64, 41, 51, 48, 34, 51, 66, 55, 55]
    Layer  5: dist=[36, 48, 55, 35, 61, 68, 52, 51, 5, 18, 73, 61, 54, 78, 59, 52, 41, 32, 50, 48, 51, 55, 48, 59, 73, 73, 80, 80, 43, 44, 46, 58]
    Layer  6: dist=[27, 40, 30, 31, 52, 46, 67, 61, 46, 25, 43, 38, 56, 64, 56, 30, 47, 34, 45, 40, 20, 30, 32, 14, 35, 50, 32, 49, 47, 43, 37, 53]
    Layer  7: dist=[55, 60, 64, 87, 126, 114, 127, 121, 88, 119, 99, 72, 108, 23, 53, 97, 80, 101, 85, 81, 106, 86, 112, 116, 64, 78, 47, 86, 97, 101, 101, 106]
    Layer  9: dist=[76, 60, 61, 67, 83, 97, 96, 74, 123, 120, 118, 112, 27, 87, 63, 85, 93, 100, 114, 125, 87, 77, 60, 70, 119, 81, 91, 97, 125, 113, 127, 123]
    Layer 10: dist=[76, 71, 58, 74, 85, 102, 64, 74, 63, 88, 106, 49, 88, 67, 82, 86, 87, 102, 100, 107, 88, 60, 107, 90, 93, 107, 84, 77, 76, 65, 82, 90]
    Layer 11: dist=[78, 65, 79, 48, 53, 61, 78, 77, 102, 123, 109, 93, 82, 64, 65, 69, 69, 63, 61, 51, 77, 107, 89, 87, 67, 59, 56, 54, 95, 55, 55, 94]
    Layer 12: dist=[21, 72, 79, 61, 87, 83, 66, 70, 63, 62, 74, 77, 86, 81, 82, 87, 39, 68, 59, 94, 102, 112, 97, 103, 93, 2, 107, 38, 81, 88, 113, 91]
    Layer 13: dist=[52, 68, 66, 62, 52, 51, 65, 40, 86, 63, 99, 122, 128, 115, 109, 124, 85, 72, 57, 61, 93, 55, 83, 90, 84, 59, 72, 76, 113, 111, 96, 99]
    Layer 14: dist=[44, 64, 65, 46, 62, 45, 64, 65, 54, 57, 70, 68, 69, 76, 65, 67, 77, 86, 51, 64, 65, 31, 51, 81, 52, 67, 73, 64, 85, 88, 8, 89]
    Layer 15: dist=[80, 44, 79, 38, 37, 38, 79, 67, 90, 60, 46, 104, 68, 107, 79, 89, 61, 57, 64, 68, 58, 60, 50, 51, 49, 34, 86, 62, 72, 84, 71, 49]
    Layer 16: dist=[61, 57, 74, 85, 55, 58, 48, 55, 54, 82, 73, 84, 90, 69, 86, 86, 68, 71, 60, 62, 115, 118, 110, 103, 71, 54, 64, 10, 58, 59, 65, 56]
    Layer 17: dist=[111, 95, 79, 67, 53, 57, 39, 47, 90, 108, 79, 100, 40, 57, 71, 74, 44, 61, 61, 42, 75, 98, 93, 97, 58, 55, 57, 52, 53, 79, 93, 67]
    Layer 18: dist=[34, 45, 35, 33, 56, 78, 74, 57, 64, 67, 66, 79, 61, 60, 57, 62, 46, 74, 72, 52, 68, 47, 65, 96, 58, 62, 61, 63, 52, 53, 79, 56]
    Layer 19: dist=[73, 64, 63, 62, 76, 103, 54, 71, 81, 85, 84, 93, 63, 57, 75, 63, 84, 85, 49, 49, 21, 50, 33, 49, 102, 106, 102, 116, 77, 77, 73, 72]
    Layer 20: dist=[89, 79, 80, 77, 78, 51, 49, 57, 40, 36, 43, 39, 92, 79, 87, 96, 45, 51, 56, 39, 73, 111, 101, 98, 125, 97, 105, 85, 93, 79, 108, 108]
    Layer 21: dist=[44, 50, 56, 68, 115, 65, 96, 118, 118, 61, 71, 69, 46, 41, 44, 42, 75, 75, 83, 65, 89, 99, 95, 96, 64, 62, 60, 80, 73, 79, 60, 88]
    Layer 22: dist=[73, 60, 67, 63, 52, 72, 45, 56, 37, 49, 45, 59, 18, 86, 61, 64, 33, 79, 76, 41, 102, 115, 120, 121, 101, 84, 91, 95, 114, 92, 103, 95]
    Layer 23: dist=[39, 30, 48, 39, 110, 111, 41, 102, 79, 36, 45, 63, 75, 72, 79, 77, 82, 75, 74, 94, 72, 93, 82, 76, 78, 72, 68, 100, 91, 90, 83, 78]
    Layer 24: dist=[79, 124, 109, 101, 99, 109, 111, 97, 102, 105, 104, 84, 78, 75, 89, 74, 81, 86, 98, 88, 120, 103, 102, 117, 65, 73, 79, 51, 95, 111, 98, 88]
    Layer 25: dist=[105, 121, 118, 94, 71, 72, 107, 80, 96, 97, 85, 90, 65, 89, 50, 68, 93, 99, 97, 89, 102, 111, 105, 108, 110, 110, 99, 108, 88, 125, 98, 88]
    Layer 26: dist=[80, 88, 106, 68, 115, 113, 113, 110, 102, 107, 105, 98, 100, 124, 116, 116, 86, 93, 99, 95, 102, 113, 122, 114, 99, 97, 102, 93, 115, 96, 114, 95]
    Layer 27: dist=[87, 108, 103, 117, 98, 105, 101, 86, 77, 100, 107, 99, 78, 109, 80, 86, 96, 99, 99, 104, 91, 112, 113, 92, 110, 113, 116, 117, 107, 77, 92, 117]
    Layer 28: dist=[103, 92, 102, 102, 82, 63, 80, 76, 96, 107, 92, 89, 112, 105, 96, 101, 112, 104, 104, 108, 119, 71, 60, 89, 91, 88, 99, 99, 92, 92, 71, 95]
    Layer 29: dist=[113, 114, 114, 113, 90, 112, 94, 114, 119, 113, 122, 105, 120, 120, 119, 120, 116, 106, 115, 121, 123, 123, 107, 125, 100, 114, 97, 92, 106, 95, 106, 109]
    Layer 30: dist=[75, 102, 99, 100, 102, 100, 90, 67, 117, 117, 115, 120, 105, 104, 113, 101, 97, 78, 120, 122, 51, 120, 100, 110, 119, 119, 119, 118, 106, 110, 107, 102]
    Layer 31: dist=[119, 117, 99, 98, 112, 113, 114, 116, 114, 77, 87, 91, 117, 116, 117, 115, 101, 101, 106, 94, 119, 116, 108, 119, 112, 109, 89, 120, 112, 106, 102, 110]
    Layer 32: dist=[110, 114, 114, 111, 116, 119, 116, 117, 110, 111, 117, 115, 93, 113, 108, 91, 118, 106, 109, 111, 123, 92, 114, 120, 71, 95, 80, 105, 116, 107, 99, 103]
    Layer 33: dist=[102, 120, 112, 119, 91, 102, 57, 94, 116, 116, 113, 113, 114, 115, 113, 116, 114, 117, 106, 109, 112, 96, 110, 113, 111, 119, 122, 118, 110, 111, 107, 104]
    Layer 34: dist=[110, 109, 112, 113, 105, 111, 108, 102, 53, 93, 114, 86, 117, 115, 120, 81, 82, 89, 126, 55, 119, 51, 118, 119, 122, 122, 125, 122, 54, 62, 68, 109]
    Layer 35: dist=[105, 123, 71, 97, 82, 36, 112, 100, 85, 94, 112, 96, 63, 28, 49, 40, 98, 74, 84, 48, 90, 102, 55, 54, 66, 49, 68, 72, 73, 115, 122, 117]

  [Taylor Step 2/3] OLS sigma per head (scaling V, streaming)...
    Layer  0: sigma=[0.614, 0.100, 0.100, 0.100, 0.332, 0.379, 0.100, 0.100, 0.100, 0.147, 0.100, 0.100, 0.100, 0.100, 0.100, 0.259, 0.100, 0.100, 0.100, 0.100, 0.100, 0.100, 0.100, 0.100, 0.100, 0.100, 0.351, 0.100, 0.100, 0.100, 0.161, 0.100]
    Layer  1: sigma=[0.350, 0.100, 0.100, 0.100, 0.100, 0.100, 0.100, 0.100, 0.100, 0.166, 0.243, 0.100, 0.100, 0.100, 0.100, 0.100, 0.100, 0.100, 0.100, 0.100, 0.100, 0.100, 0.100, 0.117, 0.100, 0.100, 0.115, 0.100, 0.100, 0.100, 0.100, 0.100]
    Layer  2: sigma=[0.100, 0.100, 0.100, 0.100, 0.100, 0.100, 0.100, 0.100, 0.109, 0.100, 0.100, 0.100, 0.100, 0.146, 0.100, 0.100, 0.100, 0.220, 0.100, 0.100, 0.100, 0.100, 0.100, 0.100, 0.100, 0.169, 0.100, 0.100, 0.100, 0.100, 0.100, 0.100]
    Layer  3: sigma=[0.100, 0.329, 0.100, 0.159, 0.100, 0.100, 0.100, 0.100, 0.100, 0.100, 0.100, 0.100, 0.100, 0.100, 0.100, 0.100, 0.100, 0.100, 0.100, 0.100, 0.100, 0.105, 0.100, 0.100, 0.100, 0.100, 0.100, 0.100, 0.100, 0.100, 0.100, 0.100]
    Layer  4: sigma=[0.100, 0.100, 0.100, 0.100, 0.100, 0.100, 0.100, 0.100, 0.100, 0.100, 0.100, 0.100, 0.100, 0.100, 0.100, 0.100, 0.100, 0.100, 0.100, 0.100, 0.133, 0.138, 0.316, 0.100, 0.100, 0.100, 0.100, 0.100, 0.100, 0.100, 0.100, 0.100]
    Layer  5: sigma=[0.100, 0.100, 0.100, 0.100, 0.100, 0.100, 0.100, 0.100, 0.100, 0.133, 0.100, 0.109, 0.100, 0.100, 0.100, 0.123, 0.100, 0.177, 0.100, 0.100, 0.100, 0.100, 0.100, 0.100, 0.100, 0.100, 0.100, 0.100, 0.100, 0.100, 0.100, 0.100]
    Layer  6: sigma=[0.100, 0.100, 0.100, 0.100, 0.100, 0.100, 0.100, 0.100, 0.100, 0.100, 0.100, 0.100, 0.100, 0.100, 0.100, 0.100, 0.100, 0.100, 0.100, 0.100, 0.144, 0.100, 0.100, 0.100, 0.100, 0.100, 0.100, 0.100, 0.100, 0.100, 0.100, 0.100]
    Layer  7: sigma=[0.100, 0.149, 0.100, 0.100, 0.118, 0.100, 0.100, 0.100, 0.100, 0.100, 0.100, 0.100, 0.100, 0.100, 0.100, 0.100, 0.100, 0.100, 0.100, 0.100, 0.100, 0.100, 0.100, 0.100, 0.100, 0.100, 0.100, 0.100, 0.100, 0.100, 0.100, 0.100]
    Layer  9: sigma=[0.100, 0.100, 0.100, 0.100, 0.100, 0.100, 0.100, 0.100, 0.100, 0.100, 0.100, 0.100, 0.100, 0.100, 0.585, 0.133, 0.100, 0.100, 0.100, 0.100, 0.100, 0.100, 0.100, 0.100, 0.100, 0.100, 0.100, 0.100, 0.100, 0.100, 0.100, 0.100]
    Layer 10: sigma=[0.100, 0.100, 0.100, 0.100, 0.100, 0.100, 0.100, 0.100, 0.100, 0.100, 0.100, 0.100, 0.100, 0.100, 0.100, 0.100, 0.100, 0.100, 0.100, 0.100, 0.100, 0.100, 0.100, 0.100, 0.100, 0.100, 0.100, 0.100, 0.100, 0.100, 0.100, 0.100]
    Layer 11: sigma=[0.100, 0.100, 0.100, 0.100, 0.137, 0.100, 0.100, 0.100, 0.100, 0.105, 0.100, 0.100, 0.100, 0.100, 0.246, 0.100, 0.100, 0.100, 0.100, 0.100, 0.100, 0.100, 0.100, 0.100, 0.100, 0.100, 0.169, 0.100, 0.100, 0.100, 0.100, 0.100]
    Layer 12: sigma=[0.100, 0.100, 0.100, 0.100, 0.100, 0.100, 0.100, 0.100, 0.100, 0.101, 0.100, 0.107, 0.100, 0.100, 0.100, 0.100, 0.100, 0.289, 0.197, 0.100, 0.100, 0.100, 0.100, 0.100, 0.100, 0.100, 0.100, 0.210, 0.100, 0.100, 0.122, 0.100]
    Layer 13: sigma=[0.226, 0.100, 0.100, 0.348, 0.100, 0.100, 0.100, 0.100, 0.100, 0.100, 0.100, 0.100, 0.100, 0.100, 0.100, 0.100, 0.100, 0.100, 0.100, 0.116, 0.100, 0.100, 0.100, 0.100, 0.100, 0.100, 0.100, 0.100, 0.100, 0.100, 0.100, 0.100]
    Layer 14: sigma=[0.100, 0.100, 0.100, 0.100, 0.100, 0.434, 0.100, 0.100, 0.100, 0.100, 0.100, 0.100, 0.100, 0.100, 0.100, 0.100, 0.100, 0.100, 0.100, 0.100, 0.100, 0.100, 0.100, 0.100, 0.126, 0.118, 0.100, 0.100, 0.100, 0.100, 0.100, 0.100]
    Layer 15: sigma=[0.100, 0.202, 0.100, 0.100, 0.100, 0.106, 0.100, 0.100, 0.100, 0.100, 0.100, 0.100, 0.205, 0.100, 0.100, 0.100, 0.100, 0.100, 0.100, 0.100, 0.100, 0.100, 0.100, 0.100, 0.140, 0.100, 0.100, 0.100, 0.100, 0.100, 0.100, 0.100]
    Layer 16: sigma=[0.100, 0.100, 0.100, 0.100, 0.100, 0.100, 0.100, 0.100, 0.100, 0.100, 0.100, 0.100, 0.100, 0.100, 0.100, 0.100, 0.100, 0.100, 0.100, 0.100, 0.100, 0.100, 0.100, 0.100, 0.100, 0.100, 0.100, 0.448, 0.100, 0.100, 0.100, 0.100]
    Layer 17: sigma=[0.100, 0.100, 0.100, 0.100, 0.100, 0.151, 0.100, 0.100, 0.100, 0.100, 0.100, 0.100, 0.100, 0.100, 0.100, 0.100, 0.148, 0.100, 0.100, 0.370, 0.100, 0.100, 0.100, 0.100, 0.154, 0.100, 0.426, 0.100, 0.100, 0.100, 0.100, 0.100]
    Layer 18: sigma=[0.100, 0.451, 0.100, 0.100, 0.100, 0.100, 0.100, 0.194, 0.100, 0.100, 0.100, 0.100, 0.100, 0.100, 0.100, 0.100, 0.176, 0.100, 0.100, 0.100, 0.100, 0.100, 0.100, 0.100, 0.100, 0.100, 0.100, 0.100, 0.100, 0.100, 0.100, 0.100]
    Layer 19: sigma=[0.100, 0.100, 0.100, 0.100, 0.100, 0.100, 0.100, 0.100, 0.100, 0.100, 0.100, 0.100, 0.130, 0.100, 0.100, 0.191, 0.100, 0.100, 0.100, 0.295, 0.100, 0.100, 0.100, 0.105, 0.100, 0.100, 0.100, 0.100, 0.100, 0.100, 0.100, 0.100]
    Layer 20: sigma=[0.100, 0.100, 0.100, 0.100, 0.100, 0.176, 0.100, 0.100, 0.164, 0.110, 0.100, 0.100, 0.100, 0.100, 0.100, 0.114, 0.100, 0.117, 0.100, 0.100, 0.100, 0.100, 0.100, 0.100, 0.100, 0.100, 0.100, 0.100, 0.100, 0.100, 0.100, 0.100]
    Layer 21: sigma=[0.100, 0.193, 0.100, 0.100, 0.100, 0.100, 0.100, 0.100, 0.100, 0.161, 0.100, 0.287, 0.100, 0.100, 0.119, 0.100, 0.100, 0.100, 0.100, 0.100, 0.100, 0.118, 0.100, 0.100, 0.168, 0.100, 0.100, 0.100, 0.100, 0.100, 0.261, 0.100]
    Layer 22: sigma=[0.165, 0.100, 0.100, 0.100, 0.137, 0.137, 0.100, 0.179, 0.118, 0.100, 0.100, 0.100, 0.100, 0.100, 0.100, 0.117, 0.100, 0.100, 0.100, 0.100, 0.100, 0.100, 0.100, 0.100, 0.100, 0.100, 0.100, 0.100, 0.100, 0.100, 0.100, 0.100]
    Layer 23: sigma=[0.158, 0.283, 0.189, 0.100, 0.100, 0.100, 0.148, 0.100, 0.100, 0.232, 0.100, 0.100, 0.100, 0.100, 0.100, 0.100, 0.100, 0.100, 0.100, 0.100, 0.100, 0.100, 0.100, 0.100, 0.100, 0.100, 0.100, 0.100, 0.100, 0.100, 0.159, 0.229]
    Layer 24: sigma=[0.100, 0.100, 0.100, 0.100, 0.100, 0.100, 0.100, 0.100, 0.100, 0.100, 0.100, 0.100, 0.100, 0.100, 0.100, 0.160, 0.100, 0.100, 0.100, 0.100, 0.100, 0.100, 0.100, 0.100, 0.210, 0.368, 0.100, 0.371, 0.100, 0.100, 0.100, 0.100]
    Layer 25: sigma=[0.100, 0.100, 0.100, 0.100, 0.100, 0.100, 0.100, 0.100, 0.100, 0.100, 0.100, 0.100, 0.100, 0.100, 0.100, 0.100, 0.100, 0.100, 0.100, 0.100, 0.100, 0.100, 0.100, 0.100, 0.100, 0.100, 0.100, 0.100, 0.100, 0.100, 0.100, 0.100]
    Layer 26: sigma=[0.100, 0.100, 0.100, 0.100, 0.100, 0.100, 0.100, 0.100, 0.100, 0.100, 0.100, 0.100, 0.100, 0.100, 0.100, 0.100, 0.100, 0.100, 0.100, 0.100, 0.100, 0.100, 0.100, 0.100, 0.100, 0.100, 0.100, 0.100, 0.100, 0.100, 0.100, 0.100]
    Layer 27: sigma=[0.100, 0.100, 0.100, 0.100, 0.100, 0.100, 0.100, 0.100, 0.100, 0.100, 0.100, 0.100, 0.100, 0.100, 0.100, 0.100, 0.100, 0.100, 0.100, 0.100, 0.100, 0.100, 0.100, 0.100, 0.100, 0.100, 0.100, 0.100, 0.100, 0.100, 0.100, 0.100]
    Layer 28: sigma=[0.100, 0.100, 0.100, 0.100, 0.100, 0.100, 0.100, 0.191, 0.100, 0.100, 0.100, 0.100, 0.100, 0.100, 0.100, 0.100, 0.100, 0.100, 0.100, 0.100, 0.100, 0.100, 0.100, 0.100, 0.100, 0.100, 0.100, 0.100, 0.100, 0.100, 0.100, 0.100]
    Layer 29: sigma=[0.100, 0.100, 0.100, 0.100, 0.100, 0.100, 0.100, 0.100, 0.100, 0.100, 0.100, 0.100, 0.100, 0.100, 0.100, 0.100, 0.100, 0.100, 0.100, 0.100, 0.100, 0.100, 0.100, 0.100, 0.100, 0.100, 0.100, 0.100, 0.100, 0.100, 0.100, 0.100]
    Layer 30: sigma=[0.100, 0.100, 0.100, 0.100, 0.100, 0.100, 0.100, 0.100, 0.100, 0.100, 0.100, 0.100, 0.100, 0.100, 0.100, 0.100, 0.128, 0.100, 0.100, 0.100, 0.100, 0.100, 0.100, 0.100, 0.100, 0.100, 0.100, 0.100, 0.100, 0.100, 0.100, 0.100]
    Layer 31: sigma=[0.100, 0.100, 0.100, 0.100, 0.100, 0.100, 0.100, 0.100, 0.100, 0.100, 0.100, 0.100, 0.100, 0.100, 0.100, 0.100, 0.100, 0.100, 0.100, 0.110, 0.100, 0.100, 0.100, 0.100, 0.100, 0.100, 0.100, 0.100, 0.100, 0.100, 0.100, 0.100]
    Layer 32: sigma=[0.100, 0.100, 0.100, 0.100, 0.100, 0.100, 0.100, 0.100, 0.100, 0.100, 0.100, 0.100, 0.100, 0.100, 0.100, 0.100, 0.100, 0.100, 0.100, 0.100, 0.100, 0.100, 0.100, 0.100, 0.100, 0.100, 0.100, 0.100, 0.100, 0.100, 0.100, 0.100]
    Layer 33: sigma=[0.100, 0.100, 0.100, 0.100, 0.100, 0.100, 0.100, 0.100, 0.100, 0.100, 0.100, 0.100, 0.100, 0.100, 0.100, 0.100, 0.100, 0.100, 0.100, 0.100, 0.100, 0.100, 0.100, 0.100, 0.100, 0.100, 0.100, 0.100, 0.100, 0.100, 0.100, 0.100]
    Layer 34: sigma=[0.100, 0.100, 0.100, 0.100, 0.100, 0.100, 0.100, 0.100, 0.100, 0.100, 0.100, 0.100, 0.100, 0.100, 0.100, 0.100, 0.101, 0.100, 0.100, 0.392, 0.100, 0.100, 0.100, 0.100, 0.100, 0.100, 0.100, 0.100, 0.100, 0.100, 0.100, 0.100]
    Layer 35: sigma=[0.100, 0.100, 0.100, 0.100, 0.100, 0.100, 0.100, 0.100, 0.100, 0.100, 0.100, 0.100, 0.100, 0.100, 0.100, 0.100, 0.100, 0.100, 0.100, 0.100, 0.100, 0.100, 0.139, 0.100, 0.100, 0.100, 0.100, 0.100, 0.100, 0.100, 0.100, 0.100]

  [Taylor Step 3/3] g_proj = v_proj * alpha (damping=0.01)...
    Layer  0: alpha=0.060452  teacher_rms=0.0163  v_rms=0.0027
    Layer  1: alpha=0.060957  teacher_rms=0.0205  v_rms=0.0034
    Layer  2: alpha=0.057046  teacher_rms=0.0214  v_rms=0.0038
    Layer  3: alpha=0.048506  teacher_rms=0.0259  v_rms=0.0053
    Layer  4: alpha=0.047413  teacher_rms=0.0304  v_rms=0.0064
    Layer  5: alpha=0.061959  teacher_rms=0.0409  v_rms=0.0066
    Layer  6: alpha=0.078776  teacher_rms=0.0621  v_rms=0.0079
    Layer  7: alpha=0.046049  teacher_rms=0.0530  v_rms=0.0115
    Layer  9: alpha=0.034811  teacher_rms=0.0713  v_rms=0.0205
    Layer 10: alpha=0.051225  teacher_rms=0.1092  v_rms=0.0213
    Layer 11: alpha=0.062791  teacher_rms=0.1046  v_rms=0.0167
    Layer 12: alpha=0.060718  teacher_rms=0.1207  v_rms=0.0199
    Layer 13: alpha=0.052396  teacher_rms=0.1040  v_rms=0.0198
    Layer 14: alpha=0.062557  teacher_rms=0.1547  v_rms=0.0247
    Layer 15: alpha=0.057415  teacher_rms=0.1576  v_rms=0.0275
    Layer 16: alpha=0.041263  teacher_rms=0.1473  v_rms=0.0357
    Layer 17: alpha=0.043628  teacher_rms=0.1753  v_rms=0.0402
    Layer 18: alpha=0.045676  teacher_rms=0.1990  v_rms=0.0436
    Layer 19: alpha=0.055052  teacher_rms=0.2060  v_rms=0.0374
    Layer 20: alpha=0.057277  teacher_rms=0.1966  v_rms=0.0343
    Layer 21: alpha=0.049340  teacher_rms=0.2373  v_rms=0.0481
    Layer 22: alpha=0.056997  teacher_rms=0.2834  v_rms=0.0497
    Layer 23: alpha=0.050881  teacher_rms=0.3098  v_rms=0.0609
    Layer 24: alpha=0.033487  teacher_rms=0.2897  v_rms=0.0865
    Layer 25: alpha=0.040058  teacher_rms=0.2376  v_rms=0.0593
    Layer 26: alpha=0.029256  teacher_rms=0.2124  v_rms=0.0726
    Layer 27: alpha=0.037093  teacher_rms=0.3083  v_rms=0.0831
    Layer 28: alpha=0.041408  teacher_rms=0.3705  v_rms=0.0895
    Layer 29: alpha=0.017344  teacher_rms=0.2548  v_rms=0.1469
    Layer 30: alpha=0.028734  teacher_rms=0.4297  v_rms=0.1496
    Layer 31: alpha=0.021182  teacher_rms=0.3785  v_rms=0.1787
    Layer 32: alpha=0.023899  teacher_rms=0.5288  v_rms=0.2213
    Layer 33: alpha=0.018560  teacher_rms=0.6404  v_rms=0.3451
    Layer 34: alpha=0.029326  teacher_rms=1.0325  v_rms=0.3521
    Layer 35: alpha=0.059461  teacher_rms=1.0168  v_rms=0.1710

  Set g_proj = v_proj * alpha in 35 GDN layers (damping=0.01).
  Init (taylor_init) done in 410.2s
  Layer 8: PPL = 7473413.00  (eval 13.1s)

============================================================
  Probing layer 9 | strategy=taylor_init
============================================================
Loading checkpoint shards:   0%|          | 0/4 [00:00<?, ?it/s]Loading checkpoint shards: 100%|██████████| 4/4 [00:00<00:00, 142.25it/s]
Could not cache non-existence of file. Will ignore error and continue. Error: [Errno 13] Permission denied: '/data/shared/huggingface/hub/models--Qwen--Qwen3-8B/.no_exist/b968826d9c46dd6066d109eabc6255188de91218/model.safetensors'
Loading checkpoint shards:   0%|          | 0/5 [00:00<?, ?it/s]Loading checkpoint shards: 100%|██████████| 5/5 [00:00<00:00, 190.34it/s]
Token indices sequence length is longer than the specified maximum sequence length for this model (2429029 > 131072). Running this sequence through the model will result in indexing errors
  [Taylor Step 1/3] Gate calibration from attention stats...
    Layer  0: dist=[32, 3, 12, 35, 12, 26, 9, 11, 19, 6, 8, 9, 18, 34, 31, 10, 16, 19, 16, 14, 13, 23, 4, 12, 5, 52, 10, 43, 15, 36, 15, 14]
    Layer  1: dist=[19, 38, 25, 44, 3, 15, 31, 11, 45, 36, 65, 60, 34, 47, 51, 38, 32, 54, 57, 33, 56, 24, 40, 40, 37, 9, 44, 41, 83, 31, 37, 49]
    Layer  2: dist=[65, 65, 67, 62, 26, 45, 33, 43, 39, 47, 56, 56, 53, 46, 46, 60, 61, 49, 54, 43, 49, 67, 48, 50, 25, 24, 21, 35, 73, 73, 77, 74]
    Layer  3: dist=[65, 26, 13, 22, 87, 93, 83, 73, 56, 53, 62, 58, 90, 73, 75, 74, 59, 62, 51, 67, 74, 60, 64, 65, 64, 56, 52, 59, 70, 63, 72, 65]
    Layer  4: dist=[62, 63, 73, 67, 73, 56, 61, 89, 68, 69, 63, 60, 55, 55, 71, 61, 62, 65, 67, 70, 64, 61, 47, 64, 41, 51, 48, 34, 51, 66, 55, 55]
    Layer  5: dist=[36, 48, 55, 35, 61, 68, 52, 51, 5, 18, 73, 61, 54, 78, 59, 52, 41, 32, 50, 48, 51, 55, 48, 59, 73, 73, 80, 80, 43, 44, 46, 58]
    Layer  6: dist=[27, 40, 30, 31, 52, 46, 67, 61, 46, 25, 43, 38, 56, 64, 56, 30, 47, 34, 45, 40, 20, 30, 32, 14, 35, 50, 32, 49, 47, 43, 37, 53]
    Layer  7: dist=[55, 60, 64, 87, 126, 114, 127, 121, 88, 119, 99, 72, 108, 23, 53, 97, 80, 101, 85, 81, 106, 86, 112, 116, 64, 78, 47, 86, 97, 101, 101, 106]
    Layer  8: dist=[83, 87, 90, 58, 81, 77, 69, 78, 86, 99, 87, 90, 94, 86, 96, 70, 116, 107, 103, 96, 92, 106, 100, 111, 92, 72, 95, 67, 84, 72, 79, 74]
    Layer 10: dist=[76, 71, 58, 74, 85, 102, 64, 74, 63, 88, 106, 49, 88, 67, 82, 86, 87, 102, 100, 107, 88, 60, 107, 90, 93, 107, 84, 77, 76, 65, 82, 90]
    Layer 11: dist=[78, 65, 79, 48, 53, 61, 78, 77, 102, 123, 109, 93, 82, 64, 65, 69, 69, 63, 61, 51, 77, 107, 89, 87, 67, 59, 56, 54, 95, 55, 55, 94]
    Layer 12: dist=[21, 72, 79, 61, 87, 83, 66, 70, 63, 62, 74, 77, 86, 81, 82, 87, 39, 68, 59, 94, 102, 112, 97, 103, 93, 2, 107, 38, 81, 88, 113, 91]
    Layer 13: dist=[52, 68, 66, 62, 52, 51, 65, 40, 86, 63, 99, 122, 128, 115, 109, 124, 85, 72, 57, 61, 93, 55, 83, 90, 84, 59, 72, 76, 113, 111, 96, 99]
    Layer 14: dist=[44, 64, 65, 46, 62, 45, 64, 65, 54, 57, 70, 68, 69, 76, 65, 67, 77, 86, 51, 64, 65, 31, 51, 81, 52, 67, 73, 64, 85, 88, 8, 89]
    Layer 15: dist=[80, 44, 79, 38, 37, 38, 79, 67, 90, 60, 46, 104, 68, 107, 79, 89, 61, 57, 64, 68, 58, 60, 50, 51, 49, 34, 86, 62, 72, 84, 71, 49]
    Layer 16: dist=[61, 57, 74, 85, 55, 58, 48, 55, 54, 82, 73, 84, 90, 69, 86, 86, 68, 71, 60, 62, 115, 118, 110, 103, 71, 54, 64, 10, 58, 59, 65, 56]
    Layer 17: dist=[111, 95, 79, 67, 53, 57, 39, 47, 90, 108, 79, 100, 40, 57, 71, 74, 44, 61, 61, 42, 75, 98, 93, 97, 58, 55, 57, 52, 53, 79, 93, 67]
    Layer 18: dist=[34, 45, 35, 33, 56, 78, 74, 57, 64, 67, 66, 79, 61, 60, 57, 62, 46, 74, 72, 52, 68, 47, 65, 96, 58, 62, 61, 63, 52, 53, 79, 56]
    Layer 19: dist=[73, 64, 63, 62, 76, 103, 54, 71, 81, 85, 84, 93, 63, 57, 75, 63, 84, 85, 49, 49, 21, 50, 33, 49, 102, 106, 102, 116, 77, 77, 73, 72]
    Layer 20: dist=[89, 79, 80, 77, 78, 51, 49, 57, 40, 36, 43, 39, 92, 79, 87, 96, 45, 51, 56, 39, 73, 111, 101, 98, 125, 97, 105, 85, 93, 79, 108, 108]
    Layer 21: dist=[44, 50, 56, 68, 115, 65, 96, 118, 118, 61, 71, 69, 46, 41, 44, 42, 75, 75, 83, 65, 89, 99, 95, 96, 64, 62, 60, 80, 73, 79, 60, 88]
    Layer 22: dist=[73, 60, 67, 63, 52, 72, 45, 56, 37, 49, 45, 59, 18, 86, 61, 64, 33, 79, 76, 41, 102, 115, 120, 121, 101, 84, 91, 95, 114, 92, 103, 95]
    Layer 23: dist=[39, 30, 48, 39, 110, 111, 41, 102, 79, 36, 45, 63, 75, 72, 79, 77, 82, 75, 74, 94, 72, 93, 82, 76, 78, 72, 68, 100, 91, 90, 83, 78]
    Layer 24: dist=[79, 124, 109, 101, 99, 109, 111, 97, 102, 105, 104, 84, 78, 75, 89, 74, 81, 86, 98, 88, 120, 103, 102, 117, 65, 73, 79, 51, 95, 111, 98, 88]
    Layer 25: dist=[105, 121, 118, 94, 71, 72, 107, 80, 96, 97, 85, 90, 65, 89, 50, 68, 93, 99, 97, 89, 102, 111, 105, 108, 110, 110, 99, 108, 88, 125, 98, 88]
    Layer 26: dist=[80, 88, 106, 68, 115, 113, 113, 110, 102, 107, 105, 98, 100, 124, 116, 116, 86, 93, 99, 95, 102, 113, 122, 114, 99, 97, 102, 93, 115, 96, 114, 95]
    Layer 27: dist=[87, 108, 103, 117, 98, 105, 101, 86, 77, 100, 107, 99, 78, 109, 80, 86, 96, 99, 99, 104, 91, 112, 113, 92, 110, 113, 116, 117, 107, 77, 92, 117]
    Layer 28: dist=[103, 92, 102, 102, 82, 63, 80, 76, 96, 107, 92, 89, 112, 105, 96, 101, 112, 104, 104, 108, 119, 71, 60, 89, 91, 88, 99, 99, 92, 92, 71, 95]
    Layer 29: dist=[113, 114, 114, 113, 90, 112, 94, 114, 119, 113, 122, 105, 120, 120, 119, 120, 116, 106, 115, 121, 123, 123, 107, 125, 100, 114, 97, 92, 106, 95, 106, 109]
    Layer 30: dist=[75, 102, 99, 100, 102, 100, 90, 67, 117, 117, 115, 120, 105, 104, 113, 101, 97, 78, 120, 122, 51, 120, 100, 110, 119, 119, 119, 118, 106, 110, 107, 102]
    Layer 31: dist=[119, 117, 99, 98, 112, 113, 114, 116, 114, 77, 87, 91, 117, 116, 117, 115, 101, 101, 106, 94, 119, 116, 108, 119, 112, 109, 89, 120, 112, 106, 102, 110]
    Layer 32: dist=[110, 114, 114, 111, 116, 119, 116, 117, 110, 111, 117, 115, 93, 113, 108, 91, 118, 106, 109, 111, 123, 92, 114, 120, 71, 95, 80, 105, 116, 107, 99, 103]
    Layer 33: dist=[102, 120, 112, 119, 91, 102, 57, 94, 116, 116, 113, 113, 114, 115, 113, 116, 114, 117, 106, 109, 112, 96, 110, 113, 111, 119, 122, 118, 110, 111, 107, 104]
    Layer 34: dist=[110, 109, 112, 113, 105, 111, 108, 102, 53, 93, 114, 86, 117, 115, 120, 81, 82, 89, 126, 55, 119, 51, 118, 119, 122, 122, 125, 122, 54, 62, 68, 109]
    Layer 35: dist=[105, 123, 71, 97, 82, 36, 112, 100, 85, 94, 112, 96, 63, 28, 49, 40, 98, 74, 84, 48, 90, 102, 55, 54, 66, 49, 68, 72, 73, 115, 122, 117]

  [Taylor Step 2/3] OLS sigma per head (scaling V, streaming)...
    Layer  0: sigma=[0.612, 0.100, 0.100, 0.100, 0.332, 0.380, 0.100, 0.100, 0.100, 0.150, 0.100, 0.100, 0.100, 0.100, 0.100, 0.259, 0.100, 0.100, 0.100, 0.100, 0.100, 0.100, 0.100, 0.100, 0.100, 0.100, 0.353, 0.100, 0.100, 0.100, 0.161, 0.100]
    Layer  1: sigma=[0.352, 0.100, 0.100, 0.100, 0.100, 0.100, 0.100, 0.100, 0.100, 0.167, 0.246, 0.100, 0.100, 0.100, 0.100, 0.100, 0.100, 0.100, 0.100, 0.100, 0.100, 0.100, 0.100, 0.117, 0.100, 0.100, 0.116, 0.100, 0.100, 0.100, 0.100, 0.100]
    Layer  2: sigma=[0.100, 0.100, 0.100, 0.100, 0.100, 0.100, 0.100, 0.100, 0.109, 0.100, 0.100, 0.100, 0.100, 0.144, 0.100, 0.100, 0.100, 0.221, 0.100, 0.100, 0.100, 0.100, 0.100, 0.100, 0.100, 0.172, 0.100, 0.100, 0.100, 0.100, 0.100, 0.100]
    Layer  3: sigma=[0.100, 0.329, 0.100, 0.156, 0.100, 0.100, 0.100, 0.100, 0.100, 0.100, 0.100, 0.100, 0.100, 0.100, 0.100, 0.100, 0.100, 0.100, 0.100, 0.100, 0.100, 0.106, 0.100, 0.100, 0.100, 0.100, 0.100, 0.100, 0.100, 0.100, 0.100, 0.100]
    Layer  4: sigma=[0.100, 0.100, 0.100, 0.100, 0.100, 0.100, 0.100, 0.100, 0.100, 0.100, 0.100, 0.100, 0.100, 0.100, 0.100, 0.100, 0.100, 0.100, 0.100, 0.100, 0.134, 0.139, 0.313, 0.100, 0.100, 0.100, 0.100, 0.100, 0.100, 0.100, 0.100, 0.100]
    Layer  5: sigma=[0.100, 0.100, 0.100, 0.100, 0.100, 0.100, 0.100, 0.100, 0.100, 0.143, 0.100, 0.111, 0.100, 0.100, 0.100, 0.123, 0.100, 0.178, 0.100, 0.100, 0.100, 0.100, 0.100, 0.100, 0.100, 0.100, 0.100, 0.100, 0.100, 0.100, 0.100, 0.100]
    Layer  6: sigma=[0.100, 0.100, 0.100, 0.100, 0.100, 0.100, 0.100, 0.100, 0.100, 0.100, 0.100, 0.100, 0.100, 0.100, 0.100, 0.100, 0.100, 0.100, 0.100, 0.100, 0.157, 0.100, 0.100, 0.100, 0.100, 0.100, 0.100, 0.100, 0.100, 0.100, 0.100, 0.100]
    Layer  7: sigma=[0.100, 0.152, 0.100, 0.100, 0.121, 0.100, 0.100, 0.100, 0.100, 0.100, 0.100, 0.100, 0.100, 0.100, 0.100, 0.100, 0.100, 0.100, 0.100, 0.100, 0.100, 0.100, 0.100, 0.100, 0.100, 0.100, 0.100, 0.100, 0.100, 0.100, 0.100, 0.100]
    Layer  8: sigma=[0.100, 0.100, 0.100, 0.100, 0.100, 0.100, 0.100, 0.100, 0.100, 0.100, 0.100, 0.100, 0.100, 0.100, 0.100, 0.100, 0.100, 0.100, 0.100, 0.100, 0.100, 0.100, 0.100, 0.100, 0.100, 0.100, 0.100, 0.175, 0.100, 0.100, 0.100, 0.100]
    Layer 10: sigma=[0.100, 0.100, 0.100, 0.100, 0.100, 0.100, 0.100, 0.100, 0.100, 0.100, 0.100, 0.100, 0.100, 0.100, 0.100, 0.100, 0.100, 0.100, 0.100, 0.100, 0.100, 0.100, 0.100, 0.100, 0.100, 0.100, 0.100, 0.100, 0.100, 0.100, 0.100, 0.100]
    Layer 11: sigma=[0.100, 0.100, 0.100, 0.100, 0.142, 0.100, 0.100, 0.100, 0.100, 0.104, 0.100, 0.100, 0.100, 0.100, 0.255, 0.100, 0.100, 0.100, 0.100, 0.100, 0.100, 0.100, 0.100, 0.100, 0.100, 0.100, 0.163, 0.100, 0.100, 0.100, 0.100, 0.100]
    Layer 12: sigma=[0.100, 0.100, 0.100, 0.100, 0.100, 0.100, 0.100, 0.100, 0.100, 0.102, 0.100, 0.108, 0.100, 0.100, 0.100, 0.100, 0.100, 0.290, 0.176, 0.100, 0.100, 0.100, 0.100, 0.100, 0.100, 0.100, 0.100, 0.209, 0.100, 0.100, 0.122, 0.100]
    Layer 13: sigma=[0.231, 0.100, 0.100, 0.339, 0.100, 0.100, 0.100, 0.100, 0.100, 0.100, 0.100, 0.100, 0.100, 0.100, 0.100, 0.100, 0.100, 0.100, 0.100, 0.102, 0.100, 0.100, 0.100, 0.100, 0.100, 0.100, 0.100, 0.100, 0.100, 0.100, 0.100, 0.100]
    Layer 14: sigma=[0.100, 0.100, 0.100, 0.100, 0.100, 0.490, 0.100, 0.100, 0.100, 0.100, 0.100, 0.100, 0.100, 0.100, 0.100, 0.100, 0.100, 0.100, 0.100, 0.100, 0.100, 0.100, 0.100, 0.100, 0.125, 0.119, 0.100, 0.100, 0.100, 0.100, 0.100, 0.100]
    Layer 15: sigma=[0.100, 0.222, 0.100, 0.100, 0.100, 0.108, 0.100, 0.100, 0.100, 0.100, 0.100, 0.100, 0.208, 0.100, 0.100, 0.100, 0.100, 0.100, 0.100, 0.100, 0.100, 0.100, 0.100, 0.100, 0.150, 0.100, 0.100, 0.100, 0.100, 0.100, 0.100, 0.100]
    Layer 16: sigma=[0.100, 0.100, 0.100, 0.100, 0.100, 0.100, 0.100, 0.100, 0.100, 0.100, 0.100, 0.100, 0.100, 0.100, 0.100, 0.100, 0.100, 0.100, 0.100, 0.100, 0.100, 0.100, 0.100, 0.100, 0.100, 0.100, 0.100, 0.330, 0.100, 0.100, 0.100, 0.100]
    Layer 17: sigma=[0.100, 0.100, 0.100, 0.100, 0.100, 0.150, 0.100, 0.100, 0.100, 0.100, 0.100, 0.100, 0.100, 0.100, 0.100, 0.100, 0.154, 0.100, 0.100, 0.343, 0.100, 0.100, 0.100, 0.106, 0.161, 0.100, 0.470, 0.100, 0.100, 0.100, 0.100, 0.100]
    Layer 18: sigma=[0.100, 0.474, 0.100, 0.100, 0.100, 0.100, 0.100, 0.189, 0.100, 0.100, 0.100, 0.100, 0.100, 0.100, 0.100, 0.100, 0.146, 0.100, 0.100, 0.100, 0.100, 0.100, 0.100, 0.100, 0.100, 0.100, 0.100, 0.100, 0.100, 0.100, 0.100, 0.100]
    Layer 19: sigma=[0.100, 0.100, 0.100, 0.100, 0.100, 0.100, 0.100, 0.100, 0.100, 0.100, 0.100, 0.100, 0.153, 0.100, 0.100, 0.188, 0.100, 0.100, 0.100, 0.287, 0.100, 0.100, 0.100, 0.110, 0.100, 0.100, 0.100, 0.100, 0.100, 0.100, 0.100, 0.100]
    Layer 20: sigma=[0.100, 0.100, 0.100, 0.100, 0.100, 0.171, 0.100, 0.100, 0.149, 0.108, 0.100, 0.100, 0.100, 0.100, 0.100, 0.123, 0.100, 0.135, 0.100, 0.100, 0.100, 0.100, 0.100, 0.100, 0.100, 0.100, 0.100, 0.100, 0.100, 0.100, 0.100, 0.100]
    Layer 21: sigma=[0.100, 0.134, 0.100, 0.100, 0.100, 0.100, 0.100, 0.100, 0.100, 0.162, 0.100, 0.289, 0.100, 0.100, 0.100, 0.100, 0.100, 0.100, 0.100, 0.100, 0.100, 0.101, 0.100, 0.100, 0.159, 0.100, 0.100, 0.100, 0.100, 0.100, 0.228, 0.100]
    Layer 22: sigma=[0.157, 0.100, 0.100, 0.100, 0.147, 0.103, 0.100, 0.237, 0.100, 0.100, 0.100, 0.100, 0.100, 0.100, 0.100, 0.102, 0.100, 0.100, 0.100, 0.100, 0.100, 0.100, 0.100, 0.100, 0.100, 0.100, 0.100, 0.100, 0.100, 0.100, 0.100, 0.100]
    Layer 23: sigma=[0.171, 0.294, 0.199, 0.100, 0.100, 0.100, 0.136, 0.100, 0.100, 0.267, 0.100, 0.100, 0.100, 0.100, 0.108, 0.100, 0.100, 0.100, 0.100, 0.100, 0.100, 0.100, 0.100, 0.100, 0.100, 0.100, 0.100, 0.100, 0.100, 0.100, 0.138, 0.252]
    Layer 24: sigma=[0.100, 0.100, 0.100, 0.100, 0.100, 0.100, 0.100, 0.100, 0.100, 0.100, 0.100, 0.100, 0.100, 0.100, 0.100, 0.110, 0.100, 0.100, 0.100, 0.100, 0.100, 0.100, 0.100, 0.100, 0.193, 0.469, 0.100, 0.343, 0.100, 0.100, 0.100, 0.100]
    Layer 25: sigma=[0.100, 0.100, 0.100, 0.100, 0.116, 0.100, 0.100, 0.100, 0.100, 0.100, 0.100, 0.100, 0.100, 0.100, 0.110, 0.100, 0.100, 0.100, 0.100, 0.100, 0.100, 0.100, 0.100, 0.100, 0.100, 0.100, 0.100, 0.100, 0.100, 0.100, 0.100, 0.100]
    Layer 26: sigma=[0.157, 0.100, 0.100, 0.100, 0.100, 0.100, 0.100, 0.100, 0.100, 0.100, 0.100, 0.100, 0.100, 0.100, 0.100, 0.100, 0.100, 0.100, 0.100, 0.100, 0.100, 0.100, 0.100, 0.100, 0.100, 0.100, 0.100, 0.100, 0.100, 0.100, 0.100, 0.100]
    Layer 27: sigma=[0.100, 0.100, 0.100, 0.100, 0.100, 0.100, 0.100, 0.100, 0.100, 0.100, 0.100, 0.100, 0.100, 0.100, 0.100, 0.100, 0.100, 0.100, 0.100, 0.100, 0.100, 0.100, 0.100, 0.100, 0.100, 0.100, 0.100, 0.100, 0.100, 0.109, 0.100, 0.100]
    Layer 28: sigma=[0.100, 0.100, 0.100, 0.100, 0.100, 0.156, 0.100, 0.195, 0.100, 0.100, 0.100, 0.100, 0.100, 0.100, 0.100, 0.100, 0.100, 0.100, 0.100, 0.100, 0.100, 0.100, 0.100, 0.100, 0.100, 0.100, 0.100, 0.100, 0.100, 0.100, 0.100, 0.100]
    Layer 29: sigma=[0.100, 0.100, 0.100, 0.100, 0.100, 0.100, 0.100, 0.100, 0.100, 0.100, 0.100, 0.100, 0.100, 0.100, 0.100, 0.100, 0.100, 0.100, 0.100, 0.100, 0.100, 0.100, 0.100, 0.100, 0.100, 0.100, 0.100, 0.100, 0.100, 0.100, 0.100, 0.100]
    Layer 30: sigma=[0.100, 0.100, 0.100, 0.100, 0.100, 0.100, 0.100, 0.100, 0.100, 0.100, 0.100, 0.100, 0.100, 0.100, 0.100, 0.100, 0.100, 0.100, 0.100, 0.100, 0.103, 0.100, 0.100, 0.100, 0.100, 0.100, 0.100, 0.100, 0.100, 0.100, 0.100, 0.100]
    Layer 31: sigma=[0.100, 0.100, 0.100, 0.100, 0.100, 0.100, 0.100, 0.100, 0.100, 0.100, 0.100, 0.100, 0.100, 0.100, 0.100, 0.100, 0.100, 0.100, 0.100, 0.106, 0.100, 0.100, 0.100, 0.100, 0.100, 0.100, 0.100, 0.100, 0.100, 0.100, 0.100, 0.100]
    Layer 32: sigma=[0.100, 0.100, 0.100, 0.100, 0.100, 0.100, 0.100, 0.100, 0.100, 0.100, 0.100, 0.100, 0.100, 0.100, 0.100, 0.100, 0.100, 0.100, 0.100, 0.100, 0.100, 0.100, 0.100, 0.100, 0.100, 0.100, 0.100, 0.100, 0.100, 0.100, 0.100, 0.100]
    Layer 33: sigma=[0.100, 0.100, 0.100, 0.100, 0.100, 0.100, 0.100, 0.100, 0.100, 0.100, 0.100, 0.100, 0.100, 0.100, 0.100, 0.100, 0.100, 0.100, 0.100, 0.100, 0.100, 0.100, 0.100, 0.100, 0.100, 0.100, 0.100, 0.100, 0.100, 0.100, 0.100, 0.100]
    Layer 34: sigma=[0.100, 0.100, 0.100, 0.100, 0.100, 0.100, 0.100, 0.100, 0.100, 0.100, 0.100, 0.100, 0.100, 0.100, 0.100, 0.100, 0.100, 0.100, 0.100, 0.100, 0.100, 0.100, 0.100, 0.100, 0.100, 0.100, 0.100, 0.100, 0.100, 0.100, 0.100, 0.100]
    Layer 35: sigma=[0.100, 0.100, 0.100, 0.100, 0.114, 0.100, 0.100, 0.100, 0.100, 0.100, 0.100, 0.100, 0.100, 0.100, 0.100, 0.100, 0.100, 0.100, 0.100, 0.100, 0.100, 0.100, 0.133, 0.100, 0.100, 0.100, 0.100, 0.100, 0.100, 0.100, 0.100, 0.100]

  [Taylor Step 3/3] g_proj = v_proj * alpha (damping=0.01)...
    Layer  0: alpha=0.060532  teacher_rms=0.0163  v_rms=0.0027
    Layer  1: alpha=0.060757  teacher_rms=0.0205  v_rms=0.0034
    Layer  2: alpha=0.056991  teacher_rms=0.0214  v_rms=0.0038
    Layer  3: alpha=0.048561  teacher_rms=0.0259  v_rms=0.0053
    Layer  4: alpha=0.047467  teacher_rms=0.0304  v_rms=0.0064
    Layer  5: alpha=0.061706  teacher_rms=0.0409  v_rms=0.0066
    Layer  6: alpha=0.078299  teacher_rms=0.0621  v_rms=0.0079
    Layer  7: alpha=0.045916  teacher_rms=0.0530  v_rms=0.0115
    Layer  8: alpha=0.047470  teacher_rms=0.0708  v_rms=0.0149
    Layer 10: alpha=0.051225  teacher_rms=0.1092  v_rms=0.0213
    Layer 11: alpha=0.062523  teacher_rms=0.1046  v_rms=0.0167
    Layer 12: alpha=0.061146  teacher_rms=0.1207  v_rms=0.0197
    Layer 13: alpha=0.052797  teacher_rms=0.1040  v_rms=0.0197
    Layer 14: alpha=0.059919  teacher_rms=0.1547  v_rms=0.0258
    Layer 15: alpha=0.056632  teacher_rms=0.1576  v_rms=0.0278
    Layer 16: alpha=0.044508  teacher_rms=0.1473  v_rms=0.0331
    Layer 17: alpha=0.042457  teacher_rms=0.1753  v_rms=0.0413
    Layer 18: alpha=0.044773  teacher_rms=0.1990  v_rms=0.0444
    Layer 19: alpha=0.054857  teacher_rms=0.2060  v_rms=0.0376
    Layer 20: alpha=0.057072  teacher_rms=0.1966  v_rms=0.0345
    Layer 21: alpha=0.052023  teacher_rms=0.2373  v_rms=0.0456
    Layer 22: alpha=0.056557  teacher_rms=0.2834  v_rms=0.0501
    Layer 23: alpha=0.049463  teacher_rms=0.3098  v_rms=0.0626
    Layer 24: alpha=0.032975  teacher_rms=0.2897  v_rms=0.0879
    Layer 25: alpha=0.039789  teacher_rms=0.2376  v_rms=0.0597
    Layer 26: alpha=0.028587  teacher_rms=0.2124  v_rms=0.0743
    Layer 27: alpha=0.037012  teacher_rms=0.3083  v_rms=0.0833
    Layer 28: alpha=0.040620  teacher_rms=0.3705  v_rms=0.0912
    Layer 29: alpha=0.017344  teacher_rms=0.2548  v_rms=0.1469
    Layer 30: alpha=0.029028  teacher_rms=0.4297  v_rms=0.1480
    Layer 31: alpha=0.021196  teacher_rms=0.3785  v_rms=0.1786
    Layer 32: alpha=0.023899  teacher_rms=0.5288  v_rms=0.2213
    Layer 33: alpha=0.018560  teacher_rms=0.6404  v_rms=0.3451
    Layer 34: alpha=0.033190  teacher_rms=1.0325  v_rms=0.3111
    Layer 35: alpha=0.059362  teacher_rms=1.0168  v_rms=0.1713

  Set g_proj = v_proj * alpha in 35 GDN layers (damping=0.01).
  Init (taylor_init) done in 336.2s
  Layer 9: PPL = 8359790.00  (eval 13.4s)

============================================================
  Probing layer 10 | strategy=taylor_init
============================================================
Loading checkpoint shards:   0%|          | 0/4 [00:00<?, ?it/s]Loading checkpoint shards: 100%|██████████| 4/4 [00:00<00:00, 146.93it/s]
Could not cache non-existence of file. Will ignore error and continue. Error: [Errno 13] Permission denied: '/data/shared/huggingface/hub/models--Qwen--Qwen3-8B/.no_exist/b968826d9c46dd6066d109eabc6255188de91218/model.safetensors'
Loading checkpoint shards:   0%|          | 0/5 [00:00<?, ?it/s]Loading checkpoint shards: 100%|██████████| 5/5 [00:00<00:00, 184.03it/s]
Token indices sequence length is longer than the specified maximum sequence length for this model (2429029 > 131072). Running this sequence through the model will result in indexing errors
  [Taylor Step 1/3] Gate calibration from attention stats...
    Layer  0: dist=[32, 3, 12, 35, 12, 26, 9, 11, 19, 6, 8, 9, 18, 34, 31, 10, 16, 19, 16, 14, 13, 23, 4, 12, 5, 52, 10, 43, 15, 36, 15, 14]
    Layer  1: dist=[19, 38, 25, 44, 3, 15, 31, 11, 45, 36, 65, 60, 34, 47, 51, 38, 32, 54, 57, 33, 56, 24, 40, 40, 37, 9, 44, 41, 83, 31, 37, 49]
    Layer  2: dist=[65, 65, 67, 62, 26, 45, 33, 43, 39, 47, 56, 56, 53, 46, 46, 60, 61, 49, 54, 43, 49, 67, 48, 50, 25, 24, 21, 35, 73, 73, 77, 74]
    Layer  3: dist=[65, 26, 13, 22, 87, 93, 83, 73, 56, 53, 62, 58, 90, 73, 75, 74, 59, 62, 51, 67, 74, 60, 64, 65, 64, 56, 52, 59, 70, 63, 72, 65]
    Layer  4: dist=[62, 63, 73, 67, 73, 56, 61, 89, 68, 69, 63, 60, 55, 55, 71, 61, 62, 65, 67, 70, 64, 61, 47, 64, 41, 51, 48, 34, 51, 66, 55, 55]
    Layer  5: dist=[36, 48, 55, 35, 61, 68, 52, 51, 5, 18, 73, 61, 54, 78, 59, 52, 41, 32, 50, 48, 51, 55, 48, 59, 73, 73, 80, 80, 43, 44, 46, 58]
    Layer  6: dist=[27, 40, 30, 31, 52, 46, 67, 61, 46, 25, 43, 38, 56, 64, 56, 30, 47, 34, 45, 40, 20, 30, 32, 14, 35, 50, 32, 49, 47, 43, 37, 53]
    Layer  7: dist=[55, 60, 64, 87, 126, 114, 127, 121, 88, 119, 99, 72, 108, 23, 53, 97, 80, 101, 85, 81, 106, 86, 112, 116, 64, 78, 47, 86, 97, 101, 101, 106]
    Layer  8: dist=[83, 87, 90, 58, 81, 77, 69, 78, 86, 99, 87, 90, 94, 86, 96, 70, 116, 107, 103, 96, 92, 106, 100, 111, 92, 72, 95, 67, 84, 72, 79, 74]
    Layer  9: dist=[76, 60, 61, 67, 83, 97, 96, 74, 123, 120, 118, 112, 27, 87, 63, 85, 93, 100, 114, 125, 87, 77, 60, 70, 119, 81, 91, 97, 125, 113, 127, 123]
    Layer 11: dist=[78, 65, 79, 48, 53, 61, 78, 77, 102, 123, 109, 93, 82, 64, 65, 69, 69, 63, 61, 51, 77, 107, 89, 87, 67, 59, 56, 54, 95, 55, 55, 94]
    Layer 12: dist=[21, 72, 79, 61, 87, 83, 66, 70, 63, 62, 74, 77, 86, 81, 82, 87, 39, 68, 59, 94, 102, 112, 97, 103, 93, 2, 107, 38, 81, 88, 113, 91]
    Layer 13: dist=[52, 68, 66, 62, 52, 51, 65, 40, 86, 63, 99, 122, 128, 115, 109, 124, 85, 72, 57, 61, 93, 55, 83, 90, 84, 59, 72, 76, 113, 111, 96, 99]
    Layer 14: dist=[44, 64, 65, 46, 62, 45, 64, 65, 54, 57, 70, 68, 69, 76, 65, 67, 77, 86, 51, 64, 65, 31, 51, 81, 52, 67, 73, 64, 85, 88, 8, 89]
    Layer 15: dist=[80, 44, 79, 38, 37, 38, 79, 67, 90, 60, 46, 104, 68, 107, 79, 89, 61, 57, 64, 68, 58, 60, 50, 51, 49, 34, 86, 62, 72, 84, 71, 49]
    Layer 16: dist=[61, 57, 74, 85, 55, 58, 48, 55, 54, 82, 73, 84, 90, 69, 86, 86, 68, 71, 60, 62, 115, 118, 110, 103, 71, 54, 64, 10, 58, 59, 65, 56]
    Layer 17: dist=[111, 95, 79, 67, 53, 57, 39, 47, 90, 108, 79, 100, 40, 57, 71, 74, 44, 61, 61, 42, 75, 98, 93, 97, 58, 55, 57, 52, 53, 79, 93, 67]
    Layer 18: dist=[34, 45, 35, 33, 56, 78, 74, 57, 64, 67, 66, 79, 61, 60, 57, 62, 46, 74, 72, 52, 68, 47, 65, 96, 58, 62, 61, 63, 52, 53, 79, 56]
    Layer 19: dist=[73, 64, 63, 62, 76, 103, 54, 71, 81, 85, 84, 93, 63, 57, 75, 63, 84, 85, 49, 49, 21, 50, 33, 49, 102, 106, 102, 116, 77, 77, 73, 72]
    Layer 20: dist=[89, 79, 80, 77, 78, 51, 49, 57, 40, 36, 43, 39, 92, 79, 87, 96, 45, 51, 56, 39, 73, 111, 101, 98, 125, 97, 105, 85, 93, 79, 108, 108]
    Layer 21: dist=[44, 50, 56, 68, 115, 65, 96, 118, 118, 61, 71, 69, 46, 41, 44, 42, 75, 75, 83, 65, 89, 99, 95, 96, 64, 62, 60, 80, 73, 79, 60, 88]
    Layer 22: dist=[73, 60, 67, 63, 52, 72, 45, 56, 37, 49, 45, 59, 18, 86, 61, 64, 33, 79, 76, 41, 102, 115, 120, 121, 101, 84, 91, 95, 114, 92, 103, 95]
    Layer 23: dist=[39, 30, 48, 39, 110, 111, 41, 102, 79, 36, 45, 63, 75, 72, 79, 77, 82, 75, 74, 94, 72, 93, 82, 76, 78, 72, 68, 100, 91, 90, 83, 78]
    Layer 24: dist=[79, 124, 109, 101, 99, 109, 111, 97, 102, 105, 104, 84, 78, 75, 89, 74, 81, 86, 98, 88, 120, 103, 102, 117, 65, 73, 79, 51, 95, 111, 98, 88]
    Layer 25: dist=[105, 121, 118, 94, 71, 72, 107, 80, 96, 97, 85, 90, 65, 89, 50, 68, 93, 99, 97, 89, 102, 111, 105, 108, 110, 110, 99, 108, 88, 125, 98, 88]
    Layer 26: dist=[80, 88, 106, 68, 115, 113, 113, 110, 102, 107, 105, 98, 100, 124, 116, 116, 86, 93, 99, 95, 102, 113, 122, 114, 99, 97, 102, 93, 115, 96, 114, 95]
    Layer 27: dist=[87, 108, 103, 117, 98, 105, 101, 86, 77, 100, 107, 99, 78, 109, 80, 86, 96, 99, 99, 104, 91, 112, 113, 92, 110, 113, 116, 117, 107, 77, 92, 117]
    Layer 28: dist=[103, 92, 102, 102, 82, 63, 80, 76, 96, 107, 92, 89, 112, 105, 96, 101, 112, 104, 104, 108, 119, 71, 60, 89, 91, 88, 99, 99, 92, 92, 71, 95]
    Layer 29: dist=[113, 114, 114, 113, 90, 112, 94, 114, 119, 113, 122, 105, 120, 120, 119, 120, 116, 106, 115, 121, 123, 123, 107, 125, 100, 114, 97, 92, 106, 95, 106, 109]
    Layer 30: dist=[75, 102, 99, 100, 102, 100, 90, 67, 117, 117, 115, 120, 105, 104, 113, 101, 97, 78, 120, 122, 51, 120, 100, 110, 119, 119, 119, 118, 106, 110, 107, 102]
    Layer 31: dist=[119, 117, 99, 98, 112, 113, 114, 116, 114, 77, 87, 91, 117, 116, 117, 115, 101, 101, 106, 94, 119, 116, 108, 119, 112, 109, 89, 120, 112, 106, 102, 110]
    Layer 32: dist=[110, 114, 114, 111, 116, 119, 116, 117, 110, 111, 117, 115, 93, 113, 108, 91, 118, 106, 109, 111, 123, 92, 114, 120, 71, 95, 80, 105, 116, 107, 99, 103]
    Layer 33: dist=[102, 120, 112, 119, 91, 102, 57, 94, 116, 116, 113, 113, 114, 115, 113, 116, 114, 117, 106, 109, 112, 96, 110, 113, 111, 119, 122, 118, 110, 111, 107, 104]
    Layer 34: dist=[110, 109, 112, 113, 105, 111, 108, 102, 53, 93, 114, 86, 117, 115, 120, 81, 82, 89, 126, 55, 119, 51, 118, 119, 122, 122, 125, 122, 54, 62, 68, 109]
    Layer 35: dist=[105, 123, 71, 97, 82, 36, 112, 100, 85, 94, 112, 96, 63, 28, 49, 40, 98, 74, 84, 48, 90, 102, 55, 54, 66, 49, 68, 72, 73, 115, 122, 117]

  [Taylor Step 2/3] OLS sigma per head (scaling V, streaming)...
    Layer  0: sigma=[0.613, 0.100, 0.100, 0.100, 0.333, 0.379, 0.100, 0.100, 0.100, 0.148, 0.100, 0.100, 0.100, 0.100, 0.100, 0.260, 0.100, 0.100, 0.100, 0.100, 0.100, 0.100, 0.100, 0.100, 0.100, 0.100, 0.352, 0.100, 0.100, 0.100, 0.161, 0.100]
    Layer  1: sigma=[0.352, 0.100, 0.100, 0.100, 0.100, 0.100, 0.100, 0.100, 0.100, 0.162, 0.248, 0.100, 0.100, 0.100, 0.100, 0.100, 0.100, 0.100, 0.100, 0.100, 0.100, 0.100, 0.100, 0.118, 0.100, 0.100, 0.114, 0.100, 0.100, 0.100, 0.100, 0.100]
    Layer  2: sigma=[0.100, 0.100, 0.100, 0.100, 0.100, 0.100, 0.100, 0.100, 0.109, 0.100, 0.100, 0.100, 0.100, 0.148, 0.100, 0.100, 0.100, 0.222, 0.100, 0.100, 0.100, 0.100, 0.100, 0.100, 0.100, 0.172, 0.100, 0.100, 0.100, 0.100, 0.100, 0.100]
    Layer  3: sigma=[0.100, 0.325, 0.100, 0.159, 0.100, 0.100, 0.100, 0.100, 0.100, 0.100, 0.100, 0.100, 0.100, 0.100, 0.100, 0.100, 0.100, 0.100, 0.100, 0.100, 0.100, 0.107, 0.100, 0.100, 0.100, 0.100, 0.100, 0.100, 0.100, 0.100, 0.100, 0.100]
    Layer  4: sigma=[0.100, 0.100, 0.100, 0.100, 0.100, 0.100, 0.100, 0.100, 0.100, 0.100, 0.100, 0.100, 0.100, 0.100, 0.100, 0.100, 0.100, 0.100, 0.100, 0.100, 0.133, 0.138, 0.318, 0.100, 0.100, 0.100, 0.100, 0.100, 0.100, 0.100, 0.100, 0.100]
    Layer  5: sigma=[0.100, 0.100, 0.100, 0.100, 0.100, 0.100, 0.100, 0.100, 0.100, 0.143, 0.100, 0.108, 0.100, 0.100, 0.100, 0.120, 0.100, 0.180, 0.100, 0.100, 0.100, 0.100, 0.100, 0.100, 0.100, 0.100, 0.100, 0.100, 0.100, 0.100, 0.100, 0.100]
    Layer  6: sigma=[0.100, 0.100, 0.100, 0.100, 0.100, 0.100, 0.100, 0.100, 0.100, 0.100, 0.100, 0.100, 0.100, 0.100, 0.100, 0.100, 0.100, 0.100, 0.100, 0.100, 0.152, 0.100, 0.100, 0.100, 0.100, 0.100, 0.100, 0.100, 0.100, 0.100, 0.100, 0.100]
    Layer  7: sigma=[0.100, 0.160, 0.100, 0.100, 0.128, 0.100, 0.100, 0.100, 0.100, 0.100, 0.100, 0.101, 0.100, 0.100, 0.100, 0.100, 0.100, 0.100, 0.100, 0.100, 0.100, 0.100, 0.100, 0.100, 0.100, 0.100, 0.100, 0.100, 0.100, 0.100, 0.100, 0.100]
    Layer  8: sigma=[0.100, 0.100, 0.100, 0.100, 0.100, 0.100, 0.100, 0.100, 0.100, 0.100, 0.100, 0.100, 0.100, 0.100, 0.100, 0.100, 0.100, 0.100, 0.100, 0.100, 0.100, 0.100, 0.100, 0.100, 0.100, 0.100, 0.100, 0.181, 0.100, 0.100, 0.100, 0.100]
    Layer  9: sigma=[0.100, 0.100, 0.100, 0.100, 0.100, 0.100, 0.100, 0.100, 0.100, 0.100, 0.100, 0.100, 0.100, 0.100, 0.533, 0.131, 0.100, 0.100, 0.100, 0.100, 0.100, 0.100, 0.100, 0.100, 0.100, 0.100, 0.100, 0.100, 0.100, 0.100, 0.100, 0.100]
    Layer 11: sigma=[0.100, 0.100, 0.100, 0.100, 0.146, 0.100, 0.100, 0.100, 0.100, 0.105, 0.100, 0.100, 0.100, 0.100, 0.286, 0.100, 0.100, 0.100, 0.100, 0.100, 0.100, 0.100, 0.100, 0.100, 0.100, 0.100, 0.169, 0.100, 0.100, 0.100, 0.100, 0.100]
    Layer 12: sigma=[0.100, 0.100, 0.100, 0.100, 0.100, 0.100, 0.100, 0.100, 0.100, 0.101, 0.100, 0.109, 0.100, 0.100, 0.100, 0.100, 0.100, 0.305, 0.217, 0.100, 0.100, 0.100, 0.100, 0.100, 0.100, 0.100, 0.100, 0.209, 0.100, 0.100, 0.121, 0.100]
    Layer 13: sigma=[0.228, 0.100, 0.100, 0.336, 0.100, 0.100, 0.100, 0.100, 0.100, 0.100, 0.100, 0.100, 0.100, 0.100, 0.100, 0.100, 0.100, 0.100, 0.100, 0.105, 0.100, 0.100, 0.100, 0.100, 0.100, 0.100, 0.100, 0.100, 0.100, 0.100, 0.100, 0.100]
    Layer 14: sigma=[0.100, 0.100, 0.100, 0.100, 0.100, 0.386, 0.100, 0.100, 0.100, 0.100, 0.100, 0.100, 0.100, 0.100, 0.100, 0.100, 0.100, 0.100, 0.100, 0.100, 0.100, 0.100, 0.100, 0.100, 0.122, 0.116, 0.100, 0.100, 0.100, 0.100, 0.100, 0.100]
    Layer 15: sigma=[0.100, 0.180, 0.100, 0.100, 0.100, 0.107, 0.100, 0.100, 0.100, 0.100, 0.100, 0.100, 0.197, 0.100, 0.100, 0.100, 0.100, 0.100, 0.100, 0.100, 0.100, 0.100, 0.100, 0.100, 0.142, 0.100, 0.100, 0.100, 0.100, 0.100, 0.100, 0.100]
    Layer 16: sigma=[0.100, 0.100, 0.100, 0.100, 0.100, 0.100, 0.100, 0.100, 0.100, 0.100, 0.100, 0.100, 0.100, 0.100, 0.100, 0.100, 0.100, 0.100, 0.100, 0.100, 0.100, 0.100, 0.100, 0.100, 0.100, 0.100, 0.100, 0.448, 0.100, 0.100, 0.100, 0.100]
    Layer 17: sigma=[0.100, 0.100, 0.100, 0.100, 0.100, 0.147, 0.100, 0.100, 0.100, 0.100, 0.100, 0.100, 0.100, 0.100, 0.100, 0.100, 0.162, 0.100, 0.100, 0.330, 0.100, 0.100, 0.100, 0.100, 0.151, 0.100, 0.424, 0.100, 0.100, 0.100, 0.100, 0.100]
    Layer 18: sigma=[0.100, 0.469, 0.100, 0.100, 0.100, 0.100, 0.100, 0.189, 0.100, 0.100, 0.100, 0.100, 0.100, 0.100, 0.100, 0.100, 0.151, 0.100, 0.100, 0.100, 0.100, 0.100, 0.100, 0.100, 0.100, 0.100, 0.100, 0.100, 0.100, 0.100, 0.100, 0.100]
    Layer 19: sigma=[0.100, 0.100, 0.100, 0.100, 0.100, 0.100, 0.100, 0.100, 0.100, 0.100, 0.100, 0.100, 0.146, 0.100, 0.100, 0.210, 0.100, 0.100, 0.100, 0.287, 0.100, 0.100, 0.100, 0.110, 0.100, 0.100, 0.100, 0.100, 0.100, 0.100, 0.100, 0.100]
    Layer 20: sigma=[0.100, 0.100, 0.100, 0.100, 0.100, 0.181, 0.100, 0.100, 0.147, 0.100, 0.100, 0.100, 0.100, 0.100, 0.100, 0.108, 0.100, 0.116, 0.100, 0.100, 0.100, 0.100, 0.100, 0.100, 0.100, 0.100, 0.100, 0.100, 0.100, 0.100, 0.100, 0.100]
    Layer 21: sigma=[0.100, 0.139, 0.100, 0.100, 0.100, 0.100, 0.100, 0.100, 0.100, 0.120, 0.100, 0.296, 0.100, 0.100, 0.100, 0.100, 0.100, 0.100, 0.100, 0.100, 0.100, 0.100, 0.100, 0.100, 0.209, 0.100, 0.100, 0.100, 0.100, 0.100, 0.264, 0.100]
    Layer 22: sigma=[0.191, 0.100, 0.100, 0.100, 0.152, 0.127, 0.100, 0.234, 0.100, 0.100, 0.100, 0.100, 0.100, 0.100, 0.100, 0.100, 0.100, 0.100, 0.100, 0.100, 0.100, 0.100, 0.100, 0.100, 0.100, 0.100, 0.100, 0.100, 0.100, 0.100, 0.100, 0.100]
    Layer 23: sigma=[0.171, 0.279, 0.176, 0.100, 0.100, 0.100, 0.109, 0.100, 0.100, 0.231, 0.100, 0.100, 0.100, 0.100, 0.100, 0.100, 0.100, 0.100, 0.100, 0.100, 0.100, 0.100, 0.100, 0.100, 0.100, 0.100, 0.100, 0.100, 0.100, 0.100, 0.179, 0.253]
    Layer 24: sigma=[0.100, 0.100, 0.100, 0.100, 0.100, 0.100, 0.100, 0.100, 0.100, 0.100, 0.100, 0.100, 0.100, 0.100, 0.100, 0.132, 0.100, 0.100, 0.100, 0.100, 0.100, 0.100, 0.100, 0.100, 0.219, 0.449, 0.100, 0.391, 0.100, 0.100, 0.100, 0.100]
    Layer 25: sigma=[0.100, 0.100, 0.100, 0.100, 0.100, 0.100, 0.100, 0.100, 0.100, 0.100, 0.100, 0.100, 0.100, 0.100, 0.101, 0.100, 0.100, 0.100, 0.100, 0.100, 0.100, 0.100, 0.100, 0.100, 0.100, 0.100, 0.100, 0.100, 0.100, 0.100, 0.100, 0.100]
    Layer 26: sigma=[0.109, 0.100, 0.100, 0.100, 0.100, 0.100, 0.100, 0.100, 0.100, 0.100, 0.100, 0.100, 0.100, 0.100, 0.100, 0.100, 0.100, 0.100, 0.100, 0.100, 0.100, 0.100, 0.100, 0.100, 0.100, 0.100, 0.100, 0.100, 0.100, 0.100, 0.100, 0.100]
    Layer 27: sigma=[0.100, 0.100, 0.100, 0.100, 0.100, 0.100, 0.100, 0.100, 0.100, 0.100, 0.100, 0.100, 0.100, 0.100, 0.100, 0.100, 0.100, 0.100, 0.100, 0.100, 0.100, 0.100, 0.100, 0.100, 0.100, 0.100, 0.100, 0.100, 0.100, 0.100, 0.100, 0.100]
    Layer 28: sigma=[0.100, 0.100, 0.100, 0.100, 0.100, 0.100, 0.100, 0.100, 0.100, 0.100, 0.100, 0.100, 0.100, 0.100, 0.100, 0.100, 0.100, 0.100, 0.100, 0.100, 0.100, 0.100, 0.100, 0.100, 0.100, 0.100, 0.100, 0.100, 0.100, 0.100, 0.100, 0.100]
    Layer 29: sigma=[0.100, 0.100, 0.100, 0.100, 0.100, 0.100, 0.100, 0.100, 0.100, 0.100, 0.100, 0.100, 0.100, 0.100, 0.100, 0.100, 0.100, 0.100, 0.100, 0.100, 0.100, 0.100, 0.100, 0.100, 0.100, 0.100, 0.100, 0.100, 0.100, 0.100, 0.100, 0.100]
    Layer 30: sigma=[0.100, 0.100, 0.100, 0.100, 0.100, 0.100, 0.100, 0.100, 0.100, 0.100, 0.100, 0.100, 0.100, 0.100, 0.100, 0.100, 0.100, 0.100, 0.100, 0.100, 0.100, 0.100, 0.100, 0.100, 0.100, 0.100, 0.100, 0.100, 0.100, 0.100, 0.100, 0.100]
    Layer 31: sigma=[0.100, 0.100, 0.100, 0.100, 0.100, 0.100, 0.100, 0.100, 0.100, 0.100, 0.100, 0.100, 0.100, 0.100, 0.100, 0.100, 0.100, 0.100, 0.100, 0.120, 0.100, 0.100, 0.100, 0.100, 0.100, 0.100, 0.100, 0.100, 0.100, 0.100, 0.100, 0.100]
    Layer 32: sigma=[0.100, 0.100, 0.100, 0.100, 0.100, 0.100, 0.100, 0.100, 0.100, 0.100, 0.100, 0.100, 0.100, 0.100, 0.100, 0.100, 0.100, 0.100, 0.100, 0.100, 0.100, 0.100, 0.100, 0.100, 0.100, 0.100, 0.100, 0.100, 0.100, 0.100, 0.100, 0.100]
    Layer 33: sigma=[0.100, 0.100, 0.100, 0.100, 0.100, 0.100, 0.100, 0.100, 0.100, 0.100, 0.100, 0.100, 0.100, 0.100, 0.100, 0.100, 0.100, 0.100, 0.100, 0.100, 0.100, 0.100, 0.100, 0.100, 0.100, 0.100, 0.100, 0.100, 0.100, 0.100, 0.100, 0.100]
    Layer 34: sigma=[0.100, 0.100, 0.100, 0.100, 0.100, 0.100, 0.100, 0.100, 0.100, 0.100, 0.100, 0.111, 0.100, 0.100, 0.100, 0.100, 0.100, 0.100, 0.100, 0.103, 0.100, 0.100, 0.100, 0.100, 0.100, 0.100, 0.100, 0.100, 0.100, 0.100, 0.100, 0.100]
    Layer 35: sigma=[0.100, 0.100, 0.100, 0.100, 0.100, 0.100, 0.100, 0.100, 0.100, 0.106, 0.100, 0.100, 0.100, 0.100, 0.100, 0.100, 0.100, 0.100, 0.100, 0.100, 0.100, 0.100, 0.138, 0.100, 0.100, 0.100, 0.100, 0.100, 0.100, 0.100, 0.100, 0.100]

  [Taylor Step 3/3] g_proj = v_proj * alpha (damping=0.01)...
    Layer  0: alpha=0.060486  teacher_rms=0.0163  v_rms=0.0027
    Layer  1: alpha=0.060802  teacher_rms=0.0205  v_rms=0.0034
    Layer  2: alpha=0.056898  teacher_rms=0.0214  v_rms=0.0038
    Layer  3: alpha=0.048629  teacher_rms=0.0259  v_rms=0.0053
    Layer  4: alpha=0.047367  teacher_rms=0.0304  v_rms=0.0064
    Layer  5: alpha=0.061765  teacher_rms=0.0409  v_rms=0.0066
    Layer  6: alpha=0.078485  teacher_rms=0.0621  v_rms=0.0079
    Layer  7: alpha=0.045619  teacher_rms=0.0530  v_rms=0.0116
    Layer  8: alpha=0.047312  teacher_rms=0.0708  v_rms=0.0150
    Layer  9: alpha=0.036341  teacher_rms=0.0713  v_rms=0.0196
    Layer 11: alpha=0.061098  teacher_rms=0.1046  v_rms=0.0171
    Layer 12: alpha=0.059680  teacher_rms=0.1207  v_rms=0.0202
    Layer 13: alpha=0.052935  teacher_rms=0.1040  v_rms=0.0196
    Layer 14: alpha=0.064927  teacher_rms=0.1547  v_rms=0.0238
    Layer 15: alpha=0.058092  teacher_rms=0.1576  v_rms=0.0271
    Layer 16: alpha=0.041243  teacher_rms=0.1473  v_rms=0.0357
    Layer 17: alpha=0.044234  teacher_rms=0.1753  v_rms=0.0396
    Layer 18: alpha=0.044978  teacher_rms=0.1990  v_rms=0.0442
    Layer 19: alpha=0.054309  teacher_rms=0.2060  v_rms=0.0379
    Layer 20: alpha=0.057687  teacher_rms=0.1966  v_rms=0.0341
    Layer 21: alpha=0.050079  teacher_rms=0.2373  v_rms=0.0474
    Layer 22: alpha=0.055316  teacher_rms=0.2834  v_rms=0.0512
    Layer 23: alpha=0.050678  teacher_rms=0.3098  v_rms=0.0611
    Layer 24: alpha=0.031975  teacher_rms=0.2897  v_rms=0.0906
    Layer 25: alpha=0.040048  teacher_rms=0.2376  v_rms=0.0593
    Layer 26: alpha=0.029170  teacher_rms=0.2124  v_rms=0.0728
    Layer 27: alpha=0.037093  teacher_rms=0.3083  v_rms=0.0831
    Layer 28: alpha=0.042758  teacher_rms=0.3705  v_rms=0.0867
    Layer 29: alpha=0.017344  teacher_rms=0.2548  v_rms=0.1469
    Layer 30: alpha=0.029045  teacher_rms=0.4297  v_rms=0.1480
    Layer 31: alpha=0.021145  teacher_rms=0.3785  v_rms=0.1790
    Layer 32: alpha=0.023899  teacher_rms=0.5288  v_rms=0.2213
    Layer 33: alpha=0.018560  teacher_rms=0.6404  v_rms=0.3451
    Layer 34: alpha=0.033124  teacher_rms=1.0325  v_rms=0.3117
    Layer 35: alpha=0.059379  teacher_rms=1.0168  v_rms=0.1712

  Set g_proj = v_proj * alpha in 35 GDN layers (damping=0.01).
  Init (taylor_init) done in 338.3s
  Layer 10: PPL = 10996033.00  (eval 13.2s)

============================================================
  Probing layer 11 | strategy=taylor_init
============================================================
Loading checkpoint shards:   0%|          | 0/4 [00:00<?, ?it/s]Loading checkpoint shards: 100%|██████████| 4/4 [00:00<00:00, 151.98it/s]
Could not cache non-existence of file. Will ignore error and continue. Error: [Errno 13] Permission denied: '/data/shared/huggingface/hub/models--Qwen--Qwen3-8B/.no_exist/b968826d9c46dd6066d109eabc6255188de91218/model.safetensors'
Loading checkpoint shards:   0%|          | 0/5 [00:00<?, ?it/s]Loading checkpoint shards: 100%|██████████| 5/5 [00:00<00:00, 50.47it/s]
Token indices sequence length is longer than the specified maximum sequence length for this model (2429029 > 131072). Running this sequence through the model will result in indexing errors
  [Taylor Step 1/3] Gate calibration from attention stats...
    Layer  0: dist=[32, 3, 12, 35, 12, 26, 9, 11, 19, 6, 8, 9, 18, 34, 31, 10, 16, 19, 16, 14, 13, 23, 4, 12, 5, 52, 10, 43, 15, 36, 15, 14]
    Layer  1: dist=[19, 38, 25, 44, 3, 15, 31, 11, 45, 36, 65, 60, 34, 47, 51, 38, 32, 54, 57, 33, 56, 24, 40, 40, 37, 9, 44, 41, 83, 31, 37, 49]
    Layer  2: dist=[65, 65, 67, 62, 26, 45, 33, 43, 39, 47, 56, 56, 53, 46, 46, 60, 61, 49, 54, 43, 49, 67, 48, 50, 25, 24, 21, 35, 73, 73, 77, 74]
    Layer  3: dist=[65, 26, 13, 22, 87, 93, 83, 73, 56, 53, 62, 58, 90, 73, 75, 74, 59, 62, 51, 67, 74, 60, 64, 65, 64, 56, 52, 59, 70, 63, 72, 65]
    Layer  4: dist=[62, 63, 73, 67, 73, 56, 61, 89, 68, 69, 63, 60, 55, 55, 71, 61, 62, 65, 67, 70, 64, 61, 47, 64, 41, 51, 48, 34, 51, 66, 55, 55]
    Layer  5: dist=[36, 48, 55, 35, 61, 68, 52, 51, 5, 18, 73, 61, 54, 78, 59, 52, 41, 32, 50, 48, 51, 55, 48, 59, 73, 73, 80, 80, 43, 44, 46, 58]
    Layer  6: dist=[27, 40, 30, 31, 52, 46, 67, 61, 46, 25, 43, 38, 56, 64, 56, 30, 47, 34, 45, 40, 20, 30, 32, 14, 35, 50, 32, 49, 47, 43, 37, 53]
    Layer  7: dist=[55, 60, 64, 87, 126, 114, 127, 121, 88, 119, 99, 72, 108, 23, 53, 97, 80, 101, 85, 81, 106, 86, 112, 116, 64, 78, 47, 86, 97, 101, 101, 106]
    Layer  8: dist=[83, 87, 90, 58, 81, 77, 69, 78, 86, 99, 87, 90, 94, 86, 96, 70, 116, 107, 103, 96, 92, 106, 100, 111, 92, 72, 95, 67, 84, 72, 79, 74]
    Layer  9: dist=[76, 60, 61, 67, 83, 97, 96, 74, 123, 120, 118, 112, 27, 87, 63, 85, 93, 100, 114, 125, 87, 77, 60, 70, 119, 81, 91, 97, 125, 113, 127, 123]
    Layer 10: dist=[76, 71, 58, 74, 85, 102, 64, 74, 63, 88, 106, 49, 88, 67, 82, 86, 87, 102, 100, 107, 88, 60, 107, 90, 93, 107, 84, 77, 76, 65, 82, 90]
    Layer 12: dist=[21, 72, 79, 61, 87, 83, 66, 70, 63, 62, 74, 77, 86, 81, 82, 87, 39, 68, 59, 94, 102, 112, 97, 103, 93, 2, 107, 38, 81, 88, 113, 91]
    Layer 13: dist=[52, 68, 66, 62, 52, 51, 65, 40, 86, 63, 99, 122, 128, 115, 109, 124, 85, 72, 57, 61, 93, 55, 83, 90, 84, 59, 72, 76, 113, 111, 96, 99]
    Layer 14: dist=[44, 64, 65, 46, 62, 45, 64, 65, 54, 57, 70, 68, 69, 76, 65, 67, 77, 86, 51, 64, 65, 31, 51, 81, 52, 67, 73, 64, 85, 88, 8, 89]
    Layer 15: dist=[80, 44, 79, 38, 37, 38, 79, 67, 90, 60, 46, 104, 68, 107, 79, 89, 61, 57, 64, 68, 58, 60, 50, 51, 49, 34, 86, 62, 72, 84, 71, 49]
    Layer 16: dist=[61, 57, 74, 85, 55, 58, 48, 55, 54, 82, 73, 84, 90, 69, 86, 86, 68, 71, 60, 62, 115, 118, 110, 103, 71, 54, 64, 10, 58, 59, 65, 56]
    Layer 17: dist=[111, 95, 79, 67, 53, 57, 39, 47, 90, 108, 79, 100, 40, 57, 71, 74, 44, 61, 61, 42, 75, 98, 93, 97, 58, 55, 57, 52, 53, 79, 93, 67]
    Layer 18: dist=[34, 45, 35, 33, 56, 78, 74, 57, 64, 67, 66, 79, 61, 60, 57, 62, 46, 74, 72, 52, 68, 47, 65, 96, 58, 62, 61, 63, 52, 53, 79, 56]
    Layer 19: dist=[73, 64, 63, 62, 76, 103, 54, 71, 81, 85, 84, 93, 63, 57, 75, 63, 84, 85, 49, 49, 21, 50, 33, 49, 102, 106, 102, 116, 77, 77, 73, 72]
    Layer 20: dist=[89, 79, 80, 77, 78, 51, 49, 57, 40, 36, 43, 39, 92, 79, 87, 96, 45, 51, 56, 39, 73, 111, 101, 98, 125, 97, 105, 85, 93, 79, 108, 108]
    Layer 21: dist=[44, 50, 56, 68, 115, 65, 96, 118, 118, 61, 71, 69, 46, 41, 44, 42, 75, 75, 83, 65, 89, 99, 95, 96, 64, 62, 60, 80, 73, 79, 60, 88]
    Layer 22: dist=[73, 60, 67, 63, 52, 72, 45, 56, 37, 49, 45, 59, 18, 86, 61, 64, 33, 79, 76, 41, 102, 115, 120, 121, 101, 84, 91, 95, 114, 92, 103, 95]
    Layer 23: dist=[39, 30, 48, 39, 110, 111, 41, 102, 79, 36, 45, 63, 75, 72, 79, 77, 82, 75, 74, 94, 72, 93, 82, 76, 78, 72, 68, 100, 91, 90, 83, 78]
    Layer 24: dist=[79, 124, 109, 101, 99, 109, 111, 97, 102, 105, 104, 84, 78, 75, 89, 74, 81, 86, 98, 88, 120, 103, 102, 117, 65, 73, 79, 51, 95, 111, 98, 88]
    Layer 25: dist=[105, 121, 118, 94, 71, 72, 107, 80, 96, 97, 85, 90, 65, 89, 50, 68, 93, 99, 97, 89, 102, 111, 105, 108, 110, 110, 99, 108, 88, 125, 98, 88]
    Layer 26: dist=[80, 88, 106, 68, 115, 113, 113, 110, 102, 107, 105, 98, 100, 124, 116, 116, 86, 93, 99, 95, 102, 113, 122, 114, 99, 97, 102, 93, 115, 96, 114, 95]
    Layer 27: dist=[87, 108, 103, 117, 98, 105, 101, 86, 77, 100, 107, 99, 78, 109, 80, 86, 96, 99, 99, 104, 91, 112, 113, 92, 110, 113, 116, 117, 107, 77, 92, 117]
    Layer 28: dist=[103, 92, 102, 102, 82, 63, 80, 76, 96, 107, 92, 89, 112, 105, 96, 101, 112, 104, 104, 108, 119, 71, 60, 89, 91, 88, 99, 99, 92, 92, 71, 95]
    Layer 29: dist=[113, 114, 114, 113, 90, 112, 94, 114, 119, 113, 122, 105, 120, 120, 119, 120, 116, 106, 115, 121, 123, 123, 107, 125, 100, 114, 97, 92, 106, 95, 106, 109]
    Layer 30: dist=[75, 102, 99, 100, 102, 100, 90, 67, 117, 117, 115, 120, 105, 104, 113, 101, 97, 78, 120, 122, 51, 120, 100, 110, 119, 119, 119, 118, 106, 110, 107, 102]
    Layer 31: dist=[119, 117, 99, 98, 112, 113, 114, 116, 114, 77, 87, 91, 117, 116, 117, 115, 101, 101, 106, 94, 119, 116, 108, 119, 112, 109, 89, 120, 112, 106, 102, 110]
    Layer 32: dist=[110, 114, 114, 111, 116, 119, 116, 117, 110, 111, 117, 115, 93, 113, 108, 91, 118, 106, 109, 111, 123, 92, 114, 120, 71, 95, 80, 105, 116, 107, 99, 103]
    Layer 33: dist=[102, 120, 112, 119, 91, 102, 57, 94, 116, 116, 113, 113, 114, 115, 113, 116, 114, 117, 106, 109, 112, 96, 110, 113, 111, 119, 122, 118, 110, 111, 107, 104]
    Layer 34: dist=[110, 109, 112, 113, 105, 111, 108, 102, 53, 93, 114, 86, 117, 115, 120, 81, 82, 89, 126, 55, 119, 51, 118, 119, 122, 122, 125, 122, 54, 62, 68, 109]
    Layer 35: dist=[105, 123, 71, 97, 82, 36, 112, 100, 85, 94, 112, 96, 63, 28, 49, 40, 98, 74, 84, 48, 90, 102, 55, 54, 66, 49, 68, 72, 73, 115, 122, 117]

  [Taylor Step 2/3] OLS sigma per head (scaling V, streaming)...
    Layer  0: sigma=[0.616, 0.100, 0.100, 0.100, 0.332, 0.379, 0.100, 0.100, 0.100, 0.148, 0.100, 0.100, 0.100, 0.100, 0.100, 0.259, 0.100, 0.100, 0.100, 0.100, 0.100, 0.100, 0.100, 0.100, 0.100, 0.100, 0.351, 0.100, 0.100, 0.100, 0.161, 0.100]
    Layer  1: sigma=[0.350, 0.100, 0.100, 0.100, 0.100, 0.100, 0.100, 0.100, 0.100, 0.163, 0.247, 0.100, 0.100, 0.100, 0.100, 0.100, 0.100, 0.100, 0.100, 0.100, 0.100, 0.100, 0.100, 0.118, 0.100, 0.100, 0.114, 0.100, 0.100, 0.100, 0.100, 0.100]
    Layer  2: sigma=[0.100, 0.100, 0.100, 0.100, 0.100, 0.100, 0.100, 0.100, 0.109, 0.100, 0.100, 0.100, 0.100, 0.148, 0.100, 0.100, 0.100, 0.222, 0.100, 0.100, 0.100, 0.100, 0.100, 0.100, 0.100, 0.170, 0.100, 0.100, 0.100, 0.100, 0.100, 0.100]
    Layer  3: sigma=[0.100, 0.326, 0.100, 0.154, 0.100, 0.100, 0.100, 0.100, 0.100, 0.100, 0.100, 0.100, 0.100, 0.100, 0.100, 0.100, 0.100, 0.100, 0.100, 0.100, 0.100, 0.108, 0.100, 0.100, 0.100, 0.100, 0.100, 0.100, 0.100, 0.100, 0.100, 0.100]
    Layer  4: sigma=[0.100, 0.100, 0.100, 0.100, 0.100, 0.100, 0.100, 0.100, 0.100, 0.100, 0.100, 0.100, 0.100, 0.100, 0.100, 0.100, 0.100, 0.100, 0.100, 0.100, 0.133, 0.137, 0.323, 0.100, 0.100, 0.100, 0.100, 0.100, 0.100, 0.100, 0.100, 0.100]
    Layer  5: sigma=[0.100, 0.100, 0.100, 0.100, 0.100, 0.100, 0.100, 0.100, 0.100, 0.136, 0.100, 0.109, 0.100, 0.100, 0.100, 0.121, 0.100, 0.176, 0.100, 0.100, 0.100, 0.100, 0.100, 0.100, 0.100, 0.100, 0.100, 0.100, 0.100, 0.100, 0.100, 0.100]
    Layer  6: sigma=[0.100, 0.100, 0.100, 0.100, 0.100, 0.100, 0.100, 0.100, 0.100, 0.100, 0.100, 0.100, 0.100, 0.100, 0.100, 0.100, 0.100, 0.100, 0.100, 0.100, 0.153, 0.100, 0.100, 0.100, 0.100, 0.100, 0.100, 0.100, 0.100, 0.100, 0.100, 0.100]
    Layer  7: sigma=[0.100, 0.150, 0.100, 0.100, 0.120, 0.100, 0.100, 0.100, 0.100, 0.100, 0.100, 0.100, 0.100, 0.100, 0.100, 0.100, 0.100, 0.100, 0.100, 0.100, 0.100, 0.100, 0.100, 0.100, 0.100, 0.100, 0.100, 0.100, 0.100, 0.100, 0.100, 0.100]
    Layer  8: sigma=[0.100, 0.100, 0.100, 0.100, 0.100, 0.100, 0.100, 0.100, 0.100, 0.100, 0.100, 0.100, 0.100, 0.100, 0.100, 0.100, 0.100, 0.100, 0.100, 0.100, 0.100, 0.100, 0.100, 0.100, 0.100, 0.100, 0.100, 0.180, 0.100, 0.100, 0.100, 0.100]
    Layer  9: sigma=[0.100, 0.100, 0.100, 0.100, 0.100, 0.100, 0.100, 0.100, 0.100, 0.100, 0.100, 0.100, 0.100, 0.100, 0.543, 0.133, 0.100, 0.100, 0.100, 0.100, 0.100, 0.100, 0.100, 0.100, 0.100, 0.100, 0.100, 0.100, 0.100, 0.100, 0.100, 0.100]
    Layer 10: sigma=[0.100, 0.100, 0.100, 0.100, 0.100, 0.100, 0.100, 0.100, 0.100, 0.100, 0.100, 0.100, 0.100, 0.100, 0.100, 0.100, 0.100, 0.100, 0.100, 0.100, 0.100, 0.100, 0.100, 0.100, 0.100, 0.100, 0.100, 0.100, 0.100, 0.100, 0.100, 0.100]
    Layer 12: sigma=[0.100, 0.100, 0.100, 0.100, 0.100, 0.100, 0.100, 0.100, 0.100, 0.103, 0.100, 0.108, 0.100, 0.100, 0.100, 0.100, 0.100, 0.313, 0.182, 0.100, 0.100, 0.100, 0.100, 0.100, 0.100, 0.100, 0.100, 0.210, 0.100, 0.100, 0.118, 0.100]
    Layer 13: sigma=[0.223, 0.100, 0.100, 0.318, 0.100, 0.100, 0.100, 0.100, 0.100, 0.100, 0.100, 0.100, 0.100, 0.100, 0.100, 0.100, 0.100, 0.100, 0.100, 0.106, 0.100, 0.100, 0.100, 0.100, 0.100, 0.100, 0.100, 0.100, 0.100, 0.100, 0.100, 0.100]
    Layer 14: sigma=[0.100, 0.100, 0.100, 0.100, 0.100, 0.434, 0.100, 0.100, 0.100, 0.100, 0.100, 0.100, 0.100, 0.100, 0.100, 0.100, 0.100, 0.100, 0.100, 0.100, 0.100, 0.100, 0.100, 0.100, 0.119, 0.113, 0.100, 0.100, 0.100, 0.100, 0.100, 0.100]
    Layer 15: sigma=[0.100, 0.176, 0.100, 0.100, 0.100, 0.112, 0.100, 0.100, 0.100, 0.100, 0.100, 0.100, 0.214, 0.100, 0.100, 0.100, 0.100, 0.100, 0.100, 0.100, 0.100, 0.100, 0.100, 0.100, 0.146, 0.100, 0.100, 0.100, 0.100, 0.100, 0.100, 0.100]
    Layer 16: sigma=[0.100, 0.100, 0.100, 0.100, 0.100, 0.100, 0.100, 0.100, 0.100, 0.100, 0.101, 0.100, 0.100, 0.100, 0.100, 0.100, 0.100, 0.100, 0.100, 0.100, 0.100, 0.100, 0.100, 0.100, 0.100, 0.100, 0.100, 0.502, 0.100, 0.100, 0.100, 0.100]
    Layer 17: sigma=[0.100, 0.100, 0.100, 0.100, 0.100, 0.134, 0.100, 0.100, 0.100, 0.100, 0.100, 0.100, 0.100, 0.100, 0.100, 0.100, 0.113, 0.100, 0.100, 0.370, 0.100, 0.100, 0.100, 0.105, 0.146, 0.100, 0.373, 0.100, 0.100, 0.100, 0.100, 0.100]
    Layer 18: sigma=[0.100, 0.480, 0.100, 0.100, 0.100, 0.100, 0.100, 0.197, 0.100, 0.100, 0.100, 0.100, 0.100, 0.100, 0.100, 0.100, 0.164, 0.100, 0.100, 0.100, 0.100, 0.100, 0.100, 0.100, 0.100, 0.100, 0.100, 0.100, 0.100, 0.100, 0.100, 0.100]
    Layer 19: sigma=[0.100, 0.100, 0.100, 0.100, 0.100, 0.100, 0.100, 0.100, 0.100, 0.100, 0.100, 0.100, 0.177, 0.100, 0.100, 0.224, 0.100, 0.100, 0.100, 0.269, 0.100, 0.100, 0.100, 0.110, 0.100, 0.100, 0.100, 0.100, 0.100, 0.100, 0.100, 0.100]
    Layer 20: sigma=[0.100, 0.100, 0.100, 0.100, 0.100, 0.171, 0.100, 0.100, 0.165, 0.115, 0.100, 0.100, 0.100, 0.100, 0.100, 0.113, 0.100, 0.109, 0.100, 0.100, 0.100, 0.100, 0.100, 0.100, 0.100, 0.100, 0.100, 0.100, 0.100, 0.100, 0.100, 0.100]
    Layer 21: sigma=[0.100, 0.152, 0.100, 0.100, 0.100, 0.100, 0.100, 0.100, 0.100, 0.148, 0.100, 0.293, 0.100, 0.100, 0.131, 0.100, 0.100, 0.100, 0.100, 0.100, 0.100, 0.114, 0.100, 0.100, 0.114, 0.100, 0.100, 0.100, 0.100, 0.100, 0.270, 0.100]
    Layer 22: sigma=[0.132, 0.100, 0.100, 0.100, 0.161, 0.139, 0.100, 0.192, 0.100, 0.100, 0.100, 0.100, 0.100, 0.100, 0.100, 0.108, 0.100, 0.100, 0.100, 0.100, 0.100, 0.100, 0.100, 0.100, 0.100, 0.100, 0.100, 0.100, 0.100, 0.100, 0.100, 0.100]
    Layer 23: sigma=[0.169, 0.250, 0.165, 0.100, 0.100, 0.100, 0.150, 0.100, 0.100, 0.238, 0.100, 0.100, 0.100, 0.100, 0.100, 0.100, 0.100, 0.100, 0.100, 0.100, 0.100, 0.100, 0.100, 0.100, 0.100, 0.100, 0.100, 0.100, 0.100, 0.100, 0.163, 0.239]
    Layer 24: sigma=[0.100, 0.100, 0.100, 0.100, 0.100, 0.100, 0.100, 0.100, 0.100, 0.100, 0.100, 0.100, 0.100, 0.100, 0.100, 0.112, 0.100, 0.100, 0.100, 0.100, 0.100, 0.100, 0.100, 0.100, 0.224, 0.410, 0.100, 0.367, 0.100, 0.100, 0.100, 0.100]
    Layer 25: sigma=[0.100, 0.100, 0.100, 0.100, 0.100, 0.100, 0.100, 0.100, 0.100, 0.100, 0.100, 0.100, 0.100, 0.100, 0.108, 0.100, 0.100, 0.100, 0.100, 0.100, 0.100, 0.100, 0.100, 0.100, 0.100, 0.100, 0.100, 0.100, 0.100, 0.100, 0.100, 0.100]
    Layer 26: sigma=[0.113, 0.100, 0.100, 0.100, 0.100, 0.100, 0.100, 0.100, 0.100, 0.100, 0.100, 0.100, 0.100, 0.100, 0.100, 0.100, 0.100, 0.100, 0.100, 0.100, 0.100, 0.100, 0.100, 0.100, 0.100, 0.100, 0.100, 0.100, 0.100, 0.100, 0.100, 0.100]
    Layer 27: sigma=[0.100, 0.100, 0.100, 0.100, 0.100, 0.100, 0.100, 0.100, 0.100, 0.100, 0.100, 0.100, 0.100, 0.100, 0.100, 0.100, 0.100, 0.100, 0.100, 0.100, 0.100, 0.100, 0.100, 0.100, 0.100, 0.100, 0.100, 0.100, 0.100, 0.100, 0.100, 0.100]
    Layer 28: sigma=[0.100, 0.100, 0.100, 0.100, 0.100, 0.100, 0.100, 0.175, 0.100, 0.100, 0.100, 0.100, 0.100, 0.100, 0.100, 0.100, 0.100, 0.100, 0.100, 0.100, 0.100, 0.100, 0.100, 0.100, 0.100, 0.100, 0.100, 0.100, 0.100, 0.100, 0.100, 0.100]
    Layer 29: sigma=[0.100, 0.100, 0.100, 0.100, 0.100, 0.100, 0.100, 0.100, 0.100, 0.100, 0.100, 0.100, 0.100, 0.100, 0.100, 0.100, 0.100, 0.100, 0.100, 0.100, 0.100, 0.100, 0.100, 0.100, 0.100, 0.100, 0.100, 0.100, 0.100, 0.100, 0.100, 0.100]
    Layer 30: sigma=[0.100, 0.100, 0.100, 0.100, 0.100, 0.100, 0.100, 0.100, 0.100, 0.100, 0.100, 0.100, 0.100, 0.100, 0.100, 0.100, 0.100, 0.100, 0.100, 0.100, 0.100, 0.100, 0.100, 0.100, 0.100, 0.100, 0.100, 0.100, 0.100, 0.100, 0.100, 0.100]
    Layer 31: sigma=[0.100, 0.100, 0.100, 0.100, 0.100, 0.100, 0.100, 0.100, 0.100, 0.100, 0.100, 0.100, 0.100, 0.100, 0.100, 0.100, 0.100, 0.100, 0.100, 0.107, 0.100, 0.100, 0.100, 0.100, 0.100, 0.100, 0.100, 0.100, 0.100, 0.100, 0.100, 0.100]
    Layer 32: sigma=[0.100, 0.100, 0.100, 0.100, 0.100, 0.100, 0.100, 0.100, 0.100, 0.100, 0.100, 0.100, 0.100, 0.100, 0.100, 0.100, 0.100, 0.100, 0.100, 0.100, 0.100, 0.100, 0.100, 0.100, 0.100, 0.100, 0.100, 0.100, 0.100, 0.100, 0.100, 0.100]
    Layer 33: sigma=[0.100, 0.100, 0.100, 0.100, 0.100, 0.100, 0.100, 0.100, 0.100, 0.100, 0.100, 0.100, 0.100, 0.100, 0.100, 0.100, 0.100, 0.100, 0.100, 0.100, 0.100, 0.100, 0.100, 0.100, 0.100, 0.100, 0.100, 0.100, 0.100, 0.100, 0.100, 0.100]
    Layer 34: sigma=[0.100, 0.100, 0.100, 0.100, 0.100, 0.100, 0.100, 0.100, 0.100, 0.100, 0.100, 0.100, 0.100, 0.100, 0.100, 0.100, 0.141, 0.100, 0.100, 0.121, 0.100, 0.100, 0.100, 0.100, 0.100, 0.100, 0.100, 0.100, 0.100, 0.100, 0.100, 0.100]
    Layer 35: sigma=[0.100, 0.100, 0.100, 0.100, 0.100, 0.100, 0.100, 0.100, 0.100, 0.100, 0.100, 0.100, 0.100, 0.100, 0.100, 0.100, 0.100, 0.100, 0.100, 0.100, 0.100, 0.100, 0.102, 0.100, 0.100, 0.100, 0.100, 0.100, 0.100, 0.100, 0.100, 0.100]

  [Taylor Step 3/3] g_proj = v_proj * alpha (damping=0.01)...
    Layer  0: alpha=0.060361  teacher_rms=0.0163  v_rms=0.0027
    Layer  1: alpha=0.060915  teacher_rms=0.0205  v_rms=0.0034
    Layer  2: alpha=0.056938  teacher_rms=0.0214  v_rms=0.0038
    Layer  3: alpha=0.048687  teacher_rms=0.0259  v_rms=0.0053
    Layer  4: alpha=0.047245  teacher_rms=0.0304  v_rms=0.0064
    Layer  5: alpha=0.061961  teacher_rms=0.0409  v_rms=0.0066
    Layer  6: alpha=0.078430  teacher_rms=0.0621  v_rms=0.0079
    Layer  7: alpha=0.046001  teacher_rms=0.0530  v_rms=0.0115
    Layer  8: alpha=0.047359  teacher_rms=0.0708  v_rms=0.0149
    Layer  9: alpha=0.036026  teacher_rms=0.0713  v_rms=0.0198
    Layer 10: alpha=0.051225  teacher_rms=0.1092  v_rms=0.0213
    Layer 12: alpha=0.060167  teacher_rms=0.1207  v_rms=0.0201
    Layer 13: alpha=0.053645  teacher_rms=0.1040  v_rms=0.0194
    Layer 14: alpha=0.062704  teacher_rms=0.1547  v_rms=0.0247
    Layer 15: alpha=0.057830  teacher_rms=0.1576  v_rms=0.0273
    Layer 16: alpha=0.039656  teacher_rms=0.1473  v_rms=0.0372
    Layer 17: alpha=0.045688  teacher_rms=0.1753  v_rms=0.0384
    Layer 18: alpha=0.044307  teacher_rms=0.1990  v_rms=0.0449
    Layer 19: alpha=0.053624  teacher_rms=0.2060  v_rms=0.0384
    Layer 20: alpha=0.057536  teacher_rms=0.1966  v_rms=0.0342
    Layer 21: alpha=0.050383  teacher_rms=0.2373  v_rms=0.0471
    Layer 22: alpha=0.057165  teacher_rms=0.2834  v_rms=0.0496
    Layer 23: alpha=0.051454  teacher_rms=0.3098  v_rms=0.0602
    Layer 24: alpha=0.033202  teacher_rms=0.2897  v_rms=0.0872
    Layer 25: alpha=0.039982  teacher_rms=0.2376  v_rms=0.0594
    Layer 26: alpha=0.029125  teacher_rms=0.2124  v_rms=0.0729
    Layer 27: alpha=0.037093  teacher_rms=0.3083  v_rms=0.0831
    Layer 28: alpha=0.041714  teacher_rms=0.3705  v_rms=0.0888
    Layer 29: alpha=0.017344  teacher_rms=0.2548  v_rms=0.1469
    Layer 30: alpha=0.029045  teacher_rms=0.4297  v_rms=0.1480
    Layer 31: alpha=0.021192  teacher_rms=0.3785  v_rms=0.1786
    Layer 32: alpha=0.023899  teacher_rms=0.5288  v_rms=0.2213
    Layer 33: alpha=0.018560  teacher_rms=0.6404  v_rms=0.3451
    Layer 34: alpha=0.032841  teacher_rms=1.0325  v_rms=0.3144
    Layer 35: alpha=0.060076  teacher_rms=1.0168  v_rms=0.1693

  Set g_proj = v_proj * alpha in 35 GDN layers (damping=0.01).
  Init (taylor_init) done in 396.6s
  Layer 11: PPL = 10075142.00  (eval 17.0s)

============================================================
  Probing layer 12 | strategy=taylor_init
============================================================
Loading checkpoint shards:   0%|          | 0/4 [00:00<?, ?it/s]Loading checkpoint shards: 100%|██████████| 4/4 [00:00<00:00, 38.59it/s]Loading checkpoint shards: 100%|██████████| 4/4 [00:00<00:00, 38.52it/s]
Could not cache non-existence of file. Will ignore error and continue. Error: [Errno 13] Permission denied: '/data/shared/huggingface/hub/models--Qwen--Qwen3-8B/.no_exist/b968826d9c46dd6066d109eabc6255188de91218/model.safetensors'
Loading checkpoint shards:   0%|          | 0/5 [00:00<?, ?it/s]Loading checkpoint shards: 100%|██████████| 5/5 [00:00<00:00, 175.48it/s]
Token indices sequence length is longer than the specified maximum sequence length for this model (2429029 > 131072). Running this sequence through the model will result in indexing errors
  [Taylor Step 1/3] Gate calibration from attention stats...
    Layer  0: dist=[32, 3, 12, 35, 12, 26, 9, 11, 19, 6, 8, 9, 18, 34, 31, 10, 16, 19, 16, 14, 13, 23, 4, 12, 5, 52, 10, 43, 15, 36, 15, 14]
    Layer  1: dist=[19, 38, 25, 44, 3, 15, 31, 11, 45, 36, 65, 60, 34, 47, 51, 38, 32, 54, 57, 33, 56, 24, 40, 40, 37, 9, 44, 41, 83, 31, 37, 49]
    Layer  2: dist=[65, 65, 67, 62, 26, 45, 33, 43, 39, 47, 56, 56, 53, 46, 46, 60, 61, 49, 54, 43, 49, 67, 48, 50, 25, 24, 21, 35, 73, 73, 77, 74]
    Layer  3: dist=[65, 26, 13, 22, 87, 93, 83, 73, 56, 53, 62, 58, 90, 73, 75, 74, 59, 62, 51, 67, 74, 60, 64, 65, 64, 56, 52, 59, 70, 63, 72, 65]
    Layer  4: dist=[62, 63, 73, 67, 73, 56, 61, 89, 68, 69, 63, 60, 55, 55, 71, 61, 62, 65, 67, 70, 64, 61, 47, 64, 41, 51, 48, 34, 51, 66, 55, 55]
    Layer  5: dist=[36, 48, 55, 35, 61, 68, 52, 51, 5, 18, 73, 61, 54, 78, 59, 52, 41, 32, 50, 48, 51, 55, 48, 59, 73, 73, 80, 80, 43, 44, 46, 58]
    Layer  6: dist=[27, 40, 30, 31, 52, 46, 67, 61, 46, 25, 43, 38, 56, 64, 56, 30, 47, 34, 45, 40, 20, 30, 32, 14, 35, 50, 32, 49, 47, 43, 37, 53]
    Layer  7: dist=[55, 60, 64, 87, 126, 114, 127, 121, 88, 119, 99, 72, 108, 23, 53, 97, 80, 101, 85, 81, 106, 86, 112, 116, 64, 78, 47, 86, 97, 101, 101, 106]
    Layer  8: dist=[83, 87, 90, 58, 81, 77, 69, 78, 86, 99, 87, 90, 94, 86, 96, 70, 116, 107, 103, 96, 92, 106, 100, 111, 92, 72, 95, 67, 84, 72, 79, 74]
    Layer  9: dist=[76, 60, 61, 67, 83, 97, 96, 74, 123, 120, 118, 112, 27, 87, 63, 85, 93, 100, 114, 125, 87, 77, 60, 70, 119, 81, 91, 97, 125, 113, 127, 123]
    Layer 10: dist=[76, 71, 58, 74, 85, 102, 64, 74, 63, 88, 106, 49, 88, 67, 82, 86, 87, 102, 100, 107, 88, 60, 107, 90, 93, 107, 84, 77, 76, 65, 82, 90]
    Layer 11: dist=[78, 65, 79, 48, 53, 61, 78, 77, 102, 123, 109, 93, 82, 64, 65, 69, 69, 63, 61, 51, 77, 107, 89, 87, 67, 59, 56, 54, 95, 55, 55, 94]
    Layer 13: dist=[52, 68, 66, 62, 52, 51, 65, 40, 86, 63, 99, 122, 128, 115, 109, 124, 85, 72, 57, 61, 93, 55, 83, 90, 84, 59, 72, 76, 113, 111, 96, 99]
    Layer 14: dist=[44, 64, 65, 46, 62, 45, 64, 65, 54, 57, 70, 68, 69, 76, 65, 67, 77, 86, 51, 64, 65, 31, 51, 81, 52, 67, 73, 64, 85, 88, 8, 89]
    Layer 15: dist=[80, 44, 79, 38, 37, 38, 79, 67, 90, 60, 46, 104, 68, 107, 79, 89, 61, 57, 64, 68, 58, 60, 50, 51, 49, 34, 86, 62, 72, 84, 71, 49]
    Layer 16: dist=[61, 57, 74, 85, 55, 58, 48, 55, 54, 82, 73, 84, 90, 69, 86, 86, 68, 71, 60, 62, 115, 118, 110, 103, 71, 54, 64, 10, 58, 59, 65, 56]
    Layer 17: dist=[111, 95, 79, 67, 53, 57, 39, 47, 90, 108, 79, 100, 40, 57, 71, 74, 44, 61, 61, 42, 75, 98, 93, 97, 58, 55, 57, 52, 53, 79, 93, 67]
    Layer 18: dist=[34, 45, 35, 33, 56, 78, 74, 57, 64, 67, 66, 79, 61, 60, 57, 62, 46, 74, 72, 52, 68, 47, 65, 96, 58, 62, 61, 63, 52, 53, 79, 56]
    Layer 19: dist=[73, 64, 63, 62, 76, 103, 54, 71, 81, 85, 84, 93, 63, 57, 75, 63, 84, 85, 49, 49, 21, 50, 33, 49, 102, 106, 102, 116, 77, 77, 73, 72]
    Layer 20: dist=[89, 79, 80, 77, 78, 51, 49, 57, 40, 36, 43, 39, 92, 79, 87, 96, 45, 51, 56, 39, 73, 111, 101, 98, 125, 97, 105, 85, 93, 79, 108, 108]
    Layer 21: dist=[44, 50, 56, 68, 115, 65, 96, 118, 118, 61, 71, 69, 46, 41, 44, 42, 75, 75, 83, 65, 89, 99, 95, 96, 64, 62, 60, 80, 73, 79, 60, 88]
    Layer 22: dist=[73, 60, 67, 63, 52, 72, 45, 56, 37, 49, 45, 59, 18, 86, 61, 64, 33, 79, 76, 41, 102, 115, 120, 121, 101, 84, 91, 95, 114, 92, 103, 95]
    Layer 23: dist=[39, 30, 48, 39, 110, 111, 41, 102, 79, 36, 45, 63, 75, 72, 79, 77, 82, 75, 74, 94, 72, 93, 82, 76, 78, 72, 68, 100, 91, 90, 83, 78]
    Layer 24: dist=[79, 124, 109, 101, 99, 109, 111, 97, 102, 105, 104, 84, 78, 75, 89, 74, 81, 86, 98, 88, 120, 103, 102, 117, 65, 73, 79, 51, 95, 111, 98, 88]
    Layer 25: dist=[105, 121, 118, 94, 71, 72, 107, 80, 96, 97, 85, 90, 65, 89, 50, 68, 93, 99, 97, 89, 102, 111, 105, 108, 110, 110, 99, 108, 88, 125, 98, 88]
    Layer 26: dist=[80, 88, 106, 68, 115, 113, 113, 110, 102, 107, 105, 98, 100, 124, 116, 116, 86, 93, 99, 95, 102, 113, 122, 114, 99, 97, 102, 93, 115, 96, 114, 95]
    Layer 27: dist=[87, 108, 103, 117, 98, 105, 101, 86, 77, 100, 107, 99, 78, 109, 80, 86, 96, 99, 99, 104, 91, 112, 113, 92, 110, 113, 116, 117, 107, 77, 92, 117]
    Layer 28: dist=[103, 92, 102, 102, 82, 63, 80, 76, 96, 107, 92, 89, 112, 105, 96, 101, 112, 104, 104, 108, 119, 71, 60, 89, 91, 88, 99, 99, 92, 92, 71, 95]
    Layer 29: dist=[113, 114, 114, 113, 90, 112, 94, 114, 119, 113, 122, 105, 120, 120, 119, 120, 116, 106, 115, 121, 123, 123, 107, 125, 100, 114, 97, 92, 106, 95, 106, 109]
    Layer 30: dist=[75, 102, 99, 100, 102, 100, 90, 67, 117, 117, 115, 120, 105, 104, 113, 101, 97, 78, 120, 122, 51, 120, 100, 110, 119, 119, 119, 118, 106, 110, 107, 102]
    Layer 31: dist=[119, 117, 99, 98, 112, 113, 114, 116, 114, 77, 87, 91, 117, 116, 117, 115, 101, 101, 106, 94, 119, 116, 108, 119, 112, 109, 89, 120, 112, 106, 102, 110]
    Layer 32: dist=[110, 114, 114, 111, 116, 119, 116, 117, 110, 111, 117, 115, 93, 113, 108, 91, 118, 106, 109, 111, 123, 92, 114, 120, 71, 95, 80, 105, 116, 107, 99, 103]
    Layer 33: dist=[102, 120, 112, 119, 91, 102, 57, 94, 116, 116, 113, 113, 114, 115, 113, 116, 114, 117, 106, 109, 112, 96, 110, 113, 111, 119, 122, 118, 110, 111, 107, 104]
    Layer 34: dist=[110, 109, 112, 113, 105, 111, 108, 102, 53, 93, 114, 86, 117, 115, 120, 81, 82, 89, 126, 55, 119, 51, 118, 119, 122, 122, 125, 122, 54, 62, 68, 109]
    Layer 35: dist=[105, 123, 71, 97, 82, 36, 112, 100, 85, 94, 112, 96, 63, 28, 49, 40, 98, 74, 84, 48, 90, 102, 55, 54, 66, 49, 68, 72, 73, 115, 122, 117]

  [Taylor Step 2/3] OLS sigma per head (scaling V, streaming)...
    Layer  0: sigma=[0.615, 0.100, 0.100, 0.100, 0.333, 0.379, 0.100, 0.100, 0.100, 0.148, 0.100, 0.100, 0.100, 0.100, 0.100, 0.259, 0.100, 0.100, 0.100, 0.100, 0.100, 0.100, 0.100, 0.100, 0.100, 0.100, 0.352, 0.100, 0.100, 0.100, 0.161, 0.100]
    Layer  1: sigma=[0.351, 0.100, 0.100, 0.100, 0.100, 0.100, 0.100, 0.100, 0.100, 0.166, 0.248, 0.100, 0.100, 0.100, 0.100, 0.100, 0.100, 0.100, 0.100, 0.100, 0.100, 0.100, 0.100, 0.117, 0.100, 0.100, 0.115, 0.100, 0.100, 0.100, 0.100, 0.100]
    Layer  2: sigma=[0.100, 0.100, 0.100, 0.100, 0.100, 0.100, 0.100, 0.100, 0.108, 0.100, 0.100, 0.100, 0.100, 0.146, 0.100, 0.100, 0.100, 0.220, 0.100, 0.100, 0.100, 0.100, 0.100, 0.100, 0.100, 0.171, 0.100, 0.100, 0.100, 0.100, 0.100, 0.100]
    Layer  3: sigma=[0.100, 0.331, 0.100, 0.159, 0.100, 0.100, 0.100, 0.100, 0.100, 0.100, 0.100, 0.100, 0.100, 0.100, 0.100, 0.100, 0.100, 0.100, 0.100, 0.100, 0.100, 0.106, 0.100, 0.100, 0.100, 0.100, 0.100, 0.100, 0.100, 0.100, 0.100, 0.100]
    Layer  4: sigma=[0.100, 0.100, 0.100, 0.100, 0.100, 0.100, 0.100, 0.100, 0.100, 0.100, 0.100, 0.100, 0.100, 0.100, 0.100, 0.100, 0.100, 0.100, 0.100, 0.100, 0.131, 0.139, 0.313, 0.100, 0.100, 0.100, 0.100, 0.100, 0.100, 0.100, 0.100, 0.100]
    Layer  5: sigma=[0.100, 0.100, 0.100, 0.100, 0.100, 0.100, 0.100, 0.100, 0.100, 0.135, 0.100, 0.110, 0.100, 0.100, 0.100, 0.122, 0.100, 0.173, 0.100, 0.100, 0.100, 0.100, 0.100, 0.100, 0.100, 0.100, 0.100, 0.100, 0.100, 0.100, 0.100, 0.100]
    Layer  6: sigma=[0.100, 0.100, 0.100, 0.100, 0.100, 0.100, 0.100, 0.100, 0.100, 0.100, 0.100, 0.100, 0.100, 0.100, 0.100, 0.100, 0.100, 0.100, 0.100, 0.100, 0.159, 0.100, 0.100, 0.100, 0.100, 0.100, 0.100, 0.100, 0.100, 0.100, 0.100, 0.100]
    Layer  7: sigma=[0.100, 0.155, 0.100, 0.100, 0.126, 0.100, 0.100, 0.100, 0.100, 0.100, 0.100, 0.100, 0.100, 0.100, 0.100, 0.100, 0.100, 0.100, 0.100, 0.100, 0.100, 0.100, 0.100, 0.100, 0.100, 0.100, 0.100, 0.100, 0.100, 0.100, 0.100, 0.100]
    Layer  8: sigma=[0.100, 0.100, 0.100, 0.100, 0.100, 0.100, 0.100, 0.100, 0.100, 0.100, 0.100, 0.100, 0.100, 0.100, 0.100, 0.100, 0.100, 0.100, 0.100, 0.100, 0.100, 0.100, 0.100, 0.100, 0.100, 0.100, 0.100, 0.184, 0.100, 0.100, 0.100, 0.100]
    Layer  9: sigma=[0.100, 0.100, 0.100, 0.100, 0.100, 0.100, 0.100, 0.100, 0.100, 0.100, 0.100, 0.100, 0.100, 0.100, 0.552, 0.134, 0.100, 0.100, 0.100, 0.100, 0.100, 0.100, 0.100, 0.100, 0.100, 0.100, 0.100, 0.100, 0.100, 0.100, 0.100, 0.100]
    Layer 10: sigma=[0.100, 0.100, 0.100, 0.100, 0.100, 0.100, 0.100, 0.100, 0.100, 0.100, 0.100, 0.100, 0.100, 0.100, 0.100, 0.100, 0.100, 0.100, 0.100, 0.100, 0.100, 0.100, 0.100, 0.100, 0.100, 0.100, 0.100, 0.100, 0.100, 0.100, 0.100, 0.100]
    Layer 11: sigma=[0.100, 0.100, 0.100, 0.100, 0.133, 0.100, 0.100, 0.100, 0.100, 0.112, 0.100, 0.100, 0.100, 0.100, 0.250, 0.100, 0.100, 0.100, 0.100, 0.100, 0.100, 0.100, 0.100, 0.100, 0.100, 0.100, 0.165, 0.100, 0.100, 0.100, 0.100, 0.100]
    Layer 13: sigma=[0.225, 0.100, 0.100, 0.282, 0.100, 0.100, 0.100, 0.100, 0.100, 0.100, 0.100, 0.100, 0.100, 0.100, 0.100, 0.100, 0.100, 0.100, 0.100, 0.119, 0.100, 0.100, 0.100, 0.100, 0.100, 0.100, 0.100, 0.100, 0.100, 0.100, 0.100, 0.100]
    Layer 14: sigma=[0.100, 0.100, 0.100, 0.100, 0.100, 0.363, 0.100, 0.100, 0.100, 0.100, 0.100, 0.100, 0.100, 0.100, 0.100, 0.100, 0.100, 0.100, 0.100, 0.100, 0.100, 0.100, 0.100, 0.100, 0.124, 0.116, 0.100, 0.100, 0.100, 0.100, 0.100, 0.100]
    Layer 15: sigma=[0.100, 0.167, 0.100, 0.100, 0.100, 0.110, 0.100, 0.100, 0.100, 0.100, 0.100, 0.100, 0.214, 0.100, 0.100, 0.100, 0.100, 0.100, 0.100, 0.100, 0.100, 0.100, 0.100, 0.100, 0.141, 0.100, 0.100, 0.100, 0.100, 0.100, 0.100, 0.100]
    Layer 16: sigma=[0.100, 0.100, 0.100, 0.100, 0.100, 0.100, 0.100, 0.100, 0.100, 0.100, 0.100, 0.100, 0.100, 0.100, 0.100, 0.100, 0.100, 0.100, 0.100, 0.100, 0.100, 0.100, 0.100, 0.100, 0.100, 0.100, 0.100, 0.470, 0.100, 0.100, 0.100, 0.100]
    Layer 17: sigma=[0.100, 0.100, 0.100, 0.100, 0.100, 0.138, 0.100, 0.100, 0.100, 0.100, 0.100, 0.100, 0.100, 0.100, 0.100, 0.100, 0.121, 0.100, 0.100, 0.367, 0.100, 0.100, 0.100, 0.103, 0.140, 0.100, 0.379, 0.100, 0.100, 0.100, 0.100, 0.100]
    Layer 18: sigma=[0.100, 0.523, 0.100, 0.100, 0.100, 0.100, 0.100, 0.183, 0.100, 0.100, 0.100, 0.100, 0.100, 0.100, 0.100, 0.100, 0.111, 0.100, 0.100, 0.100, 0.100, 0.100, 0.100, 0.100, 0.100, 0.100, 0.100, 0.100, 0.100, 0.100, 0.100, 0.100]
    Layer 19: sigma=[0.100, 0.100, 0.100, 0.100, 0.100, 0.100, 0.100, 0.100, 0.100, 0.100, 0.100, 0.100, 0.174, 0.100, 0.100, 0.219, 0.100, 0.100, 0.100, 0.301, 0.100, 0.100, 0.100, 0.100, 0.100, 0.100, 0.100, 0.100, 0.100, 0.100, 0.100, 0.100]
    Layer 20: sigma=[0.100, 0.100, 0.100, 0.100, 0.100, 0.169, 0.100, 0.100, 0.156, 0.109, 0.100, 0.100, 0.100, 0.100, 0.100, 0.110, 0.100, 0.106, 0.100, 0.100, 0.100, 0.100, 0.100, 0.100, 0.100, 0.100, 0.100, 0.100, 0.100, 0.100, 0.100, 0.100]
    Layer 21: sigma=[0.100, 0.143, 0.100, 0.100, 0.100, 0.100, 0.100, 0.100, 0.100, 0.161, 0.100, 0.244, 0.100, 0.100, 0.114, 0.100, 0.100, 0.100, 0.100, 0.104, 0.100, 0.105, 0.100, 0.100, 0.109, 0.100, 0.100, 0.100, 0.100, 0.100, 0.193, 0.100]
    Layer 22: sigma=[0.156, 0.100, 0.100, 0.100, 0.159, 0.110, 0.100, 0.250, 0.123, 0.100, 0.100, 0.100, 0.100, 0.100, 0.100, 0.111, 0.100, 0.100, 0.100, 0.103, 0.100, 0.100, 0.100, 0.100, 0.100, 0.100, 0.100, 0.100, 0.100, 0.100, 0.100, 0.100]
    Layer 23: sigma=[0.168, 0.259, 0.187, 0.100, 0.100, 0.100, 0.100, 0.100, 0.100, 0.239, 0.100, 0.100, 0.100, 0.100, 0.100, 0.100, 0.100, 0.100, 0.100, 0.100, 0.100, 0.100, 0.100, 0.100, 0.100, 0.100, 0.100, 0.100, 0.100, 0.100, 0.182, 0.271]
    Layer 24: sigma=[0.100, 0.100, 0.100, 0.100, 0.100, 0.100, 0.100, 0.100, 0.100, 0.100, 0.100, 0.100, 0.100, 0.100, 0.100, 0.108, 0.100, 0.100, 0.100, 0.100, 0.100, 0.100, 0.100, 0.100, 0.221, 0.394, 0.100, 0.358, 0.100, 0.100, 0.100, 0.100]
    Layer 25: sigma=[0.100, 0.100, 0.100, 0.100, 0.100, 0.100, 0.100, 0.100, 0.100, 0.100, 0.100, 0.100, 0.100, 0.100, 0.108, 0.100, 0.100, 0.100, 0.100, 0.100, 0.100, 0.100, 0.100, 0.100, 0.100, 0.100, 0.100, 0.100, 0.100, 0.100, 0.100, 0.100]
    Layer 26: sigma=[0.100, 0.100, 0.100, 0.100, 0.100, 0.100, 0.100, 0.100, 0.100, 0.100, 0.100, 0.100, 0.100, 0.100, 0.100, 0.100, 0.100, 0.100, 0.100, 0.100, 0.100, 0.100, 0.100, 0.100, 0.100, 0.100, 0.100, 0.100, 0.100, 0.100, 0.100, 0.100]
    Layer 27: sigma=[0.100, 0.100, 0.100, 0.100, 0.100, 0.100, 0.100, 0.100, 0.100, 0.100, 0.100, 0.100, 0.100, 0.100, 0.100, 0.100, 0.100, 0.100, 0.100, 0.100, 0.100, 0.100, 0.100, 0.100, 0.100, 0.100, 0.100, 0.100, 0.100, 0.100, 0.100, 0.100]
    Layer 28: sigma=[0.100, 0.100, 0.100, 0.100, 0.100, 0.100, 0.100, 0.122, 0.100, 0.100, 0.100, 0.100, 0.100, 0.100, 0.100, 0.100, 0.100, 0.100, 0.100, 0.100, 0.100, 0.100, 0.100, 0.100, 0.100, 0.100, 0.100, 0.100, 0.100, 0.100, 0.100, 0.100]
    Layer 29: sigma=[0.100, 0.100, 0.100, 0.100, 0.100, 0.100, 0.100, 0.100, 0.100, 0.100, 0.100, 0.100, 0.100, 0.100, 0.100, 0.100, 0.100, 0.100, 0.100, 0.100, 0.100, 0.100, 0.100, 0.100, 0.100, 0.100, 0.100, 0.100, 0.100, 0.100, 0.100, 0.100]
    Layer 30: sigma=[0.100, 0.100, 0.100, 0.100, 0.100, 0.100, 0.100, 0.100, 0.100, 0.100, 0.100, 0.100, 0.100, 0.100, 0.100, 0.100, 0.100, 0.100, 0.100, 0.100, 0.108, 0.100, 0.100, 0.100, 0.100, 0.100, 0.100, 0.100, 0.100, 0.100, 0.100, 0.100]
    Layer 31: sigma=[0.100, 0.100, 0.100, 0.100, 0.100, 0.100, 0.100, 0.100, 0.100, 0.100, 0.100, 0.100, 0.100, 0.100, 0.100, 0.100, 0.100, 0.100, 0.100, 0.107, 0.100, 0.100, 0.100, 0.100, 0.100, 0.100, 0.100, 0.100, 0.100, 0.100, 0.100, 0.100]
    Layer 32: sigma=[0.100, 0.100, 0.100, 0.100, 0.100, 0.100, 0.100, 0.100, 0.100, 0.100, 0.100, 0.100, 0.100, 0.100, 0.100, 0.100, 0.100, 0.100, 0.100, 0.100, 0.100, 0.100, 0.100, 0.100, 0.100, 0.100, 0.100, 0.100, 0.100, 0.100, 0.100, 0.100]
    Layer 33: sigma=[0.100, 0.100, 0.100, 0.100, 0.100, 0.100, 0.100, 0.100, 0.100, 0.100, 0.100, 0.100, 0.100, 0.100, 0.100, 0.100, 0.100, 0.100, 0.100, 0.100, 0.100, 0.100, 0.100, 0.100, 0.100, 0.100, 0.100, 0.100, 0.100, 0.100, 0.100, 0.100]
    Layer 34: sigma=[0.100, 0.100, 0.100, 0.100, 0.100, 0.100, 0.100, 0.100, 0.100, 0.100, 0.100, 0.168, 0.100, 0.105, 0.100, 0.100, 0.100, 0.100, 0.100, 0.103, 0.100, 0.100, 0.100, 0.100, 0.100, 0.100, 0.100, 0.100, 0.100, 0.100, 0.100, 0.100]
    Layer 35: sigma=[0.100, 0.100, 0.100, 0.100, 0.100, 0.100, 0.100, 0.100, 0.100, 0.100, 0.100, 0.100, 0.100, 0.100, 0.100, 0.100, 0.100, 0.100, 0.100, 0.100, 0.100, 0.100, 0.159, 0.100, 0.100, 0.100, 0.100, 0.100, 0.100, 0.100, 0.100, 0.100]

  [Taylor Step 3/3] g_proj = v_proj * alpha (damping=0.01)...
    Layer  0: alpha=0.060411  teacher_rms=0.0163  v_rms=0.0027
    Layer  1: alpha=0.060758  teacher_rms=0.0205  v_rms=0.0034
    Layer  2: alpha=0.057023  teacher_rms=0.0214  v_rms=0.0038
    Layer  3: alpha=0.048418  teacher_rms=0.0259  v_rms=0.0053
    Layer  4: alpha=0.047488  teacher_rms=0.0304  v_rms=0.0064
    Layer  5: alpha=0.062008  teacher_rms=0.0409  v_rms=0.0066
    Layer  6: alpha=0.078198  teacher_rms=0.0621  v_rms=0.0079
    Layer  7: alpha=0.045768  teacher_rms=0.0530  v_rms=0.0116
    Layer  8: alpha=0.047237  teacher_rms=0.0708  v_rms=0.0150
    Layer  9: alpha=0.035778  teacher_rms=0.0713  v_rms=0.0199
    Layer 10: alpha=0.051225  teacher_rms=0.1092  v_rms=0.0213
    Layer 11: alpha=0.062780  teacher_rms=0.1046  v_rms=0.0167
    Layer 13: alpha=0.054530  teacher_rms=0.1040  v_rms=0.0191
    Layer 14: alpha=0.065924  teacher_rms=0.1547  v_rms=0.0235
    Layer 15: alpha=0.058107  teacher_rms=0.1576  v_rms=0.0271
    Layer 16: alpha=0.040613  teacher_rms=0.1473  v_rms=0.0363
    Layer 17: alpha=0.045606  teacher_rms=0.1753  v_rms=0.0384
    Layer 18: alpha=0.042586  teacher_rms=0.1990  v_rms=0.0467
    Layer 19: alpha=0.053068  teacher_rms=0.2060  v_rms=0.0388
    Layer 20: alpha=0.058021  teacher_rms=0.1966  v_rms=0.0339
    Layer 21: alpha=0.055255  teacher_rms=0.2373  v_rms=0.0429
    Layer 22: alpha=0.055326  teacher_rms=0.2834  v_rms=0.0512
    Layer 23: alpha=0.050452  teacher_rms=0.3098  v_rms=0.0614
    Layer 24: alpha=0.033702  teacher_rms=0.2897  v_rms=0.0860
    Layer 25: alpha=0.039977  teacher_rms=0.2376  v_rms=0.0594
    Layer 26: alpha=0.029256  teacher_rms=0.2124  v_rms=0.0726
    Layer 27: alpha=0.037093  teacher_rms=0.3083  v_rms=0.0831
    Layer 28: alpha=0.042508  teacher_rms=0.3705  v_rms=0.0872
    Layer 29: alpha=0.017344  teacher_rms=0.2548  v_rms=0.1469
    Layer 30: alpha=0.028997  teacher_rms=0.4297  v_rms=0.1482
    Layer 31: alpha=0.021193  teacher_rms=0.3785  v_rms=0.1786
    Layer 32: alpha=0.023899  teacher_rms=0.5288  v_rms=0.2213
    Layer 33: alpha=0.018560  teacher_rms=0.6404  v_rms=0.3451
    Layer 34: alpha=0.032676  teacher_rms=1.0325  v_rms=0.3160
    Layer 35: alpha=0.059055  teacher_rms=1.0168  v_rms=0.1722

  Set g_proj = v_proj * alpha in 35 GDN layers (damping=0.01).
  Init (taylor_init) done in 459.5s
  Layer 12: PPL = 5195273.00  (eval 13.2s)

============================================================
  Probing layer 13 | strategy=taylor_init
============================================================
Loading checkpoint shards:   0%|          | 0/4 [00:00<?, ?it/s]Loading checkpoint shards: 100%|██████████| 4/4 [00:00<00:00, 151.15it/s]
Could not cache non-existence of file. Will ignore error and continue. Error: [Errno 13] Permission denied: '/data/shared/huggingface/hub/models--Qwen--Qwen3-8B/.no_exist/b968826d9c46dd6066d109eabc6255188de91218/model.safetensors'
Loading checkpoint shards:   0%|          | 0/5 [00:00<?, ?it/s]Loading checkpoint shards: 100%|██████████| 5/5 [00:00<00:00, 188.51it/s]
Token indices sequence length is longer than the specified maximum sequence length for this model (2429029 > 131072). Running this sequence through the model will result in indexing errors
  [Taylor Step 1/3] Gate calibration from attention stats...
    Layer  0: dist=[32, 3, 12, 35, 12, 26, 9, 11, 19, 6, 8, 9, 18, 34, 31, 10, 16, 19, 16, 14, 13, 23, 4, 12, 5, 52, 10, 43, 15, 36, 15, 14]
    Layer  1: dist=[19, 38, 25, 44, 3, 15, 31, 11, 45, 36, 65, 60, 34, 47, 51, 38, 32, 54, 57, 33, 56, 24, 40, 40, 37, 9, 44, 41, 83, 31, 37, 49]
    Layer  2: dist=[65, 65, 67, 62, 26, 45, 33, 43, 39, 47, 56, 56, 53, 46, 46, 60, 61, 49, 54, 43, 49, 67, 48, 50, 25, 24, 21, 35, 73, 73, 77, 74]
    Layer  3: dist=[65, 26, 13, 22, 87, 93, 83, 73, 56, 53, 62, 58, 90, 73, 75, 74, 59, 62, 51, 67, 74, 60, 64, 65, 64, 56, 52, 59, 70, 63, 72, 65]
    Layer  4: dist=[62, 63, 73, 67, 73, 56, 61, 89, 68, 69, 63, 60, 55, 55, 71, 61, 62, 65, 67, 70, 64, 61, 47, 64, 41, 51, 48, 34, 51, 66, 55, 55]
    Layer  5: dist=[36, 48, 55, 35, 61, 68, 52, 51, 5, 18, 73, 61, 54, 78, 59, 52, 41, 32, 50, 48, 51, 55, 48, 59, 73, 73, 80, 80, 43, 44, 46, 58]
    Layer  6: dist=[27, 40, 30, 31, 52, 46, 67, 61, 46, 25, 43, 38, 56, 64, 56, 30, 47, 34, 45, 40, 20, 30, 32, 14, 35, 50, 32, 49, 47, 43, 37, 53]
    Layer  7: dist=[55, 60, 64, 87, 126, 114, 127, 121, 88, 119, 99, 72, 108, 23, 53, 97, 80, 101, 85, 81, 106, 86, 112, 116, 64, 78, 47, 86, 97, 101, 101, 106]
    Layer  8: dist=[83, 87, 90, 58, 81, 77, 69, 78, 86, 99, 87, 90, 94, 86, 96, 70, 116, 107, 103, 96, 92, 106, 100, 111, 92, 72, 95, 67, 84, 72, 79, 74]
    Layer  9: dist=[76, 60, 61, 67, 83, 97, 96, 74, 123, 120, 118, 112, 27, 87, 63, 85, 93, 100, 114, 125, 87, 77, 60, 70, 119, 81, 91, 97, 125, 113, 127, 123]
    Layer 10: dist=[76, 71, 58, 74, 85, 102, 64, 74, 63, 88, 106, 49, 88, 67, 82, 86, 87, 102, 100, 107, 88, 60, 107, 90, 93, 107, 84, 77, 76, 65, 82, 90]
    Layer 11: dist=[78, 65, 79, 48, 53, 61, 78, 77, 102, 123, 109, 93, 82, 64, 65, 69, 69, 63, 61, 51, 77, 107, 89, 87, 67, 59, 56, 54, 95, 55, 55, 94]
    Layer 12: dist=[21, 72, 79, 61, 87, 83, 66, 70, 63, 62, 74, 77, 86, 81, 82, 87, 39, 68, 59, 94, 102, 112, 97, 103, 93, 2, 107, 38, 81, 88, 113, 91]
    Layer 14: dist=[44, 64, 65, 46, 62, 45, 64, 65, 54, 57, 70, 68, 69, 76, 65, 67, 77, 86, 51, 64, 65, 31, 51, 81, 52, 67, 73, 64, 85, 88, 8, 89]
    Layer 15: dist=[80, 44, 79, 38, 37, 38, 79, 67, 90, 60, 46, 104, 68, 107, 79, 89, 61, 57, 64, 68, 58, 60, 50, 51, 49, 34, 86, 62, 72, 84, 71, 49]
    Layer 16: dist=[61, 57, 74, 85, 55, 58, 48, 55, 54, 82, 73, 84, 90, 69, 86, 86, 68, 71, 60, 62, 115, 118, 110, 103, 71, 54, 64, 10, 58, 59, 65, 56]
    Layer 17: dist=[111, 95, 79, 67, 53, 57, 39, 47, 90, 108, 79, 100, 40, 57, 71, 74, 44, 61, 61, 42, 75, 98, 93, 97, 58, 55, 57, 52, 53, 79, 93, 67]
    Layer 18: dist=[34, 45, 35, 33, 56, 78, 74, 57, 64, 67, 66, 79, 61, 60, 57, 62, 46, 74, 72, 52, 68, 47, 65, 96, 58, 62, 61, 63, 52, 53, 79, 56]
    Layer 19: dist=[73, 64, 63, 62, 76, 103, 54, 71, 81, 85, 84, 93, 63, 57, 75, 63, 84, 85, 49, 49, 21, 50, 33, 49, 102, 106, 102, 116, 77, 77, 73, 72]
    Layer 20: dist=[89, 79, 80, 77, 78, 51, 49, 57, 40, 36, 43, 39, 92, 79, 87, 96, 45, 51, 56, 39, 73, 111, 101, 98, 125, 97, 105, 85, 93, 79, 108, 108]
    Layer 21: dist=[44, 50, 56, 68, 115, 65, 96, 118, 118, 61, 71, 69, 46, 41, 44, 42, 75, 75, 83, 65, 89, 99, 95, 96, 64, 62, 60, 80, 73, 79, 60, 88]
    Layer 22: dist=[73, 60, 67, 63, 52, 72, 45, 56, 37, 49, 45, 59, 18, 86, 61, 64, 33, 79, 76, 41, 102, 115, 120, 121, 101, 84, 91, 95, 114, 92, 103, 95]
    Layer 23: dist=[39, 30, 48, 39, 110, 111, 41, 102, 79, 36, 45, 63, 75, 72, 79, 77, 82, 75, 74, 94, 72, 93, 82, 76, 78, 72, 68, 100, 91, 90, 83, 78]
    Layer 24: dist=[79, 124, 109, 101, 99, 109, 111, 97, 102, 105, 104, 84, 78, 75, 89, 74, 81, 86, 98, 88, 120, 103, 102, 117, 65, 73, 79, 51, 95, 111, 98, 88]
    Layer 25: dist=[105, 121, 118, 94, 71, 72, 107, 80, 96, 97, 85, 90, 65, 89, 50, 68, 93, 99, 97, 89, 102, 111, 105, 108, 110, 110, 99, 108, 88, 125, 98, 88]
    Layer 26: dist=[80, 88, 106, 68, 115, 113, 113, 110, 102, 107, 105, 98, 100, 124, 116, 116, 86, 93, 99, 95, 102, 113, 122, 114, 99, 97, 102, 93, 115, 96, 114, 95]
    Layer 27: dist=[87, 108, 103, 117, 98, 105, 101, 86, 77, 100, 107, 99, 78, 109, 80, 86, 96, 99, 99, 104, 91, 112, 113, 92, 110, 113, 116, 117, 107, 77, 92, 117]
    Layer 28: dist=[103, 92, 102, 102, 82, 63, 80, 76, 96, 107, 92, 89, 112, 105, 96, 101, 112, 104, 104, 108, 119, 71, 60, 89, 91, 88, 99, 99, 92, 92, 71, 95]
    Layer 29: dist=[113, 114, 114, 113, 90, 112, 94, 114, 119, 113, 122, 105, 120, 120, 119, 120, 116, 106, 115, 121, 123, 123, 107, 125, 100, 114, 97, 92, 106, 95, 106, 109]
    Layer 30: dist=[75, 102, 99, 100, 102, 100, 90, 67, 117, 117, 115, 120, 105, 104, 113, 101, 97, 78, 120, 122, 51, 120, 100, 110, 119, 119, 119, 118, 106, 110, 107, 102]
    Layer 31: dist=[119, 117, 99, 98, 112, 113, 114, 116, 114, 77, 87, 91, 117, 116, 117, 115, 101, 101, 106, 94, 119, 116, 108, 119, 112, 109, 89, 120, 112, 106, 102, 110]
    Layer 32: dist=[110, 114, 114, 111, 116, 119, 116, 117, 110, 111, 117, 115, 93, 113, 108, 91, 118, 106, 109, 111, 123, 92, 114, 120, 71, 95, 80, 105, 116, 107, 99, 103]
    Layer 33: dist=[102, 120, 112, 119, 91, 102, 57, 94, 116, 116, 113, 113, 114, 115, 113, 116, 114, 117, 106, 109, 112, 96, 110, 113, 111, 119, 122, 118, 110, 111, 107, 104]
    Layer 34: dist=[110, 109, 112, 113, 105, 111, 108, 102, 53, 93, 114, 86, 117, 115, 120, 81, 82, 89, 126, 55, 119, 51, 118, 119, 122, 122, 125, 122, 54, 62, 68, 109]
    Layer 35: dist=[105, 123, 71, 97, 82, 36, 112, 100, 85, 94, 112, 96, 63, 28, 49, 40, 98, 74, 84, 48, 90, 102, 55, 54, 66, 49, 68, 72, 73, 115, 122, 117]

  [Taylor Step 2/3] OLS sigma per head (scaling V, streaming)...
    Layer  0: sigma=[0.615, 0.100, 0.100, 0.100, 0.332, 0.380, 0.100, 0.100, 0.100, 0.148, 0.100, 0.100, 0.100, 0.100, 0.100, 0.260, 0.100, 0.100, 0.100, 0.100, 0.100, 0.100, 0.100, 0.100, 0.100, 0.100, 0.351, 0.100, 0.100, 0.100, 0.161, 0.100]
    Layer  1: sigma=[0.349, 0.100, 0.100, 0.100, 0.100, 0.100, 0.100, 0.100, 0.100, 0.163, 0.244, 0.100, 0.100, 0.100, 0.100, 0.100, 0.100, 0.100, 0.100, 0.100, 0.100, 0.100, 0.100, 0.119, 0.100, 0.100, 0.112, 0.100, 0.100, 0.100, 0.100, 0.100]
    Layer  2: sigma=[0.100, 0.100, 0.100, 0.100, 0.100, 0.100, 0.100, 0.100, 0.109, 0.100, 0.100, 0.100, 0.100, 0.146, 0.100, 0.100, 0.100, 0.220, 0.100, 0.100, 0.100, 0.100, 0.100, 0.100, 0.100, 0.171, 0.100, 0.100, 0.100, 0.100, 0.100, 0.100]
    Layer  3: sigma=[0.100, 0.322, 0.100, 0.157, 0.100, 0.100, 0.100, 0.100, 0.100, 0.100, 0.100, 0.100, 0.100, 0.100, 0.100, 0.100, 0.100, 0.100, 0.100, 0.100, 0.100, 0.107, 0.100, 0.100, 0.100, 0.100, 0.100, 0.100, 0.100, 0.100, 0.100, 0.100]
    Layer  4: sigma=[0.100, 0.100, 0.100, 0.100, 0.100, 0.100, 0.100, 0.100, 0.100, 0.100, 0.100, 0.100, 0.100, 0.100, 0.100, 0.100, 0.100, 0.100, 0.100, 0.100, 0.132, 0.139, 0.324, 0.100, 0.100, 0.100, 0.100, 0.100, 0.100, 0.100, 0.100, 0.100]
    Layer  5: sigma=[0.100, 0.100, 0.100, 0.100, 0.100, 0.100, 0.100, 0.100, 0.100, 0.137, 0.100, 0.109, 0.100, 0.100, 0.100, 0.123, 0.100, 0.177, 0.100, 0.100, 0.100, 0.100, 0.100, 0.100, 0.100, 0.100, 0.100, 0.100, 0.100, 0.100, 0.100, 0.100]
    Layer  6: sigma=[0.100, 0.100, 0.100, 0.100, 0.100, 0.100, 0.100, 0.100, 0.100, 0.100, 0.100, 0.100, 0.100, 0.100, 0.100, 0.100, 0.100, 0.100, 0.100, 0.100, 0.154, 0.100, 0.100, 0.100, 0.100, 0.100, 0.100, 0.100, 0.100, 0.100, 0.100, 0.100]
    Layer  7: sigma=[0.100, 0.144, 0.100, 0.100, 0.112, 0.100, 0.100, 0.100, 0.100, 0.100, 0.100, 0.102, 0.100, 0.100, 0.100, 0.100, 0.100, 0.100, 0.100, 0.100, 0.100, 0.100, 0.100, 0.100, 0.100, 0.100, 0.100, 0.100, 0.100, 0.100, 0.100, 0.100]
    Layer  8: sigma=[0.100, 0.100, 0.100, 0.100, 0.100, 0.100, 0.100, 0.100, 0.100, 0.100, 0.100, 0.100, 0.100, 0.100, 0.100, 0.100, 0.100, 0.100, 0.100, 0.100, 0.100, 0.100, 0.100, 0.100, 0.100, 0.100, 0.100, 0.176, 0.100, 0.100, 0.100, 0.100]
    Layer  9: sigma=[0.100, 0.100, 0.100, 0.100, 0.100, 0.100, 0.100, 0.100, 0.100, 0.100, 0.100, 0.100, 0.100, 0.100, 0.617, 0.134, 0.100, 0.100, 0.100, 0.100, 0.100, 0.100, 0.100, 0.100, 0.100, 0.100, 0.100, 0.100, 0.100, 0.100, 0.100, 0.100]
    Layer 10: sigma=[0.100, 0.100, 0.100, 0.100, 0.100, 0.100, 0.100, 0.100, 0.100, 0.100, 0.100, 0.100, 0.100, 0.100, 0.100, 0.100, 0.100, 0.100, 0.100, 0.100, 0.100, 0.100, 0.100, 0.100, 0.100, 0.100, 0.100, 0.100, 0.100, 0.100, 0.100, 0.100]
    Layer 11: sigma=[0.100, 0.100, 0.100, 0.100, 0.137, 0.100, 0.100, 0.100, 0.100, 0.105, 0.100, 0.100, 0.100, 0.100, 0.266, 0.100, 0.100, 0.100, 0.100, 0.100, 0.100, 0.100, 0.100, 0.100, 0.100, 0.100, 0.171, 0.100, 0.100, 0.100, 0.100, 0.100]
    Layer 12: sigma=[0.100, 0.100, 0.100, 0.100, 0.100, 0.100, 0.100, 0.100, 0.100, 0.104, 0.100, 0.105, 0.100, 0.100, 0.100, 0.100, 0.100, 0.295, 0.192, 0.100, 0.100, 0.100, 0.100, 0.100, 0.100, 0.100, 0.100, 0.206, 0.100, 0.100, 0.117, 0.100]
    Layer 14: sigma=[0.100, 0.100, 0.100, 0.100, 0.100, 0.525, 0.100, 0.100, 0.100, 0.100, 0.100, 0.100, 0.100, 0.100, 0.100, 0.100, 0.100, 0.100, 0.100, 0.100, 0.100, 0.100, 0.100, 0.100, 0.127, 0.112, 0.100, 0.100, 0.100, 0.100, 0.100, 0.100]
    Layer 15: sigma=[0.100, 0.204, 0.100, 0.100, 0.100, 0.106, 0.100, 0.100, 0.100, 0.100, 0.100, 0.100, 0.202, 0.100, 0.100, 0.100, 0.100, 0.100, 0.100, 0.100, 0.100, 0.100, 0.100, 0.100, 0.148, 0.100, 0.100, 0.100, 0.100, 0.100, 0.100, 0.100]
    Layer 16: sigma=[0.100, 0.100, 0.100, 0.100, 0.100, 0.100, 0.100, 0.100, 0.100, 0.100, 0.100, 0.100, 0.100, 0.100, 0.100, 0.100, 0.100, 0.100, 0.100, 0.100, 0.100, 0.100, 0.100, 0.100, 0.100, 0.100, 0.100, 0.372, 0.100, 0.100, 0.100, 0.100]
    Layer 17: sigma=[0.100, 0.100, 0.100, 0.100, 0.100, 0.141, 0.100, 0.100, 0.100, 0.100, 0.100, 0.100, 0.100, 0.100, 0.100, 0.100, 0.128, 0.100, 0.100, 0.369, 0.100, 0.100, 0.100, 0.100, 0.137, 0.100, 0.391, 0.100, 0.100, 0.100, 0.100, 0.100]
    Layer 18: sigma=[0.100, 0.482, 0.100, 0.100, 0.100, 0.100, 0.100, 0.196, 0.100, 0.100, 0.100, 0.100, 0.100, 0.100, 0.100, 0.100, 0.200, 0.100, 0.100, 0.100, 0.100, 0.100, 0.100, 0.100, 0.100, 0.100, 0.100, 0.100, 0.100, 0.100, 0.100, 0.100]
    Layer 19: sigma=[0.100, 0.100, 0.100, 0.100, 0.100, 0.100, 0.100, 0.100, 0.100, 0.100, 0.100, 0.100, 0.138, 0.100, 0.100, 0.177, 0.100, 0.100, 0.100, 0.303, 0.100, 0.100, 0.100, 0.114, 0.100, 0.100, 0.100, 0.100, 0.100, 0.100, 0.100, 0.100]
    Layer 20: sigma=[0.100, 0.100, 0.100, 0.100, 0.100, 0.176, 0.100, 0.100, 0.140, 0.100, 0.100, 0.100, 0.100, 0.100, 0.100, 0.112, 0.100, 0.100, 0.100, 0.100, 0.100, 0.100, 0.100, 0.100, 0.100, 0.100, 0.100, 0.100, 0.100, 0.100, 0.100, 0.100]
    Layer 21: sigma=[0.100, 0.151, 0.100, 0.100, 0.100, 0.100, 0.100, 0.100, 0.100, 0.119, 0.100, 0.336, 0.100, 0.100, 0.127, 0.100, 0.100, 0.100, 0.100, 0.100, 0.100, 0.105, 0.100, 0.100, 0.142, 0.100, 0.100, 0.100, 0.100, 0.100, 0.377, 0.100]
    Layer 22: sigma=[0.143, 0.100, 0.100, 0.100, 0.157, 0.154, 0.100, 0.189, 0.107, 0.100, 0.100, 0.100, 0.100, 0.100, 0.100, 0.110, 0.100, 0.100, 0.100, 0.100, 0.100, 0.100, 0.100, 0.100, 0.100, 0.100, 0.100, 0.100, 0.100, 0.100, 0.100, 0.100]
    Layer 23: sigma=[0.175, 0.269, 0.240, 0.100, 0.100, 0.100, 0.155, 0.100, 0.100, 0.252, 0.100, 0.100, 0.100, 0.100, 0.113, 0.100, 0.100, 0.100, 0.100, 0.100, 0.100, 0.100, 0.100, 0.100, 0.100, 0.100, 0.100, 0.100, 0.100, 0.100, 0.147, 0.274]
    Layer 24: sigma=[0.100, 0.100, 0.100, 0.100, 0.100, 0.100, 0.100, 0.100, 0.100, 0.100, 0.100, 0.100, 0.100, 0.100, 0.100, 0.144, 0.100, 0.100, 0.100, 0.100, 0.100, 0.100, 0.100, 0.100, 0.201, 0.390, 0.100, 0.314, 0.100, 0.100, 0.100, 0.100]
    Layer 25: sigma=[0.100, 0.100, 0.100, 0.100, 0.100, 0.100, 0.100, 0.100, 0.100, 0.100, 0.100, 0.100, 0.100, 0.100, 0.111, 0.100, 0.100, 0.100, 0.100, 0.100, 0.100, 0.100, 0.100, 0.100, 0.100, 0.100, 0.100, 0.100, 0.100, 0.100, 0.100, 0.100]
    Layer 26: sigma=[0.100, 0.100, 0.100, 0.100, 0.100, 0.100, 0.100, 0.100, 0.100, 0.100, 0.100, 0.100, 0.100, 0.100, 0.100, 0.100, 0.100, 0.100, 0.100, 0.100, 0.100, 0.100, 0.100, 0.100, 0.100, 0.100, 0.100, 0.100, 0.100, 0.100, 0.100, 0.100]
    Layer 27: sigma=[0.100, 0.100, 0.100, 0.100, 0.100, 0.100, 0.100, 0.100, 0.100, 0.100, 0.100, 0.100, 0.100, 0.100, 0.100, 0.100, 0.100, 0.100, 0.100, 0.100, 0.100, 0.100, 0.100, 0.100, 0.100, 0.100, 0.100, 0.100, 0.100, 0.102, 0.100, 0.100]
    Layer 28: sigma=[0.100, 0.100, 0.100, 0.100, 0.100, 0.137, 0.100, 0.100, 0.100, 0.100, 0.100, 0.100, 0.100, 0.100, 0.100, 0.100, 0.100, 0.100, 0.100, 0.100, 0.100, 0.100, 0.100, 0.100, 0.100, 0.100, 0.100, 0.100, 0.100, 0.100, 0.100, 0.100]
    Layer 29: sigma=[0.100, 0.100, 0.100, 0.100, 0.100, 0.100, 0.100, 0.100, 0.100, 0.100, 0.100, 0.100, 0.100, 0.100, 0.100, 0.100, 0.100, 0.100, 0.100, 0.100, 0.100, 0.100, 0.100, 0.100, 0.100, 0.100, 0.100, 0.100, 0.100, 0.100, 0.100, 0.100]
    Layer 30: sigma=[0.100, 0.100, 0.100, 0.100, 0.100, 0.100, 0.100, 0.100, 0.100, 0.100, 0.100, 0.100, 0.100, 0.100, 0.100, 0.145, 0.100, 0.100, 0.100, 0.100, 0.100, 0.100, 0.100, 0.100, 0.100, 0.100, 0.100, 0.100, 0.100, 0.100, 0.100, 0.100]
    Layer 31: sigma=[0.100, 0.100, 0.100, 0.100, 0.100, 0.100, 0.100, 0.100, 0.100, 0.100, 0.100, 0.100, 0.100, 0.100, 0.100, 0.100, 0.100, 0.100, 0.100, 0.114, 0.100, 0.100, 0.100, 0.100, 0.100, 0.100, 0.100, 0.100, 0.100, 0.100, 0.100, 0.100]
    Layer 32: sigma=[0.100, 0.100, 0.100, 0.100, 0.100, 0.100, 0.100, 0.100, 0.100, 0.100, 0.100, 0.100, 0.100, 0.100, 0.100, 0.100, 0.100, 0.100, 0.100, 0.100, 0.100, 0.100, 0.100, 0.100, 0.100, 0.100, 0.100, 0.100, 0.100, 0.100, 0.100, 0.100]
    Layer 33: sigma=[0.100, 0.100, 0.100, 0.100, 0.100, 0.100, 0.100, 0.100, 0.100, 0.100, 0.100, 0.100, 0.100, 0.100, 0.100, 0.100, 0.100, 0.100, 0.100, 0.100, 0.100, 0.100, 0.100, 0.100, 0.100, 0.100, 0.100, 0.100, 0.100, 0.100, 0.100, 0.100]
    Layer 34: sigma=[0.100, 0.100, 0.100, 0.100, 0.100, 0.100, 0.100, 0.100, 0.100, 0.100, 0.100, 0.116, 0.100, 0.100, 0.100, 0.100, 0.100, 0.100, 0.100, 0.100, 0.100, 0.100, 0.100, 0.100, 0.100, 0.100, 0.100, 0.100, 0.100, 0.100, 0.100, 0.100]
    Layer 35: sigma=[0.100, 0.100, 0.100, 0.100, 0.103, 0.100, 0.100, 0.100, 0.100, 0.100, 0.100, 0.100, 0.100, 0.100, 0.100, 0.100, 0.100, 0.100, 0.100, 0.100, 0.100, 0.100, 0.169, 0.100, 0.100, 0.100, 0.100, 0.100, 0.100, 0.100, 0.100, 0.100]

  [Taylor Step 3/3] g_proj = v_proj * alpha (damping=0.01)...
    Layer  0: alpha=0.060427  teacher_rms=0.0163  v_rms=0.0027
    Layer  1: alpha=0.061028  teacher_rms=0.0205  v_rms=0.0034
    Layer  2: alpha=0.056988  teacher_rms=0.0214  v_rms=0.0038
    Layer  3: alpha=0.048747  teacher_rms=0.0259  v_rms=0.0053
    Layer  4: alpha=0.047196  teacher_rms=0.0304  v_rms=0.0064
    Layer  5: alpha=0.061887  teacher_rms=0.0409  v_rms=0.0066
    Layer  6: alpha=0.078389  teacher_rms=0.0621  v_rms=0.0079
    Layer  7: alpha=0.046240  teacher_rms=0.0530  v_rms=0.0115
    Layer  8: alpha=0.047448  teacher_rms=0.0708  v_rms=0.0149
    Layer  9: alpha=0.033907  teacher_rms=0.0713  v_rms=0.0210
    Layer 10: alpha=0.051225  teacher_rms=0.1092  v_rms=0.0213
    Layer 11: alpha=0.062021  teacher_rms=0.1046  v_rms=0.0169
    Layer 12: alpha=0.060745  teacher_rms=0.1207  v_rms=0.0199
    Layer 14: alpha=0.058328  teacher_rms=0.1547  v_rms=0.0265
    Layer 15: alpha=0.057328  teacher_rms=0.1576  v_rms=0.0275
    Layer 16: alpha=0.043387  teacher_rms=0.1473  v_rms=0.0340
    Layer 17: alpha=0.045195  teacher_rms=0.1753  v_rms=0.0388
    Layer 18: alpha=0.043964  teacher_rms=0.1990  v_rms=0.0453
    Layer 19: alpha=0.054907  teacher_rms=0.2060  v_rms=0.0375
    Layer 20: alpha=0.058245  teacher_rms=0.1966  v_rms=0.0338
    Layer 21: alpha=0.044905  teacher_rms=0.2373  v_rms=0.0528
    Layer 22: alpha=0.056730  teacher_rms=0.2834  v_rms=0.0500
    Layer 23: alpha=0.048623  teacher_rms=0.3098  v_rms=0.0637
    Layer 24: alpha=0.034685  teacher_rms=0.2897  v_rms=0.0835
    Layer 25: alpha=0.039948  teacher_rms=0.2376  v_rms=0.0595
    Layer 26: alpha=0.029256  teacher_rms=0.2124  v_rms=0.0726
    Layer 27: alpha=0.037079  teacher_rms=0.3083  v_rms=0.0831
    Layer 28: alpha=0.042281  teacher_rms=0.3705  v_rms=0.0876
    Layer 29: alpha=0.017344  teacher_rms=0.2548  v_rms=0.1469
    Layer 30: alpha=0.028642  teacher_rms=0.4297  v_rms=0.1500
    Layer 31: alpha=0.021169  teacher_rms=0.3785  v_rms=0.1788
    Layer 32: alpha=0.023899  teacher_rms=0.5288  v_rms=0.2213
    Layer 33: alpha=0.018560  teacher_rms=0.6404  v_rms=0.3451
    Layer 34: alpha=0.033107  teacher_rms=1.0325  v_rms=0.3119
    Layer 35: alpha=0.058770  teacher_rms=1.0168  v_rms=0.1730

  Set g_proj = v_proj * alpha in 35 GDN layers (damping=0.01).
  Init (taylor_init) done in 330.7s
  Layer 13: PPL = 18315792.00  (eval 13.2s)

============================================================
  Probing layer 14 | strategy=taylor_init
============================================================
Loading checkpoint shards:   0%|          | 0/4 [00:00<?, ?it/s]Loading checkpoint shards: 100%|██████████| 4/4 [00:00<00:00, 148.52it/s]
Could not cache non-existence of file. Will ignore error and continue. Error: [Errno 13] Permission denied: '/data/shared/huggingface/hub/models--Qwen--Qwen3-8B/.no_exist/b968826d9c46dd6066d109eabc6255188de91218/model.safetensors'
Loading checkpoint shards:   0%|          | 0/5 [00:00<?, ?it/s]Loading checkpoint shards: 100%|██████████| 5/5 [00:00<00:00, 185.98it/s]
Token indices sequence length is longer than the specified maximum sequence length for this model (2429029 > 131072). Running this sequence through the model will result in indexing errors
  [Taylor Step 1/3] Gate calibration from attention stats...
    Layer  0: dist=[32, 3, 12, 35, 12, 26, 9, 11, 19, 6, 8, 9, 18, 34, 31, 10, 16, 19, 16, 14, 13, 23, 4, 12, 5, 52, 10, 43, 15, 36, 15, 14]
    Layer  1: dist=[19, 38, 25, 44, 3, 15, 31, 11, 45, 36, 65, 60, 34, 47, 51, 38, 32, 54, 57, 33, 56, 24, 40, 40, 37, 9, 44, 41, 83, 31, 37, 49]
    Layer  2: dist=[65, 65, 67, 62, 26, 45, 33, 43, 39, 47, 56, 56, 53, 46, 46, 60, 61, 49, 54, 43, 49, 67, 48, 50, 25, 24, 21, 35, 73, 73, 77, 74]
    Layer  3: dist=[65, 26, 13, 22, 87, 93, 83, 73, 56, 53, 62, 58, 90, 73, 75, 74, 59, 62, 51, 67, 74, 60, 64, 65, 64, 56, 52, 59, 70, 63, 72, 65]
    Layer  4: dist=[62, 63, 73, 67, 73, 56, 61, 89, 68, 69, 63, 60, 55, 55, 71, 61, 62, 65, 67, 70, 64, 61, 47, 64, 41, 51, 48, 34, 51, 66, 55, 55]
    Layer  5: dist=[36, 48, 55, 35, 61, 68, 52, 51, 5, 18, 73, 61, 54, 78, 59, 52, 41, 32, 50, 48, 51, 55, 48, 59, 73, 73, 80, 80, 43, 44, 46, 58]
    Layer  6: dist=[27, 40, 30, 31, 52, 46, 67, 61, 46, 25, 43, 38, 56, 64, 56, 30, 47, 34, 45, 40, 20, 30, 32, 14, 35, 50, 32, 49, 47, 43, 37, 53]
    Layer  7: dist=[55, 60, 64, 87, 126, 114, 127, 121, 88, 119, 99, 72, 108, 23, 53, 97, 80, 101, 85, 81, 106, 86, 112, 116, 64, 78, 47, 86, 97, 101, 101, 106]
    Layer  8: dist=[83, 87, 90, 58, 81, 77, 69, 78, 86, 99, 87, 90, 94, 86, 96, 70, 116, 107, 103, 96, 92, 106, 100, 111, 92, 72, 95, 67, 84, 72, 79, 74]
    Layer  9: dist=[76, 60, 61, 67, 83, 97, 96, 74, 123, 120, 118, 112, 27, 87, 63, 85, 93, 100, 114, 125, 87, 77, 60, 70, 119, 81, 91, 97, 125, 113, 127, 123]
    Layer 10: dist=[76, 71, 58, 74, 85, 102, 64, 74, 63, 88, 106, 49, 88, 67, 82, 86, 87, 102, 100, 107, 88, 60, 107, 90, 93, 107, 84, 77, 76, 65, 82, 90]
    Layer 11: dist=[78, 65, 79, 48, 53, 61, 78, 77, 102, 123, 109, 93, 82, 64, 65, 69, 69, 63, 61, 51, 77, 107, 89, 87, 67, 59, 56, 54, 95, 55, 55, 94]
    Layer 12: dist=[21, 72, 79, 61, 87, 83, 66, 70, 63, 62, 74, 77, 86, 81, 82, 87, 39, 68, 59, 94, 102, 112, 97, 103, 93, 2, 107, 38, 81, 88, 113, 91]
    Layer 13: dist=[52, 68, 66, 62, 52, 51, 65, 40, 86, 63, 99, 122, 128, 115, 109, 124, 85, 72, 57, 61, 93, 55, 83, 90, 84, 59, 72, 76, 113, 111, 96, 99]
    Layer 15: dist=[80, 44, 79, 38, 37, 38, 79, 67, 90, 60, 46, 104, 68, 107, 79, 89, 61, 57, 64, 68, 58, 60, 50, 51, 49, 34, 86, 62, 72, 84, 71, 49]
    Layer 16: dist=[61, 57, 74, 85, 55, 58, 48, 55, 54, 82, 73, 84, 90, 69, 86, 86, 68, 71, 60, 62, 115, 118, 110, 103, 71, 54, 64, 10, 58, 59, 65, 56]
    Layer 17: dist=[111, 95, 79, 67, 53, 57, 39, 47, 90, 108, 79, 100, 40, 57, 71, 74, 44, 61, 61, 42, 75, 98, 93, 97, 58, 55, 57, 52, 53, 79, 93, 67]
    Layer 18: dist=[34, 45, 35, 33, 56, 78, 74, 57, 64, 67, 66, 79, 61, 60, 57, 62, 46, 74, 72, 52, 68, 47, 65, 96, 58, 62, 61, 63, 52, 53, 79, 56]
    Layer 19: dist=[73, 64, 63, 62, 76, 103, 54, 71, 81, 85, 84, 93, 63, 57, 75, 63, 84, 85, 49, 49, 21, 50, 33, 49, 102, 106, 102, 116, 77, 77, 73, 72]
    Layer 20: dist=[89, 79, 80, 77, 78, 51, 49, 57, 40, 36, 43, 39, 92, 79, 87, 96, 45, 51, 56, 39, 73, 111, 101, 98, 125, 97, 105, 85, 93, 79, 108, 108]
    Layer 21: dist=[44, 50, 56, 68, 115, 65, 96, 118, 118, 61, 71, 69, 46, 41, 44, 42, 75, 75, 83, 65, 89, 99, 95, 96, 64, 62, 60, 80, 73, 79, 60, 88]
    Layer 22: dist=[73, 60, 67, 63, 52, 72, 45, 56, 37, 49, 45, 59, 18, 86, 61, 64, 33, 79, 76, 41, 102, 115, 120, 121, 101, 84, 91, 95, 114, 92, 103, 95]
    Layer 23: dist=[39, 30, 48, 39, 110, 111, 41, 102, 79, 36, 45, 63, 75, 72, 79, 77, 82, 75, 74, 94, 72, 93, 82, 76, 78, 72, 68, 100, 91, 90, 83, 78]
    Layer 24: dist=[79, 124, 109, 101, 99, 109, 111, 97, 102, 105, 104, 84, 78, 75, 89, 74, 81, 86, 98, 88, 120, 103, 102, 117, 65, 73, 79, 51, 95, 111, 98, 88]
    Layer 25: dist=[105, 121, 118, 94, 71, 72, 107, 80, 96, 97, 85, 90, 65, 89, 50, 68, 93, 99, 97, 89, 102, 111, 105, 108, 110, 110, 99, 108, 88, 125, 98, 88]
    Layer 26: dist=[80, 88, 106, 68, 115, 113, 113, 110, 102, 107, 105, 98, 100, 124, 116, 116, 86, 93, 99, 95, 102, 113, 122, 114, 99, 97, 102, 93, 115, 96, 114, 95]
    Layer 27: dist=[87, 108, 103, 117, 98, 105, 101, 86, 77, 100, 107, 99, 78, 109, 80, 86, 96, 99, 99, 104, 91, 112, 113, 92, 110, 113, 116, 117, 107, 77, 92, 117]
    Layer 28: dist=[103, 92, 102, 102, 82, 63, 80, 76, 96, 107, 92, 89, 112, 105, 96, 101, 112, 104, 104, 108, 119, 71, 60, 89, 91, 88, 99, 99, 92, 92, 71, 95]
    Layer 29: dist=[113, 114, 114, 113, 90, 112, 94, 114, 119, 113, 122, 105, 120, 120, 119, 120, 116, 106, 115, 121, 123, 123, 107, 125, 100, 114, 97, 92, 106, 95, 106, 109]
    Layer 30: dist=[75, 102, 99, 100, 102, 100, 90, 67, 117, 117, 115, 120, 105, 104, 113, 101, 97, 78, 120, 122, 51, 120, 100, 110, 119, 119, 119, 118, 106, 110, 107, 102]
    Layer 31: dist=[119, 117, 99, 98, 112, 113, 114, 116, 114, 77, 87, 91, 117, 116, 117, 115, 101, 101, 106, 94, 119, 116, 108, 119, 112, 109, 89, 120, 112, 106, 102, 110]
    Layer 32: dist=[110, 114, 114, 111, 116, 119, 116, 117, 110, 111, 117, 115, 93, 113, 108, 91, 118, 106, 109, 111, 123, 92, 114, 120, 71, 95, 80, 105, 116, 107, 99, 103]
    Layer 33: dist=[102, 120, 112, 119, 91, 102, 57, 94, 116, 116, 113, 113, 114, 115, 113, 116, 114, 117, 106, 109, 112, 96, 110, 113, 111, 119, 122, 118, 110, 111, 107, 104]
    Layer 34: dist=[110, 109, 112, 113, 105, 111, 108, 102, 53, 93, 114, 86, 117, 115, 120, 81, 82, 89, 126, 55, 119, 51, 118, 119, 122, 122, 125, 122, 54, 62, 68, 109]
    Layer 35: dist=[105, 123, 71, 97, 82, 36, 112, 100, 85, 94, 112, 96, 63, 28, 49, 40, 98, 74, 84, 48, 90, 102, 55, 54, 66, 49, 68, 72, 73, 115, 122, 117]

  [Taylor Step 2/3] OLS sigma per head (scaling V, streaming)...
    Layer  0: sigma=[0.616, 0.100, 0.100, 0.100, 0.332, 0.381, 0.100, 0.100, 0.100, 0.149, 0.100, 0.100, 0.100, 0.100, 0.100, 0.260, 0.100, 0.100, 0.100, 0.100, 0.100, 0.100, 0.100, 0.100, 0.100, 0.100, 0.350, 0.100, 0.100, 0.100, 0.161, 0.100]
    Layer  1: sigma=[0.350, 0.100, 0.100, 0.100, 0.100, 0.100, 0.100, 0.100, 0.100, 0.165, 0.249, 0.100, 0.100, 0.100, 0.100, 0.100, 0.100, 0.100, 0.100, 0.100, 0.100, 0.100, 0.100, 0.117, 0.100, 0.100, 0.116, 0.100, 0.100, 0.100, 0.100, 0.100]
    Layer  2: sigma=[0.100, 0.100, 0.100, 0.100, 0.100, 0.100, 0.100, 0.100, 0.109, 0.100, 0.100, 0.100, 0.100, 0.146, 0.100, 0.100, 0.100, 0.221, 0.100, 0.100, 0.100, 0.100, 0.100, 0.100, 0.100, 0.172, 0.100, 0.100, 0.100, 0.100, 0.100, 0.100]
    Layer  3: sigma=[0.100, 0.328, 0.100, 0.156, 0.100, 0.100, 0.100, 0.100, 0.100, 0.100, 0.100, 0.100, 0.100, 0.100, 0.100, 0.100, 0.100, 0.100, 0.100, 0.100, 0.100, 0.107, 0.100, 0.100, 0.100, 0.100, 0.100, 0.100, 0.100, 0.100, 0.100, 0.100]
    Layer  4: sigma=[0.100, 0.100, 0.100, 0.100, 0.100, 0.100, 0.100, 0.100, 0.100, 0.100, 0.100, 0.100, 0.100, 0.100, 0.100, 0.100, 0.100, 0.100, 0.100, 0.100, 0.133, 0.140, 0.311, 0.100, 0.100, 0.100, 0.100, 0.100, 0.100, 0.100, 0.100, 0.100]
    Layer  5: sigma=[0.100, 0.100, 0.100, 0.100, 0.100, 0.100, 0.100, 0.100, 0.100, 0.131, 0.100, 0.108, 0.100, 0.100, 0.100, 0.121, 0.100, 0.181, 0.100, 0.100, 0.100, 0.100, 0.100, 0.100, 0.100, 0.100, 0.100, 0.100, 0.100, 0.100, 0.100, 0.100]
    Layer  6: sigma=[0.100, 0.100, 0.100, 0.100, 0.100, 0.100, 0.100, 0.100, 0.100, 0.100, 0.100, 0.100, 0.100, 0.100, 0.100, 0.100, 0.100, 0.100, 0.100, 0.100, 0.157, 0.100, 0.100, 0.100, 0.100, 0.100, 0.100, 0.100, 0.100, 0.100, 0.100, 0.100]
    Layer  7: sigma=[0.100, 0.150, 0.100, 0.100, 0.116, 0.100, 0.100, 0.100, 0.100, 0.100, 0.100, 0.100, 0.100, 0.100, 0.100, 0.100, 0.100, 0.100, 0.100, 0.100, 0.100, 0.100, 0.100, 0.100, 0.100, 0.100, 0.100, 0.100, 0.100, 0.100, 0.100, 0.100]
    Layer  8: sigma=[0.100, 0.100, 0.100, 0.100, 0.100, 0.100, 0.100, 0.100, 0.100, 0.100, 0.100, 0.100, 0.100, 0.100, 0.100, 0.100, 0.100, 0.100, 0.100, 0.100, 0.100, 0.100, 0.100, 0.100, 0.100, 0.100, 0.100, 0.166, 0.100, 0.100, 0.100, 0.100]
    Layer  9: sigma=[0.100, 0.100, 0.100, 0.100, 0.100, 0.100, 0.100, 0.100, 0.100, 0.100, 0.100, 0.100, 0.100, 0.100, 0.556, 0.138, 0.100, 0.100, 0.100, 0.100, 0.100, 0.100, 0.100, 0.100, 0.100, 0.100, 0.100, 0.100, 0.100, 0.100, 0.100, 0.100]
    Layer 10: sigma=[0.100, 0.100, 0.100, 0.100, 0.100, 0.100, 0.100, 0.100, 0.100, 0.100, 0.100, 0.100, 0.100, 0.100, 0.100, 0.100, 0.100, 0.100, 0.100, 0.100, 0.100, 0.100, 0.100, 0.100, 0.100, 0.100, 0.100, 0.100, 0.100, 0.100, 0.100, 0.100]
    Layer 11: sigma=[0.100, 0.100, 0.100, 0.100, 0.147, 0.100, 0.100, 0.100, 0.100, 0.109, 0.100, 0.100, 0.100, 0.100, 0.248, 0.100, 0.100, 0.100, 0.100, 0.100, 0.100, 0.100, 0.100, 0.100, 0.100, 0.100, 0.169, 0.100, 0.100, 0.100, 0.100, 0.100]
    Layer 12: sigma=[0.100, 0.100, 0.100, 0.100, 0.100, 0.100, 0.100, 0.100, 0.100, 0.104, 0.100, 0.109, 0.100, 0.100, 0.100, 0.100, 0.100, 0.316, 0.145, 0.100, 0.100, 0.100, 0.100, 0.100, 0.100, 0.100, 0.100, 0.212, 0.100, 0.100, 0.121, 0.100]
    Layer 13: sigma=[0.230, 0.100, 0.100, 0.316, 0.100, 0.100, 0.100, 0.100, 0.100, 0.100, 0.100, 0.100, 0.100, 0.100, 0.100, 0.100, 0.100, 0.100, 0.100, 0.100, 0.100, 0.100, 0.100, 0.100, 0.100, 0.100, 0.100, 0.100, 0.100, 0.100, 0.100, 0.100]
    Layer 15: sigma=[0.100, 0.191, 0.100, 0.100, 0.100, 0.114, 0.100, 0.100, 0.100, 0.100, 0.100, 0.100, 0.208, 0.100, 0.100, 0.100, 0.100, 0.100, 0.100, 0.100, 0.100, 0.100, 0.100, 0.100, 0.132, 0.100, 0.100, 0.100, 0.100, 0.100, 0.100, 0.100]
    Layer 16: sigma=[0.100, 0.100, 0.100, 0.100, 0.100, 0.100, 0.100, 0.100, 0.100, 0.100, 0.100, 0.100, 0.100, 0.100, 0.100, 0.100, 0.100, 0.100, 0.100, 0.100, 0.100, 0.100, 0.100, 0.100, 0.100, 0.100, 0.100, 0.393, 0.100, 0.100, 0.100, 0.100]
    Layer 17: sigma=[0.100, 0.100, 0.100, 0.100, 0.100, 0.140, 0.100, 0.100, 0.100, 0.100, 0.100, 0.100, 0.100, 0.100, 0.100, 0.100, 0.136, 0.100, 0.100, 0.391, 0.100, 0.100, 0.100, 0.102, 0.133, 0.100, 0.425, 0.100, 0.100, 0.100, 0.100, 0.100]
    Layer 18: sigma=[0.100, 0.428, 0.100, 0.100, 0.100, 0.100, 0.100, 0.210, 0.100, 0.100, 0.100, 0.100, 0.100, 0.100, 0.100, 0.100, 0.182, 0.100, 0.100, 0.100, 0.100, 0.100, 0.100, 0.100, 0.100, 0.100, 0.100, 0.100, 0.100, 0.100, 0.100, 0.100]
    Layer 19: sigma=[0.100, 0.100, 0.100, 0.100, 0.100, 0.100, 0.100, 0.100, 0.100, 0.100, 0.100, 0.100, 0.134, 0.100, 0.100, 0.184, 0.100, 0.100, 0.100, 0.286, 0.100, 0.100, 0.100, 0.101, 0.100, 0.100, 0.100, 0.100, 0.100, 0.100, 0.100, 0.100]
    Layer 20: sigma=[0.100, 0.100, 0.100, 0.100, 0.100, 0.196, 0.100, 0.100, 0.146, 0.103, 0.100, 0.100, 0.100, 0.100, 0.100, 0.117, 0.100, 0.104, 0.100, 0.100, 0.100, 0.100, 0.100, 0.100, 0.100, 0.100, 0.100, 0.100, 0.100, 0.100, 0.100, 0.100]
    Layer 21: sigma=[0.100, 0.113, 0.100, 0.100, 0.100, 0.100, 0.100, 0.100, 0.100, 0.159, 0.100, 0.246, 0.100, 0.100, 0.100, 0.100, 0.100, 0.100, 0.100, 0.100, 0.100, 0.109, 0.100, 0.100, 0.151, 0.100, 0.100, 0.100, 0.100, 0.100, 0.313, 0.100]
    Layer 22: sigma=[0.140, 0.100, 0.100, 0.100, 0.151, 0.134, 0.100, 0.150, 0.100, 0.100, 0.100, 0.100, 0.100, 0.100, 0.100, 0.101, 0.100, 0.100, 0.100, 0.100, 0.100, 0.100, 0.100, 0.100, 0.100, 0.100, 0.100, 0.100, 0.100, 0.100, 0.100, 0.100]
    Layer 23: sigma=[0.171, 0.300, 0.195, 0.100, 0.100, 0.100, 0.114, 0.100, 0.100, 0.233, 0.100, 0.100, 0.100, 0.100, 0.101, 0.100, 0.100, 0.100, 0.100, 0.100, 0.100, 0.100, 0.100, 0.100, 0.100, 0.100, 0.100, 0.100, 0.100, 0.101, 0.166, 0.213]
    Layer 24: sigma=[0.100, 0.100, 0.100, 0.100, 0.100, 0.100, 0.100, 0.100, 0.100, 0.100, 0.100, 0.100, 0.100, 0.100, 0.100, 0.104, 0.100, 0.100, 0.100, 0.100, 0.100, 0.100, 0.100, 0.100, 0.202, 0.323, 0.100, 0.410, 0.100, 0.100, 0.100, 0.100]
    Layer 25: sigma=[0.100, 0.100, 0.100, 0.100, 0.100, 0.100, 0.100, 0.100, 0.100, 0.100, 0.100, 0.100, 0.100, 0.100, 0.100, 0.100, 0.100, 0.100, 0.100, 0.100, 0.100, 0.100, 0.100, 0.100, 0.100, 0.100, 0.100, 0.100, 0.100, 0.100, 0.100, 0.100]
    Layer 26: sigma=[0.100, 0.100, 0.100, 0.100, 0.100, 0.100, 0.100, 0.100, 0.100, 0.100, 0.100, 0.100, 0.100, 0.100, 0.100, 0.100, 0.100, 0.100, 0.100, 0.100, 0.100, 0.100, 0.100, 0.100, 0.100, 0.100, 0.100, 0.100, 0.100, 0.100, 0.100, 0.100]
    Layer 27: sigma=[0.100, 0.100, 0.100, 0.100, 0.100, 0.100, 0.100, 0.100, 0.100, 0.100, 0.100, 0.100, 0.100, 0.100, 0.100, 0.100, 0.100, 0.100, 0.100, 0.100, 0.100, 0.100, 0.100, 0.100, 0.100, 0.100, 0.100, 0.100, 0.100, 0.109, 0.100, 0.100]
    Layer 28: sigma=[0.100, 0.100, 0.100, 0.100, 0.100, 0.136, 0.100, 0.122, 0.100, 0.100, 0.100, 0.100, 0.100, 0.100, 0.100, 0.100, 0.100, 0.100, 0.100, 0.100, 0.100, 0.100, 0.100, 0.100, 0.100, 0.100, 0.100, 0.100, 0.100, 0.100, 0.100, 0.100]
    Layer 29: sigma=[0.100, 0.100, 0.100, 0.100, 0.100, 0.100, 0.100, 0.100, 0.100, 0.100, 0.100, 0.100, 0.100, 0.100, 0.100, 0.100, 0.100, 0.100, 0.100, 0.100, 0.100, 0.100, 0.100, 0.100, 0.100, 0.100, 0.100, 0.100, 0.100, 0.100, 0.100, 0.100]
    Layer 30: sigma=[0.100, 0.100, 0.100, 0.100, 0.100, 0.100, 0.100, 0.100, 0.100, 0.100, 0.100, 0.100, 0.100, 0.100, 0.100, 0.100, 0.100, 0.100, 0.100, 0.100, 0.100, 0.100, 0.100, 0.100, 0.100, 0.100, 0.100, 0.100, 0.100, 0.100, 0.100, 0.100]
    Layer 31: sigma=[0.100, 0.100, 0.100, 0.100, 0.100, 0.100, 0.100, 0.100, 0.100, 0.100, 0.100, 0.100, 0.100, 0.100, 0.100, 0.100, 0.100, 0.100, 0.100, 0.104, 0.100, 0.100, 0.100, 0.100, 0.100, 0.100, 0.100, 0.100, 0.100, 0.100, 0.100, 0.100]
    Layer 32: sigma=[0.100, 0.100, 0.100, 0.100, 0.100, 0.100, 0.100, 0.100, 0.100, 0.100, 0.100, 0.100, 0.100, 0.100, 0.100, 0.100, 0.100, 0.100, 0.100, 0.100, 0.100, 0.100, 0.100, 0.100, 0.100, 0.100, 0.100, 0.100, 0.100, 0.100, 0.100, 0.100]
    Layer 33: sigma=[0.100, 0.100, 0.100, 0.100, 0.100, 0.100, 0.100, 0.100, 0.100, 0.100, 0.100, 0.100, 0.100, 0.100, 0.100, 0.100, 0.100, 0.100, 0.100, 0.100, 0.100, 0.100, 0.100, 0.100, 0.100, 0.100, 0.100, 0.100, 0.100, 0.100, 0.100, 0.100]
    Layer 34: sigma=[0.100, 0.100, 0.100, 0.100, 0.100, 0.100, 0.100, 0.100, 0.100, 0.100, 0.100, 0.100, 0.100, 0.100, 0.100, 0.100, 0.100, 0.100, 0.100, 0.106, 0.100, 0.100, 0.100, 0.100, 0.100, 0.100, 0.100, 0.100, 0.100, 0.100, 0.100, 0.100]
    Layer 35: sigma=[0.100, 0.100, 0.100, 0.100, 0.100, 0.100, 0.100, 0.100, 0.100, 0.100, 0.100, 0.100, 0.100, 0.100, 0.100, 0.100, 0.100, 0.100, 0.100, 0.100, 0.100, 0.100, 0.152, 0.100, 0.100, 0.100, 0.100, 0.100, 0.100, 0.100, 0.100, 0.100]

  [Taylor Step 3/3] g_proj = v_proj * alpha (damping=0.01)...
    Layer  0: alpha=0.060368  teacher_rms=0.0163  v_rms=0.0027
    Layer  1: alpha=0.060808  teacher_rms=0.0205  v_rms=0.0034
    Layer  2: alpha=0.056958  teacher_rms=0.0214  v_rms=0.0038
    Layer  3: alpha=0.048588  teacher_rms=0.0259  v_rms=0.0053
    Layer  4: alpha=0.047503  teacher_rms=0.0304  v_rms=0.0064
    Layer  5: alpha=0.061940  teacher_rms=0.0409  v_rms=0.0066
    Layer  6: alpha=0.078281  teacher_rms=0.0621  v_rms=0.0079
    Layer  7: alpha=0.046052  teacher_rms=0.0530  v_rms=0.0115
    Layer  8: alpha=0.047702  teacher_rms=0.0708  v_rms=0.0148
    Layer  9: alpha=0.035604  teacher_rms=0.0713  v_rms=0.0200
    Layer 10: alpha=0.051225  teacher_rms=0.1092  v_rms=0.0213
    Layer 11: alpha=0.062436  teacher_rms=0.1046  v_rms=0.0167
    Layer 12: alpha=0.060597  teacher_rms=0.1207  v_rms=0.0199
    Layer 13: alpha=0.053620  teacher_rms=0.1040  v_rms=0.0194
    Layer 15: alpha=0.057651  teacher_rms=0.1576  v_rms=0.0273
    Layer 16: alpha=0.042810  teacher_rms=0.1473  v_rms=0.0344
    Layer 17: alpha=0.043863  teacher_rms=0.1753  v_rms=0.0400
    Layer 18: alpha=0.046566  teacher_rms=0.1990  v_rms=0.0427
    Layer 19: alpha=0.055515  teacher_rms=0.2060  v_rms=0.0371
    Layer 20: alpha=0.057080  teacher_rms=0.1966  v_rms=0.0344
    Layer 21: alpha=0.050585  teacher_rms=0.2373  v_rms=0.0469
    Layer 22: alpha=0.058407  teacher_rms=0.2834  v_rms=0.0485
    Layer 23: alpha=0.050944  teacher_rms=0.3098  v_rms=0.0608
    Layer 24: alpha=0.033394  teacher_rms=0.2897  v_rms=0.0867
    Layer 25: alpha=0.040058  teacher_rms=0.2376  v_rms=0.0593
    Layer 26: alpha=0.029256  teacher_rms=0.2124  v_rms=0.0726
    Layer 27: alpha=0.037009  teacher_rms=0.3083  v_rms=0.0833
    Layer 28: alpha=0.042050  teacher_rms=0.3705  v_rms=0.0881
    Layer 29: alpha=0.017344  teacher_rms=0.2548  v_rms=0.1469
    Layer 30: alpha=0.029045  teacher_rms=0.4297  v_rms=0.1480
    Layer 31: alpha=0.021203  teacher_rms=0.3785  v_rms=0.1785
    Layer 32: alpha=0.023899  teacher_rms=0.5288  v_rms=0.2213
    Layer 33: alpha=0.018560  teacher_rms=0.6404  v_rms=0.3451
    Layer 34: alpha=0.033159  teacher_rms=1.0325  v_rms=0.3114
    Layer 35: alpha=0.059191  teacher_rms=1.0168  v_rms=0.1718

  Set g_proj = v_proj * alpha in 35 GDN layers (damping=0.01).
  Init (taylor_init) done in 328.5s
  Layer 14: PPL = 9231725.00  (eval 13.1s)

============================================================
  Probing layer 15 | strategy=taylor_init
============================================================
Loading checkpoint shards:   0%|          | 0/4 [00:00<?, ?it/s]Loading checkpoint shards: 100%|██████████| 4/4 [00:00<00:00, 148.58it/s]
Could not cache non-existence of file. Will ignore error and continue. Error: [Errno 13] Permission denied: '/data/shared/huggingface/hub/models--Qwen--Qwen3-8B/.no_exist/b968826d9c46dd6066d109eabc6255188de91218/model.safetensors'
Loading checkpoint shards:   0%|          | 0/5 [00:00<?, ?it/s]Loading checkpoint shards: 100%|██████████| 5/5 [00:00<00:00, 189.32it/s]
Token indices sequence length is longer than the specified maximum sequence length for this model (2429029 > 131072). Running this sequence through the model will result in indexing errors
  [Taylor Step 1/3] Gate calibration from attention stats...
    Layer  0: dist=[32, 3, 12, 35, 12, 26, 9, 11, 19, 6, 8, 9, 18, 34, 31, 10, 16, 19, 16, 14, 13, 23, 4, 12, 5, 52, 10, 43, 15, 36, 15, 14]
    Layer  1: dist=[19, 38, 25, 44, 3, 15, 31, 11, 45, 36, 65, 60, 34, 47, 51, 38, 32, 54, 57, 33, 56, 24, 40, 40, 37, 9, 44, 41, 83, 31, 37, 49]
    Layer  2: dist=[65, 65, 67, 62, 26, 45, 33, 43, 39, 47, 56, 56, 53, 46, 46, 60, 61, 49, 54, 43, 49, 67, 48, 50, 25, 24, 21, 35, 73, 73, 77, 74]
    Layer  3: dist=[65, 26, 13, 22, 87, 93, 83, 73, 56, 53, 62, 58, 90, 73, 75, 74, 59, 62, 51, 67, 74, 60, 64, 65, 64, 56, 52, 59, 70, 63, 72, 65]
    Layer  4: dist=[62, 63, 73, 67, 73, 56, 61, 89, 68, 69, 63, 60, 55, 55, 71, 61, 62, 65, 67, 70, 64, 61, 47, 64, 41, 51, 48, 34, 51, 66, 55, 55]
    Layer  5: dist=[36, 48, 55, 35, 61, 68, 52, 51, 5, 18, 73, 61, 54, 78, 59, 52, 41, 32, 50, 48, 51, 55, 48, 59, 73, 73, 80, 80, 43, 44, 46, 58]
    Layer  6: dist=[27, 40, 30, 31, 52, 46, 67, 61, 46, 25, 43, 38, 56, 64, 56, 30, 47, 34, 45, 40, 20, 30, 32, 14, 35, 50, 32, 49, 47, 43, 37, 53]
    Layer  7: dist=[55, 60, 64, 87, 126, 114, 127, 121, 88, 119, 99, 72, 108, 23, 53, 97, 80, 101, 85, 81, 106, 86, 112, 116, 64, 78, 47, 86, 97, 101, 101, 106]
    Layer  8: dist=[83, 87, 90, 58, 81, 77, 69, 78, 86, 99, 87, 90, 94, 86, 96, 70, 116, 107, 103, 96, 92, 106, 100, 111, 92, 72, 95, 67, 84, 72, 79, 74]
    Layer  9: dist=[76, 60, 61, 67, 83, 97, 96, 74, 123, 120, 118, 112, 27, 87, 63, 85, 93, 100, 114, 125, 87, 77, 60, 70, 119, 81, 91, 97, 125, 113, 127, 123]
    Layer 10: dist=[76, 71, 58, 74, 85, 102, 64, 74, 63, 88, 106, 49, 88, 67, 82, 86, 87, 102, 100, 107, 88, 60, 107, 90, 93, 107, 84, 77, 76, 65, 82, 90]
    Layer 11: dist=[78, 65, 79, 48, 53, 61, 78, 77, 102, 123, 109, 93, 82, 64, 65, 69, 69, 63, 61, 51, 77, 107, 89, 87, 67, 59, 56, 54, 95, 55, 55, 94]
    Layer 12: dist=[21, 72, 79, 61, 87, 83, 66, 70, 63, 62, 74, 77, 86, 81, 82, 87, 39, 68, 59, 94, 102, 112, 97, 103, 93, 2, 107, 38, 81, 88, 113, 91]
    Layer 13: dist=[52, 68, 66, 62, 52, 51, 65, 40, 86, 63, 99, 122, 128, 115, 109, 124, 85, 72, 57, 61, 93, 55, 83, 90, 84, 59, 72, 76, 113, 111, 96, 99]
    Layer 14: dist=[44, 64, 65, 46, 62, 45, 64, 65, 54, 57, 70, 68, 69, 76, 65, 67, 77, 86, 51, 64, 65, 31, 51, 81, 52, 67, 73, 64, 85, 88, 8, 89]
    Layer 16: dist=[61, 57, 74, 85, 55, 58, 48, 55, 54, 82, 73, 84, 90, 69, 86, 86, 68, 71, 60, 62, 115, 118, 110, 103, 71, 54, 64, 10, 58, 59, 65, 56]
    Layer 17: dist=[111, 95, 79, 67, 53, 57, 39, 47, 90, 108, 79, 100, 40, 57, 71, 74, 44, 61, 61, 42, 75, 98, 93, 97, 58, 55, 57, 52, 53, 79, 93, 67]
    Layer 18: dist=[34, 45, 35, 33, 56, 78, 74, 57, 64, 67, 66, 79, 61, 60, 57, 62, 46, 74, 72, 52, 68, 47, 65, 96, 58, 62, 61, 63, 52, 53, 79, 56]
    Layer 19: dist=[73, 64, 63, 62, 76, 103, 54, 71, 81, 85, 84, 93, 63, 57, 75, 63, 84, 85, 49, 49, 21, 50, 33, 49, 102, 106, 102, 116, 77, 77, 73, 72]
    Layer 20: dist=[89, 79, 80, 77, 78, 51, 49, 57, 40, 36, 43, 39, 92, 79, 87, 96, 45, 51, 56, 39, 73, 111, 101, 98, 125, 97, 105, 85, 93, 79, 108, 108]
    Layer 21: dist=[44, 50, 56, 68, 115, 65, 96, 118, 118, 61, 71, 69, 46, 41, 44, 42, 75, 75, 83, 65, 89, 99, 95, 96, 64, 62, 60, 80, 73, 79, 60, 88]
    Layer 22: dist=[73, 60, 67, 63, 52, 72, 45, 56, 37, 49, 45, 59, 18, 86, 61, 64, 33, 79, 76, 41, 102, 115, 120, 121, 101, 84, 91, 95, 114, 92, 103, 95]
    Layer 23: dist=[39, 30, 48, 39, 110, 111, 41, 102, 79, 36, 45, 63, 75, 72, 79, 77, 82, 75, 74, 94, 72, 93, 82, 76, 78, 72, 68, 100, 91, 90, 83, 78]
    Layer 24: dist=[79, 124, 109, 101, 99, 109, 111, 97, 102, 105, 104, 84, 78, 75, 89, 74, 81, 86, 98, 88, 120, 103, 102, 117, 65, 73, 79, 51, 95, 111, 98, 88]
    Layer 25: dist=[105, 121, 118, 94, 71, 72, 107, 80, 96, 97, 85, 90, 65, 89, 50, 68, 93, 99, 97, 89, 102, 111, 105, 108, 110, 110, 99, 108, 88, 125, 98, 88]
    Layer 26: dist=[80, 88, 106, 68, 115, 113, 113, 110, 102, 107, 105, 98, 100, 124, 116, 116, 86, 93, 99, 95, 102, 113, 122, 114, 99, 97, 102, 93, 115, 96, 114, 95]
    Layer 27: dist=[87, 108, 103, 117, 98, 105, 101, 86, 77, 100, 107, 99, 78, 109, 80, 86, 96, 99, 99, 104, 91, 112, 113, 92, 110, 113, 116, 117, 107, 77, 92, 117]
    Layer 28: dist=[103, 92, 102, 102, 82, 63, 80, 76, 96, 107, 92, 89, 112, 105, 96, 101, 112, 104, 104, 108, 119, 71, 60, 89, 91, 88, 99, 99, 92, 92, 71, 95]
    Layer 29: dist=[113, 114, 114, 113, 90, 112, 94, 114, 119, 113, 122, 105, 120, 120, 119, 120, 116, 106, 115, 121, 123, 123, 107, 125, 100, 114, 97, 92, 106, 95, 106, 109]
    Layer 30: dist=[75, 102, 99, 100, 102, 100, 90, 67, 117, 117, 115, 120, 105, 104, 113, 101, 97, 78, 120, 122, 51, 120, 100, 110, 119, 119, 119, 118, 106, 110, 107, 102]
    Layer 31: dist=[119, 117, 99, 98, 112, 113, 114, 116, 114, 77, 87, 91, 117, 116, 117, 115, 101, 101, 106, 94, 119, 116, 108, 119, 112, 109, 89, 120, 112, 106, 102, 110]
    Layer 32: dist=[110, 114, 114, 111, 116, 119, 116, 117, 110, 111, 117, 115, 93, 113, 108, 91, 118, 106, 109, 111, 123, 92, 114, 120, 71, 95, 80, 105, 116, 107, 99, 103]
    Layer 33: dist=[102, 120, 112, 119, 91, 102, 57, 94, 116, 116, 113, 113, 114, 115, 113, 116, 114, 117, 106, 109, 112, 96, 110, 113, 111, 119, 122, 118, 110, 111, 107, 104]
    Layer 34: dist=[110, 109, 112, 113, 105, 111, 108, 102, 53, 93, 114, 86, 117, 115, 120, 81, 82, 89, 126, 55, 119, 51, 118, 119, 122, 122, 125, 122, 54, 62, 68, 109]
    Layer 35: dist=[105, 123, 71, 97, 82, 36, 112, 100, 85, 94, 112, 96, 63, 28, 49, 40, 98, 74, 84, 48, 90, 102, 55, 54, 66, 49, 68, 72, 73, 115, 122, 117]

  [Taylor Step 2/3] OLS sigma per head (scaling V, streaming)...
    Layer  0: sigma=[0.614, 0.100, 0.100, 0.100, 0.332, 0.379, 0.100, 0.100, 0.100, 0.147, 0.100, 0.100, 0.100, 0.100, 0.100, 0.259, 0.100, 0.100, 0.100, 0.100, 0.100, 0.100, 0.100, 0.100, 0.100, 0.100, 0.352, 0.100, 0.100, 0.100, 0.161, 0.100]
    Layer  1: sigma=[0.352, 0.100, 0.100, 0.100, 0.100, 0.100, 0.100, 0.100, 0.100, 0.168, 0.245, 0.100, 0.100, 0.100, 0.100, 0.100, 0.100, 0.100, 0.100, 0.100, 0.100, 0.100, 0.100, 0.117, 0.100, 0.100, 0.115, 0.100, 0.100, 0.100, 0.100, 0.100]
    Layer  2: sigma=[0.100, 0.100, 0.100, 0.100, 0.100, 0.100, 0.100, 0.100, 0.108, 0.100, 0.100, 0.100, 0.100, 0.145, 0.100, 0.100, 0.100, 0.220, 0.100, 0.100, 0.100, 0.100, 0.100, 0.100, 0.100, 0.172, 0.100, 0.100, 0.100, 0.100, 0.100, 0.100]
    Layer  3: sigma=[0.100, 0.327, 0.100, 0.154, 0.100, 0.100, 0.100, 0.100, 0.100, 0.100, 0.100, 0.100, 0.100, 0.100, 0.100, 0.100, 0.100, 0.100, 0.100, 0.100, 0.100, 0.107, 0.100, 0.100, 0.100, 0.100, 0.100, 0.100, 0.100, 0.100, 0.100, 0.100]
    Layer  4: sigma=[0.100, 0.100, 0.100, 0.100, 0.100, 0.100, 0.100, 0.100, 0.100, 0.100, 0.100, 0.100, 0.100, 0.100, 0.100, 0.100, 0.100, 0.100, 0.100, 0.100, 0.132, 0.140, 0.321, 0.100, 0.100, 0.100, 0.100, 0.100, 0.100, 0.100, 0.100, 0.100]
    Layer  5: sigma=[0.100, 0.100, 0.100, 0.100, 0.100, 0.100, 0.100, 0.100, 0.100, 0.133, 0.100, 0.110, 0.100, 0.100, 0.100, 0.122, 0.100, 0.177, 0.100, 0.100, 0.100, 0.100, 0.100, 0.100, 0.100, 0.100, 0.100, 0.100, 0.100, 0.100, 0.100, 0.100]
    Layer  6: sigma=[0.100, 0.100, 0.100, 0.100, 0.100, 0.100, 0.100, 0.100, 0.100, 0.100, 0.100, 0.100, 0.100, 0.100, 0.100, 0.100, 0.100, 0.100, 0.100, 0.100, 0.150, 0.100, 0.100, 0.100, 0.100, 0.100, 0.100, 0.100, 0.100, 0.100, 0.100, 0.100]
    Layer  7: sigma=[0.100, 0.165, 0.100, 0.100, 0.113, 0.100, 0.100, 0.100, 0.100, 0.100, 0.100, 0.102, 0.100, 0.100, 0.100, 0.100, 0.100, 0.100, 0.100, 0.100, 0.100, 0.100, 0.100, 0.100, 0.100, 0.100, 0.100, 0.100, 0.100, 0.100, 0.100, 0.100]
    Layer  8: sigma=[0.100, 0.100, 0.100, 0.100, 0.100, 0.100, 0.100, 0.100, 0.100, 0.100, 0.100, 0.100, 0.100, 0.100, 0.100, 0.100, 0.100, 0.100, 0.100, 0.100, 0.100, 0.100, 0.100, 0.100, 0.100, 0.100, 0.100, 0.173, 0.100, 0.100, 0.100, 0.100]
    Layer  9: sigma=[0.100, 0.100, 0.100, 0.100, 0.100, 0.100, 0.100, 0.100, 0.100, 0.100, 0.100, 0.100, 0.100, 0.100, 0.613, 0.129, 0.100, 0.100, 0.100, 0.100, 0.100, 0.100, 0.100, 0.100, 0.100, 0.100, 0.100, 0.100, 0.100, 0.100, 0.100, 0.100]
    Layer 10: sigma=[0.100, 0.100, 0.100, 0.100, 0.100, 0.100, 0.100, 0.100, 0.100, 0.100, 0.100, 0.100, 0.100, 0.100, 0.100, 0.100, 0.100, 0.100, 0.100, 0.100, 0.100, 0.100, 0.100, 0.100, 0.100, 0.100, 0.100, 0.100, 0.100, 0.100, 0.100, 0.100]
    Layer 11: sigma=[0.100, 0.100, 0.100, 0.100, 0.149, 0.100, 0.100, 0.100, 0.100, 0.100, 0.100, 0.100, 0.100, 0.100, 0.257, 0.100, 0.100, 0.100, 0.100, 0.100, 0.100, 0.100, 0.100, 0.100, 0.100, 0.100, 0.166, 0.100, 0.100, 0.100, 0.100, 0.100]
    Layer 12: sigma=[0.100, 0.100, 0.100, 0.100, 0.100, 0.100, 0.100, 0.100, 0.100, 0.106, 0.100, 0.108, 0.100, 0.100, 0.100, 0.100, 0.100, 0.309, 0.174, 0.100, 0.100, 0.100, 0.100, 0.100, 0.100, 0.100, 0.100, 0.217, 0.100, 0.100, 0.121, 0.100]
    Layer 13: sigma=[0.231, 0.100, 0.100, 0.307, 0.100, 0.100, 0.100, 0.100, 0.100, 0.100, 0.100, 0.100, 0.100, 0.100, 0.100, 0.100, 0.100, 0.100, 0.100, 0.110, 0.100, 0.100, 0.100, 0.100, 0.100, 0.100, 0.100, 0.100, 0.100, 0.100, 0.100, 0.100]
    Layer 14: sigma=[0.100, 0.100, 0.100, 0.100, 0.100, 0.436, 0.100, 0.100, 0.100, 0.100, 0.100, 0.100, 0.100, 0.100, 0.100, 0.100, 0.100, 0.100, 0.100, 0.100, 0.100, 0.100, 0.100, 0.100, 0.112, 0.118, 0.100, 0.100, 0.100, 0.100, 0.100, 0.100]
    Layer 16: sigma=[0.100, 0.100, 0.100, 0.100, 0.100, 0.100, 0.100, 0.100, 0.100, 0.100, 0.100, 0.100, 0.100, 0.100, 0.100, 0.100, 0.100, 0.100, 0.100, 0.100, 0.100, 0.100, 0.100, 0.100, 0.100, 0.100, 0.100, 0.414, 0.100, 0.100, 0.100, 0.100]
    Layer 17: sigma=[0.100, 0.100, 0.100, 0.100, 0.100, 0.137, 0.100, 0.100, 0.100, 0.100, 0.100, 0.100, 0.100, 0.100, 0.100, 0.100, 0.132, 0.100, 0.100, 0.365, 0.100, 0.100, 0.100, 0.107, 0.151, 0.100, 0.374, 0.100, 0.100, 0.100, 0.100, 0.100]
    Layer 18: sigma=[0.100, 0.542, 0.100, 0.100, 0.100, 0.100, 0.100, 0.194, 0.100, 0.100, 0.100, 0.100, 0.100, 0.100, 0.100, 0.100, 0.178, 0.100, 0.100, 0.100, 0.100, 0.100, 0.100, 0.100, 0.100, 0.100, 0.100, 0.100, 0.100, 0.100, 0.100, 0.100]
    Layer 19: sigma=[0.100, 0.100, 0.100, 0.100, 0.100, 0.100, 0.100, 0.100, 0.100, 0.100, 0.100, 0.100, 0.141, 0.100, 0.100, 0.189, 0.100, 0.100, 0.100, 0.325, 0.100, 0.100, 0.100, 0.105, 0.100, 0.100, 0.100, 0.100, 0.100, 0.100, 0.100, 0.100]
    Layer 20: sigma=[0.100, 0.100, 0.100, 0.100, 0.100, 0.186, 0.100, 0.100, 0.151, 0.105, 0.100, 0.100, 0.100, 0.100, 0.100, 0.131, 0.100, 0.100, 0.100, 0.100, 0.100, 0.100, 0.100, 0.100, 0.100, 0.100, 0.100, 0.100, 0.100, 0.100, 0.100, 0.100]
    Layer 21: sigma=[0.100, 0.137, 0.100, 0.100, 0.100, 0.100, 0.100, 0.100, 0.100, 0.156, 0.100, 0.283, 0.100, 0.100, 0.124, 0.100, 0.100, 0.100, 0.100, 0.100, 0.100, 0.109, 0.100, 0.100, 0.107, 0.100, 0.100, 0.100, 0.100, 0.100, 0.231, 0.100]
    Layer 22: sigma=[0.143, 0.100, 0.100, 0.100, 0.176, 0.111, 0.100, 0.200, 0.119, 0.100, 0.100, 0.100, 0.100, 0.100, 0.100, 0.118, 0.100, 0.100, 0.100, 0.100, 0.100, 0.100, 0.100, 0.100, 0.100, 0.100, 0.100, 0.100, 0.100, 0.100, 0.100, 0.100]
    Layer 23: sigma=[0.176, 0.234, 0.213, 0.100, 0.100, 0.100, 0.129, 0.100, 0.100, 0.221, 0.100, 0.100, 0.100, 0.100, 0.100, 0.100, 0.100, 0.100, 0.100, 0.100, 0.100, 0.100, 0.100, 0.100, 0.100, 0.100, 0.100, 0.100, 0.100, 0.100, 0.180, 0.250]
    Layer 24: sigma=[0.100, 0.100, 0.100, 0.100, 0.100, 0.100, 0.100, 0.100, 0.108, 0.100, 0.100, 0.100, 0.100, 0.100, 0.100, 0.155, 0.100, 0.100, 0.100, 0.100, 0.100, 0.100, 0.100, 0.100, 0.229, 0.385, 0.100, 0.354, 0.100, 0.100, 0.100, 0.100]
    Layer 25: sigma=[0.100, 0.100, 0.100, 0.100, 0.100, 0.100, 0.100, 0.100, 0.100, 0.100, 0.100, 0.100, 0.100, 0.100, 0.127, 0.100, 0.100, 0.100, 0.100, 0.100, 0.100, 0.100, 0.100, 0.100, 0.100, 0.100, 0.100, 0.100, 0.100, 0.100, 0.100, 0.100]
    Layer 26: sigma=[0.100, 0.100, 0.100, 0.100, 0.100, 0.100, 0.100, 0.100, 0.100, 0.100, 0.100, 0.100, 0.100, 0.100, 0.100, 0.100, 0.100, 0.100, 0.100, 0.100, 0.100, 0.100, 0.100, 0.100, 0.100, 0.100, 0.100, 0.100, 0.100, 0.100, 0.100, 0.100]
    Layer 27: sigma=[0.100, 0.100, 0.100, 0.100, 0.100, 0.100, 0.100, 0.100, 0.100, 0.100, 0.100, 0.100, 0.100, 0.100, 0.100, 0.100, 0.100, 0.100, 0.100, 0.100, 0.100, 0.100, 0.100, 0.100, 0.100, 0.100, 0.100, 0.100, 0.100, 0.110, 0.100, 0.100]
    Layer 28: sigma=[0.100, 0.100, 0.100, 0.100, 0.100, 0.100, 0.100, 0.100, 0.100, 0.100, 0.100, 0.100, 0.100, 0.100, 0.100, 0.100, 0.100, 0.100, 0.100, 0.100, 0.100, 0.100, 0.100, 0.100, 0.100, 0.100, 0.100, 0.100, 0.100, 0.100, 0.100, 0.100]
    Layer 29: sigma=[0.100, 0.100, 0.100, 0.100, 0.100, 0.100, 0.100, 0.100, 0.100, 0.100, 0.100, 0.100, 0.100, 0.100, 0.100, 0.100, 0.100, 0.100, 0.100, 0.100, 0.100, 0.100, 0.100, 0.100, 0.100, 0.100, 0.100, 0.100, 0.100, 0.100, 0.100, 0.100]
    Layer 30: sigma=[0.100, 0.100, 0.100, 0.100, 0.100, 0.100, 0.100, 0.100, 0.100, 0.100, 0.100, 0.100, 0.100, 0.100, 0.100, 0.100, 0.100, 0.100, 0.100, 0.100, 0.100, 0.100, 0.100, 0.100, 0.100, 0.100, 0.100, 0.100, 0.100, 0.100, 0.100, 0.100]
    Layer 31: sigma=[0.100, 0.100, 0.100, 0.100, 0.100, 0.100, 0.100, 0.100, 0.100, 0.100, 0.100, 0.100, 0.100, 0.100, 0.100, 0.100, 0.100, 0.100, 0.100, 0.103, 0.100, 0.100, 0.100, 0.100, 0.100, 0.100, 0.100, 0.100, 0.100, 0.100, 0.100, 0.100]
    Layer 32: sigma=[0.100, 0.100, 0.100, 0.100, 0.100, 0.100, 0.100, 0.100, 0.100, 0.100, 0.100, 0.100, 0.100, 0.100, 0.100, 0.100, 0.100, 0.100, 0.100, 0.100, 0.100, 0.100, 0.100, 0.100, 0.100, 0.100, 0.100, 0.100, 0.100, 0.100, 0.100, 0.100]
    Layer 33: sigma=[0.100, 0.100, 0.100, 0.100, 0.100, 0.100, 0.100, 0.100, 0.100, 0.100, 0.100, 0.100, 0.100, 0.100, 0.100, 0.100, 0.100, 0.100, 0.100, 0.100, 0.100, 0.100, 0.100, 0.100, 0.100, 0.100, 0.100, 0.100, 0.100, 0.100, 0.100, 0.100]
    Layer 34: sigma=[0.100, 0.100, 0.100, 0.100, 0.100, 0.100, 0.100, 0.100, 0.100, 0.100, 0.100, 0.100, 0.100, 0.100, 0.100, 0.100, 0.100, 0.100, 0.100, 0.100, 0.100, 0.100, 0.100, 0.100, 0.100, 0.100, 0.100, 0.100, 0.100, 0.100, 0.100, 0.100]
    Layer 35: sigma=[0.100, 0.100, 0.100, 0.100, 0.100, 0.100, 0.100, 0.100, 0.100, 0.100, 0.100, 0.100, 0.100, 0.100, 0.100, 0.100, 0.100, 0.100, 0.100, 0.100, 0.100, 0.100, 0.141, 0.100, 0.100, 0.100, 0.100, 0.100, 0.100, 0.100, 0.100, 0.100]

  [Taylor Step 3/3] g_proj = v_proj * alpha (damping=0.01)...
    Layer  0: alpha=0.060471  teacher_rms=0.0163  v_rms=0.0027
    Layer  1: alpha=0.060789  teacher_rms=0.0205  v_rms=0.0034
    Layer  2: alpha=0.057000  teacher_rms=0.0214  v_rms=0.0038
    Layer  3: alpha=0.048644  teacher_rms=0.0259  v_rms=0.0053
    Layer  4: alpha=0.047274  teacher_rms=0.0304  v_rms=0.0064
    Layer  5: alpha=0.061945  teacher_rms=0.0409  v_rms=0.0066
    Layer  6: alpha=0.078538  teacher_rms=0.0621  v_rms=0.0079
    Layer  7: alpha=0.045721  teacher_rms=0.0530  v_rms=0.0116
    Layer  8: alpha=0.047514  teacher_rms=0.0708  v_rms=0.0149
    Layer  9: alpha=0.034043  teacher_rms=0.0713  v_rms=0.0209
    Layer 10: alpha=0.051225  teacher_rms=0.1092  v_rms=0.0213
    Layer 11: alpha=0.062281  teacher_rms=0.1046  v_rms=0.0168
    Layer 12: alpha=0.060246  teacher_rms=0.1207  v_rms=0.0200
    Layer 13: alpha=0.053752  teacher_rms=0.1040  v_rms=0.0193
    Layer 14: alpha=0.062660  teacher_rms=0.1547  v_rms=0.0247
    Layer 16: alpha=0.042217  teacher_rms=0.1473  v_rms=0.0349
    Layer 17: alpha=0.045510  teacher_rms=0.1753  v_rms=0.0385
    Layer 18: alpha=0.041271  teacher_rms=0.1990  v_rms=0.0482
    Layer 19: alpha=0.053931  teacher_rms=0.2060  v_rms=0.0382
    Layer 20: alpha=0.057065  teacher_rms=0.1966  v_rms=0.0345
    Layer 21: alpha=0.052527  teacher_rms=0.2373  v_rms=0.0452
    Layer 22: alpha=0.056380  teacher_rms=0.2834  v_rms=0.0503
    Layer 23: alpha=0.051075  teacher_rms=0.3098  v_rms=0.0607
    Layer 24: alpha=0.033557  teacher_rms=0.2897  v_rms=0.0863
    Layer 25: alpha=0.039760  teacher_rms=0.2376  v_rms=0.0598
    Layer 26: alpha=0.029256  teacher_rms=0.2124  v_rms=0.0726
    Layer 27: alpha=0.037002  teacher_rms=0.3083  v_rms=0.0833
    Layer 28: alpha=0.042758  teacher_rms=0.3705  v_rms=0.0867
    Layer 29: alpha=0.017344  teacher_rms=0.2548  v_rms=0.1469
    Layer 30: alpha=0.029041  teacher_rms=0.4297  v_rms=0.1480
    Layer 31: alpha=0.021205  teacher_rms=0.3785  v_rms=0.1785
    Layer 32: alpha=0.023899  teacher_rms=0.5288  v_rms=0.2213
    Layer 33: alpha=0.018560  teacher_rms=0.6404  v_rms=0.3451
    Layer 34: alpha=0.033190  teacher_rms=1.0325  v_rms=0.3111
    Layer 35: alpha=0.059419  teacher_rms=1.0168  v_rms=0.1711

  Set g_proj = v_proj * alpha in 35 GDN layers (damping=0.01).
  Init (taylor_init) done in 337.1s
  Layer 15: PPL = 10562505.00  (eval 13.3s)

============================================================
  Probing layer 16 | strategy=taylor_init
============================================================
Loading checkpoint shards:   0%|          | 0/4 [00:00<?, ?it/s]Loading checkpoint shards: 100%|██████████| 4/4 [00:00<00:00, 149.08it/s]
Could not cache non-existence of file. Will ignore error and continue. Error: [Errno 13] Permission denied: '/data/shared/huggingface/hub/models--Qwen--Qwen3-8B/.no_exist/b968826d9c46dd6066d109eabc6255188de91218/model.safetensors'
Loading checkpoint shards:   0%|          | 0/5 [00:00<?, ?it/s]Loading checkpoint shards:  80%|████████  | 4/5 [00:00<00:00, 39.16it/s]Loading checkpoint shards: 100%|██████████| 5/5 [00:00<00:00, 48.11it/s]
Token indices sequence length is longer than the specified maximum sequence length for this model (2429029 > 131072). Running this sequence through the model will result in indexing errors
  [Taylor Step 1/3] Gate calibration from attention stats...
    Layer  0: dist=[32, 3, 12, 35, 12, 26, 9, 11, 19, 6, 8, 9, 18, 34, 31, 10, 16, 19, 16, 14, 13, 23, 4, 12, 5, 52, 10, 43, 15, 36, 15, 14]
    Layer  1: dist=[19, 38, 25, 44, 3, 15, 31, 11, 45, 36, 65, 60, 34, 47, 51, 38, 32, 54, 57, 33, 56, 24, 40, 40, 37, 9, 44, 41, 83, 31, 37, 49]
    Layer  2: dist=[65, 65, 67, 62, 26, 45, 33, 43, 39, 47, 56, 56, 53, 46, 46, 60, 61, 49, 54, 43, 49, 67, 48, 50, 25, 24, 21, 35, 73, 73, 77, 74]
    Layer  3: dist=[65, 26, 13, 22, 87, 93, 83, 73, 56, 53, 62, 58, 90, 73, 75, 74, 59, 62, 51, 67, 74, 60, 64, 65, 64, 56, 52, 59, 70, 63, 72, 65]
    Layer  4: dist=[62, 63, 73, 67, 73, 56, 61, 89, 68, 69, 63, 60, 55, 55, 71, 61, 62, 65, 67, 70, 64, 61, 47, 64, 41, 51, 48, 34, 51, 66, 55, 55]
    Layer  5: dist=[36, 48, 55, 35, 61, 68, 52, 51, 5, 18, 73, 61, 54, 78, 59, 52, 41, 32, 50, 48, 51, 55, 48, 59, 73, 73, 80, 80, 43, 44, 46, 58]
    Layer  6: dist=[27, 40, 30, 31, 52, 46, 67, 61, 46, 25, 43, 38, 56, 64, 56, 30, 47, 34, 45, 40, 20, 30, 32, 14, 35, 50, 32, 49, 47, 43, 37, 53]
    Layer  7: dist=[55, 60, 64, 87, 126, 114, 127, 121, 88, 119, 99, 72, 108, 23, 53, 97, 80, 101, 85, 81, 106, 86, 112, 116, 64, 78, 47, 86, 97, 101, 101, 106]
    Layer  8: dist=[83, 87, 90, 58, 81, 77, 69, 78, 86, 99, 87, 90, 94, 86, 96, 70, 116, 107, 103, 96, 92, 106, 100, 111, 92, 72, 95, 67, 84, 72, 79, 74]
    Layer  9: dist=[76, 60, 61, 67, 83, 97, 96, 74, 123, 120, 118, 112, 27, 87, 63, 85, 93, 100, 114, 125, 87, 77, 60, 70, 119, 81, 91, 97, 125, 113, 127, 123]
    Layer 10: dist=[76, 71, 58, 74, 85, 102, 64, 74, 63, 88, 106, 49, 88, 67, 82, 86, 87, 102, 100, 107, 88, 60, 107, 90, 93, 107, 84, 77, 76, 65, 82, 90]
    Layer 11: dist=[78, 65, 79, 48, 53, 61, 78, 77, 102, 123, 109, 93, 82, 64, 65, 69, 69, 63, 61, 51, 77, 107, 89, 87, 67, 59, 56, 54, 95, 55, 55, 94]
    Layer 12: dist=[21, 72, 79, 61, 87, 83, 66, 70, 63, 62, 74, 77, 86, 81, 82, 87, 39, 68, 59, 94, 102, 112, 97, 103, 93, 2, 107, 38, 81, 88, 113, 91]
    Layer 13: dist=[52, 68, 66, 62, 52, 51, 65, 40, 86, 63, 99, 122, 128, 115, 109, 124, 85, 72, 57, 61, 93, 55, 83, 90, 84, 59, 72, 76, 113, 111, 96, 99]
    Layer 14: dist=[44, 64, 65, 46, 62, 45, 64, 65, 54, 57, 70, 68, 69, 76, 65, 67, 77, 86, 51, 64, 65, 31, 51, 81, 52, 67, 73, 64, 85, 88, 8, 89]
    Layer 15: dist=[80, 44, 79, 38, 37, 38, 79, 67, 90, 60, 46, 104, 68, 107, 79, 89, 61, 57, 64, 68, 58, 60, 50, 51, 49, 34, 86, 62, 72, 84, 71, 49]
    Layer 17: dist=[111, 95, 79, 67, 53, 57, 39, 47, 90, 108, 79, 100, 40, 57, 71, 74, 44, 61, 61, 42, 75, 98, 93, 97, 58, 55, 57, 52, 53, 79, 93, 67]
    Layer 18: dist=[34, 45, 35, 33, 56, 78, 74, 57, 64, 67, 66, 79, 61, 60, 57, 62, 46, 74, 72, 52, 68, 47, 65, 96, 58, 62, 61, 63, 52, 53, 79, 56]
    Layer 19: dist=[73, 64, 63, 62, 76, 103, 54, 71, 81, 85, 84, 93, 63, 57, 75, 63, 84, 85, 49, 49, 21, 50, 33, 49, 102, 106, 102, 116, 77, 77, 73, 72]
    Layer 20: dist=[89, 79, 80, 77, 78, 51, 49, 57, 40, 36, 43, 39, 92, 79, 87, 96, 45, 51, 56, 39, 73, 111, 101, 98, 125, 97, 105, 85, 93, 79, 108, 108]
    Layer 21: dist=[44, 50, 56, 68, 115, 65, 96, 118, 118, 61, 71, 69, 46, 41, 44, 42, 75, 75, 83, 65, 89, 99, 95, 96, 64, 62, 60, 80, 73, 79, 60, 88]
    Layer 22: dist=[73, 60, 67, 63, 52, 72, 45, 56, 37, 49, 45, 59, 18, 86, 61, 64, 33, 79, 76, 41, 102, 115, 120, 121, 101, 84, 91, 95, 114, 92, 103, 95]
    Layer 23: dist=[39, 30, 48, 39, 110, 111, 41, 102, 79, 36, 45, 63, 75, 72, 79, 77, 82, 75, 74, 94, 72, 93, 82, 76, 78, 72, 68, 100, 91, 90, 83, 78]
    Layer 24: dist=[79, 124, 109, 101, 99, 109, 111, 97, 102, 105, 104, 84, 78, 75, 89, 74, 81, 86, 98, 88, 120, 103, 102, 117, 65, 73, 79, 51, 95, 111, 98, 88]
    Layer 25: dist=[105, 121, 118, 94, 71, 72, 107, 80, 96, 97, 85, 90, 65, 89, 50, 68, 93, 99, 97, 89, 102, 111, 105, 108, 110, 110, 99, 108, 88, 125, 98, 88]
    Layer 26: dist=[80, 88, 106, 68, 115, 113, 113, 110, 102, 107, 105, 98, 100, 124, 116, 116, 86, 93, 99, 95, 102, 113, 122, 114, 99, 97, 102, 93, 115, 96, 114, 95]
    Layer 27: dist=[87, 108, 103, 117, 98, 105, 101, 86, 77, 100, 107, 99, 78, 109, 80, 86, 96, 99, 99, 104, 91, 112, 113, 92, 110, 113, 116, 117, 107, 77, 92, 117]
    Layer 28: dist=[103, 92, 102, 102, 82, 63, 80, 76, 96, 107, 92, 89, 112, 105, 96, 101, 112, 104, 104, 108, 119, 71, 60, 89, 91, 88, 99, 99, 92, 92, 71, 95]
    Layer 29: dist=[113, 114, 114, 113, 90, 112, 94, 114, 119, 113, 122, 105, 120, 120, 119, 120, 116, 106, 115, 121, 123, 123, 107, 125, 100, 114, 97, 92, 106, 95, 106, 109]
    Layer 30: dist=[75, 102, 99, 100, 102, 100, 90, 67, 117, 117, 115, 120, 105, 104, 113, 101, 97, 78, 120, 122, 51, 120, 100, 110, 119, 119, 119, 118, 106, 110, 107, 102]
    Layer 31: dist=[119, 117, 99, 98, 112, 113, 114, 116, 114, 77, 87, 91, 117, 116, 117, 115, 101, 101, 106, 94, 119, 116, 108, 119, 112, 109, 89, 120, 112, 106, 102, 110]
    Layer 32: dist=[110, 114, 114, 111, 116, 119, 116, 117, 110, 111, 117, 115, 93, 113, 108, 91, 118, 106, 109, 111, 123, 92, 114, 120, 71, 95, 80, 105, 116, 107, 99, 103]
    Layer 33: dist=[102, 120, 112, 119, 91, 102, 57, 94, 116, 116, 113, 113, 114, 115, 113, 116, 114, 117, 106, 109, 112, 96, 110, 113, 111, 119, 122, 118, 110, 111, 107, 104]
    Layer 34: dist=[110, 109, 112, 113, 105, 111, 108, 102, 53, 93, 114, 86, 117, 115, 120, 81, 82, 89, 126, 55, 119, 51, 118, 119, 122, 122, 125, 122, 54, 62, 68, 109]
    Layer 35: dist=[105, 123, 71, 97, 82, 36, 112, 100, 85, 94, 112, 96, 63, 28, 49, 40, 98, 74, 84, 48, 90, 102, 55, 54, 66, 49, 68, 72, 73, 115, 122, 117]

  [Taylor Step 2/3] OLS sigma per head (scaling V, streaming)...
    Layer  0: sigma=[0.614, 0.100, 0.100, 0.100, 0.332, 0.378, 0.100, 0.100, 0.100, 0.149, 0.100, 0.100, 0.100, 0.100, 0.100, 0.259, 0.100, 0.100, 0.100, 0.100, 0.100, 0.100, 0.100, 0.100, 0.100, 0.100, 0.351, 0.100, 0.100, 0.100, 0.161, 0.100]
    Layer  1: sigma=[0.349, 0.100, 0.100, 0.100, 0.100, 0.100, 0.100, 0.100, 0.100, 0.164, 0.244, 0.100, 0.100, 0.100, 0.100, 0.100, 0.100, 0.100, 0.100, 0.100, 0.100, 0.100, 0.100, 0.117, 0.100, 0.100, 0.113, 0.100, 0.100, 0.100, 0.100, 0.100]
    Layer  2: sigma=[0.100, 0.100, 0.100, 0.100, 0.100, 0.100, 0.100, 0.100, 0.109, 0.100, 0.100, 0.100, 0.100, 0.146, 0.100, 0.100, 0.100, 0.220, 0.100, 0.100, 0.100, 0.100, 0.100, 0.100, 0.100, 0.172, 0.100, 0.100, 0.100, 0.100, 0.100, 0.100]
    Layer  3: sigma=[0.100, 0.327, 0.100, 0.157, 0.100, 0.100, 0.100, 0.100, 0.100, 0.100, 0.100, 0.100, 0.100, 0.100, 0.100, 0.100, 0.100, 0.100, 0.100, 0.100, 0.100, 0.107, 0.100, 0.100, 0.100, 0.100, 0.100, 0.100, 0.100, 0.100, 0.100, 0.100]
    Layer  4: sigma=[0.100, 0.100, 0.100, 0.100, 0.100, 0.100, 0.100, 0.100, 0.100, 0.100, 0.100, 0.100, 0.100, 0.100, 0.100, 0.100, 0.100, 0.100, 0.100, 0.100, 0.132, 0.137, 0.313, 0.100, 0.100, 0.100, 0.100, 0.100, 0.100, 0.100, 0.100, 0.100]
    Layer  5: sigma=[0.100, 0.100, 0.100, 0.100, 0.100, 0.100, 0.100, 0.100, 0.100, 0.135, 0.100, 0.112, 0.100, 0.100, 0.100, 0.122, 0.100, 0.185, 0.100, 0.100, 0.100, 0.100, 0.100, 0.100, 0.100, 0.100, 0.100, 0.100, 0.100, 0.100, 0.100, 0.100]
    Layer  6: sigma=[0.100, 0.100, 0.100, 0.100, 0.100, 0.100, 0.100, 0.100, 0.100, 0.100, 0.100, 0.100, 0.100, 0.100, 0.100, 0.100, 0.100, 0.100, 0.100, 0.100, 0.154, 0.100, 0.100, 0.100, 0.100, 0.100, 0.100, 0.100, 0.100, 0.100, 0.100, 0.100]
    Layer  7: sigma=[0.100, 0.159, 0.100, 0.100, 0.121, 0.100, 0.100, 0.100, 0.100, 0.100, 0.100, 0.100, 0.100, 0.100, 0.100, 0.100, 0.100, 0.100, 0.100, 0.100, 0.100, 0.100, 0.100, 0.100, 0.100, 0.100, 0.100, 0.100, 0.100, 0.100, 0.100, 0.100]
    Layer  8: sigma=[0.100, 0.100, 0.100, 0.100, 0.100, 0.100, 0.100, 0.100, 0.100, 0.100, 0.100, 0.100, 0.100, 0.100, 0.100, 0.100, 0.100, 0.100, 0.100, 0.100, 0.100, 0.100, 0.100, 0.100, 0.100, 0.100, 0.100, 0.180, 0.100, 0.100, 0.100, 0.100]
    Layer  9: sigma=[0.100, 0.100, 0.100, 0.100, 0.100, 0.100, 0.100, 0.100, 0.100, 0.100, 0.100, 0.100, 0.100, 0.100, 0.568, 0.132, 0.100, 0.100, 0.100, 0.100, 0.100, 0.100, 0.100, 0.100, 0.100, 0.100, 0.100, 0.100, 0.100, 0.100, 0.100, 0.100]
    Layer 10: sigma=[0.100, 0.100, 0.100, 0.100, 0.100, 0.100, 0.100, 0.100, 0.100, 0.100, 0.100, 0.107, 0.100, 0.100, 0.100, 0.100, 0.100, 0.100, 0.100, 0.100, 0.100, 0.100, 0.100, 0.100, 0.100, 0.100, 0.100, 0.100, 0.100, 0.100, 0.100, 0.100]
    Layer 11: sigma=[0.100, 0.100, 0.100, 0.100, 0.146, 0.100, 0.100, 0.100, 0.100, 0.108, 0.100, 0.100, 0.100, 0.100, 0.284, 0.100, 0.100, 0.100, 0.100, 0.100, 0.100, 0.100, 0.100, 0.100, 0.100, 0.100, 0.165, 0.100, 0.100, 0.100, 0.100, 0.100]
    Layer 12: sigma=[0.100, 0.100, 0.100, 0.100, 0.100, 0.100, 0.100, 0.100, 0.100, 0.108, 0.100, 0.108, 0.100, 0.100, 0.100, 0.100, 0.100, 0.342, 0.138, 0.100, 0.100, 0.100, 0.100, 0.100, 0.100, 0.100, 0.100, 0.213, 0.100, 0.100, 0.116, 0.100]
    Layer 13: sigma=[0.225, 0.100, 0.100, 0.315, 0.100, 0.100, 0.100, 0.100, 0.100, 0.100, 0.100, 0.100, 0.100, 0.100, 0.100, 0.100, 0.100, 0.100, 0.100, 0.114, 0.100, 0.100, 0.100, 0.100, 0.100, 0.100, 0.100, 0.100, 0.100, 0.100, 0.100, 0.100]
    Layer 14: sigma=[0.100, 0.100, 0.100, 0.100, 0.100, 0.373, 0.100, 0.100, 0.100, 0.100, 0.100, 0.100, 0.100, 0.100, 0.100, 0.100, 0.100, 0.100, 0.100, 0.100, 0.100, 0.100, 0.100, 0.100, 0.112, 0.111, 0.100, 0.100, 0.100, 0.100, 0.100, 0.100]
    Layer 15: sigma=[0.100, 0.211, 0.100, 0.100, 0.100, 0.109, 0.100, 0.100, 0.100, 0.100, 0.100, 0.100, 0.208, 0.100, 0.100, 0.100, 0.100, 0.100, 0.100, 0.100, 0.100, 0.100, 0.100, 0.100, 0.151, 0.100, 0.100, 0.100, 0.100, 0.100, 0.100, 0.100]
    Layer 17: sigma=[0.100, 0.100, 0.100, 0.100, 0.100, 0.142, 0.100, 0.100, 0.100, 0.100, 0.100, 0.100, 0.100, 0.100, 0.100, 0.100, 0.154, 0.100, 0.100, 0.417, 0.100, 0.100, 0.100, 0.104, 0.124, 0.100, 0.415, 0.100, 0.100, 0.100, 0.100, 0.100]
    Layer 18: sigma=[0.100, 0.466, 0.100, 0.100, 0.100, 0.100, 0.100, 0.185, 0.100, 0.100, 0.100, 0.100, 0.100, 0.100, 0.100, 0.100, 0.176, 0.100, 0.100, 0.100, 0.100, 0.100, 0.100, 0.100, 0.100, 0.100, 0.100, 0.100, 0.100, 0.100, 0.100, 0.100]
    Layer 19: sigma=[0.100, 0.100, 0.100, 0.100, 0.100, 0.100, 0.100, 0.100, 0.100, 0.100, 0.100, 0.100, 0.142, 0.100, 0.100, 0.181, 0.100, 0.100, 0.100, 0.324, 0.100, 0.100, 0.100, 0.125, 0.100, 0.100, 0.100, 0.100, 0.100, 0.100, 0.100, 0.100]
    Layer 20: sigma=[0.100, 0.100, 0.100, 0.100, 0.100, 0.201, 0.100, 0.100, 0.157, 0.109, 0.100, 0.100, 0.100, 0.100, 0.100, 0.108, 0.100, 0.100, 0.100, 0.100, 0.100, 0.100, 0.100, 0.100, 0.100, 0.100, 0.100, 0.100, 0.100, 0.100, 0.100, 0.100]
    Layer 21: sigma=[0.100, 0.120, 0.100, 0.100, 0.100, 0.100, 0.100, 0.100, 0.100, 0.153, 0.100, 0.298, 0.100, 0.100, 0.127, 0.100, 0.100, 0.100, 0.100, 0.100, 0.100, 0.104, 0.100, 0.100, 0.228, 0.100, 0.100, 0.100, 0.100, 0.100, 0.307, 0.100]
    Layer 22: sigma=[0.158, 0.100, 0.100, 0.100, 0.184, 0.104, 0.100, 0.130, 0.107, 0.100, 0.100, 0.100, 0.100, 0.100, 0.100, 0.110, 0.100, 0.100, 0.100, 0.100, 0.100, 0.100, 0.100, 0.100, 0.100, 0.100, 0.100, 0.100, 0.100, 0.100, 0.100, 0.100]
    Layer 23: sigma=[0.166, 0.276, 0.194, 0.100, 0.100, 0.100, 0.144, 0.100, 0.100, 0.203, 0.100, 0.100, 0.100, 0.100, 0.110, 0.100, 0.100, 0.100, 0.100, 0.100, 0.100, 0.100, 0.100, 0.100, 0.100, 0.100, 0.100, 0.100, 0.100, 0.100, 0.133, 0.254]
    Layer 24: sigma=[0.100, 0.100, 0.100, 0.100, 0.100, 0.100, 0.100, 0.100, 0.100, 0.100, 0.100, 0.100, 0.100, 0.100, 0.100, 0.152, 0.100, 0.100, 0.100, 0.100, 0.100, 0.100, 0.100, 0.100, 0.210, 0.345, 0.100, 0.394, 0.100, 0.100, 0.100, 0.100]
    Layer 25: sigma=[0.100, 0.100, 0.100, 0.100, 0.100, 0.100, 0.100, 0.100, 0.100, 0.100, 0.100, 0.100, 0.100, 0.100, 0.110, 0.100, 0.100, 0.100, 0.100, 0.100, 0.100, 0.100, 0.100, 0.100, 0.100, 0.100, 0.100, 0.100, 0.100, 0.100, 0.100, 0.100]
    Layer 26: sigma=[0.100, 0.100, 0.100, 0.100, 0.100, 0.100, 0.100, 0.100, 0.100, 0.100, 0.100, 0.100, 0.100, 0.100, 0.100, 0.100, 0.100, 0.100, 0.100, 0.100, 0.100, 0.100, 0.100, 0.100, 0.100, 0.100, 0.100, 0.100, 0.100, 0.100, 0.100, 0.100]
    Layer 27: sigma=[0.100, 0.100, 0.100, 0.100, 0.100, 0.100, 0.100, 0.100, 0.100, 0.100, 0.100, 0.100, 0.100, 0.100, 0.100, 0.100, 0.100, 0.100, 0.100, 0.100, 0.100, 0.100, 0.100, 0.100, 0.100, 0.100, 0.100, 0.100, 0.100, 0.100, 0.100, 0.100]
    Layer 28: sigma=[0.100, 0.100, 0.100, 0.100, 0.100, 0.154, 0.100, 0.170, 0.100, 0.100, 0.100, 0.100, 0.100, 0.100, 0.100, 0.100, 0.100, 0.100, 0.100, 0.100, 0.100, 0.100, 0.100, 0.100, 0.100, 0.100, 0.100, 0.100, 0.100, 0.100, 0.100, 0.100]
    Layer 29: sigma=[0.100, 0.100, 0.100, 0.100, 0.100, 0.100, 0.100, 0.100, 0.100, 0.100, 0.100, 0.100, 0.100, 0.100, 0.100, 0.100, 0.100, 0.100, 0.100, 0.100, 0.100, 0.100, 0.100, 0.100, 0.100, 0.100, 0.100, 0.100, 0.100, 0.100, 0.100, 0.100]
    Layer 30: sigma=[0.100, 0.100, 0.100, 0.100, 0.100, 0.100, 0.100, 0.100, 0.100, 0.100, 0.100, 0.100, 0.100, 0.100, 0.100, 0.100, 0.100, 0.100, 0.100, 0.100, 0.100, 0.100, 0.100, 0.100, 0.100, 0.100, 0.100, 0.100, 0.100, 0.100, 0.100, 0.100]
    Layer 31: sigma=[0.100, 0.100, 0.100, 0.100, 0.100, 0.100, 0.100, 0.100, 0.100, 0.100, 0.100, 0.100, 0.100, 0.100, 0.100, 0.100, 0.100, 0.100, 0.100, 0.112, 0.100, 0.100, 0.100, 0.100, 0.100, 0.100, 0.100, 0.100, 0.100, 0.100, 0.100, 0.100]
    Layer 32: sigma=[0.100, 0.100, 0.100, 0.100, 0.100, 0.100, 0.100, 0.100, 0.100, 0.100, 0.100, 0.100, 0.100, 0.100, 0.100, 0.100, 0.100, 0.100, 0.100, 0.100, 0.100, 0.100, 0.100, 0.100, 0.100, 0.100, 0.100, 0.100, 0.100, 0.100, 0.100, 0.100]
    Layer 33: sigma=[0.100, 0.100, 0.100, 0.100, 0.100, 0.100, 0.100, 0.100, 0.100, 0.100, 0.100, 0.100, 0.100, 0.100, 0.100, 0.100, 0.100, 0.100, 0.100, 0.100, 0.100, 0.100, 0.100, 0.100, 0.100, 0.100, 0.100, 0.100, 0.100, 0.100, 0.100, 0.100]
    Layer 34: sigma=[0.100, 0.100, 0.100, 0.100, 0.100, 0.100, 0.100, 0.100, 0.100, 0.100, 0.100, 0.123, 0.100, 0.100, 0.100, 0.100, 0.100, 0.100, 0.100, 0.124, 0.100, 0.100, 0.100, 0.100, 0.100, 0.100, 0.100, 0.100, 0.100, 0.100, 0.100, 0.100]
    Layer 35: sigma=[0.100, 0.100, 0.100, 0.100, 0.125, 0.100, 0.100, 0.100, 0.100, 0.100, 0.100, 0.100, 0.100, 0.100, 0.100, 0.100, 0.100, 0.100, 0.100, 0.100, 0.100, 0.100, 0.100, 0.100, 0.100, 0.100, 0.100, 0.100, 0.100, 0.100, 0.100, 0.100]

  [Taylor Step 3/3] g_proj = v_proj * alpha (damping=0.01)...
    Layer  0: alpha=0.060470  teacher_rms=0.0163  v_rms=0.0027
    Layer  1: alpha=0.061021  teacher_rms=0.0205  v_rms=0.0034
    Layer  2: alpha=0.056987  teacher_rms=0.0214  v_rms=0.0038
    Layer  3: alpha=0.048605  teacher_rms=0.0259  v_rms=0.0053
    Layer  4: alpha=0.047503  teacher_rms=0.0304  v_rms=0.0064
    Layer  5: alpha=0.061697  teacher_rms=0.0409  v_rms=0.0066
    Layer  6: alpha=0.078382  teacher_rms=0.0621  v_rms=0.0079
    Layer  7: alpha=0.045781  teacher_rms=0.0530  v_rms=0.0116
    Layer  8: alpha=0.047341  teacher_rms=0.0708  v_rms=0.0150
    Layer  9: alpha=0.035330  teacher_rms=0.0713  v_rms=0.0202
    Layer 10: alpha=0.051133  teacher_rms=0.1092  v_rms=0.0214
    Layer 11: alpha=0.061262  teacher_rms=0.1046  v_rms=0.0171
    Layer 12: alpha=0.059653  teacher_rms=0.1207  v_rms=0.0202
    Layer 13: alpha=0.053575  teacher_rms=0.1040  v_rms=0.0194
    Layer 14: alpha=0.065719  teacher_rms=0.1547  v_rms=0.0235
    Layer 15: alpha=0.056960  teacher_rms=0.1576  v_rms=0.0277
    Layer 17: alpha=0.043765  teacher_rms=0.1753  v_rms=0.0401
    Layer 18: alpha=0.044984  teacher_rms=0.1990  v_rms=0.0442
    Layer 19: alpha=0.053881  teacher_rms=0.2060  v_rms=0.0382
    Layer 20: alpha=0.056865  teacher_rms=0.1966  v_rms=0.0346
    Layer 21: alpha=0.047853  teacher_rms=0.2373  v_rms=0.0496
    Layer 22: alpha=0.057613  teacher_rms=0.2834  v_rms=0.0492
    Layer 23: alpha=0.051013  teacher_rms=0.3098  v_rms=0.0607
    Layer 24: alpha=0.033256  teacher_rms=0.2897  v_rms=0.0871
    Layer 25: alpha=0.039958  teacher_rms=0.2376  v_rms=0.0595
    Layer 26: alpha=0.029256  teacher_rms=0.2124  v_rms=0.0726
    Layer 27: alpha=0.037093  teacher_rms=0.3083  v_rms=0.0831
    Layer 28: alpha=0.041100  teacher_rms=0.3705  v_rms=0.0901
    Layer 29: alpha=0.017344  teacher_rms=0.2548  v_rms=0.1469
    Layer 30: alpha=0.029045  teacher_rms=0.4297  v_rms=0.1480
    Layer 31: alpha=0.021176  teacher_rms=0.3785  v_rms=0.1787
    Layer 32: alpha=0.023899  teacher_rms=0.5288  v_rms=0.2213
    Layer 33: alpha=0.018560  teacher_rms=0.6404  v_rms=0.3451
    Layer 34: alpha=0.032943  teacher_rms=1.0325  v_rms=0.3134
    Layer 35: alpha=0.059671  teacher_rms=1.0168  v_rms=0.1704

  Set g_proj = v_proj * alpha in 35 GDN layers (damping=0.01).
  Init (taylor_init) done in 481.7s
  Layer 16: PPL = 5152508.50  (eval 14.7s)

============================================================
  Probing layer 17 | strategy=taylor_init
============================================================
Loading checkpoint shards:   0%|          | 0/4 [00:00<?, ?it/s]Loading checkpoint shards: 100%|██████████| 4/4 [00:00<00:00, 55.85it/s]
Could not cache non-existence of file. Will ignore error and continue. Error: [Errno 13] Permission denied: '/data/shared/huggingface/hub/models--Qwen--Qwen3-8B/.no_exist/b968826d9c46dd6066d109eabc6255188de91218/model.safetensors'
Loading checkpoint shards:   0%|          | 0/5 [00:00<?, ?it/s]Loading checkpoint shards: 100%|██████████| 5/5 [00:00<00:00, 190.18it/s]
Token indices sequence length is longer than the specified maximum sequence length for this model (2429029 > 131072). Running this sequence through the model will result in indexing errors
  [Taylor Step 1/3] Gate calibration from attention stats...
    Layer  0: dist=[32, 3, 12, 35, 12, 26, 9, 11, 19, 6, 8, 9, 18, 34, 31, 10, 16, 19, 16, 14, 13, 23, 4, 12, 5, 52, 10, 43, 15, 36, 15, 14]
    Layer  1: dist=[19, 38, 25, 44, 3, 15, 31, 11, 45, 36, 65, 60, 34, 47, 51, 38, 32, 54, 57, 33, 56, 24, 40, 40, 37, 9, 44, 41, 83, 31, 37, 49]
    Layer  2: dist=[65, 65, 67, 62, 26, 45, 33, 43, 39, 47, 56, 56, 53, 46, 46, 60, 61, 49, 54, 43, 49, 67, 48, 50, 25, 24, 21, 35, 73, 73, 77, 74]
    Layer  3: dist=[65, 26, 13, 22, 87, 93, 83, 73, 56, 53, 62, 58, 90, 73, 75, 74, 59, 62, 51, 67, 74, 60, 64, 65, 64, 56, 52, 59, 70, 63, 72, 65]
    Layer  4: dist=[62, 63, 73, 67, 73, 56, 61, 89, 68, 69, 63, 60, 55, 55, 71, 61, 62, 65, 67, 70, 64, 61, 47, 64, 41, 51, 48, 34, 51, 66, 55, 55]
    Layer  5: dist=[36, 48, 55, 35, 61, 68, 52, 51, 5, 18, 73, 61, 54, 78, 59, 52, 41, 32, 50, 48, 51, 55, 48, 59, 73, 73, 80, 80, 43, 44, 46, 58]
    Layer  6: dist=[27, 40, 30, 31, 52, 46, 67, 61, 46, 25, 43, 38, 56, 64, 56, 30, 47, 34, 45, 40, 20, 30, 32, 14, 35, 50, 32, 49, 47, 43, 37, 53]
    Layer  7: dist=[55, 60, 64, 87, 126, 114, 127, 121, 88, 119, 99, 72, 108, 23, 53, 97, 80, 101, 85, 81, 106, 86, 112, 116, 64, 78, 47, 86, 97, 101, 101, 106]
    Layer  8: dist=[83, 87, 90, 58, 81, 77, 69, 78, 86, 99, 87, 90, 94, 86, 96, 70, 116, 107, 103, 96, 92, 106, 100, 111, 92, 72, 95, 67, 84, 72, 79, 74]
    Layer  9: dist=[76, 60, 61, 67, 83, 97, 96, 74, 123, 120, 118, 112, 27, 87, 63, 85, 93, 100, 114, 125, 87, 77, 60, 70, 119, 81, 91, 97, 125, 113, 127, 123]
    Layer 10: dist=[76, 71, 58, 74, 85, 102, 64, 74, 63, 88, 106, 49, 88, 67, 82, 86, 87, 102, 100, 107, 88, 60, 107, 90, 93, 107, 84, 77, 76, 65, 82, 90]
    Layer 11: dist=[78, 65, 79, 48, 53, 61, 78, 77, 102, 123, 109, 93, 82, 64, 65, 69, 69, 63, 61, 51, 77, 107, 89, 87, 67, 59, 56, 54, 95, 55, 55, 94]
    Layer 12: dist=[21, 72, 79, 61, 87, 83, 66, 70, 63, 62, 74, 77, 86, 81, 82, 87, 39, 68, 59, 94, 102, 112, 97, 103, 93, 2, 107, 38, 81, 88, 113, 91]
    Layer 13: dist=[52, 68, 66, 62, 52, 51, 65, 40, 86, 63, 99, 122, 128, 115, 109, 124, 85, 72, 57, 61, 93, 55, 83, 90, 84, 59, 72, 76, 113, 111, 96, 99]
    Layer 14: dist=[44, 64, 65, 46, 62, 45, 64, 65, 54, 57, 70, 68, 69, 76, 65, 67, 77, 86, 51, 64, 65, 31, 51, 81, 52, 67, 73, 64, 85, 88, 8, 89]
    Layer 15: dist=[80, 44, 79, 38, 37, 38, 79, 67, 90, 60, 46, 104, 68, 107, 79, 89, 61, 57, 64, 68, 58, 60, 50, 51, 49, 34, 86, 62, 72, 84, 71, 49]
    Layer 16: dist=[61, 57, 74, 85, 55, 58, 48, 55, 54, 82, 73, 84, 90, 69, 86, 86, 68, 71, 60, 62, 115, 118, 110, 103, 71, 54, 64, 10, 58, 59, 65, 56]
    Layer 18: dist=[34, 45, 35, 33, 56, 78, 74, 57, 64, 67, 66, 79, 61, 60, 57, 62, 46, 74, 72, 52, 68, 47, 65, 96, 58, 62, 61, 63, 52, 53, 79, 56]
    Layer 19: dist=[73, 64, 63, 62, 76, 103, 54, 71, 81, 85, 84, 93, 63, 57, 75, 63, 84, 85, 49, 49, 21, 50, 33, 49, 102, 106, 102, 116, 77, 77, 73, 72]
    Layer 20: dist=[89, 79, 80, 77, 78, 51, 49, 57, 40, 36, 43, 39, 92, 79, 87, 96, 45, 51, 56, 39, 73, 111, 101, 98, 125, 97, 105, 85, 93, 79, 108, 108]
    Layer 21: dist=[44, 50, 56, 68, 115, 65, 96, 118, 118, 61, 71, 69, 46, 41, 44, 42, 75, 75, 83, 65, 89, 99, 95, 96, 64, 62, 60, 80, 73, 79, 60, 88]
    Layer 22: dist=[73, 60, 67, 63, 52, 72, 45, 56, 37, 49, 45, 59, 18, 86, 61, 64, 33, 79, 76, 41, 102, 115, 120, 121, 101, 84, 91, 95, 114, 92, 103, 95]
    Layer 23: dist=[39, 30, 48, 39, 110, 111, 41, 102, 79, 36, 45, 63, 75, 72, 79, 77, 82, 75, 74, 94, 72, 93, 82, 76, 78, 72, 68, 100, 91, 90, 83, 78]
    Layer 24: dist=[79, 124, 109, 101, 99, 109, 111, 97, 102, 105, 104, 84, 78, 75, 89, 74, 81, 86, 98, 88, 120, 103, 102, 117, 65, 73, 79, 51, 95, 111, 98, 88]
    Layer 25: dist=[105, 121, 118, 94, 71, 72, 107, 80, 96, 97, 85, 90, 65, 89, 50, 68, 93, 99, 97, 89, 102, 111, 105, 108, 110, 110, 99, 108, 88, 125, 98, 88]
    Layer 26: dist=[80, 88, 106, 68, 115, 113, 113, 110, 102, 107, 105, 98, 100, 124, 116, 116, 86, 93, 99, 95, 102, 113, 122, 114, 99, 97, 102, 93, 115, 96, 114, 95]
    Layer 27: dist=[87, 108, 103, 117, 98, 105, 101, 86, 77, 100, 107, 99, 78, 109, 80, 86, 96, 99, 99, 104, 91, 112, 113, 92, 110, 113, 116, 117, 107, 77, 92, 117]
    Layer 28: dist=[103, 92, 102, 102, 82, 63, 80, 76, 96, 107, 92, 89, 112, 105, 96, 101, 112, 104, 104, 108, 119, 71, 60, 89, 91, 88, 99, 99, 92, 92, 71, 95]
    Layer 29: dist=[113, 114, 114, 113, 90, 112, 94, 114, 119, 113, 122, 105, 120, 120, 119, 120, 116, 106, 115, 121, 123, 123, 107, 125, 100, 114, 97, 92, 106, 95, 106, 109]
    Layer 30: dist=[75, 102, 99, 100, 102, 100, 90, 67, 117, 117, 115, 120, 105, 104, 113, 101, 97, 78, 120, 122, 51, 120, 100, 110, 119, 119, 119, 118, 106, 110, 107, 102]
    Layer 31: dist=[119, 117, 99, 98, 112, 113, 114, 116, 114, 77, 87, 91, 117, 116, 117, 115, 101, 101, 106, 94, 119, 116, 108, 119, 112, 109, 89, 120, 112, 106, 102, 110]
    Layer 32: dist=[110, 114, 114, 111, 116, 119, 116, 117, 110, 111, 117, 115, 93, 113, 108, 91, 118, 106, 109, 111, 123, 92, 114, 120, 71, 95, 80, 105, 116, 107, 99, 103]
    Layer 33: dist=[102, 120, 112, 119, 91, 102, 57, 94, 116, 116, 113, 113, 114, 115, 113, 116, 114, 117, 106, 109, 112, 96, 110, 113, 111, 119, 122, 118, 110, 111, 107, 104]
    Layer 34: dist=[110, 109, 112, 113, 105, 111, 108, 102, 53, 93, 114, 86, 117, 115, 120, 81, 82, 89, 126, 55, 119, 51, 118, 119, 122, 122, 125, 122, 54, 62, 68, 109]
    Layer 35: dist=[105, 123, 71, 97, 82, 36, 112, 100, 85, 94, 112, 96, 63, 28, 49, 40, 98, 74, 84, 48, 90, 102, 55, 54, 66, 49, 68, 72, 73, 115, 122, 117]

  [Taylor Step 2/3] OLS sigma per head (scaling V, streaming)...
    Layer  0: sigma=[0.614, 0.100, 0.100, 0.100, 0.332, 0.380, 0.100, 0.100, 0.100, 0.149, 0.100, 0.100, 0.100, 0.100, 0.100, 0.260, 0.100, 0.100, 0.100, 0.100, 0.100, 0.100, 0.100, 0.100, 0.100, 0.100, 0.352, 0.100, 0.100, 0.100, 0.161, 0.100]
    Layer  1: sigma=[0.349, 0.100, 0.100, 0.100, 0.100, 0.100, 0.100, 0.100, 0.100, 0.167, 0.245, 0.100, 0.100, 0.100, 0.100, 0.100, 0.100, 0.100, 0.100, 0.100, 0.100, 0.100, 0.100, 0.119, 0.100, 0.100, 0.112, 0.100, 0.100, 0.100, 0.100, 0.100]
    Layer  2: sigma=[0.100, 0.100, 0.100, 0.100, 0.100, 0.100, 0.100, 0.100, 0.107, 0.101, 0.100, 0.100, 0.100, 0.148, 0.100, 0.100, 0.100, 0.219, 0.100, 0.100, 0.100, 0.100, 0.100, 0.100, 0.100, 0.172, 0.100, 0.100, 0.100, 0.100, 0.100, 0.100]
    Layer  3: sigma=[0.100, 0.323, 0.100, 0.162, 0.100, 0.100, 0.100, 0.100, 0.100, 0.100, 0.100, 0.100, 0.100, 0.100, 0.100, 0.100, 0.100, 0.100, 0.100, 0.100, 0.100, 0.107, 0.100, 0.100, 0.100, 0.100, 0.100, 0.100, 0.100, 0.100, 0.100, 0.100]
    Layer  4: sigma=[0.100, 0.100, 0.100, 0.100, 0.100, 0.100, 0.100, 0.100, 0.100, 0.100, 0.100, 0.100, 0.100, 0.100, 0.100, 0.100, 0.100, 0.100, 0.100, 0.100, 0.132, 0.139, 0.321, 0.100, 0.100, 0.100, 0.100, 0.100, 0.100, 0.100, 0.100, 0.100]
    Layer  5: sigma=[0.100, 0.100, 0.100, 0.100, 0.100, 0.100, 0.100, 0.100, 0.100, 0.129, 0.100, 0.110, 0.100, 0.100, 0.100, 0.121, 0.100, 0.179, 0.100, 0.100, 0.100, 0.100, 0.100, 0.100, 0.100, 0.100, 0.100, 0.100, 0.100, 0.100, 0.100, 0.100]
    Layer  6: sigma=[0.100, 0.100, 0.100, 0.100, 0.100, 0.100, 0.100, 0.100, 0.100, 0.100, 0.100, 0.100, 0.100, 0.100, 0.100, 0.100, 0.100, 0.100, 0.100, 0.100, 0.154, 0.100, 0.100, 0.100, 0.100, 0.100, 0.100, 0.100, 0.100, 0.100, 0.100, 0.100]
    Layer  7: sigma=[0.100, 0.163, 0.100, 0.100, 0.119, 0.100, 0.100, 0.100, 0.100, 0.100, 0.100, 0.102, 0.100, 0.100, 0.100, 0.100, 0.100, 0.100, 0.100, 0.100, 0.100, 0.100, 0.100, 0.100, 0.100, 0.100, 0.100, 0.100, 0.100, 0.100, 0.100, 0.100]
    Layer  8: sigma=[0.100, 0.100, 0.100, 0.100, 0.100, 0.100, 0.100, 0.100, 0.100, 0.100, 0.100, 0.100, 0.100, 0.100, 0.100, 0.100, 0.100, 0.100, 0.100, 0.100, 0.100, 0.100, 0.100, 0.100, 0.100, 0.100, 0.100, 0.176, 0.100, 0.100, 0.100, 0.100]
    Layer  9: sigma=[0.100, 0.100, 0.100, 0.100, 0.100, 0.100, 0.100, 0.100, 0.100, 0.100, 0.100, 0.100, 0.100, 0.100, 0.576, 0.138, 0.100, 0.100, 0.100, 0.100, 0.100, 0.100, 0.100, 0.100, 0.100, 0.100, 0.100, 0.100, 0.100, 0.100, 0.100, 0.100]
    Layer 10: sigma=[0.100, 0.100, 0.100, 0.100, 0.100, 0.100, 0.100, 0.100, 0.100, 0.100, 0.100, 0.100, 0.100, 0.100, 0.100, 0.100, 0.100, 0.100, 0.100, 0.100, 0.100, 0.100, 0.100, 0.100, 0.100, 0.100, 0.100, 0.100, 0.100, 0.100, 0.100, 0.100]
    Layer 11: sigma=[0.100, 0.100, 0.100, 0.100, 0.138, 0.100, 0.100, 0.100, 0.100, 0.110, 0.100, 0.100, 0.100, 0.100, 0.248, 0.100, 0.100, 0.100, 0.100, 0.100, 0.100, 0.100, 0.100, 0.100, 0.100, 0.100, 0.177, 0.100, 0.100, 0.100, 0.100, 0.100]
    Layer 12: sigma=[0.100, 0.100, 0.100, 0.100, 0.100, 0.100, 0.100, 0.100, 0.100, 0.104, 0.100, 0.107, 0.100, 0.100, 0.100, 0.100, 0.100, 0.303, 0.180, 0.100, 0.100, 0.100, 0.100, 0.100, 0.100, 0.100, 0.100, 0.210, 0.100, 0.100, 0.117, 0.100]
    Layer 13: sigma=[0.223, 0.100, 0.100, 0.333, 0.100, 0.100, 0.100, 0.100, 0.100, 0.100, 0.100, 0.100, 0.100, 0.100, 0.100, 0.100, 0.100, 0.100, 0.100, 0.109, 0.100, 0.100, 0.100, 0.100, 0.100, 0.100, 0.100, 0.100, 0.100, 0.100, 0.100, 0.100]
    Layer 14: sigma=[0.100, 0.100, 0.100, 0.100, 0.100, 0.394, 0.100, 0.100, 0.100, 0.100, 0.100, 0.100, 0.100, 0.100, 0.100, 0.100, 0.100, 0.100, 0.100, 0.100, 0.100, 0.100, 0.100, 0.100, 0.118, 0.116, 0.100, 0.100, 0.100, 0.100, 0.100, 0.100]
    Layer 15: sigma=[0.100, 0.190, 0.100, 0.100, 0.100, 0.113, 0.100, 0.100, 0.100, 0.100, 0.100, 0.101, 0.215, 0.100, 0.100, 0.100, 0.100, 0.100, 0.100, 0.100, 0.100, 0.100, 0.100, 0.100, 0.141, 0.100, 0.100, 0.100, 0.100, 0.100, 0.100, 0.100]
    Layer 16: sigma=[0.100, 0.100, 0.100, 0.100, 0.100, 0.100, 0.100, 0.100, 0.100, 0.100, 0.100, 0.100, 0.100, 0.100, 0.100, 0.100, 0.100, 0.100, 0.100, 0.100, 0.100, 0.100, 0.100, 0.100, 0.100, 0.100, 0.100, 0.485, 0.100, 0.100, 0.100, 0.100]
    Layer 18: sigma=[0.100, 0.448, 0.100, 0.100, 0.100, 0.100, 0.100, 0.193, 0.100, 0.100, 0.100, 0.100, 0.100, 0.100, 0.100, 0.100, 0.143, 0.100, 0.100, 0.100, 0.100, 0.100, 0.100, 0.100, 0.100, 0.100, 0.100, 0.100, 0.100, 0.100, 0.100, 0.100]
    Layer 19: sigma=[0.100, 0.100, 0.100, 0.100, 0.100, 0.100, 0.100, 0.100, 0.100, 0.100, 0.100, 0.100, 0.141, 0.100, 0.100, 0.173, 0.100, 0.100, 0.100, 0.292, 0.100, 0.100, 0.100, 0.111, 0.100, 0.100, 0.100, 0.100, 0.100, 0.100, 0.100, 0.100]
    Layer 20: sigma=[0.100, 0.100, 0.100, 0.100, 0.100, 0.150, 0.100, 0.100, 0.162, 0.119, 0.100, 0.100, 0.100, 0.100, 0.100, 0.114, 0.100, 0.100, 0.100, 0.100, 0.100, 0.100, 0.100, 0.100, 0.100, 0.100, 0.100, 0.100, 0.100, 0.100, 0.100, 0.100]
    Layer 21: sigma=[0.100, 0.153, 0.100, 0.100, 0.100, 0.100, 0.100, 0.100, 0.100, 0.143, 0.100, 0.289, 0.100, 0.100, 0.132, 0.100, 0.100, 0.100, 0.100, 0.100, 0.100, 0.125, 0.100, 0.100, 0.164, 0.100, 0.100, 0.100, 0.100, 0.100, 0.348, 0.100]
    Layer 22: sigma=[0.171, 0.100, 0.100, 0.100, 0.153, 0.125, 0.100, 0.171, 0.104, 0.100, 0.100, 0.100, 0.100, 0.100, 0.100, 0.111, 0.100, 0.100, 0.100, 0.100, 0.100, 0.100, 0.100, 0.100, 0.100, 0.100, 0.100, 0.100, 0.100, 0.100, 0.100, 0.100]
    Layer 23: sigma=[0.177, 0.242, 0.182, 0.100, 0.100, 0.100, 0.140, 0.100, 0.100, 0.224, 0.100, 0.100, 0.100, 0.100, 0.103, 0.100, 0.100, 0.100, 0.100, 0.100, 0.100, 0.100, 0.100, 0.100, 0.100, 0.100, 0.100, 0.100, 0.100, 0.100, 0.165, 0.247]
    Layer 24: sigma=[0.100, 0.100, 0.100, 0.100, 0.100, 0.100, 0.100, 0.100, 0.100, 0.100, 0.100, 0.100, 0.100, 0.100, 0.100, 0.155, 0.100, 0.100, 0.100, 0.100, 0.100, 0.100, 0.100, 0.100, 0.213, 0.426, 0.100, 0.361, 0.100, 0.100, 0.100, 0.100]
    Layer 25: sigma=[0.100, 0.100, 0.100, 0.100, 0.110, 0.100, 0.100, 0.100, 0.100, 0.100, 0.100, 0.100, 0.100, 0.100, 0.100, 0.100, 0.100, 0.100, 0.100, 0.100, 0.100, 0.100, 0.100, 0.100, 0.100, 0.100, 0.100, 0.100, 0.100, 0.100, 0.100, 0.100]
    Layer 26: sigma=[0.112, 0.100, 0.100, 0.100, 0.100, 0.100, 0.100, 0.100, 0.100, 0.100, 0.100, 0.100, 0.100, 0.100, 0.100, 0.100, 0.100, 0.100, 0.100, 0.100, 0.100, 0.100, 0.100, 0.100, 0.100, 0.100, 0.100, 0.100, 0.100, 0.100, 0.100, 0.100]
    Layer 27: sigma=[0.100, 0.100, 0.100, 0.100, 0.100, 0.100, 0.100, 0.100, 0.100, 0.100, 0.100, 0.100, 0.100, 0.100, 0.100, 0.100, 0.100, 0.100, 0.100, 0.100, 0.100, 0.100, 0.100, 0.100, 0.100, 0.100, 0.100, 0.100, 0.100, 0.100, 0.100, 0.100]
    Layer 28: sigma=[0.100, 0.100, 0.100, 0.100, 0.100, 0.134, 0.100, 0.133, 0.100, 0.100, 0.100, 0.100, 0.100, 0.100, 0.100, 0.100, 0.100, 0.100, 0.100, 0.100, 0.100, 0.100, 0.100, 0.100, 0.100, 0.100, 0.100, 0.100, 0.100, 0.100, 0.100, 0.100]
    Layer 29: sigma=[0.100, 0.100, 0.100, 0.100, 0.100, 0.100, 0.100, 0.100, 0.100, 0.100, 0.100, 0.100, 0.100, 0.100, 0.100, 0.100, 0.100, 0.100, 0.100, 0.100, 0.100, 0.100, 0.100, 0.100, 0.100, 0.100, 0.100, 0.100, 0.100, 0.100, 0.100, 0.100]
    Layer 30: sigma=[0.100, 0.100, 0.100, 0.100, 0.100, 0.100, 0.100, 0.100, 0.100, 0.100, 0.100, 0.100, 0.100, 0.100, 0.100, 0.100, 0.100, 0.100, 0.100, 0.100, 0.100, 0.100, 0.100, 0.100, 0.100, 0.100, 0.100, 0.100, 0.100, 0.100, 0.100, 0.100]
    Layer 31: sigma=[0.100, 0.100, 0.100, 0.100, 0.100, 0.100, 0.100, 0.100, 0.100, 0.100, 0.100, 0.100, 0.100, 0.100, 0.100, 0.100, 0.100, 0.100, 0.100, 0.112, 0.100, 0.100, 0.100, 0.100, 0.100, 0.100, 0.100, 0.100, 0.100, 0.100, 0.100, 0.100]
    Layer 32: sigma=[0.100, 0.100, 0.100, 0.100, 0.100, 0.100, 0.100, 0.100, 0.100, 0.100, 0.100, 0.100, 0.100, 0.100, 0.100, 0.100, 0.100, 0.100, 0.100, 0.100, 0.100, 0.100, 0.100, 0.100, 0.100, 0.100, 0.100, 0.100, 0.100, 0.100, 0.100, 0.100]
    Layer 33: sigma=[0.100, 0.100, 0.100, 0.100, 0.100, 0.100, 0.172, 0.100, 0.100, 0.100, 0.100, 0.100, 0.100, 0.100, 0.100, 0.100, 0.100, 0.100, 0.100, 0.100, 0.100, 0.100, 0.100, 0.100, 0.100, 0.100, 0.100, 0.100, 0.100, 0.100, 0.100, 0.100]
    Layer 34: sigma=[0.100, 0.100, 0.100, 0.100, 0.100, 0.100, 0.100, 0.100, 0.100, 0.100, 0.100, 0.107, 0.100, 0.100, 0.100, 0.100, 0.100, 0.100, 0.100, 0.100, 0.100, 0.100, 0.100, 0.100, 0.100, 0.100, 0.100, 0.100, 0.100, 0.100, 0.100, 0.100]
    Layer 35: sigma=[0.100, 0.100, 0.100, 0.100, 0.109, 0.100, 0.100, 0.100, 0.100, 0.100, 0.100, 0.100, 0.100, 0.100, 0.100, 0.100, 0.100, 0.100, 0.100, 0.100, 0.100, 0.100, 0.137, 0.100, 0.100, 0.100, 0.100, 0.100, 0.100, 0.100, 0.100, 0.100]

  [Taylor Step 3/3] g_proj = v_proj * alpha (damping=0.01)...
    Layer  0: alpha=0.060404  teacher_rms=0.0163  v_rms=0.0027
    Layer  1: alpha=0.060925  teacher_rms=0.0205  v_rms=0.0034
    Layer  2: alpha=0.056972  teacher_rms=0.0214  v_rms=0.0038
    Layer  3: alpha=0.048655  teacher_rms=0.0259  v_rms=0.0053
    Layer  4: alpha=0.047272  teacher_rms=0.0304  v_rms=0.0064
    Layer  5: alpha=0.062007  teacher_rms=0.0409  v_rms=0.0066
    Layer  6: alpha=0.078398  teacher_rms=0.0621  v_rms=0.0079
    Layer  7: alpha=0.045679  teacher_rms=0.0530  v_rms=0.0116
    Layer  8: alpha=0.047444  teacher_rms=0.0708  v_rms=0.0149
    Layer  9: alpha=0.035029  teacher_rms=0.0713  v_rms=0.0204
    Layer 10: alpha=0.051225  teacher_rms=0.1092  v_rms=0.0213
    Layer 11: alpha=0.062378  teacher_rms=0.1046  v_rms=0.0168
    Layer 12: alpha=0.060594  teacher_rms=0.1207  v_rms=0.0199
    Layer 13: alpha=0.053076  teacher_rms=0.1040  v_rms=0.0196
    Layer 14: alpha=0.064575  teacher_rms=0.1547  v_rms=0.0239
    Layer 15: alpha=0.057488  teacher_rms=0.1576  v_rms=0.0274
    Layer 16: alpha=0.040191  teacher_rms=0.1473  v_rms=0.0367
    Layer 18: alpha=0.046042  teacher_rms=0.1990  v_rms=0.0432
    Layer 19: alpha=0.055384  teacher_rms=0.2060  v_rms=0.0372
    Layer 20: alpha=0.058424  teacher_rms=0.1966  v_rms=0.0337
    Layer 21: alpha=0.046869  teacher_rms=0.2373  v_rms=0.0506
    Layer 22: alpha=0.057174  teacher_rms=0.2834  v_rms=0.0496
    Layer 23: alpha=0.051422  teacher_rms=0.3098  v_rms=0.0602
    Layer 24: alpha=0.032921  teacher_rms=0.2897  v_rms=0.0880
    Layer 25: alpha=0.039945  teacher_rms=0.2376  v_rms=0.0595
    Layer 26: alpha=0.029139  teacher_rms=0.2124  v_rms=0.0729
    Layer 27: alpha=0.037093  teacher_rms=0.3083  v_rms=0.0831
    Layer 28: alpha=0.041942  teacher_rms=0.3705  v_rms=0.0883
    Layer 29: alpha=0.017344  teacher_rms=0.2548  v_rms=0.1469
    Layer 30: alpha=0.029045  teacher_rms=0.4297  v_rms=0.1480
    Layer 31: alpha=0.021176  teacher_rms=0.3785  v_rms=0.1787
    Layer 32: alpha=0.023899  teacher_rms=0.5288  v_rms=0.2213
    Layer 33: alpha=0.018399  teacher_rms=0.6404  v_rms=0.3481
    Layer 34: alpha=0.033156  teacher_rms=1.0325  v_rms=0.3114
    Layer 35: alpha=0.059356  teacher_rms=1.0168  v_rms=0.1713

  Set g_proj = v_proj * alpha in 35 GDN layers (damping=0.01).
  Init (taylor_init) done in 336.5s
  Layer 17: PPL = 35849024.00  (eval 13.3s)

============================================================
  Probing layer 18 | strategy=taylor_init
============================================================
Loading checkpoint shards:   0%|          | 0/4 [00:00<?, ?it/s]Loading checkpoint shards: 100%|██████████| 4/4 [00:00<00:00, 148.30it/s]
Could not cache non-existence of file. Will ignore error and continue. Error: [Errno 13] Permission denied: '/data/shared/huggingface/hub/models--Qwen--Qwen3-8B/.no_exist/b968826d9c46dd6066d109eabc6255188de91218/model.safetensors'
Loading checkpoint shards:   0%|          | 0/5 [00:00<?, ?it/s]Loading checkpoint shards: 100%|██████████| 5/5 [00:00<00:00, 165.91it/s]
Token indices sequence length is longer than the specified maximum sequence length for this model (2429029 > 131072). Running this sequence through the model will result in indexing errors
  [Taylor Step 1/3] Gate calibration from attention stats...
    Layer  0: dist=[32, 3, 12, 35, 12, 26, 9, 11, 19, 6, 8, 9, 18, 34, 31, 10, 16, 19, 16, 14, 13, 23, 4, 12, 5, 52, 10, 43, 15, 36, 15, 14]
    Layer  1: dist=[19, 38, 25, 44, 3, 15, 31, 11, 45, 36, 65, 60, 34, 47, 51, 38, 32, 54, 57, 33, 56, 24, 40, 40, 37, 9, 44, 41, 83, 31, 37, 49]
    Layer  2: dist=[65, 65, 67, 62, 26, 45, 33, 43, 39, 47, 56, 56, 53, 46, 46, 60, 61, 49, 54, 43, 49, 67, 48, 50, 25, 24, 21, 35, 73, 73, 77, 74]
    Layer  3: dist=[65, 26, 13, 22, 87, 93, 83, 73, 56, 53, 62, 58, 90, 73, 75, 74, 59, 62, 51, 67, 74, 60, 64, 65, 64, 56, 52, 59, 70, 63, 72, 65]
    Layer  4: dist=[62, 63, 73, 67, 73, 56, 61, 89, 68, 69, 63, 60, 55, 55, 71, 61, 62, 65, 67, 70, 64, 61, 47, 64, 41, 51, 48, 34, 51, 66, 55, 55]
    Layer  5: dist=[36, 48, 55, 35, 61, 68, 52, 51, 5, 18, 73, 61, 54, 78, 59, 52, 41, 32, 50, 48, 51, 55, 48, 59, 73, 73, 80, 80, 43, 44, 46, 58]
    Layer  6: dist=[27, 40, 30, 31, 52, 46, 67, 61, 46, 25, 43, 38, 56, 64, 56, 30, 47, 34, 45, 40, 20, 30, 32, 14, 35, 50, 32, 49, 47, 43, 37, 53]
    Layer  7: dist=[55, 60, 64, 87, 126, 114, 127, 121, 88, 119, 99, 72, 108, 23, 53, 97, 80, 101, 85, 81, 106, 86, 112, 116, 64, 78, 47, 86, 97, 101, 101, 106]
    Layer  8: dist=[83, 87, 90, 58, 81, 77, 69, 78, 86, 99, 87, 90, 94, 86, 96, 70, 116, 107, 103, 96, 92, 106, 100, 111, 92, 72, 95, 67, 84, 72, 79, 74]
    Layer  9: dist=[76, 60, 61, 67, 83, 97, 96, 74, 123, 120, 118, 112, 27, 87, 63, 85, 93, 100, 114, 125, 87, 77, 60, 70, 119, 81, 91, 97, 125, 113, 127, 123]
    Layer 10: dist=[76, 71, 58, 74, 85, 102, 64, 74, 63, 88, 106, 49, 88, 67, 82, 86, 87, 102, 100, 107, 88, 60, 107, 90, 93, 107, 84, 77, 76, 65, 82, 90]
    Layer 11: dist=[78, 65, 79, 48, 53, 61, 78, 77, 102, 123, 109, 93, 82, 64, 65, 69, 69, 63, 61, 51, 77, 107, 89, 87, 67, 59, 56, 54, 95, 55, 55, 94]
    Layer 12: dist=[21, 72, 79, 61, 87, 83, 66, 70, 63, 62, 74, 77, 86, 81, 82, 87, 39, 68, 59, 94, 102, 112, 97, 103, 93, 2, 107, 38, 81, 88, 113, 91]
    Layer 13: dist=[52, 68, 66, 62, 52, 51, 65, 40, 86, 63, 99, 122, 128, 115, 109, 124, 85, 72, 57, 61, 93, 55, 83, 90, 84, 59, 72, 76, 113, 111, 96, 99]
    Layer 14: dist=[44, 64, 65, 46, 62, 45, 64, 65, 54, 57, 70, 68, 69, 76, 65, 67, 77, 86, 51, 64, 65, 31, 51, 81, 52, 67, 73, 64, 85, 88, 8, 89]
    Layer 15: dist=[80, 44, 79, 38, 37, 38, 79, 67, 90, 60, 46, 104, 68, 107, 79, 89, 61, 57, 64, 68, 58, 60, 50, 51, 49, 34, 86, 62, 72, 84, 71, 49]
    Layer 16: dist=[61, 57, 74, 85, 55, 58, 48, 55, 54, 82, 73, 84, 90, 69, 86, 86, 68, 71, 60, 62, 115, 118, 110, 103, 71, 54, 64, 10, 58, 59, 65, 56]
    Layer 17: dist=[111, 95, 79, 67, 53, 57, 39, 47, 90, 108, 79, 100, 40, 57, 71, 74, 44, 61, 61, 42, 75, 98, 93, 97, 58, 55, 57, 52, 53, 79, 93, 67]
    Layer 19: dist=[73, 64, 63, 62, 76, 103, 54, 71, 81, 85, 84, 93, 63, 57, 75, 63, 84, 85, 49, 49, 21, 50, 33, 49, 102, 106, 102, 116, 77, 77, 73, 72]
    Layer 20: dist=[89, 79, 80, 77, 78, 51, 49, 57, 40, 36, 43, 39, 92, 79, 87, 96, 45, 51, 56, 39, 73, 111, 101, 98, 125, 97, 105, 85, 93, 79, 108, 108]
    Layer 21: dist=[44, 50, 56, 68, 115, 65, 96, 118, 118, 61, 71, 69, 46, 41, 44, 42, 75, 75, 83, 65, 89, 99, 95, 96, 64, 62, 60, 80, 73, 79, 60, 88]
    Layer 22: dist=[73, 60, 67, 63, 52, 72, 45, 56, 37, 49, 45, 59, 18, 86, 61, 64, 33, 79, 76, 41, 102, 115, 120, 121, 101, 84, 91, 95, 114, 92, 103, 95]
    Layer 23: dist=[39, 30, 48, 39, 110, 111, 41, 102, 79, 36, 45, 63, 75, 72, 79, 77, 82, 75, 74, 94, 72, 93, 82, 76, 78, 72, 68, 100, 91, 90, 83, 78]
    Layer 24: dist=[79, 124, 109, 101, 99, 109, 111, 97, 102, 105, 104, 84, 78, 75, 89, 74, 81, 86, 98, 88, 120, 103, 102, 117, 65, 73, 79, 51, 95, 111, 98, 88]
    Layer 25: dist=[105, 121, 118, 94, 71, 72, 107, 80, 96, 97, 85, 90, 65, 89, 50, 68, 93, 99, 97, 89, 102, 111, 105, 108, 110, 110, 99, 108, 88, 125, 98, 88]
    Layer 26: dist=[80, 88, 106, 68, 115, 113, 113, 110, 102, 107, 105, 98, 100, 124, 116, 116, 86, 93, 99, 95, 102, 113, 122, 114, 99, 97, 102, 93, 115, 96, 114, 95]
    Layer 27: dist=[87, 108, 103, 117, 98, 105, 101, 86, 77, 100, 107, 99, 78, 109, 80, 86, 96, 99, 99, 104, 91, 112, 113, 92, 110, 113, 116, 117, 107, 77, 92, 117]
    Layer 28: dist=[103, 92, 102, 102, 82, 63, 80, 76, 96, 107, 92, 89, 112, 105, 96, 101, 112, 104, 104, 108, 119, 71, 60, 89, 91, 88, 99, 99, 92, 92, 71, 95]
    Layer 29: dist=[113, 114, 114, 113, 90, 112, 94, 114, 119, 113, 122, 105, 120, 120, 119, 120, 116, 106, 115, 121, 123, 123, 107, 125, 100, 114, 97, 92, 106, 95, 106, 109]
    Layer 30: dist=[75, 102, 99, 100, 102, 100, 90, 67, 117, 117, 115, 120, 105, 104, 113, 101, 97, 78, 120, 122, 51, 120, 100, 110, 119, 119, 119, 118, 106, 110, 107, 102]
    Layer 31: dist=[119, 117, 99, 98, 112, 113, 114, 116, 114, 77, 87, 91, 117, 116, 117, 115, 101, 101, 106, 94, 119, 116, 108, 119, 112, 109, 89, 120, 112, 106, 102, 110]
    Layer 32: dist=[110, 114, 114, 111, 116, 119, 116, 117, 110, 111, 117, 115, 93, 113, 108, 91, 118, 106, 109, 111, 123, 92, 114, 120, 71, 95, 80, 105, 116, 107, 99, 103]
    Layer 33: dist=[102, 120, 112, 119, 91, 102, 57, 94, 116, 116, 113, 113, 114, 115, 113, 116, 114, 117, 106, 109, 112, 96, 110, 113, 111, 119, 122, 118, 110, 111, 107, 104]
    Layer 34: dist=[110, 109, 112, 113, 105, 111, 108, 102, 53, 93, 114, 86, 117, 115, 120, 81, 82, 89, 126, 55, 119, 51, 118, 119, 122, 122, 125, 122, 54, 62, 68, 109]
    Layer 35: dist=[105, 123, 71, 97, 82, 36, 112, 100, 85, 94, 112, 96, 63, 28, 49, 40, 98, 74, 84, 48, 90, 102, 55, 54, 66, 49, 68, 72, 73, 115, 122, 117]

  [Taylor Step 2/3] OLS sigma per head (scaling V, streaming)...
    Layer  0: sigma=[0.610, 0.100, 0.100, 0.100, 0.333, 0.380, 0.100, 0.100, 0.100, 0.148, 0.100, 0.100, 0.100, 0.100, 0.100, 0.259, 0.100, 0.100, 0.100, 0.100, 0.100, 0.100, 0.100, 0.100, 0.100, 0.100, 0.350, 0.100, 0.100, 0.100, 0.161, 0.100]
    Layer  1: sigma=[0.350, 0.100, 0.100, 0.100, 0.100, 0.100, 0.100, 0.100, 0.100, 0.167, 0.247, 0.100, 0.100, 0.100, 0.100, 0.100, 0.100, 0.100, 0.100, 0.100, 0.100, 0.100, 0.100, 0.115, 0.100, 0.100, 0.112, 0.100, 0.100, 0.100, 0.100, 0.100]
    Layer  2: sigma=[0.100, 0.100, 0.100, 0.100, 0.100, 0.100, 0.100, 0.100, 0.108, 0.100, 0.100, 0.100, 0.100, 0.146, 0.100, 0.100, 0.100, 0.219, 0.100, 0.100, 0.100, 0.100, 0.100, 0.100, 0.100, 0.169, 0.100, 0.100, 0.100, 0.100, 0.100, 0.100]
    Layer  3: sigma=[0.100, 0.325, 0.100, 0.157, 0.100, 0.100, 0.100, 0.100, 0.100, 0.100, 0.100, 0.100, 0.100, 0.100, 0.100, 0.100, 0.100, 0.100, 0.100, 0.100, 0.100, 0.109, 0.100, 0.100, 0.100, 0.100, 0.100, 0.100, 0.100, 0.100, 0.100, 0.100]
    Layer  4: sigma=[0.100, 0.100, 0.100, 0.100, 0.100, 0.100, 0.100, 0.100, 0.100, 0.100, 0.100, 0.100, 0.100, 0.100, 0.100, 0.100, 0.100, 0.100, 0.100, 0.100, 0.133, 0.137, 0.315, 0.100, 0.100, 0.100, 0.100, 0.100, 0.100, 0.100, 0.100, 0.100]
    Layer  5: sigma=[0.100, 0.100, 0.100, 0.100, 0.100, 0.100, 0.100, 0.100, 0.100, 0.131, 0.100, 0.112, 0.100, 0.100, 0.100, 0.122, 0.100, 0.183, 0.100, 0.100, 0.100, 0.100, 0.100, 0.100, 0.100, 0.100, 0.100, 0.100, 0.100, 0.100, 0.100, 0.100]
    Layer  6: sigma=[0.100, 0.100, 0.100, 0.100, 0.100, 0.100, 0.100, 0.100, 0.100, 0.100, 0.100, 0.100, 0.100, 0.100, 0.100, 0.100, 0.100, 0.100, 0.100, 0.100, 0.151, 0.100, 0.100, 0.100, 0.100, 0.100, 0.100, 0.100, 0.100, 0.100, 0.100, 0.100]
    Layer  7: sigma=[0.100, 0.146, 0.100, 0.100, 0.118, 0.100, 0.100, 0.100, 0.100, 0.100, 0.100, 0.100, 0.100, 0.100, 0.100, 0.100, 0.100, 0.100, 0.100, 0.100, 0.100, 0.100, 0.100, 0.100, 0.100, 0.100, 0.100, 0.100, 0.100, 0.100, 0.100, 0.100]
    Layer  8: sigma=[0.100, 0.100, 0.100, 0.100, 0.100, 0.100, 0.100, 0.100, 0.100, 0.100, 0.100, 0.100, 0.100, 0.100, 0.100, 0.100, 0.100, 0.100, 0.100, 0.100, 0.100, 0.100, 0.100, 0.100, 0.100, 0.100, 0.100, 0.183, 0.100, 0.100, 0.100, 0.100]
    Layer  9: sigma=[0.100, 0.100, 0.100, 0.100, 0.100, 0.100, 0.100, 0.100, 0.100, 0.100, 0.100, 0.100, 0.100, 0.100, 0.613, 0.129, 0.100, 0.100, 0.100, 0.100, 0.100, 0.100, 0.100, 0.100, 0.100, 0.100, 0.100, 0.100, 0.100, 0.100, 0.100, 0.100]
    Layer 10: sigma=[0.100, 0.100, 0.100, 0.100, 0.100, 0.100, 0.100, 0.100, 0.100, 0.100, 0.100, 0.100, 0.100, 0.100, 0.100, 0.100, 0.100, 0.100, 0.100, 0.100, 0.100, 0.100, 0.100, 0.100, 0.100, 0.100, 0.100, 0.100, 0.100, 0.100, 0.100, 0.100]
    Layer 11: sigma=[0.100, 0.100, 0.100, 0.100, 0.141, 0.100, 0.100, 0.100, 0.100, 0.104, 0.100, 0.100, 0.100, 0.100, 0.258, 0.100, 0.100, 0.100, 0.100, 0.100, 0.100, 0.100, 0.100, 0.100, 0.100, 0.100, 0.167, 0.100, 0.100, 0.100, 0.100, 0.100]
    Layer 12: sigma=[0.100, 0.100, 0.100, 0.100, 0.100, 0.100, 0.100, 0.100, 0.100, 0.104, 0.100, 0.109, 0.100, 0.100, 0.100, 0.100, 0.100, 0.301, 0.230, 0.100, 0.100, 0.100, 0.100, 0.100, 0.100, 0.100, 0.100, 0.212, 0.100, 0.100, 0.118, 0.100]
    Layer 13: sigma=[0.230, 0.100, 0.100, 0.330, 0.100, 0.100, 0.100, 0.100, 0.100, 0.100, 0.100, 0.100, 0.100, 0.100, 0.100, 0.100, 0.100, 0.100, 0.100, 0.108, 0.100, 0.100, 0.100, 0.100, 0.100, 0.100, 0.100, 0.100, 0.100, 0.100, 0.100, 0.100]
    Layer 14: sigma=[0.100, 0.100, 0.100, 0.100, 0.100, 0.428, 0.100, 0.100, 0.100, 0.100, 0.100, 0.100, 0.100, 0.100, 0.100, 0.100, 0.100, 0.100, 0.100, 0.100, 0.100, 0.100, 0.100, 0.100, 0.119, 0.117, 0.100, 0.100, 0.100, 0.100, 0.100, 0.100]
    Layer 15: sigma=[0.100, 0.197, 0.100, 0.100, 0.100, 0.107, 0.100, 0.100, 0.100, 0.100, 0.100, 0.100, 0.208, 0.100, 0.100, 0.100, 0.100, 0.100, 0.100, 0.100, 0.100, 0.100, 0.100, 0.100, 0.137, 0.100, 0.100, 0.100, 0.100, 0.100, 0.100, 0.100]
    Layer 16: sigma=[0.100, 0.100, 0.100, 0.100, 0.100, 0.100, 0.100, 0.100, 0.100, 0.100, 0.100, 0.100, 0.100, 0.100, 0.100, 0.100, 0.100, 0.100, 0.100, 0.100, 0.100, 0.100, 0.100, 0.100, 0.100, 0.100, 0.100, 0.388, 0.100, 0.100, 0.100, 0.100]
    Layer 17: sigma=[0.100, 0.100, 0.100, 0.100, 0.100, 0.143, 0.100, 0.100, 0.100, 0.100, 0.100, 0.100, 0.100, 0.100, 0.100, 0.100, 0.127, 0.126, 0.100, 0.405, 0.100, 0.100, 0.100, 0.106, 0.138, 0.100, 0.338, 0.100, 0.100, 0.100, 0.100, 0.100]
    Layer 19: sigma=[0.100, 0.100, 0.100, 0.100, 0.100, 0.100, 0.100, 0.100, 0.100, 0.100, 0.100, 0.100, 0.140, 0.100, 0.100, 0.192, 0.100, 0.100, 0.100, 0.265, 0.100, 0.100, 0.100, 0.104, 0.100, 0.100, 0.100, 0.100, 0.100, 0.100, 0.100, 0.100]
    Layer 20: sigma=[0.100, 0.100, 0.100, 0.100, 0.100, 0.189, 0.100, 0.100, 0.143, 0.111, 0.100, 0.100, 0.100, 0.100, 0.100, 0.106, 0.100, 0.110, 0.100, 0.100, 0.100, 0.100, 0.100, 0.100, 0.100, 0.100, 0.100, 0.100, 0.100, 0.100, 0.100, 0.100]
    Layer 21: sigma=[0.100, 0.156, 0.100, 0.100, 0.100, 0.100, 0.100, 0.100, 0.100, 0.146, 0.100, 0.283, 0.100, 0.100, 0.100, 0.100, 0.100, 0.100, 0.100, 0.100, 0.100, 0.116, 0.100, 0.100, 0.161, 0.100, 0.100, 0.100, 0.100, 0.100, 0.343, 0.100]
    Layer 22: sigma=[0.144, 0.100, 0.100, 0.100, 0.162, 0.118, 0.100, 0.183, 0.139, 0.100, 0.100, 0.100, 0.100, 0.100, 0.100, 0.100, 0.100, 0.100, 0.100, 0.100, 0.100, 0.100, 0.100, 0.100, 0.100, 0.100, 0.100, 0.100, 0.100, 0.100, 0.100, 0.100]
    Layer 23: sigma=[0.183, 0.302, 0.224, 0.100, 0.100, 0.100, 0.124, 0.100, 0.100, 0.270, 0.100, 0.100, 0.100, 0.100, 0.100, 0.100, 0.100, 0.100, 0.100, 0.100, 0.100, 0.100, 0.100, 0.100, 0.100, 0.100, 0.100, 0.100, 0.100, 0.108, 0.161, 0.245]
    Layer 24: sigma=[0.100, 0.100, 0.100, 0.100, 0.100, 0.100, 0.100, 0.100, 0.100, 0.100, 0.100, 0.100, 0.100, 0.100, 0.100, 0.145, 0.100, 0.100, 0.100, 0.100, 0.100, 0.100, 0.100, 0.100, 0.209, 0.364, 0.100, 0.392, 0.100, 0.100, 0.100, 0.100]
    Layer 25: sigma=[0.100, 0.100, 0.100, 0.100, 0.100, 0.100, 0.100, 0.100, 0.100, 0.100, 0.100, 0.100, 0.100, 0.100, 0.107, 0.100, 0.100, 0.100, 0.100, 0.100, 0.100, 0.100, 0.100, 0.100, 0.100, 0.100, 0.100, 0.100, 0.100, 0.100, 0.100, 0.100]
    Layer 26: sigma=[0.124, 0.100, 0.100, 0.100, 0.100, 0.100, 0.100, 0.100, 0.100, 0.100, 0.100, 0.100, 0.100, 0.100, 0.100, 0.100, 0.100, 0.100, 0.100, 0.100, 0.100, 0.100, 0.100, 0.100, 0.100, 0.100, 0.100, 0.100, 0.100, 0.100, 0.100, 0.100]
    Layer 27: sigma=[0.100, 0.100, 0.100, 0.100, 0.100, 0.100, 0.100, 0.100, 0.100, 0.100, 0.100, 0.100, 0.100, 0.100, 0.100, 0.100, 0.100, 0.100, 0.100, 0.100, 0.100, 0.100, 0.100, 0.100, 0.100, 0.100, 0.100, 0.100, 0.100, 0.100, 0.100, 0.100]
    Layer 28: sigma=[0.100, 0.100, 0.100, 0.100, 0.100, 0.100, 0.100, 0.179, 0.100, 0.100, 0.100, 0.100, 0.100, 0.100, 0.100, 0.100, 0.100, 0.100, 0.100, 0.100, 0.100, 0.100, 0.100, 0.100, 0.100, 0.100, 0.100, 0.100, 0.100, 0.100, 0.100, 0.100]
    Layer 29: sigma=[0.100, 0.100, 0.100, 0.100, 0.100, 0.100, 0.100, 0.100, 0.100, 0.100, 0.100, 0.100, 0.100, 0.100, 0.100, 0.100, 0.100, 0.100, 0.100, 0.100, 0.100, 0.100, 0.100, 0.100, 0.100, 0.100, 0.100, 0.100, 0.100, 0.100, 0.100, 0.100]
    Layer 30: sigma=[0.100, 0.100, 0.100, 0.100, 0.100, 0.100, 0.100, 0.100, 0.100, 0.100, 0.100, 0.100, 0.100, 0.100, 0.100, 0.100, 0.100, 0.100, 0.100, 0.100, 0.184, 0.100, 0.100, 0.100, 0.100, 0.100, 0.100, 0.100, 0.100, 0.100, 0.100, 0.100]
    Layer 31: sigma=[0.100, 0.100, 0.100, 0.100, 0.100, 0.100, 0.100, 0.100, 0.100, 0.100, 0.100, 0.100, 0.100, 0.100, 0.100, 0.100, 0.100, 0.100, 0.100, 0.100, 0.100, 0.100, 0.100, 0.100, 0.100, 0.100, 0.100, 0.100, 0.100, 0.100, 0.100, 0.100]
    Layer 32: sigma=[0.100, 0.100, 0.100, 0.100, 0.100, 0.100, 0.100, 0.100, 0.100, 0.100, 0.100, 0.100, 0.100, 0.100, 0.100, 0.100, 0.100, 0.100, 0.100, 0.100, 0.100, 0.100, 0.100, 0.100, 0.100, 0.100, 0.100, 0.100, 0.100, 0.100, 0.100, 0.100]
    Layer 33: sigma=[0.100, 0.100, 0.100, 0.100, 0.100, 0.100, 0.100, 0.100, 0.100, 0.100, 0.100, 0.100, 0.100, 0.100, 0.100, 0.100, 0.100, 0.100, 0.100, 0.100, 0.100, 0.100, 0.100, 0.100, 0.100, 0.100, 0.100, 0.100, 0.100, 0.100, 0.100, 0.100]
    Layer 34: sigma=[0.100, 0.100, 0.100, 0.100, 0.100, 0.100, 0.100, 0.100, 0.100, 0.100, 0.100, 0.133, 0.100, 0.100, 0.100, 0.100, 0.105, 0.100, 0.100, 0.100, 0.100, 0.100, 0.100, 0.100, 0.100, 0.100, 0.100, 0.100, 0.100, 0.100, 0.100, 0.100]
    Layer 35: sigma=[0.100, 0.100, 0.100, 0.100, 0.100, 0.100, 0.100, 0.100, 0.100, 0.100, 0.100, 0.100, 0.100, 0.100, 0.100, 0.100, 0.100, 0.100, 0.100, 0.100, 0.100, 0.100, 0.123, 0.100, 0.100, 0.100, 0.100, 0.100, 0.100, 0.100, 0.100, 0.100]

  [Taylor Step 3/3] g_proj = v_proj * alpha (damping=0.01)...
    Layer  0: alpha=0.060634  teacher_rms=0.0163  v_rms=0.0027
    Layer  1: alpha=0.060888  teacher_rms=0.0205  v_rms=0.0034
    Layer  2: alpha=0.057092  teacher_rms=0.0214  v_rms=0.0038
    Layer  3: alpha=0.048626  teacher_rms=0.0259  v_rms=0.0053
    Layer  4: alpha=0.047440  teacher_rms=0.0304  v_rms=0.0064
    Layer  5: alpha=0.061810  teacher_rms=0.0409  v_rms=0.0066
    Layer  6: alpha=0.078510  teacher_rms=0.0621  v_rms=0.0079
    Layer  7: alpha=0.046125  teacher_rms=0.0530  v_rms=0.0115
    Layer  8: alpha=0.047281  teacher_rms=0.0708  v_rms=0.0150
    Layer  9: alpha=0.034058  teacher_rms=0.0713  v_rms=0.0209
    Layer 10: alpha=0.051225  teacher_rms=0.1092  v_rms=0.0213
    Layer 11: alpha=0.062362  teacher_rms=0.1046  v_rms=0.0168
    Layer 12: alpha=0.059436  teacher_rms=0.1207  v_rms=0.0203
    Layer 13: alpha=0.053027  teacher_rms=0.1040  v_rms=0.0196
    Layer 14: alpha=0.062950  teacher_rms=0.1547  v_rms=0.0246
    Layer 15: alpha=0.057507  teacher_rms=0.1576  v_rms=0.0274
    Layer 16: alpha=0.042939  teacher_rms=0.1473  v_rms=0.0343
    Layer 17: alpha=0.045969  teacher_rms=0.1753  v_rms=0.0381
    Layer 19: alpha=0.055785  teacher_rms=0.2060  v_rms=0.0369
    Layer 20: alpha=0.057456  teacher_rms=0.1966  v_rms=0.0342
    Layer 21: alpha=0.047492  teacher_rms=0.2373  v_rms=0.0500
    Layer 22: alpha=0.057024  teacher_rms=0.2834  v_rms=0.0497
    Layer 23: alpha=0.048705  teacher_rms=0.3098  v_rms=0.0636
    Layer 24: alpha=0.033123  teacher_rms=0.2897  v_rms=0.0875
    Layer 25: alpha=0.039986  teacher_rms=0.2376  v_rms=0.0594
    Layer 26: alpha=0.029009  teacher_rms=0.2124  v_rms=0.0732
    Layer 27: alpha=0.037093  teacher_rms=0.3083  v_rms=0.0831
    Layer 28: alpha=0.041629  teacher_rms=0.3705  v_rms=0.0890
    Layer 29: alpha=0.017344  teacher_rms=0.2548  v_rms=0.1469
    Layer 30: alpha=0.028325  teacher_rms=0.4297  v_rms=0.1517
    Layer 31: alpha=0.021213  teacher_rms=0.3785  v_rms=0.1784
    Layer 32: alpha=0.023899  teacher_rms=0.5288  v_rms=0.2213
    Layer 33: alpha=0.018560  teacher_rms=0.6404  v_rms=0.3451
    Layer 34: alpha=0.032982  teacher_rms=1.0325  v_rms=0.3130
    Layer 35: alpha=0.059756  teacher_rms=1.0168  v_rms=0.1702

  Set g_proj = v_proj * alpha in 35 GDN layers (damping=0.01).
  Init (taylor_init) done in 331.3s
  Layer 18: PPL = 12359258.00  (eval 13.3s)

============================================================
  Probing layer 19 | strategy=taylor_init
============================================================
Loading checkpoint shards:   0%|          | 0/4 [00:00<?, ?it/s]Loading checkpoint shards: 100%|██████████| 4/4 [00:00<00:00, 141.29it/s]
Could not cache non-existence of file. Will ignore error and continue. Error: [Errno 13] Permission denied: '/data/shared/huggingface/hub/models--Qwen--Qwen3-8B/.no_exist/b968826d9c46dd6066d109eabc6255188de91218/model.safetensors'
Loading checkpoint shards:   0%|          | 0/5 [00:00<?, ?it/s]Loading checkpoint shards: 100%|██████████| 5/5 [00:00<00:00, 186.20it/s]
Token indices sequence length is longer than the specified maximum sequence length for this model (2429029 > 131072). Running this sequence through the model will result in indexing errors
  [Taylor Step 1/3] Gate calibration from attention stats...
    Layer  0: dist=[32, 3, 12, 35, 12, 26, 9, 11, 19, 6, 8, 9, 18, 34, 31, 10, 16, 19, 16, 14, 13, 23, 4, 12, 5, 52, 10, 43, 15, 36, 15, 14]
    Layer  1: dist=[19, 38, 25, 44, 3, 15, 31, 11, 45, 36, 65, 60, 34, 47, 51, 38, 32, 54, 57, 33, 56, 24, 40, 40, 37, 9, 44, 41, 83, 31, 37, 49]
    Layer  2: dist=[65, 65, 67, 62, 26, 45, 33, 43, 39, 47, 56, 56, 53, 46, 46, 60, 61, 49, 54, 43, 49, 67, 48, 50, 25, 24, 21, 35, 73, 73, 77, 74]
    Layer  3: dist=[65, 26, 13, 22, 87, 93, 83, 73, 56, 53, 62, 58, 90, 73, 75, 74, 59, 62, 51, 67, 74, 60, 64, 65, 64, 56, 52, 59, 70, 63, 72, 65]
    Layer  4: dist=[62, 63, 73, 67, 73, 56, 61, 89, 68, 69, 63, 60, 55, 55, 71, 61, 62, 65, 67, 70, 64, 61, 47, 64, 41, 51, 48, 34, 51, 66, 55, 55]
    Layer  5: dist=[36, 48, 55, 35, 61, 68, 52, 51, 5, 18, 73, 61, 54, 78, 59, 52, 41, 32, 50, 48, 51, 55, 48, 59, 73, 73, 80, 80, 43, 44, 46, 58]
    Layer  6: dist=[27, 40, 30, 31, 52, 46, 67, 61, 46, 25, 43, 38, 56, 64, 56, 30, 47, 34, 45, 40, 20, 30, 32, 14, 35, 50, 32, 49, 47, 43, 37, 53]
    Layer  7: dist=[55, 60, 64, 87, 126, 114, 127, 121, 88, 119, 99, 72, 108, 23, 53, 97, 80, 101, 85, 81, 106, 86, 112, 116, 64, 78, 47, 86, 97, 101, 101, 106]
    Layer  8: dist=[83, 87, 90, 58, 81, 77, 69, 78, 86, 99, 87, 90, 94, 86, 96, 70, 116, 107, 103, 96, 92, 106, 100, 111, 92, 72, 95, 67, 84, 72, 79, 74]
    Layer  9: dist=[76, 60, 61, 67, 83, 97, 96, 74, 123, 120, 118, 112, 27, 87, 63, 85, 93, 100, 114, 125, 87, 77, 60, 70, 119, 81, 91, 97, 125, 113, 127, 123]
    Layer 10: dist=[76, 71, 58, 74, 85, 102, 64, 74, 63, 88, 106, 49, 88, 67, 82, 86, 87, 102, 100, 107, 88, 60, 107, 90, 93, 107, 84, 77, 76, 65, 82, 90]
    Layer 11: dist=[78, 65, 79, 48, 53, 61, 78, 77, 102, 123, 109, 93, 82, 64, 65, 69, 69, 63, 61, 51, 77, 107, 89, 87, 67, 59, 56, 54, 95, 55, 55, 94]
    Layer 12: dist=[21, 72, 79, 61, 87, 83, 66, 70, 63, 62, 74, 77, 86, 81, 82, 87, 39, 68, 59, 94, 102, 112, 97, 103, 93, 2, 107, 38, 81, 88, 113, 91]
    Layer 13: dist=[52, 68, 66, 62, 52, 51, 65, 40, 86, 63, 99, 122, 128, 115, 109, 124, 85, 72, 57, 61, 93, 55, 83, 90, 84, 59, 72, 76, 113, 111, 96, 99]
    Layer 14: dist=[44, 64, 65, 46, 62, 45, 64, 65, 54, 57, 70, 68, 69, 76, 65, 67, 77, 86, 51, 64, 65, 31, 51, 81, 52, 67, 73, 64, 85, 88, 8, 89]
    Layer 15: dist=[80, 44, 79, 38, 37, 38, 79, 67, 90, 60, 46, 104, 68, 107, 79, 89, 61, 57, 64, 68, 58, 60, 50, 51, 49, 34, 86, 62, 72, 84, 71, 49]
    Layer 16: dist=[61, 57, 74, 85, 55, 58, 48, 55, 54, 82, 73, 84, 90, 69, 86, 86, 68, 71, 60, 62, 115, 118, 110, 103, 71, 54, 64, 10, 58, 59, 65, 56]
    Layer 17: dist=[111, 95, 79, 67, 53, 57, 39, 47, 90, 108, 79, 100, 40, 57, 71, 74, 44, 61, 61, 42, 75, 98, 93, 97, 58, 55, 57, 52, 53, 79, 93, 67]
    Layer 18: dist=[34, 45, 35, 33, 56, 78, 74, 57, 64, 67, 66, 79, 61, 60, 57, 62, 46, 74, 72, 52, 68, 47, 65, 96, 58, 62, 61, 63, 52, 53, 79, 56]
    Layer 20: dist=[89, 79, 80, 77, 78, 51, 49, 57, 40, 36, 43, 39, 92, 79, 87, 96, 45, 51, 56, 39, 73, 111, 101, 98, 125, 97, 105, 85, 93, 79, 108, 108]
    Layer 21: dist=[44, 50, 56, 68, 115, 65, 96, 118, 118, 61, 71, 69, 46, 41, 44, 42, 75, 75, 83, 65, 89, 99, 95, 96, 64, 62, 60, 80, 73, 79, 60, 88]
    Layer 22: dist=[73, 60, 67, 63, 52, 72, 45, 56, 37, 49, 45, 59, 18, 86, 61, 64, 33, 79, 76, 41, 102, 115, 120, 121, 101, 84, 91, 95, 114, 92, 103, 95]
    Layer 23: dist=[39, 30, 48, 39, 110, 111, 41, 102, 79, 36, 45, 63, 75, 72, 79, 77, 82, 75, 74, 94, 72, 93, 82, 76, 78, 72, 68, 100, 91, 90, 83, 78]
    Layer 24: dist=[79, 124, 109, 101, 99, 109, 111, 97, 102, 105, 104, 84, 78, 75, 89, 74, 81, 86, 98, 88, 120, 103, 102, 117, 65, 73, 79, 51, 95, 111, 98, 88]
    Layer 25: dist=[105, 121, 118, 94, 71, 72, 107, 80, 96, 97, 85, 90, 65, 89, 50, 68, 93, 99, 97, 89, 102, 111, 105, 108, 110, 110, 99, 108, 88, 125, 98, 88]
    Layer 26: dist=[80, 88, 106, 68, 115, 113, 113, 110, 102, 107, 105, 98, 100, 124, 116, 116, 86, 93, 99, 95, 102, 113, 122, 114, 99, 97, 102, 93, 115, 96, 114, 95]
    Layer 27: dist=[87, 108, 103, 117, 98, 105, 101, 86, 77, 100, 107, 99, 78, 109, 80, 86, 96, 99, 99, 104, 91, 112, 113, 92, 110, 113, 116, 117, 107, 77, 92, 117]
    Layer 28: dist=[103, 92, 102, 102, 82, 63, 80, 76, 96, 107, 92, 89, 112, 105, 96, 101, 112, 104, 104, 108, 119, 71, 60, 89, 91, 88, 99, 99, 92, 92, 71, 95]
    Layer 29: dist=[113, 114, 114, 113, 90, 112, 94, 114, 119, 113, 122, 105, 120, 120, 119, 120, 116, 106, 115, 121, 123, 123, 107, 125, 100, 114, 97, 92, 106, 95, 106, 109]
    Layer 30: dist=[75, 102, 99, 100, 102, 100, 90, 67, 117, 117, 115, 120, 105, 104, 113, 101, 97, 78, 120, 122, 51, 120, 100, 110, 119, 119, 119, 118, 106, 110, 107, 102]
    Layer 31: dist=[119, 117, 99, 98, 112, 113, 114, 116, 114, 77, 87, 91, 117, 116, 117, 115, 101, 101, 106, 94, 119, 116, 108, 119, 112, 109, 89, 120, 112, 106, 102, 110]
    Layer 32: dist=[110, 114, 114, 111, 116, 119, 116, 117, 110, 111, 117, 115, 93, 113, 108, 91, 118, 106, 109, 111, 123, 92, 114, 120, 71, 95, 80, 105, 116, 107, 99, 103]
    Layer 33: dist=[102, 120, 112, 119, 91, 102, 57, 94, 116, 116, 113, 113, 114, 115, 113, 116, 114, 117, 106, 109, 112, 96, 110, 113, 111, 119, 122, 118, 110, 111, 107, 104]
    Layer 34: dist=[110, 109, 112, 113, 105, 111, 108, 102, 53, 93, 114, 86, 117, 115, 120, 81, 82, 89, 126, 55, 119, 51, 118, 119, 122, 122, 125, 122, 54, 62, 68, 109]
    Layer 35: dist=[105, 123, 71, 97, 82, 36, 112, 100, 85, 94, 112, 96, 63, 28, 49, 40, 98, 74, 84, 48, 90, 102, 55, 54, 66, 49, 68, 72, 73, 115, 122, 117]

  [Taylor Step 2/3] OLS sigma per head (scaling V, streaming)...
    Layer  0: sigma=[0.615, 0.100, 0.100, 0.100, 0.332, 0.381, 0.100, 0.100, 0.100, 0.149, 0.100, 0.100, 0.100, 0.100, 0.100, 0.259, 0.100, 0.100, 0.100, 0.100, 0.100, 0.100, 0.100, 0.100, 0.100, 0.100, 0.351, 0.100, 0.100, 0.100, 0.161, 0.100]
    Layer  1: sigma=[0.349, 0.100, 0.100, 0.100, 0.100, 0.100, 0.100, 0.100, 0.100, 0.167, 0.245, 0.100, 0.100, 0.100, 0.100, 0.100, 0.100, 0.100, 0.100, 0.100, 0.100, 0.100, 0.100, 0.116, 0.100, 0.100, 0.115, 0.100, 0.100, 0.100, 0.100, 0.100]
    Layer  2: sigma=[0.100, 0.100, 0.100, 0.100, 0.100, 0.100, 0.100, 0.100, 0.108, 0.102, 0.100, 0.100, 0.100, 0.147, 0.100, 0.100, 0.100, 0.220, 0.100, 0.100, 0.100, 0.100, 0.100, 0.100, 0.100, 0.171, 0.100, 0.100, 0.100, 0.100, 0.100, 0.100]
    Layer  3: sigma=[0.100, 0.328, 0.100, 0.157, 0.100, 0.100, 0.100, 0.100, 0.100, 0.100, 0.100, 0.100, 0.100, 0.100, 0.100, 0.100, 0.100, 0.100, 0.100, 0.100, 0.100, 0.106, 0.100, 0.100, 0.100, 0.100, 0.100, 0.100, 0.100, 0.100, 0.100, 0.100]
    Layer  4: sigma=[0.100, 0.100, 0.100, 0.100, 0.100, 0.100, 0.100, 0.100, 0.100, 0.100, 0.100, 0.100, 0.100, 0.100, 0.100, 0.100, 0.100, 0.100, 0.100, 0.100, 0.132, 0.139, 0.323, 0.100, 0.100, 0.100, 0.100, 0.100, 0.100, 0.100, 0.100, 0.100]
    Layer  5: sigma=[0.100, 0.100, 0.100, 0.100, 0.100, 0.100, 0.100, 0.100, 0.100, 0.138, 0.100, 0.111, 0.100, 0.100, 0.100, 0.121, 0.100, 0.178, 0.100, 0.100, 0.100, 0.100, 0.100, 0.100, 0.100, 0.100, 0.100, 0.100, 0.100, 0.100, 0.100, 0.100]
    Layer  6: sigma=[0.100, 0.100, 0.100, 0.100, 0.100, 0.100, 0.100, 0.100, 0.100, 0.100, 0.100, 0.100, 0.100, 0.100, 0.100, 0.100, 0.100, 0.100, 0.100, 0.100, 0.160, 0.100, 0.100, 0.100, 0.100, 0.100, 0.100, 0.100, 0.100, 0.100, 0.100, 0.100]
    Layer  7: sigma=[0.100, 0.158, 0.100, 0.100, 0.115, 0.100, 0.100, 0.100, 0.100, 0.100, 0.100, 0.100, 0.100, 0.100, 0.100, 0.100, 0.100, 0.100, 0.100, 0.100, 0.100, 0.100, 0.100, 0.100, 0.100, 0.100, 0.100, 0.100, 0.100, 0.100, 0.100, 0.100]
    Layer  8: sigma=[0.100, 0.100, 0.100, 0.100, 0.100, 0.100, 0.100, 0.100, 0.100, 0.100, 0.100, 0.100, 0.100, 0.100, 0.100, 0.100, 0.100, 0.100, 0.100, 0.100, 0.100, 0.100, 0.100, 0.100, 0.100, 0.100, 0.100, 0.172, 0.100, 0.100, 0.100, 0.100]
    Layer  9: sigma=[0.100, 0.100, 0.100, 0.100, 0.100, 0.100, 0.100, 0.100, 0.100, 0.100, 0.100, 0.100, 0.100, 0.100, 0.535, 0.130, 0.100, 0.100, 0.100, 0.100, 0.100, 0.100, 0.100, 0.100, 0.100, 0.100, 0.100, 0.100, 0.100, 0.100, 0.100, 0.100]
    Layer 10: sigma=[0.100, 0.100, 0.100, 0.100, 0.100, 0.100, 0.100, 0.100, 0.100, 0.100, 0.100, 0.100, 0.100, 0.100, 0.100, 0.100, 0.100, 0.100, 0.100, 0.100, 0.100, 0.100, 0.100, 0.100, 0.100, 0.100, 0.100, 0.100, 0.100, 0.100, 0.100, 0.100]
    Layer 11: sigma=[0.100, 0.100, 0.100, 0.100, 0.144, 0.100, 0.100, 0.100, 0.100, 0.109, 0.100, 0.100, 0.100, 0.100, 0.228, 0.100, 0.100, 0.100, 0.100, 0.100, 0.100, 0.100, 0.100, 0.100, 0.100, 0.100, 0.159, 0.100, 0.100, 0.100, 0.100, 0.100]
    Layer 12: sigma=[0.100, 0.100, 0.100, 0.100, 0.100, 0.100, 0.100, 0.100, 0.100, 0.104, 0.100, 0.108, 0.100, 0.100, 0.100, 0.100, 0.100, 0.342, 0.189, 0.100, 0.100, 0.100, 0.100, 0.100, 0.100, 0.100, 0.100, 0.214, 0.100, 0.100, 0.117, 0.100]
    Layer 13: sigma=[0.233, 0.100, 0.100, 0.323, 0.100, 0.100, 0.100, 0.100, 0.100, 0.100, 0.100, 0.100, 0.100, 0.100, 0.100, 0.100, 0.100, 0.100, 0.100, 0.104, 0.100, 0.100, 0.100, 0.100, 0.100, 0.100, 0.100, 0.100, 0.100, 0.100, 0.100, 0.100]
    Layer 14: sigma=[0.100, 0.100, 0.100, 0.100, 0.100, 0.394, 0.100, 0.100, 0.100, 0.100, 0.100, 0.100, 0.100, 0.100, 0.100, 0.100, 0.100, 0.100, 0.100, 0.100, 0.100, 0.100, 0.100, 0.100, 0.119, 0.125, 0.100, 0.100, 0.100, 0.100, 0.100, 0.100]
    Layer 15: sigma=[0.100, 0.195, 0.100, 0.100, 0.100, 0.113, 0.100, 0.100, 0.100, 0.100, 0.100, 0.100, 0.209, 0.100, 0.100, 0.100, 0.100, 0.100, 0.100, 0.100, 0.100, 0.100, 0.100, 0.100, 0.136, 0.100, 0.100, 0.100, 0.100, 0.100, 0.100, 0.100]
    Layer 16: sigma=[0.100, 0.100, 0.100, 0.100, 0.100, 0.100, 0.100, 0.100, 0.100, 0.100, 0.100, 0.100, 0.100, 0.100, 0.100, 0.100, 0.100, 0.100, 0.100, 0.100, 0.100, 0.100, 0.100, 0.100, 0.100, 0.100, 0.100, 0.395, 0.100, 0.100, 0.100, 0.100]
    Layer 17: sigma=[0.100, 0.100, 0.100, 0.100, 0.100, 0.142, 0.100, 0.100, 0.100, 0.100, 0.100, 0.100, 0.100, 0.100, 0.100, 0.100, 0.143, 0.106, 0.100, 0.423, 0.100, 0.100, 0.100, 0.104, 0.131, 0.100, 0.417, 0.100, 0.100, 0.100, 0.100, 0.100]
    Layer 18: sigma=[0.100, 0.509, 0.100, 0.100, 0.100, 0.100, 0.100, 0.188, 0.100, 0.100, 0.100, 0.100, 0.100, 0.100, 0.100, 0.100, 0.139, 0.100, 0.100, 0.100, 0.100, 0.100, 0.100, 0.100, 0.100, 0.100, 0.100, 0.100, 0.100, 0.100, 0.100, 0.100]
    Layer 20: sigma=[0.100, 0.100, 0.100, 0.100, 0.100, 0.170, 0.100, 0.100, 0.151, 0.103, 0.100, 0.100, 0.100, 0.100, 0.100, 0.113, 0.100, 0.100, 0.100, 0.100, 0.100, 0.100, 0.100, 0.100, 0.100, 0.100, 0.100, 0.100, 0.100, 0.100, 0.100, 0.100]
    Layer 21: sigma=[0.100, 0.121, 0.100, 0.100, 0.100, 0.100, 0.100, 0.100, 0.100, 0.167, 0.100, 0.235, 0.100, 0.100, 0.112, 0.100, 0.100, 0.100, 0.100, 0.100, 0.100, 0.107, 0.100, 0.100, 0.174, 0.100, 0.100, 0.100, 0.100, 0.100, 0.177, 0.100]
    Layer 22: sigma=[0.157, 0.100, 0.100, 0.100, 0.189, 0.120, 0.127, 0.176, 0.133, 0.100, 0.100, 0.100, 0.100, 0.100, 0.100, 0.100, 0.100, 0.100, 0.100, 0.100, 0.100, 0.100, 0.100, 0.100, 0.100, 0.100, 0.100, 0.100, 0.100, 0.100, 0.100, 0.100]
    Layer 23: sigma=[0.170, 0.275, 0.139, 0.100, 0.100, 0.100, 0.113, 0.100, 0.100, 0.234, 0.100, 0.100, 0.100, 0.100, 0.100, 0.100, 0.100, 0.100, 0.100, 0.100, 0.100, 0.100, 0.100, 0.100, 0.100, 0.100, 0.100, 0.100, 0.100, 0.100, 0.186, 0.277]
    Layer 24: sigma=[0.100, 0.100, 0.100, 0.100, 0.100, 0.100, 0.100, 0.100, 0.100, 0.100, 0.100, 0.100, 0.100, 0.100, 0.100, 0.155, 0.100, 0.100, 0.100, 0.100, 0.100, 0.100, 0.100, 0.100, 0.196, 0.428, 0.100, 0.343, 0.100, 0.100, 0.100, 0.100]
    Layer 25: sigma=[0.100, 0.100, 0.100, 0.100, 0.100, 0.100, 0.100, 0.100, 0.100, 0.100, 0.100, 0.100, 0.100, 0.100, 0.132, 0.100, 0.100, 0.100, 0.100, 0.100, 0.100, 0.100, 0.100, 0.100, 0.100, 0.100, 0.100, 0.100, 0.100, 0.100, 0.100, 0.100]
    Layer 26: sigma=[0.100, 0.100, 0.100, 0.100, 0.100, 0.100, 0.100, 0.100, 0.100, 0.100, 0.100, 0.100, 0.100, 0.100, 0.100, 0.100, 0.100, 0.100, 0.100, 0.100, 0.100, 0.100, 0.100, 0.100, 0.100, 0.100, 0.100, 0.100, 0.100, 0.100, 0.100, 0.100]
    Layer 27: sigma=[0.100, 0.100, 0.100, 0.100, 0.100, 0.100, 0.100, 0.100, 0.100, 0.100, 0.100, 0.100, 0.100, 0.100, 0.100, 0.100, 0.100, 0.100, 0.100, 0.100, 0.100, 0.100, 0.100, 0.100, 0.100, 0.100, 0.100, 0.100, 0.100, 0.100, 0.100, 0.100]
    Layer 28: sigma=[0.100, 0.100, 0.100, 0.100, 0.100, 0.143, 0.100, 0.125, 0.100, 0.100, 0.100, 0.100, 0.100, 0.100, 0.100, 0.100, 0.100, 0.100, 0.100, 0.100, 0.100, 0.100, 0.100, 0.100, 0.100, 0.100, 0.100, 0.100, 0.100, 0.100, 0.100, 0.100]
    Layer 29: sigma=[0.100, 0.100, 0.100, 0.100, 0.100, 0.100, 0.100, 0.100, 0.100, 0.100, 0.100, 0.100, 0.100, 0.100, 0.100, 0.100, 0.100, 0.100, 0.100, 0.100, 0.100, 0.100, 0.100, 0.100, 0.100, 0.100, 0.100, 0.100, 0.100, 0.100, 0.100, 0.100]
    Layer 30: sigma=[0.100, 0.100, 0.100, 0.100, 0.100, 0.100, 0.100, 0.100, 0.100, 0.100, 0.100, 0.100, 0.100, 0.100, 0.100, 0.100, 0.100, 0.100, 0.100, 0.100, 0.135, 0.100, 0.100, 0.100, 0.100, 0.100, 0.100, 0.100, 0.100, 0.100, 0.100, 0.100]
    Layer 31: sigma=[0.100, 0.100, 0.100, 0.100, 0.100, 0.100, 0.100, 0.100, 0.100, 0.100, 0.100, 0.100, 0.100, 0.100, 0.100, 0.100, 0.100, 0.100, 0.100, 0.111, 0.100, 0.100, 0.100, 0.100, 0.100, 0.100, 0.100, 0.100, 0.100, 0.100, 0.100, 0.100]
    Layer 32: sigma=[0.100, 0.100, 0.100, 0.100, 0.100, 0.100, 0.100, 0.100, 0.100, 0.100, 0.100, 0.100, 0.100, 0.100, 0.100, 0.100, 0.100, 0.100, 0.100, 0.100, 0.100, 0.100, 0.100, 0.100, 0.100, 0.100, 0.100, 0.100, 0.100, 0.100, 0.100, 0.100]
    Layer 33: sigma=[0.100, 0.100, 0.100, 0.100, 0.100, 0.100, 0.100, 0.100, 0.100, 0.100, 0.100, 0.100, 0.100, 0.100, 0.100, 0.100, 0.100, 0.100, 0.100, 0.100, 0.100, 0.100, 0.100, 0.100, 0.100, 0.100, 0.100, 0.100, 0.100, 0.100, 0.100, 0.100]
    Layer 34: sigma=[0.100, 0.100, 0.100, 0.100, 0.100, 0.100, 0.100, 0.100, 0.100, 0.100, 0.100, 0.100, 0.100, 0.100, 0.100, 0.100, 0.100, 0.100, 0.100, 0.108, 0.100, 0.100, 0.100, 0.100, 0.100, 0.100, 0.100, 0.100, 0.100, 0.100, 0.100, 0.100]
    Layer 35: sigma=[0.100, 0.100, 0.100, 0.100, 0.101, 0.100, 0.100, 0.100, 0.100, 0.100, 0.100, 0.100, 0.100, 0.100, 0.100, 0.100, 0.100, 0.100, 0.100, 0.100, 0.100, 0.100, 0.102, 0.100, 0.100, 0.100, 0.100, 0.100, 0.100, 0.100, 0.100, 0.100]

  [Taylor Step 3/3] g_proj = v_proj * alpha (damping=0.01)...
    Layer  0: alpha=0.060404  teacher_rms=0.0163  v_rms=0.0027
    Layer  1: alpha=0.060941  teacher_rms=0.0205  v_rms=0.0034
    Layer  2: alpha=0.056964  teacher_rms=0.0214  v_rms=0.0038
    Layer  3: alpha=0.048574  teacher_rms=0.0259  v_rms=0.0053
    Layer  4: alpha=0.047218  teacher_rms=0.0304  v_rms=0.0064
    Layer  5: alpha=0.061837  teacher_rms=0.0409  v_rms=0.0066
    Layer  6: alpha=0.078153  teacher_rms=0.0621  v_rms=0.0079
    Layer  7: alpha=0.045883  teacher_rms=0.0530  v_rms=0.0115
    Layer  8: alpha=0.047541  teacher_rms=0.0708  v_rms=0.0149
    Layer  9: alpha=0.036310  teacher_rms=0.0713  v_rms=0.0196
    Layer 10: alpha=0.051225  teacher_rms=0.1092  v_rms=0.0213
    Layer 11: alpha=0.063504  teacher_rms=0.1046  v_rms=0.0165
    Layer 12: alpha=0.058728  teacher_rms=0.1207  v_rms=0.0206
    Layer 13: alpha=0.053255  teacher_rms=0.1040  v_rms=0.0195
    Layer 14: alpha=0.064429  teacher_rms=0.1547  v_rms=0.0240
    Layer 15: alpha=0.057502  teacher_rms=0.1576  v_rms=0.0274
    Layer 16: alpha=0.042758  teacher_rms=0.1473  v_rms=0.0345
    Layer 17: alpha=0.043553  teacher_rms=0.1753  v_rms=0.0403
    Layer 18: alpha=0.043118  teacher_rms=0.1990  v_rms=0.0462
    Layer 20: alpha=0.058202  teacher_rms=0.1966  v_rms=0.0338
    Layer 21: alpha=0.055464  teacher_rms=0.2373  v_rms=0.0428
    Layer 22: alpha=0.055719  teacher_rms=0.2834  v_rms=0.0509
    Layer 23: alpha=0.050269  teacher_rms=0.3098  v_rms=0.0616
    Layer 24: alpha=0.033359  teacher_rms=0.2897  v_rms=0.0868
    Layer 25: alpha=0.039704  teacher_rms=0.2376  v_rms=0.0598
    Layer 26: alpha=0.029256  teacher_rms=0.2124  v_rms=0.0726
    Layer 27: alpha=0.037093  teacher_rms=0.3083  v_rms=0.0831
    Layer 28: alpha=0.041913  teacher_rms=0.3705  v_rms=0.0884
    Layer 29: alpha=0.017344  teacher_rms=0.2548  v_rms=0.1469
    Layer 30: alpha=0.028798  teacher_rms=0.4297  v_rms=0.1492
    Layer 31: alpha=0.021179  teacher_rms=0.3785  v_rms=0.1787
    Layer 32: alpha=0.023899  teacher_rms=0.5288  v_rms=0.2213
    Layer 33: alpha=0.018560  teacher_rms=0.6404  v_rms=0.3451
    Layer 34: alpha=0.033150  teacher_rms=1.0325  v_rms=0.3114
    Layer 35: alpha=0.060049  teacher_rms=1.0168  v_rms=0.1693

  Set g_proj = v_proj * alpha in 35 GDN layers (damping=0.01).
  Init (taylor_init) done in 329.2s
  Layer 19: PPL = 15673112.00  (eval 13.2s)

============================================================
  Probing layer 20 | strategy=taylor_init
============================================================
Loading checkpoint shards:   0%|          | 0/4 [00:00<?, ?it/s]Loading checkpoint shards: 100%|██████████| 4/4 [00:00<00:00, 153.56it/s]
Could not cache non-existence of file. Will ignore error and continue. Error: [Errno 13] Permission denied: '/data/shared/huggingface/hub/models--Qwen--Qwen3-8B/.no_exist/b968826d9c46dd6066d109eabc6255188de91218/model.safetensors'
Loading checkpoint shards:   0%|          | 0/5 [00:00<?, ?it/s]Loading checkpoint shards:  80%|████████  | 4/5 [00:00<00:00, 37.84it/s]Loading checkpoint shards: 100%|██████████| 5/5 [00:00<00:00, 46.39it/s]
Token indices sequence length is longer than the specified maximum sequence length for this model (2429029 > 131072). Running this sequence through the model will result in indexing errors
  [Taylor Step 1/3] Gate calibration from attention stats...
    Layer  0: dist=[32, 3, 12, 35, 12, 26, 9, 11, 19, 6, 8, 9, 18, 34, 31, 10, 16, 19, 16, 14, 13, 23, 4, 12, 5, 52, 10, 43, 15, 36, 15, 14]
    Layer  1: dist=[19, 38, 25, 44, 3, 15, 31, 11, 45, 36, 65, 60, 34, 47, 51, 38, 32, 54, 57, 33, 56, 24, 40, 40, 37, 9, 44, 41, 83, 31, 37, 49]
    Layer  2: dist=[65, 65, 67, 62, 26, 45, 33, 43, 39, 47, 56, 56, 53, 46, 46, 60, 61, 49, 54, 43, 49, 67, 48, 50, 25, 24, 21, 35, 73, 73, 77, 74]
    Layer  3: dist=[65, 26, 13, 22, 87, 93, 83, 73, 56, 53, 62, 58, 90, 73, 75, 74, 59, 62, 51, 67, 74, 60, 64, 65, 64, 56, 52, 59, 70, 63, 72, 65]
    Layer  4: dist=[62, 63, 73, 67, 73, 56, 61, 89, 68, 69, 63, 60, 55, 55, 71, 61, 62, 65, 67, 70, 64, 61, 47, 64, 41, 51, 48, 34, 51, 66, 55, 55]
    Layer  5: dist=[36, 48, 55, 35, 61, 68, 52, 51, 5, 18, 73, 61, 54, 78, 59, 52, 41, 32, 50, 48, 51, 55, 48, 59, 73, 73, 80, 80, 43, 44, 46, 58]
    Layer  6: dist=[27, 40, 30, 31, 52, 46, 67, 61, 46, 25, 43, 38, 56, 64, 56, 30, 47, 34, 45, 40, 20, 30, 32, 14, 35, 50, 32, 49, 47, 43, 37, 53]
    Layer  7: dist=[55, 60, 64, 87, 126, 114, 127, 121, 88, 119, 99, 72, 108, 23, 53, 97, 80, 101, 85, 81, 106, 86, 112, 116, 64, 78, 47, 86, 97, 101, 101, 106]
    Layer  8: dist=[83, 87, 90, 58, 81, 77, 69, 78, 86, 99, 87, 90, 94, 86, 96, 70, 116, 107, 103, 96, 92, 106, 100, 111, 92, 72, 95, 67, 84, 72, 79, 74]
    Layer  9: dist=[76, 60, 61, 67, 83, 97, 96, 74, 123, 120, 118, 112, 27, 87, 63, 85, 93, 100, 114, 125, 87, 77, 60, 70, 119, 81, 91, 97, 125, 113, 127, 123]
    Layer 10: dist=[76, 71, 58, 74, 85, 102, 64, 74, 63, 88, 106, 49, 88, 67, 82, 86, 87, 102, 100, 107, 88, 60, 107, 90, 93, 107, 84, 77, 76, 65, 82, 90]
    Layer 11: dist=[78, 65, 79, 48, 53, 61, 78, 77, 102, 123, 109, 93, 82, 64, 65, 69, 69, 63, 61, 51, 77, 107, 89, 87, 67, 59, 56, 54, 95, 55, 55, 94]
    Layer 12: dist=[21, 72, 79, 61, 87, 83, 66, 70, 63, 62, 74, 77, 86, 81, 82, 87, 39, 68, 59, 94, 102, 112, 97, 103, 93, 2, 107, 38, 81, 88, 113, 91]
    Layer 13: dist=[52, 68, 66, 62, 52, 51, 65, 40, 86, 63, 99, 122, 128, 115, 109, 124, 85, 72, 57, 61, 93, 55, 83, 90, 84, 59, 72, 76, 113, 111, 96, 99]
    Layer 14: dist=[44, 64, 65, 46, 62, 45, 64, 65, 54, 57, 70, 68, 69, 76, 65, 67, 77, 86, 51, 64, 65, 31, 51, 81, 52, 67, 73, 64, 85, 88, 8, 89]
    Layer 15: dist=[80, 44, 79, 38, 37, 38, 79, 67, 90, 60, 46, 104, 68, 107, 79, 89, 61, 57, 64, 68, 58, 60, 50, 51, 49, 34, 86, 62, 72, 84, 71, 49]
    Layer 16: dist=[61, 57, 74, 85, 55, 58, 48, 55, 54, 82, 73, 84, 90, 69, 86, 86, 68, 71, 60, 62, 115, 118, 110, 103, 71, 54, 64, 10, 58, 59, 65, 56]
    Layer 17: dist=[111, 95, 79, 67, 53, 57, 39, 47, 90, 108, 79, 100, 40, 57, 71, 74, 44, 61, 61, 42, 75, 98, 93, 97, 58, 55, 57, 52, 53, 79, 93, 67]
    Layer 18: dist=[34, 45, 35, 33, 56, 78, 74, 57, 64, 67, 66, 79, 61, 60, 57, 62, 46, 74, 72, 52, 68, 47, 65, 96, 58, 62, 61, 63, 52, 53, 79, 56]
    Layer 19: dist=[73, 64, 63, 62, 76, 103, 54, 71, 81, 85, 84, 93, 63, 57, 75, 63, 84, 85, 49, 49, 21, 50, 33, 49, 102, 106, 102, 116, 77, 77, 73, 72]
    Layer 21: dist=[44, 50, 56, 68, 115, 65, 96, 118, 118, 61, 71, 69, 46, 41, 44, 42, 75, 75, 83, 65, 89, 99, 95, 96, 64, 62, 60, 80, 73, 79, 60, 88]
    Layer 22: dist=[73, 60, 67, 63, 52, 72, 45, 56, 37, 49, 45, 59, 18, 86, 61, 64, 33, 79, 76, 41, 102, 115, 120, 121, 101, 84, 91, 95, 114, 92, 103, 95]
    Layer 23: dist=[39, 30, 48, 39, 110, 111, 41, 102, 79, 36, 45, 63, 75, 72, 79, 77, 82, 75, 74, 94, 72, 93, 82, 76, 78, 72, 68, 100, 91, 90, 83, 78]
    Layer 24: dist=[79, 124, 109, 101, 99, 109, 111, 97, 102, 105, 104, 84, 78, 75, 89, 74, 81, 86, 98, 88, 120, 103, 102, 117, 65, 73, 79, 51, 95, 111, 98, 88]
    Layer 25: dist=[105, 121, 118, 94, 71, 72, 107, 80, 96, 97, 85, 90, 65, 89, 50, 68, 93, 99, 97, 89, 102, 111, 105, 108, 110, 110, 99, 108, 88, 125, 98, 88]
    Layer 26: dist=[80, 88, 106, 68, 115, 113, 113, 110, 102, 107, 105, 98, 100, 124, 116, 116, 86, 93, 99, 95, 102, 113, 122, 114, 99, 97, 102, 93, 115, 96, 114, 95]
    Layer 27: dist=[87, 108, 103, 117, 98, 105, 101, 86, 77, 100, 107, 99, 78, 109, 80, 86, 96, 99, 99, 104, 91, 112, 113, 92, 110, 113, 116, 117, 107, 77, 92, 117]
    Layer 28: dist=[103, 92, 102, 102, 82, 63, 80, 76, 96, 107, 92, 89, 112, 105, 96, 101, 112, 104, 104, 108, 119, 71, 60, 89, 91, 88, 99, 99, 92, 92, 71, 95]
    Layer 29: dist=[113, 114, 114, 113, 90, 112, 94, 114, 119, 113, 122, 105, 120, 120, 119, 120, 116, 106, 115, 121, 123, 123, 107, 125, 100, 114, 97, 92, 106, 95, 106, 109]
    Layer 30: dist=[75, 102, 99, 100, 102, 100, 90, 67, 117, 117, 115, 120, 105, 104, 113, 101, 97, 78, 120, 122, 51, 120, 100, 110, 119, 119, 119, 118, 106, 110, 107, 102]
    Layer 31: dist=[119, 117, 99, 98, 112, 113, 114, 116, 114, 77, 87, 91, 117, 116, 117, 115, 101, 101, 106, 94, 119, 116, 108, 119, 112, 109, 89, 120, 112, 106, 102, 110]
    Layer 32: dist=[110, 114, 114, 111, 116, 119, 116, 117, 110, 111, 117, 115, 93, 113, 108, 91, 118, 106, 109, 111, 123, 92, 114, 120, 71, 95, 80, 105, 116, 107, 99, 103]
    Layer 33: dist=[102, 120, 112, 119, 91, 102, 57, 94, 116, 116, 113, 113, 114, 115, 113, 116, 114, 117, 106, 109, 112, 96, 110, 113, 111, 119, 122, 118, 110, 111, 107, 104]
    Layer 34: dist=[110, 109, 112, 113, 105, 111, 108, 102, 53, 93, 114, 86, 117, 115, 120, 81, 82, 89, 126, 55, 119, 51, 118, 119, 122, 122, 125, 122, 54, 62, 68, 109]
    Layer 35: dist=[105, 123, 71, 97, 82, 36, 112, 100, 85, 94, 112, 96, 63, 28, 49, 40, 98, 74, 84, 48, 90, 102, 55, 54, 66, 49, 68, 72, 73, 115, 122, 117]

  [Taylor Step 2/3] OLS sigma per head (scaling V, streaming)...
    Layer  0: sigma=[0.618, 0.100, 0.100, 0.100, 0.332, 0.379, 0.100, 0.100, 0.100, 0.148, 0.100, 0.100, 0.100, 0.100, 0.100, 0.259, 0.100, 0.100, 0.100, 0.100, 0.100, 0.100, 0.100, 0.100, 0.100, 0.100, 0.352, 0.100, 0.100, 0.100, 0.161, 0.100]
    Layer  1: sigma=[0.351, 0.100, 0.100, 0.100, 0.100, 0.100, 0.100, 0.100, 0.100, 0.167, 0.243, 0.100, 0.100, 0.100, 0.100, 0.100, 0.100, 0.100, 0.100, 0.100, 0.100, 0.100, 0.100, 0.116, 0.100, 0.100, 0.114, 0.100, 0.100, 0.100, 0.100, 0.100]
    Layer  2: sigma=[0.100, 0.100, 0.100, 0.100, 0.100, 0.100, 0.100, 0.100, 0.109, 0.100, 0.100, 0.100, 0.100, 0.146, 0.100, 0.100, 0.100, 0.222, 0.100, 0.100, 0.100, 0.100, 0.100, 0.100, 0.100, 0.173, 0.100, 0.100, 0.100, 0.100, 0.100, 0.100]
    Layer  3: sigma=[0.100, 0.326, 0.100, 0.153, 0.100, 0.100, 0.100, 0.100, 0.100, 0.100, 0.100, 0.100, 0.100, 0.100, 0.100, 0.100, 0.100, 0.100, 0.100, 0.100, 0.100, 0.109, 0.100, 0.100, 0.100, 0.100, 0.100, 0.100, 0.100, 0.100, 0.100, 0.100]
    Layer  4: sigma=[0.100, 0.100, 0.100, 0.100, 0.100, 0.100, 0.100, 0.100, 0.100, 0.100, 0.100, 0.100, 0.100, 0.100, 0.100, 0.100, 0.100, 0.100, 0.100, 0.100, 0.132, 0.138, 0.314, 0.100, 0.100, 0.100, 0.100, 0.100, 0.100, 0.100, 0.100, 0.100]
    Layer  5: sigma=[0.100, 0.100, 0.100, 0.100, 0.100, 0.100, 0.100, 0.100, 0.100, 0.133, 0.100, 0.110, 0.100, 0.100, 0.100, 0.123, 0.100, 0.181, 0.100, 0.100, 0.100, 0.100, 0.100, 0.100, 0.100, 0.100, 0.100, 0.100, 0.100, 0.100, 0.100, 0.100]
    Layer  6: sigma=[0.100, 0.100, 0.100, 0.100, 0.100, 0.100, 0.100, 0.100, 0.100, 0.100, 0.100, 0.100, 0.100, 0.100, 0.100, 0.100, 0.100, 0.100, 0.100, 0.100, 0.149, 0.100, 0.100, 0.100, 0.100, 0.100, 0.100, 0.100, 0.100, 0.100, 0.100, 0.100]
    Layer  7: sigma=[0.100, 0.150, 0.100, 0.100, 0.119, 0.100, 0.100, 0.100, 0.100, 0.100, 0.100, 0.100, 0.100, 0.100, 0.100, 0.100, 0.100, 0.100, 0.100, 0.100, 0.100, 0.100, 0.100, 0.100, 0.100, 0.100, 0.100, 0.100, 0.100, 0.100, 0.100, 0.100]
    Layer  8: sigma=[0.100, 0.100, 0.100, 0.100, 0.100, 0.100, 0.100, 0.100, 0.100, 0.100, 0.100, 0.100, 0.100, 0.100, 0.100, 0.100, 0.100, 0.100, 0.100, 0.100, 0.100, 0.100, 0.100, 0.100, 0.100, 0.100, 0.100, 0.170, 0.100, 0.100, 0.100, 0.100]
    Layer  9: sigma=[0.100, 0.100, 0.100, 0.100, 0.100, 0.100, 0.100, 0.100, 0.100, 0.100, 0.100, 0.100, 0.100, 0.100, 0.618, 0.131, 0.100, 0.100, 0.100, 0.100, 0.100, 0.100, 0.100, 0.100, 0.100, 0.100, 0.100, 0.100, 0.100, 0.100, 0.100, 0.100]
    Layer 10: sigma=[0.100, 0.100, 0.100, 0.100, 0.100, 0.100, 0.100, 0.100, 0.100, 0.100, 0.100, 0.100, 0.100, 0.100, 0.100, 0.100, 0.100, 0.100, 0.100, 0.100, 0.100, 0.100, 0.100, 0.100, 0.100, 0.100, 0.100, 0.100, 0.100, 0.100, 0.100, 0.100]
    Layer 11: sigma=[0.100, 0.100, 0.100, 0.100, 0.140, 0.100, 0.100, 0.100, 0.100, 0.112, 0.100, 0.100, 0.100, 0.100, 0.243, 0.100, 0.100, 0.100, 0.100, 0.100, 0.100, 0.100, 0.100, 0.100, 0.100, 0.100, 0.171, 0.100, 0.100, 0.100, 0.100, 0.100]
    Layer 12: sigma=[0.100, 0.100, 0.100, 0.100, 0.100, 0.100, 0.100, 0.100, 0.100, 0.107, 0.100, 0.109, 0.100, 0.100, 0.100, 0.100, 0.100, 0.313, 0.211, 0.100, 0.100, 0.100, 0.100, 0.100, 0.100, 0.100, 0.100, 0.211, 0.100, 0.100, 0.118, 0.100]
    Layer 13: sigma=[0.225, 0.100, 0.100, 0.358, 0.100, 0.100, 0.100, 0.100, 0.100, 0.100, 0.100, 0.100, 0.100, 0.100, 0.100, 0.100, 0.100, 0.100, 0.100, 0.117, 0.100, 0.100, 0.100, 0.100, 0.100, 0.100, 0.100, 0.100, 0.100, 0.100, 0.100, 0.100]
    Layer 14: sigma=[0.100, 0.100, 0.100, 0.100, 0.100, 0.410, 0.100, 0.100, 0.100, 0.100, 0.100, 0.100, 0.100, 0.100, 0.100, 0.100, 0.100, 0.100, 0.100, 0.100, 0.100, 0.100, 0.100, 0.100, 0.112, 0.110, 0.100, 0.100, 0.100, 0.100, 0.100, 0.100]
    Layer 15: sigma=[0.100, 0.201, 0.100, 0.100, 0.100, 0.115, 0.100, 0.100, 0.100, 0.100, 0.100, 0.100, 0.200, 0.100, 0.100, 0.100, 0.100, 0.100, 0.100, 0.100, 0.100, 0.100, 0.100, 0.100, 0.142, 0.100, 0.100, 0.100, 0.100, 0.100, 0.100, 0.100]
    Layer 16: sigma=[0.100, 0.100, 0.100, 0.100, 0.100, 0.100, 0.100, 0.100, 0.100, 0.100, 0.100, 0.100, 0.100, 0.100, 0.100, 0.100, 0.100, 0.100, 0.100, 0.100, 0.100, 0.100, 0.100, 0.100, 0.100, 0.100, 0.100, 0.421, 0.100, 0.100, 0.100, 0.100]
    Layer 17: sigma=[0.100, 0.100, 0.100, 0.100, 0.100, 0.165, 0.100, 0.100, 0.100, 0.100, 0.100, 0.100, 0.100, 0.100, 0.100, 0.100, 0.149, 0.100, 0.100, 0.395, 0.100, 0.100, 0.100, 0.103, 0.119, 0.100, 0.437, 0.100, 0.100, 0.100, 0.100, 0.100]
    Layer 18: sigma=[0.100, 0.422, 0.100, 0.100, 0.100, 0.100, 0.100, 0.188, 0.100, 0.100, 0.100, 0.100, 0.100, 0.100, 0.100, 0.100, 0.170, 0.100, 0.100, 0.100, 0.100, 0.100, 0.100, 0.100, 0.100, 0.100, 0.100, 0.100, 0.100, 0.100, 0.100, 0.100]
    Layer 19: sigma=[0.100, 0.100, 0.100, 0.100, 0.100, 0.100, 0.100, 0.100, 0.100, 0.100, 0.100, 0.100, 0.117, 0.100, 0.100, 0.191, 0.100, 0.100, 0.100, 0.288, 0.100, 0.100, 0.100, 0.117, 0.100, 0.100, 0.100, 0.100, 0.100, 0.100, 0.100, 0.100]
    Layer 21: sigma=[0.100, 0.128, 0.100, 0.100, 0.100, 0.100, 0.100, 0.100, 0.100, 0.156, 0.100, 0.252, 0.100, 0.100, 0.110, 0.100, 0.100, 0.100, 0.100, 0.103, 0.100, 0.121, 0.100, 0.100, 0.168, 0.100, 0.100, 0.100, 0.100, 0.100, 0.215, 0.100]
    Layer 22: sigma=[0.155, 0.100, 0.100, 0.100, 0.142, 0.117, 0.100, 0.211, 0.100, 0.100, 0.100, 0.100, 0.100, 0.100, 0.100, 0.100, 0.100, 0.100, 0.100, 0.100, 0.100, 0.100, 0.100, 0.100, 0.100, 0.100, 0.100, 0.100, 0.100, 0.100, 0.100, 0.100]
    Layer 23: sigma=[0.182, 0.246, 0.195, 0.100, 0.100, 0.100, 0.126, 0.100, 0.100, 0.238, 0.100, 0.100, 0.100, 0.100, 0.103, 0.100, 0.100, 0.100, 0.100, 0.100, 0.100, 0.100, 0.100, 0.100, 0.100, 0.100, 0.100, 0.100, 0.100, 0.100, 0.153, 0.245]
    Layer 24: sigma=[0.100, 0.100, 0.100, 0.100, 0.100, 0.100, 0.100, 0.100, 0.100, 0.100, 0.100, 0.100, 0.100, 0.100, 0.100, 0.123, 0.100, 0.100, 0.100, 0.100, 0.100, 0.100, 0.100, 0.100, 0.241, 0.373, 0.100, 0.373, 0.100, 0.100, 0.100, 0.100]
    Layer 25: sigma=[0.100, 0.100, 0.100, 0.100, 0.100, 0.100, 0.100, 0.100, 0.100, 0.100, 0.100, 0.100, 0.100, 0.100, 0.111, 0.100, 0.100, 0.100, 0.100, 0.100, 0.100, 0.100, 0.100, 0.100, 0.100, 0.100, 0.100, 0.100, 0.100, 0.100, 0.100, 0.100]
    Layer 26: sigma=[0.100, 0.100, 0.100, 0.100, 0.100, 0.100, 0.100, 0.100, 0.100, 0.100, 0.100, 0.100, 0.100, 0.100, 0.100, 0.100, 0.100, 0.100, 0.100, 0.100, 0.100, 0.100, 0.100, 0.100, 0.100, 0.100, 0.100, 0.100, 0.100, 0.100, 0.100, 0.100]
    Layer 27: sigma=[0.100, 0.100, 0.100, 0.100, 0.100, 0.100, 0.100, 0.100, 0.100, 0.100, 0.100, 0.100, 0.100, 0.100, 0.100, 0.100, 0.100, 0.100, 0.100, 0.100, 0.100, 0.100, 0.100, 0.100, 0.100, 0.100, 0.100, 0.100, 0.100, 0.110, 0.100, 0.100]
    Layer 28: sigma=[0.100, 0.100, 0.100, 0.100, 0.100, 0.109, 0.100, 0.175, 0.100, 0.100, 0.100, 0.100, 0.100, 0.100, 0.100, 0.100, 0.100, 0.100, 0.100, 0.100, 0.100, 0.100, 0.100, 0.100, 0.100, 0.100, 0.100, 0.100, 0.100, 0.100, 0.100, 0.100]
    Layer 29: sigma=[0.100, 0.100, 0.100, 0.100, 0.100, 0.100, 0.100, 0.100, 0.100, 0.100, 0.100, 0.100, 0.100, 0.100, 0.100, 0.100, 0.100, 0.100, 0.100, 0.100, 0.100, 0.100, 0.100, 0.100, 0.100, 0.100, 0.100, 0.100, 0.100, 0.100, 0.100, 0.100]
    Layer 30: sigma=[0.100, 0.100, 0.100, 0.100, 0.100, 0.100, 0.100, 0.100, 0.100, 0.100, 0.100, 0.100, 0.100, 0.100, 0.100, 0.100, 0.100, 0.100, 0.100, 0.100, 0.100, 0.100, 0.100, 0.100, 0.100, 0.100, 0.100, 0.100, 0.100, 0.100, 0.100, 0.100]
    Layer 31: sigma=[0.100, 0.100, 0.100, 0.100, 0.100, 0.100, 0.100, 0.100, 0.100, 0.100, 0.100, 0.100, 0.100, 0.100, 0.100, 0.100, 0.100, 0.100, 0.100, 0.111, 0.100, 0.100, 0.100, 0.100, 0.100, 0.100, 0.100, 0.100, 0.100, 0.100, 0.100, 0.100]
    Layer 32: sigma=[0.100, 0.100, 0.100, 0.100, 0.100, 0.100, 0.100, 0.100, 0.100, 0.100, 0.100, 0.100, 0.100, 0.100, 0.100, 0.100, 0.100, 0.100, 0.100, 0.100, 0.100, 0.100, 0.100, 0.100, 0.100, 0.100, 0.100, 0.100, 0.100, 0.100, 0.100, 0.100]
    Layer 33: sigma=[0.100, 0.100, 0.100, 0.100, 0.100, 0.100, 0.100, 0.100, 0.100, 0.100, 0.100, 0.100, 0.100, 0.100, 0.100, 0.100, 0.100, 0.100, 0.100, 0.100, 0.100, 0.100, 0.100, 0.100, 0.100, 0.100, 0.100, 0.110, 0.100, 0.100, 0.100, 0.100]
    Layer 34: sigma=[0.100, 0.100, 0.100, 0.100, 0.100, 0.100, 0.100, 0.100, 0.100, 0.100, 0.100, 0.108, 0.100, 0.100, 0.100, 0.100, 0.100, 0.100, 0.100, 0.170, 0.100, 0.100, 0.100, 0.100, 0.100, 0.100, 0.100, 0.100, 0.100, 0.100, 0.100, 0.100]
    Layer 35: sigma=[0.100, 0.100, 0.100, 0.100, 0.100, 0.100, 0.100, 0.100, 0.100, 0.100, 0.100, 0.100, 0.100, 0.100, 0.100, 0.100, 0.100, 0.100, 0.100, 0.100, 0.100, 0.100, 0.114, 0.100, 0.100, 0.100, 0.100, 0.100, 0.100, 0.100, 0.100, 0.100]

  [Taylor Step 3/3] g_proj = v_proj * alpha (damping=0.01)...
    Layer  0: alpha=0.060268  teacher_rms=0.0163  v_rms=0.0027
    Layer  1: alpha=0.060911  teacher_rms=0.0205  v_rms=0.0034
    Layer  2: alpha=0.056908  teacher_rms=0.0214  v_rms=0.0038
    Layer  3: alpha=0.048672  teacher_rms=0.0259  v_rms=0.0053
    Layer  4: alpha=0.047475  teacher_rms=0.0304  v_rms=0.0064
    Layer  5: alpha=0.061826  teacher_rms=0.0409  v_rms=0.0066
    Layer  6: alpha=0.078589  teacher_rms=0.0621  v_rms=0.0079
    Layer  7: alpha=0.046009  teacher_rms=0.0530  v_rms=0.0115
    Layer  8: alpha=0.047594  teacher_rms=0.0708  v_rms=0.0149
    Layer  9: alpha=0.033897  teacher_rms=0.0713  v_rms=0.0210
    Layer 10: alpha=0.051225  teacher_rms=0.1092  v_rms=0.0213
    Layer 11: alpha=0.062669  teacher_rms=0.1046  v_rms=0.0167
    Layer 12: alpha=0.059418  teacher_rms=0.1207  v_rms=0.0203
    Layer 13: alpha=0.052031  teacher_rms=0.1040  v_rms=0.0200
    Layer 14: alpha=0.063986  teacher_rms=0.1547  v_rms=0.0242
    Layer 15: alpha=0.057390  teacher_rms=0.1576  v_rms=0.0275
    Layer 16: alpha=0.042030  teacher_rms=0.1473  v_rms=0.0351
    Layer 17: alpha=0.043283  teacher_rms=0.1753  v_rms=0.0405
    Layer 18: alpha=0.047231  teacher_rms=0.1990  v_rms=0.0421
    Layer 19: alpha=0.055317  teacher_rms=0.2060  v_rms=0.0372
    Layer 21: alpha=0.053563  teacher_rms=0.2373  v_rms=0.0443
    Layer 22: alpha=0.057235  teacher_rms=0.2834  v_rms=0.0495
    Layer 23: alpha=0.051299  teacher_rms=0.3098  v_rms=0.0604
    Layer 24: alpha=0.033435  teacher_rms=0.2897  v_rms=0.0866
    Layer 25: alpha=0.039949  teacher_rms=0.2376  v_rms=0.0595
    Layer 26: alpha=0.029256  teacher_rms=0.2124  v_rms=0.0726
    Layer 27: alpha=0.036996  teacher_rms=0.3083  v_rms=0.0833
    Layer 28: alpha=0.041619  teacher_rms=0.3705  v_rms=0.0890
    Layer 29: alpha=0.017344  teacher_rms=0.2548  v_rms=0.1469
    Layer 30: alpha=0.029045  teacher_rms=0.4297  v_rms=0.1480
    Layer 31: alpha=0.021180  teacher_rms=0.3785  v_rms=0.1787
    Layer 32: alpha=0.023899  teacher_rms=0.5288  v_rms=0.2213
    Layer 33: alpha=0.018534  teacher_rms=0.6404  v_rms=0.3455
    Layer 34: alpha=0.032675  teacher_rms=1.0325  v_rms=0.3160
    Layer 35: alpha=0.059895  teacher_rms=1.0168  v_rms=0.1698

  Set g_proj = v_proj * alpha in 35 GDN layers (damping=0.01).
  Init (taylor_init) done in 403.5s
  Layer 20: PPL = 7203957.50  (eval 16.1s)

============================================================
  Probing layer 21 | strategy=taylor_init
============================================================
Loading checkpoint shards:   0%|          | 0/4 [00:00<?, ?it/s]Loading checkpoint shards: 100%|██████████| 4/4 [00:00<00:00, 63.26it/s]
Could not cache non-existence of file. Will ignore error and continue. Error: [Errno 13] Permission denied: '/data/shared/huggingface/hub/models--Qwen--Qwen3-8B/.no_exist/b968826d9c46dd6066d109eabc6255188de91218/model.safetensors'
Loading checkpoint shards:   0%|          | 0/5 [00:00<?, ?it/s]Loading checkpoint shards: 100%|██████████| 5/5 [00:00<00:00, 188.49it/s]
Token indices sequence length is longer than the specified maximum sequence length for this model (2429029 > 131072). Running this sequence through the model will result in indexing errors
  [Taylor Step 1/3] Gate calibration from attention stats...
    Layer  0: dist=[32, 3, 12, 35, 12, 26, 9, 11, 19, 6, 8, 9, 18, 34, 31, 10, 16, 19, 16, 14, 13, 23, 4, 12, 5, 52, 10, 43, 15, 36, 15, 14]
    Layer  1: dist=[19, 38, 25, 44, 3, 15, 31, 11, 45, 36, 65, 60, 34, 47, 51, 38, 32, 54, 57, 33, 56, 24, 40, 40, 37, 9, 44, 41, 83, 31, 37, 49]
    Layer  2: dist=[65, 65, 67, 62, 26, 45, 33, 43, 39, 47, 56, 56, 53, 46, 46, 60, 61, 49, 54, 43, 49, 67, 48, 50, 25, 24, 21, 35, 73, 73, 77, 74]
    Layer  3: dist=[65, 26, 13, 22, 87, 93, 83, 73, 56, 53, 62, 58, 90, 73, 75, 74, 59, 62, 51, 67, 74, 60, 64, 65, 64, 56, 52, 59, 70, 63, 72, 65]
    Layer  4: dist=[62, 63, 73, 67, 73, 56, 61, 89, 68, 69, 63, 60, 55, 55, 71, 61, 62, 65, 67, 70, 64, 61, 47, 64, 41, 51, 48, 34, 51, 66, 55, 55]
    Layer  5: dist=[36, 48, 55, 35, 61, 68, 52, 51, 5, 18, 73, 61, 54, 78, 59, 52, 41, 32, 50, 48, 51, 55, 48, 59, 73, 73, 80, 80, 43, 44, 46, 58]
    Layer  6: dist=[27, 40, 30, 31, 52, 46, 67, 61, 46, 25, 43, 38, 56, 64, 56, 30, 47, 34, 45, 40, 20, 30, 32, 14, 35, 50, 32, 49, 47, 43, 37, 53]
    Layer  7: dist=[55, 60, 64, 87, 126, 114, 127, 121, 88, 119, 99, 72, 108, 23, 53, 97, 80, 101, 85, 81, 106, 86, 112, 116, 64, 78, 47, 86, 97, 101, 101, 106]
    Layer  8: dist=[83, 87, 90, 58, 81, 77, 69, 78, 86, 99, 87, 90, 94, 86, 96, 70, 116, 107, 103, 96, 92, 106, 100, 111, 92, 72, 95, 67, 84, 72, 79, 74]
    Layer  9: dist=[76, 60, 61, 67, 83, 97, 96, 74, 123, 120, 118, 112, 27, 87, 63, 85, 93, 100, 114, 125, 87, 77, 60, 70, 119, 81, 91, 97, 125, 113, 127, 123]
    Layer 10: dist=[76, 71, 58, 74, 85, 102, 64, 74, 63, 88, 106, 49, 88, 67, 82, 86, 87, 102, 100, 107, 88, 60, 107, 90, 93, 107, 84, 77, 76, 65, 82, 90]
    Layer 11: dist=[78, 65, 79, 48, 53, 61, 78, 77, 102, 123, 109, 93, 82, 64, 65, 69, 69, 63, 61, 51, 77, 107, 89, 87, 67, 59, 56, 54, 95, 55, 55, 94]
    Layer 12: dist=[21, 72, 79, 61, 87, 83, 66, 70, 63, 62, 74, 77, 86, 81, 82, 87, 39, 68, 59, 94, 102, 112, 97, 103, 93, 2, 107, 38, 81, 88, 113, 91]
    Layer 13: dist=[52, 68, 66, 62, 52, 51, 65, 40, 86, 63, 99, 122, 128, 115, 109, 124, 85, 72, 57, 61, 93, 55, 83, 90, 84, 59, 72, 76, 113, 111, 96, 99]
    Layer 14: dist=[44, 64, 65, 46, 62, 45, 64, 65, 54, 57, 70, 68, 69, 76, 65, 67, 77, 86, 51, 64, 65, 31, 51, 81, 52, 67, 73, 64, 85, 88, 8, 89]
    Layer 15: dist=[80, 44, 79, 38, 37, 38, 79, 67, 90, 60, 46, 104, 68, 107, 79, 89, 61, 57, 64, 68, 58, 60, 50, 51, 49, 34, 86, 62, 72, 84, 71, 49]
    Layer 16: dist=[61, 57, 74, 85, 55, 58, 48, 55, 54, 82, 73, 84, 90, 69, 86, 86, 68, 71, 60, 62, 115, 118, 110, 103, 71, 54, 64, 10, 58, 59, 65, 56]
    Layer 17: dist=[111, 95, 79, 67, 53, 57, 39, 47, 90, 108, 79, 100, 40, 57, 71, 74, 44, 61, 61, 42, 75, 98, 93, 97, 58, 55, 57, 52, 53, 79, 93, 67]
    Layer 18: dist=[34, 45, 35, 33, 56, 78, 74, 57, 64, 67, 66, 79, 61, 60, 57, 62, 46, 74, 72, 52, 68, 47, 65, 96, 58, 62, 61, 63, 52, 53, 79, 56]
    Layer 19: dist=[73, 64, 63, 62, 76, 103, 54, 71, 81, 85, 84, 93, 63, 57, 75, 63, 84, 85, 49, 49, 21, 50, 33, 49, 102, 106, 102, 116, 77, 77, 73, 72]
    Layer 20: dist=[89, 79, 80, 77, 78, 51, 49, 57, 40, 36, 43, 39, 92, 79, 87, 96, 45, 51, 56, 39, 73, 111, 101, 98, 125, 97, 105, 85, 93, 79, 108, 108]
    Layer 22: dist=[73, 60, 67, 63, 52, 72, 45, 56, 37, 49, 45, 59, 18, 86, 61, 64, 33, 79, 76, 41, 102, 115, 120, 121, 101, 84, 91, 95, 114, 92, 103, 95]
    Layer 23: dist=[39, 30, 48, 39, 110, 111, 41, 102, 79, 36, 45, 63, 75, 72, 79, 77, 82, 75, 74, 94, 72, 93, 82, 76, 78, 72, 68, 100, 91, 90, 83, 78]
    Layer 24: dist=[79, 124, 109, 101, 99, 109, 111, 97, 102, 105, 104, 84, 78, 75, 89, 74, 81, 86, 98, 88, 120, 103, 102, 117, 65, 73, 79, 51, 95, 111, 98, 88]
    Layer 25: dist=[105, 121, 118, 94, 71, 72, 107, 80, 96, 97, 85, 90, 65, 89, 50, 68, 93, 99, 97, 89, 102, 111, 105, 108, 110, 110, 99, 108, 88, 125, 98, 88]
    Layer 26: dist=[80, 88, 106, 68, 115, 113, 113, 110, 102, 107, 105, 98, 100, 124, 116, 116, 86, 93, 99, 95, 102, 113, 122, 114, 99, 97, 102, 93, 115, 96, 114, 95]
    Layer 27: dist=[87, 108, 103, 117, 98, 105, 101, 86, 77, 100, 107, 99, 78, 109, 80, 86, 96, 99, 99, 104, 91, 112, 113, 92, 110, 113, 116, 117, 107, 77, 92, 117]
    Layer 28: dist=[103, 92, 102, 102, 82, 63, 80, 76, 96, 107, 92, 89, 112, 105, 96, 101, 112, 104, 104, 108, 119, 71, 60, 89, 91, 88, 99, 99, 92, 92, 71, 95]
    Layer 29: dist=[113, 114, 114, 113, 90, 112, 94, 114, 119, 113, 122, 105, 120, 120, 119, 120, 116, 106, 115, 121, 123, 123, 107, 125, 100, 114, 97, 92, 106, 95, 106, 109]
    Layer 30: dist=[75, 102, 99, 100, 102, 100, 90, 67, 117, 117, 115, 120, 105, 104, 113, 101, 97, 78, 120, 122, 51, 120, 100, 110, 119, 119, 119, 118, 106, 110, 107, 102]
    Layer 31: dist=[119, 117, 99, 98, 112, 113, 114, 116, 114, 77, 87, 91, 117, 116, 117, 115, 101, 101, 106, 94, 119, 116, 108, 119, 112, 109, 89, 120, 112, 106, 102, 110]
    Layer 32: dist=[110, 114, 114, 111, 116, 119, 116, 117, 110, 111, 117, 115, 93, 113, 108, 91, 118, 106, 109, 111, 123, 92, 114, 120, 71, 95, 80, 105, 116, 107, 99, 103]
    Layer 33: dist=[102, 120, 112, 119, 91, 102, 57, 94, 116, 116, 113, 113, 114, 115, 113, 116, 114, 117, 106, 109, 112, 96, 110, 113, 111, 119, 122, 118, 110, 111, 107, 104]
    Layer 34: dist=[110, 109, 112, 113, 105, 111, 108, 102, 53, 93, 114, 86, 117, 115, 120, 81, 82, 89, 126, 55, 119, 51, 118, 119, 122, 122, 125, 122, 54, 62, 68, 109]
    Layer 35: dist=[105, 123, 71, 97, 82, 36, 112, 100, 85, 94, 112, 96, 63, 28, 49, 40, 98, 74, 84, 48, 90, 102, 55, 54, 66, 49, 68, 72, 73, 115, 122, 117]

  [Taylor Step 2/3] OLS sigma per head (scaling V, streaming)...
    Layer  0: sigma=[0.618, 0.100, 0.100, 0.100, 0.332, 0.379, 0.100, 0.100, 0.100, 0.146, 0.100, 0.100, 0.100, 0.100, 0.100, 0.260, 0.100, 0.100, 0.100, 0.100, 0.100, 0.100, 0.100, 0.100, 0.100, 0.100, 0.351, 0.100, 0.100, 0.100, 0.161, 0.100]
    Layer  1: sigma=[0.349, 0.100, 0.100, 0.100, 0.100, 0.100, 0.100, 0.100, 0.100, 0.170, 0.246, 0.100, 0.100, 0.100, 0.100, 0.100, 0.100, 0.100, 0.100, 0.100, 0.100, 0.100, 0.100, 0.117, 0.100, 0.100, 0.117, 0.100, 0.100, 0.100, 0.100, 0.100]
    Layer  2: sigma=[0.100, 0.100, 0.100, 0.100, 0.100, 0.100, 0.100, 0.100, 0.109, 0.100, 0.100, 0.100, 0.100, 0.147, 0.100, 0.100, 0.100, 0.222, 0.100, 0.100, 0.100, 0.100, 0.100, 0.100, 0.100, 0.173, 0.100, 0.100, 0.100, 0.100, 0.100, 0.100]
    Layer  3: sigma=[0.100, 0.325, 0.100, 0.158, 0.100, 0.100, 0.100, 0.100, 0.100, 0.100, 0.100, 0.100, 0.100, 0.100, 0.100, 0.100, 0.100, 0.100, 0.100, 0.100, 0.100, 0.107, 0.100, 0.100, 0.100, 0.100, 0.100, 0.100, 0.100, 0.100, 0.100, 0.100]
    Layer  4: sigma=[0.100, 0.100, 0.100, 0.100, 0.100, 0.100, 0.100, 0.100, 0.100, 0.100, 0.100, 0.100, 0.100, 0.100, 0.100, 0.100, 0.100, 0.100, 0.100, 0.100, 0.132, 0.136, 0.318, 0.100, 0.100, 0.100, 0.100, 0.100, 0.100, 0.100, 0.100, 0.100]
    Layer  5: sigma=[0.100, 0.100, 0.100, 0.100, 0.100, 0.100, 0.100, 0.100, 0.100, 0.137, 0.100, 0.111, 0.100, 0.100, 0.100, 0.121, 0.100, 0.188, 0.100, 0.100, 0.100, 0.100, 0.100, 0.100, 0.100, 0.100, 0.100, 0.100, 0.100, 0.100, 0.100, 0.100]
    Layer  6: sigma=[0.100, 0.100, 0.100, 0.100, 0.100, 0.100, 0.100, 0.100, 0.100, 0.100, 0.100, 0.100, 0.100, 0.100, 0.100, 0.100, 0.100, 0.100, 0.100, 0.100, 0.155, 0.100, 0.100, 0.100, 0.100, 0.100, 0.100, 0.100, 0.100, 0.100, 0.100, 0.100]
    Layer  7: sigma=[0.100, 0.154, 0.100, 0.100, 0.111, 0.100, 0.100, 0.100, 0.100, 0.100, 0.100, 0.100, 0.100, 0.100, 0.100, 0.100, 0.100, 0.100, 0.100, 0.100, 0.100, 0.100, 0.100, 0.100, 0.100, 0.100, 0.100, 0.100, 0.100, 0.100, 0.100, 0.100]
    Layer  8: sigma=[0.100, 0.100, 0.100, 0.100, 0.100, 0.100, 0.100, 0.100, 0.100, 0.100, 0.100, 0.100, 0.100, 0.100, 0.100, 0.100, 0.100, 0.100, 0.100, 0.100, 0.100, 0.100, 0.100, 0.100, 0.100, 0.100, 0.100, 0.175, 0.100, 0.100, 0.100, 0.100]
    Layer  9: sigma=[0.100, 0.100, 0.100, 0.100, 0.100, 0.100, 0.100, 0.100, 0.100, 0.100, 0.100, 0.100, 0.100, 0.100, 0.559, 0.134, 0.100, 0.100, 0.100, 0.100, 0.100, 0.100, 0.100, 0.100, 0.100, 0.100, 0.100, 0.100, 0.100, 0.100, 0.100, 0.100]
    Layer 10: sigma=[0.100, 0.100, 0.100, 0.100, 0.100, 0.100, 0.100, 0.100, 0.100, 0.100, 0.100, 0.100, 0.100, 0.100, 0.100, 0.100, 0.100, 0.100, 0.100, 0.100, 0.100, 0.100, 0.100, 0.100, 0.100, 0.100, 0.100, 0.100, 0.100, 0.100, 0.100, 0.100]
    Layer 11: sigma=[0.100, 0.100, 0.100, 0.100, 0.128, 0.100, 0.100, 0.100, 0.100, 0.107, 0.100, 0.100, 0.100, 0.100, 0.251, 0.100, 0.100, 0.100, 0.100, 0.100, 0.100, 0.100, 0.100, 0.100, 0.100, 0.100, 0.171, 0.100, 0.100, 0.100, 0.100, 0.100]
    Layer 12: sigma=[0.100, 0.100, 0.100, 0.100, 0.100, 0.100, 0.100, 0.100, 0.100, 0.107, 0.100, 0.107, 0.100, 0.100, 0.100, 0.100, 0.100, 0.281, 0.151, 0.100, 0.100, 0.100, 0.100, 0.100, 0.100, 0.100, 0.100, 0.213, 0.100, 0.100, 0.119, 0.100]
    Layer 13: sigma=[0.224, 0.100, 0.100, 0.313, 0.100, 0.100, 0.100, 0.100, 0.100, 0.100, 0.100, 0.100, 0.100, 0.100, 0.100, 0.100, 0.100, 0.100, 0.100, 0.101, 0.100, 0.100, 0.100, 0.100, 0.100, 0.100, 0.100, 0.100, 0.100, 0.100, 0.100, 0.100]
    Layer 14: sigma=[0.100, 0.100, 0.100, 0.100, 0.100, 0.384, 0.100, 0.100, 0.100, 0.100, 0.100, 0.100, 0.100, 0.100, 0.100, 0.100, 0.100, 0.100, 0.100, 0.100, 0.100, 0.100, 0.100, 0.100, 0.111, 0.120, 0.100, 0.100, 0.100, 0.100, 0.100, 0.100]
    Layer 15: sigma=[0.100, 0.174, 0.100, 0.100, 0.100, 0.103, 0.100, 0.100, 0.100, 0.100, 0.100, 0.100, 0.210, 0.100, 0.100, 0.100, 0.100, 0.100, 0.100, 0.100, 0.100, 0.100, 0.100, 0.100, 0.159, 0.100, 0.100, 0.100, 0.100, 0.100, 0.100, 0.100]
    Layer 16: sigma=[0.100, 0.100, 0.100, 0.100, 0.100, 0.100, 0.100, 0.100, 0.100, 0.100, 0.103, 0.100, 0.100, 0.100, 0.100, 0.100, 0.100, 0.100, 0.100, 0.100, 0.100, 0.100, 0.100, 0.100, 0.100, 0.100, 0.100, 0.434, 0.100, 0.100, 0.100, 0.100]
    Layer 17: sigma=[0.100, 0.100, 0.100, 0.100, 0.100, 0.139, 0.100, 0.100, 0.100, 0.100, 0.100, 0.100, 0.100, 0.100, 0.100, 0.100, 0.158, 0.119, 0.100, 0.362, 0.100, 0.100, 0.100, 0.104, 0.147, 0.100, 0.387, 0.100, 0.100, 0.100, 0.100, 0.100]
    Layer 18: sigma=[0.100, 0.474, 0.100, 0.100, 0.100, 0.100, 0.100, 0.183, 0.100, 0.100, 0.100, 0.100, 0.100, 0.100, 0.100, 0.100, 0.148, 0.100, 0.100, 0.100, 0.100, 0.100, 0.100, 0.100, 0.100, 0.100, 0.100, 0.100, 0.100, 0.100, 0.100, 0.100]
    Layer 19: sigma=[0.100, 0.100, 0.100, 0.100, 0.100, 0.100, 0.100, 0.100, 0.100, 0.100, 0.100, 0.100, 0.174, 0.100, 0.100, 0.191, 0.100, 0.100, 0.100, 0.258, 0.100, 0.100, 0.100, 0.112, 0.100, 0.100, 0.100, 0.100, 0.100, 0.100, 0.100, 0.100]
    Layer 20: sigma=[0.100, 0.100, 0.100, 0.100, 0.100, 0.190, 0.100, 0.100, 0.148, 0.100, 0.100, 0.100, 0.100, 0.100, 0.100, 0.107, 0.100, 0.100, 0.100, 0.100, 0.100, 0.100, 0.100, 0.100, 0.100, 0.100, 0.100, 0.100, 0.100, 0.100, 0.100, 0.100]
    Layer 22: sigma=[0.153, 0.100, 0.100, 0.100, 0.158, 0.143, 0.100, 0.213, 0.101, 0.100, 0.100, 0.100, 0.100, 0.100, 0.100, 0.100, 0.100, 0.100, 0.100, 0.100, 0.100, 0.100, 0.100, 0.100, 0.100, 0.100, 0.100, 0.100, 0.100, 0.100, 0.100, 0.100]
    Layer 23: sigma=[0.173, 0.294, 0.192, 0.100, 0.100, 0.100, 0.100, 0.100, 0.100, 0.260, 0.100, 0.100, 0.100, 0.100, 0.101, 0.100, 0.100, 0.100, 0.100, 0.100, 0.100, 0.100, 0.100, 0.100, 0.100, 0.100, 0.100, 0.100, 0.100, 0.100, 0.201, 0.247]
    Layer 24: sigma=[0.100, 0.100, 0.100, 0.100, 0.100, 0.100, 0.100, 0.100, 0.100, 0.100, 0.100, 0.100, 0.100, 0.100, 0.100, 0.100, 0.100, 0.100, 0.100, 0.100, 0.100, 0.100, 0.100, 0.100, 0.218, 0.403, 0.100, 0.356, 0.100, 0.100, 0.100, 0.100]
    Layer 25: sigma=[0.100, 0.100, 0.100, 0.100, 0.111, 0.100, 0.100, 0.100, 0.100, 0.100, 0.100, 0.100, 0.100, 0.100, 0.104, 0.100, 0.100, 0.100, 0.100, 0.100, 0.100, 0.100, 0.100, 0.100, 0.100, 0.100, 0.100, 0.100, 0.100, 0.100, 0.100, 0.100]
    Layer 26: sigma=[0.100, 0.100, 0.100, 0.100, 0.100, 0.100, 0.100, 0.100, 0.100, 0.100, 0.100, 0.100, 0.100, 0.100, 0.100, 0.100, 0.100, 0.100, 0.100, 0.100, 0.100, 0.100, 0.100, 0.100, 0.100, 0.100, 0.100, 0.100, 0.100, 0.100, 0.100, 0.100]
    Layer 27: sigma=[0.100, 0.100, 0.100, 0.100, 0.100, 0.100, 0.100, 0.100, 0.100, 0.100, 0.100, 0.100, 0.100, 0.100, 0.100, 0.100, 0.100, 0.100, 0.100, 0.100, 0.100, 0.100, 0.100, 0.100, 0.100, 0.100, 0.100, 0.100, 0.100, 0.100, 0.100, 0.100]
    Layer 28: sigma=[0.100, 0.100, 0.100, 0.100, 0.100, 0.100, 0.100, 0.100, 0.100, 0.100, 0.100, 0.100, 0.100, 0.100, 0.100, 0.100, 0.100, 0.100, 0.100, 0.100, 0.100, 0.100, 0.100, 0.100, 0.100, 0.100, 0.100, 0.100, 0.100, 0.100, 0.100, 0.100]
    Layer 29: sigma=[0.100, 0.100, 0.100, 0.100, 0.100, 0.100, 0.100, 0.100, 0.100, 0.100, 0.100, 0.100, 0.100, 0.100, 0.100, 0.100, 0.100, 0.100, 0.100, 0.100, 0.100, 0.100, 0.100, 0.100, 0.100, 0.100, 0.100, 0.100, 0.100, 0.100, 0.100, 0.100]
    Layer 30: sigma=[0.100, 0.100, 0.100, 0.100, 0.100, 0.100, 0.100, 0.100, 0.100, 0.100, 0.100, 0.100, 0.100, 0.100, 0.100, 0.100, 0.100, 0.100, 0.100, 0.100, 0.100, 0.100, 0.100, 0.100, 0.100, 0.100, 0.100, 0.100, 0.100, 0.100, 0.100, 0.100]
    Layer 31: sigma=[0.100, 0.100, 0.100, 0.100, 0.100, 0.100, 0.100, 0.100, 0.100, 0.100, 0.100, 0.100, 0.100, 0.100, 0.100, 0.100, 0.100, 0.100, 0.100, 0.114, 0.100, 0.100, 0.100, 0.100, 0.100, 0.100, 0.100, 0.100, 0.100, 0.100, 0.100, 0.100]
    Layer 32: sigma=[0.100, 0.100, 0.100, 0.100, 0.100, 0.100, 0.100, 0.100, 0.100, 0.100, 0.100, 0.100, 0.100, 0.100, 0.100, 0.100, 0.100, 0.100, 0.100, 0.100, 0.100, 0.100, 0.100, 0.100, 0.100, 0.100, 0.100, 0.100, 0.100, 0.100, 0.100, 0.100]
    Layer 33: sigma=[0.100, 0.100, 0.100, 0.100, 0.100, 0.100, 0.100, 0.100, 0.100, 0.100, 0.100, 0.100, 0.100, 0.100, 0.100, 0.100, 0.100, 0.100, 0.100, 0.100, 0.100, 0.100, 0.100, 0.100, 0.100, 0.100, 0.100, 0.100, 0.100, 0.100, 0.100, 0.100]
    Layer 34: sigma=[0.100, 0.100, 0.100, 0.100, 0.100, 0.100, 0.100, 0.100, 0.100, 0.100, 0.100, 0.100, 0.100, 0.100, 0.100, 0.100, 0.114, 0.100, 0.100, 0.100, 0.100, 0.100, 0.100, 0.100, 0.100, 0.100, 0.100, 0.100, 0.100, 0.100, 0.100, 0.100]
    Layer 35: sigma=[0.100, 0.100, 0.100, 0.100, 0.100, 0.100, 0.100, 0.100, 0.100, 0.100, 0.100, 0.100, 0.100, 0.100, 0.100, 0.100, 0.100, 0.100, 0.100, 0.100, 0.100, 0.100, 0.114, 0.100, 0.100, 0.100, 0.100, 0.100, 0.100, 0.100, 0.100, 0.100]

  [Taylor Step 3/3] g_proj = v_proj * alpha (damping=0.01)...
    Layer  0: alpha=0.060290  teacher_rms=0.0163  v_rms=0.0027
    Layer  1: alpha=0.060815  teacher_rms=0.0205  v_rms=0.0034
    Layer  2: alpha=0.056904  teacher_rms=0.0214  v_rms=0.0038
    Layer  3: alpha=0.048648  teacher_rms=0.0259  v_rms=0.0053
    Layer  4: alpha=0.047374  teacher_rms=0.0304  v_rms=0.0064
    Layer  5: alpha=0.061630  teacher_rms=0.0409  v_rms=0.0066
    Layer  6: alpha=0.078376  teacher_rms=0.0621  v_rms=0.0079
    Layer  7: alpha=0.046047  teacher_rms=0.0530  v_rms=0.0115
    Layer  8: alpha=0.047479  teacher_rms=0.0708  v_rms=0.0149
    Layer  9: alpha=0.035546  teacher_rms=0.0713  v_rms=0.0201
    Layer 10: alpha=0.051225  teacher_rms=0.1092  v_rms=0.0213
    Layer 11: alpha=0.062705  teacher_rms=0.1046  v_rms=0.0167
    Layer 12: alpha=0.061922  teacher_rms=0.1207  v_rms=0.0195
    Layer 13: alpha=0.053842  teacher_rms=0.1040  v_rms=0.0193
    Layer 14: alpha=0.065070  teacher_rms=0.1547  v_rms=0.0238
    Layer 15: alpha=0.057891  teacher_rms=0.1576  v_rms=0.0272
    Layer 16: alpha=0.041633  teacher_rms=0.1473  v_rms=0.0354
    Layer 17: alpha=0.045015  teacher_rms=0.1753  v_rms=0.0389
    Layer 18: alpha=0.044808  teacher_rms=0.1990  v_rms=0.0444
    Layer 19: alpha=0.055056  teacher_rms=0.2060  v_rms=0.0374
    Layer 20: alpha=0.057627  teacher_rms=0.1966  v_rms=0.0341
    Layer 22: alpha=0.056324  teacher_rms=0.2834  v_rms=0.0503
    Layer 23: alpha=0.049415  teacher_rms=0.3098  v_rms=0.0627
    Layer 24: alpha=0.033688  teacher_rms=0.2897  v_rms=0.0860
    Layer 25: alpha=0.039901  teacher_rms=0.2376  v_rms=0.0595
    Layer 26: alpha=0.029256  teacher_rms=0.2124  v_rms=0.0726
    Layer 27: alpha=0.037091  teacher_rms=0.3083  v_rms=0.0831
    Layer 28: alpha=0.042758  teacher_rms=0.3705  v_rms=0.0867
    Layer 29: alpha=0.017344  teacher_rms=0.2548  v_rms=0.1469
    Layer 30: alpha=0.029045  teacher_rms=0.4297  v_rms=0.1480
    Layer 31: alpha=0.021167  teacher_rms=0.3785  v_rms=0.1788
    Layer 32: alpha=0.023899  teacher_rms=0.5288  v_rms=0.2213
    Layer 33: alpha=0.018560  teacher_rms=0.6404  v_rms=0.3451
    Layer 34: alpha=0.033118  teacher_rms=1.0325  v_rms=0.3118
    Layer 35: alpha=0.059906  teacher_rms=1.0168  v_rms=0.1697

  Set g_proj = v_proj * alpha in 35 GDN layers (damping=0.01).
  Init (taylor_init) done in 363.4s
  Layer 21: PPL = 14465458.00  (eval 13.4s)

============================================================
  Probing layer 22 | strategy=taylor_init
============================================================
Loading checkpoint shards:   0%|          | 0/4 [00:00<?, ?it/s]Loading checkpoint shards: 100%|██████████| 4/4 [00:00<00:00, 146.49it/s]
Could not cache non-existence of file. Will ignore error and continue. Error: [Errno 13] Permission denied: '/data/shared/huggingface/hub/models--Qwen--Qwen3-8B/.no_exist/b968826d9c46dd6066d109eabc6255188de91218/model.safetensors'
Loading checkpoint shards:   0%|          | 0/5 [00:00<?, ?it/s]Loading checkpoint shards: 100%|██████████| 5/5 [00:00<00:00, 157.60it/s]
Token indices sequence length is longer than the specified maximum sequence length for this model (2429029 > 131072). Running this sequence through the model will result in indexing errors
  [Taylor Step 1/3] Gate calibration from attention stats...
    Layer  0: dist=[32, 3, 12, 35, 12, 26, 9, 11, 19, 6, 8, 9, 18, 34, 31, 10, 16, 19, 16, 14, 13, 23, 4, 12, 5, 52, 10, 43, 15, 36, 15, 14]
    Layer  1: dist=[19, 38, 25, 44, 3, 15, 31, 11, 45, 36, 65, 60, 34, 47, 51, 38, 32, 54, 57, 33, 56, 24, 40, 40, 37, 9, 44, 41, 83, 31, 37, 49]
    Layer  2: dist=[65, 65, 67, 62, 26, 45, 33, 43, 39, 47, 56, 56, 53, 46, 46, 60, 61, 49, 54, 43, 49, 67, 48, 50, 25, 24, 21, 35, 73, 73, 77, 74]
    Layer  3: dist=[65, 26, 13, 22, 87, 93, 83, 73, 56, 53, 62, 58, 90, 73, 75, 74, 59, 62, 51, 67, 74, 60, 64, 65, 64, 56, 52, 59, 70, 63, 72, 65]
    Layer  4: dist=[62, 63, 73, 67, 73, 56, 61, 89, 68, 69, 63, 60, 55, 55, 71, 61, 62, 65, 67, 70, 64, 61, 47, 64, 41, 51, 48, 34, 51, 66, 55, 55]
    Layer  5: dist=[36, 48, 55, 35, 61, 68, 52, 51, 5, 18, 73, 61, 54, 78, 59, 52, 41, 32, 50, 48, 51, 55, 48, 59, 73, 73, 80, 80, 43, 44, 46, 58]
    Layer  6: dist=[27, 40, 30, 31, 52, 46, 67, 61, 46, 25, 43, 38, 56, 64, 56, 30, 47, 34, 45, 40, 20, 30, 32, 14, 35, 50, 32, 49, 47, 43, 37, 53]
    Layer  7: dist=[55, 60, 64, 87, 126, 114, 127, 121, 88, 119, 99, 72, 108, 23, 53, 97, 80, 101, 85, 81, 106, 86, 112, 116, 64, 78, 47, 86, 97, 101, 101, 106]
    Layer  8: dist=[83, 87, 90, 58, 81, 77, 69, 78, 86, 99, 87, 90, 94, 86, 96, 70, 116, 107, 103, 96, 92, 106, 100, 111, 92, 72, 95, 67, 84, 72, 79, 74]
    Layer  9: dist=[76, 60, 61, 67, 83, 97, 96, 74, 123, 120, 118, 112, 27, 87, 63, 85, 93, 100, 114, 125, 87, 77, 60, 70, 119, 81, 91, 97, 125, 113, 127, 123]
    Layer 10: dist=[76, 71, 58, 74, 85, 102, 64, 74, 63, 88, 106, 49, 88, 67, 82, 86, 87, 102, 100, 107, 88, 60, 107, 90, 93, 107, 84, 77, 76, 65, 82, 90]
    Layer 11: dist=[78, 65, 79, 48, 53, 61, 78, 77, 102, 123, 109, 93, 82, 64, 65, 69, 69, 63, 61, 51, 77, 107, 89, 87, 67, 59, 56, 54, 95, 55, 55, 94]
    Layer 12: dist=[21, 72, 79, 61, 87, 83, 66, 70, 63, 62, 74, 77, 86, 81, 82, 87, 39, 68, 59, 94, 102, 112, 97, 103, 93, 2, 107, 38, 81, 88, 113, 91]
    Layer 13: dist=[52, 68, 66, 62, 52, 51, 65, 40, 86, 63, 99, 122, 128, 115, 109, 124, 85, 72, 57, 61, 93, 55, 83, 90, 84, 59, 72, 76, 113, 111, 96, 99]
    Layer 14: dist=[44, 64, 65, 46, 62, 45, 64, 65, 54, 57, 70, 68, 69, 76, 65, 67, 77, 86, 51, 64, 65, 31, 51, 81, 52, 67, 73, 64, 85, 88, 8, 89]
    Layer 15: dist=[80, 44, 79, 38, 37, 38, 79, 67, 90, 60, 46, 104, 68, 107, 79, 89, 61, 57, 64, 68, 58, 60, 50, 51, 49, 34, 86, 62, 72, 84, 71, 49]
    Layer 16: dist=[61, 57, 74, 85, 55, 58, 48, 55, 54, 82, 73, 84, 90, 69, 86, 86, 68, 71, 60, 62, 115, 118, 110, 103, 71, 54, 64, 10, 58, 59, 65, 56]
    Layer 17: dist=[111, 95, 79, 67, 53, 57, 39, 47, 90, 108, 79, 100, 40, 57, 71, 74, 44, 61, 61, 42, 75, 98, 93, 97, 58, 55, 57, 52, 53, 79, 93, 67]
    Layer 18: dist=[34, 45, 35, 33, 56, 78, 74, 57, 64, 67, 66, 79, 61, 60, 57, 62, 46, 74, 72, 52, 68, 47, 65, 96, 58, 62, 61, 63, 52, 53, 79, 56]
    Layer 19: dist=[73, 64, 63, 62, 76, 103, 54, 71, 81, 85, 84, 93, 63, 57, 75, 63, 84, 85, 49, 49, 21, 50, 33, 49, 102, 106, 102, 116, 77, 77, 73, 72]
    Layer 20: dist=[89, 79, 80, 77, 78, 51, 49, 57, 40, 36, 43, 39, 92, 79, 87, 96, 45, 51, 56, 39, 73, 111, 101, 98, 125, 97, 105, 85, 93, 79, 108, 108]
    Layer 21: dist=[44, 50, 56, 68, 115, 65, 96, 118, 118, 61, 71, 69, 46, 41, 44, 42, 75, 75, 83, 65, 89, 99, 95, 96, 64, 62, 60, 80, 73, 79, 60, 88]
    Layer 23: dist=[39, 30, 48, 39, 110, 111, 41, 102, 79, 36, 45, 63, 75, 72, 79, 77, 82, 75, 74, 94, 72, 93, 82, 76, 78, 72, 68, 100, 91, 90, 83, 78]
    Layer 24: dist=[79, 124, 109, 101, 99, 109, 111, 97, 102, 105, 104, 84, 78, 75, 89, 74, 81, 86, 98, 88, 120, 103, 102, 117, 65, 73, 79, 51, 95, 111, 98, 88]
    Layer 25: dist=[105, 121, 118, 94, 71, 72, 107, 80, 96, 97, 85, 90, 65, 89, 50, 68, 93, 99, 97, 89, 102, 111, 105, 108, 110, 110, 99, 108, 88, 125, 98, 88]
    Layer 26: dist=[80, 88, 106, 68, 115, 113, 113, 110, 102, 107, 105, 98, 100, 124, 116, 116, 86, 93, 99, 95, 102, 113, 122, 114, 99, 97, 102, 93, 115, 96, 114, 95]
    Layer 27: dist=[87, 108, 103, 117, 98, 105, 101, 86, 77, 100, 107, 99, 78, 109, 80, 86, 96, 99, 99, 104, 91, 112, 113, 92, 110, 113, 116, 117, 107, 77, 92, 117]
    Layer 28: dist=[103, 92, 102, 102, 82, 63, 80, 76, 96, 107, 92, 89, 112, 105, 96, 101, 112, 104, 104, 108, 119, 71, 60, 89, 91, 88, 99, 99, 92, 92, 71, 95]
    Layer 29: dist=[113, 114, 114, 113, 90, 112, 94, 114, 119, 113, 122, 105, 120, 120, 119, 120, 116, 106, 115, 121, 123, 123, 107, 125, 100, 114, 97, 92, 106, 95, 106, 109]
    Layer 30: dist=[75, 102, 99, 100, 102, 100, 90, 67, 117, 117, 115, 120, 105, 104, 113, 101, 97, 78, 120, 122, 51, 120, 100, 110, 119, 119, 119, 118, 106, 110, 107, 102]
    Layer 31: dist=[119, 117, 99, 98, 112, 113, 114, 116, 114, 77, 87, 91, 117, 116, 117, 115, 101, 101, 106, 94, 119, 116, 108, 119, 112, 109, 89, 120, 112, 106, 102, 110]
    Layer 32: dist=[110, 114, 114, 111, 116, 119, 116, 117, 110, 111, 117, 115, 93, 113, 108, 91, 118, 106, 109, 111, 123, 92, 114, 120, 71, 95, 80, 105, 116, 107, 99, 103]
    Layer 33: dist=[102, 120, 112, 119, 91, 102, 57, 94, 116, 116, 113, 113, 114, 115, 113, 116, 114, 117, 106, 109, 112, 96, 110, 113, 111, 119, 122, 118, 110, 111, 107, 104]
    Layer 34: dist=[110, 109, 112, 113, 105, 111, 108, 102, 53, 93, 114, 86, 117, 115, 120, 81, 82, 89, 126, 55, 119, 51, 118, 119, 122, 122, 125, 122, 54, 62, 68, 109]
    Layer 35: dist=[105, 123, 71, 97, 82, 36, 112, 100, 85, 94, 112, 96, 63, 28, 49, 40, 98, 74, 84, 48, 90, 102, 55, 54, 66, 49, 68, 72, 73, 115, 122, 117]

  [Taylor Step 2/3] OLS sigma per head (scaling V, streaming)...
    Layer  0: sigma=[0.614, 0.100, 0.100, 0.100, 0.332, 0.380, 0.100, 0.100, 0.100, 0.148, 0.100, 0.100, 0.100, 0.100, 0.100, 0.259, 0.100, 0.100, 0.100, 0.100, 0.100, 0.100, 0.100, 0.100, 0.100, 0.100, 0.351, 0.100, 0.100, 0.100, 0.161, 0.100]
    Layer  1: sigma=[0.350, 0.100, 0.100, 0.100, 0.100, 0.100, 0.100, 0.100, 0.100, 0.174, 0.245, 0.100, 0.100, 0.100, 0.100, 0.100, 0.100, 0.100, 0.100, 0.100, 0.100, 0.100, 0.100, 0.117, 0.100, 0.100, 0.114, 0.100, 0.100, 0.100, 0.100, 0.100]
    Layer  2: sigma=[0.100, 0.100, 0.100, 0.100, 0.100, 0.100, 0.100, 0.100, 0.108, 0.100, 0.100, 0.100, 0.100, 0.143, 0.100, 0.100, 0.100, 0.218, 0.100, 0.100, 0.100, 0.100, 0.100, 0.100, 0.100, 0.172, 0.100, 0.100, 0.100, 0.100, 0.100, 0.100]
    Layer  3: sigma=[0.100, 0.328, 0.100, 0.156, 0.100, 0.100, 0.100, 0.100, 0.100, 0.100, 0.100, 0.100, 0.100, 0.100, 0.100, 0.100, 0.100, 0.100, 0.100, 0.100, 0.100, 0.107, 0.100, 0.100, 0.100, 0.100, 0.100, 0.100, 0.100, 0.100, 0.100, 0.100]
    Layer  4: sigma=[0.100, 0.100, 0.100, 0.100, 0.100, 0.100, 0.100, 0.100, 0.100, 0.100, 0.100, 0.100, 0.100, 0.100, 0.100, 0.100, 0.100, 0.100, 0.100, 0.100, 0.134, 0.136, 0.314, 0.100, 0.100, 0.100, 0.100, 0.100, 0.100, 0.100, 0.100, 0.100]
    Layer  5: sigma=[0.100, 0.100, 0.100, 0.100, 0.100, 0.100, 0.100, 0.100, 0.100, 0.137, 0.100, 0.109, 0.100, 0.100, 0.100, 0.122, 0.100, 0.182, 0.100, 0.100, 0.100, 0.100, 0.100, 0.100, 0.100, 0.100, 0.100, 0.100, 0.100, 0.100, 0.100, 0.100]
    Layer  6: sigma=[0.100, 0.100, 0.100, 0.100, 0.100, 0.100, 0.100, 0.100, 0.100, 0.100, 0.100, 0.100, 0.100, 0.100, 0.100, 0.100, 0.100, 0.100, 0.100, 0.100, 0.151, 0.100, 0.100, 0.100, 0.100, 0.100, 0.100, 0.100, 0.100, 0.100, 0.100, 0.100]
    Layer  7: sigma=[0.100, 0.151, 0.100, 0.100, 0.120, 0.100, 0.100, 0.100, 0.100, 0.100, 0.100, 0.100, 0.100, 0.100, 0.100, 0.100, 0.100, 0.100, 0.100, 0.100, 0.100, 0.100, 0.100, 0.100, 0.100, 0.100, 0.100, 0.100, 0.100, 0.100, 0.100, 0.100]
    Layer  8: sigma=[0.100, 0.100, 0.100, 0.100, 0.100, 0.100, 0.100, 0.100, 0.100, 0.100, 0.100, 0.100, 0.100, 0.100, 0.100, 0.100, 0.100, 0.100, 0.100, 0.100, 0.100, 0.100, 0.100, 0.100, 0.100, 0.100, 0.100, 0.161, 0.100, 0.100, 0.100, 0.100]
    Layer  9: sigma=[0.100, 0.100, 0.100, 0.100, 0.100, 0.100, 0.100, 0.100, 0.100, 0.100, 0.100, 0.100, 0.100, 0.100, 0.571, 0.133, 0.100, 0.100, 0.100, 0.100, 0.100, 0.100, 0.100, 0.100, 0.100, 0.100, 0.100, 0.100, 0.100, 0.100, 0.100, 0.100]
    Layer 10: sigma=[0.100, 0.100, 0.100, 0.100, 0.100, 0.100, 0.100, 0.100, 0.100, 0.100, 0.100, 0.100, 0.100, 0.100, 0.100, 0.100, 0.100, 0.100, 0.100, 0.100, 0.100, 0.100, 0.100, 0.100, 0.100, 0.100, 0.100, 0.100, 0.100, 0.100, 0.100, 0.100]
    Layer 11: sigma=[0.100, 0.100, 0.100, 0.100, 0.138, 0.100, 0.100, 0.100, 0.100, 0.101, 0.100, 0.100, 0.100, 0.100, 0.244, 0.100, 0.100, 0.100, 0.100, 0.100, 0.100, 0.100, 0.100, 0.100, 0.100, 0.100, 0.172, 0.100, 0.100, 0.100, 0.100, 0.100]
    Layer 12: sigma=[0.100, 0.100, 0.100, 0.100, 0.100, 0.100, 0.100, 0.100, 0.100, 0.102, 0.100, 0.107, 0.100, 0.100, 0.100, 0.100, 0.100, 0.312, 0.189, 0.100, 0.100, 0.100, 0.100, 0.100, 0.100, 0.100, 0.100, 0.214, 0.100, 0.100, 0.121, 0.100]
    Layer 13: sigma=[0.217, 0.100, 0.100, 0.268, 0.100, 0.100, 0.100, 0.100, 0.100, 0.100, 0.100, 0.100, 0.100, 0.100, 0.100, 0.100, 0.100, 0.100, 0.100, 0.120, 0.100, 0.100, 0.100, 0.100, 0.100, 0.100, 0.100, 0.100, 0.100, 0.100, 0.100, 0.100]
    Layer 14: sigma=[0.100, 0.100, 0.100, 0.100, 0.100, 0.393, 0.100, 0.100, 0.100, 0.100, 0.100, 0.100, 0.100, 0.100, 0.100, 0.100, 0.100, 0.100, 0.100, 0.100, 0.100, 0.100, 0.100, 0.100, 0.106, 0.111, 0.100, 0.100, 0.100, 0.100, 0.100, 0.100]
    Layer 15: sigma=[0.100, 0.197, 0.100, 0.100, 0.100, 0.108, 0.100, 0.100, 0.100, 0.100, 0.100, 0.100, 0.208, 0.100, 0.100, 0.100, 0.100, 0.100, 0.100, 0.100, 0.100, 0.100, 0.100, 0.100, 0.143, 0.100, 0.100, 0.100, 0.100, 0.100, 0.100, 0.100]
    Layer 16: sigma=[0.100, 0.100, 0.100, 0.100, 0.100, 0.100, 0.100, 0.100, 0.100, 0.100, 0.100, 0.100, 0.100, 0.100, 0.100, 0.100, 0.100, 0.100, 0.100, 0.100, 0.100, 0.100, 0.100, 0.100, 0.100, 0.100, 0.100, 0.475, 0.100, 0.100, 0.100, 0.100]
    Layer 17: sigma=[0.100, 0.100, 0.100, 0.100, 0.100, 0.161, 0.100, 0.100, 0.100, 0.100, 0.100, 0.100, 0.100, 0.100, 0.100, 0.100, 0.152, 0.100, 0.100, 0.413, 0.100, 0.100, 0.100, 0.116, 0.126, 0.100, 0.417, 0.100, 0.100, 0.100, 0.100, 0.100]
    Layer 18: sigma=[0.100, 0.477, 0.100, 0.100, 0.100, 0.100, 0.100, 0.191, 0.100, 0.100, 0.100, 0.100, 0.100, 0.100, 0.100, 0.100, 0.223, 0.100, 0.100, 0.100, 0.100, 0.100, 0.100, 0.100, 0.100, 0.100, 0.100, 0.100, 0.100, 0.100, 0.100, 0.100]
    Layer 19: sigma=[0.100, 0.100, 0.100, 0.100, 0.100, 0.100, 0.100, 0.100, 0.100, 0.100, 0.100, 0.100, 0.154, 0.100, 0.100, 0.195, 0.100, 0.100, 0.100, 0.274, 0.100, 0.100, 0.100, 0.100, 0.100, 0.100, 0.100, 0.100, 0.100, 0.100, 0.100, 0.100]
    Layer 20: sigma=[0.100, 0.100, 0.100, 0.100, 0.100, 0.175, 0.100, 0.100, 0.147, 0.110, 0.100, 0.100, 0.100, 0.100, 0.100, 0.118, 0.100, 0.135, 0.100, 0.100, 0.100, 0.100, 0.100, 0.100, 0.100, 0.100, 0.100, 0.100, 0.100, 0.100, 0.100, 0.100]
    Layer 21: sigma=[0.100, 0.134, 0.100, 0.100, 0.100, 0.100, 0.100, 0.100, 0.100, 0.169, 0.100, 0.275, 0.100, 0.100, 0.115, 0.100, 0.100, 0.100, 0.100, 0.100, 0.100, 0.105, 0.100, 0.100, 0.160, 0.100, 0.100, 0.100, 0.100, 0.100, 0.326, 0.100]
    Layer 23: sigma=[0.170, 0.235, 0.197, 0.100, 0.100, 0.100, 0.117, 0.100, 0.100, 0.247, 0.100, 0.100, 0.100, 0.100, 0.102, 0.100, 0.100, 0.100, 0.100, 0.100, 0.100, 0.100, 0.100, 0.100, 0.100, 0.101, 0.100, 0.100, 0.100, 0.100, 0.179, 0.281]
    Layer 24: sigma=[0.100, 0.100, 0.100, 0.100, 0.100, 0.100, 0.100, 0.100, 0.100, 0.100, 0.100, 0.100, 0.100, 0.100, 0.100, 0.153, 0.100, 0.100, 0.100, 0.100, 0.100, 0.100, 0.100, 0.100, 0.268, 0.414, 0.100, 0.350, 0.100, 0.100, 0.100, 0.100]
    Layer 25: sigma=[0.100, 0.100, 0.100, 0.100, 0.100, 0.100, 0.100, 0.100, 0.100, 0.100, 0.100, 0.100, 0.100, 0.100, 0.100, 0.100, 0.100, 0.100, 0.100, 0.100, 0.100, 0.100, 0.100, 0.100, 0.100, 0.100, 0.100, 0.100, 0.100, 0.100, 0.100, 0.100]
    Layer 26: sigma=[0.119, 0.100, 0.100, 0.100, 0.100, 0.100, 0.100, 0.100, 0.100, 0.100, 0.100, 0.100, 0.100, 0.100, 0.100, 0.100, 0.100, 0.100, 0.100, 0.100, 0.100, 0.100, 0.100, 0.100, 0.100, 0.100, 0.100, 0.100, 0.100, 0.100, 0.100, 0.100]
    Layer 27: sigma=[0.100, 0.100, 0.100, 0.100, 0.100, 0.100, 0.100, 0.100, 0.100, 0.100, 0.100, 0.100, 0.100, 0.100, 0.100, 0.100, 0.100, 0.100, 0.100, 0.100, 0.100, 0.100, 0.100, 0.100, 0.100, 0.100, 0.100, 0.100, 0.100, 0.100, 0.100, 0.100]
    Layer 28: sigma=[0.100, 0.100, 0.100, 0.100, 0.108, 0.122, 0.100, 0.100, 0.100, 0.100, 0.100, 0.100, 0.100, 0.100, 0.100, 0.100, 0.100, 0.100, 0.100, 0.100, 0.100, 0.100, 0.100, 0.100, 0.100, 0.100, 0.100, 0.100, 0.100, 0.100, 0.100, 0.100]
    Layer 29: sigma=[0.100, 0.100, 0.100, 0.100, 0.100, 0.100, 0.100, 0.100, 0.100, 0.100, 0.100, 0.100, 0.100, 0.100, 0.100, 0.100, 0.100, 0.100, 0.100, 0.100, 0.100, 0.100, 0.100, 0.100, 0.100, 0.100, 0.100, 0.100, 0.100, 0.100, 0.100, 0.100]
    Layer 30: sigma=[0.100, 0.100, 0.100, 0.100, 0.100, 0.100, 0.100, 0.100, 0.100, 0.100, 0.100, 0.100, 0.100, 0.100, 0.100, 0.100, 0.100, 0.100, 0.100, 0.100, 0.100, 0.100, 0.100, 0.100, 0.100, 0.100, 0.100, 0.100, 0.100, 0.100, 0.100, 0.100]
    Layer 31: sigma=[0.100, 0.100, 0.100, 0.100, 0.100, 0.100, 0.100, 0.100, 0.100, 0.100, 0.100, 0.100, 0.100, 0.100, 0.100, 0.100, 0.100, 0.100, 0.100, 0.132, 0.100, 0.100, 0.100, 0.100, 0.100, 0.100, 0.100, 0.100, 0.100, 0.100, 0.100, 0.100]
    Layer 32: sigma=[0.100, 0.100, 0.100, 0.100, 0.100, 0.100, 0.100, 0.100, 0.100, 0.100, 0.100, 0.100, 0.100, 0.100, 0.100, 0.100, 0.100, 0.100, 0.100, 0.100, 0.100, 0.100, 0.100, 0.100, 0.100, 0.100, 0.100, 0.100, 0.100, 0.100, 0.100, 0.100]
    Layer 33: sigma=[0.100, 0.100, 0.100, 0.100, 0.100, 0.100, 0.100, 0.100, 0.100, 0.100, 0.100, 0.100, 0.100, 0.100, 0.100, 0.100, 0.100, 0.100, 0.100, 0.100, 0.100, 0.100, 0.100, 0.100, 0.100, 0.100, 0.100, 0.100, 0.100, 0.100, 0.100, 0.100]
    Layer 34: sigma=[0.100, 0.100, 0.100, 0.100, 0.100, 0.100, 0.100, 0.100, 0.100, 0.100, 0.100, 0.100, 0.100, 0.100, 0.100, 0.100, 0.100, 0.100, 0.100, 0.100, 0.100, 0.100, 0.100, 0.100, 0.100, 0.100, 0.100, 0.100, 0.100, 0.100, 0.100, 0.100]
    Layer 35: sigma=[0.100, 0.100, 0.100, 0.100, 0.100, 0.100, 0.100, 0.100, 0.100, 0.100, 0.100, 0.100, 0.100, 0.100, 0.100, 0.100, 0.100, 0.100, 0.100, 0.100, 0.100, 0.100, 0.117, 0.100, 0.100, 0.100, 0.100, 0.100, 0.100, 0.100, 0.100, 0.100]

  [Taylor Step 3/3] g_proj = v_proj * alpha (damping=0.01)...
    Layer  0: alpha=0.060454  teacher_rms=0.0163  v_rms=0.0027
    Layer  1: alpha=0.060797  teacher_rms=0.0205  v_rms=0.0034
    Layer  2: alpha=0.057079  teacher_rms=0.0214  v_rms=0.0038
    Layer  3: alpha=0.048576  teacher_rms=0.0259  v_rms=0.0053
    Layer  4: alpha=0.047458  teacher_rms=0.0304  v_rms=0.0064
    Layer  5: alpha=0.061774  teacher_rms=0.0409  v_rms=0.0066
    Layer  6: alpha=0.078506  teacher_rms=0.0621  v_rms=0.0079
    Layer  7: alpha=0.045953  teacher_rms=0.0530  v_rms=0.0115
    Layer  8: alpha=0.047818  teacher_rms=0.0708  v_rms=0.0148
    Layer  9: alpha=0.035205  teacher_rms=0.0713  v_rms=0.0203
    Layer 10: alpha=0.051225  teacher_rms=0.1092  v_rms=0.0213
    Layer 11: alpha=0.062805  teacher_rms=0.1046  v_rms=0.0166
    Layer 12: alpha=0.059899  teacher_rms=0.1207  v_rms=0.0202
    Layer 13: alpha=0.055173  teacher_rms=0.1040  v_rms=0.0188
    Layer 14: alpha=0.064828  teacher_rms=0.1547  v_rms=0.0239
    Layer 15: alpha=0.057441  teacher_rms=0.1576  v_rms=0.0274
    Layer 16: alpha=0.040462  teacher_rms=0.1473  v_rms=0.0364
    Layer 17: alpha=0.043495  teacher_rms=0.1753  v_rms=0.0403
    Layer 18: alpha=0.044080  teacher_rms=0.1990  v_rms=0.0451
    Layer 19: alpha=0.055147  teacher_rms=0.2060  v_rms=0.0374
    Layer 20: alpha=0.057085  teacher_rms=0.1966  v_rms=0.0344
    Layer 21: alpha=0.048542  teacher_rms=0.2373  v_rms=0.0489
    Layer 23: alpha=0.050195  teacher_rms=0.3098  v_rms=0.0617
    Layer 24: alpha=0.033034  teacher_rms=0.2897  v_rms=0.0877
    Layer 25: alpha=0.040058  teacher_rms=0.2376  v_rms=0.0593
    Layer 26: alpha=0.029060  teacher_rms=0.2124  v_rms=0.0731
    Layer 27: alpha=0.037093  teacher_rms=0.3083  v_rms=0.0831
    Layer 28: alpha=0.042361  teacher_rms=0.3705  v_rms=0.0875
    Layer 29: alpha=0.017344  teacher_rms=0.2548  v_rms=0.1469
    Layer 30: alpha=0.029045  teacher_rms=0.4297  v_rms=0.1480
    Layer 31: alpha=0.021099  teacher_rms=0.3785  v_rms=0.1794
    Layer 32: alpha=0.023899  teacher_rms=0.5288  v_rms=0.2213
    Layer 33: alpha=0.018560  teacher_rms=0.6404  v_rms=0.3451
    Layer 34: alpha=0.033190  teacher_rms=1.0325  v_rms=0.3111
    Layer 35: alpha=0.059852  teacher_rms=1.0168  v_rms=0.1699

  Set g_proj = v_proj * alpha in 35 GDN layers (damping=0.01).
  Init (taylor_init) done in 330.3s
  Layer 22: PPL = 2137369.75  (eval 13.5s)

============================================================
  Probing layer 23 | strategy=taylor_init
============================================================
Loading checkpoint shards:   0%|          | 0/4 [00:00<?, ?it/s]Loading checkpoint shards: 100%|██████████| 4/4 [00:00<00:00, 144.38it/s]
Could not cache non-existence of file. Will ignore error and continue. Error: [Errno 13] Permission denied: '/data/shared/huggingface/hub/models--Qwen--Qwen3-8B/.no_exist/b968826d9c46dd6066d109eabc6255188de91218/model.safetensors'
Loading checkpoint shards:   0%|          | 0/5 [00:00<?, ?it/s]Loading checkpoint shards: 100%|██████████| 5/5 [00:00<00:00, 187.81it/s]
Token indices sequence length is longer than the specified maximum sequence length for this model (2429029 > 131072). Running this sequence through the model will result in indexing errors
  [Taylor Step 1/3] Gate calibration from attention stats...
    Layer  0: dist=[32, 3, 12, 35, 12, 26, 9, 11, 19, 6, 8, 9, 18, 34, 31, 10, 16, 19, 16, 14, 13, 23, 4, 12, 5, 52, 10, 43, 15, 36, 15, 14]
    Layer  1: dist=[19, 38, 25, 44, 3, 15, 31, 11, 45, 36, 65, 60, 34, 47, 51, 38, 32, 54, 57, 33, 56, 24, 40, 40, 37, 9, 44, 41, 83, 31, 37, 49]
    Layer  2: dist=[65, 65, 67, 62, 26, 45, 33, 43, 39, 47, 56, 56, 53, 46, 46, 60, 61, 49, 54, 43, 49, 67, 48, 50, 25, 24, 21, 35, 73, 73, 77, 74]
    Layer  3: dist=[65, 26, 13, 22, 87, 93, 83, 73, 56, 53, 62, 58, 90, 73, 75, 74, 59, 62, 51, 67, 74, 60, 64, 65, 64, 56, 52, 59, 70, 63, 72, 65]
    Layer  4: dist=[62, 63, 73, 67, 73, 56, 61, 89, 68, 69, 63, 60, 55, 55, 71, 61, 62, 65, 67, 70, 64, 61, 47, 64, 41, 51, 48, 34, 51, 66, 55, 55]
    Layer  5: dist=[36, 48, 55, 35, 61, 68, 52, 51, 5, 18, 73, 61, 54, 78, 59, 52, 41, 32, 50, 48, 51, 55, 48, 59, 73, 73, 80, 80, 43, 44, 46, 58]
    Layer  6: dist=[27, 40, 30, 31, 52, 46, 67, 61, 46, 25, 43, 38, 56, 64, 56, 30, 47, 34, 45, 40, 20, 30, 32, 14, 35, 50, 32, 49, 47, 43, 37, 53]
    Layer  7: dist=[55, 60, 64, 87, 126, 114, 127, 121, 88, 119, 99, 72, 108, 23, 53, 97, 80, 101, 85, 81, 106, 86, 112, 116, 64, 78, 47, 86, 97, 101, 101, 106]
    Layer  8: dist=[83, 87, 90, 58, 81, 77, 69, 78, 86, 99, 87, 90, 94, 86, 96, 70, 116, 107, 103, 96, 92, 106, 100, 111, 92, 72, 95, 67, 84, 72, 79, 74]
    Layer  9: dist=[76, 60, 61, 67, 83, 97, 96, 74, 123, 120, 118, 112, 27, 87, 63, 85, 93, 100, 114, 125, 87, 77, 60, 70, 119, 81, 91, 97, 125, 113, 127, 123]
    Layer 10: dist=[76, 71, 58, 74, 85, 102, 64, 74, 63, 88, 106, 49, 88, 67, 82, 86, 87, 102, 100, 107, 88, 60, 107, 90, 93, 107, 84, 77, 76, 65, 82, 90]
    Layer 11: dist=[78, 65, 79, 48, 53, 61, 78, 77, 102, 123, 109, 93, 82, 64, 65, 69, 69, 63, 61, 51, 77, 107, 89, 87, 67, 59, 56, 54, 95, 55, 55, 94]
    Layer 12: dist=[21, 72, 79, 61, 87, 83, 66, 70, 63, 62, 74, 77, 86, 81, 82, 87, 39, 68, 59, 94, 102, 112, 97, 103, 93, 2, 107, 38, 81, 88, 113, 91]
    Layer 13: dist=[52, 68, 66, 62, 52, 51, 65, 40, 86, 63, 99, 122, 128, 115, 109, 124, 85, 72, 57, 61, 93, 55, 83, 90, 84, 59, 72, 76, 113, 111, 96, 99]
    Layer 14: dist=[44, 64, 65, 46, 62, 45, 64, 65, 54, 57, 70, 68, 69, 76, 65, 67, 77, 86, 51, 64, 65, 31, 51, 81, 52, 67, 73, 64, 85, 88, 8, 89]
    Layer 15: dist=[80, 44, 79, 38, 37, 38, 79, 67, 90, 60, 46, 104, 68, 107, 79, 89, 61, 57, 64, 68, 58, 60, 50, 51, 49, 34, 86, 62, 72, 84, 71, 49]
    Layer 16: dist=[61, 57, 74, 85, 55, 58, 48, 55, 54, 82, 73, 84, 90, 69, 86, 86, 68, 71, 60, 62, 115, 118, 110, 103, 71, 54, 64, 10, 58, 59, 65, 56]
    Layer 17: dist=[111, 95, 79, 67, 53, 57, 39, 47, 90, 108, 79, 100, 40, 57, 71, 74, 44, 61, 61, 42, 75, 98, 93, 97, 58, 55, 57, 52, 53, 79, 93, 67]
    Layer 18: dist=[34, 45, 35, 33, 56, 78, 74, 57, 64, 67, 66, 79, 61, 60, 57, 62, 46, 74, 72, 52, 68, 47, 65, 96, 58, 62, 61, 63, 52, 53, 79, 56]
    Layer 19: dist=[73, 64, 63, 62, 76, 103, 54, 71, 81, 85, 84, 93, 63, 57, 75, 63, 84, 85, 49, 49, 21, 50, 33, 49, 102, 106, 102, 116, 77, 77, 73, 72]
    Layer 20: dist=[89, 79, 80, 77, 78, 51, 49, 57, 40, 36, 43, 39, 92, 79, 87, 96, 45, 51, 56, 39, 73, 111, 101, 98, 125, 97, 105, 85, 93, 79, 108, 108]
    Layer 21: dist=[44, 50, 56, 68, 115, 65, 96, 118, 118, 61, 71, 69, 46, 41, 44, 42, 75, 75, 83, 65, 89, 99, 95, 96, 64, 62, 60, 80, 73, 79, 60, 88]
    Layer 22: dist=[73, 60, 67, 63, 52, 72, 45, 56, 37, 49, 45, 59, 18, 86, 61, 64, 33, 79, 76, 41, 102, 115, 120, 121, 101, 84, 91, 95, 114, 92, 103, 95]
    Layer 24: dist=[79, 124, 109, 101, 99, 109, 111, 97, 102, 105, 104, 84, 78, 75, 89, 74, 81, 86, 98, 88, 120, 103, 102, 117, 65, 73, 79, 51, 95, 111, 98, 88]
    Layer 25: dist=[105, 121, 118, 94, 71, 72, 107, 80, 96, 97, 85, 90, 65, 89, 50, 68, 93, 99, 97, 89, 102, 111, 105, 108, 110, 110, 99, 108, 88, 125, 98, 88]
    Layer 26: dist=[80, 88, 106, 68, 115, 113, 113, 110, 102, 107, 105, 98, 100, 124, 116, 116, 86, 93, 99, 95, 102, 113, 122, 114, 99, 97, 102, 93, 115, 96, 114, 95]
    Layer 27: dist=[87, 108, 103, 117, 98, 105, 101, 86, 77, 100, 107, 99, 78, 109, 80, 86, 96, 99, 99, 104, 91, 112, 113, 92, 110, 113, 116, 117, 107, 77, 92, 117]
    Layer 28: dist=[103, 92, 102, 102, 82, 63, 80, 76, 96, 107, 92, 89, 112, 105, 96, 101, 112, 104, 104, 108, 119, 71, 60, 89, 91, 88, 99, 99, 92, 92, 71, 95]
    Layer 29: dist=[113, 114, 114, 113, 90, 112, 94, 114, 119, 113, 122, 105, 120, 120, 119, 120, 116, 106, 115, 121, 123, 123, 107, 125, 100, 114, 97, 92, 106, 95, 106, 109]
    Layer 30: dist=[75, 102, 99, 100, 102, 100, 90, 67, 117, 117, 115, 120, 105, 104, 113, 101, 97, 78, 120, 122, 51, 120, 100, 110, 119, 119, 119, 118, 106, 110, 107, 102]
    Layer 31: dist=[119, 117, 99, 98, 112, 113, 114, 116, 114, 77, 87, 91, 117, 116, 117, 115, 101, 101, 106, 94, 119, 116, 108, 119, 112, 109, 89, 120, 112, 106, 102, 110]
    Layer 32: dist=[110, 114, 114, 111, 116, 119, 116, 117, 110, 111, 117, 115, 93, 113, 108, 91, 118, 106, 109, 111, 123, 92, 114, 120, 71, 95, 80, 105, 116, 107, 99, 103]
    Layer 33: dist=[102, 120, 112, 119, 91, 102, 57, 94, 116, 116, 113, 113, 114, 115, 113, 116, 114, 117, 106, 109, 112, 96, 110, 113, 111, 119, 122, 118, 110, 111, 107, 104]
    Layer 34: dist=[110, 109, 112, 113, 105, 111, 108, 102, 53, 93, 114, 86, 117, 115, 120, 81, 82, 89, 126, 55, 119, 51, 118, 119, 122, 122, 125, 122, 54, 62, 68, 109]
    Layer 35: dist=[105, 123, 71, 97, 82, 36, 112, 100, 85, 94, 112, 96, 63, 28, 49, 40, 98, 74, 84, 48, 90, 102, 55, 54, 66, 49, 68, 72, 73, 115, 122, 117]

  [Taylor Step 2/3] OLS sigma per head (scaling V, streaming)...
    Layer  0: sigma=[0.619, 0.100, 0.100, 0.100, 0.333, 0.381, 0.100, 0.100, 0.100, 0.148, 0.100, 0.100, 0.100, 0.100, 0.100, 0.258, 0.100, 0.100, 0.100, 0.100, 0.100, 0.100, 0.100, 0.100, 0.100, 0.100, 0.350, 0.100, 0.100, 0.100, 0.161, 0.100]
    Layer  1: sigma=[0.350, 0.100, 0.100, 0.100, 0.100, 0.100, 0.100, 0.100, 0.100, 0.170, 0.245, 0.100, 0.100, 0.100, 0.100, 0.100, 0.100, 0.100, 0.100, 0.100, 0.100, 0.100, 0.100, 0.117, 0.100, 0.100, 0.114, 0.100, 0.100, 0.100, 0.100, 0.100]
    Layer  2: sigma=[0.100, 0.100, 0.100, 0.100, 0.100, 0.100, 0.100, 0.100, 0.109, 0.100, 0.100, 0.100, 0.100, 0.146, 0.100, 0.100, 0.100, 0.219, 0.100, 0.100, 0.100, 0.100, 0.100, 0.100, 0.100, 0.173, 0.100, 0.100, 0.100, 0.100, 0.100, 0.100]
    Layer  3: sigma=[0.100, 0.323, 0.100, 0.160, 0.100, 0.100, 0.100, 0.100, 0.100, 0.100, 0.100, 0.100, 0.100, 0.100, 0.100, 0.100, 0.100, 0.100, 0.100, 0.100, 0.100, 0.107, 0.100, 0.100, 0.100, 0.100, 0.100, 0.100, 0.100, 0.100, 0.100, 0.100]
    Layer  4: sigma=[0.100, 0.100, 0.100, 0.100, 0.100, 0.100, 0.100, 0.100, 0.100, 0.100, 0.100, 0.100, 0.100, 0.100, 0.100, 0.100, 0.100, 0.100, 0.100, 0.100, 0.131, 0.138, 0.317, 0.100, 0.100, 0.100, 0.100, 0.100, 0.100, 0.100, 0.100, 0.100]
    Layer  5: sigma=[0.100, 0.100, 0.100, 0.100, 0.100, 0.100, 0.100, 0.100, 0.100, 0.136, 0.100, 0.110, 0.100, 0.100, 0.100, 0.123, 0.100, 0.181, 0.100, 0.100, 0.100, 0.100, 0.100, 0.100, 0.100, 0.100, 0.100, 0.100, 0.100, 0.100, 0.100, 0.100]
    Layer  6: sigma=[0.100, 0.100, 0.100, 0.100, 0.100, 0.100, 0.100, 0.100, 0.100, 0.100, 0.100, 0.100, 0.100, 0.100, 0.100, 0.100, 0.100, 0.100, 0.100, 0.100, 0.152, 0.100, 0.100, 0.100, 0.100, 0.100, 0.100, 0.100, 0.100, 0.100, 0.100, 0.100]
    Layer  7: sigma=[0.100, 0.178, 0.100, 0.100, 0.129, 0.100, 0.100, 0.100, 0.100, 0.100, 0.100, 0.100, 0.100, 0.100, 0.100, 0.100, 0.100, 0.100, 0.100, 0.100, 0.100, 0.100, 0.100, 0.100, 0.100, 0.100, 0.100, 0.100, 0.100, 0.100, 0.100, 0.100]
    Layer  8: sigma=[0.100, 0.100, 0.100, 0.100, 0.100, 0.100, 0.100, 0.100, 0.100, 0.100, 0.100, 0.100, 0.100, 0.100, 0.100, 0.100, 0.100, 0.100, 0.100, 0.100, 0.100, 0.100, 0.100, 0.100, 0.100, 0.100, 0.100, 0.202, 0.100, 0.100, 0.100, 0.100]
    Layer  9: sigma=[0.100, 0.100, 0.100, 0.100, 0.100, 0.100, 0.100, 0.100, 0.100, 0.100, 0.100, 0.100, 0.100, 0.100, 0.598, 0.125, 0.100, 0.100, 0.100, 0.100, 0.100, 0.100, 0.100, 0.100, 0.100, 0.100, 0.100, 0.100, 0.100, 0.100, 0.100, 0.100]
    Layer 10: sigma=[0.100, 0.100, 0.100, 0.100, 0.100, 0.100, 0.100, 0.100, 0.100, 0.100, 0.100, 0.100, 0.100, 0.100, 0.100, 0.100, 0.100, 0.100, 0.100, 0.100, 0.100, 0.100, 0.100, 0.100, 0.100, 0.100, 0.100, 0.100, 0.100, 0.100, 0.100, 0.100]
    Layer 11: sigma=[0.100, 0.100, 0.100, 0.100, 0.144, 0.100, 0.100, 0.100, 0.100, 0.106, 0.100, 0.100, 0.100, 0.100, 0.255, 0.100, 0.100, 0.100, 0.100, 0.100, 0.100, 0.100, 0.100, 0.100, 0.100, 0.100, 0.161, 0.100, 0.100, 0.100, 0.100, 0.100]
    Layer 12: sigma=[0.100, 0.100, 0.100, 0.100, 0.100, 0.100, 0.100, 0.100, 0.100, 0.104, 0.100, 0.109, 0.100, 0.100, 0.100, 0.100, 0.100, 0.328, 0.165, 0.100, 0.100, 0.100, 0.100, 0.100, 0.100, 0.100, 0.100, 0.216, 0.100, 0.100, 0.127, 0.100]
    Layer 13: sigma=[0.225, 0.100, 0.100, 0.310, 0.100, 0.100, 0.100, 0.100, 0.100, 0.100, 0.100, 0.100, 0.100, 0.100, 0.100, 0.100, 0.100, 0.100, 0.100, 0.110, 0.100, 0.100, 0.100, 0.100, 0.100, 0.100, 0.100, 0.100, 0.100, 0.100, 0.100, 0.100]
    Layer 14: sigma=[0.100, 0.100, 0.100, 0.100, 0.100, 0.370, 0.100, 0.100, 0.100, 0.100, 0.100, 0.100, 0.100, 0.100, 0.100, 0.100, 0.100, 0.100, 0.100, 0.100, 0.100, 0.100, 0.100, 0.100, 0.104, 0.106, 0.100, 0.100, 0.100, 0.100, 0.100, 0.100]
    Layer 15: sigma=[0.100, 0.207, 0.100, 0.100, 0.100, 0.114, 0.100, 0.100, 0.100, 0.100, 0.100, 0.100, 0.208, 0.100, 0.100, 0.100, 0.100, 0.100, 0.100, 0.100, 0.100, 0.100, 0.100, 0.100, 0.144, 0.100, 0.100, 0.100, 0.100, 0.100, 0.100, 0.100]
    Layer 16: sigma=[0.100, 0.100, 0.100, 0.100, 0.100, 0.100, 0.100, 0.100, 0.100, 0.100, 0.100, 0.100, 0.100, 0.100, 0.100, 0.100, 0.100, 0.100, 0.100, 0.100, 0.100, 0.100, 0.100, 0.100, 0.100, 0.100, 0.100, 0.406, 0.100, 0.100, 0.100, 0.100]
    Layer 17: sigma=[0.100, 0.100, 0.100, 0.100, 0.100, 0.163, 0.100, 0.100, 0.100, 0.100, 0.100, 0.100, 0.100, 0.100, 0.100, 0.100, 0.137, 0.100, 0.100, 0.395, 0.100, 0.100, 0.100, 0.102, 0.139, 0.100, 0.380, 0.100, 0.100, 0.100, 0.100, 0.100]
    Layer 18: sigma=[0.100, 0.448, 0.100, 0.100, 0.100, 0.100, 0.100, 0.174, 0.100, 0.100, 0.100, 0.100, 0.100, 0.100, 0.100, 0.100, 0.153, 0.100, 0.100, 0.100, 0.100, 0.100, 0.100, 0.100, 0.100, 0.100, 0.100, 0.100, 0.100, 0.100, 0.100, 0.100]
    Layer 19: sigma=[0.100, 0.100, 0.100, 0.100, 0.100, 0.100, 0.100, 0.100, 0.100, 0.100, 0.100, 0.100, 0.139, 0.100, 0.100, 0.195, 0.100, 0.100, 0.100, 0.288, 0.100, 0.100, 0.100, 0.109, 0.100, 0.100, 0.100, 0.100, 0.100, 0.100, 0.100, 0.100]
    Layer 20: sigma=[0.100, 0.100, 0.100, 0.100, 0.100, 0.219, 0.100, 0.100, 0.159, 0.105, 0.100, 0.100, 0.100, 0.100, 0.100, 0.111, 0.100, 0.128, 0.100, 0.100, 0.100, 0.100, 0.100, 0.100, 0.100, 0.100, 0.100, 0.100, 0.100, 0.100, 0.100, 0.100]
    Layer 21: sigma=[0.100, 0.126, 0.100, 0.100, 0.100, 0.100, 0.100, 0.100, 0.100, 0.164, 0.100, 0.250, 0.100, 0.100, 0.123, 0.100, 0.100, 0.100, 0.100, 0.100, 0.100, 0.106, 0.100, 0.100, 0.124, 0.100, 0.100, 0.100, 0.100, 0.100, 0.311, 0.100]
    Layer 22: sigma=[0.174, 0.100, 0.100, 0.100, 0.172, 0.117, 0.102, 0.173, 0.137, 0.100, 0.100, 0.100, 0.100, 0.100, 0.100, 0.108, 0.100, 0.100, 0.100, 0.100, 0.100, 0.100, 0.100, 0.100, 0.100, 0.100, 0.100, 0.100, 0.100, 0.100, 0.100, 0.100]
    Layer 24: sigma=[0.100, 0.100, 0.100, 0.100, 0.100, 0.100, 0.100, 0.100, 0.100, 0.100, 0.100, 0.100, 0.100, 0.100, 0.100, 0.157, 0.100, 0.100, 0.100, 0.100, 0.100, 0.100, 0.100, 0.100, 0.236, 0.375, 0.100, 0.327, 0.100, 0.100, 0.100, 0.100]
    Layer 25: sigma=[0.100, 0.100, 0.100, 0.100, 0.130, 0.100, 0.100, 0.100, 0.100, 0.100, 0.100, 0.100, 0.100, 0.100, 0.107, 0.100, 0.100, 0.100, 0.100, 0.100, 0.100, 0.100, 0.100, 0.100, 0.100, 0.100, 0.100, 0.100, 0.100, 0.100, 0.100, 0.100]
    Layer 26: sigma=[0.100, 0.100, 0.100, 0.100, 0.100, 0.100, 0.100, 0.100, 0.100, 0.100, 0.100, 0.100, 0.100, 0.100, 0.100, 0.100, 0.100, 0.100, 0.100, 0.100, 0.100, 0.100, 0.100, 0.100, 0.100, 0.100, 0.100, 0.100, 0.100, 0.100, 0.100, 0.100]
    Layer 27: sigma=[0.100, 0.100, 0.100, 0.100, 0.100, 0.100, 0.100, 0.100, 0.100, 0.100, 0.100, 0.100, 0.100, 0.100, 0.100, 0.100, 0.100, 0.100, 0.100, 0.100, 0.100, 0.100, 0.100, 0.100, 0.100, 0.100, 0.100, 0.100, 0.100, 0.100, 0.100, 0.100]
    Layer 28: sigma=[0.100, 0.100, 0.100, 0.100, 0.100, 0.120, 0.100, 0.161, 0.100, 0.100, 0.100, 0.100, 0.100, 0.100, 0.100, 0.100, 0.100, 0.100, 0.100, 0.100, 0.100, 0.100, 0.100, 0.100, 0.100, 0.100, 0.100, 0.100, 0.100, 0.100, 0.100, 0.100]
    Layer 29: sigma=[0.100, 0.100, 0.100, 0.100, 0.100, 0.100, 0.100, 0.100, 0.100, 0.100, 0.100, 0.100, 0.100, 0.100, 0.100, 0.100, 0.100, 0.100, 0.100, 0.100, 0.100, 0.100, 0.100, 0.100, 0.100, 0.100, 0.100, 0.100, 0.100, 0.100, 0.100, 0.100]
    Layer 30: sigma=[0.100, 0.100, 0.100, 0.100, 0.100, 0.100, 0.100, 0.100, 0.100, 0.100, 0.100, 0.100, 0.100, 0.100, 0.100, 0.100, 0.100, 0.100, 0.100, 0.100, 0.100, 0.100, 0.100, 0.100, 0.100, 0.100, 0.100, 0.100, 0.100, 0.100, 0.100, 0.100]
    Layer 31: sigma=[0.100, 0.100, 0.100, 0.100, 0.100, 0.100, 0.100, 0.100, 0.100, 0.100, 0.100, 0.100, 0.100, 0.100, 0.100, 0.100, 0.100, 0.100, 0.100, 0.120, 0.100, 0.100, 0.100, 0.100, 0.100, 0.100, 0.100, 0.100, 0.100, 0.100, 0.100, 0.100]
    Layer 32: sigma=[0.100, 0.100, 0.100, 0.100, 0.100, 0.100, 0.100, 0.100, 0.100, 0.100, 0.100, 0.100, 0.100, 0.100, 0.100, 0.100, 0.100, 0.100, 0.100, 0.100, 0.100, 0.100, 0.100, 0.100, 0.100, 0.100, 0.100, 0.100, 0.100, 0.100, 0.100, 0.100]
    Layer 33: sigma=[0.100, 0.100, 0.100, 0.100, 0.100, 0.100, 0.100, 0.100, 0.100, 0.100, 0.100, 0.100, 0.100, 0.100, 0.100, 0.100, 0.100, 0.100, 0.100, 0.100, 0.100, 0.100, 0.100, 0.100, 0.100, 0.100, 0.100, 0.100, 0.100, 0.100, 0.100, 0.100]
    Layer 34: sigma=[0.100, 0.100, 0.100, 0.100, 0.100, 0.100, 0.100, 0.100, 0.100, 0.100, 0.100, 0.100, 0.100, 0.100, 0.100, 0.100, 0.100, 0.100, 0.100, 0.102, 0.100, 0.100, 0.100, 0.100, 0.100, 0.100, 0.100, 0.100, 0.100, 0.100, 0.100, 0.100]
    Layer 35: sigma=[0.100, 0.100, 0.100, 0.100, 0.103, 0.100, 0.100, 0.100, 0.100, 0.100, 0.100, 0.100, 0.100, 0.100, 0.100, 0.100, 0.100, 0.100, 0.100, 0.100, 0.100, 0.100, 0.111, 0.100, 0.100, 0.100, 0.100, 0.100, 0.100, 0.100, 0.100, 0.100]

  [Taylor Step 3/3] g_proj = v_proj * alpha (damping=0.01)...
    Layer  0: alpha=0.060235  teacher_rms=0.0163  v_rms=0.0027
    Layer  1: alpha=0.060862  teacher_rms=0.0205  v_rms=0.0034
    Layer  2: alpha=0.056971  teacher_rms=0.0214  v_rms=0.0038
    Layer  3: alpha=0.048686  teacher_rms=0.0259  v_rms=0.0053
    Layer  4: alpha=0.047391  teacher_rms=0.0304  v_rms=0.0064
    Layer  5: alpha=0.061767  teacher_rms=0.0409  v_rms=0.0066
    Layer  6: alpha=0.078468  teacher_rms=0.0621  v_rms=0.0079
    Layer  7: alpha=0.045177  teacher_rms=0.0530  v_rms=0.0117
    Layer  8: alpha=0.046767  teacher_rms=0.0708  v_rms=0.0151
    Layer  9: alpha=0.034488  teacher_rms=0.0713  v_rms=0.0207
    Layer 10: alpha=0.051225  teacher_rms=0.1092  v_rms=0.0213
    Layer 11: alpha=0.062510  teacher_rms=0.1046  v_rms=0.0167
    Layer 12: alpha=0.059565  teacher_rms=0.1207  v_rms=0.0203
    Layer 13: alpha=0.053759  teacher_rms=0.1040  v_rms=0.0193
    Layer 14: alpha=0.066056  teacher_rms=0.1547  v_rms=0.0234
    Layer 15: alpha=0.057096  teacher_rms=0.1576  v_rms=0.0276
    Layer 16: alpha=0.042441  teacher_rms=0.1473  v_rms=0.0347
    Layer 17: alpha=0.044790  teacher_rms=0.1753  v_rms=0.0391
    Layer 18: alpha=0.046159  teacher_rms=0.1990  v_rms=0.0431
    Layer 19: alpha=0.054910  teacher_rms=0.2060  v_rms=0.0375
    Layer 20: alpha=0.055501  teacher_rms=0.1966  v_rms=0.0354
    Layer 21: alpha=0.050445  teacher_rms=0.2373  v_rms=0.0470
    Layer 22: alpha=0.056148  teacher_rms=0.2834  v_rms=0.0505
    Layer 24: alpha=0.034295  teacher_rms=0.2897  v_rms=0.0845
    Layer 25: alpha=0.039636  teacher_rms=0.2376  v_rms=0.0599
    Layer 26: alpha=0.029256  teacher_rms=0.2124  v_rms=0.0726
    Layer 27: alpha=0.037093  teacher_rms=0.3083  v_rms=0.0831
    Layer 28: alpha=0.041716  teacher_rms=0.3705  v_rms=0.0888
    Layer 29: alpha=0.017344  teacher_rms=0.2548  v_rms=0.1469
    Layer 30: alpha=0.029045  teacher_rms=0.4297  v_rms=0.1480
    Layer 31: alpha=0.021148  teacher_rms=0.3785  v_rms=0.1790
    Layer 32: alpha=0.023899  teacher_rms=0.5288  v_rms=0.2213
    Layer 33: alpha=0.018560  teacher_rms=0.6404  v_rms=0.3451
    Layer 34: alpha=0.033180  teacher_rms=1.0325  v_rms=0.3112
    Layer 35: alpha=0.059914  teacher_rms=1.0168  v_rms=0.1697

  Set g_proj = v_proj * alpha in 35 GDN layers (damping=0.01).
  Init (taylor_init) done in 331.7s
  Layer 23: PPL = 3260747.50  (eval 13.4s)

============================================================
  Probing layer 24 | strategy=taylor_init
============================================================
Loading checkpoint shards:   0%|          | 0/4 [00:00<?, ?it/s]Loading checkpoint shards: 100%|██████████| 4/4 [00:00<00:00, 147.06it/s]
Could not cache non-existence of file. Will ignore error and continue. Error: [Errno 13] Permission denied: '/data/shared/huggingface/hub/models--Qwen--Qwen3-8B/.no_exist/b968826d9c46dd6066d109eabc6255188de91218/model.safetensors'
Loading checkpoint shards:   0%|          | 0/5 [00:00<?, ?it/s]Loading checkpoint shards: 100%|██████████| 5/5 [00:00<00:00, 80.77it/s]
Token indices sequence length is longer than the specified maximum sequence length for this model (2429029 > 131072). Running this sequence through the model will result in indexing errors
  [Taylor Step 1/3] Gate calibration from attention stats...
    Layer  0: dist=[32, 3, 12, 35, 12, 26, 9, 11, 19, 6, 8, 9, 18, 34, 31, 10, 16, 19, 16, 14, 13, 23, 4, 12, 5, 52, 10, 43, 15, 36, 15, 14]
    Layer  1: dist=[19, 38, 25, 44, 3, 15, 31, 11, 45, 36, 65, 60, 34, 47, 51, 38, 32, 54, 57, 33, 56, 24, 40, 40, 37, 9, 44, 41, 83, 31, 37, 49]
    Layer  2: dist=[65, 65, 67, 62, 26, 45, 33, 43, 39, 47, 56, 56, 53, 46, 46, 60, 61, 49, 54, 43, 49, 67, 48, 50, 25, 24, 21, 35, 73, 73, 77, 74]
    Layer  3: dist=[65, 26, 13, 22, 87, 93, 83, 73, 56, 53, 62, 58, 90, 73, 75, 74, 59, 62, 51, 67, 74, 60, 64, 65, 64, 56, 52, 59, 70, 63, 72, 65]
    Layer  4: dist=[62, 63, 73, 67, 73, 56, 61, 89, 68, 69, 63, 60, 55, 55, 71, 61, 62, 65, 67, 70, 64, 61, 47, 64, 41, 51, 48, 34, 51, 66, 55, 55]
    Layer  5: dist=[36, 48, 55, 35, 61, 68, 52, 51, 5, 18, 73, 61, 54, 78, 59, 52, 41, 32, 50, 48, 51, 55, 48, 59, 73, 73, 80, 80, 43, 44, 46, 58]
    Layer  6: dist=[27, 40, 30, 31, 52, 46, 67, 61, 46, 25, 43, 38, 56, 64, 56, 30, 47, 34, 45, 40, 20, 30, 32, 14, 35, 50, 32, 49, 47, 43, 37, 53]
    Layer  7: dist=[55, 60, 64, 87, 126, 114, 127, 121, 88, 119, 99, 72, 108, 23, 53, 97, 80, 101, 85, 81, 106, 86, 112, 116, 64, 78, 47, 86, 97, 101, 101, 106]
    Layer  8: dist=[83, 87, 90, 58, 81, 77, 69, 78, 86, 99, 87, 90, 94, 86, 96, 70, 116, 107, 103, 96, 92, 106, 100, 111, 92, 72, 95, 67, 84, 72, 79, 74]
    Layer  9: dist=[76, 60, 61, 67, 83, 97, 96, 74, 123, 120, 118, 112, 27, 87, 63, 85, 93, 100, 114, 125, 87, 77, 60, 70, 119, 81, 91, 97, 125, 113, 127, 123]
    Layer 10: dist=[76, 71, 58, 74, 85, 102, 64, 74, 63, 88, 106, 49, 88, 67, 82, 86, 87, 102, 100, 107, 88, 60, 107, 90, 93, 107, 84, 77, 76, 65, 82, 90]
    Layer 11: dist=[78, 65, 79, 48, 53, 61, 78, 77, 102, 123, 109, 93, 82, 64, 65, 69, 69, 63, 61, 51, 77, 107, 89, 87, 67, 59, 56, 54, 95, 55, 55, 94]
    Layer 12: dist=[21, 72, 79, 61, 87, 83, 66, 70, 63, 62, 74, 77, 86, 81, 82, 87, 39, 68, 59, 94, 102, 112, 97, 103, 93, 2, 107, 38, 81, 88, 113, 91]
    Layer 13: dist=[52, 68, 66, 62, 52, 51, 65, 40, 86, 63, 99, 122, 128, 115, 109, 124, 85, 72, 57, 61, 93, 55, 83, 90, 84, 59, 72, 76, 113, 111, 96, 99]
    Layer 14: dist=[44, 64, 65, 46, 62, 45, 64, 65, 54, 57, 70, 68, 69, 76, 65, 67, 77, 86, 51, 64, 65, 31, 51, 81, 52, 67, 73, 64, 85, 88, 8, 89]
    Layer 15: dist=[80, 44, 79, 38, 37, 38, 79, 67, 90, 60, 46, 104, 68, 107, 79, 89, 61, 57, 64, 68, 58, 60, 50, 51, 49, 34, 86, 62, 72, 84, 71, 49]
    Layer 16: dist=[61, 57, 74, 85, 55, 58, 48, 55, 54, 82, 73, 84, 90, 69, 86, 86, 68, 71, 60, 62, 115, 118, 110, 103, 71, 54, 64, 10, 58, 59, 65, 56]
    Layer 17: dist=[111, 95, 79, 67, 53, 57, 39, 47, 90, 108, 79, 100, 40, 57, 71, 74, 44, 61, 61, 42, 75, 98, 93, 97, 58, 55, 57, 52, 53, 79, 93, 67]
    Layer 18: dist=[34, 45, 35, 33, 56, 78, 74, 57, 64, 67, 66, 79, 61, 60, 57, 62, 46, 74, 72, 52, 68, 47, 65, 96, 58, 62, 61, 63, 52, 53, 79, 56]
    Layer 19: dist=[73, 64, 63, 62, 76, 103, 54, 71, 81, 85, 84, 93, 63, 57, 75, 63, 84, 85, 49, 49, 21, 50, 33, 49, 102, 106, 102, 116, 77, 77, 73, 72]
    Layer 20: dist=[89, 79, 80, 77, 78, 51, 49, 57, 40, 36, 43, 39, 92, 79, 87, 96, 45, 51, 56, 39, 73, 111, 101, 98, 125, 97, 105, 85, 93, 79, 108, 108]
    Layer 21: dist=[44, 50, 56, 68, 115, 65, 96, 118, 118, 61, 71, 69, 46, 41, 44, 42, 75, 75, 83, 65, 89, 99, 95, 96, 64, 62, 60, 80, 73, 79, 60, 88]
    Layer 22: dist=[73, 60, 67, 63, 52, 72, 45, 56, 37, 49, 45, 59, 18, 86, 61, 64, 33, 79, 76, 41, 102, 115, 120, 121, 101, 84, 91, 95, 114, 92, 103, 95]
    Layer 23: dist=[39, 30, 48, 39, 110, 111, 41, 102, 79, 36, 45, 63, 75, 72, 79, 77, 82, 75, 74, 94, 72, 93, 82, 76, 78, 72, 68, 100, 91, 90, 83, 78]
    Layer 25: dist=[105, 121, 118, 94, 71, 72, 107, 80, 96, 97, 85, 90, 65, 89, 50, 68, 93, 99, 97, 89, 102, 111, 105, 108, 110, 110, 99, 108, 88, 125, 98, 88]
    Layer 26: dist=[80, 88, 106, 68, 115, 113, 113, 110, 102, 107, 105, 98, 100, 124, 116, 116, 86, 93, 99, 95, 102, 113, 122, 114, 99, 97, 102, 93, 115, 96, 114, 95]
    Layer 27: dist=[87, 108, 103, 117, 98, 105, 101, 86, 77, 100, 107, 99, 78, 109, 80, 86, 96, 99, 99, 104, 91, 112, 113, 92, 110, 113, 116, 117, 107, 77, 92, 117]
    Layer 28: dist=[103, 92, 102, 102, 82, 63, 80, 76, 96, 107, 92, 89, 112, 105, 96, 101, 112, 104, 104, 108, 119, 71, 60, 89, 91, 88, 99, 99, 92, 92, 71, 95]
    Layer 29: dist=[113, 114, 114, 113, 90, 112, 94, 114, 119, 113, 122, 105, 120, 120, 119, 120, 116, 106, 115, 121, 123, 123, 107, 125, 100, 114, 97, 92, 106, 95, 106, 109]
    Layer 30: dist=[75, 102, 99, 100, 102, 100, 90, 67, 117, 117, 115, 120, 105, 104, 113, 101, 97, 78, 120, 122, 51, 120, 100, 110, 119, 119, 119, 118, 106, 110, 107, 102]
    Layer 31: dist=[119, 117, 99, 98, 112, 113, 114, 116, 114, 77, 87, 91, 117, 116, 117, 115, 101, 101, 106, 94, 119, 116, 108, 119, 112, 109, 89, 120, 112, 106, 102, 110]
    Layer 32: dist=[110, 114, 114, 111, 116, 119, 116, 117, 110, 111, 117, 115, 93, 113, 108, 91, 118, 106, 109, 111, 123, 92, 114, 120, 71, 95, 80, 105, 116, 107, 99, 103]
    Layer 33: dist=[102, 120, 112, 119, 91, 102, 57, 94, 116, 116, 113, 113, 114, 115, 113, 116, 114, 117, 106, 109, 112, 96, 110, 113, 111, 119, 122, 118, 110, 111, 107, 104]
    Layer 34: dist=[110, 109, 112, 113, 105, 111, 108, 102, 53, 93, 114, 86, 117, 115, 120, 81, 82, 89, 126, 55, 119, 51, 118, 119, 122, 122, 125, 122, 54, 62, 68, 109]
    Layer 35: dist=[105, 123, 71, 97, 82, 36, 112, 100, 85, 94, 112, 96, 63, 28, 49, 40, 98, 74, 84, 48, 90, 102, 55, 54, 66, 49, 68, 72, 73, 115, 122, 117]

  [Taylor Step 2/3] OLS sigma per head (scaling V, streaming)...
    Layer  0: sigma=[0.613, 0.100, 0.100, 0.100, 0.332, 0.381, 0.100, 0.100, 0.100, 0.147, 0.100, 0.100, 0.100, 0.100, 0.100, 0.259, 0.100, 0.100, 0.100, 0.100, 0.100, 0.100, 0.100, 0.100, 0.100, 0.100, 0.350, 0.100, 0.100, 0.100, 0.161, 0.100]
    Layer  1: sigma=[0.353, 0.100, 0.100, 0.100, 0.100, 0.100, 0.100, 0.100, 0.100, 0.164, 0.243, 0.100, 0.100, 0.100, 0.100, 0.100, 0.100, 0.100, 0.100, 0.100, 0.100, 0.100, 0.100, 0.118, 0.100, 0.100, 0.113, 0.100, 0.100, 0.100, 0.100, 0.100]
    Layer  2: sigma=[0.100, 0.100, 0.100, 0.100, 0.100, 0.100, 0.100, 0.100, 0.109, 0.101, 0.100, 0.100, 0.100, 0.144, 0.100, 0.100, 0.100, 0.223, 0.100, 0.100, 0.100, 0.100, 0.100, 0.100, 0.100, 0.170, 0.100, 0.100, 0.100, 0.100, 0.100, 0.100]
    Layer  3: sigma=[0.100, 0.324, 0.100, 0.156, 0.100, 0.100, 0.100, 0.100, 0.100, 0.100, 0.100, 0.100, 0.100, 0.100, 0.100, 0.100, 0.100, 0.100, 0.100, 0.100, 0.100, 0.108, 0.100, 0.100, 0.100, 0.100, 0.100, 0.100, 0.100, 0.100, 0.100, 0.100]
    Layer  4: sigma=[0.100, 0.100, 0.100, 0.100, 0.100, 0.100, 0.100, 0.100, 0.100, 0.100, 0.100, 0.100, 0.100, 0.100, 0.100, 0.100, 0.100, 0.100, 0.100, 0.100, 0.132, 0.138, 0.322, 0.100, 0.100, 0.100, 0.100, 0.100, 0.100, 0.100, 0.100, 0.100]
    Layer  5: sigma=[0.100, 0.100, 0.100, 0.100, 0.100, 0.100, 0.100, 0.100, 0.100, 0.135, 0.100, 0.108, 0.100, 0.100, 0.100, 0.122, 0.100, 0.183, 0.100, 0.100, 0.100, 0.100, 0.100, 0.100, 0.100, 0.100, 0.100, 0.100, 0.100, 0.100, 0.100, 0.100]
    Layer  6: sigma=[0.100, 0.100, 0.100, 0.100, 0.100, 0.100, 0.100, 0.100, 0.100, 0.100, 0.100, 0.100, 0.100, 0.100, 0.100, 0.100, 0.100, 0.100, 0.100, 0.100, 0.154, 0.100, 0.100, 0.100, 0.100, 0.100, 0.100, 0.100, 0.100, 0.100, 0.100, 0.100]
    Layer  7: sigma=[0.100, 0.154, 0.100, 0.100, 0.124, 0.100, 0.100, 0.100, 0.100, 0.100, 0.100, 0.100, 0.100, 0.100, 0.100, 0.100, 0.100, 0.100, 0.100, 0.100, 0.100, 0.100, 0.100, 0.100, 0.100, 0.100, 0.100, 0.100, 0.100, 0.100, 0.100, 0.100]
    Layer  8: sigma=[0.100, 0.100, 0.100, 0.100, 0.100, 0.100, 0.100, 0.100, 0.100, 0.100, 0.100, 0.100, 0.100, 0.100, 0.100, 0.100, 0.100, 0.100, 0.100, 0.100, 0.100, 0.100, 0.100, 0.100, 0.100, 0.100, 0.100, 0.170, 0.100, 0.100, 0.100, 0.100]
    Layer  9: sigma=[0.100, 0.100, 0.100, 0.100, 0.100, 0.100, 0.100, 0.100, 0.100, 0.100, 0.100, 0.100, 0.100, 0.100, 0.512, 0.137, 0.100, 0.100, 0.100, 0.100, 0.100, 0.100, 0.100, 0.100, 0.100, 0.100, 0.100, 0.100, 0.100, 0.100, 0.100, 0.100]
    Layer 10: sigma=[0.100, 0.100, 0.100, 0.100, 0.100, 0.100, 0.100, 0.100, 0.100, 0.100, 0.100, 0.100, 0.100, 0.100, 0.100, 0.100, 0.100, 0.100, 0.100, 0.100, 0.100, 0.100, 0.100, 0.100, 0.100, 0.100, 0.100, 0.100, 0.100, 0.100, 0.100, 0.100]
    Layer 11: sigma=[0.100, 0.100, 0.100, 0.100, 0.126, 0.100, 0.100, 0.100, 0.100, 0.108, 0.100, 0.100, 0.100, 0.100, 0.219, 0.100, 0.100, 0.100, 0.100, 0.100, 0.100, 0.100, 0.100, 0.100, 0.100, 0.100, 0.168, 0.100, 0.100, 0.100, 0.100, 0.100]
    Layer 12: sigma=[0.100, 0.100, 0.100, 0.100, 0.100, 0.100, 0.100, 0.100, 0.100, 0.105, 0.100, 0.107, 0.100, 0.100, 0.100, 0.100, 0.100, 0.324, 0.163, 0.100, 0.100, 0.100, 0.100, 0.100, 0.100, 0.100, 0.100, 0.202, 0.100, 0.100, 0.119, 0.100]
    Layer 13: sigma=[0.217, 0.100, 0.100, 0.346, 0.100, 0.100, 0.100, 0.100, 0.100, 0.100, 0.100, 0.100, 0.100, 0.100, 0.100, 0.100, 0.100, 0.100, 0.100, 0.108, 0.100, 0.100, 0.100, 0.100, 0.100, 0.100, 0.100, 0.100, 0.100, 0.100, 0.100, 0.100]
    Layer 14: sigma=[0.100, 0.100, 0.100, 0.100, 0.100, 0.386, 0.100, 0.100, 0.100, 0.100, 0.100, 0.100, 0.100, 0.100, 0.100, 0.100, 0.100, 0.100, 0.100, 0.100, 0.100, 0.100, 0.100, 0.100, 0.110, 0.118, 0.100, 0.100, 0.100, 0.100, 0.100, 0.100]
    Layer 15: sigma=[0.100, 0.200, 0.100, 0.100, 0.100, 0.106, 0.100, 0.100, 0.100, 0.100, 0.100, 0.100, 0.216, 0.100, 0.100, 0.100, 0.100, 0.100, 0.100, 0.100, 0.100, 0.100, 0.100, 0.100, 0.154, 0.100, 0.100, 0.100, 0.100, 0.100, 0.100, 0.100]
    Layer 16: sigma=[0.100, 0.100, 0.100, 0.100, 0.100, 0.100, 0.100, 0.100, 0.100, 0.100, 0.100, 0.100, 0.100, 0.100, 0.100, 0.100, 0.100, 0.100, 0.100, 0.100, 0.100, 0.100, 0.100, 0.100, 0.100, 0.100, 0.100, 0.473, 0.100, 0.100, 0.100, 0.100]
    Layer 17: sigma=[0.100, 0.100, 0.100, 0.100, 0.100, 0.155, 0.100, 0.100, 0.100, 0.100, 0.100, 0.100, 0.100, 0.100, 0.100, 0.100, 0.126, 0.110, 0.100, 0.369, 0.100, 0.100, 0.100, 0.100, 0.157, 0.100, 0.390, 0.100, 0.100, 0.100, 0.100, 0.100]
    Layer 18: sigma=[0.100, 0.520, 0.100, 0.100, 0.100, 0.100, 0.100, 0.188, 0.100, 0.100, 0.100, 0.100, 0.100, 0.100, 0.100, 0.100, 0.160, 0.100, 0.100, 0.100, 0.100, 0.100, 0.100, 0.100, 0.100, 0.100, 0.100, 0.100, 0.100, 0.100, 0.100, 0.100]
    Layer 19: sigma=[0.100, 0.100, 0.100, 0.100, 0.100, 0.100, 0.100, 0.100, 0.100, 0.100, 0.100, 0.100, 0.128, 0.100, 0.100, 0.194, 0.100, 0.100, 0.100, 0.242, 0.100, 0.100, 0.100, 0.108, 0.100, 0.100, 0.100, 0.100, 0.100, 0.100, 0.100, 0.100]
    Layer 20: sigma=[0.100, 0.100, 0.100, 0.100, 0.100, 0.216, 0.100, 0.100, 0.161, 0.115, 0.100, 0.100, 0.100, 0.100, 0.100, 0.122, 0.100, 0.118, 0.100, 0.100, 0.100, 0.100, 0.100, 0.100, 0.100, 0.100, 0.100, 0.100, 0.100, 0.100, 0.100, 0.100]
    Layer 21: sigma=[0.100, 0.132, 0.100, 0.100, 0.100, 0.100, 0.100, 0.100, 0.100, 0.147, 0.100, 0.262, 0.100, 0.100, 0.128, 0.100, 0.100, 0.100, 0.100, 0.100, 0.100, 0.100, 0.100, 0.100, 0.155, 0.100, 0.100, 0.100, 0.100, 0.100, 0.235, 0.100]
    Layer 22: sigma=[0.141, 0.100, 0.100, 0.100, 0.145, 0.113, 0.100, 0.255, 0.111, 0.100, 0.100, 0.100, 0.100, 0.100, 0.100, 0.104, 0.100, 0.100, 0.100, 0.100, 0.100, 0.100, 0.100, 0.100, 0.100, 0.100, 0.100, 0.100, 0.100, 0.100, 0.100, 0.100]
    Layer 23: sigma=[0.186, 0.268, 0.236, 0.100, 0.100, 0.100, 0.123, 0.100, 0.100, 0.221, 0.100, 0.100, 0.100, 0.100, 0.100, 0.100, 0.100, 0.100, 0.100, 0.100, 0.100, 0.100, 0.100, 0.100, 0.100, 0.100, 0.100, 0.100, 0.100, 0.100, 0.138, 0.262]
    Layer 25: sigma=[0.100, 0.100, 0.100, 0.100, 0.116, 0.100, 0.100, 0.100, 0.100, 0.100, 0.100, 0.100, 0.100, 0.100, 0.134, 0.100, 0.100, 0.100, 0.100, 0.100, 0.100, 0.100, 0.100, 0.100, 0.100, 0.100, 0.100, 0.100, 0.100, 0.100, 0.100, 0.100]
    Layer 26: sigma=[0.111, 0.100, 0.100, 0.100, 0.100, 0.100, 0.100, 0.100, 0.100, 0.100, 0.100, 0.100, 0.100, 0.100, 0.100, 0.100, 0.100, 0.100, 0.100, 0.100, 0.100, 0.100, 0.100, 0.100, 0.100, 0.100, 0.100, 0.100, 0.100, 0.100, 0.100, 0.100]
    Layer 27: sigma=[0.100, 0.100, 0.100, 0.100, 0.100, 0.100, 0.100, 0.100, 0.100, 0.100, 0.100, 0.100, 0.100, 0.100, 0.100, 0.100, 0.100, 0.100, 0.100, 0.100, 0.100, 0.100, 0.100, 0.100, 0.100, 0.100, 0.100, 0.100, 0.100, 0.100, 0.100, 0.100]
    Layer 28: sigma=[0.100, 0.100, 0.100, 0.100, 0.100, 0.136, 0.100, 0.100, 0.100, 0.100, 0.100, 0.100, 0.100, 0.100, 0.100, 0.100, 0.100, 0.100, 0.100, 0.100, 0.100, 0.100, 0.100, 0.100, 0.100, 0.100, 0.100, 0.100, 0.100, 0.100, 0.100, 0.100]
    Layer 29: sigma=[0.100, 0.100, 0.100, 0.100, 0.100, 0.100, 0.100, 0.100, 0.100, 0.100, 0.100, 0.100, 0.100, 0.100, 0.100, 0.100, 0.100, 0.100, 0.100, 0.100, 0.100, 0.100, 0.100, 0.100, 0.100, 0.100, 0.100, 0.100, 0.100, 0.100, 0.100, 0.100]
    Layer 30: sigma=[0.100, 0.100, 0.100, 0.100, 0.100, 0.100, 0.100, 0.100, 0.100, 0.100, 0.100, 0.100, 0.100, 0.100, 0.100, 0.100, 0.100, 0.100, 0.100, 0.100, 0.100, 0.100, 0.100, 0.100, 0.100, 0.100, 0.100, 0.100, 0.100, 0.100, 0.100, 0.100]
    Layer 31: sigma=[0.100, 0.100, 0.100, 0.100, 0.100, 0.100, 0.100, 0.100, 0.100, 0.100, 0.100, 0.100, 0.100, 0.100, 0.100, 0.100, 0.100, 0.100, 0.100, 0.100, 0.100, 0.100, 0.100, 0.100, 0.100, 0.100, 0.100, 0.100, 0.100, 0.100, 0.100, 0.100]
    Layer 32: sigma=[0.100, 0.100, 0.100, 0.100, 0.100, 0.100, 0.100, 0.100, 0.100, 0.100, 0.100, 0.100, 0.100, 0.100, 0.100, 0.100, 0.100, 0.100, 0.100, 0.100, 0.100, 0.100, 0.100, 0.100, 0.100, 0.100, 0.100, 0.100, 0.100, 0.100, 0.100, 0.100]
    Layer 33: sigma=[0.100, 0.100, 0.100, 0.100, 0.100, 0.100, 0.100, 0.100, 0.100, 0.100, 0.100, 0.100, 0.100, 0.100, 0.100, 0.100, 0.100, 0.100, 0.100, 0.100, 0.100, 0.100, 0.100, 0.100, 0.100, 0.100, 0.100, 0.100, 0.100, 0.100, 0.100, 0.100]
    Layer 34: sigma=[0.100, 0.100, 0.100, 0.100, 0.100, 0.100, 0.100, 0.100, 0.100, 0.100, 0.100, 0.101, 0.100, 0.100, 0.100, 0.100, 0.100, 0.100, 0.100, 0.100, 0.100, 0.100, 0.100, 0.100, 0.100, 0.100, 0.100, 0.100, 0.100, 0.100, 0.100, 0.100]
    Layer 35: sigma=[0.100, 0.100, 0.100, 0.100, 0.100, 0.100, 0.100, 0.100, 0.100, 0.100, 0.100, 0.100, 0.100, 0.100, 0.100, 0.100, 0.100, 0.100, 0.100, 0.100, 0.100, 0.100, 0.122, 0.100, 0.100, 0.100, 0.100, 0.100, 0.100, 0.100, 0.100, 0.100]

  [Taylor Step 3/3] g_proj = v_proj * alpha (damping=0.01)...
    Layer  0: alpha=0.060541  teacher_rms=0.0163  v_rms=0.0027
    Layer  1: alpha=0.060853  teacher_rms=0.0205  v_rms=0.0034
    Layer  2: alpha=0.057010  teacher_rms=0.0214  v_rms=0.0038
    Layer  3: alpha=0.048702  teacher_rms=0.0259  v_rms=0.0053
    Layer  4: alpha=0.047243  teacher_rms=0.0304  v_rms=0.0064
    Layer  5: alpha=0.061784  teacher_rms=0.0409  v_rms=0.0066
    Layer  6: alpha=0.078408  teacher_rms=0.0621  v_rms=0.0079
    Layer  7: alpha=0.045822  teacher_rms=0.0530  v_rms=0.0116
    Layer  8: alpha=0.047602  teacher_rms=0.0708  v_rms=0.0149
    Layer  9: alpha=0.036934  teacher_rms=0.0713  v_rms=0.0193
    Layer 10: alpha=0.051225  teacher_rms=0.1092  v_rms=0.0213
    Layer 11: alpha=0.063959  teacher_rms=0.1046  v_rms=0.0163
    Layer 12: alpha=0.060218  teacher_rms=0.1207  v_rms=0.0200
    Layer 13: alpha=0.052743  teacher_rms=0.1040  v_rms=0.0197
    Layer 14: alpha=0.065046  teacher_rms=0.1547  v_rms=0.0238
    Layer 15: alpha=0.057138  teacher_rms=0.1576  v_rms=0.0276
    Layer 16: alpha=0.040526  teacher_rms=0.1473  v_rms=0.0364
    Layer 17: alpha=0.044707  teacher_rms=0.1753  v_rms=0.0392
    Layer 18: alpha=0.042428  teacher_rms=0.1990  v_rms=0.0469
    Layer 19: alpha=0.056536  teacher_rms=0.2060  v_rms=0.0364
    Layer 20: alpha=0.055375  teacher_rms=0.1966  v_rms=0.0355
    Layer 21: alpha=0.052843  teacher_rms=0.2373  v_rms=0.0449
    Layer 22: alpha=0.056104  teacher_rms=0.2834  v_rms=0.0505
    Layer 23: alpha=0.050117  teacher_rms=0.3098  v_rms=0.0618
    Layer 25: alpha=0.039513  teacher_rms=0.2376  v_rms=0.0601
    Layer 26: alpha=0.029148  teacher_rms=0.2124  v_rms=0.0729
    Layer 27: alpha=0.037093  teacher_rms=0.3083  v_rms=0.0831
    Layer 28: alpha=0.042294  teacher_rms=0.3705  v_rms=0.0876
    Layer 29: alpha=0.017344  teacher_rms=0.2548  v_rms=0.1469
    Layer 30: alpha=0.029045  teacher_rms=0.4297  v_rms=0.1480
    Layer 31: alpha=0.021214  teacher_rms=0.3785  v_rms=0.1784
    Layer 32: alpha=0.023899  teacher_rms=0.5288  v_rms=0.2213
    Layer 33: alpha=0.018560  teacher_rms=0.6404  v_rms=0.3451
    Layer 34: alpha=0.033186  teacher_rms=1.0325  v_rms=0.3111
    Layer 35: alpha=0.059781  teacher_rms=1.0168  v_rms=0.1701

  Set g_proj = v_proj * alpha in 35 GDN layers (damping=0.01).
  Init (taylor_init) done in 343.6s
  Layer 24: PPL = 512126.06  (eval 19.7s)

============================================================
  Probing layer 25 | strategy=taylor_init
============================================================
Loading checkpoint shards:   0%|          | 0/4 [00:00<?, ?it/s]Loading checkpoint shards: 100%|██████████| 4/4 [00:00<00:00, 56.37it/s]
Could not cache non-existence of file. Will ignore error and continue. Error: [Errno 13] Permission denied: '/data/shared/huggingface/hub/models--Qwen--Qwen3-8B/.no_exist/b968826d9c46dd6066d109eabc6255188de91218/model.safetensors'
Loading checkpoint shards:   0%|          | 0/5 [00:00<?, ?it/s]Loading checkpoint shards: 100%|██████████| 5/5 [00:00<00:00, 183.33it/s]
Token indices sequence length is longer than the specified maximum sequence length for this model (2429029 > 131072). Running this sequence through the model will result in indexing errors
  [Taylor Step 1/3] Gate calibration from attention stats...
    Layer  0: dist=[32, 3, 12, 35, 12, 26, 9, 11, 19, 6, 8, 9, 18, 34, 31, 10, 16, 19, 16, 14, 13, 23, 4, 12, 5, 52, 10, 43, 15, 36, 15, 14]
    Layer  1: dist=[19, 38, 25, 44, 3, 15, 31, 11, 45, 36, 65, 60, 34, 47, 51, 38, 32, 54, 57, 33, 56, 24, 40, 40, 37, 9, 44, 41, 83, 31, 37, 49]
    Layer  2: dist=[65, 65, 67, 62, 26, 45, 33, 43, 39, 47, 56, 56, 53, 46, 46, 60, 61, 49, 54, 43, 49, 67, 48, 50, 25, 24, 21, 35, 73, 73, 77, 74]
    Layer  3: dist=[65, 26, 13, 22, 87, 93, 83, 73, 56, 53, 62, 58, 90, 73, 75, 74, 59, 62, 51, 67, 74, 60, 64, 65, 64, 56, 52, 59, 70, 63, 72, 65]
    Layer  4: dist=[62, 63, 73, 67, 73, 56, 61, 89, 68, 69, 63, 60, 55, 55, 71, 61, 62, 65, 67, 70, 64, 61, 47, 64, 41, 51, 48, 34, 51, 66, 55, 55]
    Layer  5: dist=[36, 48, 55, 35, 61, 68, 52, 51, 5, 18, 73, 61, 54, 78, 59, 52, 41, 32, 50, 48, 51, 55, 48, 59, 73, 73, 80, 80, 43, 44, 46, 58]
    Layer  6: dist=[27, 40, 30, 31, 52, 46, 67, 61, 46, 25, 43, 38, 56, 64, 56, 30, 47, 34, 45, 40, 20, 30, 32, 14, 35, 50, 32, 49, 47, 43, 37, 53]
    Layer  7: dist=[55, 60, 64, 87, 126, 114, 127, 121, 88, 119, 99, 72, 108, 23, 53, 97, 80, 101, 85, 81, 106, 86, 112, 116, 64, 78, 47, 86, 97, 101, 101, 106]
    Layer  8: dist=[83, 87, 90, 58, 81, 77, 69, 78, 86, 99, 87, 90, 94, 86, 96, 70, 116, 107, 103, 96, 92, 106, 100, 111, 92, 72, 95, 67, 84, 72, 79, 74]
    Layer  9: dist=[76, 60, 61, 67, 83, 97, 96, 74, 123, 120, 118, 112, 27, 87, 63, 85, 93, 100, 114, 125, 87, 77, 60, 70, 119, 81, 91, 97, 125, 113, 127, 123]
    Layer 10: dist=[76, 71, 58, 74, 85, 102, 64, 74, 63, 88, 106, 49, 88, 67, 82, 86, 87, 102, 100, 107, 88, 60, 107, 90, 93, 107, 84, 77, 76, 65, 82, 90]
    Layer 11: dist=[78, 65, 79, 48, 53, 61, 78, 77, 102, 123, 109, 93, 82, 64, 65, 69, 69, 63, 61, 51, 77, 107, 89, 87, 67, 59, 56, 54, 95, 55, 55, 94]
    Layer 12: dist=[21, 72, 79, 61, 87, 83, 66, 70, 63, 62, 74, 77, 86, 81, 82, 87, 39, 68, 59, 94, 102, 112, 97, 103, 93, 2, 107, 38, 81, 88, 113, 91]
    Layer 13: dist=[52, 68, 66, 62, 52, 51, 65, 40, 86, 63, 99, 122, 128, 115, 109, 124, 85, 72, 57, 61, 93, 55, 83, 90, 84, 59, 72, 76, 113, 111, 96, 99]
    Layer 14: dist=[44, 64, 65, 46, 62, 45, 64, 65, 54, 57, 70, 68, 69, 76, 65, 67, 77, 86, 51, 64, 65, 31, 51, 81, 52, 67, 73, 64, 85, 88, 8, 89]
    Layer 15: dist=[80, 44, 79, 38, 37, 38, 79, 67, 90, 60, 46, 104, 68, 107, 79, 89, 61, 57, 64, 68, 58, 60, 50, 51, 49, 34, 86, 62, 72, 84, 71, 49]
    Layer 16: dist=[61, 57, 74, 85, 55, 58, 48, 55, 54, 82, 73, 84, 90, 69, 86, 86, 68, 71, 60, 62, 115, 118, 110, 103, 71, 54, 64, 10, 58, 59, 65, 56]
    Layer 17: dist=[111, 95, 79, 67, 53, 57, 39, 47, 90, 108, 79, 100, 40, 57, 71, 74, 44, 61, 61, 42, 75, 98, 93, 97, 58, 55, 57, 52, 53, 79, 93, 67]
    Layer 18: dist=[34, 45, 35, 33, 56, 78, 74, 57, 64, 67, 66, 79, 61, 60, 57, 62, 46, 74, 72, 52, 68, 47, 65, 96, 58, 62, 61, 63, 52, 53, 79, 56]
    Layer 19: dist=[73, 64, 63, 62, 76, 103, 54, 71, 81, 85, 84, 93, 63, 57, 75, 63, 84, 85, 49, 49, 21, 50, 33, 49, 102, 106, 102, 116, 77, 77, 73, 72]
    Layer 20: dist=[89, 79, 80, 77, 78, 51, 49, 57, 40, 36, 43, 39, 92, 79, 87, 96, 45, 51, 56, 39, 73, 111, 101, 98, 125, 97, 105, 85, 93, 79, 108, 108]
    Layer 21: dist=[44, 50, 56, 68, 115, 65, 96, 118, 118, 61, 71, 69, 46, 41, 44, 42, 75, 75, 83, 65, 89, 99, 95, 96, 64, 62, 60, 80, 73, 79, 60, 88]
    Layer 22: dist=[73, 60, 67, 63, 52, 72, 45, 56, 37, 49, 45, 59, 18, 86, 61, 64, 33, 79, 76, 41, 102, 115, 120, 121, 101, 84, 91, 95, 114, 92, 103, 95]
    Layer 23: dist=[39, 30, 48, 39, 110, 111, 41, 102, 79, 36, 45, 63, 75, 72, 79, 77, 82, 75, 74, 94, 72, 93, 82, 76, 78, 72, 68, 100, 91, 90, 83, 78]
    Layer 24: dist=[79, 124, 109, 101, 99, 109, 111, 97, 102, 105, 104, 84, 78, 75, 89, 74, 81, 86, 98, 88, 120, 103, 102, 117, 65, 73, 79, 51, 95, 111, 98, 88]
    Layer 26: dist=[80, 88, 106, 68, 115, 113, 113, 110, 102, 107, 105, 98, 100, 124, 116, 116, 86, 93, 99, 95, 102, 113, 122, 114, 99, 97, 102, 93, 115, 96, 114, 95]
    Layer 27: dist=[87, 108, 103, 117, 98, 105, 101, 86, 77, 100, 107, 99, 78, 109, 80, 86, 96, 99, 99, 104, 91, 112, 113, 92, 110, 113, 116, 117, 107, 77, 92, 117]
    Layer 28: dist=[103, 92, 102, 102, 82, 63, 80, 76, 96, 107, 92, 89, 112, 105, 96, 101, 112, 104, 104, 108, 119, 71, 60, 89, 91, 88, 99, 99, 92, 92, 71, 95]
    Layer 29: dist=[113, 114, 114, 113, 90, 112, 94, 114, 119, 113, 122, 105, 120, 120, 119, 120, 116, 106, 115, 121, 123, 123, 107, 125, 100, 114, 97, 92, 106, 95, 106, 109]
    Layer 30: dist=[75, 102, 99, 100, 102, 100, 90, 67, 117, 117, 115, 120, 105, 104, 113, 101, 97, 78, 120, 122, 51, 120, 100, 110, 119, 119, 119, 118, 106, 110, 107, 102]
    Layer 31: dist=[119, 117, 99, 98, 112, 113, 114, 116, 114, 77, 87, 91, 117, 116, 117, 115, 101, 101, 106, 94, 119, 116, 108, 119, 112, 109, 89, 120, 112, 106, 102, 110]
    Layer 32: dist=[110, 114, 114, 111, 116, 119, 116, 117, 110, 111, 117, 115, 93, 113, 108, 91, 118, 106, 109, 111, 123, 92, 114, 120, 71, 95, 80, 105, 116, 107, 99, 103]
    Layer 33: dist=[102, 120, 112, 119, 91, 102, 57, 94, 116, 116, 113, 113, 114, 115, 113, 116, 114, 117, 106, 109, 112, 96, 110, 113, 111, 119, 122, 118, 110, 111, 107, 104]
    Layer 34: dist=[110, 109, 112, 113, 105, 111, 108, 102, 53, 93, 114, 86, 117, 115, 120, 81, 82, 89, 126, 55, 119, 51, 118, 119, 122, 122, 125, 122, 54, 62, 68, 109]
    Layer 35: dist=[105, 123, 71, 97, 82, 36, 112, 100, 85, 94, 112, 96, 63, 28, 49, 40, 98, 74, 84, 48, 90, 102, 55, 54, 66, 49, 68, 72, 73, 115, 122, 117]

  [Taylor Step 2/3] OLS sigma per head (scaling V, streaming)...
    Layer  0: sigma=[0.613, 0.100, 0.100, 0.100, 0.332, 0.378, 0.100, 0.100, 0.100, 0.150, 0.100, 0.100, 0.100, 0.100, 0.100, 0.259, 0.100, 0.100, 0.100, 0.100, 0.100, 0.100, 0.100, 0.100, 0.100, 0.100, 0.350, 0.100, 0.100, 0.100, 0.161, 0.100]
    Layer  1: sigma=[0.351, 0.100, 0.100, 0.100, 0.100, 0.100, 0.100, 0.100, 0.100, 0.169, 0.246, 0.100, 0.100, 0.100, 0.100, 0.100, 0.100, 0.100, 0.100, 0.100, 0.100, 0.100, 0.100, 0.114, 0.100, 0.100, 0.113, 0.100, 0.100, 0.100, 0.100, 0.100]
    Layer  2: sigma=[0.100, 0.100, 0.100, 0.100, 0.100, 0.100, 0.100, 0.100, 0.109, 0.100, 0.100, 0.100, 0.100, 0.146, 0.100, 0.100, 0.100, 0.218, 0.100, 0.100, 0.100, 0.100, 0.100, 0.100, 0.100, 0.170, 0.100, 0.100, 0.100, 0.100, 0.100, 0.100]
    Layer  3: sigma=[0.100, 0.331, 0.100, 0.155, 0.100, 0.100, 0.100, 0.100, 0.100, 0.100, 0.100, 0.100, 0.100, 0.100, 0.100, 0.100, 0.100, 0.100, 0.100, 0.100, 0.100, 0.105, 0.100, 0.100, 0.100, 0.100, 0.100, 0.100, 0.100, 0.100, 0.100, 0.100]
    Layer  4: sigma=[0.100, 0.100, 0.100, 0.100, 0.100, 0.100, 0.100, 0.100, 0.100, 0.100, 0.100, 0.100, 0.100, 0.100, 0.100, 0.100, 0.100, 0.100, 0.100, 0.100, 0.133, 0.138, 0.316, 0.100, 0.100, 0.100, 0.100, 0.100, 0.100, 0.100, 0.100, 0.100]
    Layer  5: sigma=[0.100, 0.100, 0.100, 0.100, 0.100, 0.100, 0.100, 0.100, 0.100, 0.136, 0.100, 0.109, 0.100, 0.100, 0.100, 0.122, 0.100, 0.183, 0.100, 0.100, 0.100, 0.100, 0.100, 0.100, 0.100, 0.100, 0.100, 0.100, 0.100, 0.100, 0.100, 0.100]
    Layer  6: sigma=[0.100, 0.100, 0.100, 0.100, 0.100, 0.100, 0.100, 0.100, 0.100, 0.100, 0.100, 0.100, 0.100, 0.100, 0.100, 0.100, 0.100, 0.100, 0.100, 0.100, 0.154, 0.100, 0.100, 0.100, 0.100, 0.100, 0.100, 0.100, 0.100, 0.100, 0.100, 0.100]
    Layer  7: sigma=[0.100, 0.157, 0.100, 0.100, 0.108, 0.100, 0.100, 0.100, 0.100, 0.100, 0.100, 0.100, 0.100, 0.100, 0.100, 0.100, 0.100, 0.100, 0.100, 0.100, 0.100, 0.100, 0.100, 0.100, 0.100, 0.100, 0.100, 0.100, 0.100, 0.100, 0.100, 0.100]
    Layer  8: sigma=[0.100, 0.100, 0.100, 0.100, 0.100, 0.100, 0.100, 0.100, 0.100, 0.100, 0.100, 0.100, 0.100, 0.100, 0.100, 0.100, 0.100, 0.100, 0.100, 0.100, 0.100, 0.100, 0.100, 0.100, 0.100, 0.100, 0.100, 0.186, 0.100, 0.100, 0.100, 0.100]
    Layer  9: sigma=[0.100, 0.100, 0.100, 0.100, 0.100, 0.100, 0.100, 0.100, 0.100, 0.100, 0.100, 0.100, 0.100, 0.100, 0.544, 0.133, 0.100, 0.100, 0.100, 0.100, 0.100, 0.100, 0.100, 0.100, 0.100, 0.100, 0.100, 0.100, 0.100, 0.100, 0.100, 0.100]
    Layer 10: sigma=[0.100, 0.100, 0.100, 0.100, 0.100, 0.100, 0.100, 0.100, 0.100, 0.100, 0.100, 0.100, 0.100, 0.100, 0.100, 0.100, 0.100, 0.100, 0.100, 0.100, 0.100, 0.100, 0.100, 0.100, 0.100, 0.100, 0.100, 0.100, 0.100, 0.100, 0.100, 0.100]
    Layer 11: sigma=[0.100, 0.100, 0.100, 0.100, 0.144, 0.100, 0.100, 0.100, 0.100, 0.103, 0.100, 0.100, 0.100, 0.100, 0.237, 0.100, 0.100, 0.100, 0.100, 0.100, 0.100, 0.100, 0.100, 0.100, 0.100, 0.100, 0.169, 0.100, 0.100, 0.100, 0.100, 0.100]
    Layer 12: sigma=[0.100, 0.100, 0.100, 0.100, 0.100, 0.100, 0.100, 0.100, 0.100, 0.106, 0.100, 0.107, 0.100, 0.100, 0.100, 0.100, 0.100, 0.288, 0.159, 0.100, 0.100, 0.100, 0.100, 0.100, 0.100, 0.100, 0.100, 0.215, 0.100, 0.100, 0.121, 0.100]
    Layer 13: sigma=[0.223, 0.100, 0.100, 0.350, 0.100, 0.100, 0.100, 0.100, 0.100, 0.100, 0.100, 0.100, 0.100, 0.100, 0.100, 0.100, 0.100, 0.100, 0.100, 0.106, 0.100, 0.100, 0.100, 0.100, 0.100, 0.100, 0.100, 0.100, 0.100, 0.100, 0.100, 0.100]
    Layer 14: sigma=[0.100, 0.100, 0.100, 0.100, 0.100, 0.419, 0.100, 0.100, 0.100, 0.100, 0.100, 0.100, 0.100, 0.100, 0.100, 0.100, 0.100, 0.100, 0.100, 0.100, 0.100, 0.100, 0.100, 0.100, 0.114, 0.107, 0.100, 0.100, 0.100, 0.100, 0.100, 0.100]
    Layer 15: sigma=[0.100, 0.201, 0.100, 0.100, 0.100, 0.104, 0.100, 0.100, 0.100, 0.100, 0.100, 0.100, 0.220, 0.100, 0.100, 0.100, 0.100, 0.100, 0.100, 0.100, 0.100, 0.100, 0.100, 0.100, 0.148, 0.100, 0.100, 0.100, 0.100, 0.100, 0.100, 0.100]
    Layer 16: sigma=[0.100, 0.100, 0.100, 0.100, 0.100, 0.100, 0.100, 0.100, 0.100, 0.100, 0.101, 0.100, 0.100, 0.100, 0.100, 0.100, 0.100, 0.100, 0.100, 0.100, 0.100, 0.100, 0.100, 0.100, 0.100, 0.100, 0.100, 0.428, 0.100, 0.100, 0.100, 0.100]
    Layer 17: sigma=[0.100, 0.100, 0.100, 0.100, 0.100, 0.128, 0.100, 0.100, 0.100, 0.100, 0.100, 0.100, 0.100, 0.100, 0.100, 0.100, 0.144, 0.100, 0.100, 0.397, 0.100, 0.100, 0.100, 0.100, 0.150, 0.100, 0.419, 0.100, 0.100, 0.100, 0.100, 0.100]
    Layer 18: sigma=[0.100, 0.425, 0.100, 0.100, 0.100, 0.100, 0.100, 0.196, 0.100, 0.100, 0.100, 0.100, 0.100, 0.100, 0.100, 0.100, 0.180, 0.100, 0.100, 0.100, 0.100, 0.100, 0.100, 0.100, 0.100, 0.100, 0.100, 0.100, 0.100, 0.100, 0.100, 0.100]
    Layer 19: sigma=[0.100, 0.100, 0.100, 0.100, 0.100, 0.100, 0.100, 0.100, 0.100, 0.100, 0.100, 0.100, 0.126, 0.100, 0.100, 0.178, 0.100, 0.100, 0.100, 0.311, 0.100, 0.100, 0.100, 0.116, 0.100, 0.100, 0.100, 0.100, 0.100, 0.100, 0.100, 0.100]
    Layer 20: sigma=[0.100, 0.100, 0.100, 0.100, 0.100, 0.183, 0.100, 0.100, 0.152, 0.117, 0.100, 0.100, 0.100, 0.100, 0.100, 0.118, 0.100, 0.113, 0.100, 0.100, 0.100, 0.100, 0.100, 0.100, 0.100, 0.100, 0.100, 0.100, 0.100, 0.100, 0.100, 0.100]
    Layer 21: sigma=[0.100, 0.113, 0.100, 0.100, 0.100, 0.100, 0.100, 0.100, 0.100, 0.167, 0.100, 0.317, 0.100, 0.100, 0.120, 0.100, 0.100, 0.100, 0.100, 0.100, 0.100, 0.101, 0.100, 0.100, 0.158, 0.100, 0.100, 0.100, 0.100, 0.100, 0.224, 0.100]
    Layer 22: sigma=[0.169, 0.100, 0.100, 0.100, 0.147, 0.110, 0.100, 0.182, 0.101, 0.100, 0.100, 0.100, 0.100, 0.100, 0.100, 0.100, 0.100, 0.100, 0.100, 0.100, 0.100, 0.100, 0.100, 0.100, 0.100, 0.100, 0.100, 0.100, 0.100, 0.100, 0.100, 0.100]
    Layer 23: sigma=[0.183, 0.240, 0.152, 0.100, 0.100, 0.100, 0.135, 0.100, 0.100, 0.270, 0.100, 0.100, 0.100, 0.100, 0.100, 0.100, 0.100, 0.100, 0.100, 0.100, 0.100, 0.100, 0.100, 0.100, 0.100, 0.100, 0.100, 0.100, 0.100, 0.105, 0.152, 0.265]
    Layer 24: sigma=[0.100, 0.100, 0.100, 0.100, 0.100, 0.100, 0.100, 0.100, 0.100, 0.100, 0.100, 0.100, 0.100, 0.100, 0.100, 0.111, 0.100, 0.100, 0.100, 0.100, 0.100, 0.100, 0.100, 0.100, 0.240, 0.350, 0.100, 0.387, 0.100, 0.100, 0.100, 0.100]
    Layer 26: sigma=[0.101, 0.100, 0.100, 0.100, 0.100, 0.100, 0.100, 0.100, 0.100, 0.100, 0.100, 0.100, 0.100, 0.100, 0.100, 0.100, 0.100, 0.100, 0.100, 0.100, 0.100, 0.100, 0.100, 0.100, 0.100, 0.100, 0.100, 0.100, 0.100, 0.100, 0.100, 0.100]
    Layer 27: sigma=[0.100, 0.100, 0.100, 0.100, 0.100, 0.100, 0.100, 0.100, 0.100, 0.100, 0.100, 0.100, 0.100, 0.100, 0.100, 0.100, 0.100, 0.100, 0.100, 0.100, 0.100, 0.100, 0.100, 0.100, 0.100, 0.100, 0.100, 0.100, 0.100, 0.100, 0.100, 0.100]
    Layer 28: sigma=[0.100, 0.100, 0.100, 0.100, 0.100, 0.118, 0.100, 0.165, 0.100, 0.100, 0.100, 0.100, 0.100, 0.100, 0.100, 0.100, 0.100, 0.100, 0.100, 0.100, 0.100, 0.100, 0.100, 0.100, 0.100, 0.100, 0.100, 0.100, 0.100, 0.100, 0.100, 0.100]
    Layer 29: sigma=[0.100, 0.100, 0.100, 0.100, 0.100, 0.100, 0.100, 0.100, 0.100, 0.100, 0.100, 0.100, 0.100, 0.100, 0.100, 0.100, 0.100, 0.100, 0.100, 0.100, 0.100, 0.100, 0.100, 0.100, 0.100, 0.100, 0.100, 0.100, 0.100, 0.100, 0.100, 0.100]
    Layer 30: sigma=[0.100, 0.100, 0.100, 0.100, 0.100, 0.100, 0.100, 0.100, 0.100, 0.100, 0.100, 0.100, 0.100, 0.100, 0.100, 0.100, 0.100, 0.100, 0.100, 0.100, 0.100, 0.100, 0.100, 0.100, 0.100, 0.100, 0.100, 0.100, 0.100, 0.100, 0.100, 0.100]
    Layer 31: sigma=[0.100, 0.100, 0.100, 0.100, 0.100, 0.100, 0.100, 0.100, 0.100, 0.100, 0.100, 0.100, 0.100, 0.100, 0.100, 0.100, 0.100, 0.100, 0.100, 0.109, 0.100, 0.100, 0.100, 0.100, 0.100, 0.100, 0.100, 0.100, 0.100, 0.100, 0.100, 0.100]
    Layer 32: sigma=[0.100, 0.100, 0.100, 0.100, 0.100, 0.100, 0.100, 0.100, 0.100, 0.100, 0.100, 0.100, 0.100, 0.100, 0.100, 0.100, 0.100, 0.100, 0.100, 0.100, 0.100, 0.100, 0.100, 0.100, 0.100, 0.100, 0.100, 0.100, 0.100, 0.100, 0.100, 0.100]
    Layer 33: sigma=[0.100, 0.100, 0.100, 0.100, 0.100, 0.100, 0.100, 0.100, 0.100, 0.100, 0.100, 0.100, 0.100, 0.100, 0.100, 0.100, 0.100, 0.100, 0.100, 0.100, 0.100, 0.100, 0.100, 0.100, 0.100, 0.100, 0.100, 0.100, 0.100, 0.100, 0.100, 0.100]
    Layer 34: sigma=[0.100, 0.100, 0.100, 0.100, 0.100, 0.100, 0.100, 0.100, 0.100, 0.100, 0.100, 0.100, 0.100, 0.100, 0.100, 0.100, 0.100, 0.100, 0.100, 0.100, 0.100, 0.100, 0.100, 0.100, 0.100, 0.100, 0.100, 0.100, 0.100, 0.100, 0.100, 0.100]
    Layer 35: sigma=[0.100, 0.100, 0.100, 0.100, 0.100, 0.100, 0.100, 0.100, 0.100, 0.100, 0.100, 0.100, 0.100, 0.100, 0.100, 0.100, 0.100, 0.100, 0.100, 0.100, 0.100, 0.100, 0.125, 0.100, 0.100, 0.100, 0.100, 0.100, 0.100, 0.100, 0.100, 0.100]

  [Taylor Step 3/3] g_proj = v_proj * alpha (damping=0.01)...
    Layer  0: alpha=0.060513  teacher_rms=0.0163  v_rms=0.0027
    Layer  1: alpha=0.060824  teacher_rms=0.0205  v_rms=0.0034
    Layer  2: alpha=0.057075  teacher_rms=0.0214  v_rms=0.0038
    Layer  3: alpha=0.048522  teacher_rms=0.0259  v_rms=0.0053
    Layer  4: alpha=0.047407  teacher_rms=0.0304  v_rms=0.0064
    Layer  5: alpha=0.061765  teacher_rms=0.0409  v_rms=0.0066
    Layer  6: alpha=0.078401  teacher_rms=0.0621  v_rms=0.0079
    Layer  7: alpha=0.046033  teacher_rms=0.0530  v_rms=0.0115
    Layer  8: alpha=0.047200  teacher_rms=0.0708  v_rms=0.0150
    Layer  9: alpha=0.036018  teacher_rms=0.0713  v_rms=0.0198
    Layer 10: alpha=0.051225  teacher_rms=0.1092  v_rms=0.0213
    Layer 11: alpha=0.062947  teacher_rms=0.1046  v_rms=0.0166
    Layer 12: alpha=0.061382  teacher_rms=0.1207  v_rms=0.0197
    Layer 13: alpha=0.052518  teacher_rms=0.1040  v_rms=0.0198
    Layer 14: alpha=0.063579  teacher_rms=0.1547  v_rms=0.0243
    Layer 15: alpha=0.057135  teacher_rms=0.1576  v_rms=0.0276
    Layer 16: alpha=0.041817  teacher_rms=0.1473  v_rms=0.0352
    Layer 17: alpha=0.043748  teacher_rms=0.1753  v_rms=0.0401
    Layer 18: alpha=0.046878  teacher_rms=0.1990  v_rms=0.0425
    Layer 19: alpha=0.054816  teacher_rms=0.2060  v_rms=0.0376
    Layer 20: alpha=0.057081  teacher_rms=0.1966  v_rms=0.0344
    Layer 21: alpha=0.051092  teacher_rms=0.2373  v_rms=0.0464
    Layer 22: alpha=0.057587  teacher_rms=0.2834  v_rms=0.0492
    Layer 23: alpha=0.050663  teacher_rms=0.3098  v_rms=0.0612
    Layer 24: alpha=0.033471  teacher_rms=0.2897  v_rms=0.0865
    Layer 26: alpha=0.029246  teacher_rms=0.2124  v_rms=0.0726
    Layer 27: alpha=0.037093  teacher_rms=0.3083  v_rms=0.0831
    Layer 28: alpha=0.041682  teacher_rms=0.3705  v_rms=0.0889
    Layer 29: alpha=0.017344  teacher_rms=0.2548  v_rms=0.1469
    Layer 30: alpha=0.029045  teacher_rms=0.4297  v_rms=0.1480
    Layer 31: alpha=0.021185  teacher_rms=0.3785  v_rms=0.1786
    Layer 32: alpha=0.023899  teacher_rms=0.5288  v_rms=0.2213
    Layer 33: alpha=0.018560  teacher_rms=0.6404  v_rms=0.3451
    Layer 34: alpha=0.033190  teacher_rms=1.0325  v_rms=0.3111
    Layer 35: alpha=0.059719  teacher_rms=1.0168  v_rms=0.1703

  Set g_proj = v_proj * alpha in 35 GDN layers (damping=0.01).
  Init (taylor_init) done in 395.2s
  Layer 25: PPL = 2241365.50  (eval 13.5s)

============================================================
  Probing layer 26 | strategy=taylor_init
============================================================
Loading checkpoint shards:   0%|          | 0/4 [00:00<?, ?it/s]Loading checkpoint shards: 100%|██████████| 4/4 [00:00<00:00, 144.37it/s]
Could not cache non-existence of file. Will ignore error and continue. Error: [Errno 13] Permission denied: '/data/shared/huggingface/hub/models--Qwen--Qwen3-8B/.no_exist/b968826d9c46dd6066d109eabc6255188de91218/model.safetensors'
Loading checkpoint shards:   0%|          | 0/5 [00:00<?, ?it/s]Loading checkpoint shards: 100%|██████████| 5/5 [00:00<00:00, 161.99it/s]
Token indices sequence length is longer than the specified maximum sequence length for this model (2429029 > 131072). Running this sequence through the model will result in indexing errors
  [Taylor Step 1/3] Gate calibration from attention stats...
    Layer  0: dist=[32, 3, 12, 35, 12, 26, 9, 11, 19, 6, 8, 9, 18, 34, 31, 10, 16, 19, 16, 14, 13, 23, 4, 12, 5, 52, 10, 43, 15, 36, 15, 14]
    Layer  1: dist=[19, 38, 25, 44, 3, 15, 31, 11, 45, 36, 65, 60, 34, 47, 51, 38, 32, 54, 57, 33, 56, 24, 40, 40, 37, 9, 44, 41, 83, 31, 37, 49]
    Layer  2: dist=[65, 65, 67, 62, 26, 45, 33, 43, 39, 47, 56, 56, 53, 46, 46, 60, 61, 49, 54, 43, 49, 67, 48, 50, 25, 24, 21, 35, 73, 73, 77, 74]
    Layer  3: dist=[65, 26, 13, 22, 87, 93, 83, 73, 56, 53, 62, 58, 90, 73, 75, 74, 59, 62, 51, 67, 74, 60, 64, 65, 64, 56, 52, 59, 70, 63, 72, 65]
    Layer  4: dist=[62, 63, 73, 67, 73, 56, 61, 89, 68, 69, 63, 60, 55, 55, 71, 61, 62, 65, 67, 70, 64, 61, 47, 64, 41, 51, 48, 34, 51, 66, 55, 55]
    Layer  5: dist=[36, 48, 55, 35, 61, 68, 52, 51, 5, 18, 73, 61, 54, 78, 59, 52, 41, 32, 50, 48, 51, 55, 48, 59, 73, 73, 80, 80, 43, 44, 46, 58]
    Layer  6: dist=[27, 40, 30, 31, 52, 46, 67, 61, 46, 25, 43, 38, 56, 64, 56, 30, 47, 34, 45, 40, 20, 30, 32, 14, 35, 50, 32, 49, 47, 43, 37, 53]
    Layer  7: dist=[55, 60, 64, 87, 126, 114, 127, 121, 88, 119, 99, 72, 108, 23, 53, 97, 80, 101, 85, 81, 106, 86, 112, 116, 64, 78, 47, 86, 97, 101, 101, 106]
    Layer  8: dist=[83, 87, 90, 58, 81, 77, 69, 78, 86, 99, 87, 90, 94, 86, 96, 70, 116, 107, 103, 96, 92, 106, 100, 111, 92, 72, 95, 67, 84, 72, 79, 74]
    Layer  9: dist=[76, 60, 61, 67, 83, 97, 96, 74, 123, 120, 118, 112, 27, 87, 63, 85, 93, 100, 114, 125, 87, 77, 60, 70, 119, 81, 91, 97, 125, 113, 127, 123]
    Layer 10: dist=[76, 71, 58, 74, 85, 102, 64, 74, 63, 88, 106, 49, 88, 67, 82, 86, 87, 102, 100, 107, 88, 60, 107, 90, 93, 107, 84, 77, 76, 65, 82, 90]
    Layer 11: dist=[78, 65, 79, 48, 53, 61, 78, 77, 102, 123, 109, 93, 82, 64, 65, 69, 69, 63, 61, 51, 77, 107, 89, 87, 67, 59, 56, 54, 95, 55, 55, 94]
    Layer 12: dist=[21, 72, 79, 61, 87, 83, 66, 70, 63, 62, 74, 77, 86, 81, 82, 87, 39, 68, 59, 94, 102, 112, 97, 103, 93, 2, 107, 38, 81, 88, 113, 91]
    Layer 13: dist=[52, 68, 66, 62, 52, 51, 65, 40, 86, 63, 99, 122, 128, 115, 109, 124, 85, 72, 57, 61, 93, 55, 83, 90, 84, 59, 72, 76, 113, 111, 96, 99]
    Layer 14: dist=[44, 64, 65, 46, 62, 45, 64, 65, 54, 57, 70, 68, 69, 76, 65, 67, 77, 86, 51, 64, 65, 31, 51, 81, 52, 67, 73, 64, 85, 88, 8, 89]
    Layer 15: dist=[80, 44, 79, 38, 37, 38, 79, 67, 90, 60, 46, 104, 68, 107, 79, 89, 61, 57, 64, 68, 58, 60, 50, 51, 49, 34, 86, 62, 72, 84, 71, 49]
    Layer 16: dist=[61, 57, 74, 85, 55, 58, 48, 55, 54, 82, 73, 84, 90, 69, 86, 86, 68, 71, 60, 62, 115, 118, 110, 103, 71, 54, 64, 10, 58, 59, 65, 56]
    Layer 17: dist=[111, 95, 79, 67, 53, 57, 39, 47, 90, 108, 79, 100, 40, 57, 71, 74, 44, 61, 61, 42, 75, 98, 93, 97, 58, 55, 57, 52, 53, 79, 93, 67]
    Layer 18: dist=[34, 45, 35, 33, 56, 78, 74, 57, 64, 67, 66, 79, 61, 60, 57, 62, 46, 74, 72, 52, 68, 47, 65, 96, 58, 62, 61, 63, 52, 53, 79, 56]
    Layer 19: dist=[73, 64, 63, 62, 76, 103, 54, 71, 81, 85, 84, 93, 63, 57, 75, 63, 84, 85, 49, 49, 21, 50, 33, 49, 102, 106, 102, 116, 77, 77, 73, 72]
    Layer 20: dist=[89, 79, 80, 77, 78, 51, 49, 57, 40, 36, 43, 39, 92, 79, 87, 96, 45, 51, 56, 39, 73, 111, 101, 98, 125, 97, 105, 85, 93, 79, 108, 108]
    Layer 21: dist=[44, 50, 56, 68, 115, 65, 96, 118, 118, 61, 71, 69, 46, 41, 44, 42, 75, 75, 83, 65, 89, 99, 95, 96, 64, 62, 60, 80, 73, 79, 60, 88]
    Layer 22: dist=[73, 60, 67, 63, 52, 72, 45, 56, 37, 49, 45, 59, 18, 86, 61, 64, 33, 79, 76, 41, 102, 115, 120, 121, 101, 84, 91, 95, 114, 92, 103, 95]
    Layer 23: dist=[39, 30, 48, 39, 110, 111, 41, 102, 79, 36, 45, 63, 75, 72, 79, 77, 82, 75, 74, 94, 72, 93, 82, 76, 78, 72, 68, 100, 91, 90, 83, 78]
    Layer 24: dist=[79, 124, 109, 101, 99, 109, 111, 97, 102, 105, 104, 84, 78, 75, 89, 74, 81, 86, 98, 88, 120, 103, 102, 117, 65, 73, 79, 51, 95, 111, 98, 88]
    Layer 25: dist=[105, 121, 118, 94, 71, 72, 107, 80, 96, 97, 85, 90, 65, 89, 50, 68, 93, 99, 97, 89, 102, 111, 105, 108, 110, 110, 99, 108, 88, 125, 98, 88]
    Layer 27: dist=[87, 108, 103, 117, 98, 105, 101, 86, 77, 100, 107, 99, 78, 109, 80, 86, 96, 99, 99, 104, 91, 112, 113, 92, 110, 113, 116, 117, 107, 77, 92, 117]
    Layer 28: dist=[103, 92, 102, 102, 82, 63, 80, 76, 96, 107, 92, 89, 112, 105, 96, 101, 112, 104, 104, 108, 119, 71, 60, 89, 91, 88, 99, 99, 92, 92, 71, 95]
    Layer 29: dist=[113, 114, 114, 113, 90, 112, 94, 114, 119, 113, 122, 105, 120, 120, 119, 120, 116, 106, 115, 121, 123, 123, 107, 125, 100, 114, 97, 92, 106, 95, 106, 109]
    Layer 30: dist=[75, 102, 99, 100, 102, 100, 90, 67, 117, 117, 115, 120, 105, 104, 113, 101, 97, 78, 120, 122, 51, 120, 100, 110, 119, 119, 119, 118, 106, 110, 107, 102]
    Layer 31: dist=[119, 117, 99, 98, 112, 113, 114, 116, 114, 77, 87, 91, 117, 116, 117, 115, 101, 101, 106, 94, 119, 116, 108, 119, 112, 109, 89, 120, 112, 106, 102, 110]
    Layer 32: dist=[110, 114, 114, 111, 116, 119, 116, 117, 110, 111, 117, 115, 93, 113, 108, 91, 118, 106, 109, 111, 123, 92, 114, 120, 71, 95, 80, 105, 116, 107, 99, 103]
    Layer 33: dist=[102, 120, 112, 119, 91, 102, 57, 94, 116, 116, 113, 113, 114, 115, 113, 116, 114, 117, 106, 109, 112, 96, 110, 113, 111, 119, 122, 118, 110, 111, 107, 104]
    Layer 34: dist=[110, 109, 112, 113, 105, 111, 108, 102, 53, 93, 114, 86, 117, 115, 120, 81, 82, 89, 126, 55, 119, 51, 118, 119, 122, 122, 125, 122, 54, 62, 68, 109]
    Layer 35: dist=[105, 123, 71, 97, 82, 36, 112, 100, 85, 94, 112, 96, 63, 28, 49, 40, 98, 74, 84, 48, 90, 102, 55, 54, 66, 49, 68, 72, 73, 115, 122, 117]

  [Taylor Step 2/3] OLS sigma per head (scaling V, streaming)...
    Layer  0: sigma=[0.614, 0.100, 0.100, 0.100, 0.333, 0.381, 0.100, 0.100, 0.100, 0.148, 0.100, 0.100, 0.100, 0.100, 0.100, 0.260, 0.100, 0.100, 0.100, 0.100, 0.100, 0.100, 0.100, 0.100, 0.100, 0.100, 0.350, 0.100, 0.100, 0.100, 0.161, 0.100]
    Layer  1: sigma=[0.349, 0.100, 0.100, 0.100, 0.100, 0.100, 0.100, 0.100, 0.100, 0.168, 0.244, 0.100, 0.100, 0.100, 0.100, 0.100, 0.100, 0.100, 0.100, 0.100, 0.100, 0.100, 0.100, 0.119, 0.100, 0.100, 0.115, 0.100, 0.100, 0.100, 0.100, 0.100]
    Layer  2: sigma=[0.100, 0.100, 0.100, 0.100, 0.100, 0.100, 0.100, 0.100, 0.109, 0.101, 0.100, 0.100, 0.100, 0.143, 0.100, 0.100, 0.100, 0.220, 0.100, 0.100, 0.100, 0.100, 0.100, 0.100, 0.100, 0.172, 0.100, 0.100, 0.100, 0.100, 0.100, 0.100]
    Layer  3: sigma=[0.100, 0.328, 0.100, 0.156, 0.100, 0.100, 0.100, 0.100, 0.100, 0.100, 0.100, 0.100, 0.100, 0.100, 0.100, 0.100, 0.100, 0.100, 0.100, 0.100, 0.100, 0.106, 0.100, 0.100, 0.100, 0.100, 0.100, 0.100, 0.100, 0.100, 0.100, 0.100]
    Layer  4: sigma=[0.100, 0.100, 0.100, 0.100, 0.100, 0.100, 0.100, 0.100, 0.100, 0.100, 0.100, 0.100, 0.100, 0.100, 0.100, 0.100, 0.100, 0.100, 0.100, 0.100, 0.133, 0.139, 0.312, 0.100, 0.100, 0.100, 0.100, 0.100, 0.100, 0.100, 0.100, 0.100]
    Layer  5: sigma=[0.100, 0.100, 0.100, 0.100, 0.100, 0.100, 0.100, 0.100, 0.100, 0.134, 0.100, 0.110, 0.100, 0.100, 0.100, 0.123, 0.100, 0.179, 0.100, 0.100, 0.100, 0.100, 0.100, 0.100, 0.100, 0.100, 0.100, 0.100, 0.100, 0.100, 0.100, 0.100]
    Layer  6: sigma=[0.100, 0.100, 0.100, 0.100, 0.100, 0.100, 0.100, 0.100, 0.100, 0.100, 0.100, 0.100, 0.100, 0.100, 0.100, 0.100, 0.100, 0.100, 0.100, 0.100, 0.152, 0.100, 0.100, 0.100, 0.100, 0.100, 0.100, 0.100, 0.100, 0.100, 0.100, 0.100]
    Layer  7: sigma=[0.100, 0.154, 0.100, 0.100, 0.115, 0.100, 0.100, 0.100, 0.100, 0.100, 0.100, 0.100, 0.100, 0.100, 0.100, 0.100, 0.100, 0.100, 0.100, 0.100, 0.100, 0.100, 0.100, 0.100, 0.100, 0.100, 0.100, 0.100, 0.100, 0.100, 0.100, 0.100]
    Layer  8: sigma=[0.100, 0.100, 0.100, 0.100, 0.100, 0.100, 0.100, 0.100, 0.100, 0.100, 0.100, 0.100, 0.100, 0.100, 0.100, 0.100, 0.100, 0.100, 0.100, 0.100, 0.100, 0.100, 0.100, 0.100, 0.100, 0.100, 0.100, 0.188, 0.100, 0.100, 0.100, 0.100]
    Layer  9: sigma=[0.100, 0.100, 0.100, 0.100, 0.100, 0.100, 0.100, 0.100, 0.100, 0.100, 0.100, 0.100, 0.100, 0.100, 0.532, 0.133, 0.100, 0.100, 0.100, 0.100, 0.100, 0.100, 0.100, 0.100, 0.100, 0.100, 0.100, 0.100, 0.100, 0.100, 0.100, 0.100]
    Layer 10: sigma=[0.100, 0.100, 0.100, 0.100, 0.100, 0.100, 0.100, 0.100, 0.100, 0.100, 0.100, 0.100, 0.100, 0.100, 0.100, 0.100, 0.100, 0.100, 0.100, 0.100, 0.100, 0.100, 0.100, 0.100, 0.100, 0.100, 0.100, 0.100, 0.100, 0.100, 0.100, 0.100]
    Layer 11: sigma=[0.100, 0.100, 0.100, 0.100, 0.151, 0.100, 0.100, 0.100, 0.100, 0.109, 0.100, 0.100, 0.100, 0.100, 0.271, 0.100, 0.100, 0.100, 0.100, 0.100, 0.100, 0.100, 0.100, 0.100, 0.100, 0.100, 0.172, 0.100, 0.100, 0.100, 0.100, 0.100]
    Layer 12: sigma=[0.100, 0.100, 0.100, 0.100, 0.100, 0.100, 0.100, 0.100, 0.100, 0.100, 0.100, 0.106, 0.100, 0.100, 0.100, 0.100, 0.100, 0.314, 0.198, 0.100, 0.100, 0.100, 0.100, 0.100, 0.100, 0.100, 0.100, 0.212, 0.100, 0.100, 0.121, 0.100]
    Layer 13: sigma=[0.219, 0.100, 0.100, 0.333, 0.100, 0.100, 0.100, 0.100, 0.100, 0.100, 0.100, 0.100, 0.100, 0.100, 0.100, 0.100, 0.100, 0.100, 0.100, 0.113, 0.100, 0.100, 0.100, 0.100, 0.100, 0.100, 0.100, 0.100, 0.100, 0.100, 0.100, 0.100]
    Layer 14: sigma=[0.100, 0.100, 0.100, 0.100, 0.100, 0.403, 0.100, 0.100, 0.100, 0.100, 0.100, 0.100, 0.100, 0.100, 0.100, 0.100, 0.100, 0.100, 0.100, 0.100, 0.100, 0.100, 0.100, 0.100, 0.116, 0.110, 0.100, 0.100, 0.100, 0.100, 0.100, 0.100]
    Layer 15: sigma=[0.100, 0.170, 0.100, 0.100, 0.100, 0.103, 0.100, 0.100, 0.100, 0.100, 0.100, 0.100, 0.208, 0.100, 0.100, 0.100, 0.100, 0.100, 0.100, 0.100, 0.100, 0.100, 0.100, 0.100, 0.148, 0.100, 0.100, 0.100, 0.100, 0.100, 0.100, 0.100]
    Layer 16: sigma=[0.100, 0.100, 0.100, 0.100, 0.100, 0.100, 0.100, 0.100, 0.100, 0.100, 0.100, 0.100, 0.100, 0.100, 0.100, 0.100, 0.100, 0.100, 0.100, 0.100, 0.100, 0.100, 0.100, 0.100, 0.100, 0.100, 0.100, 0.374, 0.100, 0.100, 0.100, 0.100]
    Layer 17: sigma=[0.100, 0.100, 0.100, 0.100, 0.100, 0.139, 0.100, 0.100, 0.100, 0.100, 0.100, 0.100, 0.100, 0.100, 0.100, 0.100, 0.177, 0.114, 0.100, 0.443, 0.100, 0.100, 0.100, 0.109, 0.155, 0.100, 0.395, 0.100, 0.100, 0.100, 0.100, 0.100]
    Layer 18: sigma=[0.100, 0.404, 0.100, 0.100, 0.100, 0.100, 0.100, 0.193, 0.100, 0.100, 0.100, 0.100, 0.100, 0.100, 0.100, 0.100, 0.147, 0.100, 0.100, 0.100, 0.100, 0.100, 0.100, 0.100, 0.100, 0.100, 0.100, 0.100, 0.100, 0.100, 0.100, 0.100]
    Layer 19: sigma=[0.100, 0.100, 0.100, 0.100, 0.100, 0.100, 0.100, 0.100, 0.100, 0.100, 0.100, 0.100, 0.160, 0.100, 0.100, 0.175, 0.100, 0.100, 0.100, 0.262, 0.100, 0.100, 0.100, 0.114, 0.100, 0.100, 0.100, 0.100, 0.100, 0.100, 0.100, 0.100]
    Layer 20: sigma=[0.100, 0.100, 0.100, 0.100, 0.100, 0.176, 0.100, 0.100, 0.163, 0.109, 0.100, 0.100, 0.100, 0.100, 0.100, 0.122, 0.100, 0.137, 0.100, 0.100, 0.100, 0.100, 0.100, 0.100, 0.100, 0.100, 0.100, 0.100, 0.100, 0.100, 0.100, 0.100]
    Layer 21: sigma=[0.100, 0.119, 0.100, 0.100, 0.100, 0.100, 0.100, 0.100, 0.100, 0.175, 0.100, 0.282, 0.100, 0.100, 0.131, 0.100, 0.100, 0.100, 0.100, 0.100, 0.100, 0.106, 0.100, 0.100, 0.234, 0.100, 0.100, 0.100, 0.100, 0.100, 0.212, 0.100]
    Layer 22: sigma=[0.164, 0.100, 0.100, 0.100, 0.183, 0.100, 0.100, 0.192, 0.128, 0.100, 0.100, 0.100, 0.100, 0.100, 0.100, 0.113, 0.100, 0.100, 0.100, 0.100, 0.100, 0.100, 0.100, 0.100, 0.100, 0.100, 0.100, 0.100, 0.100, 0.100, 0.100, 0.100]
    Layer 23: sigma=[0.181, 0.269, 0.189, 0.100, 0.100, 0.100, 0.131, 0.100, 0.100, 0.280, 0.100, 0.100, 0.100, 0.100, 0.109, 0.100, 0.100, 0.100, 0.100, 0.100, 0.100, 0.100, 0.100, 0.100, 0.100, 0.100, 0.100, 0.100, 0.100, 0.100, 0.149, 0.233]
    Layer 24: sigma=[0.100, 0.100, 0.100, 0.100, 0.100, 0.100, 0.100, 0.100, 0.100, 0.100, 0.100, 0.100, 0.100, 0.100, 0.100, 0.123, 0.100, 0.100, 0.100, 0.100, 0.100, 0.100, 0.100, 0.100, 0.211, 0.342, 0.100, 0.331, 0.100, 0.100, 0.100, 0.100]
    Layer 25: sigma=[0.100, 0.100, 0.100, 0.100, 0.100, 0.100, 0.100, 0.100, 0.100, 0.100, 0.100, 0.100, 0.100, 0.100, 0.117, 0.100, 0.100, 0.100, 0.100, 0.100, 0.100, 0.100, 0.100, 0.100, 0.100, 0.100, 0.100, 0.100, 0.100, 0.100, 0.100, 0.100]
    Layer 27: sigma=[0.100, 0.100, 0.100, 0.100, 0.100, 0.100, 0.100, 0.100, 0.100, 0.100, 0.100, 0.100, 0.100, 0.100, 0.100, 0.100, 0.100, 0.100, 0.100, 0.100, 0.100, 0.100, 0.100, 0.100, 0.100, 0.100, 0.100, 0.100, 0.100, 0.100, 0.100, 0.100]
    Layer 28: sigma=[0.100, 0.100, 0.100, 0.100, 0.100, 0.100, 0.100, 0.158, 0.100, 0.100, 0.100, 0.100, 0.100, 0.100, 0.100, 0.100, 0.100, 0.100, 0.100, 0.100, 0.100, 0.100, 0.100, 0.100, 0.100, 0.100, 0.100, 0.100, 0.100, 0.100, 0.100, 0.100]
    Layer 29: sigma=[0.100, 0.100, 0.100, 0.100, 0.100, 0.100, 0.100, 0.100, 0.100, 0.100, 0.100, 0.100, 0.100, 0.100, 0.100, 0.100, 0.100, 0.100, 0.100, 0.100, 0.100, 0.100, 0.100, 0.100, 0.100, 0.100, 0.100, 0.100, 0.100, 0.100, 0.100, 0.100]
    Layer 30: sigma=[0.100, 0.100, 0.100, 0.100, 0.100, 0.100, 0.100, 0.100, 0.100, 0.100, 0.100, 0.100, 0.100, 0.100, 0.100, 0.100, 0.100, 0.100, 0.100, 0.100, 0.100, 0.100, 0.100, 0.100, 0.100, 0.100, 0.100, 0.100, 0.100, 0.100, 0.100, 0.100]
    Layer 31: sigma=[0.100, 0.100, 0.100, 0.100, 0.100, 0.100, 0.100, 0.100, 0.100, 0.100, 0.100, 0.100, 0.100, 0.100, 0.100, 0.100, 0.100, 0.100, 0.100, 0.120, 0.100, 0.100, 0.100, 0.100, 0.100, 0.100, 0.100, 0.100, 0.100, 0.100, 0.100, 0.100]
    Layer 32: sigma=[0.100, 0.100, 0.100, 0.100, 0.100, 0.100, 0.100, 0.100, 0.100, 0.100, 0.100, 0.100, 0.100, 0.100, 0.100, 0.100, 0.100, 0.100, 0.100, 0.100, 0.100, 0.100, 0.100, 0.100, 0.100, 0.100, 0.100, 0.100, 0.100, 0.100, 0.100, 0.100]
    Layer 33: sigma=[0.100, 0.100, 0.100, 0.100, 0.100, 0.100, 0.100, 0.100, 0.100, 0.100, 0.100, 0.100, 0.100, 0.100, 0.100, 0.100, 0.100, 0.100, 0.100, 0.100, 0.100, 0.100, 0.100, 0.100, 0.100, 0.100, 0.100, 0.100, 0.100, 0.100, 0.100, 0.100]
    Layer 34: sigma=[0.100, 0.100, 0.100, 0.100, 0.100, 0.100, 0.100, 0.100, 0.100, 0.100, 0.100, 0.105, 0.100, 0.100, 0.100, 0.100, 0.100, 0.100, 0.100, 0.102, 0.100, 0.100, 0.100, 0.100, 0.100, 0.100, 0.100, 0.100, 0.100, 0.100, 0.100, 0.100]
    Layer 35: sigma=[0.100, 0.100, 0.100, 0.100, 0.104, 0.100, 0.100, 0.100, 0.100, 0.100, 0.100, 0.100, 0.100, 0.100, 0.100, 0.100, 0.100, 0.100, 0.100, 0.100, 0.100, 0.100, 0.113, 0.100, 0.100, 0.100, 0.100, 0.100, 0.100, 0.100, 0.100, 0.100]

  [Taylor Step 3/3] g_proj = v_proj * alpha (damping=0.01)...
    Layer  0: alpha=0.060432  teacher_rms=0.0163  v_rms=0.0027
    Layer  1: alpha=0.060917  teacher_rms=0.0205  v_rms=0.0034
    Layer  2: alpha=0.057010  teacher_rms=0.0214  v_rms=0.0038
    Layer  3: alpha=0.048586  teacher_rms=0.0259  v_rms=0.0053
    Layer  4: alpha=0.047497  teacher_rms=0.0304  v_rms=0.0064
    Layer  5: alpha=0.061878  teacher_rms=0.0409  v_rms=0.0066
    Layer  6: alpha=0.078464  teacher_rms=0.0621  v_rms=0.0079
    Layer  7: alpha=0.045978  teacher_rms=0.0530  v_rms=0.0115
    Layer  8: alpha=0.047136  teacher_rms=0.0708  v_rms=0.0150
    Layer  9: alpha=0.036364  teacher_rms=0.0713  v_rms=0.0196
    Layer 10: alpha=0.051225  teacher_rms=0.1092  v_rms=0.0213
    Layer 11: alpha=0.061446  teacher_rms=0.1046  v_rms=0.0170
    Layer 12: alpha=0.059719  teacher_rms=0.1207  v_rms=0.0202
    Layer 13: alpha=0.053112  teacher_rms=0.1040  v_rms=0.0196
    Layer 14: alpha=0.064276  teacher_rms=0.1547  v_rms=0.0241
    Layer 15: alpha=0.058135  teacher_rms=0.1576  v_rms=0.0271
    Layer 16: alpha=0.043339  teacher_rms=0.1473  v_rms=0.0340
    Layer 17: alpha=0.043245  teacher_rms=0.1753  v_rms=0.0405
    Layer 18: alpha=0.048224  teacher_rms=0.1990  v_rms=0.0413
    Layer 19: alpha=0.055753  teacher_rms=0.2060  v_rms=0.0370
    Layer 20: alpha=0.056614  teacher_rms=0.1966  v_rms=0.0347
    Layer 21: alpha=0.051195  teacher_rms=0.2373  v_rms=0.0463
    Layer 22: alpha=0.055990  teacher_rms=0.2834  v_rms=0.0506
    Layer 23: alpha=0.050281  teacher_rms=0.3098  v_rms=0.0616
    Layer 24: alpha=0.035086  teacher_rms=0.2897  v_rms=0.0826
    Layer 25: alpha=0.039885  teacher_rms=0.2376  v_rms=0.0596
    Layer 27: alpha=0.037093  teacher_rms=0.3083  v_rms=0.0831
    Layer 28: alpha=0.042004  teacher_rms=0.3705  v_rms=0.0882
    Layer 29: alpha=0.017344  teacher_rms=0.2548  v_rms=0.1469
    Layer 30: alpha=0.029045  teacher_rms=0.4297  v_rms=0.1480
    Layer 31: alpha=0.021147  teacher_rms=0.3785  v_rms=0.1790
    Layer 32: alpha=0.023899  teacher_rms=0.5288  v_rms=0.2213
    Layer 33: alpha=0.018560  teacher_rms=0.6404  v_rms=0.3451
    Layer 34: alpha=0.033157  teacher_rms=1.0325  v_rms=0.3114
    Layer 35: alpha=0.059852  teacher_rms=1.0168  v_rms=0.1699

  Set g_proj = v_proj * alpha in 35 GDN layers (damping=0.01).
  Init (taylor_init) done in 331.2s
  Layer 26: PPL = 1026713.19  (eval 13.6s)

============================================================
  Probing layer 27 | strategy=taylor_init
============================================================
Loading checkpoint shards:   0%|          | 0/4 [00:00<?, ?it/s]Loading checkpoint shards: 100%|██████████| 4/4 [00:00<00:00, 154.34it/s]
Could not cache non-existence of file. Will ignore error and continue. Error: [Errno 13] Permission denied: '/data/shared/huggingface/hub/models--Qwen--Qwen3-8B/.no_exist/b968826d9c46dd6066d109eabc6255188de91218/model.safetensors'
Loading checkpoint shards:   0%|          | 0/5 [00:00<?, ?it/s]Loading checkpoint shards: 100%|██████████| 5/5 [00:00<00:00, 154.79it/s]
Token indices sequence length is longer than the specified maximum sequence length for this model (2429029 > 131072). Running this sequence through the model will result in indexing errors
  [Taylor Step 1/3] Gate calibration from attention stats...
    Layer  0: dist=[32, 3, 12, 35, 12, 26, 9, 11, 19, 6, 8, 9, 18, 34, 31, 10, 16, 19, 16, 14, 13, 23, 4, 12, 5, 52, 10, 43, 15, 36, 15, 14]
    Layer  1: dist=[19, 38, 25, 44, 3, 15, 31, 11, 45, 36, 65, 60, 34, 47, 51, 38, 32, 54, 57, 33, 56, 24, 40, 40, 37, 9, 44, 41, 83, 31, 37, 49]
    Layer  2: dist=[65, 65, 67, 62, 26, 45, 33, 43, 39, 47, 56, 56, 53, 46, 46, 60, 61, 49, 54, 43, 49, 67, 48, 50, 25, 24, 21, 35, 73, 73, 77, 74]
    Layer  3: dist=[65, 26, 13, 22, 87, 93, 83, 73, 56, 53, 62, 58, 90, 73, 75, 74, 59, 62, 51, 67, 74, 60, 64, 65, 64, 56, 52, 59, 70, 63, 72, 65]
    Layer  4: dist=[62, 63, 73, 67, 73, 56, 61, 89, 68, 69, 63, 60, 55, 55, 71, 61, 62, 65, 67, 70, 64, 61, 47, 64, 41, 51, 48, 34, 51, 66, 55, 55]
    Layer  5: dist=[36, 48, 55, 35, 61, 68, 52, 51, 5, 18, 73, 61, 54, 78, 59, 52, 41, 32, 50, 48, 51, 55, 48, 59, 73, 73, 80, 80, 43, 44, 46, 58]
    Layer  6: dist=[27, 40, 30, 31, 52, 46, 67, 61, 46, 25, 43, 38, 56, 64, 56, 30, 47, 34, 45, 40, 20, 30, 32, 14, 35, 50, 32, 49, 47, 43, 37, 53]
    Layer  7: dist=[55, 60, 64, 87, 126, 114, 127, 121, 88, 119, 99, 72, 108, 23, 53, 97, 80, 101, 85, 81, 106, 86, 112, 116, 64, 78, 47, 86, 97, 101, 101, 106]
    Layer  8: dist=[83, 87, 90, 58, 81, 77, 69, 78, 86, 99, 87, 90, 94, 86, 96, 70, 116, 107, 103, 96, 92, 106, 100, 111, 92, 72, 95, 67, 84, 72, 79, 74]
    Layer  9: dist=[76, 60, 61, 67, 83, 97, 96, 74, 123, 120, 118, 112, 27, 87, 63, 85, 93, 100, 114, 125, 87, 77, 60, 70, 119, 81, 91, 97, 125, 113, 127, 123]
    Layer 10: dist=[76, 71, 58, 74, 85, 102, 64, 74, 63, 88, 106, 49, 88, 67, 82, 86, 87, 102, 100, 107, 88, 60, 107, 90, 93, 107, 84, 77, 76, 65, 82, 90]
    Layer 11: dist=[78, 65, 79, 48, 53, 61, 78, 77, 102, 123, 109, 93, 82, 64, 65, 69, 69, 63, 61, 51, 77, 107, 89, 87, 67, 59, 56, 54, 95, 55, 55, 94]
    Layer 12: dist=[21, 72, 79, 61, 87, 83, 66, 70, 63, 62, 74, 77, 86, 81, 82, 87, 39, 68, 59, 94, 102, 112, 97, 103, 93, 2, 107, 38, 81, 88, 113, 91]
    Layer 13: dist=[52, 68, 66, 62, 52, 51, 65, 40, 86, 63, 99, 122, 128, 115, 109, 124, 85, 72, 57, 61, 93, 55, 83, 90, 84, 59, 72, 76, 113, 111, 96, 99]
    Layer 14: dist=[44, 64, 65, 46, 62, 45, 64, 65, 54, 57, 70, 68, 69, 76, 65, 67, 77, 86, 51, 64, 65, 31, 51, 81, 52, 67, 73, 64, 85, 88, 8, 89]
    Layer 15: dist=[80, 44, 79, 38, 37, 38, 79, 67, 90, 60, 46, 104, 68, 107, 79, 89, 61, 57, 64, 68, 58, 60, 50, 51, 49, 34, 86, 62, 72, 84, 71, 49]
    Layer 16: dist=[61, 57, 74, 85, 55, 58, 48, 55, 54, 82, 73, 84, 90, 69, 86, 86, 68, 71, 60, 62, 115, 118, 110, 103, 71, 54, 64, 10, 58, 59, 65, 56]
    Layer 17: dist=[111, 95, 79, 67, 53, 57, 39, 47, 90, 108, 79, 100, 40, 57, 71, 74, 44, 61, 61, 42, 75, 98, 93, 97, 58, 55, 57, 52, 53, 79, 93, 67]
    Layer 18: dist=[34, 45, 35, 33, 56, 78, 74, 57, 64, 67, 66, 79, 61, 60, 57, 62, 46, 74, 72, 52, 68, 47, 65, 96, 58, 62, 61, 63, 52, 53, 79, 56]
    Layer 19: dist=[73, 64, 63, 62, 76, 103, 54, 71, 81, 85, 84, 93, 63, 57, 75, 63, 84, 85, 49, 49, 21, 50, 33, 49, 102, 106, 102, 116, 77, 77, 73, 72]
    Layer 20: dist=[89, 79, 80, 77, 78, 51, 49, 57, 40, 36, 43, 39, 92, 79, 87, 96, 45, 51, 56, 39, 73, 111, 101, 98, 125, 97, 105, 85, 93, 79, 108, 108]
    Layer 21: dist=[44, 50, 56, 68, 115, 65, 96, 118, 118, 61, 71, 69, 46, 41, 44, 42, 75, 75, 83, 65, 89, 99, 95, 96, 64, 62, 60, 80, 73, 79, 60, 88]
    Layer 22: dist=[73, 60, 67, 63, 52, 72, 45, 56, 37, 49, 45, 59, 18, 86, 61, 64, 33, 79, 76, 41, 102, 115, 120, 121, 101, 84, 91, 95, 114, 92, 103, 95]
    Layer 23: dist=[39, 30, 48, 39, 110, 111, 41, 102, 79, 36, 45, 63, 75, 72, 79, 77, 82, 75, 74, 94, 72, 93, 82, 76, 78, 72, 68, 100, 91, 90, 83, 78]
    Layer 24: dist=[79, 124, 109, 101, 99, 109, 111, 97, 102, 105, 104, 84, 78, 75, 89, 74, 81, 86, 98, 88, 120, 103, 102, 117, 65, 73, 79, 51, 95, 111, 98, 88]
    Layer 25: dist=[105, 121, 118, 94, 71, 72, 107, 80, 96, 97, 85, 90, 65, 89, 50, 68, 93, 99, 97, 89, 102, 111, 105, 108, 110, 110, 99, 108, 88, 125, 98, 88]
    Layer 26: dist=[80, 88, 106, 68, 115, 113, 113, 110, 102, 107, 105, 98, 100, 124, 116, 116, 86, 93, 99, 95, 102, 113, 122, 114, 99, 97, 102, 93, 115, 96, 114, 95]
    Layer 28: dist=[103, 92, 102, 102, 82, 63, 80, 76, 96, 107, 92, 89, 112, 105, 96, 101, 112, 104, 104, 108, 119, 71, 60, 89, 91, 88, 99, 99, 92, 92, 71, 95]
    Layer 29: dist=[113, 114, 114, 113, 90, 112, 94, 114, 119, 113, 122, 105, 120, 120, 119, 120, 116, 106, 115, 121, 123, 123, 107, 125, 100, 114, 97, 92, 106, 95, 106, 109]
    Layer 30: dist=[75, 102, 99, 100, 102, 100, 90, 67, 117, 117, 115, 120, 105, 104, 113, 101, 97, 78, 120, 122, 51, 120, 100, 110, 119, 119, 119, 118, 106, 110, 107, 102]
    Layer 31: dist=[119, 117, 99, 98, 112, 113, 114, 116, 114, 77, 87, 91, 117, 116, 117, 115, 101, 101, 106, 94, 119, 116, 108, 119, 112, 109, 89, 120, 112, 106, 102, 110]
    Layer 32: dist=[110, 114, 114, 111, 116, 119, 116, 117, 110, 111, 117, 115, 93, 113, 108, 91, 118, 106, 109, 111, 123, 92, 114, 120, 71, 95, 80, 105, 116, 107, 99, 103]
    Layer 33: dist=[102, 120, 112, 119, 91, 102, 57, 94, 116, 116, 113, 113, 114, 115, 113, 116, 114, 117, 106, 109, 112, 96, 110, 113, 111, 119, 122, 118, 110, 111, 107, 104]
    Layer 34: dist=[110, 109, 112, 113, 105, 111, 108, 102, 53, 93, 114, 86, 117, 115, 120, 81, 82, 89, 126, 55, 119, 51, 118, 119, 122, 122, 125, 122, 54, 62, 68, 109]
    Layer 35: dist=[105, 123, 71, 97, 82, 36, 112, 100, 85, 94, 112, 96, 63, 28, 49, 40, 98, 74, 84, 48, 90, 102, 55, 54, 66, 49, 68, 72, 73, 115, 122, 117]

  [Taylor Step 2/3] OLS sigma per head (scaling V, streaming)...
    Layer  0: sigma=[0.615, 0.100, 0.100, 0.100, 0.333, 0.381, 0.100, 0.100, 0.100, 0.148, 0.100, 0.100, 0.100, 0.100, 0.100, 0.260, 0.100, 0.100, 0.100, 0.100, 0.100, 0.100, 0.100, 0.100, 0.100, 0.100, 0.352, 0.100, 0.100, 0.100, 0.161, 0.100]
    Layer  1: sigma=[0.351, 0.100, 0.100, 0.100, 0.100, 0.100, 0.100, 0.100, 0.100, 0.168, 0.248, 0.100, 0.100, 0.100, 0.100, 0.100, 0.100, 0.100, 0.100, 0.100, 0.100, 0.100, 0.100, 0.118, 0.100, 0.100, 0.115, 0.100, 0.100, 0.100, 0.100, 0.100]
    Layer  2: sigma=[0.100, 0.100, 0.100, 0.100, 0.100, 0.100, 0.100, 0.100, 0.108, 0.101, 0.100, 0.100, 0.100, 0.147, 0.100, 0.100, 0.100, 0.220, 0.100, 0.100, 0.100, 0.100, 0.100, 0.100, 0.100, 0.171, 0.100, 0.100, 0.100, 0.100, 0.100, 0.100]
    Layer  3: sigma=[0.100, 0.318, 0.100, 0.157, 0.100, 0.100, 0.100, 0.100, 0.100, 0.100, 0.100, 0.100, 0.100, 0.100, 0.100, 0.100, 0.100, 0.100, 0.100, 0.100, 0.100, 0.107, 0.100, 0.100, 0.100, 0.100, 0.101, 0.100, 0.100, 0.100, 0.100, 0.100]
    Layer  4: sigma=[0.100, 0.100, 0.100, 0.100, 0.100, 0.100, 0.100, 0.100, 0.100, 0.100, 0.100, 0.100, 0.100, 0.100, 0.100, 0.100, 0.100, 0.100, 0.100, 0.100, 0.133, 0.138, 0.319, 0.100, 0.100, 0.100, 0.100, 0.100, 0.100, 0.100, 0.100, 0.100]
    Layer  5: sigma=[0.100, 0.100, 0.100, 0.100, 0.100, 0.100, 0.100, 0.100, 0.100, 0.141, 0.100, 0.111, 0.100, 0.100, 0.100, 0.122, 0.100, 0.187, 0.100, 0.100, 0.100, 0.100, 0.100, 0.100, 0.100, 0.100, 0.100, 0.100, 0.100, 0.100, 0.100, 0.100]
    Layer  6: sigma=[0.100, 0.100, 0.100, 0.100, 0.100, 0.100, 0.100, 0.100, 0.100, 0.100, 0.100, 0.100, 0.100, 0.100, 0.100, 0.100, 0.100, 0.100, 0.100, 0.100, 0.154, 0.100, 0.100, 0.100, 0.100, 0.100, 0.100, 0.100, 0.100, 0.100, 0.100, 0.100]
    Layer  7: sigma=[0.100, 0.161, 0.100, 0.100, 0.113, 0.100, 0.100, 0.100, 0.100, 0.100, 0.100, 0.103, 0.100, 0.100, 0.100, 0.100, 0.100, 0.100, 0.100, 0.100, 0.100, 0.100, 0.100, 0.100, 0.100, 0.100, 0.100, 0.100, 0.100, 0.100, 0.100, 0.100]
    Layer  8: sigma=[0.100, 0.100, 0.100, 0.100, 0.100, 0.100, 0.100, 0.100, 0.100, 0.100, 0.100, 0.100, 0.100, 0.100, 0.100, 0.100, 0.100, 0.100, 0.100, 0.100, 0.100, 0.100, 0.100, 0.100, 0.100, 0.100, 0.100, 0.185, 0.100, 0.100, 0.100, 0.100]
    Layer  9: sigma=[0.100, 0.100, 0.100, 0.100, 0.100, 0.100, 0.100, 0.100, 0.100, 0.100, 0.100, 0.100, 0.100, 0.100, 0.626, 0.132, 0.100, 0.100, 0.100, 0.100, 0.100, 0.100, 0.100, 0.100, 0.100, 0.100, 0.100, 0.100, 0.100, 0.100, 0.100, 0.100]
    Layer 10: sigma=[0.100, 0.100, 0.100, 0.100, 0.100, 0.100, 0.100, 0.100, 0.100, 0.100, 0.100, 0.100, 0.100, 0.100, 0.100, 0.100, 0.100, 0.100, 0.100, 0.100, 0.100, 0.100, 0.100, 0.100, 0.100, 0.100, 0.100, 0.100, 0.100, 0.100, 0.100, 0.100]
    Layer 11: sigma=[0.100, 0.100, 0.100, 0.100, 0.146, 0.100, 0.100, 0.100, 0.100, 0.114, 0.100, 0.100, 0.100, 0.100, 0.228, 0.100, 0.100, 0.100, 0.100, 0.100, 0.100, 0.100, 0.100, 0.100, 0.100, 0.100, 0.156, 0.100, 0.100, 0.100, 0.100, 0.100]
    Layer 12: sigma=[0.100, 0.100, 0.100, 0.100, 0.100, 0.100, 0.100, 0.100, 0.100, 0.105, 0.100, 0.107, 0.100, 0.100, 0.100, 0.100, 0.100, 0.274, 0.198, 0.100, 0.100, 0.100, 0.100, 0.100, 0.100, 0.100, 0.100, 0.218, 0.100, 0.100, 0.122, 0.100]
    Layer 13: sigma=[0.224, 0.100, 0.100, 0.300, 0.100, 0.100, 0.100, 0.100, 0.100, 0.100, 0.100, 0.100, 0.100, 0.100, 0.100, 0.100, 0.100, 0.100, 0.100, 0.108, 0.100, 0.100, 0.100, 0.100, 0.100, 0.100, 0.100, 0.100, 0.100, 0.100, 0.100, 0.100]
    Layer 14: sigma=[0.100, 0.100, 0.100, 0.100, 0.100, 0.359, 0.100, 0.100, 0.100, 0.100, 0.100, 0.100, 0.100, 0.100, 0.100, 0.100, 0.100, 0.100, 0.100, 0.100, 0.100, 0.100, 0.100, 0.100, 0.125, 0.125, 0.100, 0.100, 0.100, 0.100, 0.100, 0.100]
    Layer 15: sigma=[0.100, 0.183, 0.100, 0.100, 0.100, 0.105, 0.100, 0.100, 0.100, 0.100, 0.100, 0.100, 0.204, 0.100, 0.100, 0.100, 0.100, 0.100, 0.100, 0.100, 0.100, 0.100, 0.100, 0.100, 0.146, 0.100, 0.100, 0.100, 0.100, 0.100, 0.100, 0.100]
    Layer 16: sigma=[0.100, 0.100, 0.100, 0.100, 0.100, 0.100, 0.100, 0.100, 0.100, 0.100, 0.100, 0.100, 0.100, 0.100, 0.100, 0.100, 0.100, 0.100, 0.100, 0.100, 0.100, 0.100, 0.100, 0.100, 0.100, 0.100, 0.100, 0.353, 0.100, 0.100, 0.100, 0.100]
    Layer 17: sigma=[0.100, 0.100, 0.100, 0.100, 0.100, 0.137, 0.100, 0.100, 0.100, 0.100, 0.100, 0.100, 0.100, 0.100, 0.100, 0.100, 0.150, 0.106, 0.100, 0.449, 0.100, 0.100, 0.100, 0.107, 0.134, 0.100, 0.395, 0.100, 0.100, 0.100, 0.100, 0.100]
    Layer 18: sigma=[0.100, 0.485, 0.100, 0.100, 0.100, 0.100, 0.100, 0.192, 0.100, 0.100, 0.100, 0.100, 0.100, 0.100, 0.100, 0.100, 0.140, 0.100, 0.100, 0.100, 0.100, 0.100, 0.100, 0.100, 0.100, 0.100, 0.100, 0.100, 0.100, 0.100, 0.100, 0.100]
    Layer 19: sigma=[0.100, 0.100, 0.100, 0.100, 0.100, 0.100, 0.100, 0.100, 0.100, 0.100, 0.100, 0.100, 0.169, 0.100, 0.100, 0.184, 0.100, 0.100, 0.100, 0.302, 0.100, 0.100, 0.100, 0.122, 0.100, 0.100, 0.100, 0.100, 0.100, 0.100, 0.100, 0.100]
    Layer 20: sigma=[0.100, 0.100, 0.100, 0.100, 0.100, 0.192, 0.100, 0.100, 0.146, 0.119, 0.100, 0.100, 0.100, 0.100, 0.100, 0.129, 0.100, 0.127, 0.100, 0.100, 0.100, 0.100, 0.100, 0.100, 0.100, 0.100, 0.100, 0.100, 0.100, 0.100, 0.100, 0.100]
    Layer 21: sigma=[0.100, 0.130, 0.100, 0.100, 0.100, 0.100, 0.100, 0.100, 0.100, 0.130, 0.100, 0.251, 0.100, 0.100, 0.100, 0.100, 0.100, 0.100, 0.100, 0.100, 0.100, 0.112, 0.100, 0.100, 0.214, 0.100, 0.100, 0.100, 0.100, 0.100, 0.281, 0.100]
    Layer 22: sigma=[0.148, 0.100, 0.100, 0.100, 0.170, 0.100, 0.100, 0.249, 0.106, 0.100, 0.100, 0.100, 0.100, 0.100, 0.100, 0.108, 0.100, 0.100, 0.100, 0.100, 0.100, 0.100, 0.100, 0.100, 0.100, 0.100, 0.100, 0.100, 0.100, 0.100, 0.100, 0.100]
    Layer 23: sigma=[0.197, 0.295, 0.197, 0.100, 0.100, 0.100, 0.124, 0.100, 0.100, 0.215, 0.100, 0.100, 0.100, 0.100, 0.104, 0.100, 0.100, 0.100, 0.100, 0.100, 0.100, 0.100, 0.100, 0.100, 0.100, 0.100, 0.100, 0.100, 0.100, 0.100, 0.122, 0.259]
    Layer 24: sigma=[0.100, 0.100, 0.100, 0.100, 0.100, 0.100, 0.100, 0.100, 0.100, 0.100, 0.100, 0.100, 0.100, 0.100, 0.100, 0.171, 0.100, 0.100, 0.100, 0.100, 0.100, 0.100, 0.100, 0.100, 0.220, 0.355, 0.100, 0.371, 0.100, 0.100, 0.100, 0.100]
    Layer 25: sigma=[0.100, 0.100, 0.100, 0.100, 0.100, 0.100, 0.100, 0.100, 0.100, 0.100, 0.100, 0.100, 0.100, 0.100, 0.124, 0.100, 0.100, 0.100, 0.100, 0.100, 0.100, 0.100, 0.100, 0.100, 0.100, 0.100, 0.100, 0.100, 0.100, 0.100, 0.100, 0.100]
    Layer 26: sigma=[0.100, 0.100, 0.100, 0.100, 0.100, 0.100, 0.100, 0.100, 0.100, 0.100, 0.100, 0.100, 0.100, 0.100, 0.100, 0.100, 0.100, 0.100, 0.100, 0.100, 0.100, 0.100, 0.100, 0.100, 0.100, 0.100, 0.100, 0.100, 0.100, 0.100, 0.100, 0.100]
    Layer 28: sigma=[0.100, 0.100, 0.100, 0.100, 0.100, 0.107, 0.100, 0.106, 0.100, 0.100, 0.100, 0.100, 0.100, 0.100, 0.100, 0.100, 0.100, 0.100, 0.100, 0.100, 0.100, 0.100, 0.100, 0.100, 0.100, 0.100, 0.100, 0.100, 0.100, 0.100, 0.100, 0.100]
    Layer 29: sigma=[0.100, 0.100, 0.100, 0.100, 0.100, 0.100, 0.100, 0.100, 0.100, 0.100, 0.100, 0.100, 0.100, 0.100, 0.100, 0.100, 0.100, 0.100, 0.100, 0.100, 0.100, 0.100, 0.100, 0.100, 0.100, 0.100, 0.100, 0.100, 0.100, 0.100, 0.100, 0.100]
    Layer 30: sigma=[0.100, 0.100, 0.100, 0.100, 0.100, 0.100, 0.100, 0.100, 0.100, 0.100, 0.100, 0.100, 0.100, 0.100, 0.100, 0.108, 0.100, 0.100, 0.100, 0.100, 0.100, 0.100, 0.100, 0.100, 0.100, 0.100, 0.100, 0.100, 0.100, 0.100, 0.100, 0.100]
    Layer 31: sigma=[0.100, 0.100, 0.100, 0.100, 0.100, 0.100, 0.100, 0.100, 0.100, 0.100, 0.100, 0.100, 0.100, 0.100, 0.100, 0.100, 0.100, 0.100, 0.100, 0.105, 0.100, 0.100, 0.100, 0.100, 0.100, 0.100, 0.100, 0.100, 0.100, 0.100, 0.100, 0.100]
    Layer 32: sigma=[0.100, 0.100, 0.100, 0.100, 0.100, 0.100, 0.100, 0.100, 0.100, 0.100, 0.100, 0.100, 0.100, 0.100, 0.100, 0.100, 0.100, 0.100, 0.100, 0.100, 0.100, 0.100, 0.100, 0.100, 0.100, 0.100, 0.100, 0.100, 0.100, 0.100, 0.100, 0.100]
    Layer 33: sigma=[0.100, 0.100, 0.100, 0.100, 0.100, 0.100, 0.100, 0.100, 0.100, 0.100, 0.100, 0.100, 0.100, 0.100, 0.100, 0.100, 0.100, 0.100, 0.100, 0.100, 0.100, 0.100, 0.100, 0.100, 0.100, 0.100, 0.100, 0.100, 0.100, 0.100, 0.100, 0.100]
    Layer 34: sigma=[0.100, 0.100, 0.100, 0.100, 0.100, 0.100, 0.100, 0.100, 0.100, 0.100, 0.100, 0.100, 0.100, 0.100, 0.100, 0.100, 0.100, 0.100, 0.100, 0.117, 0.100, 0.100, 0.100, 0.100, 0.100, 0.100, 0.100, 0.100, 0.100, 0.100, 0.100, 0.100]
    Layer 35: sigma=[0.100, 0.100, 0.100, 0.100, 0.100, 0.100, 0.100, 0.100, 0.100, 0.109, 0.100, 0.100, 0.100, 0.100, 0.100, 0.100, 0.100, 0.100, 0.100, 0.100, 0.100, 0.100, 0.107, 0.100, 0.100, 0.100, 0.100, 0.100, 0.100, 0.100, 0.100, 0.100]

  [Taylor Step 3/3] g_proj = v_proj * alpha (damping=0.01)...
    Layer  0: alpha=0.060342  teacher_rms=0.0163  v_rms=0.0027
    Layer  1: alpha=0.060742  teacher_rms=0.0205  v_rms=0.0034
    Layer  2: alpha=0.056973  teacher_rms=0.0214  v_rms=0.0038
    Layer  3: alpha=0.048876  teacher_rms=0.0259  v_rms=0.0053
    Layer  4: alpha=0.047323  teacher_rms=0.0304  v_rms=0.0064
    Layer  5: alpha=0.061544  teacher_rms=0.0409  v_rms=0.0066
    Layer  6: alpha=0.078404  teacher_rms=0.0621  v_rms=0.0079
    Layer  7: alpha=0.045818  teacher_rms=0.0530  v_rms=0.0116
    Layer  8: alpha=0.047215  teacher_rms=0.0708  v_rms=0.0150
    Layer  9: alpha=0.033653  teacher_rms=0.0713  v_rms=0.0212
    Layer 10: alpha=0.051225  teacher_rms=0.1092  v_rms=0.0213
    Layer 11: alpha=0.063490  teacher_rms=0.1046  v_rms=0.0165
    Layer 12: alpha=0.061034  teacher_rms=0.1207  v_rms=0.0198
    Layer 13: alpha=0.054182  teacher_rms=0.1040  v_rms=0.0192
    Layer 14: alpha=0.065945  teacher_rms=0.1547  v_rms=0.0235
    Layer 15: alpha=0.057878  teacher_rms=0.1576  v_rms=0.0272
    Layer 16: alpha=0.043915  teacher_rms=0.1473  v_rms=0.0335
    Layer 17: alpha=0.043677  teacher_rms=0.1753  v_rms=0.0401
    Layer 18: alpha=0.044202  teacher_rms=0.1990  v_rms=0.0450
    Layer 19: alpha=0.053927  teacher_rms=0.2060  v_rms=0.0382
    Layer 20: alpha=0.056204  teacher_rms=0.1966  v_rms=0.0350
    Layer 21: alpha=0.050792  teacher_rms=0.2373  v_rms=0.0467
    Layer 22: alpha=0.055680  teacher_rms=0.2834  v_rms=0.0509
    Layer 23: alpha=0.050168  teacher_rms=0.3098  v_rms=0.0618
    Layer 24: alpha=0.033540  teacher_rms=0.2897  v_rms=0.0864
    Layer 25: alpha=0.039801  teacher_rms=0.2376  v_rms=0.0597
    Layer 26: alpha=0.029256  teacher_rms=0.2124  v_rms=0.0726
    Layer 28: alpha=0.042616  teacher_rms=0.3705  v_rms=0.0869
    Layer 29: alpha=0.017344  teacher_rms=0.2548  v_rms=0.1469
    Layer 30: alpha=0.028988  teacher_rms=0.4297  v_rms=0.1482
    Layer 31: alpha=0.021198  teacher_rms=0.3785  v_rms=0.1785
    Layer 32: alpha=0.023899  teacher_rms=0.5288  v_rms=0.2213
    Layer 33: alpha=0.018560  teacher_rms=0.6404  v_rms=0.3451
    Layer 34: alpha=0.033100  teacher_rms=1.0325  v_rms=0.3119
    Layer 35: alpha=0.059824  teacher_rms=1.0168  v_rms=0.1700

  Set g_proj = v_proj * alpha in 35 GDN layers (damping=0.01).
  Init (taylor_init) done in 335.6s
  Layer 27: PPL = 1690513.38  (eval 15.1s)

============================================================
  Probing layer 28 | strategy=taylor_init
============================================================
Loading checkpoint shards:   0%|          | 0/4 [00:00<?, ?it/s]Loading checkpoint shards: 100%|██████████| 4/4 [00:00<00:00, 99.93it/s]
Could not cache non-existence of file. Will ignore error and continue. Error: [Errno 13] Permission denied: '/data/shared/huggingface/hub/models--Qwen--Qwen3-8B/.no_exist/b968826d9c46dd6066d109eabc6255188de91218/model.safetensors'
Loading checkpoint shards:   0%|          | 0/5 [00:00<?, ?it/s]Loading checkpoint shards: 100%|██████████| 5/5 [00:00<00:00, 179.24it/s]
Token indices sequence length is longer than the specified maximum sequence length for this model (2429029 > 131072). Running this sequence through the model will result in indexing errors
  [Taylor Step 1/3] Gate calibration from attention stats...
    Layer  0: dist=[32, 3, 12, 35, 12, 26, 9, 11, 19, 6, 8, 9, 18, 34, 31, 10, 16, 19, 16, 14, 13, 23, 4, 12, 5, 52, 10, 43, 15, 36, 15, 14]
    Layer  1: dist=[19, 38, 25, 44, 3, 15, 31, 11, 45, 36, 65, 60, 34, 47, 51, 38, 32, 54, 57, 33, 56, 24, 40, 40, 37, 9, 44, 41, 83, 31, 37, 49]
    Layer  2: dist=[65, 65, 67, 62, 26, 45, 33, 43, 39, 47, 56, 56, 53, 46, 46, 60, 61, 49, 54, 43, 49, 67, 48, 50, 25, 24, 21, 35, 73, 73, 77, 74]
    Layer  3: dist=[65, 26, 13, 22, 87, 93, 83, 73, 56, 53, 62, 58, 90, 73, 75, 74, 59, 62, 51, 67, 74, 60, 64, 65, 64, 56, 52, 59, 70, 63, 72, 65]
    Layer  4: dist=[62, 63, 73, 67, 73, 56, 61, 89, 68, 69, 63, 60, 55, 55, 71, 61, 62, 65, 67, 70, 64, 61, 47, 64, 41, 51, 48, 34, 51, 66, 55, 55]
    Layer  5: dist=[36, 48, 55, 35, 61, 68, 52, 51, 5, 18, 73, 61, 54, 78, 59, 52, 41, 32, 50, 48, 51, 55, 48, 59, 73, 73, 80, 80, 43, 44, 46, 58]
    Layer  6: dist=[27, 40, 30, 31, 52, 46, 67, 61, 46, 25, 43, 38, 56, 64, 56, 30, 47, 34, 45, 40, 20, 30, 32, 14, 35, 50, 32, 49, 47, 43, 37, 53]
    Layer  7: dist=[55, 60, 64, 87, 126, 114, 127, 121, 88, 119, 99, 72, 108, 23, 53, 97, 80, 101, 85, 81, 106, 86, 112, 116, 64, 78, 47, 86, 97, 101, 101, 106]
    Layer  8: dist=[83, 87, 90, 58, 81, 77, 69, 78, 86, 99, 87, 90, 94, 86, 96, 70, 116, 107, 103, 96, 92, 106, 100, 111, 92, 72, 95, 67, 84, 72, 79, 74]
    Layer  9: dist=[76, 60, 61, 67, 83, 97, 96, 74, 123, 120, 118, 112, 27, 87, 63, 85, 93, 100, 114, 125, 87, 77, 60, 70, 119, 81, 91, 97, 125, 113, 127, 123]
    Layer 10: dist=[76, 71, 58, 74, 85, 102, 64, 74, 63, 88, 106, 49, 88, 67, 82, 86, 87, 102, 100, 107, 88, 60, 107, 90, 93, 107, 84, 77, 76, 65, 82, 90]
    Layer 11: dist=[78, 65, 79, 48, 53, 61, 78, 77, 102, 123, 109, 93, 82, 64, 65, 69, 69, 63, 61, 51, 77, 107, 89, 87, 67, 59, 56, 54, 95, 55, 55, 94]
    Layer 12: dist=[21, 72, 79, 61, 87, 83, 66, 70, 63, 62, 74, 77, 86, 81, 82, 87, 39, 68, 59, 94, 102, 112, 97, 103, 93, 2, 107, 38, 81, 88, 113, 91]
    Layer 13: dist=[52, 68, 66, 62, 52, 51, 65, 40, 86, 63, 99, 122, 128, 115, 109, 124, 85, 72, 57, 61, 93, 55, 83, 90, 84, 59, 72, 76, 113, 111, 96, 99]
    Layer 14: dist=[44, 64, 65, 46, 62, 45, 64, 65, 54, 57, 70, 68, 69, 76, 65, 67, 77, 86, 51, 64, 65, 31, 51, 81, 52, 67, 73, 64, 85, 88, 8, 89]
    Layer 15: dist=[80, 44, 79, 38, 37, 38, 79, 67, 90, 60, 46, 104, 68, 107, 79, 89, 61, 57, 64, 68, 58, 60, 50, 51, 49, 34, 86, 62, 72, 84, 71, 49]
    Layer 16: dist=[61, 57, 74, 85, 55, 58, 48, 55, 54, 82, 73, 84, 90, 69, 86, 86, 68, 71, 60, 62, 115, 118, 110, 103, 71, 54, 64, 10, 58, 59, 65, 56]
    Layer 17: dist=[111, 95, 79, 67, 53, 57, 39, 47, 90, 108, 79, 100, 40, 57, 71, 74, 44, 61, 61, 42, 75, 98, 93, 97, 58, 55, 57, 52, 53, 79, 93, 67]
    Layer 18: dist=[34, 45, 35, 33, 56, 78, 74, 57, 64, 67, 66, 79, 61, 60, 57, 62, 46, 74, 72, 52, 68, 47, 65, 96, 58, 62, 61, 63, 52, 53, 79, 56]
    Layer 19: dist=[73, 64, 63, 62, 76, 103, 54, 71, 81, 85, 84, 93, 63, 57, 75, 63, 84, 85, 49, 49, 21, 50, 33, 49, 102, 106, 102, 116, 77, 77, 73, 72]
    Layer 20: dist=[89, 79, 80, 77, 78, 51, 49, 57, 40, 36, 43, 39, 92, 79, 87, 96, 45, 51, 56, 39, 73, 111, 101, 98, 125, 97, 105, 85, 93, 79, 108, 108]
    Layer 21: dist=[44, 50, 56, 68, 115, 65, 96, 118, 118, 61, 71, 69, 46, 41, 44, 42, 75, 75, 83, 65, 89, 99, 95, 96, 64, 62, 60, 80, 73, 79, 60, 88]
    Layer 22: dist=[73, 60, 67, 63, 52, 72, 45, 56, 37, 49, 45, 59, 18, 86, 61, 64, 33, 79, 76, 41, 102, 115, 120, 121, 101, 84, 91, 95, 114, 92, 103, 95]
    Layer 23: dist=[39, 30, 48, 39, 110, 111, 41, 102, 79, 36, 45, 63, 75, 72, 79, 77, 82, 75, 74, 94, 72, 93, 82, 76, 78, 72, 68, 100, 91, 90, 83, 78]
    Layer 24: dist=[79, 124, 109, 101, 99, 109, 111, 97, 102, 105, 104, 84, 78, 75, 89, 74, 81, 86, 98, 88, 120, 103, 102, 117, 65, 73, 79, 51, 95, 111, 98, 88]
    Layer 25: dist=[105, 121, 118, 94, 71, 72, 107, 80, 96, 97, 85, 90, 65, 89, 50, 68, 93, 99, 97, 89, 102, 111, 105, 108, 110, 110, 99, 108, 88, 125, 98, 88]
    Layer 26: dist=[80, 88, 106, 68, 115, 113, 113, 110, 102, 107, 105, 98, 100, 124, 116, 116, 86, 93, 99, 95, 102, 113, 122, 114, 99, 97, 102, 93, 115, 96, 114, 95]
    Layer 27: dist=[87, 108, 103, 117, 98, 105, 101, 86, 77, 100, 107, 99, 78, 109, 80, 86, 96, 99, 99, 104, 91, 112, 113, 92, 110, 113, 116, 117, 107, 77, 92, 117]
    Layer 29: dist=[113, 114, 114, 113, 90, 112, 94, 114, 119, 113, 122, 105, 120, 120, 119, 120, 116, 106, 115, 121, 123, 123, 107, 125, 100, 114, 97, 92, 106, 95, 106, 109]
    Layer 30: dist=[75, 102, 99, 100, 102, 100, 90, 67, 117, 117, 115, 120, 105, 104, 113, 101, 97, 78, 120, 122, 51, 120, 100, 110, 119, 119, 119, 118, 106, 110, 107, 102]
    Layer 31: dist=[119, 117, 99, 98, 112, 113, 114, 116, 114, 77, 87, 91, 117, 116, 117, 115, 101, 101, 106, 94, 119, 116, 108, 119, 112, 109, 89, 120, 112, 106, 102, 110]
    Layer 32: dist=[110, 114, 114, 111, 116, 119, 116, 117, 110, 111, 117, 115, 93, 113, 108, 91, 118, 106, 109, 111, 123, 92, 114, 120, 71, 95, 80, 105, 116, 107, 99, 103]
    Layer 33: dist=[102, 120, 112, 119, 91, 102, 57, 94, 116, 116, 113, 113, 114, 115, 113, 116, 114, 117, 106, 109, 112, 96, 110, 113, 111, 119, 122, 118, 110, 111, 107, 104]
    Layer 34: dist=[110, 109, 112, 113, 105, 111, 108, 102, 53, 93, 114, 86, 117, 115, 120, 81, 82, 89, 126, 55, 119, 51, 118, 119, 122, 122, 125, 122, 54, 62, 68, 109]
    Layer 35: dist=[105, 123, 71, 97, 82, 36, 112, 100, 85, 94, 112, 96, 63, 28, 49, 40, 98, 74, 84, 48, 90, 102, 55, 54, 66, 49, 68, 72, 73, 115, 122, 117]

  [Taylor Step 2/3] OLS sigma per head (scaling V, streaming)...
    Layer  0: sigma=[0.612, 0.100, 0.100, 0.100, 0.332, 0.380, 0.100, 0.100, 0.100, 0.148, 0.100, 0.100, 0.100, 0.100, 0.100, 0.259, 0.100, 0.100, 0.100, 0.100, 0.100, 0.100, 0.100, 0.100, 0.100, 0.100, 0.352, 0.100, 0.100, 0.100, 0.161, 0.100]
    Layer  1: sigma=[0.354, 0.100, 0.100, 0.100, 0.100, 0.100, 0.100, 0.100, 0.100, 0.166, 0.245, 0.100, 0.100, 0.100, 0.100, 0.100, 0.100, 0.100, 0.100, 0.100, 0.100, 0.100, 0.100, 0.115, 0.100, 0.100, 0.113, 0.100, 0.100, 0.100, 0.100, 0.100]
    Layer  2: sigma=[0.100, 0.100, 0.100, 0.100, 0.100, 0.100, 0.100, 0.100, 0.108, 0.100, 0.100, 0.100, 0.100, 0.146, 0.100, 0.100, 0.100, 0.221, 0.100, 0.100, 0.100, 0.100, 0.100, 0.100, 0.100, 0.171, 0.100, 0.100, 0.100, 0.100, 0.100, 0.100]
    Layer  3: sigma=[0.100, 0.329, 0.100, 0.153, 0.100, 0.100, 0.100, 0.100, 0.100, 0.100, 0.100, 0.100, 0.100, 0.100, 0.100, 0.100, 0.100, 0.100, 0.100, 0.100, 0.100, 0.108, 0.100, 0.100, 0.100, 0.100, 0.100, 0.100, 0.100, 0.100, 0.100, 0.100]
    Layer  4: sigma=[0.100, 0.100, 0.100, 0.100, 0.100, 0.100, 0.100, 0.100, 0.100, 0.100, 0.100, 0.100, 0.100, 0.100, 0.100, 0.100, 0.100, 0.100, 0.100, 0.100, 0.132, 0.139, 0.316, 0.100, 0.100, 0.100, 0.100, 0.100, 0.100, 0.100, 0.100, 0.100]
    Layer  5: sigma=[0.100, 0.100, 0.100, 0.100, 0.100, 0.100, 0.100, 0.100, 0.100, 0.136, 0.100, 0.107, 0.100, 0.100, 0.100, 0.121, 0.100, 0.185, 0.100, 0.100, 0.100, 0.100, 0.100, 0.100, 0.100, 0.100, 0.100, 0.100, 0.100, 0.100, 0.100, 0.100]
    Layer  6: sigma=[0.100, 0.100, 0.100, 0.100, 0.100, 0.100, 0.100, 0.100, 0.100, 0.100, 0.100, 0.100, 0.100, 0.100, 0.100, 0.100, 0.100, 0.100, 0.100, 0.100, 0.154, 0.100, 0.100, 0.100, 0.100, 0.100, 0.100, 0.100, 0.100, 0.100, 0.100, 0.100]
    Layer  7: sigma=[0.100, 0.144, 0.100, 0.100, 0.109, 0.100, 0.100, 0.100, 0.100, 0.100, 0.100, 0.100, 0.100, 0.100, 0.100, 0.100, 0.100, 0.100, 0.100, 0.100, 0.100, 0.100, 0.100, 0.100, 0.100, 0.100, 0.100, 0.100, 0.100, 0.100, 0.100, 0.100]
    Layer  8: sigma=[0.100, 0.100, 0.100, 0.100, 0.100, 0.100, 0.100, 0.100, 0.100, 0.100, 0.100, 0.100, 0.100, 0.100, 0.100, 0.100, 0.100, 0.100, 0.100, 0.100, 0.100, 0.100, 0.100, 0.100, 0.100, 0.100, 0.100, 0.177, 0.100, 0.100, 0.100, 0.100]
    Layer  9: sigma=[0.100, 0.100, 0.100, 0.100, 0.100, 0.100, 0.100, 0.100, 0.100, 0.100, 0.100, 0.100, 0.100, 0.100, 0.601, 0.128, 0.100, 0.100, 0.100, 0.100, 0.100, 0.100, 0.100, 0.100, 0.100, 0.100, 0.100, 0.100, 0.100, 0.100, 0.100, 0.100]
    Layer 10: sigma=[0.100, 0.100, 0.100, 0.100, 0.100, 0.100, 0.100, 0.100, 0.100, 0.100, 0.100, 0.100, 0.100, 0.100, 0.100, 0.100, 0.100, 0.100, 0.100, 0.100, 0.100, 0.100, 0.100, 0.100, 0.100, 0.100, 0.100, 0.100, 0.100, 0.100, 0.100, 0.100]
    Layer 11: sigma=[0.100, 0.100, 0.100, 0.100, 0.148, 0.100, 0.100, 0.100, 0.100, 0.110, 0.100, 0.100, 0.100, 0.100, 0.242, 0.100, 0.100, 0.100, 0.100, 0.100, 0.100, 0.100, 0.100, 0.100, 0.100, 0.100, 0.167, 0.100, 0.100, 0.100, 0.100, 0.100]
    Layer 12: sigma=[0.100, 0.100, 0.100, 0.100, 0.100, 0.100, 0.100, 0.100, 0.100, 0.102, 0.100, 0.105, 0.100, 0.100, 0.100, 0.100, 0.100, 0.331, 0.159, 0.100, 0.100, 0.100, 0.100, 0.100, 0.100, 0.100, 0.100, 0.212, 0.100, 0.100, 0.118, 0.100]
    Layer 13: sigma=[0.234, 0.100, 0.100, 0.344, 0.100, 0.100, 0.100, 0.100, 0.100, 0.100, 0.100, 0.100, 0.100, 0.100, 0.100, 0.100, 0.100, 0.100, 0.100, 0.113, 0.100, 0.100, 0.100, 0.100, 0.100, 0.100, 0.100, 0.100, 0.100, 0.100, 0.100, 0.100]
    Layer 14: sigma=[0.100, 0.100, 0.100, 0.100, 0.100, 0.457, 0.100, 0.100, 0.100, 0.100, 0.100, 0.100, 0.100, 0.100, 0.100, 0.100, 0.100, 0.100, 0.100, 0.100, 0.100, 0.100, 0.100, 0.100, 0.114, 0.113, 0.100, 0.100, 0.100, 0.100, 0.100, 0.100]
    Layer 15: sigma=[0.100, 0.172, 0.100, 0.100, 0.100, 0.110, 0.100, 0.100, 0.100, 0.100, 0.100, 0.100, 0.212, 0.100, 0.100, 0.100, 0.100, 0.100, 0.100, 0.100, 0.100, 0.100, 0.100, 0.100, 0.171, 0.100, 0.100, 0.100, 0.100, 0.100, 0.100, 0.100]
    Layer 16: sigma=[0.100, 0.100, 0.100, 0.100, 0.100, 0.100, 0.100, 0.100, 0.100, 0.100, 0.100, 0.100, 0.100, 0.100, 0.100, 0.100, 0.100, 0.100, 0.100, 0.100, 0.100, 0.100, 0.100, 0.100, 0.100, 0.100, 0.100, 0.426, 0.100, 0.100, 0.100, 0.100]
    Layer 17: sigma=[0.100, 0.100, 0.100, 0.100, 0.100, 0.149, 0.100, 0.100, 0.100, 0.100, 0.100, 0.100, 0.100, 0.100, 0.100, 0.100, 0.149, 0.100, 0.100, 0.401, 0.100, 0.100, 0.100, 0.100, 0.155, 0.100, 0.409, 0.100, 0.100, 0.100, 0.100, 0.100]
    Layer 18: sigma=[0.100, 0.433, 0.100, 0.100, 0.100, 0.100, 0.100, 0.215, 0.100, 0.100, 0.100, 0.100, 0.100, 0.100, 0.100, 0.100, 0.170, 0.100, 0.100, 0.100, 0.100, 0.100, 0.100, 0.100, 0.100, 0.100, 0.100, 0.100, 0.100, 0.100, 0.100, 0.100]
    Layer 19: sigma=[0.100, 0.100, 0.100, 0.100, 0.100, 0.100, 0.100, 0.100, 0.100, 0.100, 0.100, 0.100, 0.117, 0.100, 0.100, 0.200, 0.100, 0.100, 0.100, 0.275, 0.100, 0.100, 0.100, 0.100, 0.100, 0.100, 0.100, 0.100, 0.100, 0.100, 0.100, 0.100]
    Layer 20: sigma=[0.100, 0.100, 0.100, 0.100, 0.100, 0.183, 0.100, 0.100, 0.151, 0.100, 0.100, 0.100, 0.100, 0.100, 0.100, 0.119, 0.100, 0.127, 0.100, 0.100, 0.100, 0.100, 0.100, 0.100, 0.100, 0.100, 0.100, 0.100, 0.100, 0.100, 0.100, 0.100]
    Layer 21: sigma=[0.100, 0.113, 0.100, 0.100, 0.100, 0.100, 0.100, 0.100, 0.100, 0.142, 0.100, 0.303, 0.100, 0.100, 0.129, 0.100, 0.100, 0.100, 0.100, 0.107, 0.100, 0.103, 0.100, 0.100, 0.139, 0.100, 0.100, 0.100, 0.100, 0.100, 0.267, 0.100]
    Layer 22: sigma=[0.158, 0.100, 0.100, 0.100, 0.131, 0.137, 0.100, 0.223, 0.104, 0.100, 0.100, 0.100, 0.100, 0.100, 0.100, 0.101, 0.100, 0.100, 0.100, 0.100, 0.100, 0.100, 0.100, 0.100, 0.100, 0.100, 0.100, 0.100, 0.100, 0.100, 0.100, 0.100]
    Layer 23: sigma=[0.182, 0.242, 0.160, 0.100, 0.100, 0.100, 0.100, 0.100, 0.100, 0.301, 0.100, 0.100, 0.100, 0.100, 0.113, 0.100, 0.100, 0.100, 0.100, 0.100, 0.100, 0.100, 0.100, 0.100, 0.100, 0.100, 0.100, 0.100, 0.100, 0.120, 0.197, 0.248]
    Layer 24: sigma=[0.100, 0.100, 0.100, 0.100, 0.100, 0.100, 0.100, 0.100, 0.100, 0.100, 0.100, 0.100, 0.100, 0.100, 0.100, 0.129, 0.100, 0.100, 0.100, 0.100, 0.100, 0.100, 0.100, 0.100, 0.197, 0.385, 0.100, 0.353, 0.100, 0.100, 0.100, 0.100]
    Layer 25: sigma=[0.100, 0.100, 0.100, 0.100, 0.100, 0.100, 0.100, 0.100, 0.100, 0.100, 0.100, 0.100, 0.100, 0.100, 0.100, 0.100, 0.100, 0.100, 0.100, 0.100, 0.100, 0.100, 0.100, 0.100, 0.100, 0.100, 0.100, 0.100, 0.100, 0.100, 0.100, 0.100]
    Layer 26: sigma=[0.100, 0.100, 0.100, 0.100, 0.100, 0.100, 0.100, 0.100, 0.100, 0.100, 0.100, 0.100, 0.100, 0.100, 0.100, 0.100, 0.100, 0.100, 0.100, 0.100, 0.100, 0.100, 0.100, 0.100, 0.100, 0.100, 0.100, 0.100, 0.100, 0.100, 0.100, 0.100]
    Layer 27: sigma=[0.100, 0.100, 0.100, 0.100, 0.100, 0.100, 0.100, 0.100, 0.100, 0.100, 0.100, 0.100, 0.100, 0.100, 0.100, 0.100, 0.100, 0.100, 0.100, 0.100, 0.100, 0.100, 0.100, 0.100, 0.100, 0.100, 0.100, 0.100, 0.100, 0.111, 0.100, 0.100]
    Layer 29: sigma=[0.100, 0.100, 0.100, 0.100, 0.100, 0.100, 0.100, 0.100, 0.100, 0.100, 0.100, 0.100, 0.100, 0.100, 0.100, 0.100, 0.100, 0.100, 0.100, 0.100, 0.100, 0.100, 0.100, 0.100, 0.100, 0.100, 0.100, 0.100, 0.100, 0.100, 0.100, 0.100]
    Layer 30: sigma=[0.100, 0.100, 0.100, 0.100, 0.100, 0.100, 0.100, 0.100, 0.100, 0.100, 0.100, 0.100, 0.100, 0.100, 0.100, 0.100, 0.100, 0.100, 0.100, 0.100, 0.100, 0.100, 0.100, 0.100, 0.100, 0.100, 0.100, 0.100, 0.100, 0.100, 0.100, 0.100]
    Layer 31: sigma=[0.100, 0.100, 0.100, 0.100, 0.100, 0.100, 0.100, 0.100, 0.100, 0.100, 0.100, 0.100, 0.100, 0.100, 0.100, 0.100, 0.100, 0.100, 0.100, 0.100, 0.100, 0.100, 0.100, 0.100, 0.100, 0.100, 0.100, 0.100, 0.100, 0.100, 0.100, 0.100]
    Layer 32: sigma=[0.100, 0.100, 0.100, 0.100, 0.100, 0.100, 0.100, 0.100, 0.100, 0.100, 0.100, 0.100, 0.100, 0.100, 0.100, 0.100, 0.100, 0.100, 0.100, 0.100, 0.100, 0.100, 0.100, 0.100, 0.100, 0.100, 0.100, 0.100, 0.100, 0.100, 0.100, 0.100]
    Layer 33: sigma=[0.100, 0.100, 0.100, 0.100, 0.100, 0.100, 0.100, 0.100, 0.100, 0.100, 0.100, 0.100, 0.100, 0.100, 0.100, 0.100, 0.100, 0.100, 0.100, 0.100, 0.100, 0.100, 0.100, 0.100, 0.100, 0.100, 0.100, 0.100, 0.100, 0.100, 0.100, 0.100]
    Layer 34: sigma=[0.100, 0.100, 0.100, 0.100, 0.100, 0.100, 0.100, 0.100, 0.100, 0.100, 0.100, 0.112, 0.100, 0.100, 0.100, 0.100, 0.100, 0.100, 0.100, 0.100, 0.100, 0.100, 0.100, 0.100, 0.100, 0.100, 0.100, 0.100, 0.100, 0.100, 0.100, 0.100]
    Layer 35: sigma=[0.100, 0.100, 0.100, 0.100, 0.103, 0.100, 0.100, 0.100, 0.100, 0.100, 0.100, 0.100, 0.100, 0.100, 0.100, 0.100, 0.100, 0.100, 0.100, 0.100, 0.100, 0.100, 0.108, 0.100, 0.100, 0.100, 0.100, 0.100, 0.100, 0.100, 0.100, 0.100]

  [Taylor Step 3/3] g_proj = v_proj * alpha (damping=0.01)...
    Layer  0: alpha=0.060507  teacher_rms=0.0163  v_rms=0.0027
    Layer  1: alpha=0.060775  teacher_rms=0.0205  v_rms=0.0034
    Layer  2: alpha=0.056960  teacher_rms=0.0214  v_rms=0.0038
    Layer  3: alpha=0.048580  teacher_rms=0.0259  v_rms=0.0053
    Layer  4: alpha=0.047404  teacher_rms=0.0304  v_rms=0.0064
    Layer  5: alpha=0.061781  teacher_rms=0.0409  v_rms=0.0066
    Layer  6: alpha=0.078412  teacher_rms=0.0621  v_rms=0.0079
    Layer  7: alpha=0.046292  teacher_rms=0.0530  v_rms=0.0114
    Layer  8: alpha=0.047430  teacher_rms=0.0708  v_rms=0.0149
    Layer  9: alpha=0.034398  teacher_rms=0.0713  v_rms=0.0207
    Layer 10: alpha=0.051225  teacher_rms=0.1092  v_rms=0.0213
    Layer 11: alpha=0.062673  teacher_rms=0.1046  v_rms=0.0167
    Layer 12: alpha=0.059854  teacher_rms=0.1207  v_rms=0.0202
    Layer 13: alpha=0.052409  teacher_rms=0.1040  v_rms=0.0198
    Layer 14: alpha=0.061669  teacher_rms=0.1547  v_rms=0.0251
    Layer 15: alpha=0.057705  teacher_rms=0.1576  v_rms=0.0273
    Layer 16: alpha=0.041884  teacher_rms=0.1473  v_rms=0.0352
    Layer 17: alpha=0.043674  teacher_rms=0.1753  v_rms=0.0401
    Layer 18: alpha=0.046383  teacher_rms=0.1990  v_rms=0.0429
    Layer 19: alpha=0.055712  teacher_rms=0.2060  v_rms=0.0370
    Layer 20: alpha=0.057044  teacher_rms=0.1966  v_rms=0.0345
    Layer 21: alpha=0.050606  teacher_rms=0.2373  v_rms=0.0469
    Layer 22: alpha=0.056697  teacher_rms=0.2834  v_rms=0.0500
    Layer 23: alpha=0.049811  teacher_rms=0.3098  v_rms=0.0622
    Layer 24: alpha=0.033982  teacher_rms=0.2897  v_rms=0.0852
    Layer 25: alpha=0.040058  teacher_rms=0.2376  v_rms=0.0593
    Layer 26: alpha=0.029256  teacher_rms=0.2124  v_rms=0.0726
    Layer 27: alpha=0.036990  teacher_rms=0.3083  v_rms=0.0833
    Layer 29: alpha=0.017344  teacher_rms=0.2548  v_rms=0.1469
    Layer 30: alpha=0.029045  teacher_rms=0.4297  v_rms=0.1480
    Layer 31: alpha=0.021214  teacher_rms=0.3785  v_rms=0.1784
    Layer 32: alpha=0.023899  teacher_rms=0.5288  v_rms=0.2213
    Layer 33: alpha=0.018560  teacher_rms=0.6404  v_rms=0.3451
    Layer 34: alpha=0.033129  teacher_rms=1.0325  v_rms=0.3117
    Layer 35: alpha=0.059959  teacher_rms=1.0168  v_rms=0.1696

  Set g_proj = v_proj * alpha in 35 GDN layers (damping=0.01).
  Init (taylor_init) done in 329.6s
  Layer 28: PPL = 2230769.00  (eval 13.3s)

============================================================
  Probing layer 29 | strategy=taylor_init
============================================================
Loading checkpoint shards:   0%|          | 0/4 [00:00<?, ?it/s]Loading checkpoint shards: 100%|██████████| 4/4 [00:00<00:00, 139.76it/s]
Could not cache non-existence of file. Will ignore error and continue. Error: [Errno 13] Permission denied: '/data/shared/huggingface/hub/models--Qwen--Qwen3-8B/.no_exist/b968826d9c46dd6066d109eabc6255188de91218/model.safetensors'
Loading checkpoint shards:   0%|          | 0/5 [00:00<?, ?it/s]Loading checkpoint shards: 100%|██████████| 5/5 [00:00<00:00, 66.49it/s]
Token indices sequence length is longer than the specified maximum sequence length for this model (2429029 > 131072). Running this sequence through the model will result in indexing errors
  [Taylor Step 1/3] Gate calibration from attention stats...
    Layer  0: dist=[32, 3, 12, 35, 12, 26, 9, 11, 19, 6, 8, 9, 18, 34, 31, 10, 16, 19, 16, 14, 13, 23, 4, 12, 5, 52, 10, 43, 15, 36, 15, 14]
    Layer  1: dist=[19, 38, 25, 44, 3, 15, 31, 11, 45, 36, 65, 60, 34, 47, 51, 38, 32, 54, 57, 33, 56, 24, 40, 40, 37, 9, 44, 41, 83, 31, 37, 49]
    Layer  2: dist=[65, 65, 67, 62, 26, 45, 33, 43, 39, 47, 56, 56, 53, 46, 46, 60, 61, 49, 54, 43, 49, 67, 48, 50, 25, 24, 21, 35, 73, 73, 77, 74]
    Layer  3: dist=[65, 26, 13, 22, 87, 93, 83, 73, 56, 53, 62, 58, 90, 73, 75, 74, 59, 62, 51, 67, 74, 60, 64, 65, 64, 56, 52, 59, 70, 63, 72, 65]
    Layer  4: dist=[62, 63, 73, 67, 73, 56, 61, 89, 68, 69, 63, 60, 55, 55, 71, 61, 62, 65, 67, 70, 64, 61, 47, 64, 41, 51, 48, 34, 51, 66, 55, 55]
    Layer  5: dist=[36, 48, 55, 35, 61, 68, 52, 51, 5, 18, 73, 61, 54, 78, 59, 52, 41, 32, 50, 48, 51, 55, 48, 59, 73, 73, 80, 80, 43, 44, 46, 58]
    Layer  6: dist=[27, 40, 30, 31, 52, 46, 67, 61, 46, 25, 43, 38, 56, 64, 56, 30, 47, 34, 45, 40, 20, 30, 32, 14, 35, 50, 32, 49, 47, 43, 37, 53]
    Layer  7: dist=[55, 60, 64, 87, 126, 114, 127, 121, 88, 119, 99, 72, 108, 23, 53, 97, 80, 101, 85, 81, 106, 86, 112, 116, 64, 78, 47, 86, 97, 101, 101, 106]
    Layer  8: dist=[83, 87, 90, 58, 81, 77, 69, 78, 86, 99, 87, 90, 94, 86, 96, 70, 116, 107, 103, 96, 92, 106, 100, 111, 92, 72, 95, 67, 84, 72, 79, 74]
    Layer  9: dist=[76, 60, 61, 67, 83, 97, 96, 74, 123, 120, 118, 112, 27, 87, 63, 85, 93, 100, 114, 125, 87, 77, 60, 70, 119, 81, 91, 97, 125, 113, 127, 123]
    Layer 10: dist=[76, 71, 58, 74, 85, 102, 64, 74, 63, 88, 106, 49, 88, 67, 82, 86, 87, 102, 100, 107, 88, 60, 107, 90, 93, 107, 84, 77, 76, 65, 82, 90]
    Layer 11: dist=[78, 65, 79, 48, 53, 61, 78, 77, 102, 123, 109, 93, 82, 64, 65, 69, 69, 63, 61, 51, 77, 107, 89, 87, 67, 59, 56, 54, 95, 55, 55, 94]
    Layer 12: dist=[21, 72, 79, 61, 87, 83, 66, 70, 63, 62, 74, 77, 86, 81, 82, 87, 39, 68, 59, 94, 102, 112, 97, 103, 93, 2, 107, 38, 81, 88, 113, 91]
    Layer 13: dist=[52, 68, 66, 62, 52, 51, 65, 40, 86, 63, 99, 122, 128, 115, 109, 124, 85, 72, 57, 61, 93, 55, 83, 90, 84, 59, 72, 76, 113, 111, 96, 99]
    Layer 14: dist=[44, 64, 65, 46, 62, 45, 64, 65, 54, 57, 70, 68, 69, 76, 65, 67, 77, 86, 51, 64, 65, 31, 51, 81, 52, 67, 73, 64, 85, 88, 8, 89]
    Layer 15: dist=[80, 44, 79, 38, 37, 38, 79, 67, 90, 60, 46, 104, 68, 107, 79, 89, 61, 57, 64, 68, 58, 60, 50, 51, 49, 34, 86, 62, 72, 84, 71, 49]
    Layer 16: dist=[61, 57, 74, 85, 55, 58, 48, 55, 54, 82, 73, 84, 90, 69, 86, 86, 68, 71, 60, 62, 115, 118, 110, 103, 71, 54, 64, 10, 58, 59, 65, 56]
    Layer 17: dist=[111, 95, 79, 67, 53, 57, 39, 47, 90, 108, 79, 100, 40, 57, 71, 74, 44, 61, 61, 42, 75, 98, 93, 97, 58, 55, 57, 52, 53, 79, 93, 67]
    Layer 18: dist=[34, 45, 35, 33, 56, 78, 74, 57, 64, 67, 66, 79, 61, 60, 57, 62, 46, 74, 72, 52, 68, 47, 65, 96, 58, 62, 61, 63, 52, 53, 79, 56]
    Layer 19: dist=[73, 64, 63, 62, 76, 103, 54, 71, 81, 85, 84, 93, 63, 57, 75, 63, 84, 85, 49, 49, 21, 50, 33, 49, 102, 106, 102, 116, 77, 77, 73, 72]
    Layer 20: dist=[89, 79, 80, 77, 78, 51, 49, 57, 40, 36, 43, 39, 92, 79, 87, 96, 45, 51, 56, 39, 73, 111, 101, 98, 125, 97, 105, 85, 93, 79, 108, 108]
    Layer 21: dist=[44, 50, 56, 68, 115, 65, 96, 118, 118, 61, 71, 69, 46, 41, 44, 42, 75, 75, 83, 65, 89, 99, 95, 96, 64, 62, 60, 80, 73, 79, 60, 88]
    Layer 22: dist=[73, 60, 67, 63, 52, 72, 45, 56, 37, 49, 45, 59, 18, 86, 61, 64, 33, 79, 76, 41, 102, 115, 120, 121, 101, 84, 91, 95, 114, 92, 103, 95]
    Layer 23: dist=[39, 30, 48, 39, 110, 111, 41, 102, 79, 36, 45, 63, 75, 72, 79, 77, 82, 75, 74, 94, 72, 93, 82, 76, 78, 72, 68, 100, 91, 90, 83, 78]
    Layer 24: dist=[79, 124, 109, 101, 99, 109, 111, 97, 102, 105, 104, 84, 78, 75, 89, 74, 81, 86, 98, 88, 120, 103, 102, 117, 65, 73, 79, 51, 95, 111, 98, 88]
    Layer 25: dist=[105, 121, 118, 94, 71, 72, 107, 80, 96, 97, 85, 90, 65, 89, 50, 68, 93, 99, 97, 89, 102, 111, 105, 108, 110, 110, 99, 108, 88, 125, 98, 88]
    Layer 26: dist=[80, 88, 106, 68, 115, 113, 113, 110, 102, 107, 105, 98, 100, 124, 116, 116, 86, 93, 99, 95, 102, 113, 122, 114, 99, 97, 102, 93, 115, 96, 114, 95]
    Layer 27: dist=[87, 108, 103, 117, 98, 105, 101, 86, 77, 100, 107, 99, 78, 109, 80, 86, 96, 99, 99, 104, 91, 112, 113, 92, 110, 113, 116, 117, 107, 77, 92, 117]
    Layer 28: dist=[103, 92, 102, 102, 82, 63, 80, 76, 96, 107, 92, 89, 112, 105, 96, 101, 112, 104, 104, 108, 119, 71, 60, 89, 91, 88, 99, 99, 92, 92, 71, 95]
    Layer 30: dist=[75, 102, 99, 100, 102, 100, 90, 67, 117, 117, 115, 120, 105, 104, 113, 101, 97, 78, 120, 122, 51, 120, 100, 110, 119, 119, 119, 118, 106, 110, 107, 102]
    Layer 31: dist=[119, 117, 99, 98, 112, 113, 114, 116, 114, 77, 87, 91, 117, 116, 117, 115, 101, 101, 106, 94, 119, 116, 108, 119, 112, 109, 89, 120, 112, 106, 102, 110]
    Layer 32: dist=[110, 114, 114, 111, 116, 119, 116, 117, 110, 111, 117, 115, 93, 113, 108, 91, 118, 106, 109, 111, 123, 92, 114, 120, 71, 95, 80, 105, 116, 107, 99, 103]
    Layer 33: dist=[102, 120, 112, 119, 91, 102, 57, 94, 116, 116, 113, 113, 114, 115, 113, 116, 114, 117, 106, 109, 112, 96, 110, 113, 111, 119, 122, 118, 110, 111, 107, 104]
    Layer 34: dist=[110, 109, 112, 113, 105, 111, 108, 102, 53, 93, 114, 86, 117, 115, 120, 81, 82, 89, 126, 55, 119, 51, 118, 119, 122, 122, 125, 122, 54, 62, 68, 109]
    Layer 35: dist=[105, 123, 71, 97, 82, 36, 112, 100, 85, 94, 112, 96, 63, 28, 49, 40, 98, 74, 84, 48, 90, 102, 55, 54, 66, 49, 68, 72, 73, 115, 122, 117]

  [Taylor Step 2/3] OLS sigma per head (scaling V, streaming)...
    Layer  0: sigma=[0.614, 0.100, 0.100, 0.100, 0.333, 0.377, 0.100, 0.100, 0.100, 0.148, 0.100, 0.100, 0.100, 0.100, 0.100, 0.260, 0.100, 0.100, 0.100, 0.100, 0.100, 0.100, 0.100, 0.100, 0.100, 0.100, 0.353, 0.100, 0.100, 0.100, 0.161, 0.100]
    Layer  1: sigma=[0.350, 0.100, 0.100, 0.100, 0.100, 0.100, 0.100, 0.100, 0.100, 0.171, 0.244, 0.100, 0.100, 0.100, 0.100, 0.100, 0.100, 0.100, 0.100, 0.100, 0.100, 0.100, 0.100, 0.119, 0.100, 0.100, 0.115, 0.100, 0.100, 0.100, 0.100, 0.100]
    Layer  2: sigma=[0.100, 0.100, 0.100, 0.100, 0.100, 0.100, 0.100, 0.100, 0.108, 0.100, 0.100, 0.100, 0.100, 0.148, 0.100, 0.100, 0.100, 0.220, 0.100, 0.100, 0.100, 0.100, 0.100, 0.100, 0.100, 0.172, 0.100, 0.100, 0.100, 0.100, 0.100, 0.100]
    Layer  3: sigma=[0.100, 0.326, 0.100, 0.157, 0.100, 0.100, 0.100, 0.100, 0.100, 0.100, 0.100, 0.100, 0.100, 0.100, 0.100, 0.100, 0.100, 0.100, 0.100, 0.100, 0.100, 0.105, 0.100, 0.100, 0.100, 0.100, 0.100, 0.100, 0.100, 0.100, 0.100, 0.100]
    Layer  4: sigma=[0.100, 0.100, 0.100, 0.100, 0.100, 0.100, 0.100, 0.100, 0.100, 0.100, 0.100, 0.100, 0.100, 0.100, 0.100, 0.100, 0.100, 0.100, 0.100, 0.100, 0.132, 0.139, 0.320, 0.100, 0.100, 0.100, 0.100, 0.100, 0.100, 0.100, 0.100, 0.100]
    Layer  5: sigma=[0.100, 0.100, 0.100, 0.100, 0.100, 0.100, 0.100, 0.100, 0.100, 0.137, 0.100, 0.113, 0.100, 0.100, 0.100, 0.123, 0.100, 0.176, 0.100, 0.100, 0.100, 0.100, 0.100, 0.100, 0.100, 0.100, 0.100, 0.100, 0.100, 0.100, 0.100, 0.100]
    Layer  6: sigma=[0.100, 0.100, 0.100, 0.100, 0.100, 0.100, 0.100, 0.100, 0.100, 0.100, 0.100, 0.100, 0.100, 0.100, 0.100, 0.100, 0.100, 0.100, 0.100, 0.100, 0.161, 0.100, 0.100, 0.100, 0.100, 0.100, 0.100, 0.100, 0.100, 0.100, 0.100, 0.100]
    Layer  7: sigma=[0.100, 0.154, 0.100, 0.100, 0.109, 0.100, 0.100, 0.100, 0.100, 0.100, 0.100, 0.100, 0.100, 0.100, 0.100, 0.100, 0.100, 0.100, 0.100, 0.100, 0.100, 0.100, 0.100, 0.100, 0.100, 0.100, 0.100, 0.100, 0.100, 0.100, 0.100, 0.100]
    Layer  8: sigma=[0.100, 0.100, 0.100, 0.100, 0.100, 0.100, 0.100, 0.100, 0.100, 0.100, 0.100, 0.100, 0.100, 0.100, 0.100, 0.100, 0.100, 0.100, 0.100, 0.100, 0.100, 0.100, 0.100, 0.100, 0.100, 0.100, 0.100, 0.186, 0.100, 0.100, 0.100, 0.100]
    Layer  9: sigma=[0.100, 0.100, 0.100, 0.100, 0.100, 0.100, 0.100, 0.100, 0.100, 0.100, 0.100, 0.100, 0.100, 0.100, 0.568, 0.133, 0.100, 0.100, 0.100, 0.100, 0.100, 0.100, 0.100, 0.100, 0.100, 0.100, 0.100, 0.100, 0.100, 0.100, 0.100, 0.100]
    Layer 10: sigma=[0.100, 0.100, 0.100, 0.100, 0.100, 0.100, 0.100, 0.100, 0.100, 0.100, 0.100, 0.100, 0.100, 0.100, 0.100, 0.100, 0.100, 0.100, 0.100, 0.100, 0.100, 0.100, 0.100, 0.100, 0.100, 0.100, 0.100, 0.100, 0.100, 0.100, 0.100, 0.100]
    Layer 11: sigma=[0.100, 0.100, 0.100, 0.100, 0.140, 0.100, 0.100, 0.100, 0.100, 0.104, 0.100, 0.100, 0.100, 0.100, 0.241, 0.100, 0.100, 0.100, 0.100, 0.100, 0.100, 0.100, 0.100, 0.100, 0.100, 0.100, 0.163, 0.100, 0.100, 0.100, 0.100, 0.100]
    Layer 12: sigma=[0.100, 0.100, 0.100, 0.100, 0.100, 0.100, 0.100, 0.100, 0.100, 0.105, 0.100, 0.106, 0.100, 0.100, 0.100, 0.100, 0.100, 0.300, 0.166, 0.100, 0.100, 0.100, 0.100, 0.100, 0.100, 0.100, 0.100, 0.213, 0.100, 0.100, 0.121, 0.100]
    Layer 13: sigma=[0.222, 0.100, 0.100, 0.315, 0.100, 0.100, 0.100, 0.100, 0.100, 0.100, 0.100, 0.100, 0.100, 0.100, 0.100, 0.100, 0.100, 0.100, 0.100, 0.115, 0.100, 0.100, 0.100, 0.100, 0.100, 0.100, 0.100, 0.100, 0.100, 0.100, 0.100, 0.100]
    Layer 14: sigma=[0.100, 0.100, 0.100, 0.100, 0.100, 0.465, 0.100, 0.100, 0.100, 0.100, 0.100, 0.100, 0.100, 0.100, 0.100, 0.100, 0.100, 0.100, 0.100, 0.100, 0.100, 0.100, 0.100, 0.100, 0.118, 0.112, 0.100, 0.100, 0.100, 0.100, 0.100, 0.100]
    Layer 15: sigma=[0.100, 0.157, 0.100, 0.100, 0.100, 0.109, 0.100, 0.100, 0.100, 0.100, 0.100, 0.100, 0.214, 0.100, 0.100, 0.100, 0.100, 0.100, 0.100, 0.100, 0.100, 0.100, 0.100, 0.100, 0.141, 0.100, 0.100, 0.100, 0.100, 0.100, 0.100, 0.100]
    Layer 16: sigma=[0.100, 0.100, 0.100, 0.100, 0.100, 0.100, 0.100, 0.100, 0.100, 0.100, 0.100, 0.100, 0.100, 0.100, 0.100, 0.100, 0.100, 0.100, 0.100, 0.100, 0.100, 0.100, 0.100, 0.100, 0.100, 0.100, 0.100, 0.421, 0.100, 0.100, 0.100, 0.100]
    Layer 17: sigma=[0.100, 0.100, 0.100, 0.100, 0.100, 0.143, 0.100, 0.100, 0.100, 0.100, 0.100, 0.100, 0.100, 0.100, 0.100, 0.100, 0.135, 0.100, 0.100, 0.381, 0.100, 0.100, 0.100, 0.102, 0.143, 0.100, 0.408, 0.100, 0.100, 0.100, 0.100, 0.100]
    Layer 18: sigma=[0.100, 0.432, 0.100, 0.100, 0.100, 0.100, 0.100, 0.186, 0.100, 0.100, 0.100, 0.100, 0.100, 0.100, 0.100, 0.100, 0.126, 0.100, 0.100, 0.100, 0.100, 0.100, 0.100, 0.100, 0.100, 0.100, 0.100, 0.100, 0.100, 0.100, 0.100, 0.100]
    Layer 19: sigma=[0.100, 0.100, 0.100, 0.100, 0.100, 0.100, 0.100, 0.100, 0.100, 0.100, 0.100, 0.100, 0.118, 0.100, 0.100, 0.203, 0.100, 0.100, 0.100, 0.256, 0.100, 0.100, 0.100, 0.105, 0.100, 0.100, 0.100, 0.100, 0.100, 0.100, 0.100, 0.100]
    Layer 20: sigma=[0.100, 0.100, 0.100, 0.100, 0.100, 0.171, 0.100, 0.100, 0.148, 0.107, 0.100, 0.100, 0.100, 0.100, 0.100, 0.119, 0.100, 0.144, 0.100, 0.100, 0.100, 0.100, 0.100, 0.100, 0.100, 0.100, 0.100, 0.100, 0.100, 0.100, 0.100, 0.100]
    Layer 21: sigma=[0.100, 0.120, 0.100, 0.100, 0.100, 0.100, 0.100, 0.100, 0.100, 0.139, 0.100, 0.236, 0.100, 0.100, 0.131, 0.100, 0.100, 0.100, 0.100, 0.100, 0.100, 0.106, 0.100, 0.100, 0.110, 0.100, 0.100, 0.100, 0.100, 0.100, 0.292, 0.100]
    Layer 22: sigma=[0.137, 0.100, 0.100, 0.100, 0.142, 0.131, 0.100, 0.216, 0.125, 0.100, 0.100, 0.100, 0.100, 0.100, 0.100, 0.102, 0.100, 0.100, 0.100, 0.100, 0.100, 0.100, 0.100, 0.100, 0.100, 0.100, 0.100, 0.100, 0.100, 0.100, 0.100, 0.100]
    Layer 23: sigma=[0.171, 0.286, 0.182, 0.100, 0.100, 0.100, 0.155, 0.100, 0.100, 0.217, 0.100, 0.100, 0.100, 0.100, 0.106, 0.100, 0.100, 0.100, 0.100, 0.100, 0.100, 0.100, 0.100, 0.100, 0.100, 0.100, 0.100, 0.100, 0.100, 0.100, 0.175, 0.301]
    Layer 24: sigma=[0.100, 0.100, 0.100, 0.100, 0.100, 0.100, 0.100, 0.100, 0.100, 0.100, 0.100, 0.100, 0.100, 0.100, 0.100, 0.144, 0.100, 0.100, 0.100, 0.100, 0.100, 0.100, 0.100, 0.100, 0.197, 0.426, 0.100, 0.398, 0.100, 0.100, 0.100, 0.100]
    Layer 25: sigma=[0.100, 0.100, 0.100, 0.100, 0.113, 0.100, 0.100, 0.100, 0.100, 0.100, 0.100, 0.100, 0.100, 0.100, 0.100, 0.100, 0.100, 0.100, 0.100, 0.100, 0.100, 0.100, 0.100, 0.100, 0.100, 0.100, 0.100, 0.100, 0.100, 0.100, 0.100, 0.100]
    Layer 26: sigma=[0.112, 0.100, 0.100, 0.100, 0.100, 0.100, 0.100, 0.100, 0.100, 0.100, 0.100, 0.100, 0.100, 0.100, 0.100, 0.100, 0.100, 0.100, 0.100, 0.100, 0.100, 0.100, 0.100, 0.100, 0.100, 0.100, 0.100, 0.100, 0.100, 0.100, 0.100, 0.100]
    Layer 27: sigma=[0.100, 0.100, 0.100, 0.100, 0.100, 0.100, 0.100, 0.100, 0.100, 0.100, 0.100, 0.100, 0.100, 0.100, 0.100, 0.100, 0.100, 0.100, 0.100, 0.100, 0.100, 0.100, 0.100, 0.100, 0.100, 0.100, 0.100, 0.100, 0.100, 0.100, 0.100, 0.100]
    Layer 28: sigma=[0.100, 0.100, 0.100, 0.100, 0.100, 0.118, 0.100, 0.100, 0.100, 0.100, 0.100, 0.100, 0.100, 0.100, 0.100, 0.100, 0.100, 0.100, 0.100, 0.100, 0.100, 0.100, 0.100, 0.100, 0.100, 0.100, 0.100, 0.100, 0.100, 0.100, 0.100, 0.100]
    Layer 30: sigma=[0.100, 0.100, 0.100, 0.100, 0.100, 0.100, 0.100, 0.100, 0.100, 0.100, 0.100, 0.100, 0.100, 0.100, 0.100, 0.100, 0.100, 0.100, 0.100, 0.100, 0.100, 0.100, 0.100, 0.100, 0.100, 0.100, 0.100, 0.100, 0.100, 0.100, 0.100, 0.100]
    Layer 31: sigma=[0.100, 0.100, 0.100, 0.100, 0.100, 0.100, 0.100, 0.100, 0.100, 0.100, 0.100, 0.100, 0.100, 0.100, 0.100, 0.100, 0.100, 0.100, 0.100, 0.100, 0.100, 0.100, 0.100, 0.100, 0.100, 0.100, 0.100, 0.100, 0.100, 0.100, 0.100, 0.100]
    Layer 32: sigma=[0.100, 0.100, 0.100, 0.100, 0.100, 0.100, 0.100, 0.100, 0.100, 0.100, 0.100, 0.100, 0.100, 0.100, 0.100, 0.100, 0.100, 0.100, 0.100, 0.100, 0.100, 0.100, 0.100, 0.100, 0.100, 0.100, 0.100, 0.100, 0.100, 0.100, 0.100, 0.100]
    Layer 33: sigma=[0.100, 0.100, 0.100, 0.100, 0.100, 0.100, 0.100, 0.100, 0.100, 0.100, 0.100, 0.100, 0.100, 0.100, 0.100, 0.100, 0.100, 0.100, 0.100, 0.100, 0.100, 0.100, 0.100, 0.100, 0.100, 0.100, 0.100, 0.100, 0.100, 0.100, 0.100, 0.100]
    Layer 34: sigma=[0.100, 0.100, 0.100, 0.100, 0.100, 0.100, 0.100, 0.100, 0.100, 0.100, 0.100, 0.100, 0.100, 0.100, 0.100, 0.100, 0.100, 0.100, 0.100, 0.100, 0.100, 0.100, 0.100, 0.100, 0.100, 0.100, 0.100, 0.100, 0.100, 0.100, 0.100, 0.100]
    Layer 35: sigma=[0.100, 0.100, 0.100, 0.100, 0.100, 0.100, 0.100, 0.100, 0.100, 0.100, 0.100, 0.100, 0.100, 0.100, 0.100, 0.100, 0.100, 0.100, 0.100, 0.100, 0.100, 0.100, 0.114, 0.100, 0.100, 0.100, 0.100, 0.100, 0.100, 0.100, 0.100, 0.100]

  [Taylor Step 3/3] g_proj = v_proj * alpha (damping=0.01)...
    Layer  0: alpha=0.060445  teacher_rms=0.0163  v_rms=0.0027
    Layer  1: alpha=0.060837  teacher_rms=0.0205  v_rms=0.0034
    Layer  2: alpha=0.056953  teacher_rms=0.0214  v_rms=0.0038
    Layer  3: alpha=0.048641  teacher_rms=0.0259  v_rms=0.0053
    Layer  4: alpha=0.047305  teacher_rms=0.0304  v_rms=0.0064
    Layer  5: alpha=0.061839  teacher_rms=0.0409  v_rms=0.0066
    Layer  6: alpha=0.078137  teacher_rms=0.0621  v_rms=0.0079
    Layer  7: alpha=0.046083  teacher_rms=0.0530  v_rms=0.0115
    Layer  8: alpha=0.047204  teacher_rms=0.0708  v_rms=0.0150
    Layer  9: alpha=0.035317  teacher_rms=0.0713  v_rms=0.0202
    Layer 10: alpha=0.051225  teacher_rms=0.1092  v_rms=0.0213
    Layer 11: alpha=0.063099  teacher_rms=0.1046  v_rms=0.0166
    Layer 12: alpha=0.060852  teacher_rms=0.1207  v_rms=0.0198
    Layer 13: alpha=0.053610  teacher_rms=0.1040  v_rms=0.0194
    Layer 14: alpha=0.061284  teacher_rms=0.1547  v_rms=0.0252
    Layer 15: alpha=0.058361  teacher_rms=0.1576  v_rms=0.0270
    Layer 16: alpha=0.042032  teacher_rms=0.1473  v_rms=0.0351
    Layer 17: alpha=0.044312  teacher_rms=0.1753  v_rms=0.0396
    Layer 18: alpha=0.047010  teacher_rms=0.1990  v_rms=0.0423
    Layer 19: alpha=0.056116  teacher_rms=0.2060  v_rms=0.0367
    Layer 20: alpha=0.056982  teacher_rms=0.1966  v_rms=0.0345
    Layer 21: alpha=0.052212  teacher_rms=0.2373  v_rms=0.0454
    Layer 22: alpha=0.056886  teacher_rms=0.2834  v_rms=0.0498
    Layer 23: alpha=0.048499  teacher_rms=0.3098  v_rms=0.0639
    Layer 24: alpha=0.032214  teacher_rms=0.2897  v_rms=0.0899
    Layer 25: alpha=0.039916  teacher_rms=0.2376  v_rms=0.0595
    Layer 26: alpha=0.029137  teacher_rms=0.2124  v_rms=0.0729
    Layer 27: alpha=0.037093  teacher_rms=0.3083  v_rms=0.0831
    Layer 28: alpha=0.042542  teacher_rms=0.3705  v_rms=0.0871
    Layer 30: alpha=0.029045  teacher_rms=0.4297  v_rms=0.1480
    Layer 31: alpha=0.021214  teacher_rms=0.3785  v_rms=0.1784
    Layer 32: alpha=0.023899  teacher_rms=0.5288  v_rms=0.2213
    Layer 33: alpha=0.018560  teacher_rms=0.6404  v_rms=0.3451
    Layer 34: alpha=0.033190  teacher_rms=1.0325  v_rms=0.3111
    Layer 35: alpha=0.059909  teacher_rms=1.0168  v_rms=0.1697

  Set g_proj = v_proj * alpha in 35 GDN layers (damping=0.01).
  Init (taylor_init) done in 386.3s
  Layer 29: PPL = 1376679.88  (eval 15.6s)

============================================================
  Probing layer 30 | strategy=taylor_init
============================================================
Loading checkpoint shards:   0%|          | 0/4 [00:00<?, ?it/s]Loading checkpoint shards: 100%|██████████| 4/4 [00:00<00:00, 47.70it/s]
Could not cache non-existence of file. Will ignore error and continue. Error: [Errno 13] Permission denied: '/data/shared/huggingface/hub/models--Qwen--Qwen3-8B/.no_exist/b968826d9c46dd6066d109eabc6255188de91218/model.safetensors'
Loading checkpoint shards:   0%|          | 0/5 [00:00<?, ?it/s]Loading checkpoint shards: 100%|██████████| 5/5 [00:00<00:00, 194.00it/s]
Token indices sequence length is longer than the specified maximum sequence length for this model (2429029 > 131072). Running this sequence through the model will result in indexing errors
  [Taylor Step 1/3] Gate calibration from attention stats...
    Layer  0: dist=[32, 3, 12, 35, 12, 26, 9, 11, 19, 6, 8, 9, 18, 34, 31, 10, 16, 19, 16, 14, 13, 23, 4, 12, 5, 52, 10, 43, 15, 36, 15, 14]
    Layer  1: dist=[19, 38, 25, 44, 3, 15, 31, 11, 45, 36, 65, 60, 34, 47, 51, 38, 32, 54, 57, 33, 56, 24, 40, 40, 37, 9, 44, 41, 83, 31, 37, 49]
    Layer  2: dist=[65, 65, 67, 62, 26, 45, 33, 43, 39, 47, 56, 56, 53, 46, 46, 60, 61, 49, 54, 43, 49, 67, 48, 50, 25, 24, 21, 35, 73, 73, 77, 74]
    Layer  3: dist=[65, 26, 13, 22, 87, 93, 83, 73, 56, 53, 62, 58, 90, 73, 75, 74, 59, 62, 51, 67, 74, 60, 64, 65, 64, 56, 52, 59, 70, 63, 72, 65]
    Layer  4: dist=[62, 63, 73, 67, 73, 56, 61, 89, 68, 69, 63, 60, 55, 55, 71, 61, 62, 65, 67, 70, 64, 61, 47, 64, 41, 51, 48, 34, 51, 66, 55, 55]
    Layer  5: dist=[36, 48, 55, 35, 61, 68, 52, 51, 5, 18, 73, 61, 54, 78, 59, 52, 41, 32, 50, 48, 51, 55, 48, 59, 73, 73, 80, 80, 43, 44, 46, 58]
    Layer  6: dist=[27, 40, 30, 31, 52, 46, 67, 61, 46, 25, 43, 38, 56, 64, 56, 30, 47, 34, 45, 40, 20, 30, 32, 14, 35, 50, 32, 49, 47, 43, 37, 53]
    Layer  7: dist=[55, 60, 64, 87, 126, 114, 127, 121, 88, 119, 99, 72, 108, 23, 53, 97, 80, 101, 85, 81, 106, 86, 112, 116, 64, 78, 47, 86, 97, 101, 101, 106]
    Layer  8: dist=[83, 87, 90, 58, 81, 77, 69, 78, 86, 99, 87, 90, 94, 86, 96, 70, 116, 107, 103, 96, 92, 106, 100, 111, 92, 72, 95, 67, 84, 72, 79, 74]
    Layer  9: dist=[76, 60, 61, 67, 83, 97, 96, 74, 123, 120, 118, 112, 27, 87, 63, 85, 93, 100, 114, 125, 87, 77, 60, 70, 119, 81, 91, 97, 125, 113, 127, 123]
    Layer 10: dist=[76, 71, 58, 74, 85, 102, 64, 74, 63, 88, 106, 49, 88, 67, 82, 86, 87, 102, 100, 107, 88, 60, 107, 90, 93, 107, 84, 77, 76, 65, 82, 90]
    Layer 11: dist=[78, 65, 79, 48, 53, 61, 78, 77, 102, 123, 109, 93, 82, 64, 65, 69, 69, 63, 61, 51, 77, 107, 89, 87, 67, 59, 56, 54, 95, 55, 55, 94]
    Layer 12: dist=[21, 72, 79, 61, 87, 83, 66, 70, 63, 62, 74, 77, 86, 81, 82, 87, 39, 68, 59, 94, 102, 112, 97, 103, 93, 2, 107, 38, 81, 88, 113, 91]
    Layer 13: dist=[52, 68, 66, 62, 52, 51, 65, 40, 86, 63, 99, 122, 128, 115, 109, 124, 85, 72, 57, 61, 93, 55, 83, 90, 84, 59, 72, 76, 113, 111, 96, 99]
    Layer 14: dist=[44, 64, 65, 46, 62, 45, 64, 65, 54, 57, 70, 68, 69, 76, 65, 67, 77, 86, 51, 64, 65, 31, 51, 81, 52, 67, 73, 64, 85, 88, 8, 89]
    Layer 15: dist=[80, 44, 79, 38, 37, 38, 79, 67, 90, 60, 46, 104, 68, 107, 79, 89, 61, 57, 64, 68, 58, 60, 50, 51, 49, 34, 86, 62, 72, 84, 71, 49]
    Layer 16: dist=[61, 57, 74, 85, 55, 58, 48, 55, 54, 82, 73, 84, 90, 69, 86, 86, 68, 71, 60, 62, 115, 118, 110, 103, 71, 54, 64, 10, 58, 59, 65, 56]
    Layer 17: dist=[111, 95, 79, 67, 53, 57, 39, 47, 90, 108, 79, 100, 40, 57, 71, 74, 44, 61, 61, 42, 75, 98, 93, 97, 58, 55, 57, 52, 53, 79, 93, 67]
    Layer 18: dist=[34, 45, 35, 33, 56, 78, 74, 57, 64, 67, 66, 79, 61, 60, 57, 62, 46, 74, 72, 52, 68, 47, 65, 96, 58, 62, 61, 63, 52, 53, 79, 56]
    Layer 19: dist=[73, 64, 63, 62, 76, 103, 54, 71, 81, 85, 84, 93, 63, 57, 75, 63, 84, 85, 49, 49, 21, 50, 33, 49, 102, 106, 102, 116, 77, 77, 73, 72]
    Layer 20: dist=[89, 79, 80, 77, 78, 51, 49, 57, 40, 36, 43, 39, 92, 79, 87, 96, 45, 51, 56, 39, 73, 111, 101, 98, 125, 97, 105, 85, 93, 79, 108, 108]
    Layer 21: dist=[44, 50, 56, 68, 115, 65, 96, 118, 118, 61, 71, 69, 46, 41, 44, 42, 75, 75, 83, 65, 89, 99, 95, 96, 64, 62, 60, 80, 73, 79, 60, 88]
    Layer 22: dist=[73, 60, 67, 63, 52, 72, 45, 56, 37, 49, 45, 59, 18, 86, 61, 64, 33, 79, 76, 41, 102, 115, 120, 121, 101, 84, 91, 95, 114, 92, 103, 95]
    Layer 23: dist=[39, 30, 48, 39, 110, 111, 41, 102, 79, 36, 45, 63, 75, 72, 79, 77, 82, 75, 74, 94, 72, 93, 82, 76, 78, 72, 68, 100, 91, 90, 83, 78]
    Layer 24: dist=[79, 124, 109, 101, 99, 109, 111, 97, 102, 105, 104, 84, 78, 75, 89, 74, 81, 86, 98, 88, 120, 103, 102, 117, 65, 73, 79, 51, 95, 111, 98, 88]
    Layer 25: dist=[105, 121, 118, 94, 71, 72, 107, 80, 96, 97, 85, 90, 65, 89, 50, 68, 93, 99, 97, 89, 102, 111, 105, 108, 110, 110, 99, 108, 88, 125, 98, 88]
    Layer 26: dist=[80, 88, 106, 68, 115, 113, 113, 110, 102, 107, 105, 98, 100, 124, 116, 116, 86, 93, 99, 95, 102, 113, 122, 114, 99, 97, 102, 93, 115, 96, 114, 95]
    Layer 27: dist=[87, 108, 103, 117, 98, 105, 101, 86, 77, 100, 107, 99, 78, 109, 80, 86, 96, 99, 99, 104, 91, 112, 113, 92, 110, 113, 116, 117, 107, 77, 92, 117]
    Layer 28: dist=[103, 92, 102, 102, 82, 63, 80, 76, 96, 107, 92, 89, 112, 105, 96, 101, 112, 104, 104, 108, 119, 71, 60, 89, 91, 88, 99, 99, 92, 92, 71, 95]
    Layer 29: dist=[113, 114, 114, 113, 90, 112, 94, 114, 119, 113, 122, 105, 120, 120, 119, 120, 116, 106, 115, 121, 123, 123, 107, 125, 100, 114, 97, 92, 106, 95, 106, 109]
    Layer 31: dist=[119, 117, 99, 98, 112, 113, 114, 116, 114, 77, 87, 91, 117, 116, 117, 115, 101, 101, 106, 94, 119, 116, 108, 119, 112, 109, 89, 120, 112, 106, 102, 110]
    Layer 32: dist=[110, 114, 114, 111, 116, 119, 116, 117, 110, 111, 117, 115, 93, 113, 108, 91, 118, 106, 109, 111, 123, 92, 114, 120, 71, 95, 80, 105, 116, 107, 99, 103]
    Layer 33: dist=[102, 120, 112, 119, 91, 102, 57, 94, 116, 116, 113, 113, 114, 115, 113, 116, 114, 117, 106, 109, 112, 96, 110, 113, 111, 119, 122, 118, 110, 111, 107, 104]
    Layer 34: dist=[110, 109, 112, 113, 105, 111, 108, 102, 53, 93, 114, 86, 117, 115, 120, 81, 82, 89, 126, 55, 119, 51, 118, 119, 122, 122, 125, 122, 54, 62, 68, 109]
    Layer 35: dist=[105, 123, 71, 97, 82, 36, 112, 100, 85, 94, 112, 96, 63, 28, 49, 40, 98, 74, 84, 48, 90, 102, 55, 54, 66, 49, 68, 72, 73, 115, 122, 117]

  [Taylor Step 2/3] OLS sigma per head (scaling V, streaming)...
    Layer  0: sigma=[0.613, 0.100, 0.100, 0.100, 0.333, 0.381, 0.100, 0.100, 0.100, 0.149, 0.100, 0.100, 0.100, 0.100, 0.100, 0.260, 0.100, 0.100, 0.100, 0.100, 0.100, 0.100, 0.100, 0.100, 0.100, 0.100, 0.351, 0.100, 0.100, 0.100, 0.161, 0.100]
    Layer  1: sigma=[0.350, 0.100, 0.100, 0.100, 0.100, 0.100, 0.100, 0.100, 0.100, 0.172, 0.245, 0.100, 0.100, 0.100, 0.100, 0.100, 0.100, 0.100, 0.100, 0.100, 0.100, 0.100, 0.100, 0.116, 0.100, 0.100, 0.114, 0.100, 0.100, 0.100, 0.100, 0.100]
    Layer  2: sigma=[0.100, 0.100, 0.100, 0.100, 0.100, 0.100, 0.100, 0.100, 0.108, 0.100, 0.100, 0.100, 0.100, 0.144, 0.100, 0.100, 0.100, 0.222, 0.100, 0.100, 0.100, 0.100, 0.100, 0.100, 0.100, 0.171, 0.100, 0.100, 0.100, 0.100, 0.100, 0.100]
    Layer  3: sigma=[0.100, 0.320, 0.100, 0.157, 0.100, 0.100, 0.100, 0.100, 0.100, 0.100, 0.100, 0.100, 0.100, 0.100, 0.100, 0.100, 0.100, 0.100, 0.100, 0.100, 0.100, 0.108, 0.100, 0.100, 0.100, 0.100, 0.100, 0.100, 0.100, 0.100, 0.100, 0.100]
    Layer  4: sigma=[0.100, 0.100, 0.100, 0.100, 0.100, 0.100, 0.100, 0.100, 0.100, 0.100, 0.100, 0.100, 0.100, 0.100, 0.100, 0.100, 0.100, 0.100, 0.100, 0.100, 0.132, 0.139, 0.314, 0.100, 0.100, 0.100, 0.100, 0.100, 0.100, 0.100, 0.100, 0.100]
    Layer  5: sigma=[0.100, 0.100, 0.100, 0.100, 0.100, 0.100, 0.100, 0.100, 0.100, 0.136, 0.100, 0.109, 0.100, 0.100, 0.100, 0.123, 0.100, 0.177, 0.100, 0.100, 0.100, 0.100, 0.100, 0.100, 0.100, 0.100, 0.100, 0.100, 0.100, 0.100, 0.100, 0.100]
    Layer  6: sigma=[0.100, 0.100, 0.100, 0.100, 0.100, 0.100, 0.100, 0.100, 0.100, 0.100, 0.100, 0.100, 0.100, 0.100, 0.100, 0.100, 0.100, 0.100, 0.100, 0.100, 0.157, 0.100, 0.100, 0.100, 0.100, 0.100, 0.100, 0.100, 0.100, 0.100, 0.100, 0.100]
    Layer  7: sigma=[0.100, 0.164, 0.100, 0.100, 0.128, 0.100, 0.100, 0.100, 0.100, 0.100, 0.100, 0.100, 0.100, 0.100, 0.100, 0.100, 0.100, 0.100, 0.100, 0.100, 0.100, 0.100, 0.100, 0.100, 0.100, 0.100, 0.100, 0.100, 0.100, 0.100, 0.100, 0.100]
    Layer  8: sigma=[0.100, 0.100, 0.100, 0.100, 0.100, 0.100, 0.100, 0.100, 0.100, 0.100, 0.100, 0.100, 0.100, 0.100, 0.100, 0.100, 0.100, 0.100, 0.100, 0.100, 0.100, 0.100, 0.100, 0.100, 0.100, 0.100, 0.100, 0.193, 0.100, 0.100, 0.100, 0.100]
    Layer  9: sigma=[0.100, 0.100, 0.100, 0.100, 0.100, 0.100, 0.100, 0.100, 0.100, 0.100, 0.100, 0.100, 0.100, 0.100, 0.578, 0.131, 0.100, 0.100, 0.100, 0.100, 0.100, 0.100, 0.100, 0.100, 0.100, 0.100, 0.100, 0.100, 0.100, 0.100, 0.100, 0.100]
    Layer 10: sigma=[0.100, 0.100, 0.100, 0.100, 0.100, 0.100, 0.100, 0.100, 0.100, 0.100, 0.100, 0.100, 0.100, 0.100, 0.100, 0.100, 0.100, 0.100, 0.100, 0.100, 0.100, 0.100, 0.100, 0.100, 0.100, 0.100, 0.100, 0.100, 0.100, 0.100, 0.100, 0.100]
    Layer 11: sigma=[0.100, 0.100, 0.100, 0.100, 0.134, 0.100, 0.100, 0.100, 0.100, 0.105, 0.100, 0.100, 0.100, 0.100, 0.277, 0.100, 0.100, 0.100, 0.100, 0.100, 0.100, 0.100, 0.100, 0.100, 0.100, 0.100, 0.161, 0.100, 0.100, 0.100, 0.100, 0.100]
    Layer 12: sigma=[0.100, 0.100, 0.100, 0.100, 0.100, 0.100, 0.100, 0.100, 0.100, 0.104, 0.100, 0.108, 0.100, 0.100, 0.100, 0.100, 0.100, 0.334, 0.172, 0.100, 0.100, 0.100, 0.100, 0.100, 0.100, 0.100, 0.100, 0.210, 0.100, 0.100, 0.117, 0.100]
    Layer 13: sigma=[0.232, 0.100, 0.100, 0.338, 0.100, 0.100, 0.100, 0.100, 0.100, 0.100, 0.100, 0.100, 0.100, 0.100, 0.100, 0.100, 0.100, 0.100, 0.100, 0.117, 0.100, 0.100, 0.100, 0.100, 0.100, 0.100, 0.100, 0.100, 0.100, 0.100, 0.100, 0.100]
    Layer 14: sigma=[0.100, 0.100, 0.100, 0.100, 0.100, 0.390, 0.100, 0.100, 0.100, 0.100, 0.100, 0.100, 0.100, 0.100, 0.100, 0.100, 0.100, 0.100, 0.100, 0.100, 0.100, 0.100, 0.100, 0.100, 0.121, 0.119, 0.100, 0.100, 0.100, 0.100, 0.100, 0.100]
    Layer 15: sigma=[0.100, 0.185, 0.100, 0.100, 0.100, 0.106, 0.100, 0.100, 0.100, 0.100, 0.100, 0.100, 0.199, 0.100, 0.100, 0.100, 0.100, 0.100, 0.100, 0.100, 0.100, 0.100, 0.100, 0.100, 0.130, 0.100, 0.100, 0.100, 0.100, 0.100, 0.100, 0.100]
    Layer 16: sigma=[0.100, 0.100, 0.100, 0.100, 0.100, 0.100, 0.100, 0.100, 0.100, 0.100, 0.100, 0.100, 0.100, 0.100, 0.100, 0.100, 0.100, 0.100, 0.100, 0.100, 0.100, 0.100, 0.100, 0.100, 0.100, 0.100, 0.100, 0.442, 0.100, 0.100, 0.100, 0.100]
    Layer 17: sigma=[0.100, 0.100, 0.100, 0.100, 0.100, 0.144, 0.100, 0.100, 0.100, 0.100, 0.100, 0.100, 0.100, 0.100, 0.100, 0.100, 0.159, 0.100, 0.100, 0.372, 0.100, 0.100, 0.100, 0.107, 0.129, 0.100, 0.399, 0.100, 0.100, 0.100, 0.100, 0.100]
    Layer 18: sigma=[0.100, 0.499, 0.100, 0.100, 0.100, 0.100, 0.100, 0.196, 0.100, 0.100, 0.100, 0.100, 0.100, 0.100, 0.100, 0.100, 0.182, 0.100, 0.100, 0.100, 0.100, 0.100, 0.100, 0.100, 0.100, 0.100, 0.100, 0.100, 0.100, 0.100, 0.100, 0.100]
    Layer 19: sigma=[0.100, 0.100, 0.100, 0.100, 0.100, 0.100, 0.100, 0.100, 0.100, 0.100, 0.100, 0.100, 0.152, 0.100, 0.100, 0.208, 0.100, 0.100, 0.100, 0.284, 0.100, 0.100, 0.100, 0.115, 0.100, 0.100, 0.100, 0.100, 0.100, 0.100, 0.100, 0.100]
    Layer 20: sigma=[0.100, 0.100, 0.100, 0.100, 0.100, 0.209, 0.100, 0.100, 0.147, 0.108, 0.100, 0.100, 0.100, 0.100, 0.100, 0.111, 0.100, 0.130, 0.100, 0.100, 0.100, 0.100, 0.100, 0.100, 0.100, 0.100, 0.100, 0.100, 0.100, 0.100, 0.100, 0.100]
    Layer 21: sigma=[0.100, 0.132, 0.100, 0.100, 0.100, 0.100, 0.100, 0.100, 0.100, 0.140, 0.100, 0.280, 0.100, 0.100, 0.114, 0.100, 0.100, 0.100, 0.100, 0.100, 0.100, 0.106, 0.100, 0.100, 0.189, 0.100, 0.100, 0.100, 0.100, 0.100, 0.263, 0.100]
    Layer 22: sigma=[0.184, 0.100, 0.100, 0.100, 0.132, 0.107, 0.100, 0.202, 0.117, 0.100, 0.100, 0.100, 0.100, 0.100, 0.100, 0.104, 0.100, 0.100, 0.100, 0.100, 0.100, 0.100, 0.100, 0.100, 0.100, 0.100, 0.100, 0.100, 0.100, 0.100, 0.100, 0.100]
    Layer 23: sigma=[0.165, 0.242, 0.125, 0.100, 0.100, 0.100, 0.125, 0.100, 0.100, 0.259, 0.100, 0.100, 0.100, 0.100, 0.100, 0.100, 0.100, 0.100, 0.100, 0.100, 0.100, 0.100, 0.100, 0.100, 0.100, 0.100, 0.100, 0.100, 0.100, 0.100, 0.158, 0.273]
    Layer 24: sigma=[0.100, 0.100, 0.100, 0.100, 0.100, 0.100, 0.100, 0.100, 0.100, 0.100, 0.100, 0.100, 0.100, 0.100, 0.100, 0.161, 0.100, 0.100, 0.100, 0.100, 0.100, 0.100, 0.100, 0.100, 0.188, 0.363, 0.100, 0.404, 0.100, 0.100, 0.100, 0.100]
    Layer 25: sigma=[0.100, 0.100, 0.100, 0.100, 0.100, 0.100, 0.100, 0.100, 0.100, 0.100, 0.100, 0.100, 0.100, 0.100, 0.100, 0.100, 0.100, 0.100, 0.100, 0.100, 0.100, 0.100, 0.100, 0.100, 0.100, 0.100, 0.100, 0.100, 0.100, 0.100, 0.100, 0.100]
    Layer 26: sigma=[0.100, 0.100, 0.100, 0.100, 0.100, 0.100, 0.100, 0.100, 0.100, 0.100, 0.100, 0.100, 0.100, 0.100, 0.100, 0.100, 0.100, 0.100, 0.100, 0.100, 0.100, 0.100, 0.100, 0.100, 0.100, 0.100, 0.100, 0.100, 0.100, 0.100, 0.100, 0.100]
    Layer 27: sigma=[0.100, 0.100, 0.100, 0.100, 0.100, 0.100, 0.100, 0.100, 0.100, 0.100, 0.100, 0.100, 0.100, 0.100, 0.100, 0.100, 0.100, 0.100, 0.100, 0.100, 0.100, 0.100, 0.100, 0.100, 0.100, 0.100, 0.100, 0.100, 0.100, 0.100, 0.100, 0.100]
    Layer 28: sigma=[0.100, 0.100, 0.100, 0.100, 0.100, 0.100, 0.100, 0.171, 0.100, 0.100, 0.100, 0.100, 0.100, 0.100, 0.100, 0.100, 0.100, 0.100, 0.100, 0.100, 0.100, 0.100, 0.100, 0.100, 0.100, 0.100, 0.100, 0.100, 0.100, 0.100, 0.100, 0.100]
    Layer 29: sigma=[0.100, 0.100, 0.100, 0.100, 0.100, 0.100, 0.100, 0.100, 0.100, 0.100, 0.100, 0.100, 0.100, 0.100, 0.100, 0.100, 0.100, 0.100, 0.100, 0.100, 0.100, 0.100, 0.100, 0.100, 0.100, 0.100, 0.100, 0.100, 0.100, 0.100, 0.100, 0.100]
    Layer 31: sigma=[0.100, 0.100, 0.100, 0.100, 0.100, 0.100, 0.100, 0.100, 0.100, 0.100, 0.100, 0.100, 0.100, 0.100, 0.100, 0.100, 0.100, 0.100, 0.100, 0.107, 0.100, 0.100, 0.100, 0.100, 0.100, 0.100, 0.100, 0.100, 0.100, 0.100, 0.100, 0.100]
    Layer 32: sigma=[0.100, 0.100, 0.100, 0.100, 0.100, 0.100, 0.100, 0.100, 0.100, 0.100, 0.100, 0.100, 0.100, 0.100, 0.100, 0.100, 0.100, 0.100, 0.100, 0.100, 0.100, 0.100, 0.100, 0.100, 0.100, 0.100, 0.100, 0.100, 0.100, 0.100, 0.100, 0.100]
    Layer 33: sigma=[0.100, 0.100, 0.100, 0.100, 0.100, 0.100, 0.100, 0.100, 0.100, 0.100, 0.100, 0.100, 0.100, 0.100, 0.100, 0.100, 0.100, 0.100, 0.100, 0.100, 0.100, 0.100, 0.100, 0.100, 0.100, 0.100, 0.100, 0.100, 0.100, 0.100, 0.100, 0.100]
    Layer 34: sigma=[0.100, 0.100, 0.100, 0.100, 0.100, 0.100, 0.100, 0.100, 0.100, 0.100, 0.100, 0.100, 0.100, 0.100, 0.100, 0.100, 0.100, 0.100, 0.100, 0.100, 0.100, 0.100, 0.100, 0.100, 0.100, 0.100, 0.100, 0.100, 0.100, 0.100, 0.100, 0.100]
    Layer 35: sigma=[0.100, 0.100, 0.100, 0.100, 0.108, 0.100, 0.100, 0.100, 0.100, 0.100, 0.100, 0.100, 0.100, 0.100, 0.100, 0.100, 0.100, 0.100, 0.100, 0.100, 0.100, 0.100, 0.115, 0.100, 0.100, 0.100, 0.100, 0.100, 0.100, 0.100, 0.100, 0.100]

  [Taylor Step 3/3] g_proj = v_proj * alpha (damping=0.01)...
    Layer  0: alpha=0.060476  teacher_rms=0.0163  v_rms=0.0027
    Layer  1: alpha=0.060814  teacher_rms=0.0205  v_rms=0.0034
    Layer  2: alpha=0.057014  teacher_rms=0.0214  v_rms=0.0038
    Layer  3: alpha=0.048807  teacher_rms=0.0259  v_rms=0.0053
    Layer  4: alpha=0.047462  teacher_rms=0.0304  v_rms=0.0064
    Layer  5: alpha=0.061890  teacher_rms=0.0409  v_rms=0.0066
    Layer  6: alpha=0.078296  teacher_rms=0.0621  v_rms=0.0079
    Layer  7: alpha=0.045532  teacher_rms=0.0530  v_rms=0.0116
    Layer  8: alpha=0.047011  teacher_rms=0.0708  v_rms=0.0151
    Layer  9: alpha=0.035023  teacher_rms=0.0713  v_rms=0.0204
    Layer 10: alpha=0.051225  teacher_rms=0.1092  v_rms=0.0213
    Layer 11: alpha=0.061969  teacher_rms=0.1046  v_rms=0.0169
    Layer 12: alpha=0.059485  teacher_rms=0.1207  v_rms=0.0203
    Layer 13: alpha=0.052567  teacher_rms=0.1040  v_rms=0.0198
    Layer 14: alpha=0.064672  teacher_rms=0.1547  v_rms=0.0239
    Layer 15: alpha=0.058060  teacher_rms=0.1576  v_rms=0.0272
    Layer 16: alpha=0.041420  teacher_rms=0.1473  v_rms=0.0356
    Layer 17: alpha=0.044791  teacher_rms=0.1753  v_rms=0.0391
    Layer 18: alpha=0.043261  teacher_rms=0.1990  v_rms=0.0460
    Layer 19: alpha=0.054245  teacher_rms=0.2060  v_rms=0.0380
    Layer 20: alpha=0.056009  teacher_rms=0.1966  v_rms=0.0351
    Layer 21: alpha=0.050801  teacher_rms=0.2373  v_rms=0.0467
    Layer 22: alpha=0.056846  teacher_rms=0.2834  v_rms=0.0499
    Layer 23: alpha=0.051273  teacher_rms=0.3098  v_rms=0.0604
    Layer 24: alpha=0.032832  teacher_rms=0.2897  v_rms=0.0882
    Layer 25: alpha=0.040058  teacher_rms=0.2376  v_rms=0.0593
    Layer 26: alpha=0.029256  teacher_rms=0.2124  v_rms=0.0726
    Layer 27: alpha=0.037093  teacher_rms=0.3083  v_rms=0.0831
    Layer 28: alpha=0.041786  teacher_rms=0.3705  v_rms=0.0887
    Layer 29: alpha=0.017344  teacher_rms=0.2548  v_rms=0.1469
    Layer 31: alpha=0.021191  teacher_rms=0.3785  v_rms=0.1786
    Layer 32: alpha=0.023899  teacher_rms=0.5288  v_rms=0.2213
    Layer 33: alpha=0.018560  teacher_rms=0.6404  v_rms=0.3451
    Layer 34: alpha=0.033190  teacher_rms=1.0325  v_rms=0.3111
    Layer 35: alpha=0.059771  teacher_rms=1.0168  v_rms=0.1701

  Set g_proj = v_proj * alpha in 35 GDN layers (damping=0.01).
  Init (taylor_init) done in 349.1s
  Layer 30: PPL = 1072267.75  (eval 13.3s)

============================================================
  Probing layer 31 | strategy=taylor_init
============================================================
Loading checkpoint shards:   0%|          | 0/4 [00:00<?, ?it/s]Loading checkpoint shards: 100%|██████████| 4/4 [00:00<00:00, 143.83it/s]
Could not cache non-existence of file. Will ignore error and continue. Error: [Errno 13] Permission denied: '/data/shared/huggingface/hub/models--Qwen--Qwen3-8B/.no_exist/b968826d9c46dd6066d109eabc6255188de91218/model.safetensors'
Loading checkpoint shards:   0%|          | 0/5 [00:00<?, ?it/s]Loading checkpoint shards: 100%|██████████| 5/5 [00:00<00:00, 191.56it/s]
Token indices sequence length is longer than the specified maximum sequence length for this model (2429029 > 131072). Running this sequence through the model will result in indexing errors
  [Taylor Step 1/3] Gate calibration from attention stats...
    Layer  0: dist=[32, 3, 12, 35, 12, 26, 9, 11, 19, 6, 8, 9, 18, 34, 31, 10, 16, 19, 16, 14, 13, 23, 4, 12, 5, 52, 10, 43, 15, 36, 15, 14]
    Layer  1: dist=[19, 38, 25, 44, 3, 15, 31, 11, 45, 36, 65, 60, 34, 47, 51, 38, 32, 54, 57, 33, 56, 24, 40, 40, 37, 9, 44, 41, 83, 31, 37, 49]
    Layer  2: dist=[65, 65, 67, 62, 26, 45, 33, 43, 39, 47, 56, 56, 53, 46, 46, 60, 61, 49, 54, 43, 49, 67, 48, 50, 25, 24, 21, 35, 73, 73, 77, 74]
    Layer  3: dist=[65, 26, 13, 22, 87, 93, 83, 73, 56, 53, 62, 58, 90, 73, 75, 74, 59, 62, 51, 67, 74, 60, 64, 65, 64, 56, 52, 59, 70, 63, 72, 65]
    Layer  4: dist=[62, 63, 73, 67, 73, 56, 61, 89, 68, 69, 63, 60, 55, 55, 71, 61, 62, 65, 67, 70, 64, 61, 47, 64, 41, 51, 48, 34, 51, 66, 55, 55]
    Layer  5: dist=[36, 48, 55, 35, 61, 68, 52, 51, 5, 18, 73, 61, 54, 78, 59, 52, 41, 32, 50, 48, 51, 55, 48, 59, 73, 73, 80, 80, 43, 44, 46, 58]
    Layer  6: dist=[27, 40, 30, 31, 52, 46, 67, 61, 46, 25, 43, 38, 56, 64, 56, 30, 47, 34, 45, 40, 20, 30, 32, 14, 35, 50, 32, 49, 47, 43, 37, 53]
    Layer  7: dist=[55, 60, 64, 87, 126, 114, 127, 121, 88, 119, 99, 72, 108, 23, 53, 97, 80, 101, 85, 81, 106, 86, 112, 116, 64, 78, 47, 86, 97, 101, 101, 106]
    Layer  8: dist=[83, 87, 90, 58, 81, 77, 69, 78, 86, 99, 87, 90, 94, 86, 96, 70, 116, 107, 103, 96, 92, 106, 100, 111, 92, 72, 95, 67, 84, 72, 79, 74]
    Layer  9: dist=[76, 60, 61, 67, 83, 97, 96, 74, 123, 120, 118, 112, 27, 87, 63, 85, 93, 100, 114, 125, 87, 77, 60, 70, 119, 81, 91, 97, 125, 113, 127, 123]
    Layer 10: dist=[76, 71, 58, 74, 85, 102, 64, 74, 63, 88, 106, 49, 88, 67, 82, 86, 87, 102, 100, 107, 88, 60, 107, 90, 93, 107, 84, 77, 76, 65, 82, 90]
    Layer 11: dist=[78, 65, 79, 48, 53, 61, 78, 77, 102, 123, 109, 93, 82, 64, 65, 69, 69, 63, 61, 51, 77, 107, 89, 87, 67, 59, 56, 54, 95, 55, 55, 94]
    Layer 12: dist=[21, 72, 79, 61, 87, 83, 66, 70, 63, 62, 74, 77, 86, 81, 82, 87, 39, 68, 59, 94, 102, 112, 97, 103, 93, 2, 107, 38, 81, 88, 113, 91]
    Layer 13: dist=[52, 68, 66, 62, 52, 51, 65, 40, 86, 63, 99, 122, 128, 115, 109, 124, 85, 72, 57, 61, 93, 55, 83, 90, 84, 59, 72, 76, 113, 111, 96, 99]
    Layer 14: dist=[44, 64, 65, 46, 62, 45, 64, 65, 54, 57, 70, 68, 69, 76, 65, 67, 77, 86, 51, 64, 65, 31, 51, 81, 52, 67, 73, 64, 85, 88, 8, 89]
    Layer 15: dist=[80, 44, 79, 38, 37, 38, 79, 67, 90, 60, 46, 104, 68, 107, 79, 89, 61, 57, 64, 68, 58, 60, 50, 51, 49, 34, 86, 62, 72, 84, 71, 49]
    Layer 16: dist=[61, 57, 74, 85, 55, 58, 48, 55, 54, 82, 73, 84, 90, 69, 86, 86, 68, 71, 60, 62, 115, 118, 110, 103, 71, 54, 64, 10, 58, 59, 65, 56]
    Layer 17: dist=[111, 95, 79, 67, 53, 57, 39, 47, 90, 108, 79, 100, 40, 57, 71, 74, 44, 61, 61, 42, 75, 98, 93, 97, 58, 55, 57, 52, 53, 79, 93, 67]
    Layer 18: dist=[34, 45, 35, 33, 56, 78, 74, 57, 64, 67, 66, 79, 61, 60, 57, 62, 46, 74, 72, 52, 68, 47, 65, 96, 58, 62, 61, 63, 52, 53, 79, 56]
    Layer 19: dist=[73, 64, 63, 62, 76, 103, 54, 71, 81, 85, 84, 93, 63, 57, 75, 63, 84, 85, 49, 49, 21, 50, 33, 49, 102, 106, 102, 116, 77, 77, 73, 72]
    Layer 20: dist=[89, 79, 80, 77, 78, 51, 49, 57, 40, 36, 43, 39, 92, 79, 87, 96, 45, 51, 56, 39, 73, 111, 101, 98, 125, 97, 105, 85, 93, 79, 108, 108]
    Layer 21: dist=[44, 50, 56, 68, 115, 65, 96, 118, 118, 61, 71, 69, 46, 41, 44, 42, 75, 75, 83, 65, 89, 99, 95, 96, 64, 62, 60, 80, 73, 79, 60, 88]
    Layer 22: dist=[73, 60, 67, 63, 52, 72, 45, 56, 37, 49, 45, 59, 18, 86, 61, 64, 33, 79, 76, 41, 102, 115, 120, 121, 101, 84, 91, 95, 114, 92, 103, 95]
    Layer 23: dist=[39, 30, 48, 39, 110, 111, 41, 102, 79, 36, 45, 63, 75, 72, 79, 77, 82, 75, 74, 94, 72, 93, 82, 76, 78, 72, 68, 100, 91, 90, 83, 78]
    Layer 24: dist=[79, 124, 109, 101, 99, 109, 111, 97, 102, 105, 104, 84, 78, 75, 89, 74, 81, 86, 98, 88, 120, 103, 102, 117, 65, 73, 79, 51, 95, 111, 98, 88]
    Layer 25: dist=[105, 121, 118, 94, 71, 72, 107, 80, 96, 97, 85, 90, 65, 89, 50, 68, 93, 99, 97, 89, 102, 111, 105, 108, 110, 110, 99, 108, 88, 125, 98, 88]
    Layer 26: dist=[80, 88, 106, 68, 115, 113, 113, 110, 102, 107, 105, 98, 100, 124, 116, 116, 86, 93, 99, 95, 102, 113, 122, 114, 99, 97, 102, 93, 115, 96, 114, 95]
    Layer 27: dist=[87, 108, 103, 117, 98, 105, 101, 86, 77, 100, 107, 99, 78, 109, 80, 86, 96, 99, 99, 104, 91, 112, 113, 92, 110, 113, 116, 117, 107, 77, 92, 117]
    Layer 28: dist=[103, 92, 102, 102, 82, 63, 80, 76, 96, 107, 92, 89, 112, 105, 96, 101, 112, 104, 104, 108, 119, 71, 60, 89, 91, 88, 99, 99, 92, 92, 71, 95]
    Layer 29: dist=[113, 114, 114, 113, 90, 112, 94, 114, 119, 113, 122, 105, 120, 120, 119, 120, 116, 106, 115, 121, 123, 123, 107, 125, 100, 114, 97, 92, 106, 95, 106, 109]
    Layer 30: dist=[75, 102, 99, 100, 102, 100, 90, 67, 117, 117, 115, 120, 105, 104, 113, 101, 97, 78, 120, 122, 51, 120, 100, 110, 119, 119, 119, 118, 106, 110, 107, 102]
    Layer 32: dist=[110, 114, 114, 111, 116, 119, 116, 117, 110, 111, 117, 115, 93, 113, 108, 91, 118, 106, 109, 111, 123, 92, 114, 120, 71, 95, 80, 105, 116, 107, 99, 103]
    Layer 33: dist=[102, 120, 112, 119, 91, 102, 57, 94, 116, 116, 113, 113, 114, 115, 113, 116, 114, 117, 106, 109, 112, 96, 110, 113, 111, 119, 122, 118, 110, 111, 107, 104]
    Layer 34: dist=[110, 109, 112, 113, 105, 111, 108, 102, 53, 93, 114, 86, 117, 115, 120, 81, 82, 89, 126, 55, 119, 51, 118, 119, 122, 122, 125, 122, 54, 62, 68, 109]
    Layer 35: dist=[105, 123, 71, 97, 82, 36, 112, 100, 85, 94, 112, 96, 63, 28, 49, 40, 98, 74, 84, 48, 90, 102, 55, 54, 66, 49, 68, 72, 73, 115, 122, 117]

  [Taylor Step 2/3] OLS sigma per head (scaling V, streaming)...
    Layer  0: sigma=[0.614, 0.100, 0.100, 0.100, 0.332, 0.379, 0.100, 0.100, 0.100, 0.148, 0.100, 0.100, 0.100, 0.100, 0.100, 0.260, 0.100, 0.100, 0.100, 0.100, 0.100, 0.100, 0.100, 0.100, 0.100, 0.100, 0.349, 0.100, 0.100, 0.100, 0.161, 0.100]
    Layer  1: sigma=[0.350, 0.100, 0.100, 0.100, 0.100, 0.100, 0.100, 0.100, 0.100, 0.168, 0.247, 0.100, 0.100, 0.100, 0.100, 0.100, 0.100, 0.100, 0.100, 0.100, 0.100, 0.100, 0.100, 0.117, 0.100, 0.100, 0.114, 0.100, 0.100, 0.100, 0.100, 0.100]
    Layer  2: sigma=[0.100, 0.100, 0.100, 0.100, 0.100, 0.100, 0.100, 0.100, 0.109, 0.100, 0.100, 0.100, 0.100, 0.142, 0.100, 0.100, 0.100, 0.220, 0.100, 0.100, 0.100, 0.100, 0.100, 0.100, 0.100, 0.171, 0.100, 0.100, 0.100, 0.100, 0.100, 0.100]
    Layer  3: sigma=[0.100, 0.322, 0.100, 0.156, 0.100, 0.100, 0.100, 0.100, 0.100, 0.100, 0.100, 0.100, 0.100, 0.100, 0.100, 0.100, 0.100, 0.100, 0.100, 0.100, 0.100, 0.106, 0.100, 0.100, 0.100, 0.100, 0.100, 0.100, 0.100, 0.100, 0.100, 0.100]
    Layer  4: sigma=[0.100, 0.100, 0.100, 0.100, 0.100, 0.100, 0.100, 0.100, 0.100, 0.100, 0.100, 0.100, 0.100, 0.100, 0.100, 0.100, 0.100, 0.100, 0.100, 0.100, 0.132, 0.139, 0.319, 0.100, 0.100, 0.100, 0.100, 0.100, 0.100, 0.100, 0.100, 0.100]
    Layer  5: sigma=[0.100, 0.100, 0.100, 0.100, 0.100, 0.100, 0.100, 0.100, 0.100, 0.139, 0.100, 0.110, 0.100, 0.100, 0.100, 0.121, 0.100, 0.181, 0.100, 0.100, 0.100, 0.100, 0.100, 0.100, 0.100, 0.100, 0.100, 0.100, 0.100, 0.100, 0.100, 0.100]
    Layer  6: sigma=[0.100, 0.100, 0.100, 0.100, 0.100, 0.100, 0.100, 0.100, 0.100, 0.100, 0.100, 0.100, 0.100, 0.100, 0.100, 0.100, 0.100, 0.100, 0.100, 0.100, 0.157, 0.100, 0.100, 0.100, 0.100, 0.100, 0.100, 0.100, 0.100, 0.100, 0.100, 0.100]
    Layer  7: sigma=[0.100, 0.158, 0.100, 0.100, 0.123, 0.100, 0.100, 0.100, 0.100, 0.100, 0.100, 0.100, 0.100, 0.100, 0.100, 0.100, 0.100, 0.100, 0.100, 0.100, 0.100, 0.100, 0.100, 0.100, 0.100, 0.100, 0.100, 0.100, 0.100, 0.100, 0.100, 0.100]
    Layer  8: sigma=[0.100, 0.100, 0.100, 0.100, 0.100, 0.100, 0.100, 0.100, 0.100, 0.100, 0.100, 0.100, 0.100, 0.100, 0.100, 0.100, 0.100, 0.100, 0.100, 0.100, 0.100, 0.100, 0.100, 0.100, 0.100, 0.100, 0.100, 0.166, 0.100, 0.100, 0.100, 0.100]
    Layer  9: sigma=[0.100, 0.100, 0.100, 0.100, 0.100, 0.100, 0.100, 0.100, 0.100, 0.100, 0.100, 0.100, 0.100, 0.100, 0.552, 0.134, 0.100, 0.100, 0.100, 0.100, 0.100, 0.100, 0.100, 0.100, 0.100, 0.100, 0.100, 0.100, 0.100, 0.100, 0.100, 0.100]
    Layer 10: sigma=[0.100, 0.100, 0.100, 0.100, 0.100, 0.100, 0.100, 0.100, 0.100, 0.100, 0.100, 0.100, 0.100, 0.100, 0.100, 0.100, 0.100, 0.100, 0.100, 0.100, 0.100, 0.100, 0.100, 0.100, 0.100, 0.100, 0.100, 0.100, 0.100, 0.100, 0.100, 0.100]
    Layer 11: sigma=[0.100, 0.100, 0.100, 0.100, 0.138, 0.100, 0.100, 0.100, 0.100, 0.116, 0.100, 0.100, 0.100, 0.100, 0.248, 0.100, 0.100, 0.100, 0.100, 0.100, 0.100, 0.100, 0.100, 0.100, 0.100, 0.100, 0.163, 0.100, 0.100, 0.100, 0.100, 0.100]
    Layer 12: sigma=[0.100, 0.100, 0.100, 0.100, 0.100, 0.100, 0.100, 0.100, 0.100, 0.105, 0.100, 0.107, 0.100, 0.100, 0.100, 0.100, 0.100, 0.332, 0.180, 0.100, 0.100, 0.100, 0.100, 0.100, 0.100, 0.100, 0.100, 0.215, 0.100, 0.100, 0.122, 0.100]
    Layer 13: sigma=[0.229, 0.100, 0.100, 0.326, 0.100, 0.100, 0.100, 0.100, 0.100, 0.100, 0.100, 0.100, 0.100, 0.100, 0.100, 0.100, 0.100, 0.100, 0.100, 0.117, 0.100, 0.100, 0.100, 0.100, 0.100, 0.100, 0.100, 0.100, 0.100, 0.100, 0.100, 0.100]
    Layer 14: sigma=[0.100, 0.100, 0.100, 0.100, 0.100, 0.406, 0.100, 0.100, 0.100, 0.100, 0.100, 0.100, 0.100, 0.100, 0.100, 0.100, 0.100, 0.100, 0.100, 0.100, 0.100, 0.100, 0.100, 0.100, 0.116, 0.121, 0.100, 0.100, 0.100, 0.100, 0.100, 0.100]
    Layer 15: sigma=[0.100, 0.172, 0.100, 0.100, 0.100, 0.108, 0.100, 0.100, 0.100, 0.100, 0.100, 0.100, 0.197, 0.100, 0.100, 0.100, 0.100, 0.100, 0.100, 0.100, 0.100, 0.100, 0.100, 0.100, 0.144, 0.100, 0.100, 0.100, 0.100, 0.100, 0.100, 0.100]
    Layer 16: sigma=[0.100, 0.100, 0.100, 0.100, 0.100, 0.100, 0.100, 0.100, 0.100, 0.100, 0.100, 0.100, 0.100, 0.100, 0.100, 0.100, 0.100, 0.100, 0.100, 0.100, 0.100, 0.100, 0.100, 0.100, 0.100, 0.100, 0.100, 0.457, 0.100, 0.100, 0.100, 0.100]
    Layer 17: sigma=[0.100, 0.100, 0.100, 0.100, 0.100, 0.142, 0.100, 0.100, 0.100, 0.100, 0.100, 0.100, 0.100, 0.100, 0.100, 0.100, 0.123, 0.104, 0.100, 0.413, 0.100, 0.100, 0.100, 0.107, 0.146, 0.100, 0.396, 0.100, 0.100, 0.100, 0.100, 0.100]
    Layer 18: sigma=[0.100, 0.461, 0.100, 0.100, 0.100, 0.100, 0.100, 0.186, 0.100, 0.100, 0.100, 0.100, 0.100, 0.100, 0.100, 0.100, 0.149, 0.100, 0.100, 0.100, 0.100, 0.100, 0.100, 0.100, 0.100, 0.100, 0.100, 0.100, 0.100, 0.100, 0.100, 0.100]
    Layer 19: sigma=[0.100, 0.100, 0.100, 0.100, 0.100, 0.100, 0.100, 0.100, 0.100, 0.100, 0.100, 0.100, 0.133, 0.100, 0.100, 0.189, 0.100, 0.100, 0.100, 0.296, 0.100, 0.100, 0.100, 0.100, 0.100, 0.100, 0.100, 0.100, 0.100, 0.100, 0.100, 0.100]
    Layer 20: sigma=[0.100, 0.100, 0.100, 0.100, 0.100, 0.181, 0.100, 0.100, 0.146, 0.110, 0.100, 0.100, 0.100, 0.100, 0.100, 0.131, 0.100, 0.135, 0.100, 0.100, 0.100, 0.100, 0.100, 0.100, 0.100, 0.100, 0.100, 0.100, 0.100, 0.100, 0.100, 0.100]
    Layer 21: sigma=[0.100, 0.120, 0.100, 0.100, 0.100, 0.100, 0.100, 0.100, 0.100, 0.145, 0.100, 0.289, 0.100, 0.100, 0.114, 0.100, 0.100, 0.100, 0.100, 0.100, 0.100, 0.108, 0.100, 0.100, 0.100, 0.100, 0.100, 0.100, 0.100, 0.100, 0.246, 0.100]
    Layer 22: sigma=[0.148, 0.100, 0.100, 0.100, 0.180, 0.125, 0.100, 0.164, 0.105, 0.100, 0.100, 0.100, 0.100, 0.100, 0.100, 0.109, 0.100, 0.100, 0.100, 0.100, 0.100, 0.100, 0.100, 0.100, 0.100, 0.100, 0.100, 0.100, 0.100, 0.100, 0.100, 0.100]
    Layer 23: sigma=[0.179, 0.264, 0.176, 0.100, 0.100, 0.100, 0.102, 0.100, 0.100, 0.292, 0.100, 0.100, 0.100, 0.100, 0.114, 0.100, 0.100, 0.100, 0.100, 0.100, 0.100, 0.100, 0.100, 0.100, 0.100, 0.100, 0.100, 0.100, 0.100, 0.100, 0.166, 0.263]
    Layer 24: sigma=[0.100, 0.100, 0.100, 0.100, 0.100, 0.100, 0.100, 0.100, 0.100, 0.100, 0.100, 0.100, 0.100, 0.100, 0.100, 0.153, 0.100, 0.100, 0.100, 0.100, 0.100, 0.100, 0.100, 0.100, 0.241, 0.366, 0.100, 0.370, 0.100, 0.100, 0.100, 0.100]
    Layer 25: sigma=[0.100, 0.100, 0.100, 0.100, 0.100, 0.100, 0.100, 0.100, 0.100, 0.100, 0.100, 0.100, 0.100, 0.100, 0.100, 0.100, 0.100, 0.100, 0.100, 0.100, 0.100, 0.100, 0.100, 0.100, 0.100, 0.100, 0.100, 0.100, 0.100, 0.100, 0.100, 0.100]
    Layer 26: sigma=[0.136, 0.100, 0.100, 0.100, 0.100, 0.100, 0.100, 0.100, 0.100, 0.100, 0.100, 0.100, 0.100, 0.100, 0.100, 0.100, 0.100, 0.100, 0.100, 0.100, 0.100, 0.100, 0.100, 0.100, 0.100, 0.100, 0.100, 0.100, 0.100, 0.100, 0.100, 0.100]
    Layer 27: sigma=[0.100, 0.100, 0.100, 0.100, 0.100, 0.100, 0.100, 0.100, 0.100, 0.100, 0.100, 0.100, 0.100, 0.100, 0.100, 0.100, 0.100, 0.100, 0.100, 0.100, 0.100, 0.100, 0.100, 0.100, 0.100, 0.100, 0.100, 0.100, 0.100, 0.100, 0.100, 0.100]
    Layer 28: sigma=[0.100, 0.100, 0.100, 0.100, 0.100, 0.111, 0.100, 0.100, 0.100, 0.100, 0.100, 0.100, 0.100, 0.100, 0.100, 0.100, 0.100, 0.100, 0.100, 0.100, 0.100, 0.100, 0.100, 0.100, 0.100, 0.100, 0.100, 0.100, 0.100, 0.100, 0.100, 0.100]
    Layer 29: sigma=[0.100, 0.100, 0.100, 0.100, 0.100, 0.100, 0.100, 0.100, 0.100, 0.100, 0.100, 0.100, 0.100, 0.100, 0.100, 0.100, 0.100, 0.100, 0.100, 0.100, 0.100, 0.100, 0.100, 0.100, 0.100, 0.100, 0.100, 0.100, 0.100, 0.100, 0.100, 0.100]
    Layer 30: sigma=[0.100, 0.100, 0.100, 0.100, 0.100, 0.100, 0.100, 0.100, 0.100, 0.100, 0.100, 0.100, 0.100, 0.100, 0.100, 0.100, 0.100, 0.100, 0.100, 0.100, 0.100, 0.100, 0.100, 0.100, 0.100, 0.100, 0.100, 0.100, 0.100, 0.100, 0.100, 0.100]
    Layer 32: sigma=[0.100, 0.100, 0.100, 0.100, 0.100, 0.100, 0.100, 0.100, 0.100, 0.100, 0.100, 0.100, 0.100, 0.100, 0.100, 0.100, 0.100, 0.100, 0.100, 0.100, 0.100, 0.100, 0.100, 0.100, 0.100, 0.100, 0.100, 0.100, 0.100, 0.100, 0.100, 0.100]
    Layer 33: sigma=[0.100, 0.100, 0.100, 0.100, 0.100, 0.100, 0.100, 0.100, 0.100, 0.100, 0.100, 0.100, 0.100, 0.100, 0.100, 0.100, 0.100, 0.100, 0.100, 0.100, 0.100, 0.100, 0.100, 0.100, 0.100, 0.100, 0.100, 0.100, 0.100, 0.100, 0.100, 0.100]
    Layer 34: sigma=[0.100, 0.100, 0.100, 0.100, 0.100, 0.100, 0.100, 0.100, 0.100, 0.100, 0.100, 0.151, 0.100, 0.100, 0.100, 0.100, 0.100, 0.100, 0.100, 0.112, 0.100, 0.100, 0.100, 0.100, 0.100, 0.100, 0.100, 0.100, 0.100, 0.100, 0.100, 0.100]
    Layer 35: sigma=[0.100, 0.100, 0.100, 0.100, 0.100, 0.100, 0.100, 0.100, 0.100, 0.102, 0.100, 0.100, 0.100, 0.100, 0.100, 0.100, 0.100, 0.100, 0.100, 0.100, 0.100, 0.100, 0.111, 0.100, 0.100, 0.100, 0.100, 0.100, 0.100, 0.100, 0.100, 0.100]

  [Taylor Step 3/3] g_proj = v_proj * alpha (damping=0.01)...
    Layer  0: alpha=0.060482  teacher_rms=0.0163  v_rms=0.0027
    Layer  1: alpha=0.060807  teacher_rms=0.0205  v_rms=0.0034
    Layer  2: alpha=0.057074  teacher_rms=0.0214  v_rms=0.0038
    Layer  3: alpha=0.048796  teacher_rms=0.0259  v_rms=0.0053
    Layer  4: alpha=0.047337  teacher_rms=0.0304  v_rms=0.0064
    Layer  5: alpha=0.061779  teacher_rms=0.0409  v_rms=0.0066
    Layer  6: alpha=0.078285  teacher_rms=0.0621  v_rms=0.0079
    Layer  7: alpha=0.045771  teacher_rms=0.0530  v_rms=0.0116
    Layer  8: alpha=0.047700  teacher_rms=0.0708  v_rms=0.0148
    Layer  9: alpha=0.035781  teacher_rms=0.0713  v_rms=0.0199
    Layer 10: alpha=0.051222  teacher_rms=0.1092  v_rms=0.0213
    Layer 11: alpha=0.062733  teacher_rms=0.1046  v_rms=0.0167
    Layer 12: alpha=0.059222  teacher_rms=0.1207  v_rms=0.0204
    Layer 13: alpha=0.053048  teacher_rms=0.1040  v_rms=0.0196
    Layer 14: alpha=0.063970  teacher_rms=0.1547  v_rms=0.0242
    Layer 15: alpha=0.058261  teacher_rms=0.1576  v_rms=0.0271
    Layer 16: alpha=0.040980  teacher_rms=0.1473  v_rms=0.0360
    Layer 17: alpha=0.044173  teacher_rms=0.1753  v_rms=0.0397
    Layer 18: alpha=0.045441  teacher_rms=0.1990  v_rms=0.0438
    Layer 19: alpha=0.055106  teacher_rms=0.2060  v_rms=0.0374
    Layer 20: alpha=0.056564  teacher_rms=0.1966  v_rms=0.0348
    Layer 21: alpha=0.052371  teacher_rms=0.2373  v_rms=0.0453
    Layer 22: alpha=0.057052  teacher_rms=0.2834  v_rms=0.0497
    Layer 23: alpha=0.049698  teacher_rms=0.3098  v_rms=0.0623
    Layer 24: alpha=0.033415  teacher_rms=0.2897  v_rms=0.0867
    Layer 25: alpha=0.040058  teacher_rms=0.2376  v_rms=0.0593
    Layer 26: alpha=0.028866  teacher_rms=0.2124  v_rms=0.0736
    Layer 27: alpha=0.037093  teacher_rms=0.3083  v_rms=0.0831
    Layer 28: alpha=0.042633  teacher_rms=0.3705  v_rms=0.0869
    Layer 29: alpha=0.017344  teacher_rms=0.2548  v_rms=0.1469
    Layer 30: alpha=0.029045  teacher_rms=0.4297  v_rms=0.1480
    Layer 32: alpha=0.023899  teacher_rms=0.5288  v_rms=0.2213
    Layer 33: alpha=0.018560  teacher_rms=0.6404  v_rms=0.3451
    Layer 34: alpha=0.032817  teacher_rms=1.0325  v_rms=0.3146
    Layer 35: alpha=0.059914  teacher_rms=1.0168  v_rms=0.1697

  Set g_proj = v_proj * alpha in 35 GDN layers (damping=0.01).
  Init (taylor_init) done in 338.2s
  Layer 31: PPL = 4236875.00  (eval 13.3s)

============================================================
  Probing layer 32 | strategy=taylor_init
============================================================
Loading checkpoint shards:   0%|          | 0/4 [00:00<?, ?it/s]Loading checkpoint shards: 100%|██████████| 4/4 [00:00<00:00, 150.73it/s]
Could not cache non-existence of file. Will ignore error and continue. Error: [Errno 13] Permission denied: '/data/shared/huggingface/hub/models--Qwen--Qwen3-8B/.no_exist/b968826d9c46dd6066d109eabc6255188de91218/model.safetensors'
Loading checkpoint shards:   0%|          | 0/5 [00:00<?, ?it/s]Loading checkpoint shards: 100%|██████████| 5/5 [00:00<00:00, 189.27it/s]
Token indices sequence length is longer than the specified maximum sequence length for this model (2429029 > 131072). Running this sequence through the model will result in indexing errors
  [Taylor Step 1/3] Gate calibration from attention stats...
    Layer  0: dist=[32, 3, 12, 35, 12, 26, 9, 11, 19, 6, 8, 9, 18, 34, 31, 10, 16, 19, 16, 14, 13, 23, 4, 12, 5, 52, 10, 43, 15, 36, 15, 14]
    Layer  1: dist=[19, 38, 25, 44, 3, 15, 31, 11, 45, 36, 65, 60, 34, 47, 51, 38, 32, 54, 57, 33, 56, 24, 40, 40, 37, 9, 44, 41, 83, 31, 37, 49]
    Layer  2: dist=[65, 65, 67, 62, 26, 45, 33, 43, 39, 47, 56, 56, 53, 46, 46, 60, 61, 49, 54, 43, 49, 67, 48, 50, 25, 24, 21, 35, 73, 73, 77, 74]
    Layer  3: dist=[65, 26, 13, 22, 87, 93, 83, 73, 56, 53, 62, 58, 90, 73, 75, 74, 59, 62, 51, 67, 74, 60, 64, 65, 64, 56, 52, 59, 70, 63, 72, 65]
    Layer  4: dist=[62, 63, 73, 67, 73, 56, 61, 89, 68, 69, 63, 60, 55, 55, 71, 61, 62, 65, 67, 70, 64, 61, 47, 64, 41, 51, 48, 34, 51, 66, 55, 55]
    Layer  5: dist=[36, 48, 55, 35, 61, 68, 52, 51, 5, 18, 73, 61, 54, 78, 59, 52, 41, 32, 50, 48, 51, 55, 48, 59, 73, 73, 80, 80, 43, 44, 46, 58]
    Layer  6: dist=[27, 40, 30, 31, 52, 46, 67, 61, 46, 25, 43, 38, 56, 64, 56, 30, 47, 34, 45, 40, 20, 30, 32, 14, 35, 50, 32, 49, 47, 43, 37, 53]
    Layer  7: dist=[55, 60, 64, 87, 126, 114, 127, 121, 88, 119, 99, 72, 108, 23, 53, 97, 80, 101, 85, 81, 106, 86, 112, 116, 64, 78, 47, 86, 97, 101, 101, 106]
    Layer  8: dist=[83, 87, 90, 58, 81, 77, 69, 78, 86, 99, 87, 90, 94, 86, 96, 70, 116, 107, 103, 96, 92, 106, 100, 111, 92, 72, 95, 67, 84, 72, 79, 74]
    Layer  9: dist=[76, 60, 61, 67, 83, 97, 96, 74, 123, 120, 118, 112, 27, 87, 63, 85, 93, 100, 114, 125, 87, 77, 60, 70, 119, 81, 91, 97, 125, 113, 127, 123]
    Layer 10: dist=[76, 71, 58, 74, 85, 102, 64, 74, 63, 88, 106, 49, 88, 67, 82, 86, 87, 102, 100, 107, 88, 60, 107, 90, 93, 107, 84, 77, 76, 65, 82, 90]
    Layer 11: dist=[78, 65, 79, 48, 53, 61, 78, 77, 102, 123, 109, 93, 82, 64, 65, 69, 69, 63, 61, 51, 77, 107, 89, 87, 67, 59, 56, 54, 95, 55, 55, 94]
    Layer 12: dist=[21, 72, 79, 61, 87, 83, 66, 70, 63, 62, 74, 77, 86, 81, 82, 87, 39, 68, 59, 94, 102, 112, 97, 103, 93, 2, 107, 38, 81, 88, 113, 91]
    Layer 13: dist=[52, 68, 66, 62, 52, 51, 65, 40, 86, 63, 99, 122, 128, 115, 109, 124, 85, 72, 57, 61, 93, 55, 83, 90, 84, 59, 72, 76, 113, 111, 96, 99]
    Layer 14: dist=[44, 64, 65, 46, 62, 45, 64, 65, 54, 57, 70, 68, 69, 76, 65, 67, 77, 86, 51, 64, 65, 31, 51, 81, 52, 67, 73, 64, 85, 88, 8, 89]
    Layer 15: dist=[80, 44, 79, 38, 37, 38, 79, 67, 90, 60, 46, 104, 68, 107, 79, 89, 61, 57, 64, 68, 58, 60, 50, 51, 49, 34, 86, 62, 72, 84, 71, 49]
    Layer 16: dist=[61, 57, 74, 85, 55, 58, 48, 55, 54, 82, 73, 84, 90, 69, 86, 86, 68, 71, 60, 62, 115, 118, 110, 103, 71, 54, 64, 10, 58, 59, 65, 56]
    Layer 17: dist=[111, 95, 79, 67, 53, 57, 39, 47, 90, 108, 79, 100, 40, 57, 71, 74, 44, 61, 61, 42, 75, 98, 93, 97, 58, 55, 57, 52, 53, 79, 93, 67]
    Layer 18: dist=[34, 45, 35, 33, 56, 78, 74, 57, 64, 67, 66, 79, 61, 60, 57, 62, 46, 74, 72, 52, 68, 47, 65, 96, 58, 62, 61, 63, 52, 53, 79, 56]
    Layer 19: dist=[73, 64, 63, 62, 76, 103, 54, 71, 81, 85, 84, 93, 63, 57, 75, 63, 84, 85, 49, 49, 21, 50, 33, 49, 102, 106, 102, 116, 77, 77, 73, 72]
    Layer 20: dist=[89, 79, 80, 77, 78, 51, 49, 57, 40, 36, 43, 39, 92, 79, 87, 96, 45, 51, 56, 39, 73, 111, 101, 98, 125, 97, 105, 85, 93, 79, 108, 108]
    Layer 21: dist=[44, 50, 56, 68, 115, 65, 96, 118, 118, 61, 71, 69, 46, 41, 44, 42, 75, 75, 83, 65, 89, 99, 95, 96, 64, 62, 60, 80, 73, 79, 60, 88]
    Layer 22: dist=[73, 60, 67, 63, 52, 72, 45, 56, 37, 49, 45, 59, 18, 86, 61, 64, 33, 79, 76, 41, 102, 115, 120, 121, 101, 84, 91, 95, 114, 92, 103, 95]
    Layer 23: dist=[39, 30, 48, 39, 110, 111, 41, 102, 79, 36, 45, 63, 75, 72, 79, 77, 82, 75, 74, 94, 72, 93, 82, 76, 78, 72, 68, 100, 91, 90, 83, 78]
    Layer 24: dist=[79, 124, 109, 101, 99, 109, 111, 97, 102, 105, 104, 84, 78, 75, 89, 74, 81, 86, 98, 88, 120, 103, 102, 117, 65, 73, 79, 51, 95, 111, 98, 88]
    Layer 25: dist=[105, 121, 118, 94, 71, 72, 107, 80, 96, 97, 85, 90, 65, 89, 50, 68, 93, 99, 97, 89, 102, 111, 105, 108, 110, 110, 99, 108, 88, 125, 98, 88]
    Layer 26: dist=[80, 88, 106, 68, 115, 113, 113, 110, 102, 107, 105, 98, 100, 124, 116, 116, 86, 93, 99, 95, 102, 113, 122, 114, 99, 97, 102, 93, 115, 96, 114, 95]
    Layer 27: dist=[87, 108, 103, 117, 98, 105, 101, 86, 77, 100, 107, 99, 78, 109, 80, 86, 96, 99, 99, 104, 91, 112, 113, 92, 110, 113, 116, 117, 107, 77, 92, 117]
    Layer 28: dist=[103, 92, 102, 102, 82, 63, 80, 76, 96, 107, 92, 89, 112, 105, 96, 101, 112, 104, 104, 108, 119, 71, 60, 89, 91, 88, 99, 99, 92, 92, 71, 95]
    Layer 29: dist=[113, 114, 114, 113, 90, 112, 94, 114, 119, 113, 122, 105, 120, 120, 119, 120, 116, 106, 115, 121, 123, 123, 107, 125, 100, 114, 97, 92, 106, 95, 106, 109]
    Layer 30: dist=[75, 102, 99, 100, 102, 100, 90, 67, 117, 117, 115, 120, 105, 104, 113, 101, 97, 78, 120, 122, 51, 120, 100, 110, 119, 119, 119, 118, 106, 110, 107, 102]
    Layer 31: dist=[119, 117, 99, 98, 112, 113, 114, 116, 114, 77, 87, 91, 117, 116, 117, 115, 101, 101, 106, 94, 119, 116, 108, 119, 112, 109, 89, 120, 112, 106, 102, 110]
    Layer 33: dist=[102, 120, 112, 119, 91, 102, 57, 94, 116, 116, 113, 113, 114, 115, 113, 116, 114, 117, 106, 109, 112, 96, 110, 113, 111, 119, 122, 118, 110, 111, 107, 104]
    Layer 34: dist=[110, 109, 112, 113, 105, 111, 108, 102, 53, 93, 114, 86, 117, 115, 120, 81, 82, 89, 126, 55, 119, 51, 118, 119, 122, 122, 125, 122, 54, 62, 68, 109]
    Layer 35: dist=[105, 123, 71, 97, 82, 36, 112, 100, 85, 94, 112, 96, 63, 28, 49, 40, 98, 74, 84, 48, 90, 102, 55, 54, 66, 49, 68, 72, 73, 115, 122, 117]

  [Taylor Step 2/3] OLS sigma per head (scaling V, streaming)...
    Layer  0: sigma=[0.612, 0.100, 0.100, 0.100, 0.332, 0.381, 0.100, 0.100, 0.100, 0.148, 0.100, 0.100, 0.100, 0.100, 0.100, 0.260, 0.100, 0.100, 0.100, 0.100, 0.100, 0.100, 0.100, 0.100, 0.100, 0.100, 0.352, 0.100, 0.100, 0.100, 0.161, 0.100]
    Layer  1: sigma=[0.351, 0.100, 0.100, 0.100, 0.100, 0.100, 0.100, 0.100, 0.100, 0.168, 0.245, 0.100, 0.100, 0.100, 0.100, 0.100, 0.100, 0.100, 0.100, 0.100, 0.100, 0.100, 0.100, 0.116, 0.100, 0.100, 0.116, 0.100, 0.100, 0.100, 0.100, 0.100]
    Layer  2: sigma=[0.100, 0.100, 0.100, 0.100, 0.100, 0.100, 0.100, 0.100, 0.108, 0.100, 0.100, 0.100, 0.100, 0.144, 0.100, 0.100, 0.100, 0.219, 0.100, 0.100, 0.100, 0.100, 0.100, 0.100, 0.100, 0.172, 0.100, 0.100, 0.100, 0.100, 0.100, 0.100]
    Layer  3: sigma=[0.100, 0.321, 0.100, 0.157, 0.100, 0.100, 0.100, 0.100, 0.100, 0.100, 0.100, 0.100, 0.100, 0.100, 0.100, 0.100, 0.100, 0.100, 0.100, 0.100, 0.100, 0.106, 0.100, 0.100, 0.100, 0.100, 0.100, 0.100, 0.100, 0.100, 0.100, 0.100]
    Layer  4: sigma=[0.100, 0.100, 0.100, 0.100, 0.100, 0.100, 0.100, 0.100, 0.100, 0.100, 0.100, 0.100, 0.100, 0.100, 0.100, 0.100, 0.100, 0.100, 0.100, 0.100, 0.133, 0.139, 0.316, 0.100, 0.100, 0.100, 0.100, 0.100, 0.100, 0.100, 0.100, 0.100]
    Layer  5: sigma=[0.100, 0.100, 0.100, 0.100, 0.100, 0.100, 0.100, 0.100, 0.100, 0.135, 0.100, 0.111, 0.100, 0.100, 0.100, 0.121, 0.100, 0.180, 0.100, 0.100, 0.100, 0.100, 0.100, 0.100, 0.100, 0.100, 0.100, 0.100, 0.100, 0.100, 0.100, 0.100]
    Layer  6: sigma=[0.100, 0.100, 0.100, 0.100, 0.100, 0.100, 0.100, 0.100, 0.100, 0.100, 0.100, 0.100, 0.100, 0.100, 0.100, 0.100, 0.100, 0.100, 0.100, 0.100, 0.161, 0.100, 0.100, 0.100, 0.100, 0.100, 0.100, 0.100, 0.100, 0.100, 0.100, 0.100]
    Layer  7: sigma=[0.100, 0.141, 0.100, 0.100, 0.112, 0.100, 0.100, 0.100, 0.100, 0.100, 0.100, 0.100, 0.100, 0.100, 0.100, 0.100, 0.100, 0.100, 0.100, 0.100, 0.100, 0.100, 0.100, 0.100, 0.100, 0.100, 0.100, 0.100, 0.100, 0.100, 0.100, 0.100]
    Layer  8: sigma=[0.100, 0.100, 0.100, 0.100, 0.100, 0.100, 0.100, 0.100, 0.100, 0.100, 0.100, 0.100, 0.100, 0.100, 0.100, 0.100, 0.100, 0.100, 0.100, 0.100, 0.100, 0.100, 0.100, 0.100, 0.100, 0.100, 0.100, 0.169, 0.100, 0.100, 0.100, 0.100]
    Layer  9: sigma=[0.100, 0.100, 0.100, 0.100, 0.100, 0.100, 0.100, 0.100, 0.100, 0.100, 0.100, 0.100, 0.100, 0.100, 0.585, 0.134, 0.100, 0.100, 0.100, 0.100, 0.100, 0.100, 0.100, 0.100, 0.100, 0.100, 0.100, 0.100, 0.100, 0.100, 0.100, 0.100]
    Layer 10: sigma=[0.100, 0.100, 0.100, 0.100, 0.100, 0.100, 0.100, 0.100, 0.100, 0.100, 0.100, 0.100, 0.100, 0.100, 0.100, 0.100, 0.100, 0.100, 0.100, 0.100, 0.100, 0.100, 0.100, 0.100, 0.100, 0.100, 0.100, 0.100, 0.100, 0.100, 0.100, 0.100]
    Layer 11: sigma=[0.100, 0.100, 0.100, 0.100, 0.141, 0.100, 0.100, 0.100, 0.100, 0.104, 0.100, 0.100, 0.100, 0.100, 0.254, 0.100, 0.100, 0.100, 0.100, 0.100, 0.100, 0.100, 0.100, 0.100, 0.100, 0.100, 0.164, 0.100, 0.100, 0.100, 0.100, 0.100]
    Layer 12: sigma=[0.100, 0.100, 0.100, 0.100, 0.100, 0.100, 0.100, 0.100, 0.100, 0.104, 0.100, 0.106, 0.100, 0.100, 0.100, 0.100, 0.100, 0.347, 0.162, 0.100, 0.100, 0.100, 0.100, 0.100, 0.100, 0.100, 0.100, 0.212, 0.100, 0.100, 0.120, 0.100]
    Layer 13: sigma=[0.239, 0.100, 0.100, 0.328, 0.100, 0.100, 0.100, 0.100, 0.100, 0.100, 0.100, 0.100, 0.100, 0.100, 0.100, 0.100, 0.100, 0.100, 0.100, 0.112, 0.100, 0.100, 0.100, 0.100, 0.100, 0.100, 0.100, 0.100, 0.100, 0.100, 0.100, 0.100]
    Layer 14: sigma=[0.100, 0.100, 0.100, 0.100, 0.100, 0.383, 0.100, 0.100, 0.100, 0.100, 0.100, 0.100, 0.100, 0.100, 0.100, 0.100, 0.100, 0.100, 0.100, 0.100, 0.100, 0.100, 0.100, 0.100, 0.110, 0.115, 0.100, 0.100, 0.100, 0.100, 0.100, 0.100]
    Layer 15: sigma=[0.100, 0.194, 0.100, 0.100, 0.100, 0.108, 0.100, 0.100, 0.100, 0.100, 0.100, 0.100, 0.200, 0.100, 0.100, 0.100, 0.100, 0.100, 0.100, 0.100, 0.100, 0.100, 0.100, 0.100, 0.148, 0.100, 0.100, 0.100, 0.100, 0.100, 0.100, 0.100]
    Layer 16: sigma=[0.100, 0.100, 0.100, 0.100, 0.100, 0.100, 0.100, 0.100, 0.100, 0.100, 0.100, 0.100, 0.100, 0.100, 0.100, 0.100, 0.100, 0.100, 0.100, 0.100, 0.100, 0.100, 0.100, 0.100, 0.100, 0.100, 0.100, 0.445, 0.100, 0.100, 0.100, 0.100]
    Layer 17: sigma=[0.100, 0.100, 0.100, 0.100, 0.100, 0.143, 0.100, 0.100, 0.100, 0.100, 0.100, 0.100, 0.100, 0.100, 0.100, 0.100, 0.141, 0.136, 0.100, 0.396, 0.100, 0.100, 0.100, 0.109, 0.129, 0.100, 0.382, 0.100, 0.100, 0.100, 0.100, 0.100]
    Layer 18: sigma=[0.100, 0.473, 0.100, 0.100, 0.100, 0.100, 0.100, 0.174, 0.100, 0.100, 0.100, 0.100, 0.100, 0.100, 0.100, 0.100, 0.143, 0.100, 0.100, 0.100, 0.100, 0.100, 0.100, 0.100, 0.100, 0.100, 0.100, 0.100, 0.100, 0.100, 0.100, 0.100]
    Layer 19: sigma=[0.100, 0.100, 0.100, 0.100, 0.100, 0.100, 0.100, 0.100, 0.100, 0.100, 0.100, 0.100, 0.154, 0.100, 0.100, 0.170, 0.100, 0.100, 0.100, 0.297, 0.100, 0.100, 0.100, 0.116, 0.100, 0.100, 0.100, 0.100, 0.100, 0.100, 0.100, 0.100]
    Layer 20: sigma=[0.100, 0.100, 0.100, 0.100, 0.100, 0.214, 0.100, 0.100, 0.153, 0.111, 0.100, 0.100, 0.100, 0.100, 0.100, 0.115, 0.100, 0.128, 0.100, 0.100, 0.100, 0.100, 0.100, 0.100, 0.100, 0.100, 0.100, 0.100, 0.100, 0.100, 0.100, 0.100]
    Layer 21: sigma=[0.100, 0.134, 0.100, 0.100, 0.100, 0.100, 0.100, 0.100, 0.100, 0.163, 0.100, 0.242, 0.100, 0.100, 0.120, 0.100, 0.100, 0.100, 0.100, 0.100, 0.100, 0.113, 0.100, 0.100, 0.277, 0.100, 0.100, 0.100, 0.100, 0.100, 0.284, 0.100]
    Layer 22: sigma=[0.178, 0.100, 0.100, 0.100, 0.147, 0.100, 0.100, 0.198, 0.100, 0.100, 0.100, 0.100, 0.100, 0.100, 0.100, 0.104, 0.100, 0.100, 0.100, 0.100, 0.100, 0.100, 0.100, 0.100, 0.100, 0.100, 0.100, 0.100, 0.100, 0.100, 0.100, 0.100]
    Layer 23: sigma=[0.178, 0.268, 0.173, 0.100, 0.100, 0.100, 0.148, 0.100, 0.100, 0.260, 0.100, 0.100, 0.100, 0.100, 0.100, 0.100, 0.100, 0.100, 0.100, 0.100, 0.100, 0.100, 0.100, 0.100, 0.100, 0.100, 0.100, 0.100, 0.100, 0.100, 0.173, 0.326]
    Layer 24: sigma=[0.100, 0.100, 0.100, 0.100, 0.100, 0.100, 0.100, 0.100, 0.100, 0.100, 0.100, 0.100, 0.100, 0.100, 0.100, 0.122, 0.100, 0.100, 0.100, 0.100, 0.100, 0.100, 0.100, 0.100, 0.256, 0.355, 0.100, 0.388, 0.100, 0.100, 0.100, 0.100]
    Layer 25: sigma=[0.100, 0.100, 0.100, 0.100, 0.100, 0.100, 0.100, 0.100, 0.100, 0.100, 0.100, 0.100, 0.100, 0.100, 0.100, 0.100, 0.100, 0.100, 0.100, 0.100, 0.100, 0.100, 0.100, 0.100, 0.100, 0.100, 0.100, 0.100, 0.100, 0.100, 0.100, 0.100]
    Layer 26: sigma=[0.100, 0.100, 0.100, 0.100, 0.100, 0.100, 0.100, 0.100, 0.100, 0.100, 0.100, 0.100, 0.100, 0.100, 0.100, 0.100, 0.100, 0.100, 0.100, 0.100, 0.100, 0.100, 0.100, 0.100, 0.100, 0.100, 0.100, 0.100, 0.100, 0.100, 0.100, 0.100]
    Layer 27: sigma=[0.100, 0.100, 0.100, 0.100, 0.100, 0.100, 0.100, 0.100, 0.100, 0.100, 0.100, 0.100, 0.100, 0.100, 0.100, 0.100, 0.100, 0.100, 0.100, 0.100, 0.100, 0.100, 0.100, 0.100, 0.100, 0.100, 0.100, 0.100, 0.100, 0.100, 0.100, 0.100]
    Layer 28: sigma=[0.100, 0.100, 0.100, 0.100, 0.100, 0.100, 0.100, 0.157, 0.100, 0.100, 0.100, 0.100, 0.100, 0.100, 0.100, 0.100, 0.100, 0.100, 0.100, 0.100, 0.100, 0.100, 0.100, 0.100, 0.100, 0.100, 0.100, 0.100, 0.100, 0.100, 0.100, 0.100]
    Layer 29: sigma=[0.100, 0.100, 0.100, 0.100, 0.100, 0.100, 0.100, 0.100, 0.100, 0.100, 0.100, 0.100, 0.100, 0.100, 0.100, 0.100, 0.100, 0.100, 0.100, 0.100, 0.100, 0.100, 0.100, 0.100, 0.100, 0.100, 0.100, 0.100, 0.100, 0.100, 0.100, 0.100]
    Layer 30: sigma=[0.100, 0.100, 0.100, 0.100, 0.100, 0.100, 0.100, 0.100, 0.100, 0.100, 0.100, 0.100, 0.100, 0.100, 0.100, 0.106, 0.100, 0.100, 0.100, 0.100, 0.100, 0.100, 0.100, 0.100, 0.100, 0.100, 0.100, 0.100, 0.100, 0.100, 0.100, 0.100]
    Layer 31: sigma=[0.100, 0.100, 0.100, 0.100, 0.100, 0.100, 0.100, 0.100, 0.100, 0.100, 0.100, 0.100, 0.100, 0.100, 0.100, 0.100, 0.100, 0.100, 0.100, 0.106, 0.100, 0.100, 0.100, 0.100, 0.100, 0.100, 0.100, 0.100, 0.100, 0.100, 0.100, 0.100]
    Layer 33: sigma=[0.100, 0.100, 0.100, 0.100, 0.100, 0.100, 0.100, 0.100, 0.100, 0.100, 0.100, 0.100, 0.100, 0.100, 0.100, 0.100, 0.100, 0.100, 0.100, 0.100, 0.100, 0.100, 0.100, 0.100, 0.100, 0.100, 0.100, 0.100, 0.100, 0.100, 0.100, 0.100]
    Layer 34: sigma=[0.100, 0.100, 0.100, 0.100, 0.100, 0.100, 0.100, 0.100, 0.100, 0.100, 0.100, 0.219, 0.100, 0.100, 0.100, 0.100, 0.112, 0.100, 0.100, 0.100, 0.100, 0.100, 0.100, 0.100, 0.100, 0.100, 0.100, 0.100, 0.100, 0.100, 0.100, 0.100]
    Layer 35: sigma=[0.100, 0.100, 0.100, 0.100, 0.102, 0.100, 0.100, 0.100, 0.100, 0.100, 0.100, 0.100, 0.100, 0.100, 0.100, 0.100, 0.100, 0.100, 0.100, 0.100, 0.100, 0.100, 0.100, 0.100, 0.100, 0.100, 0.100, 0.100, 0.100, 0.100, 0.100, 0.100]

  [Taylor Step 3/3] g_proj = v_proj * alpha (damping=0.01)...
    Layer  0: alpha=0.060490  teacher_rms=0.0163  v_rms=0.0027
    Layer  1: alpha=0.060823  teacher_rms=0.0205  v_rms=0.0034
    Layer  2: alpha=0.057078  teacher_rms=0.0214  v_rms=0.0038
    Layer  3: alpha=0.048797  teacher_rms=0.0259  v_rms=0.0053
    Layer  4: alpha=0.047381  teacher_rms=0.0304  v_rms=0.0064
    Layer  5: alpha=0.061839  teacher_rms=0.0409  v_rms=0.0066
    Layer  6: alpha=0.078109  teacher_rms=0.0621  v_rms=0.0079
    Layer  7: alpha=0.046329  teacher_rms=0.0530  v_rms=0.0114
    Layer  8: alpha=0.047609  teacher_rms=0.0708  v_rms=0.0149
    Layer  9: alpha=0.034805  teacher_rms=0.0713  v_rms=0.0205
    Layer 10: alpha=0.051225  teacher_rms=0.1092  v_rms=0.0213
    Layer 11: alpha=0.062583  teacher_rms=0.1046  v_rms=0.0167
    Layer 12: alpha=0.059084  teacher_rms=0.1207  v_rms=0.0204
    Layer 13: alpha=0.052841  teacher_rms=0.1040  v_rms=0.0197
    Layer 14: alpha=0.065195  teacher_rms=0.1547  v_rms=0.0237
    Layer 15: alpha=0.057612  teacher_rms=0.1576  v_rms=0.0274
    Layer 16: alpha=0.041334  teacher_rms=0.1473  v_rms=0.0356
    Layer 17: alpha=0.044900  teacher_rms=0.1753  v_rms=0.0390
    Layer 18: alpha=0.044993  teacher_rms=0.1990  v_rms=0.0442
    Layer 19: alpha=0.054930  teacher_rms=0.2060  v_rms=0.0375
    Layer 20: alpha=0.055602  teacher_rms=0.1966  v_rms=0.0354
    Layer 21: alpha=0.049118  teacher_rms=0.2373  v_rms=0.0483
    Layer 22: alpha=0.057048  teacher_rms=0.2834  v_rms=0.0497
    Layer 23: alpha=0.047701  teacher_rms=0.3098  v_rms=0.0649
    Layer 24: alpha=0.033211  teacher_rms=0.2897  v_rms=0.0872
    Layer 25: alpha=0.040058  teacher_rms=0.2376  v_rms=0.0593
    Layer 26: alpha=0.029256  teacher_rms=0.2124  v_rms=0.0726
    Layer 27: alpha=0.037093  teacher_rms=0.3083  v_rms=0.0831
    Layer 28: alpha=0.042007  teacher_rms=0.3705  v_rms=0.0882
    Layer 29: alpha=0.017344  teacher_rms=0.2548  v_rms=0.1469
    Layer 30: alpha=0.028999  teacher_rms=0.4297  v_rms=0.1482
    Layer 31: alpha=0.021195  teacher_rms=0.3785  v_rms=0.1786
    Layer 33: alpha=0.018560  teacher_rms=0.6404  v_rms=0.3451
    Layer 34: alpha=0.032144  teacher_rms=1.0325  v_rms=0.3212
    Layer 35: alpha=0.060070  teacher_rms=1.0168  v_rms=0.1693

  Set g_proj = v_proj * alpha in 35 GDN layers (damping=0.01).
  Init (taylor_init) done in 331.2s
  Layer 32: PPL = 1406707.12  (eval 13.1s)

============================================================
  Probing layer 33 | strategy=taylor_init
============================================================
Loading checkpoint shards:   0%|          | 0/4 [00:00<?, ?it/s]Loading checkpoint shards: 100%|██████████| 4/4 [00:00<00:00, 148.66it/s]
Could not cache non-existence of file. Will ignore error and continue. Error: [Errno 13] Permission denied: '/data/shared/huggingface/hub/models--Qwen--Qwen3-8B/.no_exist/b968826d9c46dd6066d109eabc6255188de91218/model.safetensors'
Loading checkpoint shards:   0%|          | 0/5 [00:00<?, ?it/s]Loading checkpoint shards: 100%|██████████| 5/5 [00:00<00:00, 74.54it/s]
Token indices sequence length is longer than the specified maximum sequence length for this model (2429029 > 131072). Running this sequence through the model will result in indexing errors
  [Taylor Step 1/3] Gate calibration from attention stats...
    Layer  0: dist=[32, 3, 12, 35, 12, 26, 9, 11, 19, 6, 8, 9, 18, 34, 31, 10, 16, 19, 16, 14, 13, 23, 4, 12, 5, 52, 10, 43, 15, 36, 15, 14]
    Layer  1: dist=[19, 38, 25, 44, 3, 15, 31, 11, 45, 36, 65, 60, 34, 47, 51, 38, 32, 54, 57, 33, 56, 24, 40, 40, 37, 9, 44, 41, 83, 31, 37, 49]
    Layer  2: dist=[65, 65, 67, 62, 26, 45, 33, 43, 39, 47, 56, 56, 53, 46, 46, 60, 61, 49, 54, 43, 49, 67, 48, 50, 25, 24, 21, 35, 73, 73, 77, 74]
    Layer  3: dist=[65, 26, 13, 22, 87, 93, 83, 73, 56, 53, 62, 58, 90, 73, 75, 74, 59, 62, 51, 67, 74, 60, 64, 65, 64, 56, 52, 59, 70, 63, 72, 65]
    Layer  4: dist=[62, 63, 73, 67, 73, 56, 61, 89, 68, 69, 63, 60, 55, 55, 71, 61, 62, 65, 67, 70, 64, 61, 47, 64, 41, 51, 48, 34, 51, 66, 55, 55]
    Layer  5: dist=[36, 48, 55, 35, 61, 68, 52, 51, 5, 18, 73, 61, 54, 78, 59, 52, 41, 32, 50, 48, 51, 55, 48, 59, 73, 73, 80, 80, 43, 44, 46, 58]
    Layer  6: dist=[27, 40, 30, 31, 52, 46, 67, 61, 46, 25, 43, 38, 56, 64, 56, 30, 47, 34, 45, 40, 20, 30, 32, 14, 35, 50, 32, 49, 47, 43, 37, 53]
    Layer  7: dist=[55, 60, 64, 87, 126, 114, 127, 121, 88, 119, 99, 72, 108, 23, 53, 97, 80, 101, 85, 81, 106, 86, 112, 116, 64, 78, 47, 86, 97, 101, 101, 106]
    Layer  8: dist=[83, 87, 90, 58, 81, 77, 69, 78, 86, 99, 87, 90, 94, 86, 96, 70, 116, 107, 103, 96, 92, 106, 100, 111, 92, 72, 95, 67, 84, 72, 79, 74]
    Layer  9: dist=[76, 60, 61, 67, 83, 97, 96, 74, 123, 120, 118, 112, 27, 87, 63, 85, 93, 100, 114, 125, 87, 77, 60, 70, 119, 81, 91, 97, 125, 113, 127, 123]
    Layer 10: dist=[76, 71, 58, 74, 85, 102, 64, 74, 63, 88, 106, 49, 88, 67, 82, 86, 87, 102, 100, 107, 88, 60, 107, 90, 93, 107, 84, 77, 76, 65, 82, 90]
    Layer 11: dist=[78, 65, 79, 48, 53, 61, 78, 77, 102, 123, 109, 93, 82, 64, 65, 69, 69, 63, 61, 51, 77, 107, 89, 87, 67, 59, 56, 54, 95, 55, 55, 94]
    Layer 12: dist=[21, 72, 79, 61, 87, 83, 66, 70, 63, 62, 74, 77, 86, 81, 82, 87, 39, 68, 59, 94, 102, 112, 97, 103, 93, 2, 107, 38, 81, 88, 113, 91]
    Layer 13: dist=[52, 68, 66, 62, 52, 51, 65, 40, 86, 63, 99, 122, 128, 115, 109, 124, 85, 72, 57, 61, 93, 55, 83, 90, 84, 59, 72, 76, 113, 111, 96, 99]
    Layer 14: dist=[44, 64, 65, 46, 62, 45, 64, 65, 54, 57, 70, 68, 69, 76, 65, 67, 77, 86, 51, 64, 65, 31, 51, 81, 52, 67, 73, 64, 85, 88, 8, 89]
    Layer 15: dist=[80, 44, 79, 38, 37, 38, 79, 67, 90, 60, 46, 104, 68, 107, 79, 89, 61, 57, 64, 68, 58, 60, 50, 51, 49, 34, 86, 62, 72, 84, 71, 49]
    Layer 16: dist=[61, 57, 74, 85, 55, 58, 48, 55, 54, 82, 73, 84, 90, 69, 86, 86, 68, 71, 60, 62, 115, 118, 110, 103, 71, 54, 64, 10, 58, 59, 65, 56]
    Layer 17: dist=[111, 95, 79, 67, 53, 57, 39, 47, 90, 108, 79, 100, 40, 57, 71, 74, 44, 61, 61, 42, 75, 98, 93, 97, 58, 55, 57, 52, 53, 79, 93, 67]
    Layer 18: dist=[34, 45, 35, 33, 56, 78, 74, 57, 64, 67, 66, 79, 61, 60, 57, 62, 46, 74, 72, 52, 68, 47, 65, 96, 58, 62, 61, 63, 52, 53, 79, 56]
    Layer 19: dist=[73, 64, 63, 62, 76, 103, 54, 71, 81, 85, 84, 93, 63, 57, 75, 63, 84, 85, 49, 49, 21, 50, 33, 49, 102, 106, 102, 116, 77, 77, 73, 72]
    Layer 20: dist=[89, 79, 80, 77, 78, 51, 49, 57, 40, 36, 43, 39, 92, 79, 87, 96, 45, 51, 56, 39, 73, 111, 101, 98, 125, 97, 105, 85, 93, 79, 108, 108]
    Layer 21: dist=[44, 50, 56, 68, 115, 65, 96, 118, 118, 61, 71, 69, 46, 41, 44, 42, 75, 75, 83, 65, 89, 99, 95, 96, 64, 62, 60, 80, 73, 79, 60, 88]
    Layer 22: dist=[73, 60, 67, 63, 52, 72, 45, 56, 37, 49, 45, 59, 18, 86, 61, 64, 33, 79, 76, 41, 102, 115, 120, 121, 101, 84, 91, 95, 114, 92, 103, 95]
    Layer 23: dist=[39, 30, 48, 39, 110, 111, 41, 102, 79, 36, 45, 63, 75, 72, 79, 77, 82, 75, 74, 94, 72, 93, 82, 76, 78, 72, 68, 100, 91, 90, 83, 78]
    Layer 24: dist=[79, 124, 109, 101, 99, 109, 111, 97, 102, 105, 104, 84, 78, 75, 89, 74, 81, 86, 98, 88, 120, 103, 102, 117, 65, 73, 79, 51, 95, 111, 98, 88]
    Layer 25: dist=[105, 121, 118, 94, 71, 72, 107, 80, 96, 97, 85, 90, 65, 89, 50, 68, 93, 99, 97, 89, 102, 111, 105, 108, 110, 110, 99, 108, 88, 125, 98, 88]
    Layer 26: dist=[80, 88, 106, 68, 115, 113, 113, 110, 102, 107, 105, 98, 100, 124, 116, 116, 86, 93, 99, 95, 102, 113, 122, 114, 99, 97, 102, 93, 115, 96, 114, 95]
    Layer 27: dist=[87, 108, 103, 117, 98, 105, 101, 86, 77, 100, 107, 99, 78, 109, 80, 86, 96, 99, 99, 104, 91, 112, 113, 92, 110, 113, 116, 117, 107, 77, 92, 117]
    Layer 28: dist=[103, 92, 102, 102, 82, 63, 80, 76, 96, 107, 92, 89, 112, 105, 96, 101, 112, 104, 104, 108, 119, 71, 60, 89, 91, 88, 99, 99, 92, 92, 71, 95]
    Layer 29: dist=[113, 114, 114, 113, 90, 112, 94, 114, 119, 113, 122, 105, 120, 120, 119, 120, 116, 106, 115, 121, 123, 123, 107, 125, 100, 114, 97, 92, 106, 95, 106, 109]
    Layer 30: dist=[75, 102, 99, 100, 102, 100, 90, 67, 117, 117, 115, 120, 105, 104, 113, 101, 97, 78, 120, 122, 51, 120, 100, 110, 119, 119, 119, 118, 106, 110, 107, 102]
    Layer 31: dist=[119, 117, 99, 98, 112, 113, 114, 116, 114, 77, 87, 91, 117, 116, 117, 115, 101, 101, 106, 94, 119, 116, 108, 119, 112, 109, 89, 120, 112, 106, 102, 110]
    Layer 32: dist=[110, 114, 114, 111, 116, 119, 116, 117, 110, 111, 117, 115, 93, 113, 108, 91, 118, 106, 109, 111, 123, 92, 114, 120, 71, 95, 80, 105, 116, 107, 99, 103]
    Layer 34: dist=[110, 109, 112, 113, 105, 111, 108, 102, 53, 93, 114, 86, 117, 115, 120, 81, 82, 89, 126, 55, 119, 51, 118, 119, 122, 122, 125, 122, 54, 62, 68, 109]
    Layer 35: dist=[105, 123, 71, 97, 82, 36, 112, 100, 85, 94, 112, 96, 63, 28, 49, 40, 98, 74, 84, 48, 90, 102, 55, 54, 66, 49, 68, 72, 73, 115, 122, 117]

  [Taylor Step 2/3] OLS sigma per head (scaling V, streaming)...
    Layer  0: sigma=[0.616, 0.100, 0.100, 0.100, 0.332, 0.380, 0.100, 0.100, 0.100, 0.148, 0.100, 0.100, 0.100, 0.100, 0.100, 0.259, 0.100, 0.100, 0.100, 0.100, 0.100, 0.100, 0.100, 0.100, 0.100, 0.100, 0.351, 0.100, 0.100, 0.100, 0.161, 0.100]
    Layer  1: sigma=[0.348, 0.100, 0.100, 0.100, 0.100, 0.100, 0.100, 0.100, 0.100, 0.168, 0.247, 0.100, 0.100, 0.100, 0.100, 0.100, 0.100, 0.100, 0.100, 0.100, 0.100, 0.100, 0.100, 0.114, 0.100, 0.100, 0.113, 0.100, 0.100, 0.100, 0.100, 0.100]
    Layer  2: sigma=[0.100, 0.100, 0.100, 0.100, 0.100, 0.100, 0.100, 0.100, 0.107, 0.100, 0.100, 0.100, 0.100, 0.145, 0.100, 0.100, 0.100, 0.220, 0.100, 0.100, 0.100, 0.100, 0.100, 0.100, 0.100, 0.171, 0.100, 0.100, 0.100, 0.100, 0.100, 0.100]
    Layer  3: sigma=[0.100, 0.328, 0.100, 0.156, 0.100, 0.100, 0.100, 0.100, 0.100, 0.100, 0.100, 0.100, 0.100, 0.100, 0.100, 0.100, 0.100, 0.100, 0.100, 0.100, 0.100, 0.106, 0.100, 0.100, 0.100, 0.100, 0.100, 0.100, 0.100, 0.100, 0.100, 0.100]
    Layer  4: sigma=[0.100, 0.100, 0.100, 0.100, 0.100, 0.100, 0.100, 0.100, 0.100, 0.100, 0.100, 0.100, 0.100, 0.100, 0.100, 0.100, 0.100, 0.100, 0.100, 0.100, 0.133, 0.137, 0.314, 0.100, 0.100, 0.100, 0.100, 0.100, 0.100, 0.100, 0.100, 0.100]
    Layer  5: sigma=[0.100, 0.100, 0.100, 0.100, 0.100, 0.100, 0.100, 0.100, 0.100, 0.135, 0.100, 0.110, 0.100, 0.100, 0.100, 0.123, 0.100, 0.183, 0.100, 0.100, 0.100, 0.100, 0.100, 0.100, 0.100, 0.100, 0.100, 0.100, 0.100, 0.100, 0.100, 0.100]
    Layer  6: sigma=[0.100, 0.100, 0.100, 0.100, 0.100, 0.100, 0.100, 0.100, 0.100, 0.100, 0.100, 0.100, 0.100, 0.100, 0.100, 0.100, 0.100, 0.100, 0.100, 0.100, 0.160, 0.100, 0.100, 0.100, 0.100, 0.100, 0.100, 0.100, 0.100, 0.100, 0.100, 0.100]
    Layer  7: sigma=[0.100, 0.158, 0.100, 0.100, 0.117, 0.100, 0.100, 0.100, 0.100, 0.100, 0.100, 0.100, 0.100, 0.100, 0.100, 0.100, 0.100, 0.100, 0.100, 0.100, 0.100, 0.100, 0.100, 0.100, 0.100, 0.100, 0.100, 0.100, 0.100, 0.100, 0.100, 0.100]
    Layer  8: sigma=[0.100, 0.100, 0.100, 0.100, 0.100, 0.100, 0.100, 0.100, 0.100, 0.100, 0.100, 0.100, 0.100, 0.100, 0.100, 0.100, 0.100, 0.100, 0.100, 0.100, 0.100, 0.100, 0.100, 0.100, 0.100, 0.100, 0.100, 0.199, 0.100, 0.100, 0.100, 0.100]
    Layer  9: sigma=[0.100, 0.100, 0.100, 0.100, 0.100, 0.100, 0.100, 0.100, 0.100, 0.100, 0.100, 0.100, 0.100, 0.100, 0.601, 0.132, 0.100, 0.100, 0.100, 0.100, 0.100, 0.100, 0.100, 0.100, 0.100, 0.100, 0.100, 0.100, 0.100, 0.100, 0.100, 0.100]
    Layer 10: sigma=[0.100, 0.100, 0.100, 0.100, 0.100, 0.100, 0.100, 0.100, 0.100, 0.100, 0.100, 0.100, 0.100, 0.100, 0.100, 0.100, 0.100, 0.100, 0.100, 0.100, 0.100, 0.100, 0.100, 0.100, 0.100, 0.100, 0.100, 0.100, 0.100, 0.100, 0.100, 0.100]
    Layer 11: sigma=[0.100, 0.100, 0.100, 0.100, 0.138, 0.100, 0.100, 0.100, 0.100, 0.100, 0.100, 0.100, 0.100, 0.100, 0.251, 0.100, 0.100, 0.100, 0.100, 0.100, 0.100, 0.100, 0.100, 0.100, 0.100, 0.100, 0.174, 0.100, 0.100, 0.100, 0.100, 0.100]
    Layer 12: sigma=[0.100, 0.100, 0.100, 0.100, 0.100, 0.100, 0.100, 0.100, 0.100, 0.102, 0.100, 0.107, 0.100, 0.100, 0.100, 0.100, 0.100, 0.305, 0.153, 0.100, 0.100, 0.100, 0.100, 0.100, 0.100, 0.100, 0.100, 0.215, 0.100, 0.100, 0.117, 0.100]
    Layer 13: sigma=[0.225, 0.100, 0.100, 0.314, 0.100, 0.100, 0.100, 0.100, 0.100, 0.100, 0.100, 0.100, 0.100, 0.100, 0.100, 0.100, 0.100, 0.100, 0.100, 0.111, 0.100, 0.100, 0.100, 0.100, 0.100, 0.100, 0.100, 0.100, 0.100, 0.100, 0.100, 0.100]
    Layer 14: sigma=[0.100, 0.100, 0.100, 0.100, 0.100, 0.518, 0.100, 0.100, 0.100, 0.100, 0.100, 0.100, 0.100, 0.100, 0.100, 0.100, 0.100, 0.100, 0.100, 0.100, 0.100, 0.100, 0.100, 0.100, 0.120, 0.118, 0.100, 0.100, 0.100, 0.100, 0.100, 0.100]
    Layer 15: sigma=[0.100, 0.183, 0.100, 0.100, 0.100, 0.111, 0.100, 0.100, 0.100, 0.100, 0.100, 0.100, 0.207, 0.100, 0.100, 0.100, 0.100, 0.100, 0.100, 0.100, 0.100, 0.100, 0.100, 0.100, 0.127, 0.100, 0.100, 0.100, 0.100, 0.100, 0.100, 0.100]
    Layer 16: sigma=[0.100, 0.100, 0.100, 0.100, 0.100, 0.100, 0.100, 0.100, 0.100, 0.100, 0.100, 0.100, 0.100, 0.100, 0.100, 0.100, 0.100, 0.100, 0.100, 0.100, 0.100, 0.100, 0.100, 0.100, 0.100, 0.100, 0.100, 0.422, 0.100, 0.100, 0.100, 0.100]
    Layer 17: sigma=[0.100, 0.100, 0.100, 0.100, 0.100, 0.147, 0.100, 0.100, 0.100, 0.100, 0.100, 0.100, 0.100, 0.100, 0.100, 0.100, 0.146, 0.100, 0.100, 0.380, 0.100, 0.100, 0.100, 0.105, 0.136, 0.100, 0.421, 0.100, 0.100, 0.100, 0.100, 0.100]
    Layer 18: sigma=[0.100, 0.513, 0.100, 0.100, 0.100, 0.100, 0.100, 0.192, 0.100, 0.100, 0.100, 0.100, 0.100, 0.100, 0.100, 0.100, 0.136, 0.100, 0.100, 0.100, 0.100, 0.100, 0.100, 0.100, 0.100, 0.100, 0.100, 0.100, 0.100, 0.100, 0.100, 0.100]
    Layer 19: sigma=[0.100, 0.100, 0.100, 0.100, 0.100, 0.100, 0.100, 0.100, 0.100, 0.100, 0.100, 0.100, 0.165, 0.100, 0.100, 0.219, 0.100, 0.100, 0.100, 0.269, 0.100, 0.100, 0.100, 0.114, 0.100, 0.100, 0.100, 0.100, 0.100, 0.100, 0.100, 0.100]
    Layer 20: sigma=[0.100, 0.100, 0.100, 0.100, 0.100, 0.210, 0.100, 0.100, 0.148, 0.118, 0.100, 0.100, 0.100, 0.100, 0.100, 0.112, 0.100, 0.108, 0.100, 0.100, 0.100, 0.100, 0.100, 0.100, 0.100, 0.100, 0.100, 0.100, 0.100, 0.100, 0.100, 0.100]
    Layer 21: sigma=[0.100, 0.120, 0.100, 0.100, 0.100, 0.100, 0.100, 0.100, 0.100, 0.147, 0.100, 0.260, 0.100, 0.100, 0.134, 0.100, 0.100, 0.100, 0.100, 0.100, 0.100, 0.100, 0.100, 0.100, 0.183, 0.100, 0.100, 0.100, 0.100, 0.100, 0.268, 0.100]
    Layer 22: sigma=[0.174, 0.100, 0.100, 0.100, 0.149, 0.128, 0.100, 0.196, 0.100, 0.100, 0.100, 0.100, 0.100, 0.100, 0.100, 0.103, 0.100, 0.100, 0.100, 0.100, 0.100, 0.100, 0.100, 0.100, 0.100, 0.100, 0.100, 0.100, 0.100, 0.100, 0.100, 0.100]
    Layer 23: sigma=[0.167, 0.257, 0.192, 0.100, 0.100, 0.100, 0.150, 0.100, 0.100, 0.250, 0.100, 0.100, 0.100, 0.100, 0.100, 0.100, 0.100, 0.100, 0.100, 0.100, 0.100, 0.100, 0.100, 0.100, 0.100, 0.100, 0.100, 0.100, 0.100, 0.100, 0.149, 0.242]
    Layer 24: sigma=[0.100, 0.100, 0.100, 0.100, 0.100, 0.100, 0.100, 0.100, 0.100, 0.100, 0.100, 0.100, 0.100, 0.100, 0.100, 0.156, 0.100, 0.100, 0.100, 0.100, 0.100, 0.100, 0.100, 0.100, 0.281, 0.384, 0.100, 0.324, 0.100, 0.100, 0.100, 0.100]
    Layer 25: sigma=[0.100, 0.100, 0.100, 0.100, 0.100, 0.100, 0.100, 0.100, 0.100, 0.100, 0.100, 0.100, 0.100, 0.100, 0.117, 0.100, 0.100, 0.100, 0.100, 0.100, 0.100, 0.100, 0.100, 0.100, 0.100, 0.100, 0.100, 0.100, 0.100, 0.100, 0.100, 0.100]
    Layer 26: sigma=[0.100, 0.100, 0.100, 0.100, 0.100, 0.100, 0.100, 0.100, 0.100, 0.100, 0.100, 0.100, 0.100, 0.100, 0.100, 0.100, 0.100, 0.100, 0.100, 0.100, 0.100, 0.100, 0.100, 0.100, 0.100, 0.100, 0.100, 0.100, 0.100, 0.100, 0.100, 0.100]
    Layer 27: sigma=[0.100, 0.100, 0.100, 0.100, 0.100, 0.100, 0.100, 0.100, 0.100, 0.100, 0.100, 0.100, 0.100, 0.100, 0.100, 0.100, 0.100, 0.100, 0.100, 0.100, 0.100, 0.100, 0.100, 0.100, 0.100, 0.100, 0.100, 0.100, 0.100, 0.100, 0.100, 0.100]
    Layer 28: sigma=[0.100, 0.100, 0.100, 0.100, 0.100, 0.100, 0.100, 0.104, 0.100, 0.100, 0.100, 0.100, 0.100, 0.100, 0.100, 0.100, 0.100, 0.100, 0.100, 0.100, 0.100, 0.100, 0.100, 0.100, 0.100, 0.100, 0.100, 0.100, 0.100, 0.100, 0.100, 0.100]
    Layer 29: sigma=[0.100, 0.100, 0.100, 0.100, 0.100, 0.100, 0.100, 0.100, 0.100, 0.100, 0.100, 0.100, 0.100, 0.100, 0.100, 0.100, 0.100, 0.100, 0.100, 0.100, 0.100, 0.100, 0.100, 0.100, 0.100, 0.100, 0.100, 0.100, 0.100, 0.100, 0.100, 0.100]
    Layer 30: sigma=[0.100, 0.100, 0.100, 0.100, 0.100, 0.100, 0.100, 0.100, 0.100, 0.100, 0.100, 0.100, 0.100, 0.100, 0.100, 0.128, 0.103, 0.100, 0.100, 0.100, 0.100, 0.100, 0.100, 0.100, 0.100, 0.100, 0.100, 0.100, 0.100, 0.100, 0.100, 0.100]
    Layer 31: sigma=[0.100, 0.100, 0.100, 0.100, 0.100, 0.100, 0.100, 0.100, 0.100, 0.100, 0.100, 0.100, 0.100, 0.100, 0.100, 0.100, 0.100, 0.100, 0.100, 0.130, 0.100, 0.100, 0.100, 0.100, 0.100, 0.100, 0.100, 0.100, 0.100, 0.100, 0.100, 0.100]
    Layer 32: sigma=[0.100, 0.100, 0.100, 0.100, 0.100, 0.100, 0.100, 0.100, 0.100, 0.100, 0.100, 0.100, 0.100, 0.100, 0.100, 0.100, 0.100, 0.100, 0.100, 0.100, 0.100, 0.100, 0.100, 0.100, 0.100, 0.100, 0.100, 0.100, 0.100, 0.100, 0.100, 0.100]
    Layer 34: sigma=[0.100, 0.100, 0.100, 0.100, 0.100, 0.100, 0.100, 0.100, 0.100, 0.100, 0.100, 0.100, 0.100, 0.100, 0.100, 0.100, 0.115, 0.100, 0.100, 0.100, 0.100, 0.100, 0.100, 0.100, 0.100, 0.100, 0.100, 0.100, 0.100, 0.100, 0.100, 0.100]
    Layer 35: sigma=[0.100, 0.100, 0.100, 0.100, 0.119, 0.100, 0.100, 0.100, 0.100, 0.100, 0.100, 0.100, 0.100, 0.100, 0.100, 0.100, 0.100, 0.100, 0.100, 0.100, 0.100, 0.100, 0.115, 0.100, 0.100, 0.100, 0.100, 0.100, 0.100, 0.100, 0.100, 0.100]

  [Taylor Step 3/3] g_proj = v_proj * alpha (damping=0.01)...
    Layer  0: alpha=0.060372  teacher_rms=0.0163  v_rms=0.0027
    Layer  1: alpha=0.060965  teacher_rms=0.0205  v_rms=0.0034
    Layer  2: alpha=0.057052  teacher_rms=0.0214  v_rms=0.0038
    Layer  3: alpha=0.048588  teacher_rms=0.0259  v_rms=0.0053
    Layer  4: alpha=0.047485  teacher_rms=0.0304  v_rms=0.0064
    Layer  5: alpha=0.061751  teacher_rms=0.0409  v_rms=0.0066
    Layer  6: alpha=0.078146  teacher_rms=0.0621  v_rms=0.0079
    Layer  7: alpha=0.045865  teacher_rms=0.0530  v_rms=0.0115
    Layer  8: alpha=0.046837  teacher_rms=0.0708  v_rms=0.0151
    Layer  9: alpha=0.034365  teacher_rms=0.0713  v_rms=0.0207
    Layer 10: alpha=0.051225  teacher_rms=0.1092  v_rms=0.0213
    Layer 11: alpha=0.062497  teacher_rms=0.1046  v_rms=0.0167
    Layer 12: alpha=0.060945  teacher_rms=0.1207  v_rms=0.0198
    Layer 13: alpha=0.053629  teacher_rms=0.1040  v_rms=0.0194
    Layer 14: alpha=0.058672  teacher_rms=0.1547  v_rms=0.0264
    Layer 15: alpha=0.057956  teacher_rms=0.1576  v_rms=0.0272
    Layer 16: alpha=0.041999  teacher_rms=0.1473  v_rms=0.0351
    Layer 17: alpha=0.043985  teacher_rms=0.1753  v_rms=0.0399
    Layer 18: alpha=0.042895  teacher_rms=0.1990  v_rms=0.0464
    Layer 19: alpha=0.054037  teacher_rms=0.2060  v_rms=0.0381
    Layer 20: alpha=0.056250  teacher_rms=0.1966  v_rms=0.0350
    Layer 21: alpha=0.051397  teacher_rms=0.2373  v_rms=0.0462
    Layer 22: alpha=0.056725  teacher_rms=0.2834  v_rms=0.0500
    Layer 23: alpha=0.050843  teacher_rms=0.3098  v_rms=0.0609
    Layer 24: alpha=0.033912  teacher_rms=0.2897  v_rms=0.0854
    Layer 25: alpha=0.039880  teacher_rms=0.2376  v_rms=0.0596
    Layer 26: alpha=0.029256  teacher_rms=0.2124  v_rms=0.0726
    Layer 27: alpha=0.037093  teacher_rms=0.3083  v_rms=0.0831
    Layer 28: alpha=0.042717  teacher_rms=0.3705  v_rms=0.0867
    Layer 29: alpha=0.017344  teacher_rms=0.2548  v_rms=0.1469
    Layer 30: alpha=0.028780  teacher_rms=0.4297  v_rms=0.1493
    Layer 31: alpha=0.021108  teacher_rms=0.3785  v_rms=0.1793
    Layer 32: alpha=0.023899  teacher_rms=0.5288  v_rms=0.2213
    Layer 34: alpha=0.033115  teacher_rms=1.0325  v_rms=0.3118
    Layer 35: alpha=0.059576  teacher_rms=1.0168  v_rms=0.1707

  Set g_proj = v_proj * alpha in 35 GDN layers (damping=0.01).
  Init (taylor_init) done in 370.1s
  Layer 33: PPL = 816841.38  (eval 16.3s)

============================================================
  Probing layer 34 | strategy=taylor_init
============================================================
Loading checkpoint shards:   0%|          | 0/4 [00:00<?, ?it/s]Loading checkpoint shards: 100%|██████████| 4/4 [00:00<00:00, 63.58it/s]
Could not cache non-existence of file. Will ignore error and continue. Error: [Errno 13] Permission denied: '/data/shared/huggingface/hub/models--Qwen--Qwen3-8B/.no_exist/b968826d9c46dd6066d109eabc6255188de91218/model.safetensors'
Loading checkpoint shards:   0%|          | 0/5 [00:00<?, ?it/s]Loading checkpoint shards: 100%|██████████| 5/5 [00:00<00:00, 185.65it/s]
Token indices sequence length is longer than the specified maximum sequence length for this model (2429029 > 131072). Running this sequence through the model will result in indexing errors
  [Taylor Step 1/3] Gate calibration from attention stats...
    Layer  0: dist=[32, 3, 12, 35, 12, 26, 9, 11, 19, 6, 8, 9, 18, 34, 31, 10, 16, 19, 16, 14, 13, 23, 4, 12, 5, 52, 10, 43, 15, 36, 15, 14]
    Layer  1: dist=[19, 38, 25, 44, 3, 15, 31, 11, 45, 36, 65, 60, 34, 47, 51, 38, 32, 54, 57, 33, 56, 24, 40, 40, 37, 9, 44, 41, 83, 31, 37, 49]
    Layer  2: dist=[65, 65, 67, 62, 26, 45, 33, 43, 39, 47, 56, 56, 53, 46, 46, 60, 61, 49, 54, 43, 49, 67, 48, 50, 25, 24, 21, 35, 73, 73, 77, 74]
    Layer  3: dist=[65, 26, 13, 22, 87, 93, 83, 73, 56, 53, 62, 58, 90, 73, 75, 74, 59, 62, 51, 67, 74, 60, 64, 65, 64, 56, 52, 59, 70, 63, 72, 65]
    Layer  4: dist=[62, 63, 73, 67, 73, 56, 61, 89, 68, 69, 63, 60, 55, 55, 71, 61, 62, 65, 67, 70, 64, 61, 47, 64, 41, 51, 48, 34, 51, 66, 55, 55]
    Layer  5: dist=[36, 48, 55, 35, 61, 68, 52, 51, 5, 18, 73, 61, 54, 78, 59, 52, 41, 32, 50, 48, 51, 55, 48, 59, 73, 73, 80, 80, 43, 44, 46, 58]
    Layer  6: dist=[27, 40, 30, 31, 52, 46, 67, 61, 46, 25, 43, 38, 56, 64, 56, 30, 47, 34, 45, 40, 20, 30, 32, 14, 35, 50, 32, 49, 47, 43, 37, 53]
    Layer  7: dist=[55, 60, 64, 87, 126, 114, 127, 121, 88, 119, 99, 72, 108, 23, 53, 97, 80, 101, 85, 81, 106, 86, 112, 116, 64, 78, 47, 86, 97, 101, 101, 106]
    Layer  8: dist=[83, 87, 90, 58, 81, 77, 69, 78, 86, 99, 87, 90, 94, 86, 96, 70, 116, 107, 103, 96, 92, 106, 100, 111, 92, 72, 95, 67, 84, 72, 79, 74]
    Layer  9: dist=[76, 60, 61, 67, 83, 97, 96, 74, 123, 120, 118, 112, 27, 87, 63, 85, 93, 100, 114, 125, 87, 77, 60, 70, 119, 81, 91, 97, 125, 113, 127, 123]
    Layer 10: dist=[76, 71, 58, 74, 85, 102, 64, 74, 63, 88, 106, 49, 88, 67, 82, 86, 87, 102, 100, 107, 88, 60, 107, 90, 93, 107, 84, 77, 76, 65, 82, 90]
    Layer 11: dist=[78, 65, 79, 48, 53, 61, 78, 77, 102, 123, 109, 93, 82, 64, 65, 69, 69, 63, 61, 51, 77, 107, 89, 87, 67, 59, 56, 54, 95, 55, 55, 94]
    Layer 12: dist=[21, 72, 79, 61, 87, 83, 66, 70, 63, 62, 74, 77, 86, 81, 82, 87, 39, 68, 59, 94, 102, 112, 97, 103, 93, 2, 107, 38, 81, 88, 113, 91]
    Layer 13: dist=[52, 68, 66, 62, 52, 51, 65, 40, 86, 63, 99, 122, 128, 115, 109, 124, 85, 72, 57, 61, 93, 55, 83, 90, 84, 59, 72, 76, 113, 111, 96, 99]
    Layer 14: dist=[44, 64, 65, 46, 62, 45, 64, 65, 54, 57, 70, 68, 69, 76, 65, 67, 77, 86, 51, 64, 65, 31, 51, 81, 52, 67, 73, 64, 85, 88, 8, 89]
    Layer 15: dist=[80, 44, 79, 38, 37, 38, 79, 67, 90, 60, 46, 104, 68, 107, 79, 89, 61, 57, 64, 68, 58, 60, 50, 51, 49, 34, 86, 62, 72, 84, 71, 49]
    Layer 16: dist=[61, 57, 74, 85, 55, 58, 48, 55, 54, 82, 73, 84, 90, 69, 86, 86, 68, 71, 60, 62, 115, 118, 110, 103, 71, 54, 64, 10, 58, 59, 65, 56]
    Layer 17: dist=[111, 95, 79, 67, 53, 57, 39, 47, 90, 108, 79, 100, 40, 57, 71, 74, 44, 61, 61, 42, 75, 98, 93, 97, 58, 55, 57, 52, 53, 79, 93, 67]
    Layer 18: dist=[34, 45, 35, 33, 56, 78, 74, 57, 64, 67, 66, 79, 61, 60, 57, 62, 46, 74, 72, 52, 68, 47, 65, 96, 58, 62, 61, 63, 52, 53, 79, 56]
    Layer 19: dist=[73, 64, 63, 62, 76, 103, 54, 71, 81, 85, 84, 93, 63, 57, 75, 63, 84, 85, 49, 49, 21, 50, 33, 49, 102, 106, 102, 116, 77, 77, 73, 72]
    Layer 20: dist=[89, 79, 80, 77, 78, 51, 49, 57, 40, 36, 43, 39, 92, 79, 87, 96, 45, 51, 56, 39, 73, 111, 101, 98, 125, 97, 105, 85, 93, 79, 108, 108]
    Layer 21: dist=[44, 50, 56, 68, 115, 65, 96, 118, 118, 61, 71, 69, 46, 41, 44, 42, 75, 75, 83, 65, 89, 99, 95, 96, 64, 62, 60, 80, 73, 79, 60, 88]
    Layer 22: dist=[73, 60, 67, 63, 52, 72, 45, 56, 37, 49, 45, 59, 18, 86, 61, 64, 33, 79, 76, 41, 102, 115, 120, 121, 101, 84, 91, 95, 114, 92, 103, 95]
    Layer 23: dist=[39, 30, 48, 39, 110, 111, 41, 102, 79, 36, 45, 63, 75, 72, 79, 77, 82, 75, 74, 94, 72, 93, 82, 76, 78, 72, 68, 100, 91, 90, 83, 78]
    Layer 24: dist=[79, 124, 109, 101, 99, 109, 111, 97, 102, 105, 104, 84, 78, 75, 89, 74, 81, 86, 98, 88, 120, 103, 102, 117, 65, 73, 79, 51, 95, 111, 98, 88]
    Layer 25: dist=[105, 121, 118, 94, 71, 72, 107, 80, 96, 97, 85, 90, 65, 89, 50, 68, 93, 99, 97, 89, 102, 111, 105, 108, 110, 110, 99, 108, 88, 125, 98, 88]
    Layer 26: dist=[80, 88, 106, 68, 115, 113, 113, 110, 102, 107, 105, 98, 100, 124, 116, 116, 86, 93, 99, 95, 102, 113, 122, 114, 99, 97, 102, 93, 115, 96, 114, 95]
    Layer 27: dist=[87, 108, 103, 117, 98, 105, 101, 86, 77, 100, 107, 99, 78, 109, 80, 86, 96, 99, 99, 104, 91, 112, 113, 92, 110, 113, 116, 117, 107, 77, 92, 117]
    Layer 28: dist=[103, 92, 102, 102, 82, 63, 80, 76, 96, 107, 92, 89, 112, 105, 96, 101, 112, 104, 104, 108, 119, 71, 60, 89, 91, 88, 99, 99, 92, 92, 71, 95]
    Layer 29: dist=[113, 114, 114, 113, 90, 112, 94, 114, 119, 113, 122, 105, 120, 120, 119, 120, 116, 106, 115, 121, 123, 123, 107, 125, 100, 114, 97, 92, 106, 95, 106, 109]
    Layer 30: dist=[75, 102, 99, 100, 102, 100, 90, 67, 117, 117, 115, 120, 105, 104, 113, 101, 97, 78, 120, 122, 51, 120, 100, 110, 119, 119, 119, 118, 106, 110, 107, 102]
    Layer 31: dist=[119, 117, 99, 98, 112, 113, 114, 116, 114, 77, 87, 91, 117, 116, 117, 115, 101, 101, 106, 94, 119, 116, 108, 119, 112, 109, 89, 120, 112, 106, 102, 110]
    Layer 32: dist=[110, 114, 114, 111, 116, 119, 116, 117, 110, 111, 117, 115, 93, 113, 108, 91, 118, 106, 109, 111, 123, 92, 114, 120, 71, 95, 80, 105, 116, 107, 99, 103]
    Layer 33: dist=[102, 120, 112, 119, 91, 102, 57, 94, 116, 116, 113, 113, 114, 115, 113, 116, 114, 117, 106, 109, 112, 96, 110, 113, 111, 119, 122, 118, 110, 111, 107, 104]
    Layer 35: dist=[105, 123, 71, 97, 82, 36, 112, 100, 85, 94, 112, 96, 63, 28, 49, 40, 98, 74, 84, 48, 90, 102, 55, 54, 66, 49, 68, 72, 73, 115, 122, 117]

  [Taylor Step 2/3] OLS sigma per head (scaling V, streaming)...
    Layer  0: sigma=[0.612, 0.100, 0.100, 0.100, 0.333, 0.380, 0.100, 0.100, 0.100, 0.149, 0.100, 0.100, 0.100, 0.100, 0.100, 0.259, 0.100, 0.100, 0.100, 0.100, 0.100, 0.100, 0.100, 0.100, 0.100, 0.100, 0.351, 0.100, 0.100, 0.100, 0.161, 0.100]
    Layer  1: sigma=[0.350, 0.100, 0.100, 0.100, 0.100, 0.100, 0.100, 0.100, 0.100, 0.165, 0.244, 0.100, 0.100, 0.100, 0.100, 0.100, 0.100, 0.100, 0.100, 0.100, 0.100, 0.100, 0.100, 0.117, 0.100, 0.100, 0.113, 0.100, 0.100, 0.100, 0.100, 0.100]
    Layer  2: sigma=[0.100, 0.100, 0.100, 0.100, 0.100, 0.100, 0.100, 0.100, 0.108, 0.100, 0.100, 0.100, 0.100, 0.145, 0.100, 0.100, 0.100, 0.221, 0.100, 0.100, 0.100, 0.100, 0.100, 0.100, 0.100, 0.171, 0.100, 0.100, 0.100, 0.100, 0.100, 0.100]
    Layer  3: sigma=[0.100, 0.327, 0.100, 0.160, 0.100, 0.100, 0.100, 0.100, 0.100, 0.100, 0.100, 0.100, 0.100, 0.100, 0.100, 0.100, 0.100, 0.100, 0.100, 0.100, 0.100, 0.105, 0.100, 0.100, 0.100, 0.100, 0.100, 0.100, 0.100, 0.100, 0.100, 0.100]
    Layer  4: sigma=[0.100, 0.100, 0.100, 0.100, 0.100, 0.100, 0.100, 0.100, 0.100, 0.100, 0.100, 0.100, 0.100, 0.100, 0.100, 0.100, 0.100, 0.100, 0.100, 0.100, 0.134, 0.138, 0.322, 0.100, 0.100, 0.100, 0.100, 0.100, 0.100, 0.100, 0.100, 0.100]
    Layer  5: sigma=[0.100, 0.100, 0.100, 0.100, 0.100, 0.100, 0.100, 0.100, 0.100, 0.132, 0.100, 0.108, 0.100, 0.100, 0.100, 0.122, 0.100, 0.177, 0.100, 0.100, 0.100, 0.100, 0.100, 0.100, 0.100, 0.100, 0.100, 0.100, 0.100, 0.100, 0.100, 0.100]
    Layer  6: sigma=[0.100, 0.100, 0.100, 0.100, 0.100, 0.100, 0.100, 0.100, 0.100, 0.100, 0.100, 0.100, 0.100, 0.100, 0.100, 0.100, 0.100, 0.100, 0.100, 0.100, 0.156, 0.100, 0.100, 0.100, 0.100, 0.100, 0.100, 0.100, 0.100, 0.100, 0.100, 0.100]
    Layer  7: sigma=[0.100, 0.161, 0.100, 0.100, 0.113, 0.100, 0.100, 0.100, 0.100, 0.100, 0.100, 0.100, 0.100, 0.100, 0.100, 0.100, 0.100, 0.100, 0.100, 0.100, 0.100, 0.100, 0.100, 0.100, 0.100, 0.100, 0.100, 0.100, 0.100, 0.100, 0.100, 0.100]
    Layer  8: sigma=[0.100, 0.100, 0.100, 0.100, 0.100, 0.100, 0.100, 0.100, 0.100, 0.100, 0.100, 0.100, 0.100, 0.100, 0.100, 0.100, 0.100, 0.100, 0.100, 0.100, 0.100, 0.100, 0.100, 0.100, 0.100, 0.100, 0.100, 0.193, 0.100, 0.100, 0.100, 0.100]
    Layer  9: sigma=[0.100, 0.100, 0.100, 0.100, 0.100, 0.100, 0.100, 0.100, 0.100, 0.100, 0.100, 0.100, 0.100, 0.100, 0.592, 0.134, 0.100, 0.100, 0.100, 0.100, 0.100, 0.100, 0.100, 0.100, 0.100, 0.100, 0.100, 0.100, 0.100, 0.100, 0.100, 0.100]
    Layer 10: sigma=[0.100, 0.100, 0.100, 0.100, 0.100, 0.100, 0.100, 0.100, 0.100, 0.100, 0.100, 0.100, 0.100, 0.100, 0.100, 0.100, 0.100, 0.100, 0.100, 0.100, 0.100, 0.100, 0.100, 0.100, 0.100, 0.100, 0.100, 0.100, 0.100, 0.100, 0.100, 0.100]
    Layer 11: sigma=[0.100, 0.100, 0.100, 0.100, 0.131, 0.100, 0.100, 0.100, 0.100, 0.114, 0.100, 0.100, 0.100, 0.100, 0.275, 0.100, 0.100, 0.100, 0.100, 0.100, 0.100, 0.100, 0.100, 0.100, 0.100, 0.100, 0.167, 0.100, 0.100, 0.100, 0.100, 0.100]
    Layer 12: sigma=[0.100, 0.100, 0.100, 0.100, 0.100, 0.100, 0.100, 0.100, 0.100, 0.106, 0.100, 0.107, 0.100, 0.100, 0.100, 0.100, 0.100, 0.348, 0.131, 0.100, 0.100, 0.100, 0.100, 0.100, 0.100, 0.100, 0.100, 0.208, 0.100, 0.100, 0.120, 0.100]
    Layer 13: sigma=[0.231, 0.100, 0.100, 0.288, 0.100, 0.100, 0.100, 0.100, 0.100, 0.100, 0.100, 0.100, 0.100, 0.100, 0.100, 0.100, 0.100, 0.100, 0.100, 0.105, 0.100, 0.100, 0.100, 0.100, 0.100, 0.100, 0.100, 0.100, 0.100, 0.100, 0.100, 0.100]
    Layer 14: sigma=[0.100, 0.100, 0.100, 0.100, 0.100, 0.403, 0.100, 0.100, 0.100, 0.100, 0.100, 0.100, 0.100, 0.100, 0.100, 0.100, 0.100, 0.100, 0.100, 0.100, 0.100, 0.100, 0.100, 0.100, 0.120, 0.123, 0.100, 0.100, 0.100, 0.100, 0.100, 0.100]
    Layer 15: sigma=[0.100, 0.215, 0.100, 0.100, 0.100, 0.112, 0.100, 0.100, 0.100, 0.100, 0.100, 0.100, 0.209, 0.100, 0.100, 0.100, 0.100, 0.100, 0.100, 0.100, 0.100, 0.100, 0.100, 0.100, 0.159, 0.100, 0.100, 0.100, 0.100, 0.100, 0.100, 0.100]
    Layer 16: sigma=[0.100, 0.100, 0.100, 0.100, 0.100, 0.100, 0.100, 0.100, 0.100, 0.100, 0.100, 0.100, 0.100, 0.100, 0.100, 0.100, 0.100, 0.100, 0.100, 0.100, 0.100, 0.100, 0.100, 0.100, 0.100, 0.100, 0.100, 0.400, 0.100, 0.100, 0.100, 0.100]
    Layer 17: sigma=[0.100, 0.100, 0.100, 0.100, 0.100, 0.148, 0.100, 0.100, 0.100, 0.100, 0.100, 0.100, 0.100, 0.100, 0.100, 0.100, 0.157, 0.113, 0.100, 0.362, 0.100, 0.100, 0.100, 0.109, 0.143, 0.100, 0.464, 0.100, 0.100, 0.100, 0.100, 0.100]
    Layer 18: sigma=[0.100, 0.496, 0.100, 0.100, 0.100, 0.100, 0.100, 0.181, 0.100, 0.100, 0.100, 0.100, 0.100, 0.100, 0.100, 0.100, 0.128, 0.100, 0.100, 0.100, 0.100, 0.100, 0.100, 0.100, 0.100, 0.100, 0.100, 0.100, 0.100, 0.100, 0.100, 0.100]
    Layer 19: sigma=[0.100, 0.100, 0.100, 0.100, 0.100, 0.100, 0.100, 0.100, 0.100, 0.100, 0.100, 0.100, 0.140, 0.100, 0.100, 0.179, 0.100, 0.100, 0.100, 0.280, 0.100, 0.100, 0.100, 0.107, 0.100, 0.100, 0.100, 0.100, 0.100, 0.100, 0.100, 0.100]
    Layer 20: sigma=[0.100, 0.100, 0.100, 0.100, 0.100, 0.171, 0.100, 0.100, 0.156, 0.106, 0.100, 0.100, 0.100, 0.100, 0.100, 0.126, 0.100, 0.138, 0.100, 0.100, 0.100, 0.100, 0.100, 0.100, 0.100, 0.100, 0.100, 0.100, 0.100, 0.100, 0.100, 0.100]
    Layer 21: sigma=[0.100, 0.122, 0.100, 0.100, 0.100, 0.100, 0.100, 0.100, 0.100, 0.151, 0.100, 0.264, 0.100, 0.100, 0.111, 0.100, 0.100, 0.100, 0.100, 0.100, 0.100, 0.105, 0.100, 0.100, 0.141, 0.100, 0.100, 0.100, 0.100, 0.100, 0.240, 0.100]
    Layer 22: sigma=[0.131, 0.100, 0.100, 0.100, 0.145, 0.100, 0.109, 0.211, 0.100, 0.100, 0.100, 0.100, 0.100, 0.100, 0.100, 0.107, 0.100, 0.100, 0.100, 0.100, 0.100, 0.100, 0.100, 0.100, 0.100, 0.100, 0.100, 0.100, 0.100, 0.100, 0.100, 0.100]
    Layer 23: sigma=[0.169, 0.268, 0.180, 0.100, 0.100, 0.100, 0.116, 0.100, 0.100, 0.237, 0.100, 0.100, 0.100, 0.100, 0.102, 0.100, 0.100, 0.100, 0.100, 0.100, 0.100, 0.100, 0.100, 0.100, 0.100, 0.100, 0.100, 0.100, 0.100, 0.100, 0.134, 0.294]
    Layer 24: sigma=[0.100, 0.100, 0.100, 0.100, 0.100, 0.100, 0.100, 0.100, 0.100, 0.100, 0.100, 0.100, 0.100, 0.100, 0.100, 0.135, 0.100, 0.100, 0.100, 0.100, 0.100, 0.100, 0.100, 0.100, 0.241, 0.366, 0.100, 0.395, 0.100, 0.100, 0.100, 0.100]
    Layer 25: sigma=[0.100, 0.100, 0.100, 0.100, 0.100, 0.100, 0.100, 0.100, 0.100, 0.100, 0.100, 0.100, 0.100, 0.100, 0.109, 0.100, 0.100, 0.100, 0.100, 0.100, 0.100, 0.100, 0.100, 0.100, 0.100, 0.100, 0.100, 0.100, 0.100, 0.100, 0.100, 0.100]
    Layer 26: sigma=[0.178, 0.100, 0.100, 0.100, 0.100, 0.100, 0.100, 0.100, 0.100, 0.100, 0.100, 0.100, 0.100, 0.100, 0.100, 0.100, 0.100, 0.100, 0.100, 0.100, 0.100, 0.100, 0.100, 0.100, 0.100, 0.100, 0.100, 0.100, 0.100, 0.100, 0.100, 0.100]
    Layer 27: sigma=[0.100, 0.100, 0.100, 0.100, 0.100, 0.100, 0.100, 0.100, 0.100, 0.100, 0.100, 0.100, 0.100, 0.100, 0.100, 0.100, 0.100, 0.100, 0.100, 0.100, 0.100, 0.100, 0.100, 0.100, 0.100, 0.100, 0.100, 0.100, 0.100, 0.103, 0.100, 0.100]
    Layer 28: sigma=[0.100, 0.100, 0.100, 0.100, 0.100, 0.136, 0.100, 0.185, 0.100, 0.100, 0.100, 0.100, 0.100, 0.100, 0.100, 0.100, 0.100, 0.100, 0.100, 0.100, 0.100, 0.100, 0.100, 0.100, 0.100, 0.100, 0.100, 0.100, 0.100, 0.100, 0.100, 0.100]
    Layer 29: sigma=[0.100, 0.100, 0.100, 0.100, 0.100, 0.100, 0.100, 0.100, 0.100, 0.100, 0.100, 0.100, 0.100, 0.100, 0.100, 0.100, 0.100, 0.100, 0.100, 0.100, 0.100, 0.100, 0.100, 0.100, 0.100, 0.100, 0.100, 0.100, 0.100, 0.100, 0.100, 0.100]
    Layer 30: sigma=[0.100, 0.100, 0.100, 0.100, 0.100, 0.100, 0.100, 0.100, 0.100, 0.100, 0.100, 0.100, 0.100, 0.100, 0.100, 0.100, 0.100, 0.100, 0.100, 0.100, 0.100, 0.100, 0.100, 0.100, 0.100, 0.100, 0.100, 0.100, 0.100, 0.100, 0.100, 0.100]
    Layer 31: sigma=[0.100, 0.100, 0.100, 0.100, 0.100, 0.100, 0.100, 0.100, 0.100, 0.100, 0.100, 0.100, 0.100, 0.100, 0.100, 0.100, 0.100, 0.100, 0.100, 0.122, 0.100, 0.100, 0.100, 0.100, 0.100, 0.100, 0.100, 0.100, 0.100, 0.100, 0.100, 0.100]
    Layer 32: sigma=[0.100, 0.100, 0.100, 0.100, 0.100, 0.100, 0.100, 0.100, 0.100, 0.100, 0.100, 0.100, 0.100, 0.100, 0.100, 0.100, 0.100, 0.100, 0.100, 0.100, 0.100, 0.100, 0.100, 0.100, 0.100, 0.100, 0.100, 0.100, 0.100, 0.100, 0.100, 0.100]
    Layer 33: sigma=[0.100, 0.100, 0.100, 0.100, 0.100, 0.100, 0.100, 0.100, 0.100, 0.100, 0.100, 0.100, 0.100, 0.100, 0.100, 0.100, 0.100, 0.100, 0.100, 0.100, 0.100, 0.100, 0.100, 0.100, 0.100, 0.100, 0.100, 0.100, 0.100, 0.100, 0.100, 0.100]
    Layer 35: sigma=[0.100, 0.100, 0.100, 0.100, 0.117, 0.100, 0.100, 0.100, 0.100, 0.100, 0.100, 0.100, 0.100, 0.100, 0.100, 0.100, 0.100, 0.100, 0.100, 0.100, 0.100, 0.100, 0.123, 0.100, 0.100, 0.100, 0.100, 0.100, 0.100, 0.100, 0.100, 0.100]

  [Taylor Step 3/3] g_proj = v_proj * alpha (damping=0.01)...
    Layer  0: alpha=0.060517  teacher_rms=0.0163  v_rms=0.0027
    Layer  1: alpha=0.060982  teacher_rms=0.0205  v_rms=0.0034
    Layer  2: alpha=0.057024  teacher_rms=0.0214  v_rms=0.0038
    Layer  3: alpha=0.048545  teacher_rms=0.0259  v_rms=0.0053
    Layer  4: alpha=0.047241  teacher_rms=0.0304  v_rms=0.0064
    Layer  5: alpha=0.062015  teacher_rms=0.0409  v_rms=0.0066
    Layer  6: alpha=0.078335  teacher_rms=0.0621  v_rms=0.0079
    Layer  7: alpha=0.045845  teacher_rms=0.0530  v_rms=0.0116
    Layer  8: alpha=0.047011  teacher_rms=0.0708  v_rms=0.0151
    Layer  9: alpha=0.034617  teacher_rms=0.0713  v_rms=0.0206
    Layer 10: alpha=0.051225  teacher_rms=0.1092  v_rms=0.0213
    Layer 11: alpha=0.061848  teacher_rms=0.1046  v_rms=0.0169
    Layer 12: alpha=0.059595  teacher_rms=0.1207  v_rms=0.0203
    Layer 13: alpha=0.054425  teacher_rms=0.1040  v_rms=0.0191
    Layer 14: alpha=0.064057  teacher_rms=0.1547  v_rms=0.0241
    Layer 15: alpha=0.056720  teacher_rms=0.1576  v_rms=0.0278
    Layer 16: alpha=0.042617  teacher_rms=0.1473  v_rms=0.0346
    Layer 17: alpha=0.042627  teacher_rms=0.1753  v_rms=0.0411
    Layer 18: alpha=0.043829  teacher_rms=0.1990  v_rms=0.0454
    Layer 19: alpha=0.055690  teacher_rms=0.2060  v_rms=0.0370
    Layer 20: alpha=0.056851  teacher_rms=0.1966  v_rms=0.0346
    Layer 21: alpha=0.053030  teacher_rms=0.2373  v_rms=0.0447
    Layer 22: alpha=0.057727  teacher_rms=0.2834  v_rms=0.0491
    Layer 23: alpha=0.050092  teacher_rms=0.3098  v_rms=0.0618
    Layer 24: alpha=0.032904  teacher_rms=0.2897  v_rms=0.0880
    Layer 25: alpha=0.039973  teacher_rms=0.2376  v_rms=0.0594
    Layer 26: alpha=0.028263  teacher_rms=0.2124  v_rms=0.0751
    Layer 27: alpha=0.037068  teacher_rms=0.3083  v_rms=0.0832
    Layer 28: alpha=0.041085  teacher_rms=0.3705  v_rms=0.0902
    Layer 29: alpha=0.017344  teacher_rms=0.2548  v_rms=0.1469
    Layer 30: alpha=0.029045  teacher_rms=0.4297  v_rms=0.1480
    Layer 31: alpha=0.021139  teacher_rms=0.3785  v_rms=0.1790
    Layer 32: alpha=0.023899  teacher_rms=0.5288  v_rms=0.2213
    Layer 33: alpha=0.018560  teacher_rms=0.6404  v_rms=0.3451
    Layer 35: alpha=0.059480  teacher_rms=1.0168  v_rms=0.1710

  Set g_proj = v_proj * alpha in 35 GDN layers (damping=0.01).
  Init (taylor_init) done in 367.3s
  Layer 34: PPL = 227269.73  (eval 13.4s)

============================================================
  Probing layer 35 | strategy=taylor_init
============================================================
Loading checkpoint shards:   0%|          | 0/4 [00:00<?, ?it/s]Loading checkpoint shards: 100%|██████████| 4/4 [00:00<00:00, 146.68it/s]
Could not cache non-existence of file. Will ignore error and continue. Error: [Errno 13] Permission denied: '/data/shared/huggingface/hub/models--Qwen--Qwen3-8B/.no_exist/b968826d9c46dd6066d109eabc6255188de91218/model.safetensors'
Loading checkpoint shards:   0%|          | 0/5 [00:00<?, ?it/s]Loading checkpoint shards: 100%|██████████| 5/5 [00:00<00:00, 70.47it/s]
Token indices sequence length is longer than the specified maximum sequence length for this model (2429029 > 131072). Running this sequence through the model will result in indexing errors
  [Taylor Step 1/3] Gate calibration from attention stats...
    Layer  0: dist=[32, 3, 12, 35, 12, 26, 9, 11, 19, 6, 8, 9, 18, 34, 31, 10, 16, 19, 16, 14, 13, 23, 4, 12, 5, 52, 10, 43, 15, 36, 15, 14]
    Layer  1: dist=[19, 38, 25, 44, 3, 15, 31, 11, 45, 36, 65, 60, 34, 47, 51, 38, 32, 54, 57, 33, 56, 24, 40, 40, 37, 9, 44, 41, 83, 31, 37, 49]
    Layer  2: dist=[65, 65, 67, 62, 26, 45, 33, 43, 39, 47, 56, 56, 53, 46, 46, 60, 61, 49, 54, 43, 49, 67, 48, 50, 25, 24, 21, 35, 73, 73, 77, 74]
    Layer  3: dist=[65, 26, 13, 22, 87, 93, 83, 73, 56, 53, 62, 58, 90, 73, 75, 74, 59, 62, 51, 67, 74, 60, 64, 65, 64, 56, 52, 59, 70, 63, 72, 65]
    Layer  4: dist=[62, 63, 73, 67, 73, 56, 61, 89, 68, 69, 63, 60, 55, 55, 71, 61, 62, 65, 67, 70, 64, 61, 47, 64, 41, 51, 48, 34, 51, 66, 55, 55]
    Layer  5: dist=[36, 48, 55, 35, 61, 68, 52, 51, 5, 18, 73, 61, 54, 78, 59, 52, 41, 32, 50, 48, 51, 55, 48, 59, 73, 73, 80, 80, 43, 44, 46, 58]
    Layer  6: dist=[27, 40, 30, 31, 52, 46, 67, 61, 46, 25, 43, 38, 56, 64, 56, 30, 47, 34, 45, 40, 20, 30, 32, 14, 35, 50, 32, 49, 47, 43, 37, 53]
    Layer  7: dist=[55, 60, 64, 87, 126, 114, 127, 121, 88, 119, 99, 72, 108, 23, 53, 97, 80, 101, 85, 81, 106, 86, 112, 116, 64, 78, 47, 86, 97, 101, 101, 106]
    Layer  8: dist=[83, 87, 90, 58, 81, 77, 69, 78, 86, 99, 87, 90, 94, 86, 96, 70, 116, 107, 103, 96, 92, 106, 100, 111, 92, 72, 95, 67, 84, 72, 79, 74]
    Layer  9: dist=[76, 60, 61, 67, 83, 97, 96, 74, 123, 120, 118, 112, 27, 87, 63, 85, 93, 100, 114, 125, 87, 77, 60, 70, 119, 81, 91, 97, 125, 113, 127, 123]
    Layer 10: dist=[76, 71, 58, 74, 85, 102, 64, 74, 63, 88, 106, 49, 88, 67, 82, 86, 87, 102, 100, 107, 88, 60, 107, 90, 93, 107, 84, 77, 76, 65, 82, 90]
    Layer 11: dist=[78, 65, 79, 48, 53, 61, 78, 77, 102, 123, 109, 93, 82, 64, 65, 69, 69, 63, 61, 51, 77, 107, 89, 87, 67, 59, 56, 54, 95, 55, 55, 94]
    Layer 12: dist=[21, 72, 79, 61, 87, 83, 66, 70, 63, 62, 74, 77, 86, 81, 82, 87, 39, 68, 59, 94, 102, 112, 97, 103, 93, 2, 107, 38, 81, 88, 113, 91]
    Layer 13: dist=[52, 68, 66, 62, 52, 51, 65, 40, 86, 63, 99, 122, 128, 115, 109, 124, 85, 72, 57, 61, 93, 55, 83, 90, 84, 59, 72, 76, 113, 111, 96, 99]
    Layer 14: dist=[44, 64, 65, 46, 62, 45, 64, 65, 54, 57, 70, 68, 69, 76, 65, 67, 77, 86, 51, 64, 65, 31, 51, 81, 52, 67, 73, 64, 85, 88, 8, 89]
    Layer 15: dist=[80, 44, 79, 38, 37, 38, 79, 67, 90, 60, 46, 104, 68, 107, 79, 89, 61, 57, 64, 68, 58, 60, 50, 51, 49, 34, 86, 62, 72, 84, 71, 49]
    Layer 16: dist=[61, 57, 74, 85, 55, 58, 48, 55, 54, 82, 73, 84, 90, 69, 86, 86, 68, 71, 60, 62, 115, 118, 110, 103, 71, 54, 64, 10, 58, 59, 65, 56]
    Layer 17: dist=[111, 95, 79, 67, 53, 57, 39, 47, 90, 108, 79, 100, 40, 57, 71, 74, 44, 61, 61, 42, 75, 98, 93, 97, 58, 55, 57, 52, 53, 79, 93, 67]
    Layer 18: dist=[34, 45, 35, 33, 56, 78, 74, 57, 64, 67, 66, 79, 61, 60, 57, 62, 46, 74, 72, 52, 68, 47, 65, 96, 58, 62, 61, 63, 52, 53, 79, 56]
    Layer 19: dist=[73, 64, 63, 62, 76, 103, 54, 71, 81, 85, 84, 93, 63, 57, 75, 63, 84, 85, 49, 49, 21, 50, 33, 49, 102, 106, 102, 116, 77, 77, 73, 72]
    Layer 20: dist=[89, 79, 80, 77, 78, 51, 49, 57, 40, 36, 43, 39, 92, 79, 87, 96, 45, 51, 56, 39, 73, 111, 101, 98, 125, 97, 105, 85, 93, 79, 108, 108]
    Layer 21: dist=[44, 50, 56, 68, 115, 65, 96, 118, 118, 61, 71, 69, 46, 41, 44, 42, 75, 75, 83, 65, 89, 99, 95, 96, 64, 62, 60, 80, 73, 79, 60, 88]
    Layer 22: dist=[73, 60, 67, 63, 52, 72, 45, 56, 37, 49, 45, 59, 18, 86, 61, 64, 33, 79, 76, 41, 102, 115, 120, 121, 101, 84, 91, 95, 114, 92, 103, 95]
    Layer 23: dist=[39, 30, 48, 39, 110, 111, 41, 102, 79, 36, 45, 63, 75, 72, 79, 77, 82, 75, 74, 94, 72, 93, 82, 76, 78, 72, 68, 100, 91, 90, 83, 78]
    Layer 24: dist=[79, 124, 109, 101, 99, 109, 111, 97, 102, 105, 104, 84, 78, 75, 89, 74, 81, 86, 98, 88, 120, 103, 102, 117, 65, 73, 79, 51, 95, 111, 98, 88]
    Layer 25: dist=[105, 121, 118, 94, 71, 72, 107, 80, 96, 97, 85, 90, 65, 89, 50, 68, 93, 99, 97, 89, 102, 111, 105, 108, 110, 110, 99, 108, 88, 125, 98, 88]
    Layer 26: dist=[80, 88, 106, 68, 115, 113, 113, 110, 102, 107, 105, 98, 100, 124, 116, 116, 86, 93, 99, 95, 102, 113, 122, 114, 99, 97, 102, 93, 115, 96, 114, 95]
    Layer 27: dist=[87, 108, 103, 117, 98, 105, 101, 86, 77, 100, 107, 99, 78, 109, 80, 86, 96, 99, 99, 104, 91, 112, 113, 92, 110, 113, 116, 117, 107, 77, 92, 117]
    Layer 28: dist=[103, 92, 102, 102, 82, 63, 80, 76, 96, 107, 92, 89, 112, 105, 96, 101, 112, 104, 104, 108, 119, 71, 60, 89, 91, 88, 99, 99, 92, 92, 71, 95]
    Layer 29: dist=[113, 114, 114, 113, 90, 112, 94, 114, 119, 113, 122, 105, 120, 120, 119, 120, 116, 106, 115, 121, 123, 123, 107, 125, 100, 114, 97, 92, 106, 95, 106, 109]
    Layer 30: dist=[75, 102, 99, 100, 102, 100, 90, 67, 117, 117, 115, 120, 105, 104, 113, 101, 97, 78, 120, 122, 51, 120, 100, 110, 119, 119, 119, 118, 106, 110, 107, 102]
    Layer 31: dist=[119, 117, 99, 98, 112, 113, 114, 116, 114, 77, 87, 91, 117, 116, 117, 115, 101, 101, 106, 94, 119, 116, 108, 119, 112, 109, 89, 120, 112, 106, 102, 110]
    Layer 32: dist=[110, 114, 114, 111, 116, 119, 116, 117, 110, 111, 117, 115, 93, 113, 108, 91, 118, 106, 109, 111, 123, 92, 114, 120, 71, 95, 80, 105, 116, 107, 99, 103]
    Layer 33: dist=[102, 120, 112, 119, 91, 102, 57, 94, 116, 116, 113, 113, 114, 115, 113, 116, 114, 117, 106, 109, 112, 96, 110, 113, 111, 119, 122, 118, 110, 111, 107, 104]
    Layer 34: dist=[110, 109, 112, 113, 105, 111, 108, 102, 53, 93, 114, 86, 117, 115, 120, 81, 82, 89, 126, 55, 119, 51, 118, 119, 122, 122, 125, 122, 54, 62, 68, 109]

  [Taylor Step 2/3] OLS sigma per head (scaling V, streaming)...
    Layer  0: sigma=[0.614, 0.100, 0.100, 0.100, 0.333, 0.379, 0.100, 0.100, 0.100, 0.148, 0.100, 0.100, 0.100, 0.100, 0.100, 0.260, 0.100, 0.100, 0.100, 0.100, 0.100, 0.100, 0.100, 0.100, 0.100, 0.100, 0.350, 0.100, 0.100, 0.100, 0.161, 0.100]
    Layer  1: sigma=[0.351, 0.100, 0.100, 0.100, 0.100, 0.100, 0.100, 0.100, 0.100, 0.169, 0.246, 0.100, 0.100, 0.100, 0.100, 0.100, 0.100, 0.100, 0.100, 0.100, 0.100, 0.100, 0.100, 0.116, 0.100, 0.100, 0.115, 0.100, 0.100, 0.100, 0.100, 0.100]
    Layer  2: sigma=[0.100, 0.100, 0.100, 0.100, 0.100, 0.100, 0.100, 0.100, 0.110, 0.100, 0.100, 0.100, 0.100, 0.143, 0.100, 0.100, 0.100, 0.220, 0.100, 0.100, 0.100, 0.100, 0.100, 0.100, 0.100, 0.171, 0.100, 0.100, 0.100, 0.100, 0.100, 0.100]
    Layer  3: sigma=[0.100, 0.317, 0.100, 0.155, 0.100, 0.100, 0.100, 0.100, 0.100, 0.100, 0.100, 0.100, 0.100, 0.100, 0.100, 0.100, 0.100, 0.100, 0.100, 0.100, 0.100, 0.105, 0.100, 0.100, 0.100, 0.100, 0.100, 0.100, 0.100, 0.100, 0.100, 0.100]
    Layer  4: sigma=[0.100, 0.100, 0.100, 0.100, 0.100, 0.100, 0.100, 0.100, 0.100, 0.100, 0.100, 0.100, 0.100, 0.100, 0.100, 0.100, 0.100, 0.100, 0.100, 0.100, 0.133, 0.137, 0.311, 0.100, 0.100, 0.100, 0.100, 0.100, 0.100, 0.100, 0.100, 0.100]
    Layer  5: sigma=[0.100, 0.100, 0.100, 0.100, 0.100, 0.100, 0.100, 0.100, 0.100, 0.139, 0.100, 0.114, 0.100, 0.100, 0.100, 0.122, 0.100, 0.183, 0.100, 0.100, 0.100, 0.100, 0.100, 0.100, 0.100, 0.100, 0.100, 0.100, 0.100, 0.100, 0.100, 0.100]
    Layer  6: sigma=[0.100, 0.100, 0.100, 0.100, 0.100, 0.100, 0.100, 0.100, 0.100, 0.100, 0.100, 0.100, 0.100, 0.100, 0.100, 0.100, 0.100, 0.100, 0.100, 0.100, 0.153, 0.100, 0.100, 0.100, 0.100, 0.100, 0.100, 0.100, 0.100, 0.100, 0.100, 0.100]
    Layer  7: sigma=[0.100, 0.155, 0.100, 0.100, 0.112, 0.100, 0.100, 0.100, 0.100, 0.100, 0.100, 0.100, 0.100, 0.100, 0.100, 0.100, 0.100, 0.100, 0.100, 0.100, 0.100, 0.100, 0.100, 0.100, 0.100, 0.100, 0.100, 0.100, 0.100, 0.100, 0.100, 0.100]
    Layer  8: sigma=[0.100, 0.100, 0.100, 0.100, 0.100, 0.100, 0.100, 0.100, 0.100, 0.100, 0.100, 0.100, 0.100, 0.100, 0.100, 0.100, 0.100, 0.100, 0.100, 0.100, 0.100, 0.100, 0.100, 0.100, 0.100, 0.100, 0.100, 0.162, 0.100, 0.100, 0.100, 0.100]
    Layer  9: sigma=[0.100, 0.100, 0.100, 0.100, 0.100, 0.100, 0.100, 0.100, 0.100, 0.100, 0.100, 0.100, 0.100, 0.100, 0.598, 0.134, 0.100, 0.100, 0.100, 0.100, 0.100, 0.100, 0.100, 0.100, 0.100, 0.100, 0.100, 0.100, 0.100, 0.100, 0.100, 0.100]
    Layer 10: sigma=[0.100, 0.100, 0.100, 0.100, 0.100, 0.100, 0.100, 0.100, 0.100, 0.100, 0.100, 0.108, 0.100, 0.100, 0.100, 0.100, 0.100, 0.100, 0.100, 0.100, 0.100, 0.100, 0.100, 0.100, 0.100, 0.100, 0.100, 0.100, 0.100, 0.100, 0.100, 0.100]
    Layer 11: sigma=[0.100, 0.100, 0.100, 0.100, 0.136, 0.100, 0.100, 0.100, 0.100, 0.104, 0.100, 0.100, 0.100, 0.100, 0.231, 0.100, 0.100, 0.100, 0.100, 0.100, 0.100, 0.100, 0.100, 0.100, 0.100, 0.100, 0.173, 0.100, 0.100, 0.100, 0.100, 0.100]
    Layer 12: sigma=[0.100, 0.100, 0.100, 0.100, 0.100, 0.100, 0.100, 0.100, 0.100, 0.101, 0.100, 0.108, 0.100, 0.100, 0.100, 0.100, 0.100, 0.310, 0.151, 0.100, 0.100, 0.100, 0.100, 0.100, 0.100, 0.100, 0.100, 0.208, 0.100, 0.100, 0.117, 0.100]
    Layer 13: sigma=[0.233, 0.100, 0.100, 0.324, 0.100, 0.100, 0.100, 0.100, 0.100, 0.100, 0.100, 0.100, 0.100, 0.100, 0.100, 0.100, 0.100, 0.100, 0.100, 0.107, 0.100, 0.100, 0.100, 0.100, 0.100, 0.100, 0.100, 0.100, 0.100, 0.100, 0.100, 0.100]
    Layer 14: sigma=[0.100, 0.100, 0.100, 0.100, 0.100, 0.384, 0.100, 0.100, 0.100, 0.100, 0.100, 0.100, 0.100, 0.100, 0.100, 0.100, 0.100, 0.100, 0.100, 0.100, 0.100, 0.100, 0.100, 0.100, 0.118, 0.108, 0.100, 0.100, 0.100, 0.100, 0.100, 0.100]
    Layer 15: sigma=[0.100, 0.184, 0.100, 0.100, 0.100, 0.110, 0.100, 0.100, 0.100, 0.100, 0.100, 0.100, 0.202, 0.100, 0.100, 0.100, 0.100, 0.100, 0.100, 0.100, 0.100, 0.100, 0.100, 0.100, 0.167, 0.100, 0.100, 0.100, 0.100, 0.100, 0.100, 0.100]
    Layer 16: sigma=[0.100, 0.100, 0.100, 0.100, 0.100, 0.100, 0.100, 0.100, 0.100, 0.100, 0.100, 0.100, 0.100, 0.100, 0.100, 0.100, 0.100, 0.100, 0.100, 0.100, 0.100, 0.100, 0.100, 0.100, 0.100, 0.100, 0.100, 0.314, 0.100, 0.100, 0.100, 0.100]
    Layer 17: sigma=[0.100, 0.100, 0.100, 0.100, 0.100, 0.136, 0.100, 0.100, 0.100, 0.100, 0.100, 0.100, 0.100, 0.100, 0.100, 0.100, 0.127, 0.100, 0.100, 0.321, 0.100, 0.100, 0.100, 0.111, 0.147, 0.100, 0.449, 0.100, 0.100, 0.100, 0.100, 0.100]
    Layer 18: sigma=[0.100, 0.539, 0.100, 0.100, 0.100, 0.100, 0.100, 0.191, 0.100, 0.100, 0.100, 0.100, 0.100, 0.100, 0.100, 0.100, 0.136, 0.100, 0.100, 0.100, 0.100, 0.100, 0.100, 0.100, 0.100, 0.100, 0.100, 0.100, 0.100, 0.100, 0.100, 0.100]
    Layer 19: sigma=[0.100, 0.100, 0.100, 0.100, 0.100, 0.100, 0.100, 0.100, 0.100, 0.100, 0.100, 0.100, 0.159, 0.100, 0.100, 0.203, 0.100, 0.100, 0.100, 0.296, 0.100, 0.100, 0.100, 0.103, 0.100, 0.100, 0.100, 0.100, 0.100, 0.100, 0.100, 0.100]
    Layer 20: sigma=[0.100, 0.100, 0.100, 0.100, 0.100, 0.201, 0.100, 0.100, 0.160, 0.100, 0.100, 0.100, 0.100, 0.100, 0.100, 0.125, 0.100, 0.123, 0.100, 0.100, 0.100, 0.100, 0.100, 0.100, 0.100, 0.100, 0.100, 0.100, 0.100, 0.100, 0.100, 0.100]
    Layer 21: sigma=[0.100, 0.125, 0.100, 0.100, 0.100, 0.100, 0.100, 0.100, 0.100, 0.140, 0.100, 0.256, 0.100, 0.100, 0.100, 0.100, 0.100, 0.100, 0.100, 0.100, 0.100, 0.113, 0.100, 0.100, 0.127, 0.100, 0.100, 0.100, 0.100, 0.100, 0.309, 0.100]
    Layer 22: sigma=[0.146, 0.100, 0.100, 0.100, 0.163, 0.100, 0.100, 0.181, 0.123, 0.100, 0.100, 0.100, 0.100, 0.100, 0.100, 0.100, 0.100, 0.100, 0.100, 0.100, 0.100, 0.100, 0.100, 0.100, 0.100, 0.100, 0.100, 0.100, 0.100, 0.100, 0.100, 0.100]
    Layer 23: sigma=[0.169, 0.279, 0.161, 0.100, 0.100, 0.100, 0.123, 0.100, 0.100, 0.306, 0.100, 0.100, 0.100, 0.100, 0.100, 0.100, 0.100, 0.100, 0.100, 0.100, 0.100, 0.100, 0.100, 0.100, 0.100, 0.100, 0.100, 0.100, 0.100, 0.100, 0.145, 0.265]
    Layer 24: sigma=[0.100, 0.100, 0.100, 0.100, 0.100, 0.100, 0.100, 0.100, 0.100, 0.100, 0.100, 0.100, 0.100, 0.100, 0.100, 0.189, 0.100, 0.100, 0.100, 0.100, 0.100, 0.100, 0.100, 0.100, 0.250, 0.416, 0.100, 0.363, 0.100, 0.100, 0.100, 0.100]
    Layer 25: sigma=[0.100, 0.100, 0.100, 0.100, 0.100, 0.100, 0.100, 0.100, 0.100, 0.100, 0.100, 0.100, 0.100, 0.100, 0.116, 0.100, 0.100, 0.100, 0.100, 0.100, 0.100, 0.100, 0.100, 0.100, 0.100, 0.100, 0.100, 0.100, 0.100, 0.100, 0.100, 0.100]
    Layer 26: sigma=[0.100, 0.100, 0.100, 0.100, 0.100, 0.100, 0.100, 0.100, 0.100, 0.100, 0.100, 0.100, 0.100, 0.100, 0.100, 0.100, 0.100, 0.100, 0.100, 0.100, 0.100, 0.100, 0.100, 0.100, 0.100, 0.100, 0.100, 0.100, 0.100, 0.100, 0.100, 0.100]
    Layer 27: sigma=[0.100, 0.100, 0.100, 0.100, 0.100, 0.100, 0.100, 0.100, 0.100, 0.100, 0.100, 0.100, 0.100, 0.100, 0.100, 0.100, 0.100, 0.100, 0.100, 0.100, 0.100, 0.100, 0.100, 0.100, 0.100, 0.100, 0.100, 0.100, 0.100, 0.100, 0.100, 0.100]
    Layer 28: sigma=[0.100, 0.100, 0.100, 0.100, 0.100, 0.100, 0.100, 0.100, 0.100, 0.100, 0.100, 0.100, 0.100, 0.100, 0.100, 0.100, 0.100, 0.100, 0.100, 0.100, 0.100, 0.100, 0.100, 0.100, 0.100, 0.100, 0.100, 0.100, 0.100, 0.100, 0.100, 0.100]
    Layer 29: sigma=[0.100, 0.100, 0.100, 0.100, 0.100, 0.100, 0.100, 0.100, 0.100, 0.100, 0.100, 0.100, 0.100, 0.100, 0.100, 0.100, 0.100, 0.100, 0.100, 0.100, 0.100, 0.100, 0.100, 0.100, 0.100, 0.100, 0.100, 0.100, 0.100, 0.100, 0.100, 0.100]
    Layer 30: sigma=[0.100, 0.100, 0.100, 0.100, 0.100, 0.100, 0.100, 0.100, 0.100, 0.100, 0.100, 0.100, 0.100, 0.100, 0.100, 0.100, 0.100, 0.100, 0.100, 0.100, 0.100, 0.100, 0.100, 0.100, 0.100, 0.100, 0.100, 0.100, 0.100, 0.100, 0.100, 0.100]
    Layer 31: sigma=[0.100, 0.100, 0.100, 0.100, 0.100, 0.100, 0.100, 0.100, 0.100, 0.100, 0.100, 0.100, 0.100, 0.100, 0.100, 0.100, 0.100, 0.100, 0.100, 0.128, 0.100, 0.100, 0.100, 0.100, 0.100, 0.100, 0.100, 0.100, 0.100, 0.100, 0.100, 0.100]
    Layer 32: sigma=[0.100, 0.100, 0.100, 0.100, 0.100, 0.100, 0.100, 0.100, 0.100, 0.100, 0.100, 0.100, 0.100, 0.100, 0.100, 0.100, 0.100, 0.100, 0.100, 0.100, 0.100, 0.100, 0.100, 0.100, 0.100, 0.100, 0.100, 0.100, 0.100, 0.100, 0.100, 0.100]
    Layer 33: sigma=[0.100, 0.100, 0.100, 0.100, 0.100, 0.100, 0.100, 0.100, 0.100, 0.100, 0.100, 0.100, 0.100, 0.100, 0.100, 0.100, 0.100, 0.100, 0.100, 0.100, 0.100, 0.100, 0.100, 0.100, 0.100, 0.100, 0.100, 0.100, 0.100, 0.100, 0.100, 0.100]
    Layer 34: sigma=[0.100, 0.100, 0.100, 0.100, 0.100, 0.100, 0.100, 0.100, 0.100, 0.100, 0.100, 0.100, 0.100, 0.100, 0.100, 0.100, 0.106, 0.100, 0.100, 0.100, 0.100, 0.100, 0.100, 0.100, 0.100, 0.100, 0.100, 0.100, 0.100, 0.100, 0.100, 0.100]

  [Taylor Step 3/3] g_proj = v_proj * alpha (damping=0.01)...
    Layer  0: alpha=0.060451  teacher_rms=0.0163  v_rms=0.0027
    Layer  1: alpha=0.060789  teacher_rms=0.0205  v_rms=0.0034
    Layer  2: alpha=0.057058  teacher_rms=0.0214  v_rms=0.0038
    Layer  3: alpha=0.048966  teacher_rms=0.0259  v_rms=0.0053
    Layer  4: alpha=0.047538  teacher_rms=0.0304  v_rms=0.0064
    Layer  5: alpha=0.061613  teacher_rms=0.0409  v_rms=0.0066
    Layer  6: alpha=0.078431  teacher_rms=0.0621  v_rms=0.0079
    Layer  7: alpha=0.046006  teacher_rms=0.0530  v_rms=0.0115
    Layer  8: alpha=0.047788  teacher_rms=0.0708  v_rms=0.0148
    Layer  9: alpha=0.034424  teacher_rms=0.0713  v_rms=0.0207
    Layer 10: alpha=0.051116  teacher_rms=0.1092  v_rms=0.0214
    Layer 11: alpha=0.063198  teacher_rms=0.1046  v_rms=0.0165
    Layer 12: alpha=0.060904  teacher_rms=0.1207  v_rms=0.0198
    Layer 13: alpha=0.053194  teacher_rms=0.1040  v_rms=0.0195
    Layer 14: alpha=0.065150  teacher_rms=0.1547  v_rms=0.0237
    Layer 15: alpha=0.057629  teacher_rms=0.1576  v_rms=0.0274
    Layer 16: alpha=0.044915  teacher_rms=0.1473  v_rms=0.0328
    Layer 17: alpha=0.043851  teacher_rms=0.1753  v_rms=0.0400
    Layer 18: alpha=0.041654  teacher_rms=0.1990  v_rms=0.0478
    Layer 19: alpha=0.054065  teacher_rms=0.2060  v_rms=0.0381
    Layer 20: alpha=0.056080  teacher_rms=0.1966  v_rms=0.0351
    Layer 21: alpha=0.050757  teacher_rms=0.2373  v_rms=0.0467
    Layer 22: alpha=0.057575  teacher_rms=0.2834  v_rms=0.0492
    Layer 23: alpha=0.049427  teacher_rms=0.3098  v_rms=0.0627
    Layer 24: alpha=0.032564  teacher_rms=0.2897  v_rms=0.0890
    Layer 25: alpha=0.039895  teacher_rms=0.2376  v_rms=0.0596
    Layer 26: alpha=0.029256  teacher_rms=0.2124  v_rms=0.0726
    Layer 27: alpha=0.037093  teacher_rms=0.3083  v_rms=0.0831
    Layer 28: alpha=0.042758  teacher_rms=0.3705  v_rms=0.0867
    Layer 29: alpha=0.017344  teacher_rms=0.2548  v_rms=0.1469
    Layer 30: alpha=0.029045  teacher_rms=0.4297  v_rms=0.1480
    Layer 31: alpha=0.021114  teacher_rms=0.3785  v_rms=0.1793
    Layer 32: alpha=0.023899  teacher_rms=0.5288  v_rms=0.2213
    Layer 33: alpha=0.018560  teacher_rms=0.6404  v_rms=0.3451
    Layer 34: alpha=0.033160  teacher_rms=1.0325  v_rms=0.3114

  Set g_proj = v_proj * alpha in 35 GDN layers (damping=0.01).
  Init (taylor_init) done in 335.9s
  Layer 35: PPL = 144667.12  (eval 13.5s)

============================================================
  RANKING [taylor_init] (lower PPL = more important to keep)
============================================================
  # 1  Layer 35  PPL = 144667.12
  # 2  Layer 34  PPL = 227269.73
  # 3  Layer 24  PPL = 512126.06
  # 4  Layer 33  PPL = 816841.38
  # 5  Layer 26  PPL = 1026713.19
  # 6  Layer 30  PPL = 1072267.75
  # 7  Layer 29  PPL = 1376679.88
  # 8  Layer 32  PPL = 1406707.12
  # 9  Layer 27  PPL = 1690513.38
  #10  Layer 22  PPL = 2137369.75
  #11  Layer 28  PPL = 2230769.00
  #12  Layer 25  PPL = 2241365.50
  #13  Layer  0  PPL = 2861650.25
  #14  Layer 23  PPL = 3260747.50
  #15  Layer  1  PPL = 4200048.00
  #16  Layer 31  PPL = 4236875.00
  #17  Layer  5  PPL = 4494517.50
  #18  Layer 16  PPL = 5152508.50
  #19  Layer 12  PPL = 5195273.00
  #20  Layer  3  PPL = 5256377.50
  #21  Layer  2  PPL = 5294669.50
  #22  Layer  4  PPL = 6025380.50
  #23  Layer  7  PPL = 6730887.50
  #24  Layer 20  PPL = 7203957.50
  #25  Layer  8  PPL = 7473413.00
  #26  Layer  9  PPL = 8359790.00
  #27  Layer 14  PPL = 9231725.00
  #28  Layer 11  PPL = 10075142.00
  #29  Layer 15  PPL = 10562505.00
  #30  Layer  6  PPL = 10807050.00
  #31  Layer 10  PPL = 10996033.00
  #32  Layer 18  PPL = 12359258.00
  #33  Layer 21  PPL = 14465458.00
  #34  Layer 19  PPL = 15673112.00
  #35  Layer 13  PPL = 18315792.00
  #36  Layer 17  PPL = 35849024.00

  Top-9 layers (sorted): [24, 26, 27, 29, 30, 32, 33, 34, 35]
  keep_full_attention_layers: [24, 26, 27, 29, 30, 32, 33, 34, 35]

  Results saved to /home/charlie/Taylor-Distill/results/zeroshot_qwen3_8b_25pct/ga_s2/taylor_init/gpu0.json
