Strategy: taylor_distill
Teacher (FLA): /data/shared/charlie/converted_teachers/Qwen3-8B
Teacher (HF):  Qwen/Qwen3-8B

============================================================
  Probing layer 0 | strategy=taylor_distill
============================================================
Loading checkpoint shards:   0%|          | 0/4 [00:00<?, ?it/s]Loading checkpoint shards: 100%|██████████| 4/4 [00:00<00:00, 154.02it/s]
/home/charlie/miniconda3/envs/taylor/lib/python3.12/site-packages/fla/layers/gated_deltanet.py:191: UserWarning: ShortConvolution is crucial to the performance. Do not turn it off, i.e., setting `use_short_conv=False` unless you know what you are doing.
  warnings.warn(
Could not cache non-existence of file. Will ignore error and continue. Error: [Errno 13] Permission denied: '/data/shared/huggingface/hub/models--Qwen--Qwen3-8B/.no_exist/b968826d9c46dd6066d109eabc6255188de91218/model.safetensors'
Loading checkpoint shards:   0%|          | 0/5 [00:00<?, ?it/s]Loading checkpoint shards: 100%|██████████| 5/5 [00:00<00:00, 190.63it/s]
Token indices sequence length is longer than the specified maximum sequence length for this model (2429029 > 131072). Running this sequence through the model will result in indexing errors
  [Taylor Step 1/3] Gate calibration from attention stats...
    Layer  1: dist=[12, 21, 14, 26, 2, 9, 17, 7, 25, 18, 32, 29, 18, 28, 28, 20, 17, 26, 31, 18, 28, 17, 21, 21, 26, 8, 25, 23, 41, 16, 20, 28]
    Layer  2: dist=[36, 36, 37, 32, 17, 27, 20, 24, 21, 24, 29, 33, 28, 25, 26, 34, 32, 26, 28, 22, 28, 36, 27, 27, 14, 14, 11, 19, 41, 42, 43, 41]
    Layer  3: dist=[40, 20, 9, 12, 49, 50, 46, 42, 30, 27, 33, 31, 49, 43, 42, 42, 35, 37, 29, 37, 42, 33, 32, 36, 35, 30, 29, 33, 39, 36, 40, 37]
    Layer  4: dist=[31, 35, 41, 36, 41, 33, 35, 48, 37, 38, 34, 34, 31, 31, 38, 35, 35, 37, 38, 39, 34, 35, 25, 34, 26, 32, 27, 21, 28, 33, 30, 30]
    Layer  5: dist=[23, 29, 30, 21, 36, 34, 29, 29, 4, 14, 40, 38, 31, 43, 32, 30, 23, 20, 28, 28, 29, 30, 27, 33, 38, 39, 43, 43, 26, 25, 29, 32]
    Layer  6: dist=[16, 22, 17, 17, 27, 24, 34, 32, 25, 12, 21, 20, 31, 34, 28, 16, 28, 20, 24, 23, 13, 18, 18, 8, 21, 24, 18, 28, 24, 25, 21, 27]
    Layer  7: dist=[31, 36, 33, 46, 63, 57, 63, 60, 45, 60, 53, 41, 54, 15, 30, 49, 42, 54, 44, 44, 54, 45, 58, 59, 34, 41, 25, 43, 49, 51, 49, 54]
    Layer  8: dist=[45, 46, 49, 29, 43, 41, 35, 44, 46, 52, 43, 48, 51, 43, 49, 36, 60, 56, 54, 51, 44, 54, 51, 57, 47, 37, 51, 36, 44, 38, 42, 44]
    Layer  9: dist=[40, 32, 31, 36, 45, 49, 48, 40, 62, 61, 60, 56, 14, 46, 32, 45, 49, 53, 59, 62, 44, 40, 35, 41, 61, 44, 49, 54, 62, 57, 63, 61]
    Layer 10: dist=[39, 39, 30, 39, 46, 55, 33, 41, 34, 45, 55, 26, 49, 36, 42, 44, 45, 53, 52, 50, 46, 31, 56, 51, 51, 56, 47, 43, 40, 39, 44, 47]
    Layer 11: dist=[33, 33, 47, 27, 29, 36, 43, 42, 52, 62, 57, 49, 44, 33, 38, 39, 39, 36, 33, 25, 42, 56, 46, 46, 39, 32, 36, 32, 49, 34, 31, 48]
    Layer 12: dist=[12, 40, 39, 33, 43, 46, 39, 36, 33, 36, 44, 44, 50, 45, 45, 49, 21, 38, 29, 44, 55, 54, 53, 56, 49, 1, 56, 23, 43, 45, 59, 49]
    Layer 13: dist=[29, 36, 39, 36, 31, 29, 35, 22, 47, 36, 52, 61, 64, 58, 55, 62, 46, 39, 31, 36, 47, 33, 44, 46, 44, 33, 40, 41, 58, 56, 49, 51]
    Layer 14: dist=[25, 35, 34, 24, 39, 24, 35, 33, 31, 32, 37, 37, 36, 40, 35, 36, 41, 46, 31, 35, 33, 17, 28, 42, 27, 38, 40, 38, 43, 44, 5, 48]
    Layer 15: dist=[45, 27, 43, 23, 20, 22, 41, 33, 48, 33, 26, 54, 37, 56, 41, 47, 33, 33, 34, 36, 33, 30, 27, 27, 27, 20, 41, 37, 38, 47, 38, 28]
    Layer 16: dist=[37, 32, 42, 47, 29, 35, 26, 31, 29, 45, 40, 43, 49, 35, 44, 47, 38, 41, 34, 35, 59, 60, 57, 54, 39, 28, 34, 6, 32, 33, 36, 32]
    Layer 17: dist=[58, 50, 41, 34, 28, 31, 22, 25, 44, 54, 42, 49, 23, 32, 39, 39, 24, 29, 32, 22, 39, 51, 49, 48, 30, 28, 31, 26, 29, 43, 47, 36]
    Layer 18: dist=[20, 27, 19, 18, 29, 37, 39, 30, 37, 40, 37, 45, 34, 34, 31, 35, 26, 41, 42, 28, 38, 28, 37, 52, 31, 35, 35, 36, 30, 29, 43, 31]
    Layer 19: dist=[39, 33, 35, 35, 43, 54, 30, 38, 40, 44, 41, 48, 35, 31, 40, 35, 44, 42, 26, 29, 10, 28, 18, 27, 52, 54, 52, 58, 44, 43, 41, 41]
    Layer 20: dist=[46, 39, 44, 40, 41, 27, 28, 31, 23, 21, 26, 21, 48, 42, 48, 50, 24, 28, 31, 21, 38, 57, 52, 51, 63, 51, 53, 44, 49, 43, 55, 55]
    Layer 21: dist=[26, 25, 30, 35, 58, 33, 53, 58, 61, 33, 39, 38, 26, 24, 25, 23, 39, 40, 45, 32, 47, 52, 48, 49, 35, 34, 32, 44, 38, 40, 34, 47]
    Layer 22: dist=[39, 32, 37, 33, 28, 38, 24, 30, 21, 27, 24, 35, 9, 46, 32, 35, 18, 40, 40, 23, 53, 59, 60, 61, 51, 44, 46, 48, 57, 47, 53, 50]
    Layer 23: dist=[22, 18, 26, 22, 55, 55, 22, 50, 41, 20, 24, 31, 37, 36, 41, 39, 41, 38, 42, 48, 41, 46, 42, 40, 41, 39, 37, 51, 47, 44, 44, 39]
    Layer 24: dist=[40, 62, 57, 51, 50, 56, 54, 47, 52, 54, 52, 43, 41, 39, 47, 40, 42, 49, 44, 42, 60, 53, 52, 58, 31, 41, 39, 29, 50, 57, 51, 47]
    Layer 25: dist=[50, 60, 59, 49, 38, 38, 54, 42, 46, 52, 47, 48, 36, 45, 27, 37, 48, 50, 49, 45, 54, 56, 55, 55, 58, 56, 50, 55, 46, 61, 51, 45]
    Layer 26: dist=[43, 47, 57, 36, 59, 57, 59, 56, 52, 56, 53, 49, 52, 62, 60, 60, 43, 46, 53, 50, 53, 54, 60, 57, 53, 50, 54, 50, 58, 50, 59, 51]
    Layer 27: dist=[48, 55, 54, 59, 50, 53, 52, 44, 41, 52, 55, 52, 41, 56, 42, 45, 51, 53, 53, 53, 47, 56, 54, 44, 57, 59, 60, 60, 50, 44, 45, 60]
    Layer 28: dist=[53, 47, 54, 53, 41, 35, 40, 38, 52, 57, 47, 46, 57, 53, 48, 50, 57, 51, 53, 55, 59, 37, 32, 46, 47, 46, 50, 51, 46, 48, 35, 49]
    Layer 29: dist=[57, 58, 57, 58, 45, 56, 47, 58, 58, 57, 61, 54, 60, 61, 60, 61, 58, 56, 58, 60, 62, 61, 56, 62, 49, 59, 47, 49, 55, 51, 56, 56]
    Layer 30: dist=[40, 54, 51, 52, 53, 51, 48, 37, 60, 59, 58, 60, 53, 53, 57, 51, 52, 39, 61, 61, 29, 60, 53, 54, 60, 60, 61, 60, 55, 56, 54, 51]
    Layer 31: dist=[60, 58, 51, 49, 58, 59, 59, 59, 57, 41, 46, 47, 58, 59, 59, 58, 52, 53, 55, 48, 60, 59, 56, 59, 57, 56, 46, 60, 57, 55, 53, 57]
    Layer 32: dist=[56, 57, 58, 57, 58, 60, 59, 60, 56, 55, 59, 58, 48, 58, 54, 47, 58, 54, 54, 54, 62, 48, 57, 60, 36, 48, 44, 53, 58, 54, 51, 53]
    Layer 33: dist=[52, 61, 57, 60, 45, 52, 29, 47, 57, 58, 57, 58, 58, 59, 58, 59, 59, 59, 53, 56, 58, 49, 54, 57, 57, 59, 60, 59, 56, 56, 55, 53]
    Layer 34: dist=[56, 57, 58, 57, 55, 56, 55, 54, 25, 47, 54, 42, 58, 57, 60, 40, 42, 44, 62, 30, 58, 27, 59, 60, 61, 60, 62, 60, 26, 32, 35, 54]
    Layer 35: dist=[56, 62, 36, 50, 43, 19, 55, 48, 42, 51, 55, 49, 30, 17, 24, 22, 49, 45, 40, 27, 45, 52, 28, 27, 33, 27, 33, 35, 36, 57, 61, 58]

  [Taylor Step 2/3] OLS sigma per head (scaling V, streaming)...
    Layer  1: sigma=[0.281, 0.100, 0.100, 0.100, 0.100, 0.100, 0.100, 0.100, 0.100, 0.404, 0.276, 0.100, 0.100, 0.100, 0.100, 0.100, 0.100, 0.100, 0.100, 0.100, 0.100, 0.100, 0.100, 0.209, 0.100, 0.100, 0.178, 0.100, 0.100, 0.100, 0.100, 0.100]
    Layer  2: sigma=[0.152, 0.100, 0.100, 0.100, 0.100, 0.100, 0.100, 0.100, 0.156, 0.100, 0.100, 0.100, 0.100, 0.257, 0.100, 0.100, 0.100, 0.100, 0.100, 0.100, 0.100, 0.100, 0.100, 0.100, 0.100, 0.176, 0.100, 0.100, 0.100, 0.100, 0.100, 0.138]
    Layer  3: sigma=[0.100, 0.456, 0.100, 0.295, 0.100, 0.100, 0.100, 0.100, 0.100, 0.100, 0.100, 0.100, 0.100, 0.100, 0.100, 0.100, 0.100, 0.100, 0.117, 0.100, 0.100, 0.100, 0.100, 0.100, 0.100, 0.125, 0.104, 0.100, 0.100, 0.100, 0.100, 0.100]
    Layer  4: sigma=[0.100, 0.100, 0.100, 0.100, 0.100, 0.100, 0.100, 0.100, 0.100, 0.100, 0.100, 0.100, 0.100, 0.100, 0.100, 0.100, 0.100, 0.100, 0.100, 0.100, 0.100, 0.142, 0.304, 0.100, 0.100, 0.100, 0.100, 0.100, 0.100, 0.100, 0.100, 0.100]
    Layer  5: sigma=[0.100, 0.100, 0.120, 0.100, 0.100, 0.100, 0.100, 0.100, 0.100, 0.268, 0.100, 0.103, 0.100, 0.100, 0.100, 0.107, 0.100, 0.338, 0.100, 0.100, 0.100, 0.100, 0.100, 0.100, 0.100, 0.100, 0.100, 0.100, 0.100, 0.241, 0.100, 0.100]
    Layer  6: sigma=[0.100, 0.100, 0.159, 0.100, 0.109, 0.109, 0.100, 0.100, 0.100, 0.100, 0.100, 0.100, 0.100, 0.100, 0.100, 0.100, 0.100, 0.100, 0.100, 0.100, 0.247, 0.100, 0.100, 0.100, 0.100, 0.100, 0.102, 0.100, 0.100, 0.100, 0.100, 0.100]
    Layer  7: sigma=[0.100, 0.242, 0.100, 0.100, 0.130, 0.100, 0.100, 0.100, 0.100, 0.100, 0.100, 0.150, 0.100, 0.100, 0.100, 0.100, 0.100, 0.100, 0.100, 0.100, 0.100, 0.100, 0.100, 0.100, 0.100, 0.100, 0.100, 0.100, 0.100, 0.100, 0.100, 0.100]
    Layer  8: sigma=[0.100, 0.100, 0.100, 0.100, 0.100, 0.100, 0.100, 0.123, 0.100, 0.100, 0.100, 0.100, 0.100, 0.131, 0.100, 0.100, 0.100, 0.100, 0.100, 0.100, 0.100, 0.100, 0.100, 0.100, 0.100, 0.100, 0.100, 0.313, 0.100, 0.100, 0.100, 0.100]
    Layer  9: sigma=[0.100, 0.100, 0.122, 0.100, 0.100, 0.100, 0.100, 0.100, 0.100, 0.100, 0.100, 0.100, 0.100, 0.100, 0.806, 0.220, 0.100, 0.100, 0.100, 0.100, 0.145, 0.100, 0.100, 0.100, 0.100, 0.165, 0.100, 0.100, 0.100, 0.100, 0.100, 0.100]
    Layer 10: sigma=[0.100, 0.100, 0.100, 0.100, 0.100, 0.100, 0.100, 0.100, 0.157, 0.100, 0.100, 0.100, 0.100, 0.100, 0.100, 0.100, 0.100, 0.100, 0.100, 0.100, 0.100, 0.100, 0.100, 0.100, 0.100, 0.100, 0.100, 0.100, 0.107, 0.100, 0.108, 0.100]
    Layer 11: sigma=[0.100, 0.100, 0.100, 0.100, 0.221, 0.100, 0.169, 0.100, 0.100, 0.143, 0.100, 0.100, 0.150, 0.100, 0.291, 0.100, 0.100, 0.100, 0.100, 0.100, 0.100, 0.100, 0.100, 0.100, 0.109, 0.100, 0.255, 0.100, 0.100, 0.100, 0.101, 0.100]
    Layer 12: sigma=[0.100, 0.100, 0.100, 0.100, 0.100, 0.133, 0.100, 0.100, 0.100, 0.111, 0.100, 0.100, 0.100, 0.100, 0.100, 0.100, 0.100, 0.291, 0.525, 0.100, 0.100, 0.100, 0.100, 0.100, 0.100, 0.282, 0.100, 0.123, 0.100, 0.133, 0.136, 0.100]
    Layer 13: sigma=[0.264, 0.100, 0.100, 0.100, 0.100, 0.100, 0.100, 0.111, 0.100, 0.120, 0.125, 0.100, 0.100, 0.100, 0.100, 0.100, 0.100, 0.100, 0.100, 0.100, 0.100, 0.100, 0.100, 0.100, 0.100, 0.100, 0.100, 0.100, 0.100, 0.100, 0.100, 0.100]
    Layer 14: sigma=[0.100, 0.100, 0.119, 0.100, 0.100, 0.410, 0.100, 0.164, 0.100, 0.100, 0.100, 0.100, 0.100, 0.188, 0.100, 0.100, 0.100, 0.100, 0.168, 0.119, 0.100, 0.100, 0.100, 0.100, 0.100, 0.146, 0.100, 0.136, 0.100, 0.100, 0.100, 0.100]
    Layer 15: sigma=[0.100, 0.237, 0.100, 0.107, 0.221, 0.111, 0.100, 0.100, 0.100, 0.100, 0.100, 0.114, 0.263, 0.100, 0.100, 0.100, 0.100, 0.100, 0.107, 0.154, 0.100, 0.100, 0.100, 0.100, 0.270, 0.238, 0.100, 0.100, 0.100, 0.100, 0.100, 0.100]
    Layer 16: sigma=[0.332, 0.100, 0.100, 0.100, 0.100, 0.100, 0.100, 0.100, 0.100, 0.100, 0.100, 0.100, 0.100, 0.100, 0.100, 0.100, 0.100, 0.100, 0.100, 0.100, 0.100, 0.100, 0.100, 0.100, 0.100, 0.149, 0.100, 0.100, 0.100, 0.100, 0.100, 0.100]
    Layer 17: sigma=[0.100, 0.100, 0.100, 0.100, 0.100, 0.516, 0.100, 0.109, 0.107, 0.100, 0.100, 0.100, 0.100, 0.100, 0.100, 0.100, 0.329, 0.113, 0.100, 0.358, 0.100, 0.100, 0.100, 0.100, 0.100, 0.100, 0.328, 0.128, 0.100, 0.100, 0.100, 0.100]
    Layer 18: sigma=[0.100, 0.607, 0.100, 0.100, 0.100, 0.188, 0.100, 0.100, 0.100, 0.100, 0.100, 0.100, 0.100, 0.100, 0.100, 0.100, 0.512, 0.100, 0.100, 0.100, 0.100, 0.100, 0.100, 0.100, 0.100, 0.100, 0.100, 0.100, 0.100, 0.100, 0.100, 0.100]
    Layer 19: sigma=[0.100, 0.100, 0.100, 0.100, 0.100, 0.100, 0.223, 0.100, 0.100, 0.100, 0.100, 0.100, 0.335, 0.100, 0.100, 0.151, 0.100, 0.100, 0.100, 0.498, 0.100, 0.100, 0.100, 0.100, 0.104, 0.100, 0.100, 0.100, 0.100, 0.100, 0.100, 0.100]
    Layer 20: sigma=[0.100, 0.100, 0.200, 0.100, 0.100, 0.234, 0.152, 0.100, 0.100, 0.100, 0.100, 0.100, 0.100, 0.100, 0.100, 0.110, 0.188, 0.100, 0.100, 0.100, 0.100, 0.100, 0.100, 0.100, 0.100, 0.100, 0.100, 0.100, 0.100, 0.100, 0.100, 0.100]
    Layer 21: sigma=[0.100, 0.101, 0.100, 0.129, 0.100, 0.100, 0.100, 0.100, 0.100, 0.100, 0.100, 0.369, 0.100, 0.100, 0.157, 0.100, 0.100, 0.100, 0.100, 0.116, 0.100, 0.100, 0.100, 0.100, 0.100, 0.100, 0.100, 0.100, 0.100, 0.100, 0.297, 0.127]
    Layer 22: sigma=[0.167, 0.100, 0.100, 0.100, 0.165, 0.100, 0.106, 0.211, 0.242, 0.103, 0.100, 0.100, 0.108, 0.100, 0.100, 0.100, 0.100, 0.100, 0.100, 0.133, 0.100, 0.100, 0.100, 0.100, 0.100, 0.100, 0.100, 0.100, 0.100, 0.100, 0.100, 0.100]
    Layer 23: sigma=[0.190, 0.141, 0.106, 0.100, 0.100, 0.100, 0.180, 0.100, 0.100, 0.100, 0.100, 0.100, 0.100, 0.100, 0.100, 0.100, 0.100, 0.100, 0.100, 0.100, 0.100, 0.100, 0.100, 0.100, 0.100, 0.100, 0.100, 0.100, 0.100, 0.272, 0.215, 0.163]
    Layer 24: sigma=[0.100, 0.100, 0.100, 0.100, 0.100, 0.100, 0.100, 0.100, 0.100, 0.100, 0.100, 0.100, 0.100, 0.100, 0.100, 0.221, 0.100, 0.100, 0.100, 0.100, 0.100, 0.100, 0.100, 0.100, 0.276, 0.272, 0.196, 0.223, 0.100, 0.100, 0.100, 0.100]
    Layer 25: sigma=[0.100, 0.100, 0.100, 0.100, 0.100, 0.100, 0.100, 0.100, 0.100, 0.100, 0.100, 0.100, 0.100, 0.100, 0.100, 0.100, 0.100, 0.100, 0.100, 0.100, 0.100, 0.100, 0.100, 0.100, 0.100, 0.100, 0.100, 0.100, 0.100, 0.100, 0.100, 0.100]
    Layer 26: sigma=[0.100, 0.100, 0.100, 0.100, 0.100, 0.100, 0.100, 0.100, 0.100, 0.100, 0.100, 0.100, 0.100, 0.100, 0.100, 0.111, 0.100, 0.100, 0.100, 0.100, 0.100, 0.100, 0.100, 0.100, 0.100, 0.100, 0.100, 0.100, 0.100, 0.100, 0.100, 0.100]
    Layer 27: sigma=[0.100, 0.100, 0.100, 0.100, 0.100, 0.100, 0.100, 0.100, 0.100, 0.100, 0.100, 0.100, 0.100, 0.100, 0.100, 0.100, 0.100, 0.100, 0.100, 0.100, 0.100, 0.100, 0.100, 0.100, 0.100, 0.100, 0.100, 0.100, 0.100, 0.195, 0.100, 0.100]
    Layer 28: sigma=[0.100, 0.100, 0.100, 0.100, 0.101, 0.139, 0.100, 0.147, 0.100, 0.100, 0.100, 0.100, 0.100, 0.100, 0.100, 0.100, 0.100, 0.100, 0.100, 0.100, 0.100, 0.100, 0.100, 0.100, 0.100, 0.100, 0.100, 0.100, 0.100, 0.100, 0.100, 0.100]
    Layer 29: sigma=[0.100, 0.100, 0.100, 0.100, 0.100, 0.100, 0.100, 0.100, 0.100, 0.100, 0.100, 0.100, 0.100, 0.100, 0.100, 0.100, 0.100, 0.100, 0.100, 0.100, 0.100, 0.100, 0.100, 0.100, 0.100, 0.100, 0.100, 0.100, 0.100, 0.100, 0.100, 0.100]
    Layer 30: sigma=[0.100, 0.100, 0.100, 0.100, 0.100, 0.100, 0.100, 0.100, 0.100, 0.100, 0.100, 0.100, 0.100, 0.100, 0.100, 0.100, 0.100, 0.100, 0.100, 0.100, 0.100, 0.100, 0.100, 0.100, 0.100, 0.100, 0.100, 0.100, 0.100, 0.100, 0.100, 0.100]
    Layer 31: sigma=[0.100, 0.100, 0.100, 0.100, 0.100, 0.100, 0.100, 0.100, 0.100, 0.100, 0.100, 0.100, 0.100, 0.100, 0.100, 0.100, 0.100, 0.100, 0.100, 0.100, 0.100, 0.100, 0.100, 0.100, 0.100, 0.100, 0.100, 0.100, 0.100, 0.100, 0.100, 0.100]
    Layer 32: sigma=[0.100, 0.100, 0.100, 0.100, 0.100, 0.100, 0.100, 0.100, 0.100, 0.100, 0.100, 0.100, 0.100, 0.100, 0.100, 0.100, 0.100, 0.100, 0.100, 0.100, 0.100, 0.100, 0.100, 0.100, 0.100, 0.100, 0.100, 0.100, 0.100, 0.100, 0.100, 0.100]
    Layer 33: sigma=[0.100, 0.100, 0.100, 0.100, 0.100, 0.100, 0.100, 0.100, 0.100, 0.100, 0.100, 0.100, 0.100, 0.100, 0.100, 0.100, 0.100, 0.100, 0.100, 0.100, 0.100, 0.100, 0.100, 0.100, 0.100, 0.100, 0.100, 0.100, 0.100, 0.100, 0.100, 0.100]
    Layer 34: sigma=[0.100, 0.100, 0.100, 0.100, 0.100, 0.100, 0.100, 0.100, 0.100, 0.100, 0.100, 0.100, 0.100, 0.100, 0.100, 0.100, 0.100, 0.100, 0.100, 0.100, 0.100, 0.100, 0.100, 0.100, 0.100, 0.100, 0.100, 0.100, 0.100, 0.100, 0.100, 0.100]
    Layer 35: sigma=[0.100, 0.100, 0.100, 0.100, 0.130, 0.100, 0.100, 0.100, 0.100, 0.100, 0.100, 0.100, 0.100, 0.100, 0.100, 0.100, 0.100, 0.100, 0.100, 0.100, 0.100, 0.100, 0.173, 0.100, 0.100, 0.100, 0.100, 0.100, 0.100, 0.100, 0.100, 0.100]

  [Taylor Step 3/3] g_proj = v_proj * alpha (damping=0.01)...
    Layer  1: alpha=0.058038  teacher_rms=0.0216  v_rms=0.0037
    Layer  2: alpha=0.054839  teacher_rms=0.0222  v_rms=0.0041
    Layer  3: alpha=0.041541  teacher_rms=0.0261  v_rms=0.0063
    Layer  4: alpha=0.049455  teacher_rms=0.0316  v_rms=0.0064
    Layer  5: alpha=0.052792  teacher_rms=0.0412  v_rms=0.0078
    Layer  6: alpha=0.074948  teacher_rms=0.0646  v_rms=0.0086
    Layer  7: alpha=0.040723  teacher_rms=0.0510  v_rms=0.0125
    Layer  8: alpha=0.040681  teacher_rms=0.0695  v_rms=0.0171
    Layer  9: alpha=0.025875  teacher_rms=0.0701  v_rms=0.0271
    Layer 10: alpha=0.048552  teacher_rms=0.1071  v_rms=0.0221
    Layer 11: alpha=0.052623  teacher_rms=0.1038  v_rms=0.0197
    Layer 12: alpha=0.045550  teacher_rms=0.1177  v_rms=0.0258
    Layer 13: alpha=0.053918  teacher_rms=0.1013  v_rms=0.0188
    Layer 14: alpha=0.056287  teacher_rms=0.1546  v_rms=0.0275
    Layer 15: alpha=0.046990  teacher_rms=0.1546  v_rms=0.0329
    Layer 16: alpha=0.039855  teacher_rms=0.1446  v_rms=0.0363
    Layer 17: alpha=0.036238  teacher_rms=0.1762  v_rms=0.0486
    Layer 18: alpha=0.033129  teacher_rms=0.1919  v_rms=0.0579
    Layer 19: alpha=0.042911  teacher_rms=0.2023  v_rms=0.0471
    Layer 20: alpha=0.052331  teacher_rms=0.1938  v_rms=0.0370
    Layer 21: alpha=0.046014  teacher_rms=0.2301  v_rms=0.0500
    Layer 22: alpha=0.052725  teacher_rms=0.2755  v_rms=0.0523
    Layer 23: alpha=0.049940  teacher_rms=0.3026  v_rms=0.0606
    Layer 24: alpha=0.034359  teacher_rms=0.2864  v_rms=0.0833
    Layer 25: alpha=0.038418  teacher_rms=0.2261  v_rms=0.0589
    Layer 26: alpha=0.027275  teacher_rms=0.1994  v_rms=0.0731
    Layer 27: alpha=0.033116  teacher_rms=0.2900  v_rms=0.0876
    Layer 28: alpha=0.039689  teacher_rms=0.3530  v_rms=0.0889
    Layer 29: alpha=0.016275  teacher_rms=0.2479  v_rms=0.1523
    Layer 30: alpha=0.025867  teacher_rms=0.3921  v_rms=0.1516
    Layer 31: alpha=0.018626  teacher_rms=0.3452  v_rms=0.1853
    Layer 32: alpha=0.021930  teacher_rms=0.5106  v_rms=0.2328
    Layer 33: alpha=0.016345  teacher_rms=0.5964  v_rms=0.3649
    Layer 34: alpha=0.031180  teacher_rms=1.0165  v_rms=0.3260
    Layer 35: alpha=0.056627  teacher_rms=1.0378  v_rms=0.1833

  Set g_proj = v_proj * alpha in 35 GDN layers (damping=0.01).
  Init (taylor_distill) done in 429.7s
  Layer 0: PPL = 798.74  (eval 37.2s)

============================================================
  Probing layer 1 | strategy=taylor_distill
============================================================
Loading checkpoint shards:   0%|          | 0/4 [00:00<?, ?it/s]Loading checkpoint shards: 100%|██████████| 4/4 [00:00<00:00, 134.12it/s]
/home/charlie/miniconda3/envs/taylor/lib/python3.12/site-packages/fla/layers/gated_deltanet.py:191: UserWarning: ShortConvolution is crucial to the performance. Do not turn it off, i.e., setting `use_short_conv=False` unless you know what you are doing.
  warnings.warn(
Could not cache non-existence of file. Will ignore error and continue. Error: [Errno 13] Permission denied: '/data/shared/huggingface/hub/models--Qwen--Qwen3-8B/.no_exist/b968826d9c46dd6066d109eabc6255188de91218/model.safetensors'
Loading checkpoint shards:   0%|          | 0/5 [00:00<?, ?it/s]Loading checkpoint shards: 100%|██████████| 5/5 [00:00<00:00, 52.82it/s]
Token indices sequence length is longer than the specified maximum sequence length for this model (2429029 > 131072). Running this sequence through the model will result in indexing errors
  [Taylor Step 1/3] Gate calibration from attention stats...
    Layer  0: dist=[18, 2, 6, 20, 8, 14, 6, 7, 10, 4, 6, 7, 10, 18, 17, 5, 9, 11, 8, 8, 8, 12, 2, 7, 4, 26, 5, 26, 9, 19, 9, 8]
    Layer  2: dist=[36, 36, 37, 32, 17, 27, 20, 24, 21, 24, 29, 33, 28, 25, 26, 34, 32, 26, 28, 22, 28, 36, 27, 27, 14, 14, 11, 19, 41, 42, 43, 41]
    Layer  3: dist=[40, 20, 9, 12, 49, 50, 46, 42, 30, 27, 33, 31, 49, 43, 42, 42, 35, 37, 29, 37, 42, 33, 32, 36, 35, 30, 29, 33, 39, 36, 40, 37]
    Layer  4: dist=[31, 35, 41, 36, 41, 33, 35, 48, 37, 38, 34, 34, 31, 31, 38, 35, 35, 37, 38, 39, 34, 35, 25, 34, 26, 32, 27, 21, 28, 33, 30, 30]
    Layer  5: dist=[23, 29, 30, 21, 36, 34, 29, 29, 4, 14, 40, 38, 31, 43, 32, 30, 23, 20, 28, 28, 29, 30, 27, 33, 38, 39, 43, 43, 26, 25, 29, 32]
    Layer  6: dist=[16, 22, 17, 17, 27, 24, 34, 32, 25, 12, 21, 20, 31, 34, 28, 16, 28, 20, 24, 23, 13, 18, 18, 8, 21, 24, 18, 28, 24, 25, 21, 27]
    Layer  7: dist=[31, 36, 33, 46, 63, 57, 63, 60, 45, 60, 53, 41, 54, 15, 30, 49, 42, 54, 44, 44, 54, 45, 58, 59, 34, 41, 25, 43, 49, 51, 49, 54]
    Layer  8: dist=[45, 46, 49, 29, 43, 41, 35, 44, 46, 52, 43, 48, 51, 43, 49, 36, 60, 56, 54, 51, 44, 54, 51, 57, 47, 37, 51, 36, 44, 38, 42, 44]
    Layer  9: dist=[40, 32, 31, 36, 45, 49, 48, 40, 62, 61, 60, 56, 14, 46, 32, 45, 49, 53, 59, 62, 44, 40, 35, 41, 61, 44, 49, 54, 62, 57, 63, 61]
    Layer 10: dist=[39, 39, 30, 39, 46, 55, 33, 41, 34, 45, 55, 26, 49, 36, 42, 44, 45, 53, 52, 50, 46, 31, 56, 51, 51, 56, 47, 43, 40, 39, 44, 47]
    Layer 11: dist=[33, 33, 47, 27, 29, 36, 43, 42, 52, 62, 57, 49, 44, 33, 38, 39, 39, 36, 33, 25, 42, 56, 46, 46, 39, 32, 36, 32, 49, 34, 31, 48]
    Layer 12: dist=[12, 40, 39, 33, 43, 46, 39, 36, 33, 36, 44, 44, 50, 45, 45, 49, 21, 38, 29, 44, 55, 54, 53, 56, 49, 1, 56, 23, 43, 45, 59, 49]
    Layer 13: dist=[29, 36, 39, 36, 31, 29, 35, 22, 47, 36, 52, 61, 64, 58, 55, 62, 46, 39, 31, 36, 47, 33, 44, 46, 44, 33, 40, 41, 58, 56, 49, 51]
    Layer 14: dist=[25, 35, 34, 24, 39, 24, 35, 33, 31, 32, 37, 37, 36, 40, 35, 36, 41, 46, 31, 35, 33, 17, 28, 42, 27, 38, 40, 38, 43, 44, 5, 48]
    Layer 15: dist=[45, 27, 43, 23, 20, 22, 41, 33, 48, 33, 26, 54, 37, 56, 41, 47, 33, 33, 34, 36, 33, 30, 27, 27, 27, 20, 41, 37, 38, 47, 38, 28]
    Layer 16: dist=[37, 32, 42, 47, 29, 35, 26, 31, 29, 45, 40, 43, 49, 35, 44, 47, 38, 41, 34, 35, 59, 60, 57, 54, 39, 28, 34, 6, 32, 33, 36, 32]
    Layer 17: dist=[58, 50, 41, 34, 28, 31, 22, 25, 44, 54, 42, 49, 23, 32, 39, 39, 24, 29, 32, 22, 39, 51, 49, 48, 30, 28, 31, 26, 29, 43, 47, 36]
    Layer 18: dist=[20, 27, 19, 18, 29, 37, 39, 30, 37, 40, 37, 45, 34, 34, 31, 35, 26, 41, 42, 28, 38, 28, 37, 52, 31, 35, 35, 36, 30, 29, 43, 31]
    Layer 19: dist=[39, 33, 35, 35, 43, 54, 30, 38, 40, 44, 41, 48, 35, 31, 40, 35, 44, 42, 26, 29, 10, 28, 18, 27, 52, 54, 52, 58, 44, 43, 41, 41]
    Layer 20: dist=[46, 39, 44, 40, 41, 27, 28, 31, 23, 21, 26, 21, 48, 42, 48, 50, 24, 28, 31, 21, 38, 57, 52, 51, 63, 51, 53, 44, 49, 43, 55, 55]
    Layer 21: dist=[26, 25, 30, 35, 58, 33, 53, 58, 61, 33, 39, 38, 26, 24, 25, 23, 39, 40, 45, 32, 47, 52, 48, 49, 35, 34, 32, 44, 38, 40, 34, 47]
    Layer 22: dist=[39, 32, 37, 33, 28, 38, 24, 30, 21, 27, 24, 35, 9, 46, 32, 35, 18, 40, 40, 23, 53, 59, 60, 61, 51, 44, 46, 48, 57, 47, 53, 50]
    Layer 23: dist=[22, 18, 26, 22, 55, 55, 22, 50, 41, 20, 24, 31, 37, 36, 41, 39, 41, 38, 42, 48, 41, 46, 42, 40, 41, 39, 37, 51, 47, 44, 44, 39]
    Layer 24: dist=[40, 62, 57, 51, 50, 56, 54, 47, 52, 54, 52, 43, 41, 39, 47, 40, 42, 49, 44, 42, 60, 53, 52, 58, 31, 41, 39, 29, 50, 57, 51, 47]
    Layer 25: dist=[50, 60, 59, 49, 38, 38, 54, 42, 46, 52, 47, 48, 36, 45, 27, 37, 48, 50, 49, 45, 54, 56, 55, 55, 58, 56, 50, 55, 46, 61, 51, 45]
    Layer 26: dist=[43, 47, 57, 36, 59, 57, 59, 56, 52, 56, 53, 49, 52, 62, 60, 60, 43, 46, 53, 50, 53, 54, 60, 57, 53, 50, 54, 50, 58, 50, 59, 51]
    Layer 27: dist=[48, 55, 54, 59, 50, 53, 52, 44, 41, 52, 55, 52, 41, 56, 42, 45, 51, 53, 53, 53, 47, 56, 54, 44, 57, 59, 60, 60, 50, 44, 45, 60]
    Layer 28: dist=[53, 47, 54, 53, 41, 35, 40, 38, 52, 57, 47, 46, 57, 53, 48, 50, 57, 51, 53, 55, 59, 37, 32, 46, 47, 46, 50, 51, 46, 48, 35, 49]
    Layer 29: dist=[57, 58, 57, 58, 45, 56, 47, 58, 58, 57, 61, 54, 60, 61, 60, 61, 58, 56, 58, 60, 62, 61, 56, 62, 49, 59, 47, 49, 55, 51, 56, 56]
    Layer 30: dist=[40, 54, 51, 52, 53, 51, 48, 37, 60, 59, 58, 60, 53, 53, 57, 51, 52, 39, 61, 61, 29, 60, 53, 54, 60, 60, 61, 60, 55, 56, 54, 51]
    Layer 31: dist=[60, 58, 51, 49, 58, 59, 59, 59, 57, 41, 46, 47, 58, 59, 59, 58, 52, 53, 55, 48, 60, 59, 56, 59, 57, 56, 46, 60, 57, 55, 53, 57]
    Layer 32: dist=[56, 57, 58, 57, 58, 60, 59, 60, 56, 55, 59, 58, 48, 58, 54, 47, 58, 54, 54, 54, 62, 48, 57, 60, 36, 48, 44, 53, 58, 54, 51, 53]
    Layer 33: dist=[52, 61, 57, 60, 45, 52, 29, 47, 57, 58, 57, 58, 58, 59, 58, 59, 59, 59, 53, 56, 58, 49, 54, 57, 57, 59, 60, 59, 56, 56, 55, 53]
    Layer 34: dist=[56, 57, 58, 57, 55, 56, 55, 54, 25, 47, 54, 42, 58, 57, 60, 40, 42, 44, 62, 30, 58, 27, 59, 60, 61, 60, 62, 60, 26, 32, 35, 54]
    Layer 35: dist=[56, 62, 36, 50, 43, 19, 55, 48, 42, 51, 55, 49, 30, 17, 24, 22, 49, 45, 40, 27, 45, 52, 28, 27, 33, 27, 33, 35, 36, 57, 61, 58]

  [Taylor Step 2/3] OLS sigma per head (scaling V, streaming)...
    Layer  0: sigma=[0.253, 0.100, 0.100, 0.100, 0.196, 0.602, 0.100, 0.100, 0.100, 0.100, 0.142, 0.100, 0.100, 0.100, 0.100, 0.290, 0.100, 0.100, 0.100, 0.100, 0.100, 0.100, 0.100, 0.200, 0.100, 0.100, 0.577, 0.100, 0.252, 0.100, 0.100, 0.100]
    Layer  2: sigma=[0.151, 0.100, 0.100, 0.100, 0.100, 0.100, 0.100, 0.100, 0.158, 0.100, 0.100, 0.100, 0.100, 0.256, 0.100, 0.100, 0.100, 0.100, 0.100, 0.100, 0.100, 0.100, 0.100, 0.100, 0.100, 0.173, 0.100, 0.100, 0.100, 0.100, 0.100, 0.136]
    Layer  3: sigma=[0.100, 0.442, 0.100, 0.288, 0.100, 0.100, 0.100, 0.100, 0.100, 0.100, 0.100, 0.100, 0.100, 0.100, 0.100, 0.100, 0.100, 0.100, 0.119, 0.100, 0.100, 0.100, 0.100, 0.100, 0.100, 0.126, 0.115, 0.100, 0.100, 0.100, 0.100, 0.100]
    Layer  4: sigma=[0.100, 0.100, 0.100, 0.100, 0.100, 0.100, 0.100, 0.100, 0.100, 0.100, 0.100, 0.100, 0.100, 0.100, 0.100, 0.100, 0.100, 0.100, 0.100, 0.100, 0.100, 0.146, 0.313, 0.100, 0.100, 0.100, 0.100, 0.100, 0.100, 0.100, 0.100, 0.100]
    Layer  5: sigma=[0.100, 0.100, 0.117, 0.100, 0.100, 0.100, 0.100, 0.101, 0.100, 0.268, 0.100, 0.104, 0.100, 0.100, 0.100, 0.109, 0.100, 0.334, 0.100, 0.100, 0.100, 0.100, 0.100, 0.100, 0.100, 0.100, 0.100, 0.100, 0.100, 0.249, 0.100, 0.100]
    Layer  6: sigma=[0.100, 0.100, 0.162, 0.100, 0.116, 0.110, 0.100, 0.100, 0.100, 0.100, 0.100, 0.100, 0.100, 0.100, 0.100, 0.100, 0.100, 0.100, 0.100, 0.100, 0.246, 0.100, 0.100, 0.100, 0.100, 0.100, 0.102, 0.100, 0.100, 0.100, 0.100, 0.100]
    Layer  7: sigma=[0.100, 0.244, 0.100, 0.100, 0.126, 0.100, 0.100, 0.100, 0.100, 0.100, 0.100, 0.153, 0.100, 0.100, 0.100, 0.100, 0.100, 0.100, 0.100, 0.100, 0.100, 0.100, 0.100, 0.100, 0.100, 0.100, 0.100, 0.100, 0.100, 0.100, 0.100, 0.100]
    Layer  8: sigma=[0.100, 0.100, 0.100, 0.100, 0.100, 0.100, 0.100, 0.114, 0.100, 0.100, 0.100, 0.100, 0.100, 0.119, 0.100, 0.100, 0.100, 0.100, 0.100, 0.100, 0.100, 0.100, 0.100, 0.100, 0.100, 0.100, 0.100, 0.301, 0.100, 0.100, 0.100, 0.100]
    Layer  9: sigma=[0.100, 0.100, 0.122, 0.100, 0.100, 0.100, 0.100, 0.100, 0.100, 0.100, 0.100, 0.100, 0.100, 0.100, 0.752, 0.223, 0.100, 0.100, 0.100, 0.100, 0.118, 0.100, 0.100, 0.100, 0.100, 0.167, 0.100, 0.100, 0.100, 0.100, 0.100, 0.100]
    Layer 10: sigma=[0.100, 0.100, 0.100, 0.100, 0.100, 0.100, 0.100, 0.100, 0.136, 0.100, 0.100, 0.100, 0.100, 0.100, 0.100, 0.100, 0.100, 0.100, 0.100, 0.100, 0.100, 0.100, 0.100, 0.100, 0.100, 0.100, 0.100, 0.100, 0.104, 0.100, 0.101, 0.100]
    Layer 11: sigma=[0.100, 0.100, 0.100, 0.100, 0.209, 0.100, 0.167, 0.100, 0.100, 0.119, 0.100, 0.100, 0.135, 0.100, 0.295, 0.100, 0.100, 0.100, 0.100, 0.100, 0.100, 0.100, 0.100, 0.100, 0.100, 0.100, 0.248, 0.100, 0.100, 0.100, 0.102, 0.100]
    Layer 12: sigma=[0.100, 0.100, 0.100, 0.100, 0.100, 0.119, 0.100, 0.100, 0.100, 0.125, 0.100, 0.100, 0.100, 0.100, 0.100, 0.100, 0.100, 0.260, 0.468, 0.100, 0.100, 0.100, 0.100, 0.100, 0.100, 0.332, 0.100, 0.140, 0.100, 0.139, 0.134, 0.100]
    Layer 13: sigma=[0.264, 0.100, 0.100, 0.100, 0.100, 0.100, 0.100, 0.113, 0.100, 0.117, 0.128, 0.100, 0.100, 0.100, 0.100, 0.100, 0.100, 0.100, 0.100, 0.100, 0.100, 0.100, 0.100, 0.100, 0.100, 0.100, 0.100, 0.100, 0.100, 0.100, 0.100, 0.100]
    Layer 14: sigma=[0.100, 0.100, 0.103, 0.100, 0.100, 0.433, 0.100, 0.172, 0.100, 0.100, 0.100, 0.100, 0.100, 0.170, 0.100, 0.100, 0.100, 0.100, 0.140, 0.136, 0.100, 0.100, 0.100, 0.100, 0.100, 0.175, 0.100, 0.132, 0.100, 0.100, 0.100, 0.100]
    Layer 15: sigma=[0.100, 0.265, 0.100, 0.128, 0.254, 0.108, 0.100, 0.100, 0.100, 0.100, 0.100, 0.137, 0.268, 0.100, 0.100, 0.100, 0.100, 0.100, 0.102, 0.133, 0.100, 0.100, 0.100, 0.100, 0.277, 0.253, 0.100, 0.100, 0.100, 0.100, 0.100, 0.100]
    Layer 16: sigma=[0.381, 0.100, 0.100, 0.100, 0.100, 0.100, 0.100, 0.100, 0.100, 0.100, 0.100, 0.100, 0.100, 0.100, 0.100, 0.100, 0.100, 0.100, 0.100, 0.100, 0.100, 0.100, 0.100, 0.100, 0.100, 0.184, 0.100, 0.100, 0.100, 0.100, 0.100, 0.100]
    Layer 17: sigma=[0.100, 0.100, 0.100, 0.100, 0.100, 0.498, 0.100, 0.100, 0.104, 0.100, 0.100, 0.100, 0.100, 0.100, 0.100, 0.100, 0.345, 0.122, 0.100, 0.338, 0.100, 0.100, 0.100, 0.100, 0.100, 0.100, 0.395, 0.127, 0.100, 0.100, 0.100, 0.100]
    Layer 18: sigma=[0.100, 0.752, 0.100, 0.100, 0.100, 0.193, 0.100, 0.100, 0.100, 0.100, 0.100, 0.100, 0.100, 0.100, 0.100, 0.100, 0.477, 0.100, 0.100, 0.100, 0.100, 0.100, 0.100, 0.100, 0.100, 0.100, 0.100, 0.100, 0.100, 0.100, 0.100, 0.100]
    Layer 19: sigma=[0.100, 0.100, 0.100, 0.100, 0.100, 0.100, 0.190, 0.100, 0.100, 0.100, 0.100, 0.100, 0.354, 0.100, 0.100, 0.137, 0.100, 0.100, 0.100, 0.395, 0.100, 0.100, 0.100, 0.100, 0.100, 0.100, 0.100, 0.100, 0.100, 0.100, 0.100, 0.100]
    Layer 20: sigma=[0.100, 0.100, 0.209, 0.100, 0.100, 0.223, 0.125, 0.100, 0.100, 0.100, 0.100, 0.100, 0.100, 0.100, 0.100, 0.100, 0.213, 0.100, 0.100, 0.100, 0.100, 0.100, 0.100, 0.100, 0.100, 0.100, 0.100, 0.100, 0.100, 0.100, 0.100, 0.100]
    Layer 21: sigma=[0.106, 0.100, 0.100, 0.109, 0.100, 0.100, 0.100, 0.100, 0.100, 0.100, 0.100, 0.381, 0.100, 0.100, 0.100, 0.100, 0.100, 0.100, 0.100, 0.100, 0.100, 0.100, 0.100, 0.100, 0.100, 0.100, 0.100, 0.100, 0.100, 0.100, 0.370, 0.116]
    Layer 22: sigma=[0.160, 0.100, 0.100, 0.100, 0.167, 0.110, 0.116, 0.212, 0.200, 0.177, 0.100, 0.100, 0.100, 0.100, 0.100, 0.100, 0.100, 0.100, 0.100, 0.173, 0.100, 0.100, 0.100, 0.100, 0.100, 0.100, 0.100, 0.100, 0.100, 0.100, 0.100, 0.100]
    Layer 23: sigma=[0.186, 0.130, 0.225, 0.100, 0.100, 0.100, 0.216, 0.100, 0.100, 0.100, 0.100, 0.100, 0.100, 0.100, 0.100, 0.100, 0.100, 0.100, 0.100, 0.100, 0.100, 0.100, 0.100, 0.100, 0.100, 0.100, 0.100, 0.100, 0.100, 0.261, 0.249, 0.224]
    Layer 24: sigma=[0.100, 0.100, 0.100, 0.100, 0.100, 0.100, 0.100, 0.100, 0.147, 0.100, 0.100, 0.100, 0.100, 0.100, 0.100, 0.194, 0.100, 0.100, 0.100, 0.101, 0.100, 0.100, 0.100, 0.100, 0.376, 0.276, 0.219, 0.277, 0.100, 0.100, 0.100, 0.100]
    Layer 25: sigma=[0.100, 0.100, 0.100, 0.100, 0.100, 0.100, 0.100, 0.100, 0.100, 0.100, 0.100, 0.100, 0.100, 0.100, 0.100, 0.100, 0.100, 0.100, 0.100, 0.100, 0.100, 0.100, 0.100, 0.100, 0.100, 0.100, 0.100, 0.100, 0.100, 0.100, 0.100, 0.100]
    Layer 26: sigma=[0.100, 0.100, 0.100, 0.100, 0.100, 0.100, 0.100, 0.100, 0.100, 0.100, 0.100, 0.100, 0.100, 0.100, 0.100, 0.117, 0.100, 0.100, 0.100, 0.100, 0.100, 0.100, 0.100, 0.100, 0.100, 0.100, 0.100, 0.100, 0.100, 0.100, 0.100, 0.100]
    Layer 27: sigma=[0.100, 0.100, 0.100, 0.100, 0.100, 0.100, 0.100, 0.100, 0.100, 0.100, 0.100, 0.100, 0.100, 0.100, 0.100, 0.100, 0.100, 0.100, 0.100, 0.100, 0.100, 0.100, 0.100, 0.100, 0.100, 0.100, 0.100, 0.100, 0.100, 0.231, 0.100, 0.100]
    Layer 28: sigma=[0.100, 0.100, 0.100, 0.100, 0.100, 0.173, 0.100, 0.226, 0.100, 0.100, 0.100, 0.100, 0.100, 0.100, 0.100, 0.100, 0.100, 0.100, 0.100, 0.100, 0.100, 0.100, 0.100, 0.100, 0.100, 0.100, 0.100, 0.100, 0.100, 0.100, 0.100, 0.100]
    Layer 29: sigma=[0.100, 0.100, 0.100, 0.100, 0.100, 0.100, 0.100, 0.100, 0.100, 0.100, 0.100, 0.100, 0.100, 0.100, 0.100, 0.100, 0.100, 0.100, 0.100, 0.100, 0.100, 0.100, 0.100, 0.100, 0.100, 0.100, 0.100, 0.100, 0.100, 0.100, 0.100, 0.100]
    Layer 30: sigma=[0.100, 0.100, 0.100, 0.100, 0.100, 0.100, 0.100, 0.100, 0.100, 0.100, 0.100, 0.100, 0.100, 0.100, 0.100, 0.100, 0.100, 0.100, 0.100, 0.100, 0.100, 0.100, 0.100, 0.100, 0.100, 0.100, 0.100, 0.100, 0.100, 0.100, 0.100, 0.100]
    Layer 31: sigma=[0.100, 0.100, 0.100, 0.100, 0.100, 0.100, 0.100, 0.100, 0.100, 0.100, 0.100, 0.100, 0.100, 0.100, 0.100, 0.100, 0.100, 0.100, 0.100, 0.100, 0.100, 0.100, 0.100, 0.100, 0.100, 0.100, 0.100, 0.100, 0.100, 0.100, 0.100, 0.100]
    Layer 32: sigma=[0.100, 0.100, 0.100, 0.100, 0.100, 0.100, 0.100, 0.100, 0.100, 0.100, 0.100, 0.100, 0.100, 0.100, 0.100, 0.100, 0.100, 0.100, 0.100, 0.100, 0.100, 0.100, 0.100, 0.100, 0.100, 0.100, 0.100, 0.100, 0.100, 0.100, 0.100, 0.100]
    Layer 33: sigma=[0.100, 0.100, 0.100, 0.100, 0.100, 0.100, 0.124, 0.100, 0.100, 0.100, 0.100, 0.100, 0.100, 0.100, 0.100, 0.100, 0.100, 0.100, 0.100, 0.100, 0.100, 0.100, 0.100, 0.100, 0.100, 0.100, 0.100, 0.100, 0.100, 0.100, 0.100, 0.100]
    Layer 34: sigma=[0.100, 0.100, 0.100, 0.100, 0.100, 0.100, 0.100, 0.100, 0.100, 0.100, 0.100, 0.100, 0.100, 0.100, 0.100, 0.100, 0.100, 0.100, 0.100, 0.100, 0.100, 0.100, 0.100, 0.100, 0.100, 0.100, 0.100, 0.100, 0.100, 0.100, 0.100, 0.100]
    Layer 35: sigma=[0.100, 0.100, 0.100, 0.100, 0.155, 0.100, 0.100, 0.100, 0.100, 0.100, 0.100, 0.100, 0.100, 0.100, 0.100, 0.100, 0.100, 0.100, 0.100, 0.100, 0.100, 0.100, 0.111, 0.100, 0.100, 0.100, 0.100, 0.100, 0.100, 0.100, 0.100, 0.100]

  [Taylor Step 3/3] g_proj = v_proj * alpha (damping=0.01)...
    Layer  0: alpha=0.069097  teacher_rms=0.0168  v_rms=0.0024
    Layer  2: alpha=0.054939  teacher_rms=0.0222  v_rms=0.0040
    Layer  3: alpha=0.041947  teacher_rms=0.0261  v_rms=0.0062
    Layer  4: alpha=0.049159  teacher_rms=0.0316  v_rms=0.0064
    Layer  5: alpha=0.052718  teacher_rms=0.0412  v_rms=0.0078
    Layer  6: alpha=0.074812  teacher_rms=0.0646  v_rms=0.0086
    Layer  7: alpha=0.040682  teacher_rms=0.0510  v_rms=0.0125
    Layer  8: alpha=0.041333  teacher_rms=0.0695  v_rms=0.0168
    Layer  9: alpha=0.027132  teacher_rms=0.0701  v_rms=0.0258
    Layer 10: alpha=0.049039  teacher_rms=0.1071  v_rms=0.0218
    Layer 11: alpha=0.053561  teacher_rms=0.1038  v_rms=0.0194
    Layer 12: alpha=0.046680  teacher_rms=0.1177  v_rms=0.0252
    Layer 13: alpha=0.053897  teacher_rms=0.1013  v_rms=0.0188
    Layer 14: alpha=0.055489  teacher_rms=0.1546  v_rms=0.0279
    Layer 15: alpha=0.045661  teacher_rms=0.1546  v_rms=0.0339
    Layer 16: alpha=0.038191  teacher_rms=0.1446  v_rms=0.0379
    Layer 17: alpha=0.035492  teacher_rms=0.1762  v_rms=0.0496
    Layer 18: alpha=0.028751  teacher_rms=0.1919  v_rms=0.0668
    Layer 19: alpha=0.045460  teacher_rms=0.2023  v_rms=0.0445
    Layer 20: alpha=0.052711  teacher_rms=0.1938  v_rms=0.0368
    Layer 21: alpha=0.043870  teacher_rms=0.2301  v_rms=0.0524
    Layer 22: alpha=0.052280  teacher_rms=0.2755  v_rms=0.0527
    Layer 23: alpha=0.046474  teacher_rms=0.3026  v_rms=0.0651
    Layer 24: alpha=0.031877  teacher_rms=0.2864  v_rms=0.0898
    Layer 25: alpha=0.038418  teacher_rms=0.2261  v_rms=0.0589
    Layer 26: alpha=0.027212  teacher_rms=0.1994  v_rms=0.0733
    Layer 27: alpha=0.032450  teacher_rms=0.2900  v_rms=0.0894
    Layer 28: alpha=0.037799  teacher_rms=0.3530  v_rms=0.0934
    Layer 29: alpha=0.016275  teacher_rms=0.2479  v_rms=0.1523
    Layer 30: alpha=0.025867  teacher_rms=0.3921  v_rms=0.1516
    Layer 31: alpha=0.018626  teacher_rms=0.3452  v_rms=0.1853
    Layer 32: alpha=0.021930  teacher_rms=0.5106  v_rms=0.2328
    Layer 33: alpha=0.016312  teacher_rms=0.5964  v_rms=0.3656
    Layer 34: alpha=0.031180  teacher_rms=1.0165  v_rms=0.3260
    Layer 35: alpha=0.057282  teacher_rms=1.0378  v_rms=0.1812

  Set g_proj = v_proj * alpha in 35 GDN layers (damping=0.01).
  Init (taylor_distill) done in 400.8s
  Layer 1: PPL = 967.93  (eval 20.2s)

============================================================
  Probing layer 2 | strategy=taylor_distill
============================================================
Loading checkpoint shards:   0%|          | 0/4 [00:00<?, ?it/s]Loading checkpoint shards: 100%|██████████| 4/4 [00:00<00:00, 53.85it/s]
Could not cache non-existence of file. Will ignore error and continue. Error: [Errno 13] Permission denied: '/data/shared/huggingface/hub/models--Qwen--Qwen3-8B/.no_exist/b968826d9c46dd6066d109eabc6255188de91218/model.safetensors'
Loading checkpoint shards:   0%|          | 0/5 [00:00<?, ?it/s]Loading checkpoint shards: 100%|██████████| 5/5 [00:00<00:00, 69.43it/s]
Token indices sequence length is longer than the specified maximum sequence length for this model (2429029 > 131072). Running this sequence through the model will result in indexing errors
  [Taylor Step 1/3] Gate calibration from attention stats...
    Layer  0: dist=[18, 2, 6, 20, 8, 14, 6, 7, 10, 4, 6, 7, 10, 18, 17, 5, 9, 11, 8, 8, 8, 12, 2, 7, 4, 26, 5, 26, 9, 19, 9, 8]
    Layer  1: dist=[12, 21, 14, 26, 2, 9, 17, 7, 25, 18, 32, 29, 18, 28, 28, 20, 17, 26, 31, 18, 28, 17, 21, 21, 26, 8, 25, 23, 41, 16, 20, 28]
    Layer  3: dist=[40, 20, 9, 12, 49, 50, 46, 42, 30, 27, 33, 31, 49, 43, 42, 42, 35, 37, 29, 37, 42, 33, 32, 36, 35, 30, 29, 33, 39, 36, 40, 37]
    Layer  4: dist=[31, 35, 41, 36, 41, 33, 35, 48, 37, 38, 34, 34, 31, 31, 38, 35, 35, 37, 38, 39, 34, 35, 25, 34, 26, 32, 27, 21, 28, 33, 30, 30]
    Layer  5: dist=[23, 29, 30, 21, 36, 34, 29, 29, 4, 14, 40, 38, 31, 43, 32, 30, 23, 20, 28, 28, 29, 30, 27, 33, 38, 39, 43, 43, 26, 25, 29, 32]
    Layer  6: dist=[16, 22, 17, 17, 27, 24, 34, 32, 25, 12, 21, 20, 31, 34, 28, 16, 28, 20, 24, 23, 13, 18, 18, 8, 21, 24, 18, 28, 24, 25, 21, 27]
    Layer  7: dist=[31, 36, 33, 46, 63, 57, 63, 60, 45, 60, 53, 41, 54, 15, 30, 49, 42, 54, 44, 44, 54, 45, 58, 59, 34, 41, 25, 43, 49, 51, 49, 54]
    Layer  8: dist=[45, 46, 49, 29, 43, 41, 35, 44, 46, 52, 43, 48, 51, 43, 49, 36, 60, 56, 54, 51, 44, 54, 51, 57, 47, 37, 51, 36, 44, 38, 42, 44]
    Layer  9: dist=[40, 32, 31, 36, 45, 49, 48, 40, 62, 61, 60, 56, 14, 46, 32, 45, 49, 53, 59, 62, 44, 40, 35, 41, 61, 44, 49, 54, 62, 57, 63, 61]
    Layer 10: dist=[39, 39, 30, 39, 46, 55, 33, 41, 34, 45, 55, 26, 49, 36, 42, 44, 45, 53, 52, 50, 46, 31, 56, 51, 51, 56, 47, 43, 40, 39, 44, 47]
    Layer 11: dist=[33, 33, 47, 27, 29, 36, 43, 42, 52, 62, 57, 49, 44, 33, 38, 39, 39, 36, 33, 25, 42, 56, 46, 46, 39, 32, 36, 32, 49, 34, 31, 48]
    Layer 12: dist=[12, 40, 39, 33, 43, 46, 39, 36, 33, 36, 44, 44, 50, 45, 45, 49, 21, 38, 29, 44, 55, 54, 53, 56, 49, 1, 56, 23, 43, 45, 59, 49]
    Layer 13: dist=[29, 36, 39, 36, 31, 29, 35, 22, 47, 36, 52, 61, 64, 58, 55, 62, 46, 39, 31, 36, 47, 33, 44, 46, 44, 33, 40, 41, 58, 56, 49, 51]
    Layer 14: dist=[25, 35, 34, 24, 39, 24, 35, 33, 31, 32, 37, 37, 36, 40, 35, 36, 41, 46, 31, 35, 33, 17, 28, 42, 27, 38, 40, 38, 43, 44, 5, 48]
    Layer 15: dist=[45, 27, 43, 23, 20, 22, 41, 33, 48, 33, 26, 54, 37, 56, 41, 47, 33, 33, 34, 36, 33, 30, 27, 27, 27, 20, 41, 37, 38, 47, 38, 28]
    Layer 16: dist=[37, 32, 42, 47, 29, 35, 26, 31, 29, 45, 40, 43, 49, 35, 44, 47, 38, 41, 34, 35, 59, 60, 57, 54, 39, 28, 34, 6, 32, 33, 36, 32]
    Layer 17: dist=[58, 50, 41, 34, 28, 31, 22, 25, 44, 54, 42, 49, 23, 32, 39, 39, 24, 29, 32, 22, 39, 51, 49, 48, 30, 28, 31, 26, 29, 43, 47, 36]
    Layer 18: dist=[20, 27, 19, 18, 29, 37, 39, 30, 37, 40, 37, 45, 34, 34, 31, 35, 26, 41, 42, 28, 38, 28, 37, 52, 31, 35, 35, 36, 30, 29, 43, 31]
    Layer 19: dist=[39, 33, 35, 35, 43, 54, 30, 38, 40, 44, 41, 48, 35, 31, 40, 35, 44, 42, 26, 29, 10, 28, 18, 27, 52, 54, 52, 58, 44, 43, 41, 41]
    Layer 20: dist=[46, 39, 44, 40, 41, 27, 28, 31, 23, 21, 26, 21, 48, 42, 48, 50, 24, 28, 31, 21, 38, 57, 52, 51, 63, 51, 53, 44, 49, 43, 55, 55]
    Layer 21: dist=[26, 25, 30, 35, 58, 33, 53, 58, 61, 33, 39, 38, 26, 24, 25, 23, 39, 40, 45, 32, 47, 52, 48, 49, 35, 34, 32, 44, 38, 40, 34, 47]
    Layer 22: dist=[39, 32, 37, 33, 28, 38, 24, 30, 21, 27, 24, 35, 9, 46, 32, 35, 18, 40, 40, 23, 53, 59, 60, 61, 51, 44, 46, 48, 57, 47, 53, 50]
    Layer 23: dist=[22, 18, 26, 22, 55, 55, 22, 50, 41, 20, 24, 31, 37, 36, 41, 39, 41, 38, 42, 48, 41, 46, 42, 40, 41, 39, 37, 51, 47, 44, 44, 39]
    Layer 24: dist=[40, 62, 57, 51, 50, 56, 54, 47, 52, 54, 52, 43, 41, 39, 47, 40, 42, 49, 44, 42, 60, 53, 52, 58, 31, 41, 39, 29, 50, 57, 51, 47]
    Layer 25: dist=[50, 60, 59, 49, 38, 38, 54, 42, 46, 52, 47, 48, 36, 45, 27, 37, 48, 50, 49, 45, 54, 56, 55, 55, 58, 56, 50, 55, 46, 61, 51, 45]
    Layer 26: dist=[43, 47, 57, 36, 59, 57, 59, 56, 52, 56, 53, 49, 52, 62, 60, 60, 43, 46, 53, 50, 53, 54, 60, 57, 53, 50, 54, 50, 58, 50, 59, 51]
    Layer 27: dist=[48, 55, 54, 59, 50, 53, 52, 44, 41, 52, 55, 52, 41, 56, 42, 45, 51, 53, 53, 53, 47, 56, 54, 44, 57, 59, 60, 60, 50, 44, 45, 60]
    Layer 28: dist=[53, 47, 54, 53, 41, 35, 40, 38, 52, 57, 47, 46, 57, 53, 48, 50, 57, 51, 53, 55, 59, 37, 32, 46, 47, 46, 50, 51, 46, 48, 35, 49]
    Layer 29: dist=[57, 58, 57, 58, 45, 56, 47, 58, 58, 57, 61, 54, 60, 61, 60, 61, 58, 56, 58, 60, 62, 61, 56, 62, 49, 59, 47, 49, 55, 51, 56, 56]
    Layer 30: dist=[40, 54, 51, 52, 53, 51, 48, 37, 60, 59, 58, 60, 53, 53, 57, 51, 52, 39, 61, 61, 29, 60, 53, 54, 60, 60, 61, 60, 55, 56, 54, 51]
    Layer 31: dist=[60, 58, 51, 49, 58, 59, 59, 59, 57, 41, 46, 47, 58, 59, 59, 58, 52, 53, 55, 48, 60, 59, 56, 59, 57, 56, 46, 60, 57, 55, 53, 57]
    Layer 32: dist=[56, 57, 58, 57, 58, 60, 59, 60, 56, 55, 59, 58, 48, 58, 54, 47, 58, 54, 54, 54, 62, 48, 57, 60, 36, 48, 44, 53, 58, 54, 51, 53]
    Layer 33: dist=[52, 61, 57, 60, 45, 52, 29, 47, 57, 58, 57, 58, 58, 59, 58, 59, 59, 59, 53, 56, 58, 49, 54, 57, 57, 59, 60, 59, 56, 56, 55, 53]
    Layer 34: dist=[56, 57, 58, 57, 55, 56, 55, 54, 25, 47, 54, 42, 58, 57, 60, 40, 42, 44, 62, 30, 58, 27, 59, 60, 61, 60, 62, 60, 26, 32, 35, 54]
    Layer 35: dist=[56, 62, 36, 50, 43, 19, 55, 48, 42, 51, 55, 49, 30, 17, 24, 22, 49, 45, 40, 27, 45, 52, 28, 27, 33, 27, 33, 35, 36, 57, 61, 58]

  [Taylor Step 2/3] OLS sigma per head (scaling V, streaming)...
    Layer  0: sigma=[0.259, 0.100, 0.100, 0.100, 0.196, 0.601, 0.100, 0.100, 0.100, 0.100, 0.141, 0.100, 0.100, 0.100, 0.100, 0.291, 0.100, 0.100, 0.100, 0.100, 0.100, 0.100, 0.100, 0.199, 0.100, 0.100, 0.576, 0.100, 0.253, 0.100, 0.100, 0.100]
    Layer  1: sigma=[0.277, 0.100, 0.100, 0.100, 0.100, 0.100, 0.100, 0.100, 0.100, 0.402, 0.279, 0.100, 0.100, 0.100, 0.100, 0.100, 0.100, 0.100, 0.100, 0.100, 0.100, 0.100, 0.100, 0.209, 0.100, 0.100, 0.180, 0.100, 0.100, 0.100, 0.100, 0.100]
    Layer  3: sigma=[0.100, 0.447, 0.100, 0.292, 0.100, 0.100, 0.100, 0.100, 0.100, 0.100, 0.100, 0.100, 0.100, 0.100, 0.100, 0.100, 0.100, 0.100, 0.119, 0.100, 0.100, 0.100, 0.100, 0.100, 0.100, 0.121, 0.110, 0.100, 0.100, 0.100, 0.100, 0.100]
    Layer  4: sigma=[0.100, 0.100, 0.100, 0.100, 0.100, 0.100, 0.100, 0.100, 0.100, 0.100, 0.100, 0.100, 0.100, 0.100, 0.100, 0.100, 0.100, 0.100, 0.100, 0.100, 0.100, 0.146, 0.310, 0.100, 0.100, 0.100, 0.100, 0.100, 0.100, 0.100, 0.100, 0.100]
    Layer  5: sigma=[0.100, 0.100, 0.120, 0.100, 0.100, 0.100, 0.100, 0.100, 0.100, 0.274, 0.100, 0.104, 0.100, 0.100, 0.100, 0.109, 0.100, 0.332, 0.100, 0.100, 0.100, 0.100, 0.100, 0.100, 0.100, 0.100, 0.100, 0.100, 0.100, 0.244, 0.100, 0.100]
    Layer  6: sigma=[0.100, 0.100, 0.165, 0.100, 0.114, 0.114, 0.100, 0.100, 0.100, 0.100, 0.100, 0.100, 0.100, 0.100, 0.100, 0.100, 0.100, 0.100, 0.100, 0.100, 0.245, 0.100, 0.100, 0.100, 0.100, 0.100, 0.101, 0.100, 0.100, 0.100, 0.100, 0.100]
    Layer  7: sigma=[0.100, 0.243, 0.100, 0.100, 0.113, 0.100, 0.100, 0.100, 0.100, 0.100, 0.100, 0.168, 0.100, 0.100, 0.100, 0.100, 0.100, 0.100, 0.100, 0.100, 0.100, 0.100, 0.100, 0.100, 0.100, 0.100, 0.100, 0.100, 0.100, 0.100, 0.100, 0.100]
    Layer  8: sigma=[0.100, 0.100, 0.100, 0.100, 0.100, 0.100, 0.100, 0.118, 0.100, 0.100, 0.100, 0.100, 0.100, 0.132, 0.100, 0.100, 0.100, 0.100, 0.100, 0.100, 0.100, 0.100, 0.100, 0.100, 0.100, 0.100, 0.100, 0.286, 0.100, 0.100, 0.100, 0.100]
    Layer  9: sigma=[0.100, 0.100, 0.123, 0.100, 0.100, 0.100, 0.100, 0.100, 0.100, 0.100, 0.100, 0.100, 0.100, 0.100, 0.809, 0.223, 0.100, 0.100, 0.100, 0.100, 0.119, 0.100, 0.100, 0.100, 0.100, 0.163, 0.100, 0.100, 0.100, 0.100, 0.100, 0.100]
    Layer 10: sigma=[0.100, 0.100, 0.100, 0.100, 0.100, 0.100, 0.100, 0.100, 0.150, 0.100, 0.100, 0.100, 0.100, 0.100, 0.100, 0.100, 0.100, 0.100, 0.100, 0.100, 0.100, 0.100, 0.100, 0.100, 0.100, 0.100, 0.100, 0.100, 0.107, 0.100, 0.105, 0.100]
    Layer 11: sigma=[0.100, 0.100, 0.100, 0.100, 0.219, 0.100, 0.166, 0.100, 0.100, 0.140, 0.100, 0.100, 0.143, 0.100, 0.283, 0.100, 0.100, 0.100, 0.100, 0.100, 0.100, 0.100, 0.100, 0.100, 0.100, 0.100, 0.253, 0.100, 0.100, 0.100, 0.101, 0.100]
    Layer 12: sigma=[0.100, 0.100, 0.100, 0.100, 0.100, 0.114, 0.100, 0.100, 0.100, 0.124, 0.100, 0.100, 0.100, 0.100, 0.100, 0.100, 0.100, 0.243, 0.484, 0.100, 0.100, 0.100, 0.100, 0.100, 0.100, 0.292, 0.100, 0.125, 0.100, 0.136, 0.139, 0.100]
    Layer 13: sigma=[0.248, 0.100, 0.100, 0.100, 0.100, 0.100, 0.100, 0.105, 0.100, 0.114, 0.125, 0.100, 0.100, 0.100, 0.100, 0.100, 0.100, 0.100, 0.100, 0.100, 0.100, 0.100, 0.100, 0.100, 0.100, 0.100, 0.100, 0.100, 0.100, 0.100, 0.100, 0.100]
    Layer 14: sigma=[0.100, 0.100, 0.104, 0.100, 0.100, 0.425, 0.100, 0.178, 0.100, 0.100, 0.100, 0.100, 0.100, 0.160, 0.100, 0.100, 0.100, 0.100, 0.157, 0.137, 0.100, 0.100, 0.100, 0.100, 0.100, 0.161, 0.100, 0.137, 0.100, 0.100, 0.100, 0.100]
    Layer 15: sigma=[0.100, 0.234, 0.100, 0.105, 0.230, 0.122, 0.100, 0.100, 0.100, 0.100, 0.100, 0.100, 0.257, 0.100, 0.100, 0.103, 0.100, 0.100, 0.109, 0.143, 0.100, 0.100, 0.100, 0.100, 0.252, 0.248, 0.100, 0.100, 0.100, 0.100, 0.100, 0.100]
    Layer 16: sigma=[0.366, 0.100, 0.100, 0.100, 0.100, 0.100, 0.100, 0.100, 0.100, 0.100, 0.100, 0.100, 0.100, 0.100, 0.100, 0.100, 0.100, 0.100, 0.100, 0.100, 0.100, 0.100, 0.100, 0.100, 0.100, 0.162, 0.100, 0.100, 0.100, 0.100, 0.100, 0.100]
    Layer 17: sigma=[0.100, 0.100, 0.100, 0.100, 0.100, 0.537, 0.100, 0.100, 0.106, 0.100, 0.100, 0.100, 0.100, 0.100, 0.100, 0.100, 0.269, 0.152, 0.100, 0.364, 0.100, 0.100, 0.100, 0.100, 0.108, 0.100, 0.398, 0.118, 0.100, 0.100, 0.100, 0.100]
    Layer 18: sigma=[0.100, 0.570, 0.100, 0.100, 0.102, 0.202, 0.100, 0.126, 0.100, 0.100, 0.100, 0.100, 0.100, 0.100, 0.100, 0.100, 0.382, 0.100, 0.100, 0.100, 0.100, 0.100, 0.100, 0.100, 0.100, 0.100, 0.100, 0.100, 0.100, 0.100, 0.100, 0.100]
    Layer 19: sigma=[0.100, 0.100, 0.100, 0.100, 0.100, 0.100, 0.187, 0.100, 0.100, 0.100, 0.100, 0.100, 0.239, 0.100, 0.100, 0.158, 0.100, 0.100, 0.100, 0.359, 0.100, 0.100, 0.100, 0.100, 0.101, 0.100, 0.100, 0.100, 0.100, 0.100, 0.100, 0.103]
    Layer 20: sigma=[0.100, 0.100, 0.179, 0.100, 0.100, 0.246, 0.215, 0.100, 0.100, 0.100, 0.100, 0.100, 0.100, 0.100, 0.100, 0.100, 0.189, 0.118, 0.100, 0.100, 0.114, 0.100, 0.100, 0.100, 0.100, 0.100, 0.100, 0.100, 0.100, 0.100, 0.100, 0.100]
    Layer 21: sigma=[0.100, 0.100, 0.100, 0.138, 0.100, 0.100, 0.100, 0.100, 0.100, 0.100, 0.100, 0.430, 0.100, 0.100, 0.125, 0.100, 0.100, 0.100, 0.100, 0.103, 0.100, 0.100, 0.100, 0.100, 0.100, 0.100, 0.100, 0.100, 0.100, 0.100, 0.406, 0.119]
    Layer 22: sigma=[0.175, 0.100, 0.100, 0.100, 0.141, 0.100, 0.124, 0.183, 0.186, 0.163, 0.100, 0.100, 0.103, 0.100, 0.100, 0.100, 0.100, 0.100, 0.100, 0.183, 0.100, 0.100, 0.100, 0.100, 0.100, 0.100, 0.100, 0.100, 0.100, 0.100, 0.100, 0.100]
    Layer 23: sigma=[0.187, 0.133, 0.125, 0.100, 0.100, 0.100, 0.182, 0.100, 0.100, 0.100, 0.100, 0.100, 0.100, 0.100, 0.100, 0.100, 0.100, 0.100, 0.100, 0.100, 0.100, 0.100, 0.100, 0.100, 0.100, 0.100, 0.100, 0.100, 0.100, 0.283, 0.262, 0.173]
    Layer 24: sigma=[0.100, 0.100, 0.100, 0.100, 0.100, 0.100, 0.100, 0.100, 0.128, 0.100, 0.100, 0.100, 0.100, 0.100, 0.100, 0.172, 0.100, 0.100, 0.100, 0.107, 0.100, 0.100, 0.100, 0.100, 0.190, 0.278, 0.100, 0.214, 0.100, 0.100, 0.100, 0.100]
    Layer 25: sigma=[0.100, 0.100, 0.100, 0.100, 0.100, 0.100, 0.100, 0.100, 0.100, 0.100, 0.100, 0.100, 0.100, 0.100, 0.100, 0.100, 0.100, 0.100, 0.100, 0.100, 0.100, 0.100, 0.100, 0.100, 0.100, 0.100, 0.100, 0.100, 0.100, 0.100, 0.100, 0.100]
    Layer 26: sigma=[0.100, 0.100, 0.100, 0.100, 0.100, 0.100, 0.100, 0.100, 0.100, 0.100, 0.100, 0.100, 0.100, 0.100, 0.100, 0.100, 0.100, 0.100, 0.100, 0.100, 0.100, 0.100, 0.100, 0.100, 0.100, 0.100, 0.100, 0.100, 0.100, 0.100, 0.100, 0.100]
    Layer 27: sigma=[0.100, 0.100, 0.100, 0.100, 0.100, 0.100, 0.100, 0.100, 0.100, 0.100, 0.100, 0.100, 0.100, 0.100, 0.100, 0.100, 0.100, 0.100, 0.100, 0.100, 0.100, 0.100, 0.100, 0.100, 0.100, 0.100, 0.100, 0.100, 0.100, 0.181, 0.100, 0.100]
    Layer 28: sigma=[0.100, 0.100, 0.100, 0.100, 0.100, 0.100, 0.100, 0.234, 0.100, 0.100, 0.100, 0.100, 0.100, 0.100, 0.100, 0.100, 0.100, 0.100, 0.100, 0.100, 0.100, 0.100, 0.100, 0.100, 0.100, 0.100, 0.100, 0.100, 0.100, 0.100, 0.100, 0.100]
    Layer 29: sigma=[0.100, 0.100, 0.100, 0.100, 0.100, 0.100, 0.100, 0.100, 0.100, 0.100, 0.100, 0.100, 0.100, 0.100, 0.100, 0.100, 0.100, 0.100, 0.100, 0.100, 0.100, 0.100, 0.100, 0.100, 0.100, 0.100, 0.100, 0.100, 0.100, 0.100, 0.100, 0.100]
    Layer 30: sigma=[0.100, 0.100, 0.100, 0.100, 0.100, 0.100, 0.100, 0.100, 0.100, 0.100, 0.100, 0.100, 0.100, 0.100, 0.100, 0.100, 0.100, 0.100, 0.100, 0.100, 0.100, 0.100, 0.100, 0.100, 0.100, 0.100, 0.100, 0.100, 0.100, 0.100, 0.100, 0.100]
    Layer 31: sigma=[0.100, 0.100, 0.100, 0.100, 0.100, 0.100, 0.100, 0.100, 0.100, 0.100, 0.100, 0.100, 0.100, 0.100, 0.100, 0.100, 0.100, 0.100, 0.100, 0.100, 0.100, 0.100, 0.100, 0.100, 0.100, 0.100, 0.100, 0.100, 0.100, 0.100, 0.100, 0.100]
    Layer 32: sigma=[0.100, 0.100, 0.100, 0.100, 0.100, 0.100, 0.100, 0.100, 0.100, 0.100, 0.100, 0.100, 0.100, 0.100, 0.100, 0.100, 0.100, 0.100, 0.100, 0.100, 0.100, 0.100, 0.100, 0.100, 0.100, 0.100, 0.100, 0.100, 0.100, 0.100, 0.100, 0.100]
    Layer 33: sigma=[0.100, 0.100, 0.100, 0.100, 0.100, 0.100, 0.100, 0.100, 0.100, 0.100, 0.100, 0.100, 0.100, 0.100, 0.100, 0.100, 0.100, 0.100, 0.100, 0.100, 0.100, 0.100, 0.100, 0.100, 0.100, 0.100, 0.100, 0.100, 0.100, 0.100, 0.100, 0.100]
    Layer 34: sigma=[0.100, 0.100, 0.100, 0.100, 0.100, 0.100, 0.100, 0.100, 0.100, 0.100, 0.100, 0.100, 0.100, 0.100, 0.100, 0.100, 0.100, 0.100, 0.100, 0.100, 0.100, 0.100, 0.100, 0.100, 0.100, 0.100, 0.100, 0.100, 0.100, 0.100, 0.100, 0.100]
    Layer 35: sigma=[0.100, 0.100, 0.100, 0.100, 0.128, 0.100, 0.100, 0.100, 0.100, 0.100, 0.100, 0.100, 0.100, 0.100, 0.100, 0.100, 0.100, 0.100, 0.100, 0.100, 0.100, 0.100, 0.131, 0.100, 0.100, 0.100, 0.100, 0.100, 0.100, 0.100, 0.100, 0.100]

  [Taylor Step 3/3] g_proj = v_proj * alpha (damping=0.01)...
    Layer  0: alpha=0.068959  teacher_rms=0.0168  v_rms=0.0024
    Layer  1: alpha=0.058091  teacher_rms=0.0216  v_rms=0.0037
    Layer  3: alpha=0.041826  teacher_rms=0.0261  v_rms=0.0062
    Layer  4: alpha=0.049249  teacher_rms=0.0316  v_rms=0.0064
    Layer  5: alpha=0.052689  teacher_rms=0.0412  v_rms=0.0078
    Layer  6: alpha=0.074784  teacher_rms=0.0646  v_rms=0.0086
    Layer  7: alpha=0.040705  teacher_rms=0.0510  v_rms=0.0125
    Layer  8: alpha=0.041674  teacher_rms=0.0695  v_rms=0.0167
    Layer  9: alpha=0.025955  teacher_rms=0.0701  v_rms=0.0270
    Layer 10: alpha=0.048719  teacher_rms=0.1071  v_rms=0.0220
    Layer 11: alpha=0.053261  teacher_rms=0.1038  v_rms=0.0195
    Layer 12: alpha=0.047550  teacher_rms=0.1177  v_rms=0.0248
    Layer 13: alpha=0.054689  teacher_rms=0.1013  v_rms=0.0185
    Layer 14: alpha=0.055609  teacher_rms=0.1546  v_rms=0.0278
    Layer 15: alpha=0.047199  teacher_rms=0.1546  v_rms=0.0328
    Layer 16: alpha=0.038875  teacher_rms=0.1446  v_rms=0.0372
    Layer 17: alpha=0.034879  teacher_rms=0.1762  v_rms=0.0505
    Layer 18: alpha=0.035296  teacher_rms=0.1919  v_rms=0.0544
    Layer 19: alpha=0.049996  teacher_rms=0.2023  v_rms=0.0405
    Layer 20: alpha=0.050492  teacher_rms=0.1938  v_rms=0.0384
    Layer 21: alpha=0.040598  teacher_rms=0.2301  v_rms=0.0567
    Layer 22: alpha=0.053353  teacher_rms=0.2755  v_rms=0.0516
    Layer 23: alpha=0.048100  teacher_rms=0.3026  v_rms=0.0629
    Layer 24: alpha=0.036516  teacher_rms=0.2864  v_rms=0.0784
    Layer 25: alpha=0.038418  teacher_rms=0.2261  v_rms=0.0589
    Layer 26: alpha=0.027399  teacher_rms=0.1994  v_rms=0.0728
    Layer 27: alpha=0.033364  teacher_rms=0.2900  v_rms=0.0869
    Layer 28: alpha=0.038513  teacher_rms=0.3530  v_rms=0.0917
    Layer 29: alpha=0.016275  teacher_rms=0.2479  v_rms=0.1523
    Layer 30: alpha=0.025867  teacher_rms=0.3921  v_rms=0.1516
    Layer 31: alpha=0.018626  teacher_rms=0.3452  v_rms=0.1853
    Layer 32: alpha=0.021930  teacher_rms=0.5106  v_rms=0.2328
    Layer 33: alpha=0.016345  teacher_rms=0.5964  v_rms=0.3649
    Layer 34: alpha=0.031180  teacher_rms=1.0165  v_rms=0.3260
    Layer 35: alpha=0.057560  teacher_rms=1.0378  v_rms=0.1803

  Set g_proj = v_proj * alpha in 35 GDN layers (damping=0.01).
  Init (taylor_distill) done in 356.1s
  Layer 2: PPL = 1384.51  (eval 19.4s)

============================================================
  Probing layer 3 | strategy=taylor_distill
============================================================
Loading checkpoint shards:   0%|          | 0/4 [00:00<?, ?it/s]Loading checkpoint shards: 100%|██████████| 4/4 [00:00<00:00, 99.63it/s]
Could not cache non-existence of file. Will ignore error and continue. Error: [Errno 13] Permission denied: '/data/shared/huggingface/hub/models--Qwen--Qwen3-8B/.no_exist/b968826d9c46dd6066d109eabc6255188de91218/model.safetensors'
Loading checkpoint shards:   0%|          | 0/5 [00:00<?, ?it/s]Loading checkpoint shards: 100%|██████████| 5/5 [00:00<00:00, 189.94it/s]
Token indices sequence length is longer than the specified maximum sequence length for this model (2429029 > 131072). Running this sequence through the model will result in indexing errors
  [Taylor Step 1/3] Gate calibration from attention stats...
    Layer  0: dist=[18, 2, 6, 20, 8, 14, 6, 7, 10, 4, 6, 7, 10, 18, 17, 5, 9, 11, 8, 8, 8, 12, 2, 7, 4, 26, 5, 26, 9, 19, 9, 8]
    Layer  1: dist=[12, 21, 14, 26, 2, 9, 17, 7, 25, 18, 32, 29, 18, 28, 28, 20, 17, 26, 31, 18, 28, 17, 21, 21, 26, 8, 25, 23, 41, 16, 20, 28]
    Layer  2: dist=[36, 36, 37, 32, 17, 27, 20, 24, 21, 24, 29, 33, 28, 25, 26, 34, 32, 26, 28, 22, 28, 36, 27, 27, 14, 14, 11, 19, 41, 42, 43, 41]
    Layer  4: dist=[31, 35, 41, 36, 41, 33, 35, 48, 37, 38, 34, 34, 31, 31, 38, 35, 35, 37, 38, 39, 34, 35, 25, 34, 26, 32, 27, 21, 28, 33, 30, 30]
    Layer  5: dist=[23, 29, 30, 21, 36, 34, 29, 29, 4, 14, 40, 38, 31, 43, 32, 30, 23, 20, 28, 28, 29, 30, 27, 33, 38, 39, 43, 43, 26, 25, 29, 32]
    Layer  6: dist=[16, 22, 17, 17, 27, 24, 34, 32, 25, 12, 21, 20, 31, 34, 28, 16, 28, 20, 24, 23, 13, 18, 18, 8, 21, 24, 18, 28, 24, 25, 21, 27]
    Layer  7: dist=[31, 36, 33, 46, 63, 57, 63, 60, 45, 60, 53, 41, 54, 15, 30, 49, 42, 54, 44, 44, 54, 45, 58, 59, 34, 41, 25, 43, 49, 51, 49, 54]
    Layer  8: dist=[45, 46, 49, 29, 43, 41, 35, 44, 46, 52, 43, 48, 51, 43, 49, 36, 60, 56, 54, 51, 44, 54, 51, 57, 47, 37, 51, 36, 44, 38, 42, 44]
    Layer  9: dist=[40, 32, 31, 36, 45, 49, 48, 40, 62, 61, 60, 56, 14, 46, 32, 45, 49, 53, 59, 62, 44, 40, 35, 41, 61, 44, 49, 54, 62, 57, 63, 61]
    Layer 10: dist=[39, 39, 30, 39, 46, 55, 33, 41, 34, 45, 55, 26, 49, 36, 42, 44, 45, 53, 52, 50, 46, 31, 56, 51, 51, 56, 47, 43, 40, 39, 44, 47]
    Layer 11: dist=[33, 33, 47, 27, 29, 36, 43, 42, 52, 62, 57, 49, 44, 33, 38, 39, 39, 36, 33, 25, 42, 56, 46, 46, 39, 32, 36, 32, 49, 34, 31, 48]
    Layer 12: dist=[12, 40, 39, 33, 43, 46, 39, 36, 33, 36, 44, 44, 50, 45, 45, 49, 21, 38, 29, 44, 55, 54, 53, 56, 49, 1, 56, 23, 43, 45, 59, 49]
    Layer 13: dist=[29, 36, 39, 36, 31, 29, 35, 22, 47, 36, 52, 61, 64, 58, 55, 62, 46, 39, 31, 36, 47, 33, 44, 46, 44, 33, 40, 41, 58, 56, 49, 51]
    Layer 14: dist=[25, 35, 34, 24, 39, 24, 35, 33, 31, 32, 37, 37, 36, 40, 35, 36, 41, 46, 31, 35, 33, 17, 28, 42, 27, 38, 40, 38, 43, 44, 5, 48]
    Layer 15: dist=[45, 27, 43, 23, 20, 22, 41, 33, 48, 33, 26, 54, 37, 56, 41, 47, 33, 33, 34, 36, 33, 30, 27, 27, 27, 20, 41, 37, 38, 47, 38, 28]
    Layer 16: dist=[37, 32, 42, 47, 29, 35, 26, 31, 29, 45, 40, 43, 49, 35, 44, 47, 38, 41, 34, 35, 59, 60, 57, 54, 39, 28, 34, 6, 32, 33, 36, 32]
    Layer 17: dist=[58, 50, 41, 34, 28, 31, 22, 25, 44, 54, 42, 49, 23, 32, 39, 39, 24, 29, 32, 22, 39, 51, 49, 48, 30, 28, 31, 26, 29, 43, 47, 36]
    Layer 18: dist=[20, 27, 19, 18, 29, 37, 39, 30, 37, 40, 37, 45, 34, 34, 31, 35, 26, 41, 42, 28, 38, 28, 37, 52, 31, 35, 35, 36, 30, 29, 43, 31]
    Layer 19: dist=[39, 33, 35, 35, 43, 54, 30, 38, 40, 44, 41, 48, 35, 31, 40, 35, 44, 42, 26, 29, 10, 28, 18, 27, 52, 54, 52, 58, 44, 43, 41, 41]
    Layer 20: dist=[46, 39, 44, 40, 41, 27, 28, 31, 23, 21, 26, 21, 48, 42, 48, 50, 24, 28, 31, 21, 38, 57, 52, 51, 63, 51, 53, 44, 49, 43, 55, 55]
    Layer 21: dist=[26, 25, 30, 35, 58, 33, 53, 58, 61, 33, 39, 38, 26, 24, 25, 23, 39, 40, 45, 32, 47, 52, 48, 49, 35, 34, 32, 44, 38, 40, 34, 47]
    Layer 22: dist=[39, 32, 37, 33, 28, 38, 24, 30, 21, 27, 24, 35, 9, 46, 32, 35, 18, 40, 40, 23, 53, 59, 60, 61, 51, 44, 46, 48, 57, 47, 53, 50]
    Layer 23: dist=[22, 18, 26, 22, 55, 55, 22, 50, 41, 20, 24, 31, 37, 36, 41, 39, 41, 38, 42, 48, 41, 46, 42, 40, 41, 39, 37, 51, 47, 44, 44, 39]
    Layer 24: dist=[40, 62, 57, 51, 50, 56, 54, 47, 52, 54, 52, 43, 41, 39, 47, 40, 42, 49, 44, 42, 60, 53, 52, 58, 31, 41, 39, 29, 50, 57, 51, 47]
    Layer 25: dist=[50, 60, 59, 49, 38, 38, 54, 42, 46, 52, 47, 48, 36, 45, 27, 37, 48, 50, 49, 45, 54, 56, 55, 55, 58, 56, 50, 55, 46, 61, 51, 45]
    Layer 26: dist=[43, 47, 57, 36, 59, 57, 59, 56, 52, 56, 53, 49, 52, 62, 60, 60, 43, 46, 53, 50, 53, 54, 60, 57, 53, 50, 54, 50, 58, 50, 59, 51]
    Layer 27: dist=[48, 55, 54, 59, 50, 53, 52, 44, 41, 52, 55, 52, 41, 56, 42, 45, 51, 53, 53, 53, 47, 56, 54, 44, 57, 59, 60, 60, 50, 44, 45, 60]
    Layer 28: dist=[53, 47, 54, 53, 41, 35, 40, 38, 52, 57, 47, 46, 57, 53, 48, 50, 57, 51, 53, 55, 59, 37, 32, 46, 47, 46, 50, 51, 46, 48, 35, 49]
    Layer 29: dist=[57, 58, 57, 58, 45, 56, 47, 58, 58, 57, 61, 54, 60, 61, 60, 61, 58, 56, 58, 60, 62, 61, 56, 62, 49, 59, 47, 49, 55, 51, 56, 56]
    Layer 30: dist=[40, 54, 51, 52, 53, 51, 48, 37, 60, 59, 58, 60, 53, 53, 57, 51, 52, 39, 61, 61, 29, 60, 53, 54, 60, 60, 61, 60, 55, 56, 54, 51]
    Layer 31: dist=[60, 58, 51, 49, 58, 59, 59, 59, 57, 41, 46, 47, 58, 59, 59, 58, 52, 53, 55, 48, 60, 59, 56, 59, 57, 56, 46, 60, 57, 55, 53, 57]
    Layer 32: dist=[56, 57, 58, 57, 58, 60, 59, 60, 56, 55, 59, 58, 48, 58, 54, 47, 58, 54, 54, 54, 62, 48, 57, 60, 36, 48, 44, 53, 58, 54, 51, 53]
    Layer 33: dist=[52, 61, 57, 60, 45, 52, 29, 47, 57, 58, 57, 58, 58, 59, 58, 59, 59, 59, 53, 56, 58, 49, 54, 57, 57, 59, 60, 59, 56, 56, 55, 53]
    Layer 34: dist=[56, 57, 58, 57, 55, 56, 55, 54, 25, 47, 54, 42, 58, 57, 60, 40, 42, 44, 62, 30, 58, 27, 59, 60, 61, 60, 62, 60, 26, 32, 35, 54]
    Layer 35: dist=[56, 62, 36, 50, 43, 19, 55, 48, 42, 51, 55, 49, 30, 17, 24, 22, 49, 45, 40, 27, 45, 52, 28, 27, 33, 27, 33, 35, 36, 57, 61, 58]

  [Taylor Step 2/3] OLS sigma per head (scaling V, streaming)...
    Layer  0: sigma=[0.254, 0.100, 0.100, 0.100, 0.197, 0.600, 0.100, 0.100, 0.100, 0.100, 0.142, 0.100, 0.100, 0.100, 0.100, 0.292, 0.100, 0.100, 0.100, 0.100, 0.100, 0.100, 0.100, 0.199, 0.100, 0.100, 0.573, 0.100, 0.252, 0.100, 0.100, 0.100]
    Layer  1: sigma=[0.278, 0.100, 0.100, 0.100, 0.100, 0.100, 0.100, 0.100, 0.100, 0.403, 0.277, 0.100, 0.100, 0.100, 0.100, 0.100, 0.100, 0.100, 0.100, 0.100, 0.100, 0.100, 0.100, 0.207, 0.100, 0.100, 0.178, 0.100, 0.100, 0.100, 0.100, 0.100]
    Layer  2: sigma=[0.152, 0.100, 0.100, 0.100, 0.100, 0.100, 0.100, 0.100, 0.158, 0.100, 0.100, 0.100, 0.100, 0.257, 0.100, 0.100, 0.100, 0.100, 0.100, 0.100, 0.100, 0.100, 0.100, 0.100, 0.100, 0.173, 0.100, 0.100, 0.100, 0.100, 0.100, 0.139]
    Layer  4: sigma=[0.100, 0.100, 0.100, 0.100, 0.100, 0.100, 0.100, 0.100, 0.100, 0.100, 0.100, 0.100, 0.100, 0.100, 0.100, 0.100, 0.100, 0.100, 0.100, 0.100, 0.100, 0.146, 0.314, 0.100, 0.100, 0.100, 0.100, 0.100, 0.100, 0.100, 0.100, 0.100]
    Layer  5: sigma=[0.100, 0.100, 0.126, 0.100, 0.100, 0.100, 0.100, 0.100, 0.100, 0.272, 0.100, 0.103, 0.100, 0.100, 0.100, 0.111, 0.100, 0.334, 0.100, 0.100, 0.100, 0.100, 0.100, 0.100, 0.100, 0.100, 0.100, 0.100, 0.100, 0.246, 0.100, 0.100]
    Layer  6: sigma=[0.100, 0.100, 0.166, 0.100, 0.114, 0.112, 0.100, 0.100, 0.100, 0.100, 0.100, 0.100, 0.100, 0.100, 0.100, 0.100, 0.100, 0.100, 0.100, 0.100, 0.244, 0.100, 0.100, 0.100, 0.100, 0.100, 0.102, 0.100, 0.100, 0.100, 0.100, 0.100]
    Layer  7: sigma=[0.100, 0.225, 0.100, 0.100, 0.114, 0.100, 0.100, 0.100, 0.100, 0.100, 0.100, 0.160, 0.100, 0.100, 0.100, 0.100, 0.100, 0.100, 0.100, 0.100, 0.100, 0.100, 0.100, 0.100, 0.100, 0.100, 0.100, 0.100, 0.100, 0.100, 0.100, 0.100]
    Layer  8: sigma=[0.100, 0.100, 0.100, 0.100, 0.100, 0.100, 0.100, 0.119, 0.100, 0.100, 0.100, 0.100, 0.100, 0.124, 0.100, 0.100, 0.100, 0.100, 0.100, 0.100, 0.100, 0.100, 0.100, 0.100, 0.100, 0.100, 0.100, 0.292, 0.100, 0.100, 0.100, 0.100]
    Layer  9: sigma=[0.100, 0.100, 0.125, 0.100, 0.100, 0.100, 0.100, 0.100, 0.100, 0.100, 0.100, 0.100, 0.100, 0.100, 0.721, 0.228, 0.100, 0.100, 0.100, 0.100, 0.131, 0.100, 0.100, 0.100, 0.100, 0.162, 0.100, 0.100, 0.100, 0.100, 0.100, 0.100]
    Layer 10: sigma=[0.100, 0.100, 0.100, 0.100, 0.100, 0.100, 0.100, 0.100, 0.138, 0.100, 0.100, 0.100, 0.100, 0.100, 0.100, 0.100, 0.100, 0.100, 0.100, 0.100, 0.100, 0.100, 0.100, 0.100, 0.100, 0.100, 0.100, 0.100, 0.106, 0.100, 0.108, 0.100]
    Layer 11: sigma=[0.100, 0.100, 0.100, 0.100, 0.223, 0.100, 0.165, 0.100, 0.100, 0.133, 0.100, 0.100, 0.148, 0.100, 0.306, 0.100, 0.100, 0.100, 0.100, 0.100, 0.100, 0.100, 0.100, 0.100, 0.111, 0.100, 0.249, 0.100, 0.100, 0.100, 0.103, 0.100]
    Layer 12: sigma=[0.100, 0.100, 0.100, 0.100, 0.100, 0.110, 0.100, 0.100, 0.100, 0.129, 0.100, 0.100, 0.100, 0.100, 0.100, 0.100, 0.100, 0.254, 0.454, 0.100, 0.100, 0.100, 0.100, 0.100, 0.100, 0.304, 0.100, 0.138, 0.100, 0.136, 0.137, 0.100]
    Layer 13: sigma=[0.248, 0.100, 0.100, 0.100, 0.100, 0.100, 0.100, 0.105, 0.100, 0.121, 0.129, 0.100, 0.100, 0.100, 0.100, 0.100, 0.100, 0.100, 0.100, 0.100, 0.100, 0.100, 0.100, 0.100, 0.100, 0.100, 0.100, 0.100, 0.100, 0.100, 0.100, 0.100]
    Layer 14: sigma=[0.100, 0.100, 0.105, 0.100, 0.100, 0.523, 0.100, 0.155, 0.100, 0.100, 0.100, 0.100, 0.100, 0.164, 0.100, 0.100, 0.100, 0.100, 0.169, 0.105, 0.100, 0.100, 0.100, 0.100, 0.100, 0.164, 0.100, 0.138, 0.100, 0.100, 0.181, 0.100]
    Layer 15: sigma=[0.100, 0.205, 0.100, 0.130, 0.215, 0.100, 0.100, 0.100, 0.100, 0.100, 0.100, 0.109, 0.255, 0.100, 0.100, 0.101, 0.100, 0.100, 0.106, 0.147, 0.100, 0.100, 0.100, 0.100, 0.280, 0.273, 0.100, 0.100, 0.100, 0.100, 0.100, 0.100]
    Layer 16: sigma=[0.333, 0.100, 0.100, 0.100, 0.100, 0.100, 0.100, 0.100, 0.100, 0.100, 0.100, 0.100, 0.100, 0.100, 0.100, 0.100, 0.100, 0.100, 0.100, 0.100, 0.100, 0.100, 0.100, 0.100, 0.100, 0.162, 0.100, 0.100, 0.100, 0.100, 0.100, 0.100]
    Layer 17: sigma=[0.100, 0.100, 0.100, 0.100, 0.100, 0.519, 0.100, 0.103, 0.105, 0.100, 0.100, 0.100, 0.100, 0.100, 0.100, 0.100, 0.284, 0.107, 0.100, 0.359, 0.100, 0.100, 0.100, 0.100, 0.100, 0.100, 0.452, 0.115, 0.100, 0.100, 0.100, 0.100]
    Layer 18: sigma=[0.100, 0.748, 0.100, 0.100, 0.106, 0.206, 0.100, 0.114, 0.100, 0.100, 0.100, 0.100, 0.100, 0.100, 0.100, 0.100, 0.386, 0.100, 0.100, 0.100, 0.100, 0.100, 0.100, 0.100, 0.100, 0.100, 0.100, 0.100, 0.100, 0.100, 0.100, 0.100]
    Layer 19: sigma=[0.100, 0.100, 0.100, 0.100, 0.100, 0.100, 0.250, 0.100, 0.100, 0.100, 0.100, 0.100, 0.266, 0.100, 0.100, 0.163, 0.100, 0.100, 0.100, 0.472, 0.100, 0.100, 0.100, 0.100, 0.100, 0.100, 0.100, 0.100, 0.100, 0.100, 0.100, 0.100]
    Layer 20: sigma=[0.100, 0.100, 0.182, 0.100, 0.100, 0.248, 0.195, 0.100, 0.100, 0.100, 0.100, 0.100, 0.100, 0.100, 0.100, 0.100, 0.195, 0.100, 0.100, 0.100, 0.100, 0.100, 0.100, 0.100, 0.100, 0.100, 0.100, 0.100, 0.100, 0.100, 0.100, 0.100]
    Layer 21: sigma=[0.100, 0.100, 0.100, 0.111, 0.100, 0.100, 0.100, 0.100, 0.100, 0.100, 0.100, 0.405, 0.100, 0.100, 0.147, 0.100, 0.100, 0.100, 0.100, 0.107, 0.100, 0.100, 0.100, 0.100, 0.100, 0.100, 0.100, 0.100, 0.100, 0.100, 0.344, 0.115]
    Layer 22: sigma=[0.185, 0.100, 0.100, 0.100, 0.140, 0.100, 0.138, 0.242, 0.251, 0.131, 0.100, 0.100, 0.100, 0.100, 0.100, 0.100, 0.100, 0.100, 0.100, 0.127, 0.100, 0.100, 0.100, 0.100, 0.100, 0.100, 0.100, 0.100, 0.100, 0.100, 0.100, 0.100]
    Layer 23: sigma=[0.188, 0.105, 0.181, 0.100, 0.100, 0.100, 0.136, 0.100, 0.100, 0.100, 0.100, 0.100, 0.100, 0.100, 0.100, 0.100, 0.100, 0.100, 0.100, 0.100, 0.100, 0.100, 0.100, 0.100, 0.100, 0.100, 0.100, 0.100, 0.100, 0.172, 0.230, 0.149]
    Layer 24: sigma=[0.100, 0.100, 0.100, 0.100, 0.100, 0.100, 0.100, 0.100, 0.138, 0.100, 0.100, 0.100, 0.100, 0.100, 0.100, 0.184, 0.100, 0.100, 0.100, 0.100, 0.100, 0.100, 0.100, 0.100, 0.280, 0.313, 0.120, 0.254, 0.100, 0.100, 0.100, 0.100]
    Layer 25: sigma=[0.100, 0.100, 0.100, 0.100, 0.100, 0.100, 0.100, 0.100, 0.100, 0.100, 0.100, 0.100, 0.100, 0.100, 0.100, 0.100, 0.100, 0.100, 0.100, 0.100, 0.100, 0.100, 0.100, 0.100, 0.100, 0.100, 0.100, 0.100, 0.100, 0.100, 0.100, 0.100]
    Layer 26: sigma=[0.100, 0.100, 0.100, 0.100, 0.100, 0.100, 0.100, 0.100, 0.100, 0.100, 0.100, 0.100, 0.100, 0.100, 0.100, 0.114, 0.100, 0.100, 0.100, 0.100, 0.100, 0.100, 0.100, 0.100, 0.100, 0.100, 0.100, 0.100, 0.100, 0.100, 0.100, 0.100]
    Layer 27: sigma=[0.100, 0.100, 0.100, 0.105, 0.100, 0.100, 0.100, 0.100, 0.100, 0.100, 0.100, 0.100, 0.100, 0.100, 0.100, 0.100, 0.100, 0.100, 0.100, 0.100, 0.100, 0.100, 0.100, 0.100, 0.100, 0.100, 0.100, 0.100, 0.100, 0.155, 0.100, 0.100]
    Layer 28: sigma=[0.100, 0.100, 0.100, 0.100, 0.101, 0.153, 0.100, 0.109, 0.100, 0.100, 0.100, 0.100, 0.100, 0.100, 0.100, 0.100, 0.100, 0.100, 0.100, 0.100, 0.100, 0.100, 0.100, 0.100, 0.100, 0.100, 0.100, 0.100, 0.100, 0.100, 0.100, 0.100]
    Layer 29: sigma=[0.100, 0.100, 0.100, 0.100, 0.100, 0.100, 0.100, 0.100, 0.100, 0.100, 0.100, 0.100, 0.100, 0.100, 0.100, 0.100, 0.100, 0.100, 0.100, 0.100, 0.100, 0.100, 0.100, 0.100, 0.100, 0.100, 0.100, 0.100, 0.100, 0.100, 0.100, 0.100]
    Layer 30: sigma=[0.100, 0.100, 0.100, 0.100, 0.100, 0.100, 0.100, 0.100, 0.100, 0.100, 0.100, 0.100, 0.100, 0.100, 0.100, 0.109, 0.100, 0.100, 0.100, 0.100, 0.100, 0.100, 0.100, 0.100, 0.100, 0.100, 0.100, 0.100, 0.100, 0.100, 0.100, 0.100]
    Layer 31: sigma=[0.100, 0.100, 0.100, 0.100, 0.100, 0.100, 0.100, 0.100, 0.100, 0.100, 0.100, 0.100, 0.100, 0.100, 0.100, 0.100, 0.100, 0.100, 0.100, 0.100, 0.100, 0.100, 0.100, 0.100, 0.100, 0.100, 0.100, 0.100, 0.100, 0.100, 0.100, 0.100]
    Layer 32: sigma=[0.100, 0.100, 0.100, 0.100, 0.100, 0.100, 0.100, 0.100, 0.100, 0.100, 0.100, 0.100, 0.100, 0.100, 0.100, 0.100, 0.100, 0.100, 0.100, 0.100, 0.100, 0.100, 0.100, 0.100, 0.100, 0.100, 0.100, 0.100, 0.100, 0.100, 0.100, 0.100]
    Layer 33: sigma=[0.100, 0.100, 0.100, 0.100, 0.100, 0.100, 0.100, 0.100, 0.100, 0.100, 0.100, 0.100, 0.100, 0.100, 0.100, 0.100, 0.100, 0.100, 0.100, 0.100, 0.100, 0.100, 0.100, 0.100, 0.100, 0.100, 0.100, 0.100, 0.100, 0.100, 0.100, 0.100]
    Layer 34: sigma=[0.100, 0.100, 0.100, 0.100, 0.100, 0.100, 0.100, 0.100, 0.100, 0.100, 0.100, 0.100, 0.100, 0.100, 0.100, 0.100, 0.100, 0.100, 0.100, 0.100, 0.100, 0.100, 0.100, 0.100, 0.100, 0.100, 0.100, 0.100, 0.100, 0.100, 0.100, 0.100]
    Layer 35: sigma=[0.100, 0.100, 0.100, 0.100, 0.104, 0.100, 0.100, 0.100, 0.100, 0.100, 0.100, 0.100, 0.100, 0.100, 0.100, 0.100, 0.100, 0.100, 0.100, 0.100, 0.100, 0.100, 0.100, 0.100, 0.100, 0.100, 0.100, 0.100, 0.100, 0.100, 0.100, 0.100]

  [Taylor Step 3/3] g_proj = v_proj * alpha (damping=0.01)...
    Layer  0: alpha=0.069246  teacher_rms=0.0168  v_rms=0.0024
    Layer  1: alpha=0.058129  teacher_rms=0.0216  v_rms=0.0037
    Layer  2: alpha=0.054850  teacher_rms=0.0222  v_rms=0.0041
    Layer  4: alpha=0.049124  teacher_rms=0.0316  v_rms=0.0064
    Layer  5: alpha=0.052540  teacher_rms=0.0412  v_rms=0.0078
    Layer  6: alpha=0.074767  teacher_rms=0.0646  v_rms=0.0086
    Layer  7: alpha=0.041281  teacher_rms=0.0510  v_rms=0.0124
    Layer  8: alpha=0.041526  teacher_rms=0.0695  v_rms=0.0167
    Layer  9: alpha=0.027699  teacher_rms=0.0701  v_rms=0.0253
    Layer 10: alpha=0.048910  teacher_rms=0.1071  v_rms=0.0219
    Layer 11: alpha=0.052418  teacher_rms=0.1038  v_rms=0.0198
    Layer 12: alpha=0.047957  teacher_rms=0.1177  v_rms=0.0245
    Layer 13: alpha=0.054514  teacher_rms=0.1013  v_rms=0.0186
    Layer 14: alpha=0.051982  teacher_rms=0.1546  v_rms=0.0297
    Layer 15: alpha=0.047325  teacher_rms=0.1546  v_rms=0.0327
    Layer 16: alpha=0.039668  teacher_rms=0.1446  v_rms=0.0365
    Layer 17: alpha=0.034314  teacher_rms=0.1762  v_rms=0.0514
    Layer 18: alpha=0.029240  teacher_rms=0.1919  v_rms=0.0656
    Layer 19: alpha=0.044872  teacher_rms=0.2023  v_rms=0.0451
    Layer 20: alpha=0.051147  teacher_rms=0.1938  v_rms=0.0379
    Layer 21: alpha=0.043501  teacher_rms=0.2301  v_rms=0.0529
    Layer 22: alpha=0.051539  teacher_rms=0.2755  v_rms=0.0535
    Layer 23: alpha=0.054214  teacher_rms=0.3026  v_rms=0.0558
    Layer 24: alpha=0.034153  teacher_rms=0.2864  v_rms=0.0838
    Layer 25: alpha=0.038418  teacher_rms=0.2261  v_rms=0.0589
    Layer 26: alpha=0.027239  teacher_rms=0.1994  v_rms=0.0732
    Layer 27: alpha=0.033703  teacher_rms=0.2900  v_rms=0.0860
    Layer 28: alpha=0.039940  teacher_rms=0.3530  v_rms=0.0884
    Layer 29: alpha=0.016275  teacher_rms=0.2479  v_rms=0.1523
    Layer 30: alpha=0.025810  teacher_rms=0.3921  v_rms=0.1519
    Layer 31: alpha=0.018626  teacher_rms=0.3452  v_rms=0.1853
    Layer 32: alpha=0.021930  teacher_rms=0.5106  v_rms=0.2328
    Layer 33: alpha=0.016345  teacher_rms=0.5964  v_rms=0.3649
    Layer 34: alpha=0.031180  teacher_rms=1.0165  v_rms=0.3260
    Layer 35: alpha=0.058461  teacher_rms=1.0378  v_rms=0.1775

  Set g_proj = v_proj * alpha in 35 GDN layers (damping=0.01).
  Init (taylor_distill) done in 337.9s
  Layer 3: PPL = 1278.65  (eval 19.2s)

============================================================
  Probing layer 4 | strategy=taylor_distill
============================================================
Loading checkpoint shards:   0%|          | 0/4 [00:00<?, ?it/s]Loading checkpoint shards: 100%|██████████| 4/4 [00:00<00:00, 148.05it/s]
Could not cache non-existence of file. Will ignore error and continue. Error: [Errno 13] Permission denied: '/data/shared/huggingface/hub/models--Qwen--Qwen3-8B/.no_exist/b968826d9c46dd6066d109eabc6255188de91218/model.safetensors'
Loading checkpoint shards:   0%|          | 0/5 [00:00<?, ?it/s]Loading checkpoint shards: 100%|██████████| 5/5 [00:00<00:00, 188.00it/s]
Token indices sequence length is longer than the specified maximum sequence length for this model (2429029 > 131072). Running this sequence through the model will result in indexing errors
  [Taylor Step 1/3] Gate calibration from attention stats...
    Layer  0: dist=[18, 2, 6, 20, 8, 14, 6, 7, 10, 4, 6, 7, 10, 18, 17, 5, 9, 11, 8, 8, 8, 12, 2, 7, 4, 26, 5, 26, 9, 19, 9, 8]
    Layer  1: dist=[12, 21, 14, 26, 2, 9, 17, 7, 25, 18, 32, 29, 18, 28, 28, 20, 17, 26, 31, 18, 28, 17, 21, 21, 26, 8, 25, 23, 41, 16, 20, 28]
    Layer  2: dist=[36, 36, 37, 32, 17, 27, 20, 24, 21, 24, 29, 33, 28, 25, 26, 34, 32, 26, 28, 22, 28, 36, 27, 27, 14, 14, 11, 19, 41, 42, 43, 41]
    Layer  3: dist=[40, 20, 9, 12, 49, 50, 46, 42, 30, 27, 33, 31, 49, 43, 42, 42, 35, 37, 29, 37, 42, 33, 32, 36, 35, 30, 29, 33, 39, 36, 40, 37]
    Layer  5: dist=[23, 29, 30, 21, 36, 34, 29, 29, 4, 14, 40, 38, 31, 43, 32, 30, 23, 20, 28, 28, 29, 30, 27, 33, 38, 39, 43, 43, 26, 25, 29, 32]
    Layer  6: dist=[16, 22, 17, 17, 27, 24, 34, 32, 25, 12, 21, 20, 31, 34, 28, 16, 28, 20, 24, 23, 13, 18, 18, 8, 21, 24, 18, 28, 24, 25, 21, 27]
    Layer  7: dist=[31, 36, 33, 46, 63, 57, 63, 60, 45, 60, 53, 41, 54, 15, 30, 49, 42, 54, 44, 44, 54, 45, 58, 59, 34, 41, 25, 43, 49, 51, 49, 54]
    Layer  8: dist=[45, 46, 49, 29, 43, 41, 35, 44, 46, 52, 43, 48, 51, 43, 49, 36, 60, 56, 54, 51, 44, 54, 51, 57, 47, 37, 51, 36, 44, 38, 42, 44]
    Layer  9: dist=[40, 32, 31, 36, 45, 49, 48, 40, 62, 61, 60, 56, 14, 46, 32, 45, 49, 53, 59, 62, 44, 40, 35, 41, 61, 44, 49, 54, 62, 57, 63, 61]
    Layer 10: dist=[39, 39, 30, 39, 46, 55, 33, 41, 34, 45, 55, 26, 49, 36, 42, 44, 45, 53, 52, 50, 46, 31, 56, 51, 51, 56, 47, 43, 40, 39, 44, 47]
    Layer 11: dist=[33, 33, 47, 27, 29, 36, 43, 42, 52, 62, 57, 49, 44, 33, 38, 39, 39, 36, 33, 25, 42, 56, 46, 46, 39, 32, 36, 32, 49, 34, 31, 48]
    Layer 12: dist=[12, 40, 39, 33, 43, 46, 39, 36, 33, 36, 44, 44, 50, 45, 45, 49, 21, 38, 29, 44, 55, 54, 53, 56, 49, 1, 56, 23, 43, 45, 59, 49]
    Layer 13: dist=[29, 36, 39, 36, 31, 29, 35, 22, 47, 36, 52, 61, 64, 58, 55, 62, 46, 39, 31, 36, 47, 33, 44, 46, 44, 33, 40, 41, 58, 56, 49, 51]
    Layer 14: dist=[25, 35, 34, 24, 39, 24, 35, 33, 31, 32, 37, 37, 36, 40, 35, 36, 41, 46, 31, 35, 33, 17, 28, 42, 27, 38, 40, 38, 43, 44, 5, 48]
    Layer 15: dist=[45, 27, 43, 23, 20, 22, 41, 33, 48, 33, 26, 54, 37, 56, 41, 47, 33, 33, 34, 36, 33, 30, 27, 27, 27, 20, 41, 37, 38, 47, 38, 28]
    Layer 16: dist=[37, 32, 42, 47, 29, 35, 26, 31, 29, 45, 40, 43, 49, 35, 44, 47, 38, 41, 34, 35, 59, 60, 57, 54, 39, 28, 34, 6, 32, 33, 36, 32]
    Layer 17: dist=[58, 50, 41, 34, 28, 31, 22, 25, 44, 54, 42, 49, 23, 32, 39, 39, 24, 29, 32, 22, 39, 51, 49, 48, 30, 28, 31, 26, 29, 43, 47, 36]
    Layer 18: dist=[20, 27, 19, 18, 29, 37, 39, 30, 37, 40, 37, 45, 34, 34, 31, 35, 26, 41, 42, 28, 38, 28, 37, 52, 31, 35, 35, 36, 30, 29, 43, 31]
    Layer 19: dist=[39, 33, 35, 35, 43, 54, 30, 38, 40, 44, 41, 48, 35, 31, 40, 35, 44, 42, 26, 29, 10, 28, 18, 27, 52, 54, 52, 58, 44, 43, 41, 41]
    Layer 20: dist=[46, 39, 44, 40, 41, 27, 28, 31, 23, 21, 26, 21, 48, 42, 48, 50, 24, 28, 31, 21, 38, 57, 52, 51, 63, 51, 53, 44, 49, 43, 55, 55]
    Layer 21: dist=[26, 25, 30, 35, 58, 33, 53, 58, 61, 33, 39, 38, 26, 24, 25, 23, 39, 40, 45, 32, 47, 52, 48, 49, 35, 34, 32, 44, 38, 40, 34, 47]
    Layer 22: dist=[39, 32, 37, 33, 28, 38, 24, 30, 21, 27, 24, 35, 9, 46, 32, 35, 18, 40, 40, 23, 53, 59, 60, 61, 51, 44, 46, 48, 57, 47, 53, 50]
    Layer 23: dist=[22, 18, 26, 22, 55, 55, 22, 50, 41, 20, 24, 31, 37, 36, 41, 39, 41, 38, 42, 48, 41, 46, 42, 40, 41, 39, 37, 51, 47, 44, 44, 39]
    Layer 24: dist=[40, 62, 57, 51, 50, 56, 54, 47, 52, 54, 52, 43, 41, 39, 47, 40, 42, 49, 44, 42, 60, 53, 52, 58, 31, 41, 39, 29, 50, 57, 51, 47]
    Layer 25: dist=[50, 60, 59, 49, 38, 38, 54, 42, 46, 52, 47, 48, 36, 45, 27, 37, 48, 50, 49, 45, 54, 56, 55, 55, 58, 56, 50, 55, 46, 61, 51, 45]
    Layer 26: dist=[43, 47, 57, 36, 59, 57, 59, 56, 52, 56, 53, 49, 52, 62, 60, 60, 43, 46, 53, 50, 53, 54, 60, 57, 53, 50, 54, 50, 58, 50, 59, 51]
    Layer 27: dist=[48, 55, 54, 59, 50, 53, 52, 44, 41, 52, 55, 52, 41, 56, 42, 45, 51, 53, 53, 53, 47, 56, 54, 44, 57, 59, 60, 60, 50, 44, 45, 60]
    Layer 28: dist=[53, 47, 54, 53, 41, 35, 40, 38, 52, 57, 47, 46, 57, 53, 48, 50, 57, 51, 53, 55, 59, 37, 32, 46, 47, 46, 50, 51, 46, 48, 35, 49]
    Layer 29: dist=[57, 58, 57, 58, 45, 56, 47, 58, 58, 57, 61, 54, 60, 61, 60, 61, 58, 56, 58, 60, 62, 61, 56, 62, 49, 59, 47, 49, 55, 51, 56, 56]
    Layer 30: dist=[40, 54, 51, 52, 53, 51, 48, 37, 60, 59, 58, 60, 53, 53, 57, 51, 52, 39, 61, 61, 29, 60, 53, 54, 60, 60, 61, 60, 55, 56, 54, 51]
    Layer 31: dist=[60, 58, 51, 49, 58, 59, 59, 59, 57, 41, 46, 47, 58, 59, 59, 58, 52, 53, 55, 48, 60, 59, 56, 59, 57, 56, 46, 60, 57, 55, 53, 57]
    Layer 32: dist=[56, 57, 58, 57, 58, 60, 59, 60, 56, 55, 59, 58, 48, 58, 54, 47, 58, 54, 54, 54, 62, 48, 57, 60, 36, 48, 44, 53, 58, 54, 51, 53]
    Layer 33: dist=[52, 61, 57, 60, 45, 52, 29, 47, 57, 58, 57, 58, 58, 59, 58, 59, 59, 59, 53, 56, 58, 49, 54, 57, 57, 59, 60, 59, 56, 56, 55, 53]
    Layer 34: dist=[56, 57, 58, 57, 55, 56, 55, 54, 25, 47, 54, 42, 58, 57, 60, 40, 42, 44, 62, 30, 58, 27, 59, 60, 61, 60, 62, 60, 26, 32, 35, 54]
    Layer 35: dist=[56, 62, 36, 50, 43, 19, 55, 48, 42, 51, 55, 49, 30, 17, 24, 22, 49, 45, 40, 27, 45, 52, 28, 27, 33, 27, 33, 35, 36, 57, 61, 58]

  [Taylor Step 2/3] OLS sigma per head (scaling V, streaming)...
    Layer  0: sigma=[0.256, 0.100, 0.100, 0.100, 0.195, 0.599, 0.100, 0.100, 0.100, 0.100, 0.141, 0.100, 0.100, 0.100, 0.100, 0.292, 0.100, 0.100, 0.100, 0.100, 0.100, 0.100, 0.100, 0.199, 0.100, 0.100, 0.577, 0.100, 0.252, 0.100, 0.100, 0.100]
    Layer  1: sigma=[0.279, 0.100, 0.100, 0.100, 0.100, 0.100, 0.100, 0.100, 0.100, 0.409, 0.278, 0.100, 0.100, 0.100, 0.100, 0.100, 0.100, 0.100, 0.100, 0.100, 0.100, 0.100, 0.100, 0.206, 0.100, 0.100, 0.179, 0.100, 0.100, 0.100, 0.100, 0.100]
    Layer  2: sigma=[0.151, 0.100, 0.100, 0.100, 0.100, 0.100, 0.100, 0.100, 0.158, 0.100, 0.100, 0.100, 0.100, 0.260, 0.100, 0.100, 0.100, 0.100, 0.100, 0.100, 0.100, 0.100, 0.100, 0.100, 0.100, 0.175, 0.100, 0.100, 0.100, 0.100, 0.100, 0.137]
    Layer  3: sigma=[0.100, 0.457, 0.100, 0.291, 0.100, 0.100, 0.100, 0.100, 0.100, 0.100, 0.100, 0.100, 0.100, 0.100, 0.100, 0.100, 0.100, 0.100, 0.119, 0.100, 0.100, 0.100, 0.100, 0.100, 0.100, 0.121, 0.108, 0.100, 0.100, 0.100, 0.100, 0.100]
    Layer  5: sigma=[0.100, 0.100, 0.108, 0.100, 0.100, 0.100, 0.100, 0.100, 0.100, 0.277, 0.100, 0.103, 0.100, 0.100, 0.100, 0.108, 0.100, 0.339, 0.100, 0.100, 0.100, 0.100, 0.100, 0.100, 0.100, 0.100, 0.100, 0.100, 0.100, 0.245, 0.100, 0.100]
    Layer  6: sigma=[0.100, 0.100, 0.153, 0.100, 0.110, 0.111, 0.100, 0.100, 0.100, 0.100, 0.100, 0.100, 0.100, 0.100, 0.100, 0.100, 0.100, 0.100, 0.100, 0.100, 0.243, 0.100, 0.100, 0.100, 0.100, 0.100, 0.104, 0.100, 0.100, 0.100, 0.100, 0.100]
    Layer  7: sigma=[0.100, 0.235, 0.100, 0.100, 0.132, 0.100, 0.100, 0.100, 0.100, 0.100, 0.100, 0.157, 0.100, 0.100, 0.100, 0.100, 0.100, 0.100, 0.100, 0.100, 0.100, 0.100, 0.100, 0.100, 0.100, 0.100, 0.100, 0.100, 0.100, 0.100, 0.100, 0.100]
    Layer  8: sigma=[0.100, 0.100, 0.100, 0.100, 0.100, 0.100, 0.100, 0.122, 0.100, 0.100, 0.100, 0.100, 0.100, 0.123, 0.100, 0.100, 0.100, 0.100, 0.100, 0.100, 0.100, 0.100, 0.100, 0.100, 0.100, 0.100, 0.100, 0.280, 0.100, 0.100, 0.100, 0.100]
    Layer  9: sigma=[0.100, 0.100, 0.126, 0.100, 0.100, 0.100, 0.100, 0.100, 0.100, 0.100, 0.100, 0.100, 0.100, 0.100, 0.734, 0.220, 0.100, 0.100, 0.100, 0.100, 0.128, 0.100, 0.111, 0.100, 0.100, 0.167, 0.100, 0.100, 0.100, 0.100, 0.100, 0.100]
    Layer 10: sigma=[0.100, 0.100, 0.100, 0.100, 0.100, 0.100, 0.100, 0.100, 0.122, 0.100, 0.100, 0.100, 0.100, 0.100, 0.100, 0.100, 0.100, 0.100, 0.100, 0.100, 0.100, 0.100, 0.100, 0.100, 0.100, 0.100, 0.100, 0.100, 0.102, 0.100, 0.102, 0.100]
    Layer 11: sigma=[0.100, 0.100, 0.100, 0.100, 0.235, 0.100, 0.166, 0.100, 0.100, 0.143, 0.100, 0.100, 0.138, 0.100, 0.288, 0.100, 0.100, 0.100, 0.100, 0.100, 0.100, 0.100, 0.100, 0.100, 0.100, 0.100, 0.236, 0.100, 0.100, 0.100, 0.100, 0.100]
    Layer 12: sigma=[0.100, 0.100, 0.100, 0.100, 0.100, 0.132, 0.100, 0.100, 0.100, 0.113, 0.100, 0.100, 0.100, 0.100, 0.100, 0.100, 0.100, 0.273, 0.438, 0.100, 0.100, 0.100, 0.100, 0.100, 0.100, 0.317, 0.100, 0.148, 0.100, 0.135, 0.137, 0.100]
    Layer 13: sigma=[0.238, 0.100, 0.100, 0.100, 0.100, 0.100, 0.100, 0.109, 0.100, 0.119, 0.126, 0.100, 0.100, 0.100, 0.100, 0.100, 0.100, 0.100, 0.100, 0.100, 0.100, 0.100, 0.100, 0.100, 0.100, 0.100, 0.100, 0.100, 0.100, 0.100, 0.100, 0.100]
    Layer 14: sigma=[0.100, 0.100, 0.121, 0.100, 0.100, 0.388, 0.100, 0.157, 0.100, 0.100, 0.100, 0.100, 0.100, 0.177, 0.100, 0.100, 0.100, 0.100, 0.188, 0.100, 0.100, 0.100, 0.100, 0.100, 0.100, 0.139, 0.100, 0.136, 0.100, 0.100, 0.100, 0.100]
    Layer 15: sigma=[0.100, 0.237, 0.100, 0.118, 0.217, 0.109, 0.100, 0.100, 0.100, 0.100, 0.100, 0.100, 0.263, 0.100, 0.100, 0.100, 0.100, 0.100, 0.107, 0.131, 0.100, 0.100, 0.100, 0.100, 0.292, 0.281, 0.100, 0.100, 0.100, 0.100, 0.100, 0.100]
    Layer 16: sigma=[0.325, 0.100, 0.100, 0.100, 0.100, 0.100, 0.100, 0.100, 0.100, 0.100, 0.100, 0.100, 0.100, 0.100, 0.100, 0.100, 0.100, 0.100, 0.100, 0.100, 0.100, 0.100, 0.100, 0.100, 0.100, 0.163, 0.100, 0.100, 0.100, 0.100, 0.100, 0.100]
    Layer 17: sigma=[0.100, 0.100, 0.100, 0.100, 0.100, 0.514, 0.100, 0.101, 0.100, 0.100, 0.100, 0.100, 0.100, 0.100, 0.100, 0.100, 0.351, 0.137, 0.100, 0.361, 0.100, 0.100, 0.100, 0.100, 0.115, 0.100, 0.354, 0.131, 0.100, 0.100, 0.100, 0.100]
    Layer 18: sigma=[0.100, 0.644, 0.100, 0.100, 0.100, 0.203, 0.100, 0.106, 0.100, 0.100, 0.100, 0.100, 0.100, 0.100, 0.100, 0.100, 0.539, 0.100, 0.100, 0.100, 0.100, 0.100, 0.100, 0.100, 0.100, 0.100, 0.100, 0.100, 0.100, 0.100, 0.100, 0.100]
    Layer 19: sigma=[0.100, 0.100, 0.100, 0.100, 0.100, 0.100, 0.254, 0.100, 0.100, 0.100, 0.100, 0.100, 0.302, 0.100, 0.100, 0.155, 0.100, 0.100, 0.100, 0.502, 0.100, 0.100, 0.100, 0.100, 0.100, 0.100, 0.100, 0.100, 0.100, 0.100, 0.100, 0.100]
    Layer 20: sigma=[0.100, 0.100, 0.190, 0.100, 0.100, 0.228, 0.181, 0.100, 0.100, 0.100, 0.100, 0.100, 0.100, 0.100, 0.100, 0.130, 0.200, 0.108, 0.100, 0.100, 0.100, 0.100, 0.100, 0.100, 0.100, 0.100, 0.100, 0.100, 0.100, 0.100, 0.100, 0.100]
    Layer 21: sigma=[0.100, 0.100, 0.100, 0.105, 0.100, 0.100, 0.100, 0.100, 0.100, 0.100, 0.100, 0.386, 0.100, 0.100, 0.100, 0.100, 0.100, 0.100, 0.100, 0.137, 0.100, 0.100, 0.100, 0.100, 0.100, 0.100, 0.100, 0.100, 0.100, 0.100, 0.302, 0.127]
    Layer 22: sigma=[0.159, 0.100, 0.100, 0.100, 0.144, 0.116, 0.139, 0.154, 0.239, 0.100, 0.100, 0.100, 0.100, 0.100, 0.100, 0.100, 0.100, 0.100, 0.100, 0.154, 0.100, 0.100, 0.100, 0.100, 0.100, 0.100, 0.100, 0.100, 0.100, 0.100, 0.100, 0.100]
    Layer 23: sigma=[0.203, 0.116, 0.210, 0.100, 0.100, 0.100, 0.165, 0.100, 0.100, 0.100, 0.100, 0.100, 0.100, 0.100, 0.100, 0.100, 0.100, 0.100, 0.100, 0.100, 0.100, 0.100, 0.100, 0.100, 0.100, 0.100, 0.100, 0.100, 0.100, 0.180, 0.273, 0.134]
    Layer 24: sigma=[0.100, 0.100, 0.100, 0.100, 0.100, 0.100, 0.100, 0.100, 0.121, 0.100, 0.100, 0.100, 0.100, 0.100, 0.100, 0.197, 0.100, 0.100, 0.100, 0.109, 0.100, 0.100, 0.100, 0.100, 0.229, 0.294, 0.158, 0.241, 0.100, 0.100, 0.100, 0.100]
    Layer 25: sigma=[0.100, 0.100, 0.100, 0.100, 0.100, 0.100, 0.100, 0.100, 0.100, 0.100, 0.100, 0.100, 0.100, 0.100, 0.100, 0.100, 0.100, 0.100, 0.100, 0.100, 0.100, 0.100, 0.100, 0.100, 0.100, 0.100, 0.100, 0.100, 0.100, 0.100, 0.100, 0.100]
    Layer 26: sigma=[0.100, 0.100, 0.100, 0.100, 0.100, 0.100, 0.100, 0.100, 0.100, 0.100, 0.100, 0.100, 0.100, 0.100, 0.100, 0.100, 0.100, 0.100, 0.100, 0.100, 0.100, 0.100, 0.100, 0.100, 0.100, 0.100, 0.100, 0.100, 0.100, 0.100, 0.100, 0.100]
    Layer 27: sigma=[0.100, 0.100, 0.100, 0.100, 0.100, 0.100, 0.100, 0.100, 0.100, 0.100, 0.100, 0.100, 0.100, 0.100, 0.100, 0.100, 0.100, 0.100, 0.100, 0.100, 0.100, 0.100, 0.100, 0.100, 0.100, 0.100, 0.100, 0.100, 0.100, 0.243, 0.100, 0.100]
    Layer 28: sigma=[0.100, 0.100, 0.100, 0.100, 0.100, 0.117, 0.100, 0.328, 0.100, 0.100, 0.100, 0.100, 0.100, 0.100, 0.100, 0.100, 0.100, 0.100, 0.100, 0.100, 0.100, 0.100, 0.100, 0.100, 0.100, 0.100, 0.100, 0.100, 0.100, 0.100, 0.100, 0.100]
    Layer 29: sigma=[0.100, 0.100, 0.100, 0.100, 0.100, 0.100, 0.100, 0.100, 0.100, 0.100, 0.100, 0.100, 0.100, 0.100, 0.100, 0.100, 0.100, 0.100, 0.100, 0.100, 0.100, 0.100, 0.100, 0.100, 0.100, 0.100, 0.100, 0.100, 0.100, 0.100, 0.100, 0.100]
    Layer 30: sigma=[0.100, 0.100, 0.100, 0.100, 0.100, 0.100, 0.100, 0.100, 0.100, 0.100, 0.100, 0.100, 0.100, 0.100, 0.100, 0.100, 0.100, 0.100, 0.100, 0.100, 0.100, 0.100, 0.100, 0.100, 0.100, 0.100, 0.100, 0.100, 0.100, 0.100, 0.100, 0.100]
    Layer 31: sigma=[0.100, 0.100, 0.100, 0.100, 0.100, 0.100, 0.100, 0.100, 0.100, 0.100, 0.100, 0.100, 0.100, 0.100, 0.100, 0.100, 0.100, 0.100, 0.100, 0.100, 0.100, 0.100, 0.100, 0.100, 0.100, 0.100, 0.100, 0.100, 0.100, 0.100, 0.100, 0.100]
    Layer 32: sigma=[0.100, 0.100, 0.100, 0.100, 0.100, 0.100, 0.100, 0.100, 0.100, 0.100, 0.100, 0.100, 0.100, 0.100, 0.100, 0.100, 0.100, 0.100, 0.100, 0.100, 0.100, 0.100, 0.100, 0.100, 0.100, 0.100, 0.100, 0.100, 0.100, 0.100, 0.100, 0.100]
    Layer 33: sigma=[0.100, 0.100, 0.100, 0.100, 0.100, 0.100, 0.117, 0.100, 0.100, 0.100, 0.100, 0.100, 0.100, 0.100, 0.100, 0.100, 0.100, 0.100, 0.100, 0.100, 0.100, 0.100, 0.100, 0.100, 0.100, 0.100, 0.100, 0.100, 0.100, 0.100, 0.100, 0.100]
    Layer 34: sigma=[0.100, 0.100, 0.100, 0.100, 0.100, 0.100, 0.100, 0.100, 0.100, 0.100, 0.100, 0.100, 0.100, 0.100, 0.100, 0.100, 0.100, 0.100, 0.100, 0.100, 0.100, 0.100, 0.100, 0.100, 0.100, 0.100, 0.100, 0.100, 0.100, 0.100, 0.100, 0.100]
    Layer 35: sigma=[0.100, 0.100, 0.100, 0.100, 0.100, 0.100, 0.100, 0.100, 0.100, 0.100, 0.100, 0.100, 0.100, 0.100, 0.100, 0.100, 0.100, 0.100, 0.100, 0.100, 0.100, 0.100, 0.100, 0.100, 0.100, 0.100, 0.100, 0.100, 0.100, 0.100, 0.100, 0.100]

  [Taylor Step 3/3] g_proj = v_proj * alpha (damping=0.01)...
    Layer  0: alpha=0.069043  teacher_rms=0.0168  v_rms=0.0024
    Layer  1: alpha=0.057927  teacher_rms=0.0216  v_rms=0.0037
    Layer  2: alpha=0.054761  teacher_rms=0.0222  v_rms=0.0041
    Layer  3: alpha=0.041601  teacher_rms=0.0261  v_rms=0.0063
    Layer  5: alpha=0.052598  teacher_rms=0.0412  v_rms=0.0078
    Layer  6: alpha=0.075210  teacher_rms=0.0646  v_rms=0.0086
    Layer  7: alpha=0.040789  teacher_rms=0.0510  v_rms=0.0125
    Layer  8: alpha=0.041907  teacher_rms=0.0695  v_rms=0.0166
    Layer  9: alpha=0.027426  teacher_rms=0.0701  v_rms=0.0256
    Layer 10: alpha=0.049272  teacher_rms=0.1071  v_rms=0.0217
    Layer 11: alpha=0.053216  teacher_rms=0.1038  v_rms=0.0195
    Layer 12: alpha=0.047576  teacher_rms=0.1177  v_rms=0.0247
    Layer 13: alpha=0.054782  teacher_rms=0.1013  v_rms=0.0185
    Layer 14: alpha=0.057585  teacher_rms=0.1546  v_rms=0.0268
    Layer 15: alpha=0.046617  teacher_rms=0.1546  v_rms=0.0332
    Layer 16: alpha=0.039831  teacher_rms=0.1446  v_rms=0.0363
    Layer 17: alpha=0.035500  teacher_rms=0.1762  v_rms=0.0496
    Layer 18: alpha=0.031649  teacher_rms=0.1919  v_rms=0.0606
    Layer 19: alpha=0.043171  teacher_rms=0.2023  v_rms=0.0469
    Layer 20: alpha=0.051418  teacher_rms=0.1938  v_rms=0.0377
    Layer 21: alpha=0.045552  teacher_rms=0.2301  v_rms=0.0505
    Layer 22: alpha=0.053632  teacher_rms=0.2755  v_rms=0.0514
    Layer 23: alpha=0.051322  teacher_rms=0.3026  v_rms=0.0590
    Layer 24: alpha=0.034755  teacher_rms=0.2864  v_rms=0.0824
    Layer 25: alpha=0.038418  teacher_rms=0.2261  v_rms=0.0589
    Layer 26: alpha=0.027400  teacher_rms=0.1994  v_rms=0.0728
    Layer 27: alpha=0.032192  teacher_rms=0.2900  v_rms=0.0901
    Layer 28: alpha=0.035871  teacher_rms=0.3530  v_rms=0.0984
    Layer 29: alpha=0.016275  teacher_rms=0.2479  v_rms=0.1523
    Layer 30: alpha=0.025867  teacher_rms=0.3921  v_rms=0.1516
    Layer 31: alpha=0.018626  teacher_rms=0.3452  v_rms=0.1853
    Layer 32: alpha=0.021930  teacher_rms=0.5106  v_rms=0.2328
    Layer 33: alpha=0.016322  teacher_rms=0.5964  v_rms=0.3654
    Layer 34: alpha=0.031180  teacher_rms=1.0165  v_rms=0.3260
    Layer 35: alpha=0.058528  teacher_rms=1.0378  v_rms=0.1773

  Set g_proj = v_proj * alpha in 35 GDN layers (damping=0.01).
  Init (taylor_distill) done in 335.4s
  Layer 4: PPL = 1044.74  (eval 19.2s)

============================================================
  Probing layer 5 | strategy=taylor_distill
============================================================
Loading checkpoint shards:   0%|          | 0/4 [00:00<?, ?it/s]Loading checkpoint shards: 100%|██████████| 4/4 [00:00<00:00, 152.88it/s]
Could not cache non-existence of file. Will ignore error and continue. Error: [Errno 13] Permission denied: '/data/shared/huggingface/hub/models--Qwen--Qwen3-8B/.no_exist/b968826d9c46dd6066d109eabc6255188de91218/model.safetensors'
Loading checkpoint shards:   0%|          | 0/5 [00:00<?, ?it/s]Loading checkpoint shards:  80%|████████  | 4/5 [00:00<00:00, 30.58it/s]Loading checkpoint shards: 100%|██████████| 5/5 [00:00<00:00, 31.46it/s]
Token indices sequence length is longer than the specified maximum sequence length for this model (2429029 > 131072). Running this sequence through the model will result in indexing errors
  [Taylor Step 1/3] Gate calibration from attention stats...
    Layer  0: dist=[18, 2, 6, 20, 8, 14, 6, 7, 10, 4, 6, 7, 10, 18, 17, 5, 9, 11, 8, 8, 8, 12, 2, 7, 4, 26, 5, 26, 9, 19, 9, 8]
    Layer  1: dist=[12, 21, 14, 26, 2, 9, 17, 7, 25, 18, 32, 29, 18, 28, 28, 20, 17, 26, 31, 18, 28, 17, 21, 21, 26, 8, 25, 23, 41, 16, 20, 28]
    Layer  2: dist=[36, 36, 37, 32, 17, 27, 20, 24, 21, 24, 29, 33, 28, 25, 26, 34, 32, 26, 28, 22, 28, 36, 27, 27, 14, 14, 11, 19, 41, 42, 43, 41]
    Layer  3: dist=[40, 20, 9, 12, 49, 50, 46, 42, 30, 27, 33, 31, 49, 43, 42, 42, 35, 37, 29, 37, 42, 33, 32, 36, 35, 30, 29, 33, 39, 36, 40, 37]
    Layer  4: dist=[31, 35, 41, 36, 41, 33, 35, 48, 37, 38, 34, 34, 31, 31, 38, 35, 35, 37, 38, 39, 34, 35, 25, 34, 26, 32, 27, 21, 28, 33, 30, 30]
    Layer  6: dist=[16, 22, 17, 17, 27, 24, 34, 32, 25, 12, 21, 20, 31, 34, 28, 16, 28, 20, 24, 23, 13, 18, 18, 8, 21, 24, 18, 28, 24, 25, 21, 27]
    Layer  7: dist=[31, 36, 33, 46, 63, 57, 63, 60, 45, 60, 53, 41, 54, 15, 30, 49, 42, 54, 44, 44, 54, 45, 58, 59, 34, 41, 25, 43, 49, 51, 49, 54]
    Layer  8: dist=[45, 46, 49, 29, 43, 41, 35, 44, 46, 52, 43, 48, 51, 43, 49, 36, 60, 56, 54, 51, 44, 54, 51, 57, 47, 37, 51, 36, 44, 38, 42, 44]
    Layer  9: dist=[40, 32, 31, 36, 45, 49, 48, 40, 62, 61, 60, 56, 14, 46, 32, 45, 49, 53, 59, 62, 44, 40, 35, 41, 61, 44, 49, 54, 62, 57, 63, 61]
    Layer 10: dist=[39, 39, 30, 39, 46, 55, 33, 41, 34, 45, 55, 26, 49, 36, 42, 44, 45, 53, 52, 50, 46, 31, 56, 51, 51, 56, 47, 43, 40, 39, 44, 47]
    Layer 11: dist=[33, 33, 47, 27, 29, 36, 43, 42, 52, 62, 57, 49, 44, 33, 38, 39, 39, 36, 33, 25, 42, 56, 46, 46, 39, 32, 36, 32, 49, 34, 31, 48]
    Layer 12: dist=[12, 40, 39, 33, 43, 46, 39, 36, 33, 36, 44, 44, 50, 45, 45, 49, 21, 38, 29, 44, 55, 54, 53, 56, 49, 1, 56, 23, 43, 45, 59, 49]
    Layer 13: dist=[29, 36, 39, 36, 31, 29, 35, 22, 47, 36, 52, 61, 64, 58, 55, 62, 46, 39, 31, 36, 47, 33, 44, 46, 44, 33, 40, 41, 58, 56, 49, 51]
    Layer 14: dist=[25, 35, 34, 24, 39, 24, 35, 33, 31, 32, 37, 37, 36, 40, 35, 36, 41, 46, 31, 35, 33, 17, 28, 42, 27, 38, 40, 38, 43, 44, 5, 48]
    Layer 15: dist=[45, 27, 43, 23, 20, 22, 41, 33, 48, 33, 26, 54, 37, 56, 41, 47, 33, 33, 34, 36, 33, 30, 27, 27, 27, 20, 41, 37, 38, 47, 38, 28]
    Layer 16: dist=[37, 32, 42, 47, 29, 35, 26, 31, 29, 45, 40, 43, 49, 35, 44, 47, 38, 41, 34, 35, 59, 60, 57, 54, 39, 28, 34, 6, 32, 33, 36, 32]
    Layer 17: dist=[58, 50, 41, 34, 28, 31, 22, 25, 44, 54, 42, 49, 23, 32, 39, 39, 24, 29, 32, 22, 39, 51, 49, 48, 30, 28, 31, 26, 29, 43, 47, 36]
    Layer 18: dist=[20, 27, 19, 18, 29, 37, 39, 30, 37, 40, 37, 45, 34, 34, 31, 35, 26, 41, 42, 28, 38, 28, 37, 52, 31, 35, 35, 36, 30, 29, 43, 31]
    Layer 19: dist=[39, 33, 35, 35, 43, 54, 30, 38, 40, 44, 41, 48, 35, 31, 40, 35, 44, 42, 26, 29, 10, 28, 18, 27, 52, 54, 52, 58, 44, 43, 41, 41]
    Layer 20: dist=[46, 39, 44, 40, 41, 27, 28, 31, 23, 21, 26, 21, 48, 42, 48, 50, 24, 28, 31, 21, 38, 57, 52, 51, 63, 51, 53, 44, 49, 43, 55, 55]
    Layer 21: dist=[26, 25, 30, 35, 58, 33, 53, 58, 61, 33, 39, 38, 26, 24, 25, 23, 39, 40, 45, 32, 47, 52, 48, 49, 35, 34, 32, 44, 38, 40, 34, 47]
    Layer 22: dist=[39, 32, 37, 33, 28, 38, 24, 30, 21, 27, 24, 35, 9, 46, 32, 35, 18, 40, 40, 23, 53, 59, 60, 61, 51, 44, 46, 48, 57, 47, 53, 50]
    Layer 23: dist=[22, 18, 26, 22, 55, 55, 22, 50, 41, 20, 24, 31, 37, 36, 41, 39, 41, 38, 42, 48, 41, 46, 42, 40, 41, 39, 37, 51, 47, 44, 44, 39]
    Layer 24: dist=[40, 62, 57, 51, 50, 56, 54, 47, 52, 54, 52, 43, 41, 39, 47, 40, 42, 49, 44, 42, 60, 53, 52, 58, 31, 41, 39, 29, 50, 57, 51, 47]
    Layer 25: dist=[50, 60, 59, 49, 38, 38, 54, 42, 46, 52, 47, 48, 36, 45, 27, 37, 48, 50, 49, 45, 54, 56, 55, 55, 58, 56, 50, 55, 46, 61, 51, 45]
    Layer 26: dist=[43, 47, 57, 36, 59, 57, 59, 56, 52, 56, 53, 49, 52, 62, 60, 60, 43, 46, 53, 50, 53, 54, 60, 57, 53, 50, 54, 50, 58, 50, 59, 51]
    Layer 27: dist=[48, 55, 54, 59, 50, 53, 52, 44, 41, 52, 55, 52, 41, 56, 42, 45, 51, 53, 53, 53, 47, 56, 54, 44, 57, 59, 60, 60, 50, 44, 45, 60]
    Layer 28: dist=[53, 47, 54, 53, 41, 35, 40, 38, 52, 57, 47, 46, 57, 53, 48, 50, 57, 51, 53, 55, 59, 37, 32, 46, 47, 46, 50, 51, 46, 48, 35, 49]
    Layer 29: dist=[57, 58, 57, 58, 45, 56, 47, 58, 58, 57, 61, 54, 60, 61, 60, 61, 58, 56, 58, 60, 62, 61, 56, 62, 49, 59, 47, 49, 55, 51, 56, 56]
    Layer 30: dist=[40, 54, 51, 52, 53, 51, 48, 37, 60, 59, 58, 60, 53, 53, 57, 51, 52, 39, 61, 61, 29, 60, 53, 54, 60, 60, 61, 60, 55, 56, 54, 51]
    Layer 31: dist=[60, 58, 51, 49, 58, 59, 59, 59, 57, 41, 46, 47, 58, 59, 59, 58, 52, 53, 55, 48, 60, 59, 56, 59, 57, 56, 46, 60, 57, 55, 53, 57]
    Layer 32: dist=[56, 57, 58, 57, 58, 60, 59, 60, 56, 55, 59, 58, 48, 58, 54, 47, 58, 54, 54, 54, 62, 48, 57, 60, 36, 48, 44, 53, 58, 54, 51, 53]
    Layer 33: dist=[52, 61, 57, 60, 45, 52, 29, 47, 57, 58, 57, 58, 58, 59, 58, 59, 59, 59, 53, 56, 58, 49, 54, 57, 57, 59, 60, 59, 56, 56, 55, 53]
    Layer 34: dist=[56, 57, 58, 57, 55, 56, 55, 54, 25, 47, 54, 42, 58, 57, 60, 40, 42, 44, 62, 30, 58, 27, 59, 60, 61, 60, 62, 60, 26, 32, 35, 54]
    Layer 35: dist=[56, 62, 36, 50, 43, 19, 55, 48, 42, 51, 55, 49, 30, 17, 24, 22, 49, 45, 40, 27, 45, 52, 28, 27, 33, 27, 33, 35, 36, 57, 61, 58]

  [Taylor Step 2/3] OLS sigma per head (scaling V, streaming)...
    Layer  0: sigma=[0.257, 0.100, 0.100, 0.100, 0.196, 0.602, 0.100, 0.100, 0.100, 0.100, 0.141, 0.100, 0.100, 0.100, 0.100, 0.293, 0.100, 0.100, 0.100, 0.100, 0.100, 0.100, 0.100, 0.200, 0.100, 0.100, 0.577, 0.100, 0.253, 0.100, 0.100, 0.100]
    Layer  1: sigma=[0.280, 0.100, 0.100, 0.100, 0.100, 0.100, 0.100, 0.100, 0.100, 0.410, 0.277, 0.100, 0.100, 0.100, 0.100, 0.100, 0.100, 0.100, 0.100, 0.100, 0.100, 0.100, 0.100, 0.207, 0.100, 0.100, 0.178, 0.100, 0.100, 0.100, 0.100, 0.100]
    Layer  2: sigma=[0.151, 0.100, 0.100, 0.100, 0.100, 0.100, 0.100, 0.100, 0.157, 0.100, 0.100, 0.100, 0.100, 0.257, 0.100, 0.100, 0.100, 0.100, 0.100, 0.100, 0.100, 0.100, 0.100, 0.100, 0.100, 0.176, 0.100, 0.100, 0.100, 0.100, 0.100, 0.136]
    Layer  3: sigma=[0.100, 0.453, 0.100, 0.292, 0.100, 0.100, 0.100, 0.100, 0.100, 0.100, 0.100, 0.100, 0.100, 0.100, 0.100, 0.100, 0.100, 0.100, 0.121, 0.100, 0.100, 0.100, 0.100, 0.100, 0.100, 0.120, 0.110, 0.100, 0.100, 0.100, 0.100, 0.100]
    Layer  4: sigma=[0.100, 0.100, 0.100, 0.100, 0.100, 0.100, 0.100, 0.100, 0.100, 0.100, 0.100, 0.100, 0.100, 0.100, 0.100, 0.100, 0.100, 0.100, 0.100, 0.100, 0.100, 0.145, 0.310, 0.100, 0.100, 0.100, 0.100, 0.100, 0.100, 0.100, 0.100, 0.100]
    Layer  6: sigma=[0.100, 0.100, 0.165, 0.100, 0.116, 0.109, 0.100, 0.100, 0.100, 0.100, 0.100, 0.100, 0.100, 0.100, 0.100, 0.100, 0.100, 0.100, 0.100, 0.100, 0.243, 0.100, 0.100, 0.100, 0.100, 0.100, 0.103, 0.100, 0.100, 0.100, 0.100, 0.100]
    Layer  7: sigma=[0.100, 0.244, 0.100, 0.100, 0.127, 0.100, 0.100, 0.100, 0.100, 0.100, 0.100, 0.155, 0.100, 0.100, 0.100, 0.100, 0.100, 0.100, 0.100, 0.100, 0.100, 0.100, 0.100, 0.100, 0.100, 0.100, 0.100, 0.100, 0.100, 0.100, 0.100, 0.100]
    Layer  8: sigma=[0.100, 0.100, 0.100, 0.100, 0.100, 0.100, 0.100, 0.130, 0.100, 0.100, 0.100, 0.100, 0.100, 0.118, 0.100, 0.100, 0.100, 0.100, 0.100, 0.100, 0.100, 0.100, 0.100, 0.100, 0.100, 0.100, 0.100, 0.287, 0.100, 0.100, 0.100, 0.100]
    Layer  9: sigma=[0.100, 0.100, 0.124, 0.100, 0.100, 0.100, 0.100, 0.100, 0.100, 0.100, 0.100, 0.100, 0.100, 0.100, 0.806, 0.221, 0.100, 0.100, 0.100, 0.100, 0.123, 0.100, 0.100, 0.100, 0.100, 0.166, 0.100, 0.100, 0.100, 0.100, 0.100, 0.100]
    Layer 10: sigma=[0.100, 0.100, 0.100, 0.100, 0.100, 0.100, 0.100, 0.100, 0.134, 0.100, 0.100, 0.100, 0.100, 0.100, 0.100, 0.100, 0.100, 0.100, 0.100, 0.100, 0.100, 0.100, 0.100, 0.100, 0.100, 0.100, 0.100, 0.100, 0.102, 0.100, 0.105, 0.100]
    Layer 11: sigma=[0.100, 0.100, 0.100, 0.100, 0.221, 0.100, 0.168, 0.100, 0.100, 0.133, 0.100, 0.100, 0.142, 0.100, 0.303, 0.100, 0.100, 0.100, 0.100, 0.100, 0.100, 0.100, 0.100, 0.100, 0.105, 0.100, 0.248, 0.100, 0.100, 0.100, 0.100, 0.100]
    Layer 12: sigma=[0.100, 0.100, 0.100, 0.100, 0.100, 0.124, 0.100, 0.100, 0.100, 0.119, 0.100, 0.100, 0.100, 0.100, 0.100, 0.100, 0.100, 0.287, 0.378, 0.100, 0.100, 0.100, 0.100, 0.100, 0.100, 0.302, 0.100, 0.138, 0.100, 0.133, 0.136, 0.100]
    Layer 13: sigma=[0.252, 0.100, 0.100, 0.100, 0.100, 0.100, 0.100, 0.102, 0.100, 0.120, 0.125, 0.100, 0.100, 0.100, 0.100, 0.100, 0.100, 0.100, 0.100, 0.100, 0.100, 0.100, 0.100, 0.100, 0.100, 0.100, 0.100, 0.100, 0.100, 0.100, 0.100, 0.100]
    Layer 14: sigma=[0.100, 0.100, 0.107, 0.100, 0.100, 0.503, 0.100, 0.178, 0.100, 0.100, 0.104, 0.100, 0.100, 0.154, 0.100, 0.100, 0.100, 0.100, 0.165, 0.100, 0.100, 0.100, 0.100, 0.100, 0.100, 0.146, 0.100, 0.143, 0.100, 0.100, 0.141, 0.100]
    Layer 15: sigma=[0.100, 0.218, 0.100, 0.100, 0.238, 0.114, 0.100, 0.100, 0.100, 0.100, 0.100, 0.111, 0.247, 0.100, 0.100, 0.100, 0.100, 0.100, 0.112, 0.149, 0.100, 0.100, 0.100, 0.100, 0.310, 0.261, 0.100, 0.100, 0.100, 0.100, 0.100, 0.100]
    Layer 16: sigma=[0.353, 0.100, 0.100, 0.100, 0.100, 0.100, 0.100, 0.100, 0.100, 0.100, 0.100, 0.100, 0.100, 0.100, 0.100, 0.100, 0.100, 0.100, 0.100, 0.100, 0.100, 0.100, 0.100, 0.100, 0.100, 0.140, 0.100, 0.100, 0.100, 0.100, 0.100, 0.100]
    Layer 17: sigma=[0.100, 0.100, 0.100, 0.100, 0.100, 0.523, 0.100, 0.109, 0.103, 0.100, 0.100, 0.100, 0.100, 0.100, 0.100, 0.100, 0.304, 0.192, 0.100, 0.343, 0.100, 0.100, 0.100, 0.100, 0.106, 0.100, 0.415, 0.114, 0.100, 0.100, 0.100, 0.100]
    Layer 18: sigma=[0.100, 0.595, 0.100, 0.100, 0.109, 0.198, 0.100, 0.100, 0.100, 0.100, 0.100, 0.100, 0.100, 0.100, 0.100, 0.100, 0.438, 0.100, 0.100, 0.100, 0.100, 0.100, 0.100, 0.100, 0.100, 0.100, 0.100, 0.100, 0.100, 0.100, 0.100, 0.100]
    Layer 19: sigma=[0.100, 0.100, 0.100, 0.100, 0.100, 0.100, 0.185, 0.100, 0.100, 0.100, 0.100, 0.100, 0.317, 0.100, 0.100, 0.164, 0.100, 0.100, 0.100, 0.412, 0.100, 0.100, 0.100, 0.100, 0.109, 0.100, 0.100, 0.100, 0.100, 0.100, 0.100, 0.100]
    Layer 20: sigma=[0.100, 0.100, 0.176, 0.100, 0.100, 0.211, 0.100, 0.100, 0.100, 0.100, 0.100, 0.100, 0.100, 0.100, 0.100, 0.104, 0.188, 0.100, 0.100, 0.100, 0.102, 0.100, 0.100, 0.100, 0.100, 0.100, 0.100, 0.100, 0.100, 0.100, 0.100, 0.100]
    Layer 21: sigma=[0.114, 0.100, 0.100, 0.149, 0.100, 0.100, 0.100, 0.100, 0.100, 0.100, 0.100, 0.315, 0.100, 0.100, 0.193, 0.100, 0.100, 0.100, 0.100, 0.100, 0.100, 0.100, 0.100, 0.100, 0.100, 0.100, 0.100, 0.100, 0.100, 0.100, 0.263, 0.123]
    Layer 22: sigma=[0.175, 0.100, 0.100, 0.100, 0.158, 0.129, 0.127, 0.206, 0.159, 0.123, 0.100, 0.100, 0.117, 0.100, 0.100, 0.100, 0.100, 0.100, 0.100, 0.149, 0.100, 0.100, 0.100, 0.100, 0.100, 0.100, 0.100, 0.100, 0.100, 0.100, 0.100, 0.100]
    Layer 23: sigma=[0.186, 0.124, 0.184, 0.100, 0.100, 0.100, 0.227, 0.100, 0.100, 0.100, 0.100, 0.100, 0.100, 0.100, 0.100, 0.100, 0.100, 0.100, 0.100, 0.100, 0.100, 0.100, 0.100, 0.100, 0.100, 0.100, 0.100, 0.100, 0.100, 0.201, 0.165, 0.157]
    Layer 24: sigma=[0.100, 0.100, 0.100, 0.100, 0.100, 0.100, 0.100, 0.100, 0.139, 0.100, 0.100, 0.100, 0.100, 0.100, 0.100, 0.186, 0.100, 0.100, 0.100, 0.100, 0.100, 0.100, 0.100, 0.100, 0.299, 0.354, 0.264, 0.218, 0.100, 0.100, 0.100, 0.100]
    Layer 25: sigma=[0.100, 0.100, 0.100, 0.100, 0.100, 0.100, 0.100, 0.100, 0.100, 0.100, 0.100, 0.100, 0.100, 0.100, 0.100, 0.100, 0.100, 0.100, 0.100, 0.100, 0.100, 0.100, 0.100, 0.100, 0.100, 0.100, 0.100, 0.100, 0.100, 0.100, 0.100, 0.100]
    Layer 26: sigma=[0.100, 0.100, 0.100, 0.100, 0.100, 0.100, 0.100, 0.100, 0.100, 0.100, 0.100, 0.100, 0.100, 0.100, 0.100, 0.101, 0.100, 0.100, 0.100, 0.100, 0.100, 0.100, 0.100, 0.100, 0.100, 0.100, 0.100, 0.100, 0.100, 0.100, 0.100, 0.100]
    Layer 27: sigma=[0.100, 0.100, 0.100, 0.100, 0.100, 0.100, 0.100, 0.100, 0.100, 0.100, 0.100, 0.100, 0.100, 0.100, 0.100, 0.100, 0.100, 0.100, 0.100, 0.100, 0.100, 0.100, 0.100, 0.100, 0.100, 0.100, 0.100, 0.100, 0.100, 0.158, 0.100, 0.100]
    Layer 28: sigma=[0.100, 0.100, 0.100, 0.100, 0.100, 0.134, 0.100, 0.271, 0.100, 0.100, 0.100, 0.100, 0.100, 0.100, 0.100, 0.100, 0.100, 0.100, 0.100, 0.100, 0.100, 0.100, 0.100, 0.100, 0.100, 0.100, 0.100, 0.100, 0.100, 0.100, 0.100, 0.100]
    Layer 29: sigma=[0.100, 0.100, 0.100, 0.100, 0.100, 0.100, 0.100, 0.100, 0.100, 0.100, 0.100, 0.100, 0.100, 0.100, 0.100, 0.100, 0.100, 0.100, 0.100, 0.100, 0.100, 0.100, 0.100, 0.100, 0.100, 0.100, 0.100, 0.100, 0.100, 0.100, 0.100, 0.100]
    Layer 30: sigma=[0.100, 0.100, 0.100, 0.100, 0.100, 0.100, 0.100, 0.100, 0.100, 0.100, 0.100, 0.100, 0.100, 0.100, 0.100, 0.100, 0.100, 0.100, 0.100, 0.100, 0.100, 0.100, 0.100, 0.100, 0.100, 0.100, 0.100, 0.100, 0.100, 0.100, 0.100, 0.100]
    Layer 31: sigma=[0.100, 0.100, 0.100, 0.100, 0.100, 0.100, 0.100, 0.100, 0.100, 0.100, 0.100, 0.100, 0.100, 0.100, 0.100, 0.100, 0.100, 0.100, 0.100, 0.100, 0.100, 0.100, 0.100, 0.100, 0.100, 0.100, 0.100, 0.100, 0.100, 0.100, 0.100, 0.100]
    Layer 32: sigma=[0.100, 0.100, 0.100, 0.100, 0.100, 0.100, 0.100, 0.100, 0.100, 0.100, 0.100, 0.100, 0.100, 0.100, 0.100, 0.100, 0.100, 0.100, 0.100, 0.100, 0.100, 0.100, 0.100, 0.100, 0.100, 0.100, 0.100, 0.100, 0.100, 0.100, 0.100, 0.100]
    Layer 33: sigma=[0.100, 0.100, 0.100, 0.100, 0.100, 0.100, 0.100, 0.100, 0.100, 0.100, 0.100, 0.100, 0.100, 0.100, 0.100, 0.100, 0.100, 0.100, 0.100, 0.100, 0.100, 0.100, 0.100, 0.100, 0.100, 0.100, 0.100, 0.100, 0.100, 0.100, 0.100, 0.100]
    Layer 34: sigma=[0.100, 0.100, 0.100, 0.100, 0.100, 0.100, 0.100, 0.100, 0.100, 0.100, 0.100, 0.100, 0.100, 0.100, 0.100, 0.100, 0.100, 0.100, 0.100, 0.100, 0.100, 0.100, 0.100, 0.100, 0.100, 0.100, 0.100, 0.100, 0.100, 0.100, 0.100, 0.100]
    Layer 35: sigma=[0.100, 0.100, 0.100, 0.100, 0.100, 0.100, 0.100, 0.100, 0.100, 0.100, 0.100, 0.100, 0.100, 0.100, 0.100, 0.100, 0.100, 0.100, 0.100, 0.100, 0.100, 0.100, 0.206, 0.100, 0.100, 0.100, 0.100, 0.100, 0.100, 0.100, 0.100, 0.100]

  [Taylor Step 3/3] g_proj = v_proj * alpha (damping=0.01)...
    Layer  0: alpha=0.068945  teacher_rms=0.0168  v_rms=0.0024
    Layer  1: alpha=0.057897  teacher_rms=0.0216  v_rms=0.0037
    Layer  2: alpha=0.054876  teacher_rms=0.0222  v_rms=0.0041
    Layer  3: alpha=0.041664  teacher_rms=0.0261  v_rms=0.0063
    Layer  4: alpha=0.049252  teacher_rms=0.0316  v_rms=0.0064
    Layer  6: alpha=0.074856  teacher_rms=0.0646  v_rms=0.0086
    Layer  7: alpha=0.040636  teacher_rms=0.0510  v_rms=0.0126
    Layer  8: alpha=0.041616  teacher_rms=0.0695  v_rms=0.0167
    Layer  9: alpha=0.025992  teacher_rms=0.0701  v_rms=0.0270
    Layer 10: alpha=0.049052  teacher_rms=0.1071  v_rms=0.0218
    Layer 11: alpha=0.052732  teacher_rms=0.1038  v_rms=0.0197
    Layer 12: alpha=0.049514  teacher_rms=0.1177  v_rms=0.0238
    Layer 13: alpha=0.054594  teacher_rms=0.1013  v_rms=0.0186
    Layer 14: alpha=0.053295  teacher_rms=0.1546  v_rms=0.0290
    Layer 15: alpha=0.046783  teacher_rms=0.1546  v_rms=0.0331
    Layer 16: alpha=0.039447  teacher_rms=0.1446  v_rms=0.0367
    Layer 17: alpha=0.034713  teacher_rms=0.1762  v_rms=0.0508
    Layer 18: alpha=0.034041  teacher_rms=0.1919  v_rms=0.0564
    Layer 19: alpha=0.045891  teacher_rms=0.2023  v_rms=0.0441
    Layer 20: alpha=0.054601  teacher_rms=0.1938  v_rms=0.0355
    Layer 21: alpha=0.048852  teacher_rms=0.2301  v_rms=0.0471
    Layer 22: alpha=0.053385  teacher_rms=0.2755  v_rms=0.0516
    Layer 23: alpha=0.051815  teacher_rms=0.3026  v_rms=0.0584
    Layer 24: alpha=0.032062  teacher_rms=0.2864  v_rms=0.0893
    Layer 25: alpha=0.038418  teacher_rms=0.2261  v_rms=0.0589
    Layer 26: alpha=0.027393  teacher_rms=0.1994  v_rms=0.0728
    Layer 27: alpha=0.033714  teacher_rms=0.2900  v_rms=0.0860
    Layer 28: alpha=0.037272  teacher_rms=0.3530  v_rms=0.0947
    Layer 29: alpha=0.016275  teacher_rms=0.2479  v_rms=0.1523
    Layer 30: alpha=0.025867  teacher_rms=0.3921  v_rms=0.1516
    Layer 31: alpha=0.018626  teacher_rms=0.3452  v_rms=0.1853
    Layer 32: alpha=0.021930  teacher_rms=0.5106  v_rms=0.2328
    Layer 33: alpha=0.016345  teacher_rms=0.5964  v_rms=0.3649
    Layer 34: alpha=0.031180  teacher_rms=1.0165  v_rms=0.3260
    Layer 35: alpha=0.056214  teacher_rms=1.0378  v_rms=0.1846

  Set g_proj = v_proj * alpha in 35 GDN layers (damping=0.01).
  Init (taylor_distill) done in 390.7s
  Layer 5: PPL = 1217.32  (eval 19.8s)

============================================================
  Probing layer 6 | strategy=taylor_distill
============================================================
Loading checkpoint shards:   0%|          | 0/4 [00:00<?, ?it/s]Loading checkpoint shards: 100%|██████████| 4/4 [00:00<00:00, 50.94it/s]
Could not cache non-existence of file. Will ignore error and continue. Error: [Errno 13] Permission denied: '/data/shared/huggingface/hub/models--Qwen--Qwen3-8B/.no_exist/b968826d9c46dd6066d109eabc6255188de91218/model.safetensors'
Loading checkpoint shards:   0%|          | 0/5 [00:00<?, ?it/s]Loading checkpoint shards: 100%|██████████| 5/5 [00:00<00:00, 78.78it/s]
Token indices sequence length is longer than the specified maximum sequence length for this model (2429029 > 131072). Running this sequence through the model will result in indexing errors
  [Taylor Step 1/3] Gate calibration from attention stats...
    Layer  0: dist=[18, 2, 6, 20, 8, 14, 6, 7, 10, 4, 6, 7, 10, 18, 17, 5, 9, 11, 8, 8, 8, 12, 2, 7, 4, 26, 5, 26, 9, 19, 9, 8]
    Layer  1: dist=[12, 21, 14, 26, 2, 9, 17, 7, 25, 18, 32, 29, 18, 28, 28, 20, 17, 26, 31, 18, 28, 17, 21, 21, 26, 8, 25, 23, 41, 16, 20, 28]
    Layer  2: dist=[36, 36, 37, 32, 17, 27, 20, 24, 21, 24, 29, 33, 28, 25, 26, 34, 32, 26, 28, 22, 28, 36, 27, 27, 14, 14, 11, 19, 41, 42, 43, 41]
    Layer  3: dist=[40, 20, 9, 12, 49, 50, 46, 42, 30, 27, 33, 31, 49, 43, 42, 42, 35, 37, 29, 37, 42, 33, 32, 36, 35, 30, 29, 33, 39, 36, 40, 37]
    Layer  4: dist=[31, 35, 41, 36, 41, 33, 35, 48, 37, 38, 34, 34, 31, 31, 38, 35, 35, 37, 38, 39, 34, 35, 25, 34, 26, 32, 27, 21, 28, 33, 30, 30]
    Layer  5: dist=[23, 29, 30, 21, 36, 34, 29, 29, 4, 14, 40, 38, 31, 43, 32, 30, 23, 20, 28, 28, 29, 30, 27, 33, 38, 39, 43, 43, 26, 25, 29, 32]
    Layer  7: dist=[31, 36, 33, 46, 63, 57, 63, 60, 45, 60, 53, 41, 54, 15, 30, 49, 42, 54, 44, 44, 54, 45, 58, 59, 34, 41, 25, 43, 49, 51, 49, 54]
    Layer  8: dist=[45, 46, 49, 29, 43, 41, 35, 44, 46, 52, 43, 48, 51, 43, 49, 36, 60, 56, 54, 51, 44, 54, 51, 57, 47, 37, 51, 36, 44, 38, 42, 44]
    Layer  9: dist=[40, 32, 31, 36, 45, 49, 48, 40, 62, 61, 60, 56, 14, 46, 32, 45, 49, 53, 59, 62, 44, 40, 35, 41, 61, 44, 49, 54, 62, 57, 63, 61]
    Layer 10: dist=[39, 39, 30, 39, 46, 55, 33, 41, 34, 45, 55, 26, 49, 36, 42, 44, 45, 53, 52, 50, 46, 31, 56, 51, 51, 56, 47, 43, 40, 39, 44, 47]
    Layer 11: dist=[33, 33, 47, 27, 29, 36, 43, 42, 52, 62, 57, 49, 44, 33, 38, 39, 39, 36, 33, 25, 42, 56, 46, 46, 39, 32, 36, 32, 49, 34, 31, 48]
    Layer 12: dist=[12, 40, 39, 33, 43, 46, 39, 36, 33, 36, 44, 44, 50, 45, 45, 49, 21, 38, 29, 44, 55, 54, 53, 56, 49, 1, 56, 23, 43, 45, 59, 49]
    Layer 13: dist=[29, 36, 39, 36, 31, 29, 35, 22, 47, 36, 52, 61, 64, 58, 55, 62, 46, 39, 31, 36, 47, 33, 44, 46, 44, 33, 40, 41, 58, 56, 49, 51]
    Layer 14: dist=[25, 35, 34, 24, 39, 24, 35, 33, 31, 32, 37, 37, 36, 40, 35, 36, 41, 46, 31, 35, 33, 17, 28, 42, 27, 38, 40, 38, 43, 44, 5, 48]
    Layer 15: dist=[45, 27, 43, 23, 20, 22, 41, 33, 48, 33, 26, 54, 37, 56, 41, 47, 33, 33, 34, 36, 33, 30, 27, 27, 27, 20, 41, 37, 38, 47, 38, 28]
    Layer 16: dist=[37, 32, 42, 47, 29, 35, 26, 31, 29, 45, 40, 43, 49, 35, 44, 47, 38, 41, 34, 35, 59, 60, 57, 54, 39, 28, 34, 6, 32, 33, 36, 32]
    Layer 17: dist=[58, 50, 41, 34, 28, 31, 22, 25, 44, 54, 42, 49, 23, 32, 39, 39, 24, 29, 32, 22, 39, 51, 49, 48, 30, 28, 31, 26, 29, 43, 47, 36]
    Layer 18: dist=[20, 27, 19, 18, 29, 37, 39, 30, 37, 40, 37, 45, 34, 34, 31, 35, 26, 41, 42, 28, 38, 28, 37, 52, 31, 35, 35, 36, 30, 29, 43, 31]
    Layer 19: dist=[39, 33, 35, 35, 43, 54, 30, 38, 40, 44, 41, 48, 35, 31, 40, 35, 44, 42, 26, 29, 10, 28, 18, 27, 52, 54, 52, 58, 44, 43, 41, 41]
    Layer 20: dist=[46, 39, 44, 40, 41, 27, 28, 31, 23, 21, 26, 21, 48, 42, 48, 50, 24, 28, 31, 21, 38, 57, 52, 51, 63, 51, 53, 44, 49, 43, 55, 55]
    Layer 21: dist=[26, 25, 30, 35, 58, 33, 53, 58, 61, 33, 39, 38, 26, 24, 25, 23, 39, 40, 45, 32, 47, 52, 48, 49, 35, 34, 32, 44, 38, 40, 34, 47]
    Layer 22: dist=[39, 32, 37, 33, 28, 38, 24, 30, 21, 27, 24, 35, 9, 46, 32, 35, 18, 40, 40, 23, 53, 59, 60, 61, 51, 44, 46, 48, 57, 47, 53, 50]
    Layer 23: dist=[22, 18, 26, 22, 55, 55, 22, 50, 41, 20, 24, 31, 37, 36, 41, 39, 41, 38, 42, 48, 41, 46, 42, 40, 41, 39, 37, 51, 47, 44, 44, 39]
    Layer 24: dist=[40, 62, 57, 51, 50, 56, 54, 47, 52, 54, 52, 43, 41, 39, 47, 40, 42, 49, 44, 42, 60, 53, 52, 58, 31, 41, 39, 29, 50, 57, 51, 47]
    Layer 25: dist=[50, 60, 59, 49, 38, 38, 54, 42, 46, 52, 47, 48, 36, 45, 27, 37, 48, 50, 49, 45, 54, 56, 55, 55, 58, 56, 50, 55, 46, 61, 51, 45]
    Layer 26: dist=[43, 47, 57, 36, 59, 57, 59, 56, 52, 56, 53, 49, 52, 62, 60, 60, 43, 46, 53, 50, 53, 54, 60, 57, 53, 50, 54, 50, 58, 50, 59, 51]
    Layer 27: dist=[48, 55, 54, 59, 50, 53, 52, 44, 41, 52, 55, 52, 41, 56, 42, 45, 51, 53, 53, 53, 47, 56, 54, 44, 57, 59, 60, 60, 50, 44, 45, 60]
    Layer 28: dist=[53, 47, 54, 53, 41, 35, 40, 38, 52, 57, 47, 46, 57, 53, 48, 50, 57, 51, 53, 55, 59, 37, 32, 46, 47, 46, 50, 51, 46, 48, 35, 49]
    Layer 29: dist=[57, 58, 57, 58, 45, 56, 47, 58, 58, 57, 61, 54, 60, 61, 60, 61, 58, 56, 58, 60, 62, 61, 56, 62, 49, 59, 47, 49, 55, 51, 56, 56]
    Layer 30: dist=[40, 54, 51, 52, 53, 51, 48, 37, 60, 59, 58, 60, 53, 53, 57, 51, 52, 39, 61, 61, 29, 60, 53, 54, 60, 60, 61, 60, 55, 56, 54, 51]
    Layer 31: dist=[60, 58, 51, 49, 58, 59, 59, 59, 57, 41, 46, 47, 58, 59, 59, 58, 52, 53, 55, 48, 60, 59, 56, 59, 57, 56, 46, 60, 57, 55, 53, 57]
    Layer 32: dist=[56, 57, 58, 57, 58, 60, 59, 60, 56, 55, 59, 58, 48, 58, 54, 47, 58, 54, 54, 54, 62, 48, 57, 60, 36, 48, 44, 53, 58, 54, 51, 53]
    Layer 33: dist=[52, 61, 57, 60, 45, 52, 29, 47, 57, 58, 57, 58, 58, 59, 58, 59, 59, 59, 53, 56, 58, 49, 54, 57, 57, 59, 60, 59, 56, 56, 55, 53]
    Layer 34: dist=[56, 57, 58, 57, 55, 56, 55, 54, 25, 47, 54, 42, 58, 57, 60, 40, 42, 44, 62, 30, 58, 27, 59, 60, 61, 60, 62, 60, 26, 32, 35, 54]
    Layer 35: dist=[56, 62, 36, 50, 43, 19, 55, 48, 42, 51, 55, 49, 30, 17, 24, 22, 49, 45, 40, 27, 45, 52, 28, 27, 33, 27, 33, 35, 36, 57, 61, 58]

  [Taylor Step 2/3] OLS sigma per head (scaling V, streaming)...
    Layer  0: sigma=[0.254, 0.100, 0.100, 0.100, 0.196, 0.602, 0.100, 0.100, 0.100, 0.100, 0.141, 0.100, 0.100, 0.100, 0.100, 0.290, 0.100, 0.100, 0.100, 0.100, 0.100, 0.100, 0.100, 0.200, 0.100, 0.100, 0.575, 0.100, 0.252, 0.100, 0.100, 0.100]
    Layer  1: sigma=[0.280, 0.100, 0.100, 0.100, 0.100, 0.100, 0.100, 0.100, 0.100, 0.413, 0.281, 0.100, 0.100, 0.100, 0.100, 0.100, 0.100, 0.100, 0.100, 0.100, 0.100, 0.100, 0.100, 0.210, 0.100, 0.100, 0.179, 0.100, 0.100, 0.100, 0.100, 0.100]
    Layer  2: sigma=[0.151, 0.100, 0.100, 0.100, 0.100, 0.100, 0.100, 0.100, 0.158, 0.100, 0.100, 0.100, 0.100, 0.256, 0.100, 0.100, 0.100, 0.100, 0.100, 0.100, 0.100, 0.100, 0.100, 0.100, 0.100, 0.173, 0.100, 0.100, 0.100, 0.100, 0.100, 0.137]
    Layer  3: sigma=[0.100, 0.462, 0.100, 0.295, 0.100, 0.100, 0.100, 0.100, 0.100, 0.100, 0.100, 0.100, 0.100, 0.100, 0.100, 0.100, 0.100, 0.100, 0.121, 0.100, 0.100, 0.100, 0.100, 0.100, 0.100, 0.127, 0.112, 0.100, 0.100, 0.100, 0.100, 0.100]
    Layer  4: sigma=[0.100, 0.100, 0.100, 0.100, 0.100, 0.100, 0.100, 0.100, 0.100, 0.100, 0.100, 0.100, 0.100, 0.100, 0.100, 0.100, 0.100, 0.100, 0.100, 0.100, 0.100, 0.143, 0.325, 0.100, 0.100, 0.100, 0.100, 0.100, 0.100, 0.100, 0.100, 0.100]
    Layer  5: sigma=[0.100, 0.100, 0.118, 0.100, 0.100, 0.100, 0.100, 0.100, 0.100, 0.271, 0.100, 0.107, 0.100, 0.100, 0.100, 0.109, 0.100, 0.340, 0.100, 0.100, 0.100, 0.100, 0.100, 0.100, 0.100, 0.100, 0.100, 0.100, 0.100, 0.241, 0.100, 0.100]
    Layer  7: sigma=[0.100, 0.247, 0.100, 0.100, 0.125, 0.100, 0.100, 0.100, 0.100, 0.100, 0.100, 0.165, 0.100, 0.100, 0.100, 0.100, 0.100, 0.100, 0.100, 0.100, 0.100, 0.100, 0.100, 0.100, 0.100, 0.100, 0.100, 0.100, 0.100, 0.100, 0.100, 0.100]
    Layer  8: sigma=[0.100, 0.100, 0.100, 0.100, 0.100, 0.100, 0.100, 0.117, 0.100, 0.100, 0.100, 0.100, 0.100, 0.142, 0.100, 0.100, 0.100, 0.100, 0.100, 0.100, 0.100, 0.100, 0.100, 0.100, 0.100, 0.100, 0.100, 0.296, 0.100, 0.100, 0.100, 0.100]
    Layer  9: sigma=[0.100, 0.100, 0.124, 0.100, 0.100, 0.100, 0.100, 0.100, 0.100, 0.100, 0.100, 0.100, 0.100, 0.100, 0.870, 0.223, 0.100, 0.100, 0.100, 0.100, 0.117, 0.100, 0.102, 0.100, 0.100, 0.167, 0.100, 0.100, 0.100, 0.100, 0.100, 0.100]
    Layer 10: sigma=[0.100, 0.100, 0.100, 0.100, 0.100, 0.100, 0.100, 0.100, 0.119, 0.100, 0.100, 0.100, 0.100, 0.100, 0.100, 0.100, 0.100, 0.100, 0.100, 0.100, 0.100, 0.100, 0.100, 0.100, 0.100, 0.100, 0.100, 0.100, 0.104, 0.100, 0.113, 0.100]
    Layer 11: sigma=[0.100, 0.100, 0.100, 0.100, 0.205, 0.100, 0.173, 0.100, 0.100, 0.134, 0.100, 0.100, 0.143, 0.100, 0.327, 0.100, 0.100, 0.100, 0.100, 0.100, 0.100, 0.100, 0.100, 0.100, 0.102, 0.100, 0.232, 0.100, 0.100, 0.100, 0.105, 0.100]
    Layer 12: sigma=[0.100, 0.100, 0.100, 0.100, 0.100, 0.124, 0.100, 0.100, 0.100, 0.119, 0.100, 0.100, 0.100, 0.100, 0.100, 0.100, 0.100, 0.275, 0.519, 0.100, 0.100, 0.100, 0.100, 0.100, 0.100, 0.326, 0.100, 0.122, 0.100, 0.140, 0.138, 0.100]
    Layer 13: sigma=[0.244, 0.100, 0.100, 0.100, 0.100, 0.100, 0.100, 0.114, 0.100, 0.118, 0.129, 0.100, 0.100, 0.100, 0.100, 0.100, 0.100, 0.100, 0.100, 0.100, 0.100, 0.100, 0.100, 0.100, 0.100, 0.100, 0.100, 0.100, 0.100, 0.100, 0.100, 0.100]
    Layer 14: sigma=[0.100, 0.100, 0.109, 0.100, 0.100, 0.442, 0.100, 0.184, 0.100, 0.100, 0.100, 0.100, 0.100, 0.183, 0.100, 0.100, 0.100, 0.100, 0.167, 0.121, 0.100, 0.100, 0.100, 0.100, 0.100, 0.149, 0.100, 0.135, 0.100, 0.100, 0.157, 0.100]
    Layer 15: sigma=[0.100, 0.218, 0.100, 0.135, 0.231, 0.115, 0.100, 0.100, 0.100, 0.100, 0.100, 0.100, 0.256, 0.100, 0.100, 0.100, 0.100, 0.100, 0.107, 0.140, 0.100, 0.100, 0.100, 0.100, 0.306, 0.270, 0.100, 0.100, 0.100, 0.100, 0.100, 0.100]
    Layer 16: sigma=[0.333, 0.100, 0.100, 0.100, 0.100, 0.100, 0.100, 0.100, 0.100, 0.100, 0.100, 0.100, 0.100, 0.100, 0.100, 0.100, 0.100, 0.100, 0.100, 0.100, 0.100, 0.100, 0.100, 0.100, 0.100, 0.198, 0.100, 0.100, 0.100, 0.100, 0.100, 0.100]
    Layer 17: sigma=[0.100, 0.100, 0.100, 0.100, 0.100, 0.502, 0.100, 0.100, 0.112, 0.100, 0.100, 0.100, 0.100, 0.100, 0.100, 0.100, 0.322, 0.100, 0.100, 0.348, 0.100, 0.100, 0.100, 0.100, 0.100, 0.100, 0.359, 0.115, 0.100, 0.100, 0.100, 0.100]
    Layer 18: sigma=[0.100, 0.562, 0.100, 0.100, 0.100, 0.230, 0.100, 0.100, 0.100, 0.100, 0.100, 0.100, 0.100, 0.100, 0.100, 0.100, 0.376, 0.100, 0.100, 0.100, 0.100, 0.100, 0.100, 0.100, 0.100, 0.100, 0.100, 0.100, 0.100, 0.100, 0.100, 0.100]
    Layer 19: sigma=[0.100, 0.100, 0.100, 0.100, 0.100, 0.100, 0.215, 0.100, 0.100, 0.100, 0.100, 0.100, 0.253, 0.100, 0.100, 0.139, 0.100, 0.100, 0.100, 0.400, 0.100, 0.100, 0.100, 0.100, 0.100, 0.100, 0.100, 0.100, 0.100, 0.100, 0.100, 0.100]
    Layer 20: sigma=[0.100, 0.100, 0.176, 0.100, 0.100, 0.260, 0.114, 0.100, 0.100, 0.100, 0.100, 0.100, 0.100, 0.100, 0.100, 0.100, 0.215, 0.100, 0.100, 0.100, 0.100, 0.100, 0.100, 0.100, 0.100, 0.100, 0.100, 0.100, 0.100, 0.100, 0.100, 0.100]
    Layer 21: sigma=[0.112, 0.100, 0.100, 0.100, 0.100, 0.100, 0.100, 0.100, 0.100, 0.100, 0.100, 0.352, 0.100, 0.100, 0.136, 0.100, 0.100, 0.100, 0.100, 0.150, 0.100, 0.100, 0.100, 0.100, 0.100, 0.100, 0.100, 0.100, 0.100, 0.100, 0.243, 0.131]
    Layer 22: sigma=[0.193, 0.100, 0.100, 0.100, 0.153, 0.100, 0.111, 0.275, 0.256, 0.100, 0.100, 0.100, 0.108, 0.100, 0.100, 0.100, 0.100, 0.100, 0.100, 0.164, 0.100, 0.100, 0.100, 0.100, 0.100, 0.100, 0.100, 0.100, 0.100, 0.100, 0.100, 0.100]
    Layer 23: sigma=[0.191, 0.104, 0.135, 0.100, 0.100, 0.100, 0.235, 0.100, 0.100, 0.100, 0.100, 0.100, 0.100, 0.100, 0.100, 0.100, 0.100, 0.100, 0.100, 0.100, 0.100, 0.100, 0.100, 0.100, 0.100, 0.100, 0.100, 0.100, 0.100, 0.292, 0.255, 0.170]
    Layer 24: sigma=[0.100, 0.100, 0.100, 0.100, 0.100, 0.100, 0.100, 0.100, 0.141, 0.100, 0.100, 0.100, 0.100, 0.100, 0.100, 0.197, 0.100, 0.100, 0.100, 0.100, 0.100, 0.100, 0.100, 0.100, 0.290, 0.298, 0.242, 0.258, 0.100, 0.100, 0.100, 0.100]
    Layer 25: sigma=[0.100, 0.100, 0.100, 0.100, 0.100, 0.100, 0.100, 0.100, 0.100, 0.100, 0.100, 0.100, 0.100, 0.100, 0.100, 0.100, 0.100, 0.100, 0.100, 0.100, 0.100, 0.100, 0.100, 0.100, 0.100, 0.100, 0.100, 0.100, 0.100, 0.100, 0.100, 0.100]
    Layer 26: sigma=[0.100, 0.100, 0.100, 0.100, 0.100, 0.100, 0.100, 0.100, 0.100, 0.100, 0.100, 0.100, 0.100, 0.100, 0.100, 0.163, 0.100, 0.100, 0.100, 0.100, 0.100, 0.100, 0.100, 0.100, 0.100, 0.100, 0.100, 0.100, 0.100, 0.100, 0.100, 0.100]
    Layer 27: sigma=[0.100, 0.100, 0.100, 0.100, 0.100, 0.100, 0.100, 0.100, 0.100, 0.100, 0.100, 0.100, 0.100, 0.100, 0.100, 0.100, 0.100, 0.100, 0.100, 0.100, 0.100, 0.100, 0.100, 0.100, 0.100, 0.100, 0.100, 0.100, 0.100, 0.225, 0.100, 0.100]
    Layer 28: sigma=[0.100, 0.100, 0.100, 0.100, 0.100, 0.157, 0.100, 0.265, 0.100, 0.100, 0.100, 0.100, 0.100, 0.100, 0.100, 0.100, 0.100, 0.100, 0.100, 0.100, 0.100, 0.100, 0.100, 0.100, 0.100, 0.100, 0.100, 0.100, 0.100, 0.100, 0.100, 0.100]
    Layer 29: sigma=[0.100, 0.100, 0.100, 0.100, 0.100, 0.100, 0.100, 0.100, 0.100, 0.100, 0.100, 0.100, 0.100, 0.100, 0.100, 0.100, 0.100, 0.100, 0.100, 0.100, 0.100, 0.100, 0.100, 0.100, 0.100, 0.100, 0.100, 0.100, 0.100, 0.100, 0.100, 0.100]
    Layer 30: sigma=[0.100, 0.100, 0.100, 0.100, 0.100, 0.100, 0.100, 0.100, 0.100, 0.100, 0.100, 0.100, 0.100, 0.100, 0.100, 0.100, 0.100, 0.100, 0.100, 0.100, 0.100, 0.100, 0.100, 0.100, 0.100, 0.100, 0.100, 0.100, 0.100, 0.100, 0.100, 0.100]
    Layer 31: sigma=[0.100, 0.100, 0.100, 0.100, 0.100, 0.100, 0.100, 0.100, 0.100, 0.100, 0.100, 0.100, 0.100, 0.100, 0.100, 0.100, 0.100, 0.100, 0.100, 0.100, 0.100, 0.100, 0.100, 0.100, 0.100, 0.100, 0.100, 0.100, 0.100, 0.100, 0.100, 0.100]
    Layer 32: sigma=[0.100, 0.100, 0.100, 0.100, 0.100, 0.100, 0.100, 0.100, 0.100, 0.100, 0.100, 0.100, 0.100, 0.100, 0.100, 0.100, 0.100, 0.100, 0.100, 0.100, 0.100, 0.100, 0.100, 0.100, 0.100, 0.100, 0.100, 0.100, 0.100, 0.100, 0.100, 0.100]
    Layer 33: sigma=[0.100, 0.100, 0.100, 0.100, 0.100, 0.100, 0.100, 0.100, 0.100, 0.100, 0.100, 0.100, 0.100, 0.100, 0.100, 0.100, 0.100, 0.100, 0.100, 0.100, 0.100, 0.100, 0.100, 0.100, 0.100, 0.100, 0.100, 0.100, 0.100, 0.100, 0.100, 0.100]
    Layer 34: sigma=[0.100, 0.100, 0.100, 0.100, 0.100, 0.100, 0.100, 0.100, 0.100, 0.100, 0.100, 0.100, 0.100, 0.100, 0.100, 0.100, 0.100, 0.100, 0.100, 0.100, 0.100, 0.100, 0.100, 0.100, 0.100, 0.100, 0.100, 0.100, 0.100, 0.100, 0.100, 0.100]
    Layer 35: sigma=[0.100, 0.100, 0.100, 0.100, 0.120, 0.100, 0.100, 0.100, 0.100, 0.100, 0.100, 0.100, 0.100, 0.100, 0.100, 0.100, 0.100, 0.100, 0.100, 0.100, 0.100, 0.100, 0.146, 0.100, 0.100, 0.100, 0.100, 0.100, 0.100, 0.100, 0.100, 0.100]

  [Taylor Step 3/3] g_proj = v_proj * alpha (damping=0.01)...
    Layer  0: alpha=0.069163  teacher_rms=0.0168  v_rms=0.0024
    Layer  1: alpha=0.057684  teacher_rms=0.0216  v_rms=0.0037
    Layer  2: alpha=0.054930  teacher_rms=0.0222  v_rms=0.0040
    Layer  3: alpha=0.041241  teacher_rms=0.0261  v_rms=0.0063
    Layer  4: alpha=0.048847  teacher_rms=0.0316  v_rms=0.0065
    Layer  5: alpha=0.052595  teacher_rms=0.0412  v_rms=0.0078
    Layer  7: alpha=0.040476  teacher_rms=0.0510  v_rms=0.0126
    Layer  8: alpha=0.041208  teacher_rms=0.0695  v_rms=0.0169
    Layer  9: alpha=0.024716  teacher_rms=0.0701  v_rms=0.0284
    Layer 10: alpha=0.049166  teacher_rms=0.1071  v_rms=0.0218
    Layer 11: alpha=0.052702  teacher_rms=0.1038  v_rms=0.0197
    Layer 12: alpha=0.045141  teacher_rms=0.1177  v_rms=0.0261
    Layer 13: alpha=0.054398  teacher_rms=0.1013  v_rms=0.0186
    Layer 14: alpha=0.054363  teacher_rms=0.1546  v_rms=0.0284
    Layer 15: alpha=0.046619  teacher_rms=0.1546  v_rms=0.0332
    Layer 16: alpha=0.039116  teacher_rms=0.1446  v_rms=0.0370
    Layer 17: alpha=0.036252  teacher_rms=0.1762  v_rms=0.0486
    Layer 18: alpha=0.035571  teacher_rms=0.1919  v_rms=0.0540
    Layer 19: alpha=0.048265  teacher_rms=0.2023  v_rms=0.0419
    Layer 20: alpha=0.051837  teacher_rms=0.1938  v_rms=0.0374
    Layer 21: alpha=0.048262  teacher_rms=0.2301  v_rms=0.0477
    Layer 22: alpha=0.050301  teacher_rms=0.2755  v_rms=0.0548
    Layer 23: alpha=0.046799  teacher_rms=0.3026  v_rms=0.0647
    Layer 24: alpha=0.032535  teacher_rms=0.2864  v_rms=0.0880
    Layer 25: alpha=0.038418  teacher_rms=0.2261  v_rms=0.0589
    Layer 26: alpha=0.026541  teacher_rms=0.1994  v_rms=0.0751
    Layer 27: alpha=0.032560  teacher_rms=0.2900  v_rms=0.0891
    Layer 28: alpha=0.037158  teacher_rms=0.3530  v_rms=0.0950
    Layer 29: alpha=0.016275  teacher_rms=0.2479  v_rms=0.1523
    Layer 30: alpha=0.025867  teacher_rms=0.3921  v_rms=0.1516
    Layer 31: alpha=0.018626  teacher_rms=0.3452  v_rms=0.1853
    Layer 32: alpha=0.021930  teacher_rms=0.5106  v_rms=0.2328
    Layer 33: alpha=0.016345  teacher_rms=0.5964  v_rms=0.3649
    Layer 34: alpha=0.031180  teacher_rms=1.0165  v_rms=0.3260
    Layer 35: alpha=0.057420  teacher_rms=1.0378  v_rms=0.1807

  Set g_proj = v_proj * alpha in 35 GDN layers (damping=0.01).
  Init (taylor_distill) done in 369.9s
  Layer 6: PPL = 1070.39  (eval 19.2s)

============================================================
  Probing layer 7 | strategy=taylor_distill
============================================================
Loading checkpoint shards:   0%|          | 0/4 [00:00<?, ?it/s]Loading checkpoint shards: 100%|██████████| 4/4 [00:00<00:00, 150.98it/s]
Could not cache non-existence of file. Will ignore error and continue. Error: [Errno 13] Permission denied: '/data/shared/huggingface/hub/models--Qwen--Qwen3-8B/.no_exist/b968826d9c46dd6066d109eabc6255188de91218/model.safetensors'
Loading checkpoint shards:   0%|          | 0/5 [00:00<?, ?it/s]Loading checkpoint shards: 100%|██████████| 5/5 [00:00<00:00, 180.85it/s]
Token indices sequence length is longer than the specified maximum sequence length for this model (2429029 > 131072). Running this sequence through the model will result in indexing errors
  [Taylor Step 1/3] Gate calibration from attention stats...
    Layer  0: dist=[18, 2, 6, 20, 8, 14, 6, 7, 10, 4, 6, 7, 10, 18, 17, 5, 9, 11, 8, 8, 8, 12, 2, 7, 4, 26, 5, 26, 9, 19, 9, 8]
    Layer  1: dist=[12, 21, 14, 26, 2, 9, 17, 7, 25, 18, 32, 29, 18, 28, 28, 20, 17, 26, 31, 18, 28, 17, 21, 21, 26, 8, 25, 23, 41, 16, 20, 28]
    Layer  2: dist=[36, 36, 37, 32, 17, 27, 20, 24, 21, 24, 29, 33, 28, 25, 26, 34, 32, 26, 28, 22, 28, 36, 27, 27, 14, 14, 11, 19, 41, 42, 43, 41]
    Layer  3: dist=[40, 20, 9, 12, 49, 50, 46, 42, 30, 27, 33, 31, 49, 43, 42, 42, 35, 37, 29, 37, 42, 33, 32, 36, 35, 30, 29, 33, 39, 36, 40, 37]
    Layer  4: dist=[31, 35, 41, 36, 41, 33, 35, 48, 37, 38, 34, 34, 31, 31, 38, 35, 35, 37, 38, 39, 34, 35, 25, 34, 26, 32, 27, 21, 28, 33, 30, 30]
    Layer  5: dist=[23, 29, 30, 21, 36, 34, 29, 29, 4, 14, 40, 38, 31, 43, 32, 30, 23, 20, 28, 28, 29, 30, 27, 33, 38, 39, 43, 43, 26, 25, 29, 32]
    Layer  6: dist=[16, 22, 17, 17, 27, 24, 34, 32, 25, 12, 21, 20, 31, 34, 28, 16, 28, 20, 24, 23, 13, 18, 18, 8, 21, 24, 18, 28, 24, 25, 21, 27]
    Layer  8: dist=[45, 46, 49, 29, 43, 41, 35, 44, 46, 52, 43, 48, 51, 43, 49, 36, 60, 56, 54, 51, 44, 54, 51, 57, 47, 37, 51, 36, 44, 38, 42, 44]
    Layer  9: dist=[40, 32, 31, 36, 45, 49, 48, 40, 62, 61, 60, 56, 14, 46, 32, 45, 49, 53, 59, 62, 44, 40, 35, 41, 61, 44, 49, 54, 62, 57, 63, 61]
    Layer 10: dist=[39, 39, 30, 39, 46, 55, 33, 41, 34, 45, 55, 26, 49, 36, 42, 44, 45, 53, 52, 50, 46, 31, 56, 51, 51, 56, 47, 43, 40, 39, 44, 47]
    Layer 11: dist=[33, 33, 47, 27, 29, 36, 43, 42, 52, 62, 57, 49, 44, 33, 38, 39, 39, 36, 33, 25, 42, 56, 46, 46, 39, 32, 36, 32, 49, 34, 31, 48]
    Layer 12: dist=[12, 40, 39, 33, 43, 46, 39, 36, 33, 36, 44, 44, 50, 45, 45, 49, 21, 38, 29, 44, 55, 54, 53, 56, 49, 1, 56, 23, 43, 45, 59, 49]
    Layer 13: dist=[29, 36, 39, 36, 31, 29, 35, 22, 47, 36, 52, 61, 64, 58, 55, 62, 46, 39, 31, 36, 47, 33, 44, 46, 44, 33, 40, 41, 58, 56, 49, 51]
    Layer 14: dist=[25, 35, 34, 24, 39, 24, 35, 33, 31, 32, 37, 37, 36, 40, 35, 36, 41, 46, 31, 35, 33, 17, 28, 42, 27, 38, 40, 38, 43, 44, 5, 48]
    Layer 15: dist=[45, 27, 43, 23, 20, 22, 41, 33, 48, 33, 26, 54, 37, 56, 41, 47, 33, 33, 34, 36, 33, 30, 27, 27, 27, 20, 41, 37, 38, 47, 38, 28]
    Layer 16: dist=[37, 32, 42, 47, 29, 35, 26, 31, 29, 45, 40, 43, 49, 35, 44, 47, 38, 41, 34, 35, 59, 60, 57, 54, 39, 28, 34, 6, 32, 33, 36, 32]
    Layer 17: dist=[58, 50, 41, 34, 28, 31, 22, 25, 44, 54, 42, 49, 23, 32, 39, 39, 24, 29, 32, 22, 39, 51, 49, 48, 30, 28, 31, 26, 29, 43, 47, 36]
    Layer 18: dist=[20, 27, 19, 18, 29, 37, 39, 30, 37, 40, 37, 45, 34, 34, 31, 35, 26, 41, 42, 28, 38, 28, 37, 52, 31, 35, 35, 36, 30, 29, 43, 31]
    Layer 19: dist=[39, 33, 35, 35, 43, 54, 30, 38, 40, 44, 41, 48, 35, 31, 40, 35, 44, 42, 26, 29, 10, 28, 18, 27, 52, 54, 52, 58, 44, 43, 41, 41]
    Layer 20: dist=[46, 39, 44, 40, 41, 27, 28, 31, 23, 21, 26, 21, 48, 42, 48, 50, 24, 28, 31, 21, 38, 57, 52, 51, 63, 51, 53, 44, 49, 43, 55, 55]
    Layer 21: dist=[26, 25, 30, 35, 58, 33, 53, 58, 61, 33, 39, 38, 26, 24, 25, 23, 39, 40, 45, 32, 47, 52, 48, 49, 35, 34, 32, 44, 38, 40, 34, 47]
    Layer 22: dist=[39, 32, 37, 33, 28, 38, 24, 30, 21, 27, 24, 35, 9, 46, 32, 35, 18, 40, 40, 23, 53, 59, 60, 61, 51, 44, 46, 48, 57, 47, 53, 50]
    Layer 23: dist=[22, 18, 26, 22, 55, 55, 22, 50, 41, 20, 24, 31, 37, 36, 41, 39, 41, 38, 42, 48, 41, 46, 42, 40, 41, 39, 37, 51, 47, 44, 44, 39]
    Layer 24: dist=[40, 62, 57, 51, 50, 56, 54, 47, 52, 54, 52, 43, 41, 39, 47, 40, 42, 49, 44, 42, 60, 53, 52, 58, 31, 41, 39, 29, 50, 57, 51, 47]
    Layer 25: dist=[50, 60, 59, 49, 38, 38, 54, 42, 46, 52, 47, 48, 36, 45, 27, 37, 48, 50, 49, 45, 54, 56, 55, 55, 58, 56, 50, 55, 46, 61, 51, 45]
    Layer 26: dist=[43, 47, 57, 36, 59, 57, 59, 56, 52, 56, 53, 49, 52, 62, 60, 60, 43, 46, 53, 50, 53, 54, 60, 57, 53, 50, 54, 50, 58, 50, 59, 51]
    Layer 27: dist=[48, 55, 54, 59, 50, 53, 52, 44, 41, 52, 55, 52, 41, 56, 42, 45, 51, 53, 53, 53, 47, 56, 54, 44, 57, 59, 60, 60, 50, 44, 45, 60]
    Layer 28: dist=[53, 47, 54, 53, 41, 35, 40, 38, 52, 57, 47, 46, 57, 53, 48, 50, 57, 51, 53, 55, 59, 37, 32, 46, 47, 46, 50, 51, 46, 48, 35, 49]
    Layer 29: dist=[57, 58, 57, 58, 45, 56, 47, 58, 58, 57, 61, 54, 60, 61, 60, 61, 58, 56, 58, 60, 62, 61, 56, 62, 49, 59, 47, 49, 55, 51, 56, 56]
    Layer 30: dist=[40, 54, 51, 52, 53, 51, 48, 37, 60, 59, 58, 60, 53, 53, 57, 51, 52, 39, 61, 61, 29, 60, 53, 54, 60, 60, 61, 60, 55, 56, 54, 51]
    Layer 31: dist=[60, 58, 51, 49, 58, 59, 59, 59, 57, 41, 46, 47, 58, 59, 59, 58, 52, 53, 55, 48, 60, 59, 56, 59, 57, 56, 46, 60, 57, 55, 53, 57]
    Layer 32: dist=[56, 57, 58, 57, 58, 60, 59, 60, 56, 55, 59, 58, 48, 58, 54, 47, 58, 54, 54, 54, 62, 48, 57, 60, 36, 48, 44, 53, 58, 54, 51, 53]
    Layer 33: dist=[52, 61, 57, 60, 45, 52, 29, 47, 57, 58, 57, 58, 58, 59, 58, 59, 59, 59, 53, 56, 58, 49, 54, 57, 57, 59, 60, 59, 56, 56, 55, 53]
    Layer 34: dist=[56, 57, 58, 57, 55, 56, 55, 54, 25, 47, 54, 42, 58, 57, 60, 40, 42, 44, 62, 30, 58, 27, 59, 60, 61, 60, 62, 60, 26, 32, 35, 54]
    Layer 35: dist=[56, 62, 36, 50, 43, 19, 55, 48, 42, 51, 55, 49, 30, 17, 24, 22, 49, 45, 40, 27, 45, 52, 28, 27, 33, 27, 33, 35, 36, 57, 61, 58]

  [Taylor Step 2/3] OLS sigma per head (scaling V, streaming)...
    Layer  0: sigma=[0.260, 0.100, 0.100, 0.100, 0.197, 0.602, 0.100, 0.100, 0.100, 0.100, 0.141, 0.100, 0.100, 0.100, 0.100, 0.290, 0.100, 0.100, 0.100, 0.100, 0.100, 0.100, 0.100, 0.200, 0.100, 0.100, 0.576, 0.100, 0.255, 0.100, 0.100, 0.100]
    Layer  1: sigma=[0.282, 0.100, 0.100, 0.100, 0.100, 0.100, 0.100, 0.100, 0.100, 0.411, 0.276, 0.100, 0.100, 0.100, 0.100, 0.100, 0.100, 0.100, 0.100, 0.100, 0.100, 0.100, 0.100, 0.205, 0.100, 0.100, 0.178, 0.100, 0.100, 0.100, 0.100, 0.100]
    Layer  2: sigma=[0.151, 0.100, 0.100, 0.100, 0.100, 0.100, 0.100, 0.100, 0.157, 0.100, 0.100, 0.100, 0.100, 0.256, 0.100, 0.100, 0.100, 0.100, 0.100, 0.100, 0.100, 0.100, 0.100, 0.100, 0.100, 0.174, 0.100, 0.100, 0.100, 0.100, 0.100, 0.137]
    Layer  3: sigma=[0.100, 0.441, 0.100, 0.291, 0.100, 0.100, 0.100, 0.100, 0.100, 0.100, 0.100, 0.100, 0.100, 0.100, 0.100, 0.100, 0.100, 0.100, 0.120, 0.100, 0.100, 0.100, 0.100, 0.100, 0.100, 0.122, 0.110, 0.100, 0.100, 0.100, 0.100, 0.100]
    Layer  4: sigma=[0.100, 0.100, 0.100, 0.100, 0.100, 0.100, 0.100, 0.100, 0.100, 0.100, 0.100, 0.100, 0.100, 0.100, 0.100, 0.100, 0.100, 0.100, 0.100, 0.100, 0.100, 0.145, 0.322, 0.100, 0.100, 0.100, 0.100, 0.100, 0.100, 0.100, 0.100, 0.100]
    Layer  5: sigma=[0.100, 0.100, 0.106, 0.100, 0.100, 0.100, 0.100, 0.100, 0.100, 0.275, 0.100, 0.103, 0.100, 0.100, 0.100, 0.110, 0.100, 0.327, 0.100, 0.100, 0.100, 0.100, 0.100, 0.100, 0.100, 0.100, 0.100, 0.100, 0.100, 0.242, 0.100, 0.100]
    Layer  6: sigma=[0.100, 0.100, 0.156, 0.100, 0.120, 0.109, 0.100, 0.100, 0.100, 0.100, 0.100, 0.100, 0.100, 0.100, 0.100, 0.100, 0.100, 0.100, 0.100, 0.100, 0.241, 0.100, 0.100, 0.100, 0.100, 0.100, 0.104, 0.100, 0.100, 0.100, 0.100, 0.100]
    Layer  8: sigma=[0.100, 0.100, 0.100, 0.100, 0.100, 0.100, 0.100, 0.119, 0.100, 0.100, 0.100, 0.100, 0.100, 0.132, 0.100, 0.100, 0.100, 0.100, 0.100, 0.100, 0.100, 0.100, 0.100, 0.100, 0.100, 0.100, 0.100, 0.284, 0.100, 0.100, 0.100, 0.100]
    Layer  9: sigma=[0.100, 0.100, 0.127, 0.100, 0.100, 0.100, 0.100, 0.100, 0.100, 0.100, 0.100, 0.100, 0.100, 0.100, 0.804, 0.229, 0.100, 0.100, 0.100, 0.100, 0.134, 0.100, 0.100, 0.100, 0.100, 0.165, 0.100, 0.100, 0.100, 0.100, 0.100, 0.100]
    Layer 10: sigma=[0.100, 0.100, 0.100, 0.100, 0.100, 0.100, 0.100, 0.100, 0.143, 0.100, 0.100, 0.100, 0.100, 0.100, 0.100, 0.100, 0.100, 0.100, 0.100, 0.100, 0.100, 0.100, 0.100, 0.100, 0.100, 0.100, 0.100, 0.100, 0.107, 0.100, 0.114, 0.100]
    Layer 11: sigma=[0.100, 0.100, 0.100, 0.100, 0.206, 0.100, 0.173, 0.100, 0.100, 0.132, 0.100, 0.100, 0.143, 0.100, 0.303, 0.100, 0.100, 0.100, 0.100, 0.100, 0.100, 0.100, 0.100, 0.100, 0.100, 0.100, 0.254, 0.100, 0.100, 0.100, 0.100, 0.100]
    Layer 12: sigma=[0.100, 0.100, 0.100, 0.100, 0.100, 0.129, 0.100, 0.100, 0.100, 0.124, 0.100, 0.100, 0.100, 0.100, 0.100, 0.100, 0.100, 0.281, 0.534, 0.100, 0.100, 0.100, 0.100, 0.100, 0.100, 0.341, 0.100, 0.134, 0.100, 0.141, 0.141, 0.100]
    Layer 13: sigma=[0.259, 0.100, 0.100, 0.100, 0.100, 0.100, 0.100, 0.104, 0.100, 0.119, 0.124, 0.100, 0.100, 0.100, 0.100, 0.100, 0.100, 0.100, 0.100, 0.100, 0.100, 0.100, 0.100, 0.100, 0.100, 0.100, 0.100, 0.100, 0.100, 0.100, 0.100, 0.100]
    Layer 14: sigma=[0.100, 0.100, 0.100, 0.100, 0.100, 0.439, 0.100, 0.181, 0.100, 0.100, 0.100, 0.100, 0.100, 0.179, 0.100, 0.100, 0.100, 0.100, 0.150, 0.110, 0.100, 0.100, 0.100, 0.100, 0.100, 0.160, 0.100, 0.134, 0.100, 0.100, 0.120, 0.100]
    Layer 15: sigma=[0.100, 0.259, 0.100, 0.100, 0.245, 0.118, 0.100, 0.100, 0.100, 0.100, 0.100, 0.100, 0.253, 0.100, 0.100, 0.100, 0.100, 0.100, 0.108, 0.139, 0.100, 0.100, 0.100, 0.100, 0.270, 0.265, 0.100, 0.100, 0.100, 0.100, 0.100, 0.100]
    Layer 16: sigma=[0.304, 0.100, 0.100, 0.100, 0.100, 0.100, 0.100, 0.100, 0.100, 0.100, 0.100, 0.100, 0.100, 0.100, 0.100, 0.100, 0.100, 0.100, 0.100, 0.100, 0.100, 0.100, 0.100, 0.100, 0.100, 0.184, 0.100, 0.100, 0.100, 0.100, 0.100, 0.100]
    Layer 17: sigma=[0.100, 0.100, 0.100, 0.100, 0.100, 0.519, 0.100, 0.105, 0.105, 0.100, 0.100, 0.100, 0.100, 0.100, 0.100, 0.100, 0.325, 0.169, 0.100, 0.432, 0.100, 0.100, 0.100, 0.100, 0.100, 0.100, 0.363, 0.116, 0.100, 0.100, 0.100, 0.100]
    Layer 18: sigma=[0.100, 0.592, 0.100, 0.100, 0.100, 0.201, 0.100, 0.125, 0.100, 0.100, 0.100, 0.100, 0.100, 0.100, 0.100, 0.100, 0.454, 0.100, 0.100, 0.100, 0.100, 0.100, 0.100, 0.100, 0.100, 0.100, 0.100, 0.100, 0.100, 0.100, 0.100, 0.100]
    Layer 19: sigma=[0.100, 0.100, 0.100, 0.100, 0.100, 0.100, 0.192, 0.100, 0.100, 0.100, 0.100, 0.100, 0.301, 0.100, 0.100, 0.142, 0.100, 0.100, 0.100, 0.526, 0.100, 0.100, 0.100, 0.100, 0.100, 0.100, 0.100, 0.100, 0.100, 0.100, 0.100, 0.100]
    Layer 20: sigma=[0.100, 0.100, 0.192, 0.100, 0.100, 0.250, 0.140, 0.101, 0.100, 0.100, 0.100, 0.100, 0.100, 0.100, 0.100, 0.119, 0.212, 0.100, 0.100, 0.100, 0.125, 0.100, 0.100, 0.100, 0.100, 0.100, 0.100, 0.100, 0.100, 0.100, 0.100, 0.100]
    Layer 21: sigma=[0.107, 0.100, 0.100, 0.102, 0.100, 0.100, 0.100, 0.100, 0.100, 0.102, 0.100, 0.356, 0.100, 0.100, 0.104, 0.100, 0.100, 0.100, 0.100, 0.104, 0.100, 0.100, 0.100, 0.100, 0.110, 0.100, 0.100, 0.100, 0.100, 0.100, 0.318, 0.119]
    Layer 22: sigma=[0.174, 0.100, 0.100, 0.100, 0.148, 0.100, 0.106, 0.220, 0.248, 0.100, 0.100, 0.100, 0.100, 0.100, 0.100, 0.100, 0.100, 0.100, 0.100, 0.177, 0.100, 0.100, 0.100, 0.100, 0.100, 0.100, 0.100, 0.100, 0.100, 0.100, 0.100, 0.100]
    Layer 23: sigma=[0.186, 0.140, 0.171, 0.100, 0.100, 0.100, 0.124, 0.100, 0.100, 0.100, 0.100, 0.100, 0.100, 0.100, 0.100, 0.100, 0.100, 0.100, 0.100, 0.100, 0.100, 0.100, 0.100, 0.100, 0.100, 0.100, 0.100, 0.100, 0.100, 0.252, 0.232, 0.112]
    Layer 24: sigma=[0.100, 0.100, 0.100, 0.100, 0.100, 0.100, 0.100, 0.100, 0.136, 0.100, 0.100, 0.100, 0.100, 0.100, 0.100, 0.199, 0.100, 0.100, 0.100, 0.107, 0.100, 0.100, 0.100, 0.100, 0.268, 0.329, 0.186, 0.257, 0.100, 0.100, 0.100, 0.100]
    Layer 25: sigma=[0.100, 0.100, 0.100, 0.100, 0.100, 0.100, 0.100, 0.100, 0.100, 0.100, 0.100, 0.100, 0.100, 0.100, 0.100, 0.100, 0.100, 0.100, 0.100, 0.100, 0.100, 0.100, 0.100, 0.100, 0.100, 0.100, 0.100, 0.100, 0.100, 0.100, 0.100, 0.100]
    Layer 26: sigma=[0.100, 0.100, 0.100, 0.100, 0.100, 0.100, 0.100, 0.100, 0.100, 0.100, 0.100, 0.100, 0.100, 0.100, 0.100, 0.129, 0.100, 0.100, 0.100, 0.100, 0.100, 0.100, 0.100, 0.100, 0.100, 0.100, 0.100, 0.100, 0.100, 0.100, 0.100, 0.100]
    Layer 27: sigma=[0.100, 0.100, 0.100, 0.100, 0.100, 0.100, 0.100, 0.100, 0.100, 0.100, 0.100, 0.100, 0.100, 0.100, 0.100, 0.100, 0.100, 0.100, 0.100, 0.100, 0.100, 0.100, 0.100, 0.100, 0.100, 0.100, 0.100, 0.100, 0.100, 0.219, 0.100, 0.100]
    Layer 28: sigma=[0.100, 0.100, 0.100, 0.100, 0.112, 0.100, 0.102, 0.220, 0.100, 0.100, 0.100, 0.100, 0.100, 0.100, 0.100, 0.100, 0.100, 0.100, 0.100, 0.100, 0.100, 0.100, 0.100, 0.100, 0.100, 0.100, 0.100, 0.100, 0.100, 0.100, 0.100, 0.100]
    Layer 29: sigma=[0.100, 0.100, 0.100, 0.100, 0.100, 0.100, 0.100, 0.100, 0.100, 0.100, 0.100, 0.100, 0.100, 0.100, 0.100, 0.100, 0.100, 0.100, 0.100, 0.100, 0.100, 0.100, 0.100, 0.100, 0.100, 0.100, 0.100, 0.100, 0.100, 0.100, 0.100, 0.100]
    Layer 30: sigma=[0.100, 0.100, 0.100, 0.100, 0.100, 0.100, 0.100, 0.100, 0.100, 0.100, 0.100, 0.100, 0.100, 0.100, 0.100, 0.100, 0.104, 0.100, 0.100, 0.100, 0.100, 0.100, 0.100, 0.100, 0.100, 0.100, 0.100, 0.100, 0.100, 0.100, 0.100, 0.100]
    Layer 31: sigma=[0.100, 0.100, 0.100, 0.100, 0.100, 0.100, 0.100, 0.100, 0.100, 0.100, 0.100, 0.100, 0.100, 0.100, 0.100, 0.100, 0.100, 0.100, 0.100, 0.100, 0.100, 0.100, 0.100, 0.100, 0.100, 0.100, 0.100, 0.100, 0.100, 0.100, 0.100, 0.100]
    Layer 32: sigma=[0.100, 0.100, 0.100, 0.100, 0.100, 0.100, 0.100, 0.100, 0.100, 0.100, 0.100, 0.100, 0.100, 0.100, 0.100, 0.100, 0.100, 0.100, 0.100, 0.100, 0.100, 0.100, 0.100, 0.100, 0.100, 0.100, 0.100, 0.100, 0.100, 0.100, 0.100, 0.100]
    Layer 33: sigma=[0.100, 0.100, 0.100, 0.100, 0.100, 0.100, 0.100, 0.100, 0.100, 0.100, 0.100, 0.100, 0.100, 0.100, 0.100, 0.100, 0.100, 0.100, 0.100, 0.100, 0.100, 0.100, 0.100, 0.100, 0.100, 0.100, 0.100, 0.100, 0.100, 0.100, 0.100, 0.100]
    Layer 34: sigma=[0.100, 0.100, 0.100, 0.100, 0.100, 0.100, 0.100, 0.100, 0.100, 0.100, 0.100, 0.100, 0.100, 0.100, 0.100, 0.100, 0.100, 0.100, 0.100, 0.100, 0.100, 0.100, 0.100, 0.100, 0.100, 0.100, 0.100, 0.100, 0.100, 0.100, 0.100, 0.100]
    Layer 35: sigma=[0.100, 0.100, 0.100, 0.100, 0.127, 0.100, 0.100, 0.100, 0.100, 0.100, 0.100, 0.100, 0.100, 0.100, 0.100, 0.100, 0.100, 0.100, 0.100, 0.100, 0.100, 0.100, 0.163, 0.100, 0.100, 0.100, 0.100, 0.100, 0.100, 0.100, 0.100, 0.100]

  [Taylor Step 3/3] g_proj = v_proj * alpha (damping=0.01)...
    Layer  0: alpha=0.068858  teacher_rms=0.0168  v_rms=0.0024
    Layer  1: alpha=0.057837  teacher_rms=0.0216  v_rms=0.0037
    Layer  2: alpha=0.054922  teacher_rms=0.0222  v_rms=0.0041
    Layer  3: alpha=0.042032  teacher_rms=0.0261  v_rms=0.0062
    Layer  4: alpha=0.048918  teacher_rms=0.0316  v_rms=0.0065
    Layer  5: alpha=0.053035  teacher_rms=0.0412  v_rms=0.0078
    Layer  6: alpha=0.075125  teacher_rms=0.0646  v_rms=0.0086
    Layer  8: alpha=0.041722  teacher_rms=0.0695  v_rms=0.0167
    Layer  9: alpha=0.025901  teacher_rms=0.0701  v_rms=0.0271
    Layer 10: alpha=0.048737  teacher_rms=0.1071  v_rms=0.0220
    Layer 11: alpha=0.052885  teacher_rms=0.1038  v_rms=0.0196
    Layer 12: alpha=0.044116  teacher_rms=0.1177  v_rms=0.0267
    Layer 13: alpha=0.054342  teacher_rms=0.1013  v_rms=0.0186
    Layer 14: alpha=0.055661  teacher_rms=0.1546  v_rms=0.0278
    Layer 15: alpha=0.046319  teacher_rms=0.1546  v_rms=0.0334
    Layer 16: alpha=0.039983  teacher_rms=0.1446  v_rms=0.0362
    Layer 17: alpha=0.034916  teacher_rms=0.1762  v_rms=0.0505
    Layer 18: alpha=0.033984  teacher_rms=0.1919  v_rms=0.0565
    Layer 19: alpha=0.043633  teacher_rms=0.2023  v_rms=0.0464
    Layer 20: alpha=0.051088  teacher_rms=0.1938  v_rms=0.0379
    Layer 21: alpha=0.046541  teacher_rms=0.2301  v_rms=0.0494
    Layer 22: alpha=0.052089  teacher_rms=0.2755  v_rms=0.0529
    Layer 23: alpha=0.051731  teacher_rms=0.3026  v_rms=0.0585
    Layer 24: alpha=0.033188  teacher_rms=0.2864  v_rms=0.0863
    Layer 25: alpha=0.038418  teacher_rms=0.2261  v_rms=0.0589
    Layer 26: alpha=0.027053  teacher_rms=0.1994  v_rms=0.0737
    Layer 27: alpha=0.032670  teacher_rms=0.2900  v_rms=0.0888
    Layer 28: alpha=0.038646  teacher_rms=0.3530  v_rms=0.0913
    Layer 29: alpha=0.016275  teacher_rms=0.2479  v_rms=0.1523
    Layer 30: alpha=0.025834  teacher_rms=0.3921  v_rms=0.1518
    Layer 31: alpha=0.018626  teacher_rms=0.3452  v_rms=0.1853
    Layer 32: alpha=0.021930  teacher_rms=0.5106  v_rms=0.2328
    Layer 33: alpha=0.016345  teacher_rms=0.5964  v_rms=0.3649
    Layer 34: alpha=0.031180  teacher_rms=1.0165  v_rms=0.3260
    Layer 35: alpha=0.056935  teacher_rms=1.0378  v_rms=0.1823

  Set g_proj = v_proj * alpha in 35 GDN layers (damping=0.01).
  Init (taylor_distill) done in 334.4s
  Layer 7: PPL = 1170.09  (eval 19.7s)

============================================================
  Probing layer 8 | strategy=taylor_distill
============================================================
Loading checkpoint shards:   0%|          | 0/4 [00:00<?, ?it/s]Loading checkpoint shards: 100%|██████████| 4/4 [00:00<00:00, 148.45it/s]
Could not cache non-existence of file. Will ignore error and continue. Error: [Errno 13] Permission denied: '/data/shared/huggingface/hub/models--Qwen--Qwen3-8B/.no_exist/b968826d9c46dd6066d109eabc6255188de91218/model.safetensors'
Loading checkpoint shards:   0%|          | 0/5 [00:00<?, ?it/s]Loading checkpoint shards: 100%|██████████| 5/5 [00:00<00:00, 191.49it/s]
Token indices sequence length is longer than the specified maximum sequence length for this model (2429029 > 131072). Running this sequence through the model will result in indexing errors
  [Taylor Step 1/3] Gate calibration from attention stats...
    Layer  0: dist=[18, 2, 6, 20, 8, 14, 6, 7, 10, 4, 6, 7, 10, 18, 17, 5, 9, 11, 8, 8, 8, 12, 2, 7, 4, 26, 5, 26, 9, 19, 9, 8]
    Layer  1: dist=[12, 21, 14, 26, 2, 9, 17, 7, 25, 18, 32, 29, 18, 28, 28, 20, 17, 26, 31, 18, 28, 17, 21, 21, 26, 8, 25, 23, 41, 16, 20, 28]
    Layer  2: dist=[36, 36, 37, 32, 17, 27, 20, 24, 21, 24, 29, 33, 28, 25, 26, 34, 32, 26, 28, 22, 28, 36, 27, 27, 14, 14, 11, 19, 41, 42, 43, 41]
    Layer  3: dist=[40, 20, 9, 12, 49, 50, 46, 42, 30, 27, 33, 31, 49, 43, 42, 42, 35, 37, 29, 37, 42, 33, 32, 36, 35, 30, 29, 33, 39, 36, 40, 37]
    Layer  4: dist=[31, 35, 41, 36, 41, 33, 35, 48, 37, 38, 34, 34, 31, 31, 38, 35, 35, 37, 38, 39, 34, 35, 25, 34, 26, 32, 27, 21, 28, 33, 30, 30]
    Layer  5: dist=[23, 29, 30, 21, 36, 34, 29, 29, 4, 14, 40, 38, 31, 43, 32, 30, 23, 20, 28, 28, 29, 30, 27, 33, 38, 39, 43, 43, 26, 25, 29, 32]
    Layer  6: dist=[16, 22, 17, 17, 27, 24, 34, 32, 25, 12, 21, 20, 31, 34, 28, 16, 28, 20, 24, 23, 13, 18, 18, 8, 21, 24, 18, 28, 24, 25, 21, 27]
    Layer  7: dist=[31, 36, 33, 46, 63, 57, 63, 60, 45, 60, 53, 41, 54, 15, 30, 49, 42, 54, 44, 44, 54, 45, 58, 59, 34, 41, 25, 43, 49, 51, 49, 54]
    Layer  9: dist=[40, 32, 31, 36, 45, 49, 48, 40, 62, 61, 60, 56, 14, 46, 32, 45, 49, 53, 59, 62, 44, 40, 35, 41, 61, 44, 49, 54, 62, 57, 63, 61]
    Layer 10: dist=[39, 39, 30, 39, 46, 55, 33, 41, 34, 45, 55, 26, 49, 36, 42, 44, 45, 53, 52, 50, 46, 31, 56, 51, 51, 56, 47, 43, 40, 39, 44, 47]
    Layer 11: dist=[33, 33, 47, 27, 29, 36, 43, 42, 52, 62, 57, 49, 44, 33, 38, 39, 39, 36, 33, 25, 42, 56, 46, 46, 39, 32, 36, 32, 49, 34, 31, 48]
    Layer 12: dist=[12, 40, 39, 33, 43, 46, 39, 36, 33, 36, 44, 44, 50, 45, 45, 49, 21, 38, 29, 44, 55, 54, 53, 56, 49, 1, 56, 23, 43, 45, 59, 49]
    Layer 13: dist=[29, 36, 39, 36, 31, 29, 35, 22, 47, 36, 52, 61, 64, 58, 55, 62, 46, 39, 31, 36, 47, 33, 44, 46, 44, 33, 40, 41, 58, 56, 49, 51]
    Layer 14: dist=[25, 35, 34, 24, 39, 24, 35, 33, 31, 32, 37, 37, 36, 40, 35, 36, 41, 46, 31, 35, 33, 17, 28, 42, 27, 38, 40, 38, 43, 44, 5, 48]
    Layer 15: dist=[45, 27, 43, 23, 20, 22, 41, 33, 48, 33, 26, 54, 37, 56, 41, 47, 33, 33, 34, 36, 33, 30, 27, 27, 27, 20, 41, 37, 38, 47, 38, 28]
    Layer 16: dist=[37, 32, 42, 47, 29, 35, 26, 31, 29, 45, 40, 43, 49, 35, 44, 47, 38, 41, 34, 35, 59, 60, 57, 54, 39, 28, 34, 6, 32, 33, 36, 32]
    Layer 17: dist=[58, 50, 41, 34, 28, 31, 22, 25, 44, 54, 42, 49, 23, 32, 39, 39, 24, 29, 32, 22, 39, 51, 49, 48, 30, 28, 31, 26, 29, 43, 47, 36]
    Layer 18: dist=[20, 27, 19, 18, 29, 37, 39, 30, 37, 40, 37, 45, 34, 34, 31, 35, 26, 41, 42, 28, 38, 28, 37, 52, 31, 35, 35, 36, 30, 29, 43, 31]
    Layer 19: dist=[39, 33, 35, 35, 43, 54, 30, 38, 40, 44, 41, 48, 35, 31, 40, 35, 44, 42, 26, 29, 10, 28, 18, 27, 52, 54, 52, 58, 44, 43, 41, 41]
    Layer 20: dist=[46, 39, 44, 40, 41, 27, 28, 31, 23, 21, 26, 21, 48, 42, 48, 50, 24, 28, 31, 21, 38, 57, 52, 51, 63, 51, 53, 44, 49, 43, 55, 55]
    Layer 21: dist=[26, 25, 30, 35, 58, 33, 53, 58, 61, 33, 39, 38, 26, 24, 25, 23, 39, 40, 45, 32, 47, 52, 48, 49, 35, 34, 32, 44, 38, 40, 34, 47]
    Layer 22: dist=[39, 32, 37, 33, 28, 38, 24, 30, 21, 27, 24, 35, 9, 46, 32, 35, 18, 40, 40, 23, 53, 59, 60, 61, 51, 44, 46, 48, 57, 47, 53, 50]
    Layer 23: dist=[22, 18, 26, 22, 55, 55, 22, 50, 41, 20, 24, 31, 37, 36, 41, 39, 41, 38, 42, 48, 41, 46, 42, 40, 41, 39, 37, 51, 47, 44, 44, 39]
    Layer 24: dist=[40, 62, 57, 51, 50, 56, 54, 47, 52, 54, 52, 43, 41, 39, 47, 40, 42, 49, 44, 42, 60, 53, 52, 58, 31, 41, 39, 29, 50, 57, 51, 47]
    Layer 25: dist=[50, 60, 59, 49, 38, 38, 54, 42, 46, 52, 47, 48, 36, 45, 27, 37, 48, 50, 49, 45, 54, 56, 55, 55, 58, 56, 50, 55, 46, 61, 51, 45]
    Layer 26: dist=[43, 47, 57, 36, 59, 57, 59, 56, 52, 56, 53, 49, 52, 62, 60, 60, 43, 46, 53, 50, 53, 54, 60, 57, 53, 50, 54, 50, 58, 50, 59, 51]
    Layer 27: dist=[48, 55, 54, 59, 50, 53, 52, 44, 41, 52, 55, 52, 41, 56, 42, 45, 51, 53, 53, 53, 47, 56, 54, 44, 57, 59, 60, 60, 50, 44, 45, 60]
    Layer 28: dist=[53, 47, 54, 53, 41, 35, 40, 38, 52, 57, 47, 46, 57, 53, 48, 50, 57, 51, 53, 55, 59, 37, 32, 46, 47, 46, 50, 51, 46, 48, 35, 49]
    Layer 29: dist=[57, 58, 57, 58, 45, 56, 47, 58, 58, 57, 61, 54, 60, 61, 60, 61, 58, 56, 58, 60, 62, 61, 56, 62, 49, 59, 47, 49, 55, 51, 56, 56]
    Layer 30: dist=[40, 54, 51, 52, 53, 51, 48, 37, 60, 59, 58, 60, 53, 53, 57, 51, 52, 39, 61, 61, 29, 60, 53, 54, 60, 60, 61, 60, 55, 56, 54, 51]
    Layer 31: dist=[60, 58, 51, 49, 58, 59, 59, 59, 57, 41, 46, 47, 58, 59, 59, 58, 52, 53, 55, 48, 60, 59, 56, 59, 57, 56, 46, 60, 57, 55, 53, 57]
    Layer 32: dist=[56, 57, 58, 57, 58, 60, 59, 60, 56, 55, 59, 58, 48, 58, 54, 47, 58, 54, 54, 54, 62, 48, 57, 60, 36, 48, 44, 53, 58, 54, 51, 53]
    Layer 33: dist=[52, 61, 57, 60, 45, 52, 29, 47, 57, 58, 57, 58, 58, 59, 58, 59, 59, 59, 53, 56, 58, 49, 54, 57, 57, 59, 60, 59, 56, 56, 55, 53]
    Layer 34: dist=[56, 57, 58, 57, 55, 56, 55, 54, 25, 47, 54, 42, 58, 57, 60, 40, 42, 44, 62, 30, 58, 27, 59, 60, 61, 60, 62, 60, 26, 32, 35, 54]
    Layer 35: dist=[56, 62, 36, 50, 43, 19, 55, 48, 42, 51, 55, 49, 30, 17, 24, 22, 49, 45, 40, 27, 45, 52, 28, 27, 33, 27, 33, 35, 36, 57, 61, 58]

  [Taylor Step 2/3] OLS sigma per head (scaling V, streaming)...
    Layer  0: sigma=[0.262, 0.100, 0.100, 0.100, 0.197, 0.604, 0.100, 0.100, 0.100, 0.100, 0.141, 0.100, 0.100, 0.100, 0.100, 0.292, 0.100, 0.100, 0.100, 0.100, 0.100, 0.100, 0.100, 0.200, 0.100, 0.100, 0.578, 0.100, 0.251, 0.100, 0.100, 0.100]
    Layer  1: sigma=[0.278, 0.100, 0.100, 0.100, 0.100, 0.100, 0.100, 0.100, 0.100, 0.408, 0.278, 0.100, 0.100, 0.100, 0.100, 0.100, 0.100, 0.100, 0.100, 0.100, 0.100, 0.100, 0.100, 0.207, 0.100, 0.100, 0.180, 0.100, 0.100, 0.100, 0.100, 0.100]
    Layer  2: sigma=[0.152, 0.100, 0.100, 0.100, 0.100, 0.100, 0.100, 0.100, 0.155, 0.100, 0.100, 0.100, 0.100, 0.256, 0.100, 0.100, 0.100, 0.100, 0.100, 0.100, 0.100, 0.100, 0.100, 0.100, 0.100, 0.172, 0.100, 0.100, 0.100, 0.100, 0.100, 0.136]
    Layer  3: sigma=[0.100, 0.446, 0.100, 0.297, 0.100, 0.100, 0.100, 0.100, 0.100, 0.100, 0.100, 0.100, 0.100, 0.100, 0.100, 0.100, 0.100, 0.100, 0.123, 0.100, 0.100, 0.100, 0.100, 0.100, 0.100, 0.122, 0.109, 0.100, 0.100, 0.100, 0.100, 0.100]
    Layer  4: sigma=[0.100, 0.100, 0.100, 0.100, 0.100, 0.100, 0.100, 0.100, 0.100, 0.100, 0.100, 0.100, 0.100, 0.100, 0.100, 0.100, 0.100, 0.100, 0.100, 0.100, 0.100, 0.145, 0.318, 0.100, 0.100, 0.100, 0.100, 0.100, 0.100, 0.100, 0.100, 0.100]
    Layer  5: sigma=[0.100, 0.100, 0.114, 0.100, 0.100, 0.100, 0.100, 0.100, 0.100, 0.269, 0.100, 0.105, 0.100, 0.100, 0.100, 0.106, 0.100, 0.335, 0.100, 0.100, 0.100, 0.100, 0.100, 0.100, 0.100, 0.100, 0.100, 0.100, 0.100, 0.245, 0.100, 0.100]
    Layer  6: sigma=[0.100, 0.100, 0.163, 0.100, 0.118, 0.110, 0.100, 0.100, 0.100, 0.100, 0.100, 0.100, 0.100, 0.100, 0.100, 0.100, 0.100, 0.100, 0.100, 0.100, 0.247, 0.100, 0.100, 0.100, 0.100, 0.100, 0.102, 0.100, 0.100, 0.100, 0.100, 0.100]
    Layer  7: sigma=[0.100, 0.227, 0.100, 0.100, 0.136, 0.100, 0.100, 0.100, 0.100, 0.100, 0.100, 0.158, 0.100, 0.100, 0.100, 0.100, 0.100, 0.100, 0.100, 0.100, 0.100, 0.100, 0.100, 0.100, 0.100, 0.100, 0.100, 0.100, 0.100, 0.100, 0.100, 0.100]
    Layer  9: sigma=[0.100, 0.100, 0.126, 0.100, 0.100, 0.100, 0.100, 0.100, 0.100, 0.100, 0.100, 0.100, 0.100, 0.100, 0.798, 0.219, 0.100, 0.100, 0.100, 0.100, 0.124, 0.100, 0.100, 0.100, 0.100, 0.164, 0.100, 0.100, 0.100, 0.100, 0.100, 0.100]
    Layer 10: sigma=[0.100, 0.100, 0.100, 0.100, 0.100, 0.100, 0.100, 0.100, 0.143, 0.100, 0.100, 0.100, 0.100, 0.100, 0.100, 0.100, 0.100, 0.100, 0.100, 0.100, 0.100, 0.100, 0.100, 0.100, 0.100, 0.100, 0.100, 0.100, 0.103, 0.100, 0.107, 0.100]
    Layer 11: sigma=[0.100, 0.100, 0.100, 0.100, 0.234, 0.100, 0.171, 0.100, 0.100, 0.155, 0.100, 0.100, 0.144, 0.100, 0.292, 0.100, 0.100, 0.100, 0.100, 0.100, 0.100, 0.100, 0.100, 0.100, 0.100, 0.100, 0.257, 0.100, 0.100, 0.100, 0.105, 0.100]
    Layer 12: sigma=[0.100, 0.100, 0.100, 0.100, 0.100, 0.124, 0.100, 0.100, 0.100, 0.124, 0.100, 0.100, 0.100, 0.100, 0.100, 0.100, 0.100, 0.278, 0.428, 0.100, 0.100, 0.100, 0.100, 0.100, 0.100, 0.353, 0.100, 0.128, 0.100, 0.133, 0.137, 0.100]
    Layer 13: sigma=[0.251, 0.100, 0.100, 0.100, 0.100, 0.100, 0.100, 0.114, 0.100, 0.125, 0.127, 0.100, 0.100, 0.100, 0.100, 0.100, 0.100, 0.100, 0.100, 0.100, 0.100, 0.100, 0.100, 0.100, 0.100, 0.100, 0.100, 0.100, 0.100, 0.100, 0.100, 0.100]
    Layer 14: sigma=[0.100, 0.100, 0.101, 0.100, 0.100, 0.423, 0.100, 0.178, 0.100, 0.100, 0.100, 0.100, 0.100, 0.189, 0.100, 0.100, 0.100, 0.100, 0.157, 0.132, 0.100, 0.100, 0.100, 0.100, 0.100, 0.157, 0.100, 0.134, 0.100, 0.100, 0.113, 0.100]
    Layer 15: sigma=[0.100, 0.224, 0.100, 0.128, 0.222, 0.109, 0.100, 0.100, 0.100, 0.100, 0.100, 0.102, 0.259, 0.100, 0.100, 0.100, 0.100, 0.100, 0.106, 0.133, 0.100, 0.100, 0.100, 0.100, 0.218, 0.244, 0.100, 0.100, 0.100, 0.100, 0.100, 0.100]
    Layer 16: sigma=[0.349, 0.100, 0.100, 0.100, 0.100, 0.100, 0.100, 0.100, 0.100, 0.100, 0.100, 0.100, 0.100, 0.100, 0.100, 0.100, 0.100, 0.100, 0.100, 0.100, 0.100, 0.100, 0.100, 0.100, 0.100, 0.172, 0.100, 0.100, 0.100, 0.100, 0.100, 0.100]
    Layer 17: sigma=[0.100, 0.100, 0.100, 0.100, 0.100, 0.504, 0.100, 0.102, 0.105, 0.100, 0.100, 0.100, 0.100, 0.100, 0.100, 0.100, 0.361, 0.144, 0.100, 0.341, 0.100, 0.100, 0.100, 0.100, 0.100, 0.100, 0.377, 0.120, 0.100, 0.100, 0.100, 0.100]
    Layer 18: sigma=[0.100, 0.632, 0.100, 0.100, 0.100, 0.192, 0.100, 0.100, 0.100, 0.100, 0.100, 0.100, 0.100, 0.100, 0.100, 0.100, 0.433, 0.100, 0.100, 0.100, 0.100, 0.100, 0.100, 0.100, 0.100, 0.100, 0.100, 0.100, 0.100, 0.100, 0.100, 0.100]
    Layer 19: sigma=[0.100, 0.100, 0.100, 0.100, 0.100, 0.100, 0.165, 0.100, 0.100, 0.100, 0.100, 0.100, 0.255, 0.100, 0.100, 0.170, 0.100, 0.100, 0.100, 0.415, 0.100, 0.100, 0.100, 0.100, 0.120, 0.100, 0.100, 0.100, 0.100, 0.100, 0.100, 0.100]
    Layer 20: sigma=[0.100, 0.100, 0.205, 0.100, 0.100, 0.257, 0.186, 0.100, 0.100, 0.100, 0.100, 0.100, 0.100, 0.100, 0.100, 0.109, 0.200, 0.100, 0.100, 0.100, 0.100, 0.100, 0.100, 0.100, 0.100, 0.100, 0.100, 0.100, 0.100, 0.100, 0.100, 0.100]
    Layer 21: sigma=[0.108, 0.100, 0.100, 0.118, 0.100, 0.100, 0.100, 0.100, 0.100, 0.100, 0.100, 0.314, 0.100, 0.100, 0.110, 0.100, 0.100, 0.100, 0.100, 0.101, 0.100, 0.100, 0.100, 0.100, 0.100, 0.100, 0.100, 0.100, 0.100, 0.100, 0.347, 0.125]
    Layer 22: sigma=[0.152, 0.100, 0.100, 0.100, 0.162, 0.100, 0.114, 0.226, 0.202, 0.100, 0.100, 0.100, 0.100, 0.100, 0.100, 0.100, 0.100, 0.100, 0.100, 0.181, 0.100, 0.100, 0.100, 0.100, 0.100, 0.100, 0.100, 0.100, 0.100, 0.100, 0.100, 0.100]
    Layer 23: sigma=[0.195, 0.128, 0.172, 0.100, 0.100, 0.100, 0.192, 0.100, 0.100, 0.100, 0.100, 0.100, 0.100, 0.100, 0.100, 0.100, 0.100, 0.100, 0.100, 0.100, 0.100, 0.100, 0.100, 0.100, 0.100, 0.100, 0.100, 0.100, 0.100, 0.242, 0.199, 0.205]
    Layer 24: sigma=[0.100, 0.100, 0.100, 0.100, 0.100, 0.100, 0.100, 0.100, 0.117, 0.100, 0.100, 0.100, 0.100, 0.100, 0.100, 0.198, 0.100, 0.100, 0.100, 0.104, 0.100, 0.100, 0.100, 0.100, 0.311, 0.397, 0.203, 0.207, 0.100, 0.100, 0.100, 0.100]
    Layer 25: sigma=[0.100, 0.100, 0.100, 0.100, 0.100, 0.100, 0.100, 0.100, 0.100, 0.100, 0.100, 0.100, 0.100, 0.100, 0.100, 0.100, 0.100, 0.100, 0.100, 0.100, 0.100, 0.100, 0.100, 0.100, 0.100, 0.100, 0.100, 0.100, 0.100, 0.100, 0.100, 0.100]
    Layer 26: sigma=[0.100, 0.100, 0.100, 0.100, 0.100, 0.100, 0.100, 0.100, 0.100, 0.100, 0.100, 0.100, 0.100, 0.100, 0.100, 0.131, 0.100, 0.100, 0.100, 0.100, 0.100, 0.100, 0.100, 0.100, 0.100, 0.100, 0.100, 0.100, 0.100, 0.100, 0.100, 0.100]
    Layer 27: sigma=[0.100, 0.100, 0.100, 0.100, 0.100, 0.100, 0.100, 0.100, 0.100, 0.100, 0.100, 0.100, 0.100, 0.100, 0.100, 0.100, 0.100, 0.100, 0.100, 0.100, 0.100, 0.100, 0.100, 0.100, 0.100, 0.100, 0.100, 0.100, 0.100, 0.148, 0.100, 0.100]
    Layer 28: sigma=[0.100, 0.100, 0.100, 0.100, 0.100, 0.100, 0.100, 0.287, 0.100, 0.100, 0.100, 0.100, 0.100, 0.100, 0.100, 0.100, 0.100, 0.100, 0.100, 0.100, 0.100, 0.100, 0.100, 0.100, 0.100, 0.100, 0.100, 0.100, 0.100, 0.100, 0.100, 0.100]
    Layer 29: sigma=[0.100, 0.100, 0.100, 0.100, 0.100, 0.100, 0.100, 0.100, 0.100, 0.100, 0.100, 0.100, 0.100, 0.100, 0.100, 0.100, 0.100, 0.100, 0.100, 0.100, 0.100, 0.100, 0.100, 0.100, 0.100, 0.100, 0.100, 0.100, 0.100, 0.100, 0.100, 0.100]
    Layer 30: sigma=[0.100, 0.100, 0.100, 0.100, 0.100, 0.100, 0.100, 0.100, 0.100, 0.100, 0.100, 0.100, 0.100, 0.100, 0.100, 0.100, 0.155, 0.100, 0.100, 0.100, 0.100, 0.100, 0.100, 0.100, 0.100, 0.100, 0.100, 0.100, 0.100, 0.100, 0.100, 0.100]
    Layer 31: sigma=[0.100, 0.100, 0.100, 0.100, 0.100, 0.100, 0.100, 0.100, 0.100, 0.100, 0.100, 0.100, 0.100, 0.100, 0.100, 0.100, 0.100, 0.100, 0.100, 0.100, 0.100, 0.100, 0.100, 0.100, 0.100, 0.100, 0.100, 0.100, 0.100, 0.100, 0.100, 0.100]
    Layer 32: sigma=[0.100, 0.100, 0.100, 0.100, 0.100, 0.100, 0.100, 0.100, 0.100, 0.100, 0.100, 0.100, 0.100, 0.100, 0.100, 0.100, 0.100, 0.100, 0.100, 0.100, 0.100, 0.100, 0.100, 0.100, 0.100, 0.100, 0.100, 0.100, 0.100, 0.100, 0.100, 0.100]
    Layer 33: sigma=[0.100, 0.100, 0.100, 0.100, 0.100, 0.100, 0.100, 0.100, 0.100, 0.100, 0.100, 0.100, 0.100, 0.100, 0.100, 0.100, 0.100, 0.100, 0.100, 0.100, 0.100, 0.100, 0.100, 0.100, 0.100, 0.100, 0.100, 0.100, 0.100, 0.100, 0.100, 0.100]
    Layer 34: sigma=[0.100, 0.100, 0.100, 0.100, 0.100, 0.100, 0.100, 0.100, 0.100, 0.100, 0.100, 0.100, 0.100, 0.100, 0.100, 0.100, 0.100, 0.100, 0.100, 0.100, 0.100, 0.100, 0.100, 0.100, 0.100, 0.100, 0.100, 0.100, 0.100, 0.100, 0.100, 0.100]
    Layer 35: sigma=[0.100, 0.100, 0.100, 0.100, 0.100, 0.100, 0.100, 0.100, 0.100, 0.100, 0.100, 0.100, 0.100, 0.100, 0.100, 0.100, 0.100, 0.100, 0.100, 0.100, 0.100, 0.100, 0.202, 0.100, 0.100, 0.100, 0.100, 0.100, 0.100, 0.100, 0.100, 0.100]

  [Taylor Step 3/3] g_proj = v_proj * alpha (damping=0.01)...
    Layer  0: alpha=0.068717  teacher_rms=0.0168  v_rms=0.0024
    Layer  1: alpha=0.057921  teacher_rms=0.0216  v_rms=0.0037
    Layer  2: alpha=0.055009  teacher_rms=0.0222  v_rms=0.0040
    Layer  3: alpha=0.041705  teacher_rms=0.0261  v_rms=0.0063
    Layer  4: alpha=0.049040  teacher_rms=0.0316  v_rms=0.0064
    Layer  5: alpha=0.052798  teacher_rms=0.0412  v_rms=0.0078
    Layer  6: alpha=0.074703  teacher_rms=0.0646  v_rms=0.0086
    Layer  7: alpha=0.040928  teacher_rms=0.0510  v_rms=0.0125
    Layer  9: alpha=0.026156  teacher_rms=0.0701  v_rms=0.0268
    Layer 10: alpha=0.048866  teacher_rms=0.1071  v_rms=0.0219
    Layer 11: alpha=0.052223  teacher_rms=0.1038  v_rms=0.0199
    Layer 12: alpha=0.047033  teacher_rms=0.1177  v_rms=0.0250
    Layer 13: alpha=0.054098  teacher_rms=0.1013  v_rms=0.0187
    Layer 14: alpha=0.055381  teacher_rms=0.1546  v_rms=0.0279
    Layer 15: alpha=0.047802  teacher_rms=0.1546  v_rms=0.0323
    Layer 16: alpha=0.039134  teacher_rms=0.1446  v_rms=0.0370
    Layer 17: alpha=0.035532  teacher_rms=0.1762  v_rms=0.0496
    Layer 18: alpha=0.032828  teacher_rms=0.1919  v_rms=0.0585
    Layer 19: alpha=0.047724  teacher_rms=0.2023  v_rms=0.0424
    Layer 20: alpha=0.050451  teacher_rms=0.1938  v_rms=0.0384
    Layer 21: alpha=0.046937  teacher_rms=0.2301  v_rms=0.0490
    Layer 22: alpha=0.053084  teacher_rms=0.2755  v_rms=0.0519
    Layer 23: alpha=0.049791  teacher_rms=0.3026  v_rms=0.0608
    Layer 24: alpha=0.032485  teacher_rms=0.2864  v_rms=0.0882
    Layer 25: alpha=0.038418  teacher_rms=0.2261  v_rms=0.0589
    Layer 26: alpha=0.027033  teacher_rms=0.1994  v_rms=0.0738
    Layer 27: alpha=0.033854  teacher_rms=0.2900  v_rms=0.0857
    Layer 28: alpha=0.037196  teacher_rms=0.3530  v_rms=0.0949
    Layer 29: alpha=0.016275  teacher_rms=0.2479  v_rms=0.1523
    Layer 30: alpha=0.025217  teacher_rms=0.3921  v_rms=0.1555
    Layer 31: alpha=0.018626  teacher_rms=0.3452  v_rms=0.1853
    Layer 32: alpha=0.021930  teacher_rms=0.5106  v_rms=0.2328
    Layer 33: alpha=0.016345  teacher_rms=0.5964  v_rms=0.3649
    Layer 34: alpha=0.031180  teacher_rms=1.0165  v_rms=0.3260
    Layer 35: alpha=0.056320  teacher_rms=1.0378  v_rms=0.1843

  Set g_proj = v_proj * alpha in 35 GDN layers (damping=0.01).
  Init (taylor_distill) done in 337.7s
  Layer 8: PPL = 1232.95  (eval 19.0s)

============================================================
  Probing layer 9 | strategy=taylor_distill
============================================================
Loading checkpoint shards:   0%|          | 0/4 [00:00<?, ?it/s]Loading checkpoint shards: 100%|██████████| 4/4 [00:00<00:00, 154.27it/s]
Could not cache non-existence of file. Will ignore error and continue. Error: [Errno 13] Permission denied: '/data/shared/huggingface/hub/models--Qwen--Qwen3-8B/.no_exist/b968826d9c46dd6066d109eabc6255188de91218/model.safetensors'
Loading checkpoint shards:   0%|          | 0/5 [00:00<?, ?it/s]Loading checkpoint shards: 100%|██████████| 5/5 [00:00<00:00, 51.87it/s]
Token indices sequence length is longer than the specified maximum sequence length for this model (2429029 > 131072). Running this sequence through the model will result in indexing errors
  [Taylor Step 1/3] Gate calibration from attention stats...
    Layer  0: dist=[18, 2, 6, 20, 8, 14, 6, 7, 10, 4, 6, 7, 10, 18, 17, 5, 9, 11, 8, 8, 8, 12, 2, 7, 4, 26, 5, 26, 9, 19, 9, 8]
    Layer  1: dist=[12, 21, 14, 26, 2, 9, 17, 7, 25, 18, 32, 29, 18, 28, 28, 20, 17, 26, 31, 18, 28, 17, 21, 21, 26, 8, 25, 23, 41, 16, 20, 28]
    Layer  2: dist=[36, 36, 37, 32, 17, 27, 20, 24, 21, 24, 29, 33, 28, 25, 26, 34, 32, 26, 28, 22, 28, 36, 27, 27, 14, 14, 11, 19, 41, 42, 43, 41]
    Layer  3: dist=[40, 20, 9, 12, 49, 50, 46, 42, 30, 27, 33, 31, 49, 43, 42, 42, 35, 37, 29, 37, 42, 33, 32, 36, 35, 30, 29, 33, 39, 36, 40, 37]
    Layer  4: dist=[31, 35, 41, 36, 41, 33, 35, 48, 37, 38, 34, 34, 31, 31, 38, 35, 35, 37, 38, 39, 34, 35, 25, 34, 26, 32, 27, 21, 28, 33, 30, 30]
    Layer  5: dist=[23, 29, 30, 21, 36, 34, 29, 29, 4, 14, 40, 38, 31, 43, 32, 30, 23, 20, 28, 28, 29, 30, 27, 33, 38, 39, 43, 43, 26, 25, 29, 32]
    Layer  6: dist=[16, 22, 17, 17, 27, 24, 34, 32, 25, 12, 21, 20, 31, 34, 28, 16, 28, 20, 24, 23, 13, 18, 18, 8, 21, 24, 18, 28, 24, 25, 21, 27]
    Layer  7: dist=[31, 36, 33, 46, 63, 57, 63, 60, 45, 60, 53, 41, 54, 15, 30, 49, 42, 54, 44, 44, 54, 45, 58, 59, 34, 41, 25, 43, 49, 51, 49, 54]
    Layer  8: dist=[45, 46, 49, 29, 43, 41, 35, 44, 46, 52, 43, 48, 51, 43, 49, 36, 60, 56, 54, 51, 44, 54, 51, 57, 47, 37, 51, 36, 44, 38, 42, 44]
    Layer 10: dist=[39, 39, 30, 39, 46, 55, 33, 41, 34, 45, 55, 26, 49, 36, 42, 44, 45, 53, 52, 50, 46, 31, 56, 51, 51, 56, 47, 43, 40, 39, 44, 47]
    Layer 11: dist=[33, 33, 47, 27, 29, 36, 43, 42, 52, 62, 57, 49, 44, 33, 38, 39, 39, 36, 33, 25, 42, 56, 46, 46, 39, 32, 36, 32, 49, 34, 31, 48]
    Layer 12: dist=[12, 40, 39, 33, 43, 46, 39, 36, 33, 36, 44, 44, 50, 45, 45, 49, 21, 38, 29, 44, 55, 54, 53, 56, 49, 1, 56, 23, 43, 45, 59, 49]
    Layer 13: dist=[29, 36, 39, 36, 31, 29, 35, 22, 47, 36, 52, 61, 64, 58, 55, 62, 46, 39, 31, 36, 47, 33, 44, 46, 44, 33, 40, 41, 58, 56, 49, 51]
    Layer 14: dist=[25, 35, 34, 24, 39, 24, 35, 33, 31, 32, 37, 37, 36, 40, 35, 36, 41, 46, 31, 35, 33, 17, 28, 42, 27, 38, 40, 38, 43, 44, 5, 48]
    Layer 15: dist=[45, 27, 43, 23, 20, 22, 41, 33, 48, 33, 26, 54, 37, 56, 41, 47, 33, 33, 34, 36, 33, 30, 27, 27, 27, 20, 41, 37, 38, 47, 38, 28]
    Layer 16: dist=[37, 32, 42, 47, 29, 35, 26, 31, 29, 45, 40, 43, 49, 35, 44, 47, 38, 41, 34, 35, 59, 60, 57, 54, 39, 28, 34, 6, 32, 33, 36, 32]
    Layer 17: dist=[58, 50, 41, 34, 28, 31, 22, 25, 44, 54, 42, 49, 23, 32, 39, 39, 24, 29, 32, 22, 39, 51, 49, 48, 30, 28, 31, 26, 29, 43, 47, 36]
    Layer 18: dist=[20, 27, 19, 18, 29, 37, 39, 30, 37, 40, 37, 45, 34, 34, 31, 35, 26, 41, 42, 28, 38, 28, 37, 52, 31, 35, 35, 36, 30, 29, 43, 31]
    Layer 19: dist=[39, 33, 35, 35, 43, 54, 30, 38, 40, 44, 41, 48, 35, 31, 40, 35, 44, 42, 26, 29, 10, 28, 18, 27, 52, 54, 52, 58, 44, 43, 41, 41]
    Layer 20: dist=[46, 39, 44, 40, 41, 27, 28, 31, 23, 21, 26, 21, 48, 42, 48, 50, 24, 28, 31, 21, 38, 57, 52, 51, 63, 51, 53, 44, 49, 43, 55, 55]
    Layer 21: dist=[26, 25, 30, 35, 58, 33, 53, 58, 61, 33, 39, 38, 26, 24, 25, 23, 39, 40, 45, 32, 47, 52, 48, 49, 35, 34, 32, 44, 38, 40, 34, 47]
    Layer 22: dist=[39, 32, 37, 33, 28, 38, 24, 30, 21, 27, 24, 35, 9, 46, 32, 35, 18, 40, 40, 23, 53, 59, 60, 61, 51, 44, 46, 48, 57, 47, 53, 50]
    Layer 23: dist=[22, 18, 26, 22, 55, 55, 22, 50, 41, 20, 24, 31, 37, 36, 41, 39, 41, 38, 42, 48, 41, 46, 42, 40, 41, 39, 37, 51, 47, 44, 44, 39]
    Layer 24: dist=[40, 62, 57, 51, 50, 56, 54, 47, 52, 54, 52, 43, 41, 39, 47, 40, 42, 49, 44, 42, 60, 53, 52, 58, 31, 41, 39, 29, 50, 57, 51, 47]
    Layer 25: dist=[50, 60, 59, 49, 38, 38, 54, 42, 46, 52, 47, 48, 36, 45, 27, 37, 48, 50, 49, 45, 54, 56, 55, 55, 58, 56, 50, 55, 46, 61, 51, 45]
    Layer 26: dist=[43, 47, 57, 36, 59, 57, 59, 56, 52, 56, 53, 49, 52, 62, 60, 60, 43, 46, 53, 50, 53, 54, 60, 57, 53, 50, 54, 50, 58, 50, 59, 51]
    Layer 27: dist=[48, 55, 54, 59, 50, 53, 52, 44, 41, 52, 55, 52, 41, 56, 42, 45, 51, 53, 53, 53, 47, 56, 54, 44, 57, 59, 60, 60, 50, 44, 45, 60]
    Layer 28: dist=[53, 47, 54, 53, 41, 35, 40, 38, 52, 57, 47, 46, 57, 53, 48, 50, 57, 51, 53, 55, 59, 37, 32, 46, 47, 46, 50, 51, 46, 48, 35, 49]
    Layer 29: dist=[57, 58, 57, 58, 45, 56, 47, 58, 58, 57, 61, 54, 60, 61, 60, 61, 58, 56, 58, 60, 62, 61, 56, 62, 49, 59, 47, 49, 55, 51, 56, 56]
    Layer 30: dist=[40, 54, 51, 52, 53, 51, 48, 37, 60, 59, 58, 60, 53, 53, 57, 51, 52, 39, 61, 61, 29, 60, 53, 54, 60, 60, 61, 60, 55, 56, 54, 51]
    Layer 31: dist=[60, 58, 51, 49, 58, 59, 59, 59, 57, 41, 46, 47, 58, 59, 59, 58, 52, 53, 55, 48, 60, 59, 56, 59, 57, 56, 46, 60, 57, 55, 53, 57]
    Layer 32: dist=[56, 57, 58, 57, 58, 60, 59, 60, 56, 55, 59, 58, 48, 58, 54, 47, 58, 54, 54, 54, 62, 48, 57, 60, 36, 48, 44, 53, 58, 54, 51, 53]
    Layer 33: dist=[52, 61, 57, 60, 45, 52, 29, 47, 57, 58, 57, 58, 58, 59, 58, 59, 59, 59, 53, 56, 58, 49, 54, 57, 57, 59, 60, 59, 56, 56, 55, 53]
    Layer 34: dist=[56, 57, 58, 57, 55, 56, 55, 54, 25, 47, 54, 42, 58, 57, 60, 40, 42, 44, 62, 30, 58, 27, 59, 60, 61, 60, 62, 60, 26, 32, 35, 54]
    Layer 35: dist=[56, 62, 36, 50, 43, 19, 55, 48, 42, 51, 55, 49, 30, 17, 24, 22, 49, 45, 40, 27, 45, 52, 28, 27, 33, 27, 33, 35, 36, 57, 61, 58]

  [Taylor Step 2/3] OLS sigma per head (scaling V, streaming)...
    Layer  0: sigma=[0.257, 0.100, 0.100, 0.100, 0.198, 0.602, 0.100, 0.100, 0.100, 0.100, 0.141, 0.100, 0.100, 0.100, 0.100, 0.290, 0.100, 0.100, 0.100, 0.100, 0.100, 0.100, 0.100, 0.199, 0.100, 0.100, 0.579, 0.100, 0.251, 0.100, 0.100, 0.100]
    Layer  1: sigma=[0.281, 0.100, 0.100, 0.100, 0.100, 0.100, 0.100, 0.100, 0.100, 0.407, 0.278, 0.100, 0.100, 0.100, 0.100, 0.100, 0.100, 0.100, 0.100, 0.100, 0.100, 0.100, 0.100, 0.210, 0.100, 0.100, 0.180, 0.100, 0.100, 0.100, 0.100, 0.100]
    Layer  2: sigma=[0.152, 0.100, 0.100, 0.100, 0.100, 0.100, 0.100, 0.100, 0.157, 0.100, 0.100, 0.100, 0.100, 0.259, 0.100, 0.100, 0.100, 0.100, 0.100, 0.100, 0.100, 0.100, 0.100, 0.100, 0.100, 0.177, 0.100, 0.100, 0.100, 0.100, 0.100, 0.137]
    Layer  3: sigma=[0.100, 0.443, 0.100, 0.293, 0.100, 0.100, 0.100, 0.100, 0.100, 0.100, 0.100, 0.100, 0.100, 0.100, 0.100, 0.100, 0.100, 0.100, 0.121, 0.100, 0.100, 0.100, 0.100, 0.100, 0.100, 0.125, 0.112, 0.100, 0.100, 0.100, 0.100, 0.100]
    Layer  4: sigma=[0.100, 0.100, 0.100, 0.100, 0.100, 0.100, 0.100, 0.100, 0.100, 0.100, 0.100, 0.100, 0.100, 0.100, 0.100, 0.100, 0.100, 0.100, 0.100, 0.100, 0.100, 0.145, 0.326, 0.100, 0.100, 0.100, 0.100, 0.100, 0.100, 0.100, 0.100, 0.100]
    Layer  5: sigma=[0.100, 0.100, 0.127, 0.100, 0.100, 0.100, 0.100, 0.101, 0.100, 0.274, 0.100, 0.104, 0.100, 0.100, 0.100, 0.111, 0.100, 0.335, 0.100, 0.100, 0.100, 0.100, 0.100, 0.100, 0.100, 0.100, 0.100, 0.100, 0.100, 0.248, 0.100, 0.100]
    Layer  6: sigma=[0.100, 0.100, 0.160, 0.100, 0.119, 0.108, 0.100, 0.100, 0.100, 0.100, 0.100, 0.100, 0.100, 0.100, 0.100, 0.100, 0.100, 0.100, 0.100, 0.100, 0.249, 0.100, 0.100, 0.100, 0.100, 0.100, 0.104, 0.100, 0.100, 0.100, 0.100, 0.100]
    Layer  7: sigma=[0.100, 0.252, 0.100, 0.100, 0.119, 0.100, 0.100, 0.100, 0.100, 0.100, 0.100, 0.158, 0.100, 0.100, 0.100, 0.100, 0.100, 0.100, 0.100, 0.100, 0.100, 0.100, 0.100, 0.100, 0.100, 0.100, 0.100, 0.100, 0.100, 0.100, 0.100, 0.100]
    Layer  8: sigma=[0.100, 0.100, 0.100, 0.100, 0.100, 0.100, 0.100, 0.117, 0.100, 0.100, 0.100, 0.100, 0.100, 0.120, 0.100, 0.100, 0.100, 0.100, 0.100, 0.100, 0.100, 0.100, 0.100, 0.100, 0.100, 0.100, 0.100, 0.264, 0.100, 0.100, 0.100, 0.100]
    Layer 10: sigma=[0.100, 0.100, 0.100, 0.100, 0.100, 0.100, 0.100, 0.100, 0.134, 0.100, 0.100, 0.100, 0.100, 0.100, 0.100, 0.100, 0.100, 0.100, 0.100, 0.100, 0.100, 0.100, 0.100, 0.100, 0.100, 0.100, 0.100, 0.100, 0.103, 0.100, 0.117, 0.100]
    Layer 11: sigma=[0.100, 0.100, 0.100, 0.100, 0.212, 0.100, 0.169, 0.100, 0.100, 0.130, 0.100, 0.100, 0.143, 0.100, 0.291, 0.100, 0.100, 0.100, 0.100, 0.100, 0.100, 0.100, 0.100, 0.100, 0.100, 0.100, 0.243, 0.100, 0.100, 0.100, 0.100, 0.100]
    Layer 12: sigma=[0.100, 0.100, 0.100, 0.100, 0.100, 0.127, 0.100, 0.100, 0.100, 0.112, 0.100, 0.100, 0.100, 0.100, 0.100, 0.100, 0.100, 0.290, 0.479, 0.100, 0.100, 0.100, 0.100, 0.100, 0.100, 0.361, 0.100, 0.152, 0.100, 0.137, 0.135, 0.100]
    Layer 13: sigma=[0.237, 0.100, 0.100, 0.100, 0.100, 0.100, 0.100, 0.109, 0.100, 0.116, 0.129, 0.100, 0.100, 0.100, 0.100, 0.100, 0.100, 0.100, 0.100, 0.100, 0.100, 0.100, 0.100, 0.100, 0.100, 0.100, 0.100, 0.100, 0.100, 0.100, 0.100, 0.100]
    Layer 14: sigma=[0.100, 0.100, 0.107, 0.100, 0.100, 0.499, 0.100, 0.164, 0.100, 0.100, 0.100, 0.100, 0.100, 0.168, 0.100, 0.100, 0.100, 0.100, 0.183, 0.107, 0.100, 0.100, 0.100, 0.100, 0.100, 0.147, 0.100, 0.137, 0.100, 0.100, 0.100, 0.100]
    Layer 15: sigma=[0.100, 0.222, 0.100, 0.100, 0.210, 0.122, 0.100, 0.100, 0.100, 0.100, 0.100, 0.100, 0.266, 0.100, 0.100, 0.100, 0.100, 0.100, 0.101, 0.139, 0.100, 0.100, 0.100, 0.100, 0.278, 0.242, 0.100, 0.100, 0.100, 0.100, 0.100, 0.100]
    Layer 16: sigma=[0.314, 0.100, 0.100, 0.100, 0.100, 0.100, 0.100, 0.100, 0.100, 0.100, 0.100, 0.100, 0.100, 0.100, 0.100, 0.100, 0.100, 0.100, 0.100, 0.100, 0.100, 0.100, 0.100, 0.100, 0.100, 0.176, 0.100, 0.100, 0.100, 0.100, 0.100, 0.100]
    Layer 17: sigma=[0.100, 0.100, 0.100, 0.100, 0.100, 0.497, 0.100, 0.100, 0.107, 0.100, 0.100, 0.100, 0.100, 0.100, 0.100, 0.100, 0.329, 0.100, 0.100, 0.359, 0.100, 0.100, 0.100, 0.100, 0.100, 0.100, 0.388, 0.123, 0.100, 0.100, 0.100, 0.100]
    Layer 18: sigma=[0.100, 0.614, 0.100, 0.100, 0.100, 0.191, 0.100, 0.135, 0.100, 0.100, 0.100, 0.100, 0.100, 0.100, 0.100, 0.100, 0.452, 0.100, 0.100, 0.100, 0.100, 0.100, 0.100, 0.100, 0.100, 0.100, 0.100, 0.100, 0.100, 0.100, 0.100, 0.100]
    Layer 19: sigma=[0.100, 0.100, 0.100, 0.100, 0.100, 0.100, 0.254, 0.100, 0.100, 0.100, 0.100, 0.100, 0.291, 0.100, 0.100, 0.145, 0.100, 0.100, 0.100, 0.417, 0.100, 0.100, 0.100, 0.100, 0.100, 0.100, 0.100, 0.100, 0.100, 0.100, 0.100, 0.100]
    Layer 20: sigma=[0.100, 0.100, 0.193, 0.100, 0.100, 0.276, 0.117, 0.100, 0.100, 0.100, 0.100, 0.100, 0.100, 0.100, 0.100, 0.100, 0.168, 0.100, 0.100, 0.100, 0.100, 0.100, 0.100, 0.100, 0.100, 0.100, 0.100, 0.100, 0.100, 0.100, 0.100, 0.100]
    Layer 21: sigma=[0.117, 0.102, 0.100, 0.103, 0.100, 0.100, 0.100, 0.100, 0.100, 0.100, 0.100, 0.396, 0.100, 0.100, 0.114, 0.100, 0.100, 0.100, 0.100, 0.100, 0.100, 0.100, 0.100, 0.100, 0.100, 0.100, 0.100, 0.100, 0.100, 0.100, 0.422, 0.137]
    Layer 22: sigma=[0.170, 0.100, 0.100, 0.100, 0.175, 0.119, 0.116, 0.301, 0.225, 0.134, 0.100, 0.100, 0.100, 0.100, 0.100, 0.100, 0.100, 0.100, 0.100, 0.149, 0.100, 0.100, 0.100, 0.100, 0.100, 0.100, 0.100, 0.100, 0.100, 0.100, 0.100, 0.100]
    Layer 23: sigma=[0.192, 0.128, 0.213, 0.100, 0.100, 0.100, 0.215, 0.100, 0.100, 0.100, 0.100, 0.100, 0.100, 0.100, 0.100, 0.100, 0.100, 0.100, 0.100, 0.100, 0.100, 0.100, 0.100, 0.100, 0.100, 0.100, 0.100, 0.100, 0.100, 0.244, 0.207, 0.164]
    Layer 24: sigma=[0.100, 0.100, 0.100, 0.100, 0.100, 0.100, 0.100, 0.100, 0.123, 0.100, 0.100, 0.100, 0.100, 0.100, 0.100, 0.207, 0.100, 0.100, 0.100, 0.105, 0.100, 0.100, 0.100, 0.100, 0.316, 0.267, 0.186, 0.229, 0.100, 0.100, 0.100, 0.100]
    Layer 25: sigma=[0.100, 0.100, 0.100, 0.100, 0.100, 0.100, 0.100, 0.100, 0.100, 0.100, 0.100, 0.100, 0.100, 0.100, 0.100, 0.100, 0.100, 0.100, 0.100, 0.100, 0.100, 0.100, 0.100, 0.100, 0.100, 0.100, 0.100, 0.100, 0.100, 0.100, 0.100, 0.100]
    Layer 26: sigma=[0.100, 0.100, 0.100, 0.100, 0.100, 0.100, 0.100, 0.100, 0.100, 0.100, 0.100, 0.100, 0.100, 0.100, 0.100, 0.129, 0.100, 0.100, 0.100, 0.100, 0.100, 0.100, 0.100, 0.100, 0.100, 0.100, 0.100, 0.100, 0.100, 0.100, 0.100, 0.100]
    Layer 27: sigma=[0.100, 0.116, 0.100, 0.100, 0.100, 0.100, 0.100, 0.100, 0.100, 0.100, 0.100, 0.100, 0.100, 0.100, 0.100, 0.100, 0.100, 0.100, 0.100, 0.100, 0.100, 0.100, 0.100, 0.100, 0.100, 0.100, 0.100, 0.100, 0.100, 0.218, 0.100, 0.100]
    Layer 28: sigma=[0.100, 0.100, 0.100, 0.100, 0.100, 0.143, 0.100, 0.274, 0.100, 0.100, 0.100, 0.100, 0.100, 0.100, 0.100, 0.100, 0.100, 0.100, 0.100, 0.100, 0.100, 0.100, 0.100, 0.100, 0.100, 0.100, 0.100, 0.100, 0.100, 0.100, 0.100, 0.100]
    Layer 29: sigma=[0.100, 0.100, 0.100, 0.100, 0.100, 0.100, 0.100, 0.100, 0.100, 0.100, 0.100, 0.100, 0.100, 0.100, 0.100, 0.100, 0.100, 0.100, 0.100, 0.100, 0.100, 0.100, 0.100, 0.100, 0.100, 0.100, 0.100, 0.100, 0.100, 0.100, 0.100, 0.100]
    Layer 30: sigma=[0.100, 0.100, 0.100, 0.100, 0.100, 0.100, 0.100, 0.100, 0.100, 0.100, 0.100, 0.100, 0.100, 0.100, 0.100, 0.111, 0.142, 0.100, 0.100, 0.100, 0.100, 0.100, 0.100, 0.100, 0.100, 0.100, 0.100, 0.100, 0.100, 0.100, 0.100, 0.100]
    Layer 31: sigma=[0.100, 0.100, 0.100, 0.100, 0.100, 0.100, 0.100, 0.100, 0.100, 0.100, 0.100, 0.100, 0.100, 0.100, 0.100, 0.100, 0.100, 0.100, 0.100, 0.100, 0.100, 0.100, 0.100, 0.100, 0.100, 0.100, 0.100, 0.100, 0.100, 0.100, 0.100, 0.100]
    Layer 32: sigma=[0.100, 0.100, 0.100, 0.100, 0.100, 0.100, 0.100, 0.100, 0.100, 0.100, 0.100, 0.100, 0.100, 0.100, 0.100, 0.100, 0.100, 0.100, 0.100, 0.100, 0.100, 0.100, 0.100, 0.100, 0.100, 0.100, 0.100, 0.100, 0.100, 0.100, 0.100, 0.100]
    Layer 33: sigma=[0.100, 0.100, 0.100, 0.100, 0.100, 0.100, 0.116, 0.100, 0.100, 0.100, 0.100, 0.100, 0.100, 0.100, 0.100, 0.100, 0.100, 0.100, 0.100, 0.100, 0.100, 0.100, 0.100, 0.100, 0.100, 0.100, 0.100, 0.100, 0.100, 0.100, 0.100, 0.100]
    Layer 34: sigma=[0.100, 0.100, 0.100, 0.100, 0.100, 0.100, 0.100, 0.100, 0.100, 0.100, 0.100, 0.100, 0.100, 0.100, 0.100, 0.100, 0.100, 0.100, 0.100, 0.100, 0.100, 0.100, 0.100, 0.100, 0.100, 0.100, 0.100, 0.100, 0.100, 0.100, 0.100, 0.100]
    Layer 35: sigma=[0.100, 0.100, 0.100, 0.100, 0.100, 0.100, 0.100, 0.100, 0.100, 0.100, 0.100, 0.100, 0.100, 0.100, 0.100, 0.100, 0.100, 0.100, 0.100, 0.100, 0.100, 0.100, 0.100, 0.100, 0.100, 0.100, 0.100, 0.100, 0.100, 0.100, 0.100, 0.100]

  [Taylor Step 3/3] g_proj = v_proj * alpha (damping=0.01)...
    Layer  0: alpha=0.068918  teacher_rms=0.0168  v_rms=0.0024
    Layer  1: alpha=0.057826  teacher_rms=0.0216  v_rms=0.0037
    Layer  2: alpha=0.054778  teacher_rms=0.0222  v_rms=0.0041
    Layer  3: alpha=0.041830  teacher_rms=0.0261  v_rms=0.0062
    Layer  4: alpha=0.048804  teacher_rms=0.0316  v_rms=0.0065
    Layer  5: alpha=0.052427  teacher_rms=0.0412  v_rms=0.0079
    Layer  6: alpha=0.074660  teacher_rms=0.0646  v_rms=0.0087
    Layer  7: alpha=0.040481  teacher_rms=0.0510  v_rms=0.0126
    Layer  8: alpha=0.042595  teacher_rms=0.0695  v_rms=0.0163
    Layer 10: alpha=0.048884  teacher_rms=0.1071  v_rms=0.0219
    Layer 11: alpha=0.053496  teacher_rms=0.1038  v_rms=0.0194
    Layer 12: alpha=0.045096  teacher_rms=0.1177  v_rms=0.0261
    Layer 13: alpha=0.054793  teacher_rms=0.1013  v_rms=0.0185
    Layer 14: alpha=0.053339  teacher_rms=0.1546  v_rms=0.0290
    Layer 15: alpha=0.047502  teacher_rms=0.1546  v_rms=0.0326
    Layer 16: alpha=0.039883  teacher_rms=0.1446  v_rms=0.0363
    Layer 17: alpha=0.035623  teacher_rms=0.1762  v_rms=0.0495
    Layer 18: alpha=0.033236  teacher_rms=0.1919  v_rms=0.0578
    Layer 19: alpha=0.045813  teacher_rms=0.2023  v_rms=0.0442
    Layer 20: alpha=0.051793  teacher_rms=0.1938  v_rms=0.0374
    Layer 21: alpha=0.041208  teacher_rms=0.2301  v_rms=0.0558
    Layer 22: alpha=0.050129  teacher_rms=0.2755  v_rms=0.0550
    Layer 23: alpha=0.049189  teacher_rms=0.3026  v_rms=0.0615
    Layer 24: alpha=0.033987  teacher_rms=0.2864  v_rms=0.0843
    Layer 25: alpha=0.038418  teacher_rms=0.2261  v_rms=0.0589
    Layer 26: alpha=0.027053  teacher_rms=0.1994  v_rms=0.0737
    Layer 27: alpha=0.032525  teacher_rms=0.2900  v_rms=0.0892
    Layer 28: alpha=0.037100  teacher_rms=0.3530  v_rms=0.0951
    Layer 29: alpha=0.016275  teacher_rms=0.2479  v_rms=0.1523
    Layer 30: alpha=0.025325  teacher_rms=0.3921  v_rms=0.1548
    Layer 31: alpha=0.018626  teacher_rms=0.3452  v_rms=0.1853
    Layer 32: alpha=0.021930  teacher_rms=0.5106  v_rms=0.2328
    Layer 33: alpha=0.016324  teacher_rms=0.5964  v_rms=0.3653
    Layer 34: alpha=0.031180  teacher_rms=1.0165  v_rms=0.3260
    Layer 35: alpha=0.058528  teacher_rms=1.0378  v_rms=0.1773

  Set g_proj = v_proj * alpha in 35 GDN layers (damping=0.01).
  Init (taylor_distill) done in 372.0s
  Layer 9: PPL = 1419.59  (eval 20.0s)

============================================================
  Probing layer 10 | strategy=taylor_distill
============================================================
Loading checkpoint shards:   0%|          | 0/4 [00:00<?, ?it/s]Loading checkpoint shards: 100%|██████████| 4/4 [00:00<00:00, 62.43it/s]
Could not cache non-existence of file. Will ignore error and continue. Error: [Errno 13] Permission denied: '/data/shared/huggingface/hub/models--Qwen--Qwen3-8B/.no_exist/b968826d9c46dd6066d109eabc6255188de91218/model.safetensors'
Loading checkpoint shards:   0%|          | 0/5 [00:00<?, ?it/s]Loading checkpoint shards: 100%|██████████| 5/5 [00:00<00:00, 81.78it/s]
Token indices sequence length is longer than the specified maximum sequence length for this model (2429029 > 131072). Running this sequence through the model will result in indexing errors
  [Taylor Step 1/3] Gate calibration from attention stats...
    Layer  0: dist=[18, 2, 6, 20, 8, 14, 6, 7, 10, 4, 6, 7, 10, 18, 17, 5, 9, 11, 8, 8, 8, 12, 2, 7, 4, 26, 5, 26, 9, 19, 9, 8]
    Layer  1: dist=[12, 21, 14, 26, 2, 9, 17, 7, 25, 18, 32, 29, 18, 28, 28, 20, 17, 26, 31, 18, 28, 17, 21, 21, 26, 8, 25, 23, 41, 16, 20, 28]
    Layer  2: dist=[36, 36, 37, 32, 17, 27, 20, 24, 21, 24, 29, 33, 28, 25, 26, 34, 32, 26, 28, 22, 28, 36, 27, 27, 14, 14, 11, 19, 41, 42, 43, 41]
    Layer  3: dist=[40, 20, 9, 12, 49, 50, 46, 42, 30, 27, 33, 31, 49, 43, 42, 42, 35, 37, 29, 37, 42, 33, 32, 36, 35, 30, 29, 33, 39, 36, 40, 37]
    Layer  4: dist=[31, 35, 41, 36, 41, 33, 35, 48, 37, 38, 34, 34, 31, 31, 38, 35, 35, 37, 38, 39, 34, 35, 25, 34, 26, 32, 27, 21, 28, 33, 30, 30]
    Layer  5: dist=[23, 29, 30, 21, 36, 34, 29, 29, 4, 14, 40, 38, 31, 43, 32, 30, 23, 20, 28, 28, 29, 30, 27, 33, 38, 39, 43, 43, 26, 25, 29, 32]
    Layer  6: dist=[16, 22, 17, 17, 27, 24, 34, 32, 25, 12, 21, 20, 31, 34, 28, 16, 28, 20, 24, 23, 13, 18, 18, 8, 21, 24, 18, 28, 24, 25, 21, 27]
    Layer  7: dist=[31, 36, 33, 46, 63, 57, 63, 60, 45, 60, 53, 41, 54, 15, 30, 49, 42, 54, 44, 44, 54, 45, 58, 59, 34, 41, 25, 43, 49, 51, 49, 54]
    Layer  8: dist=[45, 46, 49, 29, 43, 41, 35, 44, 46, 52, 43, 48, 51, 43, 49, 36, 60, 56, 54, 51, 44, 54, 51, 57, 47, 37, 51, 36, 44, 38, 42, 44]
    Layer  9: dist=[40, 32, 31, 36, 45, 49, 48, 40, 62, 61, 60, 56, 14, 46, 32, 45, 49, 53, 59, 62, 44, 40, 35, 41, 61, 44, 49, 54, 62, 57, 63, 61]
    Layer 11: dist=[33, 33, 47, 27, 29, 36, 43, 42, 52, 62, 57, 49, 44, 33, 38, 39, 39, 36, 33, 25, 42, 56, 46, 46, 39, 32, 36, 32, 49, 34, 31, 48]
    Layer 12: dist=[12, 40, 39, 33, 43, 46, 39, 36, 33, 36, 44, 44, 50, 45, 45, 49, 21, 38, 29, 44, 55, 54, 53, 56, 49, 1, 56, 23, 43, 45, 59, 49]
    Layer 13: dist=[29, 36, 39, 36, 31, 29, 35, 22, 47, 36, 52, 61, 64, 58, 55, 62, 46, 39, 31, 36, 47, 33, 44, 46, 44, 33, 40, 41, 58, 56, 49, 51]
    Layer 14: dist=[25, 35, 34, 24, 39, 24, 35, 33, 31, 32, 37, 37, 36, 40, 35, 36, 41, 46, 31, 35, 33, 17, 28, 42, 27, 38, 40, 38, 43, 44, 5, 48]
    Layer 15: dist=[45, 27, 43, 23, 20, 22, 41, 33, 48, 33, 26, 54, 37, 56, 41, 47, 33, 33, 34, 36, 33, 30, 27, 27, 27, 20, 41, 37, 38, 47, 38, 28]
    Layer 16: dist=[37, 32, 42, 47, 29, 35, 26, 31, 29, 45, 40, 43, 49, 35, 44, 47, 38, 41, 34, 35, 59, 60, 57, 54, 39, 28, 34, 6, 32, 33, 36, 32]
    Layer 17: dist=[58, 50, 41, 34, 28, 31, 22, 25, 44, 54, 42, 49, 23, 32, 39, 39, 24, 29, 32, 22, 39, 51, 49, 48, 30, 28, 31, 26, 29, 43, 47, 36]
    Layer 18: dist=[20, 27, 19, 18, 29, 37, 39, 30, 37, 40, 37, 45, 34, 34, 31, 35, 26, 41, 42, 28, 38, 28, 37, 52, 31, 35, 35, 36, 30, 29, 43, 31]
    Layer 19: dist=[39, 33, 35, 35, 43, 54, 30, 38, 40, 44, 41, 48, 35, 31, 40, 35, 44, 42, 26, 29, 10, 28, 18, 27, 52, 54, 52, 58, 44, 43, 41, 41]
    Layer 20: dist=[46, 39, 44, 40, 41, 27, 28, 31, 23, 21, 26, 21, 48, 42, 48, 50, 24, 28, 31, 21, 38, 57, 52, 51, 63, 51, 53, 44, 49, 43, 55, 55]
    Layer 21: dist=[26, 25, 30, 35, 58, 33, 53, 58, 61, 33, 39, 38, 26, 24, 25, 23, 39, 40, 45, 32, 47, 52, 48, 49, 35, 34, 32, 44, 38, 40, 34, 47]
    Layer 22: dist=[39, 32, 37, 33, 28, 38, 24, 30, 21, 27, 24, 35, 9, 46, 32, 35, 18, 40, 40, 23, 53, 59, 60, 61, 51, 44, 46, 48, 57, 47, 53, 50]
    Layer 23: dist=[22, 18, 26, 22, 55, 55, 22, 50, 41, 20, 24, 31, 37, 36, 41, 39, 41, 38, 42, 48, 41, 46, 42, 40, 41, 39, 37, 51, 47, 44, 44, 39]
    Layer 24: dist=[40, 62, 57, 51, 50, 56, 54, 47, 52, 54, 52, 43, 41, 39, 47, 40, 42, 49, 44, 42, 60, 53, 52, 58, 31, 41, 39, 29, 50, 57, 51, 47]
    Layer 25: dist=[50, 60, 59, 49, 38, 38, 54, 42, 46, 52, 47, 48, 36, 45, 27, 37, 48, 50, 49, 45, 54, 56, 55, 55, 58, 56, 50, 55, 46, 61, 51, 45]
    Layer 26: dist=[43, 47, 57, 36, 59, 57, 59, 56, 52, 56, 53, 49, 52, 62, 60, 60, 43, 46, 53, 50, 53, 54, 60, 57, 53, 50, 54, 50, 58, 50, 59, 51]
    Layer 27: dist=[48, 55, 54, 59, 50, 53, 52, 44, 41, 52, 55, 52, 41, 56, 42, 45, 51, 53, 53, 53, 47, 56, 54, 44, 57, 59, 60, 60, 50, 44, 45, 60]
    Layer 28: dist=[53, 47, 54, 53, 41, 35, 40, 38, 52, 57, 47, 46, 57, 53, 48, 50, 57, 51, 53, 55, 59, 37, 32, 46, 47, 46, 50, 51, 46, 48, 35, 49]
    Layer 29: dist=[57, 58, 57, 58, 45, 56, 47, 58, 58, 57, 61, 54, 60, 61, 60, 61, 58, 56, 58, 60, 62, 61, 56, 62, 49, 59, 47, 49, 55, 51, 56, 56]
    Layer 30: dist=[40, 54, 51, 52, 53, 51, 48, 37, 60, 59, 58, 60, 53, 53, 57, 51, 52, 39, 61, 61, 29, 60, 53, 54, 60, 60, 61, 60, 55, 56, 54, 51]
    Layer 31: dist=[60, 58, 51, 49, 58, 59, 59, 59, 57, 41, 46, 47, 58, 59, 59, 58, 52, 53, 55, 48, 60, 59, 56, 59, 57, 56, 46, 60, 57, 55, 53, 57]
    Layer 32: dist=[56, 57, 58, 57, 58, 60, 59, 60, 56, 55, 59, 58, 48, 58, 54, 47, 58, 54, 54, 54, 62, 48, 57, 60, 36, 48, 44, 53, 58, 54, 51, 53]
    Layer 33: dist=[52, 61, 57, 60, 45, 52, 29, 47, 57, 58, 57, 58, 58, 59, 58, 59, 59, 59, 53, 56, 58, 49, 54, 57, 57, 59, 60, 59, 56, 56, 55, 53]
    Layer 34: dist=[56, 57, 58, 57, 55, 56, 55, 54, 25, 47, 54, 42, 58, 57, 60, 40, 42, 44, 62, 30, 58, 27, 59, 60, 61, 60, 62, 60, 26, 32, 35, 54]
    Layer 35: dist=[56, 62, 36, 50, 43, 19, 55, 48, 42, 51, 55, 49, 30, 17, 24, 22, 49, 45, 40, 27, 45, 52, 28, 27, 33, 27, 33, 35, 36, 57, 61, 58]

  [Taylor Step 2/3] OLS sigma per head (scaling V, streaming)...
    Layer  0: sigma=[0.256, 0.100, 0.100, 0.100, 0.197, 0.602, 0.100, 0.100, 0.100, 0.100, 0.141, 0.100, 0.100, 0.100, 0.100, 0.291, 0.100, 0.100, 0.100, 0.100, 0.100, 0.100, 0.100, 0.200, 0.100, 0.100, 0.578, 0.100, 0.252, 0.100, 0.100, 0.100]
    Layer  1: sigma=[0.279, 0.100, 0.100, 0.100, 0.100, 0.100, 0.100, 0.100, 0.100, 0.405, 0.276, 0.100, 0.100, 0.100, 0.100, 0.100, 0.100, 0.100, 0.100, 0.100, 0.100, 0.100, 0.100, 0.209, 0.100, 0.100, 0.177, 0.100, 0.100, 0.100, 0.100, 0.100]
    Layer  2: sigma=[0.151, 0.100, 0.100, 0.100, 0.100, 0.100, 0.100, 0.100, 0.157, 0.100, 0.100, 0.100, 0.100, 0.258, 0.100, 0.100, 0.100, 0.100, 0.100, 0.100, 0.100, 0.100, 0.100, 0.100, 0.100, 0.173, 0.100, 0.100, 0.100, 0.100, 0.100, 0.140]
    Layer  3: sigma=[0.100, 0.453, 0.100, 0.289, 0.100, 0.100, 0.100, 0.100, 0.100, 0.100, 0.100, 0.100, 0.100, 0.100, 0.100, 0.100, 0.100, 0.100, 0.121, 0.100, 0.100, 0.100, 0.100, 0.100, 0.100, 0.121, 0.113, 0.100, 0.100, 0.100, 0.100, 0.100]
    Layer  4: sigma=[0.100, 0.100, 0.100, 0.100, 0.100, 0.100, 0.100, 0.100, 0.100, 0.100, 0.100, 0.100, 0.100, 0.100, 0.100, 0.100, 0.100, 0.100, 0.100, 0.100, 0.100, 0.145, 0.314, 0.100, 0.100, 0.100, 0.100, 0.100, 0.100, 0.100, 0.100, 0.100]
    Layer  5: sigma=[0.100, 0.100, 0.108, 0.100, 0.100, 0.100, 0.100, 0.100, 0.100, 0.269, 0.100, 0.109, 0.100, 0.100, 0.100, 0.110, 0.100, 0.339, 0.100, 0.100, 0.100, 0.100, 0.100, 0.100, 0.100, 0.100, 0.100, 0.100, 0.100, 0.248, 0.100, 0.100]
    Layer  6: sigma=[0.100, 0.100, 0.163, 0.100, 0.116, 0.105, 0.100, 0.100, 0.100, 0.100, 0.100, 0.100, 0.100, 0.100, 0.100, 0.100, 0.100, 0.100, 0.100, 0.100, 0.239, 0.100, 0.100, 0.100, 0.100, 0.100, 0.102, 0.100, 0.100, 0.100, 0.100, 0.100]
    Layer  7: sigma=[0.100, 0.223, 0.100, 0.100, 0.117, 0.100, 0.100, 0.100, 0.100, 0.100, 0.100, 0.163, 0.100, 0.100, 0.100, 0.100, 0.100, 0.100, 0.100, 0.100, 0.100, 0.100, 0.100, 0.100, 0.100, 0.100, 0.100, 0.100, 0.100, 0.100, 0.100, 0.100]
    Layer  8: sigma=[0.100, 0.100, 0.100, 0.100, 0.100, 0.100, 0.100, 0.118, 0.100, 0.100, 0.100, 0.100, 0.100, 0.130, 0.100, 0.100, 0.100, 0.100, 0.100, 0.100, 0.100, 0.100, 0.100, 0.100, 0.100, 0.100, 0.100, 0.302, 0.100, 0.100, 0.100, 0.100]
    Layer  9: sigma=[0.100, 0.100, 0.123, 0.100, 0.100, 0.100, 0.100, 0.100, 0.100, 0.100, 0.100, 0.100, 0.100, 0.100, 0.695, 0.221, 0.100, 0.100, 0.100, 0.100, 0.135, 0.100, 0.100, 0.100, 0.100, 0.167, 0.100, 0.100, 0.100, 0.100, 0.100, 0.100]
    Layer 11: sigma=[0.100, 0.100, 0.100, 0.100, 0.213, 0.100, 0.172, 0.100, 0.100, 0.147, 0.100, 0.100, 0.140, 0.100, 0.291, 0.100, 0.100, 0.100, 0.100, 0.100, 0.100, 0.100, 0.100, 0.100, 0.100, 0.100, 0.243, 0.100, 0.100, 0.100, 0.101, 0.100]
    Layer 12: sigma=[0.100, 0.100, 0.100, 0.100, 0.100, 0.121, 0.100, 0.100, 0.100, 0.119, 0.100, 0.100, 0.100, 0.100, 0.100, 0.100, 0.100, 0.266, 0.544, 0.100, 0.100, 0.100, 0.100, 0.100, 0.100, 0.344, 0.100, 0.148, 0.100, 0.137, 0.142, 0.100]
    Layer 13: sigma=[0.255, 0.100, 0.100, 0.100, 0.100, 0.100, 0.100, 0.112, 0.100, 0.120, 0.127, 0.100, 0.100, 0.100, 0.100, 0.100, 0.100, 0.100, 0.100, 0.100, 0.100, 0.100, 0.100, 0.100, 0.100, 0.100, 0.100, 0.100, 0.100, 0.100, 0.100, 0.100]
    Layer 14: sigma=[0.100, 0.100, 0.109, 0.100, 0.100, 0.494, 0.100, 0.163, 0.100, 0.100, 0.100, 0.100, 0.100, 0.177, 0.100, 0.100, 0.100, 0.100, 0.172, 0.108, 0.100, 0.100, 0.100, 0.100, 0.100, 0.151, 0.100, 0.130, 0.100, 0.100, 0.148, 0.100]
    Layer 15: sigma=[0.100, 0.246, 0.100, 0.100, 0.211, 0.111, 0.100, 0.100, 0.100, 0.100, 0.100, 0.100, 0.244, 0.100, 0.100, 0.100, 0.100, 0.100, 0.100, 0.132, 0.100, 0.100, 0.100, 0.100, 0.258, 0.241, 0.100, 0.100, 0.100, 0.100, 0.100, 0.100]
    Layer 16: sigma=[0.325, 0.100, 0.100, 0.100, 0.100, 0.100, 0.100, 0.100, 0.100, 0.100, 0.100, 0.100, 0.100, 0.100, 0.100, 0.100, 0.100, 0.100, 0.100, 0.100, 0.100, 0.100, 0.100, 0.100, 0.100, 0.164, 0.100, 0.100, 0.100, 0.100, 0.100, 0.100]
    Layer 17: sigma=[0.100, 0.100, 0.100, 0.100, 0.100, 0.495, 0.100, 0.100, 0.109, 0.100, 0.100, 0.100, 0.100, 0.100, 0.100, 0.100, 0.361, 0.128, 0.100, 0.396, 0.100, 0.100, 0.100, 0.100, 0.100, 0.100, 0.383, 0.124, 0.100, 0.100, 0.100, 0.100]
    Layer 18: sigma=[0.100, 0.581, 0.100, 0.100, 0.100, 0.211, 0.100, 0.114, 0.100, 0.100, 0.100, 0.100, 0.100, 0.100, 0.100, 0.100, 0.375, 0.100, 0.100, 0.100, 0.100, 0.100, 0.100, 0.100, 0.100, 0.100, 0.100, 0.100, 0.100, 0.100, 0.100, 0.100]
    Layer 19: sigma=[0.100, 0.100, 0.100, 0.100, 0.100, 0.100, 0.193, 0.100, 0.100, 0.100, 0.100, 0.100, 0.231, 0.100, 0.100, 0.127, 0.100, 0.100, 0.100, 0.369, 0.100, 0.100, 0.100, 0.100, 0.120, 0.100, 0.100, 0.100, 0.100, 0.100, 0.100, 0.100]
    Layer 20: sigma=[0.100, 0.100, 0.184, 0.100, 0.100, 0.251, 0.175, 0.100, 0.100, 0.100, 0.100, 0.100, 0.100, 0.100, 0.100, 0.111, 0.218, 0.107, 0.100, 0.100, 0.100, 0.100, 0.100, 0.100, 0.100, 0.100, 0.100, 0.100, 0.100, 0.100, 0.100, 0.100]
    Layer 21: sigma=[0.128, 0.106, 0.100, 0.140, 0.100, 0.100, 0.100, 0.100, 0.100, 0.100, 0.100, 0.370, 0.100, 0.100, 0.100, 0.100, 0.100, 0.100, 0.100, 0.120, 0.100, 0.100, 0.100, 0.100, 0.100, 0.100, 0.100, 0.100, 0.100, 0.100, 0.261, 0.114]
    Layer 22: sigma=[0.174, 0.100, 0.100, 0.100, 0.158, 0.105, 0.128, 0.218, 0.221, 0.100, 0.100, 0.100, 0.100, 0.100, 0.100, 0.100, 0.100, 0.100, 0.100, 0.123, 0.100, 0.100, 0.100, 0.100, 0.100, 0.100, 0.100, 0.100, 0.100, 0.100, 0.100, 0.100]
    Layer 23: sigma=[0.186, 0.132, 0.195, 0.100, 0.100, 0.100, 0.155, 0.100, 0.100, 0.100, 0.100, 0.100, 0.100, 0.100, 0.100, 0.100, 0.100, 0.100, 0.100, 0.100, 0.100, 0.100, 0.100, 0.100, 0.100, 0.100, 0.100, 0.100, 0.100, 0.232, 0.257, 0.254]
    Layer 24: sigma=[0.100, 0.100, 0.100, 0.100, 0.100, 0.100, 0.100, 0.100, 0.188, 0.100, 0.100, 0.100, 0.100, 0.100, 0.100, 0.177, 0.100, 0.100, 0.100, 0.113, 0.100, 0.100, 0.100, 0.100, 0.246, 0.267, 0.198, 0.218, 0.100, 0.100, 0.100, 0.100]
    Layer 25: sigma=[0.100, 0.100, 0.100, 0.100, 0.100, 0.100, 0.100, 0.100, 0.100, 0.100, 0.100, 0.100, 0.100, 0.100, 0.100, 0.100, 0.100, 0.100, 0.100, 0.100, 0.100, 0.100, 0.100, 0.100, 0.100, 0.100, 0.100, 0.100, 0.100, 0.100, 0.100, 0.100]
    Layer 26: sigma=[0.100, 0.100, 0.100, 0.100, 0.100, 0.100, 0.100, 0.100, 0.100, 0.100, 0.100, 0.100, 0.100, 0.100, 0.100, 0.100, 0.100, 0.100, 0.100, 0.100, 0.100, 0.100, 0.100, 0.100, 0.100, 0.100, 0.100, 0.100, 0.100, 0.100, 0.100, 0.100]
    Layer 27: sigma=[0.100, 0.100, 0.100, 0.100, 0.100, 0.100, 0.100, 0.100, 0.100, 0.100, 0.100, 0.100, 0.100, 0.100, 0.100, 0.100, 0.100, 0.100, 0.100, 0.100, 0.100, 0.100, 0.100, 0.100, 0.100, 0.100, 0.100, 0.100, 0.100, 0.254, 0.100, 0.100]
    Layer 28: sigma=[0.100, 0.100, 0.100, 0.100, 0.100, 0.155, 0.100, 0.273, 0.100, 0.100, 0.100, 0.100, 0.100, 0.100, 0.100, 0.100, 0.100, 0.100, 0.100, 0.100, 0.100, 0.100, 0.100, 0.100, 0.100, 0.100, 0.100, 0.100, 0.100, 0.100, 0.100, 0.100]
    Layer 29: sigma=[0.100, 0.100, 0.100, 0.100, 0.100, 0.100, 0.100, 0.100, 0.100, 0.100, 0.100, 0.100, 0.100, 0.100, 0.100, 0.100, 0.100, 0.100, 0.100, 0.100, 0.100, 0.100, 0.100, 0.100, 0.100, 0.100, 0.100, 0.100, 0.100, 0.100, 0.100, 0.100]
    Layer 30: sigma=[0.100, 0.100, 0.100, 0.100, 0.100, 0.100, 0.100, 0.100, 0.100, 0.100, 0.100, 0.100, 0.100, 0.100, 0.100, 0.104, 0.122, 0.100, 0.100, 0.100, 0.100, 0.100, 0.100, 0.100, 0.100, 0.100, 0.100, 0.100, 0.100, 0.100, 0.100, 0.100]
    Layer 31: sigma=[0.100, 0.100, 0.100, 0.100, 0.100, 0.100, 0.100, 0.100, 0.100, 0.100, 0.100, 0.100, 0.100, 0.100, 0.100, 0.100, 0.100, 0.100, 0.100, 0.100, 0.100, 0.100, 0.100, 0.100, 0.100, 0.100, 0.100, 0.100, 0.100, 0.100, 0.100, 0.100]
    Layer 32: sigma=[0.100, 0.100, 0.100, 0.100, 0.100, 0.100, 0.100, 0.100, 0.100, 0.100, 0.100, 0.100, 0.100, 0.100, 0.100, 0.100, 0.100, 0.100, 0.100, 0.100, 0.100, 0.100, 0.100, 0.100, 0.100, 0.100, 0.100, 0.100, 0.100, 0.100, 0.100, 0.100]
    Layer 33: sigma=[0.100, 0.100, 0.100, 0.100, 0.100, 0.100, 0.100, 0.100, 0.100, 0.100, 0.100, 0.100, 0.100, 0.100, 0.100, 0.100, 0.100, 0.100, 0.100, 0.100, 0.100, 0.100, 0.100, 0.100, 0.100, 0.100, 0.100, 0.100, 0.100, 0.100, 0.100, 0.100]
    Layer 34: sigma=[0.100, 0.100, 0.100, 0.100, 0.100, 0.100, 0.100, 0.100, 0.100, 0.100, 0.100, 0.100, 0.100, 0.100, 0.100, 0.100, 0.100, 0.100, 0.100, 0.100, 0.100, 0.100, 0.100, 0.100, 0.100, 0.100, 0.100, 0.100, 0.100, 0.100, 0.100, 0.100]
    Layer 35: sigma=[0.100, 0.100, 0.100, 0.100, 0.119, 0.100, 0.100, 0.100, 0.100, 0.100, 0.100, 0.100, 0.100, 0.100, 0.100, 0.100, 0.100, 0.100, 0.100, 0.100, 0.100, 0.100, 0.170, 0.100, 0.100, 0.100, 0.100, 0.100, 0.100, 0.100, 0.100, 0.100]

  [Taylor Step 3/3] g_proj = v_proj * alpha (damping=0.01)...
    Layer  0: alpha=0.068948  teacher_rms=0.0168  v_rms=0.0024
    Layer  1: alpha=0.058049  teacher_rms=0.0216  v_rms=0.0037
    Layer  2: alpha=0.054851  teacher_rms=0.0222  v_rms=0.0041
    Layer  3: alpha=0.041655  teacher_rms=0.0261  v_rms=0.0063
    Layer  4: alpha=0.049146  teacher_rms=0.0316  v_rms=0.0064
    Layer  5: alpha=0.052625  teacher_rms=0.0412  v_rms=0.0078
    Layer  6: alpha=0.075153  teacher_rms=0.0646  v_rms=0.0086
    Layer  7: alpha=0.041255  teacher_rms=0.0510  v_rms=0.0124
    Layer  8: alpha=0.041141  teacher_rms=0.0695  v_rms=0.0169
    Layer  9: alpha=0.028286  teacher_rms=0.0701  v_rms=0.0248
    Layer 11: alpha=0.053304  teacher_rms=0.1038  v_rms=0.0195
    Layer 12: alpha=0.044024  teacher_rms=0.1177  v_rms=0.0267
    Layer 13: alpha=0.054158  teacher_rms=0.1013  v_rms=0.0187
    Layer 14: alpha=0.053214  teacher_rms=0.1546  v_rms=0.0290
    Layer 15: alpha=0.047554  teacher_rms=0.1546  v_rms=0.0325
    Layer 16: alpha=0.039823  teacher_rms=0.1446  v_rms=0.0363
    Layer 17: alpha=0.035135  teacher_rms=0.1762  v_rms=0.0502
    Layer 18: alpha=0.034924  teacher_rms=0.1919  v_rms=0.0550
    Layer 19: alpha=0.049910  teacher_rms=0.2023  v_rms=0.0405
    Layer 20: alpha=0.050707  teacher_rms=0.1938  v_rms=0.0382
    Layer 21: alpha=0.047196  teacher_rms=0.2301  v_rms=0.0488
    Layer 22: alpha=0.053036  teacher_rms=0.2755  v_rms=0.0520
    Layer 23: alpha=0.048196  teacher_rms=0.3026  v_rms=0.0628
    Layer 24: alpha=0.034197  teacher_rms=0.2864  v_rms=0.0837
    Layer 25: alpha=0.038418  teacher_rms=0.2261  v_rms=0.0589
    Layer 26: alpha=0.027400  teacher_rms=0.1994  v_rms=0.0728
    Layer 27: alpha=0.031962  teacher_rms=0.2900  v_rms=0.0907
    Layer 28: alpha=0.036992  teacher_rms=0.3530  v_rms=0.0954
    Layer 29: alpha=0.016275  teacher_rms=0.2479  v_rms=0.1523
    Layer 30: alpha=0.025617  teacher_rms=0.3921  v_rms=0.1531
    Layer 31: alpha=0.018626  teacher_rms=0.3452  v_rms=0.1853
    Layer 32: alpha=0.021930  teacher_rms=0.5106  v_rms=0.2328
    Layer 33: alpha=0.016345  teacher_rms=0.5964  v_rms=0.3649
    Layer 34: alpha=0.031180  teacher_rms=1.0165  v_rms=0.3260
    Layer 35: alpha=0.056891  teacher_rms=1.0378  v_rms=0.1824

  Set g_proj = v_proj * alpha in 35 GDN layers (damping=0.01).
  Init (taylor_distill) done in 456.4s
  Layer 10: PPL = 4249.12  (eval 19.9s)

============================================================
  Probing layer 11 | strategy=taylor_distill
============================================================
Loading checkpoint shards:   0%|          | 0/4 [00:00<?, ?it/s]Loading checkpoint shards: 100%|██████████| 4/4 [00:00<00:00, 148.42it/s]
Could not cache non-existence of file. Will ignore error and continue. Error: [Errno 13] Permission denied: '/data/shared/huggingface/hub/models--Qwen--Qwen3-8B/.no_exist/b968826d9c46dd6066d109eabc6255188de91218/model.safetensors'
Loading checkpoint shards:   0%|          | 0/5 [00:00<?, ?it/s]Loading checkpoint shards: 100%|██████████| 5/5 [00:00<00:00, 180.40it/s]
Token indices sequence length is longer than the specified maximum sequence length for this model (2429029 > 131072). Running this sequence through the model will result in indexing errors
  [Taylor Step 1/3] Gate calibration from attention stats...
    Layer  0: dist=[18, 2, 6, 20, 8, 14, 6, 7, 10, 4, 6, 7, 10, 18, 17, 5, 9, 11, 8, 8, 8, 12, 2, 7, 4, 26, 5, 26, 9, 19, 9, 8]
    Layer  1: dist=[12, 21, 14, 26, 2, 9, 17, 7, 25, 18, 32, 29, 18, 28, 28, 20, 17, 26, 31, 18, 28, 17, 21, 21, 26, 8, 25, 23, 41, 16, 20, 28]
    Layer  2: dist=[36, 36, 37, 32, 17, 27, 20, 24, 21, 24, 29, 33, 28, 25, 26, 34, 32, 26, 28, 22, 28, 36, 27, 27, 14, 14, 11, 19, 41, 42, 43, 41]
    Layer  3: dist=[40, 20, 9, 12, 49, 50, 46, 42, 30, 27, 33, 31, 49, 43, 42, 42, 35, 37, 29, 37, 42, 33, 32, 36, 35, 30, 29, 33, 39, 36, 40, 37]
    Layer  4: dist=[31, 35, 41, 36, 41, 33, 35, 48, 37, 38, 34, 34, 31, 31, 38, 35, 35, 37, 38, 39, 34, 35, 25, 34, 26, 32, 27, 21, 28, 33, 30, 30]
    Layer  5: dist=[23, 29, 30, 21, 36, 34, 29, 29, 4, 14, 40, 38, 31, 43, 32, 30, 23, 20, 28, 28, 29, 30, 27, 33, 38, 39, 43, 43, 26, 25, 29, 32]
    Layer  6: dist=[16, 22, 17, 17, 27, 24, 34, 32, 25, 12, 21, 20, 31, 34, 28, 16, 28, 20, 24, 23, 13, 18, 18, 8, 21, 24, 18, 28, 24, 25, 21, 27]
    Layer  7: dist=[31, 36, 33, 46, 63, 57, 63, 60, 45, 60, 53, 41, 54, 15, 30, 49, 42, 54, 44, 44, 54, 45, 58, 59, 34, 41, 25, 43, 49, 51, 49, 54]
    Layer  8: dist=[45, 46, 49, 29, 43, 41, 35, 44, 46, 52, 43, 48, 51, 43, 49, 36, 60, 56, 54, 51, 44, 54, 51, 57, 47, 37, 51, 36, 44, 38, 42, 44]
    Layer  9: dist=[40, 32, 31, 36, 45, 49, 48, 40, 62, 61, 60, 56, 14, 46, 32, 45, 49, 53, 59, 62, 44, 40, 35, 41, 61, 44, 49, 54, 62, 57, 63, 61]
    Layer 10: dist=[39, 39, 30, 39, 46, 55, 33, 41, 34, 45, 55, 26, 49, 36, 42, 44, 45, 53, 52, 50, 46, 31, 56, 51, 51, 56, 47, 43, 40, 39, 44, 47]
    Layer 12: dist=[12, 40, 39, 33, 43, 46, 39, 36, 33, 36, 44, 44, 50, 45, 45, 49, 21, 38, 29, 44, 55, 54, 53, 56, 49, 1, 56, 23, 43, 45, 59, 49]
    Layer 13: dist=[29, 36, 39, 36, 31, 29, 35, 22, 47, 36, 52, 61, 64, 58, 55, 62, 46, 39, 31, 36, 47, 33, 44, 46, 44, 33, 40, 41, 58, 56, 49, 51]
    Layer 14: dist=[25, 35, 34, 24, 39, 24, 35, 33, 31, 32, 37, 37, 36, 40, 35, 36, 41, 46, 31, 35, 33, 17, 28, 42, 27, 38, 40, 38, 43, 44, 5, 48]
    Layer 15: dist=[45, 27, 43, 23, 20, 22, 41, 33, 48, 33, 26, 54, 37, 56, 41, 47, 33, 33, 34, 36, 33, 30, 27, 27, 27, 20, 41, 37, 38, 47, 38, 28]
    Layer 16: dist=[37, 32, 42, 47, 29, 35, 26, 31, 29, 45, 40, 43, 49, 35, 44, 47, 38, 41, 34, 35, 59, 60, 57, 54, 39, 28, 34, 6, 32, 33, 36, 32]
    Layer 17: dist=[58, 50, 41, 34, 28, 31, 22, 25, 44, 54, 42, 49, 23, 32, 39, 39, 24, 29, 32, 22, 39, 51, 49, 48, 30, 28, 31, 26, 29, 43, 47, 36]
    Layer 18: dist=[20, 27, 19, 18, 29, 37, 39, 30, 37, 40, 37, 45, 34, 34, 31, 35, 26, 41, 42, 28, 38, 28, 37, 52, 31, 35, 35, 36, 30, 29, 43, 31]
    Layer 19: dist=[39, 33, 35, 35, 43, 54, 30, 38, 40, 44, 41, 48, 35, 31, 40, 35, 44, 42, 26, 29, 10, 28, 18, 27, 52, 54, 52, 58, 44, 43, 41, 41]
    Layer 20: dist=[46, 39, 44, 40, 41, 27, 28, 31, 23, 21, 26, 21, 48, 42, 48, 50, 24, 28, 31, 21, 38, 57, 52, 51, 63, 51, 53, 44, 49, 43, 55, 55]
    Layer 21: dist=[26, 25, 30, 35, 58, 33, 53, 58, 61, 33, 39, 38, 26, 24, 25, 23, 39, 40, 45, 32, 47, 52, 48, 49, 35, 34, 32, 44, 38, 40, 34, 47]
    Layer 22: dist=[39, 32, 37, 33, 28, 38, 24, 30, 21, 27, 24, 35, 9, 46, 32, 35, 18, 40, 40, 23, 53, 59, 60, 61, 51, 44, 46, 48, 57, 47, 53, 50]
    Layer 23: dist=[22, 18, 26, 22, 55, 55, 22, 50, 41, 20, 24, 31, 37, 36, 41, 39, 41, 38, 42, 48, 41, 46, 42, 40, 41, 39, 37, 51, 47, 44, 44, 39]
    Layer 24: dist=[40, 62, 57, 51, 50, 56, 54, 47, 52, 54, 52, 43, 41, 39, 47, 40, 42, 49, 44, 42, 60, 53, 52, 58, 31, 41, 39, 29, 50, 57, 51, 47]
    Layer 25: dist=[50, 60, 59, 49, 38, 38, 54, 42, 46, 52, 47, 48, 36, 45, 27, 37, 48, 50, 49, 45, 54, 56, 55, 55, 58, 56, 50, 55, 46, 61, 51, 45]
    Layer 26: dist=[43, 47, 57, 36, 59, 57, 59, 56, 52, 56, 53, 49, 52, 62, 60, 60, 43, 46, 53, 50, 53, 54, 60, 57, 53, 50, 54, 50, 58, 50, 59, 51]
    Layer 27: dist=[48, 55, 54, 59, 50, 53, 52, 44, 41, 52, 55, 52, 41, 56, 42, 45, 51, 53, 53, 53, 47, 56, 54, 44, 57, 59, 60, 60, 50, 44, 45, 60]
    Layer 28: dist=[53, 47, 54, 53, 41, 35, 40, 38, 52, 57, 47, 46, 57, 53, 48, 50, 57, 51, 53, 55, 59, 37, 32, 46, 47, 46, 50, 51, 46, 48, 35, 49]
    Layer 29: dist=[57, 58, 57, 58, 45, 56, 47, 58, 58, 57, 61, 54, 60, 61, 60, 61, 58, 56, 58, 60, 62, 61, 56, 62, 49, 59, 47, 49, 55, 51, 56, 56]
    Layer 30: dist=[40, 54, 51, 52, 53, 51, 48, 37, 60, 59, 58, 60, 53, 53, 57, 51, 52, 39, 61, 61, 29, 60, 53, 54, 60, 60, 61, 60, 55, 56, 54, 51]
    Layer 31: dist=[60, 58, 51, 49, 58, 59, 59, 59, 57, 41, 46, 47, 58, 59, 59, 58, 52, 53, 55, 48, 60, 59, 56, 59, 57, 56, 46, 60, 57, 55, 53, 57]
    Layer 32: dist=[56, 57, 58, 57, 58, 60, 59, 60, 56, 55, 59, 58, 48, 58, 54, 47, 58, 54, 54, 54, 62, 48, 57, 60, 36, 48, 44, 53, 58, 54, 51, 53]
    Layer 33: dist=[52, 61, 57, 60, 45, 52, 29, 47, 57, 58, 57, 58, 58, 59, 58, 59, 59, 59, 53, 56, 58, 49, 54, 57, 57, 59, 60, 59, 56, 56, 55, 53]
    Layer 34: dist=[56, 57, 58, 57, 55, 56, 55, 54, 25, 47, 54, 42, 58, 57, 60, 40, 42, 44, 62, 30, 58, 27, 59, 60, 61, 60, 62, 60, 26, 32, 35, 54]
    Layer 35: dist=[56, 62, 36, 50, 43, 19, 55, 48, 42, 51, 55, 49, 30, 17, 24, 22, 49, 45, 40, 27, 45, 52, 28, 27, 33, 27, 33, 35, 36, 57, 61, 58]

  [Taylor Step 2/3] OLS sigma per head (scaling V, streaming)...
    Layer  0: sigma=[0.256, 0.100, 0.100, 0.100, 0.195, 0.602, 0.100, 0.100, 0.100, 0.100, 0.141, 0.100, 0.100, 0.100, 0.100, 0.292, 0.100, 0.100, 0.100, 0.100, 0.100, 0.100, 0.100, 0.199, 0.100, 0.100, 0.575, 0.100, 0.252, 0.100, 0.100, 0.100]
    Layer  1: sigma=[0.279, 0.100, 0.100, 0.100, 0.100, 0.100, 0.100, 0.100, 0.100, 0.406, 0.276, 0.100, 0.100, 0.100, 0.100, 0.100, 0.100, 0.100, 0.100, 0.100, 0.100, 0.100, 0.100, 0.208, 0.100, 0.100, 0.179, 0.100, 0.100, 0.100, 0.100, 0.100]
    Layer  2: sigma=[0.151, 0.100, 0.100, 0.100, 0.100, 0.100, 0.100, 0.100, 0.156, 0.100, 0.100, 0.100, 0.100, 0.258, 0.100, 0.100, 0.100, 0.100, 0.100, 0.100, 0.100, 0.100, 0.100, 0.100, 0.100, 0.175, 0.100, 0.100, 0.100, 0.100, 0.100, 0.137]
    Layer  3: sigma=[0.100, 0.455, 0.100, 0.293, 0.100, 0.100, 0.100, 0.100, 0.100, 0.100, 0.100, 0.100, 0.100, 0.100, 0.100, 0.100, 0.100, 0.100, 0.121, 0.100, 0.100, 0.100, 0.100, 0.100, 0.100, 0.123, 0.107, 0.100, 0.100, 0.100, 0.100, 0.100]
    Layer  4: sigma=[0.100, 0.100, 0.100, 0.100, 0.100, 0.100, 0.100, 0.100, 0.100, 0.100, 0.100, 0.100, 0.100, 0.100, 0.100, 0.100, 0.100, 0.100, 0.100, 0.100, 0.100, 0.143, 0.320, 0.100, 0.100, 0.100, 0.100, 0.100, 0.100, 0.100, 0.100, 0.100]
    Layer  5: sigma=[0.100, 0.100, 0.106, 0.100, 0.100, 0.100, 0.100, 0.100, 0.100, 0.268, 0.100, 0.103, 0.100, 0.100, 0.100, 0.111, 0.100, 0.329, 0.100, 0.100, 0.100, 0.100, 0.100, 0.100, 0.100, 0.100, 0.100, 0.100, 0.100, 0.245, 0.100, 0.100]
    Layer  6: sigma=[0.100, 0.100, 0.173, 0.100, 0.118, 0.111, 0.100, 0.100, 0.100, 0.100, 0.100, 0.100, 0.100, 0.100, 0.100, 0.100, 0.100, 0.100, 0.100, 0.100, 0.241, 0.100, 0.100, 0.100, 0.100, 0.100, 0.103, 0.100, 0.100, 0.100, 0.100, 0.100]
    Layer  7: sigma=[0.100, 0.252, 0.100, 0.100, 0.119, 0.100, 0.100, 0.100, 0.100, 0.100, 0.100, 0.150, 0.100, 0.100, 0.100, 0.100, 0.100, 0.100, 0.100, 0.100, 0.100, 0.100, 0.100, 0.100, 0.100, 0.100, 0.100, 0.100, 0.100, 0.100, 0.100, 0.100]
    Layer  8: sigma=[0.100, 0.100, 0.100, 0.100, 0.100, 0.100, 0.100, 0.109, 0.100, 0.100, 0.100, 0.100, 0.100, 0.124, 0.100, 0.100, 0.100, 0.100, 0.100, 0.100, 0.100, 0.100, 0.100, 0.100, 0.100, 0.100, 0.100, 0.307, 0.100, 0.100, 0.100, 0.100]
    Layer  9: sigma=[0.100, 0.100, 0.123, 0.100, 0.100, 0.100, 0.100, 0.100, 0.100, 0.100, 0.100, 0.100, 0.100, 0.100, 0.818, 0.227, 0.100, 0.100, 0.100, 0.100, 0.125, 0.100, 0.100, 0.100, 0.100, 0.165, 0.100, 0.100, 0.100, 0.100, 0.100, 0.100]
    Layer 10: sigma=[0.100, 0.100, 0.100, 0.100, 0.100, 0.100, 0.100, 0.100, 0.143, 0.100, 0.100, 0.100, 0.100, 0.100, 0.100, 0.100, 0.100, 0.100, 0.100, 0.100, 0.100, 0.100, 0.100, 0.100, 0.100, 0.100, 0.100, 0.100, 0.106, 0.100, 0.106, 0.100]
    Layer 12: sigma=[0.100, 0.100, 0.100, 0.100, 0.100, 0.122, 0.100, 0.100, 0.100, 0.114, 0.100, 0.100, 0.100, 0.100, 0.100, 0.100, 0.100, 0.284, 0.467, 0.100, 0.100, 0.100, 0.100, 0.100, 0.100, 0.362, 0.100, 0.124, 0.100, 0.139, 0.144, 0.100]
    Layer 13: sigma=[0.258, 0.100, 0.100, 0.100, 0.100, 0.100, 0.100, 0.114, 0.100, 0.120, 0.126, 0.100, 0.100, 0.100, 0.100, 0.100, 0.100, 0.100, 0.100, 0.100, 0.100, 0.100, 0.100, 0.100, 0.100, 0.100, 0.100, 0.100, 0.100, 0.100, 0.100, 0.100]
    Layer 14: sigma=[0.100, 0.100, 0.100, 0.100, 0.100, 0.425, 0.100, 0.151, 0.100, 0.100, 0.100, 0.100, 0.100, 0.178, 0.100, 0.100, 0.100, 0.100, 0.185, 0.116, 0.100, 0.100, 0.100, 0.100, 0.100, 0.142, 0.100, 0.131, 0.100, 0.100, 0.130, 0.100]
    Layer 15: sigma=[0.100, 0.238, 0.100, 0.100, 0.232, 0.104, 0.100, 0.100, 0.100, 0.100, 0.100, 0.104, 0.253, 0.100, 0.100, 0.100, 0.100, 0.100, 0.108, 0.132, 0.100, 0.100, 0.100, 0.100, 0.294, 0.281, 0.100, 0.100, 0.100, 0.100, 0.100, 0.100]
    Layer 16: sigma=[0.354, 0.100, 0.100, 0.100, 0.100, 0.100, 0.100, 0.100, 0.100, 0.100, 0.100, 0.100, 0.100, 0.100, 0.100, 0.100, 0.100, 0.100, 0.100, 0.100, 0.100, 0.100, 0.100, 0.100, 0.100, 0.139, 0.100, 0.100, 0.100, 0.100, 0.100, 0.100]
    Layer 17: sigma=[0.100, 0.100, 0.100, 0.100, 0.100, 0.478, 0.100, 0.103, 0.110, 0.100, 0.100, 0.100, 0.100, 0.100, 0.100, 0.100, 0.283, 0.100, 0.100, 0.374, 0.100, 0.100, 0.100, 0.100, 0.100, 0.100, 0.353, 0.128, 0.100, 0.100, 0.100, 0.100]
    Layer 18: sigma=[0.100, 0.627, 0.100, 0.100, 0.100, 0.192, 0.100, 0.100, 0.100, 0.100, 0.100, 0.100, 0.100, 0.100, 0.100, 0.100, 0.462, 0.100, 0.100, 0.100, 0.100, 0.100, 0.100, 0.100, 0.100, 0.100, 0.100, 0.100, 0.100, 0.100, 0.100, 0.100]
    Layer 19: sigma=[0.100, 0.100, 0.100, 0.100, 0.100, 0.100, 0.167, 0.100, 0.100, 0.100, 0.100, 0.100, 0.302, 0.100, 0.100, 0.140, 0.100, 0.100, 0.100, 0.412, 0.100, 0.100, 0.100, 0.100, 0.104, 0.100, 0.100, 0.100, 0.100, 0.100, 0.100, 0.100]
    Layer 20: sigma=[0.100, 0.100, 0.189, 0.104, 0.100, 0.258, 0.229, 0.100, 0.100, 0.100, 0.100, 0.100, 0.100, 0.100, 0.100, 0.100, 0.206, 0.100, 0.100, 0.100, 0.101, 0.100, 0.100, 0.100, 0.100, 0.100, 0.100, 0.100, 0.100, 0.100, 0.100, 0.100]
    Layer 21: sigma=[0.121, 0.100, 0.100, 0.132, 0.100, 0.100, 0.100, 0.100, 0.100, 0.100, 0.100, 0.389, 0.100, 0.100, 0.100, 0.100, 0.100, 0.100, 0.100, 0.134, 0.100, 0.100, 0.100, 0.100, 0.100, 0.100, 0.100, 0.100, 0.100, 0.100, 0.332, 0.133]
    Layer 22: sigma=[0.207, 0.100, 0.100, 0.100, 0.172, 0.100, 0.133, 0.266, 0.185, 0.100, 0.100, 0.100, 0.108, 0.100, 0.100, 0.100, 0.100, 0.100, 0.104, 0.112, 0.100, 0.100, 0.100, 0.100, 0.100, 0.100, 0.100, 0.100, 0.100, 0.100, 0.100, 0.100]
    Layer 23: sigma=[0.194, 0.116, 0.219, 0.100, 0.100, 0.100, 0.199, 0.100, 0.100, 0.100, 0.100, 0.100, 0.100, 0.100, 0.100, 0.100, 0.100, 0.100, 0.100, 0.100, 0.100, 0.100, 0.100, 0.100, 0.100, 0.100, 0.100, 0.100, 0.100, 0.256, 0.224, 0.108]
    Layer 24: sigma=[0.100, 0.100, 0.100, 0.100, 0.100, 0.100, 0.100, 0.100, 0.121, 0.100, 0.100, 0.100, 0.100, 0.100, 0.100, 0.232, 0.100, 0.100, 0.100, 0.100, 0.100, 0.100, 0.100, 0.100, 0.275, 0.322, 0.120, 0.234, 0.100, 0.100, 0.100, 0.100]
    Layer 25: sigma=[0.100, 0.100, 0.100, 0.100, 0.100, 0.100, 0.100, 0.100, 0.100, 0.100, 0.100, 0.100, 0.100, 0.100, 0.100, 0.100, 0.100, 0.100, 0.100, 0.100, 0.100, 0.100, 0.100, 0.100, 0.100, 0.100, 0.100, 0.100, 0.100, 0.100, 0.100, 0.100]
    Layer 26: sigma=[0.100, 0.120, 0.100, 0.100, 0.100, 0.100, 0.100, 0.100, 0.100, 0.100, 0.100, 0.100, 0.100, 0.100, 0.100, 0.106, 0.100, 0.100, 0.100, 0.100, 0.100, 0.100, 0.100, 0.100, 0.100, 0.100, 0.100, 0.100, 0.100, 0.100, 0.100, 0.100]
    Layer 27: sigma=[0.100, 0.100, 0.100, 0.100, 0.100, 0.100, 0.100, 0.100, 0.100, 0.100, 0.100, 0.100, 0.100, 0.100, 0.100, 0.100, 0.100, 0.100, 0.100, 0.100, 0.100, 0.100, 0.100, 0.100, 0.100, 0.100, 0.100, 0.100, 0.100, 0.278, 0.100, 0.100]
    Layer 28: sigma=[0.100, 0.100, 0.100, 0.100, 0.104, 0.101, 0.100, 0.244, 0.100, 0.100, 0.100, 0.100, 0.100, 0.100, 0.100, 0.100, 0.100, 0.100, 0.100, 0.100, 0.100, 0.100, 0.100, 0.100, 0.100, 0.100, 0.100, 0.100, 0.100, 0.100, 0.100, 0.100]
    Layer 29: sigma=[0.100, 0.100, 0.100, 0.100, 0.100, 0.100, 0.100, 0.100, 0.100, 0.100, 0.100, 0.100, 0.100, 0.100, 0.100, 0.100, 0.100, 0.100, 0.100, 0.100, 0.100, 0.100, 0.100, 0.100, 0.100, 0.100, 0.100, 0.100, 0.100, 0.100, 0.100, 0.100]
    Layer 30: sigma=[0.100, 0.100, 0.100, 0.100, 0.100, 0.100, 0.100, 0.100, 0.100, 0.100, 0.100, 0.100, 0.100, 0.100, 0.100, 0.100, 0.100, 0.100, 0.100, 0.100, 0.100, 0.100, 0.100, 0.100, 0.100, 0.100, 0.100, 0.100, 0.100, 0.100, 0.100, 0.100]
    Layer 31: sigma=[0.100, 0.100, 0.100, 0.100, 0.100, 0.100, 0.100, 0.100, 0.100, 0.100, 0.100, 0.100, 0.100, 0.100, 0.100, 0.100, 0.100, 0.100, 0.100, 0.100, 0.100, 0.100, 0.100, 0.100, 0.100, 0.100, 0.100, 0.100, 0.100, 0.100, 0.100, 0.100]
    Layer 32: sigma=[0.100, 0.100, 0.100, 0.100, 0.100, 0.100, 0.100, 0.100, 0.100, 0.100, 0.100, 0.100, 0.100, 0.100, 0.100, 0.100, 0.100, 0.100, 0.100, 0.100, 0.100, 0.100, 0.100, 0.100, 0.100, 0.100, 0.100, 0.100, 0.100, 0.100, 0.100, 0.100]
    Layer 33: sigma=[0.100, 0.100, 0.100, 0.100, 0.100, 0.100, 0.100, 0.100, 0.100, 0.100, 0.100, 0.100, 0.100, 0.100, 0.100, 0.100, 0.100, 0.100, 0.100, 0.100, 0.100, 0.100, 0.100, 0.100, 0.100, 0.100, 0.100, 0.100, 0.100, 0.100, 0.100, 0.100]
    Layer 34: sigma=[0.100, 0.100, 0.100, 0.100, 0.100, 0.100, 0.100, 0.100, 0.100, 0.100, 0.100, 0.100, 0.100, 0.100, 0.100, 0.100, 0.100, 0.100, 0.100, 0.100, 0.100, 0.100, 0.100, 0.100, 0.100, 0.100, 0.100, 0.100, 0.100, 0.100, 0.100, 0.100]
    Layer 35: sigma=[0.100, 0.100, 0.100, 0.100, 0.100, 0.100, 0.100, 0.100, 0.100, 0.100, 0.100, 0.100, 0.100, 0.100, 0.100, 0.100, 0.100, 0.100, 0.100, 0.100, 0.100, 0.100, 0.100, 0.100, 0.100, 0.100, 0.100, 0.100, 0.100, 0.100, 0.100, 0.100]

  [Taylor Step 3/3] g_proj = v_proj * alpha (damping=0.01)...
    Layer  0: alpha=0.069055  teacher_rms=0.0168  v_rms=0.0024
    Layer  1: alpha=0.058011  teacher_rms=0.0216  v_rms=0.0037
    Layer  2: alpha=0.054833  teacher_rms=0.0222  v_rms=0.0041
    Layer  3: alpha=0.041578  teacher_rms=0.0261  v_rms=0.0063
    Layer  4: alpha=0.049003  teacher_rms=0.0316  v_rms=0.0064
    Layer  5: alpha=0.053054  teacher_rms=0.0412  v_rms=0.0078
    Layer  6: alpha=0.074670  teacher_rms=0.0646  v_rms=0.0087
    Layer  7: alpha=0.040588  teacher_rms=0.0510  v_rms=0.0126
    Layer  8: alpha=0.041157  teacher_rms=0.0695  v_rms=0.0169
    Layer  9: alpha=0.025687  teacher_rms=0.0701  v_rms=0.0273
    Layer 10: alpha=0.048847  teacher_rms=0.1071  v_rms=0.0219
    Layer 12: alpha=0.045662  teacher_rms=0.1177  v_rms=0.0258
    Layer 13: alpha=0.054014  teacher_rms=0.1013  v_rms=0.0188
    Layer 14: alpha=0.055877  teacher_rms=0.1546  v_rms=0.0277
    Layer 15: alpha=0.046647  teacher_rms=0.1546  v_rms=0.0331
    Layer 16: alpha=0.039440  teacher_rms=0.1446  v_rms=0.0367
    Layer 17: alpha=0.036738  teacher_rms=0.1762  v_rms=0.0480
    Layer 18: alpha=0.032799  teacher_rms=0.1919  v_rms=0.0585
    Layer 19: alpha=0.047103  teacher_rms=0.2023  v_rms=0.0429
    Layer 20: alpha=0.049596  teacher_rms=0.1938  v_rms=0.0391
    Layer 21: alpha=0.044133  teacher_rms=0.2301  v_rms=0.0521
    Layer 22: alpha=0.051595  teacher_rms=0.2755  v_rms=0.0534
    Layer 23: alpha=0.049641  teacher_rms=0.3026  v_rms=0.0610
    Layer 24: alpha=0.034119  teacher_rms=0.2864  v_rms=0.0839
    Layer 25: alpha=0.038418  teacher_rms=0.2261  v_rms=0.0589
    Layer 26: alpha=0.027162  teacher_rms=0.1994  v_rms=0.0734
    Layer 27: alpha=0.031405  teacher_rms=0.2900  v_rms=0.0923
    Layer 28: alpha=0.038220  teacher_rms=0.3530  v_rms=0.0924
    Layer 29: alpha=0.016275  teacher_rms=0.2479  v_rms=0.1523
    Layer 30: alpha=0.025867  teacher_rms=0.3921  v_rms=0.1516
    Layer 31: alpha=0.018626  teacher_rms=0.3452  v_rms=0.1853
    Layer 32: alpha=0.021930  teacher_rms=0.5106  v_rms=0.2328
    Layer 33: alpha=0.016345  teacher_rms=0.5964  v_rms=0.3649
    Layer 34: alpha=0.031180  teacher_rms=1.0165  v_rms=0.3260
    Layer 35: alpha=0.058525  teacher_rms=1.0378  v_rms=0.1773

  Set g_proj = v_proj * alpha in 35 GDN layers (damping=0.01).
  Init (taylor_distill) done in 340.4s
  Layer 11: PPL = 1314.30  (eval 19.4s)

============================================================
  Probing layer 12 | strategy=taylor_distill
============================================================
Loading checkpoint shards:   0%|          | 0/4 [00:00<?, ?it/s]Loading checkpoint shards: 100%|██████████| 4/4 [00:00<00:00, 150.24it/s]
Could not cache non-existence of file. Will ignore error and continue. Error: [Errno 13] Permission denied: '/data/shared/huggingface/hub/models--Qwen--Qwen3-8B/.no_exist/b968826d9c46dd6066d109eabc6255188de91218/model.safetensors'
Loading checkpoint shards:   0%|          | 0/5 [00:00<?, ?it/s]Loading checkpoint shards: 100%|██████████| 5/5 [00:00<00:00, 182.15it/s]
Token indices sequence length is longer than the specified maximum sequence length for this model (2429029 > 131072). Running this sequence through the model will result in indexing errors
  [Taylor Step 1/3] Gate calibration from attention stats...
    Layer  0: dist=[18, 2, 6, 20, 8, 14, 6, 7, 10, 4, 6, 7, 10, 18, 17, 5, 9, 11, 8, 8, 8, 12, 2, 7, 4, 26, 5, 26, 9, 19, 9, 8]
    Layer  1: dist=[12, 21, 14, 26, 2, 9, 17, 7, 25, 18, 32, 29, 18, 28, 28, 20, 17, 26, 31, 18, 28, 17, 21, 21, 26, 8, 25, 23, 41, 16, 20, 28]
    Layer  2: dist=[36, 36, 37, 32, 17, 27, 20, 24, 21, 24, 29, 33, 28, 25, 26, 34, 32, 26, 28, 22, 28, 36, 27, 27, 14, 14, 11, 19, 41, 42, 43, 41]
    Layer  3: dist=[40, 20, 9, 12, 49, 50, 46, 42, 30, 27, 33, 31, 49, 43, 42, 42, 35, 37, 29, 37, 42, 33, 32, 36, 35, 30, 29, 33, 39, 36, 40, 37]
    Layer  4: dist=[31, 35, 41, 36, 41, 33, 35, 48, 37, 38, 34, 34, 31, 31, 38, 35, 35, 37, 38, 39, 34, 35, 25, 34, 26, 32, 27, 21, 28, 33, 30, 30]
    Layer  5: dist=[23, 29, 30, 21, 36, 34, 29, 29, 4, 14, 40, 38, 31, 43, 32, 30, 23, 20, 28, 28, 29, 30, 27, 33, 38, 39, 43, 43, 26, 25, 29, 32]
    Layer  6: dist=[16, 22, 17, 17, 27, 24, 34, 32, 25, 12, 21, 20, 31, 34, 28, 16, 28, 20, 24, 23, 13, 18, 18, 8, 21, 24, 18, 28, 24, 25, 21, 27]
    Layer  7: dist=[31, 36, 33, 46, 63, 57, 63, 60, 45, 60, 53, 41, 54, 15, 30, 49, 42, 54, 44, 44, 54, 45, 58, 59, 34, 41, 25, 43, 49, 51, 49, 54]
    Layer  8: dist=[45, 46, 49, 29, 43, 41, 35, 44, 46, 52, 43, 48, 51, 43, 49, 36, 60, 56, 54, 51, 44, 54, 51, 57, 47, 37, 51, 36, 44, 38, 42, 44]
    Layer  9: dist=[40, 32, 31, 36, 45, 49, 48, 40, 62, 61, 60, 56, 14, 46, 32, 45, 49, 53, 59, 62, 44, 40, 35, 41, 61, 44, 49, 54, 62, 57, 63, 61]
    Layer 10: dist=[39, 39, 30, 39, 46, 55, 33, 41, 34, 45, 55, 26, 49, 36, 42, 44, 45, 53, 52, 50, 46, 31, 56, 51, 51, 56, 47, 43, 40, 39, 44, 47]
    Layer 11: dist=[33, 33, 47, 27, 29, 36, 43, 42, 52, 62, 57, 49, 44, 33, 38, 39, 39, 36, 33, 25, 42, 56, 46, 46, 39, 32, 36, 32, 49, 34, 31, 48]
    Layer 13: dist=[29, 36, 39, 36, 31, 29, 35, 22, 47, 36, 52, 61, 64, 58, 55, 62, 46, 39, 31, 36, 47, 33, 44, 46, 44, 33, 40, 41, 58, 56, 49, 51]
    Layer 14: dist=[25, 35, 34, 24, 39, 24, 35, 33, 31, 32, 37, 37, 36, 40, 35, 36, 41, 46, 31, 35, 33, 17, 28, 42, 27, 38, 40, 38, 43, 44, 5, 48]
    Layer 15: dist=[45, 27, 43, 23, 20, 22, 41, 33, 48, 33, 26, 54, 37, 56, 41, 47, 33, 33, 34, 36, 33, 30, 27, 27, 27, 20, 41, 37, 38, 47, 38, 28]
    Layer 16: dist=[37, 32, 42, 47, 29, 35, 26, 31, 29, 45, 40, 43, 49, 35, 44, 47, 38, 41, 34, 35, 59, 60, 57, 54, 39, 28, 34, 6, 32, 33, 36, 32]
    Layer 17: dist=[58, 50, 41, 34, 28, 31, 22, 25, 44, 54, 42, 49, 23, 32, 39, 39, 24, 29, 32, 22, 39, 51, 49, 48, 30, 28, 31, 26, 29, 43, 47, 36]
    Layer 18: dist=[20, 27, 19, 18, 29, 37, 39, 30, 37, 40, 37, 45, 34, 34, 31, 35, 26, 41, 42, 28, 38, 28, 37, 52, 31, 35, 35, 36, 30, 29, 43, 31]
    Layer 19: dist=[39, 33, 35, 35, 43, 54, 30, 38, 40, 44, 41, 48, 35, 31, 40, 35, 44, 42, 26, 29, 10, 28, 18, 27, 52, 54, 52, 58, 44, 43, 41, 41]
    Layer 20: dist=[46, 39, 44, 40, 41, 27, 28, 31, 23, 21, 26, 21, 48, 42, 48, 50, 24, 28, 31, 21, 38, 57, 52, 51, 63, 51, 53, 44, 49, 43, 55, 55]
    Layer 21: dist=[26, 25, 30, 35, 58, 33, 53, 58, 61, 33, 39, 38, 26, 24, 25, 23, 39, 40, 45, 32, 47, 52, 48, 49, 35, 34, 32, 44, 38, 40, 34, 47]
    Layer 22: dist=[39, 32, 37, 33, 28, 38, 24, 30, 21, 27, 24, 35, 9, 46, 32, 35, 18, 40, 40, 23, 53, 59, 60, 61, 51, 44, 46, 48, 57, 47, 53, 50]
    Layer 23: dist=[22, 18, 26, 22, 55, 55, 22, 50, 41, 20, 24, 31, 37, 36, 41, 39, 41, 38, 42, 48, 41, 46, 42, 40, 41, 39, 37, 51, 47, 44, 44, 39]
    Layer 24: dist=[40, 62, 57, 51, 50, 56, 54, 47, 52, 54, 52, 43, 41, 39, 47, 40, 42, 49, 44, 42, 60, 53, 52, 58, 31, 41, 39, 29, 50, 57, 51, 47]
    Layer 25: dist=[50, 60, 59, 49, 38, 38, 54, 42, 46, 52, 47, 48, 36, 45, 27, 37, 48, 50, 49, 45, 54, 56, 55, 55, 58, 56, 50, 55, 46, 61, 51, 45]
    Layer 26: dist=[43, 47, 57, 36, 59, 57, 59, 56, 52, 56, 53, 49, 52, 62, 60, 60, 43, 46, 53, 50, 53, 54, 60, 57, 53, 50, 54, 50, 58, 50, 59, 51]
    Layer 27: dist=[48, 55, 54, 59, 50, 53, 52, 44, 41, 52, 55, 52, 41, 56, 42, 45, 51, 53, 53, 53, 47, 56, 54, 44, 57, 59, 60, 60, 50, 44, 45, 60]
    Layer 28: dist=[53, 47, 54, 53, 41, 35, 40, 38, 52, 57, 47, 46, 57, 53, 48, 50, 57, 51, 53, 55, 59, 37, 32, 46, 47, 46, 50, 51, 46, 48, 35, 49]
    Layer 29: dist=[57, 58, 57, 58, 45, 56, 47, 58, 58, 57, 61, 54, 60, 61, 60, 61, 58, 56, 58, 60, 62, 61, 56, 62, 49, 59, 47, 49, 55, 51, 56, 56]
    Layer 30: dist=[40, 54, 51, 52, 53, 51, 48, 37, 60, 59, 58, 60, 53, 53, 57, 51, 52, 39, 61, 61, 29, 60, 53, 54, 60, 60, 61, 60, 55, 56, 54, 51]
    Layer 31: dist=[60, 58, 51, 49, 58, 59, 59, 59, 57, 41, 46, 47, 58, 59, 59, 58, 52, 53, 55, 48, 60, 59, 56, 59, 57, 56, 46, 60, 57, 55, 53, 57]
    Layer 32: dist=[56, 57, 58, 57, 58, 60, 59, 60, 56, 55, 59, 58, 48, 58, 54, 47, 58, 54, 54, 54, 62, 48, 57, 60, 36, 48, 44, 53, 58, 54, 51, 53]
    Layer 33: dist=[52, 61, 57, 60, 45, 52, 29, 47, 57, 58, 57, 58, 58, 59, 58, 59, 59, 59, 53, 56, 58, 49, 54, 57, 57, 59, 60, 59, 56, 56, 55, 53]
    Layer 34: dist=[56, 57, 58, 57, 55, 56, 55, 54, 25, 47, 54, 42, 58, 57, 60, 40, 42, 44, 62, 30, 58, 27, 59, 60, 61, 60, 62, 60, 26, 32, 35, 54]
    Layer 35: dist=[56, 62, 36, 50, 43, 19, 55, 48, 42, 51, 55, 49, 30, 17, 24, 22, 49, 45, 40, 27, 45, 52, 28, 27, 33, 27, 33, 35, 36, 57, 61, 58]

  [Taylor Step 2/3] OLS sigma per head (scaling V, streaming)...
    Layer  0: sigma=[0.254, 0.100, 0.100, 0.100, 0.196, 0.601, 0.100, 0.100, 0.100, 0.100, 0.141, 0.100, 0.100, 0.100, 0.100, 0.290, 0.100, 0.100, 0.100, 0.100, 0.100, 0.100, 0.100, 0.199, 0.100, 0.100, 0.576, 0.100, 0.251, 0.100, 0.100, 0.100]
    Layer  1: sigma=[0.280, 0.100, 0.100, 0.100, 0.100, 0.100, 0.100, 0.100, 0.100, 0.411, 0.278, 0.100, 0.100, 0.100, 0.100, 0.100, 0.100, 0.100, 0.100, 0.100, 0.100, 0.100, 0.100, 0.211, 0.100, 0.100, 0.179, 0.100, 0.100, 0.100, 0.100, 0.100]
    Layer  2: sigma=[0.152, 0.100, 0.100, 0.100, 0.100, 0.100, 0.100, 0.100, 0.156, 0.100, 0.100, 0.100, 0.100, 0.254, 0.100, 0.100, 0.100, 0.100, 0.100, 0.100, 0.100, 0.100, 0.100, 0.100, 0.100, 0.176, 0.100, 0.100, 0.100, 0.100, 0.100, 0.134]
    Layer  3: sigma=[0.100, 0.437, 0.100, 0.289, 0.100, 0.100, 0.100, 0.100, 0.100, 0.100, 0.100, 0.100, 0.100, 0.100, 0.100, 0.100, 0.100, 0.100, 0.122, 0.100, 0.100, 0.100, 0.100, 0.100, 0.100, 0.123, 0.112, 0.100, 0.100, 0.100, 0.100, 0.100]
    Layer  4: sigma=[0.100, 0.100, 0.100, 0.100, 0.100, 0.100, 0.100, 0.100, 0.100, 0.100, 0.100, 0.100, 0.100, 0.100, 0.100, 0.100, 0.100, 0.100, 0.100, 0.100, 0.100, 0.142, 0.325, 0.100, 0.100, 0.100, 0.100, 0.100, 0.100, 0.100, 0.100, 0.100]
    Layer  5: sigma=[0.100, 0.100, 0.119, 0.100, 0.100, 0.100, 0.100, 0.100, 0.100, 0.271, 0.100, 0.105, 0.100, 0.100, 0.100, 0.108, 0.100, 0.330, 0.100, 0.100, 0.100, 0.100, 0.100, 0.100, 0.100, 0.100, 0.100, 0.100, 0.100, 0.245, 0.100, 0.100]
    Layer  6: sigma=[0.100, 0.100, 0.150, 0.100, 0.120, 0.108, 0.100, 0.100, 0.100, 0.100, 0.100, 0.100, 0.100, 0.100, 0.100, 0.100, 0.100, 0.100, 0.100, 0.100, 0.243, 0.100, 0.100, 0.100, 0.100, 0.100, 0.102, 0.100, 0.100, 0.100, 0.100, 0.100]
    Layer  7: sigma=[0.100, 0.247, 0.100, 0.100, 0.130, 0.100, 0.100, 0.100, 0.100, 0.100, 0.100, 0.147, 0.100, 0.100, 0.100, 0.100, 0.100, 0.100, 0.100, 0.100, 0.100, 0.100, 0.100, 0.100, 0.100, 0.100, 0.100, 0.100, 0.100, 0.100, 0.100, 0.100]
    Layer  8: sigma=[0.100, 0.100, 0.100, 0.100, 0.100, 0.100, 0.100, 0.109, 0.100, 0.100, 0.100, 0.100, 0.100, 0.149, 0.100, 0.100, 0.100, 0.100, 0.100, 0.100, 0.100, 0.100, 0.100, 0.100, 0.100, 0.100, 0.100, 0.318, 0.100, 0.100, 0.100, 0.100]
    Layer  9: sigma=[0.100, 0.100, 0.123, 0.100, 0.100, 0.100, 0.100, 0.100, 0.100, 0.100, 0.100, 0.100, 0.100, 0.100, 0.761, 0.223, 0.100, 0.100, 0.100, 0.100, 0.133, 0.100, 0.100, 0.100, 0.100, 0.162, 0.100, 0.100, 0.100, 0.100, 0.100, 0.100]
    Layer 10: sigma=[0.100, 0.100, 0.100, 0.100, 0.100, 0.100, 0.100, 0.100, 0.147, 0.100, 0.100, 0.100, 0.100, 0.100, 0.100, 0.100, 0.100, 0.100, 0.100, 0.100, 0.100, 0.100, 0.100, 0.100, 0.100, 0.100, 0.100, 0.100, 0.107, 0.100, 0.107, 0.100]
    Layer 11: sigma=[0.100, 0.100, 0.100, 0.100, 0.224, 0.100, 0.166, 0.100, 0.100, 0.143, 0.100, 0.100, 0.140, 0.100, 0.292, 0.100, 0.100, 0.100, 0.100, 0.100, 0.100, 0.100, 0.100, 0.100, 0.100, 0.100, 0.253, 0.100, 0.100, 0.100, 0.103, 0.100]
    Layer 13: sigma=[0.259, 0.100, 0.100, 0.100, 0.100, 0.100, 0.100, 0.105, 0.100, 0.125, 0.129, 0.100, 0.100, 0.100, 0.100, 0.100, 0.100, 0.100, 0.100, 0.100, 0.100, 0.100, 0.100, 0.100, 0.100, 0.100, 0.100, 0.100, 0.100, 0.100, 0.100, 0.100]
    Layer 14: sigma=[0.100, 0.100, 0.104, 0.100, 0.100, 0.479, 0.100, 0.162, 0.100, 0.100, 0.100, 0.100, 0.100, 0.182, 0.100, 0.100, 0.100, 0.100, 0.141, 0.120, 0.100, 0.100, 0.100, 0.100, 0.100, 0.153, 0.100, 0.141, 0.100, 0.100, 0.172, 0.100]
    Layer 15: sigma=[0.100, 0.233, 0.100, 0.117, 0.192, 0.123, 0.100, 0.100, 0.100, 0.100, 0.100, 0.117, 0.243, 0.100, 0.100, 0.100, 0.100, 0.100, 0.101, 0.146, 0.100, 0.100, 0.100, 0.100, 0.293, 0.255, 0.100, 0.100, 0.100, 0.100, 0.100, 0.100]
    Layer 16: sigma=[0.312, 0.100, 0.100, 0.100, 0.100, 0.100, 0.100, 0.100, 0.100, 0.100, 0.100, 0.100, 0.100, 0.100, 0.100, 0.100, 0.100, 0.100, 0.100, 0.100, 0.100, 0.100, 0.100, 0.100, 0.100, 0.174, 0.100, 0.100, 0.100, 0.100, 0.100, 0.100]
    Layer 17: sigma=[0.100, 0.100, 0.100, 0.100, 0.100, 0.529, 0.100, 0.100, 0.105, 0.100, 0.100, 0.100, 0.100, 0.100, 0.100, 0.100, 0.341, 0.161, 0.100, 0.435, 0.100, 0.100, 0.100, 0.100, 0.107, 0.100, 0.378, 0.127, 0.100, 0.100, 0.100, 0.100]
    Layer 18: sigma=[0.100, 0.633, 0.100, 0.100, 0.100, 0.222, 0.100, 0.100, 0.100, 0.100, 0.100, 0.100, 0.100, 0.100, 0.100, 0.100, 0.395, 0.100, 0.100, 0.100, 0.100, 0.100, 0.100, 0.100, 0.100, 0.100, 0.100, 0.100, 0.100, 0.100, 0.100, 0.100]
    Layer 19: sigma=[0.100, 0.100, 0.100, 0.100, 0.100, 0.100, 0.200, 0.100, 0.100, 0.100, 0.100, 0.100, 0.189, 0.100, 0.100, 0.147, 0.100, 0.100, 0.100, 0.444, 0.100, 0.100, 0.100, 0.100, 0.112, 0.100, 0.100, 0.100, 0.100, 0.100, 0.100, 0.100]
    Layer 20: sigma=[0.100, 0.100, 0.174, 0.100, 0.100, 0.217, 0.175, 0.100, 0.100, 0.100, 0.100, 0.100, 0.100, 0.100, 0.100, 0.116, 0.213, 0.100, 0.100, 0.100, 0.100, 0.100, 0.100, 0.100, 0.100, 0.100, 0.100, 0.100, 0.100, 0.100, 0.100, 0.100]
    Layer 21: sigma=[0.100, 0.100, 0.100, 0.112, 0.100, 0.100, 0.100, 0.100, 0.100, 0.100, 0.100, 0.398, 0.100, 0.100, 0.100, 0.100, 0.100, 0.100, 0.100, 0.123, 0.100, 0.100, 0.100, 0.100, 0.100, 0.100, 0.100, 0.100, 0.100, 0.100, 0.329, 0.127]
    Layer 22: sigma=[0.164, 0.100, 0.100, 0.100, 0.167, 0.139, 0.114, 0.268, 0.237, 0.100, 0.100, 0.100, 0.100, 0.100, 0.100, 0.100, 0.100, 0.100, 0.100, 0.121, 0.100, 0.100, 0.100, 0.100, 0.100, 0.100, 0.100, 0.100, 0.100, 0.100, 0.100, 0.100]
    Layer 23: sigma=[0.180, 0.135, 0.128, 0.100, 0.100, 0.100, 0.134, 0.100, 0.100, 0.100, 0.100, 0.100, 0.100, 0.100, 0.100, 0.100, 0.100, 0.100, 0.100, 0.100, 0.100, 0.100, 0.100, 0.100, 0.100, 0.100, 0.100, 0.100, 0.100, 0.279, 0.250, 0.109]
    Layer 24: sigma=[0.100, 0.100, 0.100, 0.100, 0.100, 0.100, 0.100, 0.100, 0.169, 0.100, 0.100, 0.100, 0.100, 0.100, 0.100, 0.233, 0.100, 0.100, 0.100, 0.107, 0.100, 0.100, 0.100, 0.100, 0.210, 0.323, 0.257, 0.228, 0.100, 0.100, 0.100, 0.100]
    Layer 25: sigma=[0.100, 0.100, 0.100, 0.100, 0.100, 0.100, 0.100, 0.100, 0.100, 0.100, 0.100, 0.100, 0.100, 0.100, 0.100, 0.100, 0.100, 0.100, 0.100, 0.100, 0.100, 0.100, 0.100, 0.100, 0.100, 0.100, 0.100, 0.100, 0.100, 0.100, 0.100, 0.100]
    Layer 26: sigma=[0.100, 0.100, 0.100, 0.100, 0.100, 0.100, 0.100, 0.100, 0.100, 0.100, 0.100, 0.100, 0.100, 0.100, 0.100, 0.109, 0.100, 0.100, 0.100, 0.100, 0.100, 0.100, 0.100, 0.100, 0.100, 0.100, 0.100, 0.100, 0.100, 0.100, 0.100, 0.100]
    Layer 27: sigma=[0.100, 0.100, 0.100, 0.100, 0.100, 0.100, 0.100, 0.100, 0.100, 0.100, 0.100, 0.100, 0.100, 0.100, 0.100, 0.100, 0.100, 0.100, 0.100, 0.100, 0.100, 0.100, 0.100, 0.100, 0.100, 0.100, 0.100, 0.100, 0.100, 0.281, 0.100, 0.100]
    Layer 28: sigma=[0.100, 0.100, 0.100, 0.100, 0.118, 0.128, 0.100, 0.240, 0.100, 0.100, 0.100, 0.100, 0.100, 0.100, 0.100, 0.100, 0.100, 0.100, 0.100, 0.100, 0.100, 0.100, 0.100, 0.100, 0.100, 0.100, 0.100, 0.100, 0.100, 0.100, 0.100, 0.100]
    Layer 29: sigma=[0.100, 0.100, 0.100, 0.100, 0.100, 0.100, 0.100, 0.100, 0.100, 0.100, 0.100, 0.100, 0.100, 0.100, 0.100, 0.100, 0.100, 0.100, 0.100, 0.100, 0.100, 0.100, 0.100, 0.100, 0.100, 0.100, 0.100, 0.100, 0.100, 0.100, 0.100, 0.100]
    Layer 30: sigma=[0.100, 0.100, 0.100, 0.100, 0.100, 0.100, 0.100, 0.100, 0.100, 0.100, 0.100, 0.100, 0.100, 0.100, 0.100, 0.115, 0.100, 0.100, 0.100, 0.100, 0.100, 0.100, 0.100, 0.100, 0.100, 0.100, 0.100, 0.100, 0.100, 0.100, 0.100, 0.100]
    Layer 31: sigma=[0.100, 0.100, 0.100, 0.100, 0.100, 0.100, 0.100, 0.100, 0.100, 0.100, 0.100, 0.100, 0.100, 0.100, 0.100, 0.100, 0.100, 0.100, 0.100, 0.100, 0.100, 0.100, 0.100, 0.100, 0.100, 0.100, 0.100, 0.100, 0.100, 0.100, 0.100, 0.100]
    Layer 32: sigma=[0.100, 0.100, 0.100, 0.100, 0.100, 0.100, 0.100, 0.100, 0.100, 0.100, 0.100, 0.100, 0.100, 0.100, 0.100, 0.100, 0.100, 0.100, 0.100, 0.100, 0.100, 0.100, 0.100, 0.100, 0.100, 0.100, 0.100, 0.100, 0.100, 0.100, 0.100, 0.100]
    Layer 33: sigma=[0.100, 0.100, 0.100, 0.100, 0.100, 0.100, 0.103, 0.100, 0.100, 0.100, 0.100, 0.100, 0.100, 0.100, 0.100, 0.100, 0.100, 0.100, 0.100, 0.100, 0.100, 0.100, 0.100, 0.100, 0.100, 0.100, 0.100, 0.100, 0.100, 0.100, 0.100, 0.100]
    Layer 34: sigma=[0.100, 0.100, 0.100, 0.100, 0.100, 0.100, 0.100, 0.100, 0.100, 0.100, 0.100, 0.100, 0.100, 0.100, 0.100, 0.100, 0.100, 0.100, 0.100, 0.100, 0.100, 0.100, 0.100, 0.100, 0.100, 0.100, 0.100, 0.100, 0.100, 0.100, 0.100, 0.100]
    Layer 35: sigma=[0.100, 0.100, 0.100, 0.100, 0.100, 0.100, 0.100, 0.100, 0.100, 0.100, 0.100, 0.100, 0.100, 0.100, 0.100, 0.100, 0.100, 0.100, 0.100, 0.100, 0.100, 0.100, 0.154, 0.100, 0.100, 0.100, 0.100, 0.100, 0.100, 0.100, 0.100, 0.100]

  [Taylor Step 3/3] g_proj = v_proj * alpha (damping=0.01)...
    Layer  0: alpha=0.069134  teacher_rms=0.0168  v_rms=0.0024
    Layer  1: alpha=0.057782  teacher_rms=0.0216  v_rms=0.0037
    Layer  2: alpha=0.055034  teacher_rms=0.0222  v_rms=0.0040
    Layer  3: alpha=0.042116  teacher_rms=0.0261  v_rms=0.0062
    Layer  4: alpha=0.048855  teacher_rms=0.0316  v_rms=0.0065
    Layer  5: alpha=0.052826  teacher_rms=0.0412  v_rms=0.0078
    Layer  6: alpha=0.075243  teacher_rms=0.0646  v_rms=0.0086
    Layer  7: alpha=0.040628  teacher_rms=0.0510  v_rms=0.0126
    Layer  8: alpha=0.040449  teacher_rms=0.0695  v_rms=0.0172
    Layer  9: alpha=0.026857  teacher_rms=0.0701  v_rms=0.0261
    Layer 10: alpha=0.048752  teacher_rms=0.1071  v_rms=0.0220
    Layer 11: alpha=0.052851  teacher_rms=0.1038  v_rms=0.0196
    Layer 13: alpha=0.054120  teacher_rms=0.1013  v_rms=0.0187
    Layer 14: alpha=0.053626  teacher_rms=0.1546  v_rms=0.0288
    Layer 15: alpha=0.047149  teacher_rms=0.1546  v_rms=0.0328
    Layer 16: alpha=0.039967  teacher_rms=0.1446  v_rms=0.0362
    Layer 17: alpha=0.034302  teacher_rms=0.1762  v_rms=0.0514
    Layer 18: alpha=0.032924  teacher_rms=0.1919  v_rms=0.0583
    Layer 19: alpha=0.048475  teacher_rms=0.2023  v_rms=0.0417
    Layer 20: alpha=0.052244  teacher_rms=0.1938  v_rms=0.0371
    Layer 21: alpha=0.044282  teacher_rms=0.2301  v_rms=0.0520
    Layer 22: alpha=0.051327  teacher_rms=0.2755  v_rms=0.0537
    Layer 23: alpha=0.050542  teacher_rms=0.3026  v_rms=0.0599
    Layer 24: alpha=0.032426  teacher_rms=0.2864  v_rms=0.0883
    Layer 25: alpha=0.038418  teacher_rms=0.2261  v_rms=0.0589
    Layer 26: alpha=0.027297  teacher_rms=0.1994  v_rms=0.0730
    Layer 27: alpha=0.031331  teacher_rms=0.2900  v_rms=0.0926
    Layer 28: alpha=0.037829  teacher_rms=0.3530  v_rms=0.0933
    Layer 29: alpha=0.016275  teacher_rms=0.2479  v_rms=0.1523
    Layer 30: alpha=0.025770  teacher_rms=0.3921  v_rms=0.1522
    Layer 31: alpha=0.018626  teacher_rms=0.3452  v_rms=0.1853
    Layer 32: alpha=0.021930  teacher_rms=0.5106  v_rms=0.2328
    Layer 33: alpha=0.016341  teacher_rms=0.5964  v_rms=0.3650
    Layer 34: alpha=0.031180  teacher_rms=1.0165  v_rms=0.3260
    Layer 35: alpha=0.057576  teacher_rms=1.0378  v_rms=0.1802

  Set g_proj = v_proj * alpha in 35 GDN layers (damping=0.01).
  Init (taylor_distill) done in 340.4s
  Layer 12: PPL = 1280.70  (eval 19.1s)

============================================================
  Probing layer 13 | strategy=taylor_distill
============================================================
Loading checkpoint shards:   0%|          | 0/4 [00:00<?, ?it/s]Loading checkpoint shards: 100%|██████████| 4/4 [00:00<00:00, 122.25it/s]
Could not cache non-existence of file. Will ignore error and continue. Error: [Errno 13] Permission denied: '/data/shared/huggingface/hub/models--Qwen--Qwen3-8B/.no_exist/b968826d9c46dd6066d109eabc6255188de91218/model.safetensors'
Loading checkpoint shards:   0%|          | 0/5 [00:00<?, ?it/s]Loading checkpoint shards: 100%|██████████| 5/5 [00:00<00:00, 189.02it/s]
Token indices sequence length is longer than the specified maximum sequence length for this model (2429029 > 131072). Running this sequence through the model will result in indexing errors
  [Taylor Step 1/3] Gate calibration from attention stats...
    Layer  0: dist=[18, 2, 6, 20, 8, 14, 6, 7, 10, 4, 6, 7, 10, 18, 17, 5, 9, 11, 8, 8, 8, 12, 2, 7, 4, 26, 5, 26, 9, 19, 9, 8]
    Layer  1: dist=[12, 21, 14, 26, 2, 9, 17, 7, 25, 18, 32, 29, 18, 28, 28, 20, 17, 26, 31, 18, 28, 17, 21, 21, 26, 8, 25, 23, 41, 16, 20, 28]
    Layer  2: dist=[36, 36, 37, 32, 17, 27, 20, 24, 21, 24, 29, 33, 28, 25, 26, 34, 32, 26, 28, 22, 28, 36, 27, 27, 14, 14, 11, 19, 41, 42, 43, 41]
    Layer  3: dist=[40, 20, 9, 12, 49, 50, 46, 42, 30, 27, 33, 31, 49, 43, 42, 42, 35, 37, 29, 37, 42, 33, 32, 36, 35, 30, 29, 33, 39, 36, 40, 37]
    Layer  4: dist=[31, 35, 41, 36, 41, 33, 35, 48, 37, 38, 34, 34, 31, 31, 38, 35, 35, 37, 38, 39, 34, 35, 25, 34, 26, 32, 27, 21, 28, 33, 30, 30]
    Layer  5: dist=[23, 29, 30, 21, 36, 34, 29, 29, 4, 14, 40, 38, 31, 43, 32, 30, 23, 20, 28, 28, 29, 30, 27, 33, 38, 39, 43, 43, 26, 25, 29, 32]
    Layer  6: dist=[16, 22, 17, 17, 27, 24, 34, 32, 25, 12, 21, 20, 31, 34, 28, 16, 28, 20, 24, 23, 13, 18, 18, 8, 21, 24, 18, 28, 24, 25, 21, 27]
    Layer  7: dist=[31, 36, 33, 46, 63, 57, 63, 60, 45, 60, 53, 41, 54, 15, 30, 49, 42, 54, 44, 44, 54, 45, 58, 59, 34, 41, 25, 43, 49, 51, 49, 54]
    Layer  8: dist=[45, 46, 49, 29, 43, 41, 35, 44, 46, 52, 43, 48, 51, 43, 49, 36, 60, 56, 54, 51, 44, 54, 51, 57, 47, 37, 51, 36, 44, 38, 42, 44]
    Layer  9: dist=[40, 32, 31, 36, 45, 49, 48, 40, 62, 61, 60, 56, 14, 46, 32, 45, 49, 53, 59, 62, 44, 40, 35, 41, 61, 44, 49, 54, 62, 57, 63, 61]
    Layer 10: dist=[39, 39, 30, 39, 46, 55, 33, 41, 34, 45, 55, 26, 49, 36, 42, 44, 45, 53, 52, 50, 46, 31, 56, 51, 51, 56, 47, 43, 40, 39, 44, 47]
    Layer 11: dist=[33, 33, 47, 27, 29, 36, 43, 42, 52, 62, 57, 49, 44, 33, 38, 39, 39, 36, 33, 25, 42, 56, 46, 46, 39, 32, 36, 32, 49, 34, 31, 48]
    Layer 12: dist=[12, 40, 39, 33, 43, 46, 39, 36, 33, 36, 44, 44, 50, 45, 45, 49, 21, 38, 29, 44, 55, 54, 53, 56, 49, 1, 56, 23, 43, 45, 59, 49]
    Layer 14: dist=[25, 35, 34, 24, 39, 24, 35, 33, 31, 32, 37, 37, 36, 40, 35, 36, 41, 46, 31, 35, 33, 17, 28, 42, 27, 38, 40, 38, 43, 44, 5, 48]
    Layer 15: dist=[45, 27, 43, 23, 20, 22, 41, 33, 48, 33, 26, 54, 37, 56, 41, 47, 33, 33, 34, 36, 33, 30, 27, 27, 27, 20, 41, 37, 38, 47, 38, 28]
    Layer 16: dist=[37, 32, 42, 47, 29, 35, 26, 31, 29, 45, 40, 43, 49, 35, 44, 47, 38, 41, 34, 35, 59, 60, 57, 54, 39, 28, 34, 6, 32, 33, 36, 32]
    Layer 17: dist=[58, 50, 41, 34, 28, 31, 22, 25, 44, 54, 42, 49, 23, 32, 39, 39, 24, 29, 32, 22, 39, 51, 49, 48, 30, 28, 31, 26, 29, 43, 47, 36]
    Layer 18: dist=[20, 27, 19, 18, 29, 37, 39, 30, 37, 40, 37, 45, 34, 34, 31, 35, 26, 41, 42, 28, 38, 28, 37, 52, 31, 35, 35, 36, 30, 29, 43, 31]
    Layer 19: dist=[39, 33, 35, 35, 43, 54, 30, 38, 40, 44, 41, 48, 35, 31, 40, 35, 44, 42, 26, 29, 10, 28, 18, 27, 52, 54, 52, 58, 44, 43, 41, 41]
    Layer 20: dist=[46, 39, 44, 40, 41, 27, 28, 31, 23, 21, 26, 21, 48, 42, 48, 50, 24, 28, 31, 21, 38, 57, 52, 51, 63, 51, 53, 44, 49, 43, 55, 55]
    Layer 21: dist=[26, 25, 30, 35, 58, 33, 53, 58, 61, 33, 39, 38, 26, 24, 25, 23, 39, 40, 45, 32, 47, 52, 48, 49, 35, 34, 32, 44, 38, 40, 34, 47]
    Layer 22: dist=[39, 32, 37, 33, 28, 38, 24, 30, 21, 27, 24, 35, 9, 46, 32, 35, 18, 40, 40, 23, 53, 59, 60, 61, 51, 44, 46, 48, 57, 47, 53, 50]
    Layer 23: dist=[22, 18, 26, 22, 55, 55, 22, 50, 41, 20, 24, 31, 37, 36, 41, 39, 41, 38, 42, 48, 41, 46, 42, 40, 41, 39, 37, 51, 47, 44, 44, 39]
    Layer 24: dist=[40, 62, 57, 51, 50, 56, 54, 47, 52, 54, 52, 43, 41, 39, 47, 40, 42, 49, 44, 42, 60, 53, 52, 58, 31, 41, 39, 29, 50, 57, 51, 47]
    Layer 25: dist=[50, 60, 59, 49, 38, 38, 54, 42, 46, 52, 47, 48, 36, 45, 27, 37, 48, 50, 49, 45, 54, 56, 55, 55, 58, 56, 50, 55, 46, 61, 51, 45]
    Layer 26: dist=[43, 47, 57, 36, 59, 57, 59, 56, 52, 56, 53, 49, 52, 62, 60, 60, 43, 46, 53, 50, 53, 54, 60, 57, 53, 50, 54, 50, 58, 50, 59, 51]
    Layer 27: dist=[48, 55, 54, 59, 50, 53, 52, 44, 41, 52, 55, 52, 41, 56, 42, 45, 51, 53, 53, 53, 47, 56, 54, 44, 57, 59, 60, 60, 50, 44, 45, 60]
    Layer 28: dist=[53, 47, 54, 53, 41, 35, 40, 38, 52, 57, 47, 46, 57, 53, 48, 50, 57, 51, 53, 55, 59, 37, 32, 46, 47, 46, 50, 51, 46, 48, 35, 49]
    Layer 29: dist=[57, 58, 57, 58, 45, 56, 47, 58, 58, 57, 61, 54, 60, 61, 60, 61, 58, 56, 58, 60, 62, 61, 56, 62, 49, 59, 47, 49, 55, 51, 56, 56]
    Layer 30: dist=[40, 54, 51, 52, 53, 51, 48, 37, 60, 59, 58, 60, 53, 53, 57, 51, 52, 39, 61, 61, 29, 60, 53, 54, 60, 60, 61, 60, 55, 56, 54, 51]
    Layer 31: dist=[60, 58, 51, 49, 58, 59, 59, 59, 57, 41, 46, 47, 58, 59, 59, 58, 52, 53, 55, 48, 60, 59, 56, 59, 57, 56, 46, 60, 57, 55, 53, 57]
    Layer 32: dist=[56, 57, 58, 57, 58, 60, 59, 60, 56, 55, 59, 58, 48, 58, 54, 47, 58, 54, 54, 54, 62, 48, 57, 60, 36, 48, 44, 53, 58, 54, 51, 53]
    Layer 33: dist=[52, 61, 57, 60, 45, 52, 29, 47, 57, 58, 57, 58, 58, 59, 58, 59, 59, 59, 53, 56, 58, 49, 54, 57, 57, 59, 60, 59, 56, 56, 55, 53]
    Layer 34: dist=[56, 57, 58, 57, 55, 56, 55, 54, 25, 47, 54, 42, 58, 57, 60, 40, 42, 44, 62, 30, 58, 27, 59, 60, 61, 60, 62, 60, 26, 32, 35, 54]
    Layer 35: dist=[56, 62, 36, 50, 43, 19, 55, 48, 42, 51, 55, 49, 30, 17, 24, 22, 49, 45, 40, 27, 45, 52, 28, 27, 33, 27, 33, 35, 36, 57, 61, 58]

  [Taylor Step 2/3] OLS sigma per head (scaling V, streaming)...
    Layer  0: sigma=[0.257, 0.100, 0.100, 0.100, 0.197, 0.602, 0.100, 0.100, 0.100, 0.100, 0.140, 0.100, 0.100, 0.100, 0.100, 0.289, 0.100, 0.100, 0.100, 0.100, 0.100, 0.100, 0.100, 0.200, 0.100, 0.100, 0.576, 0.100, 0.251, 0.100, 0.100, 0.100]
    Layer  1: sigma=[0.277, 0.100, 0.100, 0.100, 0.100, 0.100, 0.100, 0.100, 0.100, 0.408, 0.277, 0.100, 0.100, 0.100, 0.100, 0.100, 0.100, 0.100, 0.100, 0.100, 0.100, 0.100, 0.100, 0.207, 0.100, 0.100, 0.180, 0.100, 0.100, 0.100, 0.100, 0.100]
    Layer  2: sigma=[0.151, 0.100, 0.100, 0.100, 0.100, 0.100, 0.100, 0.100, 0.160, 0.100, 0.100, 0.100, 0.100, 0.259, 0.100, 0.100, 0.100, 0.100, 0.100, 0.100, 0.100, 0.100, 0.100, 0.100, 0.100, 0.174, 0.100, 0.100, 0.100, 0.100, 0.100, 0.137]
    Layer  3: sigma=[0.100, 0.453, 0.100, 0.294, 0.100, 0.100, 0.100, 0.100, 0.100, 0.100, 0.100, 0.100, 0.100, 0.100, 0.100, 0.100, 0.100, 0.100, 0.119, 0.100, 0.100, 0.100, 0.100, 0.100, 0.100, 0.122, 0.109, 0.100, 0.100, 0.100, 0.100, 0.100]
    Layer  4: sigma=[0.100, 0.100, 0.100, 0.100, 0.100, 0.100, 0.100, 0.100, 0.100, 0.100, 0.100, 0.100, 0.100, 0.100, 0.100, 0.100, 0.100, 0.100, 0.100, 0.100, 0.100, 0.144, 0.318, 0.100, 0.100, 0.100, 0.100, 0.100, 0.100, 0.100, 0.100, 0.100]
    Layer  5: sigma=[0.100, 0.100, 0.112, 0.100, 0.100, 0.100, 0.100, 0.103, 0.100, 0.272, 0.100, 0.107, 0.100, 0.100, 0.100, 0.111, 0.100, 0.330, 0.100, 0.100, 0.100, 0.100, 0.100, 0.100, 0.100, 0.100, 0.100, 0.100, 0.100, 0.245, 0.100, 0.100]
    Layer  6: sigma=[0.100, 0.100, 0.162, 0.100, 0.116, 0.111, 0.100, 0.100, 0.100, 0.100, 0.100, 0.100, 0.100, 0.100, 0.100, 0.100, 0.100, 0.100, 0.100, 0.100, 0.244, 0.100, 0.100, 0.100, 0.100, 0.100, 0.104, 0.100, 0.100, 0.100, 0.100, 0.100]
    Layer  7: sigma=[0.100, 0.254, 0.100, 0.100, 0.126, 0.100, 0.100, 0.100, 0.100, 0.100, 0.100, 0.147, 0.100, 0.100, 0.100, 0.100, 0.100, 0.100, 0.100, 0.100, 0.100, 0.100, 0.100, 0.100, 0.100, 0.100, 0.100, 0.100, 0.100, 0.100, 0.100, 0.100]
    Layer  8: sigma=[0.100, 0.100, 0.100, 0.100, 0.100, 0.100, 0.100, 0.116, 0.100, 0.100, 0.100, 0.100, 0.100, 0.121, 0.100, 0.100, 0.100, 0.100, 0.100, 0.100, 0.100, 0.100, 0.100, 0.100, 0.100, 0.100, 0.100, 0.317, 0.100, 0.100, 0.100, 0.100]
    Layer  9: sigma=[0.100, 0.100, 0.127, 0.100, 0.100, 0.100, 0.100, 0.100, 0.100, 0.100, 0.100, 0.100, 0.100, 0.100, 0.741, 0.223, 0.100, 0.100, 0.100, 0.100, 0.133, 0.100, 0.100, 0.100, 0.100, 0.167, 0.100, 0.100, 0.100, 0.100, 0.100, 0.100]
    Layer 10: sigma=[0.100, 0.100, 0.100, 0.100, 0.100, 0.100, 0.100, 0.100, 0.135, 0.100, 0.100, 0.100, 0.100, 0.100, 0.100, 0.100, 0.100, 0.100, 0.100, 0.100, 0.100, 0.100, 0.100, 0.100, 0.100, 0.100, 0.100, 0.100, 0.103, 0.100, 0.103, 0.100]
    Layer 11: sigma=[0.100, 0.100, 0.100, 0.100, 0.217, 0.100, 0.173, 0.100, 0.100, 0.126, 0.100, 0.100, 0.139, 0.100, 0.304, 0.100, 0.100, 0.100, 0.100, 0.100, 0.100, 0.100, 0.100, 0.100, 0.100, 0.100, 0.244, 0.100, 0.100, 0.100, 0.101, 0.100]
    Layer 12: sigma=[0.100, 0.100, 0.100, 0.100, 0.100, 0.122, 0.100, 0.100, 0.100, 0.121, 0.100, 0.100, 0.100, 0.100, 0.100, 0.100, 0.100, 0.275, 0.477, 0.100, 0.100, 0.100, 0.100, 0.100, 0.100, 0.356, 0.100, 0.125, 0.100, 0.137, 0.141, 0.100]
    Layer 14: sigma=[0.100, 0.100, 0.110, 0.100, 0.100, 0.406, 0.100, 0.184, 0.100, 0.100, 0.103, 0.100, 0.100, 0.176, 0.100, 0.100, 0.100, 0.100, 0.209, 0.109, 0.100, 0.100, 0.100, 0.100, 0.100, 0.155, 0.100, 0.136, 0.100, 0.100, 0.213, 0.100]
    Layer 15: sigma=[0.100, 0.222, 0.100, 0.101, 0.221, 0.123, 0.100, 0.100, 0.100, 0.100, 0.100, 0.127, 0.274, 0.100, 0.100, 0.100, 0.100, 0.100, 0.102, 0.139, 0.100, 0.100, 0.100, 0.100, 0.278, 0.227, 0.100, 0.100, 0.100, 0.100, 0.100, 0.100]
    Layer 16: sigma=[0.403, 0.100, 0.100, 0.100, 0.100, 0.100, 0.100, 0.100, 0.100, 0.100, 0.100, 0.100, 0.100, 0.100, 0.100, 0.100, 0.100, 0.100, 0.100, 0.100, 0.100, 0.100, 0.100, 0.100, 0.100, 0.146, 0.100, 0.100, 0.100, 0.100, 0.100, 0.100]
    Layer 17: sigma=[0.100, 0.100, 0.100, 0.100, 0.100, 0.548, 0.100, 0.100, 0.107, 0.100, 0.100, 0.100, 0.100, 0.100, 0.100, 0.100, 0.342, 0.100, 0.100, 0.402, 0.100, 0.100, 0.100, 0.100, 0.100, 0.100, 0.427, 0.122, 0.100, 0.100, 0.100, 0.100]
    Layer 18: sigma=[0.100, 0.656, 0.100, 0.100, 0.102, 0.186, 0.100, 0.100, 0.100, 0.100, 0.100, 0.100, 0.100, 0.100, 0.100, 0.100, 0.517, 0.100, 0.100, 0.100, 0.100, 0.100, 0.100, 0.100, 0.100, 0.100, 0.100, 0.100, 0.100, 0.100, 0.100, 0.100]
    Layer 19: sigma=[0.100, 0.100, 0.100, 0.100, 0.100, 0.100, 0.197, 0.100, 0.100, 0.100, 0.100, 0.100, 0.260, 0.100, 0.100, 0.149, 0.100, 0.100, 0.100, 0.452, 0.100, 0.100, 0.100, 0.100, 0.100, 0.100, 0.100, 0.100, 0.100, 0.100, 0.100, 0.100]
    Layer 20: sigma=[0.100, 0.100, 0.184, 0.100, 0.100, 0.277, 0.133, 0.100, 0.100, 0.100, 0.100, 0.100, 0.100, 0.100, 0.100, 0.113, 0.186, 0.100, 0.100, 0.100, 0.110, 0.100, 0.100, 0.100, 0.100, 0.100, 0.100, 0.100, 0.100, 0.100, 0.100, 0.100]
    Layer 21: sigma=[0.100, 0.100, 0.100, 0.133, 0.100, 0.100, 0.100, 0.100, 0.100, 0.100, 0.100, 0.371, 0.100, 0.100, 0.100, 0.100, 0.100, 0.100, 0.100, 0.112, 0.100, 0.100, 0.100, 0.100, 0.100, 0.100, 0.100, 0.100, 0.100, 0.100, 0.412, 0.117]
    Layer 22: sigma=[0.170, 0.100, 0.100, 0.100, 0.177, 0.104, 0.105, 0.214, 0.219, 0.126, 0.100, 0.100, 0.101, 0.100, 0.100, 0.100, 0.100, 0.100, 0.100, 0.177, 0.100, 0.100, 0.100, 0.100, 0.100, 0.100, 0.100, 0.100, 0.100, 0.100, 0.100, 0.100]
    Layer 23: sigma=[0.196, 0.117, 0.230, 0.100, 0.100, 0.100, 0.164, 0.100, 0.100, 0.100, 0.100, 0.100, 0.100, 0.100, 0.100, 0.100, 0.100, 0.100, 0.100, 0.100, 0.100, 0.100, 0.100, 0.100, 0.100, 0.100, 0.100, 0.100, 0.100, 0.301, 0.213, 0.151]
    Layer 24: sigma=[0.100, 0.100, 0.100, 0.100, 0.100, 0.100, 0.100, 0.100, 0.151, 0.100, 0.100, 0.100, 0.100, 0.100, 0.100, 0.196, 0.100, 0.100, 0.100, 0.106, 0.100, 0.100, 0.100, 0.100, 0.267, 0.333, 0.100, 0.208, 0.100, 0.100, 0.100, 0.100]
    Layer 25: sigma=[0.100, 0.100, 0.100, 0.100, 0.100, 0.100, 0.100, 0.100, 0.100, 0.100, 0.100, 0.100, 0.100, 0.100, 0.100, 0.100, 0.100, 0.100, 0.100, 0.100, 0.100, 0.100, 0.100, 0.100, 0.100, 0.100, 0.100, 0.100, 0.100, 0.100, 0.100, 0.100]
    Layer 26: sigma=[0.100, 0.100, 0.100, 0.100, 0.100, 0.100, 0.100, 0.100, 0.100, 0.100, 0.100, 0.100, 0.100, 0.100, 0.100, 0.100, 0.100, 0.100, 0.100, 0.100, 0.100, 0.100, 0.100, 0.100, 0.100, 0.100, 0.100, 0.100, 0.100, 0.100, 0.100, 0.100]
    Layer 27: sigma=[0.100, 0.100, 0.100, 0.100, 0.100, 0.100, 0.100, 0.100, 0.100, 0.100, 0.100, 0.100, 0.100, 0.100, 0.100, 0.100, 0.100, 0.100, 0.100, 0.100, 0.100, 0.100, 0.100, 0.100, 0.100, 0.100, 0.100, 0.100, 0.100, 0.163, 0.100, 0.100]
    Layer 28: sigma=[0.100, 0.100, 0.100, 0.100, 0.100, 0.126, 0.100, 0.297, 0.100, 0.100, 0.100, 0.100, 0.100, 0.100, 0.100, 0.100, 0.100, 0.100, 0.100, 0.100, 0.100, 0.100, 0.100, 0.100, 0.100, 0.100, 0.100, 0.100, 0.100, 0.100, 0.100, 0.100]
    Layer 29: sigma=[0.100, 0.100, 0.100, 0.100, 0.100, 0.100, 0.100, 0.100, 0.100, 0.100, 0.100, 0.100, 0.100, 0.100, 0.100, 0.100, 0.100, 0.100, 0.100, 0.100, 0.100, 0.100, 0.100, 0.100, 0.100, 0.100, 0.100, 0.100, 0.100, 0.100, 0.100, 0.100]
    Layer 30: sigma=[0.100, 0.100, 0.100, 0.100, 0.100, 0.100, 0.100, 0.100, 0.100, 0.100, 0.100, 0.100, 0.100, 0.100, 0.100, 0.117, 0.100, 0.100, 0.100, 0.100, 0.100, 0.100, 0.100, 0.100, 0.100, 0.100, 0.100, 0.100, 0.100, 0.100, 0.100, 0.100]
    Layer 31: sigma=[0.100, 0.100, 0.100, 0.100, 0.100, 0.100, 0.100, 0.100, 0.100, 0.100, 0.100, 0.100, 0.100, 0.100, 0.100, 0.100, 0.100, 0.122, 0.100, 0.100, 0.100, 0.100, 0.100, 0.100, 0.100, 0.100, 0.100, 0.100, 0.100, 0.100, 0.100, 0.100]
    Layer 32: sigma=[0.100, 0.100, 0.100, 0.100, 0.100, 0.100, 0.100, 0.100, 0.100, 0.100, 0.100, 0.100, 0.100, 0.100, 0.100, 0.100, 0.100, 0.100, 0.100, 0.100, 0.100, 0.100, 0.100, 0.100, 0.100, 0.100, 0.100, 0.100, 0.100, 0.100, 0.100, 0.100]
    Layer 33: sigma=[0.100, 0.100, 0.100, 0.100, 0.100, 0.100, 0.130, 0.100, 0.100, 0.100, 0.100, 0.100, 0.100, 0.100, 0.100, 0.100, 0.100, 0.100, 0.100, 0.100, 0.100, 0.100, 0.100, 0.100, 0.100, 0.100, 0.100, 0.100, 0.100, 0.100, 0.100, 0.100]
    Layer 34: sigma=[0.100, 0.100, 0.100, 0.100, 0.100, 0.100, 0.100, 0.100, 0.100, 0.100, 0.100, 0.100, 0.100, 0.100, 0.100, 0.100, 0.100, 0.100, 0.100, 0.100, 0.100, 0.100, 0.100, 0.100, 0.100, 0.100, 0.100, 0.100, 0.100, 0.100, 0.100, 0.100]
    Layer 35: sigma=[0.100, 0.100, 0.100, 0.100, 0.122, 0.100, 0.100, 0.100, 0.100, 0.100, 0.100, 0.100, 0.100, 0.100, 0.100, 0.100, 0.100, 0.100, 0.100, 0.100, 0.100, 0.100, 0.153, 0.100, 0.100, 0.100, 0.100, 0.100, 0.100, 0.100, 0.100, 0.100]

  [Taylor Step 3/3] g_proj = v_proj * alpha (damping=0.01)...
    Layer  0: alpha=0.069043  teacher_rms=0.0168  v_rms=0.0024
    Layer  1: alpha=0.057974  teacher_rms=0.0216  v_rms=0.0037
    Layer  2: alpha=0.054786  teacher_rms=0.0222  v_rms=0.0041
    Layer  3: alpha=0.041613  teacher_rms=0.0261  v_rms=0.0063
    Layer  4: alpha=0.049033  teacher_rms=0.0316  v_rms=0.0064
    Layer  5: alpha=0.052831  teacher_rms=0.0412  v_rms=0.0078
    Layer  6: alpha=0.074860  teacher_rms=0.0646  v_rms=0.0086
    Layer  7: alpha=0.040491  teacher_rms=0.0510  v_rms=0.0126
    Layer  8: alpha=0.040736  teacher_rms=0.0695  v_rms=0.0171
    Layer  9: alpha=0.027250  teacher_rms=0.0701  v_rms=0.0257
    Layer 10: alpha=0.049046  teacher_rms=0.1071  v_rms=0.0218
    Layer 11: alpha=0.052962  teacher_rms=0.1038  v_rms=0.0196
    Layer 12: alpha=0.045672  teacher_rms=0.1177  v_rms=0.0258
    Layer 14: alpha=0.054261  teacher_rms=0.1546  v_rms=0.0285
    Layer 15: alpha=0.047209  teacher_rms=0.1546  v_rms=0.0328
    Layer 16: alpha=0.038126  teacher_rms=0.1446  v_rms=0.0379
    Layer 17: alpha=0.033612  teacher_rms=0.1762  v_rms=0.0524
    Layer 18: alpha=0.031477  teacher_rms=0.1919  v_rms=0.0610
    Layer 19: alpha=0.046755  teacher_rms=0.2023  v_rms=0.0433
    Layer 20: alpha=0.050981  teacher_rms=0.1938  v_rms=0.0380
    Layer 21: alpha=0.042539  teacher_rms=0.2301  v_rms=0.0541
    Layer 22: alpha=0.052076  teacher_rms=0.2755  v_rms=0.0529
    Layer 23: alpha=0.048013  teacher_rms=0.3026  v_rms=0.0630
    Layer 24: alpha=0.034648  teacher_rms=0.2864  v_rms=0.0827
    Layer 25: alpha=0.038418  teacher_rms=0.2261  v_rms=0.0589
    Layer 26: alpha=0.027400  teacher_rms=0.1994  v_rms=0.0728
    Layer 27: alpha=0.033646  teacher_rms=0.2900  v_rms=0.0862
    Layer 28: alpha=0.036667  teacher_rms=0.3530  v_rms=0.0963
    Layer 29: alpha=0.016275  teacher_rms=0.2479  v_rms=0.1523
    Layer 30: alpha=0.025754  teacher_rms=0.3921  v_rms=0.1523
    Layer 31: alpha=0.018573  teacher_rms=0.3452  v_rms=0.1859
    Layer 32: alpha=0.021930  teacher_rms=0.5106  v_rms=0.2328
    Layer 33: alpha=0.016301  teacher_rms=0.5964  v_rms=0.3659
    Layer 34: alpha=0.031180  teacher_rms=1.0165  v_rms=0.3260
    Layer 35: alpha=0.057224  teacher_rms=1.0378  v_rms=0.1814

  Set g_proj = v_proj * alpha in 35 GDN layers (damping=0.01).
  Init (taylor_distill) done in 346.7s
  Layer 13: PPL = 1824.52  (eval 19.6s)

============================================================
  Probing layer 14 | strategy=taylor_distill
============================================================
Loading checkpoint shards:   0%|          | 0/4 [00:00<?, ?it/s]Loading checkpoint shards: 100%|██████████| 4/4 [00:00<00:00, 55.86it/s]
Could not cache non-existence of file. Will ignore error and continue. Error: [Errno 13] Permission denied: '/data/shared/huggingface/hub/models--Qwen--Qwen3-8B/.no_exist/b968826d9c46dd6066d109eabc6255188de91218/model.safetensors'
Loading checkpoint shards:   0%|          | 0/5 [00:00<?, ?it/s]Loading checkpoint shards: 100%|██████████| 5/5 [00:00<00:00, 51.63it/s]
Token indices sequence length is longer than the specified maximum sequence length for this model (2429029 > 131072). Running this sequence through the model will result in indexing errors
  [Taylor Step 1/3] Gate calibration from attention stats...
    Layer  0: dist=[18, 2, 6, 20, 8, 14, 6, 7, 10, 4, 6, 7, 10, 18, 17, 5, 9, 11, 8, 8, 8, 12, 2, 7, 4, 26, 5, 26, 9, 19, 9, 8]
    Layer  1: dist=[12, 21, 14, 26, 2, 9, 17, 7, 25, 18, 32, 29, 18, 28, 28, 20, 17, 26, 31, 18, 28, 17, 21, 21, 26, 8, 25, 23, 41, 16, 20, 28]
    Layer  2: dist=[36, 36, 37, 32, 17, 27, 20, 24, 21, 24, 29, 33, 28, 25, 26, 34, 32, 26, 28, 22, 28, 36, 27, 27, 14, 14, 11, 19, 41, 42, 43, 41]
    Layer  3: dist=[40, 20, 9, 12, 49, 50, 46, 42, 30, 27, 33, 31, 49, 43, 42, 42, 35, 37, 29, 37, 42, 33, 32, 36, 35, 30, 29, 33, 39, 36, 40, 37]
    Layer  4: dist=[31, 35, 41, 36, 41, 33, 35, 48, 37, 38, 34, 34, 31, 31, 38, 35, 35, 37, 38, 39, 34, 35, 25, 34, 26, 32, 27, 21, 28, 33, 30, 30]
    Layer  5: dist=[23, 29, 30, 21, 36, 34, 29, 29, 4, 14, 40, 38, 31, 43, 32, 30, 23, 20, 28, 28, 29, 30, 27, 33, 38, 39, 43, 43, 26, 25, 29, 32]
    Layer  6: dist=[16, 22, 17, 17, 27, 24, 34, 32, 25, 12, 21, 20, 31, 34, 28, 16, 28, 20, 24, 23, 13, 18, 18, 8, 21, 24, 18, 28, 24, 25, 21, 27]
    Layer  7: dist=[31, 36, 33, 46, 63, 57, 63, 60, 45, 60, 53, 41, 54, 15, 30, 49, 42, 54, 44, 44, 54, 45, 58, 59, 34, 41, 25, 43, 49, 51, 49, 54]
    Layer  8: dist=[45, 46, 49, 29, 43, 41, 35, 44, 46, 52, 43, 48, 51, 43, 49, 36, 60, 56, 54, 51, 44, 54, 51, 57, 47, 37, 51, 36, 44, 38, 42, 44]
    Layer  9: dist=[40, 32, 31, 36, 45, 49, 48, 40, 62, 61, 60, 56, 14, 46, 32, 45, 49, 53, 59, 62, 44, 40, 35, 41, 61, 44, 49, 54, 62, 57, 63, 61]
    Layer 10: dist=[39, 39, 30, 39, 46, 55, 33, 41, 34, 45, 55, 26, 49, 36, 42, 44, 45, 53, 52, 50, 46, 31, 56, 51, 51, 56, 47, 43, 40, 39, 44, 47]
    Layer 11: dist=[33, 33, 47, 27, 29, 36, 43, 42, 52, 62, 57, 49, 44, 33, 38, 39, 39, 36, 33, 25, 42, 56, 46, 46, 39, 32, 36, 32, 49, 34, 31, 48]
    Layer 12: dist=[12, 40, 39, 33, 43, 46, 39, 36, 33, 36, 44, 44, 50, 45, 45, 49, 21, 38, 29, 44, 55, 54, 53, 56, 49, 1, 56, 23, 43, 45, 59, 49]
    Layer 13: dist=[29, 36, 39, 36, 31, 29, 35, 22, 47, 36, 52, 61, 64, 58, 55, 62, 46, 39, 31, 36, 47, 33, 44, 46, 44, 33, 40, 41, 58, 56, 49, 51]
    Layer 15: dist=[45, 27, 43, 23, 20, 22, 41, 33, 48, 33, 26, 54, 37, 56, 41, 47, 33, 33, 34, 36, 33, 30, 27, 27, 27, 20, 41, 37, 38, 47, 38, 28]
    Layer 16: dist=[37, 32, 42, 47, 29, 35, 26, 31, 29, 45, 40, 43, 49, 35, 44, 47, 38, 41, 34, 35, 59, 60, 57, 54, 39, 28, 34, 6, 32, 33, 36, 32]
    Layer 17: dist=[58, 50, 41, 34, 28, 31, 22, 25, 44, 54, 42, 49, 23, 32, 39, 39, 24, 29, 32, 22, 39, 51, 49, 48, 30, 28, 31, 26, 29, 43, 47, 36]
    Layer 18: dist=[20, 27, 19, 18, 29, 37, 39, 30, 37, 40, 37, 45, 34, 34, 31, 35, 26, 41, 42, 28, 38, 28, 37, 52, 31, 35, 35, 36, 30, 29, 43, 31]
    Layer 19: dist=[39, 33, 35, 35, 43, 54, 30, 38, 40, 44, 41, 48, 35, 31, 40, 35, 44, 42, 26, 29, 10, 28, 18, 27, 52, 54, 52, 58, 44, 43, 41, 41]
    Layer 20: dist=[46, 39, 44, 40, 41, 27, 28, 31, 23, 21, 26, 21, 48, 42, 48, 50, 24, 28, 31, 21, 38, 57, 52, 51, 63, 51, 53, 44, 49, 43, 55, 55]
    Layer 21: dist=[26, 25, 30, 35, 58, 33, 53, 58, 61, 33, 39, 38, 26, 24, 25, 23, 39, 40, 45, 32, 47, 52, 48, 49, 35, 34, 32, 44, 38, 40, 34, 47]
    Layer 22: dist=[39, 32, 37, 33, 28, 38, 24, 30, 21, 27, 24, 35, 9, 46, 32, 35, 18, 40, 40, 23, 53, 59, 60, 61, 51, 44, 46, 48, 57, 47, 53, 50]
    Layer 23: dist=[22, 18, 26, 22, 55, 55, 22, 50, 41, 20, 24, 31, 37, 36, 41, 39, 41, 38, 42, 48, 41, 46, 42, 40, 41, 39, 37, 51, 47, 44, 44, 39]
    Layer 24: dist=[40, 62, 57, 51, 50, 56, 54, 47, 52, 54, 52, 43, 41, 39, 47, 40, 42, 49, 44, 42, 60, 53, 52, 58, 31, 41, 39, 29, 50, 57, 51, 47]
    Layer 25: dist=[50, 60, 59, 49, 38, 38, 54, 42, 46, 52, 47, 48, 36, 45, 27, 37, 48, 50, 49, 45, 54, 56, 55, 55, 58, 56, 50, 55, 46, 61, 51, 45]
    Layer 26: dist=[43, 47, 57, 36, 59, 57, 59, 56, 52, 56, 53, 49, 52, 62, 60, 60, 43, 46, 53, 50, 53, 54, 60, 57, 53, 50, 54, 50, 58, 50, 59, 51]
    Layer 27: dist=[48, 55, 54, 59, 50, 53, 52, 44, 41, 52, 55, 52, 41, 56, 42, 45, 51, 53, 53, 53, 47, 56, 54, 44, 57, 59, 60, 60, 50, 44, 45, 60]
    Layer 28: dist=[53, 47, 54, 53, 41, 35, 40, 38, 52, 57, 47, 46, 57, 53, 48, 50, 57, 51, 53, 55, 59, 37, 32, 46, 47, 46, 50, 51, 46, 48, 35, 49]
    Layer 29: dist=[57, 58, 57, 58, 45, 56, 47, 58, 58, 57, 61, 54, 60, 61, 60, 61, 58, 56, 58, 60, 62, 61, 56, 62, 49, 59, 47, 49, 55, 51, 56, 56]
    Layer 30: dist=[40, 54, 51, 52, 53, 51, 48, 37, 60, 59, 58, 60, 53, 53, 57, 51, 52, 39, 61, 61, 29, 60, 53, 54, 60, 60, 61, 60, 55, 56, 54, 51]
    Layer 31: dist=[60, 58, 51, 49, 58, 59, 59, 59, 57, 41, 46, 47, 58, 59, 59, 58, 52, 53, 55, 48, 60, 59, 56, 59, 57, 56, 46, 60, 57, 55, 53, 57]
    Layer 32: dist=[56, 57, 58, 57, 58, 60, 59, 60, 56, 55, 59, 58, 48, 58, 54, 47, 58, 54, 54, 54, 62, 48, 57, 60, 36, 48, 44, 53, 58, 54, 51, 53]
    Layer 33: dist=[52, 61, 57, 60, 45, 52, 29, 47, 57, 58, 57, 58, 58, 59, 58, 59, 59, 59, 53, 56, 58, 49, 54, 57, 57, 59, 60, 59, 56, 56, 55, 53]
    Layer 34: dist=[56, 57, 58, 57, 55, 56, 55, 54, 25, 47, 54, 42, 58, 57, 60, 40, 42, 44, 62, 30, 58, 27, 59, 60, 61, 60, 62, 60, 26, 32, 35, 54]
    Layer 35: dist=[56, 62, 36, 50, 43, 19, 55, 48, 42, 51, 55, 49, 30, 17, 24, 22, 49, 45, 40, 27, 45, 52, 28, 27, 33, 27, 33, 35, 36, 57, 61, 58]

  [Taylor Step 2/3] OLS sigma per head (scaling V, streaming)...
    Layer  0: sigma=[0.257, 0.100, 0.100, 0.100, 0.196, 0.602, 0.100, 0.100, 0.100, 0.100, 0.142, 0.100, 0.100, 0.100, 0.100, 0.290, 0.100, 0.100, 0.100, 0.100, 0.100, 0.100, 0.100, 0.200, 0.100, 0.100, 0.576, 0.100, 0.252, 0.100, 0.100, 0.100]
    Layer  1: sigma=[0.279, 0.100, 0.100, 0.100, 0.100, 0.100, 0.100, 0.100, 0.100, 0.399, 0.280, 0.100, 0.100, 0.100, 0.100, 0.100, 0.100, 0.100, 0.100, 0.100, 0.100, 0.100, 0.100, 0.208, 0.100, 0.100, 0.180, 0.100, 0.100, 0.100, 0.100, 0.100]
    Layer  2: sigma=[0.151, 0.100, 0.100, 0.100, 0.100, 0.100, 0.100, 0.100, 0.159, 0.100, 0.100, 0.100, 0.100, 0.257, 0.100, 0.100, 0.100, 0.100, 0.100, 0.100, 0.100, 0.100, 0.100, 0.100, 0.100, 0.173, 0.100, 0.100, 0.100, 0.100, 0.100, 0.138]
    Layer  3: sigma=[0.100, 0.458, 0.100, 0.292, 0.100, 0.100, 0.100, 0.100, 0.100, 0.100, 0.100, 0.100, 0.100, 0.100, 0.100, 0.100, 0.100, 0.100, 0.123, 0.100, 0.100, 0.100, 0.100, 0.100, 0.100, 0.123, 0.110, 0.100, 0.100, 0.100, 0.100, 0.100]
    Layer  4: sigma=[0.100, 0.100, 0.100, 0.100, 0.100, 0.100, 0.100, 0.100, 0.100, 0.100, 0.100, 0.100, 0.100, 0.100, 0.100, 0.100, 0.100, 0.100, 0.100, 0.100, 0.100, 0.143, 0.316, 0.100, 0.100, 0.100, 0.100, 0.100, 0.100, 0.100, 0.100, 0.100]
    Layer  5: sigma=[0.100, 0.100, 0.126, 0.100, 0.100, 0.100, 0.100, 0.100, 0.100, 0.265, 0.100, 0.104, 0.100, 0.100, 0.100, 0.109, 0.100, 0.341, 0.100, 0.100, 0.100, 0.100, 0.100, 0.100, 0.100, 0.100, 0.100, 0.100, 0.100, 0.242, 0.100, 0.100]
    Layer  6: sigma=[0.100, 0.100, 0.162, 0.100, 0.111, 0.108, 0.100, 0.100, 0.100, 0.100, 0.100, 0.100, 0.100, 0.100, 0.100, 0.100, 0.100, 0.100, 0.100, 0.100, 0.242, 0.100, 0.100, 0.100, 0.100, 0.100, 0.102, 0.100, 0.100, 0.100, 0.100, 0.100]
    Layer  7: sigma=[0.100, 0.232, 0.100, 0.100, 0.119, 0.100, 0.100, 0.100, 0.100, 0.100, 0.100, 0.153, 0.100, 0.100, 0.100, 0.100, 0.100, 0.100, 0.100, 0.100, 0.100, 0.100, 0.100, 0.100, 0.100, 0.100, 0.100, 0.100, 0.100, 0.100, 0.100, 0.100]
    Layer  8: sigma=[0.100, 0.100, 0.100, 0.100, 0.100, 0.100, 0.100, 0.115, 0.100, 0.100, 0.100, 0.100, 0.100, 0.129, 0.100, 0.100, 0.100, 0.100, 0.100, 0.100, 0.100, 0.100, 0.100, 0.100, 0.100, 0.100, 0.100, 0.291, 0.100, 0.100, 0.100, 0.100]
    Layer  9: sigma=[0.100, 0.100, 0.123, 0.100, 0.100, 0.100, 0.100, 0.100, 0.100, 0.100, 0.100, 0.100, 0.100, 0.100, 0.787, 0.220, 0.100, 0.100, 0.100, 0.100, 0.139, 0.100, 0.103, 0.100, 0.100, 0.165, 0.100, 0.100, 0.100, 0.100, 0.100, 0.100]
    Layer 10: sigma=[0.100, 0.100, 0.100, 0.100, 0.100, 0.100, 0.100, 0.100, 0.141, 0.100, 0.100, 0.100, 0.100, 0.100, 0.100, 0.100, 0.100, 0.100, 0.100, 0.100, 0.100, 0.100, 0.100, 0.100, 0.100, 0.100, 0.100, 0.100, 0.108, 0.100, 0.103, 0.100]
    Layer 11: sigma=[0.100, 0.100, 0.100, 0.100, 0.229, 0.100, 0.168, 0.100, 0.100, 0.138, 0.100, 0.100, 0.140, 0.100, 0.305, 0.100, 0.100, 0.100, 0.100, 0.100, 0.100, 0.100, 0.100, 0.100, 0.110, 0.100, 0.248, 0.100, 0.100, 0.100, 0.100, 0.100]
    Layer 12: sigma=[0.100, 0.100, 0.100, 0.100, 0.100, 0.123, 0.100, 0.100, 0.100, 0.120, 0.100, 0.100, 0.100, 0.100, 0.100, 0.100, 0.100, 0.272, 0.465, 0.100, 0.100, 0.100, 0.100, 0.100, 0.100, 0.312, 0.100, 0.112, 0.100, 0.138, 0.140, 0.100]
    Layer 13: sigma=[0.246, 0.100, 0.100, 0.100, 0.100, 0.100, 0.100, 0.101, 0.100, 0.126, 0.125, 0.100, 0.100, 0.100, 0.100, 0.100, 0.100, 0.100, 0.100, 0.100, 0.100, 0.100, 0.100, 0.100, 0.100, 0.100, 0.100, 0.100, 0.100, 0.100, 0.100, 0.100]
    Layer 15: sigma=[0.100, 0.221, 0.100, 0.117, 0.230, 0.111, 0.100, 0.100, 0.100, 0.100, 0.100, 0.100, 0.254, 0.100, 0.100, 0.100, 0.100, 0.100, 0.107, 0.141, 0.100, 0.100, 0.100, 0.100, 0.306, 0.258, 0.100, 0.100, 0.100, 0.100, 0.100, 0.100]
    Layer 16: sigma=[0.390, 0.100, 0.100, 0.100, 0.100, 0.100, 0.100, 0.100, 0.100, 0.100, 0.100, 0.100, 0.100, 0.100, 0.100, 0.100, 0.100, 0.100, 0.100, 0.100, 0.100, 0.100, 0.100, 0.100, 0.100, 0.157, 0.100, 0.100, 0.100, 0.100, 0.100, 0.100]
    Layer 17: sigma=[0.100, 0.100, 0.100, 0.100, 0.100, 0.469, 0.100, 0.100, 0.108, 0.100, 0.100, 0.100, 0.100, 0.100, 0.100, 0.100, 0.316, 0.100, 0.100, 0.426, 0.100, 0.100, 0.100, 0.100, 0.100, 0.100, 0.351, 0.127, 0.100, 0.100, 0.100, 0.100]
    Layer 18: sigma=[0.100, 0.700, 0.100, 0.100, 0.101, 0.208, 0.100, 0.100, 0.100, 0.100, 0.100, 0.100, 0.100, 0.100, 0.100, 0.100, 0.481, 0.100, 0.100, 0.100, 0.100, 0.100, 0.100, 0.100, 0.100, 0.100, 0.100, 0.100, 0.100, 0.100, 0.100, 0.100]
    Layer 19: sigma=[0.100, 0.100, 0.100, 0.100, 0.100, 0.100, 0.226, 0.100, 0.100, 0.100, 0.100, 0.100, 0.277, 0.100, 0.100, 0.125, 0.100, 0.100, 0.100, 0.403, 0.100, 0.100, 0.100, 0.100, 0.119, 0.100, 0.100, 0.100, 0.100, 0.100, 0.100, 0.100]
    Layer 20: sigma=[0.100, 0.100, 0.195, 0.101, 0.100, 0.252, 0.189, 0.100, 0.100, 0.100, 0.100, 0.100, 0.100, 0.100, 0.100, 0.102, 0.219, 0.100, 0.100, 0.100, 0.100, 0.100, 0.100, 0.100, 0.100, 0.100, 0.100, 0.100, 0.100, 0.100, 0.100, 0.100]
    Layer 21: sigma=[0.100, 0.100, 0.100, 0.141, 0.100, 0.100, 0.100, 0.100, 0.100, 0.100, 0.100, 0.355, 0.100, 0.100, 0.100, 0.100, 0.100, 0.100, 0.100, 0.100, 0.100, 0.100, 0.100, 0.100, 0.100, 0.100, 0.100, 0.100, 0.100, 0.100, 0.308, 0.120]
    Layer 22: sigma=[0.193, 0.100, 0.100, 0.100, 0.156, 0.133, 0.124, 0.298, 0.204, 0.100, 0.100, 0.100, 0.100, 0.100, 0.100, 0.100, 0.100, 0.100, 0.100, 0.100, 0.100, 0.100, 0.100, 0.100, 0.100, 0.100, 0.100, 0.100, 0.100, 0.100, 0.100, 0.100]
    Layer 23: sigma=[0.195, 0.100, 0.190, 0.100, 0.100, 0.100, 0.247, 0.100, 0.100, 0.100, 0.100, 0.100, 0.100, 0.100, 0.100, 0.100, 0.100, 0.100, 0.100, 0.100, 0.100, 0.100, 0.100, 0.100, 0.100, 0.100, 0.100, 0.100, 0.100, 0.154, 0.249, 0.187]
    Layer 24: sigma=[0.100, 0.100, 0.100, 0.100, 0.100, 0.100, 0.100, 0.100, 0.126, 0.100, 0.100, 0.100, 0.100, 0.100, 0.100, 0.199, 0.100, 0.100, 0.100, 0.115, 0.100, 0.100, 0.100, 0.100, 0.272, 0.308, 0.224, 0.228, 0.100, 0.100, 0.100, 0.100]
    Layer 25: sigma=[0.100, 0.100, 0.100, 0.100, 0.100, 0.100, 0.100, 0.100, 0.100, 0.100, 0.100, 0.100, 0.100, 0.100, 0.100, 0.100, 0.100, 0.100, 0.100, 0.100, 0.100, 0.100, 0.100, 0.100, 0.100, 0.100, 0.100, 0.100, 0.100, 0.100, 0.100, 0.100]
    Layer 26: sigma=[0.100, 0.100, 0.100, 0.100, 0.100, 0.100, 0.100, 0.100, 0.100, 0.100, 0.100, 0.100, 0.100, 0.100, 0.100, 0.128, 0.100, 0.100, 0.100, 0.100, 0.100, 0.100, 0.100, 0.100, 0.100, 0.100, 0.100, 0.100, 0.100, 0.100, 0.100, 0.100]
    Layer 27: sigma=[0.100, 0.100, 0.100, 0.100, 0.100, 0.100, 0.100, 0.100, 0.100, 0.100, 0.100, 0.100, 0.100, 0.100, 0.100, 0.100, 0.100, 0.100, 0.100, 0.100, 0.100, 0.100, 0.100, 0.100, 0.100, 0.100, 0.100, 0.100, 0.100, 0.220, 0.100, 0.100]
    Layer 28: sigma=[0.100, 0.100, 0.100, 0.100, 0.104, 0.137, 0.100, 0.311, 0.100, 0.100, 0.100, 0.100, 0.100, 0.100, 0.100, 0.100, 0.100, 0.100, 0.100, 0.100, 0.100, 0.100, 0.100, 0.100, 0.100, 0.100, 0.100, 0.100, 0.100, 0.100, 0.100, 0.100]
    Layer 29: sigma=[0.100, 0.100, 0.100, 0.100, 0.100, 0.100, 0.100, 0.100, 0.100, 0.100, 0.100, 0.100, 0.100, 0.100, 0.100, 0.100, 0.100, 0.100, 0.100, 0.100, 0.100, 0.100, 0.100, 0.100, 0.100, 0.100, 0.100, 0.100, 0.100, 0.100, 0.100, 0.100]
    Layer 30: sigma=[0.100, 0.100, 0.100, 0.100, 0.100, 0.100, 0.100, 0.100, 0.100, 0.100, 0.100, 0.100, 0.100, 0.100, 0.100, 0.100, 0.102, 0.100, 0.100, 0.100, 0.100, 0.100, 0.100, 0.100, 0.100, 0.100, 0.100, 0.100, 0.100, 0.100, 0.100, 0.100]
    Layer 31: sigma=[0.100, 0.100, 0.100, 0.100, 0.100, 0.100, 0.100, 0.100, 0.100, 0.100, 0.100, 0.100, 0.100, 0.100, 0.100, 0.100, 0.100, 0.100, 0.100, 0.100, 0.100, 0.100, 0.100, 0.100, 0.100, 0.100, 0.100, 0.100, 0.100, 0.100, 0.100, 0.100]
    Layer 32: sigma=[0.100, 0.100, 0.100, 0.100, 0.100, 0.100, 0.100, 0.100, 0.100, 0.100, 0.100, 0.100, 0.100, 0.100, 0.100, 0.100, 0.100, 0.100, 0.100, 0.100, 0.100, 0.100, 0.100, 0.100, 0.100, 0.100, 0.100, 0.100, 0.100, 0.100, 0.100, 0.100]
    Layer 33: sigma=[0.100, 0.100, 0.100, 0.100, 0.100, 0.100, 0.100, 0.100, 0.100, 0.100, 0.100, 0.100, 0.100, 0.100, 0.100, 0.100, 0.100, 0.100, 0.100, 0.100, 0.100, 0.100, 0.100, 0.100, 0.100, 0.100, 0.100, 0.100, 0.100, 0.100, 0.100, 0.100]
    Layer 34: sigma=[0.100, 0.100, 0.100, 0.100, 0.100, 0.100, 0.100, 0.100, 0.100, 0.100, 0.100, 0.100, 0.100, 0.100, 0.100, 0.100, 0.100, 0.100, 0.100, 0.100, 0.100, 0.100, 0.100, 0.100, 0.100, 0.100, 0.100, 0.100, 0.100, 0.100, 0.100, 0.100]
    Layer 35: sigma=[0.100, 0.100, 0.100, 0.100, 0.101, 0.100, 0.100, 0.100, 0.100, 0.100, 0.100, 0.100, 0.100, 0.100, 0.100, 0.100, 0.100, 0.100, 0.100, 0.100, 0.100, 0.100, 0.141, 0.100, 0.100, 0.100, 0.100, 0.100, 0.100, 0.100, 0.100, 0.100]

  [Taylor Step 3/3] g_proj = v_proj * alpha (damping=0.01)...
    Layer  0: alpha=0.068988  teacher_rms=0.0168  v_rms=0.0024
    Layer  1: alpha=0.058105  teacher_rms=0.0216  v_rms=0.0037
    Layer  2: alpha=0.054890  teacher_rms=0.0222  v_rms=0.0041
    Layer  3: alpha=0.041469  teacher_rms=0.0261  v_rms=0.0063
    Layer  4: alpha=0.049122  teacher_rms=0.0316  v_rms=0.0064
    Layer  5: alpha=0.052615  teacher_rms=0.0412  v_rms=0.0078
    Layer  6: alpha=0.075080  teacher_rms=0.0646  v_rms=0.0086
    Layer  7: alpha=0.041135  teacher_rms=0.0510  v_rms=0.0124
    Layer  8: alpha=0.041577  teacher_rms=0.0695  v_rms=0.0167
    Layer  9: alpha=0.026292  teacher_rms=0.0701  v_rms=0.0267
    Layer 10: alpha=0.048892  teacher_rms=0.1071  v_rms=0.0219
    Layer 11: alpha=0.052412  teacher_rms=0.1038  v_rms=0.0198
    Layer 12: alpha=0.047192  teacher_rms=0.1177  v_rms=0.0249
    Layer 13: alpha=0.054678  teacher_rms=0.1013  v_rms=0.0185
    Layer 15: alpha=0.046872  teacher_rms=0.1546  v_rms=0.0330
    Layer 16: alpha=0.038338  teacher_rms=0.1446  v_rms=0.0377
    Layer 17: alpha=0.036233  teacher_rms=0.1762  v_rms=0.0486
    Layer 18: alpha=0.030284  teacher_rms=0.1919  v_rms=0.0634
    Layer 19: alpha=0.047044  teacher_rms=0.2023  v_rms=0.0430
    Layer 20: alpha=0.050430  teacher_rms=0.1938  v_rms=0.0384
    Layer 21: alpha=0.046737  teacher_rms=0.2301  v_rms=0.0492
    Layer 22: alpha=0.051093  teacher_rms=0.2755  v_rms=0.0539
    Layer 23: alpha=0.049865  teacher_rms=0.3026  v_rms=0.0607
    Layer 24: alpha=0.033405  teacher_rms=0.2864  v_rms=0.0857
    Layer 25: alpha=0.038418  teacher_rms=0.2261  v_rms=0.0589
    Layer 26: alpha=0.027067  teacher_rms=0.1994  v_rms=0.0737
    Layer 27: alpha=0.032654  teacher_rms=0.2900  v_rms=0.0888
    Layer 28: alpha=0.036132  teacher_rms=0.3530  v_rms=0.0977
    Layer 29: alpha=0.016275  teacher_rms=0.2479  v_rms=0.1523
    Layer 30: alpha=0.025852  teacher_rms=0.3921  v_rms=0.1517
    Layer 31: alpha=0.018626  teacher_rms=0.3452  v_rms=0.1853
    Layer 32: alpha=0.021930  teacher_rms=0.5106  v_rms=0.2328
    Layer 33: alpha=0.016345  teacher_rms=0.5964  v_rms=0.3649
    Layer 34: alpha=0.031180  teacher_rms=1.0165  v_rms=0.3260
    Layer 35: alpha=0.057837  teacher_rms=1.0378  v_rms=0.1794

  Set g_proj = v_proj * alpha in 35 GDN layers (damping=0.01).
  Init (taylor_distill) done in 541.4s
  Layer 14: PPL = 1501.60  (eval 18.9s)

============================================================
  Probing layer 15 | strategy=taylor_distill
============================================================
Loading checkpoint shards:   0%|          | 0/4 [00:00<?, ?it/s]Loading checkpoint shards: 100%|██████████| 4/4 [00:00<00:00, 144.95it/s]
Could not cache non-existence of file. Will ignore error and continue. Error: [Errno 13] Permission denied: '/data/shared/huggingface/hub/models--Qwen--Qwen3-8B/.no_exist/b968826d9c46dd6066d109eabc6255188de91218/model.safetensors'
Loading checkpoint shards:   0%|          | 0/5 [00:00<?, ?it/s]Loading checkpoint shards: 100%|██████████| 5/5 [00:00<00:00, 189.80it/s]
Token indices sequence length is longer than the specified maximum sequence length for this model (2429029 > 131072). Running this sequence through the model will result in indexing errors
  [Taylor Step 1/3] Gate calibration from attention stats...
    Layer  0: dist=[18, 2, 6, 20, 8, 14, 6, 7, 10, 4, 6, 7, 10, 18, 17, 5, 9, 11, 8, 8, 8, 12, 2, 7, 4, 26, 5, 26, 9, 19, 9, 8]
    Layer  1: dist=[12, 21, 14, 26, 2, 9, 17, 7, 25, 18, 32, 29, 18, 28, 28, 20, 17, 26, 31, 18, 28, 17, 21, 21, 26, 8, 25, 23, 41, 16, 20, 28]
    Layer  2: dist=[36, 36, 37, 32, 17, 27, 20, 24, 21, 24, 29, 33, 28, 25, 26, 34, 32, 26, 28, 22, 28, 36, 27, 27, 14, 14, 11, 19, 41, 42, 43, 41]
    Layer  3: dist=[40, 20, 9, 12, 49, 50, 46, 42, 30, 27, 33, 31, 49, 43, 42, 42, 35, 37, 29, 37, 42, 33, 32, 36, 35, 30, 29, 33, 39, 36, 40, 37]
    Layer  4: dist=[31, 35, 41, 36, 41, 33, 35, 48, 37, 38, 34, 34, 31, 31, 38, 35, 35, 37, 38, 39, 34, 35, 25, 34, 26, 32, 27, 21, 28, 33, 30, 30]
    Layer  5: dist=[23, 29, 30, 21, 36, 34, 29, 29, 4, 14, 40, 38, 31, 43, 32, 30, 23, 20, 28, 28, 29, 30, 27, 33, 38, 39, 43, 43, 26, 25, 29, 32]
    Layer  6: dist=[16, 22, 17, 17, 27, 24, 34, 32, 25, 12, 21, 20, 31, 34, 28, 16, 28, 20, 24, 23, 13, 18, 18, 8, 21, 24, 18, 28, 24, 25, 21, 27]
    Layer  7: dist=[31, 36, 33, 46, 63, 57, 63, 60, 45, 60, 53, 41, 54, 15, 30, 49, 42, 54, 44, 44, 54, 45, 58, 59, 34, 41, 25, 43, 49, 51, 49, 54]
    Layer  8: dist=[45, 46, 49, 29, 43, 41, 35, 44, 46, 52, 43, 48, 51, 43, 49, 36, 60, 56, 54, 51, 44, 54, 51, 57, 47, 37, 51, 36, 44, 38, 42, 44]
    Layer  9: dist=[40, 32, 31, 36, 45, 49, 48, 40, 62, 61, 60, 56, 14, 46, 32, 45, 49, 53, 59, 62, 44, 40, 35, 41, 61, 44, 49, 54, 62, 57, 63, 61]
    Layer 10: dist=[39, 39, 30, 39, 46, 55, 33, 41, 34, 45, 55, 26, 49, 36, 42, 44, 45, 53, 52, 50, 46, 31, 56, 51, 51, 56, 47, 43, 40, 39, 44, 47]
    Layer 11: dist=[33, 33, 47, 27, 29, 36, 43, 42, 52, 62, 57, 49, 44, 33, 38, 39, 39, 36, 33, 25, 42, 56, 46, 46, 39, 32, 36, 32, 49, 34, 31, 48]
    Layer 12: dist=[12, 40, 39, 33, 43, 46, 39, 36, 33, 36, 44, 44, 50, 45, 45, 49, 21, 38, 29, 44, 55, 54, 53, 56, 49, 1, 56, 23, 43, 45, 59, 49]
    Layer 13: dist=[29, 36, 39, 36, 31, 29, 35, 22, 47, 36, 52, 61, 64, 58, 55, 62, 46, 39, 31, 36, 47, 33, 44, 46, 44, 33, 40, 41, 58, 56, 49, 51]
    Layer 14: dist=[25, 35, 34, 24, 39, 24, 35, 33, 31, 32, 37, 37, 36, 40, 35, 36, 41, 46, 31, 35, 33, 17, 28, 42, 27, 38, 40, 38, 43, 44, 5, 48]
    Layer 16: dist=[37, 32, 42, 47, 29, 35, 26, 31, 29, 45, 40, 43, 49, 35, 44, 47, 38, 41, 34, 35, 59, 60, 57, 54, 39, 28, 34, 6, 32, 33, 36, 32]
    Layer 17: dist=[58, 50, 41, 34, 28, 31, 22, 25, 44, 54, 42, 49, 23, 32, 39, 39, 24, 29, 32, 22, 39, 51, 49, 48, 30, 28, 31, 26, 29, 43, 47, 36]
    Layer 18: dist=[20, 27, 19, 18, 29, 37, 39, 30, 37, 40, 37, 45, 34, 34, 31, 35, 26, 41, 42, 28, 38, 28, 37, 52, 31, 35, 35, 36, 30, 29, 43, 31]
    Layer 19: dist=[39, 33, 35, 35, 43, 54, 30, 38, 40, 44, 41, 48, 35, 31, 40, 35, 44, 42, 26, 29, 10, 28, 18, 27, 52, 54, 52, 58, 44, 43, 41, 41]
    Layer 20: dist=[46, 39, 44, 40, 41, 27, 28, 31, 23, 21, 26, 21, 48, 42, 48, 50, 24, 28, 31, 21, 38, 57, 52, 51, 63, 51, 53, 44, 49, 43, 55, 55]
    Layer 21: dist=[26, 25, 30, 35, 58, 33, 53, 58, 61, 33, 39, 38, 26, 24, 25, 23, 39, 40, 45, 32, 47, 52, 48, 49, 35, 34, 32, 44, 38, 40, 34, 47]
    Layer 22: dist=[39, 32, 37, 33, 28, 38, 24, 30, 21, 27, 24, 35, 9, 46, 32, 35, 18, 40, 40, 23, 53, 59, 60, 61, 51, 44, 46, 48, 57, 47, 53, 50]
    Layer 23: dist=[22, 18, 26, 22, 55, 55, 22, 50, 41, 20, 24, 31, 37, 36, 41, 39, 41, 38, 42, 48, 41, 46, 42, 40, 41, 39, 37, 51, 47, 44, 44, 39]
    Layer 24: dist=[40, 62, 57, 51, 50, 56, 54, 47, 52, 54, 52, 43, 41, 39, 47, 40, 42, 49, 44, 42, 60, 53, 52, 58, 31, 41, 39, 29, 50, 57, 51, 47]
    Layer 25: dist=[50, 60, 59, 49, 38, 38, 54, 42, 46, 52, 47, 48, 36, 45, 27, 37, 48, 50, 49, 45, 54, 56, 55, 55, 58, 56, 50, 55, 46, 61, 51, 45]
    Layer 26: dist=[43, 47, 57, 36, 59, 57, 59, 56, 52, 56, 53, 49, 52, 62, 60, 60, 43, 46, 53, 50, 53, 54, 60, 57, 53, 50, 54, 50, 58, 50, 59, 51]
    Layer 27: dist=[48, 55, 54, 59, 50, 53, 52, 44, 41, 52, 55, 52, 41, 56, 42, 45, 51, 53, 53, 53, 47, 56, 54, 44, 57, 59, 60, 60, 50, 44, 45, 60]
    Layer 28: dist=[53, 47, 54, 53, 41, 35, 40, 38, 52, 57, 47, 46, 57, 53, 48, 50, 57, 51, 53, 55, 59, 37, 32, 46, 47, 46, 50, 51, 46, 48, 35, 49]
    Layer 29: dist=[57, 58, 57, 58, 45, 56, 47, 58, 58, 57, 61, 54, 60, 61, 60, 61, 58, 56, 58, 60, 62, 61, 56, 62, 49, 59, 47, 49, 55, 51, 56, 56]
    Layer 30: dist=[40, 54, 51, 52, 53, 51, 48, 37, 60, 59, 58, 60, 53, 53, 57, 51, 52, 39, 61, 61, 29, 60, 53, 54, 60, 60, 61, 60, 55, 56, 54, 51]
    Layer 31: dist=[60, 58, 51, 49, 58, 59, 59, 59, 57, 41, 46, 47, 58, 59, 59, 58, 52, 53, 55, 48, 60, 59, 56, 59, 57, 56, 46, 60, 57, 55, 53, 57]
    Layer 32: dist=[56, 57, 58, 57, 58, 60, 59, 60, 56, 55, 59, 58, 48, 58, 54, 47, 58, 54, 54, 54, 62, 48, 57, 60, 36, 48, 44, 53, 58, 54, 51, 53]
    Layer 33: dist=[52, 61, 57, 60, 45, 52, 29, 47, 57, 58, 57, 58, 58, 59, 58, 59, 59, 59, 53, 56, 58, 49, 54, 57, 57, 59, 60, 59, 56, 56, 55, 53]
    Layer 34: dist=[56, 57, 58, 57, 55, 56, 55, 54, 25, 47, 54, 42, 58, 57, 60, 40, 42, 44, 62, 30, 58, 27, 59, 60, 61, 60, 62, 60, 26, 32, 35, 54]
    Layer 35: dist=[56, 62, 36, 50, 43, 19, 55, 48, 42, 51, 55, 49, 30, 17, 24, 22, 49, 45, 40, 27, 45, 52, 28, 27, 33, 27, 33, 35, 36, 57, 61, 58]

  [Taylor Step 2/3] OLS sigma per head (scaling V, streaming)...
    Layer  0: sigma=[0.259, 0.100, 0.100, 0.100, 0.197, 0.601, 0.100, 0.100, 0.100, 0.100, 0.141, 0.100, 0.100, 0.100, 0.100, 0.292, 0.100, 0.100, 0.100, 0.100, 0.100, 0.100, 0.100, 0.200, 0.100, 0.100, 0.577, 0.100, 0.254, 0.100, 0.100, 0.100]
    Layer  1: sigma=[0.280, 0.100, 0.100, 0.100, 0.100, 0.100, 0.100, 0.100, 0.100, 0.407, 0.278, 0.100, 0.100, 0.100, 0.100, 0.100, 0.100, 0.100, 0.100, 0.100, 0.100, 0.100, 0.100, 0.208, 0.100, 0.100, 0.179, 0.100, 0.100, 0.100, 0.100, 0.100]
    Layer  2: sigma=[0.152, 0.100, 0.100, 0.100, 0.100, 0.100, 0.100, 0.100, 0.161, 0.100, 0.100, 0.100, 0.100, 0.257, 0.100, 0.100, 0.100, 0.100, 0.100, 0.100, 0.100, 0.100, 0.100, 0.100, 0.100, 0.173, 0.100, 0.100, 0.100, 0.100, 0.100, 0.141]
    Layer  3: sigma=[0.100, 0.462, 0.100, 0.294, 0.100, 0.100, 0.100, 0.100, 0.100, 0.100, 0.100, 0.100, 0.100, 0.100, 0.100, 0.100, 0.100, 0.100, 0.120, 0.100, 0.100, 0.100, 0.100, 0.100, 0.100, 0.119, 0.110, 0.100, 0.100, 0.100, 0.100, 0.100]
    Layer  4: sigma=[0.100, 0.100, 0.100, 0.100, 0.100, 0.100, 0.100, 0.100, 0.100, 0.100, 0.100, 0.100, 0.100, 0.100, 0.100, 0.100, 0.100, 0.100, 0.100, 0.100, 0.100, 0.145, 0.315, 0.100, 0.100, 0.100, 0.100, 0.100, 0.100, 0.100, 0.100, 0.100]
    Layer  5: sigma=[0.100, 0.100, 0.130, 0.100, 0.100, 0.100, 0.100, 0.102, 0.100, 0.279, 0.100, 0.107, 0.100, 0.100, 0.100, 0.109, 0.100, 0.338, 0.100, 0.100, 0.100, 0.100, 0.100, 0.100, 0.100, 0.100, 0.100, 0.100, 0.100, 0.246, 0.100, 0.100]
    Layer  6: sigma=[0.100, 0.100, 0.171, 0.100, 0.110, 0.109, 0.100, 0.100, 0.100, 0.100, 0.100, 0.100, 0.100, 0.100, 0.100, 0.100, 0.100, 0.100, 0.100, 0.100, 0.243, 0.100, 0.100, 0.100, 0.100, 0.100, 0.103, 0.100, 0.100, 0.100, 0.100, 0.100]
    Layer  7: sigma=[0.100, 0.239, 0.100, 0.100, 0.127, 0.100, 0.100, 0.100, 0.100, 0.100, 0.100, 0.159, 0.100, 0.100, 0.100, 0.100, 0.100, 0.100, 0.100, 0.100, 0.100, 0.100, 0.100, 0.100, 0.100, 0.100, 0.100, 0.100, 0.100, 0.100, 0.100, 0.100]
    Layer  8: sigma=[0.100, 0.100, 0.100, 0.100, 0.100, 0.100, 0.100, 0.136, 0.100, 0.100, 0.100, 0.100, 0.100, 0.142, 0.100, 0.100, 0.100, 0.100, 0.100, 0.100, 0.100, 0.100, 0.100, 0.100, 0.100, 0.100, 0.100, 0.309, 0.100, 0.100, 0.100, 0.100]
    Layer  9: sigma=[0.100, 0.100, 0.126, 0.100, 0.100, 0.100, 0.100, 0.100, 0.100, 0.100, 0.100, 0.100, 0.100, 0.100, 0.796, 0.229, 0.100, 0.100, 0.100, 0.100, 0.132, 0.100, 0.100, 0.100, 0.100, 0.162, 0.100, 0.100, 0.100, 0.100, 0.100, 0.100]
    Layer 10: sigma=[0.100, 0.100, 0.100, 0.100, 0.100, 0.100, 0.100, 0.100, 0.136, 0.100, 0.100, 0.100, 0.100, 0.100, 0.100, 0.100, 0.100, 0.100, 0.100, 0.100, 0.100, 0.100, 0.100, 0.100, 0.100, 0.100, 0.100, 0.100, 0.103, 0.100, 0.109, 0.100]
    Layer 11: sigma=[0.100, 0.100, 0.100, 0.100, 0.216, 0.100, 0.169, 0.100, 0.100, 0.137, 0.100, 0.100, 0.147, 0.100, 0.267, 0.100, 0.100, 0.100, 0.100, 0.100, 0.100, 0.100, 0.100, 0.100, 0.107, 0.100, 0.259, 0.100, 0.100, 0.100, 0.102, 0.100]
    Layer 12: sigma=[0.100, 0.100, 0.100, 0.100, 0.100, 0.137, 0.100, 0.100, 0.100, 0.125, 0.100, 0.100, 0.100, 0.100, 0.100, 0.100, 0.100, 0.275, 0.443, 0.100, 0.100, 0.100, 0.100, 0.100, 0.100, 0.346, 0.100, 0.142, 0.100, 0.132, 0.132, 0.100]
    Layer 13: sigma=[0.264, 0.100, 0.100, 0.100, 0.100, 0.100, 0.100, 0.109, 0.100, 0.121, 0.121, 0.100, 0.100, 0.100, 0.100, 0.100, 0.100, 0.100, 0.100, 0.100, 0.100, 0.100, 0.100, 0.100, 0.100, 0.100, 0.100, 0.100, 0.100, 0.100, 0.100, 0.100]
    Layer 14: sigma=[0.100, 0.100, 0.117, 0.100, 0.100, 0.432, 0.100, 0.165, 0.100, 0.100, 0.102, 0.100, 0.100, 0.167, 0.100, 0.100, 0.100, 0.100, 0.160, 0.116, 0.100, 0.100, 0.100, 0.100, 0.100, 0.145, 0.100, 0.136, 0.100, 0.100, 0.100, 0.100]
    Layer 16: sigma=[0.316, 0.100, 0.100, 0.100, 0.100, 0.100, 0.100, 0.100, 0.100, 0.100, 0.100, 0.100, 0.100, 0.100, 0.100, 0.100, 0.100, 0.100, 0.100, 0.100, 0.100, 0.100, 0.100, 0.100, 0.100, 0.162, 0.100, 0.100, 0.100, 0.100, 0.100, 0.100]
    Layer 17: sigma=[0.100, 0.100, 0.100, 0.100, 0.100, 0.477, 0.100, 0.100, 0.103, 0.100, 0.100, 0.100, 0.100, 0.100, 0.100, 0.100, 0.289, 0.100, 0.100, 0.419, 0.100, 0.100, 0.100, 0.100, 0.100, 0.100, 0.396, 0.121, 0.100, 0.100, 0.100, 0.100]
    Layer 18: sigma=[0.100, 0.679, 0.100, 0.100, 0.102, 0.206, 0.100, 0.100, 0.100, 0.100, 0.100, 0.100, 0.100, 0.100, 0.100, 0.100, 0.394, 0.100, 0.100, 0.100, 0.100, 0.100, 0.100, 0.100, 0.100, 0.100, 0.100, 0.100, 0.100, 0.100, 0.100, 0.100]
    Layer 19: sigma=[0.100, 0.100, 0.100, 0.100, 0.100, 0.100, 0.250, 0.100, 0.100, 0.100, 0.100, 0.100, 0.271, 0.100, 0.100, 0.132, 0.100, 0.100, 0.100, 0.385, 0.100, 0.100, 0.100, 0.100, 0.100, 0.100, 0.100, 0.100, 0.100, 0.100, 0.100, 0.100]
    Layer 20: sigma=[0.100, 0.100, 0.183, 0.100, 0.100, 0.232, 0.150, 0.100, 0.100, 0.100, 0.100, 0.100, 0.100, 0.100, 0.100, 0.112, 0.190, 0.100, 0.100, 0.100, 0.100, 0.100, 0.100, 0.100, 0.100, 0.100, 0.100, 0.100, 0.100, 0.100, 0.100, 0.100]
    Layer 21: sigma=[0.100, 0.100, 0.100, 0.100, 0.100, 0.100, 0.100, 0.100, 0.100, 0.100, 0.100, 0.405, 0.100, 0.100, 0.100, 0.100, 0.100, 0.100, 0.100, 0.146, 0.100, 0.100, 0.100, 0.100, 0.100, 0.100, 0.100, 0.100, 0.100, 0.100, 0.361, 0.126]
    Layer 22: sigma=[0.165, 0.100, 0.100, 0.100, 0.141, 0.133, 0.115, 0.188, 0.191, 0.100, 0.100, 0.100, 0.100, 0.100, 0.100, 0.100, 0.100, 0.100, 0.100, 0.144, 0.100, 0.100, 0.100, 0.100, 0.100, 0.100, 0.100, 0.100, 0.100, 0.100, 0.100, 0.100]
    Layer 23: sigma=[0.188, 0.130, 0.218, 0.100, 0.100, 0.100, 0.136, 0.100, 0.100, 0.100, 0.100, 0.100, 0.100, 0.100, 0.100, 0.100, 0.100, 0.100, 0.100, 0.100, 0.100, 0.100, 0.100, 0.100, 0.100, 0.100, 0.100, 0.100, 0.100, 0.281, 0.242, 0.168]
    Layer 24: sigma=[0.100, 0.100, 0.100, 0.100, 0.100, 0.100, 0.100, 0.100, 0.118, 0.100, 0.100, 0.100, 0.100, 0.100, 0.100, 0.211, 0.100, 0.100, 0.100, 0.106, 0.100, 0.100, 0.100, 0.100, 0.267, 0.290, 0.278, 0.229, 0.100, 0.100, 0.100, 0.100]
    Layer 25: sigma=[0.100, 0.100, 0.100, 0.100, 0.100, 0.100, 0.100, 0.100, 0.100, 0.100, 0.100, 0.100, 0.100, 0.100, 0.100, 0.100, 0.100, 0.100, 0.100, 0.100, 0.100, 0.100, 0.100, 0.100, 0.100, 0.100, 0.100, 0.100, 0.100, 0.100, 0.100, 0.100]
    Layer 26: sigma=[0.100, 0.100, 0.100, 0.100, 0.100, 0.100, 0.100, 0.100, 0.100, 0.100, 0.100, 0.100, 0.100, 0.100, 0.100, 0.146, 0.100, 0.100, 0.100, 0.100, 0.100, 0.100, 0.100, 0.100, 0.100, 0.100, 0.100, 0.100, 0.100, 0.100, 0.100, 0.100]
    Layer 27: sigma=[0.100, 0.100, 0.100, 0.100, 0.100, 0.100, 0.100, 0.100, 0.100, 0.100, 0.100, 0.100, 0.100, 0.100, 0.100, 0.100, 0.100, 0.100, 0.100, 0.100, 0.100, 0.100, 0.100, 0.100, 0.100, 0.100, 0.100, 0.100, 0.100, 0.287, 0.100, 0.100]
    Layer 28: sigma=[0.100, 0.100, 0.100, 0.100, 0.100, 0.142, 0.100, 0.257, 0.100, 0.100, 0.100, 0.100, 0.100, 0.100, 0.100, 0.100, 0.100, 0.100, 0.100, 0.100, 0.100, 0.100, 0.100, 0.100, 0.100, 0.100, 0.100, 0.100, 0.100, 0.100, 0.100, 0.100]
    Layer 29: sigma=[0.100, 0.100, 0.100, 0.100, 0.100, 0.100, 0.100, 0.100, 0.100, 0.100, 0.100, 0.100, 0.100, 0.100, 0.100, 0.100, 0.100, 0.100, 0.100, 0.100, 0.100, 0.100, 0.100, 0.100, 0.100, 0.100, 0.100, 0.100, 0.100, 0.100, 0.100, 0.100]
    Layer 30: sigma=[0.100, 0.100, 0.100, 0.100, 0.100, 0.100, 0.100, 0.100, 0.100, 0.100, 0.100, 0.100, 0.100, 0.100, 0.100, 0.100, 0.101, 0.100, 0.100, 0.100, 0.100, 0.100, 0.100, 0.100, 0.100, 0.100, 0.100, 0.100, 0.100, 0.100, 0.100, 0.100]
    Layer 31: sigma=[0.100, 0.100, 0.100, 0.100, 0.100, 0.100, 0.100, 0.100, 0.100, 0.100, 0.100, 0.100, 0.100, 0.100, 0.100, 0.100, 0.100, 0.100, 0.100, 0.100, 0.100, 0.100, 0.100, 0.100, 0.100, 0.100, 0.100, 0.100, 0.100, 0.100, 0.100, 0.100]
    Layer 32: sigma=[0.100, 0.100, 0.100, 0.100, 0.100, 0.100, 0.100, 0.100, 0.100, 0.100, 0.100, 0.100, 0.100, 0.100, 0.100, 0.100, 0.100, 0.100, 0.100, 0.100, 0.100, 0.100, 0.100, 0.100, 0.100, 0.100, 0.100, 0.100, 0.100, 0.100, 0.100, 0.117]
    Layer 33: sigma=[0.100, 0.100, 0.100, 0.100, 0.100, 0.100, 0.100, 0.100, 0.100, 0.100, 0.100, 0.100, 0.100, 0.100, 0.100, 0.100, 0.100, 0.100, 0.100, 0.100, 0.100, 0.100, 0.100, 0.100, 0.100, 0.100, 0.100, 0.100, 0.100, 0.100, 0.100, 0.100]
    Layer 34: sigma=[0.100, 0.100, 0.100, 0.100, 0.100, 0.100, 0.100, 0.100, 0.100, 0.100, 0.100, 0.100, 0.100, 0.100, 0.100, 0.100, 0.100, 0.100, 0.100, 0.100, 0.100, 0.100, 0.100, 0.100, 0.100, 0.100, 0.100, 0.100, 0.100, 0.100, 0.100, 0.100]
    Layer 35: sigma=[0.100, 0.100, 0.100, 0.100, 0.100, 0.100, 0.100, 0.100, 0.100, 0.100, 0.100, 0.100, 0.100, 0.100, 0.100, 0.100, 0.100, 0.100, 0.100, 0.100, 0.100, 0.100, 0.192, 0.100, 0.100, 0.100, 0.100, 0.100, 0.100, 0.100, 0.100, 0.100]

  [Taylor Step 3/3] g_proj = v_proj * alpha (damping=0.01)...
    Layer  0: alpha=0.068876  teacher_rms=0.0168  v_rms=0.0024
    Layer  1: alpha=0.057902  teacher_rms=0.0216  v_rms=0.0037
    Layer  2: alpha=0.054775  teacher_rms=0.0222  v_rms=0.0041
    Layer  3: alpha=0.041396  teacher_rms=0.0261  v_rms=0.0063
    Layer  4: alpha=0.049102  teacher_rms=0.0316  v_rms=0.0064
    Layer  5: alpha=0.052225  teacher_rms=0.0412  v_rms=0.0079
    Layer  6: alpha=0.074756  teacher_rms=0.0646  v_rms=0.0086
    Layer  7: alpha=0.040738  teacher_rms=0.0510  v_rms=0.0125
    Layer  8: alpha=0.040497  teacher_rms=0.0695  v_rms=0.0172
    Layer  9: alpha=0.026091  teacher_rms=0.0701  v_rms=0.0269
    Layer 10: alpha=0.048962  teacher_rms=0.1071  v_rms=0.0219
    Layer 11: alpha=0.053397  teacher_rms=0.1038  v_rms=0.0194
    Layer 12: alpha=0.046640  teacher_rms=0.1177  v_rms=0.0252
    Layer 13: alpha=0.054032  teacher_rms=0.1013  v_rms=0.0188
    Layer 14: alpha=0.056089  teacher_rms=0.1546  v_rms=0.0276
    Layer 16: alpha=0.040054  teacher_rms=0.1446  v_rms=0.0361
    Layer 17: alpha=0.035574  teacher_rms=0.1762  v_rms=0.0495
    Layer 18: alpha=0.031448  teacher_rms=0.1919  v_rms=0.0610
    Layer 19: alpha=0.047485  teacher_rms=0.2023  v_rms=0.0426
    Layer 20: alpha=0.052669  teacher_rms=0.1938  v_rms=0.0368
    Layer 21: alpha=0.042889  teacher_rms=0.2301  v_rms=0.0536
    Layer 22: alpha=0.054386  teacher_rms=0.2755  v_rms=0.0507
    Layer 23: alpha=0.048621  teacher_rms=0.3026  v_rms=0.0622
    Layer 24: alpha=0.032629  teacher_rms=0.2864  v_rms=0.0878
    Layer 25: alpha=0.038418  teacher_rms=0.2261  v_rms=0.0589
    Layer 26: alpha=0.026814  teacher_rms=0.1994  v_rms=0.0744
    Layer 27: alpha=0.031190  teacher_rms=0.2900  v_rms=0.0930
    Layer 28: alpha=0.037521  teacher_rms=0.3530  v_rms=0.0941
    Layer 29: alpha=0.016275  teacher_rms=0.2479  v_rms=0.1523
    Layer 30: alpha=0.025855  teacher_rms=0.3921  v_rms=0.1517
    Layer 31: alpha=0.018626  teacher_rms=0.3452  v_rms=0.1853
    Layer 32: alpha=0.021856  teacher_rms=0.5106  v_rms=0.2336
    Layer 33: alpha=0.016345  teacher_rms=0.5964  v_rms=0.3649
    Layer 34: alpha=0.031180  teacher_rms=1.0165  v_rms=0.3260
    Layer 35: alpha=0.056614  teacher_rms=1.0378  v_rms=0.1833

  Set g_proj = v_proj * alpha in 35 GDN layers (damping=0.01).
  Init (taylor_distill) done in 337.6s
  Layer 15: PPL = 14883.94  (eval 19.3s)

============================================================
  Probing layer 16 | strategy=taylor_distill
============================================================
Loading checkpoint shards:   0%|          | 0/4 [00:00<?, ?it/s]Loading checkpoint shards: 100%|██████████| 4/4 [00:00<00:00, 155.58it/s]
Could not cache non-existence of file. Will ignore error and continue. Error: [Errno 13] Permission denied: '/data/shared/huggingface/hub/models--Qwen--Qwen3-8B/.no_exist/b968826d9c46dd6066d109eabc6255188de91218/model.safetensors'
Loading checkpoint shards:   0%|          | 0/5 [00:00<?, ?it/s]Loading checkpoint shards: 100%|██████████| 5/5 [00:00<00:00, 184.09it/s]
Token indices sequence length is longer than the specified maximum sequence length for this model (2429029 > 131072). Running this sequence through the model will result in indexing errors
  [Taylor Step 1/3] Gate calibration from attention stats...
    Layer  0: dist=[18, 2, 6, 20, 8, 14, 6, 7, 10, 4, 6, 7, 10, 18, 17, 5, 9, 11, 8, 8, 8, 12, 2, 7, 4, 26, 5, 26, 9, 19, 9, 8]
    Layer  1: dist=[12, 21, 14, 26, 2, 9, 17, 7, 25, 18, 32, 29, 18, 28, 28, 20, 17, 26, 31, 18, 28, 17, 21, 21, 26, 8, 25, 23, 41, 16, 20, 28]
    Layer  2: dist=[36, 36, 37, 32, 17, 27, 20, 24, 21, 24, 29, 33, 28, 25, 26, 34, 32, 26, 28, 22, 28, 36, 27, 27, 14, 14, 11, 19, 41, 42, 43, 41]
    Layer  3: dist=[40, 20, 9, 12, 49, 50, 46, 42, 30, 27, 33, 31, 49, 43, 42, 42, 35, 37, 29, 37, 42, 33, 32, 36, 35, 30, 29, 33, 39, 36, 40, 37]
    Layer  4: dist=[31, 35, 41, 36, 41, 33, 35, 48, 37, 38, 34, 34, 31, 31, 38, 35, 35, 37, 38, 39, 34, 35, 25, 34, 26, 32, 27, 21, 28, 33, 30, 30]
    Layer  5: dist=[23, 29, 30, 21, 36, 34, 29, 29, 4, 14, 40, 38, 31, 43, 32, 30, 23, 20, 28, 28, 29, 30, 27, 33, 38, 39, 43, 43, 26, 25, 29, 32]
    Layer  6: dist=[16, 22, 17, 17, 27, 24, 34, 32, 25, 12, 21, 20, 31, 34, 28, 16, 28, 20, 24, 23, 13, 18, 18, 8, 21, 24, 18, 28, 24, 25, 21, 27]
    Layer  7: dist=[31, 36, 33, 46, 63, 57, 63, 60, 45, 60, 53, 41, 54, 15, 30, 49, 42, 54, 44, 44, 54, 45, 58, 59, 34, 41, 25, 43, 49, 51, 49, 54]
    Layer  8: dist=[45, 46, 49, 29, 43, 41, 35, 44, 46, 52, 43, 48, 51, 43, 49, 36, 60, 56, 54, 51, 44, 54, 51, 57, 47, 37, 51, 36, 44, 38, 42, 44]
    Layer  9: dist=[40, 32, 31, 36, 45, 49, 48, 40, 62, 61, 60, 56, 14, 46, 32, 45, 49, 53, 59, 62, 44, 40, 35, 41, 61, 44, 49, 54, 62, 57, 63, 61]
    Layer 10: dist=[39, 39, 30, 39, 46, 55, 33, 41, 34, 45, 55, 26, 49, 36, 42, 44, 45, 53, 52, 50, 46, 31, 56, 51, 51, 56, 47, 43, 40, 39, 44, 47]
    Layer 11: dist=[33, 33, 47, 27, 29, 36, 43, 42, 52, 62, 57, 49, 44, 33, 38, 39, 39, 36, 33, 25, 42, 56, 46, 46, 39, 32, 36, 32, 49, 34, 31, 48]
    Layer 12: dist=[12, 40, 39, 33, 43, 46, 39, 36, 33, 36, 44, 44, 50, 45, 45, 49, 21, 38, 29, 44, 55, 54, 53, 56, 49, 1, 56, 23, 43, 45, 59, 49]
    Layer 13: dist=[29, 36, 39, 36, 31, 29, 35, 22, 47, 36, 52, 61, 64, 58, 55, 62, 46, 39, 31, 36, 47, 33, 44, 46, 44, 33, 40, 41, 58, 56, 49, 51]
    Layer 14: dist=[25, 35, 34, 24, 39, 24, 35, 33, 31, 32, 37, 37, 36, 40, 35, 36, 41, 46, 31, 35, 33, 17, 28, 42, 27, 38, 40, 38, 43, 44, 5, 48]
    Layer 15: dist=[45, 27, 43, 23, 20, 22, 41, 33, 48, 33, 26, 54, 37, 56, 41, 47, 33, 33, 34, 36, 33, 30, 27, 27, 27, 20, 41, 37, 38, 47, 38, 28]
    Layer 17: dist=[58, 50, 41, 34, 28, 31, 22, 25, 44, 54, 42, 49, 23, 32, 39, 39, 24, 29, 32, 22, 39, 51, 49, 48, 30, 28, 31, 26, 29, 43, 47, 36]
    Layer 18: dist=[20, 27, 19, 18, 29, 37, 39, 30, 37, 40, 37, 45, 34, 34, 31, 35, 26, 41, 42, 28, 38, 28, 37, 52, 31, 35, 35, 36, 30, 29, 43, 31]
    Layer 19: dist=[39, 33, 35, 35, 43, 54, 30, 38, 40, 44, 41, 48, 35, 31, 40, 35, 44, 42, 26, 29, 10, 28, 18, 27, 52, 54, 52, 58, 44, 43, 41, 41]
    Layer 20: dist=[46, 39, 44, 40, 41, 27, 28, 31, 23, 21, 26, 21, 48, 42, 48, 50, 24, 28, 31, 21, 38, 57, 52, 51, 63, 51, 53, 44, 49, 43, 55, 55]
    Layer 21: dist=[26, 25, 30, 35, 58, 33, 53, 58, 61, 33, 39, 38, 26, 24, 25, 23, 39, 40, 45, 32, 47, 52, 48, 49, 35, 34, 32, 44, 38, 40, 34, 47]
    Layer 22: dist=[39, 32, 37, 33, 28, 38, 24, 30, 21, 27, 24, 35, 9, 46, 32, 35, 18, 40, 40, 23, 53, 59, 60, 61, 51, 44, 46, 48, 57, 47, 53, 50]
    Layer 23: dist=[22, 18, 26, 22, 55, 55, 22, 50, 41, 20, 24, 31, 37, 36, 41, 39, 41, 38, 42, 48, 41, 46, 42, 40, 41, 39, 37, 51, 47, 44, 44, 39]
    Layer 24: dist=[40, 62, 57, 51, 50, 56, 54, 47, 52, 54, 52, 43, 41, 39, 47, 40, 42, 49, 44, 42, 60, 53, 52, 58, 31, 41, 39, 29, 50, 57, 51, 47]
    Layer 25: dist=[50, 60, 59, 49, 38, 38, 54, 42, 46, 52, 47, 48, 36, 45, 27, 37, 48, 50, 49, 45, 54, 56, 55, 55, 58, 56, 50, 55, 46, 61, 51, 45]
    Layer 26: dist=[43, 47, 57, 36, 59, 57, 59, 56, 52, 56, 53, 49, 52, 62, 60, 60, 43, 46, 53, 50, 53, 54, 60, 57, 53, 50, 54, 50, 58, 50, 59, 51]
    Layer 27: dist=[48, 55, 54, 59, 50, 53, 52, 44, 41, 52, 55, 52, 41, 56, 42, 45, 51, 53, 53, 53, 47, 56, 54, 44, 57, 59, 60, 60, 50, 44, 45, 60]
    Layer 28: dist=[53, 47, 54, 53, 41, 35, 40, 38, 52, 57, 47, 46, 57, 53, 48, 50, 57, 51, 53, 55, 59, 37, 32, 46, 47, 46, 50, 51, 46, 48, 35, 49]
    Layer 29: dist=[57, 58, 57, 58, 45, 56, 47, 58, 58, 57, 61, 54, 60, 61, 60, 61, 58, 56, 58, 60, 62, 61, 56, 62, 49, 59, 47, 49, 55, 51, 56, 56]
    Layer 30: dist=[40, 54, 51, 52, 53, 51, 48, 37, 60, 59, 58, 60, 53, 53, 57, 51, 52, 39, 61, 61, 29, 60, 53, 54, 60, 60, 61, 60, 55, 56, 54, 51]
    Layer 31: dist=[60, 58, 51, 49, 58, 59, 59, 59, 57, 41, 46, 47, 58, 59, 59, 58, 52, 53, 55, 48, 60, 59, 56, 59, 57, 56, 46, 60, 57, 55, 53, 57]
    Layer 32: dist=[56, 57, 58, 57, 58, 60, 59, 60, 56, 55, 59, 58, 48, 58, 54, 47, 58, 54, 54, 54, 62, 48, 57, 60, 36, 48, 44, 53, 58, 54, 51, 53]
    Layer 33: dist=[52, 61, 57, 60, 45, 52, 29, 47, 57, 58, 57, 58, 58, 59, 58, 59, 59, 59, 53, 56, 58, 49, 54, 57, 57, 59, 60, 59, 56, 56, 55, 53]
    Layer 34: dist=[56, 57, 58, 57, 55, 56, 55, 54, 25, 47, 54, 42, 58, 57, 60, 40, 42, 44, 62, 30, 58, 27, 59, 60, 61, 60, 62, 60, 26, 32, 35, 54]
    Layer 35: dist=[56, 62, 36, 50, 43, 19, 55, 48, 42, 51, 55, 49, 30, 17, 24, 22, 49, 45, 40, 27, 45, 52, 28, 27, 33, 27, 33, 35, 36, 57, 61, 58]

  [Taylor Step 2/3] OLS sigma per head (scaling V, streaming)...
    Layer  0: sigma=[0.257, 0.100, 0.100, 0.100, 0.198, 0.600, 0.100, 0.100, 0.100, 0.100, 0.141, 0.100, 0.100, 0.100, 0.100, 0.290, 0.100, 0.100, 0.100, 0.100, 0.100, 0.100, 0.100, 0.199, 0.100, 0.100, 0.576, 0.100, 0.252, 0.100, 0.100, 0.100]
    Layer  1: sigma=[0.279, 0.100, 0.100, 0.100, 0.100, 0.100, 0.100, 0.100, 0.100, 0.396, 0.279, 0.100, 0.100, 0.100, 0.100, 0.100, 0.100, 0.100, 0.100, 0.100, 0.100, 0.100, 0.100, 0.208, 0.100, 0.100, 0.180, 0.100, 0.100, 0.100, 0.100, 0.100]
    Layer  2: sigma=[0.151, 0.100, 0.100, 0.100, 0.100, 0.100, 0.100, 0.100, 0.155, 0.100, 0.100, 0.100, 0.100, 0.257, 0.100, 0.100, 0.100, 0.100, 0.100, 0.100, 0.100, 0.100, 0.100, 0.100, 0.100, 0.174, 0.100, 0.100, 0.100, 0.100, 0.100, 0.139]
    Layer  3: sigma=[0.100, 0.454, 0.100, 0.289, 0.100, 0.100, 0.100, 0.100, 0.100, 0.100, 0.100, 0.100, 0.100, 0.100, 0.100, 0.100, 0.100, 0.100, 0.118, 0.100, 0.100, 0.100, 0.100, 0.100, 0.100, 0.125, 0.110, 0.100, 0.100, 0.100, 0.100, 0.100]
    Layer  4: sigma=[0.100, 0.100, 0.100, 0.100, 0.100, 0.100, 0.100, 0.100, 0.100, 0.100, 0.100, 0.100, 0.100, 0.100, 0.100, 0.100, 0.100, 0.100, 0.100, 0.100, 0.100, 0.144, 0.320, 0.100, 0.100, 0.100, 0.100, 0.100, 0.100, 0.100, 0.100, 0.100]
    Layer  5: sigma=[0.100, 0.100, 0.108, 0.100, 0.100, 0.100, 0.100, 0.100, 0.100, 0.270, 0.100, 0.103, 0.100, 0.100, 0.100, 0.111, 0.100, 0.334, 0.100, 0.100, 0.100, 0.100, 0.100, 0.100, 0.100, 0.100, 0.100, 0.100, 0.100, 0.244, 0.100, 0.100]
    Layer  6: sigma=[0.100, 0.100, 0.164, 0.100, 0.115, 0.109, 0.100, 0.100, 0.100, 0.100, 0.100, 0.100, 0.100, 0.100, 0.100, 0.100, 0.100, 0.100, 0.100, 0.100, 0.242, 0.100, 0.100, 0.100, 0.100, 0.100, 0.101, 0.100, 0.100, 0.100, 0.100, 0.100]
    Layer  7: sigma=[0.100, 0.238, 0.100, 0.100, 0.126, 0.100, 0.100, 0.100, 0.100, 0.100, 0.100, 0.158, 0.100, 0.100, 0.100, 0.100, 0.100, 0.100, 0.100, 0.100, 0.100, 0.100, 0.100, 0.100, 0.100, 0.100, 0.100, 0.100, 0.100, 0.100, 0.100, 0.100]
    Layer  8: sigma=[0.100, 0.100, 0.100, 0.100, 0.100, 0.100, 0.100, 0.121, 0.100, 0.100, 0.100, 0.100, 0.100, 0.127, 0.100, 0.100, 0.100, 0.100, 0.100, 0.100, 0.100, 0.100, 0.100, 0.100, 0.100, 0.100, 0.100, 0.245, 0.100, 0.100, 0.100, 0.100]
    Layer  9: sigma=[0.100, 0.100, 0.123, 0.100, 0.100, 0.100, 0.100, 0.100, 0.100, 0.100, 0.100, 0.100, 0.100, 0.100, 0.688, 0.220, 0.100, 0.100, 0.100, 0.100, 0.126, 0.100, 0.100, 0.100, 0.100, 0.167, 0.100, 0.100, 0.100, 0.100, 0.100, 0.100]
    Layer 10: sigma=[0.100, 0.100, 0.100, 0.100, 0.100, 0.100, 0.100, 0.100, 0.147, 0.100, 0.100, 0.100, 0.100, 0.100, 0.100, 0.100, 0.100, 0.100, 0.100, 0.100, 0.100, 0.100, 0.100, 0.100, 0.100, 0.100, 0.100, 0.100, 0.106, 0.100, 0.104, 0.100]
    Layer 11: sigma=[0.100, 0.100, 0.100, 0.100, 0.228, 0.100, 0.169, 0.100, 0.100, 0.130, 0.100, 0.100, 0.141, 0.100, 0.280, 0.100, 0.100, 0.100, 0.100, 0.100, 0.100, 0.100, 0.100, 0.100, 0.100, 0.100, 0.251, 0.100, 0.100, 0.100, 0.104, 0.100]
    Layer 12: sigma=[0.100, 0.100, 0.100, 0.100, 0.100, 0.124, 0.100, 0.100, 0.100, 0.119, 0.100, 0.100, 0.100, 0.100, 0.100, 0.100, 0.100, 0.263, 0.489, 0.100, 0.100, 0.100, 0.100, 0.100, 0.100, 0.312, 0.100, 0.148, 0.100, 0.133, 0.132, 0.100]
    Layer 13: sigma=[0.254, 0.100, 0.100, 0.100, 0.100, 0.100, 0.100, 0.102, 0.100, 0.119, 0.127, 0.100, 0.100, 0.100, 0.100, 0.100, 0.100, 0.100, 0.100, 0.100, 0.100, 0.100, 0.100, 0.100, 0.100, 0.100, 0.100, 0.100, 0.100, 0.100, 0.100, 0.100]
    Layer 14: sigma=[0.100, 0.100, 0.108, 0.100, 0.100, 0.454, 0.100, 0.165, 0.100, 0.100, 0.100, 0.100, 0.100, 0.179, 0.100, 0.100, 0.100, 0.100, 0.161, 0.122, 0.100, 0.100, 0.100, 0.100, 0.100, 0.161, 0.100, 0.136, 0.100, 0.100, 0.115, 0.100]
    Layer 15: sigma=[0.100, 0.219, 0.100, 0.103, 0.237, 0.122, 0.100, 0.100, 0.100, 0.100, 0.100, 0.100, 0.259, 0.100, 0.100, 0.100, 0.100, 0.100, 0.106, 0.145, 0.100, 0.100, 0.100, 0.100, 0.294, 0.228, 0.100, 0.100, 0.100, 0.100, 0.100, 0.100]
    Layer 17: sigma=[0.100, 0.100, 0.100, 0.100, 0.100, 0.476, 0.100, 0.100, 0.109, 0.100, 0.100, 0.100, 0.100, 0.100, 0.100, 0.100, 0.327, 0.143, 0.100, 0.382, 0.100, 0.100, 0.100, 0.100, 0.100, 0.100, 0.358, 0.118, 0.100, 0.100, 0.100, 0.100]
    Layer 18: sigma=[0.100, 0.699, 0.100, 0.100, 0.100, 0.204, 0.100, 0.100, 0.100, 0.100, 0.100, 0.100, 0.100, 0.100, 0.100, 0.100, 0.362, 0.100, 0.100, 0.100, 0.100, 0.100, 0.100, 0.100, 0.100, 0.100, 0.100, 0.100, 0.100, 0.100, 0.100, 0.100]
    Layer 19: sigma=[0.100, 0.100, 0.100, 0.100, 0.100, 0.100, 0.258, 0.100, 0.100, 0.100, 0.100, 0.100, 0.303, 0.100, 0.100, 0.159, 0.100, 0.100, 0.100, 0.382, 0.100, 0.100, 0.100, 0.100, 0.100, 0.100, 0.100, 0.100, 0.100, 0.100, 0.100, 0.100]
    Layer 20: sigma=[0.100, 0.100, 0.199, 0.109, 0.100, 0.247, 0.148, 0.100, 0.100, 0.100, 0.100, 0.100, 0.100, 0.100, 0.100, 0.109, 0.176, 0.102, 0.100, 0.100, 0.100, 0.100, 0.100, 0.100, 0.100, 0.100, 0.100, 0.100, 0.100, 0.100, 0.100, 0.100]
    Layer 21: sigma=[0.100, 0.100, 0.100, 0.120, 0.100, 0.100, 0.100, 0.100, 0.100, 0.100, 0.100, 0.400, 0.100, 0.100, 0.100, 0.100, 0.100, 0.100, 0.100, 0.113, 0.100, 0.100, 0.100, 0.100, 0.100, 0.100, 0.100, 0.100, 0.100, 0.100, 0.297, 0.129]
    Layer 22: sigma=[0.166, 0.100, 0.100, 0.100, 0.164, 0.144, 0.135, 0.203, 0.225, 0.129, 0.100, 0.100, 0.108, 0.100, 0.100, 0.100, 0.100, 0.100, 0.100, 0.111, 0.100, 0.100, 0.100, 0.100, 0.100, 0.100, 0.100, 0.100, 0.100, 0.100, 0.100, 0.100]
    Layer 23: sigma=[0.191, 0.141, 0.223, 0.100, 0.142, 0.100, 0.284, 0.100, 0.100, 0.100, 0.100, 0.100, 0.100, 0.100, 0.100, 0.100, 0.100, 0.100, 0.100, 0.100, 0.100, 0.100, 0.100, 0.100, 0.100, 0.100, 0.100, 0.100, 0.100, 0.271, 0.231, 0.194]
    Layer 24: sigma=[0.100, 0.100, 0.100, 0.100, 0.100, 0.100, 0.100, 0.100, 0.100, 0.100, 0.100, 0.100, 0.100, 0.100, 0.100, 0.225, 0.100, 0.100, 0.100, 0.100, 0.100, 0.100, 0.100, 0.100, 0.333, 0.375, 0.220, 0.224, 0.100, 0.100, 0.100, 0.100]
    Layer 25: sigma=[0.100, 0.100, 0.100, 0.100, 0.100, 0.100, 0.100, 0.100, 0.100, 0.100, 0.100, 0.100, 0.100, 0.100, 0.100, 0.100, 0.100, 0.100, 0.100, 0.100, 0.100, 0.100, 0.100, 0.100, 0.100, 0.100, 0.100, 0.100, 0.100, 0.100, 0.100, 0.100]
    Layer 26: sigma=[0.100, 0.100, 0.100, 0.100, 0.100, 0.100, 0.100, 0.100, 0.100, 0.100, 0.100, 0.100, 0.100, 0.100, 0.100, 0.137, 0.100, 0.100, 0.100, 0.100, 0.100, 0.100, 0.100, 0.100, 0.100, 0.100, 0.100, 0.100, 0.100, 0.100, 0.100, 0.100]
    Layer 27: sigma=[0.100, 0.100, 0.100, 0.100, 0.100, 0.100, 0.100, 0.100, 0.100, 0.100, 0.100, 0.100, 0.100, 0.100, 0.100, 0.100, 0.100, 0.100, 0.100, 0.100, 0.100, 0.100, 0.100, 0.100, 0.100, 0.100, 0.100, 0.100, 0.100, 0.217, 0.100, 0.100]
    Layer 28: sigma=[0.100, 0.100, 0.100, 0.100, 0.114, 0.100, 0.100, 0.308, 0.100, 0.100, 0.100, 0.100, 0.100, 0.100, 0.100, 0.100, 0.100, 0.100, 0.100, 0.100, 0.100, 0.100, 0.100, 0.100, 0.100, 0.100, 0.100, 0.100, 0.100, 0.100, 0.100, 0.100]
    Layer 29: sigma=[0.100, 0.100, 0.100, 0.100, 0.100, 0.100, 0.100, 0.100, 0.100, 0.100, 0.100, 0.100, 0.100, 0.100, 0.100, 0.100, 0.100, 0.100, 0.100, 0.100, 0.100, 0.100, 0.100, 0.100, 0.100, 0.100, 0.100, 0.100, 0.100, 0.100, 0.100, 0.100]
    Layer 30: sigma=[0.100, 0.100, 0.100, 0.100, 0.100, 0.100, 0.100, 0.100, 0.100, 0.100, 0.100, 0.100, 0.100, 0.100, 0.100, 0.100, 0.100, 0.100, 0.100, 0.100, 0.100, 0.100, 0.100, 0.100, 0.100, 0.100, 0.100, 0.100, 0.100, 0.100, 0.100, 0.100]
    Layer 31: sigma=[0.100, 0.100, 0.100, 0.100, 0.100, 0.100, 0.100, 0.100, 0.100, 0.100, 0.100, 0.100, 0.100, 0.100, 0.100, 0.100, 0.100, 0.100, 0.100, 0.100, 0.100, 0.100, 0.100, 0.100, 0.100, 0.100, 0.100, 0.100, 0.100, 0.100, 0.100, 0.100]
    Layer 32: sigma=[0.100, 0.100, 0.100, 0.100, 0.100, 0.100, 0.100, 0.100, 0.100, 0.100, 0.100, 0.100, 0.100, 0.100, 0.100, 0.100, 0.100, 0.100, 0.100, 0.100, 0.100, 0.100, 0.100, 0.100, 0.100, 0.100, 0.100, 0.100, 0.100, 0.100, 0.100, 0.100]
    Layer 33: sigma=[0.100, 0.100, 0.100, 0.100, 0.100, 0.100, 0.106, 0.100, 0.100, 0.100, 0.100, 0.100, 0.100, 0.100, 0.100, 0.100, 0.100, 0.100, 0.100, 0.100, 0.100, 0.100, 0.100, 0.100, 0.100, 0.100, 0.100, 0.100, 0.100, 0.100, 0.100, 0.100]
    Layer 34: sigma=[0.100, 0.100, 0.100, 0.100, 0.100, 0.100, 0.100, 0.100, 0.100, 0.100, 0.100, 0.100, 0.100, 0.100, 0.100, 0.100, 0.100, 0.100, 0.100, 0.100, 0.100, 0.100, 0.100, 0.100, 0.100, 0.100, 0.100, 0.100, 0.100, 0.100, 0.100, 0.100]
    Layer 35: sigma=[0.100, 0.100, 0.100, 0.100, 0.100, 0.100, 0.100, 0.100, 0.100, 0.100, 0.100, 0.100, 0.100, 0.100, 0.100, 0.100, 0.100, 0.100, 0.100, 0.100, 0.100, 0.100, 0.183, 0.100, 0.100, 0.100, 0.100, 0.100, 0.100, 0.100, 0.100, 0.100]

  [Taylor Step 3/3] g_proj = v_proj * alpha (damping=0.01)...
    Layer  0: alpha=0.069027  teacher_rms=0.0168  v_rms=0.0024
    Layer  1: alpha=0.058239  teacher_rms=0.0216  v_rms=0.0037
    Layer  2: alpha=0.054900  teacher_rms=0.0222  v_rms=0.0041
    Layer  3: alpha=0.041642  teacher_rms=0.0261  v_rms=0.0063
    Layer  4: alpha=0.048983  teacher_rms=0.0316  v_rms=0.0065
    Layer  5: alpha=0.052896  teacher_rms=0.0412  v_rms=0.0078
    Layer  6: alpha=0.074999  teacher_rms=0.0646  v_rms=0.0086
    Layer  7: alpha=0.040795  teacher_rms=0.0510  v_rms=0.0125
    Layer  8: alpha=0.043079  teacher_rms=0.0695  v_rms=0.0161
    Layer  9: alpha=0.028509  teacher_rms=0.0701  v_rms=0.0246
    Layer 10: alpha=0.048794  teacher_rms=0.1071  v_rms=0.0219
    Layer 11: alpha=0.053196  teacher_rms=0.1038  v_rms=0.0195
    Layer 12: alpha=0.046437  teacher_rms=0.1177  v_rms=0.0254
    Layer 13: alpha=0.054498  teacher_rms=0.1013  v_rms=0.0186
    Layer 14: alpha=0.054639  teacher_rms=0.1546  v_rms=0.0283
    Layer 15: alpha=0.047174  teacher_rms=0.1546  v_rms=0.0328
    Layer 17: alpha=0.036297  teacher_rms=0.1762  v_rms=0.0485
    Layer 18: alpha=0.030914  teacher_rms=0.1919  v_rms=0.0621
    Layer 19: alpha=0.045999  teacher_rms=0.2023  v_rms=0.0440
    Layer 20: alpha=0.052012  teacher_rms=0.1938  v_rms=0.0373
    Layer 21: alpha=0.045163  teacher_rms=0.2301  v_rms=0.0509
    Layer 22: alpha=0.052417  teacher_rms=0.2755  v_rms=0.0526
    Layer 23: alpha=0.044536  teacher_rms=0.3026  v_rms=0.0679
    Layer 24: alpha=0.032057  teacher_rms=0.2864  v_rms=0.0893
    Layer 25: alpha=0.038418  teacher_rms=0.2261  v_rms=0.0589
    Layer 26: alpha=0.026940  teacher_rms=0.1994  v_rms=0.0740
    Layer 27: alpha=0.032715  teacher_rms=0.2900  v_rms=0.0886
    Layer 28: alpha=0.036433  teacher_rms=0.3530  v_rms=0.0969
    Layer 29: alpha=0.016275  teacher_rms=0.2479  v_rms=0.1523
    Layer 30: alpha=0.025867  teacher_rms=0.3921  v_rms=0.1516
    Layer 31: alpha=0.018626  teacher_rms=0.3452  v_rms=0.1853
    Layer 32: alpha=0.021930  teacher_rms=0.5106  v_rms=0.2328
    Layer 33: alpha=0.016337  teacher_rms=0.5964  v_rms=0.3650
    Layer 34: alpha=0.031180  teacher_rms=1.0165  v_rms=0.3260
    Layer 35: alpha=0.056861  teacher_rms=1.0378  v_rms=0.1825

  Set g_proj = v_proj * alpha in 35 GDN layers (damping=0.01).
  Init (taylor_distill) done in 339.3s
  Layer 16: PPL = 2098.42  (eval 19.0s)

============================================================
  Probing layer 17 | strategy=taylor_distill
============================================================
Loading checkpoint shards:   0%|          | 0/4 [00:00<?, ?it/s]Loading checkpoint shards: 100%|██████████| 4/4 [00:00<00:00, 122.08it/s]
Could not cache non-existence of file. Will ignore error and continue. Error: [Errno 13] Permission denied: '/data/shared/huggingface/hub/models--Qwen--Qwen3-8B/.no_exist/b968826d9c46dd6066d109eabc6255188de91218/model.safetensors'
Loading checkpoint shards:   0%|          | 0/5 [00:00<?, ?it/s]Loading checkpoint shards: 100%|██████████| 5/5 [00:00<00:00, 172.77it/s]
Token indices sequence length is longer than the specified maximum sequence length for this model (2429029 > 131072). Running this sequence through the model will result in indexing errors
  [Taylor Step 1/3] Gate calibration from attention stats...
    Layer  0: dist=[18, 2, 6, 20, 8, 14, 6, 7, 10, 4, 6, 7, 10, 18, 17, 5, 9, 11, 8, 8, 8, 12, 2, 7, 4, 26, 5, 26, 9, 19, 9, 8]
    Layer  1: dist=[12, 21, 14, 26, 2, 9, 17, 7, 25, 18, 32, 29, 18, 28, 28, 20, 17, 26, 31, 18, 28, 17, 21, 21, 26, 8, 25, 23, 41, 16, 20, 28]
    Layer  2: dist=[36, 36, 37, 32, 17, 27, 20, 24, 21, 24, 29, 33, 28, 25, 26, 34, 32, 26, 28, 22, 28, 36, 27, 27, 14, 14, 11, 19, 41, 42, 43, 41]
    Layer  3: dist=[40, 20, 9, 12, 49, 50, 46, 42, 30, 27, 33, 31, 49, 43, 42, 42, 35, 37, 29, 37, 42, 33, 32, 36, 35, 30, 29, 33, 39, 36, 40, 37]
    Layer  4: dist=[31, 35, 41, 36, 41, 33, 35, 48, 37, 38, 34, 34, 31, 31, 38, 35, 35, 37, 38, 39, 34, 35, 25, 34, 26, 32, 27, 21, 28, 33, 30, 30]
    Layer  5: dist=[23, 29, 30, 21, 36, 34, 29, 29, 4, 14, 40, 38, 31, 43, 32, 30, 23, 20, 28, 28, 29, 30, 27, 33, 38, 39, 43, 43, 26, 25, 29, 32]
    Layer  6: dist=[16, 22, 17, 17, 27, 24, 34, 32, 25, 12, 21, 20, 31, 34, 28, 16, 28, 20, 24, 23, 13, 18, 18, 8, 21, 24, 18, 28, 24, 25, 21, 27]
    Layer  7: dist=[31, 36, 33, 46, 63, 57, 63, 60, 45, 60, 53, 41, 54, 15, 30, 49, 42, 54, 44, 44, 54, 45, 58, 59, 34, 41, 25, 43, 49, 51, 49, 54]
    Layer  8: dist=[45, 46, 49, 29, 43, 41, 35, 44, 46, 52, 43, 48, 51, 43, 49, 36, 60, 56, 54, 51, 44, 54, 51, 57, 47, 37, 51, 36, 44, 38, 42, 44]
    Layer  9: dist=[40, 32, 31, 36, 45, 49, 48, 40, 62, 61, 60, 56, 14, 46, 32, 45, 49, 53, 59, 62, 44, 40, 35, 41, 61, 44, 49, 54, 62, 57, 63, 61]
    Layer 10: dist=[39, 39, 30, 39, 46, 55, 33, 41, 34, 45, 55, 26, 49, 36, 42, 44, 45, 53, 52, 50, 46, 31, 56, 51, 51, 56, 47, 43, 40, 39, 44, 47]
    Layer 11: dist=[33, 33, 47, 27, 29, 36, 43, 42, 52, 62, 57, 49, 44, 33, 38, 39, 39, 36, 33, 25, 42, 56, 46, 46, 39, 32, 36, 32, 49, 34, 31, 48]
    Layer 12: dist=[12, 40, 39, 33, 43, 46, 39, 36, 33, 36, 44, 44, 50, 45, 45, 49, 21, 38, 29, 44, 55, 54, 53, 56, 49, 1, 56, 23, 43, 45, 59, 49]
    Layer 13: dist=[29, 36, 39, 36, 31, 29, 35, 22, 47, 36, 52, 61, 64, 58, 55, 62, 46, 39, 31, 36, 47, 33, 44, 46, 44, 33, 40, 41, 58, 56, 49, 51]
    Layer 14: dist=[25, 35, 34, 24, 39, 24, 35, 33, 31, 32, 37, 37, 36, 40, 35, 36, 41, 46, 31, 35, 33, 17, 28, 42, 27, 38, 40, 38, 43, 44, 5, 48]
    Layer 15: dist=[45, 27, 43, 23, 20, 22, 41, 33, 48, 33, 26, 54, 37, 56, 41, 47, 33, 33, 34, 36, 33, 30, 27, 27, 27, 20, 41, 37, 38, 47, 38, 28]
    Layer 16: dist=[37, 32, 42, 47, 29, 35, 26, 31, 29, 45, 40, 43, 49, 35, 44, 47, 38, 41, 34, 35, 59, 60, 57, 54, 39, 28, 34, 6, 32, 33, 36, 32]
    Layer 18: dist=[20, 27, 19, 18, 29, 37, 39, 30, 37, 40, 37, 45, 34, 34, 31, 35, 26, 41, 42, 28, 38, 28, 37, 52, 31, 35, 35, 36, 30, 29, 43, 31]
    Layer 19: dist=[39, 33, 35, 35, 43, 54, 30, 38, 40, 44, 41, 48, 35, 31, 40, 35, 44, 42, 26, 29, 10, 28, 18, 27, 52, 54, 52, 58, 44, 43, 41, 41]
    Layer 20: dist=[46, 39, 44, 40, 41, 27, 28, 31, 23, 21, 26, 21, 48, 42, 48, 50, 24, 28, 31, 21, 38, 57, 52, 51, 63, 51, 53, 44, 49, 43, 55, 55]
    Layer 21: dist=[26, 25, 30, 35, 58, 33, 53, 58, 61, 33, 39, 38, 26, 24, 25, 23, 39, 40, 45, 32, 47, 52, 48, 49, 35, 34, 32, 44, 38, 40, 34, 47]
    Layer 22: dist=[39, 32, 37, 33, 28, 38, 24, 30, 21, 27, 24, 35, 9, 46, 32, 35, 18, 40, 40, 23, 53, 59, 60, 61, 51, 44, 46, 48, 57, 47, 53, 50]
    Layer 23: dist=[22, 18, 26, 22, 55, 55, 22, 50, 41, 20, 24, 31, 37, 36, 41, 39, 41, 38, 42, 48, 41, 46, 42, 40, 41, 39, 37, 51, 47, 44, 44, 39]
    Layer 24: dist=[40, 62, 57, 51, 50, 56, 54, 47, 52, 54, 52, 43, 41, 39, 47, 40, 42, 49, 44, 42, 60, 53, 52, 58, 31, 41, 39, 29, 50, 57, 51, 47]
    Layer 25: dist=[50, 60, 59, 49, 38, 38, 54, 42, 46, 52, 47, 48, 36, 45, 27, 37, 48, 50, 49, 45, 54, 56, 55, 55, 58, 56, 50, 55, 46, 61, 51, 45]
    Layer 26: dist=[43, 47, 57, 36, 59, 57, 59, 56, 52, 56, 53, 49, 52, 62, 60, 60, 43, 46, 53, 50, 53, 54, 60, 57, 53, 50, 54, 50, 58, 50, 59, 51]
    Layer 27: dist=[48, 55, 54, 59, 50, 53, 52, 44, 41, 52, 55, 52, 41, 56, 42, 45, 51, 53, 53, 53, 47, 56, 54, 44, 57, 59, 60, 60, 50, 44, 45, 60]
    Layer 28: dist=[53, 47, 54, 53, 41, 35, 40, 38, 52, 57, 47, 46, 57, 53, 48, 50, 57, 51, 53, 55, 59, 37, 32, 46, 47, 46, 50, 51, 46, 48, 35, 49]
    Layer 29: dist=[57, 58, 57, 58, 45, 56, 47, 58, 58, 57, 61, 54, 60, 61, 60, 61, 58, 56, 58, 60, 62, 61, 56, 62, 49, 59, 47, 49, 55, 51, 56, 56]
    Layer 30: dist=[40, 54, 51, 52, 53, 51, 48, 37, 60, 59, 58, 60, 53, 53, 57, 51, 52, 39, 61, 61, 29, 60, 53, 54, 60, 60, 61, 60, 55, 56, 54, 51]
    Layer 31: dist=[60, 58, 51, 49, 58, 59, 59, 59, 57, 41, 46, 47, 58, 59, 59, 58, 52, 53, 55, 48, 60, 59, 56, 59, 57, 56, 46, 60, 57, 55, 53, 57]
    Layer 32: dist=[56, 57, 58, 57, 58, 60, 59, 60, 56, 55, 59, 58, 48, 58, 54, 47, 58, 54, 54, 54, 62, 48, 57, 60, 36, 48, 44, 53, 58, 54, 51, 53]
    Layer 33: dist=[52, 61, 57, 60, 45, 52, 29, 47, 57, 58, 57, 58, 58, 59, 58, 59, 59, 59, 53, 56, 58, 49, 54, 57, 57, 59, 60, 59, 56, 56, 55, 53]
    Layer 34: dist=[56, 57, 58, 57, 55, 56, 55, 54, 25, 47, 54, 42, 58, 57, 60, 40, 42, 44, 62, 30, 58, 27, 59, 60, 61, 60, 62, 60, 26, 32, 35, 54]
    Layer 35: dist=[56, 62, 36, 50, 43, 19, 55, 48, 42, 51, 55, 49, 30, 17, 24, 22, 49, 45, 40, 27, 45, 52, 28, 27, 33, 27, 33, 35, 36, 57, 61, 58]

  [Taylor Step 2/3] OLS sigma per head (scaling V, streaming)...
    Layer  0: sigma=[0.259, 0.100, 0.100, 0.100, 0.195, 0.601, 0.100, 0.100, 0.100, 0.100, 0.141, 0.100, 0.100, 0.100, 0.100, 0.291, 0.100, 0.100, 0.100, 0.100, 0.100, 0.100, 0.100, 0.200, 0.100, 0.100, 0.579, 0.100, 0.252, 0.100, 0.100, 0.100]
    Layer  1: sigma=[0.279, 0.100, 0.100, 0.100, 0.100, 0.100, 0.100, 0.100, 0.100, 0.420, 0.275, 0.100, 0.100, 0.100, 0.100, 0.100, 0.100, 0.100, 0.100, 0.100, 0.100, 0.100, 0.100, 0.205, 0.100, 0.100, 0.177, 0.100, 0.100, 0.100, 0.100, 0.100]
    Layer  2: sigma=[0.152, 0.100, 0.100, 0.100, 0.100, 0.100, 0.100, 0.100, 0.159, 0.100, 0.100, 0.100, 0.100, 0.261, 0.100, 0.100, 0.100, 0.100, 0.100, 0.100, 0.100, 0.100, 0.100, 0.100, 0.100, 0.173, 0.100, 0.100, 0.100, 0.100, 0.100, 0.136]
    Layer  3: sigma=[0.100, 0.456, 0.100, 0.286, 0.100, 0.100, 0.100, 0.100, 0.100, 0.100, 0.100, 0.100, 0.100, 0.100, 0.100, 0.100, 0.100, 0.100, 0.120, 0.100, 0.100, 0.100, 0.100, 0.100, 0.100, 0.122, 0.105, 0.100, 0.100, 0.100, 0.100, 0.100]
    Layer  4: sigma=[0.100, 0.100, 0.100, 0.100, 0.100, 0.100, 0.100, 0.100, 0.100, 0.100, 0.100, 0.100, 0.100, 0.100, 0.100, 0.100, 0.100, 0.100, 0.100, 0.100, 0.100, 0.146, 0.318, 0.100, 0.100, 0.100, 0.100, 0.100, 0.100, 0.100, 0.100, 0.100]
    Layer  5: sigma=[0.100, 0.100, 0.116, 0.100, 0.100, 0.100, 0.100, 0.100, 0.100, 0.267, 0.100, 0.103, 0.100, 0.100, 0.100, 0.109, 0.100, 0.337, 0.100, 0.100, 0.100, 0.100, 0.100, 0.100, 0.100, 0.100, 0.100, 0.100, 0.100, 0.243, 0.100, 0.100]
    Layer  6: sigma=[0.100, 0.100, 0.166, 0.100, 0.119, 0.113, 0.100, 0.100, 0.100, 0.100, 0.100, 0.100, 0.100, 0.100, 0.100, 0.100, 0.100, 0.100, 0.100, 0.100, 0.244, 0.100, 0.100, 0.100, 0.100, 0.100, 0.102, 0.100, 0.100, 0.100, 0.100, 0.100]
    Layer  7: sigma=[0.100, 0.249, 0.100, 0.100, 0.134, 0.100, 0.100, 0.100, 0.100, 0.100, 0.100, 0.158, 0.100, 0.100, 0.100, 0.100, 0.100, 0.100, 0.100, 0.100, 0.100, 0.100, 0.100, 0.100, 0.100, 0.100, 0.100, 0.100, 0.100, 0.100, 0.100, 0.100]
    Layer  8: sigma=[0.100, 0.100, 0.100, 0.100, 0.100, 0.100, 0.100, 0.127, 0.100, 0.100, 0.100, 0.100, 0.100, 0.114, 0.100, 0.100, 0.100, 0.100, 0.100, 0.100, 0.100, 0.100, 0.100, 0.100, 0.100, 0.100, 0.100, 0.318, 0.100, 0.100, 0.100, 0.100]
    Layer  9: sigma=[0.100, 0.100, 0.125, 0.100, 0.100, 0.100, 0.100, 0.100, 0.100, 0.100, 0.100, 0.100, 0.100, 0.100, 0.795, 0.224, 0.100, 0.100, 0.100, 0.100, 0.131, 0.100, 0.100, 0.100, 0.100, 0.167, 0.100, 0.100, 0.100, 0.100, 0.100, 0.100]
    Layer 10: sigma=[0.100, 0.100, 0.100, 0.100, 0.100, 0.100, 0.100, 0.100, 0.136, 0.100, 0.100, 0.100, 0.100, 0.100, 0.100, 0.100, 0.100, 0.100, 0.100, 0.100, 0.100, 0.100, 0.100, 0.100, 0.100, 0.100, 0.100, 0.100, 0.108, 0.100, 0.111, 0.100]
    Layer 11: sigma=[0.100, 0.100, 0.100, 0.100, 0.212, 0.100, 0.163, 0.100, 0.100, 0.133, 0.100, 0.100, 0.141, 0.100, 0.260, 0.100, 0.100, 0.100, 0.100, 0.100, 0.100, 0.100, 0.100, 0.100, 0.100, 0.100, 0.258, 0.100, 0.100, 0.100, 0.100, 0.100]
    Layer 12: sigma=[0.100, 0.100, 0.100, 0.100, 0.100, 0.121, 0.100, 0.100, 0.100, 0.119, 0.100, 0.100, 0.100, 0.100, 0.100, 0.100, 0.100, 0.274, 0.411, 0.100, 0.100, 0.100, 0.100, 0.100, 0.100, 0.339, 0.100, 0.131, 0.100, 0.145, 0.143, 0.100]
    Layer 13: sigma=[0.247, 0.100, 0.100, 0.100, 0.100, 0.100, 0.100, 0.100, 0.100, 0.120, 0.127, 0.100, 0.100, 0.100, 0.100, 0.100, 0.100, 0.100, 0.100, 0.100, 0.100, 0.100, 0.100, 0.100, 0.100, 0.100, 0.100, 0.100, 0.100, 0.100, 0.100, 0.100]
    Layer 14: sigma=[0.100, 0.100, 0.101, 0.100, 0.100, 0.501, 0.100, 0.155, 0.100, 0.100, 0.100, 0.100, 0.100, 0.179, 0.100, 0.100, 0.100, 0.100, 0.159, 0.100, 0.100, 0.100, 0.100, 0.100, 0.100, 0.157, 0.100, 0.127, 0.100, 0.100, 0.240, 0.100]
    Layer 15: sigma=[0.100, 0.247, 0.100, 0.100, 0.241, 0.100, 0.100, 0.100, 0.100, 0.129, 0.100, 0.102, 0.260, 0.100, 0.100, 0.100, 0.100, 0.100, 0.101, 0.140, 0.100, 0.100, 0.100, 0.100, 0.283, 0.259, 0.100, 0.100, 0.100, 0.100, 0.100, 0.100]
    Layer 16: sigma=[0.332, 0.100, 0.100, 0.100, 0.100, 0.100, 0.100, 0.100, 0.100, 0.100, 0.100, 0.100, 0.100, 0.100, 0.100, 0.100, 0.100, 0.100, 0.100, 0.100, 0.100, 0.100, 0.100, 0.100, 0.100, 0.177, 0.100, 0.100, 0.100, 0.100, 0.100, 0.100]
    Layer 18: sigma=[0.100, 0.722, 0.100, 0.100, 0.100, 0.197, 0.100, 0.104, 0.100, 0.100, 0.100, 0.100, 0.100, 0.100, 0.100, 0.100, 0.380, 0.100, 0.100, 0.100, 0.100, 0.100, 0.100, 0.100, 0.100, 0.100, 0.100, 0.100, 0.100, 0.100, 0.100, 0.100]
    Layer 19: sigma=[0.100, 0.100, 0.100, 0.100, 0.100, 0.100, 0.212, 0.100, 0.100, 0.100, 0.100, 0.100, 0.249, 0.100, 0.100, 0.151, 0.100, 0.100, 0.100, 0.642, 0.100, 0.100, 0.100, 0.100, 0.106, 0.100, 0.100, 0.100, 0.100, 0.100, 0.100, 0.100]
    Layer 20: sigma=[0.100, 0.100, 0.187, 0.105, 0.100, 0.220, 0.147, 0.101, 0.100, 0.100, 0.100, 0.100, 0.100, 0.100, 0.100, 0.137, 0.184, 0.100, 0.100, 0.100, 0.144, 0.100, 0.100, 0.100, 0.100, 0.100, 0.100, 0.100, 0.100, 0.100, 0.100, 0.100]
    Layer 21: sigma=[0.118, 0.100, 0.100, 0.100, 0.100, 0.100, 0.100, 0.100, 0.100, 0.100, 0.100, 0.343, 0.100, 0.100, 0.100, 0.100, 0.100, 0.100, 0.100, 0.121, 0.100, 0.100, 0.100, 0.100, 0.100, 0.100, 0.100, 0.100, 0.100, 0.100, 0.389, 0.135]
    Layer 22: sigma=[0.163, 0.100, 0.100, 0.100, 0.169, 0.100, 0.100, 0.238, 0.210, 0.100, 0.100, 0.100, 0.100, 0.100, 0.100, 0.100, 0.100, 0.100, 0.100, 0.198, 0.100, 0.100, 0.100, 0.100, 0.100, 0.100, 0.100, 0.100, 0.100, 0.100, 0.100, 0.100]
    Layer 23: sigma=[0.197, 0.122, 0.199, 0.100, 0.100, 0.100, 0.215, 0.100, 0.100, 0.100, 0.100, 0.100, 0.100, 0.100, 0.100, 0.100, 0.100, 0.100, 0.100, 0.100, 0.100, 0.100, 0.100, 0.100, 0.100, 0.100, 0.100, 0.100, 0.100, 0.214, 0.203, 0.126]
    Layer 24: sigma=[0.100, 0.100, 0.100, 0.100, 0.100, 0.100, 0.100, 0.100, 0.100, 0.100, 0.100, 0.100, 0.100, 0.100, 0.100, 0.182, 0.100, 0.100, 0.100, 0.100, 0.100, 0.100, 0.100, 0.100, 0.255, 0.325, 0.216, 0.216, 0.100, 0.100, 0.100, 0.100]
    Layer 25: sigma=[0.100, 0.100, 0.100, 0.100, 0.100, 0.100, 0.100, 0.100, 0.100, 0.100, 0.100, 0.100, 0.100, 0.100, 0.100, 0.100, 0.100, 0.100, 0.100, 0.100, 0.100, 0.100, 0.100, 0.100, 0.100, 0.100, 0.100, 0.100, 0.100, 0.100, 0.100, 0.100]
    Layer 26: sigma=[0.100, 0.100, 0.100, 0.100, 0.100, 0.100, 0.100, 0.100, 0.100, 0.100, 0.100, 0.100, 0.100, 0.100, 0.100, 0.100, 0.100, 0.100, 0.100, 0.100, 0.100, 0.100, 0.100, 0.100, 0.100, 0.100, 0.100, 0.100, 0.100, 0.100, 0.100, 0.100]
    Layer 27: sigma=[0.100, 0.100, 0.100, 0.100, 0.100, 0.100, 0.100, 0.100, 0.100, 0.100, 0.100, 0.100, 0.100, 0.100, 0.100, 0.100, 0.100, 0.100, 0.100, 0.100, 0.100, 0.100, 0.100, 0.100, 0.100, 0.100, 0.100, 0.100, 0.100, 0.171, 0.100, 0.100]
    Layer 28: sigma=[0.100, 0.100, 0.100, 0.100, 0.100, 0.100, 0.108, 0.169, 0.100, 0.100, 0.100, 0.100, 0.100, 0.100, 0.100, 0.100, 0.100, 0.100, 0.100, 0.100, 0.100, 0.100, 0.100, 0.100, 0.100, 0.100, 0.100, 0.100, 0.100, 0.100, 0.100, 0.100]
    Layer 29: sigma=[0.100, 0.100, 0.100, 0.100, 0.100, 0.100, 0.100, 0.100, 0.100, 0.100, 0.100, 0.100, 0.100, 0.100, 0.100, 0.100, 0.100, 0.100, 0.100, 0.100, 0.100, 0.100, 0.100, 0.100, 0.100, 0.100, 0.100, 0.100, 0.100, 0.100, 0.100, 0.100]
    Layer 30: sigma=[0.100, 0.100, 0.100, 0.100, 0.100, 0.100, 0.100, 0.100, 0.100, 0.100, 0.100, 0.100, 0.100, 0.100, 0.100, 0.100, 0.100, 0.100, 0.100, 0.100, 0.100, 0.100, 0.100, 0.100, 0.100, 0.100, 0.100, 0.100, 0.100, 0.100, 0.100, 0.100]
    Layer 31: sigma=[0.100, 0.100, 0.100, 0.100, 0.100, 0.100, 0.100, 0.100, 0.100, 0.100, 0.100, 0.100, 0.100, 0.100, 0.100, 0.100, 0.100, 0.117, 0.100, 0.100, 0.100, 0.100, 0.100, 0.100, 0.100, 0.100, 0.100, 0.100, 0.100, 0.100, 0.100, 0.100]
    Layer 32: sigma=[0.100, 0.100, 0.100, 0.100, 0.100, 0.100, 0.100, 0.100, 0.100, 0.100, 0.100, 0.100, 0.100, 0.100, 0.100, 0.100, 0.100, 0.100, 0.100, 0.100, 0.100, 0.100, 0.100, 0.100, 0.100, 0.100, 0.100, 0.100, 0.100, 0.100, 0.100, 0.100]
    Layer 33: sigma=[0.100, 0.100, 0.100, 0.100, 0.100, 0.100, 0.185, 0.100, 0.100, 0.100, 0.100, 0.100, 0.100, 0.100, 0.100, 0.100, 0.100, 0.100, 0.100, 0.100, 0.100, 0.100, 0.100, 0.100, 0.100, 0.100, 0.100, 0.100, 0.100, 0.100, 0.100, 0.100]
    Layer 34: sigma=[0.100, 0.100, 0.100, 0.100, 0.100, 0.100, 0.100, 0.100, 0.100, 0.100, 0.100, 0.100, 0.100, 0.100, 0.100, 0.100, 0.100, 0.100, 0.100, 0.100, 0.100, 0.100, 0.100, 0.100, 0.100, 0.100, 0.100, 0.100, 0.100, 0.100, 0.100, 0.100]
    Layer 35: sigma=[0.100, 0.100, 0.100, 0.100, 0.127, 0.100, 0.100, 0.100, 0.100, 0.100, 0.100, 0.100, 0.100, 0.100, 0.100, 0.100, 0.100, 0.100, 0.100, 0.100, 0.100, 0.100, 0.187, 0.100, 0.100, 0.100, 0.100, 0.100, 0.100, 0.100, 0.100, 0.100]

  [Taylor Step 3/3] g_proj = v_proj * alpha (damping=0.01)...
    Layer  0: alpha=0.068878  teacher_rms=0.0168  v_rms=0.0024
    Layer  1: alpha=0.057700  teacher_rms=0.0216  v_rms=0.0037
    Layer  2: alpha=0.054739  teacher_rms=0.0222  v_rms=0.0041
    Layer  3: alpha=0.041729  teacher_rms=0.0261  v_rms=0.0063
    Layer  4: alpha=0.048996  teacher_rms=0.0316  v_rms=0.0064
    Layer  5: alpha=0.052817  teacher_rms=0.0412  v_rms=0.0078
    Layer  6: alpha=0.074715  teacher_rms=0.0646  v_rms=0.0086
    Layer  7: alpha=0.040352  teacher_rms=0.0510  v_rms=0.0126
    Layer  8: alpha=0.040609  teacher_rms=0.0695  v_rms=0.0171
    Layer  9: alpha=0.026138  teacher_rms=0.0701  v_rms=0.0268
    Layer 10: alpha=0.048869  teacher_rms=0.1071  v_rms=0.0219
    Layer 11: alpha=0.054030  teacher_rms=0.1038  v_rms=0.0192
    Layer 12: alpha=0.047838  teacher_rms=0.1177  v_rms=0.0246
    Layer 13: alpha=0.054736  teacher_rms=0.1013  v_rms=0.0185
    Layer 14: alpha=0.052281  teacher_rms=0.1546  v_rms=0.0296
    Layer 15: alpha=0.046391  teacher_rms=0.1546  v_rms=0.0333
    Layer 16: alpha=0.039458  teacher_rms=0.1446  v_rms=0.0366
    Layer 18: alpha=0.030111  teacher_rms=0.1919  v_rms=0.0637
    Layer 19: alpha=0.040892  teacher_rms=0.2023  v_rms=0.0495
    Layer 20: alpha=0.052083  teacher_rms=0.1938  v_rms=0.0372
    Layer 21: alpha=0.044143  teacher_rms=0.2301  v_rms=0.0521
    Layer 22: alpha=0.052110  teacher_rms=0.2755  v_rms=0.0529
    Layer 23: alpha=0.051127  teacher_rms=0.3026  v_rms=0.0592
    Layer 24: alpha=0.034044  teacher_rms=0.2864  v_rms=0.0841
    Layer 25: alpha=0.038418  teacher_rms=0.2261  v_rms=0.0589
    Layer 26: alpha=0.027400  teacher_rms=0.1994  v_rms=0.0728
    Layer 27: alpha=0.033518  teacher_rms=0.2900  v_rms=0.0865
    Layer 28: alpha=0.039759  teacher_rms=0.3530  v_rms=0.0888
    Layer 29: alpha=0.016275  teacher_rms=0.2479  v_rms=0.1523
    Layer 30: alpha=0.025867  teacher_rms=0.3921  v_rms=0.1516
    Layer 31: alpha=0.018586  teacher_rms=0.3452  v_rms=0.1857
    Layer 32: alpha=0.021930  teacher_rms=0.5106  v_rms=0.2328
    Layer 33: alpha=0.016185  teacher_rms=0.5964  v_rms=0.3685
    Layer 34: alpha=0.031180  teacher_rms=1.0165  v_rms=0.3260
    Layer 35: alpha=0.056327  teacher_rms=1.0378  v_rms=0.1842

  Set g_proj = v_proj * alpha in 35 GDN layers (damping=0.01).
  Init (taylor_distill) done in 337.7s
  Layer 17: PPL = 1174.56  (eval 18.8s)

============================================================
  Probing layer 18 | strategy=taylor_distill
============================================================
Loading checkpoint shards:   0%|          | 0/4 [00:00<?, ?it/s]Loading checkpoint shards: 100%|██████████| 4/4 [00:00<00:00, 150.76it/s]
Could not cache non-existence of file. Will ignore error and continue. Error: [Errno 13] Permission denied: '/data/shared/huggingface/hub/models--Qwen--Qwen3-8B/.no_exist/b968826d9c46dd6066d109eabc6255188de91218/model.safetensors'
Loading checkpoint shards:   0%|          | 0/5 [00:00<?, ?it/s]Loading checkpoint shards: 100%|██████████| 5/5 [00:00<00:00, 47.65it/s]Loading checkpoint shards: 100%|██████████| 5/5 [00:00<00:00, 47.56it/s]
Token indices sequence length is longer than the specified maximum sequence length for this model (2429029 > 131072). Running this sequence through the model will result in indexing errors
  [Taylor Step 1/3] Gate calibration from attention stats...
    Layer  0: dist=[18, 2, 6, 20, 8, 14, 6, 7, 10, 4, 6, 7, 10, 18, 17, 5, 9, 11, 8, 8, 8, 12, 2, 7, 4, 26, 5, 26, 9, 19, 9, 8]
    Layer  1: dist=[12, 21, 14, 26, 2, 9, 17, 7, 25, 18, 32, 29, 18, 28, 28, 20, 17, 26, 31, 18, 28, 17, 21, 21, 26, 8, 25, 23, 41, 16, 20, 28]
    Layer  2: dist=[36, 36, 37, 32, 17, 27, 20, 24, 21, 24, 29, 33, 28, 25, 26, 34, 32, 26, 28, 22, 28, 36, 27, 27, 14, 14, 11, 19, 41, 42, 43, 41]
    Layer  3: dist=[40, 20, 9, 12, 49, 50, 46, 42, 30, 27, 33, 31, 49, 43, 42, 42, 35, 37, 29, 37, 42, 33, 32, 36, 35, 30, 29, 33, 39, 36, 40, 37]
    Layer  4: dist=[31, 35, 41, 36, 41, 33, 35, 48, 37, 38, 34, 34, 31, 31, 38, 35, 35, 37, 38, 39, 34, 35, 25, 34, 26, 32, 27, 21, 28, 33, 30, 30]
    Layer  5: dist=[23, 29, 30, 21, 36, 34, 29, 29, 4, 14, 40, 38, 31, 43, 32, 30, 23, 20, 28, 28, 29, 30, 27, 33, 38, 39, 43, 43, 26, 25, 29, 32]
    Layer  6: dist=[16, 22, 17, 17, 27, 24, 34, 32, 25, 12, 21, 20, 31, 34, 28, 16, 28, 20, 24, 23, 13, 18, 18, 8, 21, 24, 18, 28, 24, 25, 21, 27]
    Layer  7: dist=[31, 36, 33, 46, 63, 57, 63, 60, 45, 60, 53, 41, 54, 15, 30, 49, 42, 54, 44, 44, 54, 45, 58, 59, 34, 41, 25, 43, 49, 51, 49, 54]
    Layer  8: dist=[45, 46, 49, 29, 43, 41, 35, 44, 46, 52, 43, 48, 51, 43, 49, 36, 60, 56, 54, 51, 44, 54, 51, 57, 47, 37, 51, 36, 44, 38, 42, 44]
    Layer  9: dist=[40, 32, 31, 36, 45, 49, 48, 40, 62, 61, 60, 56, 14, 46, 32, 45, 49, 53, 59, 62, 44, 40, 35, 41, 61, 44, 49, 54, 62, 57, 63, 61]
    Layer 10: dist=[39, 39, 30, 39, 46, 55, 33, 41, 34, 45, 55, 26, 49, 36, 42, 44, 45, 53, 52, 50, 46, 31, 56, 51, 51, 56, 47, 43, 40, 39, 44, 47]
    Layer 11: dist=[33, 33, 47, 27, 29, 36, 43, 42, 52, 62, 57, 49, 44, 33, 38, 39, 39, 36, 33, 25, 42, 56, 46, 46, 39, 32, 36, 32, 49, 34, 31, 48]
    Layer 12: dist=[12, 40, 39, 33, 43, 46, 39, 36, 33, 36, 44, 44, 50, 45, 45, 49, 21, 38, 29, 44, 55, 54, 53, 56, 49, 1, 56, 23, 43, 45, 59, 49]
    Layer 13: dist=[29, 36, 39, 36, 31, 29, 35, 22, 47, 36, 52, 61, 64, 58, 55, 62, 46, 39, 31, 36, 47, 33, 44, 46, 44, 33, 40, 41, 58, 56, 49, 51]
    Layer 14: dist=[25, 35, 34, 24, 39, 24, 35, 33, 31, 32, 37, 37, 36, 40, 35, 36, 41, 46, 31, 35, 33, 17, 28, 42, 27, 38, 40, 38, 43, 44, 5, 48]
    Layer 15: dist=[45, 27, 43, 23, 20, 22, 41, 33, 48, 33, 26, 54, 37, 56, 41, 47, 33, 33, 34, 36, 33, 30, 27, 27, 27, 20, 41, 37, 38, 47, 38, 28]
    Layer 16: dist=[37, 32, 42, 47, 29, 35, 26, 31, 29, 45, 40, 43, 49, 35, 44, 47, 38, 41, 34, 35, 59, 60, 57, 54, 39, 28, 34, 6, 32, 33, 36, 32]
    Layer 17: dist=[58, 50, 41, 34, 28, 31, 22, 25, 44, 54, 42, 49, 23, 32, 39, 39, 24, 29, 32, 22, 39, 51, 49, 48, 30, 28, 31, 26, 29, 43, 47, 36]
    Layer 19: dist=[39, 33, 35, 35, 43, 54, 30, 38, 40, 44, 41, 48, 35, 31, 40, 35, 44, 42, 26, 29, 10, 28, 18, 27, 52, 54, 52, 58, 44, 43, 41, 41]
    Layer 20: dist=[46, 39, 44, 40, 41, 27, 28, 31, 23, 21, 26, 21, 48, 42, 48, 50, 24, 28, 31, 21, 38, 57, 52, 51, 63, 51, 53, 44, 49, 43, 55, 55]
    Layer 21: dist=[26, 25, 30, 35, 58, 33, 53, 58, 61, 33, 39, 38, 26, 24, 25, 23, 39, 40, 45, 32, 47, 52, 48, 49, 35, 34, 32, 44, 38, 40, 34, 47]
    Layer 22: dist=[39, 32, 37, 33, 28, 38, 24, 30, 21, 27, 24, 35, 9, 46, 32, 35, 18, 40, 40, 23, 53, 59, 60, 61, 51, 44, 46, 48, 57, 47, 53, 50]
    Layer 23: dist=[22, 18, 26, 22, 55, 55, 22, 50, 41, 20, 24, 31, 37, 36, 41, 39, 41, 38, 42, 48, 41, 46, 42, 40, 41, 39, 37, 51, 47, 44, 44, 39]
    Layer 24: dist=[40, 62, 57, 51, 50, 56, 54, 47, 52, 54, 52, 43, 41, 39, 47, 40, 42, 49, 44, 42, 60, 53, 52, 58, 31, 41, 39, 29, 50, 57, 51, 47]
    Layer 25: dist=[50, 60, 59, 49, 38, 38, 54, 42, 46, 52, 47, 48, 36, 45, 27, 37, 48, 50, 49, 45, 54, 56, 55, 55, 58, 56, 50, 55, 46, 61, 51, 45]
    Layer 26: dist=[43, 47, 57, 36, 59, 57, 59, 56, 52, 56, 53, 49, 52, 62, 60, 60, 43, 46, 53, 50, 53, 54, 60, 57, 53, 50, 54, 50, 58, 50, 59, 51]
    Layer 27: dist=[48, 55, 54, 59, 50, 53, 52, 44, 41, 52, 55, 52, 41, 56, 42, 45, 51, 53, 53, 53, 47, 56, 54, 44, 57, 59, 60, 60, 50, 44, 45, 60]
    Layer 28: dist=[53, 47, 54, 53, 41, 35, 40, 38, 52, 57, 47, 46, 57, 53, 48, 50, 57, 51, 53, 55, 59, 37, 32, 46, 47, 46, 50, 51, 46, 48, 35, 49]
    Layer 29: dist=[57, 58, 57, 58, 45, 56, 47, 58, 58, 57, 61, 54, 60, 61, 60, 61, 58, 56, 58, 60, 62, 61, 56, 62, 49, 59, 47, 49, 55, 51, 56, 56]
    Layer 30: dist=[40, 54, 51, 52, 53, 51, 48, 37, 60, 59, 58, 60, 53, 53, 57, 51, 52, 39, 61, 61, 29, 60, 53, 54, 60, 60, 61, 60, 55, 56, 54, 51]
    Layer 31: dist=[60, 58, 51, 49, 58, 59, 59, 59, 57, 41, 46, 47, 58, 59, 59, 58, 52, 53, 55, 48, 60, 59, 56, 59, 57, 56, 46, 60, 57, 55, 53, 57]
    Layer 32: dist=[56, 57, 58, 57, 58, 60, 59, 60, 56, 55, 59, 58, 48, 58, 54, 47, 58, 54, 54, 54, 62, 48, 57, 60, 36, 48, 44, 53, 58, 54, 51, 53]
    Layer 33: dist=[52, 61, 57, 60, 45, 52, 29, 47, 57, 58, 57, 58, 58, 59, 58, 59, 59, 59, 53, 56, 58, 49, 54, 57, 57, 59, 60, 59, 56, 56, 55, 53]
    Layer 34: dist=[56, 57, 58, 57, 55, 56, 55, 54, 25, 47, 54, 42, 58, 57, 60, 40, 42, 44, 62, 30, 58, 27, 59, 60, 61, 60, 62, 60, 26, 32, 35, 54]
    Layer 35: dist=[56, 62, 36, 50, 43, 19, 55, 48, 42, 51, 55, 49, 30, 17, 24, 22, 49, 45, 40, 27, 45, 52, 28, 27, 33, 27, 33, 35, 36, 57, 61, 58]

  [Taylor Step 2/3] OLS sigma per head (scaling V, streaming)...
    Layer  0: sigma=[0.254, 0.100, 0.100, 0.100, 0.198, 0.602, 0.100, 0.100, 0.100, 0.100, 0.141, 0.100, 0.100, 0.100, 0.100, 0.292, 0.100, 0.100, 0.100, 0.100, 0.100, 0.100, 0.100, 0.200, 0.100, 0.100, 0.581, 0.100, 0.255, 0.100, 0.100, 0.100]
    Layer  1: sigma=[0.279, 0.100, 0.100, 0.100, 0.100, 0.100, 0.100, 0.100, 0.100, 0.411, 0.275, 0.100, 0.100, 0.100, 0.100, 0.100, 0.100, 0.100, 0.100, 0.100, 0.100, 0.100, 0.100, 0.206, 0.100, 0.100, 0.180, 0.100, 0.100, 0.100, 0.100, 0.100]
    Layer  2: sigma=[0.151, 0.100, 0.100, 0.100, 0.100, 0.100, 0.100, 0.100, 0.157, 0.100, 0.100, 0.100, 0.100, 0.258, 0.100, 0.100, 0.100, 0.100, 0.100, 0.100, 0.100, 0.100, 0.100, 0.100, 0.100, 0.176, 0.100, 0.100, 0.100, 0.100, 0.100, 0.140]
    Layer  3: sigma=[0.100, 0.458, 0.100, 0.295, 0.100, 0.100, 0.100, 0.100, 0.100, 0.100, 0.100, 0.100, 0.100, 0.100, 0.100, 0.100, 0.100, 0.100, 0.118, 0.100, 0.100, 0.100, 0.100, 0.100, 0.100, 0.121, 0.109, 0.100, 0.100, 0.100, 0.100, 0.100]
    Layer  4: sigma=[0.100, 0.100, 0.100, 0.100, 0.100, 0.100, 0.100, 0.100, 0.100, 0.100, 0.100, 0.100, 0.100, 0.100, 0.100, 0.100, 0.100, 0.100, 0.100, 0.100, 0.100, 0.146, 0.307, 0.100, 0.100, 0.100, 0.100, 0.100, 0.100, 0.100, 0.100, 0.100]
    Layer  5: sigma=[0.100, 0.100, 0.119, 0.100, 0.100, 0.100, 0.100, 0.100, 0.100, 0.276, 0.100, 0.106, 0.100, 0.100, 0.100, 0.108, 0.100, 0.338, 0.100, 0.100, 0.100, 0.100, 0.100, 0.100, 0.100, 0.100, 0.100, 0.100, 0.100, 0.247, 0.100, 0.100]
    Layer  6: sigma=[0.100, 0.100, 0.168, 0.100, 0.118, 0.111, 0.100, 0.100, 0.100, 0.100, 0.100, 0.100, 0.100, 0.100, 0.100, 0.100, 0.100, 0.100, 0.100, 0.100, 0.244, 0.100, 0.100, 0.100, 0.100, 0.100, 0.102, 0.100, 0.100, 0.100, 0.100, 0.100]
    Layer  7: sigma=[0.100, 0.233, 0.100, 0.100, 0.127, 0.100, 0.100, 0.100, 0.100, 0.100, 0.100, 0.147, 0.100, 0.100, 0.100, 0.100, 0.100, 0.100, 0.100, 0.100, 0.100, 0.100, 0.100, 0.100, 0.100, 0.100, 0.100, 0.100, 0.100, 0.100, 0.100, 0.100]
    Layer  8: sigma=[0.100, 0.100, 0.100, 0.100, 0.100, 0.100, 0.100, 0.114, 0.100, 0.100, 0.100, 0.100, 0.100, 0.119, 0.100, 0.100, 0.100, 0.100, 0.100, 0.100, 0.100, 0.100, 0.100, 0.100, 0.100, 0.100, 0.100, 0.312, 0.100, 0.100, 0.100, 0.100]
    Layer  9: sigma=[0.100, 0.100, 0.123, 0.100, 0.100, 0.100, 0.100, 0.100, 0.100, 0.100, 0.100, 0.100, 0.100, 0.100, 0.762, 0.216, 0.100, 0.100, 0.100, 0.100, 0.126, 0.100, 0.100, 0.100, 0.100, 0.166, 0.100, 0.100, 0.100, 0.100, 0.100, 0.100]
    Layer 10: sigma=[0.100, 0.100, 0.100, 0.100, 0.100, 0.100, 0.100, 0.100, 0.127, 0.100, 0.100, 0.100, 0.100, 0.100, 0.100, 0.100, 0.100, 0.100, 0.100, 0.100, 0.100, 0.100, 0.100, 0.100, 0.100, 0.100, 0.100, 0.100, 0.106, 0.100, 0.112, 0.100]
    Layer 11: sigma=[0.100, 0.100, 0.100, 0.100, 0.209, 0.100, 0.163, 0.100, 0.100, 0.141, 0.100, 0.100, 0.144, 0.100, 0.290, 0.100, 0.100, 0.100, 0.100, 0.100, 0.100, 0.100, 0.100, 0.100, 0.100, 0.100, 0.246, 0.100, 0.100, 0.100, 0.100, 0.100]
    Layer 12: sigma=[0.100, 0.100, 0.100, 0.100, 0.100, 0.127, 0.100, 0.100, 0.100, 0.115, 0.100, 0.100, 0.100, 0.100, 0.100, 0.100, 0.100, 0.281, 0.468, 0.100, 0.100, 0.100, 0.100, 0.100, 0.100, 0.326, 0.100, 0.121, 0.100, 0.130, 0.134, 0.100]
    Layer 13: sigma=[0.244, 0.100, 0.100, 0.100, 0.100, 0.100, 0.100, 0.102, 0.100, 0.119, 0.126, 0.100, 0.100, 0.100, 0.100, 0.100, 0.100, 0.100, 0.100, 0.100, 0.100, 0.100, 0.100, 0.100, 0.100, 0.100, 0.100, 0.100, 0.100, 0.100, 0.100, 0.100]
    Layer 14: sigma=[0.100, 0.100, 0.110, 0.100, 0.100, 0.423, 0.100, 0.166, 0.100, 0.100, 0.100, 0.100, 0.100, 0.170, 0.100, 0.100, 0.100, 0.100, 0.204, 0.112, 0.100, 0.100, 0.100, 0.100, 0.100, 0.165, 0.100, 0.129, 0.100, 0.100, 0.134, 0.100]
    Layer 15: sigma=[0.100, 0.271, 0.100, 0.140, 0.232, 0.103, 0.100, 0.100, 0.100, 0.100, 0.100, 0.100, 0.256, 0.100, 0.100, 0.100, 0.100, 0.100, 0.105, 0.137, 0.100, 0.100, 0.100, 0.100, 0.291, 0.252, 0.100, 0.100, 0.100, 0.100, 0.100, 0.100]
    Layer 16: sigma=[0.316, 0.100, 0.100, 0.100, 0.100, 0.100, 0.100, 0.100, 0.100, 0.100, 0.100, 0.100, 0.100, 0.100, 0.100, 0.100, 0.100, 0.100, 0.100, 0.100, 0.100, 0.100, 0.100, 0.100, 0.100, 0.159, 0.100, 0.100, 0.100, 0.100, 0.100, 0.100]
    Layer 17: sigma=[0.100, 0.100, 0.100, 0.100, 0.100, 0.512, 0.100, 0.121, 0.105, 0.100, 0.100, 0.100, 0.100, 0.100, 0.100, 0.100, 0.314, 0.114, 0.100, 0.355, 0.100, 0.100, 0.100, 0.100, 0.100, 0.100, 0.398, 0.117, 0.100, 0.100, 0.100, 0.100]
    Layer 19: sigma=[0.100, 0.100, 0.100, 0.100, 0.100, 0.100, 0.211, 0.100, 0.100, 0.100, 0.100, 0.100, 0.283, 0.100, 0.100, 0.123, 0.100, 0.100, 0.100, 0.338, 0.100, 0.100, 0.100, 0.100, 0.122, 0.100, 0.100, 0.100, 0.100, 0.100, 0.100, 0.100]
    Layer 20: sigma=[0.100, 0.100, 0.197, 0.124, 0.100, 0.225, 0.198, 0.100, 0.100, 0.100, 0.100, 0.100, 0.100, 0.100, 0.100, 0.105, 0.218, 0.100, 0.100, 0.100, 0.104, 0.100, 0.100, 0.100, 0.100, 0.100, 0.100, 0.100, 0.100, 0.100, 0.100, 0.100]
    Layer 21: sigma=[0.100, 0.100, 0.100, 0.100, 0.100, 0.100, 0.100, 0.100, 0.100, 0.100, 0.100, 0.369, 0.100, 0.100, 0.162, 0.100, 0.100, 0.100, 0.100, 0.129, 0.100, 0.100, 0.100, 0.100, 0.100, 0.100, 0.100, 0.100, 0.100, 0.100, 0.309, 0.103]
    Layer 22: sigma=[0.171, 0.100, 0.100, 0.100, 0.178, 0.100, 0.116, 0.286, 0.229, 0.100, 0.100, 0.100, 0.108, 0.100, 0.100, 0.100, 0.100, 0.100, 0.100, 0.126, 0.100, 0.100, 0.100, 0.100, 0.100, 0.100, 0.100, 0.100, 0.100, 0.100, 0.100, 0.100]
    Layer 23: sigma=[0.185, 0.100, 0.226, 0.100, 0.100, 0.100, 0.188, 0.100, 0.100, 0.100, 0.100, 0.100, 0.100, 0.100, 0.100, 0.100, 0.100, 0.100, 0.100, 0.100, 0.100, 0.100, 0.100, 0.100, 0.100, 0.100, 0.100, 0.100, 0.100, 0.199, 0.307, 0.188]
    Layer 24: sigma=[0.100, 0.100, 0.100, 0.100, 0.100, 0.100, 0.100, 0.100, 0.164, 0.100, 0.100, 0.100, 0.100, 0.100, 0.100, 0.197, 0.100, 0.100, 0.100, 0.100, 0.100, 0.100, 0.100, 0.100, 0.290, 0.294, 0.225, 0.249, 0.100, 0.100, 0.100, 0.100]
    Layer 25: sigma=[0.100, 0.100, 0.100, 0.100, 0.100, 0.100, 0.100, 0.100, 0.100, 0.100, 0.100, 0.100, 0.100, 0.100, 0.100, 0.100, 0.100, 0.100, 0.100, 0.100, 0.100, 0.100, 0.100, 0.100, 0.100, 0.100, 0.100, 0.100, 0.100, 0.100, 0.100, 0.100]
    Layer 26: sigma=[0.100, 0.100, 0.100, 0.100, 0.100, 0.100, 0.100, 0.100, 0.100, 0.100, 0.100, 0.100, 0.100, 0.100, 0.100, 0.118, 0.100, 0.100, 0.100, 0.100, 0.100, 0.100, 0.100, 0.100, 0.100, 0.100, 0.100, 0.100, 0.100, 0.100, 0.100, 0.100]
    Layer 27: sigma=[0.100, 0.100, 0.100, 0.100, 0.100, 0.100, 0.100, 0.100, 0.100, 0.100, 0.100, 0.100, 0.100, 0.100, 0.100, 0.100, 0.100, 0.100, 0.100, 0.100, 0.100, 0.100, 0.100, 0.100, 0.100, 0.100, 0.100, 0.100, 0.100, 0.229, 0.100, 0.100]
    Layer 28: sigma=[0.100, 0.100, 0.100, 0.100, 0.114, 0.119, 0.100, 0.314, 0.100, 0.100, 0.100, 0.100, 0.100, 0.100, 0.100, 0.100, 0.100, 0.100, 0.100, 0.100, 0.100, 0.100, 0.100, 0.100, 0.100, 0.100, 0.100, 0.100, 0.100, 0.100, 0.100, 0.100]
    Layer 29: sigma=[0.100, 0.100, 0.100, 0.100, 0.100, 0.100, 0.100, 0.100, 0.100, 0.100, 0.100, 0.100, 0.100, 0.100, 0.100, 0.100, 0.100, 0.100, 0.100, 0.100, 0.100, 0.100, 0.100, 0.100, 0.100, 0.100, 0.100, 0.100, 0.100, 0.100, 0.100, 0.100]
    Layer 30: sigma=[0.100, 0.100, 0.100, 0.100, 0.100, 0.100, 0.100, 0.100, 0.100, 0.100, 0.100, 0.100, 0.100, 0.100, 0.100, 0.100, 0.100, 0.100, 0.100, 0.100, 0.100, 0.100, 0.100, 0.100, 0.100, 0.100, 0.100, 0.100, 0.100, 0.100, 0.100, 0.100]
    Layer 31: sigma=[0.100, 0.100, 0.100, 0.100, 0.100, 0.100, 0.100, 0.100, 0.100, 0.100, 0.100, 0.100, 0.100, 0.100, 0.100, 0.100, 0.100, 0.100, 0.100, 0.100, 0.100, 0.100, 0.100, 0.100, 0.100, 0.100, 0.100, 0.100, 0.100, 0.100, 0.100, 0.100]
    Layer 32: sigma=[0.100, 0.100, 0.100, 0.100, 0.100, 0.100, 0.100, 0.100, 0.100, 0.100, 0.100, 0.100, 0.100, 0.100, 0.100, 0.100, 0.100, 0.100, 0.100, 0.100, 0.100, 0.100, 0.100, 0.100, 0.100, 0.100, 0.100, 0.100, 0.100, 0.100, 0.100, 0.100]
    Layer 33: sigma=[0.100, 0.100, 0.100, 0.100, 0.100, 0.100, 0.112, 0.100, 0.100, 0.100, 0.100, 0.100, 0.100, 0.100, 0.100, 0.100, 0.100, 0.100, 0.100, 0.100, 0.100, 0.100, 0.100, 0.100, 0.100, 0.100, 0.100, 0.100, 0.100, 0.100, 0.100, 0.100]
    Layer 34: sigma=[0.100, 0.100, 0.100, 0.100, 0.100, 0.100, 0.100, 0.100, 0.106, 0.100, 0.100, 0.100, 0.100, 0.100, 0.100, 0.100, 0.100, 0.100, 0.100, 0.100, 0.100, 0.100, 0.100, 0.100, 0.100, 0.100, 0.100, 0.100, 0.100, 0.100, 0.100, 0.100]
    Layer 35: sigma=[0.100, 0.100, 0.100, 0.100, 0.100, 0.100, 0.100, 0.100, 0.100, 0.100, 0.100, 0.100, 0.100, 0.100, 0.100, 0.100, 0.100, 0.100, 0.100, 0.100, 0.100, 0.100, 0.113, 0.100, 0.100, 0.100, 0.100, 0.100, 0.100, 0.100, 0.100, 0.100]

  [Taylor Step 3/3] g_proj = v_proj * alpha (damping=0.01)...
    Layer  0: alpha=0.068836  teacher_rms=0.0168  v_rms=0.0024
    Layer  1: alpha=0.057889  teacher_rms=0.0216  v_rms=0.0037
    Layer  2: alpha=0.054778  teacher_rms=0.0222  v_rms=0.0041
    Layer  3: alpha=0.041478  teacher_rms=0.0261  v_rms=0.0063
    Layer  4: alpha=0.049337  teacher_rms=0.0316  v_rms=0.0064
    Layer  5: alpha=0.052451  teacher_rms=0.0412  v_rms=0.0079
    Layer  6: alpha=0.074699  teacher_rms=0.0646  v_rms=0.0086
    Layer  7: alpha=0.041065  teacher_rms=0.0510  v_rms=0.0124
    Layer  8: alpha=0.040942  teacher_rms=0.0695  v_rms=0.0170
    Layer  9: alpha=0.026909  teacher_rms=0.0701  v_rms=0.0261
    Layer 10: alpha=0.049034  teacher_rms=0.1071  v_rms=0.0218
    Layer 11: alpha=0.053499  teacher_rms=0.1038  v_rms=0.0194
    Layer 12: alpha=0.046634  teacher_rms=0.1177  v_rms=0.0252
    Layer 13: alpha=0.054793  teacher_rms=0.1013  v_rms=0.0185
    Layer 14: alpha=0.055060  teacher_rms=0.1546  v_rms=0.0281
    Layer 15: alpha=0.045860  teacher_rms=0.1546  v_rms=0.0337
    Layer 16: alpha=0.040090  teacher_rms=0.1446  v_rms=0.0361
    Layer 17: alpha=0.035244  teacher_rms=0.1762  v_rms=0.0500
    Layer 19: alpha=0.048737  teacher_rms=0.2023  v_rms=0.0415
    Layer 20: alpha=0.050792  teacher_rms=0.1938  v_rms=0.0382
    Layer 21: alpha=0.045990  teacher_rms=0.2301  v_rms=0.0500
    Layer 22: alpha=0.050953  teacher_rms=0.2755  v_rms=0.0541
    Layer 23: alpha=0.048430  teacher_rms=0.3026  v_rms=0.0625
    Layer 24: alpha=0.032774  teacher_rms=0.2864  v_rms=0.0874
    Layer 25: alpha=0.038418  teacher_rms=0.2261  v_rms=0.0589
    Layer 26: alpha=0.027194  teacher_rms=0.1994  v_rms=0.0733
    Layer 27: alpha=0.032488  teacher_rms=0.2900  v_rms=0.0893
    Layer 28: alpha=0.036106  teacher_rms=0.3530  v_rms=0.0978
    Layer 29: alpha=0.016275  teacher_rms=0.2479  v_rms=0.1523
    Layer 30: alpha=0.025867  teacher_rms=0.3921  v_rms=0.1516
    Layer 31: alpha=0.018626  teacher_rms=0.3452  v_rms=0.1853
    Layer 32: alpha=0.021930  teacher_rms=0.5106  v_rms=0.2328
    Layer 33: alpha=0.016329  teacher_rms=0.5964  v_rms=0.3652
    Layer 34: alpha=0.031152  teacher_rms=1.0165  v_rms=0.3263
    Layer 35: alpha=0.058339  teacher_rms=1.0378  v_rms=0.1779

  Set g_proj = v_proj * alpha in 35 GDN layers (damping=0.01).
  Init (taylor_distill) done in 522.6s
  Layer 18: PPL = 1651.48  (eval 25.9s)

============================================================
  Probing layer 19 | strategy=taylor_distill
============================================================
Loading checkpoint shards:   0%|          | 0/4 [00:00<?, ?it/s]Loading checkpoint shards: 100%|██████████| 4/4 [00:00<00:00, 41.88it/s]
Could not cache non-existence of file. Will ignore error and continue. Error: [Errno 13] Permission denied: '/data/shared/huggingface/hub/models--Qwen--Qwen3-8B/.no_exist/b968826d9c46dd6066d109eabc6255188de91218/model.safetensors'
Loading checkpoint shards:   0%|          | 0/5 [00:00<?, ?it/s]Loading checkpoint shards: 100%|██████████| 5/5 [00:00<00:00, 188.25it/s]
Token indices sequence length is longer than the specified maximum sequence length for this model (2429029 > 131072). Running this sequence through the model will result in indexing errors
  [Taylor Step 1/3] Gate calibration from attention stats...
    Layer  0: dist=[18, 2, 6, 20, 8, 14, 6, 7, 10, 4, 6, 7, 10, 18, 17, 5, 9, 11, 8, 8, 8, 12, 2, 7, 4, 26, 5, 26, 9, 19, 9, 8]
    Layer  1: dist=[12, 21, 14, 26, 2, 9, 17, 7, 25, 18, 32, 29, 18, 28, 28, 20, 17, 26, 31, 18, 28, 17, 21, 21, 26, 8, 25, 23, 41, 16, 20, 28]
    Layer  2: dist=[36, 36, 37, 32, 17, 27, 20, 24, 21, 24, 29, 33, 28, 25, 26, 34, 32, 26, 28, 22, 28, 36, 27, 27, 14, 14, 11, 19, 41, 42, 43, 41]
    Layer  3: dist=[40, 20, 9, 12, 49, 50, 46, 42, 30, 27, 33, 31, 49, 43, 42, 42, 35, 37, 29, 37, 42, 33, 32, 36, 35, 30, 29, 33, 39, 36, 40, 37]
    Layer  4: dist=[31, 35, 41, 36, 41, 33, 35, 48, 37, 38, 34, 34, 31, 31, 38, 35, 35, 37, 38, 39, 34, 35, 25, 34, 26, 32, 27, 21, 28, 33, 30, 30]
    Layer  5: dist=[23, 29, 30, 21, 36, 34, 29, 29, 4, 14, 40, 38, 31, 43, 32, 30, 23, 20, 28, 28, 29, 30, 27, 33, 38, 39, 43, 43, 26, 25, 29, 32]
    Layer  6: dist=[16, 22, 17, 17, 27, 24, 34, 32, 25, 12, 21, 20, 31, 34, 28, 16, 28, 20, 24, 23, 13, 18, 18, 8, 21, 24, 18, 28, 24, 25, 21, 27]
    Layer  7: dist=[31, 36, 33, 46, 63, 57, 63, 60, 45, 60, 53, 41, 54, 15, 30, 49, 42, 54, 44, 44, 54, 45, 58, 59, 34, 41, 25, 43, 49, 51, 49, 54]
    Layer  8: dist=[45, 46, 49, 29, 43, 41, 35, 44, 46, 52, 43, 48, 51, 43, 49, 36, 60, 56, 54, 51, 44, 54, 51, 57, 47, 37, 51, 36, 44, 38, 42, 44]
    Layer  9: dist=[40, 32, 31, 36, 45, 49, 48, 40, 62, 61, 60, 56, 14, 46, 32, 45, 49, 53, 59, 62, 44, 40, 35, 41, 61, 44, 49, 54, 62, 57, 63, 61]
    Layer 10: dist=[39, 39, 30, 39, 46, 55, 33, 41, 34, 45, 55, 26, 49, 36, 42, 44, 45, 53, 52, 50, 46, 31, 56, 51, 51, 56, 47, 43, 40, 39, 44, 47]
    Layer 11: dist=[33, 33, 47, 27, 29, 36, 43, 42, 52, 62, 57, 49, 44, 33, 38, 39, 39, 36, 33, 25, 42, 56, 46, 46, 39, 32, 36, 32, 49, 34, 31, 48]
    Layer 12: dist=[12, 40, 39, 33, 43, 46, 39, 36, 33, 36, 44, 44, 50, 45, 45, 49, 21, 38, 29, 44, 55, 54, 53, 56, 49, 1, 56, 23, 43, 45, 59, 49]
    Layer 13: dist=[29, 36, 39, 36, 31, 29, 35, 22, 47, 36, 52, 61, 64, 58, 55, 62, 46, 39, 31, 36, 47, 33, 44, 46, 44, 33, 40, 41, 58, 56, 49, 51]
    Layer 14: dist=[25, 35, 34, 24, 39, 24, 35, 33, 31, 32, 37, 37, 36, 40, 35, 36, 41, 46, 31, 35, 33, 17, 28, 42, 27, 38, 40, 38, 43, 44, 5, 48]
    Layer 15: dist=[45, 27, 43, 23, 20, 22, 41, 33, 48, 33, 26, 54, 37, 56, 41, 47, 33, 33, 34, 36, 33, 30, 27, 27, 27, 20, 41, 37, 38, 47, 38, 28]
    Layer 16: dist=[37, 32, 42, 47, 29, 35, 26, 31, 29, 45, 40, 43, 49, 35, 44, 47, 38, 41, 34, 35, 59, 60, 57, 54, 39, 28, 34, 6, 32, 33, 36, 32]
    Layer 17: dist=[58, 50, 41, 34, 28, 31, 22, 25, 44, 54, 42, 49, 23, 32, 39, 39, 24, 29, 32, 22, 39, 51, 49, 48, 30, 28, 31, 26, 29, 43, 47, 36]
    Layer 18: dist=[20, 27, 19, 18, 29, 37, 39, 30, 37, 40, 37, 45, 34, 34, 31, 35, 26, 41, 42, 28, 38, 28, 37, 52, 31, 35, 35, 36, 30, 29, 43, 31]
    Layer 20: dist=[46, 39, 44, 40, 41, 27, 28, 31, 23, 21, 26, 21, 48, 42, 48, 50, 24, 28, 31, 21, 38, 57, 52, 51, 63, 51, 53, 44, 49, 43, 55, 55]
    Layer 21: dist=[26, 25, 30, 35, 58, 33, 53, 58, 61, 33, 39, 38, 26, 24, 25, 23, 39, 40, 45, 32, 47, 52, 48, 49, 35, 34, 32, 44, 38, 40, 34, 47]
    Layer 22: dist=[39, 32, 37, 33, 28, 38, 24, 30, 21, 27, 24, 35, 9, 46, 32, 35, 18, 40, 40, 23, 53, 59, 60, 61, 51, 44, 46, 48, 57, 47, 53, 50]
    Layer 23: dist=[22, 18, 26, 22, 55, 55, 22, 50, 41, 20, 24, 31, 37, 36, 41, 39, 41, 38, 42, 48, 41, 46, 42, 40, 41, 39, 37, 51, 47, 44, 44, 39]
    Layer 24: dist=[40, 62, 57, 51, 50, 56, 54, 47, 52, 54, 52, 43, 41, 39, 47, 40, 42, 49, 44, 42, 60, 53, 52, 58, 31, 41, 39, 29, 50, 57, 51, 47]
    Layer 25: dist=[50, 60, 59, 49, 38, 38, 54, 42, 46, 52, 47, 48, 36, 45, 27, 37, 48, 50, 49, 45, 54, 56, 55, 55, 58, 56, 50, 55, 46, 61, 51, 45]
    Layer 26: dist=[43, 47, 57, 36, 59, 57, 59, 56, 52, 56, 53, 49, 52, 62, 60, 60, 43, 46, 53, 50, 53, 54, 60, 57, 53, 50, 54, 50, 58, 50, 59, 51]
    Layer 27: dist=[48, 55, 54, 59, 50, 53, 52, 44, 41, 52, 55, 52, 41, 56, 42, 45, 51, 53, 53, 53, 47, 56, 54, 44, 57, 59, 60, 60, 50, 44, 45, 60]
    Layer 28: dist=[53, 47, 54, 53, 41, 35, 40, 38, 52, 57, 47, 46, 57, 53, 48, 50, 57, 51, 53, 55, 59, 37, 32, 46, 47, 46, 50, 51, 46, 48, 35, 49]
    Layer 29: dist=[57, 58, 57, 58, 45, 56, 47, 58, 58, 57, 61, 54, 60, 61, 60, 61, 58, 56, 58, 60, 62, 61, 56, 62, 49, 59, 47, 49, 55, 51, 56, 56]
    Layer 30: dist=[40, 54, 51, 52, 53, 51, 48, 37, 60, 59, 58, 60, 53, 53, 57, 51, 52, 39, 61, 61, 29, 60, 53, 54, 60, 60, 61, 60, 55, 56, 54, 51]
    Layer 31: dist=[60, 58, 51, 49, 58, 59, 59, 59, 57, 41, 46, 47, 58, 59, 59, 58, 52, 53, 55, 48, 60, 59, 56, 59, 57, 56, 46, 60, 57, 55, 53, 57]
    Layer 32: dist=[56, 57, 58, 57, 58, 60, 59, 60, 56, 55, 59, 58, 48, 58, 54, 47, 58, 54, 54, 54, 62, 48, 57, 60, 36, 48, 44, 53, 58, 54, 51, 53]
    Layer 33: dist=[52, 61, 57, 60, 45, 52, 29, 47, 57, 58, 57, 58, 58, 59, 58, 59, 59, 59, 53, 56, 58, 49, 54, 57, 57, 59, 60, 59, 56, 56, 55, 53]
    Layer 34: dist=[56, 57, 58, 57, 55, 56, 55, 54, 25, 47, 54, 42, 58, 57, 60, 40, 42, 44, 62, 30, 58, 27, 59, 60, 61, 60, 62, 60, 26, 32, 35, 54]
    Layer 35: dist=[56, 62, 36, 50, 43, 19, 55, 48, 42, 51, 55, 49, 30, 17, 24, 22, 49, 45, 40, 27, 45, 52, 28, 27, 33, 27, 33, 35, 36, 57, 61, 58]

  [Taylor Step 2/3] OLS sigma per head (scaling V, streaming)...
    Layer  0: sigma=[0.258, 0.100, 0.100, 0.100, 0.197, 0.601, 0.100, 0.100, 0.100, 0.100, 0.141, 0.100, 0.100, 0.100, 0.100, 0.291, 0.100, 0.100, 0.100, 0.100, 0.100, 0.100, 0.100, 0.200, 0.100, 0.100, 0.578, 0.100, 0.254, 0.100, 0.100, 0.100]
    Layer  1: sigma=[0.280, 0.100, 0.100, 0.100, 0.100, 0.100, 0.100, 0.100, 0.100, 0.399, 0.280, 0.100, 0.100, 0.100, 0.100, 0.100, 0.100, 0.100, 0.100, 0.100, 0.100, 0.100, 0.100, 0.208, 0.100, 0.100, 0.179, 0.100, 0.100, 0.100, 0.100, 0.100]
    Layer  2: sigma=[0.152, 0.100, 0.100, 0.100, 0.100, 0.100, 0.100, 0.100, 0.158, 0.100, 0.100, 0.100, 0.100, 0.261, 0.100, 0.100, 0.100, 0.100, 0.100, 0.100, 0.100, 0.100, 0.100, 0.100, 0.100, 0.172, 0.100, 0.100, 0.100, 0.100, 0.100, 0.138]
    Layer  3: sigma=[0.100, 0.446, 0.100, 0.287, 0.100, 0.100, 0.100, 0.100, 0.100, 0.100, 0.100, 0.100, 0.100, 0.100, 0.100, 0.100, 0.100, 0.100, 0.118, 0.100, 0.100, 0.100, 0.100, 0.100, 0.100, 0.122, 0.115, 0.100, 0.100, 0.100, 0.100, 0.100]
    Layer  4: sigma=[0.100, 0.100, 0.100, 0.100, 0.100, 0.100, 0.100, 0.100, 0.100, 0.100, 0.100, 0.100, 0.100, 0.100, 0.100, 0.100, 0.100, 0.100, 0.100, 0.100, 0.100, 0.146, 0.313, 0.100, 0.100, 0.100, 0.100, 0.100, 0.100, 0.100, 0.100, 0.100]
    Layer  5: sigma=[0.100, 0.100, 0.105, 0.100, 0.100, 0.100, 0.100, 0.100, 0.100, 0.273, 0.100, 0.105, 0.100, 0.100, 0.100, 0.108, 0.100, 0.328, 0.100, 0.100, 0.100, 0.100, 0.100, 0.100, 0.100, 0.100, 0.100, 0.100, 0.100, 0.247, 0.100, 0.100]
    Layer  6: sigma=[0.100, 0.100, 0.165, 0.100, 0.111, 0.112, 0.100, 0.100, 0.100, 0.100, 0.100, 0.100, 0.100, 0.100, 0.100, 0.100, 0.100, 0.100, 0.100, 0.100, 0.243, 0.100, 0.100, 0.100, 0.100, 0.100, 0.100, 0.100, 0.100, 0.100, 0.100, 0.100]
    Layer  7: sigma=[0.100, 0.236, 0.100, 0.100, 0.126, 0.100, 0.100, 0.100, 0.100, 0.100, 0.100, 0.158, 0.100, 0.100, 0.100, 0.100, 0.100, 0.100, 0.100, 0.100, 0.100, 0.100, 0.100, 0.100, 0.100, 0.100, 0.100, 0.100, 0.100, 0.100, 0.100, 0.100]
    Layer  8: sigma=[0.100, 0.100, 0.100, 0.100, 0.100, 0.100, 0.100, 0.113, 0.100, 0.100, 0.100, 0.100, 0.100, 0.139, 0.100, 0.100, 0.100, 0.100, 0.100, 0.100, 0.100, 0.100, 0.100, 0.100, 0.100, 0.100, 0.100, 0.294, 0.100, 0.100, 0.100, 0.100]
    Layer  9: sigma=[0.100, 0.100, 0.127, 0.100, 0.100, 0.100, 0.100, 0.100, 0.100, 0.100, 0.100, 0.100, 0.100, 0.100, 0.672, 0.229, 0.100, 0.100, 0.100, 0.100, 0.132, 0.100, 0.101, 0.100, 0.100, 0.164, 0.100, 0.100, 0.100, 0.100, 0.100, 0.100]
    Layer 10: sigma=[0.100, 0.100, 0.100, 0.100, 0.100, 0.100, 0.100, 0.100, 0.132, 0.100, 0.100, 0.100, 0.100, 0.100, 0.100, 0.100, 0.100, 0.100, 0.100, 0.100, 0.100, 0.100, 0.100, 0.100, 0.100, 0.100, 0.100, 0.100, 0.101, 0.100, 0.111, 0.100]
    Layer 11: sigma=[0.100, 0.100, 0.100, 0.100, 0.221, 0.100, 0.165, 0.100, 0.100, 0.138, 0.100, 0.100, 0.143, 0.100, 0.299, 0.100, 0.100, 0.100, 0.100, 0.100, 0.100, 0.100, 0.100, 0.100, 0.100, 0.100, 0.249, 0.100, 0.100, 0.100, 0.100, 0.100]
    Layer 12: sigma=[0.100, 0.100, 0.100, 0.100, 0.100, 0.127, 0.100, 0.100, 0.100, 0.130, 0.100, 0.100, 0.100, 0.100, 0.100, 0.100, 0.100, 0.253, 0.544, 0.100, 0.100, 0.100, 0.100, 0.100, 0.100, 0.343, 0.100, 0.127, 0.100, 0.139, 0.139, 0.100]
    Layer 13: sigma=[0.273, 0.100, 0.100, 0.100, 0.100, 0.100, 0.100, 0.104, 0.100, 0.110, 0.127, 0.100, 0.100, 0.100, 0.100, 0.100, 0.100, 0.100, 0.100, 0.100, 0.100, 0.100, 0.100, 0.100, 0.100, 0.100, 0.100, 0.100, 0.100, 0.100, 0.100, 0.100]
    Layer 14: sigma=[0.100, 0.100, 0.110, 0.100, 0.100, 0.473, 0.100, 0.164, 0.100, 0.100, 0.100, 0.100, 0.100, 0.179, 0.100, 0.100, 0.100, 0.100, 0.161, 0.100, 0.100, 0.100, 0.100, 0.100, 0.100, 0.151, 0.100, 0.133, 0.100, 0.100, 0.120, 0.100]
    Layer 15: sigma=[0.100, 0.234, 0.100, 0.100, 0.213, 0.112, 0.100, 0.100, 0.100, 0.100, 0.100, 0.132, 0.253, 0.100, 0.100, 0.100, 0.100, 0.100, 0.104, 0.148, 0.100, 0.100, 0.100, 0.100, 0.277, 0.285, 0.100, 0.100, 0.100, 0.100, 0.100, 0.100]
    Layer 16: sigma=[0.342, 0.100, 0.100, 0.100, 0.100, 0.100, 0.100, 0.100, 0.100, 0.100, 0.100, 0.100, 0.100, 0.100, 0.100, 0.100, 0.100, 0.100, 0.100, 0.100, 0.100, 0.100, 0.100, 0.100, 0.100, 0.159, 0.100, 0.100, 0.100, 0.100, 0.100, 0.100]
    Layer 17: sigma=[0.100, 0.100, 0.100, 0.100, 0.100, 0.483, 0.100, 0.113, 0.106, 0.100, 0.100, 0.100, 0.100, 0.100, 0.100, 0.100, 0.345, 0.166, 0.100, 0.345, 0.100, 0.100, 0.100, 0.100, 0.112, 0.100, 0.372, 0.128, 0.100, 0.100, 0.100, 0.100]
    Layer 18: sigma=[0.100, 0.637, 0.100, 0.100, 0.100, 0.192, 0.100, 0.100, 0.100, 0.100, 0.100, 0.100, 0.100, 0.100, 0.100, 0.100, 0.431, 0.100, 0.100, 0.100, 0.100, 0.100, 0.100, 0.100, 0.100, 0.100, 0.100, 0.100, 0.100, 0.100, 0.100, 0.100]
    Layer 20: sigma=[0.100, 0.100, 0.194, 0.100, 0.100, 0.295, 0.123, 0.100, 0.100, 0.100, 0.100, 0.100, 0.100, 0.100, 0.100, 0.100, 0.156, 0.100, 0.100, 0.100, 0.100, 0.100, 0.100, 0.100, 0.100, 0.100, 0.100, 0.100, 0.100, 0.100, 0.100, 0.100]
    Layer 21: sigma=[0.100, 0.100, 0.100, 0.119, 0.100, 0.100, 0.100, 0.100, 0.100, 0.100, 0.100, 0.360, 0.100, 0.100, 0.188, 0.100, 0.100, 0.100, 0.100, 0.100, 0.100, 0.100, 0.100, 0.100, 0.100, 0.100, 0.100, 0.100, 0.100, 0.100, 0.354, 0.117]
    Layer 22: sigma=[0.182, 0.100, 0.100, 0.100, 0.168, 0.103, 0.119, 0.217, 0.198, 0.149, 0.100, 0.100, 0.106, 0.100, 0.100, 0.100, 0.100, 0.100, 0.100, 0.119, 0.100, 0.100, 0.100, 0.100, 0.100, 0.100, 0.100, 0.100, 0.100, 0.100, 0.100, 0.100]
    Layer 23: sigma=[0.193, 0.153, 0.159, 0.100, 0.100, 0.100, 0.197, 0.100, 0.100, 0.100, 0.100, 0.100, 0.100, 0.100, 0.100, 0.100, 0.100, 0.100, 0.100, 0.100, 0.100, 0.100, 0.100, 0.100, 0.100, 0.100, 0.100, 0.100, 0.100, 0.257, 0.217, 0.169]
    Layer 24: sigma=[0.100, 0.100, 0.100, 0.100, 0.100, 0.100, 0.100, 0.100, 0.207, 0.100, 0.100, 0.100, 0.100, 0.100, 0.100, 0.199, 0.100, 0.100, 0.100, 0.100, 0.100, 0.100, 0.100, 0.100, 0.208, 0.329, 0.346, 0.307, 0.100, 0.100, 0.100, 0.100]
    Layer 25: sigma=[0.100, 0.100, 0.100, 0.100, 0.100, 0.100, 0.100, 0.100, 0.100, 0.100, 0.100, 0.100, 0.100, 0.100, 0.100, 0.100, 0.100, 0.100, 0.100, 0.100, 0.100, 0.100, 0.100, 0.100, 0.100, 0.100, 0.100, 0.100, 0.100, 0.100, 0.100, 0.100]
    Layer 26: sigma=[0.100, 0.100, 0.100, 0.100, 0.100, 0.100, 0.100, 0.100, 0.100, 0.100, 0.100, 0.100, 0.100, 0.100, 0.100, 0.112, 0.100, 0.100, 0.100, 0.100, 0.100, 0.100, 0.100, 0.100, 0.100, 0.100, 0.100, 0.100, 0.100, 0.100, 0.100, 0.100]
    Layer 27: sigma=[0.100, 0.100, 0.100, 0.100, 0.100, 0.100, 0.100, 0.100, 0.100, 0.100, 0.100, 0.100, 0.100, 0.100, 0.100, 0.100, 0.100, 0.100, 0.100, 0.100, 0.100, 0.100, 0.100, 0.100, 0.100, 0.100, 0.100, 0.100, 0.100, 0.211, 0.100, 0.100]
    Layer 28: sigma=[0.100, 0.100, 0.100, 0.100, 0.100, 0.100, 0.100, 0.280, 0.100, 0.100, 0.100, 0.100, 0.100, 0.100, 0.100, 0.100, 0.100, 0.100, 0.100, 0.100, 0.100, 0.100, 0.100, 0.100, 0.100, 0.100, 0.100, 0.100, 0.100, 0.100, 0.100, 0.100]
    Layer 29: sigma=[0.100, 0.100, 0.100, 0.100, 0.100, 0.100, 0.100, 0.100, 0.100, 0.100, 0.100, 0.100, 0.100, 0.100, 0.100, 0.100, 0.100, 0.100, 0.100, 0.100, 0.100, 0.100, 0.100, 0.100, 0.100, 0.100, 0.100, 0.100, 0.100, 0.100, 0.100, 0.100]
    Layer 30: sigma=[0.100, 0.100, 0.100, 0.100, 0.100, 0.100, 0.100, 0.100, 0.100, 0.100, 0.100, 0.100, 0.100, 0.100, 0.100, 0.103, 0.100, 0.100, 0.100, 0.100, 0.100, 0.100, 0.100, 0.100, 0.100, 0.100, 0.100, 0.100, 0.100, 0.100, 0.100, 0.100]
    Layer 31: sigma=[0.100, 0.100, 0.100, 0.100, 0.100, 0.100, 0.100, 0.100, 0.100, 0.100, 0.100, 0.100, 0.100, 0.100, 0.100, 0.100, 0.100, 0.100, 0.100, 0.100, 0.100, 0.100, 0.100, 0.100, 0.100, 0.100, 0.100, 0.100, 0.100, 0.100, 0.100, 0.100]
    Layer 32: sigma=[0.100, 0.100, 0.100, 0.100, 0.100, 0.100, 0.100, 0.100, 0.100, 0.100, 0.100, 0.100, 0.100, 0.100, 0.100, 0.100, 0.100, 0.100, 0.100, 0.100, 0.100, 0.100, 0.100, 0.100, 0.100, 0.100, 0.100, 0.100, 0.100, 0.100, 0.100, 0.100]
    Layer 33: sigma=[0.100, 0.100, 0.100, 0.100, 0.100, 0.100, 0.100, 0.100, 0.100, 0.100, 0.100, 0.100, 0.100, 0.100, 0.100, 0.100, 0.100, 0.100, 0.100, 0.100, 0.100, 0.100, 0.100, 0.100, 0.100, 0.100, 0.100, 0.100, 0.100, 0.100, 0.100, 0.100]
    Layer 34: sigma=[0.100, 0.100, 0.100, 0.100, 0.100, 0.100, 0.100, 0.100, 0.100, 0.100, 0.100, 0.100, 0.100, 0.100, 0.100, 0.100, 0.100, 0.100, 0.100, 0.100, 0.100, 0.100, 0.100, 0.100, 0.100, 0.100, 0.100, 0.100, 0.100, 0.100, 0.100, 0.100]
    Layer 35: sigma=[0.100, 0.100, 0.100, 0.100, 0.100, 0.100, 0.100, 0.100, 0.100, 0.100, 0.100, 0.100, 0.100, 0.100, 0.100, 0.100, 0.100, 0.100, 0.100, 0.100, 0.100, 0.100, 0.181, 0.100, 0.100, 0.100, 0.100, 0.100, 0.100, 0.100, 0.100, 0.100]

  [Taylor Step 3/3] g_proj = v_proj * alpha (damping=0.01)...
    Layer  0: alpha=0.068870  teacher_rms=0.0168  v_rms=0.0024
    Layer  1: alpha=0.058125  teacher_rms=0.0216  v_rms=0.0037
    Layer  2: alpha=0.054728  teacher_rms=0.0222  v_rms=0.0041
    Layer  3: alpha=0.041916  teacher_rms=0.0261  v_rms=0.0062
    Layer  4: alpha=0.049163  teacher_rms=0.0316  v_rms=0.0064
    Layer  5: alpha=0.052990  teacher_rms=0.0412  v_rms=0.0078
    Layer  6: alpha=0.074901  teacher_rms=0.0646  v_rms=0.0086
    Layer  7: alpha=0.040844  teacher_rms=0.0510  v_rms=0.0125
    Layer  8: alpha=0.041391  teacher_rms=0.0695  v_rms=0.0168
    Layer  9: alpha=0.028767  teacher_rms=0.0701  v_rms=0.0244
    Layer 10: alpha=0.049026  teacher_rms=0.1071  v_rms=0.0218
    Layer 11: alpha=0.052899  teacher_rms=0.1038  v_rms=0.0196
    Layer 12: alpha=0.044243  teacher_rms=0.1177  v_rms=0.0266
    Layer 13: alpha=0.054011  teacher_rms=0.1013  v_rms=0.0188
    Layer 14: alpha=0.054639  teacher_rms=0.1546  v_rms=0.0283
    Layer 15: alpha=0.046752  teacher_rms=0.1546  v_rms=0.0331
    Layer 16: alpha=0.039478  teacher_rms=0.1446  v_rms=0.0366
    Layer 17: alpha=0.035848  teacher_rms=0.1762  v_rms=0.0492
    Layer 18: alpha=0.032680  teacher_rms=0.1919  v_rms=0.0587
    Layer 20: alpha=0.050955  teacher_rms=0.1938  v_rms=0.0380
    Layer 21: alpha=0.044559  teacher_rms=0.2301  v_rms=0.0516
    Layer 22: alpha=0.052758  teacher_rms=0.2755  v_rms=0.0522
    Layer 23: alpha=0.049314  teacher_rms=0.3026  v_rms=0.0614
    Layer 24: alpha=0.029354  teacher_rms=0.2864  v_rms=0.0976
    Layer 25: alpha=0.038418  teacher_rms=0.2261  v_rms=0.0589
    Layer 26: alpha=0.027265  teacher_rms=0.1994  v_rms=0.0731
    Layer 27: alpha=0.032832  teacher_rms=0.2900  v_rms=0.0883
    Layer 28: alpha=0.037369  teacher_rms=0.3530  v_rms=0.0945
    Layer 29: alpha=0.016275  teacher_rms=0.2479  v_rms=0.1523
    Layer 30: alpha=0.025846  teacher_rms=0.3921  v_rms=0.1517
    Layer 31: alpha=0.018626  teacher_rms=0.3452  v_rms=0.1853
    Layer 32: alpha=0.021930  teacher_rms=0.5106  v_rms=0.2328
    Layer 33: alpha=0.016345  teacher_rms=0.5964  v_rms=0.3649
    Layer 34: alpha=0.031180  teacher_rms=1.0165  v_rms=0.3260
    Layer 35: alpha=0.056916  teacher_rms=1.0378  v_rms=0.1823

  Set g_proj = v_proj * alpha in 35 GDN layers (damping=0.01).
  Init (taylor_distill) done in 365.0s
  Layer 19: PPL = 1721.30  (eval 19.1s)

============================================================
  Probing layer 20 | strategy=taylor_distill
============================================================
Loading checkpoint shards:   0%|          | 0/4 [00:00<?, ?it/s]Loading checkpoint shards: 100%|██████████| 4/4 [00:00<00:00, 147.48it/s]
Could not cache non-existence of file. Will ignore error and continue. Error: [Errno 13] Permission denied: '/data/shared/huggingface/hub/models--Qwen--Qwen3-8B/.no_exist/b968826d9c46dd6066d109eabc6255188de91218/model.safetensors'
Loading checkpoint shards:   0%|          | 0/5 [00:00<?, ?it/s]Loading checkpoint shards: 100%|██████████| 5/5 [00:00<00:00, 184.22it/s]
Token indices sequence length is longer than the specified maximum sequence length for this model (2429029 > 131072). Running this sequence through the model will result in indexing errors
  [Taylor Step 1/3] Gate calibration from attention stats...
    Layer  0: dist=[18, 2, 6, 20, 8, 14, 6, 7, 10, 4, 6, 7, 10, 18, 17, 5, 9, 11, 8, 8, 8, 12, 2, 7, 4, 26, 5, 26, 9, 19, 9, 8]
    Layer  1: dist=[12, 21, 14, 26, 2, 9, 17, 7, 25, 18, 32, 29, 18, 28, 28, 20, 17, 26, 31, 18, 28, 17, 21, 21, 26, 8, 25, 23, 41, 16, 20, 28]
    Layer  2: dist=[36, 36, 37, 32, 17, 27, 20, 24, 21, 24, 29, 33, 28, 25, 26, 34, 32, 26, 28, 22, 28, 36, 27, 27, 14, 14, 11, 19, 41, 42, 43, 41]
    Layer  3: dist=[40, 20, 9, 12, 49, 50, 46, 42, 30, 27, 33, 31, 49, 43, 42, 42, 35, 37, 29, 37, 42, 33, 32, 36, 35, 30, 29, 33, 39, 36, 40, 37]
    Layer  4: dist=[31, 35, 41, 36, 41, 33, 35, 48, 37, 38, 34, 34, 31, 31, 38, 35, 35, 37, 38, 39, 34, 35, 25, 34, 26, 32, 27, 21, 28, 33, 30, 30]
    Layer  5: dist=[23, 29, 30, 21, 36, 34, 29, 29, 4, 14, 40, 38, 31, 43, 32, 30, 23, 20, 28, 28, 29, 30, 27, 33, 38, 39, 43, 43, 26, 25, 29, 32]
    Layer  6: dist=[16, 22, 17, 17, 27, 24, 34, 32, 25, 12, 21, 20, 31, 34, 28, 16, 28, 20, 24, 23, 13, 18, 18, 8, 21, 24, 18, 28, 24, 25, 21, 27]
    Layer  7: dist=[31, 36, 33, 46, 63, 57, 63, 60, 45, 60, 53, 41, 54, 15, 30, 49, 42, 54, 44, 44, 54, 45, 58, 59, 34, 41, 25, 43, 49, 51, 49, 54]
    Layer  8: dist=[45, 46, 49, 29, 43, 41, 35, 44, 46, 52, 43, 48, 51, 43, 49, 36, 60, 56, 54, 51, 44, 54, 51, 57, 47, 37, 51, 36, 44, 38, 42, 44]
    Layer  9: dist=[40, 32, 31, 36, 45, 49, 48, 40, 62, 61, 60, 56, 14, 46, 32, 45, 49, 53, 59, 62, 44, 40, 35, 41, 61, 44, 49, 54, 62, 57, 63, 61]
    Layer 10: dist=[39, 39, 30, 39, 46, 55, 33, 41, 34, 45, 55, 26, 49, 36, 42, 44, 45, 53, 52, 50, 46, 31, 56, 51, 51, 56, 47, 43, 40, 39, 44, 47]
    Layer 11: dist=[33, 33, 47, 27, 29, 36, 43, 42, 52, 62, 57, 49, 44, 33, 38, 39, 39, 36, 33, 25, 42, 56, 46, 46, 39, 32, 36, 32, 49, 34, 31, 48]
    Layer 12: dist=[12, 40, 39, 33, 43, 46, 39, 36, 33, 36, 44, 44, 50, 45, 45, 49, 21, 38, 29, 44, 55, 54, 53, 56, 49, 1, 56, 23, 43, 45, 59, 49]
    Layer 13: dist=[29, 36, 39, 36, 31, 29, 35, 22, 47, 36, 52, 61, 64, 58, 55, 62, 46, 39, 31, 36, 47, 33, 44, 46, 44, 33, 40, 41, 58, 56, 49, 51]
    Layer 14: dist=[25, 35, 34, 24, 39, 24, 35, 33, 31, 32, 37, 37, 36, 40, 35, 36, 41, 46, 31, 35, 33, 17, 28, 42, 27, 38, 40, 38, 43, 44, 5, 48]
    Layer 15: dist=[45, 27, 43, 23, 20, 22, 41, 33, 48, 33, 26, 54, 37, 56, 41, 47, 33, 33, 34, 36, 33, 30, 27, 27, 27, 20, 41, 37, 38, 47, 38, 28]
    Layer 16: dist=[37, 32, 42, 47, 29, 35, 26, 31, 29, 45, 40, 43, 49, 35, 44, 47, 38, 41, 34, 35, 59, 60, 57, 54, 39, 28, 34, 6, 32, 33, 36, 32]
    Layer 17: dist=[58, 50, 41, 34, 28, 31, 22, 25, 44, 54, 42, 49, 23, 32, 39, 39, 24, 29, 32, 22, 39, 51, 49, 48, 30, 28, 31, 26, 29, 43, 47, 36]
    Layer 18: dist=[20, 27, 19, 18, 29, 37, 39, 30, 37, 40, 37, 45, 34, 34, 31, 35, 26, 41, 42, 28, 38, 28, 37, 52, 31, 35, 35, 36, 30, 29, 43, 31]
    Layer 19: dist=[39, 33, 35, 35, 43, 54, 30, 38, 40, 44, 41, 48, 35, 31, 40, 35, 44, 42, 26, 29, 10, 28, 18, 27, 52, 54, 52, 58, 44, 43, 41, 41]
    Layer 21: dist=[26, 25, 30, 35, 58, 33, 53, 58, 61, 33, 39, 38, 26, 24, 25, 23, 39, 40, 45, 32, 47, 52, 48, 49, 35, 34, 32, 44, 38, 40, 34, 47]
    Layer 22: dist=[39, 32, 37, 33, 28, 38, 24, 30, 21, 27, 24, 35, 9, 46, 32, 35, 18, 40, 40, 23, 53, 59, 60, 61, 51, 44, 46, 48, 57, 47, 53, 50]
    Layer 23: dist=[22, 18, 26, 22, 55, 55, 22, 50, 41, 20, 24, 31, 37, 36, 41, 39, 41, 38, 42, 48, 41, 46, 42, 40, 41, 39, 37, 51, 47, 44, 44, 39]
    Layer 24: dist=[40, 62, 57, 51, 50, 56, 54, 47, 52, 54, 52, 43, 41, 39, 47, 40, 42, 49, 44, 42, 60, 53, 52, 58, 31, 41, 39, 29, 50, 57, 51, 47]
    Layer 25: dist=[50, 60, 59, 49, 38, 38, 54, 42, 46, 52, 47, 48, 36, 45, 27, 37, 48, 50, 49, 45, 54, 56, 55, 55, 58, 56, 50, 55, 46, 61, 51, 45]
    Layer 26: dist=[43, 47, 57, 36, 59, 57, 59, 56, 52, 56, 53, 49, 52, 62, 60, 60, 43, 46, 53, 50, 53, 54, 60, 57, 53, 50, 54, 50, 58, 50, 59, 51]
    Layer 27: dist=[48, 55, 54, 59, 50, 53, 52, 44, 41, 52, 55, 52, 41, 56, 42, 45, 51, 53, 53, 53, 47, 56, 54, 44, 57, 59, 60, 60, 50, 44, 45, 60]
    Layer 28: dist=[53, 47, 54, 53, 41, 35, 40, 38, 52, 57, 47, 46, 57, 53, 48, 50, 57, 51, 53, 55, 59, 37, 32, 46, 47, 46, 50, 51, 46, 48, 35, 49]
    Layer 29: dist=[57, 58, 57, 58, 45, 56, 47, 58, 58, 57, 61, 54, 60, 61, 60, 61, 58, 56, 58, 60, 62, 61, 56, 62, 49, 59, 47, 49, 55, 51, 56, 56]
    Layer 30: dist=[40, 54, 51, 52, 53, 51, 48, 37, 60, 59, 58, 60, 53, 53, 57, 51, 52, 39, 61, 61, 29, 60, 53, 54, 60, 60, 61, 60, 55, 56, 54, 51]
    Layer 31: dist=[60, 58, 51, 49, 58, 59, 59, 59, 57, 41, 46, 47, 58, 59, 59, 58, 52, 53, 55, 48, 60, 59, 56, 59, 57, 56, 46, 60, 57, 55, 53, 57]
    Layer 32: dist=[56, 57, 58, 57, 58, 60, 59, 60, 56, 55, 59, 58, 48, 58, 54, 47, 58, 54, 54, 54, 62, 48, 57, 60, 36, 48, 44, 53, 58, 54, 51, 53]
    Layer 33: dist=[52, 61, 57, 60, 45, 52, 29, 47, 57, 58, 57, 58, 58, 59, 58, 59, 59, 59, 53, 56, 58, 49, 54, 57, 57, 59, 60, 59, 56, 56, 55, 53]
    Layer 34: dist=[56, 57, 58, 57, 55, 56, 55, 54, 25, 47, 54, 42, 58, 57, 60, 40, 42, 44, 62, 30, 58, 27, 59, 60, 61, 60, 62, 60, 26, 32, 35, 54]
    Layer 35: dist=[56, 62, 36, 50, 43, 19, 55, 48, 42, 51, 55, 49, 30, 17, 24, 22, 49, 45, 40, 27, 45, 52, 28, 27, 33, 27, 33, 35, 36, 57, 61, 58]

  [Taylor Step 2/3] OLS sigma per head (scaling V, streaming)...
    Layer  0: sigma=[0.257, 0.100, 0.100, 0.100, 0.197, 0.601, 0.100, 0.100, 0.100, 0.100, 0.141, 0.100, 0.100, 0.100, 0.100, 0.291, 0.100, 0.100, 0.100, 0.100, 0.100, 0.100, 0.100, 0.200, 0.100, 0.100, 0.576, 0.100, 0.253, 0.100, 0.100, 0.100]
    Layer  1: sigma=[0.278, 0.100, 0.100, 0.100, 0.100, 0.100, 0.100, 0.100, 0.100, 0.395, 0.280, 0.100, 0.100, 0.100, 0.100, 0.100, 0.100, 0.100, 0.100, 0.100, 0.100, 0.100, 0.100, 0.209, 0.100, 0.100, 0.178, 0.100, 0.100, 0.100, 0.100, 0.100]
    Layer  2: sigma=[0.151, 0.100, 0.100, 0.100, 0.100, 0.100, 0.100, 0.100, 0.158, 0.100, 0.100, 0.100, 0.100, 0.260, 0.100, 0.100, 0.100, 0.100, 0.100, 0.100, 0.100, 0.100, 0.100, 0.100, 0.100, 0.173, 0.100, 0.100, 0.100, 0.100, 0.100, 0.138]
    Layer  3: sigma=[0.100, 0.456, 0.100, 0.292, 0.100, 0.100, 0.100, 0.100, 0.100, 0.100, 0.100, 0.100, 0.100, 0.100, 0.100, 0.100, 0.100, 0.100, 0.126, 0.100, 0.100, 0.100, 0.100, 0.100, 0.100, 0.123, 0.106, 0.100, 0.100, 0.100, 0.100, 0.100]
    Layer  4: sigma=[0.100, 0.100, 0.100, 0.100, 0.100, 0.100, 0.100, 0.100, 0.100, 0.100, 0.100, 0.100, 0.100, 0.100, 0.100, 0.100, 0.100, 0.100, 0.100, 0.100, 0.100, 0.148, 0.315, 0.100, 0.100, 0.100, 0.100, 0.100, 0.100, 0.100, 0.100, 0.100]
    Layer  5: sigma=[0.100, 0.100, 0.109, 0.100, 0.100, 0.100, 0.100, 0.100, 0.100, 0.280, 0.100, 0.107, 0.100, 0.100, 0.100, 0.109, 0.100, 0.332, 0.100, 0.100, 0.100, 0.100, 0.100, 0.100, 0.100, 0.100, 0.100, 0.100, 0.100, 0.246, 0.100, 0.100]
    Layer  6: sigma=[0.100, 0.100, 0.160, 0.100, 0.122, 0.112, 0.100, 0.100, 0.100, 0.100, 0.100, 0.100, 0.100, 0.100, 0.100, 0.100, 0.100, 0.100, 0.100, 0.100, 0.239, 0.100, 0.100, 0.100, 0.100, 0.100, 0.100, 0.100, 0.100, 0.100, 0.100, 0.100]
    Layer  7: sigma=[0.100, 0.232, 0.100, 0.100, 0.124, 0.100, 0.100, 0.100, 0.100, 0.100, 0.100, 0.144, 0.100, 0.100, 0.100, 0.100, 0.100, 0.100, 0.100, 0.100, 0.100, 0.100, 0.100, 0.100, 0.100, 0.100, 0.100, 0.100, 0.100, 0.100, 0.100, 0.100]
    Layer  8: sigma=[0.100, 0.100, 0.100, 0.100, 0.100, 0.100, 0.100, 0.110, 0.100, 0.100, 0.100, 0.100, 0.100, 0.121, 0.100, 0.100, 0.100, 0.100, 0.100, 0.100, 0.100, 0.100, 0.100, 0.100, 0.100, 0.100, 0.100, 0.329, 0.100, 0.100, 0.100, 0.100]
    Layer  9: sigma=[0.100, 0.100, 0.126, 0.100, 0.100, 0.100, 0.100, 0.100, 0.100, 0.100, 0.100, 0.100, 0.100, 0.100, 0.725, 0.214, 0.100, 0.100, 0.100, 0.100, 0.130, 0.100, 0.100, 0.100, 0.100, 0.165, 0.100, 0.100, 0.100, 0.100, 0.100, 0.100]
    Layer 10: sigma=[0.100, 0.100, 0.100, 0.100, 0.100, 0.100, 0.100, 0.100, 0.156, 0.100, 0.100, 0.100, 0.100, 0.100, 0.100, 0.100, 0.100, 0.100, 0.100, 0.100, 0.100, 0.100, 0.100, 0.100, 0.100, 0.100, 0.100, 0.100, 0.106, 0.100, 0.104, 0.100]
    Layer 11: sigma=[0.100, 0.100, 0.100, 0.100, 0.204, 0.100, 0.168, 0.100, 0.100, 0.141, 0.100, 0.100, 0.144, 0.100, 0.306, 0.100, 0.100, 0.100, 0.100, 0.100, 0.100, 0.100, 0.100, 0.100, 0.100, 0.100, 0.236, 0.100, 0.100, 0.100, 0.105, 0.100]
    Layer 12: sigma=[0.100, 0.100, 0.100, 0.100, 0.100, 0.128, 0.100, 0.100, 0.100, 0.122, 0.100, 0.100, 0.100, 0.100, 0.100, 0.100, 0.100, 0.268, 0.507, 0.100, 0.100, 0.100, 0.100, 0.100, 0.100, 0.317, 0.100, 0.121, 0.100, 0.140, 0.139, 0.100]
    Layer 13: sigma=[0.262, 0.100, 0.100, 0.100, 0.100, 0.100, 0.100, 0.100, 0.100, 0.122, 0.125, 0.100, 0.100, 0.100, 0.100, 0.100, 0.100, 0.100, 0.100, 0.100, 0.100, 0.100, 0.100, 0.100, 0.100, 0.100, 0.100, 0.100, 0.100, 0.100, 0.100, 0.100]
    Layer 14: sigma=[0.100, 0.100, 0.120, 0.100, 0.100, 0.458, 0.100, 0.159, 0.100, 0.100, 0.102, 0.100, 0.100, 0.171, 0.100, 0.100, 0.100, 0.100, 0.158, 0.119, 0.100, 0.100, 0.100, 0.100, 0.100, 0.159, 0.100, 0.134, 0.100, 0.100, 0.146, 0.100]
    Layer 15: sigma=[0.100, 0.228, 0.100, 0.100, 0.234, 0.120, 0.100, 0.100, 0.100, 0.100, 0.100, 0.100, 0.267, 0.100, 0.100, 0.100, 0.100, 0.100, 0.103, 0.146, 0.100, 0.100, 0.100, 0.100, 0.302, 0.210, 0.100, 0.100, 0.100, 0.100, 0.100, 0.100]
    Layer 16: sigma=[0.354, 0.100, 0.100, 0.100, 0.100, 0.100, 0.100, 0.100, 0.100, 0.100, 0.100, 0.100, 0.100, 0.100, 0.100, 0.100, 0.100, 0.100, 0.100, 0.100, 0.100, 0.100, 0.100, 0.100, 0.100, 0.178, 0.100, 0.100, 0.100, 0.100, 0.100, 0.100]
    Layer 17: sigma=[0.100, 0.100, 0.100, 0.100, 0.100, 0.477, 0.100, 0.100, 0.105, 0.100, 0.100, 0.100, 0.100, 0.100, 0.100, 0.100, 0.339, 0.100, 0.100, 0.453, 0.100, 0.100, 0.100, 0.100, 0.100, 0.100, 0.399, 0.123, 0.100, 0.100, 0.100, 0.100]
    Layer 18: sigma=[0.100, 0.662, 0.100, 0.100, 0.100, 0.207, 0.100, 0.101, 0.100, 0.100, 0.100, 0.100, 0.100, 0.100, 0.100, 0.100, 0.363, 0.100, 0.100, 0.100, 0.100, 0.100, 0.100, 0.100, 0.100, 0.100, 0.100, 0.100, 0.100, 0.100, 0.100, 0.100]
    Layer 19: sigma=[0.100, 0.100, 0.100, 0.100, 0.100, 0.100, 0.241, 0.100, 0.100, 0.100, 0.100, 0.100, 0.259, 0.100, 0.100, 0.162, 0.100, 0.100, 0.100, 0.417, 0.100, 0.100, 0.100, 0.100, 0.100, 0.100, 0.100, 0.100, 0.100, 0.100, 0.100, 0.100]
    Layer 21: sigma=[0.100, 0.100, 0.100, 0.124, 0.100, 0.100, 0.100, 0.100, 0.100, 0.100, 0.100, 0.372, 0.100, 0.100, 0.115, 0.100, 0.100, 0.100, 0.100, 0.105, 0.100, 0.100, 0.100, 0.100, 0.100, 0.100, 0.100, 0.100, 0.100, 0.100, 0.311, 0.121]
    Layer 22: sigma=[0.173, 0.100, 0.100, 0.100, 0.171, 0.100, 0.132, 0.234, 0.243, 0.100, 0.100, 0.100, 0.100, 0.100, 0.100, 0.100, 0.100, 0.100, 0.100, 0.196, 0.100, 0.100, 0.100, 0.100, 0.100, 0.100, 0.100, 0.100, 0.100, 0.100, 0.100, 0.100]
    Layer 23: sigma=[0.194, 0.151, 0.206, 0.100, 0.100, 0.100, 0.161, 0.100, 0.100, 0.100, 0.100, 0.100, 0.100, 0.100, 0.100, 0.100, 0.100, 0.100, 0.100, 0.100, 0.100, 0.100, 0.100, 0.100, 0.100, 0.100, 0.100, 0.100, 0.100, 0.182, 0.267, 0.249]
    Layer 24: sigma=[0.100, 0.100, 0.100, 0.100, 0.100, 0.100, 0.100, 0.100, 0.128, 0.100, 0.100, 0.100, 0.100, 0.100, 0.100, 0.216, 0.100, 0.100, 0.100, 0.100, 0.100, 0.100, 0.100, 0.100, 0.196, 0.334, 0.258, 0.234, 0.100, 0.100, 0.100, 0.100]
    Layer 25: sigma=[0.100, 0.100, 0.100, 0.100, 0.100, 0.100, 0.100, 0.100, 0.100, 0.100, 0.100, 0.100, 0.100, 0.100, 0.100, 0.100, 0.100, 0.100, 0.100, 0.100, 0.100, 0.100, 0.100, 0.100, 0.100, 0.100, 0.100, 0.100, 0.100, 0.100, 0.100, 0.100]
    Layer 26: sigma=[0.100, 0.100, 0.100, 0.100, 0.100, 0.100, 0.100, 0.100, 0.100, 0.100, 0.100, 0.100, 0.100, 0.100, 0.100, 0.118, 0.100, 0.100, 0.100, 0.100, 0.100, 0.100, 0.100, 0.100, 0.100, 0.100, 0.100, 0.100, 0.100, 0.100, 0.100, 0.100]
    Layer 27: sigma=[0.100, 0.100, 0.100, 0.100, 0.100, 0.100, 0.100, 0.100, 0.100, 0.100, 0.100, 0.100, 0.100, 0.100, 0.100, 0.100, 0.100, 0.100, 0.100, 0.100, 0.100, 0.100, 0.100, 0.100, 0.100, 0.100, 0.100, 0.100, 0.100, 0.221, 0.100, 0.100]
    Layer 28: sigma=[0.100, 0.100, 0.100, 0.100, 0.100, 0.131, 0.100, 0.173, 0.100, 0.100, 0.100, 0.100, 0.100, 0.100, 0.100, 0.100, 0.100, 0.100, 0.100, 0.100, 0.100, 0.100, 0.100, 0.100, 0.100, 0.100, 0.100, 0.100, 0.100, 0.100, 0.100, 0.100]
    Layer 29: sigma=[0.100, 0.100, 0.100, 0.100, 0.100, 0.100, 0.100, 0.100, 0.100, 0.100, 0.100, 0.100, 0.100, 0.100, 0.100, 0.100, 0.100, 0.100, 0.100, 0.100, 0.100, 0.100, 0.100, 0.100, 0.100, 0.100, 0.100, 0.100, 0.100, 0.100, 0.100, 0.100]
    Layer 30: sigma=[0.100, 0.100, 0.100, 0.100, 0.100, 0.100, 0.100, 0.100, 0.100, 0.100, 0.100, 0.100, 0.100, 0.100, 0.100, 0.100, 0.100, 0.100, 0.100, 0.100, 0.100, 0.100, 0.100, 0.100, 0.100, 0.100, 0.100, 0.100, 0.100, 0.100, 0.100, 0.100]
    Layer 31: sigma=[0.100, 0.100, 0.100, 0.100, 0.100, 0.100, 0.100, 0.100, 0.100, 0.100, 0.100, 0.100, 0.100, 0.100, 0.100, 0.100, 0.100, 0.100, 0.100, 0.100, 0.100, 0.100, 0.100, 0.100, 0.100, 0.100, 0.100, 0.100, 0.100, 0.100, 0.100, 0.100]
    Layer 32: sigma=[0.100, 0.100, 0.100, 0.100, 0.100, 0.100, 0.100, 0.100, 0.100, 0.100, 0.100, 0.100, 0.100, 0.100, 0.100, 0.100, 0.100, 0.100, 0.100, 0.100, 0.100, 0.100, 0.100, 0.100, 0.100, 0.100, 0.100, 0.100, 0.100, 0.100, 0.100, 0.100]
    Layer 33: sigma=[0.100, 0.100, 0.100, 0.100, 0.100, 0.100, 0.204, 0.100, 0.100, 0.100, 0.100, 0.100, 0.100, 0.100, 0.100, 0.100, 0.100, 0.100, 0.100, 0.100, 0.100, 0.100, 0.100, 0.100, 0.100, 0.100, 0.100, 0.100, 0.100, 0.100, 0.100, 0.100]
    Layer 34: sigma=[0.100, 0.100, 0.100, 0.100, 0.100, 0.100, 0.100, 0.100, 0.100, 0.100, 0.100, 0.100, 0.100, 0.100, 0.100, 0.100, 0.100, 0.100, 0.100, 0.100, 0.100, 0.100, 0.100, 0.100, 0.100, 0.100, 0.100, 0.100, 0.100, 0.100, 0.100, 0.100]
    Layer 35: sigma=[0.100, 0.100, 0.100, 0.100, 0.100, 0.100, 0.100, 0.100, 0.100, 0.100, 0.100, 0.100, 0.100, 0.100, 0.100, 0.100, 0.100, 0.100, 0.100, 0.100, 0.100, 0.100, 0.101, 0.100, 0.100, 0.100, 0.100, 0.100, 0.100, 0.100, 0.100, 0.100]

  [Taylor Step 3/3] g_proj = v_proj * alpha (damping=0.01)...
    Layer  0: alpha=0.068989  teacher_rms=0.0168  v_rms=0.0024
    Layer  1: alpha=0.058265  teacher_rms=0.0216  v_rms=0.0037
    Layer  2: alpha=0.054751  teacher_rms=0.0222  v_rms=0.0041
    Layer  3: alpha=0.041524  teacher_rms=0.0261  v_rms=0.0063
    Layer  4: alpha=0.049083  teacher_rms=0.0316  v_rms=0.0064
    Layer  5: alpha=0.052647  teacher_rms=0.0412  v_rms=0.0078
    Layer  6: alpha=0.075134  teacher_rms=0.0646  v_rms=0.0086
    Layer  7: alpha=0.041154  teacher_rms=0.0510  v_rms=0.0124
    Layer  8: alpha=0.040354  teacher_rms=0.0695  v_rms=0.0172
    Layer  9: alpha=0.027720  teacher_rms=0.0701  v_rms=0.0253
    Layer 10: alpha=0.048622  teacher_rms=0.1071  v_rms=0.0220
    Layer 11: alpha=0.053296  teacher_rms=0.1038  v_rms=0.0195
    Layer 12: alpha=0.045724  teacher_rms=0.1177  v_rms=0.0257
    Layer 13: alpha=0.054284  teacher_rms=0.1013  v_rms=0.0187
    Layer 14: alpha=0.054443  teacher_rms=0.1546  v_rms=0.0284
    Layer 15: alpha=0.047029  teacher_rms=0.1546  v_rms=0.0329
    Layer 16: alpha=0.038942  teacher_rms=0.1446  v_rms=0.0371
    Layer 17: alpha=0.034848  teacher_rms=0.1762  v_rms=0.0506
    Layer 18: alpha=0.032161  teacher_rms=0.1919  v_rms=0.0597
    Layer 19: alpha=0.046733  teacher_rms=0.2023  v_rms=0.0433
    Layer 21: alpha=0.045965  teacher_rms=0.2301  v_rms=0.0501
    Layer 22: alpha=0.050928  teacher_rms=0.2755  v_rms=0.0541
    Layer 23: alpha=0.048865  teacher_rms=0.3026  v_rms=0.0619
    Layer 24: alpha=0.032841  teacher_rms=0.2864  v_rms=0.0872
    Layer 25: alpha=0.038418  teacher_rms=0.2261  v_rms=0.0589
    Layer 26: alpha=0.027191  teacher_rms=0.1994  v_rms=0.0733
    Layer 27: alpha=0.032633  teacher_rms=0.2900  v_rms=0.0889
    Layer 28: alpha=0.039413  teacher_rms=0.3530  v_rms=0.0896
    Layer 29: alpha=0.016275  teacher_rms=0.2479  v_rms=0.1523
    Layer 30: alpha=0.025867  teacher_rms=0.3921  v_rms=0.1516
    Layer 31: alpha=0.018626  teacher_rms=0.3452  v_rms=0.1853
    Layer 32: alpha=0.021930  teacher_rms=0.5106  v_rms=0.2328
    Layer 33: alpha=0.016130  teacher_rms=0.5964  v_rms=0.3697
    Layer 34: alpha=0.031180  teacher_rms=1.0165  v_rms=0.3260
    Layer 35: alpha=0.058520  teacher_rms=1.0378  v_rms=0.1773

  Set g_proj = v_proj * alpha in 35 GDN layers (damping=0.01).
  Init (taylor_distill) done in 334.6s
  Layer 20: PPL = 1194.29  (eval 19.2s)

============================================================
  Probing layer 21 | strategy=taylor_distill
============================================================
Loading checkpoint shards:   0%|          | 0/4 [00:00<?, ?it/s]Loading checkpoint shards: 100%|██████████| 4/4 [00:00<00:00, 148.35it/s]
Could not cache non-existence of file. Will ignore error and continue. Error: [Errno 13] Permission denied: '/data/shared/huggingface/hub/models--Qwen--Qwen3-8B/.no_exist/b968826d9c46dd6066d109eabc6255188de91218/model.safetensors'
Loading checkpoint shards:   0%|          | 0/5 [00:00<?, ?it/s]Loading checkpoint shards: 100%|██████████| 5/5 [00:00<00:00, 173.92it/s]
Token indices sequence length is longer than the specified maximum sequence length for this model (2429029 > 131072). Running this sequence through the model will result in indexing errors
  [Taylor Step 1/3] Gate calibration from attention stats...
    Layer  0: dist=[18, 2, 6, 20, 8, 14, 6, 7, 10, 4, 6, 7, 10, 18, 17, 5, 9, 11, 8, 8, 8, 12, 2, 7, 4, 26, 5, 26, 9, 19, 9, 8]
    Layer  1: dist=[12, 21, 14, 26, 2, 9, 17, 7, 25, 18, 32, 29, 18, 28, 28, 20, 17, 26, 31, 18, 28, 17, 21, 21, 26, 8, 25, 23, 41, 16, 20, 28]
    Layer  2: dist=[36, 36, 37, 32, 17, 27, 20, 24, 21, 24, 29, 33, 28, 25, 26, 34, 32, 26, 28, 22, 28, 36, 27, 27, 14, 14, 11, 19, 41, 42, 43, 41]
    Layer  3: dist=[40, 20, 9, 12, 49, 50, 46, 42, 30, 27, 33, 31, 49, 43, 42, 42, 35, 37, 29, 37, 42, 33, 32, 36, 35, 30, 29, 33, 39, 36, 40, 37]
    Layer  4: dist=[31, 35, 41, 36, 41, 33, 35, 48, 37, 38, 34, 34, 31, 31, 38, 35, 35, 37, 38, 39, 34, 35, 25, 34, 26, 32, 27, 21, 28, 33, 30, 30]
    Layer  5: dist=[23, 29, 30, 21, 36, 34, 29, 29, 4, 14, 40, 38, 31, 43, 32, 30, 23, 20, 28, 28, 29, 30, 27, 33, 38, 39, 43, 43, 26, 25, 29, 32]
    Layer  6: dist=[16, 22, 17, 17, 27, 24, 34, 32, 25, 12, 21, 20, 31, 34, 28, 16, 28, 20, 24, 23, 13, 18, 18, 8, 21, 24, 18, 28, 24, 25, 21, 27]
    Layer  7: dist=[31, 36, 33, 46, 63, 57, 63, 60, 45, 60, 53, 41, 54, 15, 30, 49, 42, 54, 44, 44, 54, 45, 58, 59, 34, 41, 25, 43, 49, 51, 49, 54]
    Layer  8: dist=[45, 46, 49, 29, 43, 41, 35, 44, 46, 52, 43, 48, 51, 43, 49, 36, 60, 56, 54, 51, 44, 54, 51, 57, 47, 37, 51, 36, 44, 38, 42, 44]
    Layer  9: dist=[40, 32, 31, 36, 45, 49, 48, 40, 62, 61, 60, 56, 14, 46, 32, 45, 49, 53, 59, 62, 44, 40, 35, 41, 61, 44, 49, 54, 62, 57, 63, 61]
    Layer 10: dist=[39, 39, 30, 39, 46, 55, 33, 41, 34, 45, 55, 26, 49, 36, 42, 44, 45, 53, 52, 50, 46, 31, 56, 51, 51, 56, 47, 43, 40, 39, 44, 47]
    Layer 11: dist=[33, 33, 47, 27, 29, 36, 43, 42, 52, 62, 57, 49, 44, 33, 38, 39, 39, 36, 33, 25, 42, 56, 46, 46, 39, 32, 36, 32, 49, 34, 31, 48]
    Layer 12: dist=[12, 40, 39, 33, 43, 46, 39, 36, 33, 36, 44, 44, 50, 45, 45, 49, 21, 38, 29, 44, 55, 54, 53, 56, 49, 1, 56, 23, 43, 45, 59, 49]
    Layer 13: dist=[29, 36, 39, 36, 31, 29, 35, 22, 47, 36, 52, 61, 64, 58, 55, 62, 46, 39, 31, 36, 47, 33, 44, 46, 44, 33, 40, 41, 58, 56, 49, 51]
    Layer 14: dist=[25, 35, 34, 24, 39, 24, 35, 33, 31, 32, 37, 37, 36, 40, 35, 36, 41, 46, 31, 35, 33, 17, 28, 42, 27, 38, 40, 38, 43, 44, 5, 48]
    Layer 15: dist=[45, 27, 43, 23, 20, 22, 41, 33, 48, 33, 26, 54, 37, 56, 41, 47, 33, 33, 34, 36, 33, 30, 27, 27, 27, 20, 41, 37, 38, 47, 38, 28]
    Layer 16: dist=[37, 32, 42, 47, 29, 35, 26, 31, 29, 45, 40, 43, 49, 35, 44, 47, 38, 41, 34, 35, 59, 60, 57, 54, 39, 28, 34, 6, 32, 33, 36, 32]
    Layer 17: dist=[58, 50, 41, 34, 28, 31, 22, 25, 44, 54, 42, 49, 23, 32, 39, 39, 24, 29, 32, 22, 39, 51, 49, 48, 30, 28, 31, 26, 29, 43, 47, 36]
    Layer 18: dist=[20, 27, 19, 18, 29, 37, 39, 30, 37, 40, 37, 45, 34, 34, 31, 35, 26, 41, 42, 28, 38, 28, 37, 52, 31, 35, 35, 36, 30, 29, 43, 31]
    Layer 19: dist=[39, 33, 35, 35, 43, 54, 30, 38, 40, 44, 41, 48, 35, 31, 40, 35, 44, 42, 26, 29, 10, 28, 18, 27, 52, 54, 52, 58, 44, 43, 41, 41]
    Layer 20: dist=[46, 39, 44, 40, 41, 27, 28, 31, 23, 21, 26, 21, 48, 42, 48, 50, 24, 28, 31, 21, 38, 57, 52, 51, 63, 51, 53, 44, 49, 43, 55, 55]
    Layer 22: dist=[39, 32, 37, 33, 28, 38, 24, 30, 21, 27, 24, 35, 9, 46, 32, 35, 18, 40, 40, 23, 53, 59, 60, 61, 51, 44, 46, 48, 57, 47, 53, 50]
    Layer 23: dist=[22, 18, 26, 22, 55, 55, 22, 50, 41, 20, 24, 31, 37, 36, 41, 39, 41, 38, 42, 48, 41, 46, 42, 40, 41, 39, 37, 51, 47, 44, 44, 39]
    Layer 24: dist=[40, 62, 57, 51, 50, 56, 54, 47, 52, 54, 52, 43, 41, 39, 47, 40, 42, 49, 44, 42, 60, 53, 52, 58, 31, 41, 39, 29, 50, 57, 51, 47]
    Layer 25: dist=[50, 60, 59, 49, 38, 38, 54, 42, 46, 52, 47, 48, 36, 45, 27, 37, 48, 50, 49, 45, 54, 56, 55, 55, 58, 56, 50, 55, 46, 61, 51, 45]
    Layer 26: dist=[43, 47, 57, 36, 59, 57, 59, 56, 52, 56, 53, 49, 52, 62, 60, 60, 43, 46, 53, 50, 53, 54, 60, 57, 53, 50, 54, 50, 58, 50, 59, 51]
    Layer 27: dist=[48, 55, 54, 59, 50, 53, 52, 44, 41, 52, 55, 52, 41, 56, 42, 45, 51, 53, 53, 53, 47, 56, 54, 44, 57, 59, 60, 60, 50, 44, 45, 60]
    Layer 28: dist=[53, 47, 54, 53, 41, 35, 40, 38, 52, 57, 47, 46, 57, 53, 48, 50, 57, 51, 53, 55, 59, 37, 32, 46, 47, 46, 50, 51, 46, 48, 35, 49]
    Layer 29: dist=[57, 58, 57, 58, 45, 56, 47, 58, 58, 57, 61, 54, 60, 61, 60, 61, 58, 56, 58, 60, 62, 61, 56, 62, 49, 59, 47, 49, 55, 51, 56, 56]
    Layer 30: dist=[40, 54, 51, 52, 53, 51, 48, 37, 60, 59, 58, 60, 53, 53, 57, 51, 52, 39, 61, 61, 29, 60, 53, 54, 60, 60, 61, 60, 55, 56, 54, 51]
    Layer 31: dist=[60, 58, 51, 49, 58, 59, 59, 59, 57, 41, 46, 47, 58, 59, 59, 58, 52, 53, 55, 48, 60, 59, 56, 59, 57, 56, 46, 60, 57, 55, 53, 57]
    Layer 32: dist=[56, 57, 58, 57, 58, 60, 59, 60, 56, 55, 59, 58, 48, 58, 54, 47, 58, 54, 54, 54, 62, 48, 57, 60, 36, 48, 44, 53, 58, 54, 51, 53]
    Layer 33: dist=[52, 61, 57, 60, 45, 52, 29, 47, 57, 58, 57, 58, 58, 59, 58, 59, 59, 59, 53, 56, 58, 49, 54, 57, 57, 59, 60, 59, 56, 56, 55, 53]
    Layer 34: dist=[56, 57, 58, 57, 55, 56, 55, 54, 25, 47, 54, 42, 58, 57, 60, 40, 42, 44, 62, 30, 58, 27, 59, 60, 61, 60, 62, 60, 26, 32, 35, 54]
    Layer 35: dist=[56, 62, 36, 50, 43, 19, 55, 48, 42, 51, 55, 49, 30, 17, 24, 22, 49, 45, 40, 27, 45, 52, 28, 27, 33, 27, 33, 35, 36, 57, 61, 58]

  [Taylor Step 2/3] OLS sigma per head (scaling V, streaming)...
    Layer  0: sigma=[0.257, 0.100, 0.100, 0.100, 0.196, 0.602, 0.100, 0.100, 0.100, 0.100, 0.141, 0.100, 0.100, 0.100, 0.100, 0.291, 0.100, 0.100, 0.100, 0.100, 0.100, 0.100, 0.100, 0.200, 0.100, 0.100, 0.575, 0.100, 0.254, 0.100, 0.100, 0.100]
    Layer  1: sigma=[0.278, 0.100, 0.100, 0.100, 0.100, 0.100, 0.100, 0.100, 0.100, 0.415, 0.277, 0.100, 0.100, 0.100, 0.100, 0.100, 0.100, 0.100, 0.100, 0.100, 0.100, 0.100, 0.100, 0.211, 0.100, 0.100, 0.176, 0.100, 0.100, 0.100, 0.100, 0.100]
    Layer  2: sigma=[0.152, 0.100, 0.100, 0.100, 0.100, 0.100, 0.100, 0.100, 0.159, 0.100, 0.100, 0.100, 0.100, 0.256, 0.100, 0.100, 0.100, 0.100, 0.100, 0.100, 0.100, 0.100, 0.100, 0.100, 0.100, 0.173, 0.100, 0.100, 0.100, 0.100, 0.100, 0.137]
    Layer  3: sigma=[0.100, 0.449, 0.100, 0.290, 0.100, 0.100, 0.100, 0.100, 0.100, 0.100, 0.100, 0.100, 0.100, 0.100, 0.100, 0.100, 0.100, 0.100, 0.120, 0.100, 0.100, 0.100, 0.100, 0.100, 0.100, 0.122, 0.108, 0.100, 0.100, 0.100, 0.100, 0.100]
    Layer  4: sigma=[0.100, 0.100, 0.100, 0.100, 0.100, 0.100, 0.100, 0.100, 0.100, 0.100, 0.100, 0.100, 0.100, 0.100, 0.100, 0.100, 0.100, 0.100, 0.100, 0.100, 0.100, 0.144, 0.317, 0.100, 0.100, 0.100, 0.100, 0.100, 0.100, 0.100, 0.100, 0.100]
    Layer  5: sigma=[0.100, 0.100, 0.117, 0.100, 0.100, 0.100, 0.100, 0.100, 0.100, 0.266, 0.100, 0.104, 0.100, 0.100, 0.100, 0.110, 0.100, 0.330, 0.100, 0.100, 0.100, 0.100, 0.100, 0.100, 0.100, 0.100, 0.100, 0.100, 0.100, 0.247, 0.100, 0.100]
    Layer  6: sigma=[0.100, 0.100, 0.172, 0.100, 0.112, 0.110, 0.100, 0.100, 0.100, 0.100, 0.100, 0.100, 0.100, 0.100, 0.100, 0.100, 0.100, 0.100, 0.100, 0.100, 0.247, 0.100, 0.100, 0.100, 0.100, 0.100, 0.102, 0.100, 0.100, 0.100, 0.100, 0.100]
    Layer  7: sigma=[0.100, 0.251, 0.100, 0.100, 0.122, 0.100, 0.100, 0.100, 0.100, 0.100, 0.100, 0.150, 0.100, 0.100, 0.100, 0.100, 0.100, 0.100, 0.100, 0.100, 0.100, 0.100, 0.100, 0.100, 0.100, 0.100, 0.100, 0.100, 0.100, 0.100, 0.100, 0.100]
    Layer  8: sigma=[0.100, 0.100, 0.100, 0.100, 0.100, 0.100, 0.100, 0.124, 0.100, 0.100, 0.100, 0.100, 0.100, 0.130, 0.100, 0.100, 0.100, 0.100, 0.100, 0.100, 0.100, 0.100, 0.100, 0.100, 0.100, 0.100, 0.100, 0.252, 0.100, 0.100, 0.100, 0.100]
    Layer  9: sigma=[0.100, 0.100, 0.127, 0.100, 0.100, 0.100, 0.100, 0.100, 0.100, 0.100, 0.100, 0.100, 0.100, 0.100, 0.828, 0.211, 0.100, 0.100, 0.100, 0.100, 0.147, 0.100, 0.107, 0.100, 0.100, 0.166, 0.100, 0.100, 0.100, 0.100, 0.100, 0.100]
    Layer 10: sigma=[0.100, 0.100, 0.100, 0.100, 0.100, 0.100, 0.100, 0.100, 0.128, 0.100, 0.100, 0.100, 0.100, 0.100, 0.100, 0.100, 0.100, 0.100, 0.100, 0.100, 0.100, 0.100, 0.100, 0.100, 0.100, 0.100, 0.100, 0.100, 0.106, 0.100, 0.113, 0.100]
    Layer 11: sigma=[0.100, 0.100, 0.100, 0.100, 0.216, 0.100, 0.167, 0.100, 0.100, 0.140, 0.100, 0.100, 0.141, 0.100, 0.314, 0.100, 0.100, 0.100, 0.100, 0.100, 0.100, 0.100, 0.100, 0.100, 0.100, 0.100, 0.240, 0.100, 0.100, 0.100, 0.104, 0.100]
    Layer 12: sigma=[0.100, 0.100, 0.100, 0.100, 0.100, 0.129, 0.100, 0.100, 0.100, 0.110, 0.100, 0.100, 0.100, 0.100, 0.100, 0.100, 0.100, 0.287, 0.433, 0.100, 0.100, 0.100, 0.100, 0.100, 0.100, 0.288, 0.100, 0.124, 0.100, 0.134, 0.137, 0.100]
    Layer 13: sigma=[0.261, 0.100, 0.100, 0.100, 0.100, 0.100, 0.100, 0.111, 0.100, 0.123, 0.126, 0.100, 0.100, 0.100, 0.100, 0.100, 0.100, 0.100, 0.100, 0.100, 0.100, 0.100, 0.100, 0.100, 0.100, 0.100, 0.100, 0.100, 0.100, 0.100, 0.100, 0.100]
    Layer 14: sigma=[0.100, 0.100, 0.110, 0.100, 0.100, 0.435, 0.100, 0.157, 0.100, 0.100, 0.100, 0.100, 0.100, 0.181, 0.100, 0.100, 0.100, 0.100, 0.178, 0.121, 0.100, 0.100, 0.100, 0.100, 0.100, 0.149, 0.100, 0.136, 0.100, 0.100, 0.141, 0.100]
    Layer 15: sigma=[0.100, 0.223, 0.100, 0.100, 0.223, 0.112, 0.100, 0.100, 0.100, 0.100, 0.100, 0.107, 0.265, 0.100, 0.100, 0.100, 0.100, 0.100, 0.100, 0.137, 0.100, 0.100, 0.100, 0.100, 0.272, 0.269, 0.100, 0.100, 0.100, 0.100, 0.100, 0.100]
    Layer 16: sigma=[0.351, 0.100, 0.100, 0.100, 0.100, 0.100, 0.100, 0.100, 0.100, 0.100, 0.100, 0.100, 0.100, 0.100, 0.100, 0.100, 0.100, 0.100, 0.100, 0.100, 0.100, 0.100, 0.100, 0.100, 0.100, 0.164, 0.100, 0.100, 0.100, 0.100, 0.100, 0.100]
    Layer 17: sigma=[0.100, 0.100, 0.100, 0.100, 0.100, 0.505, 0.100, 0.104, 0.104, 0.100, 0.100, 0.100, 0.100, 0.100, 0.100, 0.100, 0.335, 0.173, 0.100, 0.363, 0.100, 0.100, 0.100, 0.100, 0.100, 0.100, 0.371, 0.122, 0.100, 0.100, 0.100, 0.100]
    Layer 18: sigma=[0.100, 0.690, 0.100, 0.100, 0.100, 0.180, 0.100, 0.100, 0.100, 0.100, 0.100, 0.100, 0.100, 0.100, 0.100, 0.100, 0.548, 0.100, 0.100, 0.100, 0.100, 0.100, 0.100, 0.100, 0.100, 0.100, 0.100, 0.100, 0.100, 0.100, 0.100, 0.100]
    Layer 19: sigma=[0.100, 0.100, 0.100, 0.100, 0.100, 0.100, 0.205, 0.100, 0.100, 0.100, 0.100, 0.100, 0.272, 0.100, 0.100, 0.148, 0.100, 0.100, 0.100, 0.434, 0.100, 0.100, 0.100, 0.100, 0.108, 0.100, 0.100, 0.100, 0.100, 0.100, 0.100, 0.100]
    Layer 20: sigma=[0.100, 0.100, 0.187, 0.100, 0.100, 0.271, 0.167, 0.100, 0.100, 0.100, 0.100, 0.100, 0.100, 0.100, 0.100, 0.113, 0.199, 0.130, 0.100, 0.100, 0.100, 0.100, 0.100, 0.100, 0.100, 0.100, 0.100, 0.100, 0.100, 0.100, 0.100, 0.100]
    Layer 22: sigma=[0.173, 0.100, 0.100, 0.100, 0.145, 0.124, 0.119, 0.236, 0.220, 0.100, 0.100, 0.100, 0.100, 0.100, 0.100, 0.100, 0.100, 0.100, 0.100, 0.149, 0.100, 0.100, 0.100, 0.100, 0.100, 0.100, 0.100, 0.100, 0.100, 0.100, 0.100, 0.100]
    Layer 23: sigma=[0.183, 0.139, 0.169, 0.100, 0.100, 0.100, 0.231, 0.100, 0.100, 0.100, 0.100, 0.100, 0.100, 0.100, 0.100, 0.100, 0.100, 0.100, 0.100, 0.100, 0.100, 0.100, 0.100, 0.100, 0.100, 0.100, 0.100, 0.100, 0.100, 0.222, 0.218, 0.236]
    Layer 24: sigma=[0.100, 0.100, 0.100, 0.100, 0.100, 0.100, 0.100, 0.100, 0.127, 0.100, 0.100, 0.100, 0.100, 0.100, 0.100, 0.194, 0.100, 0.100, 0.100, 0.128, 0.100, 0.100, 0.100, 0.100, 0.200, 0.309, 0.180, 0.231, 0.100, 0.100, 0.100, 0.100]
    Layer 25: sigma=[0.100, 0.100, 0.100, 0.100, 0.100, 0.100, 0.100, 0.100, 0.100, 0.100, 0.100, 0.100, 0.100, 0.100, 0.100, 0.100, 0.100, 0.100, 0.100, 0.100, 0.100, 0.100, 0.100, 0.100, 0.100, 0.100, 0.100, 0.100, 0.100, 0.100, 0.100, 0.100]
    Layer 26: sigma=[0.100, 0.100, 0.100, 0.100, 0.100, 0.100, 0.100, 0.100, 0.100, 0.100, 0.100, 0.100, 0.100, 0.100, 0.100, 0.102, 0.100, 0.100, 0.100, 0.100, 0.100, 0.100, 0.100, 0.100, 0.100, 0.100, 0.100, 0.100, 0.100, 0.100, 0.100, 0.100]
    Layer 27: sigma=[0.100, 0.100, 0.100, 0.100, 0.100, 0.100, 0.100, 0.100, 0.100, 0.100, 0.100, 0.100, 0.100, 0.100, 0.100, 0.100, 0.100, 0.100, 0.100, 0.100, 0.100, 0.100, 0.100, 0.100, 0.100, 0.100, 0.100, 0.100, 0.100, 0.248, 0.100, 0.100]
    Layer 28: sigma=[0.100, 0.100, 0.100, 0.100, 0.100, 0.138, 0.100, 0.321, 0.100, 0.100, 0.100, 0.100, 0.100, 0.100, 0.100, 0.100, 0.100, 0.100, 0.100, 0.100, 0.100, 0.100, 0.100, 0.100, 0.100, 0.100, 0.100, 0.100, 0.100, 0.100, 0.100, 0.100]
    Layer 29: sigma=[0.100, 0.100, 0.100, 0.100, 0.100, 0.100, 0.100, 0.100, 0.100, 0.100, 0.100, 0.100, 0.100, 0.100, 0.100, 0.100, 0.100, 0.100, 0.100, 0.100, 0.100, 0.100, 0.100, 0.100, 0.100, 0.100, 0.100, 0.100, 0.100, 0.100, 0.100, 0.100]
    Layer 30: sigma=[0.100, 0.100, 0.100, 0.100, 0.100, 0.100, 0.100, 0.100, 0.100, 0.100, 0.100, 0.100, 0.100, 0.100, 0.100, 0.100, 0.100, 0.100, 0.100, 0.100, 0.100, 0.100, 0.100, 0.100, 0.100, 0.100, 0.100, 0.100, 0.100, 0.100, 0.100, 0.100]
    Layer 31: sigma=[0.100, 0.100, 0.100, 0.100, 0.100, 0.100, 0.100, 0.100, 0.100, 0.100, 0.100, 0.100, 0.100, 0.100, 0.100, 0.100, 0.100, 0.100, 0.100, 0.100, 0.100, 0.100, 0.100, 0.100, 0.100, 0.100, 0.100, 0.100, 0.100, 0.100, 0.100, 0.100]
    Layer 32: sigma=[0.100, 0.100, 0.100, 0.100, 0.100, 0.100, 0.100, 0.100, 0.100, 0.100, 0.100, 0.100, 0.100, 0.100, 0.100, 0.100, 0.100, 0.100, 0.100, 0.100, 0.100, 0.100, 0.100, 0.100, 0.100, 0.100, 0.100, 0.100, 0.100, 0.100, 0.100, 0.100]
    Layer 33: sigma=[0.100, 0.100, 0.100, 0.100, 0.100, 0.100, 0.140, 0.100, 0.100, 0.100, 0.100, 0.100, 0.100, 0.100, 0.100, 0.100, 0.100, 0.100, 0.100, 0.100, 0.100, 0.100, 0.100, 0.100, 0.100, 0.100, 0.100, 0.100, 0.100, 0.100, 0.100, 0.100]
    Layer 34: sigma=[0.100, 0.100, 0.100, 0.100, 0.100, 0.100, 0.100, 0.100, 0.100, 0.100, 0.100, 0.100, 0.100, 0.100, 0.100, 0.100, 0.100, 0.100, 0.100, 0.100, 0.100, 0.100, 0.100, 0.100, 0.100, 0.100, 0.100, 0.100, 0.100, 0.100, 0.100, 0.100]
    Layer 35: sigma=[0.100, 0.100, 0.100, 0.100, 0.100, 0.100, 0.100, 0.100, 0.100, 0.100, 0.100, 0.100, 0.100, 0.100, 0.100, 0.100, 0.100, 0.100, 0.100, 0.100, 0.100, 0.100, 0.188, 0.100, 0.100, 0.100, 0.100, 0.100, 0.100, 0.100, 0.100, 0.100]

  [Taylor Step 3/3] g_proj = v_proj * alpha (damping=0.01)...
    Layer  0: alpha=0.069007  teacher_rms=0.0168  v_rms=0.0024
    Layer  1: alpha=0.057775  teacher_rms=0.0216  v_rms=0.0037
    Layer  2: alpha=0.054922  teacher_rms=0.0222  v_rms=0.0041
    Layer  3: alpha=0.041812  teacher_rms=0.0261  v_rms=0.0063
    Layer  4: alpha=0.049086  teacher_rms=0.0316  v_rms=0.0064
    Layer  5: alpha=0.052897  teacher_rms=0.0412  v_rms=0.0078
    Layer  6: alpha=0.074512  teacher_rms=0.0646  v_rms=0.0087
    Layer  7: alpha=0.040600  teacher_rms=0.0510  v_rms=0.0126
    Layer  8: alpha=0.042771  teacher_rms=0.0695  v_rms=0.0163
    Layer  9: alpha=0.025432  teacher_rms=0.0701  v_rms=0.0276
    Layer 10: alpha=0.049000  teacher_rms=0.1071  v_rms=0.0219
    Layer 11: alpha=0.052736  teacher_rms=0.1038  v_rms=0.0197
    Layer 12: alpha=0.048362  teacher_rms=0.1177  v_rms=0.0243
    Layer 13: alpha=0.053991  teacher_rms=0.1013  v_rms=0.0188
    Layer 14: alpha=0.054989  teacher_rms=0.1546  v_rms=0.0281
    Layer 15: alpha=0.047199  teacher_rms=0.1546  v_rms=0.0328
    Layer 16: alpha=0.039206  teacher_rms=0.1446  v_rms=0.0369
    Layer 17: alpha=0.035518  teacher_rms=0.1762  v_rms=0.0496
    Layer 18: alpha=0.030240  teacher_rms=0.1919  v_rms=0.0635
    Layer 19: alpha=0.046655  teacher_rms=0.2023  v_rms=0.0434
    Layer 20: alpha=0.050018  teacher_rms=0.1938  v_rms=0.0388
    Layer 22: alpha=0.052535  teacher_rms=0.2755  v_rms=0.0524
    Layer 23: alpha=0.048310  teacher_rms=0.3026  v_rms=0.0626
    Layer 24: alpha=0.034551  teacher_rms=0.2864  v_rms=0.0829
    Layer 25: alpha=0.038418  teacher_rms=0.2261  v_rms=0.0589
    Layer 26: alpha=0.027379  teacher_rms=0.1994  v_rms=0.0728
    Layer 27: alpha=0.032082  teacher_rms=0.2900  v_rms=0.0904
    Layer 28: alpha=0.035875  teacher_rms=0.3530  v_rms=0.0984
    Layer 29: alpha=0.016275  teacher_rms=0.2479  v_rms=0.1523
    Layer 30: alpha=0.025867  teacher_rms=0.3921  v_rms=0.1516
    Layer 31: alpha=0.018626  teacher_rms=0.3452  v_rms=0.1853
    Layer 32: alpha=0.021930  teacher_rms=0.5106  v_rms=0.2328
    Layer 33: alpha=0.016284  teacher_rms=0.5964  v_rms=0.3662
    Layer 34: alpha=0.031180  teacher_rms=1.0165  v_rms=0.3260
    Layer 35: alpha=0.056718  teacher_rms=1.0378  v_rms=0.1830

  Set g_proj = v_proj * alpha in 35 GDN layers (damping=0.01).
  Init (taylor_distill) done in 335.3s
  Layer 21: PPL = 1193.69  (eval 18.9s)

============================================================
  Probing layer 22 | strategy=taylor_distill
============================================================
Loading checkpoint shards:   0%|          | 0/4 [00:00<?, ?it/s]Loading checkpoint shards: 100%|██████████| 4/4 [00:00<00:00, 152.12it/s]
Could not cache non-existence of file. Will ignore error and continue. Error: [Errno 13] Permission denied: '/data/shared/huggingface/hub/models--Qwen--Qwen3-8B/.no_exist/b968826d9c46dd6066d109eabc6255188de91218/model.safetensors'
Loading checkpoint shards:   0%|          | 0/5 [00:00<?, ?it/s]Loading checkpoint shards:  80%|████████  | 4/5 [00:00<00:00, 33.25it/s]Loading checkpoint shards: 100%|██████████| 5/5 [00:00<00:00, 36.79it/s]
Token indices sequence length is longer than the specified maximum sequence length for this model (2429029 > 131072). Running this sequence through the model will result in indexing errors
  [Taylor Step 1/3] Gate calibration from attention stats...
    Layer  0: dist=[18, 2, 6, 20, 8, 14, 6, 7, 10, 4, 6, 7, 10, 18, 17, 5, 9, 11, 8, 8, 8, 12, 2, 7, 4, 26, 5, 26, 9, 19, 9, 8]
    Layer  1: dist=[12, 21, 14, 26, 2, 9, 17, 7, 25, 18, 32, 29, 18, 28, 28, 20, 17, 26, 31, 18, 28, 17, 21, 21, 26, 8, 25, 23, 41, 16, 20, 28]
    Layer  2: dist=[36, 36, 37, 32, 17, 27, 20, 24, 21, 24, 29, 33, 28, 25, 26, 34, 32, 26, 28, 22, 28, 36, 27, 27, 14, 14, 11, 19, 41, 42, 43, 41]
    Layer  3: dist=[40, 20, 9, 12, 49, 50, 46, 42, 30, 27, 33, 31, 49, 43, 42, 42, 35, 37, 29, 37, 42, 33, 32, 36, 35, 30, 29, 33, 39, 36, 40, 37]
    Layer  4: dist=[31, 35, 41, 36, 41, 33, 35, 48, 37, 38, 34, 34, 31, 31, 38, 35, 35, 37, 38, 39, 34, 35, 25, 34, 26, 32, 27, 21, 28, 33, 30, 30]
    Layer  5: dist=[23, 29, 30, 21, 36, 34, 29, 29, 4, 14, 40, 38, 31, 43, 32, 30, 23, 20, 28, 28, 29, 30, 27, 33, 38, 39, 43, 43, 26, 25, 29, 32]
    Layer  6: dist=[16, 22, 17, 17, 27, 24, 34, 32, 25, 12, 21, 20, 31, 34, 28, 16, 28, 20, 24, 23, 13, 18, 18, 8, 21, 24, 18, 28, 24, 25, 21, 27]
    Layer  7: dist=[31, 36, 33, 46, 63, 57, 63, 60, 45, 60, 53, 41, 54, 15, 30, 49, 42, 54, 44, 44, 54, 45, 58, 59, 34, 41, 25, 43, 49, 51, 49, 54]
    Layer  8: dist=[45, 46, 49, 29, 43, 41, 35, 44, 46, 52, 43, 48, 51, 43, 49, 36, 60, 56, 54, 51, 44, 54, 51, 57, 47, 37, 51, 36, 44, 38, 42, 44]
    Layer  9: dist=[40, 32, 31, 36, 45, 49, 48, 40, 62, 61, 60, 56, 14, 46, 32, 45, 49, 53, 59, 62, 44, 40, 35, 41, 61, 44, 49, 54, 62, 57, 63, 61]
    Layer 10: dist=[39, 39, 30, 39, 46, 55, 33, 41, 34, 45, 55, 26, 49, 36, 42, 44, 45, 53, 52, 50, 46, 31, 56, 51, 51, 56, 47, 43, 40, 39, 44, 47]
    Layer 11: dist=[33, 33, 47, 27, 29, 36, 43, 42, 52, 62, 57, 49, 44, 33, 38, 39, 39, 36, 33, 25, 42, 56, 46, 46, 39, 32, 36, 32, 49, 34, 31, 48]
    Layer 12: dist=[12, 40, 39, 33, 43, 46, 39, 36, 33, 36, 44, 44, 50, 45, 45, 49, 21, 38, 29, 44, 55, 54, 53, 56, 49, 1, 56, 23, 43, 45, 59, 49]
    Layer 13: dist=[29, 36, 39, 36, 31, 29, 35, 22, 47, 36, 52, 61, 64, 58, 55, 62, 46, 39, 31, 36, 47, 33, 44, 46, 44, 33, 40, 41, 58, 56, 49, 51]
    Layer 14: dist=[25, 35, 34, 24, 39, 24, 35, 33, 31, 32, 37, 37, 36, 40, 35, 36, 41, 46, 31, 35, 33, 17, 28, 42, 27, 38, 40, 38, 43, 44, 5, 48]
    Layer 15: dist=[45, 27, 43, 23, 20, 22, 41, 33, 48, 33, 26, 54, 37, 56, 41, 47, 33, 33, 34, 36, 33, 30, 27, 27, 27, 20, 41, 37, 38, 47, 38, 28]
    Layer 16: dist=[37, 32, 42, 47, 29, 35, 26, 31, 29, 45, 40, 43, 49, 35, 44, 47, 38, 41, 34, 35, 59, 60, 57, 54, 39, 28, 34, 6, 32, 33, 36, 32]
    Layer 17: dist=[58, 50, 41, 34, 28, 31, 22, 25, 44, 54, 42, 49, 23, 32, 39, 39, 24, 29, 32, 22, 39, 51, 49, 48, 30, 28, 31, 26, 29, 43, 47, 36]
    Layer 18: dist=[20, 27, 19, 18, 29, 37, 39, 30, 37, 40, 37, 45, 34, 34, 31, 35, 26, 41, 42, 28, 38, 28, 37, 52, 31, 35, 35, 36, 30, 29, 43, 31]
    Layer 19: dist=[39, 33, 35, 35, 43, 54, 30, 38, 40, 44, 41, 48, 35, 31, 40, 35, 44, 42, 26, 29, 10, 28, 18, 27, 52, 54, 52, 58, 44, 43, 41, 41]
    Layer 20: dist=[46, 39, 44, 40, 41, 27, 28, 31, 23, 21, 26, 21, 48, 42, 48, 50, 24, 28, 31, 21, 38, 57, 52, 51, 63, 51, 53, 44, 49, 43, 55, 55]
    Layer 21: dist=[26, 25, 30, 35, 58, 33, 53, 58, 61, 33, 39, 38, 26, 24, 25, 23, 39, 40, 45, 32, 47, 52, 48, 49, 35, 34, 32, 44, 38, 40, 34, 47]
    Layer 23: dist=[22, 18, 26, 22, 55, 55, 22, 50, 41, 20, 24, 31, 37, 36, 41, 39, 41, 38, 42, 48, 41, 46, 42, 40, 41, 39, 37, 51, 47, 44, 44, 39]
    Layer 24: dist=[40, 62, 57, 51, 50, 56, 54, 47, 52, 54, 52, 43, 41, 39, 47, 40, 42, 49, 44, 42, 60, 53, 52, 58, 31, 41, 39, 29, 50, 57, 51, 47]
    Layer 25: dist=[50, 60, 59, 49, 38, 38, 54, 42, 46, 52, 47, 48, 36, 45, 27, 37, 48, 50, 49, 45, 54, 56, 55, 55, 58, 56, 50, 55, 46, 61, 51, 45]
    Layer 26: dist=[43, 47, 57, 36, 59, 57, 59, 56, 52, 56, 53, 49, 52, 62, 60, 60, 43, 46, 53, 50, 53, 54, 60, 57, 53, 50, 54, 50, 58, 50, 59, 51]
    Layer 27: dist=[48, 55, 54, 59, 50, 53, 52, 44, 41, 52, 55, 52, 41, 56, 42, 45, 51, 53, 53, 53, 47, 56, 54, 44, 57, 59, 60, 60, 50, 44, 45, 60]
    Layer 28: dist=[53, 47, 54, 53, 41, 35, 40, 38, 52, 57, 47, 46, 57, 53, 48, 50, 57, 51, 53, 55, 59, 37, 32, 46, 47, 46, 50, 51, 46, 48, 35, 49]
    Layer 29: dist=[57, 58, 57, 58, 45, 56, 47, 58, 58, 57, 61, 54, 60, 61, 60, 61, 58, 56, 58, 60, 62, 61, 56, 62, 49, 59, 47, 49, 55, 51, 56, 56]
    Layer 30: dist=[40, 54, 51, 52, 53, 51, 48, 37, 60, 59, 58, 60, 53, 53, 57, 51, 52, 39, 61, 61, 29, 60, 53, 54, 60, 60, 61, 60, 55, 56, 54, 51]
    Layer 31: dist=[60, 58, 51, 49, 58, 59, 59, 59, 57, 41, 46, 47, 58, 59, 59, 58, 52, 53, 55, 48, 60, 59, 56, 59, 57, 56, 46, 60, 57, 55, 53, 57]
    Layer 32: dist=[56, 57, 58, 57, 58, 60, 59, 60, 56, 55, 59, 58, 48, 58, 54, 47, 58, 54, 54, 54, 62, 48, 57, 60, 36, 48, 44, 53, 58, 54, 51, 53]
    Layer 33: dist=[52, 61, 57, 60, 45, 52, 29, 47, 57, 58, 57, 58, 58, 59, 58, 59, 59, 59, 53, 56, 58, 49, 54, 57, 57, 59, 60, 59, 56, 56, 55, 53]
    Layer 34: dist=[56, 57, 58, 57, 55, 56, 55, 54, 25, 47, 54, 42, 58, 57, 60, 40, 42, 44, 62, 30, 58, 27, 59, 60, 61, 60, 62, 60, 26, 32, 35, 54]
    Layer 35: dist=[56, 62, 36, 50, 43, 19, 55, 48, 42, 51, 55, 49, 30, 17, 24, 22, 49, 45, 40, 27, 45, 52, 28, 27, 33, 27, 33, 35, 36, 57, 61, 58]

  [Taylor Step 2/3] OLS sigma per head (scaling V, streaming)...
    Layer  0: sigma=[0.256, 0.100, 0.100, 0.100, 0.196, 0.601, 0.100, 0.100, 0.100, 0.100, 0.141, 0.100, 0.100, 0.100, 0.100, 0.290, 0.100, 0.100, 0.100, 0.100, 0.100, 0.100, 0.100, 0.200, 0.100, 0.100, 0.577, 0.100, 0.251, 0.100, 0.100, 0.100]
    Layer  1: sigma=[0.278, 0.100, 0.100, 0.100, 0.100, 0.100, 0.100, 0.100, 0.100, 0.411, 0.275, 0.100, 0.100, 0.100, 0.100, 0.100, 0.100, 0.100, 0.100, 0.100, 0.100, 0.100, 0.100, 0.208, 0.100, 0.100, 0.178, 0.100, 0.100, 0.100, 0.100, 0.100]
    Layer  2: sigma=[0.151, 0.100, 0.100, 0.100, 0.100, 0.100, 0.100, 0.100, 0.159, 0.100, 0.100, 0.100, 0.100, 0.256, 0.100, 0.100, 0.100, 0.100, 0.100, 0.100, 0.100, 0.100, 0.100, 0.100, 0.100, 0.174, 0.100, 0.100, 0.100, 0.100, 0.100, 0.139]
    Layer  3: sigma=[0.100, 0.454, 0.100, 0.286, 0.100, 0.100, 0.100, 0.100, 0.100, 0.100, 0.100, 0.100, 0.100, 0.100, 0.100, 0.100, 0.100, 0.100, 0.129, 0.100, 0.100, 0.100, 0.100, 0.100, 0.100, 0.122, 0.114, 0.100, 0.100, 0.100, 0.100, 0.100]
    Layer  4: sigma=[0.100, 0.100, 0.100, 0.100, 0.100, 0.100, 0.100, 0.100, 0.100, 0.100, 0.100, 0.100, 0.100, 0.100, 0.100, 0.100, 0.100, 0.100, 0.100, 0.100, 0.100, 0.143, 0.316, 0.100, 0.100, 0.100, 0.100, 0.100, 0.100, 0.100, 0.100, 0.100]
    Layer  5: sigma=[0.100, 0.100, 0.107, 0.100, 0.100, 0.100, 0.100, 0.100, 0.100, 0.260, 0.100, 0.105, 0.100, 0.100, 0.100, 0.109, 0.100, 0.336, 0.100, 0.100, 0.100, 0.100, 0.100, 0.100, 0.100, 0.100, 0.100, 0.100, 0.100, 0.245, 0.100, 0.100]
    Layer  6: sigma=[0.100, 0.100, 0.159, 0.100, 0.125, 0.111, 0.100, 0.100, 0.100, 0.100, 0.100, 0.100, 0.100, 0.100, 0.100, 0.100, 0.100, 0.100, 0.100, 0.100, 0.241, 0.100, 0.100, 0.100, 0.100, 0.100, 0.102, 0.100, 0.100, 0.100, 0.100, 0.100]
    Layer  7: sigma=[0.100, 0.241, 0.100, 0.100, 0.120, 0.100, 0.100, 0.100, 0.100, 0.100, 0.100, 0.159, 0.100, 0.100, 0.100, 0.100, 0.100, 0.100, 0.100, 0.100, 0.100, 0.100, 0.100, 0.100, 0.100, 0.100, 0.100, 0.100, 0.100, 0.100, 0.100, 0.100]
    Layer  8: sigma=[0.100, 0.100, 0.100, 0.100, 0.100, 0.100, 0.100, 0.129, 0.100, 0.100, 0.100, 0.100, 0.100, 0.126, 0.100, 0.100, 0.100, 0.100, 0.100, 0.100, 0.100, 0.100, 0.100, 0.100, 0.100, 0.100, 0.100, 0.281, 0.100, 0.100, 0.100, 0.100]
    Layer  9: sigma=[0.100, 0.100, 0.128, 0.100, 0.100, 0.100, 0.100, 0.100, 0.100, 0.100, 0.100, 0.100, 0.100, 0.100, 0.792, 0.220, 0.100, 0.100, 0.100, 0.100, 0.129, 0.100, 0.103, 0.100, 0.100, 0.163, 0.100, 0.100, 0.100, 0.100, 0.100, 0.100]
    Layer 10: sigma=[0.100, 0.100, 0.100, 0.100, 0.100, 0.100, 0.100, 0.100, 0.138, 0.100, 0.100, 0.100, 0.100, 0.100, 0.100, 0.100, 0.100, 0.100, 0.100, 0.100, 0.100, 0.100, 0.100, 0.100, 0.100, 0.100, 0.100, 0.100, 0.101, 0.100, 0.108, 0.100]
    Layer 11: sigma=[0.100, 0.100, 0.100, 0.100, 0.224, 0.100, 0.170, 0.100, 0.100, 0.135, 0.100, 0.100, 0.143, 0.100, 0.289, 0.100, 0.100, 0.100, 0.100, 0.100, 0.100, 0.100, 0.100, 0.100, 0.100, 0.100, 0.245, 0.100, 0.100, 0.100, 0.102, 0.100]
    Layer 12: sigma=[0.100, 0.100, 0.100, 0.100, 0.100, 0.113, 0.100, 0.100, 0.100, 0.119, 0.100, 0.100, 0.100, 0.100, 0.100, 0.100, 0.100, 0.280, 0.453, 0.100, 0.100, 0.100, 0.100, 0.100, 0.100, 0.354, 0.100, 0.155, 0.100, 0.139, 0.137, 0.100]
    Layer 13: sigma=[0.265, 0.100, 0.100, 0.100, 0.100, 0.100, 0.100, 0.107, 0.100, 0.122, 0.124, 0.100, 0.100, 0.100, 0.100, 0.100, 0.100, 0.100, 0.100, 0.100, 0.100, 0.100, 0.100, 0.100, 0.100, 0.100, 0.100, 0.100, 0.100, 0.100, 0.100, 0.100]
    Layer 14: sigma=[0.100, 0.100, 0.101, 0.100, 0.100, 0.536, 0.100, 0.154, 0.100, 0.100, 0.100, 0.100, 0.100, 0.152, 0.100, 0.100, 0.100, 0.100, 0.141, 0.119, 0.100, 0.100, 0.100, 0.100, 0.100, 0.159, 0.100, 0.131, 0.100, 0.100, 0.124, 0.100]
    Layer 15: sigma=[0.100, 0.254, 0.100, 0.100, 0.207, 0.121, 0.100, 0.100, 0.100, 0.100, 0.100, 0.139, 0.249, 0.100, 0.100, 0.100, 0.100, 0.100, 0.101, 0.145, 0.100, 0.100, 0.100, 0.100, 0.330, 0.241, 0.100, 0.100, 0.100, 0.100, 0.100, 0.100]
    Layer 16: sigma=[0.346, 0.100, 0.100, 0.100, 0.100, 0.100, 0.100, 0.100, 0.100, 0.100, 0.100, 0.100, 0.100, 0.100, 0.100, 0.100, 0.100, 0.100, 0.100, 0.100, 0.100, 0.100, 0.100, 0.100, 0.100, 0.166, 0.100, 0.100, 0.100, 0.100, 0.100, 0.100]
    Layer 17: sigma=[0.100, 0.100, 0.100, 0.100, 0.100, 0.532, 0.100, 0.100, 0.106, 0.100, 0.100, 0.100, 0.100, 0.100, 0.100, 0.100, 0.318, 0.100, 0.100, 0.365, 0.100, 0.100, 0.100, 0.100, 0.103, 0.100, 0.378, 0.115, 0.100, 0.100, 0.100, 0.100]
    Layer 18: sigma=[0.100, 0.749, 0.100, 0.100, 0.103, 0.226, 0.100, 0.100, 0.100, 0.100, 0.100, 0.100, 0.100, 0.100, 0.100, 0.100, 0.490, 0.100, 0.100, 0.100, 0.100, 0.100, 0.100, 0.100, 0.100, 0.100, 0.100, 0.100, 0.100, 0.100, 0.100, 0.100]
    Layer 19: sigma=[0.100, 0.100, 0.100, 0.100, 0.100, 0.100, 0.203, 0.100, 0.100, 0.100, 0.100, 0.100, 0.201, 0.100, 0.100, 0.145, 0.100, 0.100, 0.100, 0.479, 0.100, 0.100, 0.100, 0.100, 0.107, 0.100, 0.100, 0.100, 0.100, 0.100, 0.100, 0.100]
    Layer 20: sigma=[0.100, 0.100, 0.193, 0.108, 0.100, 0.263, 0.147, 0.100, 0.100, 0.100, 0.100, 0.100, 0.100, 0.100, 0.100, 0.103, 0.234, 0.100, 0.100, 0.100, 0.100, 0.100, 0.100, 0.100, 0.100, 0.100, 0.100, 0.100, 0.100, 0.100, 0.100, 0.100]
    Layer 21: sigma=[0.100, 0.100, 0.100, 0.126, 0.100, 0.100, 0.100, 0.100, 0.100, 0.100, 0.100, 0.364, 0.100, 0.100, 0.155, 0.100, 0.100, 0.100, 0.100, 0.124, 0.100, 0.100, 0.100, 0.100, 0.100, 0.100, 0.100, 0.100, 0.100, 0.100, 0.320, 0.129]
    Layer 23: sigma=[0.196, 0.145, 0.242, 0.100, 0.115, 0.100, 0.174, 0.100, 0.100, 0.100, 0.100, 0.100, 0.100, 0.100, 0.100, 0.100, 0.100, 0.100, 0.100, 0.100, 0.100, 0.100, 0.100, 0.100, 0.100, 0.100, 0.100, 0.100, 0.100, 0.344, 0.217, 0.154]
    Layer 24: sigma=[0.100, 0.100, 0.100, 0.100, 0.100, 0.100, 0.100, 0.100, 0.202, 0.100, 0.100, 0.100, 0.100, 0.100, 0.100, 0.210, 0.100, 0.100, 0.100, 0.105, 0.100, 0.100, 0.100, 0.100, 0.354, 0.263, 0.176, 0.258, 0.100, 0.100, 0.100, 0.100]
    Layer 25: sigma=[0.100, 0.100, 0.100, 0.100, 0.100, 0.100, 0.100, 0.100, 0.100, 0.100, 0.100, 0.100, 0.100, 0.100, 0.100, 0.100, 0.100, 0.100, 0.100, 0.100, 0.100, 0.100, 0.100, 0.100, 0.100, 0.100, 0.100, 0.100, 0.100, 0.100, 0.100, 0.100]
    Layer 26: sigma=[0.100, 0.115, 0.100, 0.100, 0.100, 0.100, 0.100, 0.100, 0.100, 0.100, 0.100, 0.100, 0.100, 0.100, 0.100, 0.147, 0.100, 0.100, 0.100, 0.100, 0.100, 0.100, 0.100, 0.100, 0.100, 0.100, 0.100, 0.100, 0.100, 0.100, 0.100, 0.100]
    Layer 27: sigma=[0.100, 0.100, 0.100, 0.100, 0.100, 0.100, 0.100, 0.100, 0.100, 0.100, 0.100, 0.100, 0.100, 0.100, 0.100, 0.100, 0.100, 0.100, 0.100, 0.100, 0.100, 0.100, 0.100, 0.100, 0.100, 0.100, 0.100, 0.100, 0.100, 0.249, 0.100, 0.100]
    Layer 28: sigma=[0.100, 0.100, 0.100, 0.100, 0.100, 0.115, 0.100, 0.322, 0.100, 0.100, 0.100, 0.100, 0.100, 0.100, 0.100, 0.100, 0.100, 0.100, 0.100, 0.100, 0.100, 0.100, 0.100, 0.100, 0.100, 0.100, 0.100, 0.100, 0.100, 0.100, 0.100, 0.100]
    Layer 29: sigma=[0.100, 0.100, 0.100, 0.100, 0.100, 0.100, 0.100, 0.100, 0.100, 0.100, 0.100, 0.100, 0.100, 0.100, 0.100, 0.100, 0.100, 0.100, 0.100, 0.100, 0.100, 0.100, 0.100, 0.100, 0.100, 0.100, 0.100, 0.100, 0.100, 0.100, 0.100, 0.100]
    Layer 30: sigma=[0.100, 0.100, 0.100, 0.100, 0.100, 0.100, 0.100, 0.100, 0.100, 0.100, 0.100, 0.100, 0.100, 0.100, 0.100, 0.103, 0.100, 0.100, 0.100, 0.100, 0.100, 0.100, 0.100, 0.100, 0.100, 0.100, 0.100, 0.100, 0.100, 0.100, 0.100, 0.100]
    Layer 31: sigma=[0.100, 0.100, 0.100, 0.100, 0.100, 0.100, 0.100, 0.100, 0.100, 0.100, 0.100, 0.100, 0.100, 0.100, 0.100, 0.100, 0.100, 0.100, 0.100, 0.100, 0.100, 0.100, 0.100, 0.100, 0.100, 0.100, 0.100, 0.100, 0.100, 0.100, 0.100, 0.100]
    Layer 32: sigma=[0.100, 0.100, 0.100, 0.100, 0.100, 0.100, 0.100, 0.100, 0.100, 0.100, 0.100, 0.100, 0.100, 0.100, 0.100, 0.100, 0.100, 0.100, 0.100, 0.100, 0.100, 0.100, 0.100, 0.100, 0.100, 0.100, 0.100, 0.100, 0.100, 0.100, 0.100, 0.100]
    Layer 33: sigma=[0.100, 0.100, 0.100, 0.100, 0.100, 0.100, 0.100, 0.100, 0.100, 0.100, 0.100, 0.100, 0.100, 0.100, 0.100, 0.100, 0.100, 0.100, 0.100, 0.100, 0.100, 0.100, 0.100, 0.100, 0.100, 0.100, 0.100, 0.100, 0.100, 0.100, 0.100, 0.100]
    Layer 34: sigma=[0.100, 0.100, 0.100, 0.100, 0.100, 0.100, 0.100, 0.100, 0.100, 0.100, 0.100, 0.100, 0.100, 0.100, 0.100, 0.100, 0.100, 0.100, 0.100, 0.100, 0.100, 0.100, 0.100, 0.100, 0.100, 0.100, 0.100, 0.100, 0.100, 0.100, 0.100, 0.100]
    Layer 35: sigma=[0.100, 0.100, 0.100, 0.100, 0.117, 0.100, 0.100, 0.100, 0.100, 0.100, 0.100, 0.100, 0.100, 0.100, 0.100, 0.100, 0.100, 0.100, 0.100, 0.100, 0.100, 0.100, 0.139, 0.100, 0.100, 0.100, 0.100, 0.100, 0.100, 0.100, 0.100, 0.100]

  [Taylor Step 3/3] g_proj = v_proj * alpha (damping=0.01)...
    Layer  0: alpha=0.069050  teacher_rms=0.0168  v_rms=0.0024
    Layer  1: alpha=0.057956  teacher_rms=0.0216  v_rms=0.0037
    Layer  2: alpha=0.054864  teacher_rms=0.0222  v_rms=0.0041
    Layer  3: alpha=0.041604  teacher_rms=0.0261  v_rms=0.0063
    Layer  4: alpha=0.049114  teacher_rms=0.0316  v_rms=0.0064
    Layer  5: alpha=0.053034  teacher_rms=0.0412  v_rms=0.0078
    Layer  6: alpha=0.074971  teacher_rms=0.0646  v_rms=0.0086
    Layer  7: alpha=0.040789  teacher_rms=0.0510  v_rms=0.0125
    Layer  8: alpha=0.041744  teacher_rms=0.0695  v_rms=0.0167
    Layer  9: alpha=0.026239  teacher_rms=0.0701  v_rms=0.0267
    Layer 10: alpha=0.048966  teacher_rms=0.1071  v_rms=0.0219
    Layer 11: alpha=0.053139  teacher_rms=0.1038  v_rms=0.0195
    Layer 12: alpha=0.046173  teacher_rms=0.1177  v_rms=0.0255
    Layer 13: alpha=0.054031  teacher_rms=0.1013  v_rms=0.0188
    Layer 14: alpha=0.052464  teacher_rms=0.1546  v_rms=0.0295
    Layer 15: alpha=0.046183  teacher_rms=0.1546  v_rms=0.0335
    Layer 16: alpha=0.039311  teacher_rms=0.1446  v_rms=0.0368
    Layer 17: alpha=0.035210  teacher_rms=0.1762  v_rms=0.0500
    Layer 18: alpha=0.028693  teacher_rms=0.1919  v_rms=0.0669
    Layer 19: alpha=0.047182  teacher_rms=0.2023  v_rms=0.0429
    Layer 20: alpha=0.050383  teacher_rms=0.1938  v_rms=0.0385
    Layer 21: alpha=0.045441  teacher_rms=0.2301  v_rms=0.0506
    Layer 23: alpha=0.045238  teacher_rms=0.3026  v_rms=0.0669
    Layer 24: alpha=0.032389  teacher_rms=0.2864  v_rms=0.0884
    Layer 25: alpha=0.038418  teacher_rms=0.2261  v_rms=0.0589
    Layer 26: alpha=0.026675  teacher_rms=0.1994  v_rms=0.0747
    Layer 27: alpha=0.032053  teacher_rms=0.2900  v_rms=0.0905
    Layer 28: alpha=0.036077  teacher_rms=0.3530  v_rms=0.0978
    Layer 29: alpha=0.016275  teacher_rms=0.2479  v_rms=0.1523
    Layer 30: alpha=0.025846  teacher_rms=0.3921  v_rms=0.1517
    Layer 31: alpha=0.018626  teacher_rms=0.3452  v_rms=0.1853
    Layer 32: alpha=0.021930  teacher_rms=0.5106  v_rms=0.2328
    Layer 33: alpha=0.016345  teacher_rms=0.5964  v_rms=0.3649
    Layer 34: alpha=0.031180  teacher_rms=1.0165  v_rms=0.3260
    Layer 35: alpha=0.057620  teacher_rms=1.0378  v_rms=0.1801

  Set g_proj = v_proj * alpha in 35 GDN layers (damping=0.01).
  Init (taylor_distill) done in 448.5s
  Layer 22: PPL = 965.69  (eval 23.2s)

============================================================
  Probing layer 23 | strategy=taylor_distill
============================================================
Loading checkpoint shards:   0%|          | 0/4 [00:00<?, ?it/s]Loading checkpoint shards:  75%|███████▌  | 3/4 [00:00<00:00, 29.75it/s]Loading checkpoint shards: 100%|██████████| 4/4 [00:00<00:00, 35.06it/s]
Could not cache non-existence of file. Will ignore error and continue. Error: [Errno 13] Permission denied: '/data/shared/huggingface/hub/models--Qwen--Qwen3-8B/.no_exist/b968826d9c46dd6066d109eabc6255188de91218/model.safetensors'
Loading checkpoint shards:   0%|          | 0/5 [00:00<?, ?it/s]Loading checkpoint shards: 100%|██████████| 5/5 [00:00<00:00, 182.06it/s]
Token indices sequence length is longer than the specified maximum sequence length for this model (2429029 > 131072). Running this sequence through the model will result in indexing errors
  [Taylor Step 1/3] Gate calibration from attention stats...
    Layer  0: dist=[18, 2, 6, 20, 8, 14, 6, 7, 10, 4, 6, 7, 10, 18, 17, 5, 9, 11, 8, 8, 8, 12, 2, 7, 4, 26, 5, 26, 9, 19, 9, 8]
    Layer  1: dist=[12, 21, 14, 26, 2, 9, 17, 7, 25, 18, 32, 29, 18, 28, 28, 20, 17, 26, 31, 18, 28, 17, 21, 21, 26, 8, 25, 23, 41, 16, 20, 28]
    Layer  2: dist=[36, 36, 37, 32, 17, 27, 20, 24, 21, 24, 29, 33, 28, 25, 26, 34, 32, 26, 28, 22, 28, 36, 27, 27, 14, 14, 11, 19, 41, 42, 43, 41]
    Layer  3: dist=[40, 20, 9, 12, 49, 50, 46, 42, 30, 27, 33, 31, 49, 43, 42, 42, 35, 37, 29, 37, 42, 33, 32, 36, 35, 30, 29, 33, 39, 36, 40, 37]
    Layer  4: dist=[31, 35, 41, 36, 41, 33, 35, 48, 37, 38, 34, 34, 31, 31, 38, 35, 35, 37, 38, 39, 34, 35, 25, 34, 26, 32, 27, 21, 28, 33, 30, 30]
    Layer  5: dist=[23, 29, 30, 21, 36, 34, 29, 29, 4, 14, 40, 38, 31, 43, 32, 30, 23, 20, 28, 28, 29, 30, 27, 33, 38, 39, 43, 43, 26, 25, 29, 32]
    Layer  6: dist=[16, 22, 17, 17, 27, 24, 34, 32, 25, 12, 21, 20, 31, 34, 28, 16, 28, 20, 24, 23, 13, 18, 18, 8, 21, 24, 18, 28, 24, 25, 21, 27]
    Layer  7: dist=[31, 36, 33, 46, 63, 57, 63, 60, 45, 60, 53, 41, 54, 15, 30, 49, 42, 54, 44, 44, 54, 45, 58, 59, 34, 41, 25, 43, 49, 51, 49, 54]
    Layer  8: dist=[45, 46, 49, 29, 43, 41, 35, 44, 46, 52, 43, 48, 51, 43, 49, 36, 60, 56, 54, 51, 44, 54, 51, 57, 47, 37, 51, 36, 44, 38, 42, 44]
    Layer  9: dist=[40, 32, 31, 36, 45, 49, 48, 40, 62, 61, 60, 56, 14, 46, 32, 45, 49, 53, 59, 62, 44, 40, 35, 41, 61, 44, 49, 54, 62, 57, 63, 61]
    Layer 10: dist=[39, 39, 30, 39, 46, 55, 33, 41, 34, 45, 55, 26, 49, 36, 42, 44, 45, 53, 52, 50, 46, 31, 56, 51, 51, 56, 47, 43, 40, 39, 44, 47]
    Layer 11: dist=[33, 33, 47, 27, 29, 36, 43, 42, 52, 62, 57, 49, 44, 33, 38, 39, 39, 36, 33, 25, 42, 56, 46, 46, 39, 32, 36, 32, 49, 34, 31, 48]
    Layer 12: dist=[12, 40, 39, 33, 43, 46, 39, 36, 33, 36, 44, 44, 50, 45, 45, 49, 21, 38, 29, 44, 55, 54, 53, 56, 49, 1, 56, 23, 43, 45, 59, 49]
    Layer 13: dist=[29, 36, 39, 36, 31, 29, 35, 22, 47, 36, 52, 61, 64, 58, 55, 62, 46, 39, 31, 36, 47, 33, 44, 46, 44, 33, 40, 41, 58, 56, 49, 51]
    Layer 14: dist=[25, 35, 34, 24, 39, 24, 35, 33, 31, 32, 37, 37, 36, 40, 35, 36, 41, 46, 31, 35, 33, 17, 28, 42, 27, 38, 40, 38, 43, 44, 5, 48]
    Layer 15: dist=[45, 27, 43, 23, 20, 22, 41, 33, 48, 33, 26, 54, 37, 56, 41, 47, 33, 33, 34, 36, 33, 30, 27, 27, 27, 20, 41, 37, 38, 47, 38, 28]
    Layer 16: dist=[37, 32, 42, 47, 29, 35, 26, 31, 29, 45, 40, 43, 49, 35, 44, 47, 38, 41, 34, 35, 59, 60, 57, 54, 39, 28, 34, 6, 32, 33, 36, 32]
    Layer 17: dist=[58, 50, 41, 34, 28, 31, 22, 25, 44, 54, 42, 49, 23, 32, 39, 39, 24, 29, 32, 22, 39, 51, 49, 48, 30, 28, 31, 26, 29, 43, 47, 36]
    Layer 18: dist=[20, 27, 19, 18, 29, 37, 39, 30, 37, 40, 37, 45, 34, 34, 31, 35, 26, 41, 42, 28, 38, 28, 37, 52, 31, 35, 35, 36, 30, 29, 43, 31]
    Layer 19: dist=[39, 33, 35, 35, 43, 54, 30, 38, 40, 44, 41, 48, 35, 31, 40, 35, 44, 42, 26, 29, 10, 28, 18, 27, 52, 54, 52, 58, 44, 43, 41, 41]
    Layer 20: dist=[46, 39, 44, 40, 41, 27, 28, 31, 23, 21, 26, 21, 48, 42, 48, 50, 24, 28, 31, 21, 38, 57, 52, 51, 63, 51, 53, 44, 49, 43, 55, 55]
    Layer 21: dist=[26, 25, 30, 35, 58, 33, 53, 58, 61, 33, 39, 38, 26, 24, 25, 23, 39, 40, 45, 32, 47, 52, 48, 49, 35, 34, 32, 44, 38, 40, 34, 47]
    Layer 22: dist=[39, 32, 37, 33, 28, 38, 24, 30, 21, 27, 24, 35, 9, 46, 32, 35, 18, 40, 40, 23, 53, 59, 60, 61, 51, 44, 46, 48, 57, 47, 53, 50]
    Layer 24: dist=[40, 62, 57, 51, 50, 56, 54, 47, 52, 54, 52, 43, 41, 39, 47, 40, 42, 49, 44, 42, 60, 53, 52, 58, 31, 41, 39, 29, 50, 57, 51, 47]
    Layer 25: dist=[50, 60, 59, 49, 38, 38, 54, 42, 46, 52, 47, 48, 36, 45, 27, 37, 48, 50, 49, 45, 54, 56, 55, 55, 58, 56, 50, 55, 46, 61, 51, 45]
    Layer 26: dist=[43, 47, 57, 36, 59, 57, 59, 56, 52, 56, 53, 49, 52, 62, 60, 60, 43, 46, 53, 50, 53, 54, 60, 57, 53, 50, 54, 50, 58, 50, 59, 51]
    Layer 27: dist=[48, 55, 54, 59, 50, 53, 52, 44, 41, 52, 55, 52, 41, 56, 42, 45, 51, 53, 53, 53, 47, 56, 54, 44, 57, 59, 60, 60, 50, 44, 45, 60]
    Layer 28: dist=[53, 47, 54, 53, 41, 35, 40, 38, 52, 57, 47, 46, 57, 53, 48, 50, 57, 51, 53, 55, 59, 37, 32, 46, 47, 46, 50, 51, 46, 48, 35, 49]
    Layer 29: dist=[57, 58, 57, 58, 45, 56, 47, 58, 58, 57, 61, 54, 60, 61, 60, 61, 58, 56, 58, 60, 62, 61, 56, 62, 49, 59, 47, 49, 55, 51, 56, 56]
    Layer 30: dist=[40, 54, 51, 52, 53, 51, 48, 37, 60, 59, 58, 60, 53, 53, 57, 51, 52, 39, 61, 61, 29, 60, 53, 54, 60, 60, 61, 60, 55, 56, 54, 51]
    Layer 31: dist=[60, 58, 51, 49, 58, 59, 59, 59, 57, 41, 46, 47, 58, 59, 59, 58, 52, 53, 55, 48, 60, 59, 56, 59, 57, 56, 46, 60, 57, 55, 53, 57]
    Layer 32: dist=[56, 57, 58, 57, 58, 60, 59, 60, 56, 55, 59, 58, 48, 58, 54, 47, 58, 54, 54, 54, 62, 48, 57, 60, 36, 48, 44, 53, 58, 54, 51, 53]
    Layer 33: dist=[52, 61, 57, 60, 45, 52, 29, 47, 57, 58, 57, 58, 58, 59, 58, 59, 59, 59, 53, 56, 58, 49, 54, 57, 57, 59, 60, 59, 56, 56, 55, 53]
    Layer 34: dist=[56, 57, 58, 57, 55, 56, 55, 54, 25, 47, 54, 42, 58, 57, 60, 40, 42, 44, 62, 30, 58, 27, 59, 60, 61, 60, 62, 60, 26, 32, 35, 54]
    Layer 35: dist=[56, 62, 36, 50, 43, 19, 55, 48, 42, 51, 55, 49, 30, 17, 24, 22, 49, 45, 40, 27, 45, 52, 28, 27, 33, 27, 33, 35, 36, 57, 61, 58]

  [Taylor Step 2/3] OLS sigma per head (scaling V, streaming)...
    Layer  0: sigma=[0.257, 0.100, 0.100, 0.100, 0.196, 0.601, 0.100, 0.100, 0.100, 0.100, 0.140, 0.100, 0.100, 0.100, 0.100, 0.291, 0.100, 0.100, 0.100, 0.100, 0.100, 0.100, 0.100, 0.200, 0.100, 0.100, 0.579, 0.100, 0.252, 0.100, 0.100, 0.100]
    Layer  1: sigma=[0.279, 0.100, 0.100, 0.100, 0.100, 0.100, 0.100, 0.100, 0.100, 0.402, 0.278, 0.100, 0.100, 0.100, 0.100, 0.100, 0.100, 0.100, 0.100, 0.100, 0.100, 0.100, 0.100, 0.210, 0.100, 0.100, 0.176, 0.100, 0.100, 0.100, 0.100, 0.100]
    Layer  2: sigma=[0.152, 0.100, 0.100, 0.100, 0.100, 0.100, 0.100, 0.100, 0.159, 0.100, 0.100, 0.100, 0.100, 0.260, 0.100, 0.100, 0.100, 0.100, 0.100, 0.100, 0.100, 0.100, 0.100, 0.100, 0.100, 0.172, 0.100, 0.100, 0.100, 0.100, 0.100, 0.140]
    Layer  3: sigma=[0.100, 0.446, 0.100, 0.291, 0.100, 0.100, 0.100, 0.100, 0.100, 0.100, 0.100, 0.100, 0.100, 0.100, 0.100, 0.100, 0.100, 0.100, 0.125, 0.100, 0.100, 0.100, 0.100, 0.100, 0.100, 0.121, 0.109, 0.100, 0.100, 0.100, 0.100, 0.100]
    Layer  4: sigma=[0.100, 0.100, 0.100, 0.100, 0.100, 0.100, 0.100, 0.100, 0.100, 0.100, 0.100, 0.100, 0.100, 0.100, 0.100, 0.100, 0.100, 0.100, 0.100, 0.100, 0.100, 0.145, 0.312, 0.100, 0.100, 0.100, 0.100, 0.100, 0.100, 0.100, 0.100, 0.100]
    Layer  5: sigma=[0.100, 0.100, 0.116, 0.100, 0.100, 0.100, 0.100, 0.100, 0.100, 0.283, 0.100, 0.100, 0.100, 0.100, 0.100, 0.110, 0.100, 0.336, 0.100, 0.100, 0.100, 0.100, 0.100, 0.100, 0.100, 0.100, 0.100, 0.100, 0.100, 0.246, 0.100, 0.100]
    Layer  6: sigma=[0.100, 0.100, 0.160, 0.100, 0.115, 0.111, 0.100, 0.100, 0.100, 0.100, 0.100, 0.100, 0.100, 0.100, 0.100, 0.100, 0.100, 0.100, 0.100, 0.100, 0.238, 0.100, 0.100, 0.100, 0.100, 0.100, 0.104, 0.100, 0.100, 0.100, 0.100, 0.100]
    Layer  7: sigma=[0.100, 0.229, 0.100, 0.100, 0.121, 0.100, 0.100, 0.100, 0.100, 0.100, 0.100, 0.156, 0.100, 0.100, 0.100, 0.100, 0.100, 0.100, 0.100, 0.100, 0.100, 0.100, 0.100, 0.100, 0.100, 0.100, 0.100, 0.100, 0.100, 0.100, 0.100, 0.100]
    Layer  8: sigma=[0.100, 0.100, 0.100, 0.100, 0.100, 0.100, 0.100, 0.137, 0.100, 0.100, 0.100, 0.100, 0.100, 0.139, 0.100, 0.100, 0.100, 0.100, 0.100, 0.100, 0.100, 0.100, 0.100, 0.100, 0.100, 0.100, 0.100, 0.258, 0.100, 0.100, 0.100, 0.100]
    Layer  9: sigma=[0.100, 0.100, 0.125, 0.100, 0.100, 0.100, 0.100, 0.100, 0.100, 0.100, 0.100, 0.100, 0.100, 0.100, 0.754, 0.235, 0.100, 0.100, 0.100, 0.100, 0.139, 0.100, 0.111, 0.100, 0.100, 0.168, 0.100, 0.100, 0.100, 0.100, 0.100, 0.100]
    Layer 10: sigma=[0.100, 0.100, 0.100, 0.100, 0.100, 0.100, 0.100, 0.100, 0.126, 0.100, 0.100, 0.100, 0.100, 0.100, 0.100, 0.100, 0.100, 0.100, 0.100, 0.100, 0.100, 0.100, 0.100, 0.100, 0.100, 0.100, 0.100, 0.100, 0.100, 0.100, 0.111, 0.100]
    Layer 11: sigma=[0.100, 0.100, 0.100, 0.100, 0.232, 0.100, 0.167, 0.100, 0.100, 0.146, 0.100, 0.100, 0.141, 0.100, 0.282, 0.100, 0.100, 0.100, 0.100, 0.100, 0.100, 0.100, 0.100, 0.100, 0.100, 0.100, 0.247, 0.100, 0.100, 0.100, 0.103, 0.100]
    Layer 12: sigma=[0.100, 0.100, 0.100, 0.100, 0.100, 0.112, 0.100, 0.100, 0.100, 0.114, 0.100, 0.100, 0.100, 0.100, 0.100, 0.100, 0.100, 0.272, 0.506, 0.100, 0.100, 0.100, 0.100, 0.100, 0.100, 0.372, 0.100, 0.157, 0.100, 0.141, 0.138, 0.100]
    Layer 13: sigma=[0.240, 0.100, 0.100, 0.100, 0.100, 0.100, 0.100, 0.104, 0.100, 0.124, 0.123, 0.100, 0.100, 0.100, 0.100, 0.100, 0.100, 0.100, 0.100, 0.100, 0.100, 0.100, 0.100, 0.100, 0.100, 0.100, 0.100, 0.100, 0.100, 0.100, 0.100, 0.100]
    Layer 14: sigma=[0.100, 0.100, 0.110, 0.100, 0.100, 0.419, 0.100, 0.156, 0.100, 0.100, 0.100, 0.100, 0.100, 0.165, 0.100, 0.100, 0.100, 0.100, 0.153, 0.140, 0.100, 0.100, 0.100, 0.100, 0.100, 0.163, 0.100, 0.139, 0.100, 0.100, 0.141, 0.100]
    Layer 15: sigma=[0.100, 0.213, 0.100, 0.107, 0.229, 0.106, 0.100, 0.100, 0.100, 0.100, 0.100, 0.106, 0.265, 0.100, 0.100, 0.100, 0.100, 0.100, 0.100, 0.143, 0.100, 0.100, 0.100, 0.100, 0.252, 0.283, 0.100, 0.100, 0.100, 0.100, 0.100, 0.100]
    Layer 16: sigma=[0.369, 0.100, 0.100, 0.100, 0.100, 0.100, 0.100, 0.100, 0.100, 0.100, 0.100, 0.100, 0.100, 0.100, 0.100, 0.100, 0.100, 0.100, 0.100, 0.100, 0.100, 0.100, 0.100, 0.100, 0.100, 0.177, 0.100, 0.100, 0.100, 0.100, 0.100, 0.100]
    Layer 17: sigma=[0.100, 0.100, 0.100, 0.100, 0.100, 0.529, 0.100, 0.103, 0.113, 0.100, 0.100, 0.100, 0.100, 0.100, 0.100, 0.100, 0.259, 0.102, 0.100, 0.383, 0.100, 0.100, 0.100, 0.100, 0.100, 0.100, 0.436, 0.122, 0.100, 0.100, 0.100, 0.100]
    Layer 18: sigma=[0.100, 0.633, 0.100, 0.100, 0.100, 0.230, 0.100, 0.100, 0.100, 0.100, 0.100, 0.100, 0.100, 0.100, 0.100, 0.100, 0.547, 0.100, 0.100, 0.100, 0.100, 0.100, 0.100, 0.100, 0.100, 0.100, 0.100, 0.100, 0.100, 0.100, 0.100, 0.100]
    Layer 19: sigma=[0.100, 0.100, 0.100, 0.100, 0.100, 0.100, 0.180, 0.100, 0.100, 0.100, 0.100, 0.100, 0.253, 0.100, 0.100, 0.147, 0.100, 0.100, 0.100, 0.433, 0.100, 0.100, 0.100, 0.100, 0.100, 0.100, 0.100, 0.100, 0.100, 0.100, 0.100, 0.100]
    Layer 20: sigma=[0.100, 0.100, 0.176, 0.100, 0.100, 0.277, 0.100, 0.100, 0.100, 0.100, 0.100, 0.100, 0.100, 0.100, 0.100, 0.113, 0.212, 0.100, 0.100, 0.100, 0.100, 0.100, 0.100, 0.100, 0.100, 0.100, 0.100, 0.100, 0.100, 0.100, 0.100, 0.100]
    Layer 21: sigma=[0.114, 0.100, 0.100, 0.143, 0.100, 0.100, 0.100, 0.100, 0.100, 0.100, 0.100, 0.409, 0.100, 0.100, 0.100, 0.100, 0.100, 0.100, 0.100, 0.166, 0.100, 0.100, 0.100, 0.100, 0.100, 0.100, 0.100, 0.100, 0.100, 0.100, 0.290, 0.138]
    Layer 22: sigma=[0.169, 0.100, 0.100, 0.100, 0.154, 0.101, 0.107, 0.266, 0.194, 0.100, 0.100, 0.100, 0.100, 0.100, 0.100, 0.100, 0.100, 0.100, 0.100, 0.111, 0.100, 0.100, 0.100, 0.100, 0.100, 0.100, 0.100, 0.100, 0.100, 0.100, 0.100, 0.100]
    Layer 24: sigma=[0.100, 0.100, 0.100, 0.100, 0.100, 0.100, 0.100, 0.100, 0.105, 0.100, 0.100, 0.100, 0.100, 0.100, 0.100, 0.213, 0.100, 0.100, 0.100, 0.100, 0.100, 0.100, 0.100, 0.100, 0.349, 0.333, 0.345, 0.232, 0.100, 0.100, 0.100, 0.100]
    Layer 25: sigma=[0.100, 0.100, 0.100, 0.100, 0.100, 0.100, 0.100, 0.100, 0.100, 0.100, 0.100, 0.100, 0.100, 0.100, 0.100, 0.100, 0.100, 0.100, 0.100, 0.100, 0.100, 0.100, 0.100, 0.100, 0.100, 0.100, 0.100, 0.100, 0.100, 0.100, 0.100, 0.100]
    Layer 26: sigma=[0.100, 0.100, 0.100, 0.100, 0.100, 0.100, 0.100, 0.100, 0.100, 0.100, 0.100, 0.100, 0.100, 0.100, 0.100, 0.121, 0.100, 0.100, 0.100, 0.100, 0.100, 0.100, 0.100, 0.100, 0.100, 0.100, 0.100, 0.100, 0.100, 0.100, 0.100, 0.100]
    Layer 27: sigma=[0.100, 0.100, 0.100, 0.100, 0.100, 0.100, 0.100, 0.100, 0.100, 0.100, 0.100, 0.100, 0.100, 0.100, 0.100, 0.100, 0.100, 0.100, 0.100, 0.100, 0.100, 0.100, 0.100, 0.100, 0.100, 0.100, 0.100, 0.100, 0.100, 0.245, 0.100, 0.100]
    Layer 28: sigma=[0.100, 0.100, 0.100, 0.100, 0.100, 0.115, 0.100, 0.133, 0.100, 0.100, 0.100, 0.100, 0.100, 0.100, 0.100, 0.100, 0.100, 0.100, 0.100, 0.100, 0.100, 0.100, 0.100, 0.100, 0.100, 0.100, 0.100, 0.100, 0.100, 0.100, 0.100, 0.100]
    Layer 29: sigma=[0.100, 0.100, 0.100, 0.100, 0.100, 0.100, 0.100, 0.100, 0.100, 0.100, 0.100, 0.100, 0.100, 0.100, 0.100, 0.100, 0.100, 0.100, 0.100, 0.100, 0.100, 0.100, 0.100, 0.100, 0.100, 0.100, 0.100, 0.100, 0.100, 0.100, 0.100, 0.100]
    Layer 30: sigma=[0.100, 0.100, 0.100, 0.100, 0.100, 0.100, 0.100, 0.100, 0.100, 0.100, 0.100, 0.100, 0.100, 0.100, 0.100, 0.100, 0.144, 0.100, 0.100, 0.100, 0.100, 0.100, 0.100, 0.100, 0.100, 0.100, 0.100, 0.100, 0.100, 0.100, 0.100, 0.100]
    Layer 31: sigma=[0.100, 0.100, 0.100, 0.100, 0.100, 0.100, 0.100, 0.100, 0.100, 0.100, 0.100, 0.100, 0.100, 0.100, 0.100, 0.100, 0.100, 0.100, 0.100, 0.100, 0.100, 0.100, 0.100, 0.100, 0.100, 0.100, 0.100, 0.100, 0.100, 0.100, 0.100, 0.100]
    Layer 32: sigma=[0.100, 0.100, 0.100, 0.100, 0.100, 0.100, 0.100, 0.100, 0.100, 0.100, 0.100, 0.100, 0.100, 0.100, 0.100, 0.100, 0.100, 0.100, 0.100, 0.100, 0.100, 0.100, 0.100, 0.100, 0.100, 0.100, 0.100, 0.100, 0.100, 0.100, 0.100, 0.100]
    Layer 33: sigma=[0.100, 0.100, 0.100, 0.100, 0.100, 0.100, 0.160, 0.100, 0.100, 0.100, 0.100, 0.100, 0.100, 0.100, 0.100, 0.100, 0.100, 0.100, 0.100, 0.100, 0.100, 0.100, 0.100, 0.100, 0.100, 0.100, 0.100, 0.100, 0.100, 0.100, 0.100, 0.100]
    Layer 34: sigma=[0.100, 0.100, 0.100, 0.100, 0.100, 0.100, 0.100, 0.100, 0.100, 0.100, 0.100, 0.100, 0.100, 0.100, 0.100, 0.100, 0.100, 0.100, 0.100, 0.100, 0.100, 0.100, 0.100, 0.100, 0.100, 0.100, 0.100, 0.100, 0.100, 0.100, 0.100, 0.100]
    Layer 35: sigma=[0.100, 0.100, 0.100, 0.100, 0.109, 0.100, 0.100, 0.100, 0.100, 0.100, 0.100, 0.100, 0.100, 0.100, 0.100, 0.100, 0.100, 0.100, 0.100, 0.100, 0.100, 0.100, 0.206, 0.100, 0.100, 0.100, 0.100, 0.100, 0.100, 0.100, 0.100, 0.100]

  [Taylor Step 3/3] g_proj = v_proj * alpha (damping=0.01)...
    Layer  0: alpha=0.068902  teacher_rms=0.0168  v_rms=0.0024
    Layer  1: alpha=0.058091  teacher_rms=0.0216  v_rms=0.0037
    Layer  2: alpha=0.054749  teacher_rms=0.0222  v_rms=0.0041
    Layer  3: alpha=0.041839  teacher_rms=0.0261  v_rms=0.0062
    Layer  4: alpha=0.049192  teacher_rms=0.0316  v_rms=0.0064
    Layer  5: alpha=0.052435  teacher_rms=0.0412  v_rms=0.0079
    Layer  6: alpha=0.075202  teacher_rms=0.0646  v_rms=0.0086
    Layer  7: alpha=0.041134  teacher_rms=0.0510  v_rms=0.0124
    Layer  8: alpha=0.042216  teacher_rms=0.0695  v_rms=0.0165
    Layer  9: alpha=0.026806  teacher_rms=0.0701  v_rms=0.0262
    Layer 10: alpha=0.049138  teacher_rms=0.1071  v_rms=0.0218
    Layer 11: alpha=0.053052  teacher_rms=0.1038  v_rms=0.0196
    Layer 12: alpha=0.044415  teacher_rms=0.1177  v_rms=0.0265
    Layer 13: alpha=0.054821  teacher_rms=0.1013  v_rms=0.0185
    Layer 14: alpha=0.055566  teacher_rms=0.1546  v_rms=0.0278
    Layer 15: alpha=0.047350  teacher_rms=0.1546  v_rms=0.0327
    Layer 16: alpha=0.038588  teacher_rms=0.1446  v_rms=0.0375
    Layer 17: alpha=0.034342  teacher_rms=0.1762  v_rms=0.0513
    Layer 18: alpha=0.031859  teacher_rms=0.1919  v_rms=0.0602
    Layer 19: alpha=0.047824  teacher_rms=0.2023  v_rms=0.0423
    Layer 20: alpha=0.051143  teacher_rms=0.1938  v_rms=0.0379
    Layer 21: alpha=0.044104  teacher_rms=0.2301  v_rms=0.0522
    Layer 22: alpha=0.053144  teacher_rms=0.2755  v_rms=0.0518
    Layer 24: alpha=0.030110  teacher_rms=0.2864  v_rms=0.0951
    Layer 25: alpha=0.038418  teacher_rms=0.2261  v_rms=0.0589
    Layer 26: alpha=0.027159  teacher_rms=0.1994  v_rms=0.0734
    Layer 27: alpha=0.032149  teacher_rms=0.2900  v_rms=0.0902
    Layer 28: alpha=0.040200  teacher_rms=0.3530  v_rms=0.0878
    Layer 29: alpha=0.016275  teacher_rms=0.2479  v_rms=0.1523
    Layer 30: alpha=0.025374  teacher_rms=0.3921  v_rms=0.1545
    Layer 31: alpha=0.018626  teacher_rms=0.3452  v_rms=0.1853
    Layer 32: alpha=0.021930  teacher_rms=0.5106  v_rms=0.2328
    Layer 33: alpha=0.016245  teacher_rms=0.5964  v_rms=0.3671
    Layer 34: alpha=0.031180  teacher_rms=1.0165  v_rms=0.3260
    Layer 35: alpha=0.056069  teacher_rms=1.0378  v_rms=0.1851

  Set g_proj = v_proj * alpha in 35 GDN layers (damping=0.01).
  Init (taylor_distill) done in 439.0s
  Layer 23: PPL = 1051.47  (eval 19.4s)

============================================================
  Probing layer 24 | strategy=taylor_distill
============================================================
Loading checkpoint shards:   0%|          | 0/4 [00:00<?, ?it/s]Loading checkpoint shards: 100%|██████████| 4/4 [00:00<00:00, 147.35it/s]
Could not cache non-existence of file. Will ignore error and continue. Error: [Errno 13] Permission denied: '/data/shared/huggingface/hub/models--Qwen--Qwen3-8B/.no_exist/b968826d9c46dd6066d109eabc6255188de91218/model.safetensors'
Loading checkpoint shards:   0%|          | 0/5 [00:00<?, ?it/s]Loading checkpoint shards: 100%|██████████| 5/5 [00:00<00:00, 188.69it/s]
Token indices sequence length is longer than the specified maximum sequence length for this model (2429029 > 131072). Running this sequence through the model will result in indexing errors
  [Taylor Step 1/3] Gate calibration from attention stats...
    Layer  0: dist=[18, 2, 6, 20, 8, 14, 6, 7, 10, 4, 6, 7, 10, 18, 17, 5, 9, 11, 8, 8, 8, 12, 2, 7, 4, 26, 5, 26, 9, 19, 9, 8]
    Layer  1: dist=[12, 21, 14, 26, 2, 9, 17, 7, 25, 18, 32, 29, 18, 28, 28, 20, 17, 26, 31, 18, 28, 17, 21, 21, 26, 8, 25, 23, 41, 16, 20, 28]
    Layer  2: dist=[36, 36, 37, 32, 17, 27, 20, 24, 21, 24, 29, 33, 28, 25, 26, 34, 32, 26, 28, 22, 28, 36, 27, 27, 14, 14, 11, 19, 41, 42, 43, 41]
    Layer  3: dist=[40, 20, 9, 12, 49, 50, 46, 42, 30, 27, 33, 31, 49, 43, 42, 42, 35, 37, 29, 37, 42, 33, 32, 36, 35, 30, 29, 33, 39, 36, 40, 37]
    Layer  4: dist=[31, 35, 41, 36, 41, 33, 35, 48, 37, 38, 34, 34, 31, 31, 38, 35, 35, 37, 38, 39, 34, 35, 25, 34, 26, 32, 27, 21, 28, 33, 30, 30]
    Layer  5: dist=[23, 29, 30, 21, 36, 34, 29, 29, 4, 14, 40, 38, 31, 43, 32, 30, 23, 20, 28, 28, 29, 30, 27, 33, 38, 39, 43, 43, 26, 25, 29, 32]
    Layer  6: dist=[16, 22, 17, 17, 27, 24, 34, 32, 25, 12, 21, 20, 31, 34, 28, 16, 28, 20, 24, 23, 13, 18, 18, 8, 21, 24, 18, 28, 24, 25, 21, 27]
    Layer  7: dist=[31, 36, 33, 46, 63, 57, 63, 60, 45, 60, 53, 41, 54, 15, 30, 49, 42, 54, 44, 44, 54, 45, 58, 59, 34, 41, 25, 43, 49, 51, 49, 54]
    Layer  8: dist=[45, 46, 49, 29, 43, 41, 35, 44, 46, 52, 43, 48, 51, 43, 49, 36, 60, 56, 54, 51, 44, 54, 51, 57, 47, 37, 51, 36, 44, 38, 42, 44]
    Layer  9: dist=[40, 32, 31, 36, 45, 49, 48, 40, 62, 61, 60, 56, 14, 46, 32, 45, 49, 53, 59, 62, 44, 40, 35, 41, 61, 44, 49, 54, 62, 57, 63, 61]
    Layer 10: dist=[39, 39, 30, 39, 46, 55, 33, 41, 34, 45, 55, 26, 49, 36, 42, 44, 45, 53, 52, 50, 46, 31, 56, 51, 51, 56, 47, 43, 40, 39, 44, 47]
    Layer 11: dist=[33, 33, 47, 27, 29, 36, 43, 42, 52, 62, 57, 49, 44, 33, 38, 39, 39, 36, 33, 25, 42, 56, 46, 46, 39, 32, 36, 32, 49, 34, 31, 48]
    Layer 12: dist=[12, 40, 39, 33, 43, 46, 39, 36, 33, 36, 44, 44, 50, 45, 45, 49, 21, 38, 29, 44, 55, 54, 53, 56, 49, 1, 56, 23, 43, 45, 59, 49]
    Layer 13: dist=[29, 36, 39, 36, 31, 29, 35, 22, 47, 36, 52, 61, 64, 58, 55, 62, 46, 39, 31, 36, 47, 33, 44, 46, 44, 33, 40, 41, 58, 56, 49, 51]
    Layer 14: dist=[25, 35, 34, 24, 39, 24, 35, 33, 31, 32, 37, 37, 36, 40, 35, 36, 41, 46, 31, 35, 33, 17, 28, 42, 27, 38, 40, 38, 43, 44, 5, 48]
    Layer 15: dist=[45, 27, 43, 23, 20, 22, 41, 33, 48, 33, 26, 54, 37, 56, 41, 47, 33, 33, 34, 36, 33, 30, 27, 27, 27, 20, 41, 37, 38, 47, 38, 28]
    Layer 16: dist=[37, 32, 42, 47, 29, 35, 26, 31, 29, 45, 40, 43, 49, 35, 44, 47, 38, 41, 34, 35, 59, 60, 57, 54, 39, 28, 34, 6, 32, 33, 36, 32]
    Layer 17: dist=[58, 50, 41, 34, 28, 31, 22, 25, 44, 54, 42, 49, 23, 32, 39, 39, 24, 29, 32, 22, 39, 51, 49, 48, 30, 28, 31, 26, 29, 43, 47, 36]
    Layer 18: dist=[20, 27, 19, 18, 29, 37, 39, 30, 37, 40, 37, 45, 34, 34, 31, 35, 26, 41, 42, 28, 38, 28, 37, 52, 31, 35, 35, 36, 30, 29, 43, 31]
    Layer 19: dist=[39, 33, 35, 35, 43, 54, 30, 38, 40, 44, 41, 48, 35, 31, 40, 35, 44, 42, 26, 29, 10, 28, 18, 27, 52, 54, 52, 58, 44, 43, 41, 41]
    Layer 20: dist=[46, 39, 44, 40, 41, 27, 28, 31, 23, 21, 26, 21, 48, 42, 48, 50, 24, 28, 31, 21, 38, 57, 52, 51, 63, 51, 53, 44, 49, 43, 55, 55]
    Layer 21: dist=[26, 25, 30, 35, 58, 33, 53, 58, 61, 33, 39, 38, 26, 24, 25, 23, 39, 40, 45, 32, 47, 52, 48, 49, 35, 34, 32, 44, 38, 40, 34, 47]
    Layer 22: dist=[39, 32, 37, 33, 28, 38, 24, 30, 21, 27, 24, 35, 9, 46, 32, 35, 18, 40, 40, 23, 53, 59, 60, 61, 51, 44, 46, 48, 57, 47, 53, 50]
    Layer 23: dist=[22, 18, 26, 22, 55, 55, 22, 50, 41, 20, 24, 31, 37, 36, 41, 39, 41, 38, 42, 48, 41, 46, 42, 40, 41, 39, 37, 51, 47, 44, 44, 39]
    Layer 25: dist=[50, 60, 59, 49, 38, 38, 54, 42, 46, 52, 47, 48, 36, 45, 27, 37, 48, 50, 49, 45, 54, 56, 55, 55, 58, 56, 50, 55, 46, 61, 51, 45]
    Layer 26: dist=[43, 47, 57, 36, 59, 57, 59, 56, 52, 56, 53, 49, 52, 62, 60, 60, 43, 46, 53, 50, 53, 54, 60, 57, 53, 50, 54, 50, 58, 50, 59, 51]
    Layer 27: dist=[48, 55, 54, 59, 50, 53, 52, 44, 41, 52, 55, 52, 41, 56, 42, 45, 51, 53, 53, 53, 47, 56, 54, 44, 57, 59, 60, 60, 50, 44, 45, 60]
    Layer 28: dist=[53, 47, 54, 53, 41, 35, 40, 38, 52, 57, 47, 46, 57, 53, 48, 50, 57, 51, 53, 55, 59, 37, 32, 46, 47, 46, 50, 51, 46, 48, 35, 49]
    Layer 29: dist=[57, 58, 57, 58, 45, 56, 47, 58, 58, 57, 61, 54, 60, 61, 60, 61, 58, 56, 58, 60, 62, 61, 56, 62, 49, 59, 47, 49, 55, 51, 56, 56]
    Layer 30: dist=[40, 54, 51, 52, 53, 51, 48, 37, 60, 59, 58, 60, 53, 53, 57, 51, 52, 39, 61, 61, 29, 60, 53, 54, 60, 60, 61, 60, 55, 56, 54, 51]
    Layer 31: dist=[60, 58, 51, 49, 58, 59, 59, 59, 57, 41, 46, 47, 58, 59, 59, 58, 52, 53, 55, 48, 60, 59, 56, 59, 57, 56, 46, 60, 57, 55, 53, 57]
    Layer 32: dist=[56, 57, 58, 57, 58, 60, 59, 60, 56, 55, 59, 58, 48, 58, 54, 47, 58, 54, 54, 54, 62, 48, 57, 60, 36, 48, 44, 53, 58, 54, 51, 53]
    Layer 33: dist=[52, 61, 57, 60, 45, 52, 29, 47, 57, 58, 57, 58, 58, 59, 58, 59, 59, 59, 53, 56, 58, 49, 54, 57, 57, 59, 60, 59, 56, 56, 55, 53]
    Layer 34: dist=[56, 57, 58, 57, 55, 56, 55, 54, 25, 47, 54, 42, 58, 57, 60, 40, 42, 44, 62, 30, 58, 27, 59, 60, 61, 60, 62, 60, 26, 32, 35, 54]
    Layer 35: dist=[56, 62, 36, 50, 43, 19, 55, 48, 42, 51, 55, 49, 30, 17, 24, 22, 49, 45, 40, 27, 45, 52, 28, 27, 33, 27, 33, 35, 36, 57, 61, 58]

  [Taylor Step 2/3] OLS sigma per head (scaling V, streaming)...
    Layer  0: sigma=[0.255, 0.100, 0.100, 0.100, 0.198, 0.600, 0.100, 0.100, 0.100, 0.100, 0.141, 0.100, 0.100, 0.100, 0.100, 0.290, 0.100, 0.100, 0.100, 0.100, 0.100, 0.100, 0.100, 0.200, 0.100, 0.100, 0.577, 0.100, 0.251, 0.100, 0.100, 0.100]
    Layer  1: sigma=[0.278, 0.100, 0.100, 0.100, 0.100, 0.100, 0.100, 0.100, 0.100, 0.404, 0.275, 0.100, 0.100, 0.100, 0.100, 0.100, 0.100, 0.100, 0.100, 0.100, 0.100, 0.100, 0.100, 0.209, 0.100, 0.100, 0.180, 0.100, 0.100, 0.100, 0.100, 0.100]
    Layer  2: sigma=[0.151, 0.100, 0.100, 0.100, 0.100, 0.100, 0.100, 0.100, 0.161, 0.100, 0.100, 0.100, 0.100, 0.258, 0.100, 0.100, 0.100, 0.100, 0.100, 0.100, 0.100, 0.100, 0.100, 0.100, 0.100, 0.177, 0.100, 0.100, 0.100, 0.100, 0.100, 0.138]
    Layer  3: sigma=[0.100, 0.452, 0.100, 0.283, 0.100, 0.100, 0.100, 0.100, 0.100, 0.100, 0.100, 0.100, 0.100, 0.100, 0.100, 0.100, 0.100, 0.100, 0.121, 0.100, 0.100, 0.100, 0.100, 0.100, 0.100, 0.120, 0.111, 0.100, 0.100, 0.100, 0.100, 0.100]
    Layer  4: sigma=[0.100, 0.100, 0.100, 0.100, 0.100, 0.100, 0.100, 0.100, 0.100, 0.100, 0.100, 0.100, 0.100, 0.100, 0.100, 0.100, 0.100, 0.100, 0.100, 0.100, 0.100, 0.146, 0.316, 0.100, 0.100, 0.100, 0.100, 0.100, 0.100, 0.100, 0.100, 0.100]
    Layer  5: sigma=[0.100, 0.100, 0.115, 0.100, 0.100, 0.100, 0.100, 0.101, 0.100, 0.263, 0.100, 0.107, 0.100, 0.100, 0.100, 0.111, 0.100, 0.331, 0.100, 0.100, 0.100, 0.100, 0.100, 0.100, 0.100, 0.100, 0.100, 0.100, 0.100, 0.246, 0.100, 0.100]
    Layer  6: sigma=[0.100, 0.100, 0.158, 0.100, 0.112, 0.114, 0.100, 0.100, 0.100, 0.100, 0.100, 0.100, 0.100, 0.100, 0.100, 0.100, 0.100, 0.100, 0.100, 0.100, 0.238, 0.100, 0.100, 0.100, 0.100, 0.100, 0.103, 0.100, 0.100, 0.100, 0.100, 0.100]
    Layer  7: sigma=[0.100, 0.238, 0.100, 0.100, 0.135, 0.100, 0.100, 0.100, 0.100, 0.100, 0.100, 0.167, 0.100, 0.100, 0.100, 0.100, 0.100, 0.100, 0.100, 0.100, 0.100, 0.100, 0.100, 0.100, 0.100, 0.100, 0.100, 0.100, 0.100, 0.100, 0.100, 0.100]
    Layer  8: sigma=[0.100, 0.100, 0.100, 0.100, 0.100, 0.100, 0.100, 0.113, 0.100, 0.100, 0.100, 0.100, 0.100, 0.123, 0.100, 0.100, 0.100, 0.100, 0.100, 0.100, 0.100, 0.100, 0.100, 0.100, 0.100, 0.100, 0.100, 0.307, 0.100, 0.100, 0.100, 0.100]
    Layer  9: sigma=[0.100, 0.100, 0.125, 0.100, 0.100, 0.100, 0.100, 0.100, 0.100, 0.100, 0.100, 0.100, 0.100, 0.100, 0.727, 0.223, 0.100, 0.100, 0.100, 0.100, 0.140, 0.100, 0.100, 0.100, 0.100, 0.167, 0.100, 0.100, 0.100, 0.100, 0.100, 0.100]
    Layer 10: sigma=[0.100, 0.100, 0.100, 0.100, 0.100, 0.100, 0.100, 0.100, 0.147, 0.100, 0.100, 0.100, 0.100, 0.100, 0.100, 0.100, 0.100, 0.100, 0.100, 0.100, 0.100, 0.100, 0.100, 0.100, 0.100, 0.100, 0.100, 0.100, 0.105, 0.100, 0.106, 0.100]
    Layer 11: sigma=[0.100, 0.100, 0.100, 0.100, 0.219, 0.100, 0.166, 0.100, 0.100, 0.143, 0.100, 0.100, 0.148, 0.100, 0.317, 0.100, 0.100, 0.100, 0.100, 0.100, 0.100, 0.100, 0.100, 0.100, 0.100, 0.100, 0.254, 0.100, 0.100, 0.100, 0.100, 0.100]
    Layer 12: sigma=[0.100, 0.100, 0.100, 0.100, 0.100, 0.109, 0.100, 0.100, 0.100, 0.117, 0.100, 0.100, 0.100, 0.100, 0.100, 0.100, 0.100, 0.263, 0.451, 0.100, 0.100, 0.100, 0.100, 0.100, 0.100, 0.376, 0.100, 0.131, 0.100, 0.140, 0.138, 0.100]
    Layer 13: sigma=[0.260, 0.100, 0.100, 0.100, 0.100, 0.100, 0.100, 0.110, 0.100, 0.122, 0.123, 0.100, 0.100, 0.100, 0.100, 0.100, 0.100, 0.100, 0.100, 0.100, 0.100, 0.100, 0.100, 0.100, 0.100, 0.100, 0.100, 0.100, 0.100, 0.100, 0.100, 0.100]
    Layer 14: sigma=[0.100, 0.100, 0.100, 0.100, 0.100, 0.425, 0.100, 0.190, 0.100, 0.100, 0.100, 0.100, 0.100, 0.195, 0.100, 0.100, 0.100, 0.100, 0.185, 0.131, 0.100, 0.100, 0.100, 0.100, 0.100, 0.142, 0.100, 0.133, 0.100, 0.100, 0.154, 0.100]
    Layer 15: sigma=[0.100, 0.210, 0.100, 0.107, 0.264, 0.110, 0.100, 0.100, 0.100, 0.100, 0.100, 0.100, 0.264, 0.100, 0.100, 0.100, 0.100, 0.100, 0.100, 0.143, 0.100, 0.100, 0.100, 0.100, 0.299, 0.285, 0.100, 0.100, 0.100, 0.100, 0.100, 0.100]
    Layer 16: sigma=[0.337, 0.100, 0.100, 0.100, 0.100, 0.100, 0.100, 0.100, 0.100, 0.100, 0.100, 0.100, 0.100, 0.100, 0.100, 0.100, 0.100, 0.100, 0.100, 0.100, 0.100, 0.100, 0.100, 0.100, 0.100, 0.193, 0.100, 0.100, 0.100, 0.100, 0.100, 0.100]
    Layer 17: sigma=[0.100, 0.100, 0.100, 0.100, 0.100, 0.493, 0.100, 0.112, 0.109, 0.100, 0.100, 0.100, 0.100, 0.100, 0.100, 0.100, 0.399, 0.142, 0.100, 0.341, 0.100, 0.100, 0.100, 0.100, 0.100, 0.100, 0.401, 0.118, 0.100, 0.100, 0.100, 0.100]
    Layer 18: sigma=[0.100, 0.663, 0.100, 0.100, 0.100, 0.201, 0.100, 0.116, 0.100, 0.100, 0.100, 0.100, 0.100, 0.100, 0.100, 0.100, 0.527, 0.100, 0.100, 0.100, 0.100, 0.100, 0.100, 0.100, 0.100, 0.100, 0.100, 0.100, 0.100, 0.100, 0.100, 0.100]
    Layer 19: sigma=[0.100, 0.100, 0.100, 0.100, 0.100, 0.100, 0.226, 0.100, 0.100, 0.100, 0.100, 0.100, 0.251, 0.100, 0.100, 0.138, 0.100, 0.100, 0.100, 0.425, 0.100, 0.100, 0.100, 0.100, 0.100, 0.100, 0.100, 0.100, 0.100, 0.100, 0.100, 0.100]
    Layer 20: sigma=[0.100, 0.100, 0.196, 0.100, 0.100, 0.241, 0.141, 0.100, 0.100, 0.100, 0.100, 0.100, 0.100, 0.100, 0.100, 0.101, 0.215, 0.100, 0.100, 0.100, 0.116, 0.100, 0.100, 0.100, 0.100, 0.100, 0.100, 0.100, 0.100, 0.100, 0.100, 0.100]
    Layer 21: sigma=[0.100, 0.100, 0.100, 0.146, 0.100, 0.100, 0.100, 0.100, 0.100, 0.100, 0.100, 0.358, 0.100, 0.100, 0.199, 0.100, 0.100, 0.100, 0.100, 0.127, 0.100, 0.100, 0.100, 0.100, 0.100, 0.100, 0.100, 0.100, 0.100, 0.100, 0.358, 0.124]
    Layer 22: sigma=[0.189, 0.100, 0.100, 0.100, 0.150, 0.126, 0.111, 0.352, 0.248, 0.100, 0.100, 0.100, 0.100, 0.100, 0.100, 0.100, 0.100, 0.100, 0.100, 0.130, 0.100, 0.100, 0.100, 0.100, 0.100, 0.100, 0.100, 0.100, 0.100, 0.100, 0.100, 0.100]
    Layer 23: sigma=[0.190, 0.149, 0.148, 0.100, 0.101, 0.100, 0.221, 0.100, 0.100, 0.100, 0.100, 0.100, 0.100, 0.100, 0.100, 0.100, 0.100, 0.100, 0.100, 0.100, 0.100, 0.100, 0.100, 0.100, 0.100, 0.100, 0.100, 0.100, 0.100, 0.211, 0.196, 0.125]
    Layer 25: sigma=[0.100, 0.100, 0.100, 0.100, 0.100, 0.100, 0.100, 0.100, 0.100, 0.100, 0.100, 0.100, 0.100, 0.100, 0.100, 0.100, 0.100, 0.100, 0.100, 0.100, 0.100, 0.100, 0.100, 0.100, 0.100, 0.100, 0.100, 0.100, 0.100, 0.100, 0.100, 0.100]
    Layer 26: sigma=[0.100, 0.100, 0.100, 0.100, 0.100, 0.100, 0.100, 0.100, 0.100, 0.100, 0.100, 0.100, 0.100, 0.100, 0.100, 0.135, 0.100, 0.100, 0.100, 0.100, 0.100, 0.100, 0.100, 0.100, 0.100, 0.100, 0.100, 0.100, 0.100, 0.100, 0.100, 0.100]
    Layer 27: sigma=[0.100, 0.100, 0.100, 0.100, 0.100, 0.100, 0.100, 0.100, 0.100, 0.100, 0.100, 0.100, 0.100, 0.100, 0.100, 0.100, 0.100, 0.100, 0.100, 0.100, 0.100, 0.100, 0.100, 0.100, 0.100, 0.100, 0.100, 0.100, 0.100, 0.209, 0.100, 0.100]
    Layer 28: sigma=[0.100, 0.100, 0.100, 0.100, 0.100, 0.134, 0.100, 0.132, 0.100, 0.100, 0.100, 0.100, 0.100, 0.100, 0.100, 0.100, 0.100, 0.100, 0.100, 0.100, 0.100, 0.100, 0.100, 0.100, 0.100, 0.100, 0.100, 0.100, 0.100, 0.100, 0.100, 0.100]
    Layer 29: sigma=[0.100, 0.100, 0.100, 0.100, 0.100, 0.100, 0.100, 0.100, 0.100, 0.100, 0.100, 0.100, 0.100, 0.100, 0.100, 0.100, 0.100, 0.100, 0.100, 0.100, 0.100, 0.100, 0.100, 0.100, 0.100, 0.100, 0.100, 0.100, 0.100, 0.100, 0.100, 0.100]
    Layer 30: sigma=[0.100, 0.100, 0.100, 0.100, 0.100, 0.100, 0.100, 0.100, 0.100, 0.100, 0.100, 0.100, 0.100, 0.100, 0.100, 0.100, 0.100, 0.100, 0.100, 0.100, 0.100, 0.100, 0.100, 0.100, 0.100, 0.100, 0.100, 0.100, 0.100, 0.100, 0.100, 0.100]
    Layer 31: sigma=[0.100, 0.100, 0.100, 0.100, 0.100, 0.100, 0.100, 0.100, 0.100, 0.100, 0.100, 0.100, 0.100, 0.100, 0.100, 0.100, 0.100, 0.100, 0.100, 0.100, 0.100, 0.100, 0.100, 0.100, 0.100, 0.100, 0.100, 0.100, 0.100, 0.100, 0.100, 0.100]
    Layer 32: sigma=[0.100, 0.100, 0.100, 0.100, 0.100, 0.100, 0.100, 0.100, 0.100, 0.100, 0.100, 0.100, 0.100, 0.100, 0.100, 0.100, 0.100, 0.100, 0.100, 0.100, 0.100, 0.100, 0.100, 0.100, 0.100, 0.100, 0.100, 0.100, 0.100, 0.100, 0.100, 0.100]
    Layer 33: sigma=[0.100, 0.100, 0.100, 0.100, 0.100, 0.100, 0.181, 0.100, 0.100, 0.100, 0.100, 0.100, 0.100, 0.100, 0.100, 0.100, 0.100, 0.100, 0.100, 0.100, 0.100, 0.100, 0.100, 0.100, 0.100, 0.100, 0.100, 0.100, 0.100, 0.100, 0.100, 0.100]
    Layer 34: sigma=[0.100, 0.100, 0.100, 0.100, 0.100, 0.100, 0.100, 0.100, 0.100, 0.100, 0.100, 0.100, 0.100, 0.100, 0.100, 0.100, 0.100, 0.100, 0.100, 0.100, 0.100, 0.100, 0.100, 0.100, 0.100, 0.100, 0.100, 0.100, 0.100, 0.100, 0.100, 0.100]
    Layer 35: sigma=[0.100, 0.100, 0.100, 0.100, 0.113, 0.100, 0.100, 0.100, 0.100, 0.100, 0.100, 0.100, 0.100, 0.100, 0.100, 0.100, 0.100, 0.100, 0.100, 0.100, 0.100, 0.100, 0.165, 0.100, 0.100, 0.100, 0.100, 0.100, 0.100, 0.100, 0.100, 0.100]

  [Taylor Step 3/3] g_proj = v_proj * alpha (damping=0.01)...
    Layer  0: alpha=0.069046  teacher_rms=0.0168  v_rms=0.0024
    Layer  1: alpha=0.058080  teacher_rms=0.0216  v_rms=0.0037
    Layer  2: alpha=0.054703  teacher_rms=0.0222  v_rms=0.0041
    Layer  3: alpha=0.041851  teacher_rms=0.0261  v_rms=0.0062
    Layer  4: alpha=0.049086  teacher_rms=0.0316  v_rms=0.0064
    Layer  5: alpha=0.052918  teacher_rms=0.0412  v_rms=0.0078
    Layer  6: alpha=0.075243  teacher_rms=0.0646  v_rms=0.0086
    Layer  7: alpha=0.040539  teacher_rms=0.0510  v_rms=0.0126
    Layer  8: alpha=0.041080  teacher_rms=0.0695  v_rms=0.0169
    Layer  9: alpha=0.027532  teacher_rms=0.0701  v_rms=0.0255
    Layer 10: alpha=0.048793  teacher_rms=0.1071  v_rms=0.0219
    Layer 11: alpha=0.052124  teacher_rms=0.1038  v_rms=0.0199
    Layer 12: alpha=0.046163  teacher_rms=0.1177  v_rms=0.0255
    Layer 13: alpha=0.054058  teacher_rms=0.1013  v_rms=0.0187
    Layer 14: alpha=0.054198  teacher_rms=0.1546  v_rms=0.0285
    Layer 15: alpha=0.046506  teacher_rms=0.1546  v_rms=0.0332
    Layer 16: alpha=0.039084  teacher_rms=0.1446  v_rms=0.0370
    Layer 17: alpha=0.034968  teacher_rms=0.1762  v_rms=0.0504
    Layer 18: alpha=0.031119  teacher_rms=0.1919  v_rms=0.0617
    Layer 19: alpha=0.047412  teacher_rms=0.2023  v_rms=0.0427
    Layer 20: alpha=0.051695  teacher_rms=0.1938  v_rms=0.0375
    Layer 21: alpha=0.043913  teacher_rms=0.2301  v_rms=0.0524
    Layer 22: alpha=0.048863  teacher_rms=0.2755  v_rms=0.0564
    Layer 23: alpha=0.051642  teacher_rms=0.3026  v_rms=0.0586
    Layer 25: alpha=0.038418  teacher_rms=0.2261  v_rms=0.0589
    Layer 26: alpha=0.026974  teacher_rms=0.1994  v_rms=0.0739
    Layer 27: alpha=0.032871  teacher_rms=0.2900  v_rms=0.0882
    Layer 28: alpha=0.039969  teacher_rms=0.3530  v_rms=0.0883
    Layer 29: alpha=0.016275  teacher_rms=0.2479  v_rms=0.1523
    Layer 30: alpha=0.025867  teacher_rms=0.3921  v_rms=0.1516
    Layer 31: alpha=0.018626  teacher_rms=0.3452  v_rms=0.1853
    Layer 32: alpha=0.021930  teacher_rms=0.5106  v_rms=0.2328
    Layer 33: alpha=0.016194  teacher_rms=0.5964  v_rms=0.3683
    Layer 34: alpha=0.031180  teacher_rms=1.0165  v_rms=0.3260
    Layer 35: alpha=0.057113  teacher_rms=1.0378  v_rms=0.1817

  Set g_proj = v_proj * alpha in 35 GDN layers (damping=0.01).
  Init (taylor_distill) done in 337.7s
  Layer 24: PPL = 915.59  (eval 19.0s)

============================================================
  Probing layer 25 | strategy=taylor_distill
============================================================
Loading checkpoint shards:   0%|          | 0/4 [00:00<?, ?it/s]Loading checkpoint shards: 100%|██████████| 4/4 [00:00<00:00, 153.19it/s]
Could not cache non-existence of file. Will ignore error and continue. Error: [Errno 13] Permission denied: '/data/shared/huggingface/hub/models--Qwen--Qwen3-8B/.no_exist/b968826d9c46dd6066d109eabc6255188de91218/model.safetensors'
Loading checkpoint shards:   0%|          | 0/5 [00:00<?, ?it/s]Loading checkpoint shards: 100%|██████████| 5/5 [00:00<00:00, 182.84it/s]
Token indices sequence length is longer than the specified maximum sequence length for this model (2429029 > 131072). Running this sequence through the model will result in indexing errors
  [Taylor Step 1/3] Gate calibration from attention stats...
    Layer  0: dist=[18, 2, 6, 20, 8, 14, 6, 7, 10, 4, 6, 7, 10, 18, 17, 5, 9, 11, 8, 8, 8, 12, 2, 7, 4, 26, 5, 26, 9, 19, 9, 8]
    Layer  1: dist=[12, 21, 14, 26, 2, 9, 17, 7, 25, 18, 32, 29, 18, 28, 28, 20, 17, 26, 31, 18, 28, 17, 21, 21, 26, 8, 25, 23, 41, 16, 20, 28]
    Layer  2: dist=[36, 36, 37, 32, 17, 27, 20, 24, 21, 24, 29, 33, 28, 25, 26, 34, 32, 26, 28, 22, 28, 36, 27, 27, 14, 14, 11, 19, 41, 42, 43, 41]
    Layer  3: dist=[40, 20, 9, 12, 49, 50, 46, 42, 30, 27, 33, 31, 49, 43, 42, 42, 35, 37, 29, 37, 42, 33, 32, 36, 35, 30, 29, 33, 39, 36, 40, 37]
    Layer  4: dist=[31, 35, 41, 36, 41, 33, 35, 48, 37, 38, 34, 34, 31, 31, 38, 35, 35, 37, 38, 39, 34, 35, 25, 34, 26, 32, 27, 21, 28, 33, 30, 30]
    Layer  5: dist=[23, 29, 30, 21, 36, 34, 29, 29, 4, 14, 40, 38, 31, 43, 32, 30, 23, 20, 28, 28, 29, 30, 27, 33, 38, 39, 43, 43, 26, 25, 29, 32]
    Layer  6: dist=[16, 22, 17, 17, 27, 24, 34, 32, 25, 12, 21, 20, 31, 34, 28, 16, 28, 20, 24, 23, 13, 18, 18, 8, 21, 24, 18, 28, 24, 25, 21, 27]
    Layer  7: dist=[31, 36, 33, 46, 63, 57, 63, 60, 45, 60, 53, 41, 54, 15, 30, 49, 42, 54, 44, 44, 54, 45, 58, 59, 34, 41, 25, 43, 49, 51, 49, 54]
    Layer  8: dist=[45, 46, 49, 29, 43, 41, 35, 44, 46, 52, 43, 48, 51, 43, 49, 36, 60, 56, 54, 51, 44, 54, 51, 57, 47, 37, 51, 36, 44, 38, 42, 44]
    Layer  9: dist=[40, 32, 31, 36, 45, 49, 48, 40, 62, 61, 60, 56, 14, 46, 32, 45, 49, 53, 59, 62, 44, 40, 35, 41, 61, 44, 49, 54, 62, 57, 63, 61]
    Layer 10: dist=[39, 39, 30, 39, 46, 55, 33, 41, 34, 45, 55, 26, 49, 36, 42, 44, 45, 53, 52, 50, 46, 31, 56, 51, 51, 56, 47, 43, 40, 39, 44, 47]
    Layer 11: dist=[33, 33, 47, 27, 29, 36, 43, 42, 52, 62, 57, 49, 44, 33, 38, 39, 39, 36, 33, 25, 42, 56, 46, 46, 39, 32, 36, 32, 49, 34, 31, 48]
    Layer 12: dist=[12, 40, 39, 33, 43, 46, 39, 36, 33, 36, 44, 44, 50, 45, 45, 49, 21, 38, 29, 44, 55, 54, 53, 56, 49, 1, 56, 23, 43, 45, 59, 49]
    Layer 13: dist=[29, 36, 39, 36, 31, 29, 35, 22, 47, 36, 52, 61, 64, 58, 55, 62, 46, 39, 31, 36, 47, 33, 44, 46, 44, 33, 40, 41, 58, 56, 49, 51]
    Layer 14: dist=[25, 35, 34, 24, 39, 24, 35, 33, 31, 32, 37, 37, 36, 40, 35, 36, 41, 46, 31, 35, 33, 17, 28, 42, 27, 38, 40, 38, 43, 44, 5, 48]
    Layer 15: dist=[45, 27, 43, 23, 20, 22, 41, 33, 48, 33, 26, 54, 37, 56, 41, 47, 33, 33, 34, 36, 33, 30, 27, 27, 27, 20, 41, 37, 38, 47, 38, 28]
    Layer 16: dist=[37, 32, 42, 47, 29, 35, 26, 31, 29, 45, 40, 43, 49, 35, 44, 47, 38, 41, 34, 35, 59, 60, 57, 54, 39, 28, 34, 6, 32, 33, 36, 32]
    Layer 17: dist=[58, 50, 41, 34, 28, 31, 22, 25, 44, 54, 42, 49, 23, 32, 39, 39, 24, 29, 32, 22, 39, 51, 49, 48, 30, 28, 31, 26, 29, 43, 47, 36]
    Layer 18: dist=[20, 27, 19, 18, 29, 37, 39, 30, 37, 40, 37, 45, 34, 34, 31, 35, 26, 41, 42, 28, 38, 28, 37, 52, 31, 35, 35, 36, 30, 29, 43, 31]
    Layer 19: dist=[39, 33, 35, 35, 43, 54, 30, 38, 40, 44, 41, 48, 35, 31, 40, 35, 44, 42, 26, 29, 10, 28, 18, 27, 52, 54, 52, 58, 44, 43, 41, 41]
    Layer 20: dist=[46, 39, 44, 40, 41, 27, 28, 31, 23, 21, 26, 21, 48, 42, 48, 50, 24, 28, 31, 21, 38, 57, 52, 51, 63, 51, 53, 44, 49, 43, 55, 55]
    Layer 21: dist=[26, 25, 30, 35, 58, 33, 53, 58, 61, 33, 39, 38, 26, 24, 25, 23, 39, 40, 45, 32, 47, 52, 48, 49, 35, 34, 32, 44, 38, 40, 34, 47]
    Layer 22: dist=[39, 32, 37, 33, 28, 38, 24, 30, 21, 27, 24, 35, 9, 46, 32, 35, 18, 40, 40, 23, 53, 59, 60, 61, 51, 44, 46, 48, 57, 47, 53, 50]
    Layer 23: dist=[22, 18, 26, 22, 55, 55, 22, 50, 41, 20, 24, 31, 37, 36, 41, 39, 41, 38, 42, 48, 41, 46, 42, 40, 41, 39, 37, 51, 47, 44, 44, 39]
    Layer 24: dist=[40, 62, 57, 51, 50, 56, 54, 47, 52, 54, 52, 43, 41, 39, 47, 40, 42, 49, 44, 42, 60, 53, 52, 58, 31, 41, 39, 29, 50, 57, 51, 47]
    Layer 26: dist=[43, 47, 57, 36, 59, 57, 59, 56, 52, 56, 53, 49, 52, 62, 60, 60, 43, 46, 53, 50, 53, 54, 60, 57, 53, 50, 54, 50, 58, 50, 59, 51]
    Layer 27: dist=[48, 55, 54, 59, 50, 53, 52, 44, 41, 52, 55, 52, 41, 56, 42, 45, 51, 53, 53, 53, 47, 56, 54, 44, 57, 59, 60, 60, 50, 44, 45, 60]
    Layer 28: dist=[53, 47, 54, 53, 41, 35, 40, 38, 52, 57, 47, 46, 57, 53, 48, 50, 57, 51, 53, 55, 59, 37, 32, 46, 47, 46, 50, 51, 46, 48, 35, 49]
    Layer 29: dist=[57, 58, 57, 58, 45, 56, 47, 58, 58, 57, 61, 54, 60, 61, 60, 61, 58, 56, 58, 60, 62, 61, 56, 62, 49, 59, 47, 49, 55, 51, 56, 56]
    Layer 30: dist=[40, 54, 51, 52, 53, 51, 48, 37, 60, 59, 58, 60, 53, 53, 57, 51, 52, 39, 61, 61, 29, 60, 53, 54, 60, 60, 61, 60, 55, 56, 54, 51]
    Layer 31: dist=[60, 58, 51, 49, 58, 59, 59, 59, 57, 41, 46, 47, 58, 59, 59, 58, 52, 53, 55, 48, 60, 59, 56, 59, 57, 56, 46, 60, 57, 55, 53, 57]
    Layer 32: dist=[56, 57, 58, 57, 58, 60, 59, 60, 56, 55, 59, 58, 48, 58, 54, 47, 58, 54, 54, 54, 62, 48, 57, 60, 36, 48, 44, 53, 58, 54, 51, 53]
    Layer 33: dist=[52, 61, 57, 60, 45, 52, 29, 47, 57, 58, 57, 58, 58, 59, 58, 59, 59, 59, 53, 56, 58, 49, 54, 57, 57, 59, 60, 59, 56, 56, 55, 53]
    Layer 34: dist=[56, 57, 58, 57, 55, 56, 55, 54, 25, 47, 54, 42, 58, 57, 60, 40, 42, 44, 62, 30, 58, 27, 59, 60, 61, 60, 62, 60, 26, 32, 35, 54]
    Layer 35: dist=[56, 62, 36, 50, 43, 19, 55, 48, 42, 51, 55, 49, 30, 17, 24, 22, 49, 45, 40, 27, 45, 52, 28, 27, 33, 27, 33, 35, 36, 57, 61, 58]

  [Taylor Step 2/3] OLS sigma per head (scaling V, streaming)...
    Layer  0: sigma=[0.256, 0.100, 0.100, 0.100, 0.198, 0.600, 0.100, 0.100, 0.100, 0.100, 0.141, 0.100, 0.100, 0.100, 0.100, 0.290, 0.100, 0.100, 0.100, 0.100, 0.100, 0.100, 0.100, 0.199, 0.100, 0.100, 0.578, 0.100, 0.254, 0.100, 0.100, 0.100]
    Layer  1: sigma=[0.280, 0.100, 0.100, 0.100, 0.100, 0.100, 0.100, 0.100, 0.100, 0.398, 0.276, 0.100, 0.100, 0.100, 0.100, 0.100, 0.100, 0.100, 0.100, 0.100, 0.100, 0.100, 0.100, 0.209, 0.100, 0.100, 0.179, 0.100, 0.100, 0.100, 0.100, 0.100]
    Layer  2: sigma=[0.152, 0.100, 0.100, 0.100, 0.100, 0.100, 0.100, 0.100, 0.159, 0.100, 0.100, 0.100, 0.100, 0.254, 0.100, 0.100, 0.100, 0.100, 0.100, 0.100, 0.100, 0.100, 0.100, 0.100, 0.100, 0.175, 0.100, 0.100, 0.100, 0.100, 0.100, 0.140]
    Layer  3: sigma=[0.100, 0.450, 0.100, 0.290, 0.100, 0.100, 0.100, 0.100, 0.100, 0.100, 0.100, 0.100, 0.100, 0.100, 0.100, 0.100, 0.100, 0.100, 0.120, 0.100, 0.100, 0.100, 0.100, 0.100, 0.100, 0.124, 0.108, 0.100, 0.100, 0.100, 0.100, 0.100]
    Layer  4: sigma=[0.100, 0.100, 0.100, 0.100, 0.100, 0.100, 0.100, 0.100, 0.100, 0.100, 0.100, 0.100, 0.100, 0.100, 0.100, 0.100, 0.100, 0.100, 0.100, 0.100, 0.100, 0.144, 0.313, 0.100, 0.100, 0.100, 0.100, 0.100, 0.100, 0.100, 0.100, 0.100]
    Layer  5: sigma=[0.100, 0.100, 0.116, 0.100, 0.100, 0.100, 0.100, 0.101, 0.100, 0.268, 0.100, 0.103, 0.100, 0.100, 0.100, 0.110, 0.100, 0.337, 0.100, 0.100, 0.100, 0.100, 0.100, 0.100, 0.100, 0.100, 0.100, 0.100, 0.100, 0.245, 0.100, 0.100]
    Layer  6: sigma=[0.100, 0.100, 0.168, 0.100, 0.119, 0.113, 0.100, 0.100, 0.100, 0.100, 0.100, 0.100, 0.100, 0.100, 0.100, 0.100, 0.100, 0.100, 0.100, 0.100, 0.238, 0.100, 0.100, 0.100, 0.100, 0.100, 0.101, 0.100, 0.100, 0.100, 0.100, 0.100]
    Layer  7: sigma=[0.100, 0.238, 0.100, 0.100, 0.125, 0.100, 0.100, 0.100, 0.100, 0.100, 0.100, 0.151, 0.100, 0.100, 0.100, 0.100, 0.100, 0.100, 0.100, 0.100, 0.100, 0.100, 0.100, 0.100, 0.100, 0.100, 0.100, 0.100, 0.100, 0.100, 0.100, 0.100]
    Layer  8: sigma=[0.100, 0.100, 0.100, 0.100, 0.100, 0.100, 0.100, 0.124, 0.100, 0.100, 0.100, 0.100, 0.100, 0.132, 0.100, 0.100, 0.100, 0.100, 0.100, 0.100, 0.100, 0.100, 0.100, 0.100, 0.100, 0.100, 0.100, 0.283, 0.100, 0.100, 0.100, 0.100]
    Layer  9: sigma=[0.100, 0.100, 0.125, 0.100, 0.100, 0.100, 0.100, 0.100, 0.100, 0.100, 0.100, 0.100, 0.100, 0.100, 0.789, 0.222, 0.100, 0.100, 0.100, 0.100, 0.158, 0.100, 0.100, 0.100, 0.100, 0.162, 0.100, 0.100, 0.100, 0.100, 0.100, 0.100]
    Layer 10: sigma=[0.100, 0.100, 0.100, 0.100, 0.100, 0.100, 0.100, 0.100, 0.132, 0.100, 0.100, 0.100, 0.100, 0.100, 0.100, 0.100, 0.100, 0.100, 0.100, 0.100, 0.100, 0.100, 0.100, 0.100, 0.100, 0.100, 0.100, 0.100, 0.106, 0.100, 0.102, 0.100]
    Layer 11: sigma=[0.100, 0.100, 0.100, 0.100, 0.209, 0.100, 0.169, 0.100, 0.100, 0.135, 0.100, 0.100, 0.144, 0.100, 0.292, 0.100, 0.100, 0.100, 0.100, 0.100, 0.100, 0.100, 0.100, 0.100, 0.100, 0.100, 0.247, 0.100, 0.100, 0.100, 0.101, 0.100]
    Layer 12: sigma=[0.100, 0.100, 0.100, 0.100, 0.100, 0.120, 0.100, 0.100, 0.100, 0.121, 0.100, 0.100, 0.100, 0.100, 0.100, 0.100, 0.100, 0.293, 0.382, 0.100, 0.100, 0.100, 0.100, 0.100, 0.100, 0.360, 0.100, 0.119, 0.100, 0.139, 0.137, 0.100]
    Layer 13: sigma=[0.249, 0.100, 0.100, 0.100, 0.100, 0.100, 0.100, 0.117, 0.100, 0.112, 0.127, 0.100, 0.100, 0.100, 0.100, 0.100, 0.100, 0.100, 0.100, 0.100, 0.100, 0.100, 0.100, 0.100, 0.100, 0.100, 0.100, 0.100, 0.100, 0.100, 0.100, 0.100]
    Layer 14: sigma=[0.100, 0.100, 0.119, 0.100, 0.100, 0.476, 0.100, 0.203, 0.100, 0.100, 0.100, 0.100, 0.100, 0.161, 0.100, 0.100, 0.100, 0.100, 0.157, 0.100, 0.100, 0.100, 0.100, 0.100, 0.100, 0.156, 0.100, 0.140, 0.100, 0.100, 0.135, 0.100]
    Layer 15: sigma=[0.100, 0.229, 0.100, 0.116, 0.235, 0.111, 0.100, 0.100, 0.100, 0.100, 0.100, 0.100, 0.250, 0.100, 0.100, 0.100, 0.100, 0.100, 0.103, 0.150, 0.100, 0.100, 0.100, 0.100, 0.271, 0.287, 0.100, 0.100, 0.100, 0.100, 0.100, 0.100]
    Layer 16: sigma=[0.332, 0.100, 0.100, 0.100, 0.100, 0.100, 0.100, 0.100, 0.100, 0.100, 0.100, 0.100, 0.100, 0.100, 0.100, 0.100, 0.100, 0.100, 0.100, 0.100, 0.100, 0.100, 0.100, 0.100, 0.100, 0.161, 0.100, 0.100, 0.100, 0.100, 0.100, 0.100]
    Layer 17: sigma=[0.100, 0.100, 0.100, 0.100, 0.100, 0.448, 0.100, 0.100, 0.106, 0.100, 0.100, 0.100, 0.100, 0.100, 0.100, 0.100, 0.335, 0.172, 0.100, 0.415, 0.100, 0.100, 0.100, 0.100, 0.105, 0.100, 0.379, 0.118, 0.100, 0.100, 0.100, 0.100]
    Layer 18: sigma=[0.100, 0.705, 0.100, 0.100, 0.100, 0.220, 0.100, 0.100, 0.100, 0.100, 0.100, 0.100, 0.100, 0.100, 0.100, 0.100, 0.422, 0.100, 0.100, 0.100, 0.100, 0.100, 0.100, 0.100, 0.100, 0.100, 0.100, 0.100, 0.100, 0.100, 0.100, 0.100]
    Layer 19: sigma=[0.100, 0.100, 0.100, 0.100, 0.100, 0.100, 0.177, 0.100, 0.100, 0.100, 0.100, 0.100, 0.334, 0.100, 0.100, 0.151, 0.100, 0.100, 0.100, 0.389, 0.100, 0.100, 0.100, 0.100, 0.100, 0.100, 0.100, 0.100, 0.100, 0.100, 0.100, 0.101]
    Layer 20: sigma=[0.100, 0.100, 0.170, 0.100, 0.100, 0.243, 0.148, 0.100, 0.100, 0.100, 0.100, 0.100, 0.100, 0.100, 0.100, 0.110, 0.205, 0.107, 0.100, 0.100, 0.100, 0.100, 0.100, 0.100, 0.100, 0.100, 0.100, 0.100, 0.100, 0.100, 0.100, 0.100]
    Layer 21: sigma=[0.100, 0.100, 0.100, 0.113, 0.100, 0.100, 0.100, 0.100, 0.100, 0.100, 0.100, 0.330, 0.100, 0.100, 0.119, 0.100, 0.100, 0.100, 0.100, 0.120, 0.100, 0.100, 0.100, 0.100, 0.100, 0.100, 0.100, 0.100, 0.100, 0.100, 0.357, 0.127]
    Layer 22: sigma=[0.187, 0.100, 0.100, 0.100, 0.166, 0.153, 0.122, 0.247, 0.225, 0.158, 0.100, 0.100, 0.107, 0.100, 0.100, 0.100, 0.100, 0.100, 0.100, 0.116, 0.100, 0.100, 0.100, 0.100, 0.100, 0.100, 0.100, 0.100, 0.100, 0.100, 0.100, 0.100]
    Layer 23: sigma=[0.186, 0.144, 0.213, 0.100, 0.100, 0.100, 0.206, 0.100, 0.100, 0.100, 0.100, 0.100, 0.100, 0.100, 0.100, 0.100, 0.100, 0.100, 0.100, 0.100, 0.100, 0.100, 0.100, 0.100, 0.100, 0.100, 0.100, 0.100, 0.100, 0.197, 0.265, 0.134]
    Layer 24: sigma=[0.100, 0.100, 0.100, 0.100, 0.100, 0.100, 0.100, 0.100, 0.205, 0.100, 0.100, 0.100, 0.100, 0.100, 0.100, 0.245, 0.100, 0.100, 0.100, 0.110, 0.100, 0.100, 0.100, 0.100, 0.197, 0.316, 0.122, 0.242, 0.100, 0.100, 0.100, 0.100]
    Layer 26: sigma=[0.100, 0.112, 0.100, 0.100, 0.100, 0.100, 0.100, 0.100, 0.100, 0.100, 0.100, 0.100, 0.100, 0.100, 0.100, 0.102, 0.100, 0.100, 0.100, 0.100, 0.100, 0.100, 0.100, 0.100, 0.100, 0.100, 0.100, 0.100, 0.100, 0.100, 0.100, 0.100]
    Layer 27: sigma=[0.100, 0.100, 0.100, 0.100, 0.100, 0.100, 0.100, 0.100, 0.100, 0.100, 0.100, 0.100, 0.100, 0.100, 0.100, 0.100, 0.100, 0.100, 0.100, 0.100, 0.100, 0.100, 0.100, 0.100, 0.100, 0.100, 0.100, 0.100, 0.100, 0.175, 0.100, 0.100]
    Layer 28: sigma=[0.100, 0.100, 0.100, 0.100, 0.100, 0.163, 0.100, 0.279, 0.100, 0.100, 0.100, 0.100, 0.100, 0.100, 0.100, 0.100, 0.100, 0.100, 0.100, 0.100, 0.100, 0.100, 0.100, 0.100, 0.100, 0.100, 0.100, 0.100, 0.100, 0.100, 0.100, 0.100]
    Layer 29: sigma=[0.100, 0.100, 0.100, 0.100, 0.100, 0.100, 0.100, 0.100, 0.100, 0.100, 0.100, 0.100, 0.100, 0.100, 0.100, 0.100, 0.100, 0.100, 0.100, 0.100, 0.100, 0.100, 0.100, 0.100, 0.100, 0.100, 0.100, 0.100, 0.100, 0.100, 0.100, 0.100]
    Layer 30: sigma=[0.100, 0.100, 0.100, 0.100, 0.100, 0.100, 0.100, 0.100, 0.100, 0.100, 0.100, 0.100, 0.100, 0.100, 0.100, 0.100, 0.100, 0.100, 0.100, 0.100, 0.100, 0.100, 0.100, 0.100, 0.100, 0.100, 0.100, 0.100, 0.100, 0.100, 0.100, 0.100]
    Layer 31: sigma=[0.100, 0.100, 0.100, 0.100, 0.100, 0.100, 0.100, 0.100, 0.100, 0.100, 0.100, 0.100, 0.100, 0.100, 0.100, 0.100, 0.100, 0.100, 0.100, 0.100, 0.100, 0.100, 0.100, 0.100, 0.100, 0.100, 0.100, 0.100, 0.100, 0.100, 0.100, 0.100]
    Layer 32: sigma=[0.100, 0.100, 0.100, 0.100, 0.100, 0.100, 0.100, 0.100, 0.100, 0.100, 0.100, 0.100, 0.100, 0.100, 0.100, 0.100, 0.100, 0.100, 0.100, 0.100, 0.100, 0.100, 0.100, 0.100, 0.100, 0.100, 0.100, 0.100, 0.100, 0.100, 0.100, 0.100]
    Layer 33: sigma=[0.100, 0.100, 0.100, 0.100, 0.100, 0.100, 0.100, 0.100, 0.100, 0.100, 0.100, 0.100, 0.100, 0.100, 0.100, 0.100, 0.100, 0.100, 0.100, 0.100, 0.100, 0.100, 0.100, 0.100, 0.100, 0.100, 0.100, 0.100, 0.100, 0.100, 0.100, 0.100]
    Layer 34: sigma=[0.100, 0.100, 0.100, 0.100, 0.100, 0.100, 0.100, 0.100, 0.100, 0.100, 0.100, 0.100, 0.100, 0.100, 0.100, 0.100, 0.100, 0.100, 0.100, 0.100, 0.100, 0.100, 0.100, 0.100, 0.100, 0.100, 0.100, 0.100, 0.100, 0.100, 0.100, 0.100]
    Layer 35: sigma=[0.100, 0.100, 0.100, 0.100, 0.154, 0.100, 0.100, 0.100, 0.100, 0.100, 0.100, 0.100, 0.100, 0.100, 0.100, 0.100, 0.100, 0.100, 0.100, 0.100, 0.100, 0.100, 0.159, 0.100, 0.100, 0.100, 0.100, 0.100, 0.100, 0.100, 0.100, 0.100]

  [Taylor Step 3/3] g_proj = v_proj * alpha (damping=0.01)...
    Layer  0: alpha=0.068939  teacher_rms=0.0168  v_rms=0.0024
    Layer  1: alpha=0.058229  teacher_rms=0.0216  v_rms=0.0037
    Layer  2: alpha=0.054902  teacher_rms=0.0222  v_rms=0.0041
    Layer  3: alpha=0.041760  teacher_rms=0.0261  v_rms=0.0063
    Layer  4: alpha=0.049198  teacher_rms=0.0316  v_rms=0.0064
    Layer  5: alpha=0.052736  teacher_rms=0.0412  v_rms=0.0078
    Layer  6: alpha=0.074914  teacher_rms=0.0646  v_rms=0.0086
    Layer  7: alpha=0.040893  teacher_rms=0.0510  v_rms=0.0125
    Layer  8: alpha=0.041670  teacher_rms=0.0695  v_rms=0.0167
    Layer  9: alpha=0.026123  teacher_rms=0.0701  v_rms=0.0268
    Layer 10: alpha=0.049061  teacher_rms=0.1071  v_rms=0.0218
    Layer 11: alpha=0.053352  teacher_rms=0.1038  v_rms=0.0195
    Layer 12: alpha=0.047849  teacher_rms=0.1177  v_rms=0.0246
    Layer 13: alpha=0.054266  teacher_rms=0.1013  v_rms=0.0187
    Layer 14: alpha=0.053939  teacher_rms=0.1546  v_rms=0.0287
    Layer 15: alpha=0.046771  teacher_rms=0.1546  v_rms=0.0331
    Layer 16: alpha=0.039680  teacher_rms=0.1446  v_rms=0.0364
    Layer 17: alpha=0.035903  teacher_rms=0.1762  v_rms=0.0491
    Layer 18: alpha=0.030402  teacher_rms=0.1919  v_rms=0.0631
    Layer 19: alpha=0.046312  teacher_rms=0.2023  v_rms=0.0437
    Layer 20: alpha=0.052042  teacher_rms=0.1938  v_rms=0.0372
    Layer 21: alpha=0.045835  teacher_rms=0.2301  v_rms=0.0502
    Layer 22: alpha=0.050769  teacher_rms=0.2755  v_rms=0.0543
    Layer 23: alpha=0.049917  teacher_rms=0.3026  v_rms=0.0606
    Layer 24: alpha=0.033557  teacher_rms=0.2864  v_rms=0.0853
    Layer 26: alpha=0.027276  teacher_rms=0.1994  v_rms=0.0731
    Layer 27: alpha=0.033461  teacher_rms=0.2900  v_rms=0.0867
    Layer 28: alpha=0.036729  teacher_rms=0.3530  v_rms=0.0961
    Layer 29: alpha=0.016275  teacher_rms=0.2479  v_rms=0.1523
    Layer 30: alpha=0.025867  teacher_rms=0.3921  v_rms=0.1516
    Layer 31: alpha=0.018626  teacher_rms=0.3452  v_rms=0.1853
    Layer 32: alpha=0.021930  teacher_rms=0.5106  v_rms=0.2328
    Layer 33: alpha=0.016345  teacher_rms=0.5964  v_rms=0.3649
    Layer 34: alpha=0.031180  teacher_rms=1.0165  v_rms=0.3260
    Layer 35: alpha=0.056440  teacher_rms=1.0378  v_rms=0.1839

  Set g_proj = v_proj * alpha in 35 GDN layers (damping=0.01).
  Init (taylor_distill) done in 339.0s
  Layer 25: PPL = 1062.41  (eval 19.1s)

============================================================
  Probing layer 26 | strategy=taylor_distill
============================================================
Loading checkpoint shards:   0%|          | 0/4 [00:00<?, ?it/s]Loading checkpoint shards: 100%|██████████| 4/4 [00:00<00:00, 148.25it/s]
Could not cache non-existence of file. Will ignore error and continue. Error: [Errno 13] Permission denied: '/data/shared/huggingface/hub/models--Qwen--Qwen3-8B/.no_exist/b968826d9c46dd6066d109eabc6255188de91218/model.safetensors'
Loading checkpoint shards:   0%|          | 0/5 [00:00<?, ?it/s]Loading checkpoint shards:  80%|████████  | 4/5 [00:00<00:00, 35.39it/s]Loading checkpoint shards: 100%|██████████| 5/5 [00:00<00:00, 42.38it/s]
Token indices sequence length is longer than the specified maximum sequence length for this model (2429029 > 131072). Running this sequence through the model will result in indexing errors
  [Taylor Step 1/3] Gate calibration from attention stats...
    Layer  0: dist=[18, 2, 6, 20, 8, 14, 6, 7, 10, 4, 6, 7, 10, 18, 17, 5, 9, 11, 8, 8, 8, 12, 2, 7, 4, 26, 5, 26, 9, 19, 9, 8]
    Layer  1: dist=[12, 21, 14, 26, 2, 9, 17, 7, 25, 18, 32, 29, 18, 28, 28, 20, 17, 26, 31, 18, 28, 17, 21, 21, 26, 8, 25, 23, 41, 16, 20, 28]
    Layer  2: dist=[36, 36, 37, 32, 17, 27, 20, 24, 21, 24, 29, 33, 28, 25, 26, 34, 32, 26, 28, 22, 28, 36, 27, 27, 14, 14, 11, 19, 41, 42, 43, 41]
    Layer  3: dist=[40, 20, 9, 12, 49, 50, 46, 42, 30, 27, 33, 31, 49, 43, 42, 42, 35, 37, 29, 37, 42, 33, 32, 36, 35, 30, 29, 33, 39, 36, 40, 37]
    Layer  4: dist=[31, 35, 41, 36, 41, 33, 35, 48, 37, 38, 34, 34, 31, 31, 38, 35, 35, 37, 38, 39, 34, 35, 25, 34, 26, 32, 27, 21, 28, 33, 30, 30]
    Layer  5: dist=[23, 29, 30, 21, 36, 34, 29, 29, 4, 14, 40, 38, 31, 43, 32, 30, 23, 20, 28, 28, 29, 30, 27, 33, 38, 39, 43, 43, 26, 25, 29, 32]
    Layer  6: dist=[16, 22, 17, 17, 27, 24, 34, 32, 25, 12, 21, 20, 31, 34, 28, 16, 28, 20, 24, 23, 13, 18, 18, 8, 21, 24, 18, 28, 24, 25, 21, 27]
    Layer  7: dist=[31, 36, 33, 46, 63, 57, 63, 60, 45, 60, 53, 41, 54, 15, 30, 49, 42, 54, 44, 44, 54, 45, 58, 59, 34, 41, 25, 43, 49, 51, 49, 54]
    Layer  8: dist=[45, 46, 49, 29, 43, 41, 35, 44, 46, 52, 43, 48, 51, 43, 49, 36, 60, 56, 54, 51, 44, 54, 51, 57, 47, 37, 51, 36, 44, 38, 42, 44]
    Layer  9: dist=[40, 32, 31, 36, 45, 49, 48, 40, 62, 61, 60, 56, 14, 46, 32, 45, 49, 53, 59, 62, 44, 40, 35, 41, 61, 44, 49, 54, 62, 57, 63, 61]
    Layer 10: dist=[39, 39, 30, 39, 46, 55, 33, 41, 34, 45, 55, 26, 49, 36, 42, 44, 45, 53, 52, 50, 46, 31, 56, 51, 51, 56, 47, 43, 40, 39, 44, 47]
    Layer 11: dist=[33, 33, 47, 27, 29, 36, 43, 42, 52, 62, 57, 49, 44, 33, 38, 39, 39, 36, 33, 25, 42, 56, 46, 46, 39, 32, 36, 32, 49, 34, 31, 48]
    Layer 12: dist=[12, 40, 39, 33, 43, 46, 39, 36, 33, 36, 44, 44, 50, 45, 45, 49, 21, 38, 29, 44, 55, 54, 53, 56, 49, 1, 56, 23, 43, 45, 59, 49]
    Layer 13: dist=[29, 36, 39, 36, 31, 29, 35, 22, 47, 36, 52, 61, 64, 58, 55, 62, 46, 39, 31, 36, 47, 33, 44, 46, 44, 33, 40, 41, 58, 56, 49, 51]
    Layer 14: dist=[25, 35, 34, 24, 39, 24, 35, 33, 31, 32, 37, 37, 36, 40, 35, 36, 41, 46, 31, 35, 33, 17, 28, 42, 27, 38, 40, 38, 43, 44, 5, 48]
    Layer 15: dist=[45, 27, 43, 23, 20, 22, 41, 33, 48, 33, 26, 54, 37, 56, 41, 47, 33, 33, 34, 36, 33, 30, 27, 27, 27, 20, 41, 37, 38, 47, 38, 28]
    Layer 16: dist=[37, 32, 42, 47, 29, 35, 26, 31, 29, 45, 40, 43, 49, 35, 44, 47, 38, 41, 34, 35, 59, 60, 57, 54, 39, 28, 34, 6, 32, 33, 36, 32]
    Layer 17: dist=[58, 50, 41, 34, 28, 31, 22, 25, 44, 54, 42, 49, 23, 32, 39, 39, 24, 29, 32, 22, 39, 51, 49, 48, 30, 28, 31, 26, 29, 43, 47, 36]
    Layer 18: dist=[20, 27, 19, 18, 29, 37, 39, 30, 37, 40, 37, 45, 34, 34, 31, 35, 26, 41, 42, 28, 38, 28, 37, 52, 31, 35, 35, 36, 30, 29, 43, 31]
    Layer 19: dist=[39, 33, 35, 35, 43, 54, 30, 38, 40, 44, 41, 48, 35, 31, 40, 35, 44, 42, 26, 29, 10, 28, 18, 27, 52, 54, 52, 58, 44, 43, 41, 41]
    Layer 20: dist=[46, 39, 44, 40, 41, 27, 28, 31, 23, 21, 26, 21, 48, 42, 48, 50, 24, 28, 31, 21, 38, 57, 52, 51, 63, 51, 53, 44, 49, 43, 55, 55]
    Layer 21: dist=[26, 25, 30, 35, 58, 33, 53, 58, 61, 33, 39, 38, 26, 24, 25, 23, 39, 40, 45, 32, 47, 52, 48, 49, 35, 34, 32, 44, 38, 40, 34, 47]
    Layer 22: dist=[39, 32, 37, 33, 28, 38, 24, 30, 21, 27, 24, 35, 9, 46, 32, 35, 18, 40, 40, 23, 53, 59, 60, 61, 51, 44, 46, 48, 57, 47, 53, 50]
    Layer 23: dist=[22, 18, 26, 22, 55, 55, 22, 50, 41, 20, 24, 31, 37, 36, 41, 39, 41, 38, 42, 48, 41, 46, 42, 40, 41, 39, 37, 51, 47, 44, 44, 39]
    Layer 24: dist=[40, 62, 57, 51, 50, 56, 54, 47, 52, 54, 52, 43, 41, 39, 47, 40, 42, 49, 44, 42, 60, 53, 52, 58, 31, 41, 39, 29, 50, 57, 51, 47]
    Layer 25: dist=[50, 60, 59, 49, 38, 38, 54, 42, 46, 52, 47, 48, 36, 45, 27, 37, 48, 50, 49, 45, 54, 56, 55, 55, 58, 56, 50, 55, 46, 61, 51, 45]
    Layer 27: dist=[48, 55, 54, 59, 50, 53, 52, 44, 41, 52, 55, 52, 41, 56, 42, 45, 51, 53, 53, 53, 47, 56, 54, 44, 57, 59, 60, 60, 50, 44, 45, 60]
    Layer 28: dist=[53, 47, 54, 53, 41, 35, 40, 38, 52, 57, 47, 46, 57, 53, 48, 50, 57, 51, 53, 55, 59, 37, 32, 46, 47, 46, 50, 51, 46, 48, 35, 49]
    Layer 29: dist=[57, 58, 57, 58, 45, 56, 47, 58, 58, 57, 61, 54, 60, 61, 60, 61, 58, 56, 58, 60, 62, 61, 56, 62, 49, 59, 47, 49, 55, 51, 56, 56]
    Layer 30: dist=[40, 54, 51, 52, 53, 51, 48, 37, 60, 59, 58, 60, 53, 53, 57, 51, 52, 39, 61, 61, 29, 60, 53, 54, 60, 60, 61, 60, 55, 56, 54, 51]
    Layer 31: dist=[60, 58, 51, 49, 58, 59, 59, 59, 57, 41, 46, 47, 58, 59, 59, 58, 52, 53, 55, 48, 60, 59, 56, 59, 57, 56, 46, 60, 57, 55, 53, 57]
    Layer 32: dist=[56, 57, 58, 57, 58, 60, 59, 60, 56, 55, 59, 58, 48, 58, 54, 47, 58, 54, 54, 54, 62, 48, 57, 60, 36, 48, 44, 53, 58, 54, 51, 53]
    Layer 33: dist=[52, 61, 57, 60, 45, 52, 29, 47, 57, 58, 57, 58, 58, 59, 58, 59, 59, 59, 53, 56, 58, 49, 54, 57, 57, 59, 60, 59, 56, 56, 55, 53]
    Layer 34: dist=[56, 57, 58, 57, 55, 56, 55, 54, 25, 47, 54, 42, 58, 57, 60, 40, 42, 44, 62, 30, 58, 27, 59, 60, 61, 60, 62, 60, 26, 32, 35, 54]
    Layer 35: dist=[56, 62, 36, 50, 43, 19, 55, 48, 42, 51, 55, 49, 30, 17, 24, 22, 49, 45, 40, 27, 45, 52, 28, 27, 33, 27, 33, 35, 36, 57, 61, 58]

  [Taylor Step 2/3] OLS sigma per head (scaling V, streaming)...
    Layer  0: sigma=[0.255, 0.100, 0.100, 0.100, 0.197, 0.602, 0.100, 0.100, 0.100, 0.100, 0.141, 0.100, 0.100, 0.100, 0.100, 0.290, 0.100, 0.100, 0.100, 0.100, 0.100, 0.100, 0.100, 0.200, 0.100, 0.100, 0.577, 0.100, 0.253, 0.100, 0.100, 0.100]
    Layer  1: sigma=[0.280, 0.100, 0.100, 0.100, 0.100, 0.100, 0.100, 0.100, 0.100, 0.408, 0.277, 0.100, 0.100, 0.100, 0.100, 0.100, 0.100, 0.100, 0.100, 0.100, 0.100, 0.100, 0.100, 0.209, 0.100, 0.100, 0.179, 0.100, 0.100, 0.100, 0.100, 0.100]
    Layer  2: sigma=[0.152, 0.100, 0.100, 0.100, 0.100, 0.100, 0.100, 0.100, 0.157, 0.100, 0.100, 0.100, 0.100, 0.256, 0.100, 0.100, 0.100, 0.100, 0.100, 0.100, 0.100, 0.100, 0.100, 0.100, 0.100, 0.173, 0.100, 0.100, 0.100, 0.100, 0.100, 0.138]
    Layer  3: sigma=[0.100, 0.459, 0.100, 0.293, 0.100, 0.100, 0.100, 0.100, 0.100, 0.100, 0.100, 0.100, 0.100, 0.100, 0.100, 0.100, 0.100, 0.100, 0.121, 0.100, 0.100, 0.100, 0.100, 0.100, 0.100, 0.119, 0.110, 0.100, 0.100, 0.100, 0.100, 0.100]
    Layer  4: sigma=[0.100, 0.100, 0.100, 0.100, 0.100, 0.100, 0.100, 0.100, 0.100, 0.100, 0.100, 0.100, 0.100, 0.100, 0.100, 0.100, 0.100, 0.100, 0.100, 0.100, 0.100, 0.147, 0.321, 0.100, 0.100, 0.100, 0.100, 0.100, 0.100, 0.100, 0.100, 0.100]
    Layer  5: sigma=[0.100, 0.100, 0.120, 0.100, 0.100, 0.100, 0.100, 0.100, 0.100, 0.280, 0.100, 0.103, 0.100, 0.100, 0.100, 0.111, 0.100, 0.337, 0.100, 0.100, 0.100, 0.100, 0.100, 0.100, 0.100, 0.100, 0.100, 0.100, 0.100, 0.244, 0.100, 0.100]
    Layer  6: sigma=[0.100, 0.100, 0.161, 0.100, 0.114, 0.106, 0.100, 0.100, 0.100, 0.100, 0.100, 0.100, 0.100, 0.100, 0.100, 0.100, 0.100, 0.100, 0.100, 0.100, 0.244, 0.100, 0.100, 0.100, 0.100, 0.100, 0.103, 0.100, 0.100, 0.100, 0.100, 0.100]
    Layer  7: sigma=[0.100, 0.247, 0.100, 0.100, 0.107, 0.100, 0.100, 0.100, 0.100, 0.100, 0.100, 0.158, 0.100, 0.100, 0.100, 0.100, 0.100, 0.100, 0.100, 0.100, 0.100, 0.100, 0.100, 0.100, 0.100, 0.100, 0.100, 0.100, 0.100, 0.100, 0.100, 0.100]
    Layer  8: sigma=[0.100, 0.100, 0.100, 0.100, 0.100, 0.100, 0.100, 0.109, 0.100, 0.100, 0.100, 0.100, 0.100, 0.137, 0.100, 0.100, 0.100, 0.100, 0.100, 0.100, 0.100, 0.100, 0.100, 0.100, 0.100, 0.100, 0.100, 0.307, 0.100, 0.100, 0.100, 0.100]
    Layer  9: sigma=[0.100, 0.100, 0.126, 0.100, 0.100, 0.100, 0.100, 0.100, 0.100, 0.100, 0.100, 0.100, 0.100, 0.100, 0.750, 0.229, 0.100, 0.100, 0.100, 0.100, 0.123, 0.100, 0.119, 0.100, 0.100, 0.167, 0.100, 0.100, 0.100, 0.100, 0.100, 0.100]
    Layer 10: sigma=[0.100, 0.100, 0.100, 0.100, 0.100, 0.100, 0.100, 0.100, 0.132, 0.100, 0.100, 0.100, 0.100, 0.100, 0.100, 0.100, 0.100, 0.100, 0.100, 0.100, 0.100, 0.100, 0.100, 0.100, 0.100, 0.100, 0.100, 0.100, 0.107, 0.100, 0.113, 0.100]
    Layer 11: sigma=[0.100, 0.100, 0.100, 0.100, 0.202, 0.100, 0.167, 0.100, 0.100, 0.148, 0.100, 0.100, 0.142, 0.100, 0.302, 0.100, 0.100, 0.100, 0.100, 0.100, 0.100, 0.100, 0.100, 0.100, 0.100, 0.100, 0.249, 0.100, 0.100, 0.100, 0.106, 0.100]
    Layer 12: sigma=[0.100, 0.100, 0.100, 0.100, 0.100, 0.114, 0.100, 0.100, 0.100, 0.124, 0.100, 0.100, 0.100, 0.100, 0.100, 0.100, 0.100, 0.268, 0.529, 0.100, 0.100, 0.100, 0.100, 0.100, 0.100, 0.321, 0.100, 0.133, 0.100, 0.139, 0.138, 0.100]
    Layer 13: sigma=[0.252, 0.100, 0.100, 0.100, 0.100, 0.100, 0.100, 0.107, 0.100, 0.123, 0.129, 0.100, 0.100, 0.100, 0.100, 0.100, 0.100, 0.100, 0.100, 0.100, 0.100, 0.100, 0.100, 0.100, 0.100, 0.100, 0.100, 0.100, 0.100, 0.100, 0.100, 0.100]
    Layer 14: sigma=[0.100, 0.100, 0.100, 0.100, 0.100, 0.415, 0.100, 0.160, 0.100, 0.100, 0.100, 0.100, 0.100, 0.191, 0.100, 0.100, 0.100, 0.100, 0.157, 0.129, 0.100, 0.100, 0.100, 0.100, 0.100, 0.173, 0.100, 0.133, 0.100, 0.100, 0.147, 0.100]
    Layer 15: sigma=[0.100, 0.234, 0.100, 0.116, 0.238, 0.113, 0.100, 0.100, 0.100, 0.100, 0.100, 0.128, 0.271, 0.100, 0.100, 0.100, 0.100, 0.100, 0.101, 0.144, 0.100, 0.100, 0.100, 0.100, 0.290, 0.236, 0.100, 0.100, 0.100, 0.100, 0.100, 0.100]
    Layer 16: sigma=[0.356, 0.100, 0.100, 0.100, 0.100, 0.100, 0.100, 0.100, 0.100, 0.100, 0.100, 0.100, 0.100, 0.100, 0.100, 0.100, 0.100, 0.100, 0.100, 0.100, 0.100, 0.100, 0.100, 0.100, 0.100, 0.162, 0.100, 0.100, 0.100, 0.100, 0.100, 0.100]
    Layer 17: sigma=[0.100, 0.100, 0.100, 0.100, 0.100, 0.501, 0.100, 0.100, 0.106, 0.100, 0.100, 0.100, 0.100, 0.100, 0.100, 0.100, 0.335, 0.103, 0.100, 0.369, 0.100, 0.100, 0.100, 0.100, 0.100, 0.100, 0.407, 0.130, 0.100, 0.100, 0.100, 0.100]
    Layer 18: sigma=[0.100, 0.675, 0.100, 0.100, 0.108, 0.190, 0.100, 0.100, 0.100, 0.100, 0.100, 0.100, 0.100, 0.100, 0.100, 0.100, 0.528, 0.100, 0.100, 0.100, 0.100, 0.100, 0.100, 0.100, 0.100, 0.100, 0.100, 0.100, 0.100, 0.100, 0.100, 0.100]
    Layer 19: sigma=[0.100, 0.100, 0.100, 0.100, 0.100, 0.100, 0.229, 0.100, 0.100, 0.100, 0.100, 0.100, 0.295, 0.100, 0.100, 0.148, 0.100, 0.100, 0.100, 0.430, 0.100, 0.100, 0.100, 0.100, 0.100, 0.100, 0.100, 0.100, 0.100, 0.100, 0.100, 0.100]
    Layer 20: sigma=[0.100, 0.100, 0.190, 0.107, 0.100, 0.237, 0.174, 0.100, 0.100, 0.100, 0.100, 0.100, 0.100, 0.100, 0.100, 0.101, 0.180, 0.100, 0.100, 0.100, 0.100, 0.100, 0.100, 0.100, 0.100, 0.100, 0.100, 0.100, 0.100, 0.100, 0.100, 0.100]
    Layer 21: sigma=[0.100, 0.100, 0.100, 0.138, 0.100, 0.100, 0.100, 0.100, 0.100, 0.100, 0.100, 0.385, 0.100, 0.100, 0.100, 0.100, 0.100, 0.100, 0.100, 0.127, 0.100, 0.100, 0.100, 0.100, 0.100, 0.100, 0.100, 0.100, 0.100, 0.100, 0.329, 0.130]
    Layer 22: sigma=[0.193, 0.100, 0.100, 0.100, 0.135, 0.100, 0.117, 0.197, 0.211, 0.102, 0.100, 0.100, 0.100, 0.100, 0.100, 0.100, 0.100, 0.100, 0.100, 0.168, 0.100, 0.100, 0.100, 0.100, 0.100, 0.100, 0.100, 0.100, 0.100, 0.100, 0.100, 0.100]
    Layer 23: sigma=[0.198, 0.113, 0.175, 0.100, 0.119, 0.100, 0.195, 0.100, 0.100, 0.100, 0.100, 0.100, 0.100, 0.100, 0.100, 0.100, 0.100, 0.100, 0.100, 0.100, 0.100, 0.100, 0.100, 0.100, 0.100, 0.100, 0.100, 0.100, 0.100, 0.230, 0.206, 0.110]
    Layer 24: sigma=[0.100, 0.100, 0.100, 0.100, 0.100, 0.100, 0.100, 0.100, 0.132, 0.100, 0.100, 0.100, 0.100, 0.100, 0.100, 0.200, 0.100, 0.100, 0.100, 0.108, 0.100, 0.100, 0.100, 0.100, 0.256, 0.258, 0.142, 0.256, 0.100, 0.100, 0.100, 0.100]
    Layer 25: sigma=[0.100, 0.100, 0.100, 0.100, 0.100, 0.100, 0.100, 0.100, 0.100, 0.100, 0.100, 0.100, 0.100, 0.100, 0.100, 0.100, 0.100, 0.100, 0.100, 0.100, 0.100, 0.100, 0.100, 0.100, 0.100, 0.100, 0.100, 0.100, 0.100, 0.100, 0.100, 0.100]
    Layer 27: sigma=[0.100, 0.100, 0.100, 0.100, 0.100, 0.100, 0.100, 0.100, 0.100, 0.100, 0.100, 0.100, 0.100, 0.100, 0.100, 0.100, 0.100, 0.100, 0.100, 0.100, 0.100, 0.100, 0.100, 0.100, 0.100, 0.100, 0.100, 0.100, 0.100, 0.122, 0.100, 0.100]
    Layer 28: sigma=[0.100, 0.100, 0.100, 0.100, 0.109, 0.112, 0.100, 0.248, 0.100, 0.100, 0.100, 0.100, 0.100, 0.100, 0.100, 0.100, 0.100, 0.100, 0.100, 0.100, 0.100, 0.100, 0.100, 0.100, 0.100, 0.100, 0.100, 0.100, 0.100, 0.100, 0.100, 0.100]
    Layer 29: sigma=[0.100, 0.100, 0.100, 0.100, 0.100, 0.100, 0.100, 0.100, 0.100, 0.100, 0.100, 0.100, 0.100, 0.100, 0.100, 0.100, 0.100, 0.100, 0.100, 0.100, 0.100, 0.100, 0.100, 0.100, 0.100, 0.100, 0.100, 0.100, 0.100, 0.100, 0.100, 0.100]
    Layer 30: sigma=[0.100, 0.100, 0.100, 0.100, 0.100, 0.100, 0.100, 0.100, 0.100, 0.100, 0.100, 0.100, 0.100, 0.100, 0.100, 0.101, 0.100, 0.100, 0.100, 0.100, 0.100, 0.100, 0.100, 0.100, 0.100, 0.100, 0.100, 0.100, 0.100, 0.100, 0.100, 0.100]
    Layer 31: sigma=[0.100, 0.100, 0.100, 0.100, 0.100, 0.100, 0.100, 0.100, 0.100, 0.100, 0.100, 0.100, 0.100, 0.100, 0.100, 0.100, 0.100, 0.100, 0.100, 0.100, 0.100, 0.100, 0.100, 0.100, 0.100, 0.100, 0.100, 0.100, 0.100, 0.100, 0.100, 0.100]
    Layer 32: sigma=[0.100, 0.100, 0.100, 0.100, 0.100, 0.100, 0.100, 0.100, 0.100, 0.100, 0.100, 0.100, 0.100, 0.100, 0.100, 0.100, 0.100, 0.100, 0.100, 0.100, 0.100, 0.100, 0.100, 0.100, 0.100, 0.100, 0.100, 0.100, 0.100, 0.100, 0.100, 0.100]
    Layer 33: sigma=[0.100, 0.100, 0.100, 0.100, 0.100, 0.100, 0.100, 0.100, 0.100, 0.100, 0.100, 0.100, 0.100, 0.100, 0.100, 0.100, 0.100, 0.100, 0.100, 0.100, 0.100, 0.100, 0.100, 0.100, 0.100, 0.100, 0.100, 0.100, 0.100, 0.100, 0.100, 0.100]
    Layer 34: sigma=[0.100, 0.100, 0.100, 0.100, 0.100, 0.100, 0.100, 0.100, 0.100, 0.100, 0.100, 0.155, 0.100, 0.100, 0.100, 0.100, 0.100, 0.100, 0.100, 0.100, 0.100, 0.100, 0.100, 0.100, 0.100, 0.100, 0.100, 0.100, 0.100, 0.100, 0.100, 0.100]
    Layer 35: sigma=[0.100, 0.100, 0.100, 0.100, 0.120, 0.100, 0.100, 0.100, 0.100, 0.100, 0.100, 0.100, 0.100, 0.100, 0.100, 0.100, 0.100, 0.100, 0.100, 0.100, 0.100, 0.100, 0.201, 0.100, 0.100, 0.100, 0.100, 0.100, 0.100, 0.100, 0.100, 0.100]

  [Taylor Step 3/3] g_proj = v_proj * alpha (damping=0.01)...
    Layer  0: alpha=0.068991  teacher_rms=0.0168  v_rms=0.0024
    Layer  1: alpha=0.057895  teacher_rms=0.0216  v_rms=0.0037
    Layer  2: alpha=0.054934  teacher_rms=0.0222  v_rms=0.0040
    Layer  3: alpha=0.041475  teacher_rms=0.0261  v_rms=0.0063
    Layer  4: alpha=0.048926  teacher_rms=0.0316  v_rms=0.0065
    Layer  5: alpha=0.052411  teacher_rms=0.0412  v_rms=0.0079
    Layer  6: alpha=0.074980  teacher_rms=0.0646  v_rms=0.0086
    Layer  7: alpha=0.040804  teacher_rms=0.0510  v_rms=0.0125
    Layer  8: alpha=0.041006  teacher_rms=0.0695  v_rms=0.0170
    Layer  9: alpha=0.027023  teacher_rms=0.0701  v_rms=0.0260
    Layer 10: alpha=0.048934  teacher_rms=0.1071  v_rms=0.0219
    Layer 11: alpha=0.053021  teacher_rms=0.1038  v_rms=0.0196
    Layer 12: alpha=0.045058  teacher_rms=0.1177  v_rms=0.0261
    Layer 13: alpha=0.054286  teacher_rms=0.1013  v_rms=0.0187
    Layer 14: alpha=0.055493  teacher_rms=0.1546  v_rms=0.0279
    Layer 15: alpha=0.046525  teacher_rms=0.1546  v_rms=0.0332
    Layer 16: alpha=0.039114  teacher_rms=0.1446  v_rms=0.0370
    Layer 17: alpha=0.035062  teacher_rms=0.1762  v_rms=0.0503
    Layer 18: alpha=0.030781  teacher_rms=0.1919  v_rms=0.0624
    Layer 19: alpha=0.045813  teacher_rms=0.2023  v_rms=0.0442
    Layer 20: alpha=0.052117  teacher_rms=0.1938  v_rms=0.0372
    Layer 21: alpha=0.044509  teacher_rms=0.2301  v_rms=0.0517
    Layer 22: alpha=0.053275  teacher_rms=0.2755  v_rms=0.0517
    Layer 23: alpha=0.051472  teacher_rms=0.3026  v_rms=0.0588
    Layer 24: alpha=0.034705  teacher_rms=0.2864  v_rms=0.0825
    Layer 25: alpha=0.038418  teacher_rms=0.2261  v_rms=0.0589
    Layer 27: alpha=0.034181  teacher_rms=0.2900  v_rms=0.0848
    Layer 28: alpha=0.037959  teacher_rms=0.3530  v_rms=0.0930
    Layer 29: alpha=0.016275  teacher_rms=0.2479  v_rms=0.1523
    Layer 30: alpha=0.025862  teacher_rms=0.3921  v_rms=0.1516
    Layer 31: alpha=0.018626  teacher_rms=0.3452  v_rms=0.1853
    Layer 32: alpha=0.021930  teacher_rms=0.5106  v_rms=0.2328
    Layer 33: alpha=0.016345  teacher_rms=0.5964  v_rms=0.3649
    Layer 34: alpha=0.030834  teacher_rms=1.0165  v_rms=0.3297
    Layer 35: alpha=0.056051  teacher_rms=1.0378  v_rms=0.1851

  Set g_proj = v_proj * alpha in 35 GDN layers (damping=0.01).
  Init (taylor_distill) done in 400.3s
  Layer 26: PPL = 947.51  (eval 24.5s)

============================================================
  Probing layer 27 | strategy=taylor_distill
============================================================
Loading checkpoint shards:   0%|          | 0/4 [00:00<?, ?it/s]Loading checkpoint shards: 100%|██████████| 4/4 [00:00<00:00, 44.32it/s]
Could not cache non-existence of file. Will ignore error and continue. Error: [Errno 13] Permission denied: '/data/shared/huggingface/hub/models--Qwen--Qwen3-8B/.no_exist/b968826d9c46dd6066d109eabc6255188de91218/model.safetensors'
Loading checkpoint shards:   0%|          | 0/5 [00:00<?, ?it/s]Loading checkpoint shards: 100%|██████████| 5/5 [00:00<00:00, 178.55it/s]
Token indices sequence length is longer than the specified maximum sequence length for this model (2429029 > 131072). Running this sequence through the model will result in indexing errors
  [Taylor Step 1/3] Gate calibration from attention stats...
    Layer  0: dist=[18, 2, 6, 20, 8, 14, 6, 7, 10, 4, 6, 7, 10, 18, 17, 5, 9, 11, 8, 8, 8, 12, 2, 7, 4, 26, 5, 26, 9, 19, 9, 8]
    Layer  1: dist=[12, 21, 14, 26, 2, 9, 17, 7, 25, 18, 32, 29, 18, 28, 28, 20, 17, 26, 31, 18, 28, 17, 21, 21, 26, 8, 25, 23, 41, 16, 20, 28]
    Layer  2: dist=[36, 36, 37, 32, 17, 27, 20, 24, 21, 24, 29, 33, 28, 25, 26, 34, 32, 26, 28, 22, 28, 36, 27, 27, 14, 14, 11, 19, 41, 42, 43, 41]
    Layer  3: dist=[40, 20, 9, 12, 49, 50, 46, 42, 30, 27, 33, 31, 49, 43, 42, 42, 35, 37, 29, 37, 42, 33, 32, 36, 35, 30, 29, 33, 39, 36, 40, 37]
    Layer  4: dist=[31, 35, 41, 36, 41, 33, 35, 48, 37, 38, 34, 34, 31, 31, 38, 35, 35, 37, 38, 39, 34, 35, 25, 34, 26, 32, 27, 21, 28, 33, 30, 30]
    Layer  5: dist=[23, 29, 30, 21, 36, 34, 29, 29, 4, 14, 40, 38, 31, 43, 32, 30, 23, 20, 28, 28, 29, 30, 27, 33, 38, 39, 43, 43, 26, 25, 29, 32]
    Layer  6: dist=[16, 22, 17, 17, 27, 24, 34, 32, 25, 12, 21, 20, 31, 34, 28, 16, 28, 20, 24, 23, 13, 18, 18, 8, 21, 24, 18, 28, 24, 25, 21, 27]
    Layer  7: dist=[31, 36, 33, 46, 63, 57, 63, 60, 45, 60, 53, 41, 54, 15, 30, 49, 42, 54, 44, 44, 54, 45, 58, 59, 34, 41, 25, 43, 49, 51, 49, 54]
    Layer  8: dist=[45, 46, 49, 29, 43, 41, 35, 44, 46, 52, 43, 48, 51, 43, 49, 36, 60, 56, 54, 51, 44, 54, 51, 57, 47, 37, 51, 36, 44, 38, 42, 44]
    Layer  9: dist=[40, 32, 31, 36, 45, 49, 48, 40, 62, 61, 60, 56, 14, 46, 32, 45, 49, 53, 59, 62, 44, 40, 35, 41, 61, 44, 49, 54, 62, 57, 63, 61]
    Layer 10: dist=[39, 39, 30, 39, 46, 55, 33, 41, 34, 45, 55, 26, 49, 36, 42, 44, 45, 53, 52, 50, 46, 31, 56, 51, 51, 56, 47, 43, 40, 39, 44, 47]
    Layer 11: dist=[33, 33, 47, 27, 29, 36, 43, 42, 52, 62, 57, 49, 44, 33, 38, 39, 39, 36, 33, 25, 42, 56, 46, 46, 39, 32, 36, 32, 49, 34, 31, 48]
    Layer 12: dist=[12, 40, 39, 33, 43, 46, 39, 36, 33, 36, 44, 44, 50, 45, 45, 49, 21, 38, 29, 44, 55, 54, 53, 56, 49, 1, 56, 23, 43, 45, 59, 49]
    Layer 13: dist=[29, 36, 39, 36, 31, 29, 35, 22, 47, 36, 52, 61, 64, 58, 55, 62, 46, 39, 31, 36, 47, 33, 44, 46, 44, 33, 40, 41, 58, 56, 49, 51]
    Layer 14: dist=[25, 35, 34, 24, 39, 24, 35, 33, 31, 32, 37, 37, 36, 40, 35, 36, 41, 46, 31, 35, 33, 17, 28, 42, 27, 38, 40, 38, 43, 44, 5, 48]
    Layer 15: dist=[45, 27, 43, 23, 20, 22, 41, 33, 48, 33, 26, 54, 37, 56, 41, 47, 33, 33, 34, 36, 33, 30, 27, 27, 27, 20, 41, 37, 38, 47, 38, 28]
    Layer 16: dist=[37, 32, 42, 47, 29, 35, 26, 31, 29, 45, 40, 43, 49, 35, 44, 47, 38, 41, 34, 35, 59, 60, 57, 54, 39, 28, 34, 6, 32, 33, 36, 32]
    Layer 17: dist=[58, 50, 41, 34, 28, 31, 22, 25, 44, 54, 42, 49, 23, 32, 39, 39, 24, 29, 32, 22, 39, 51, 49, 48, 30, 28, 31, 26, 29, 43, 47, 36]
    Layer 18: dist=[20, 27, 19, 18, 29, 37, 39, 30, 37, 40, 37, 45, 34, 34, 31, 35, 26, 41, 42, 28, 38, 28, 37, 52, 31, 35, 35, 36, 30, 29, 43, 31]
    Layer 19: dist=[39, 33, 35, 35, 43, 54, 30, 38, 40, 44, 41, 48, 35, 31, 40, 35, 44, 42, 26, 29, 10, 28, 18, 27, 52, 54, 52, 58, 44, 43, 41, 41]
    Layer 20: dist=[46, 39, 44, 40, 41, 27, 28, 31, 23, 21, 26, 21, 48, 42, 48, 50, 24, 28, 31, 21, 38, 57, 52, 51, 63, 51, 53, 44, 49, 43, 55, 55]
    Layer 21: dist=[26, 25, 30, 35, 58, 33, 53, 58, 61, 33, 39, 38, 26, 24, 25, 23, 39, 40, 45, 32, 47, 52, 48, 49, 35, 34, 32, 44, 38, 40, 34, 47]
    Layer 22: dist=[39, 32, 37, 33, 28, 38, 24, 30, 21, 27, 24, 35, 9, 46, 32, 35, 18, 40, 40, 23, 53, 59, 60, 61, 51, 44, 46, 48, 57, 47, 53, 50]
    Layer 23: dist=[22, 18, 26, 22, 55, 55, 22, 50, 41, 20, 24, 31, 37, 36, 41, 39, 41, 38, 42, 48, 41, 46, 42, 40, 41, 39, 37, 51, 47, 44, 44, 39]
    Layer 24: dist=[40, 62, 57, 51, 50, 56, 54, 47, 52, 54, 52, 43, 41, 39, 47, 40, 42, 49, 44, 42, 60, 53, 52, 58, 31, 41, 39, 29, 50, 57, 51, 47]
    Layer 25: dist=[50, 60, 59, 49, 38, 38, 54, 42, 46, 52, 47, 48, 36, 45, 27, 37, 48, 50, 49, 45, 54, 56, 55, 55, 58, 56, 50, 55, 46, 61, 51, 45]
    Layer 26: dist=[43, 47, 57, 36, 59, 57, 59, 56, 52, 56, 53, 49, 52, 62, 60, 60, 43, 46, 53, 50, 53, 54, 60, 57, 53, 50, 54, 50, 58, 50, 59, 51]
    Layer 28: dist=[53, 47, 54, 53, 41, 35, 40, 38, 52, 57, 47, 46, 57, 53, 48, 50, 57, 51, 53, 55, 59, 37, 32, 46, 47, 46, 50, 51, 46, 48, 35, 49]
    Layer 29: dist=[57, 58, 57, 58, 45, 56, 47, 58, 58, 57, 61, 54, 60, 61, 60, 61, 58, 56, 58, 60, 62, 61, 56, 62, 49, 59, 47, 49, 55, 51, 56, 56]
    Layer 30: dist=[40, 54, 51, 52, 53, 51, 48, 37, 60, 59, 58, 60, 53, 53, 57, 51, 52, 39, 61, 61, 29, 60, 53, 54, 60, 60, 61, 60, 55, 56, 54, 51]
    Layer 31: dist=[60, 58, 51, 49, 58, 59, 59, 59, 57, 41, 46, 47, 58, 59, 59, 58, 52, 53, 55, 48, 60, 59, 56, 59, 57, 56, 46, 60, 57, 55, 53, 57]
    Layer 32: dist=[56, 57, 58, 57, 58, 60, 59, 60, 56, 55, 59, 58, 48, 58, 54, 47, 58, 54, 54, 54, 62, 48, 57, 60, 36, 48, 44, 53, 58, 54, 51, 53]
    Layer 33: dist=[52, 61, 57, 60, 45, 52, 29, 47, 57, 58, 57, 58, 58, 59, 58, 59, 59, 59, 53, 56, 58, 49, 54, 57, 57, 59, 60, 59, 56, 56, 55, 53]
    Layer 34: dist=[56, 57, 58, 57, 55, 56, 55, 54, 25, 47, 54, 42, 58, 57, 60, 40, 42, 44, 62, 30, 58, 27, 59, 60, 61, 60, 62, 60, 26, 32, 35, 54]
    Layer 35: dist=[56, 62, 36, 50, 43, 19, 55, 48, 42, 51, 55, 49, 30, 17, 24, 22, 49, 45, 40, 27, 45, 52, 28, 27, 33, 27, 33, 35, 36, 57, 61, 58]

  [Taylor Step 2/3] OLS sigma per head (scaling V, streaming)...
    Layer  0: sigma=[0.255, 0.100, 0.100, 0.100, 0.196, 0.602, 0.100, 0.100, 0.100, 0.100, 0.141, 0.100, 0.100, 0.100, 0.100, 0.290, 0.100, 0.100, 0.100, 0.100, 0.100, 0.100, 0.100, 0.199, 0.100, 0.100, 0.577, 0.100, 0.252, 0.100, 0.100, 0.100]
    Layer  1: sigma=[0.279, 0.100, 0.100, 0.100, 0.100, 0.100, 0.100, 0.100, 0.100, 0.409, 0.279, 0.100, 0.100, 0.100, 0.100, 0.100, 0.100, 0.100, 0.100, 0.100, 0.100, 0.100, 0.100, 0.211, 0.100, 0.100, 0.178, 0.100, 0.100, 0.100, 0.100, 0.100]
    Layer  2: sigma=[0.152, 0.100, 0.100, 0.100, 0.100, 0.100, 0.100, 0.100, 0.161, 0.100, 0.100, 0.100, 0.100, 0.256, 0.100, 0.100, 0.100, 0.100, 0.100, 0.100, 0.100, 0.100, 0.100, 0.100, 0.100, 0.174, 0.100, 0.100, 0.100, 0.100, 0.100, 0.136]
    Layer  3: sigma=[0.100, 0.450, 0.100, 0.289, 0.100, 0.100, 0.100, 0.100, 0.100, 0.100, 0.100, 0.100, 0.100, 0.100, 0.100, 0.100, 0.100, 0.100, 0.116, 0.100, 0.100, 0.100, 0.100, 0.100, 0.100, 0.125, 0.107, 0.100, 0.100, 0.100, 0.100, 0.100]
    Layer  4: sigma=[0.100, 0.100, 0.100, 0.100, 0.100, 0.100, 0.100, 0.100, 0.100, 0.100, 0.100, 0.100, 0.100, 0.100, 0.100, 0.100, 0.100, 0.100, 0.100, 0.100, 0.100, 0.144, 0.318, 0.100, 0.100, 0.100, 0.100, 0.100, 0.100, 0.100, 0.100, 0.100]
    Layer  5: sigma=[0.100, 0.100, 0.118, 0.100, 0.100, 0.100, 0.100, 0.100, 0.100, 0.267, 0.100, 0.105, 0.100, 0.100, 0.100, 0.111, 0.100, 0.336, 0.100, 0.100, 0.100, 0.100, 0.100, 0.100, 0.100, 0.100, 0.100, 0.100, 0.100, 0.246, 0.100, 0.100]
    Layer  6: sigma=[0.100, 0.100, 0.157, 0.100, 0.114, 0.109, 0.100, 0.100, 0.100, 0.100, 0.100, 0.100, 0.100, 0.100, 0.100, 0.100, 0.100, 0.100, 0.100, 0.100, 0.242, 0.100, 0.100, 0.100, 0.100, 0.100, 0.102, 0.100, 0.100, 0.100, 0.100, 0.100]
    Layer  7: sigma=[0.100, 0.235, 0.100, 0.100, 0.126, 0.100, 0.100, 0.100, 0.100, 0.100, 0.100, 0.159, 0.100, 0.100, 0.100, 0.100, 0.100, 0.100, 0.100, 0.100, 0.100, 0.100, 0.100, 0.100, 0.100, 0.100, 0.100, 0.100, 0.100, 0.100, 0.100, 0.100]
    Layer  8: sigma=[0.100, 0.100, 0.100, 0.100, 0.100, 0.100, 0.100, 0.105, 0.100, 0.100, 0.100, 0.100, 0.100, 0.137, 0.100, 0.100, 0.100, 0.100, 0.100, 0.100, 0.100, 0.100, 0.100, 0.100, 0.100, 0.100, 0.100, 0.290, 0.100, 0.100, 0.100, 0.100]
    Layer  9: sigma=[0.100, 0.100, 0.126, 0.100, 0.100, 0.100, 0.100, 0.100, 0.100, 0.100, 0.100, 0.100, 0.100, 0.100, 0.728, 0.221, 0.100, 0.100, 0.100, 0.100, 0.131, 0.100, 0.100, 0.100, 0.100, 0.170, 0.100, 0.100, 0.100, 0.100, 0.100, 0.100]
    Layer 10: sigma=[0.100, 0.100, 0.100, 0.100, 0.100, 0.100, 0.100, 0.100, 0.123, 0.100, 0.100, 0.100, 0.100, 0.100, 0.100, 0.100, 0.100, 0.100, 0.100, 0.100, 0.100, 0.100, 0.100, 0.100, 0.100, 0.100, 0.100, 0.100, 0.103, 0.100, 0.118, 0.100]
    Layer 11: sigma=[0.100, 0.100, 0.100, 0.100, 0.220, 0.100, 0.167, 0.100, 0.100, 0.135, 0.100, 0.100, 0.145, 0.100, 0.302, 0.100, 0.100, 0.100, 0.100, 0.100, 0.100, 0.100, 0.100, 0.100, 0.100, 0.100, 0.247, 0.100, 0.100, 0.100, 0.102, 0.100]
    Layer 12: sigma=[0.100, 0.100, 0.100, 0.100, 0.100, 0.121, 0.100, 0.100, 0.100, 0.120, 0.100, 0.100, 0.100, 0.100, 0.100, 0.100, 0.100, 0.267, 0.415, 0.100, 0.100, 0.100, 0.100, 0.100, 0.100, 0.320, 0.100, 0.132, 0.100, 0.146, 0.127, 0.100]
    Layer 13: sigma=[0.254, 0.100, 0.100, 0.100, 0.100, 0.100, 0.100, 0.117, 0.100, 0.118, 0.127, 0.100, 0.100, 0.100, 0.100, 0.100, 0.100, 0.100, 0.100, 0.100, 0.100, 0.100, 0.100, 0.100, 0.100, 0.100, 0.100, 0.100, 0.100, 0.100, 0.100, 0.100]
    Layer 14: sigma=[0.100, 0.100, 0.105, 0.100, 0.100, 0.521, 0.100, 0.176, 0.100, 0.100, 0.100, 0.100, 0.100, 0.166, 0.100, 0.100, 0.100, 0.100, 0.162, 0.121, 0.100, 0.100, 0.100, 0.100, 0.100, 0.150, 0.100, 0.135, 0.100, 0.100, 0.160, 0.100]
    Layer 15: sigma=[0.100, 0.251, 0.100, 0.119, 0.250, 0.116, 0.100, 0.100, 0.100, 0.100, 0.100, 0.114, 0.254, 0.100, 0.100, 0.100, 0.100, 0.100, 0.108, 0.148, 0.100, 0.100, 0.100, 0.100, 0.259, 0.255, 0.100, 0.100, 0.100, 0.100, 0.100, 0.100]
    Layer 16: sigma=[0.329, 0.100, 0.100, 0.100, 0.100, 0.100, 0.100, 0.100, 0.100, 0.100, 0.100, 0.100, 0.100, 0.100, 0.100, 0.100, 0.100, 0.100, 0.100, 0.100, 0.100, 0.100, 0.100, 0.100, 0.100, 0.155, 0.100, 0.100, 0.100, 0.100, 0.100, 0.100]
    Layer 17: sigma=[0.100, 0.100, 0.100, 0.100, 0.100, 0.532, 0.100, 0.104, 0.102, 0.100, 0.100, 0.100, 0.100, 0.100, 0.100, 0.100, 0.289, 0.118, 0.100, 0.435, 0.100, 0.100, 0.100, 0.100, 0.100, 0.100, 0.403, 0.123, 0.100, 0.100, 0.100, 0.100]
    Layer 18: sigma=[0.100, 0.705, 0.100, 0.100, 0.100, 0.200, 0.100, 0.100, 0.100, 0.100, 0.100, 0.100, 0.100, 0.100, 0.100, 0.100, 0.411, 0.100, 0.100, 0.100, 0.100, 0.100, 0.100, 0.100, 0.100, 0.100, 0.100, 0.100, 0.100, 0.100, 0.100, 0.100]
    Layer 19: sigma=[0.100, 0.100, 0.100, 0.100, 0.100, 0.100, 0.237, 0.100, 0.100, 0.100, 0.100, 0.100, 0.236, 0.100, 0.100, 0.141, 0.100, 0.100, 0.100, 0.475, 0.100, 0.100, 0.100, 0.100, 0.100, 0.100, 0.100, 0.100, 0.100, 0.100, 0.100, 0.100]
    Layer 20: sigma=[0.100, 0.100, 0.175, 0.145, 0.100, 0.238, 0.115, 0.100, 0.100, 0.100, 0.100, 0.100, 0.100, 0.100, 0.100, 0.114, 0.189, 0.100, 0.100, 0.100, 0.100, 0.100, 0.100, 0.100, 0.100, 0.100, 0.100, 0.100, 0.100, 0.100, 0.100, 0.100]
    Layer 21: sigma=[0.100, 0.101, 0.100, 0.146, 0.100, 0.100, 0.100, 0.100, 0.100, 0.113, 0.100, 0.344, 0.100, 0.100, 0.100, 0.100, 0.100, 0.100, 0.100, 0.202, 0.100, 0.100, 0.100, 0.100, 0.100, 0.100, 0.100, 0.100, 0.100, 0.100, 0.360, 0.132]
    Layer 22: sigma=[0.190, 0.100, 0.100, 0.100, 0.167, 0.104, 0.126, 0.153, 0.226, 0.100, 0.100, 0.100, 0.100, 0.100, 0.100, 0.100, 0.100, 0.100, 0.100, 0.141, 0.100, 0.100, 0.100, 0.100, 0.100, 0.100, 0.100, 0.100, 0.100, 0.100, 0.100, 0.100]
    Layer 23: sigma=[0.191, 0.141, 0.180, 0.100, 0.138, 0.100, 0.159, 0.100, 0.100, 0.100, 0.100, 0.100, 0.100, 0.100, 0.100, 0.100, 0.100, 0.100, 0.100, 0.100, 0.100, 0.100, 0.100, 0.100, 0.100, 0.100, 0.100, 0.100, 0.100, 0.246, 0.299, 0.164]
    Layer 24: sigma=[0.100, 0.100, 0.100, 0.100, 0.100, 0.100, 0.100, 0.100, 0.134, 0.100, 0.100, 0.100, 0.100, 0.100, 0.100, 0.230, 0.100, 0.100, 0.100, 0.118, 0.100, 0.100, 0.100, 0.100, 0.294, 0.300, 0.264, 0.226, 0.100, 0.100, 0.100, 0.100]
    Layer 25: sigma=[0.100, 0.100, 0.100, 0.100, 0.100, 0.100, 0.100, 0.100, 0.100, 0.100, 0.100, 0.100, 0.100, 0.100, 0.100, 0.100, 0.100, 0.100, 0.100, 0.100, 0.100, 0.100, 0.100, 0.100, 0.100, 0.100, 0.100, 0.100, 0.100, 0.100, 0.100, 0.100]
    Layer 26: sigma=[0.100, 0.100, 0.100, 0.100, 0.100, 0.100, 0.100, 0.100, 0.100, 0.100, 0.100, 0.100, 0.100, 0.100, 0.100, 0.170, 0.100, 0.100, 0.100, 0.100, 0.100, 0.100, 0.100, 0.100, 0.100, 0.100, 0.100, 0.100, 0.100, 0.100, 0.100, 0.100]
    Layer 28: sigma=[0.100, 0.100, 0.100, 0.100, 0.100, 0.100, 0.104, 0.221, 0.100, 0.100, 0.100, 0.100, 0.100, 0.100, 0.100, 0.100, 0.100, 0.100, 0.100, 0.100, 0.100, 0.100, 0.100, 0.100, 0.100, 0.100, 0.100, 0.100, 0.100, 0.100, 0.100, 0.100]
    Layer 29: sigma=[0.100, 0.100, 0.100, 0.100, 0.100, 0.100, 0.100, 0.100, 0.100, 0.100, 0.100, 0.100, 0.100, 0.100, 0.100, 0.100, 0.100, 0.100, 0.100, 0.100, 0.100, 0.100, 0.100, 0.100, 0.100, 0.100, 0.100, 0.100, 0.100, 0.100, 0.100, 0.100]
    Layer 30: sigma=[0.100, 0.100, 0.100, 0.100, 0.100, 0.100, 0.100, 0.100, 0.100, 0.100, 0.100, 0.100, 0.100, 0.100, 0.100, 0.100, 0.100, 0.100, 0.100, 0.100, 0.100, 0.100, 0.100, 0.100, 0.100, 0.100, 0.100, 0.100, 0.100, 0.100, 0.100, 0.100]
    Layer 31: sigma=[0.100, 0.100, 0.100, 0.100, 0.100, 0.100, 0.100, 0.100, 0.100, 0.100, 0.100, 0.100, 0.100, 0.100, 0.100, 0.100, 0.100, 0.100, 0.100, 0.100, 0.100, 0.100, 0.100, 0.100, 0.100, 0.100, 0.100, 0.100, 0.100, 0.100, 0.100, 0.100]
    Layer 32: sigma=[0.100, 0.100, 0.100, 0.100, 0.100, 0.100, 0.100, 0.100, 0.100, 0.100, 0.100, 0.100, 0.100, 0.100, 0.100, 0.100, 0.100, 0.100, 0.100, 0.100, 0.100, 0.100, 0.100, 0.100, 0.104, 0.100, 0.100, 0.100, 0.100, 0.100, 0.100, 0.100]
    Layer 33: sigma=[0.100, 0.100, 0.100, 0.100, 0.100, 0.100, 0.100, 0.100, 0.100, 0.100, 0.100, 0.100, 0.100, 0.100, 0.100, 0.100, 0.100, 0.100, 0.100, 0.100, 0.100, 0.100, 0.100, 0.100, 0.100, 0.100, 0.100, 0.100, 0.100, 0.100, 0.100, 0.100]
    Layer 34: sigma=[0.100, 0.100, 0.100, 0.100, 0.100, 0.100, 0.100, 0.100, 0.100, 0.100, 0.100, 0.100, 0.100, 0.100, 0.100, 0.100, 0.100, 0.100, 0.100, 0.100, 0.100, 0.100, 0.100, 0.100, 0.100, 0.100, 0.100, 0.100, 0.100, 0.100, 0.100, 0.100]
    Layer 35: sigma=[0.100, 0.100, 0.100, 0.100, 0.100, 0.100, 0.100, 0.100, 0.100, 0.100, 0.100, 0.100, 0.100, 0.100, 0.100, 0.100, 0.100, 0.100, 0.100, 0.100, 0.100, 0.100, 0.157, 0.100, 0.100, 0.100, 0.100, 0.100, 0.100, 0.100, 0.100, 0.100]

  [Taylor Step 3/3] g_proj = v_proj * alpha (damping=0.01)...
    Layer  0: alpha=0.069045  teacher_rms=0.0168  v_rms=0.0024
    Layer  1: alpha=0.057851  teacher_rms=0.0216  v_rms=0.0037
    Layer  2: alpha=0.054886  teacher_rms=0.0222  v_rms=0.0041
    Layer  3: alpha=0.041822  teacher_rms=0.0261  v_rms=0.0063
    Layer  4: alpha=0.049045  teacher_rms=0.0316  v_rms=0.0064
    Layer  5: alpha=0.052709  teacher_rms=0.0412  v_rms=0.0078
    Layer  6: alpha=0.075175  teacher_rms=0.0646  v_rms=0.0086
    Layer  7: alpha=0.040858  teacher_rms=0.0510  v_rms=0.0125
    Layer  8: alpha=0.041641  teacher_rms=0.0695  v_rms=0.0167
    Layer  9: alpha=0.027552  teacher_rms=0.0701  v_rms=0.0255
    Layer 10: alpha=0.049048  teacher_rms=0.1071  v_rms=0.0218
    Layer 11: alpha=0.052798  teacher_rms=0.1038  v_rms=0.0197
    Layer 12: alpha=0.048469  teacher_rms=0.1177  v_rms=0.0243
    Layer 13: alpha=0.054046  teacher_rms=0.1013  v_rms=0.0187
    Layer 14: alpha=0.051902  teacher_rms=0.1546  v_rms=0.0298
    Layer 15: alpha=0.046323  teacher_rms=0.1546  v_rms=0.0334
    Layer 16: alpha=0.039852  teacher_rms=0.1446  v_rms=0.0363
    Layer 17: alpha=0.034274  teacher_rms=0.1762  v_rms=0.0514
    Layer 18: alpha=0.030497  teacher_rms=0.1919  v_rms=0.0629
    Layer 19: alpha=0.046064  teacher_rms=0.2023  v_rms=0.0439
    Layer 20: alpha=0.052305  teacher_rms=0.1938  v_rms=0.0371
    Layer 21: alpha=0.044071  teacher_rms=0.2301  v_rms=0.0522
    Layer 22: alpha=0.053240  teacher_rms=0.2755  v_rms=0.0518
    Layer 23: alpha=0.047875  teacher_rms=0.3026  v_rms=0.0632
    Layer 24: alpha=0.032270  teacher_rms=0.2864  v_rms=0.0887
    Layer 25: alpha=0.038418  teacher_rms=0.2261  v_rms=0.0589
    Layer 26: alpha=0.026432  teacher_rms=0.1994  v_rms=0.0754
    Layer 28: alpha=0.038775  teacher_rms=0.3530  v_rms=0.0910
    Layer 29: alpha=0.016275  teacher_rms=0.2479  v_rms=0.1523
    Layer 30: alpha=0.025866  teacher_rms=0.3921  v_rms=0.1516
    Layer 31: alpha=0.018626  teacher_rms=0.3452  v_rms=0.1853
    Layer 32: alpha=0.021918  teacher_rms=0.5106  v_rms=0.2330
    Layer 33: alpha=0.016345  teacher_rms=0.5964  v_rms=0.3649
    Layer 34: alpha=0.031180  teacher_rms=1.0165  v_rms=0.3260
    Layer 35: alpha=0.057501  teacher_rms=1.0378  v_rms=0.1805

  Set g_proj = v_proj * alpha in 35 GDN layers (damping=0.01).
  Init (taylor_distill) done in 480.0s
  Layer 27: PPL = 954.34  (eval 19.2s)

============================================================
  Probing layer 28 | strategy=taylor_distill
============================================================
Loading checkpoint shards:   0%|          | 0/4 [00:00<?, ?it/s]Loading checkpoint shards: 100%|██████████| 4/4 [00:00<00:00, 150.72it/s]
Could not cache non-existence of file. Will ignore error and continue. Error: [Errno 13] Permission denied: '/data/shared/huggingface/hub/models--Qwen--Qwen3-8B/.no_exist/b968826d9c46dd6066d109eabc6255188de91218/model.safetensors'
Loading checkpoint shards:   0%|          | 0/5 [00:00<?, ?it/s]Loading checkpoint shards: 100%|██████████| 5/5 [00:00<00:00, 76.30it/s]
Token indices sequence length is longer than the specified maximum sequence length for this model (2429029 > 131072). Running this sequence through the model will result in indexing errors
  [Taylor Step 1/3] Gate calibration from attention stats...
    Layer  0: dist=[18, 2, 6, 20, 8, 14, 6, 7, 10, 4, 6, 7, 10, 18, 17, 5, 9, 11, 8, 8, 8, 12, 2, 7, 4, 26, 5, 26, 9, 19, 9, 8]
    Layer  1: dist=[12, 21, 14, 26, 2, 9, 17, 7, 25, 18, 32, 29, 18, 28, 28, 20, 17, 26, 31, 18, 28, 17, 21, 21, 26, 8, 25, 23, 41, 16, 20, 28]
    Layer  2: dist=[36, 36, 37, 32, 17, 27, 20, 24, 21, 24, 29, 33, 28, 25, 26, 34, 32, 26, 28, 22, 28, 36, 27, 27, 14, 14, 11, 19, 41, 42, 43, 41]
    Layer  3: dist=[40, 20, 9, 12, 49, 50, 46, 42, 30, 27, 33, 31, 49, 43, 42, 42, 35, 37, 29, 37, 42, 33, 32, 36, 35, 30, 29, 33, 39, 36, 40, 37]
    Layer  4: dist=[31, 35, 41, 36, 41, 33, 35, 48, 37, 38, 34, 34, 31, 31, 38, 35, 35, 37, 38, 39, 34, 35, 25, 34, 26, 32, 27, 21, 28, 33, 30, 30]
    Layer  5: dist=[23, 29, 30, 21, 36, 34, 29, 29, 4, 14, 40, 38, 31, 43, 32, 30, 23, 20, 28, 28, 29, 30, 27, 33, 38, 39, 43, 43, 26, 25, 29, 32]
    Layer  6: dist=[16, 22, 17, 17, 27, 24, 34, 32, 25, 12, 21, 20, 31, 34, 28, 16, 28, 20, 24, 23, 13, 18, 18, 8, 21, 24, 18, 28, 24, 25, 21, 27]
    Layer  7: dist=[31, 36, 33, 46, 63, 57, 63, 60, 45, 60, 53, 41, 54, 15, 30, 49, 42, 54, 44, 44, 54, 45, 58, 59, 34, 41, 25, 43, 49, 51, 49, 54]
    Layer  8: dist=[45, 46, 49, 29, 43, 41, 35, 44, 46, 52, 43, 48, 51, 43, 49, 36, 60, 56, 54, 51, 44, 54, 51, 57, 47, 37, 51, 36, 44, 38, 42, 44]
    Layer  9: dist=[40, 32, 31, 36, 45, 49, 48, 40, 62, 61, 60, 56, 14, 46, 32, 45, 49, 53, 59, 62, 44, 40, 35, 41, 61, 44, 49, 54, 62, 57, 63, 61]
    Layer 10: dist=[39, 39, 30, 39, 46, 55, 33, 41, 34, 45, 55, 26, 49, 36, 42, 44, 45, 53, 52, 50, 46, 31, 56, 51, 51, 56, 47, 43, 40, 39, 44, 47]
    Layer 11: dist=[33, 33, 47, 27, 29, 36, 43, 42, 52, 62, 57, 49, 44, 33, 38, 39, 39, 36, 33, 25, 42, 56, 46, 46, 39, 32, 36, 32, 49, 34, 31, 48]
    Layer 12: dist=[12, 40, 39, 33, 43, 46, 39, 36, 33, 36, 44, 44, 50, 45, 45, 49, 21, 38, 29, 44, 55, 54, 53, 56, 49, 1, 56, 23, 43, 45, 59, 49]
    Layer 13: dist=[29, 36, 39, 36, 31, 29, 35, 22, 47, 36, 52, 61, 64, 58, 55, 62, 46, 39, 31, 36, 47, 33, 44, 46, 44, 33, 40, 41, 58, 56, 49, 51]
    Layer 14: dist=[25, 35, 34, 24, 39, 24, 35, 33, 31, 32, 37, 37, 36, 40, 35, 36, 41, 46, 31, 35, 33, 17, 28, 42, 27, 38, 40, 38, 43, 44, 5, 48]
    Layer 15: dist=[45, 27, 43, 23, 20, 22, 41, 33, 48, 33, 26, 54, 37, 56, 41, 47, 33, 33, 34, 36, 33, 30, 27, 27, 27, 20, 41, 37, 38, 47, 38, 28]
    Layer 16: dist=[37, 32, 42, 47, 29, 35, 26, 31, 29, 45, 40, 43, 49, 35, 44, 47, 38, 41, 34, 35, 59, 60, 57, 54, 39, 28, 34, 6, 32, 33, 36, 32]
    Layer 17: dist=[58, 50, 41, 34, 28, 31, 22, 25, 44, 54, 42, 49, 23, 32, 39, 39, 24, 29, 32, 22, 39, 51, 49, 48, 30, 28, 31, 26, 29, 43, 47, 36]
    Layer 18: dist=[20, 27, 19, 18, 29, 37, 39, 30, 37, 40, 37, 45, 34, 34, 31, 35, 26, 41, 42, 28, 38, 28, 37, 52, 31, 35, 35, 36, 30, 29, 43, 31]
    Layer 19: dist=[39, 33, 35, 35, 43, 54, 30, 38, 40, 44, 41, 48, 35, 31, 40, 35, 44, 42, 26, 29, 10, 28, 18, 27, 52, 54, 52, 58, 44, 43, 41, 41]
    Layer 20: dist=[46, 39, 44, 40, 41, 27, 28, 31, 23, 21, 26, 21, 48, 42, 48, 50, 24, 28, 31, 21, 38, 57, 52, 51, 63, 51, 53, 44, 49, 43, 55, 55]
    Layer 21: dist=[26, 25, 30, 35, 58, 33, 53, 58, 61, 33, 39, 38, 26, 24, 25, 23, 39, 40, 45, 32, 47, 52, 48, 49, 35, 34, 32, 44, 38, 40, 34, 47]
    Layer 22: dist=[39, 32, 37, 33, 28, 38, 24, 30, 21, 27, 24, 35, 9, 46, 32, 35, 18, 40, 40, 23, 53, 59, 60, 61, 51, 44, 46, 48, 57, 47, 53, 50]
    Layer 23: dist=[22, 18, 26, 22, 55, 55, 22, 50, 41, 20, 24, 31, 37, 36, 41, 39, 41, 38, 42, 48, 41, 46, 42, 40, 41, 39, 37, 51, 47, 44, 44, 39]
    Layer 24: dist=[40, 62, 57, 51, 50, 56, 54, 47, 52, 54, 52, 43, 41, 39, 47, 40, 42, 49, 44, 42, 60, 53, 52, 58, 31, 41, 39, 29, 50, 57, 51, 47]
    Layer 25: dist=[50, 60, 59, 49, 38, 38, 54, 42, 46, 52, 47, 48, 36, 45, 27, 37, 48, 50, 49, 45, 54, 56, 55, 55, 58, 56, 50, 55, 46, 61, 51, 45]
    Layer 26: dist=[43, 47, 57, 36, 59, 57, 59, 56, 52, 56, 53, 49, 52, 62, 60, 60, 43, 46, 53, 50, 53, 54, 60, 57, 53, 50, 54, 50, 58, 50, 59, 51]
    Layer 27: dist=[48, 55, 54, 59, 50, 53, 52, 44, 41, 52, 55, 52, 41, 56, 42, 45, 51, 53, 53, 53, 47, 56, 54, 44, 57, 59, 60, 60, 50, 44, 45, 60]
    Layer 29: dist=[57, 58, 57, 58, 45, 56, 47, 58, 58, 57, 61, 54, 60, 61, 60, 61, 58, 56, 58, 60, 62, 61, 56, 62, 49, 59, 47, 49, 55, 51, 56, 56]
    Layer 30: dist=[40, 54, 51, 52, 53, 51, 48, 37, 60, 59, 58, 60, 53, 53, 57, 51, 52, 39, 61, 61, 29, 60, 53, 54, 60, 60, 61, 60, 55, 56, 54, 51]
    Layer 31: dist=[60, 58, 51, 49, 58, 59, 59, 59, 57, 41, 46, 47, 58, 59, 59, 58, 52, 53, 55, 48, 60, 59, 56, 59, 57, 56, 46, 60, 57, 55, 53, 57]
    Layer 32: dist=[56, 57, 58, 57, 58, 60, 59, 60, 56, 55, 59, 58, 48, 58, 54, 47, 58, 54, 54, 54, 62, 48, 57, 60, 36, 48, 44, 53, 58, 54, 51, 53]
    Layer 33: dist=[52, 61, 57, 60, 45, 52, 29, 47, 57, 58, 57, 58, 58, 59, 58, 59, 59, 59, 53, 56, 58, 49, 54, 57, 57, 59, 60, 59, 56, 56, 55, 53]
    Layer 34: dist=[56, 57, 58, 57, 55, 56, 55, 54, 25, 47, 54, 42, 58, 57, 60, 40, 42, 44, 62, 30, 58, 27, 59, 60, 61, 60, 62, 60, 26, 32, 35, 54]
    Layer 35: dist=[56, 62, 36, 50, 43, 19, 55, 48, 42, 51, 55, 49, 30, 17, 24, 22, 49, 45, 40, 27, 45, 52, 28, 27, 33, 27, 33, 35, 36, 57, 61, 58]

  [Taylor Step 2/3] OLS sigma per head (scaling V, streaming)...
    Layer  0: sigma=[0.255, 0.100, 0.100, 0.100, 0.198, 0.601, 0.100, 0.100, 0.100, 0.100, 0.141, 0.100, 0.100, 0.100, 0.100, 0.289, 0.100, 0.100, 0.100, 0.100, 0.100, 0.100, 0.100, 0.200, 0.100, 0.100, 0.576, 0.100, 0.251, 0.100, 0.100, 0.100]
    Layer  1: sigma=[0.280, 0.100, 0.100, 0.100, 0.100, 0.100, 0.100, 0.100, 0.100, 0.407, 0.281, 0.100, 0.100, 0.100, 0.100, 0.100, 0.100, 0.100, 0.100, 0.100, 0.100, 0.100, 0.100, 0.209, 0.100, 0.100, 0.179, 0.100, 0.100, 0.100, 0.100, 0.100]
    Layer  2: sigma=[0.150, 0.100, 0.100, 0.100, 0.100, 0.100, 0.100, 0.100, 0.159, 0.100, 0.100, 0.100, 0.100, 0.254, 0.100, 0.100, 0.100, 0.100, 0.100, 0.100, 0.100, 0.100, 0.100, 0.100, 0.100, 0.176, 0.100, 0.100, 0.100, 0.100, 0.100, 0.139]
    Layer  3: sigma=[0.100, 0.447, 0.100, 0.293, 0.100, 0.100, 0.100, 0.100, 0.100, 0.100, 0.100, 0.100, 0.100, 0.100, 0.100, 0.100, 0.100, 0.100, 0.123, 0.100, 0.100, 0.100, 0.100, 0.100, 0.100, 0.122, 0.111, 0.100, 0.100, 0.100, 0.100, 0.100]
    Layer  4: sigma=[0.100, 0.100, 0.100, 0.100, 0.100, 0.100, 0.100, 0.100, 0.100, 0.100, 0.100, 0.100, 0.100, 0.100, 0.100, 0.100, 0.100, 0.100, 0.100, 0.100, 0.100, 0.143, 0.325, 0.100, 0.100, 0.100, 0.100, 0.100, 0.100, 0.100, 0.100, 0.100]
    Layer  5: sigma=[0.100, 0.100, 0.128, 0.100, 0.100, 0.100, 0.100, 0.100, 0.100, 0.268, 0.100, 0.106, 0.100, 0.100, 0.100, 0.108, 0.100, 0.337, 0.100, 0.100, 0.100, 0.100, 0.100, 0.100, 0.100, 0.100, 0.100, 0.100, 0.100, 0.246, 0.100, 0.100]
    Layer  6: sigma=[0.100, 0.100, 0.165, 0.100, 0.119, 0.111, 0.100, 0.100, 0.100, 0.100, 0.100, 0.100, 0.100, 0.100, 0.100, 0.100, 0.100, 0.100, 0.100, 0.100, 0.246, 0.100, 0.100, 0.100, 0.100, 0.100, 0.105, 0.100, 0.100, 0.100, 0.100, 0.100]
    Layer  7: sigma=[0.100, 0.249, 0.100, 0.100, 0.126, 0.100, 0.100, 0.100, 0.100, 0.100, 0.100, 0.167, 0.100, 0.100, 0.100, 0.100, 0.100, 0.100, 0.100, 0.100, 0.100, 0.100, 0.100, 0.100, 0.100, 0.100, 0.100, 0.100, 0.100, 0.100, 0.100, 0.100]
    Layer  8: sigma=[0.100, 0.100, 0.100, 0.100, 0.100, 0.100, 0.100, 0.130, 0.100, 0.100, 0.100, 0.100, 0.100, 0.138, 0.100, 0.100, 0.100, 0.100, 0.100, 0.100, 0.100, 0.100, 0.100, 0.100, 0.100, 0.100, 0.100, 0.287, 0.100, 0.100, 0.100, 0.100]
    Layer  9: sigma=[0.100, 0.100, 0.125, 0.100, 0.100, 0.100, 0.100, 0.100, 0.100, 0.100, 0.100, 0.100, 0.100, 0.100, 0.773, 0.225, 0.100, 0.100, 0.100, 0.100, 0.123, 0.100, 0.100, 0.100, 0.100, 0.167, 0.100, 0.100, 0.100, 0.100, 0.100, 0.100]
    Layer 10: sigma=[0.100, 0.100, 0.100, 0.100, 0.100, 0.100, 0.100, 0.100, 0.137, 0.100, 0.100, 0.100, 0.100, 0.100, 0.100, 0.100, 0.100, 0.100, 0.100, 0.100, 0.100, 0.105, 0.100, 0.100, 0.100, 0.100, 0.100, 0.100, 0.103, 0.100, 0.106, 0.100]
    Layer 11: sigma=[0.100, 0.100, 0.100, 0.100, 0.217, 0.100, 0.169, 0.100, 0.100, 0.142, 0.100, 0.100, 0.143, 0.100, 0.302, 0.100, 0.100, 0.100, 0.100, 0.100, 0.100, 0.100, 0.100, 0.100, 0.100, 0.100, 0.247, 0.100, 0.100, 0.100, 0.103, 0.100]
    Layer 12: sigma=[0.100, 0.100, 0.100, 0.100, 0.100, 0.125, 0.100, 0.100, 0.100, 0.118, 0.100, 0.100, 0.100, 0.100, 0.100, 0.100, 0.100, 0.247, 0.441, 0.100, 0.100, 0.100, 0.100, 0.100, 0.100, 0.345, 0.100, 0.143, 0.100, 0.137, 0.144, 0.100]
    Layer 13: sigma=[0.247, 0.100, 0.100, 0.100, 0.100, 0.100, 0.100, 0.105, 0.100, 0.116, 0.126, 0.100, 0.100, 0.100, 0.100, 0.100, 0.100, 0.100, 0.100, 0.100, 0.100, 0.100, 0.100, 0.100, 0.100, 0.100, 0.100, 0.100, 0.100, 0.100, 0.100, 0.100]
    Layer 14: sigma=[0.100, 0.100, 0.103, 0.100, 0.100, 0.476, 0.100, 0.183, 0.100, 0.100, 0.100, 0.100, 0.100, 0.183, 0.100, 0.100, 0.100, 0.100, 0.172, 0.119, 0.100, 0.100, 0.100, 0.100, 0.100, 0.152, 0.100, 0.135, 0.100, 0.100, 0.100, 0.100]
    Layer 15: sigma=[0.100, 0.215, 0.100, 0.125, 0.227, 0.110, 0.100, 0.100, 0.100, 0.100, 0.100, 0.111, 0.261, 0.100, 0.100, 0.100, 0.100, 0.100, 0.105, 0.141, 0.100, 0.100, 0.100, 0.100, 0.279, 0.248, 0.100, 0.100, 0.100, 0.100, 0.100, 0.100]
    Layer 16: sigma=[0.329, 0.100, 0.100, 0.100, 0.100, 0.100, 0.100, 0.100, 0.100, 0.100, 0.100, 0.100, 0.100, 0.100, 0.100, 0.100, 0.100, 0.100, 0.100, 0.100, 0.100, 0.100, 0.100, 0.100, 0.100, 0.175, 0.100, 0.100, 0.100, 0.100, 0.100, 0.100]
    Layer 17: sigma=[0.100, 0.100, 0.100, 0.100, 0.100, 0.522, 0.100, 0.100, 0.104, 0.100, 0.100, 0.100, 0.100, 0.100, 0.100, 0.100, 0.357, 0.100, 0.100, 0.365, 0.100, 0.100, 0.100, 0.100, 0.112, 0.100, 0.345, 0.123, 0.100, 0.100, 0.100, 0.100]
    Layer 18: sigma=[0.100, 0.642, 0.100, 0.100, 0.100, 0.210, 0.100, 0.126, 0.100, 0.100, 0.100, 0.100, 0.100, 0.100, 0.100, 0.100, 0.433, 0.100, 0.100, 0.100, 0.100, 0.100, 0.100, 0.100, 0.100, 0.100, 0.100, 0.100, 0.100, 0.100, 0.100, 0.100]
    Layer 19: sigma=[0.100, 0.100, 0.100, 0.100, 0.100, 0.100, 0.244, 0.100, 0.100, 0.100, 0.100, 0.100, 0.200, 0.100, 0.100, 0.139, 0.100, 0.100, 0.100, 0.421, 0.100, 0.100, 0.100, 0.100, 0.100, 0.100, 0.100, 0.100, 0.100, 0.100, 0.100, 0.100]
    Layer 20: sigma=[0.100, 0.100, 0.176, 0.100, 0.100, 0.238, 0.148, 0.100, 0.100, 0.100, 0.100, 0.100, 0.100, 0.100, 0.100, 0.116, 0.203, 0.105, 0.100, 0.100, 0.100, 0.100, 0.100, 0.100, 0.100, 0.100, 0.100, 0.100, 0.100, 0.100, 0.100, 0.100]
    Layer 21: sigma=[0.100, 0.100, 0.100, 0.113, 0.100, 0.100, 0.100, 0.100, 0.100, 0.100, 0.100, 0.358, 0.100, 0.100, 0.146, 0.100, 0.100, 0.100, 0.100, 0.100, 0.100, 0.100, 0.100, 0.100, 0.100, 0.100, 0.100, 0.100, 0.109, 0.100, 0.359, 0.121]
    Layer 22: sigma=[0.160, 0.100, 0.100, 0.100, 0.151, 0.110, 0.156, 0.198, 0.206, 0.119, 0.100, 0.100, 0.100, 0.100, 0.100, 0.100, 0.100, 0.100, 0.101, 0.194, 0.100, 0.100, 0.100, 0.100, 0.100, 0.100, 0.100, 0.100, 0.100, 0.100, 0.100, 0.100]
    Layer 23: sigma=[0.201, 0.133, 0.225, 0.100, 0.125, 0.100, 0.148, 0.100, 0.100, 0.100, 0.100, 0.100, 0.100, 0.100, 0.100, 0.100, 0.100, 0.100, 0.100, 0.100, 0.100, 0.100, 0.100, 0.100, 0.100, 0.100, 0.100, 0.100, 0.100, 0.275, 0.254, 0.146]
    Layer 24: sigma=[0.100, 0.100, 0.100, 0.100, 0.100, 0.100, 0.100, 0.100, 0.180, 0.100, 0.100, 0.100, 0.100, 0.100, 0.100, 0.195, 0.100, 0.100, 0.100, 0.105, 0.100, 0.100, 0.100, 0.100, 0.236, 0.262, 0.150, 0.256, 0.100, 0.100, 0.100, 0.100]
    Layer 25: sigma=[0.100, 0.100, 0.100, 0.100, 0.100, 0.100, 0.100, 0.100, 0.100, 0.100, 0.100, 0.100, 0.100, 0.100, 0.100, 0.100, 0.100, 0.100, 0.100, 0.100, 0.100, 0.100, 0.100, 0.100, 0.100, 0.100, 0.100, 0.100, 0.100, 0.100, 0.100, 0.100]
    Layer 26: sigma=[0.100, 0.100, 0.100, 0.100, 0.100, 0.100, 0.100, 0.100, 0.100, 0.100, 0.100, 0.100, 0.100, 0.100, 0.100, 0.138, 0.100, 0.100, 0.100, 0.100, 0.100, 0.100, 0.100, 0.100, 0.100, 0.100, 0.100, 0.100, 0.100, 0.100, 0.100, 0.100]
    Layer 27: sigma=[0.100, 0.100, 0.100, 0.100, 0.100, 0.100, 0.100, 0.100, 0.100, 0.100, 0.100, 0.100, 0.100, 0.100, 0.100, 0.100, 0.100, 0.100, 0.100, 0.100, 0.100, 0.100, 0.100, 0.100, 0.100, 0.100, 0.100, 0.100, 0.100, 0.218, 0.100, 0.100]
    Layer 29: sigma=[0.100, 0.100, 0.100, 0.100, 0.100, 0.100, 0.100, 0.100, 0.100, 0.100, 0.100, 0.100, 0.100, 0.100, 0.100, 0.100, 0.100, 0.100, 0.100, 0.100, 0.100, 0.100, 0.100, 0.100, 0.100, 0.100, 0.100, 0.100, 0.100, 0.100, 0.100, 0.100]
    Layer 30: sigma=[0.100, 0.100, 0.100, 0.100, 0.100, 0.100, 0.100, 0.100, 0.100, 0.100, 0.100, 0.100, 0.100, 0.100, 0.100, 0.100, 0.100, 0.100, 0.100, 0.100, 0.100, 0.100, 0.100, 0.100, 0.100, 0.100, 0.100, 0.100, 0.100, 0.100, 0.100, 0.100]
    Layer 31: sigma=[0.100, 0.100, 0.100, 0.100, 0.100, 0.100, 0.100, 0.100, 0.100, 0.100, 0.100, 0.100, 0.100, 0.100, 0.100, 0.100, 0.100, 0.100, 0.100, 0.100, 0.100, 0.100, 0.100, 0.100, 0.100, 0.100, 0.100, 0.100, 0.100, 0.100, 0.100, 0.100]
    Layer 32: sigma=[0.100, 0.100, 0.100, 0.100, 0.100, 0.100, 0.100, 0.100, 0.100, 0.100, 0.100, 0.100, 0.100, 0.100, 0.100, 0.100, 0.100, 0.100, 0.100, 0.100, 0.100, 0.100, 0.100, 0.100, 0.100, 0.100, 0.100, 0.100, 0.100, 0.100, 0.100, 0.100]
    Layer 33: sigma=[0.100, 0.100, 0.100, 0.100, 0.100, 0.100, 0.100, 0.100, 0.100, 0.100, 0.100, 0.100, 0.100, 0.100, 0.100, 0.100, 0.100, 0.100, 0.100, 0.100, 0.100, 0.100, 0.100, 0.100, 0.100, 0.100, 0.100, 0.100, 0.100, 0.100, 0.100, 0.100]
    Layer 34: sigma=[0.100, 0.100, 0.100, 0.100, 0.100, 0.100, 0.100, 0.100, 0.100, 0.100, 0.100, 0.100, 0.100, 0.100, 0.100, 0.100, 0.100, 0.100, 0.100, 0.100, 0.100, 0.100, 0.100, 0.100, 0.100, 0.100, 0.100, 0.100, 0.100, 0.100, 0.100, 0.100]
    Layer 35: sigma=[0.100, 0.100, 0.100, 0.100, 0.110, 0.100, 0.100, 0.100, 0.100, 0.100, 0.100, 0.100, 0.100, 0.100, 0.100, 0.100, 0.100, 0.100, 0.100, 0.100, 0.100, 0.100, 0.107, 0.100, 0.100, 0.100, 0.100, 0.100, 0.100, 0.100, 0.100, 0.100]

  [Taylor Step 3/3] g_proj = v_proj * alpha (damping=0.01)...
    Layer  0: alpha=0.069098  teacher_rms=0.0168  v_rms=0.0024
    Layer  1: alpha=0.057847  teacher_rms=0.0216  v_rms=0.0037
    Layer  2: alpha=0.054907  teacher_rms=0.0222  v_rms=0.0041
    Layer  3: alpha=0.041743  teacher_rms=0.0261  v_rms=0.0063
    Layer  4: alpha=0.048854  teacher_rms=0.0316  v_rms=0.0065
    Layer  5: alpha=0.052572  teacher_rms=0.0412  v_rms=0.0078
    Layer  6: alpha=0.074638  teacher_rms=0.0646  v_rms=0.0087
    Layer  7: alpha=0.040333  teacher_rms=0.0510  v_rms=0.0126
    Layer  8: alpha=0.041414  teacher_rms=0.0695  v_rms=0.0168
    Layer  9: alpha=0.026640  teacher_rms=0.0701  v_rms=0.0263
    Layer 10: alpha=0.048861  teacher_rms=0.1071  v_rms=0.0219
    Layer 11: alpha=0.052830  teacher_rms=0.1038  v_rms=0.0196
    Layer 12: alpha=0.047291  teacher_rms=0.1177  v_rms=0.0249
    Layer 13: alpha=0.054650  teacher_rms=0.1013  v_rms=0.0185
    Layer 14: alpha=0.053629  teacher_rms=0.1546  v_rms=0.0288
    Layer 15: alpha=0.047201  teacher_rms=0.1546  v_rms=0.0328
    Layer 16: alpha=0.039569  teacher_rms=0.1446  v_rms=0.0365
    Layer 17: alpha=0.035592  teacher_rms=0.1762  v_rms=0.0495
    Layer 18: alpha=0.032379  teacher_rms=0.1919  v_rms=0.0593
    Layer 19: alpha=0.048399  teacher_rms=0.2023  v_rms=0.0418
    Layer 20: alpha=0.052116  teacher_rms=0.1938  v_rms=0.0372
    Layer 21: alpha=0.044722  teacher_rms=0.2301  v_rms=0.0514
    Layer 22: alpha=0.052556  teacher_rms=0.2755  v_rms=0.0524
    Layer 23: alpha=0.048085  teacher_rms=0.3026  v_rms=0.0629
    Layer 24: alpha=0.034279  teacher_rms=0.2864  v_rms=0.0835
    Layer 25: alpha=0.038418  teacher_rms=0.2261  v_rms=0.0589
    Layer 26: alpha=0.026925  teacher_rms=0.1994  v_rms=0.0740
    Layer 27: alpha=0.032699  teacher_rms=0.2900  v_rms=0.0887
    Layer 29: alpha=0.016275  teacher_rms=0.2479  v_rms=0.1523
    Layer 30: alpha=0.025867  teacher_rms=0.3921  v_rms=0.1516
    Layer 31: alpha=0.018626  teacher_rms=0.3452  v_rms=0.1853
    Layer 32: alpha=0.021930  teacher_rms=0.5106  v_rms=0.2328
    Layer 33: alpha=0.016345  teacher_rms=0.5964  v_rms=0.3649
    Layer 34: alpha=0.031180  teacher_rms=1.0165  v_rms=0.3260
    Layer 35: alpha=0.058263  teacher_rms=1.0378  v_rms=0.1781

  Set g_proj = v_proj * alpha in 35 GDN layers (damping=0.01).
  Init (taylor_distill) done in 335.4s
  Layer 28: PPL = 1208.91  (eval 19.6s)

============================================================
  Probing layer 29 | strategy=taylor_distill
============================================================
Loading checkpoint shards:   0%|          | 0/4 [00:00<?, ?it/s]Loading checkpoint shards: 100%|██████████| 4/4 [00:00<00:00, 121.85it/s]
Could not cache non-existence of file. Will ignore error and continue. Error: [Errno 13] Permission denied: '/data/shared/huggingface/hub/models--Qwen--Qwen3-8B/.no_exist/b968826d9c46dd6066d109eabc6255188de91218/model.safetensors'
Loading checkpoint shards:   0%|          | 0/5 [00:00<?, ?it/s]Loading checkpoint shards: 100%|██████████| 5/5 [00:00<00:00, 127.74it/s]
Token indices sequence length is longer than the specified maximum sequence length for this model (2429029 > 131072). Running this sequence through the model will result in indexing errors
  [Taylor Step 1/3] Gate calibration from attention stats...
    Layer  0: dist=[18, 2, 6, 20, 8, 14, 6, 7, 10, 4, 6, 7, 10, 18, 17, 5, 9, 11, 8, 8, 8, 12, 2, 7, 4, 26, 5, 26, 9, 19, 9, 8]
    Layer  1: dist=[12, 21, 14, 26, 2, 9, 17, 7, 25, 18, 32, 29, 18, 28, 28, 20, 17, 26, 31, 18, 28, 17, 21, 21, 26, 8, 25, 23, 41, 16, 20, 28]
    Layer  2: dist=[36, 36, 37, 32, 17, 27, 20, 24, 21, 24, 29, 33, 28, 25, 26, 34, 32, 26, 28, 22, 28, 36, 27, 27, 14, 14, 11, 19, 41, 42, 43, 41]
    Layer  3: dist=[40, 20, 9, 12, 49, 50, 46, 42, 30, 27, 33, 31, 49, 43, 42, 42, 35, 37, 29, 37, 42, 33, 32, 36, 35, 30, 29, 33, 39, 36, 40, 37]
    Layer  4: dist=[31, 35, 41, 36, 41, 33, 35, 48, 37, 38, 34, 34, 31, 31, 38, 35, 35, 37, 38, 39, 34, 35, 25, 34, 26, 32, 27, 21, 28, 33, 30, 30]
    Layer  5: dist=[23, 29, 30, 21, 36, 34, 29, 29, 4, 14, 40, 38, 31, 43, 32, 30, 23, 20, 28, 28, 29, 30, 27, 33, 38, 39, 43, 43, 26, 25, 29, 32]
    Layer  6: dist=[16, 22, 17, 17, 27, 24, 34, 32, 25, 12, 21, 20, 31, 34, 28, 16, 28, 20, 24, 23, 13, 18, 18, 8, 21, 24, 18, 28, 24, 25, 21, 27]
    Layer  7: dist=[31, 36, 33, 46, 63, 57, 63, 60, 45, 60, 53, 41, 54, 15, 30, 49, 42, 54, 44, 44, 54, 45, 58, 59, 34, 41, 25, 43, 49, 51, 49, 54]
    Layer  8: dist=[45, 46, 49, 29, 43, 41, 35, 44, 46, 52, 43, 48, 51, 43, 49, 36, 60, 56, 54, 51, 44, 54, 51, 57, 47, 37, 51, 36, 44, 38, 42, 44]
    Layer  9: dist=[40, 32, 31, 36, 45, 49, 48, 40, 62, 61, 60, 56, 14, 46, 32, 45, 49, 53, 59, 62, 44, 40, 35, 41, 61, 44, 49, 54, 62, 57, 63, 61]
    Layer 10: dist=[39, 39, 30, 39, 46, 55, 33, 41, 34, 45, 55, 26, 49, 36, 42, 44, 45, 53, 52, 50, 46, 31, 56, 51, 51, 56, 47, 43, 40, 39, 44, 47]
    Layer 11: dist=[33, 33, 47, 27, 29, 36, 43, 42, 52, 62, 57, 49, 44, 33, 38, 39, 39, 36, 33, 25, 42, 56, 46, 46, 39, 32, 36, 32, 49, 34, 31, 48]
    Layer 12: dist=[12, 40, 39, 33, 43, 46, 39, 36, 33, 36, 44, 44, 50, 45, 45, 49, 21, 38, 29, 44, 55, 54, 53, 56, 49, 1, 56, 23, 43, 45, 59, 49]
    Layer 13: dist=[29, 36, 39, 36, 31, 29, 35, 22, 47, 36, 52, 61, 64, 58, 55, 62, 46, 39, 31, 36, 47, 33, 44, 46, 44, 33, 40, 41, 58, 56, 49, 51]
    Layer 14: dist=[25, 35, 34, 24, 39, 24, 35, 33, 31, 32, 37, 37, 36, 40, 35, 36, 41, 46, 31, 35, 33, 17, 28, 42, 27, 38, 40, 38, 43, 44, 5, 48]
    Layer 15: dist=[45, 27, 43, 23, 20, 22, 41, 33, 48, 33, 26, 54, 37, 56, 41, 47, 33, 33, 34, 36, 33, 30, 27, 27, 27, 20, 41, 37, 38, 47, 38, 28]
    Layer 16: dist=[37, 32, 42, 47, 29, 35, 26, 31, 29, 45, 40, 43, 49, 35, 44, 47, 38, 41, 34, 35, 59, 60, 57, 54, 39, 28, 34, 6, 32, 33, 36, 32]
    Layer 17: dist=[58, 50, 41, 34, 28, 31, 22, 25, 44, 54, 42, 49, 23, 32, 39, 39, 24, 29, 32, 22, 39, 51, 49, 48, 30, 28, 31, 26, 29, 43, 47, 36]
    Layer 18: dist=[20, 27, 19, 18, 29, 37, 39, 30, 37, 40, 37, 45, 34, 34, 31, 35, 26, 41, 42, 28, 38, 28, 37, 52, 31, 35, 35, 36, 30, 29, 43, 31]
    Layer 19: dist=[39, 33, 35, 35, 43, 54, 30, 38, 40, 44, 41, 48, 35, 31, 40, 35, 44, 42, 26, 29, 10, 28, 18, 27, 52, 54, 52, 58, 44, 43, 41, 41]
    Layer 20: dist=[46, 39, 44, 40, 41, 27, 28, 31, 23, 21, 26, 21, 48, 42, 48, 50, 24, 28, 31, 21, 38, 57, 52, 51, 63, 51, 53, 44, 49, 43, 55, 55]
    Layer 21: dist=[26, 25, 30, 35, 58, 33, 53, 58, 61, 33, 39, 38, 26, 24, 25, 23, 39, 40, 45, 32, 47, 52, 48, 49, 35, 34, 32, 44, 38, 40, 34, 47]
    Layer 22: dist=[39, 32, 37, 33, 28, 38, 24, 30, 21, 27, 24, 35, 9, 46, 32, 35, 18, 40, 40, 23, 53, 59, 60, 61, 51, 44, 46, 48, 57, 47, 53, 50]
    Layer 23: dist=[22, 18, 26, 22, 55, 55, 22, 50, 41, 20, 24, 31, 37, 36, 41, 39, 41, 38, 42, 48, 41, 46, 42, 40, 41, 39, 37, 51, 47, 44, 44, 39]
    Layer 24: dist=[40, 62, 57, 51, 50, 56, 54, 47, 52, 54, 52, 43, 41, 39, 47, 40, 42, 49, 44, 42, 60, 53, 52, 58, 31, 41, 39, 29, 50, 57, 51, 47]
    Layer 25: dist=[50, 60, 59, 49, 38, 38, 54, 42, 46, 52, 47, 48, 36, 45, 27, 37, 48, 50, 49, 45, 54, 56, 55, 55, 58, 56, 50, 55, 46, 61, 51, 45]
    Layer 26: dist=[43, 47, 57, 36, 59, 57, 59, 56, 52, 56, 53, 49, 52, 62, 60, 60, 43, 46, 53, 50, 53, 54, 60, 57, 53, 50, 54, 50, 58, 50, 59, 51]
    Layer 27: dist=[48, 55, 54, 59, 50, 53, 52, 44, 41, 52, 55, 52, 41, 56, 42, 45, 51, 53, 53, 53, 47, 56, 54, 44, 57, 59, 60, 60, 50, 44, 45, 60]
    Layer 28: dist=[53, 47, 54, 53, 41, 35, 40, 38, 52, 57, 47, 46, 57, 53, 48, 50, 57, 51, 53, 55, 59, 37, 32, 46, 47, 46, 50, 51, 46, 48, 35, 49]
    Layer 30: dist=[40, 54, 51, 52, 53, 51, 48, 37, 60, 59, 58, 60, 53, 53, 57, 51, 52, 39, 61, 61, 29, 60, 53, 54, 60, 60, 61, 60, 55, 56, 54, 51]
    Layer 31: dist=[60, 58, 51, 49, 58, 59, 59, 59, 57, 41, 46, 47, 58, 59, 59, 58, 52, 53, 55, 48, 60, 59, 56, 59, 57, 56, 46, 60, 57, 55, 53, 57]
    Layer 32: dist=[56, 57, 58, 57, 58, 60, 59, 60, 56, 55, 59, 58, 48, 58, 54, 47, 58, 54, 54, 54, 62, 48, 57, 60, 36, 48, 44, 53, 58, 54, 51, 53]
    Layer 33: dist=[52, 61, 57, 60, 45, 52, 29, 47, 57, 58, 57, 58, 58, 59, 58, 59, 59, 59, 53, 56, 58, 49, 54, 57, 57, 59, 60, 59, 56, 56, 55, 53]
    Layer 34: dist=[56, 57, 58, 57, 55, 56, 55, 54, 25, 47, 54, 42, 58, 57, 60, 40, 42, 44, 62, 30, 58, 27, 59, 60, 61, 60, 62, 60, 26, 32, 35, 54]
    Layer 35: dist=[56, 62, 36, 50, 43, 19, 55, 48, 42, 51, 55, 49, 30, 17, 24, 22, 49, 45, 40, 27, 45, 52, 28, 27, 33, 27, 33, 35, 36, 57, 61, 58]

  [Taylor Step 2/3] OLS sigma per head (scaling V, streaming)...
    Layer  0: sigma=[0.256, 0.100, 0.100, 0.100, 0.196, 0.602, 0.100, 0.100, 0.100, 0.100, 0.141, 0.100, 0.100, 0.100, 0.100, 0.290, 0.100, 0.100, 0.100, 0.100, 0.100, 0.100, 0.100, 0.200, 0.100, 0.100, 0.578, 0.100, 0.251, 0.100, 0.100, 0.100]
    Layer  1: sigma=[0.279, 0.100, 0.100, 0.100, 0.100, 0.100, 0.100, 0.100, 0.100, 0.410, 0.278, 0.100, 0.100, 0.100, 0.100, 0.100, 0.100, 0.100, 0.100, 0.100, 0.100, 0.100, 0.100, 0.206, 0.100, 0.100, 0.179, 0.100, 0.100, 0.100, 0.100, 0.100]
    Layer  2: sigma=[0.152, 0.100, 0.100, 0.100, 0.100, 0.100, 0.100, 0.100, 0.159, 0.100, 0.100, 0.100, 0.100, 0.257, 0.100, 0.100, 0.100, 0.100, 0.100, 0.100, 0.100, 0.100, 0.100, 0.100, 0.100, 0.175, 0.100, 0.100, 0.100, 0.100, 0.100, 0.138]
    Layer  3: sigma=[0.100, 0.449, 0.100, 0.291, 0.100, 0.100, 0.100, 0.100, 0.100, 0.100, 0.100, 0.100, 0.100, 0.100, 0.100, 0.100, 0.100, 0.100, 0.116, 0.100, 0.100, 0.100, 0.100, 0.100, 0.100, 0.125, 0.107, 0.100, 0.100, 0.100, 0.100, 0.100]
    Layer  4: sigma=[0.100, 0.100, 0.100, 0.100, 0.100, 0.100, 0.100, 0.100, 0.100, 0.100, 0.100, 0.100, 0.100, 0.100, 0.100, 0.100, 0.100, 0.100, 0.100, 0.100, 0.100, 0.144, 0.313, 0.100, 0.100, 0.100, 0.100, 0.100, 0.100, 0.100, 0.100, 0.100]
    Layer  5: sigma=[0.100, 0.100, 0.108, 0.100, 0.100, 0.100, 0.100, 0.100, 0.100, 0.271, 0.100, 0.103, 0.100, 0.100, 0.100, 0.105, 0.100, 0.334, 0.100, 0.100, 0.100, 0.100, 0.100, 0.100, 0.100, 0.100, 0.100, 0.100, 0.100, 0.246, 0.100, 0.100]
    Layer  6: sigma=[0.100, 0.100, 0.166, 0.100, 0.115, 0.107, 0.100, 0.100, 0.100, 0.100, 0.100, 0.100, 0.100, 0.100, 0.100, 0.100, 0.100, 0.100, 0.100, 0.100, 0.242, 0.100, 0.100, 0.100, 0.100, 0.100, 0.103, 0.100, 0.100, 0.100, 0.100, 0.100]
    Layer  7: sigma=[0.100, 0.250, 0.100, 0.100, 0.130, 0.100, 0.100, 0.100, 0.100, 0.100, 0.100, 0.157, 0.100, 0.100, 0.100, 0.100, 0.100, 0.100, 0.100, 0.100, 0.100, 0.100, 0.100, 0.100, 0.100, 0.100, 0.100, 0.100, 0.100, 0.100, 0.100, 0.100]
    Layer  8: sigma=[0.100, 0.100, 0.100, 0.100, 0.100, 0.100, 0.100, 0.121, 0.100, 0.100, 0.100, 0.100, 0.100, 0.120, 0.100, 0.100, 0.100, 0.100, 0.100, 0.100, 0.100, 0.100, 0.100, 0.100, 0.100, 0.100, 0.100, 0.293, 0.100, 0.100, 0.100, 0.100]
    Layer  9: sigma=[0.100, 0.100, 0.128, 0.100, 0.100, 0.100, 0.100, 0.100, 0.100, 0.100, 0.100, 0.100, 0.100, 0.100, 0.806, 0.234, 0.100, 0.100, 0.100, 0.100, 0.133, 0.100, 0.100, 0.100, 0.100, 0.163, 0.100, 0.100, 0.100, 0.100, 0.100, 0.100]
    Layer 10: sigma=[0.100, 0.100, 0.100, 0.100, 0.100, 0.100, 0.100, 0.100, 0.117, 0.100, 0.100, 0.100, 0.100, 0.100, 0.100, 0.100, 0.100, 0.100, 0.100, 0.100, 0.100, 0.100, 0.100, 0.100, 0.100, 0.100, 0.100, 0.100, 0.102, 0.100, 0.104, 0.100]
    Layer 11: sigma=[0.100, 0.100, 0.100, 0.100, 0.214, 0.100, 0.167, 0.100, 0.100, 0.133, 0.100, 0.100, 0.146, 0.100, 0.292, 0.100, 0.100, 0.100, 0.100, 0.100, 0.100, 0.100, 0.100, 0.100, 0.100, 0.100, 0.247, 0.100, 0.100, 0.100, 0.104, 0.100]
    Layer 12: sigma=[0.100, 0.100, 0.100, 0.100, 0.100, 0.117, 0.100, 0.100, 0.100, 0.124, 0.100, 0.100, 0.100, 0.100, 0.100, 0.100, 0.100, 0.290, 0.519, 0.100, 0.100, 0.100, 0.100, 0.100, 0.100, 0.318, 0.100, 0.145, 0.100, 0.134, 0.138, 0.100]
    Layer 13: sigma=[0.269, 0.100, 0.100, 0.100, 0.100, 0.100, 0.100, 0.113, 0.100, 0.121, 0.128, 0.100, 0.100, 0.100, 0.100, 0.100, 0.100, 0.100, 0.100, 0.100, 0.100, 0.100, 0.100, 0.100, 0.100, 0.100, 0.100, 0.100, 0.100, 0.100, 0.100, 0.100]
    Layer 14: sigma=[0.100, 0.100, 0.112, 0.100, 0.100, 0.456, 0.100, 0.167, 0.100, 0.100, 0.100, 0.100, 0.100, 0.178, 0.100, 0.100, 0.100, 0.100, 0.166, 0.100, 0.100, 0.100, 0.100, 0.100, 0.100, 0.160, 0.100, 0.132, 0.100, 0.100, 0.100, 0.100]
    Layer 15: sigma=[0.100, 0.239, 0.100, 0.107, 0.221, 0.118, 0.100, 0.100, 0.100, 0.100, 0.100, 0.100, 0.264, 0.100, 0.100, 0.100, 0.100, 0.100, 0.100, 0.146, 0.100, 0.100, 0.100, 0.100, 0.246, 0.243, 0.100, 0.100, 0.100, 0.100, 0.100, 0.100]
    Layer 16: sigma=[0.352, 0.100, 0.100, 0.100, 0.100, 0.100, 0.100, 0.100, 0.100, 0.100, 0.100, 0.100, 0.100, 0.100, 0.100, 0.100, 0.100, 0.100, 0.100, 0.100, 0.100, 0.100, 0.100, 0.100, 0.100, 0.168, 0.100, 0.100, 0.100, 0.100, 0.100, 0.100]
    Layer 17: sigma=[0.100, 0.100, 0.100, 0.100, 0.100, 0.518, 0.100, 0.100, 0.109, 0.100, 0.100, 0.100, 0.100, 0.100, 0.100, 0.100, 0.324, 0.100, 0.100, 0.362, 0.100, 0.100, 0.100, 0.100, 0.100, 0.100, 0.357, 0.129, 0.100, 0.100, 0.100, 0.100]
    Layer 18: sigma=[0.100, 0.610, 0.100, 0.100, 0.100, 0.180, 0.100, 0.100, 0.100, 0.100, 0.100, 0.100, 0.100, 0.100, 0.100, 0.100, 0.426, 0.100, 0.100, 0.100, 0.100, 0.100, 0.100, 0.100, 0.100, 0.100, 0.100, 0.100, 0.100, 0.100, 0.100, 0.100]
    Layer 19: sigma=[0.100, 0.100, 0.100, 0.100, 0.100, 0.100, 0.221, 0.100, 0.100, 0.100, 0.100, 0.100, 0.212, 0.100, 0.100, 0.160, 0.100, 0.100, 0.100, 0.433, 0.100, 0.100, 0.100, 0.100, 0.100, 0.100, 0.100, 0.100, 0.100, 0.100, 0.100, 0.100]
    Layer 20: sigma=[0.100, 0.100, 0.182, 0.100, 0.100, 0.252, 0.121, 0.100, 0.100, 0.100, 0.100, 0.100, 0.100, 0.100, 0.100, 0.106, 0.210, 0.100, 0.100, 0.100, 0.100, 0.100, 0.100, 0.100, 0.100, 0.100, 0.100, 0.100, 0.100, 0.100, 0.100, 0.100]
    Layer 21: sigma=[0.100, 0.100, 0.100, 0.100, 0.100, 0.100, 0.100, 0.100, 0.100, 0.100, 0.100, 0.405, 0.100, 0.100, 0.100, 0.100, 0.100, 0.100, 0.100, 0.113, 0.100, 0.100, 0.100, 0.100, 0.100, 0.100, 0.100, 0.100, 0.100, 0.100, 0.338, 0.121]
    Layer 22: sigma=[0.209, 0.100, 0.100, 0.100, 0.177, 0.105, 0.108, 0.214, 0.209, 0.108, 0.100, 0.100, 0.100, 0.100, 0.100, 0.100, 0.100, 0.100, 0.100, 0.125, 0.100, 0.100, 0.100, 0.100, 0.100, 0.100, 0.100, 0.100, 0.100, 0.100, 0.100, 0.100]
    Layer 23: sigma=[0.191, 0.105, 0.207, 0.100, 0.128, 0.100, 0.215, 0.100, 0.100, 0.100, 0.100, 0.100, 0.100, 0.100, 0.100, 0.100, 0.100, 0.100, 0.100, 0.100, 0.100, 0.100, 0.100, 0.100, 0.100, 0.100, 0.100, 0.100, 0.100, 0.182, 0.189, 0.230]
    Layer 24: sigma=[0.100, 0.100, 0.100, 0.100, 0.100, 0.100, 0.100, 0.100, 0.165, 0.100, 0.100, 0.100, 0.100, 0.100, 0.100, 0.174, 0.100, 0.100, 0.100, 0.125, 0.100, 0.100, 0.100, 0.100, 0.303, 0.363, 0.335, 0.237, 0.100, 0.100, 0.100, 0.100]
    Layer 25: sigma=[0.100, 0.100, 0.100, 0.100, 0.100, 0.100, 0.100, 0.100, 0.100, 0.100, 0.100, 0.100, 0.100, 0.100, 0.100, 0.100, 0.100, 0.100, 0.100, 0.100, 0.100, 0.100, 0.100, 0.100, 0.100, 0.100, 0.100, 0.100, 0.100, 0.100, 0.100, 0.100]
    Layer 26: sigma=[0.100, 0.100, 0.100, 0.100, 0.100, 0.100, 0.100, 0.100, 0.100, 0.100, 0.100, 0.100, 0.100, 0.100, 0.100, 0.106, 0.100, 0.100, 0.100, 0.100, 0.100, 0.100, 0.100, 0.100, 0.100, 0.100, 0.100, 0.100, 0.100, 0.100, 0.100, 0.100]
    Layer 27: sigma=[0.100, 0.100, 0.100, 0.100, 0.100, 0.100, 0.100, 0.100, 0.100, 0.100, 0.100, 0.100, 0.100, 0.100, 0.100, 0.100, 0.100, 0.100, 0.100, 0.100, 0.100, 0.100, 0.100, 0.100, 0.100, 0.100, 0.100, 0.100, 0.100, 0.108, 0.100, 0.100]
    Layer 28: sigma=[0.100, 0.100, 0.100, 0.100, 0.112, 0.123, 0.100, 0.172, 0.100, 0.100, 0.100, 0.100, 0.100, 0.100, 0.100, 0.100, 0.100, 0.100, 0.100, 0.100, 0.100, 0.100, 0.100, 0.100, 0.100, 0.100, 0.100, 0.100, 0.100, 0.100, 0.100, 0.100]
    Layer 30: sigma=[0.100, 0.100, 0.100, 0.100, 0.100, 0.100, 0.100, 0.100, 0.100, 0.100, 0.100, 0.100, 0.100, 0.100, 0.100, 0.128, 0.100, 0.100, 0.100, 0.100, 0.100, 0.100, 0.100, 0.100, 0.100, 0.100, 0.100, 0.100, 0.100, 0.100, 0.100, 0.100]
    Layer 31: sigma=[0.100, 0.100, 0.100, 0.100, 0.100, 0.100, 0.100, 0.100, 0.100, 0.100, 0.100, 0.100, 0.100, 0.100, 0.100, 0.100, 0.100, 0.102, 0.100, 0.100, 0.100, 0.100, 0.100, 0.100, 0.100, 0.100, 0.100, 0.100, 0.100, 0.100, 0.100, 0.100]
    Layer 32: sigma=[0.100, 0.100, 0.100, 0.100, 0.100, 0.100, 0.100, 0.100, 0.100, 0.100, 0.100, 0.100, 0.100, 0.100, 0.100, 0.100, 0.100, 0.100, 0.100, 0.100, 0.100, 0.100, 0.100, 0.100, 0.100, 0.100, 0.100, 0.100, 0.100, 0.100, 0.100, 0.100]
    Layer 33: sigma=[0.100, 0.100, 0.100, 0.100, 0.100, 0.100, 0.119, 0.100, 0.100, 0.100, 0.100, 0.100, 0.100, 0.100, 0.100, 0.100, 0.100, 0.100, 0.100, 0.100, 0.100, 0.100, 0.100, 0.100, 0.100, 0.100, 0.100, 0.100, 0.100, 0.100, 0.100, 0.100]
    Layer 34: sigma=[0.100, 0.100, 0.100, 0.100, 0.100, 0.100, 0.100, 0.100, 0.117, 0.100, 0.100, 0.100, 0.100, 0.100, 0.100, 0.100, 0.100, 0.100, 0.100, 0.100, 0.100, 0.100, 0.100, 0.100, 0.100, 0.100, 0.100, 0.100, 0.100, 0.100, 0.100, 0.100]
    Layer 35: sigma=[0.100, 0.100, 0.100, 0.100, 0.105, 0.100, 0.100, 0.100, 0.100, 0.100, 0.100, 0.100, 0.100, 0.100, 0.100, 0.100, 0.100, 0.100, 0.100, 0.100, 0.100, 0.100, 0.133, 0.100, 0.100, 0.100, 0.100, 0.100, 0.100, 0.100, 0.100, 0.100]

  [Taylor Step 3/3] g_proj = v_proj * alpha (damping=0.01)...
    Layer  0: alpha=0.068975  teacher_rms=0.0168  v_rms=0.0024
    Layer  1: alpha=0.057878  teacher_rms=0.0216  v_rms=0.0037
    Layer  2: alpha=0.054820  teacher_rms=0.0222  v_rms=0.0041
    Layer  3: alpha=0.041813  teacher_rms=0.0261  v_rms=0.0063
    Layer  4: alpha=0.049166  teacher_rms=0.0316  v_rms=0.0064
    Layer  5: alpha=0.052872  teacher_rms=0.0412  v_rms=0.0078
    Layer  6: alpha=0.074876  teacher_rms=0.0646  v_rms=0.0086
    Layer  7: alpha=0.040412  teacher_rms=0.0510  v_rms=0.0126
    Layer  8: alpha=0.041510  teacher_rms=0.0695  v_rms=0.0167
    Layer  9: alpha=0.025846  teacher_rms=0.0701  v_rms=0.0271
    Layer 10: alpha=0.049320  teacher_rms=0.1071  v_rms=0.0217
    Layer 11: alpha=0.053259  teacher_rms=0.1038  v_rms=0.0195
    Layer 12: alpha=0.044980  teacher_rms=0.1177  v_rms=0.0262
    Layer 13: alpha=0.053640  teacher_rms=0.1013  v_rms=0.0189
    Layer 14: alpha=0.055205  teacher_rms=0.1546  v_rms=0.0280
    Layer 15: alpha=0.047278  teacher_rms=0.1546  v_rms=0.0327
    Layer 16: alpha=0.039118  teacher_rms=0.1446  v_rms=0.0370
    Layer 17: alpha=0.035762  teacher_rms=0.1762  v_rms=0.0493
    Layer 18: alpha=0.033681  teacher_rms=0.1919  v_rms=0.0570
    Layer 19: alpha=0.047932  teacher_rms=0.2023  v_rms=0.0422
    Layer 20: alpha=0.052009  teacher_rms=0.1938  v_rms=0.0373
    Layer 21: alpha=0.043921  teacher_rms=0.2301  v_rms=0.0524
    Layer 22: alpha=0.052242  teacher_rms=0.2755  v_rms=0.0527
    Layer 23: alpha=0.049974  teacher_rms=0.3026  v_rms=0.0606
    Layer 24: alpha=0.030096  teacher_rms=0.2864  v_rms=0.0952
    Layer 25: alpha=0.038418  teacher_rms=0.2261  v_rms=0.0589
    Layer 26: alpha=0.027340  teacher_rms=0.1994  v_rms=0.0729
    Layer 27: alpha=0.034335  teacher_rms=0.2900  v_rms=0.0845
    Layer 28: alpha=0.039346  teacher_rms=0.3530  v_rms=0.0897
    Layer 30: alpha=0.025672  teacher_rms=0.3921  v_rms=0.1528
    Layer 31: alpha=0.018622  teacher_rms=0.3452  v_rms=0.1854
    Layer 32: alpha=0.021930  teacher_rms=0.5106  v_rms=0.2328
    Layer 33: alpha=0.016320  teacher_rms=0.5964  v_rms=0.3654
    Layer 34: alpha=0.031099  teacher_rms=1.0165  v_rms=0.3269
    Layer 35: alpha=0.057925  teacher_rms=1.0378  v_rms=0.1792

  Set g_proj = v_proj * alpha in 35 GDN layers (damping=0.01).
  Init (taylor_distill) done in 340.1s
  Layer 29: PPL = 1055.26  (eval 18.7s)

============================================================
  Probing layer 30 | strategy=taylor_distill
============================================================
Loading checkpoint shards:   0%|          | 0/4 [00:00<?, ?it/s]Loading checkpoint shards: 100%|██████████| 4/4 [00:00<00:00, 153.47it/s]
Could not cache non-existence of file. Will ignore error and continue. Error: [Errno 13] Permission denied: '/data/shared/huggingface/hub/models--Qwen--Qwen3-8B/.no_exist/b968826d9c46dd6066d109eabc6255188de91218/model.safetensors'
Loading checkpoint shards:   0%|          | 0/5 [00:00<?, ?it/s]Loading checkpoint shards: 100%|██████████| 5/5 [00:00<00:00, 143.04it/s]
Token indices sequence length is longer than the specified maximum sequence length for this model (2429029 > 131072). Running this sequence through the model will result in indexing errors
  [Taylor Step 1/3] Gate calibration from attention stats...
    Layer  0: dist=[18, 2, 6, 20, 8, 14, 6, 7, 10, 4, 6, 7, 10, 18, 17, 5, 9, 11, 8, 8, 8, 12, 2, 7, 4, 26, 5, 26, 9, 19, 9, 8]
    Layer  1: dist=[12, 21, 14, 26, 2, 9, 17, 7, 25, 18, 32, 29, 18, 28, 28, 20, 17, 26, 31, 18, 28, 17, 21, 21, 26, 8, 25, 23, 41, 16, 20, 28]
    Layer  2: dist=[36, 36, 37, 32, 17, 27, 20, 24, 21, 24, 29, 33, 28, 25, 26, 34, 32, 26, 28, 22, 28, 36, 27, 27, 14, 14, 11, 19, 41, 42, 43, 41]
    Layer  3: dist=[40, 20, 9, 12, 49, 50, 46, 42, 30, 27, 33, 31, 49, 43, 42, 42, 35, 37, 29, 37, 42, 33, 32, 36, 35, 30, 29, 33, 39, 36, 40, 37]
    Layer  4: dist=[31, 35, 41, 36, 41, 33, 35, 48, 37, 38, 34, 34, 31, 31, 38, 35, 35, 37, 38, 39, 34, 35, 25, 34, 26, 32, 27, 21, 28, 33, 30, 30]
    Layer  5: dist=[23, 29, 30, 21, 36, 34, 29, 29, 4, 14, 40, 38, 31, 43, 32, 30, 23, 20, 28, 28, 29, 30, 27, 33, 38, 39, 43, 43, 26, 25, 29, 32]
    Layer  6: dist=[16, 22, 17, 17, 27, 24, 34, 32, 25, 12, 21, 20, 31, 34, 28, 16, 28, 20, 24, 23, 13, 18, 18, 8, 21, 24, 18, 28, 24, 25, 21, 27]
    Layer  7: dist=[31, 36, 33, 46, 63, 57, 63, 60, 45, 60, 53, 41, 54, 15, 30, 49, 42, 54, 44, 44, 54, 45, 58, 59, 34, 41, 25, 43, 49, 51, 49, 54]
    Layer  8: dist=[45, 46, 49, 29, 43, 41, 35, 44, 46, 52, 43, 48, 51, 43, 49, 36, 60, 56, 54, 51, 44, 54, 51, 57, 47, 37, 51, 36, 44, 38, 42, 44]
    Layer  9: dist=[40, 32, 31, 36, 45, 49, 48, 40, 62, 61, 60, 56, 14, 46, 32, 45, 49, 53, 59, 62, 44, 40, 35, 41, 61, 44, 49, 54, 62, 57, 63, 61]
    Layer 10: dist=[39, 39, 30, 39, 46, 55, 33, 41, 34, 45, 55, 26, 49, 36, 42, 44, 45, 53, 52, 50, 46, 31, 56, 51, 51, 56, 47, 43, 40, 39, 44, 47]
    Layer 11: dist=[33, 33, 47, 27, 29, 36, 43, 42, 52, 62, 57, 49, 44, 33, 38, 39, 39, 36, 33, 25, 42, 56, 46, 46, 39, 32, 36, 32, 49, 34, 31, 48]
    Layer 12: dist=[12, 40, 39, 33, 43, 46, 39, 36, 33, 36, 44, 44, 50, 45, 45, 49, 21, 38, 29, 44, 55, 54, 53, 56, 49, 1, 56, 23, 43, 45, 59, 49]
    Layer 13: dist=[29, 36, 39, 36, 31, 29, 35, 22, 47, 36, 52, 61, 64, 58, 55, 62, 46, 39, 31, 36, 47, 33, 44, 46, 44, 33, 40, 41, 58, 56, 49, 51]
    Layer 14: dist=[25, 35, 34, 24, 39, 24, 35, 33, 31, 32, 37, 37, 36, 40, 35, 36, 41, 46, 31, 35, 33, 17, 28, 42, 27, 38, 40, 38, 43, 44, 5, 48]
    Layer 15: dist=[45, 27, 43, 23, 20, 22, 41, 33, 48, 33, 26, 54, 37, 56, 41, 47, 33, 33, 34, 36, 33, 30, 27, 27, 27, 20, 41, 37, 38, 47, 38, 28]
    Layer 16: dist=[37, 32, 42, 47, 29, 35, 26, 31, 29, 45, 40, 43, 49, 35, 44, 47, 38, 41, 34, 35, 59, 60, 57, 54, 39, 28, 34, 6, 32, 33, 36, 32]
    Layer 17: dist=[58, 50, 41, 34, 28, 31, 22, 25, 44, 54, 42, 49, 23, 32, 39, 39, 24, 29, 32, 22, 39, 51, 49, 48, 30, 28, 31, 26, 29, 43, 47, 36]
    Layer 18: dist=[20, 27, 19, 18, 29, 37, 39, 30, 37, 40, 37, 45, 34, 34, 31, 35, 26, 41, 42, 28, 38, 28, 37, 52, 31, 35, 35, 36, 30, 29, 43, 31]
    Layer 19: dist=[39, 33, 35, 35, 43, 54, 30, 38, 40, 44, 41, 48, 35, 31, 40, 35, 44, 42, 26, 29, 10, 28, 18, 27, 52, 54, 52, 58, 44, 43, 41, 41]
    Layer 20: dist=[46, 39, 44, 40, 41, 27, 28, 31, 23, 21, 26, 21, 48, 42, 48, 50, 24, 28, 31, 21, 38, 57, 52, 51, 63, 51, 53, 44, 49, 43, 55, 55]
    Layer 21: dist=[26, 25, 30, 35, 58, 33, 53, 58, 61, 33, 39, 38, 26, 24, 25, 23, 39, 40, 45, 32, 47, 52, 48, 49, 35, 34, 32, 44, 38, 40, 34, 47]
    Layer 22: dist=[39, 32, 37, 33, 28, 38, 24, 30, 21, 27, 24, 35, 9, 46, 32, 35, 18, 40, 40, 23, 53, 59, 60, 61, 51, 44, 46, 48, 57, 47, 53, 50]
    Layer 23: dist=[22, 18, 26, 22, 55, 55, 22, 50, 41, 20, 24, 31, 37, 36, 41, 39, 41, 38, 42, 48, 41, 46, 42, 40, 41, 39, 37, 51, 47, 44, 44, 39]
    Layer 24: dist=[40, 62, 57, 51, 50, 56, 54, 47, 52, 54, 52, 43, 41, 39, 47, 40, 42, 49, 44, 42, 60, 53, 52, 58, 31, 41, 39, 29, 50, 57, 51, 47]
    Layer 25: dist=[50, 60, 59, 49, 38, 38, 54, 42, 46, 52, 47, 48, 36, 45, 27, 37, 48, 50, 49, 45, 54, 56, 55, 55, 58, 56, 50, 55, 46, 61, 51, 45]
    Layer 26: dist=[43, 47, 57, 36, 59, 57, 59, 56, 52, 56, 53, 49, 52, 62, 60, 60, 43, 46, 53, 50, 53, 54, 60, 57, 53, 50, 54, 50, 58, 50, 59, 51]
    Layer 27: dist=[48, 55, 54, 59, 50, 53, 52, 44, 41, 52, 55, 52, 41, 56, 42, 45, 51, 53, 53, 53, 47, 56, 54, 44, 57, 59, 60, 60, 50, 44, 45, 60]
    Layer 28: dist=[53, 47, 54, 53, 41, 35, 40, 38, 52, 57, 47, 46, 57, 53, 48, 50, 57, 51, 53, 55, 59, 37, 32, 46, 47, 46, 50, 51, 46, 48, 35, 49]
    Layer 29: dist=[57, 58, 57, 58, 45, 56, 47, 58, 58, 57, 61, 54, 60, 61, 60, 61, 58, 56, 58, 60, 62, 61, 56, 62, 49, 59, 47, 49, 55, 51, 56, 56]
    Layer 31: dist=[60, 58, 51, 49, 58, 59, 59, 59, 57, 41, 46, 47, 58, 59, 59, 58, 52, 53, 55, 48, 60, 59, 56, 59, 57, 56, 46, 60, 57, 55, 53, 57]
    Layer 32: dist=[56, 57, 58, 57, 58, 60, 59, 60, 56, 55, 59, 58, 48, 58, 54, 47, 58, 54, 54, 54, 62, 48, 57, 60, 36, 48, 44, 53, 58, 54, 51, 53]
    Layer 33: dist=[52, 61, 57, 60, 45, 52, 29, 47, 57, 58, 57, 58, 58, 59, 58, 59, 59, 59, 53, 56, 58, 49, 54, 57, 57, 59, 60, 59, 56, 56, 55, 53]
    Layer 34: dist=[56, 57, 58, 57, 55, 56, 55, 54, 25, 47, 54, 42, 58, 57, 60, 40, 42, 44, 62, 30, 58, 27, 59, 60, 61, 60, 62, 60, 26, 32, 35, 54]
    Layer 35: dist=[56, 62, 36, 50, 43, 19, 55, 48, 42, 51, 55, 49, 30, 17, 24, 22, 49, 45, 40, 27, 45, 52, 28, 27, 33, 27, 33, 35, 36, 57, 61, 58]

  [Taylor Step 2/3] OLS sigma per head (scaling V, streaming)...
    Layer  0: sigma=[0.254, 0.100, 0.100, 0.100, 0.195, 0.601, 0.100, 0.100, 0.100, 0.100, 0.141, 0.100, 0.100, 0.100, 0.100, 0.290, 0.100, 0.100, 0.100, 0.100, 0.100, 0.100, 0.100, 0.200, 0.100, 0.100, 0.575, 0.100, 0.253, 0.100, 0.100, 0.100]
    Layer  1: sigma=[0.281, 0.100, 0.100, 0.100, 0.100, 0.100, 0.100, 0.100, 0.100, 0.403, 0.275, 0.100, 0.100, 0.100, 0.100, 0.100, 0.100, 0.100, 0.100, 0.100, 0.100, 0.100, 0.100, 0.210, 0.100, 0.100, 0.177, 0.100, 0.100, 0.100, 0.100, 0.100]
    Layer  2: sigma=[0.151, 0.100, 0.100, 0.100, 0.100, 0.100, 0.100, 0.100, 0.159, 0.100, 0.100, 0.100, 0.100, 0.259, 0.100, 0.100, 0.100, 0.100, 0.100, 0.100, 0.100, 0.100, 0.100, 0.100, 0.100, 0.176, 0.100, 0.100, 0.100, 0.100, 0.100, 0.140]
    Layer  3: sigma=[0.100, 0.448, 0.100, 0.293, 0.100, 0.100, 0.100, 0.100, 0.100, 0.100, 0.100, 0.100, 0.100, 0.100, 0.100, 0.100, 0.100, 0.100, 0.120, 0.100, 0.100, 0.100, 0.100, 0.100, 0.100, 0.126, 0.110, 0.100, 0.100, 0.100, 0.100, 0.100]
    Layer  4: sigma=[0.100, 0.100, 0.100, 0.100, 0.100, 0.100, 0.100, 0.100, 0.100, 0.100, 0.100, 0.100, 0.100, 0.100, 0.100, 0.100, 0.100, 0.100, 0.100, 0.100, 0.100, 0.146, 0.315, 0.100, 0.100, 0.100, 0.100, 0.100, 0.100, 0.100, 0.100, 0.100]
    Layer  5: sigma=[0.100, 0.100, 0.131, 0.100, 0.100, 0.100, 0.100, 0.100, 0.100, 0.276, 0.100, 0.106, 0.100, 0.100, 0.100, 0.111, 0.100, 0.330, 0.100, 0.100, 0.100, 0.100, 0.100, 0.100, 0.100, 0.100, 0.100, 0.100, 0.100, 0.243, 0.100, 0.100]
    Layer  6: sigma=[0.100, 0.100, 0.164, 0.100, 0.114, 0.109, 0.100, 0.100, 0.100, 0.100, 0.100, 0.100, 0.100, 0.100, 0.100, 0.100, 0.100, 0.100, 0.100, 0.100, 0.243, 0.100, 0.100, 0.100, 0.100, 0.100, 0.102, 0.100, 0.100, 0.100, 0.100, 0.100]
    Layer  7: sigma=[0.100, 0.243, 0.100, 0.100, 0.128, 0.100, 0.100, 0.100, 0.100, 0.100, 0.100, 0.153, 0.100, 0.100, 0.100, 0.100, 0.100, 0.100, 0.100, 0.100, 0.100, 0.100, 0.100, 0.100, 0.100, 0.100, 0.100, 0.100, 0.100, 0.100, 0.100, 0.100]
    Layer  8: sigma=[0.100, 0.100, 0.100, 0.100, 0.100, 0.100, 0.100, 0.123, 0.100, 0.100, 0.100, 0.100, 0.100, 0.121, 0.100, 0.100, 0.100, 0.100, 0.100, 0.100, 0.100, 0.100, 0.100, 0.100, 0.100, 0.100, 0.100, 0.288, 0.100, 0.100, 0.100, 0.100]
    Layer  9: sigma=[0.100, 0.100, 0.123, 0.100, 0.100, 0.100, 0.100, 0.100, 0.100, 0.100, 0.100, 0.100, 0.100, 0.100, 0.846, 0.223, 0.100, 0.100, 0.100, 0.100, 0.148, 0.100, 0.100, 0.100, 0.100, 0.164, 0.100, 0.100, 0.100, 0.100, 0.100, 0.100]
    Layer 10: sigma=[0.100, 0.100, 0.100, 0.100, 0.100, 0.100, 0.100, 0.100, 0.135, 0.100, 0.100, 0.100, 0.100, 0.100, 0.100, 0.100, 0.100, 0.100, 0.100, 0.100, 0.100, 0.100, 0.100, 0.100, 0.100, 0.100, 0.100, 0.100, 0.107, 0.100, 0.108, 0.100]
    Layer 11: sigma=[0.100, 0.100, 0.100, 0.100, 0.229, 0.100, 0.170, 0.100, 0.100, 0.139, 0.100, 0.100, 0.147, 0.100, 0.289, 0.100, 0.100, 0.100, 0.100, 0.100, 0.100, 0.100, 0.100, 0.100, 0.100, 0.100, 0.245, 0.100, 0.100, 0.100, 0.101, 0.100]
    Layer 12: sigma=[0.100, 0.100, 0.100, 0.100, 0.100, 0.119, 0.100, 0.100, 0.100, 0.124, 0.100, 0.100, 0.100, 0.100, 0.100, 0.100, 0.100, 0.279, 0.541, 0.100, 0.100, 0.100, 0.100, 0.100, 0.100, 0.317, 0.100, 0.127, 0.100, 0.137, 0.131, 0.100]
    Layer 13: sigma=[0.258, 0.100, 0.100, 0.100, 0.100, 0.100, 0.100, 0.103, 0.100, 0.119, 0.128, 0.100, 0.100, 0.100, 0.100, 0.100, 0.100, 0.100, 0.100, 0.100, 0.100, 0.100, 0.100, 0.100, 0.100, 0.100, 0.100, 0.100, 0.100, 0.100, 0.100, 0.100]
    Layer 14: sigma=[0.100, 0.100, 0.101, 0.100, 0.100, 0.488, 0.100, 0.175, 0.100, 0.100, 0.100, 0.100, 0.100, 0.176, 0.100, 0.100, 0.100, 0.100, 0.137, 0.113, 0.100, 0.100, 0.100, 0.100, 0.100, 0.156, 0.100, 0.137, 0.100, 0.100, 0.187, 0.100]
    Layer 15: sigma=[0.100, 0.219, 0.100, 0.101, 0.225, 0.100, 0.100, 0.100, 0.100, 0.100, 0.100, 0.112, 0.261, 0.100, 0.100, 0.100, 0.100, 0.100, 0.110, 0.153, 0.100, 0.100, 0.100, 0.100, 0.298, 0.235, 0.100, 0.100, 0.100, 0.100, 0.100, 0.100]
    Layer 16: sigma=[0.350, 0.100, 0.100, 0.100, 0.100, 0.100, 0.100, 0.100, 0.100, 0.100, 0.100, 0.100, 0.100, 0.100, 0.100, 0.100, 0.100, 0.100, 0.100, 0.100, 0.100, 0.100, 0.100, 0.100, 0.100, 0.166, 0.100, 0.100, 0.100, 0.100, 0.100, 0.100]
    Layer 17: sigma=[0.100, 0.100, 0.100, 0.100, 0.100, 0.515, 0.100, 0.113, 0.100, 0.100, 0.100, 0.100, 0.100, 0.100, 0.100, 0.100, 0.300, 0.100, 0.100, 0.346, 0.100, 0.100, 0.100, 0.100, 0.100, 0.100, 0.411, 0.124, 0.100, 0.100, 0.100, 0.100]
    Layer 18: sigma=[0.100, 0.628, 0.100, 0.100, 0.100, 0.205, 0.100, 0.123, 0.100, 0.100, 0.100, 0.100, 0.100, 0.100, 0.100, 0.100, 0.390, 0.100, 0.100, 0.100, 0.100, 0.100, 0.100, 0.100, 0.100, 0.100, 0.100, 0.100, 0.100, 0.100, 0.100, 0.100]
    Layer 19: sigma=[0.100, 0.100, 0.100, 0.100, 0.100, 0.100, 0.259, 0.100, 0.100, 0.100, 0.100, 0.100, 0.235, 0.100, 0.100, 0.161, 0.100, 0.100, 0.100, 0.493, 0.100, 0.100, 0.100, 0.100, 0.123, 0.100, 0.100, 0.100, 0.100, 0.100, 0.100, 0.100]
    Layer 20: sigma=[0.100, 0.100, 0.199, 0.100, 0.100, 0.239, 0.115, 0.100, 0.100, 0.100, 0.100, 0.100, 0.100, 0.100, 0.100, 0.112, 0.201, 0.100, 0.100, 0.100, 0.100, 0.100, 0.100, 0.100, 0.100, 0.100, 0.100, 0.100, 0.100, 0.100, 0.100, 0.100]
    Layer 21: sigma=[0.100, 0.100, 0.100, 0.120, 0.100, 0.100, 0.100, 0.100, 0.100, 0.100, 0.100, 0.408, 0.100, 0.100, 0.150, 0.100, 0.100, 0.100, 0.100, 0.100, 0.100, 0.100, 0.100, 0.100, 0.100, 0.100, 0.100, 0.100, 0.100, 0.100, 0.305, 0.140]
    Layer 22: sigma=[0.155, 0.100, 0.100, 0.100, 0.169, 0.132, 0.124, 0.262, 0.214, 0.174, 0.100, 0.100, 0.100, 0.100, 0.100, 0.100, 0.100, 0.100, 0.100, 0.119, 0.100, 0.100, 0.100, 0.100, 0.100, 0.100, 0.100, 0.100, 0.100, 0.100, 0.100, 0.100]
    Layer 23: sigma=[0.198, 0.143, 0.175, 0.100, 0.117, 0.100, 0.209, 0.100, 0.100, 0.100, 0.100, 0.100, 0.100, 0.100, 0.100, 0.100, 0.100, 0.100, 0.100, 0.100, 0.100, 0.100, 0.100, 0.100, 0.100, 0.100, 0.100, 0.100, 0.100, 0.276, 0.227, 0.107]
    Layer 24: sigma=[0.100, 0.100, 0.100, 0.100, 0.100, 0.100, 0.100, 0.100, 0.159, 0.100, 0.100, 0.100, 0.100, 0.100, 0.100, 0.195, 0.100, 0.100, 0.100, 0.100, 0.100, 0.100, 0.100, 0.100, 0.365, 0.280, 0.232, 0.252, 0.100, 0.100, 0.100, 0.100]
    Layer 25: sigma=[0.100, 0.100, 0.100, 0.100, 0.100, 0.100, 0.100, 0.100, 0.100, 0.100, 0.100, 0.100, 0.100, 0.100, 0.100, 0.100, 0.100, 0.100, 0.100, 0.100, 0.100, 0.100, 0.100, 0.100, 0.100, 0.100, 0.100, 0.100, 0.100, 0.100, 0.100, 0.100]
    Layer 26: sigma=[0.100, 0.100, 0.100, 0.100, 0.100, 0.100, 0.100, 0.100, 0.100, 0.100, 0.100, 0.100, 0.100, 0.100, 0.100, 0.135, 0.100, 0.100, 0.100, 0.100, 0.100, 0.100, 0.100, 0.100, 0.100, 0.100, 0.100, 0.100, 0.100, 0.100, 0.100, 0.100]
    Layer 27: sigma=[0.100, 0.100, 0.100, 0.100, 0.100, 0.100, 0.100, 0.100, 0.100, 0.100, 0.100, 0.100, 0.100, 0.100, 0.100, 0.100, 0.100, 0.100, 0.100, 0.100, 0.100, 0.100, 0.100, 0.100, 0.100, 0.100, 0.100, 0.100, 0.100, 0.213, 0.100, 0.100]
    Layer 28: sigma=[0.100, 0.100, 0.100, 0.100, 0.100, 0.123, 0.100, 0.239, 0.100, 0.100, 0.100, 0.100, 0.100, 0.100, 0.100, 0.100, 0.100, 0.100, 0.100, 0.100, 0.100, 0.100, 0.100, 0.100, 0.100, 0.100, 0.100, 0.100, 0.100, 0.100, 0.100, 0.100]
    Layer 29: sigma=[0.100, 0.100, 0.100, 0.100, 0.100, 0.100, 0.100, 0.100, 0.100, 0.100, 0.100, 0.100, 0.100, 0.100, 0.100, 0.100, 0.100, 0.100, 0.100, 0.100, 0.100, 0.100, 0.100, 0.100, 0.100, 0.100, 0.100, 0.100, 0.100, 0.100, 0.100, 0.100]
    Layer 31: sigma=[0.100, 0.100, 0.100, 0.100, 0.100, 0.100, 0.100, 0.100, 0.100, 0.100, 0.100, 0.100, 0.100, 0.100, 0.100, 0.100, 0.100, 0.100, 0.100, 0.100, 0.100, 0.100, 0.100, 0.100, 0.100, 0.100, 0.100, 0.100, 0.100, 0.100, 0.100, 0.100]
    Layer 32: sigma=[0.100, 0.100, 0.100, 0.100, 0.100, 0.100, 0.100, 0.100, 0.100, 0.100, 0.100, 0.100, 0.100, 0.100, 0.100, 0.100, 0.100, 0.100, 0.100, 0.100, 0.100, 0.100, 0.100, 0.100, 0.100, 0.100, 0.100, 0.100, 0.100, 0.100, 0.100, 0.100]
    Layer 33: sigma=[0.100, 0.100, 0.100, 0.100, 0.100, 0.100, 0.100, 0.100, 0.100, 0.100, 0.100, 0.100, 0.100, 0.100, 0.100, 0.100, 0.100, 0.100, 0.100, 0.100, 0.100, 0.100, 0.100, 0.100, 0.100, 0.100, 0.100, 0.100, 0.100, 0.100, 0.100, 0.100]
    Layer 34: sigma=[0.100, 0.100, 0.100, 0.100, 0.100, 0.100, 0.100, 0.100, 0.100, 0.100, 0.100, 0.100, 0.100, 0.100, 0.100, 0.100, 0.100, 0.100, 0.100, 0.100, 0.100, 0.100, 0.100, 0.100, 0.100, 0.100, 0.100, 0.100, 0.100, 0.100, 0.100, 0.100]
    Layer 35: sigma=[0.100, 0.100, 0.100, 0.100, 0.100, 0.100, 0.100, 0.100, 0.100, 0.100, 0.100, 0.100, 0.100, 0.100, 0.100, 0.100, 0.100, 0.100, 0.100, 0.100, 0.100, 0.100, 0.100, 0.100, 0.100, 0.100, 0.100, 0.100, 0.100, 0.100, 0.100, 0.100]

  [Taylor Step 3/3] g_proj = v_proj * alpha (damping=0.01)...
    Layer  0: alpha=0.069154  teacher_rms=0.0168  v_rms=0.0024
    Layer  1: alpha=0.058108  teacher_rms=0.0216  v_rms=0.0037
    Layer  2: alpha=0.054682  teacher_rms=0.0222  v_rms=0.0041
    Layer  3: alpha=0.041724  teacher_rms=0.0261  v_rms=0.0063
    Layer  4: alpha=0.049102  teacher_rms=0.0316  v_rms=0.0064
    Layer  5: alpha=0.052513  teacher_rms=0.0412  v_rms=0.0078
    Layer  6: alpha=0.074930  teacher_rms=0.0646  v_rms=0.0086
    Layer  7: alpha=0.040682  teacher_rms=0.0510  v_rms=0.0125
    Layer  8: alpha=0.041663  teacher_rms=0.0695  v_rms=0.0167
    Layer  9: alpha=0.025041  teacher_rms=0.0701  v_rms=0.0280
    Layer 10: alpha=0.048929  teacher_rms=0.1071  v_rms=0.0219
    Layer 11: alpha=0.052912  teacher_rms=0.1038  v_rms=0.0196
    Layer 12: alpha=0.044635  teacher_rms=0.1177  v_rms=0.0264
    Layer 13: alpha=0.054301  teacher_rms=0.1013  v_rms=0.0187
    Layer 14: alpha=0.053319  teacher_rms=0.1546  v_rms=0.0290
    Layer 15: alpha=0.047152  teacher_rms=0.1546  v_rms=0.0328
    Layer 16: alpha=0.039206  teacher_rms=0.1446  v_rms=0.0369
    Layer 17: alpha=0.035125  teacher_rms=0.1762  v_rms=0.0502
    Layer 18: alpha=0.033137  teacher_rms=0.1919  v_rms=0.0579
    Layer 19: alpha=0.044487  teacher_rms=0.2023  v_rms=0.0455
    Layer 20: alpha=0.052487  teacher_rms=0.1938  v_rms=0.0369
    Layer 21: alpha=0.044200  teacher_rms=0.2301  v_rms=0.0521
    Layer 22: alpha=0.051397  teacher_rms=0.2755  v_rms=0.0536
    Layer 23: alpha=0.048514  teacher_rms=0.3026  v_rms=0.0624
    Layer 24: alpha=0.032063  teacher_rms=0.2864  v_rms=0.0893
    Layer 25: alpha=0.038418  teacher_rms=0.2261  v_rms=0.0589
    Layer 26: alpha=0.026980  teacher_rms=0.1994  v_rms=0.0739
    Layer 27: alpha=0.032788  teacher_rms=0.2900  v_rms=0.0884
    Layer 28: alpha=0.038176  teacher_rms=0.3530  v_rms=0.0925
    Layer 29: alpha=0.016275  teacher_rms=0.2479  v_rms=0.1523
    Layer 31: alpha=0.018626  teacher_rms=0.3452  v_rms=0.1853
    Layer 32: alpha=0.021930  teacher_rms=0.5106  v_rms=0.2328
    Layer 33: alpha=0.016345  teacher_rms=0.5964  v_rms=0.3649
    Layer 34: alpha=0.031180  teacher_rms=1.0165  v_rms=0.3260
    Layer 35: alpha=0.058528  teacher_rms=1.0378  v_rms=0.1773

  Set g_proj = v_proj * alpha in 35 GDN layers (damping=0.01).
  Init (taylor_distill) done in 348.9s
  Layer 30: PPL = 998.87  (eval 19.3s)

============================================================
  Probing layer 31 | strategy=taylor_distill
============================================================
Loading checkpoint shards:   0%|          | 0/4 [00:00<?, ?it/s]Loading checkpoint shards: 100%|██████████| 4/4 [00:00<00:00, 67.61it/s]
Could not cache non-existence of file. Will ignore error and continue. Error: [Errno 13] Permission denied: '/data/shared/huggingface/hub/models--Qwen--Qwen3-8B/.no_exist/b968826d9c46dd6066d109eabc6255188de91218/model.safetensors'
Loading checkpoint shards:   0%|          | 0/5 [00:00<?, ?it/s]Loading checkpoint shards: 100%|██████████| 5/5 [00:00<00:00, 67.77it/s]
Token indices sequence length is longer than the specified maximum sequence length for this model (2429029 > 131072). Running this sequence through the model will result in indexing errors
  [Taylor Step 1/3] Gate calibration from attention stats...
    Layer  0: dist=[18, 2, 6, 20, 8, 14, 6, 7, 10, 4, 6, 7, 10, 18, 17, 5, 9, 11, 8, 8, 8, 12, 2, 7, 4, 26, 5, 26, 9, 19, 9, 8]
    Layer  1: dist=[12, 21, 14, 26, 2, 9, 17, 7, 25, 18, 32, 29, 18, 28, 28, 20, 17, 26, 31, 18, 28, 17, 21, 21, 26, 8, 25, 23, 41, 16, 20, 28]
    Layer  2: dist=[36, 36, 37, 32, 17, 27, 20, 24, 21, 24, 29, 33, 28, 25, 26, 34, 32, 26, 28, 22, 28, 36, 27, 27, 14, 14, 11, 19, 41, 42, 43, 41]
    Layer  3: dist=[40, 20, 9, 12, 49, 50, 46, 42, 30, 27, 33, 31, 49, 43, 42, 42, 35, 37, 29, 37, 42, 33, 32, 36, 35, 30, 29, 33, 39, 36, 40, 37]
    Layer  4: dist=[31, 35, 41, 36, 41, 33, 35, 48, 37, 38, 34, 34, 31, 31, 38, 35, 35, 37, 38, 39, 34, 35, 25, 34, 26, 32, 27, 21, 28, 33, 30, 30]
    Layer  5: dist=[23, 29, 30, 21, 36, 34, 29, 29, 4, 14, 40, 38, 31, 43, 32, 30, 23, 20, 28, 28, 29, 30, 27, 33, 38, 39, 43, 43, 26, 25, 29, 32]
    Layer  6: dist=[16, 22, 17, 17, 27, 24, 34, 32, 25, 12, 21, 20, 31, 34, 28, 16, 28, 20, 24, 23, 13, 18, 18, 8, 21, 24, 18, 28, 24, 25, 21, 27]
    Layer  7: dist=[31, 36, 33, 46, 63, 57, 63, 60, 45, 60, 53, 41, 54, 15, 30, 49, 42, 54, 44, 44, 54, 45, 58, 59, 34, 41, 25, 43, 49, 51, 49, 54]
    Layer  8: dist=[45, 46, 49, 29, 43, 41, 35, 44, 46, 52, 43, 48, 51, 43, 49, 36, 60, 56, 54, 51, 44, 54, 51, 57, 47, 37, 51, 36, 44, 38, 42, 44]
    Layer  9: dist=[40, 32, 31, 36, 45, 49, 48, 40, 62, 61, 60, 56, 14, 46, 32, 45, 49, 53, 59, 62, 44, 40, 35, 41, 61, 44, 49, 54, 62, 57, 63, 61]
    Layer 10: dist=[39, 39, 30, 39, 46, 55, 33, 41, 34, 45, 55, 26, 49, 36, 42, 44, 45, 53, 52, 50, 46, 31, 56, 51, 51, 56, 47, 43, 40, 39, 44, 47]
    Layer 11: dist=[33, 33, 47, 27, 29, 36, 43, 42, 52, 62, 57, 49, 44, 33, 38, 39, 39, 36, 33, 25, 42, 56, 46, 46, 39, 32, 36, 32, 49, 34, 31, 48]
    Layer 12: dist=[12, 40, 39, 33, 43, 46, 39, 36, 33, 36, 44, 44, 50, 45, 45, 49, 21, 38, 29, 44, 55, 54, 53, 56, 49, 1, 56, 23, 43, 45, 59, 49]
    Layer 13: dist=[29, 36, 39, 36, 31, 29, 35, 22, 47, 36, 52, 61, 64, 58, 55, 62, 46, 39, 31, 36, 47, 33, 44, 46, 44, 33, 40, 41, 58, 56, 49, 51]
    Layer 14: dist=[25, 35, 34, 24, 39, 24, 35, 33, 31, 32, 37, 37, 36, 40, 35, 36, 41, 46, 31, 35, 33, 17, 28, 42, 27, 38, 40, 38, 43, 44, 5, 48]
    Layer 15: dist=[45, 27, 43, 23, 20, 22, 41, 33, 48, 33, 26, 54, 37, 56, 41, 47, 33, 33, 34, 36, 33, 30, 27, 27, 27, 20, 41, 37, 38, 47, 38, 28]
    Layer 16: dist=[37, 32, 42, 47, 29, 35, 26, 31, 29, 45, 40, 43, 49, 35, 44, 47, 38, 41, 34, 35, 59, 60, 57, 54, 39, 28, 34, 6, 32, 33, 36, 32]
    Layer 17: dist=[58, 50, 41, 34, 28, 31, 22, 25, 44, 54, 42, 49, 23, 32, 39, 39, 24, 29, 32, 22, 39, 51, 49, 48, 30, 28, 31, 26, 29, 43, 47, 36]
    Layer 18: dist=[20, 27, 19, 18, 29, 37, 39, 30, 37, 40, 37, 45, 34, 34, 31, 35, 26, 41, 42, 28, 38, 28, 37, 52, 31, 35, 35, 36, 30, 29, 43, 31]
    Layer 19: dist=[39, 33, 35, 35, 43, 54, 30, 38, 40, 44, 41, 48, 35, 31, 40, 35, 44, 42, 26, 29, 10, 28, 18, 27, 52, 54, 52, 58, 44, 43, 41, 41]
    Layer 20: dist=[46, 39, 44, 40, 41, 27, 28, 31, 23, 21, 26, 21, 48, 42, 48, 50, 24, 28, 31, 21, 38, 57, 52, 51, 63, 51, 53, 44, 49, 43, 55, 55]
    Layer 21: dist=[26, 25, 30, 35, 58, 33, 53, 58, 61, 33, 39, 38, 26, 24, 25, 23, 39, 40, 45, 32, 47, 52, 48, 49, 35, 34, 32, 44, 38, 40, 34, 47]
    Layer 22: dist=[39, 32, 37, 33, 28, 38, 24, 30, 21, 27, 24, 35, 9, 46, 32, 35, 18, 40, 40, 23, 53, 59, 60, 61, 51, 44, 46, 48, 57, 47, 53, 50]
    Layer 23: dist=[22, 18, 26, 22, 55, 55, 22, 50, 41, 20, 24, 31, 37, 36, 41, 39, 41, 38, 42, 48, 41, 46, 42, 40, 41, 39, 37, 51, 47, 44, 44, 39]
    Layer 24: dist=[40, 62, 57, 51, 50, 56, 54, 47, 52, 54, 52, 43, 41, 39, 47, 40, 42, 49, 44, 42, 60, 53, 52, 58, 31, 41, 39, 29, 50, 57, 51, 47]
    Layer 25: dist=[50, 60, 59, 49, 38, 38, 54, 42, 46, 52, 47, 48, 36, 45, 27, 37, 48, 50, 49, 45, 54, 56, 55, 55, 58, 56, 50, 55, 46, 61, 51, 45]
    Layer 26: dist=[43, 47, 57, 36, 59, 57, 59, 56, 52, 56, 53, 49, 52, 62, 60, 60, 43, 46, 53, 50, 53, 54, 60, 57, 53, 50, 54, 50, 58, 50, 59, 51]
    Layer 27: dist=[48, 55, 54, 59, 50, 53, 52, 44, 41, 52, 55, 52, 41, 56, 42, 45, 51, 53, 53, 53, 47, 56, 54, 44, 57, 59, 60, 60, 50, 44, 45, 60]
    Layer 28: dist=[53, 47, 54, 53, 41, 35, 40, 38, 52, 57, 47, 46, 57, 53, 48, 50, 57, 51, 53, 55, 59, 37, 32, 46, 47, 46, 50, 51, 46, 48, 35, 49]
    Layer 29: dist=[57, 58, 57, 58, 45, 56, 47, 58, 58, 57, 61, 54, 60, 61, 60, 61, 58, 56, 58, 60, 62, 61, 56, 62, 49, 59, 47, 49, 55, 51, 56, 56]
    Layer 30: dist=[40, 54, 51, 52, 53, 51, 48, 37, 60, 59, 58, 60, 53, 53, 57, 51, 52, 39, 61, 61, 29, 60, 53, 54, 60, 60, 61, 60, 55, 56, 54, 51]
    Layer 32: dist=[56, 57, 58, 57, 58, 60, 59, 60, 56, 55, 59, 58, 48, 58, 54, 47, 58, 54, 54, 54, 62, 48, 57, 60, 36, 48, 44, 53, 58, 54, 51, 53]
    Layer 33: dist=[52, 61, 57, 60, 45, 52, 29, 47, 57, 58, 57, 58, 58, 59, 58, 59, 59, 59, 53, 56, 58, 49, 54, 57, 57, 59, 60, 59, 56, 56, 55, 53]
    Layer 34: dist=[56, 57, 58, 57, 55, 56, 55, 54, 25, 47, 54, 42, 58, 57, 60, 40, 42, 44, 62, 30, 58, 27, 59, 60, 61, 60, 62, 60, 26, 32, 35, 54]
    Layer 35: dist=[56, 62, 36, 50, 43, 19, 55, 48, 42, 51, 55, 49, 30, 17, 24, 22, 49, 45, 40, 27, 45, 52, 28, 27, 33, 27, 33, 35, 36, 57, 61, 58]

  [Taylor Step 2/3] OLS sigma per head (scaling V, streaming)...
    Layer  0: sigma=[0.257, 0.100, 0.100, 0.100, 0.195, 0.601, 0.100, 0.100, 0.100, 0.100, 0.141, 0.100, 0.100, 0.100, 0.100, 0.291, 0.100, 0.100, 0.100, 0.100, 0.100, 0.100, 0.100, 0.200, 0.100, 0.100, 0.576, 0.100, 0.251, 0.100, 0.100, 0.100]
    Layer  1: sigma=[0.279, 0.100, 0.100, 0.100, 0.100, 0.100, 0.100, 0.100, 0.100, 0.398, 0.280, 0.100, 0.100, 0.100, 0.100, 0.100, 0.100, 0.100, 0.100, 0.100, 0.100, 0.100, 0.100, 0.205, 0.100, 0.100, 0.179, 0.100, 0.100, 0.100, 0.100, 0.100]
    Layer  2: sigma=[0.151, 0.100, 0.100, 0.100, 0.100, 0.100, 0.100, 0.100, 0.157, 0.100, 0.100, 0.100, 0.100, 0.259, 0.100, 0.100, 0.100, 0.100, 0.100, 0.100, 0.100, 0.100, 0.100, 0.100, 0.100, 0.175, 0.100, 0.100, 0.100, 0.100, 0.100, 0.138]
    Layer  3: sigma=[0.100, 0.451, 0.100, 0.295, 0.100, 0.100, 0.100, 0.100, 0.100, 0.100, 0.100, 0.100, 0.100, 0.100, 0.100, 0.100, 0.100, 0.100, 0.119, 0.100, 0.100, 0.100, 0.100, 0.100, 0.100, 0.120, 0.105, 0.100, 0.100, 0.100, 0.100, 0.100]
    Layer  4: sigma=[0.100, 0.100, 0.100, 0.100, 0.100, 0.100, 0.100, 0.100, 0.100, 0.100, 0.100, 0.100, 0.100, 0.100, 0.100, 0.100, 0.100, 0.100, 0.100, 0.100, 0.100, 0.145, 0.315, 0.100, 0.100, 0.100, 0.100, 0.100, 0.100, 0.100, 0.100, 0.100]
    Layer  5: sigma=[0.100, 0.100, 0.119, 0.100, 0.100, 0.100, 0.100, 0.100, 0.100, 0.268, 0.100, 0.104, 0.100, 0.100, 0.100, 0.109, 0.100, 0.335, 0.100, 0.100, 0.100, 0.100, 0.100, 0.100, 0.100, 0.100, 0.100, 0.100, 0.100, 0.245, 0.100, 0.100]
    Layer  6: sigma=[0.100, 0.100, 0.169, 0.100, 0.120, 0.108, 0.100, 0.100, 0.100, 0.100, 0.100, 0.100, 0.100, 0.100, 0.100, 0.100, 0.100, 0.100, 0.100, 0.100, 0.241, 0.100, 0.100, 0.100, 0.100, 0.100, 0.102, 0.100, 0.100, 0.100, 0.100, 0.100]
    Layer  7: sigma=[0.100, 0.251, 0.100, 0.100, 0.116, 0.100, 0.100, 0.100, 0.100, 0.100, 0.100, 0.162, 0.100, 0.100, 0.100, 0.100, 0.100, 0.100, 0.100, 0.100, 0.100, 0.100, 0.100, 0.100, 0.100, 0.100, 0.100, 0.100, 0.100, 0.100, 0.100, 0.100]
    Layer  8: sigma=[0.100, 0.100, 0.100, 0.100, 0.100, 0.100, 0.100, 0.120, 0.100, 0.100, 0.100, 0.100, 0.100, 0.124, 0.100, 0.100, 0.100, 0.100, 0.100, 0.100, 0.100, 0.100, 0.100, 0.100, 0.100, 0.100, 0.100, 0.336, 0.100, 0.100, 0.100, 0.100]
    Layer  9: sigma=[0.100, 0.100, 0.125, 0.100, 0.100, 0.100, 0.100, 0.100, 0.100, 0.100, 0.100, 0.100, 0.100, 0.100, 0.738, 0.218, 0.100, 0.100, 0.100, 0.100, 0.137, 0.100, 0.100, 0.100, 0.100, 0.168, 0.100, 0.100, 0.100, 0.100, 0.100, 0.100]
    Layer 10: sigma=[0.100, 0.100, 0.100, 0.100, 0.100, 0.100, 0.100, 0.100, 0.139, 0.100, 0.100, 0.100, 0.100, 0.100, 0.100, 0.100, 0.100, 0.100, 0.100, 0.100, 0.100, 0.100, 0.100, 0.100, 0.100, 0.100, 0.100, 0.100, 0.103, 0.100, 0.111, 0.100]
    Layer 11: sigma=[0.100, 0.100, 0.100, 0.100, 0.219, 0.100, 0.168, 0.100, 0.100, 0.140, 0.100, 0.100, 0.146, 0.100, 0.283, 0.100, 0.100, 0.100, 0.100, 0.100, 0.100, 0.100, 0.100, 0.100, 0.100, 0.100, 0.257, 0.100, 0.100, 0.100, 0.102, 0.100]
    Layer 12: sigma=[0.100, 0.100, 0.100, 0.100, 0.100, 0.137, 0.100, 0.100, 0.100, 0.107, 0.100, 0.100, 0.100, 0.100, 0.100, 0.100, 0.100, 0.309, 0.412, 0.100, 0.100, 0.100, 0.100, 0.100, 0.100, 0.364, 0.100, 0.138, 0.100, 0.140, 0.135, 0.100]
    Layer 13: sigma=[0.246, 0.100, 0.100, 0.100, 0.100, 0.100, 0.100, 0.120, 0.100, 0.118, 0.124, 0.100, 0.100, 0.100, 0.100, 0.100, 0.100, 0.100, 0.100, 0.100, 0.100, 0.100, 0.100, 0.100, 0.100, 0.100, 0.100, 0.100, 0.100, 0.100, 0.100, 0.100]
    Layer 14: sigma=[0.100, 0.100, 0.100, 0.100, 0.100, 0.420, 0.100, 0.176, 0.100, 0.100, 0.100, 0.100, 0.100, 0.180, 0.100, 0.100, 0.100, 0.100, 0.169, 0.120, 0.100, 0.100, 0.100, 0.100, 0.100, 0.157, 0.100, 0.136, 0.100, 0.100, 0.185, 0.100]
    Layer 15: sigma=[0.100, 0.213, 0.100, 0.113, 0.224, 0.100, 0.100, 0.100, 0.100, 0.100, 0.100, 0.125, 0.247, 0.100, 0.100, 0.100, 0.100, 0.100, 0.107, 0.142, 0.100, 0.100, 0.100, 0.100, 0.315, 0.256, 0.100, 0.100, 0.100, 0.100, 0.100, 0.100]
    Layer 16: sigma=[0.314, 0.100, 0.100, 0.100, 0.100, 0.100, 0.100, 0.100, 0.100, 0.100, 0.100, 0.100, 0.100, 0.100, 0.100, 0.100, 0.100, 0.100, 0.100, 0.100, 0.100, 0.100, 0.100, 0.100, 0.100, 0.152, 0.100, 0.100, 0.100, 0.100, 0.100, 0.100]
    Layer 17: sigma=[0.100, 0.100, 0.100, 0.100, 0.100, 0.483, 0.100, 0.100, 0.107, 0.100, 0.100, 0.100, 0.100, 0.100, 0.100, 0.100, 0.343, 0.152, 0.100, 0.400, 0.100, 0.100, 0.100, 0.100, 0.100, 0.100, 0.404, 0.120, 0.100, 0.100, 0.100, 0.100]
    Layer 18: sigma=[0.100, 0.693, 0.100, 0.100, 0.100, 0.174, 0.100, 0.100, 0.100, 0.100, 0.100, 0.100, 0.100, 0.100, 0.100, 0.100, 0.475, 0.100, 0.100, 0.100, 0.100, 0.100, 0.100, 0.100, 0.100, 0.100, 0.100, 0.100, 0.100, 0.100, 0.100, 0.100]
    Layer 19: sigma=[0.100, 0.100, 0.100, 0.100, 0.100, 0.100, 0.223, 0.100, 0.100, 0.100, 0.100, 0.100, 0.274, 0.100, 0.100, 0.117, 0.100, 0.100, 0.100, 0.445, 0.100, 0.100, 0.100, 0.100, 0.100, 0.100, 0.100, 0.100, 0.100, 0.100, 0.100, 0.100]
    Layer 20: sigma=[0.100, 0.100, 0.198, 0.100, 0.100, 0.279, 0.168, 0.100, 0.100, 0.100, 0.100, 0.100, 0.100, 0.100, 0.100, 0.100, 0.201, 0.133, 0.100, 0.100, 0.100, 0.100, 0.100, 0.100, 0.100, 0.100, 0.100, 0.100, 0.100, 0.100, 0.100, 0.100]
    Layer 21: sigma=[0.101, 0.100, 0.100, 0.100, 0.100, 0.100, 0.100, 0.100, 0.100, 0.100, 0.100, 0.365, 0.100, 0.100, 0.123, 0.100, 0.100, 0.100, 0.100, 0.150, 0.100, 0.100, 0.100, 0.100, 0.100, 0.100, 0.100, 0.100, 0.100, 0.100, 0.479, 0.117]
    Layer 22: sigma=[0.157, 0.100, 0.100, 0.100, 0.137, 0.114, 0.104, 0.233, 0.228, 0.162, 0.100, 0.100, 0.113, 0.100, 0.100, 0.100, 0.100, 0.100, 0.100, 0.207, 0.100, 0.100, 0.100, 0.100, 0.100, 0.100, 0.100, 0.100, 0.100, 0.100, 0.100, 0.100]
    Layer 23: sigma=[0.201, 0.112, 0.226, 0.100, 0.110, 0.100, 0.228, 0.100, 0.100, 0.100, 0.100, 0.100, 0.100, 0.100, 0.100, 0.100, 0.100, 0.100, 0.100, 0.100, 0.100, 0.100, 0.100, 0.100, 0.100, 0.100, 0.100, 0.100, 0.100, 0.258, 0.263, 0.171]
    Layer 24: sigma=[0.100, 0.100, 0.100, 0.100, 0.100, 0.100, 0.100, 0.100, 0.123, 0.100, 0.100, 0.100, 0.100, 0.100, 0.100, 0.207, 0.100, 0.100, 0.100, 0.112, 0.100, 0.100, 0.100, 0.100, 0.329, 0.358, 0.167, 0.249, 0.100, 0.100, 0.100, 0.100]
    Layer 25: sigma=[0.100, 0.100, 0.100, 0.100, 0.100, 0.100, 0.100, 0.100, 0.100, 0.100, 0.100, 0.100, 0.100, 0.100, 0.100, 0.100, 0.100, 0.100, 0.100, 0.100, 0.100, 0.100, 0.100, 0.100, 0.100, 0.100, 0.100, 0.100, 0.100, 0.100, 0.100, 0.100]
    Layer 26: sigma=[0.100, 0.100, 0.100, 0.100, 0.100, 0.100, 0.100, 0.100, 0.100, 0.100, 0.100, 0.100, 0.100, 0.100, 0.100, 0.110, 0.100, 0.100, 0.100, 0.100, 0.100, 0.100, 0.100, 0.100, 0.100, 0.100, 0.100, 0.100, 0.100, 0.100, 0.100, 0.100]
    Layer 27: sigma=[0.100, 0.100, 0.100, 0.100, 0.100, 0.100, 0.100, 0.100, 0.100, 0.100, 0.100, 0.100, 0.100, 0.100, 0.100, 0.100, 0.100, 0.100, 0.100, 0.100, 0.100, 0.100, 0.100, 0.100, 0.100, 0.100, 0.100, 0.100, 0.100, 0.216, 0.100, 0.100]
    Layer 28: sigma=[0.100, 0.100, 0.100, 0.100, 0.100, 0.134, 0.100, 0.198, 0.100, 0.100, 0.100, 0.100, 0.100, 0.100, 0.100, 0.100, 0.100, 0.100, 0.100, 0.100, 0.100, 0.100, 0.100, 0.100, 0.100, 0.100, 0.100, 0.100, 0.100, 0.100, 0.100, 0.100]
    Layer 29: sigma=[0.100, 0.100, 0.100, 0.100, 0.100, 0.100, 0.100, 0.100, 0.100, 0.100, 0.100, 0.100, 0.100, 0.100, 0.100, 0.100, 0.100, 0.100, 0.100, 0.100, 0.100, 0.100, 0.100, 0.100, 0.100, 0.100, 0.100, 0.100, 0.100, 0.100, 0.100, 0.100]
    Layer 30: sigma=[0.100, 0.100, 0.100, 0.100, 0.100, 0.100, 0.100, 0.100, 0.100, 0.100, 0.100, 0.100, 0.100, 0.100, 0.100, 0.100, 0.100, 0.100, 0.100, 0.100, 0.100, 0.100, 0.100, 0.100, 0.100, 0.100, 0.100, 0.100, 0.100, 0.100, 0.100, 0.100]
    Layer 32: sigma=[0.100, 0.100, 0.100, 0.100, 0.100, 0.100, 0.100, 0.100, 0.100, 0.100, 0.100, 0.100, 0.100, 0.100, 0.100, 0.100, 0.100, 0.100, 0.100, 0.100, 0.100, 0.100, 0.100, 0.100, 0.100, 0.100, 0.100, 0.100, 0.100, 0.100, 0.100, 0.100]
    Layer 33: sigma=[0.100, 0.100, 0.100, 0.100, 0.100, 0.100, 0.100, 0.100, 0.100, 0.100, 0.100, 0.100, 0.100, 0.100, 0.100, 0.100, 0.100, 0.100, 0.100, 0.100, 0.100, 0.100, 0.100, 0.100, 0.100, 0.100, 0.100, 0.100, 0.100, 0.100, 0.100, 0.100]
    Layer 34: sigma=[0.100, 0.100, 0.100, 0.100, 0.100, 0.100, 0.100, 0.100, 0.100, 0.100, 0.100, 0.100, 0.100, 0.100, 0.100, 0.100, 0.100, 0.100, 0.100, 0.100, 0.100, 0.100, 0.100, 0.100, 0.100, 0.100, 0.100, 0.100, 0.100, 0.100, 0.100, 0.100]
    Layer 35: sigma=[0.100, 0.100, 0.100, 0.100, 0.100, 0.100, 0.100, 0.100, 0.100, 0.100, 0.100, 0.100, 0.100, 0.100, 0.100, 0.100, 0.100, 0.100, 0.100, 0.100, 0.100, 0.100, 0.120, 0.100, 0.100, 0.100, 0.100, 0.100, 0.100, 0.100, 0.100, 0.100]

  [Taylor Step 3/3] g_proj = v_proj * alpha (damping=0.01)...
    Layer  0: alpha=0.069057  teacher_rms=0.0168  v_rms=0.0024
    Layer  1: alpha=0.058193  teacher_rms=0.0216  v_rms=0.0037
    Layer  2: alpha=0.054780  teacher_rms=0.0222  v_rms=0.0041
    Layer  3: alpha=0.041719  teacher_rms=0.0261  v_rms=0.0063
    Layer  4: alpha=0.049113  teacher_rms=0.0316  v_rms=0.0064
    Layer  5: alpha=0.052736  teacher_rms=0.0412  v_rms=0.0078
    Layer  6: alpha=0.074814  teacher_rms=0.0646  v_rms=0.0086
    Layer  7: alpha=0.040483  teacher_rms=0.0510  v_rms=0.0126
    Layer  8: alpha=0.039962  teacher_rms=0.0695  v_rms=0.0174
    Layer  9: alpha=0.027347  teacher_rms=0.0701  v_rms=0.0256
    Layer 10: alpha=0.048883  teacher_rms=0.1071  v_rms=0.0219
    Layer 11: alpha=0.052985  teacher_rms=0.1038  v_rms=0.0196
    Layer 12: alpha=0.046451  teacher_rms=0.1177  v_rms=0.0253
    Layer 13: alpha=0.054209  teacher_rms=0.1013  v_rms=0.0187
    Layer 14: alpha=0.054987  teacher_rms=0.1546  v_rms=0.0281
    Layer 15: alpha=0.047010  teacher_rms=0.1546  v_rms=0.0329
    Layer 16: alpha=0.040234  teacher_rms=0.1446  v_rms=0.0359
    Layer 17: alpha=0.035027  teacher_rms=0.1762  v_rms=0.0503
    Layer 18: alpha=0.030606  teacher_rms=0.1919  v_rms=0.0627
    Layer 19: alpha=0.046502  teacher_rms=0.2023  v_rms=0.0435
    Layer 20: alpha=0.049642  teacher_rms=0.1938  v_rms=0.0390
    Layer 21: alpha=0.040074  teacher_rms=0.2301  v_rms=0.0574
    Layer 22: alpha=0.051446  teacher_rms=0.2755  v_rms=0.0536
    Layer 23: alpha=0.046738  teacher_rms=0.3026  v_rms=0.0647
    Layer 24: alpha=0.032569  teacher_rms=0.2864  v_rms=0.0879
    Layer 25: alpha=0.038418  teacher_rms=0.2261  v_rms=0.0589
    Layer 26: alpha=0.027293  teacher_rms=0.1994  v_rms=0.0730
    Layer 27: alpha=0.032741  teacher_rms=0.2900  v_rms=0.0886
    Layer 28: alpha=0.038921  teacher_rms=0.3530  v_rms=0.0907
    Layer 29: alpha=0.016275  teacher_rms=0.2479  v_rms=0.1523
    Layer 30: alpha=0.025867  teacher_rms=0.3921  v_rms=0.1516
    Layer 32: alpha=0.021930  teacher_rms=0.5106  v_rms=0.2328
    Layer 33: alpha=0.016345  teacher_rms=0.5964  v_rms=0.3649
    Layer 34: alpha=0.031180  teacher_rms=1.0165  v_rms=0.3260
    Layer 35: alpha=0.058231  teacher_rms=1.0378  v_rms=0.1782

  Set g_proj = v_proj * alpha in 35 GDN layers (damping=0.01).
  Init (taylor_distill) done in 502.0s
  Layer 31: PPL = 1170.72  (eval 20.6s)

============================================================
  Probing layer 32 | strategy=taylor_distill
============================================================
Loading checkpoint shards:   0%|          | 0/4 [00:00<?, ?it/s]Loading checkpoint shards: 100%|██████████| 4/4 [00:00<00:00, 48.16it/s]
Could not cache non-existence of file. Will ignore error and continue. Error: [Errno 13] Permission denied: '/data/shared/huggingface/hub/models--Qwen--Qwen3-8B/.no_exist/b968826d9c46dd6066d109eabc6255188de91218/model.safetensors'
Loading checkpoint shards:   0%|          | 0/5 [00:00<?, ?it/s]Loading checkpoint shards: 100%|██████████| 5/5 [00:00<00:00, 186.30it/s]
Token indices sequence length is longer than the specified maximum sequence length for this model (2429029 > 131072). Running this sequence through the model will result in indexing errors
  [Taylor Step 1/3] Gate calibration from attention stats...
    Layer  0: dist=[18, 2, 6, 20, 8, 14, 6, 7, 10, 4, 6, 7, 10, 18, 17, 5, 9, 11, 8, 8, 8, 12, 2, 7, 4, 26, 5, 26, 9, 19, 9, 8]
    Layer  1: dist=[12, 21, 14, 26, 2, 9, 17, 7, 25, 18, 32, 29, 18, 28, 28, 20, 17, 26, 31, 18, 28, 17, 21, 21, 26, 8, 25, 23, 41, 16, 20, 28]
    Layer  2: dist=[36, 36, 37, 32, 17, 27, 20, 24, 21, 24, 29, 33, 28, 25, 26, 34, 32, 26, 28, 22, 28, 36, 27, 27, 14, 14, 11, 19, 41, 42, 43, 41]
    Layer  3: dist=[40, 20, 9, 12, 49, 50, 46, 42, 30, 27, 33, 31, 49, 43, 42, 42, 35, 37, 29, 37, 42, 33, 32, 36, 35, 30, 29, 33, 39, 36, 40, 37]
    Layer  4: dist=[31, 35, 41, 36, 41, 33, 35, 48, 37, 38, 34, 34, 31, 31, 38, 35, 35, 37, 38, 39, 34, 35, 25, 34, 26, 32, 27, 21, 28, 33, 30, 30]
    Layer  5: dist=[23, 29, 30, 21, 36, 34, 29, 29, 4, 14, 40, 38, 31, 43, 32, 30, 23, 20, 28, 28, 29, 30, 27, 33, 38, 39, 43, 43, 26, 25, 29, 32]
    Layer  6: dist=[16, 22, 17, 17, 27, 24, 34, 32, 25, 12, 21, 20, 31, 34, 28, 16, 28, 20, 24, 23, 13, 18, 18, 8, 21, 24, 18, 28, 24, 25, 21, 27]
    Layer  7: dist=[31, 36, 33, 46, 63, 57, 63, 60, 45, 60, 53, 41, 54, 15, 30, 49, 42, 54, 44, 44, 54, 45, 58, 59, 34, 41, 25, 43, 49, 51, 49, 54]
    Layer  8: dist=[45, 46, 49, 29, 43, 41, 35, 44, 46, 52, 43, 48, 51, 43, 49, 36, 60, 56, 54, 51, 44, 54, 51, 57, 47, 37, 51, 36, 44, 38, 42, 44]
    Layer  9: dist=[40, 32, 31, 36, 45, 49, 48, 40, 62, 61, 60, 56, 14, 46, 32, 45, 49, 53, 59, 62, 44, 40, 35, 41, 61, 44, 49, 54, 62, 57, 63, 61]
    Layer 10: dist=[39, 39, 30, 39, 46, 55, 33, 41, 34, 45, 55, 26, 49, 36, 42, 44, 45, 53, 52, 50, 46, 31, 56, 51, 51, 56, 47, 43, 40, 39, 44, 47]
    Layer 11: dist=[33, 33, 47, 27, 29, 36, 43, 42, 52, 62, 57, 49, 44, 33, 38, 39, 39, 36, 33, 25, 42, 56, 46, 46, 39, 32, 36, 32, 49, 34, 31, 48]
    Layer 12: dist=[12, 40, 39, 33, 43, 46, 39, 36, 33, 36, 44, 44, 50, 45, 45, 49, 21, 38, 29, 44, 55, 54, 53, 56, 49, 1, 56, 23, 43, 45, 59, 49]
    Layer 13: dist=[29, 36, 39, 36, 31, 29, 35, 22, 47, 36, 52, 61, 64, 58, 55, 62, 46, 39, 31, 36, 47, 33, 44, 46, 44, 33, 40, 41, 58, 56, 49, 51]
    Layer 14: dist=[25, 35, 34, 24, 39, 24, 35, 33, 31, 32, 37, 37, 36, 40, 35, 36, 41, 46, 31, 35, 33, 17, 28, 42, 27, 38, 40, 38, 43, 44, 5, 48]
    Layer 15: dist=[45, 27, 43, 23, 20, 22, 41, 33, 48, 33, 26, 54, 37, 56, 41, 47, 33, 33, 34, 36, 33, 30, 27, 27, 27, 20, 41, 37, 38, 47, 38, 28]
    Layer 16: dist=[37, 32, 42, 47, 29, 35, 26, 31, 29, 45, 40, 43, 49, 35, 44, 47, 38, 41, 34, 35, 59, 60, 57, 54, 39, 28, 34, 6, 32, 33, 36, 32]
    Layer 17: dist=[58, 50, 41, 34, 28, 31, 22, 25, 44, 54, 42, 49, 23, 32, 39, 39, 24, 29, 32, 22, 39, 51, 49, 48, 30, 28, 31, 26, 29, 43, 47, 36]
    Layer 18: dist=[20, 27, 19, 18, 29, 37, 39, 30, 37, 40, 37, 45, 34, 34, 31, 35, 26, 41, 42, 28, 38, 28, 37, 52, 31, 35, 35, 36, 30, 29, 43, 31]
    Layer 19: dist=[39, 33, 35, 35, 43, 54, 30, 38, 40, 44, 41, 48, 35, 31, 40, 35, 44, 42, 26, 29, 10, 28, 18, 27, 52, 54, 52, 58, 44, 43, 41, 41]
    Layer 20: dist=[46, 39, 44, 40, 41, 27, 28, 31, 23, 21, 26, 21, 48, 42, 48, 50, 24, 28, 31, 21, 38, 57, 52, 51, 63, 51, 53, 44, 49, 43, 55, 55]
    Layer 21: dist=[26, 25, 30, 35, 58, 33, 53, 58, 61, 33, 39, 38, 26, 24, 25, 23, 39, 40, 45, 32, 47, 52, 48, 49, 35, 34, 32, 44, 38, 40, 34, 47]
    Layer 22: dist=[39, 32, 37, 33, 28, 38, 24, 30, 21, 27, 24, 35, 9, 46, 32, 35, 18, 40, 40, 23, 53, 59, 60, 61, 51, 44, 46, 48, 57, 47, 53, 50]
    Layer 23: dist=[22, 18, 26, 22, 55, 55, 22, 50, 41, 20, 24, 31, 37, 36, 41, 39, 41, 38, 42, 48, 41, 46, 42, 40, 41, 39, 37, 51, 47, 44, 44, 39]
    Layer 24: dist=[40, 62, 57, 51, 50, 56, 54, 47, 52, 54, 52, 43, 41, 39, 47, 40, 42, 49, 44, 42, 60, 53, 52, 58, 31, 41, 39, 29, 50, 57, 51, 47]
    Layer 25: dist=[50, 60, 59, 49, 38, 38, 54, 42, 46, 52, 47, 48, 36, 45, 27, 37, 48, 50, 49, 45, 54, 56, 55, 55, 58, 56, 50, 55, 46, 61, 51, 45]
    Layer 26: dist=[43, 47, 57, 36, 59, 57, 59, 56, 52, 56, 53, 49, 52, 62, 60, 60, 43, 46, 53, 50, 53, 54, 60, 57, 53, 50, 54, 50, 58, 50, 59, 51]
    Layer 27: dist=[48, 55, 54, 59, 50, 53, 52, 44, 41, 52, 55, 52, 41, 56, 42, 45, 51, 53, 53, 53, 47, 56, 54, 44, 57, 59, 60, 60, 50, 44, 45, 60]
    Layer 28: dist=[53, 47, 54, 53, 41, 35, 40, 38, 52, 57, 47, 46, 57, 53, 48, 50, 57, 51, 53, 55, 59, 37, 32, 46, 47, 46, 50, 51, 46, 48, 35, 49]
    Layer 29: dist=[57, 58, 57, 58, 45, 56, 47, 58, 58, 57, 61, 54, 60, 61, 60, 61, 58, 56, 58, 60, 62, 61, 56, 62, 49, 59, 47, 49, 55, 51, 56, 56]
    Layer 30: dist=[40, 54, 51, 52, 53, 51, 48, 37, 60, 59, 58, 60, 53, 53, 57, 51, 52, 39, 61, 61, 29, 60, 53, 54, 60, 60, 61, 60, 55, 56, 54, 51]
    Layer 31: dist=[60, 58, 51, 49, 58, 59, 59, 59, 57, 41, 46, 47, 58, 59, 59, 58, 52, 53, 55, 48, 60, 59, 56, 59, 57, 56, 46, 60, 57, 55, 53, 57]
    Layer 33: dist=[52, 61, 57, 60, 45, 52, 29, 47, 57, 58, 57, 58, 58, 59, 58, 59, 59, 59, 53, 56, 58, 49, 54, 57, 57, 59, 60, 59, 56, 56, 55, 53]
    Layer 34: dist=[56, 57, 58, 57, 55, 56, 55, 54, 25, 47, 54, 42, 58, 57, 60, 40, 42, 44, 62, 30, 58, 27, 59, 60, 61, 60, 62, 60, 26, 32, 35, 54]
    Layer 35: dist=[56, 62, 36, 50, 43, 19, 55, 48, 42, 51, 55, 49, 30, 17, 24, 22, 49, 45, 40, 27, 45, 52, 28, 27, 33, 27, 33, 35, 36, 57, 61, 58]

  [Taylor Step 2/3] OLS sigma per head (scaling V, streaming)...
    Layer  0: sigma=[0.256, 0.100, 0.100, 0.100, 0.195, 0.604, 0.100, 0.100, 0.100, 0.100, 0.141, 0.100, 0.100, 0.100, 0.100, 0.291, 0.100, 0.100, 0.100, 0.100, 0.100, 0.100, 0.100, 0.200, 0.100, 0.100, 0.577, 0.100, 0.253, 0.100, 0.100, 0.100]
    Layer  1: sigma=[0.278, 0.100, 0.100, 0.100, 0.100, 0.100, 0.100, 0.100, 0.100, 0.409, 0.278, 0.100, 0.100, 0.100, 0.100, 0.100, 0.100, 0.100, 0.100, 0.100, 0.100, 0.100, 0.100, 0.208, 0.100, 0.100, 0.178, 0.100, 0.100, 0.100, 0.100, 0.100]
    Layer  2: sigma=[0.151, 0.100, 0.100, 0.100, 0.100, 0.100, 0.100, 0.100, 0.160, 0.100, 0.100, 0.100, 0.100, 0.257, 0.100, 0.100, 0.100, 0.100, 0.100, 0.100, 0.100, 0.100, 0.100, 0.100, 0.100, 0.174, 0.100, 0.100, 0.100, 0.100, 0.100, 0.141]
    Layer  3: sigma=[0.100, 0.470, 0.100, 0.294, 0.100, 0.100, 0.100, 0.100, 0.100, 0.100, 0.100, 0.100, 0.100, 0.100, 0.100, 0.100, 0.100, 0.100, 0.123, 0.100, 0.100, 0.100, 0.100, 0.100, 0.100, 0.124, 0.113, 0.100, 0.100, 0.100, 0.100, 0.100]
    Layer  4: sigma=[0.100, 0.100, 0.100, 0.100, 0.100, 0.100, 0.100, 0.100, 0.100, 0.100, 0.100, 0.100, 0.100, 0.100, 0.100, 0.100, 0.100, 0.100, 0.100, 0.100, 0.100, 0.144, 0.320, 0.100, 0.100, 0.100, 0.100, 0.100, 0.100, 0.100, 0.100, 0.100]
    Layer  5: sigma=[0.100, 0.100, 0.111, 0.100, 0.100, 0.100, 0.100, 0.100, 0.100, 0.271, 0.100, 0.107, 0.100, 0.100, 0.100, 0.111, 0.100, 0.335, 0.100, 0.100, 0.100, 0.100, 0.100, 0.100, 0.100, 0.100, 0.100, 0.100, 0.100, 0.242, 0.100, 0.100]
    Layer  6: sigma=[0.100, 0.100, 0.159, 0.100, 0.114, 0.110, 0.100, 0.100, 0.100, 0.100, 0.100, 0.100, 0.100, 0.100, 0.100, 0.100, 0.100, 0.100, 0.100, 0.100, 0.242, 0.100, 0.100, 0.100, 0.100, 0.100, 0.100, 0.100, 0.100, 0.100, 0.100, 0.100]
    Layer  7: sigma=[0.100, 0.247, 0.100, 0.100, 0.113, 0.100, 0.100, 0.100, 0.100, 0.100, 0.100, 0.164, 0.100, 0.100, 0.100, 0.100, 0.100, 0.100, 0.100, 0.100, 0.100, 0.100, 0.100, 0.100, 0.100, 0.100, 0.100, 0.100, 0.100, 0.100, 0.100, 0.100]
    Layer  8: sigma=[0.100, 0.100, 0.100, 0.100, 0.100, 0.100, 0.100, 0.124, 0.100, 0.100, 0.100, 0.100, 0.100, 0.139, 0.100, 0.100, 0.100, 0.100, 0.100, 0.100, 0.100, 0.100, 0.100, 0.100, 0.100, 0.100, 0.100, 0.317, 0.100, 0.100, 0.100, 0.100]
    Layer  9: sigma=[0.100, 0.100, 0.125, 0.100, 0.100, 0.100, 0.100, 0.100, 0.100, 0.100, 0.100, 0.100, 0.100, 0.100, 0.772, 0.218, 0.100, 0.100, 0.100, 0.100, 0.119, 0.100, 0.100, 0.100, 0.100, 0.161, 0.100, 0.100, 0.100, 0.100, 0.100, 0.100]
    Layer 10: sigma=[0.100, 0.100, 0.100, 0.100, 0.100, 0.100, 0.100, 0.100, 0.130, 0.100, 0.100, 0.100, 0.100, 0.100, 0.100, 0.100, 0.100, 0.100, 0.100, 0.100, 0.100, 0.100, 0.100, 0.100, 0.100, 0.100, 0.100, 0.100, 0.104, 0.100, 0.110, 0.100]
    Layer 11: sigma=[0.100, 0.100, 0.100, 0.100, 0.216, 0.100, 0.171, 0.100, 0.100, 0.134, 0.100, 0.100, 0.141, 0.100, 0.294, 0.100, 0.100, 0.100, 0.100, 0.100, 0.100, 0.100, 0.100, 0.100, 0.100, 0.100, 0.242, 0.100, 0.100, 0.100, 0.102, 0.100]
    Layer 12: sigma=[0.100, 0.100, 0.100, 0.100, 0.100, 0.120, 0.100, 0.100, 0.100, 0.126, 0.100, 0.100, 0.100, 0.100, 0.100, 0.100, 0.100, 0.262, 0.461, 0.100, 0.100, 0.100, 0.100, 0.100, 0.100, 0.305, 0.100, 0.133, 0.100, 0.137, 0.138, 0.100]
    Layer 13: sigma=[0.267, 0.100, 0.100, 0.100, 0.100, 0.100, 0.100, 0.106, 0.100, 0.125, 0.125, 0.100, 0.100, 0.100, 0.100, 0.100, 0.100, 0.100, 0.100, 0.100, 0.100, 0.100, 0.100, 0.100, 0.100, 0.100, 0.100, 0.100, 0.100, 0.100, 0.100, 0.100]
    Layer 14: sigma=[0.100, 0.100, 0.100, 0.100, 0.100, 0.487, 0.100, 0.170, 0.100, 0.100, 0.100, 0.100, 0.100, 0.174, 0.100, 0.100, 0.100, 0.100, 0.175, 0.106, 0.100, 0.100, 0.100, 0.100, 0.100, 0.149, 0.100, 0.132, 0.100, 0.100, 0.146, 0.100]
    Layer 15: sigma=[0.100, 0.201, 0.100, 0.131, 0.210, 0.101, 0.100, 0.100, 0.100, 0.100, 0.100, 0.113, 0.247, 0.100, 0.100, 0.100, 0.100, 0.100, 0.107, 0.148, 0.100, 0.100, 0.100, 0.100, 0.288, 0.256, 0.100, 0.100, 0.100, 0.100, 0.100, 0.100]
    Layer 16: sigma=[0.361, 0.100, 0.100, 0.100, 0.100, 0.100, 0.100, 0.100, 0.100, 0.100, 0.100, 0.100, 0.100, 0.100, 0.100, 0.100, 0.100, 0.100, 0.100, 0.100, 0.100, 0.100, 0.100, 0.100, 0.100, 0.165, 0.100, 0.100, 0.100, 0.100, 0.100, 0.100]
    Layer 17: sigma=[0.100, 0.100, 0.100, 0.100, 0.100, 0.466, 0.100, 0.114, 0.103, 0.100, 0.100, 0.100, 0.100, 0.100, 0.100, 0.100, 0.319, 0.154, 0.100, 0.334, 0.100, 0.100, 0.100, 0.100, 0.100, 0.100, 0.373, 0.124, 0.100, 0.100, 0.100, 0.100]
    Layer 18: sigma=[0.100, 0.627, 0.100, 0.100, 0.110, 0.193, 0.100, 0.117, 0.100, 0.100, 0.100, 0.100, 0.100, 0.100, 0.100, 0.100, 0.479, 0.100, 0.100, 0.100, 0.100, 0.100, 0.100, 0.100, 0.100, 0.100, 0.100, 0.100, 0.100, 0.100, 0.100, 0.100]
    Layer 19: sigma=[0.100, 0.100, 0.100, 0.100, 0.100, 0.100, 0.170, 0.100, 0.100, 0.100, 0.100, 0.100, 0.271, 0.100, 0.100, 0.158, 0.100, 0.100, 0.100, 0.398, 0.100, 0.100, 0.100, 0.100, 0.100, 0.100, 0.100, 0.100, 0.100, 0.100, 0.100, 0.100]
    Layer 20: sigma=[0.100, 0.100, 0.174, 0.100, 0.100, 0.231, 0.160, 0.100, 0.100, 0.100, 0.100, 0.100, 0.100, 0.100, 0.100, 0.117, 0.223, 0.100, 0.100, 0.100, 0.100, 0.100, 0.100, 0.100, 0.100, 0.100, 0.100, 0.100, 0.100, 0.100, 0.100, 0.100]
    Layer 21: sigma=[0.100, 0.100, 0.100, 0.125, 0.100, 0.100, 0.100, 0.100, 0.100, 0.100, 0.100, 0.380, 0.100, 0.100, 0.119, 0.100, 0.100, 0.100, 0.100, 0.100, 0.100, 0.100, 0.100, 0.100, 0.100, 0.100, 0.100, 0.100, 0.100, 0.100, 0.271, 0.110]
    Layer 22: sigma=[0.184, 0.100, 0.100, 0.100, 0.178, 0.111, 0.123, 0.317, 0.243, 0.100, 0.100, 0.100, 0.100, 0.100, 0.100, 0.100, 0.100, 0.100, 0.100, 0.115, 0.100, 0.100, 0.100, 0.100, 0.100, 0.100, 0.100, 0.100, 0.100, 0.100, 0.100, 0.100]
    Layer 23: sigma=[0.186, 0.147, 0.172, 0.100, 0.100, 0.100, 0.184, 0.100, 0.100, 0.100, 0.100, 0.100, 0.100, 0.100, 0.100, 0.100, 0.100, 0.100, 0.100, 0.100, 0.100, 0.100, 0.100, 0.100, 0.100, 0.100, 0.100, 0.100, 0.100, 0.243, 0.269, 0.181]
    Layer 24: sigma=[0.100, 0.100, 0.100, 0.100, 0.100, 0.100, 0.100, 0.100, 0.120, 0.100, 0.100, 0.100, 0.100, 0.100, 0.100, 0.201, 0.100, 0.100, 0.100, 0.100, 0.100, 0.100, 0.100, 0.100, 0.280, 0.296, 0.187, 0.263, 0.100, 0.100, 0.100, 0.100]
    Layer 25: sigma=[0.100, 0.100, 0.100, 0.100, 0.100, 0.100, 0.100, 0.100, 0.100, 0.100, 0.100, 0.100, 0.100, 0.100, 0.100, 0.100, 0.100, 0.100, 0.100, 0.100, 0.100, 0.100, 0.100, 0.100, 0.100, 0.100, 0.100, 0.100, 0.100, 0.100, 0.100, 0.100]
    Layer 26: sigma=[0.100, 0.100, 0.100, 0.100, 0.100, 0.100, 0.100, 0.100, 0.100, 0.100, 0.100, 0.100, 0.100, 0.100, 0.100, 0.100, 0.100, 0.100, 0.100, 0.100, 0.100, 0.100, 0.100, 0.100, 0.100, 0.100, 0.100, 0.100, 0.100, 0.100, 0.100, 0.100]
    Layer 27: sigma=[0.100, 0.100, 0.100, 0.100, 0.100, 0.100, 0.100, 0.100, 0.100, 0.100, 0.100, 0.100, 0.100, 0.100, 0.100, 0.100, 0.100, 0.100, 0.100, 0.100, 0.100, 0.100, 0.100, 0.100, 0.100, 0.100, 0.100, 0.100, 0.100, 0.209, 0.100, 0.100]
    Layer 28: sigma=[0.100, 0.100, 0.100, 0.100, 0.110, 0.100, 0.100, 0.256, 0.100, 0.100, 0.100, 0.100, 0.100, 0.100, 0.100, 0.100, 0.100, 0.100, 0.100, 0.100, 0.100, 0.100, 0.100, 0.100, 0.100, 0.100, 0.100, 0.100, 0.100, 0.100, 0.100, 0.100]
    Layer 29: sigma=[0.100, 0.100, 0.100, 0.100, 0.100, 0.100, 0.100, 0.100, 0.100, 0.100, 0.100, 0.100, 0.100, 0.100, 0.100, 0.100, 0.100, 0.100, 0.100, 0.100, 0.100, 0.100, 0.100, 0.100, 0.100, 0.100, 0.100, 0.100, 0.100, 0.100, 0.100, 0.100]
    Layer 30: sigma=[0.100, 0.100, 0.100, 0.100, 0.100, 0.100, 0.100, 0.100, 0.100, 0.100, 0.100, 0.100, 0.100, 0.100, 0.100, 0.100, 0.100, 0.100, 0.100, 0.100, 0.100, 0.100, 0.100, 0.100, 0.100, 0.100, 0.100, 0.100, 0.100, 0.100, 0.100, 0.100]
    Layer 31: sigma=[0.100, 0.100, 0.100, 0.100, 0.100, 0.100, 0.100, 0.100, 0.100, 0.100, 0.100, 0.100, 0.100, 0.100, 0.100, 0.100, 0.100, 0.100, 0.100, 0.100, 0.100, 0.100, 0.100, 0.100, 0.100, 0.100, 0.100, 0.100, 0.100, 0.100, 0.100, 0.100]
    Layer 33: sigma=[0.100, 0.100, 0.100, 0.100, 0.100, 0.100, 0.158, 0.100, 0.100, 0.100, 0.100, 0.100, 0.100, 0.100, 0.100, 0.100, 0.100, 0.100, 0.100, 0.100, 0.100, 0.100, 0.100, 0.100, 0.100, 0.100, 0.100, 0.100, 0.100, 0.100, 0.100, 0.100]
    Layer 34: sigma=[0.100, 0.100, 0.100, 0.100, 0.100, 0.100, 0.100, 0.100, 0.100, 0.100, 0.100, 0.100, 0.100, 0.100, 0.100, 0.100, 0.100, 0.100, 0.100, 0.100, 0.100, 0.100, 0.100, 0.100, 0.100, 0.100, 0.100, 0.100, 0.100, 0.100, 0.100, 0.100]
    Layer 35: sigma=[0.100, 0.100, 0.100, 0.100, 0.100, 0.100, 0.100, 0.100, 0.100, 0.100, 0.100, 0.100, 0.100, 0.100, 0.100, 0.100, 0.100, 0.100, 0.100, 0.100, 0.100, 0.100, 0.168, 0.100, 0.100, 0.100, 0.100, 0.100, 0.100, 0.100, 0.100, 0.100]

  [Taylor Step 3/3] g_proj = v_proj * alpha (damping=0.01)...
    Layer  0: alpha=0.068940  teacher_rms=0.0168  v_rms=0.0024
    Layer  1: alpha=0.057948  teacher_rms=0.0216  v_rms=0.0037
    Layer  2: alpha=0.054772  teacher_rms=0.0222  v_rms=0.0041
    Layer  3: alpha=0.041027  teacher_rms=0.0261  v_rms=0.0064
    Layer  4: alpha=0.048997  teacher_rms=0.0316  v_rms=0.0064
    Layer  5: alpha=0.052795  teacher_rms=0.0412  v_rms=0.0078
    Layer  6: alpha=0.075126  teacher_rms=0.0646  v_rms=0.0086
    Layer  7: alpha=0.040640  teacher_rms=0.0510  v_rms=0.0126
    Layer  8: alpha=0.040424  teacher_rms=0.0695  v_rms=0.0172
    Layer  9: alpha=0.026744  teacher_rms=0.0701  v_rms=0.0262
    Layer 10: alpha=0.049044  teacher_rms=0.1071  v_rms=0.0218
    Layer 11: alpha=0.053297  teacher_rms=0.1038  v_rms=0.0195
    Layer 12: alpha=0.047496  teacher_rms=0.1177  v_rms=0.0248
    Layer 13: alpha=0.053925  teacher_rms=0.1013  v_rms=0.0188
    Layer 14: alpha=0.053528  teacher_rms=0.1546  v_rms=0.0289
    Layer 15: alpha=0.047557  teacher_rms=0.1546  v_rms=0.0325
    Layer 16: alpha=0.038959  teacher_rms=0.1446  v_rms=0.0371
    Layer 17: alpha=0.036560  teacher_rms=0.1762  v_rms=0.0482
    Layer 18: alpha=0.032626  teacher_rms=0.1919  v_rms=0.0588
    Layer 19: alpha=0.048267  teacher_rms=0.2023  v_rms=0.0419
    Layer 20: alpha=0.051818  teacher_rms=0.1938  v_rms=0.0374
    Layer 21: alpha=0.046958  teacher_rms=0.2301  v_rms=0.0490
    Layer 22: alpha=0.049651  teacher_rms=0.2755  v_rms=0.0555
    Layer 23: alpha=0.048667  teacher_rms=0.3026  v_rms=0.0622
    Layer 24: alpha=0.033514  teacher_rms=0.2864  v_rms=0.0854
    Layer 25: alpha=0.038418  teacher_rms=0.2261  v_rms=0.0589
    Layer 26: alpha=0.027400  teacher_rms=0.1994  v_rms=0.0728
    Layer 27: alpha=0.032879  teacher_rms=0.2900  v_rms=0.0882
    Layer 28: alpha=0.037855  teacher_rms=0.3530  v_rms=0.0932
    Layer 29: alpha=0.016275  teacher_rms=0.2479  v_rms=0.1523
    Layer 30: alpha=0.025867  teacher_rms=0.3921  v_rms=0.1516
    Layer 31: alpha=0.018626  teacher_rms=0.3452  v_rms=0.1853
    Layer 33: alpha=0.016248  teacher_rms=0.5964  v_rms=0.3670
    Layer 34: alpha=0.031180  teacher_rms=1.0165  v_rms=0.3260
    Layer 35: alpha=0.057236  teacher_rms=1.0378  v_rms=0.1813

  Set g_proj = v_proj * alpha in 35 GDN layers (damping=0.01).
  Init (taylor_distill) done in 341.1s
  Layer 32: PPL = 897.70  (eval 19.5s)

============================================================
  Probing layer 33 | strategy=taylor_distill
============================================================
Loading checkpoint shards:   0%|          | 0/4 [00:00<?, ?it/s]Loading checkpoint shards: 100%|██████████| 4/4 [00:00<00:00, 150.90it/s]
Could not cache non-existence of file. Will ignore error and continue. Error: [Errno 13] Permission denied: '/data/shared/huggingface/hub/models--Qwen--Qwen3-8B/.no_exist/b968826d9c46dd6066d109eabc6255188de91218/model.safetensors'
Loading checkpoint shards:   0%|          | 0/5 [00:00<?, ?it/s]Loading checkpoint shards: 100%|██████████| 5/5 [00:00<00:00, 187.43it/s]
Token indices sequence length is longer than the specified maximum sequence length for this model (2429029 > 131072). Running this sequence through the model will result in indexing errors
  [Taylor Step 1/3] Gate calibration from attention stats...
    Layer  0: dist=[18, 2, 6, 20, 8, 14, 6, 7, 10, 4, 6, 7, 10, 18, 17, 5, 9, 11, 8, 8, 8, 12, 2, 7, 4, 26, 5, 26, 9, 19, 9, 8]
    Layer  1: dist=[12, 21, 14, 26, 2, 9, 17, 7, 25, 18, 32, 29, 18, 28, 28, 20, 17, 26, 31, 18, 28, 17, 21, 21, 26, 8, 25, 23, 41, 16, 20, 28]
    Layer  2: dist=[36, 36, 37, 32, 17, 27, 20, 24, 21, 24, 29, 33, 28, 25, 26, 34, 32, 26, 28, 22, 28, 36, 27, 27, 14, 14, 11, 19, 41, 42, 43, 41]
    Layer  3: dist=[40, 20, 9, 12, 49, 50, 46, 42, 30, 27, 33, 31, 49, 43, 42, 42, 35, 37, 29, 37, 42, 33, 32, 36, 35, 30, 29, 33, 39, 36, 40, 37]
    Layer  4: dist=[31, 35, 41, 36, 41, 33, 35, 48, 37, 38, 34, 34, 31, 31, 38, 35, 35, 37, 38, 39, 34, 35, 25, 34, 26, 32, 27, 21, 28, 33, 30, 30]
    Layer  5: dist=[23, 29, 30, 21, 36, 34, 29, 29, 4, 14, 40, 38, 31, 43, 32, 30, 23, 20, 28, 28, 29, 30, 27, 33, 38, 39, 43, 43, 26, 25, 29, 32]
    Layer  6: dist=[16, 22, 17, 17, 27, 24, 34, 32, 25, 12, 21, 20, 31, 34, 28, 16, 28, 20, 24, 23, 13, 18, 18, 8, 21, 24, 18, 28, 24, 25, 21, 27]
    Layer  7: dist=[31, 36, 33, 46, 63, 57, 63, 60, 45, 60, 53, 41, 54, 15, 30, 49, 42, 54, 44, 44, 54, 45, 58, 59, 34, 41, 25, 43, 49, 51, 49, 54]
    Layer  8: dist=[45, 46, 49, 29, 43, 41, 35, 44, 46, 52, 43, 48, 51, 43, 49, 36, 60, 56, 54, 51, 44, 54, 51, 57, 47, 37, 51, 36, 44, 38, 42, 44]
    Layer  9: dist=[40, 32, 31, 36, 45, 49, 48, 40, 62, 61, 60, 56, 14, 46, 32, 45, 49, 53, 59, 62, 44, 40, 35, 41, 61, 44, 49, 54, 62, 57, 63, 61]
    Layer 10: dist=[39, 39, 30, 39, 46, 55, 33, 41, 34, 45, 55, 26, 49, 36, 42, 44, 45, 53, 52, 50, 46, 31, 56, 51, 51, 56, 47, 43, 40, 39, 44, 47]
    Layer 11: dist=[33, 33, 47, 27, 29, 36, 43, 42, 52, 62, 57, 49, 44, 33, 38, 39, 39, 36, 33, 25, 42, 56, 46, 46, 39, 32, 36, 32, 49, 34, 31, 48]
    Layer 12: dist=[12, 40, 39, 33, 43, 46, 39, 36, 33, 36, 44, 44, 50, 45, 45, 49, 21, 38, 29, 44, 55, 54, 53, 56, 49, 1, 56, 23, 43, 45, 59, 49]
    Layer 13: dist=[29, 36, 39, 36, 31, 29, 35, 22, 47, 36, 52, 61, 64, 58, 55, 62, 46, 39, 31, 36, 47, 33, 44, 46, 44, 33, 40, 41, 58, 56, 49, 51]
    Layer 14: dist=[25, 35, 34, 24, 39, 24, 35, 33, 31, 32, 37, 37, 36, 40, 35, 36, 41, 46, 31, 35, 33, 17, 28, 42, 27, 38, 40, 38, 43, 44, 5, 48]
    Layer 15: dist=[45, 27, 43, 23, 20, 22, 41, 33, 48, 33, 26, 54, 37, 56, 41, 47, 33, 33, 34, 36, 33, 30, 27, 27, 27, 20, 41, 37, 38, 47, 38, 28]
    Layer 16: dist=[37, 32, 42, 47, 29, 35, 26, 31, 29, 45, 40, 43, 49, 35, 44, 47, 38, 41, 34, 35, 59, 60, 57, 54, 39, 28, 34, 6, 32, 33, 36, 32]
    Layer 17: dist=[58, 50, 41, 34, 28, 31, 22, 25, 44, 54, 42, 49, 23, 32, 39, 39, 24, 29, 32, 22, 39, 51, 49, 48, 30, 28, 31, 26, 29, 43, 47, 36]
    Layer 18: dist=[20, 27, 19, 18, 29, 37, 39, 30, 37, 40, 37, 45, 34, 34, 31, 35, 26, 41, 42, 28, 38, 28, 37, 52, 31, 35, 35, 36, 30, 29, 43, 31]
    Layer 19: dist=[39, 33, 35, 35, 43, 54, 30, 38, 40, 44, 41, 48, 35, 31, 40, 35, 44, 42, 26, 29, 10, 28, 18, 27, 52, 54, 52, 58, 44, 43, 41, 41]
    Layer 20: dist=[46, 39, 44, 40, 41, 27, 28, 31, 23, 21, 26, 21, 48, 42, 48, 50, 24, 28, 31, 21, 38, 57, 52, 51, 63, 51, 53, 44, 49, 43, 55, 55]
    Layer 21: dist=[26, 25, 30, 35, 58, 33, 53, 58, 61, 33, 39, 38, 26, 24, 25, 23, 39, 40, 45, 32, 47, 52, 48, 49, 35, 34, 32, 44, 38, 40, 34, 47]
    Layer 22: dist=[39, 32, 37, 33, 28, 38, 24, 30, 21, 27, 24, 35, 9, 46, 32, 35, 18, 40, 40, 23, 53, 59, 60, 61, 51, 44, 46, 48, 57, 47, 53, 50]
    Layer 23: dist=[22, 18, 26, 22, 55, 55, 22, 50, 41, 20, 24, 31, 37, 36, 41, 39, 41, 38, 42, 48, 41, 46, 42, 40, 41, 39, 37, 51, 47, 44, 44, 39]
    Layer 24: dist=[40, 62, 57, 51, 50, 56, 54, 47, 52, 54, 52, 43, 41, 39, 47, 40, 42, 49, 44, 42, 60, 53, 52, 58, 31, 41, 39, 29, 50, 57, 51, 47]
    Layer 25: dist=[50, 60, 59, 49, 38, 38, 54, 42, 46, 52, 47, 48, 36, 45, 27, 37, 48, 50, 49, 45, 54, 56, 55, 55, 58, 56, 50, 55, 46, 61, 51, 45]
    Layer 26: dist=[43, 47, 57, 36, 59, 57, 59, 56, 52, 56, 53, 49, 52, 62, 60, 60, 43, 46, 53, 50, 53, 54, 60, 57, 53, 50, 54, 50, 58, 50, 59, 51]
    Layer 27: dist=[48, 55, 54, 59, 50, 53, 52, 44, 41, 52, 55, 52, 41, 56, 42, 45, 51, 53, 53, 53, 47, 56, 54, 44, 57, 59, 60, 60, 50, 44, 45, 60]
    Layer 28: dist=[53, 47, 54, 53, 41, 35, 40, 38, 52, 57, 47, 46, 57, 53, 48, 50, 57, 51, 53, 55, 59, 37, 32, 46, 47, 46, 50, 51, 46, 48, 35, 49]
    Layer 29: dist=[57, 58, 57, 58, 45, 56, 47, 58, 58, 57, 61, 54, 60, 61, 60, 61, 58, 56, 58, 60, 62, 61, 56, 62, 49, 59, 47, 49, 55, 51, 56, 56]
    Layer 30: dist=[40, 54, 51, 52, 53, 51, 48, 37, 60, 59, 58, 60, 53, 53, 57, 51, 52, 39, 61, 61, 29, 60, 53, 54, 60, 60, 61, 60, 55, 56, 54, 51]
    Layer 31: dist=[60, 58, 51, 49, 58, 59, 59, 59, 57, 41, 46, 47, 58, 59, 59, 58, 52, 53, 55, 48, 60, 59, 56, 59, 57, 56, 46, 60, 57, 55, 53, 57]
    Layer 32: dist=[56, 57, 58, 57, 58, 60, 59, 60, 56, 55, 59, 58, 48, 58, 54, 47, 58, 54, 54, 54, 62, 48, 57, 60, 36, 48, 44, 53, 58, 54, 51, 53]
    Layer 34: dist=[56, 57, 58, 57, 55, 56, 55, 54, 25, 47, 54, 42, 58, 57, 60, 40, 42, 44, 62, 30, 58, 27, 59, 60, 61, 60, 62, 60, 26, 32, 35, 54]
    Layer 35: dist=[56, 62, 36, 50, 43, 19, 55, 48, 42, 51, 55, 49, 30, 17, 24, 22, 49, 45, 40, 27, 45, 52, 28, 27, 33, 27, 33, 35, 36, 57, 61, 58]

  [Taylor Step 2/3] OLS sigma per head (scaling V, streaming)...
    Layer  0: sigma=[0.258, 0.100, 0.100, 0.100, 0.196, 0.604, 0.100, 0.100, 0.100, 0.100, 0.141, 0.100, 0.100, 0.100, 0.100, 0.291, 0.100, 0.100, 0.100, 0.100, 0.100, 0.100, 0.100, 0.200, 0.100, 0.100, 0.578, 0.100, 0.253, 0.100, 0.100, 0.100]
    Layer  1: sigma=[0.280, 0.100, 0.100, 0.100, 0.100, 0.100, 0.100, 0.100, 0.100, 0.406, 0.277, 0.100, 0.100, 0.100, 0.100, 0.100, 0.100, 0.100, 0.100, 0.100, 0.100, 0.100, 0.100, 0.207, 0.100, 0.100, 0.179, 0.100, 0.100, 0.100, 0.100, 0.100]
    Layer  2: sigma=[0.151, 0.100, 0.100, 0.100, 0.100, 0.100, 0.100, 0.100, 0.157, 0.100, 0.100, 0.100, 0.100, 0.254, 0.100, 0.100, 0.100, 0.100, 0.100, 0.100, 0.100, 0.100, 0.100, 0.100, 0.100, 0.175, 0.100, 0.100, 0.100, 0.100, 0.100, 0.139]
    Layer  3: sigma=[0.100, 0.442, 0.100, 0.293, 0.100, 0.100, 0.100, 0.100, 0.100, 0.100, 0.100, 0.100, 0.100, 0.100, 0.100, 0.100, 0.100, 0.100, 0.119, 0.100, 0.100, 0.100, 0.100, 0.100, 0.100, 0.125, 0.103, 0.100, 0.100, 0.100, 0.100, 0.100]
    Layer  4: sigma=[0.100, 0.100, 0.100, 0.100, 0.100, 0.100, 0.100, 0.100, 0.100, 0.100, 0.100, 0.100, 0.100, 0.100, 0.100, 0.100, 0.100, 0.100, 0.100, 0.100, 0.100, 0.145, 0.319, 0.100, 0.100, 0.100, 0.100, 0.100, 0.100, 0.100, 0.100, 0.100]
    Layer  5: sigma=[0.100, 0.100, 0.111, 0.100, 0.100, 0.100, 0.100, 0.101, 0.100, 0.269, 0.100, 0.106, 0.100, 0.100, 0.100, 0.114, 0.100, 0.337, 0.100, 0.100, 0.100, 0.100, 0.100, 0.100, 0.100, 0.100, 0.100, 0.100, 0.100, 0.248, 0.100, 0.100]
    Layer  6: sigma=[0.100, 0.100, 0.167, 0.100, 0.116, 0.115, 0.100, 0.100, 0.100, 0.100, 0.100, 0.100, 0.100, 0.100, 0.100, 0.100, 0.100, 0.100, 0.100, 0.100, 0.244, 0.100, 0.100, 0.100, 0.100, 0.100, 0.101, 0.100, 0.100, 0.100, 0.100, 0.100]
    Layer  7: sigma=[0.100, 0.247, 0.100, 0.100, 0.138, 0.100, 0.100, 0.100, 0.100, 0.100, 0.100, 0.147, 0.100, 0.100, 0.100, 0.100, 0.100, 0.100, 0.100, 0.100, 0.100, 0.100, 0.100, 0.100, 0.100, 0.100, 0.100, 0.100, 0.100, 0.100, 0.100, 0.100]
    Layer  8: sigma=[0.100, 0.100, 0.100, 0.100, 0.100, 0.100, 0.100, 0.116, 0.100, 0.100, 0.100, 0.100, 0.100, 0.137, 0.100, 0.100, 0.100, 0.100, 0.100, 0.100, 0.100, 0.100, 0.100, 0.100, 0.100, 0.100, 0.100, 0.299, 0.100, 0.100, 0.100, 0.100]
    Layer  9: sigma=[0.100, 0.100, 0.122, 0.100, 0.100, 0.100, 0.100, 0.100, 0.100, 0.100, 0.100, 0.100, 0.100, 0.100, 0.775, 0.227, 0.100, 0.100, 0.100, 0.100, 0.141, 0.100, 0.100, 0.100, 0.100, 0.165, 0.100, 0.100, 0.100, 0.100, 0.100, 0.100]
    Layer 10: sigma=[0.100, 0.100, 0.100, 0.100, 0.100, 0.100, 0.100, 0.100, 0.149, 0.100, 0.100, 0.100, 0.100, 0.100, 0.100, 0.100, 0.100, 0.100, 0.100, 0.100, 0.100, 0.100, 0.100, 0.100, 0.100, 0.100, 0.100, 0.100, 0.107, 0.100, 0.116, 0.100]
    Layer 11: sigma=[0.100, 0.100, 0.100, 0.100, 0.230, 0.100, 0.165, 0.100, 0.100, 0.128, 0.100, 0.100, 0.145, 0.100, 0.277, 0.100, 0.100, 0.100, 0.100, 0.100, 0.100, 0.100, 0.100, 0.100, 0.100, 0.100, 0.242, 0.100, 0.100, 0.100, 0.104, 0.100]
    Layer 12: sigma=[0.100, 0.100, 0.100, 0.100, 0.100, 0.119, 0.100, 0.100, 0.100, 0.117, 0.100, 0.100, 0.100, 0.100, 0.100, 0.100, 0.100, 0.254, 0.442, 0.100, 0.100, 0.100, 0.100, 0.100, 0.100, 0.343, 0.100, 0.124, 0.100, 0.134, 0.146, 0.100]
    Layer 13: sigma=[0.246, 0.100, 0.100, 0.100, 0.100, 0.100, 0.100, 0.103, 0.100, 0.116, 0.123, 0.100, 0.100, 0.100, 0.100, 0.100, 0.100, 0.100, 0.100, 0.100, 0.100, 0.100, 0.100, 0.100, 0.100, 0.100, 0.100, 0.100, 0.100, 0.100, 0.100, 0.100]
    Layer 14: sigma=[0.100, 0.100, 0.110, 0.100, 0.100, 0.520, 0.100, 0.186, 0.100, 0.100, 0.100, 0.100, 0.100, 0.175, 0.100, 0.100, 0.100, 0.100, 0.145, 0.124, 0.100, 0.100, 0.100, 0.100, 0.100, 0.158, 0.100, 0.137, 0.100, 0.100, 0.112, 0.100]
    Layer 15: sigma=[0.100, 0.226, 0.100, 0.109, 0.217, 0.122, 0.100, 0.100, 0.100, 0.100, 0.100, 0.100, 0.259, 0.100, 0.100, 0.100, 0.100, 0.100, 0.100, 0.156, 0.100, 0.100, 0.100, 0.100, 0.291, 0.234, 0.100, 0.100, 0.100, 0.100, 0.100, 0.100]
    Layer 16: sigma=[0.354, 0.100, 0.100, 0.100, 0.100, 0.100, 0.100, 0.100, 0.100, 0.100, 0.100, 0.100, 0.100, 0.100, 0.100, 0.100, 0.100, 0.100, 0.100, 0.100, 0.100, 0.100, 0.100, 0.100, 0.100, 0.157, 0.100, 0.100, 0.100, 0.100, 0.100, 0.100]
    Layer 17: sigma=[0.100, 0.100, 0.100, 0.100, 0.100, 0.478, 0.100, 0.100, 0.104, 0.100, 0.100, 0.100, 0.100, 0.100, 0.100, 0.100, 0.321, 0.164, 0.100, 0.307, 0.100, 0.100, 0.100, 0.100, 0.100, 0.100, 0.389, 0.119, 0.100, 0.100, 0.100, 0.100]
    Layer 18: sigma=[0.100, 0.701, 0.100, 0.100, 0.100, 0.197, 0.100, 0.140, 0.100, 0.100, 0.100, 0.100, 0.100, 0.100, 0.100, 0.100, 0.309, 0.100, 0.100, 0.100, 0.100, 0.100, 0.100, 0.100, 0.100, 0.100, 0.100, 0.100, 0.100, 0.100, 0.100, 0.100]
    Layer 19: sigma=[0.100, 0.100, 0.100, 0.100, 0.100, 0.100, 0.270, 0.100, 0.100, 0.100, 0.100, 0.100, 0.269, 0.100, 0.100, 0.143, 0.100, 0.100, 0.100, 0.425, 0.100, 0.100, 0.100, 0.100, 0.109, 0.100, 0.100, 0.100, 0.100, 0.100, 0.100, 0.100]
    Layer 20: sigma=[0.100, 0.100, 0.172, 0.100, 0.100, 0.279, 0.117, 0.100, 0.100, 0.100, 0.100, 0.100, 0.100, 0.100, 0.100, 0.100, 0.219, 0.100, 0.100, 0.100, 0.100, 0.100, 0.100, 0.100, 0.100, 0.100, 0.100, 0.100, 0.100, 0.100, 0.100, 0.100]
    Layer 21: sigma=[0.100, 0.100, 0.100, 0.118, 0.100, 0.100, 0.100, 0.100, 0.100, 0.100, 0.100, 0.347, 0.100, 0.100, 0.166, 0.100, 0.100, 0.100, 0.100, 0.101, 0.100, 0.100, 0.100, 0.100, 0.100, 0.100, 0.100, 0.100, 0.100, 0.100, 0.350, 0.102]
    Layer 22: sigma=[0.168, 0.100, 0.100, 0.100, 0.145, 0.149, 0.104, 0.239, 0.215, 0.100, 0.100, 0.100, 0.100, 0.100, 0.100, 0.100, 0.100, 0.100, 0.100, 0.171, 0.100, 0.100, 0.100, 0.100, 0.100, 0.100, 0.100, 0.100, 0.100, 0.100, 0.100, 0.100]
    Layer 23: sigma=[0.185, 0.114, 0.184, 0.100, 0.117, 0.100, 0.202, 0.100, 0.100, 0.100, 0.100, 0.100, 0.100, 0.100, 0.100, 0.100, 0.100, 0.100, 0.100, 0.100, 0.100, 0.100, 0.100, 0.100, 0.100, 0.100, 0.100, 0.100, 0.100, 0.276, 0.230, 0.125]
    Layer 24: sigma=[0.100, 0.100, 0.100, 0.100, 0.100, 0.100, 0.100, 0.100, 0.129, 0.100, 0.100, 0.100, 0.100, 0.100, 0.100, 0.194, 0.100, 0.100, 0.100, 0.118, 0.100, 0.100, 0.100, 0.100, 0.295, 0.276, 0.186, 0.239, 0.100, 0.100, 0.100, 0.100]
    Layer 25: sigma=[0.100, 0.100, 0.100, 0.100, 0.100, 0.100, 0.100, 0.100, 0.100, 0.100, 0.100, 0.100, 0.100, 0.100, 0.100, 0.100, 0.100, 0.100, 0.100, 0.100, 0.100, 0.100, 0.100, 0.100, 0.100, 0.100, 0.100, 0.100, 0.100, 0.100, 0.100, 0.100]
    Layer 26: sigma=[0.100, 0.100, 0.100, 0.100, 0.100, 0.100, 0.100, 0.100, 0.100, 0.100, 0.100, 0.100, 0.100, 0.100, 0.100, 0.106, 0.100, 0.100, 0.100, 0.100, 0.100, 0.100, 0.100, 0.100, 0.100, 0.100, 0.100, 0.100, 0.100, 0.100, 0.100, 0.100]
    Layer 27: sigma=[0.100, 0.100, 0.100, 0.100, 0.100, 0.100, 0.100, 0.100, 0.100, 0.100, 0.100, 0.100, 0.100, 0.100, 0.100, 0.100, 0.100, 0.100, 0.100, 0.100, 0.100, 0.100, 0.100, 0.100, 0.100, 0.100, 0.100, 0.100, 0.100, 0.274, 0.100, 0.100]
    Layer 28: sigma=[0.100, 0.100, 0.100, 0.100, 0.100, 0.130, 0.100, 0.325, 0.100, 0.100, 0.100, 0.100, 0.100, 0.100, 0.100, 0.100, 0.100, 0.100, 0.100, 0.100, 0.100, 0.100, 0.100, 0.100, 0.100, 0.100, 0.100, 0.100, 0.100, 0.100, 0.100, 0.100]
    Layer 29: sigma=[0.100, 0.100, 0.100, 0.100, 0.100, 0.100, 0.100, 0.100, 0.100, 0.100, 0.100, 0.100, 0.100, 0.100, 0.100, 0.100, 0.100, 0.100, 0.100, 0.100, 0.100, 0.100, 0.100, 0.100, 0.100, 0.100, 0.100, 0.100, 0.100, 0.100, 0.100, 0.100]
    Layer 30: sigma=[0.100, 0.100, 0.100, 0.100, 0.100, 0.100, 0.100, 0.100, 0.100, 0.100, 0.100, 0.100, 0.100, 0.100, 0.100, 0.100, 0.100, 0.100, 0.100, 0.100, 0.100, 0.100, 0.100, 0.100, 0.100, 0.100, 0.100, 0.100, 0.100, 0.100, 0.100, 0.100]
    Layer 31: sigma=[0.100, 0.100, 0.100, 0.100, 0.100, 0.100, 0.100, 0.100, 0.100, 0.100, 0.100, 0.100, 0.100, 0.100, 0.100, 0.100, 0.100, 0.100, 0.100, 0.100, 0.100, 0.100, 0.100, 0.100, 0.100, 0.100, 0.100, 0.100, 0.100, 0.100, 0.100, 0.100]
    Layer 32: sigma=[0.100, 0.100, 0.100, 0.100, 0.100, 0.100, 0.100, 0.100, 0.100, 0.100, 0.100, 0.100, 0.100, 0.100, 0.100, 0.100, 0.100, 0.100, 0.100, 0.100, 0.100, 0.100, 0.100, 0.100, 0.100, 0.100, 0.100, 0.100, 0.100, 0.100, 0.100, 0.100]
    Layer 34: sigma=[0.100, 0.100, 0.100, 0.100, 0.100, 0.100, 0.100, 0.100, 0.100, 0.100, 0.100, 0.100, 0.100, 0.100, 0.100, 0.100, 0.100, 0.100, 0.100, 0.100, 0.100, 0.100, 0.100, 0.100, 0.100, 0.100, 0.100, 0.100, 0.100, 0.100, 0.100, 0.100]
    Layer 35: sigma=[0.100, 0.100, 0.100, 0.100, 0.120, 0.100, 0.100, 0.100, 0.100, 0.100, 0.100, 0.100, 0.100, 0.100, 0.100, 0.100, 0.100, 0.100, 0.100, 0.100, 0.100, 0.100, 0.147, 0.100, 0.100, 0.100, 0.100, 0.100, 0.100, 0.100, 0.100, 0.100]

  [Taylor Step 3/3] g_proj = v_proj * alpha (damping=0.01)...
    Layer  0: alpha=0.068870  teacher_rms=0.0168  v_rms=0.0024
    Layer  1: alpha=0.057988  teacher_rms=0.0216  v_rms=0.0037
    Layer  2: alpha=0.054970  teacher_rms=0.0222  v_rms=0.0040
    Layer  3: alpha=0.041999  teacher_rms=0.0261  v_rms=0.0062
    Layer  4: alpha=0.048991  teacher_rms=0.0316  v_rms=0.0065
    Layer  5: alpha=0.052652  teacher_rms=0.0412  v_rms=0.0078
    Layer  6: alpha=0.074742  teacher_rms=0.0646  v_rms=0.0086
    Layer  7: alpha=0.040496  teacher_rms=0.0510  v_rms=0.0126
    Layer  8: alpha=0.041169  teacher_rms=0.0695  v_rms=0.0169
    Layer  9: alpha=0.026497  teacher_rms=0.0701  v_rms=0.0265
    Layer 10: alpha=0.048603  teacher_rms=0.1071  v_rms=0.0220
    Layer 11: alpha=0.053512  teacher_rms=0.1038  v_rms=0.0194
    Layer 12: alpha=0.047392  teacher_rms=0.1177  v_rms=0.0248
    Layer 13: alpha=0.054793  teacher_rms=0.1013  v_rms=0.0185
    Layer 14: alpha=0.052130  teacher_rms=0.1546  v_rms=0.0296
    Layer 15: alpha=0.047148  teacher_rms=0.1546  v_rms=0.0328
    Layer 16: alpha=0.039216  teacher_rms=0.1446  v_rms=0.0369
    Layer 17: alpha=0.036300  teacher_rms=0.1762  v_rms=0.0485
    Layer 18: alpha=0.031023  teacher_rms=0.1919  v_rms=0.0619
    Layer 19: alpha=0.045769  teacher_rms=0.2023  v_rms=0.0442
    Layer 20: alpha=0.050950  teacher_rms=0.1938  v_rms=0.0380
    Layer 21: alpha=0.045519  teacher_rms=0.2301  v_rms=0.0505
    Layer 22: alpha=0.052151  teacher_rms=0.2755  v_rms=0.0528
    Layer 23: alpha=0.048786  teacher_rms=0.3026  v_rms=0.0620
    Layer 24: alpha=0.033951  teacher_rms=0.2864  v_rms=0.0843
    Layer 25: alpha=0.038418  teacher_rms=0.2261  v_rms=0.0589
    Layer 26: alpha=0.027335  teacher_rms=0.1994  v_rms=0.0729
    Layer 27: alpha=0.031514  teacher_rms=0.2900  v_rms=0.0920
    Layer 28: alpha=0.035834  teacher_rms=0.3530  v_rms=0.0985
    Layer 29: alpha=0.016275  teacher_rms=0.2479  v_rms=0.1523
    Layer 30: alpha=0.025867  teacher_rms=0.3921  v_rms=0.1516
    Layer 31: alpha=0.018626  teacher_rms=0.3452  v_rms=0.1853
    Layer 32: alpha=0.021930  teacher_rms=0.5106  v_rms=0.2328
    Layer 34: alpha=0.031180  teacher_rms=1.0165  v_rms=0.3260
    Layer 35: alpha=0.057383  teacher_rms=1.0378  v_rms=0.1808

  Set g_proj = v_proj * alpha in 35 GDN layers (damping=0.01).
  Init (taylor_distill) done in 335.2s
  Layer 33: PPL = 976.04  (eval 19.0s)

============================================================
  Probing layer 34 | strategy=taylor_distill
============================================================
Loading checkpoint shards:   0%|          | 0/4 [00:00<?, ?it/s]Loading checkpoint shards: 100%|██████████| 4/4 [00:00<00:00, 146.05it/s]
Could not cache non-existence of file. Will ignore error and continue. Error: [Errno 13] Permission denied: '/data/shared/huggingface/hub/models--Qwen--Qwen3-8B/.no_exist/b968826d9c46dd6066d109eabc6255188de91218/model.safetensors'
Loading checkpoint shards:   0%|          | 0/5 [00:00<?, ?it/s]Loading checkpoint shards: 100%|██████████| 5/5 [00:00<00:00, 123.84it/s]
Token indices sequence length is longer than the specified maximum sequence length for this model (2429029 > 131072). Running this sequence through the model will result in indexing errors
  [Taylor Step 1/3] Gate calibration from attention stats...
    Layer  0: dist=[18, 2, 6, 20, 8, 14, 6, 7, 10, 4, 6, 7, 10, 18, 17, 5, 9, 11, 8, 8, 8, 12, 2, 7, 4, 26, 5, 26, 9, 19, 9, 8]
    Layer  1: dist=[12, 21, 14, 26, 2, 9, 17, 7, 25, 18, 32, 29, 18, 28, 28, 20, 17, 26, 31, 18, 28, 17, 21, 21, 26, 8, 25, 23, 41, 16, 20, 28]
    Layer  2: dist=[36, 36, 37, 32, 17, 27, 20, 24, 21, 24, 29, 33, 28, 25, 26, 34, 32, 26, 28, 22, 28, 36, 27, 27, 14, 14, 11, 19, 41, 42, 43, 41]
    Layer  3: dist=[40, 20, 9, 12, 49, 50, 46, 42, 30, 27, 33, 31, 49, 43, 42, 42, 35, 37, 29, 37, 42, 33, 32, 36, 35, 30, 29, 33, 39, 36, 40, 37]
    Layer  4: dist=[31, 35, 41, 36, 41, 33, 35, 48, 37, 38, 34, 34, 31, 31, 38, 35, 35, 37, 38, 39, 34, 35, 25, 34, 26, 32, 27, 21, 28, 33, 30, 30]
    Layer  5: dist=[23, 29, 30, 21, 36, 34, 29, 29, 4, 14, 40, 38, 31, 43, 32, 30, 23, 20, 28, 28, 29, 30, 27, 33, 38, 39, 43, 43, 26, 25, 29, 32]
    Layer  6: dist=[16, 22, 17, 17, 27, 24, 34, 32, 25, 12, 21, 20, 31, 34, 28, 16, 28, 20, 24, 23, 13, 18, 18, 8, 21, 24, 18, 28, 24, 25, 21, 27]
    Layer  7: dist=[31, 36, 33, 46, 63, 57, 63, 60, 45, 60, 53, 41, 54, 15, 30, 49, 42, 54, 44, 44, 54, 45, 58, 59, 34, 41, 25, 43, 49, 51, 49, 54]
    Layer  8: dist=[45, 46, 49, 29, 43, 41, 35, 44, 46, 52, 43, 48, 51, 43, 49, 36, 60, 56, 54, 51, 44, 54, 51, 57, 47, 37, 51, 36, 44, 38, 42, 44]
    Layer  9: dist=[40, 32, 31, 36, 45, 49, 48, 40, 62, 61, 60, 56, 14, 46, 32, 45, 49, 53, 59, 62, 44, 40, 35, 41, 61, 44, 49, 54, 62, 57, 63, 61]
    Layer 10: dist=[39, 39, 30, 39, 46, 55, 33, 41, 34, 45, 55, 26, 49, 36, 42, 44, 45, 53, 52, 50, 46, 31, 56, 51, 51, 56, 47, 43, 40, 39, 44, 47]
    Layer 11: dist=[33, 33, 47, 27, 29, 36, 43, 42, 52, 62, 57, 49, 44, 33, 38, 39, 39, 36, 33, 25, 42, 56, 46, 46, 39, 32, 36, 32, 49, 34, 31, 48]
    Layer 12: dist=[12, 40, 39, 33, 43, 46, 39, 36, 33, 36, 44, 44, 50, 45, 45, 49, 21, 38, 29, 44, 55, 54, 53, 56, 49, 1, 56, 23, 43, 45, 59, 49]
    Layer 13: dist=[29, 36, 39, 36, 31, 29, 35, 22, 47, 36, 52, 61, 64, 58, 55, 62, 46, 39, 31, 36, 47, 33, 44, 46, 44, 33, 40, 41, 58, 56, 49, 51]
    Layer 14: dist=[25, 35, 34, 24, 39, 24, 35, 33, 31, 32, 37, 37, 36, 40, 35, 36, 41, 46, 31, 35, 33, 17, 28, 42, 27, 38, 40, 38, 43, 44, 5, 48]
    Layer 15: dist=[45, 27, 43, 23, 20, 22, 41, 33, 48, 33, 26, 54, 37, 56, 41, 47, 33, 33, 34, 36, 33, 30, 27, 27, 27, 20, 41, 37, 38, 47, 38, 28]
    Layer 16: dist=[37, 32, 42, 47, 29, 35, 26, 31, 29, 45, 40, 43, 49, 35, 44, 47, 38, 41, 34, 35, 59, 60, 57, 54, 39, 28, 34, 6, 32, 33, 36, 32]
    Layer 17: dist=[58, 50, 41, 34, 28, 31, 22, 25, 44, 54, 42, 49, 23, 32, 39, 39, 24, 29, 32, 22, 39, 51, 49, 48, 30, 28, 31, 26, 29, 43, 47, 36]
    Layer 18: dist=[20, 27, 19, 18, 29, 37, 39, 30, 37, 40, 37, 45, 34, 34, 31, 35, 26, 41, 42, 28, 38, 28, 37, 52, 31, 35, 35, 36, 30, 29, 43, 31]
    Layer 19: dist=[39, 33, 35, 35, 43, 54, 30, 38, 40, 44, 41, 48, 35, 31, 40, 35, 44, 42, 26, 29, 10, 28, 18, 27, 52, 54, 52, 58, 44, 43, 41, 41]
    Layer 20: dist=[46, 39, 44, 40, 41, 27, 28, 31, 23, 21, 26, 21, 48, 42, 48, 50, 24, 28, 31, 21, 38, 57, 52, 51, 63, 51, 53, 44, 49, 43, 55, 55]
    Layer 21: dist=[26, 25, 30, 35, 58, 33, 53, 58, 61, 33, 39, 38, 26, 24, 25, 23, 39, 40, 45, 32, 47, 52, 48, 49, 35, 34, 32, 44, 38, 40, 34, 47]
    Layer 22: dist=[39, 32, 37, 33, 28, 38, 24, 30, 21, 27, 24, 35, 9, 46, 32, 35, 18, 40, 40, 23, 53, 59, 60, 61, 51, 44, 46, 48, 57, 47, 53, 50]
    Layer 23: dist=[22, 18, 26, 22, 55, 55, 22, 50, 41, 20, 24, 31, 37, 36, 41, 39, 41, 38, 42, 48, 41, 46, 42, 40, 41, 39, 37, 51, 47, 44, 44, 39]
    Layer 24: dist=[40, 62, 57, 51, 50, 56, 54, 47, 52, 54, 52, 43, 41, 39, 47, 40, 42, 49, 44, 42, 60, 53, 52, 58, 31, 41, 39, 29, 50, 57, 51, 47]
    Layer 25: dist=[50, 60, 59, 49, 38, 38, 54, 42, 46, 52, 47, 48, 36, 45, 27, 37, 48, 50, 49, 45, 54, 56, 55, 55, 58, 56, 50, 55, 46, 61, 51, 45]
    Layer 26: dist=[43, 47, 57, 36, 59, 57, 59, 56, 52, 56, 53, 49, 52, 62, 60, 60, 43, 46, 53, 50, 53, 54, 60, 57, 53, 50, 54, 50, 58, 50, 59, 51]
    Layer 27: dist=[48, 55, 54, 59, 50, 53, 52, 44, 41, 52, 55, 52, 41, 56, 42, 45, 51, 53, 53, 53, 47, 56, 54, 44, 57, 59, 60, 60, 50, 44, 45, 60]
    Layer 28: dist=[53, 47, 54, 53, 41, 35, 40, 38, 52, 57, 47, 46, 57, 53, 48, 50, 57, 51, 53, 55, 59, 37, 32, 46, 47, 46, 50, 51, 46, 48, 35, 49]
    Layer 29: dist=[57, 58, 57, 58, 45, 56, 47, 58, 58, 57, 61, 54, 60, 61, 60, 61, 58, 56, 58, 60, 62, 61, 56, 62, 49, 59, 47, 49, 55, 51, 56, 56]
    Layer 30: dist=[40, 54, 51, 52, 53, 51, 48, 37, 60, 59, 58, 60, 53, 53, 57, 51, 52, 39, 61, 61, 29, 60, 53, 54, 60, 60, 61, 60, 55, 56, 54, 51]
    Layer 31: dist=[60, 58, 51, 49, 58, 59, 59, 59, 57, 41, 46, 47, 58, 59, 59, 58, 52, 53, 55, 48, 60, 59, 56, 59, 57, 56, 46, 60, 57, 55, 53, 57]
    Layer 32: dist=[56, 57, 58, 57, 58, 60, 59, 60, 56, 55, 59, 58, 48, 58, 54, 47, 58, 54, 54, 54, 62, 48, 57, 60, 36, 48, 44, 53, 58, 54, 51, 53]
    Layer 33: dist=[52, 61, 57, 60, 45, 52, 29, 47, 57, 58, 57, 58, 58, 59, 58, 59, 59, 59, 53, 56, 58, 49, 54, 57, 57, 59, 60, 59, 56, 56, 55, 53]
    Layer 35: dist=[56, 62, 36, 50, 43, 19, 55, 48, 42, 51, 55, 49, 30, 17, 24, 22, 49, 45, 40, 27, 45, 52, 28, 27, 33, 27, 33, 35, 36, 57, 61, 58]

  [Taylor Step 2/3] OLS sigma per head (scaling V, streaming)...
    Layer  0: sigma=[0.258, 0.100, 0.100, 0.100, 0.196, 0.600, 0.100, 0.100, 0.100, 0.100, 0.141, 0.100, 0.100, 0.100, 0.100, 0.290, 0.100, 0.100, 0.100, 0.100, 0.100, 0.100, 0.100, 0.200, 0.100, 0.100, 0.578, 0.100, 0.253, 0.100, 0.100, 0.100]
    Layer  1: sigma=[0.279, 0.100, 0.100, 0.100, 0.100, 0.100, 0.100, 0.100, 0.100, 0.409, 0.278, 0.100, 0.100, 0.100, 0.100, 0.100, 0.100, 0.100, 0.100, 0.100, 0.100, 0.100, 0.100, 0.205, 0.100, 0.100, 0.180, 0.100, 0.100, 0.100, 0.100, 0.100]
    Layer  2: sigma=[0.151, 0.100, 0.100, 0.100, 0.100, 0.100, 0.100, 0.100, 0.158, 0.100, 0.100, 0.100, 0.100, 0.257, 0.100, 0.100, 0.100, 0.100, 0.100, 0.100, 0.100, 0.100, 0.100, 0.100, 0.100, 0.177, 0.100, 0.100, 0.100, 0.100, 0.100, 0.137]
    Layer  3: sigma=[0.100, 0.453, 0.100, 0.291, 0.100, 0.100, 0.100, 0.100, 0.100, 0.100, 0.100, 0.100, 0.100, 0.100, 0.100, 0.100, 0.100, 0.100, 0.121, 0.100, 0.100, 0.100, 0.100, 0.100, 0.100, 0.126, 0.111, 0.100, 0.100, 0.100, 0.100, 0.100]
    Layer  4: sigma=[0.100, 0.100, 0.100, 0.100, 0.100, 0.100, 0.100, 0.100, 0.100, 0.100, 0.100, 0.100, 0.100, 0.100, 0.100, 0.100, 0.100, 0.100, 0.100, 0.100, 0.100, 0.145, 0.320, 0.100, 0.100, 0.100, 0.100, 0.100, 0.100, 0.100, 0.100, 0.100]
    Layer  5: sigma=[0.100, 0.100, 0.124, 0.100, 0.100, 0.100, 0.100, 0.100, 0.100, 0.269, 0.100, 0.106, 0.100, 0.100, 0.100, 0.108, 0.100, 0.335, 0.100, 0.100, 0.100, 0.100, 0.100, 0.100, 0.100, 0.100, 0.100, 0.100, 0.100, 0.243, 0.100, 0.100]
    Layer  6: sigma=[0.100, 0.100, 0.172, 0.100, 0.117, 0.113, 0.100, 0.100, 0.100, 0.100, 0.100, 0.100, 0.100, 0.100, 0.100, 0.100, 0.100, 0.100, 0.100, 0.100, 0.246, 0.100, 0.100, 0.100, 0.100, 0.100, 0.103, 0.100, 0.100, 0.100, 0.100, 0.100]
    Layer  7: sigma=[0.100, 0.233, 0.100, 0.100, 0.128, 0.100, 0.100, 0.100, 0.100, 0.100, 0.100, 0.160, 0.100, 0.100, 0.100, 0.100, 0.100, 0.100, 0.100, 0.100, 0.100, 0.100, 0.100, 0.100, 0.100, 0.100, 0.100, 0.100, 0.100, 0.100, 0.100, 0.100]
    Layer  8: sigma=[0.100, 0.100, 0.100, 0.100, 0.100, 0.100, 0.100, 0.110, 0.100, 0.100, 0.100, 0.100, 0.100, 0.125, 0.100, 0.100, 0.100, 0.100, 0.100, 0.100, 0.100, 0.100, 0.100, 0.100, 0.100, 0.100, 0.100, 0.291, 0.100, 0.100, 0.100, 0.100]
    Layer  9: sigma=[0.100, 0.100, 0.125, 0.100, 0.100, 0.100, 0.100, 0.100, 0.100, 0.100, 0.100, 0.100, 0.100, 0.100, 0.787, 0.225, 0.100, 0.100, 0.100, 0.100, 0.120, 0.100, 0.100, 0.100, 0.100, 0.169, 0.100, 0.100, 0.100, 0.100, 0.100, 0.100]
    Layer 10: sigma=[0.100, 0.100, 0.100, 0.100, 0.100, 0.100, 0.100, 0.100, 0.149, 0.100, 0.100, 0.100, 0.100, 0.100, 0.100, 0.100, 0.100, 0.100, 0.100, 0.100, 0.100, 0.100, 0.100, 0.100, 0.100, 0.100, 0.100, 0.100, 0.106, 0.100, 0.103, 0.100]
    Layer 11: sigma=[0.100, 0.100, 0.100, 0.100, 0.225, 0.100, 0.166, 0.100, 0.100, 0.138, 0.100, 0.100, 0.147, 0.100, 0.267, 0.100, 0.100, 0.100, 0.100, 0.100, 0.100, 0.100, 0.100, 0.100, 0.100, 0.100, 0.249, 0.100, 0.100, 0.100, 0.105, 0.100]
    Layer 12: sigma=[0.100, 0.100, 0.100, 0.100, 0.100, 0.119, 0.100, 0.100, 0.100, 0.122, 0.100, 0.100, 0.100, 0.100, 0.100, 0.100, 0.100, 0.250, 0.437, 0.100, 0.100, 0.100, 0.100, 0.100, 0.100, 0.338, 0.100, 0.145, 0.100, 0.135, 0.138, 0.100]
    Layer 13: sigma=[0.251, 0.100, 0.100, 0.100, 0.100, 0.100, 0.100, 0.105, 0.100, 0.123, 0.124, 0.100, 0.100, 0.100, 0.100, 0.100, 0.100, 0.100, 0.100, 0.100, 0.100, 0.100, 0.100, 0.100, 0.100, 0.100, 0.100, 0.100, 0.100, 0.100, 0.100, 0.100]
    Layer 14: sigma=[0.100, 0.100, 0.107, 0.100, 0.100, 0.462, 0.100, 0.200, 0.100, 0.100, 0.100, 0.100, 0.100, 0.174, 0.100, 0.100, 0.100, 0.100, 0.137, 0.180, 0.100, 0.100, 0.100, 0.100, 0.100, 0.149, 0.100, 0.140, 0.100, 0.100, 0.151, 0.100]
    Layer 15: sigma=[0.100, 0.245, 0.100, 0.100, 0.228, 0.109, 0.100, 0.100, 0.100, 0.100, 0.100, 0.104, 0.261, 0.100, 0.100, 0.100, 0.100, 0.100, 0.106, 0.137, 0.100, 0.100, 0.100, 0.100, 0.261, 0.240, 0.100, 0.100, 0.100, 0.100, 0.100, 0.100]
    Layer 16: sigma=[0.318, 0.100, 0.100, 0.100, 0.100, 0.100, 0.100, 0.100, 0.100, 0.100, 0.100, 0.100, 0.100, 0.100, 0.100, 0.100, 0.100, 0.100, 0.100, 0.100, 0.100, 0.100, 0.100, 0.100, 0.100, 0.149, 0.100, 0.100, 0.100, 0.100, 0.100, 0.100]
    Layer 17: sigma=[0.100, 0.100, 0.100, 0.100, 0.100, 0.479, 0.100, 0.104, 0.100, 0.100, 0.100, 0.100, 0.100, 0.100, 0.100, 0.100, 0.315, 0.164, 0.100, 0.378, 0.100, 0.100, 0.100, 0.100, 0.100, 0.100, 0.384, 0.123, 0.100, 0.100, 0.100, 0.100]
    Layer 18: sigma=[0.100, 0.572, 0.100, 0.100, 0.100, 0.217, 0.100, 0.100, 0.100, 0.100, 0.100, 0.100, 0.100, 0.100, 0.100, 0.100, 0.389, 0.100, 0.100, 0.100, 0.100, 0.100, 0.100, 0.100, 0.100, 0.100, 0.100, 0.100, 0.100, 0.100, 0.100, 0.100]
    Layer 19: sigma=[0.100, 0.100, 0.100, 0.100, 0.100, 0.100, 0.183, 0.100, 0.100, 0.100, 0.100, 0.100, 0.277, 0.100, 0.100, 0.166, 0.100, 0.100, 0.100, 0.439, 0.100, 0.100, 0.100, 0.100, 0.100, 0.100, 0.100, 0.100, 0.100, 0.100, 0.100, 0.100]
    Layer 20: sigma=[0.100, 0.100, 0.183, 0.100, 0.100, 0.246, 0.144, 0.100, 0.100, 0.100, 0.100, 0.100, 0.100, 0.100, 0.100, 0.112, 0.209, 0.100, 0.100, 0.100, 0.105, 0.100, 0.100, 0.100, 0.100, 0.100, 0.100, 0.100, 0.100, 0.100, 0.100, 0.100]
    Layer 21: sigma=[0.100, 0.100, 0.100, 0.133, 0.100, 0.100, 0.100, 0.100, 0.100, 0.100, 0.100, 0.337, 0.100, 0.100, 0.167, 0.100, 0.100, 0.100, 0.100, 0.101, 0.100, 0.100, 0.100, 0.100, 0.100, 0.100, 0.100, 0.100, 0.100, 0.100, 0.274, 0.125]
    Layer 22: sigma=[0.181, 0.100, 0.100, 0.100, 0.153, 0.126, 0.130, 0.142, 0.281, 0.141, 0.100, 0.100, 0.100, 0.100, 0.100, 0.100, 0.100, 0.100, 0.100, 0.138, 0.100, 0.100, 0.100, 0.100, 0.100, 0.100, 0.100, 0.100, 0.100, 0.100, 0.100, 0.100]
    Layer 23: sigma=[0.213, 0.135, 0.131, 0.100, 0.100, 0.100, 0.229, 0.100, 0.100, 0.100, 0.100, 0.100, 0.100, 0.100, 0.100, 0.100, 0.100, 0.100, 0.100, 0.100, 0.100, 0.100, 0.100, 0.100, 0.100, 0.100, 0.100, 0.100, 0.100, 0.215, 0.287, 0.170]
    Layer 24: sigma=[0.100, 0.100, 0.100, 0.100, 0.100, 0.100, 0.100, 0.100, 0.102, 0.100, 0.100, 0.100, 0.100, 0.100, 0.100, 0.195, 0.100, 0.100, 0.100, 0.115, 0.100, 0.100, 0.100, 0.100, 0.308, 0.326, 0.115, 0.242, 0.100, 0.100, 0.100, 0.100]
    Layer 25: sigma=[0.100, 0.100, 0.100, 0.100, 0.100, 0.100, 0.100, 0.100, 0.100, 0.100, 0.100, 0.100, 0.100, 0.100, 0.100, 0.100, 0.100, 0.100, 0.100, 0.100, 0.100, 0.100, 0.100, 0.100, 0.100, 0.100, 0.100, 0.100, 0.100, 0.100, 0.100, 0.100]
    Layer 26: sigma=[0.100, 0.100, 0.100, 0.100, 0.100, 0.100, 0.100, 0.100, 0.100, 0.100, 0.100, 0.100, 0.100, 0.100, 0.100, 0.130, 0.100, 0.100, 0.100, 0.100, 0.100, 0.100, 0.100, 0.100, 0.100, 0.100, 0.100, 0.100, 0.100, 0.100, 0.100, 0.100]
    Layer 27: sigma=[0.100, 0.100, 0.100, 0.100, 0.100, 0.100, 0.100, 0.100, 0.100, 0.100, 0.100, 0.100, 0.100, 0.100, 0.100, 0.100, 0.100, 0.100, 0.100, 0.100, 0.100, 0.100, 0.100, 0.100, 0.100, 0.100, 0.100, 0.100, 0.100, 0.231, 0.100, 0.100]
    Layer 28: sigma=[0.100, 0.100, 0.100, 0.100, 0.138, 0.144, 0.100, 0.340, 0.100, 0.100, 0.100, 0.100, 0.100, 0.100, 0.100, 0.100, 0.100, 0.100, 0.100, 0.100, 0.100, 0.100, 0.100, 0.100, 0.100, 0.100, 0.100, 0.100, 0.100, 0.100, 0.100, 0.100]
    Layer 29: sigma=[0.100, 0.100, 0.100, 0.100, 0.100, 0.100, 0.100, 0.100, 0.100, 0.100, 0.100, 0.100, 0.100, 0.100, 0.100, 0.100, 0.100, 0.100, 0.100, 0.100, 0.100, 0.100, 0.100, 0.100, 0.100, 0.100, 0.100, 0.100, 0.100, 0.100, 0.100, 0.100]
    Layer 30: sigma=[0.100, 0.100, 0.100, 0.100, 0.100, 0.100, 0.100, 0.100, 0.100, 0.100, 0.100, 0.100, 0.100, 0.100, 0.100, 0.100, 0.100, 0.100, 0.100, 0.100, 0.100, 0.100, 0.100, 0.100, 0.100, 0.100, 0.100, 0.100, 0.100, 0.100, 0.100, 0.100]
    Layer 31: sigma=[0.100, 0.100, 0.100, 0.100, 0.100, 0.100, 0.100, 0.100, 0.100, 0.100, 0.100, 0.100, 0.100, 0.100, 0.100, 0.100, 0.100, 0.100, 0.100, 0.100, 0.100, 0.100, 0.100, 0.100, 0.100, 0.100, 0.100, 0.100, 0.100, 0.100, 0.100, 0.100]
    Layer 32: sigma=[0.100, 0.100, 0.100, 0.100, 0.100, 0.100, 0.100, 0.100, 0.100, 0.100, 0.100, 0.100, 0.100, 0.100, 0.100, 0.100, 0.100, 0.100, 0.100, 0.100, 0.100, 0.100, 0.100, 0.100, 0.100, 0.100, 0.100, 0.100, 0.100, 0.100, 0.100, 0.100]
    Layer 33: sigma=[0.100, 0.100, 0.100, 0.100, 0.100, 0.100, 0.136, 0.100, 0.100, 0.100, 0.100, 0.100, 0.100, 0.100, 0.100, 0.100, 0.100, 0.100, 0.100, 0.100, 0.100, 0.100, 0.100, 0.100, 0.100, 0.100, 0.100, 0.100, 0.100, 0.100, 0.100, 0.100]
    Layer 35: sigma=[0.100, 0.100, 0.100, 0.100, 0.112, 0.100, 0.100, 0.100, 0.100, 0.100, 0.100, 0.100, 0.100, 0.100, 0.100, 0.100, 0.100, 0.100, 0.100, 0.100, 0.100, 0.100, 0.144, 0.100, 0.100, 0.100, 0.100, 0.100, 0.100, 0.100, 0.100, 0.100]

  [Taylor Step 3/3] g_proj = v_proj * alpha (damping=0.01)...
    Layer  0: alpha=0.068942  teacher_rms=0.0168  v_rms=0.0024
    Layer  1: alpha=0.057889  teacher_rms=0.0216  v_rms=0.0037
    Layer  2: alpha=0.054816  teacher_rms=0.0222  v_rms=0.0041
    Layer  3: alpha=0.041578  teacher_rms=0.0261  v_rms=0.0063
    Layer  4: alpha=0.048977  teacher_rms=0.0316  v_rms=0.0065
    Layer  5: alpha=0.052683  teacher_rms=0.0412  v_rms=0.0078
    Layer  6: alpha=0.074415  teacher_rms=0.0646  v_rms=0.0087
    Layer  7: alpha=0.040861  teacher_rms=0.0510  v_rms=0.0125
    Layer  8: alpha=0.041681  teacher_rms=0.0695  v_rms=0.0167
    Layer  9: alpha=0.026352  teacher_rms=0.0701  v_rms=0.0266
    Layer 10: alpha=0.048790  teacher_rms=0.1071  v_rms=0.0219
    Layer 11: alpha=0.053596  teacher_rms=0.1038  v_rms=0.0194
    Layer 12: alpha=0.047594  teacher_rms=0.1177  v_rms=0.0247
    Layer 13: alpha=0.054450  teacher_rms=0.1013  v_rms=0.0186
    Layer 14: alpha=0.051950  teacher_rms=0.1546  v_rms=0.0298
    Layer 15: alpha=0.047095  teacher_rms=0.1546  v_rms=0.0328
    Layer 16: alpha=0.040182  teacher_rms=0.1446  v_rms=0.0360
    Layer 17: alpha=0.035788  teacher_rms=0.1762  v_rms=0.0492
    Layer 18: alpha=0.035155  teacher_rms=0.1919  v_rms=0.0546
    Layer 19: alpha=0.046589  teacher_rms=0.2023  v_rms=0.0434
    Layer 20: alpha=0.051744  teacher_rms=0.1938  v_rms=0.0375
    Layer 21: alpha=0.048117  teacher_rms=0.2301  v_rms=0.0478
    Layer 22: alpha=0.051810  teacher_rms=0.2755  v_rms=0.0532
    Layer 23: alpha=0.048197  teacher_rms=0.3026  v_rms=0.0628
    Layer 24: alpha=0.034049  teacher_rms=0.2864  v_rms=0.0841
    Layer 25: alpha=0.038418  teacher_rms=0.2261  v_rms=0.0589
    Layer 26: alpha=0.027041  teacher_rms=0.1994  v_rms=0.0737
    Layer 27: alpha=0.032437  teacher_rms=0.2900  v_rms=0.0894
    Layer 28: alpha=0.034775  teacher_rms=0.3530  v_rms=0.1015
    Layer 29: alpha=0.016275  teacher_rms=0.2479  v_rms=0.1523
    Layer 30: alpha=0.025867  teacher_rms=0.3921  v_rms=0.1516
    Layer 31: alpha=0.018626  teacher_rms=0.3452  v_rms=0.1853
    Layer 32: alpha=0.021930  teacher_rms=0.5106  v_rms=0.2328
    Layer 33: alpha=0.016292  teacher_rms=0.5964  v_rms=0.3661
    Layer 35: alpha=0.057596  teacher_rms=1.0378  v_rms=0.1802

  Set g_proj = v_proj * alpha in 35 GDN layers (damping=0.01).
  Init (taylor_distill) done in 339.6s
  Layer 34: PPL = 836.32  (eval 19.7s)

============================================================
  Probing layer 35 | strategy=taylor_distill
============================================================
Loading checkpoint shards:   0%|          | 0/4 [00:00<?, ?it/s]Loading checkpoint shards: 100%|██████████| 4/4 [00:00<00:00, 142.80it/s]
Could not cache non-existence of file. Will ignore error and continue. Error: [Errno 13] Permission denied: '/data/shared/huggingface/hub/models--Qwen--Qwen3-8B/.no_exist/b968826d9c46dd6066d109eabc6255188de91218/model.safetensors'
Loading checkpoint shards:   0%|          | 0/5 [00:00<?, ?it/s]Loading checkpoint shards: 100%|██████████| 5/5 [00:00<00:00, 45.57it/s]Loading checkpoint shards: 100%|██████████| 5/5 [00:00<00:00, 45.48it/s]
Token indices sequence length is longer than the specified maximum sequence length for this model (2429029 > 131072). Running this sequence through the model will result in indexing errors
  [Taylor Step 1/3] Gate calibration from attention stats...
    Layer  0: dist=[18, 2, 6, 20, 8, 14, 6, 7, 10, 4, 6, 7, 10, 18, 17, 5, 9, 11, 8, 8, 8, 12, 2, 7, 4, 26, 5, 26, 9, 19, 9, 8]
    Layer  1: dist=[12, 21, 14, 26, 2, 9, 17, 7, 25, 18, 32, 29, 18, 28, 28, 20, 17, 26, 31, 18, 28, 17, 21, 21, 26, 8, 25, 23, 41, 16, 20, 28]
    Layer  2: dist=[36, 36, 37, 32, 17, 27, 20, 24, 21, 24, 29, 33, 28, 25, 26, 34, 32, 26, 28, 22, 28, 36, 27, 27, 14, 14, 11, 19, 41, 42, 43, 41]
    Layer  3: dist=[40, 20, 9, 12, 49, 50, 46, 42, 30, 27, 33, 31, 49, 43, 42, 42, 35, 37, 29, 37, 42, 33, 32, 36, 35, 30, 29, 33, 39, 36, 40, 37]
    Layer  4: dist=[31, 35, 41, 36, 41, 33, 35, 48, 37, 38, 34, 34, 31, 31, 38, 35, 35, 37, 38, 39, 34, 35, 25, 34, 26, 32, 27, 21, 28, 33, 30, 30]
    Layer  5: dist=[23, 29, 30, 21, 36, 34, 29, 29, 4, 14, 40, 38, 31, 43, 32, 30, 23, 20, 28, 28, 29, 30, 27, 33, 38, 39, 43, 43, 26, 25, 29, 32]
    Layer  6: dist=[16, 22, 17, 17, 27, 24, 34, 32, 25, 12, 21, 20, 31, 34, 28, 16, 28, 20, 24, 23, 13, 18, 18, 8, 21, 24, 18, 28, 24, 25, 21, 27]
    Layer  7: dist=[31, 36, 33, 46, 63, 57, 63, 60, 45, 60, 53, 41, 54, 15, 30, 49, 42, 54, 44, 44, 54, 45, 58, 59, 34, 41, 25, 43, 49, 51, 49, 54]
    Layer  8: dist=[45, 46, 49, 29, 43, 41, 35, 44, 46, 52, 43, 48, 51, 43, 49, 36, 60, 56, 54, 51, 44, 54, 51, 57, 47, 37, 51, 36, 44, 38, 42, 44]
    Layer  9: dist=[40, 32, 31, 36, 45, 49, 48, 40, 62, 61, 60, 56, 14, 46, 32, 45, 49, 53, 59, 62, 44, 40, 35, 41, 61, 44, 49, 54, 62, 57, 63, 61]
    Layer 10: dist=[39, 39, 30, 39, 46, 55, 33, 41, 34, 45, 55, 26, 49, 36, 42, 44, 45, 53, 52, 50, 46, 31, 56, 51, 51, 56, 47, 43, 40, 39, 44, 47]
    Layer 11: dist=[33, 33, 47, 27, 29, 36, 43, 42, 52, 62, 57, 49, 44, 33, 38, 39, 39, 36, 33, 25, 42, 56, 46, 46, 39, 32, 36, 32, 49, 34, 31, 48]
    Layer 12: dist=[12, 40, 39, 33, 43, 46, 39, 36, 33, 36, 44, 44, 50, 45, 45, 49, 21, 38, 29, 44, 55, 54, 53, 56, 49, 1, 56, 23, 43, 45, 59, 49]
    Layer 13: dist=[29, 36, 39, 36, 31, 29, 35, 22, 47, 36, 52, 61, 64, 58, 55, 62, 46, 39, 31, 36, 47, 33, 44, 46, 44, 33, 40, 41, 58, 56, 49, 51]
    Layer 14: dist=[25, 35, 34, 24, 39, 24, 35, 33, 31, 32, 37, 37, 36, 40, 35, 36, 41, 46, 31, 35, 33, 17, 28, 42, 27, 38, 40, 38, 43, 44, 5, 48]
    Layer 15: dist=[45, 27, 43, 23, 20, 22, 41, 33, 48, 33, 26, 54, 37, 56, 41, 47, 33, 33, 34, 36, 33, 30, 27, 27, 27, 20, 41, 37, 38, 47, 38, 28]
    Layer 16: dist=[37, 32, 42, 47, 29, 35, 26, 31, 29, 45, 40, 43, 49, 35, 44, 47, 38, 41, 34, 35, 59, 60, 57, 54, 39, 28, 34, 6, 32, 33, 36, 32]
    Layer 17: dist=[58, 50, 41, 34, 28, 31, 22, 25, 44, 54, 42, 49, 23, 32, 39, 39, 24, 29, 32, 22, 39, 51, 49, 48, 30, 28, 31, 26, 29, 43, 47, 36]
    Layer 18: dist=[20, 27, 19, 18, 29, 37, 39, 30, 37, 40, 37, 45, 34, 34, 31, 35, 26, 41, 42, 28, 38, 28, 37, 52, 31, 35, 35, 36, 30, 29, 43, 31]
    Layer 19: dist=[39, 33, 35, 35, 43, 54, 30, 38, 40, 44, 41, 48, 35, 31, 40, 35, 44, 42, 26, 29, 10, 28, 18, 27, 52, 54, 52, 58, 44, 43, 41, 41]
    Layer 20: dist=[46, 39, 44, 40, 41, 27, 28, 31, 23, 21, 26, 21, 48, 42, 48, 50, 24, 28, 31, 21, 38, 57, 52, 51, 63, 51, 53, 44, 49, 43, 55, 55]
    Layer 21: dist=[26, 25, 30, 35, 58, 33, 53, 58, 61, 33, 39, 38, 26, 24, 25, 23, 39, 40, 45, 32, 47, 52, 48, 49, 35, 34, 32, 44, 38, 40, 34, 47]
    Layer 22: dist=[39, 32, 37, 33, 28, 38, 24, 30, 21, 27, 24, 35, 9, 46, 32, 35, 18, 40, 40, 23, 53, 59, 60, 61, 51, 44, 46, 48, 57, 47, 53, 50]
    Layer 23: dist=[22, 18, 26, 22, 55, 55, 22, 50, 41, 20, 24, 31, 37, 36, 41, 39, 41, 38, 42, 48, 41, 46, 42, 40, 41, 39, 37, 51, 47, 44, 44, 39]
    Layer 24: dist=[40, 62, 57, 51, 50, 56, 54, 47, 52, 54, 52, 43, 41, 39, 47, 40, 42, 49, 44, 42, 60, 53, 52, 58, 31, 41, 39, 29, 50, 57, 51, 47]
    Layer 25: dist=[50, 60, 59, 49, 38, 38, 54, 42, 46, 52, 47, 48, 36, 45, 27, 37, 48, 50, 49, 45, 54, 56, 55, 55, 58, 56, 50, 55, 46, 61, 51, 45]
    Layer 26: dist=[43, 47, 57, 36, 59, 57, 59, 56, 52, 56, 53, 49, 52, 62, 60, 60, 43, 46, 53, 50, 53, 54, 60, 57, 53, 50, 54, 50, 58, 50, 59, 51]
    Layer 27: dist=[48, 55, 54, 59, 50, 53, 52, 44, 41, 52, 55, 52, 41, 56, 42, 45, 51, 53, 53, 53, 47, 56, 54, 44, 57, 59, 60, 60, 50, 44, 45, 60]
    Layer 28: dist=[53, 47, 54, 53, 41, 35, 40, 38, 52, 57, 47, 46, 57, 53, 48, 50, 57, 51, 53, 55, 59, 37, 32, 46, 47, 46, 50, 51, 46, 48, 35, 49]
    Layer 29: dist=[57, 58, 57, 58, 45, 56, 47, 58, 58, 57, 61, 54, 60, 61, 60, 61, 58, 56, 58, 60, 62, 61, 56, 62, 49, 59, 47, 49, 55, 51, 56, 56]
    Layer 30: dist=[40, 54, 51, 52, 53, 51, 48, 37, 60, 59, 58, 60, 53, 53, 57, 51, 52, 39, 61, 61, 29, 60, 53, 54, 60, 60, 61, 60, 55, 56, 54, 51]
    Layer 31: dist=[60, 58, 51, 49, 58, 59, 59, 59, 57, 41, 46, 47, 58, 59, 59, 58, 52, 53, 55, 48, 60, 59, 56, 59, 57, 56, 46, 60, 57, 55, 53, 57]
    Layer 32: dist=[56, 57, 58, 57, 58, 60, 59, 60, 56, 55, 59, 58, 48, 58, 54, 47, 58, 54, 54, 54, 62, 48, 57, 60, 36, 48, 44, 53, 58, 54, 51, 53]
    Layer 33: dist=[52, 61, 57, 60, 45, 52, 29, 47, 57, 58, 57, 58, 58, 59, 58, 59, 59, 59, 53, 56, 58, 49, 54, 57, 57, 59, 60, 59, 56, 56, 55, 53]
    Layer 34: dist=[56, 57, 58, 57, 55, 56, 55, 54, 25, 47, 54, 42, 58, 57, 60, 40, 42, 44, 62, 30, 58, 27, 59, 60, 61, 60, 62, 60, 26, 32, 35, 54]

  [Taylor Step 2/3] OLS sigma per head (scaling V, streaming)...
    Layer  0: sigma=[0.254, 0.100, 0.100, 0.100, 0.196, 0.600, 0.100, 0.100, 0.100, 0.100, 0.140, 0.100, 0.100, 0.100, 0.100, 0.291, 0.100, 0.100, 0.100, 0.100, 0.100, 0.100, 0.100, 0.199, 0.100, 0.100, 0.576, 0.100, 0.252, 0.100, 0.100, 0.100]
    Layer  1: sigma=[0.280, 0.100, 0.100, 0.100, 0.100, 0.100, 0.100, 0.100, 0.100, 0.405, 0.275, 0.100, 0.100, 0.100, 0.100, 0.100, 0.100, 0.100, 0.100, 0.100, 0.100, 0.100, 0.100, 0.208, 0.100, 0.100, 0.178, 0.100, 0.100, 0.100, 0.100, 0.100]
    Layer  2: sigma=[0.151, 0.100, 0.100, 0.100, 0.100, 0.100, 0.100, 0.100, 0.161, 0.100, 0.100, 0.100, 0.100, 0.259, 0.100, 0.100, 0.100, 0.100, 0.100, 0.100, 0.100, 0.100, 0.100, 0.100, 0.100, 0.175, 0.100, 0.100, 0.100, 0.100, 0.100, 0.137]
    Layer  3: sigma=[0.100, 0.441, 0.100, 0.291, 0.100, 0.100, 0.100, 0.100, 0.100, 0.100, 0.100, 0.100, 0.100, 0.100, 0.100, 0.100, 0.100, 0.100, 0.124, 0.100, 0.100, 0.100, 0.100, 0.100, 0.100, 0.118, 0.111, 0.100, 0.100, 0.100, 0.100, 0.100]
    Layer  4: sigma=[0.100, 0.100, 0.100, 0.100, 0.100, 0.100, 0.100, 0.100, 0.100, 0.100, 0.100, 0.100, 0.100, 0.100, 0.100, 0.100, 0.100, 0.100, 0.100, 0.100, 0.100, 0.146, 0.312, 0.100, 0.100, 0.100, 0.100, 0.100, 0.100, 0.100, 0.100, 0.100]
    Layer  5: sigma=[0.100, 0.100, 0.122, 0.100, 0.100, 0.100, 0.100, 0.100, 0.100, 0.276, 0.100, 0.103, 0.100, 0.100, 0.100, 0.110, 0.100, 0.328, 0.100, 0.100, 0.100, 0.100, 0.100, 0.100, 0.100, 0.100, 0.100, 0.100, 0.100, 0.250, 0.100, 0.100]
    Layer  6: sigma=[0.100, 0.100, 0.167, 0.100, 0.114, 0.110, 0.100, 0.100, 0.100, 0.100, 0.100, 0.100, 0.100, 0.100, 0.100, 0.100, 0.100, 0.100, 0.100, 0.100, 0.243, 0.100, 0.100, 0.100, 0.100, 0.100, 0.101, 0.100, 0.100, 0.100, 0.100, 0.100]
    Layer  7: sigma=[0.100, 0.229, 0.100, 0.100, 0.123, 0.100, 0.100, 0.100, 0.100, 0.100, 0.100, 0.155, 0.100, 0.100, 0.100, 0.100, 0.100, 0.100, 0.100, 0.100, 0.100, 0.100, 0.100, 0.100, 0.100, 0.100, 0.100, 0.100, 0.100, 0.100, 0.100, 0.100]
    Layer  8: sigma=[0.100, 0.100, 0.100, 0.100, 0.100, 0.100, 0.100, 0.123, 0.100, 0.100, 0.100, 0.100, 0.100, 0.125, 0.100, 0.100, 0.100, 0.100, 0.100, 0.100, 0.100, 0.100, 0.100, 0.100, 0.100, 0.100, 0.100, 0.320, 0.100, 0.100, 0.100, 0.100]
    Layer  9: sigma=[0.100, 0.100, 0.127, 0.100, 0.100, 0.100, 0.100, 0.100, 0.100, 0.100, 0.100, 0.100, 0.100, 0.100, 0.712, 0.223, 0.100, 0.100, 0.100, 0.100, 0.135, 0.100, 0.100, 0.100, 0.100, 0.167, 0.100, 0.100, 0.100, 0.100, 0.100, 0.100]
    Layer 10: sigma=[0.100, 0.100, 0.100, 0.100, 0.100, 0.100, 0.100, 0.100, 0.144, 0.100, 0.100, 0.100, 0.100, 0.100, 0.100, 0.100, 0.100, 0.100, 0.100, 0.100, 0.100, 0.100, 0.100, 0.100, 0.100, 0.100, 0.100, 0.100, 0.108, 0.100, 0.105, 0.100]
    Layer 11: sigma=[0.100, 0.100, 0.100, 0.100, 0.212, 0.100, 0.169, 0.100, 0.100, 0.155, 0.100, 0.100, 0.138, 0.100, 0.285, 0.100, 0.100, 0.100, 0.100, 0.100, 0.100, 0.100, 0.100, 0.100, 0.100, 0.100, 0.250, 0.100, 0.100, 0.100, 0.103, 0.100]
    Layer 12: sigma=[0.100, 0.100, 0.100, 0.100, 0.100, 0.113, 0.100, 0.100, 0.100, 0.120, 0.100, 0.100, 0.100, 0.100, 0.100, 0.100, 0.100, 0.270, 0.478, 0.100, 0.100, 0.100, 0.100, 0.100, 0.100, 0.351, 0.100, 0.140, 0.100, 0.140, 0.133, 0.100]
    Layer 13: sigma=[0.240, 0.100, 0.100, 0.100, 0.100, 0.100, 0.100, 0.110, 0.100, 0.119, 0.130, 0.100, 0.100, 0.100, 0.100, 0.100, 0.100, 0.100, 0.100, 0.100, 0.100, 0.100, 0.100, 0.100, 0.100, 0.100, 0.100, 0.100, 0.100, 0.100, 0.100, 0.100]
    Layer 14: sigma=[0.100, 0.100, 0.123, 0.100, 0.100, 0.470, 0.100, 0.161, 0.100, 0.100, 0.102, 0.100, 0.100, 0.175, 0.100, 0.100, 0.100, 0.100, 0.172, 0.133, 0.100, 0.100, 0.100, 0.100, 0.100, 0.145, 0.100, 0.135, 0.100, 0.100, 0.150, 0.100]
    Layer 15: sigma=[0.100, 0.231, 0.100, 0.100, 0.236, 0.123, 0.100, 0.100, 0.100, 0.100, 0.100, 0.112, 0.242, 0.100, 0.100, 0.100, 0.100, 0.100, 0.102, 0.140, 0.100, 0.100, 0.100, 0.100, 0.314, 0.265, 0.100, 0.100, 0.100, 0.100, 0.100, 0.100]
    Layer 16: sigma=[0.330, 0.100, 0.100, 0.100, 0.100, 0.100, 0.100, 0.100, 0.100, 0.100, 0.100, 0.100, 0.100, 0.100, 0.100, 0.100, 0.100, 0.100, 0.100, 0.100, 0.100, 0.100, 0.100, 0.100, 0.100, 0.166, 0.100, 0.100, 0.100, 0.100, 0.100, 0.100]
    Layer 17: sigma=[0.100, 0.100, 0.100, 0.100, 0.100, 0.506, 0.100, 0.105, 0.108, 0.100, 0.100, 0.100, 0.100, 0.100, 0.100, 0.100, 0.383, 0.127, 0.100, 0.351, 0.100, 0.100, 0.100, 0.100, 0.111, 0.100, 0.391, 0.123, 0.100, 0.100, 0.100, 0.100]
    Layer 18: sigma=[0.100, 0.592, 0.100, 0.100, 0.100, 0.184, 0.100, 0.110, 0.100, 0.100, 0.100, 0.100, 0.100, 0.100, 0.100, 0.100, 0.496, 0.100, 0.100, 0.100, 0.100, 0.100, 0.100, 0.100, 0.100, 0.100, 0.100, 0.100, 0.100, 0.100, 0.100, 0.100]
    Layer 19: sigma=[0.100, 0.100, 0.100, 0.100, 0.100, 0.100, 0.263, 0.100, 0.100, 0.100, 0.100, 0.100, 0.238, 0.100, 0.100, 0.155, 0.100, 0.100, 0.100, 0.412, 0.100, 0.100, 0.100, 0.100, 0.100, 0.100, 0.100, 0.100, 0.100, 0.100, 0.100, 0.100]
    Layer 20: sigma=[0.100, 0.100, 0.202, 0.100, 0.100, 0.241, 0.200, 0.100, 0.100, 0.100, 0.100, 0.100, 0.100, 0.100, 0.100, 0.100, 0.206, 0.100, 0.100, 0.100, 0.100, 0.100, 0.100, 0.100, 0.100, 0.100, 0.100, 0.100, 0.100, 0.100, 0.100, 0.100]
    Layer 21: sigma=[0.100, 0.101, 0.100, 0.142, 0.100, 0.100, 0.100, 0.100, 0.100, 0.100, 0.100, 0.366, 0.100, 0.100, 0.118, 0.100, 0.100, 0.100, 0.100, 0.126, 0.100, 0.100, 0.100, 0.100, 0.100, 0.100, 0.100, 0.100, 0.100, 0.100, 0.427, 0.125]
    Layer 22: sigma=[0.152, 0.100, 0.100, 0.100, 0.183, 0.131, 0.121, 0.126, 0.212, 0.156, 0.100, 0.100, 0.100, 0.100, 0.100, 0.100, 0.100, 0.100, 0.100, 0.169, 0.100, 0.100, 0.100, 0.100, 0.100, 0.100, 0.100, 0.100, 0.100, 0.100, 0.100, 0.100]
    Layer 23: sigma=[0.187, 0.122, 0.184, 0.100, 0.100, 0.100, 0.244, 0.100, 0.100, 0.100, 0.100, 0.100, 0.100, 0.100, 0.100, 0.100, 0.100, 0.100, 0.100, 0.100, 0.100, 0.100, 0.100, 0.100, 0.100, 0.100, 0.100, 0.100, 0.100, 0.196, 0.260, 0.100]
    Layer 24: sigma=[0.100, 0.100, 0.100, 0.100, 0.100, 0.100, 0.100, 0.100, 0.100, 0.100, 0.100, 0.100, 0.100, 0.100, 0.100, 0.235, 0.100, 0.100, 0.100, 0.114, 0.100, 0.100, 0.100, 0.100, 0.271, 0.276, 0.201, 0.232, 0.100, 0.100, 0.100, 0.100]
    Layer 25: sigma=[0.100, 0.100, 0.100, 0.100, 0.100, 0.100, 0.100, 0.100, 0.100, 0.100, 0.100, 0.100, 0.100, 0.100, 0.100, 0.100, 0.100, 0.100, 0.100, 0.100, 0.100, 0.100, 0.100, 0.100, 0.100, 0.100, 0.100, 0.100, 0.100, 0.100, 0.100, 0.100]
    Layer 26: sigma=[0.100, 0.100, 0.100, 0.100, 0.100, 0.100, 0.100, 0.100, 0.100, 0.100, 0.100, 0.100, 0.100, 0.100, 0.100, 0.155, 0.100, 0.100, 0.100, 0.100, 0.100, 0.100, 0.100, 0.100, 0.100, 0.100, 0.100, 0.100, 0.100, 0.100, 0.100, 0.100]
    Layer 27: sigma=[0.100, 0.100, 0.100, 0.100, 0.100, 0.100, 0.100, 0.100, 0.100, 0.100, 0.100, 0.100, 0.100, 0.100, 0.100, 0.100, 0.100, 0.100, 0.100, 0.100, 0.100, 0.100, 0.100, 0.100, 0.100, 0.100, 0.100, 0.100, 0.100, 0.192, 0.100, 0.100]
    Layer 28: sigma=[0.100, 0.100, 0.100, 0.100, 0.125, 0.100, 0.100, 0.176, 0.100, 0.100, 0.100, 0.100, 0.100, 0.100, 0.100, 0.100, 0.100, 0.100, 0.100, 0.100, 0.100, 0.100, 0.100, 0.100, 0.100, 0.100, 0.100, 0.100, 0.100, 0.100, 0.100, 0.100]
    Layer 29: sigma=[0.100, 0.100, 0.100, 0.100, 0.100, 0.100, 0.100, 0.100, 0.100, 0.100, 0.100, 0.100, 0.100, 0.100, 0.100, 0.100, 0.100, 0.100, 0.100, 0.100, 0.100, 0.100, 0.100, 0.100, 0.100, 0.100, 0.100, 0.100, 0.100, 0.100, 0.100, 0.100]
    Layer 30: sigma=[0.100, 0.100, 0.100, 0.100, 0.100, 0.100, 0.100, 0.100, 0.100, 0.100, 0.100, 0.100, 0.100, 0.100, 0.100, 0.113, 0.100, 0.100, 0.100, 0.100, 0.100, 0.100, 0.100, 0.100, 0.100, 0.100, 0.100, 0.100, 0.100, 0.100, 0.100, 0.100]
    Layer 31: sigma=[0.100, 0.100, 0.100, 0.100, 0.100, 0.100, 0.100, 0.100, 0.100, 0.100, 0.100, 0.100, 0.100, 0.100, 0.100, 0.100, 0.100, 0.100, 0.100, 0.100, 0.100, 0.100, 0.100, 0.100, 0.100, 0.100, 0.100, 0.100, 0.100, 0.100, 0.100, 0.100]
    Layer 32: sigma=[0.100, 0.100, 0.100, 0.100, 0.100, 0.100, 0.100, 0.100, 0.100, 0.100, 0.100, 0.100, 0.100, 0.100, 0.100, 0.100, 0.100, 0.100, 0.100, 0.100, 0.100, 0.100, 0.100, 0.100, 0.100, 0.100, 0.100, 0.100, 0.100, 0.100, 0.100, 0.100]
    Layer 33: sigma=[0.100, 0.100, 0.100, 0.100, 0.100, 0.100, 0.100, 0.100, 0.100, 0.100, 0.100, 0.100, 0.100, 0.100, 0.100, 0.100, 0.100, 0.100, 0.100, 0.100, 0.100, 0.100, 0.100, 0.100, 0.100, 0.100, 0.100, 0.100, 0.100, 0.100, 0.100, 0.100]
    Layer 34: sigma=[0.100, 0.100, 0.100, 0.100, 0.100, 0.100, 0.100, 0.100, 0.100, 0.100, 0.100, 0.100, 0.100, 0.100, 0.100, 0.100, 0.100, 0.100, 0.100, 0.100, 0.100, 0.100, 0.100, 0.100, 0.100, 0.100, 0.100, 0.100, 0.100, 0.100, 0.100, 0.100]

  [Taylor Step 3/3] g_proj = v_proj * alpha (damping=0.01)...
    Layer  0: alpha=0.069120  teacher_rms=0.0168  v_rms=0.0024
    Layer  1: alpha=0.058048  teacher_rms=0.0216  v_rms=0.0037
    Layer  2: alpha=0.054743  teacher_rms=0.0222  v_rms=0.0041
    Layer  3: alpha=0.042003  teacher_rms=0.0261  v_rms=0.0062
    Layer  4: alpha=0.049193  teacher_rms=0.0316  v_rms=0.0064
    Layer  5: alpha=0.052629  teacher_rms=0.0412  v_rms=0.0078
    Layer  6: alpha=0.074834  teacher_rms=0.0646  v_rms=0.0086
    Layer  7: alpha=0.041102  teacher_rms=0.0510  v_rms=0.0124
    Layer  8: alpha=0.040498  teacher_rms=0.0695  v_rms=0.0172
    Layer  9: alpha=0.027878  teacher_rms=0.0701  v_rms=0.0252
    Layer 10: alpha=0.048803  teacher_rms=0.1071  v_rms=0.0219
    Layer 11: alpha=0.053275  teacher_rms=0.1038  v_rms=0.0195
    Layer 12: alpha=0.045833  teacher_rms=0.1177  v_rms=0.0257
    Layer 13: alpha=0.054600  teacher_rms=0.1013  v_rms=0.0186
    Layer 14: alpha=0.053238  teacher_rms=0.1546  v_rms=0.0290
    Layer 15: alpha=0.046612  teacher_rms=0.1546  v_rms=0.0332
    Layer 16: alpha=0.039669  teacher_rms=0.1446  v_rms=0.0365
    Layer 17: alpha=0.034946  teacher_rms=0.1762  v_rms=0.0504
    Layer 18: alpha=0.033722  teacher_rms=0.1919  v_rms=0.0569
    Layer 19: alpha=0.047073  teacher_rms=0.2023  v_rms=0.0430
    Layer 20: alpha=0.050796  teacher_rms=0.1938  v_rms=0.0382
    Layer 21: alpha=0.041827  teacher_rms=0.2301  v_rms=0.0550
    Layer 22: alpha=0.053101  teacher_rms=0.2755  v_rms=0.0519
    Layer 23: alpha=0.049985  teacher_rms=0.3026  v_rms=0.0605
    Layer 24: alpha=0.033935  teacher_rms=0.2864  v_rms=0.0844
    Layer 25: alpha=0.038418  teacher_rms=0.2261  v_rms=0.0589
    Layer 26: alpha=0.026682  teacher_rms=0.1994  v_rms=0.0747
    Layer 27: alpha=0.033184  teacher_rms=0.2900  v_rms=0.0874
    Layer 28: alpha=0.039268  teacher_rms=0.3530  v_rms=0.0899
    Layer 29: alpha=0.016275  teacher_rms=0.2479  v_rms=0.1523
    Layer 30: alpha=0.025781  teacher_rms=0.3921  v_rms=0.1521
    Layer 31: alpha=0.018626  teacher_rms=0.3452  v_rms=0.1853
    Layer 32: alpha=0.021930  teacher_rms=0.5106  v_rms=0.2328
    Layer 33: alpha=0.016345  teacher_rms=0.5964  v_rms=0.3649
    Layer 34: alpha=0.031180  teacher_rms=1.0165  v_rms=0.3260

  Set g_proj = v_proj * alpha in 35 GDN layers (damping=0.01).
  Init (taylor_distill) done in 409.3s
  Layer 35: PPL = 945.67  (eval 19.0s)

============================================================
  RANKING [taylor_distill] (lower PPL = more important to keep)
============================================================
  # 1  Layer  0  PPL = 798.74
  # 2  Layer 34  PPL = 836.32
  # 3  Layer 32  PPL = 897.70
  # 4  Layer 24  PPL = 915.59
  # 5  Layer 35  PPL = 945.67
  # 6  Layer 26  PPL = 947.51
  # 7  Layer 27  PPL = 954.34
  # 8  Layer 22  PPL = 965.69
  # 9  Layer  1  PPL = 967.93
  #10  Layer 33  PPL = 976.04
  #11  Layer 30  PPL = 998.87
  #12  Layer  4  PPL = 1044.74
  #13  Layer 23  PPL = 1051.47
  #14  Layer 29  PPL = 1055.26
  #15  Layer 25  PPL = 1062.41
  #16  Layer  6  PPL = 1070.39
  #17  Layer  7  PPL = 1170.09
  #18  Layer 31  PPL = 1170.72
  #19  Layer 17  PPL = 1174.56
  #20  Layer 21  PPL = 1193.69
  #21  Layer 20  PPL = 1194.29
  #22  Layer 28  PPL = 1208.91
  #23  Layer  5  PPL = 1217.32
  #24  Layer  8  PPL = 1232.95
  #25  Layer  3  PPL = 1278.65
  #26  Layer 12  PPL = 1280.70
  #27  Layer 11  PPL = 1314.30
  #28  Layer  2  PPL = 1384.51
  #29  Layer  9  PPL = 1419.59
  #30  Layer 14  PPL = 1501.60
  #31  Layer 18  PPL = 1651.48
  #32  Layer 19  PPL = 1721.30
  #33  Layer 13  PPL = 1824.52
  #34  Layer 16  PPL = 2098.42
  #35  Layer 10  PPL = 4249.12
  #36  Layer 15  PPL = 14883.94

  Top-18 layers (sorted): [0, 1, 4, 6, 7, 22, 23, 24, 25, 26, 27, 29, 30, 31, 32, 33, 34, 35]
  keep_full_attention_layers: [0, 1, 4, 6, 7, 22, 23, 24, 25, 26, 27, 29, 30, 31, 32, 33, 34, 35]

  Results saved to /home/charlie/Taylor-Distill/results/zeroshot_qwen3_8b_50pct/ga_s2/taylor_distill/gpu0.json
