Strategy: taylor_distill
Teacher (FLA): /data/shared/charlie/converted_teachers/Qwen3-8B
Teacher (HF):  Qwen/Qwen3-8B

============================================================
  Probing layer 0 | strategy=taylor_distill
============================================================
Loading checkpoint shards:   0%|          | 0/4 [00:00<?, ?it/s]Loading checkpoint shards: 100%|██████████| 4/4 [00:00<00:00, 148.91it/s]
/home/charlie/miniconda3/envs/taylor/lib/python3.12/site-packages/fla/layers/gated_deltanet.py:191: UserWarning: ShortConvolution is crucial to the performance. Do not turn it off, i.e., setting `use_short_conv=False` unless you know what you are doing.
  warnings.warn(
'(ReadTimeoutError("HTTPSConnectionPool(host='huggingface.co', port=443): Read timed out. (read timeout=10)"), '(Request ID: 4f71b3b3-ab44-414d-9493-c361f7307abb)')' thrown while requesting HEAD https://huggingface.co/Qwen/Qwen3-8B/resolve/main/tokenizer_config.json
Retrying in 1s [Retry 1/5].
Could not cache non-existence of file. Will ignore error and continue. Error: [Errno 13] Permission denied: '/data/shared/huggingface/hub/models--Qwen--Qwen3-8B/.no_exist/b968826d9c46dd6066d109eabc6255188de91218/model.safetensors'
Loading checkpoint shards:   0%|          | 0/5 [00:00<?, ?it/s]Loading checkpoint shards: 100%|██████████| 5/5 [00:00<00:00, 190.25it/s]
Token indices sequence length is longer than the specified maximum sequence length for this model (2429029 > 131072). Running this sequence through the model will result in indexing errors
  [Taylor Step 1/3] Gate calibration from attention stats...
    Layer  1: dist=[12, 21, 14, 26, 2, 9, 17, 7, 25, 18, 32, 29, 18, 28, 28, 20, 17, 26, 31, 18, 28, 17, 21, 21, 26, 8, 25, 23, 41, 16, 20, 28]
    Layer  2: dist=[36, 36, 37, 32, 17, 27, 20, 24, 21, 24, 29, 33, 28, 25, 26, 34, 32, 26, 28, 22, 28, 36, 27, 27, 14, 14, 11, 19, 41, 42, 43, 41]
    Layer  3: dist=[40, 20, 9, 12, 49, 50, 46, 42, 30, 27, 33, 31, 49, 43, 42, 42, 35, 37, 29, 37, 42, 33, 32, 36, 35, 30, 29, 33, 39, 36, 40, 37]
    Layer  4: dist=[31, 35, 41, 36, 41, 33, 35, 48, 37, 38, 34, 34, 31, 31, 38, 35, 35, 37, 38, 39, 34, 35, 25, 34, 26, 32, 27, 21, 28, 33, 30, 30]
    Layer  5: dist=[23, 29, 30, 21, 36, 34, 29, 29, 4, 14, 40, 38, 31, 43, 32, 30, 23, 20, 28, 28, 29, 30, 27, 33, 38, 39, 43, 43, 26, 25, 29, 32]
    Layer  6: dist=[16, 22, 17, 17, 27, 24, 34, 32, 25, 12, 21, 20, 31, 34, 28, 16, 28, 20, 24, 23, 13, 18, 18, 8, 21, 24, 18, 28, 24, 25, 21, 27]
    Layer  7: dist=[31, 36, 33, 46, 63, 57, 63, 60, 45, 60, 53, 41, 54, 15, 30, 49, 42, 54, 44, 44, 54, 45, 58, 59, 34, 41, 25, 43, 49, 51, 49, 54]
    Layer  8: dist=[45, 46, 49, 29, 43, 41, 35, 44, 46, 52, 43, 48, 51, 43, 49, 36, 60, 56, 54, 51, 44, 54, 51, 57, 47, 37, 51, 36, 44, 38, 42, 44]
    Layer  9: dist=[40, 32, 31, 36, 45, 49, 48, 40, 62, 61, 60, 56, 14, 46, 32, 45, 49, 53, 59, 62, 44, 40, 35, 41, 61, 44, 49, 54, 62, 57, 63, 61]
    Layer 10: dist=[39, 39, 30, 39, 46, 55, 33, 41, 34, 45, 55, 26, 49, 36, 42, 44, 45, 53, 52, 50, 46, 31, 56, 51, 51, 56, 47, 43, 40, 39, 44, 47]
    Layer 11: dist=[33, 33, 47, 27, 29, 36, 43, 42, 52, 62, 57, 49, 44, 33, 38, 39, 39, 36, 33, 25, 42, 56, 46, 46, 39, 32, 36, 32, 49, 34, 31, 48]
    Layer 12: dist=[12, 40, 39, 33, 43, 46, 39, 36, 33, 36, 44, 44, 50, 45, 45, 49, 21, 38, 29, 44, 55, 54, 53, 56, 49, 1, 56, 23, 43, 45, 59, 49]
    Layer 13: dist=[29, 36, 39, 36, 31, 29, 35, 22, 47, 36, 52, 61, 64, 58, 55, 62, 46, 39, 31, 36, 47, 33, 44, 46, 44, 33, 40, 41, 58, 56, 49, 51]
    Layer 14: dist=[25, 35, 34, 24, 39, 24, 35, 33, 31, 32, 37, 37, 36, 40, 35, 36, 41, 46, 31, 35, 33, 17, 28, 42, 27, 38, 40, 38, 43, 44, 5, 48]
    Layer 15: dist=[45, 27, 43, 23, 20, 22, 41, 33, 48, 33, 26, 54, 37, 56, 41, 47, 33, 33, 34, 36, 33, 30, 27, 27, 27, 20, 41, 37, 38, 47, 38, 28]
    Layer 16: dist=[37, 32, 42, 47, 29, 35, 26, 31, 29, 45, 40, 43, 49, 35, 44, 47, 38, 41, 34, 35, 59, 60, 57, 54, 39, 28, 34, 6, 32, 33, 36, 32]
    Layer 17: dist=[58, 50, 41, 34, 28, 31, 22, 25, 44, 54, 42, 49, 23, 32, 39, 39, 24, 29, 32, 22, 39, 51, 49, 48, 30, 28, 31, 26, 29, 43, 47, 36]
    Layer 18: dist=[20, 27, 19, 18, 29, 37, 39, 30, 37, 40, 37, 45, 34, 34, 31, 35, 26, 41, 42, 28, 38, 28, 37, 52, 31, 35, 35, 36, 30, 29, 43, 31]
    Layer 19: dist=[39, 33, 35, 35, 43, 54, 30, 38, 40, 44, 41, 48, 35, 31, 40, 35, 44, 42, 26, 29, 10, 28, 18, 27, 52, 54, 52, 58, 44, 43, 41, 41]
    Layer 20: dist=[46, 39, 44, 40, 41, 27, 28, 31, 23, 21, 26, 21, 48, 42, 48, 50, 24, 28, 31, 21, 38, 57, 52, 51, 63, 51, 53, 44, 49, 43, 55, 55]
    Layer 21: dist=[26, 25, 30, 35, 58, 33, 53, 58, 61, 33, 39, 38, 26, 24, 25, 23, 39, 40, 45, 32, 47, 52, 48, 49, 35, 34, 32, 44, 38, 40, 34, 47]
    Layer 22: dist=[39, 32, 37, 33, 28, 38, 24, 30, 21, 27, 24, 35, 9, 46, 32, 35, 18, 40, 40, 23, 53, 59, 60, 61, 51, 44, 46, 48, 57, 47, 53, 50]
    Layer 23: dist=[22, 18, 26, 22, 55, 55, 22, 50, 41, 20, 24, 31, 37, 36, 41, 39, 41, 38, 42, 48, 41, 46, 42, 40, 41, 39, 37, 51, 47, 44, 44, 39]
    Layer 24: dist=[40, 62, 57, 51, 50, 56, 54, 47, 52, 54, 52, 43, 41, 39, 47, 40, 42, 49, 44, 42, 60, 53, 52, 58, 31, 41, 39, 29, 50, 57, 51, 47]
    Layer 25: dist=[50, 60, 59, 49, 38, 38, 54, 42, 46, 52, 47, 48, 36, 45, 27, 37, 48, 50, 49, 45, 54, 56, 55, 55, 58, 56, 50, 55, 46, 61, 51, 45]
    Layer 26: dist=[43, 47, 57, 36, 59, 57, 59, 56, 52, 56, 53, 49, 52, 62, 60, 60, 43, 46, 53, 50, 53, 54, 60, 57, 53, 50, 54, 50, 58, 50, 59, 51]
    Layer 27: dist=[48, 55, 54, 59, 50, 53, 52, 44, 41, 52, 55, 52, 41, 56, 42, 45, 51, 53, 53, 53, 47, 56, 54, 44, 57, 59, 60, 60, 50, 44, 45, 60]
    Layer 28: dist=[53, 47, 54, 53, 41, 35, 40, 38, 52, 57, 47, 46, 57, 53, 48, 50, 57, 51, 53, 55, 59, 37, 32, 46, 47, 46, 50, 51, 46, 48, 35, 49]
    Layer 29: dist=[57, 58, 57, 58, 45, 56, 47, 58, 58, 57, 61, 54, 60, 61, 60, 61, 58, 56, 58, 60, 62, 61, 56, 62, 49, 59, 47, 49, 55, 51, 56, 56]
    Layer 30: dist=[40, 54, 51, 52, 53, 51, 48, 37, 60, 59, 58, 60, 53, 53, 57, 51, 52, 39, 61, 61, 29, 60, 53, 54, 60, 60, 61, 60, 55, 56, 54, 51]
    Layer 31: dist=[60, 58, 51, 49, 58, 59, 59, 59, 57, 41, 46, 47, 58, 59, 59, 58, 52, 53, 55, 48, 60, 59, 56, 59, 57, 56, 46, 60, 57, 55, 53, 57]
    Layer 32: dist=[56, 57, 58, 57, 58, 60, 59, 60, 56, 55, 59, 58, 48, 58, 54, 47, 58, 54, 54, 54, 62, 48, 57, 60, 36, 48, 44, 53, 58, 54, 51, 53]
    Layer 33: dist=[52, 61, 57, 60, 45, 52, 29, 47, 57, 58, 57, 58, 58, 59, 58, 59, 59, 59, 53, 56, 58, 49, 54, 57, 57, 59, 60, 59, 56, 56, 55, 53]
    Layer 34: dist=[56, 57, 58, 57, 55, 56, 55, 54, 25, 47, 54, 42, 58, 57, 60, 40, 42, 44, 62, 30, 58, 27, 59, 60, 61, 60, 62, 60, 26, 32, 35, 54]
    Layer 35: dist=[56, 62, 36, 50, 43, 19, 55, 48, 42, 51, 55, 49, 30, 17, 24, 22, 49, 45, 40, 27, 45, 52, 28, 27, 33, 27, 33, 35, 36, 57, 61, 58]

  [Taylor Step 2/3] OLS sigma per head (scaling V, streaming)...
    Layer  1: sigma=[0.278, 0.100, 0.100, 0.100, 0.100, 0.100, 0.100, 0.100, 0.100, 0.404, 0.276, 0.100, 0.100, 0.100, 0.100, 0.100, 0.100, 0.100, 0.100, 0.100, 0.100, 0.100, 0.100, 0.205, 0.100, 0.100, 0.180, 0.100, 0.100, 0.100, 0.100, 0.100]
    Layer  2: sigma=[0.151, 0.100, 0.100, 0.100, 0.100, 0.100, 0.100, 0.100, 0.158, 0.100, 0.100, 0.100, 0.100, 0.256, 0.100, 0.100, 0.100, 0.100, 0.100, 0.100, 0.100, 0.100, 0.100, 0.100, 0.100, 0.174, 0.100, 0.100, 0.100, 0.100, 0.100, 0.139]
    Layer  3: sigma=[0.100, 0.458, 0.100, 0.297, 0.100, 0.100, 0.100, 0.100, 0.100, 0.100, 0.100, 0.100, 0.100, 0.100, 0.100, 0.100, 0.100, 0.100, 0.119, 0.100, 0.100, 0.100, 0.100, 0.100, 0.100, 0.121, 0.108, 0.100, 0.100, 0.100, 0.100, 0.100]
    Layer  4: sigma=[0.100, 0.100, 0.100, 0.100, 0.100, 0.100, 0.100, 0.100, 0.100, 0.100, 0.100, 0.100, 0.100, 0.100, 0.100, 0.100, 0.100, 0.100, 0.100, 0.100, 0.100, 0.146, 0.306, 0.100, 0.100, 0.100, 0.100, 0.100, 0.100, 0.100, 0.100, 0.100]
    Layer  5: sigma=[0.100, 0.100, 0.126, 0.100, 0.100, 0.100, 0.100, 0.100, 0.100, 0.274, 0.100, 0.103, 0.100, 0.100, 0.100, 0.110, 0.100, 0.337, 0.100, 0.100, 0.100, 0.100, 0.100, 0.100, 0.100, 0.100, 0.100, 0.100, 0.100, 0.243, 0.100, 0.100]
    Layer  6: sigma=[0.100, 0.100, 0.179, 0.100, 0.108, 0.114, 0.100, 0.100, 0.100, 0.100, 0.100, 0.100, 0.100, 0.100, 0.100, 0.100, 0.100, 0.100, 0.100, 0.100, 0.243, 0.100, 0.100, 0.100, 0.100, 0.100, 0.101, 0.100, 0.100, 0.100, 0.100, 0.100]
    Layer  7: sigma=[0.100, 0.254, 0.100, 0.100, 0.145, 0.100, 0.100, 0.100, 0.100, 0.100, 0.100, 0.151, 0.100, 0.100, 0.100, 0.100, 0.100, 0.100, 0.100, 0.100, 0.100, 0.100, 0.100, 0.100, 0.100, 0.100, 0.100, 0.100, 0.100, 0.100, 0.100, 0.100]
    Layer  8: sigma=[0.100, 0.100, 0.100, 0.100, 0.100, 0.100, 0.100, 0.123, 0.100, 0.100, 0.100, 0.100, 0.100, 0.122, 0.100, 0.100, 0.100, 0.100, 0.100, 0.100, 0.100, 0.100, 0.100, 0.100, 0.100, 0.100, 0.100, 0.292, 0.100, 0.100, 0.100, 0.100]
    Layer  9: sigma=[0.100, 0.100, 0.122, 0.100, 0.100, 0.100, 0.100, 0.100, 0.100, 0.100, 0.100, 0.100, 0.100, 0.100, 0.791, 0.219, 0.100, 0.100, 0.100, 0.100, 0.125, 0.100, 0.100, 0.100, 0.100, 0.165, 0.100, 0.100, 0.100, 0.100, 0.100, 0.100]
    Layer 10: sigma=[0.100, 0.100, 0.100, 0.100, 0.100, 0.100, 0.100, 0.100, 0.138, 0.100, 0.100, 0.100, 0.100, 0.100, 0.100, 0.100, 0.100, 0.100, 0.100, 0.100, 0.100, 0.100, 0.100, 0.100, 0.100, 0.100, 0.100, 0.100, 0.105, 0.100, 0.109, 0.100]
    Layer 11: sigma=[0.100, 0.100, 0.100, 0.100, 0.222, 0.100, 0.167, 0.100, 0.100, 0.142, 0.100, 0.100, 0.147, 0.100, 0.293, 0.100, 0.100, 0.100, 0.100, 0.100, 0.100, 0.100, 0.100, 0.100, 0.100, 0.100, 0.259, 0.100, 0.100, 0.100, 0.101, 0.100]
    Layer 12: sigma=[0.100, 0.100, 0.100, 0.100, 0.100, 0.119, 0.100, 0.100, 0.100, 0.120, 0.100, 0.100, 0.100, 0.100, 0.100, 0.100, 0.100, 0.270, 0.437, 0.100, 0.100, 0.100, 0.100, 0.100, 0.100, 0.317, 0.100, 0.118, 0.100, 0.139, 0.142, 0.100]
    Layer 13: sigma=[0.265, 0.100, 0.100, 0.100, 0.100, 0.100, 0.100, 0.108, 0.100, 0.123, 0.125, 0.100, 0.100, 0.100, 0.100, 0.100, 0.100, 0.100, 0.100, 0.100, 0.100, 0.100, 0.100, 0.100, 0.100, 0.100, 0.100, 0.100, 0.100, 0.100, 0.100, 0.100]
    Layer 14: sigma=[0.100, 0.100, 0.104, 0.100, 0.100, 0.390, 0.100, 0.164, 0.100, 0.100, 0.100, 0.100, 0.100, 0.172, 0.100, 0.100, 0.100, 0.100, 0.168, 0.123, 0.100, 0.100, 0.100, 0.100, 0.100, 0.151, 0.100, 0.139, 0.100, 0.100, 0.141, 0.100]
    Layer 15: sigma=[0.100, 0.252, 0.100, 0.141, 0.252, 0.102, 0.100, 0.100, 0.100, 0.100, 0.100, 0.112, 0.258, 0.100, 0.100, 0.100, 0.100, 0.100, 0.100, 0.129, 0.100, 0.100, 0.100, 0.100, 0.249, 0.265, 0.100, 0.100, 0.100, 0.100, 0.100, 0.100]
    Layer 16: sigma=[0.323, 0.100, 0.100, 0.100, 0.100, 0.100, 0.100, 0.100, 0.100, 0.100, 0.100, 0.100, 0.100, 0.100, 0.100, 0.100, 0.100, 0.100, 0.100, 0.100, 0.100, 0.100, 0.100, 0.100, 0.100, 0.159, 0.100, 0.100, 0.100, 0.100, 0.100, 0.100]
    Layer 17: sigma=[0.100, 0.100, 0.100, 0.100, 0.100, 0.485, 0.100, 0.100, 0.109, 0.100, 0.100, 0.100, 0.100, 0.100, 0.100, 0.100, 0.305, 0.108, 0.100, 0.432, 0.100, 0.100, 0.100, 0.100, 0.100, 0.100, 0.370, 0.121, 0.100, 0.100, 0.100, 0.100]
    Layer 18: sigma=[0.100, 0.608, 0.100, 0.100, 0.100, 0.212, 0.100, 0.112, 0.100, 0.100, 0.100, 0.100, 0.100, 0.100, 0.100, 0.100, 0.438, 0.100, 0.100, 0.100, 0.100, 0.100, 0.100, 0.100, 0.100, 0.100, 0.100, 0.100, 0.100, 0.100, 0.100, 0.100]
    Layer 19: sigma=[0.100, 0.100, 0.100, 0.100, 0.100, 0.100, 0.236, 0.100, 0.100, 0.100, 0.100, 0.100, 0.278, 0.100, 0.100, 0.147, 0.100, 0.100, 0.100, 0.446, 0.100, 0.100, 0.100, 0.100, 0.109, 0.100, 0.100, 0.100, 0.100, 0.100, 0.100, 0.100]
    Layer 20: sigma=[0.100, 0.100, 0.206, 0.100, 0.100, 0.273, 0.151, 0.100, 0.100, 0.100, 0.100, 0.100, 0.100, 0.100, 0.100, 0.108, 0.196, 0.100, 0.100, 0.100, 0.100, 0.100, 0.100, 0.100, 0.100, 0.100, 0.100, 0.100, 0.100, 0.100, 0.100, 0.100]
    Layer 21: sigma=[0.100, 0.100, 0.100, 0.109, 0.100, 0.100, 0.100, 0.100, 0.100, 0.104, 0.100, 0.411, 0.100, 0.100, 0.100, 0.100, 0.100, 0.100, 0.100, 0.104, 0.100, 0.100, 0.100, 0.100, 0.100, 0.100, 0.100, 0.100, 0.100, 0.100, 0.303, 0.115]
    Layer 22: sigma=[0.200, 0.100, 0.100, 0.100, 0.168, 0.126, 0.103, 0.217, 0.228, 0.100, 0.100, 0.100, 0.100, 0.100, 0.100, 0.100, 0.100, 0.100, 0.100, 0.133, 0.100, 0.100, 0.100, 0.100, 0.100, 0.100, 0.100, 0.100, 0.100, 0.100, 0.100, 0.100]
    Layer 23: sigma=[0.199, 0.137, 0.241, 0.100, 0.100, 0.100, 0.223, 0.100, 0.100, 0.100, 0.100, 0.100, 0.100, 0.100, 0.100, 0.100, 0.100, 0.100, 0.100, 0.100, 0.100, 0.100, 0.100, 0.100, 0.100, 0.100, 0.100, 0.100, 0.100, 0.272, 0.263, 0.119]
    Layer 24: sigma=[0.100, 0.100, 0.100, 0.100, 0.100, 0.100, 0.100, 0.100, 0.143, 0.100, 0.100, 0.100, 0.100, 0.100, 0.100, 0.179, 0.100, 0.100, 0.100, 0.100, 0.100, 0.100, 0.100, 0.100, 0.247, 0.341, 0.138, 0.271, 0.100, 0.100, 0.100, 0.100]
    Layer 25: sigma=[0.100, 0.100, 0.100, 0.100, 0.100, 0.100, 0.100, 0.100, 0.100, 0.100, 0.100, 0.100, 0.100, 0.100, 0.100, 0.100, 0.100, 0.100, 0.100, 0.100, 0.100, 0.100, 0.100, 0.100, 0.100, 0.100, 0.100, 0.100, 0.100, 0.100, 0.100, 0.100]
    Layer 26: sigma=[0.100, 0.100, 0.100, 0.100, 0.100, 0.100, 0.100, 0.100, 0.100, 0.100, 0.100, 0.100, 0.100, 0.100, 0.100, 0.140, 0.100, 0.100, 0.100, 0.100, 0.100, 0.100, 0.100, 0.100, 0.100, 0.100, 0.100, 0.100, 0.100, 0.100, 0.100, 0.100]
    Layer 27: sigma=[0.100, 0.107, 0.100, 0.100, 0.100, 0.100, 0.100, 0.100, 0.100, 0.100, 0.100, 0.100, 0.100, 0.100, 0.100, 0.100, 0.100, 0.100, 0.100, 0.100, 0.100, 0.100, 0.100, 0.100, 0.100, 0.100, 0.100, 0.100, 0.100, 0.249, 0.100, 0.100]
    Layer 28: sigma=[0.100, 0.100, 0.100, 0.100, 0.100, 0.112, 0.100, 0.314, 0.100, 0.100, 0.100, 0.100, 0.100, 0.100, 0.100, 0.100, 0.100, 0.100, 0.100, 0.100, 0.100, 0.100, 0.100, 0.100, 0.100, 0.100, 0.100, 0.100, 0.100, 0.100, 0.100, 0.100]
    Layer 29: sigma=[0.100, 0.100, 0.100, 0.100, 0.100, 0.100, 0.100, 0.100, 0.100, 0.100, 0.100, 0.100, 0.100, 0.100, 0.100, 0.100, 0.100, 0.100, 0.100, 0.100, 0.100, 0.100, 0.100, 0.100, 0.100, 0.100, 0.100, 0.100, 0.100, 0.100, 0.100, 0.100]
    Layer 30: sigma=[0.100, 0.100, 0.100, 0.100, 0.100, 0.100, 0.100, 0.100, 0.100, 0.100, 0.100, 0.100, 0.100, 0.100, 0.100, 0.100, 0.100, 0.100, 0.100, 0.100, 0.100, 0.100, 0.100, 0.100, 0.100, 0.100, 0.100, 0.100, 0.100, 0.100, 0.100, 0.100]
    Layer 31: sigma=[0.100, 0.100, 0.100, 0.100, 0.100, 0.100, 0.100, 0.100, 0.100, 0.100, 0.100, 0.100, 0.100, 0.100, 0.100, 0.100, 0.100, 0.100, 0.100, 0.100, 0.100, 0.100, 0.100, 0.100, 0.100, 0.100, 0.100, 0.100, 0.100, 0.100, 0.100, 0.100]
    Layer 32: sigma=[0.100, 0.100, 0.100, 0.100, 0.100, 0.100, 0.100, 0.100, 0.100, 0.100, 0.100, 0.100, 0.100, 0.100, 0.100, 0.100, 0.100, 0.100, 0.100, 0.100, 0.100, 0.100, 0.100, 0.100, 0.100, 0.100, 0.100, 0.100, 0.100, 0.100, 0.100, 0.100]
    Layer 33: sigma=[0.100, 0.100, 0.100, 0.100, 0.100, 0.100, 0.100, 0.100, 0.100, 0.100, 0.100, 0.100, 0.100, 0.100, 0.100, 0.100, 0.100, 0.100, 0.100, 0.100, 0.100, 0.100, 0.100, 0.100, 0.100, 0.100, 0.100, 0.100, 0.100, 0.100, 0.100, 0.100]
    Layer 34: sigma=[0.100, 0.100, 0.100, 0.100, 0.100, 0.100, 0.100, 0.100, 0.100, 0.100, 0.100, 0.100, 0.100, 0.100, 0.100, 0.100, 0.100, 0.100, 0.100, 0.100, 0.100, 0.100, 0.100, 0.100, 0.100, 0.100, 0.100, 0.100, 0.100, 0.100, 0.100, 0.100]
    Layer 35: sigma=[0.100, 0.100, 0.100, 0.100, 0.136, 0.100, 0.100, 0.100, 0.100, 0.100, 0.100, 0.100, 0.100, 0.100, 0.100, 0.100, 0.100, 0.100, 0.100, 0.100, 0.100, 0.100, 0.132, 0.100, 0.100, 0.100, 0.100, 0.100, 0.100, 0.100, 0.100, 0.100]

  [Taylor Step 3/3] g_proj = v_proj * alpha (damping=0.01)...
    Layer  1: alpha=0.058130  teacher_rms=0.0216  v_rms=0.0037
    Layer  2: alpha=0.054871  teacher_rms=0.0222  v_rms=0.0041
    Layer  3: alpha=0.041419  teacher_rms=0.0261  v_rms=0.0063
    Layer  4: alpha=0.049369  teacher_rms=0.0316  v_rms=0.0064
    Layer  5: alpha=0.052529  teacher_rms=0.0412  v_rms=0.0078
    Layer  6: alpha=0.074490  teacher_rms=0.0646  v_rms=0.0087
    Layer  7: alpha=0.040144  teacher_rms=0.0510  v_rms=0.0127
    Layer  8: alpha=0.041515  teacher_rms=0.0695  v_rms=0.0167
    Layer  9: alpha=0.026303  teacher_rms=0.0701  v_rms=0.0267
    Layer 10: alpha=0.048914  teacher_rms=0.1071  v_rms=0.0219
    Layer 11: alpha=0.052611  teacher_rms=0.1038  v_rms=0.0197
    Layer 12: alpha=0.047904  teacher_rms=0.1177  v_rms=0.0246
    Layer 13: alpha=0.053938  teacher_rms=0.1013  v_rms=0.0188
    Layer 14: alpha=0.056890  teacher_rms=0.1546  v_rms=0.0272
    Layer 15: alpha=0.046334  teacher_rms=0.1546  v_rms=0.0334
    Layer 16: alpha=0.039920  teacher_rms=0.1446  v_rms=0.0362
    Layer 17: alpha=0.035657  teacher_rms=0.1762  v_rms=0.0494
    Layer 18: alpha=0.033537  teacher_rms=0.1919  v_rms=0.0572
    Layer 19: alpha=0.045619  teacher_rms=0.2023  v_rms=0.0443
    Layer 20: alpha=0.050566  teacher_rms=0.1938  v_rms=0.0383
    Layer 21: alpha=0.044751  teacher_rms=0.2301  v_rms=0.0514
    Layer 22: alpha=0.051942  teacher_rms=0.2755  v_rms=0.0530
    Layer 23: alpha=0.046766  teacher_rms=0.3026  v_rms=0.0647
    Layer 24: alpha=0.033561  teacher_rms=0.2864  v_rms=0.0853
    Layer 25: alpha=0.038418  teacher_rms=0.2261  v_rms=0.0589
    Layer 26: alpha=0.026899  teacher_rms=0.1994  v_rms=0.0741
    Layer 27: alpha=0.031999  teacher_rms=0.2900  v_rms=0.0906
    Layer 28: alpha=0.036344  teacher_rms=0.3530  v_rms=0.0971
    Layer 29: alpha=0.016275  teacher_rms=0.2479  v_rms=0.1523
    Layer 30: alpha=0.025867  teacher_rms=0.3921  v_rms=0.1516
    Layer 31: alpha=0.018626  teacher_rms=0.3452  v_rms=0.1853
    Layer 32: alpha=0.021930  teacher_rms=0.5106  v_rms=0.2328
    Layer 33: alpha=0.016345  teacher_rms=0.5964  v_rms=0.3649
    Layer 34: alpha=0.031180  teacher_rms=1.0165  v_rms=0.3260
    Layer 35: alpha=0.057369  teacher_rms=1.0378  v_rms=0.1809

  Set g_proj = v_proj * alpha in 35 GDN layers (damping=0.01).
  Init (taylor_distill) done in 427.2s
  Layer 0: PPL = 734.71  (eval 25.2s)

============================================================
  Probing layer 1 | strategy=taylor_distill
============================================================
Loading checkpoint shards:   0%|          | 0/4 [00:00<?, ?it/s]Loading checkpoint shards: 100%|██████████| 4/4 [00:00<00:00, 147.52it/s]
/home/charlie/miniconda3/envs/taylor/lib/python3.12/site-packages/fla/layers/gated_deltanet.py:191: UserWarning: ShortConvolution is crucial to the performance. Do not turn it off, i.e., setting `use_short_conv=False` unless you know what you are doing.
  warnings.warn(
Could not cache non-existence of file. Will ignore error and continue. Error: [Errno 13] Permission denied: '/data/shared/huggingface/hub/models--Qwen--Qwen3-8B/.no_exist/b968826d9c46dd6066d109eabc6255188de91218/model.safetensors'
Loading checkpoint shards:   0%|          | 0/5 [00:00<?, ?it/s]Loading checkpoint shards:  80%|████████  | 4/5 [00:00<00:00, 39.78it/s]Loading checkpoint shards: 100%|██████████| 5/5 [00:00<00:00, 47.89it/s]
Token indices sequence length is longer than the specified maximum sequence length for this model (2429029 > 131072). Running this sequence through the model will result in indexing errors
  [Taylor Step 1/3] Gate calibration from attention stats...
    Layer  0: dist=[18, 2, 6, 20, 8, 14, 6, 7, 10, 4, 6, 7, 10, 18, 17, 5, 9, 11, 8, 8, 8, 12, 2, 7, 4, 26, 5, 26, 9, 19, 9, 8]
    Layer  2: dist=[36, 36, 37, 32, 17, 27, 20, 24, 21, 24, 29, 33, 28, 25, 26, 34, 32, 26, 28, 22, 28, 36, 27, 27, 14, 14, 11, 19, 41, 42, 43, 41]
    Layer  3: dist=[40, 20, 9, 12, 49, 50, 46, 42, 30, 27, 33, 31, 49, 43, 42, 42, 35, 37, 29, 37, 42, 33, 32, 36, 35, 30, 29, 33, 39, 36, 40, 37]
    Layer  4: dist=[31, 35, 41, 36, 41, 33, 35, 48, 37, 38, 34, 34, 31, 31, 38, 35, 35, 37, 38, 39, 34, 35, 25, 34, 26, 32, 27, 21, 28, 33, 30, 30]
    Layer  5: dist=[23, 29, 30, 21, 36, 34, 29, 29, 4, 14, 40, 38, 31, 43, 32, 30, 23, 20, 28, 28, 29, 30, 27, 33, 38, 39, 43, 43, 26, 25, 29, 32]
    Layer  6: dist=[16, 22, 17, 17, 27, 24, 34, 32, 25, 12, 21, 20, 31, 34, 28, 16, 28, 20, 24, 23, 13, 18, 18, 8, 21, 24, 18, 28, 24, 25, 21, 27]
    Layer  7: dist=[31, 36, 33, 46, 63, 57, 63, 60, 45, 60, 53, 41, 54, 15, 30, 49, 42, 54, 44, 44, 54, 45, 58, 59, 34, 41, 25, 43, 49, 51, 49, 54]
    Layer  8: dist=[45, 46, 49, 29, 43, 41, 35, 44, 46, 52, 43, 48, 51, 43, 49, 36, 60, 56, 54, 51, 44, 54, 51, 57, 47, 37, 51, 36, 44, 38, 42, 44]
    Layer  9: dist=[40, 32, 31, 36, 45, 49, 48, 40, 62, 61, 60, 56, 14, 46, 32, 45, 49, 53, 59, 62, 44, 40, 35, 41, 61, 44, 49, 54, 62, 57, 63, 61]
    Layer 10: dist=[39, 39, 30, 39, 46, 55, 33, 41, 34, 45, 55, 26, 49, 36, 42, 44, 45, 53, 52, 50, 46, 31, 56, 51, 51, 56, 47, 43, 40, 39, 44, 47]
    Layer 11: dist=[33, 33, 47, 27, 29, 36, 43, 42, 52, 62, 57, 49, 44, 33, 38, 39, 39, 36, 33, 25, 42, 56, 46, 46, 39, 32, 36, 32, 49, 34, 31, 48]
    Layer 12: dist=[12, 40, 39, 33, 43, 46, 39, 36, 33, 36, 44, 44, 50, 45, 45, 49, 21, 38, 29, 44, 55, 54, 53, 56, 49, 1, 56, 23, 43, 45, 59, 49]
    Layer 13: dist=[29, 36, 39, 36, 31, 29, 35, 22, 47, 36, 52, 61, 64, 58, 55, 62, 46, 39, 31, 36, 47, 33, 44, 46, 44, 33, 40, 41, 58, 56, 49, 51]
    Layer 14: dist=[25, 35, 34, 24, 39, 24, 35, 33, 31, 32, 37, 37, 36, 40, 35, 36, 41, 46, 31, 35, 33, 17, 28, 42, 27, 38, 40, 38, 43, 44, 5, 48]
    Layer 15: dist=[45, 27, 43, 23, 20, 22, 41, 33, 48, 33, 26, 54, 37, 56, 41, 47, 33, 33, 34, 36, 33, 30, 27, 27, 27, 20, 41, 37, 38, 47, 38, 28]
    Layer 16: dist=[37, 32, 42, 47, 29, 35, 26, 31, 29, 45, 40, 43, 49, 35, 44, 47, 38, 41, 34, 35, 59, 60, 57, 54, 39, 28, 34, 6, 32, 33, 36, 32]
    Layer 17: dist=[58, 50, 41, 34, 28, 31, 22, 25, 44, 54, 42, 49, 23, 32, 39, 39, 24, 29, 32, 22, 39, 51, 49, 48, 30, 28, 31, 26, 29, 43, 47, 36]
    Layer 18: dist=[20, 27, 19, 18, 29, 37, 39, 30, 37, 40, 37, 45, 34, 34, 31, 35, 26, 41, 42, 28, 38, 28, 37, 52, 31, 35, 35, 36, 30, 29, 43, 31]
    Layer 19: dist=[39, 33, 35, 35, 43, 54, 30, 38, 40, 44, 41, 48, 35, 31, 40, 35, 44, 42, 26, 29, 10, 28, 18, 27, 52, 54, 52, 58, 44, 43, 41, 41]
    Layer 20: dist=[46, 39, 44, 40, 41, 27, 28, 31, 23, 21, 26, 21, 48, 42, 48, 50, 24, 28, 31, 21, 38, 57, 52, 51, 63, 51, 53, 44, 49, 43, 55, 55]
    Layer 21: dist=[26, 25, 30, 35, 58, 33, 53, 58, 61, 33, 39, 38, 26, 24, 25, 23, 39, 40, 45, 32, 47, 52, 48, 49, 35, 34, 32, 44, 38, 40, 34, 47]
    Layer 22: dist=[39, 32, 37, 33, 28, 38, 24, 30, 21, 27, 24, 35, 9, 46, 32, 35, 18, 40, 40, 23, 53, 59, 60, 61, 51, 44, 46, 48, 57, 47, 53, 50]
    Layer 23: dist=[22, 18, 26, 22, 55, 55, 22, 50, 41, 20, 24, 31, 37, 36, 41, 39, 41, 38, 42, 48, 41, 46, 42, 40, 41, 39, 37, 51, 47, 44, 44, 39]
    Layer 24: dist=[40, 62, 57, 51, 50, 56, 54, 47, 52, 54, 52, 43, 41, 39, 47, 40, 42, 49, 44, 42, 60, 53, 52, 58, 31, 41, 39, 29, 50, 57, 51, 47]
    Layer 25: dist=[50, 60, 59, 49, 38, 38, 54, 42, 46, 52, 47, 48, 36, 45, 27, 37, 48, 50, 49, 45, 54, 56, 55, 55, 58, 56, 50, 55, 46, 61, 51, 45]
    Layer 26: dist=[43, 47, 57, 36, 59, 57, 59, 56, 52, 56, 53, 49, 52, 62, 60, 60, 43, 46, 53, 50, 53, 54, 60, 57, 53, 50, 54, 50, 58, 50, 59, 51]
    Layer 27: dist=[48, 55, 54, 59, 50, 53, 52, 44, 41, 52, 55, 52, 41, 56, 42, 45, 51, 53, 53, 53, 47, 56, 54, 44, 57, 59, 60, 60, 50, 44, 45, 60]
    Layer 28: dist=[53, 47, 54, 53, 41, 35, 40, 38, 52, 57, 47, 46, 57, 53, 48, 50, 57, 51, 53, 55, 59, 37, 32, 46, 47, 46, 50, 51, 46, 48, 35, 49]
    Layer 29: dist=[57, 58, 57, 58, 45, 56, 47, 58, 58, 57, 61, 54, 60, 61, 60, 61, 58, 56, 58, 60, 62, 61, 56, 62, 49, 59, 47, 49, 55, 51, 56, 56]
    Layer 30: dist=[40, 54, 51, 52, 53, 51, 48, 37, 60, 59, 58, 60, 53, 53, 57, 51, 52, 39, 61, 61, 29, 60, 53, 54, 60, 60, 61, 60, 55, 56, 54, 51]
    Layer 31: dist=[60, 58, 51, 49, 58, 59, 59, 59, 57, 41, 46, 47, 58, 59, 59, 58, 52, 53, 55, 48, 60, 59, 56, 59, 57, 56, 46, 60, 57, 55, 53, 57]
    Layer 32: dist=[56, 57, 58, 57, 58, 60, 59, 60, 56, 55, 59, 58, 48, 58, 54, 47, 58, 54, 54, 54, 62, 48, 57, 60, 36, 48, 44, 53, 58, 54, 51, 53]
    Layer 33: dist=[52, 61, 57, 60, 45, 52, 29, 47, 57, 58, 57, 58, 58, 59, 58, 59, 59, 59, 53, 56, 58, 49, 54, 57, 57, 59, 60, 59, 56, 56, 55, 53]
    Layer 34: dist=[56, 57, 58, 57, 55, 56, 55, 54, 25, 47, 54, 42, 58, 57, 60, 40, 42, 44, 62, 30, 58, 27, 59, 60, 61, 60, 62, 60, 26, 32, 35, 54]
    Layer 35: dist=[56, 62, 36, 50, 43, 19, 55, 48, 42, 51, 55, 49, 30, 17, 24, 22, 49, 45, 40, 27, 45, 52, 28, 27, 33, 27, 33, 35, 36, 57, 61, 58]

  [Taylor Step 2/3] OLS sigma per head (scaling V, streaming)...
    Layer  0: sigma=[0.256, 0.100, 0.100, 0.100, 0.198, 0.600, 0.100, 0.100, 0.100, 0.100, 0.141, 0.100, 0.100, 0.100, 0.100, 0.289, 0.100, 0.100, 0.100, 0.100, 0.100, 0.100, 0.100, 0.200, 0.100, 0.100, 0.577, 0.100, 0.253, 0.100, 0.100, 0.100]
    Layer  2: sigma=[0.151, 0.100, 0.100, 0.100, 0.100, 0.100, 0.100, 0.100, 0.157, 0.100, 0.100, 0.100, 0.100, 0.255, 0.100, 0.100, 0.100, 0.100, 0.100, 0.100, 0.100, 0.100, 0.100, 0.100, 0.100, 0.174, 0.100, 0.100, 0.100, 0.100, 0.100, 0.137]
    Layer  3: sigma=[0.100, 0.452, 0.100, 0.288, 0.100, 0.100, 0.100, 0.100, 0.100, 0.100, 0.100, 0.100, 0.100, 0.100, 0.100, 0.100, 0.100, 0.100, 0.120, 0.100, 0.100, 0.100, 0.100, 0.100, 0.100, 0.125, 0.112, 0.100, 0.100, 0.100, 0.100, 0.100]
    Layer  4: sigma=[0.100, 0.100, 0.100, 0.100, 0.100, 0.100, 0.100, 0.100, 0.100, 0.100, 0.100, 0.100, 0.100, 0.100, 0.100, 0.100, 0.100, 0.100, 0.100, 0.100, 0.100, 0.145, 0.324, 0.100, 0.100, 0.100, 0.100, 0.100, 0.100, 0.100, 0.100, 0.100]
    Layer  5: sigma=[0.100, 0.100, 0.117, 0.100, 0.100, 0.100, 0.100, 0.100, 0.100, 0.272, 0.100, 0.105, 0.100, 0.100, 0.100, 0.108, 0.100, 0.325, 0.100, 0.100, 0.100, 0.100, 0.100, 0.100, 0.100, 0.100, 0.100, 0.100, 0.100, 0.246, 0.100, 0.100]
    Layer  6: sigma=[0.100, 0.100, 0.161, 0.100, 0.114, 0.109, 0.100, 0.100, 0.100, 0.100, 0.100, 0.100, 0.100, 0.100, 0.100, 0.100, 0.100, 0.100, 0.100, 0.100, 0.243, 0.100, 0.100, 0.100, 0.100, 0.100, 0.103, 0.100, 0.100, 0.100, 0.100, 0.100]
    Layer  7: sigma=[0.100, 0.216, 0.100, 0.100, 0.139, 0.100, 0.100, 0.100, 0.100, 0.100, 0.100, 0.150, 0.100, 0.100, 0.100, 0.100, 0.100, 0.100, 0.100, 0.100, 0.100, 0.100, 0.100, 0.100, 0.100, 0.100, 0.100, 0.100, 0.100, 0.100, 0.100, 0.100]
    Layer  8: sigma=[0.100, 0.100, 0.100, 0.100, 0.100, 0.100, 0.100, 0.116, 0.100, 0.100, 0.100, 0.100, 0.100, 0.126, 0.100, 0.100, 0.100, 0.100, 0.100, 0.100, 0.100, 0.100, 0.100, 0.100, 0.100, 0.100, 0.100, 0.308, 0.100, 0.100, 0.100, 0.100]
    Layer  9: sigma=[0.100, 0.100, 0.125, 0.100, 0.100, 0.100, 0.100, 0.100, 0.100, 0.100, 0.100, 0.100, 0.100, 0.100, 0.679, 0.228, 0.100, 0.100, 0.100, 0.100, 0.135, 0.100, 0.100, 0.100, 0.100, 0.169, 0.100, 0.100, 0.100, 0.100, 0.100, 0.100]
    Layer 10: sigma=[0.100, 0.100, 0.100, 0.100, 0.100, 0.100, 0.100, 0.100, 0.129, 0.100, 0.100, 0.100, 0.100, 0.100, 0.100, 0.100, 0.100, 0.100, 0.100, 0.100, 0.100, 0.100, 0.100, 0.100, 0.100, 0.100, 0.100, 0.100, 0.105, 0.100, 0.102, 0.100]
    Layer 11: sigma=[0.100, 0.100, 0.100, 0.100, 0.225, 0.100, 0.166, 0.100, 0.100, 0.144, 0.100, 0.100, 0.143, 0.100, 0.294, 0.100, 0.100, 0.100, 0.100, 0.100, 0.100, 0.100, 0.100, 0.100, 0.100, 0.100, 0.246, 0.100, 0.100, 0.100, 0.100, 0.100]
    Layer 12: sigma=[0.100, 0.100, 0.100, 0.100, 0.100, 0.135, 0.100, 0.100, 0.100, 0.122, 0.100, 0.100, 0.100, 0.100, 0.100, 0.100, 0.100, 0.267, 0.552, 0.100, 0.100, 0.100, 0.100, 0.100, 0.100, 0.354, 0.100, 0.126, 0.100, 0.144, 0.135, 0.100]
    Layer 13: sigma=[0.268, 0.100, 0.100, 0.100, 0.100, 0.100, 0.100, 0.106, 0.100, 0.122, 0.126, 0.100, 0.100, 0.100, 0.100, 0.100, 0.100, 0.100, 0.100, 0.100, 0.100, 0.100, 0.100, 0.100, 0.100, 0.100, 0.100, 0.100, 0.100, 0.100, 0.100, 0.100]
    Layer 14: sigma=[0.100, 0.100, 0.114, 0.100, 0.100, 0.463, 0.100, 0.163, 0.100, 0.100, 0.100, 0.100, 0.100, 0.182, 0.100, 0.100, 0.100, 0.100, 0.158, 0.130, 0.100, 0.100, 0.100, 0.100, 0.100, 0.154, 0.100, 0.135, 0.100, 0.100, 0.174, 0.100]
    Layer 15: sigma=[0.100, 0.205, 0.100, 0.100, 0.225, 0.128, 0.100, 0.100, 0.100, 0.100, 0.100, 0.134, 0.264, 0.100, 0.100, 0.100, 0.100, 0.100, 0.107, 0.140, 0.100, 0.100, 0.100, 0.100, 0.295, 0.280, 0.100, 0.100, 0.100, 0.100, 0.100, 0.100]
    Layer 16: sigma=[0.362, 0.100, 0.100, 0.100, 0.100, 0.100, 0.100, 0.100, 0.100, 0.100, 0.100, 0.100, 0.100, 0.100, 0.100, 0.100, 0.100, 0.100, 0.100, 0.100, 0.100, 0.100, 0.100, 0.100, 0.100, 0.173, 0.100, 0.100, 0.100, 0.100, 0.100, 0.100]
    Layer 17: sigma=[0.100, 0.100, 0.100, 0.100, 0.100, 0.519, 0.100, 0.100, 0.105, 0.100, 0.100, 0.100, 0.100, 0.100, 0.100, 0.100, 0.367, 0.137, 0.100, 0.374, 0.100, 0.100, 0.100, 0.100, 0.104, 0.100, 0.375, 0.118, 0.100, 0.100, 0.100, 0.100]
    Layer 18: sigma=[0.100, 0.681, 0.100, 0.100, 0.110, 0.199, 0.100, 0.100, 0.100, 0.100, 0.100, 0.100, 0.100, 0.100, 0.100, 0.100, 0.391, 0.100, 0.100, 0.100, 0.100, 0.100, 0.100, 0.100, 0.100, 0.100, 0.100, 0.100, 0.100, 0.100, 0.100, 0.100]
    Layer 19: sigma=[0.100, 0.100, 0.100, 0.100, 0.100, 0.100, 0.200, 0.100, 0.100, 0.100, 0.100, 0.100, 0.302, 0.100, 0.100, 0.133, 0.100, 0.100, 0.100, 0.468, 0.100, 0.100, 0.100, 0.100, 0.147, 0.100, 0.100, 0.100, 0.100, 0.100, 0.100, 0.100]
    Layer 20: sigma=[0.100, 0.100, 0.175, 0.100, 0.100, 0.224, 0.129, 0.100, 0.100, 0.100, 0.100, 0.100, 0.100, 0.100, 0.100, 0.104, 0.188, 0.112, 0.100, 0.100, 0.109, 0.100, 0.100, 0.100, 0.100, 0.100, 0.100, 0.100, 0.100, 0.100, 0.100, 0.100]
    Layer 21: sigma=[0.100, 0.100, 0.100, 0.105, 0.100, 0.100, 0.100, 0.100, 0.100, 0.100, 0.100, 0.371, 0.100, 0.100, 0.108, 0.100, 0.100, 0.100, 0.100, 0.100, 0.100, 0.100, 0.100, 0.100, 0.100, 0.100, 0.100, 0.100, 0.100, 0.100, 0.336, 0.119]
    Layer 22: sigma=[0.167, 0.100, 0.100, 0.100, 0.159, 0.108, 0.109, 0.253, 0.178, 0.106, 0.100, 0.100, 0.100, 0.100, 0.100, 0.100, 0.100, 0.100, 0.100, 0.156, 0.100, 0.100, 0.100, 0.100, 0.100, 0.100, 0.100, 0.100, 0.100, 0.100, 0.100, 0.100]
    Layer 23: sigma=[0.185, 0.105, 0.167, 0.100, 0.100, 0.100, 0.156, 0.100, 0.100, 0.100, 0.100, 0.100, 0.100, 0.100, 0.100, 0.100, 0.100, 0.100, 0.100, 0.100, 0.100, 0.100, 0.100, 0.100, 0.100, 0.100, 0.100, 0.100, 0.100, 0.182, 0.238, 0.182]
    Layer 24: sigma=[0.100, 0.100, 0.100, 0.100, 0.100, 0.100, 0.100, 0.100, 0.167, 0.100, 0.100, 0.100, 0.100, 0.100, 0.100, 0.191, 0.100, 0.100, 0.100, 0.100, 0.100, 0.100, 0.100, 0.100, 0.239, 0.312, 0.302, 0.247, 0.100, 0.100, 0.100, 0.100]
    Layer 25: sigma=[0.100, 0.100, 0.100, 0.100, 0.100, 0.100, 0.100, 0.100, 0.100, 0.100, 0.100, 0.100, 0.100, 0.100, 0.100, 0.100, 0.100, 0.100, 0.100, 0.100, 0.100, 0.100, 0.100, 0.100, 0.100, 0.100, 0.100, 0.100, 0.100, 0.100, 0.100, 0.100]
    Layer 26: sigma=[0.100, 0.100, 0.100, 0.100, 0.100, 0.100, 0.100, 0.100, 0.100, 0.100, 0.100, 0.100, 0.100, 0.100, 0.100, 0.116, 0.100, 0.100, 0.100, 0.100, 0.100, 0.100, 0.100, 0.100, 0.100, 0.100, 0.100, 0.100, 0.100, 0.100, 0.100, 0.100]
    Layer 27: sigma=[0.100, 0.100, 0.100, 0.100, 0.100, 0.100, 0.100, 0.100, 0.100, 0.100, 0.100, 0.100, 0.100, 0.100, 0.100, 0.100, 0.100, 0.100, 0.100, 0.100, 0.100, 0.100, 0.100, 0.100, 0.100, 0.100, 0.100, 0.100, 0.100, 0.199, 0.100, 0.100]
    Layer 28: sigma=[0.100, 0.100, 0.100, 0.100, 0.100, 0.100, 0.100, 0.215, 0.100, 0.100, 0.100, 0.100, 0.100, 0.100, 0.100, 0.100, 0.100, 0.100, 0.100, 0.100, 0.100, 0.100, 0.100, 0.100, 0.100, 0.100, 0.100, 0.100, 0.100, 0.100, 0.100, 0.100]
    Layer 29: sigma=[0.100, 0.100, 0.100, 0.100, 0.100, 0.100, 0.100, 0.100, 0.100, 0.100, 0.100, 0.100, 0.100, 0.100, 0.100, 0.100, 0.100, 0.100, 0.100, 0.100, 0.100, 0.100, 0.100, 0.100, 0.100, 0.100, 0.100, 0.100, 0.100, 0.100, 0.100, 0.100]
    Layer 30: sigma=[0.100, 0.100, 0.100, 0.100, 0.100, 0.100, 0.100, 0.100, 0.100, 0.100, 0.100, 0.100, 0.100, 0.100, 0.100, 0.100, 0.100, 0.100, 0.100, 0.100, 0.100, 0.100, 0.100, 0.100, 0.100, 0.100, 0.100, 0.100, 0.100, 0.100, 0.100, 0.100]
    Layer 31: sigma=[0.100, 0.100, 0.100, 0.100, 0.100, 0.100, 0.100, 0.100, 0.100, 0.100, 0.100, 0.100, 0.100, 0.100, 0.100, 0.100, 0.100, 0.100, 0.100, 0.100, 0.100, 0.100, 0.100, 0.100, 0.100, 0.100, 0.100, 0.100, 0.100, 0.100, 0.100, 0.100]
    Layer 32: sigma=[0.100, 0.100, 0.100, 0.100, 0.100, 0.100, 0.100, 0.100, 0.100, 0.100, 0.100, 0.100, 0.100, 0.100, 0.100, 0.100, 0.100, 0.100, 0.100, 0.100, 0.100, 0.100, 0.100, 0.100, 0.100, 0.100, 0.100, 0.100, 0.100, 0.100, 0.100, 0.100]
    Layer 33: sigma=[0.100, 0.100, 0.100, 0.100, 0.100, 0.100, 0.115, 0.100, 0.100, 0.100, 0.100, 0.100, 0.100, 0.100, 0.100, 0.100, 0.100, 0.100, 0.100, 0.100, 0.100, 0.100, 0.100, 0.100, 0.100, 0.100, 0.100, 0.100, 0.100, 0.100, 0.100, 0.100]
    Layer 34: sigma=[0.100, 0.100, 0.100, 0.100, 0.100, 0.100, 0.100, 0.100, 0.100, 0.100, 0.100, 0.100, 0.100, 0.100, 0.100, 0.100, 0.100, 0.100, 0.100, 0.114, 0.100, 0.100, 0.100, 0.100, 0.100, 0.100, 0.100, 0.100, 0.100, 0.100, 0.100, 0.100]
    Layer 35: sigma=[0.100, 0.100, 0.100, 0.100, 0.101, 0.100, 0.100, 0.100, 0.100, 0.100, 0.100, 0.100, 0.100, 0.100, 0.100, 0.100, 0.100, 0.100, 0.100, 0.100, 0.100, 0.100, 0.194, 0.100, 0.100, 0.100, 0.100, 0.100, 0.100, 0.100, 0.100, 0.100]

  [Taylor Step 3/3] g_proj = v_proj * alpha (damping=0.01)...
    Layer  0: alpha=0.069041  teacher_rms=0.0168  v_rms=0.0024
    Layer  2: alpha=0.054994  teacher_rms=0.0222  v_rms=0.0040
    Layer  3: alpha=0.041705  teacher_rms=0.0261  v_rms=0.0063
    Layer  4: alpha=0.048872  teacher_rms=0.0316  v_rms=0.0065
    Layer  5: alpha=0.052942  teacher_rms=0.0412  v_rms=0.0078
    Layer  6: alpha=0.074994  teacher_rms=0.0646  v_rms=0.0086
    Layer  7: alpha=0.041298  teacher_rms=0.0510  v_rms=0.0124
    Layer  8: alpha=0.040987  teacher_rms=0.0695  v_rms=0.0170
    Layer  9: alpha=0.028586  teacher_rms=0.0701  v_rms=0.0245
    Layer 10: alpha=0.049126  teacher_rms=0.1071  v_rms=0.0218
    Layer 11: alpha=0.052957  teacher_rms=0.1038  v_rms=0.0196
    Layer 12: alpha=0.043552  teacher_rms=0.1177  v_rms=0.0270
    Layer 13: alpha=0.053937  teacher_rms=0.1013  v_rms=0.0188
    Layer 14: alpha=0.053527  teacher_rms=0.1546  v_rms=0.0289
    Layer 15: alpha=0.046849  teacher_rms=0.1546  v_rms=0.0330
    Layer 16: alpha=0.038808  teacher_rms=0.1446  v_rms=0.0373
    Layer 17: alpha=0.035004  teacher_rms=0.1762  v_rms=0.0503
    Layer 18: alpha=0.031390  teacher_rms=0.1919  v_rms=0.0611
    Layer 19: alpha=0.044397  teacher_rms=0.2023  v_rms=0.0456
    Layer 20: alpha=0.053330  teacher_rms=0.1938  v_rms=0.0363
    Layer 21: alpha=0.045409  teacher_rms=0.2301  v_rms=0.0507
    Layer 22: alpha=0.053012  teacher_rms=0.2755  v_rms=0.0520
    Layer 23: alpha=0.052739  teacher_rms=0.3026  v_rms=0.0574
    Layer 24: alpha=0.031627  teacher_rms=0.2864  v_rms=0.0905
    Layer 25: alpha=0.038418  teacher_rms=0.2261  v_rms=0.0589
    Layer 26: alpha=0.027225  teacher_rms=0.1994  v_rms=0.0732
    Layer 27: alpha=0.033056  teacher_rms=0.2900  v_rms=0.0877
    Layer 28: alpha=0.038943  teacher_rms=0.3530  v_rms=0.0906
    Layer 29: alpha=0.016275  teacher_rms=0.2479  v_rms=0.1523
    Layer 30: alpha=0.025867  teacher_rms=0.3921  v_rms=0.1516
    Layer 31: alpha=0.018626  teacher_rms=0.3452  v_rms=0.1853
    Layer 32: alpha=0.021930  teacher_rms=0.5106  v_rms=0.2328
    Layer 33: alpha=0.016326  teacher_rms=0.5964  v_rms=0.3653
    Layer 34: alpha=0.031116  teacher_rms=1.0165  v_rms=0.3267
    Layer 35: alpha=0.056526  teacher_rms=1.0378  v_rms=0.1836

  Set g_proj = v_proj * alpha in 35 GDN layers (damping=0.01).
  Init (taylor_distill) done in 377.4s
  Layer 1: PPL = 1013.58  (eval 15.1s)

============================================================
  Probing layer 2 | strategy=taylor_distill
============================================================
Loading checkpoint shards:   0%|          | 0/4 [00:00<?, ?it/s]Loading checkpoint shards: 100%|██████████| 4/4 [00:00<00:00, 51.94it/s]
Could not cache non-existence of file. Will ignore error and continue. Error: [Errno 13] Permission denied: '/data/shared/huggingface/hub/models--Qwen--Qwen3-8B/.no_exist/b968826d9c46dd6066d109eabc6255188de91218/model.safetensors'
Loading checkpoint shards:   0%|          | 0/5 [00:00<?, ?it/s]Loading checkpoint shards: 100%|██████████| 5/5 [00:00<00:00, 184.54it/s]
Token indices sequence length is longer than the specified maximum sequence length for this model (2429029 > 131072). Running this sequence through the model will result in indexing errors
  [Taylor Step 1/3] Gate calibration from attention stats...
    Layer  0: dist=[18, 2, 6, 20, 8, 14, 6, 7, 10, 4, 6, 7, 10, 18, 17, 5, 9, 11, 8, 8, 8, 12, 2, 7, 4, 26, 5, 26, 9, 19, 9, 8]
    Layer  1: dist=[12, 21, 14, 26, 2, 9, 17, 7, 25, 18, 32, 29, 18, 28, 28, 20, 17, 26, 31, 18, 28, 17, 21, 21, 26, 8, 25, 23, 41, 16, 20, 28]
    Layer  3: dist=[40, 20, 9, 12, 49, 50, 46, 42, 30, 27, 33, 31, 49, 43, 42, 42, 35, 37, 29, 37, 42, 33, 32, 36, 35, 30, 29, 33, 39, 36, 40, 37]
    Layer  4: dist=[31, 35, 41, 36, 41, 33, 35, 48, 37, 38, 34, 34, 31, 31, 38, 35, 35, 37, 38, 39, 34, 35, 25, 34, 26, 32, 27, 21, 28, 33, 30, 30]
    Layer  5: dist=[23, 29, 30, 21, 36, 34, 29, 29, 4, 14, 40, 38, 31, 43, 32, 30, 23, 20, 28, 28, 29, 30, 27, 33, 38, 39, 43, 43, 26, 25, 29, 32]
    Layer  6: dist=[16, 22, 17, 17, 27, 24, 34, 32, 25, 12, 21, 20, 31, 34, 28, 16, 28, 20, 24, 23, 13, 18, 18, 8, 21, 24, 18, 28, 24, 25, 21, 27]
    Layer  7: dist=[31, 36, 33, 46, 63, 57, 63, 60, 45, 60, 53, 41, 54, 15, 30, 49, 42, 54, 44, 44, 54, 45, 58, 59, 34, 41, 25, 43, 49, 51, 49, 54]
    Layer  8: dist=[45, 46, 49, 29, 43, 41, 35, 44, 46, 52, 43, 48, 51, 43, 49, 36, 60, 56, 54, 51, 44, 54, 51, 57, 47, 37, 51, 36, 44, 38, 42, 44]
    Layer  9: dist=[40, 32, 31, 36, 45, 49, 48, 40, 62, 61, 60, 56, 14, 46, 32, 45, 49, 53, 59, 62, 44, 40, 35, 41, 61, 44, 49, 54, 62, 57, 63, 61]
    Layer 10: dist=[39, 39, 30, 39, 46, 55, 33, 41, 34, 45, 55, 26, 49, 36, 42, 44, 45, 53, 52, 50, 46, 31, 56, 51, 51, 56, 47, 43, 40, 39, 44, 47]
    Layer 11: dist=[33, 33, 47, 27, 29, 36, 43, 42, 52, 62, 57, 49, 44, 33, 38, 39, 39, 36, 33, 25, 42, 56, 46, 46, 39, 32, 36, 32, 49, 34, 31, 48]
    Layer 12: dist=[12, 40, 39, 33, 43, 46, 39, 36, 33, 36, 44, 44, 50, 45, 45, 49, 21, 38, 29, 44, 55, 54, 53, 56, 49, 1, 56, 23, 43, 45, 59, 49]
    Layer 13: dist=[29, 36, 39, 36, 31, 29, 35, 22, 47, 36, 52, 61, 64, 58, 55, 62, 46, 39, 31, 36, 47, 33, 44, 46, 44, 33, 40, 41, 58, 56, 49, 51]
    Layer 14: dist=[25, 35, 34, 24, 39, 24, 35, 33, 31, 32, 37, 37, 36, 40, 35, 36, 41, 46, 31, 35, 33, 17, 28, 42, 27, 38, 40, 38, 43, 44, 5, 48]
    Layer 15: dist=[45, 27, 43, 23, 20, 22, 41, 33, 48, 33, 26, 54, 37, 56, 41, 47, 33, 33, 34, 36, 33, 30, 27, 27, 27, 20, 41, 37, 38, 47, 38, 28]
    Layer 16: dist=[37, 32, 42, 47, 29, 35, 26, 31, 29, 45, 40, 43, 49, 35, 44, 47, 38, 41, 34, 35, 59, 60, 57, 54, 39, 28, 34, 6, 32, 33, 36, 32]
    Layer 17: dist=[58, 50, 41, 34, 28, 31, 22, 25, 44, 54, 42, 49, 23, 32, 39, 39, 24, 29, 32, 22, 39, 51, 49, 48, 30, 28, 31, 26, 29, 43, 47, 36]
    Layer 18: dist=[20, 27, 19, 18, 29, 37, 39, 30, 37, 40, 37, 45, 34, 34, 31, 35, 26, 41, 42, 28, 38, 28, 37, 52, 31, 35, 35, 36, 30, 29, 43, 31]
    Layer 19: dist=[39, 33, 35, 35, 43, 54, 30, 38, 40, 44, 41, 48, 35, 31, 40, 35, 44, 42, 26, 29, 10, 28, 18, 27, 52, 54, 52, 58, 44, 43, 41, 41]
    Layer 20: dist=[46, 39, 44, 40, 41, 27, 28, 31, 23, 21, 26, 21, 48, 42, 48, 50, 24, 28, 31, 21, 38, 57, 52, 51, 63, 51, 53, 44, 49, 43, 55, 55]
    Layer 21: dist=[26, 25, 30, 35, 58, 33, 53, 58, 61, 33, 39, 38, 26, 24, 25, 23, 39, 40, 45, 32, 47, 52, 48, 49, 35, 34, 32, 44, 38, 40, 34, 47]
    Layer 22: dist=[39, 32, 37, 33, 28, 38, 24, 30, 21, 27, 24, 35, 9, 46, 32, 35, 18, 40, 40, 23, 53, 59, 60, 61, 51, 44, 46, 48, 57, 47, 53, 50]
    Layer 23: dist=[22, 18, 26, 22, 55, 55, 22, 50, 41, 20, 24, 31, 37, 36, 41, 39, 41, 38, 42, 48, 41, 46, 42, 40, 41, 39, 37, 51, 47, 44, 44, 39]
    Layer 24: dist=[40, 62, 57, 51, 50, 56, 54, 47, 52, 54, 52, 43, 41, 39, 47, 40, 42, 49, 44, 42, 60, 53, 52, 58, 31, 41, 39, 29, 50, 57, 51, 47]
    Layer 25: dist=[50, 60, 59, 49, 38, 38, 54, 42, 46, 52, 47, 48, 36, 45, 27, 37, 48, 50, 49, 45, 54, 56, 55, 55, 58, 56, 50, 55, 46, 61, 51, 45]
    Layer 26: dist=[43, 47, 57, 36, 59, 57, 59, 56, 52, 56, 53, 49, 52, 62, 60, 60, 43, 46, 53, 50, 53, 54, 60, 57, 53, 50, 54, 50, 58, 50, 59, 51]
    Layer 27: dist=[48, 55, 54, 59, 50, 53, 52, 44, 41, 52, 55, 52, 41, 56, 42, 45, 51, 53, 53, 53, 47, 56, 54, 44, 57, 59, 60, 60, 50, 44, 45, 60]
    Layer 28: dist=[53, 47, 54, 53, 41, 35, 40, 38, 52, 57, 47, 46, 57, 53, 48, 50, 57, 51, 53, 55, 59, 37, 32, 46, 47, 46, 50, 51, 46, 48, 35, 49]
    Layer 29: dist=[57, 58, 57, 58, 45, 56, 47, 58, 58, 57, 61, 54, 60, 61, 60, 61, 58, 56, 58, 60, 62, 61, 56, 62, 49, 59, 47, 49, 55, 51, 56, 56]
    Layer 30: dist=[40, 54, 51, 52, 53, 51, 48, 37, 60, 59, 58, 60, 53, 53, 57, 51, 52, 39, 61, 61, 29, 60, 53, 54, 60, 60, 61, 60, 55, 56, 54, 51]
    Layer 31: dist=[60, 58, 51, 49, 58, 59, 59, 59, 57, 41, 46, 47, 58, 59, 59, 58, 52, 53, 55, 48, 60, 59, 56, 59, 57, 56, 46, 60, 57, 55, 53, 57]
    Layer 32: dist=[56, 57, 58, 57, 58, 60, 59, 60, 56, 55, 59, 58, 48, 58, 54, 47, 58, 54, 54, 54, 62, 48, 57, 60, 36, 48, 44, 53, 58, 54, 51, 53]
    Layer 33: dist=[52, 61, 57, 60, 45, 52, 29, 47, 57, 58, 57, 58, 58, 59, 58, 59, 59, 59, 53, 56, 58, 49, 54, 57, 57, 59, 60, 59, 56, 56, 55, 53]
    Layer 34: dist=[56, 57, 58, 57, 55, 56, 55, 54, 25, 47, 54, 42, 58, 57, 60, 40, 42, 44, 62, 30, 58, 27, 59, 60, 61, 60, 62, 60, 26, 32, 35, 54]
    Layer 35: dist=[56, 62, 36, 50, 43, 19, 55, 48, 42, 51, 55, 49, 30, 17, 24, 22, 49, 45, 40, 27, 45, 52, 28, 27, 33, 27, 33, 35, 36, 57, 61, 58]

  [Taylor Step 2/3] OLS sigma per head (scaling V, streaming)...
    Layer  0: sigma=[0.256, 0.100, 0.100, 0.100, 0.197, 0.601, 0.100, 0.100, 0.100, 0.100, 0.141, 0.100, 0.100, 0.100, 0.100, 0.293, 0.100, 0.100, 0.100, 0.100, 0.100, 0.100, 0.100, 0.199, 0.100, 0.100, 0.578, 0.100, 0.253, 0.100, 0.100, 0.100]
    Layer  1: sigma=[0.281, 0.100, 0.100, 0.100, 0.100, 0.100, 0.100, 0.100, 0.100, 0.408, 0.278, 0.100, 0.100, 0.100, 0.100, 0.100, 0.100, 0.100, 0.100, 0.100, 0.100, 0.100, 0.100, 0.204, 0.100, 0.100, 0.179, 0.100, 0.100, 0.100, 0.100, 0.100]
    Layer  3: sigma=[0.100, 0.445, 0.100, 0.297, 0.100, 0.100, 0.100, 0.100, 0.100, 0.100, 0.100, 0.100, 0.100, 0.100, 0.100, 0.100, 0.100, 0.100, 0.116, 0.100, 0.100, 0.100, 0.100, 0.100, 0.100, 0.121, 0.111, 0.100, 0.100, 0.100, 0.100, 0.100]
    Layer  4: sigma=[0.100, 0.100, 0.100, 0.100, 0.100, 0.100, 0.100, 0.100, 0.100, 0.100, 0.100, 0.100, 0.100, 0.100, 0.100, 0.100, 0.100, 0.100, 0.100, 0.100, 0.100, 0.146, 0.310, 0.100, 0.100, 0.100, 0.100, 0.100, 0.100, 0.100, 0.100, 0.100]
    Layer  5: sigma=[0.100, 0.100, 0.125, 0.100, 0.100, 0.100, 0.100, 0.100, 0.100, 0.271, 0.100, 0.106, 0.100, 0.100, 0.100, 0.107, 0.100, 0.334, 0.100, 0.100, 0.100, 0.100, 0.100, 0.100, 0.100, 0.100, 0.100, 0.100, 0.100, 0.246, 0.100, 0.100]
    Layer  6: sigma=[0.100, 0.100, 0.167, 0.100, 0.117, 0.111, 0.100, 0.100, 0.100, 0.100, 0.100, 0.100, 0.100, 0.100, 0.100, 0.100, 0.100, 0.100, 0.100, 0.100, 0.242, 0.100, 0.100, 0.100, 0.100, 0.100, 0.103, 0.100, 0.100, 0.100, 0.100, 0.100]
    Layer  7: sigma=[0.100, 0.232, 0.100, 0.100, 0.124, 0.100, 0.100, 0.100, 0.100, 0.100, 0.100, 0.155, 0.100, 0.100, 0.100, 0.100, 0.100, 0.100, 0.100, 0.100, 0.100, 0.100, 0.100, 0.100, 0.100, 0.100, 0.100, 0.100, 0.100, 0.100, 0.100, 0.100]
    Layer  8: sigma=[0.100, 0.100, 0.100, 0.100, 0.100, 0.100, 0.100, 0.121, 0.100, 0.100, 0.100, 0.100, 0.100, 0.124, 0.100, 0.100, 0.100, 0.100, 0.100, 0.100, 0.100, 0.100, 0.100, 0.100, 0.100, 0.100, 0.100, 0.309, 0.100, 0.100, 0.100, 0.100]
    Layer  9: sigma=[0.100, 0.100, 0.123, 0.100, 0.100, 0.100, 0.100, 0.100, 0.100, 0.100, 0.100, 0.100, 0.100, 0.100, 0.741, 0.229, 0.100, 0.100, 0.100, 0.100, 0.127, 0.100, 0.100, 0.100, 0.100, 0.166, 0.100, 0.100, 0.100, 0.100, 0.100, 0.100]
    Layer 10: sigma=[0.100, 0.100, 0.100, 0.100, 0.100, 0.100, 0.100, 0.100, 0.143, 0.100, 0.100, 0.100, 0.100, 0.100, 0.100, 0.100, 0.100, 0.100, 0.100, 0.100, 0.100, 0.100, 0.100, 0.100, 0.100, 0.100, 0.100, 0.100, 0.105, 0.100, 0.110, 0.100]
    Layer 11: sigma=[0.100, 0.100, 0.100, 0.100, 0.216, 0.100, 0.171, 0.100, 0.100, 0.126, 0.100, 0.100, 0.145, 0.100, 0.303, 0.100, 0.100, 0.100, 0.100, 0.100, 0.100, 0.100, 0.100, 0.100, 0.100, 0.100, 0.249, 0.100, 0.100, 0.100, 0.100, 0.100]
    Layer 12: sigma=[0.100, 0.100, 0.100, 0.100, 0.100, 0.120, 0.100, 0.100, 0.100, 0.124, 0.100, 0.100, 0.100, 0.100, 0.100, 0.100, 0.100, 0.265, 0.491, 0.100, 0.100, 0.100, 0.100, 0.100, 0.100, 0.339, 0.100, 0.134, 0.100, 0.146, 0.136, 0.100]
    Layer 13: sigma=[0.244, 0.100, 0.100, 0.100, 0.100, 0.100, 0.100, 0.106, 0.100, 0.123, 0.128, 0.100, 0.100, 0.100, 0.100, 0.100, 0.100, 0.100, 0.100, 0.100, 0.100, 0.100, 0.100, 0.100, 0.100, 0.100, 0.100, 0.100, 0.100, 0.100, 0.100, 0.100]
    Layer 14: sigma=[0.100, 0.100, 0.100, 0.100, 0.100, 0.462, 0.100, 0.166, 0.100, 0.100, 0.100, 0.100, 0.100, 0.183, 0.100, 0.100, 0.100, 0.100, 0.138, 0.116, 0.100, 0.100, 0.100, 0.100, 0.100, 0.162, 0.100, 0.136, 0.100, 0.100, 0.139, 0.100]
    Layer 15: sigma=[0.100, 0.242, 0.100, 0.123, 0.231, 0.108, 0.100, 0.100, 0.100, 0.100, 0.100, 0.118, 0.243, 0.100, 0.100, 0.100, 0.100, 0.100, 0.102, 0.148, 0.100, 0.100, 0.100, 0.100, 0.258, 0.274, 0.100, 0.100, 0.100, 0.100, 0.100, 0.100]
    Layer 16: sigma=[0.305, 0.100, 0.100, 0.100, 0.100, 0.100, 0.100, 0.100, 0.100, 0.100, 0.100, 0.100, 0.100, 0.100, 0.100, 0.100, 0.100, 0.100, 0.100, 0.100, 0.100, 0.100, 0.100, 0.100, 0.100, 0.183, 0.100, 0.100, 0.100, 0.100, 0.100, 0.100]
    Layer 17: sigma=[0.100, 0.100, 0.100, 0.100, 0.100, 0.489, 0.100, 0.104, 0.109, 0.100, 0.100, 0.100, 0.100, 0.100, 0.100, 0.100, 0.323, 0.105, 0.100, 0.432, 0.100, 0.100, 0.100, 0.100, 0.100, 0.100, 0.401, 0.117, 0.100, 0.100, 0.100, 0.100]
    Layer 18: sigma=[0.100, 0.735, 0.100, 0.100, 0.100, 0.226, 0.100, 0.101, 0.100, 0.100, 0.100, 0.100, 0.100, 0.100, 0.100, 0.100, 0.424, 0.100, 0.100, 0.100, 0.100, 0.100, 0.100, 0.100, 0.100, 0.100, 0.100, 0.100, 0.100, 0.100, 0.100, 0.100]
    Layer 19: sigma=[0.100, 0.100, 0.100, 0.100, 0.100, 0.100, 0.211, 0.100, 0.100, 0.100, 0.100, 0.100, 0.230, 0.100, 0.100, 0.144, 0.100, 0.100, 0.100, 0.375, 0.100, 0.100, 0.100, 0.100, 0.100, 0.100, 0.100, 0.100, 0.100, 0.100, 0.100, 0.100]
    Layer 20: sigma=[0.100, 0.100, 0.190, 0.100, 0.100, 0.243, 0.166, 0.100, 0.100, 0.100, 0.100, 0.100, 0.100, 0.100, 0.100, 0.114, 0.219, 0.100, 0.100, 0.100, 0.117, 0.100, 0.100, 0.100, 0.100, 0.100, 0.100, 0.100, 0.100, 0.100, 0.100, 0.100]
    Layer 21: sigma=[0.100, 0.100, 0.100, 0.130, 0.100, 0.100, 0.100, 0.100, 0.100, 0.100, 0.100, 0.348, 0.100, 0.100, 0.100, 0.100, 0.100, 0.100, 0.100, 0.137, 0.100, 0.100, 0.100, 0.100, 0.100, 0.100, 0.100, 0.100, 0.100, 0.100, 0.335, 0.119]
    Layer 22: sigma=[0.171, 0.100, 0.100, 0.100, 0.145, 0.134, 0.116, 0.276, 0.325, 0.148, 0.100, 0.100, 0.100, 0.100, 0.100, 0.100, 0.100, 0.100, 0.100, 0.163, 0.100, 0.100, 0.100, 0.100, 0.100, 0.100, 0.100, 0.100, 0.100, 0.100, 0.100, 0.100]
    Layer 23: sigma=[0.183, 0.160, 0.159, 0.100, 0.143, 0.100, 0.148, 0.100, 0.100, 0.100, 0.100, 0.100, 0.100, 0.100, 0.100, 0.100, 0.100, 0.100, 0.100, 0.100, 0.100, 0.100, 0.100, 0.100, 0.100, 0.100, 0.100, 0.100, 0.100, 0.184, 0.223, 0.137]
    Layer 24: sigma=[0.100, 0.100, 0.100, 0.100, 0.100, 0.100, 0.100, 0.100, 0.130, 0.100, 0.100, 0.100, 0.100, 0.100, 0.100, 0.188, 0.100, 0.100, 0.100, 0.100, 0.100, 0.100, 0.100, 0.100, 0.315, 0.268, 0.201, 0.239, 0.100, 0.100, 0.100, 0.100]
    Layer 25: sigma=[0.100, 0.100, 0.100, 0.100, 0.100, 0.100, 0.100, 0.100, 0.100, 0.100, 0.100, 0.100, 0.100, 0.100, 0.100, 0.100, 0.100, 0.100, 0.100, 0.100, 0.100, 0.100, 0.100, 0.100, 0.100, 0.100, 0.100, 0.100, 0.100, 0.100, 0.100, 0.100]
    Layer 26: sigma=[0.100, 0.100, 0.100, 0.100, 0.100, 0.100, 0.100, 0.100, 0.100, 0.100, 0.100, 0.100, 0.100, 0.100, 0.100, 0.118, 0.100, 0.100, 0.100, 0.100, 0.100, 0.100, 0.100, 0.100, 0.100, 0.100, 0.100, 0.100, 0.100, 0.100, 0.100, 0.100]
    Layer 27: sigma=[0.100, 0.100, 0.100, 0.105, 0.100, 0.100, 0.100, 0.100, 0.100, 0.100, 0.100, 0.100, 0.100, 0.100, 0.100, 0.100, 0.100, 0.100, 0.100, 0.100, 0.100, 0.100, 0.100, 0.100, 0.100, 0.100, 0.100, 0.100, 0.100, 0.111, 0.100, 0.100]
    Layer 28: sigma=[0.100, 0.100, 0.100, 0.100, 0.135, 0.100, 0.101, 0.279, 0.100, 0.100, 0.100, 0.100, 0.100, 0.100, 0.100, 0.100, 0.100, 0.100, 0.100, 0.100, 0.100, 0.100, 0.100, 0.100, 0.100, 0.100, 0.100, 0.100, 0.100, 0.100, 0.100, 0.100]
    Layer 29: sigma=[0.100, 0.100, 0.100, 0.100, 0.100, 0.100, 0.100, 0.100, 0.100, 0.100, 0.100, 0.100, 0.100, 0.100, 0.100, 0.100, 0.100, 0.100, 0.100, 0.100, 0.100, 0.100, 0.100, 0.100, 0.100, 0.100, 0.100, 0.100, 0.100, 0.100, 0.100, 0.100]
    Layer 30: sigma=[0.100, 0.100, 0.100, 0.100, 0.100, 0.100, 0.100, 0.100, 0.100, 0.100, 0.100, 0.100, 0.100, 0.100, 0.100, 0.100, 0.100, 0.100, 0.100, 0.100, 0.100, 0.100, 0.100, 0.100, 0.100, 0.100, 0.100, 0.100, 0.100, 0.100, 0.100, 0.100]
    Layer 31: sigma=[0.100, 0.100, 0.100, 0.100, 0.100, 0.100, 0.100, 0.100, 0.100, 0.100, 0.100, 0.100, 0.100, 0.100, 0.100, 0.100, 0.100, 0.100, 0.100, 0.100, 0.100, 0.100, 0.100, 0.100, 0.100, 0.100, 0.100, 0.100, 0.100, 0.100, 0.100, 0.100]
    Layer 32: sigma=[0.100, 0.100, 0.100, 0.100, 0.100, 0.100, 0.100, 0.100, 0.100, 0.100, 0.100, 0.100, 0.100, 0.100, 0.100, 0.100, 0.100, 0.100, 0.100, 0.100, 0.100, 0.100, 0.100, 0.100, 0.100, 0.100, 0.100, 0.100, 0.100, 0.100, 0.100, 0.100]
    Layer 33: sigma=[0.100, 0.100, 0.100, 0.100, 0.100, 0.100, 0.100, 0.100, 0.100, 0.100, 0.100, 0.100, 0.100, 0.100, 0.100, 0.100, 0.100, 0.100, 0.100, 0.100, 0.100, 0.100, 0.100, 0.100, 0.100, 0.100, 0.100, 0.100, 0.100, 0.100, 0.100, 0.100]
    Layer 34: sigma=[0.100, 0.100, 0.100, 0.100, 0.100, 0.100, 0.100, 0.100, 0.100, 0.100, 0.100, 0.100, 0.100, 0.100, 0.100, 0.100, 0.100, 0.100, 0.100, 0.241, 0.100, 0.100, 0.100, 0.100, 0.100, 0.100, 0.100, 0.100, 0.100, 0.100, 0.100, 0.100]
    Layer 35: sigma=[0.100, 0.100, 0.100, 0.100, 0.143, 0.100, 0.100, 0.100, 0.100, 0.100, 0.100, 0.100, 0.100, 0.100, 0.100, 0.100, 0.100, 0.100, 0.100, 0.100, 0.100, 0.100, 0.205, 0.100, 0.100, 0.100, 0.100, 0.100, 0.100, 0.100, 0.100, 0.100]

  [Taylor Step 3/3] g_proj = v_proj * alpha (damping=0.01)...
    Layer  0: alpha=0.068925  teacher_rms=0.0168  v_rms=0.0024
    Layer  1: alpha=0.057922  teacher_rms=0.0216  v_rms=0.0037
    Layer  3: alpha=0.041808  teacher_rms=0.0261  v_rms=0.0063
    Layer  4: alpha=0.049242  teacher_rms=0.0316  v_rms=0.0064
    Layer  5: alpha=0.052622  teacher_rms=0.0412  v_rms=0.0078
    Layer  6: alpha=0.074806  teacher_rms=0.0646  v_rms=0.0086
    Layer  7: alpha=0.041012  teacher_rms=0.0510  v_rms=0.0124
    Layer  8: alpha=0.040901  teacher_rms=0.0695  v_rms=0.0170
    Layer  9: alpha=0.027267  teacher_rms=0.0701  v_rms=0.0257
    Layer 10: alpha=0.048803  teacher_rms=0.1071  v_rms=0.0219
    Layer 11: alpha=0.052904  teacher_rms=0.1038  v_rms=0.0196
    Layer 12: alpha=0.045721  teacher_rms=0.1177  v_rms=0.0258
    Layer 13: alpha=0.054604  teacher_rms=0.1013  v_rms=0.0186
    Layer 14: alpha=0.054748  teacher_rms=0.1546  v_rms=0.0282
    Layer 15: alpha=0.046728  teacher_rms=0.1546  v_rms=0.0331
    Layer 16: alpha=0.039977  teacher_rms=0.1446  v_rms=0.0362
    Layer 17: alpha=0.034938  teacher_rms=0.1762  v_rms=0.0504
    Layer 18: alpha=0.029457  teacher_rms=0.1919  v_rms=0.0652
    Layer 19: alpha=0.049612  teacher_rms=0.2023  v_rms=0.0408
    Layer 20: alpha=0.050948  teacher_rms=0.1938  v_rms=0.0380
    Layer 21: alpha=0.045880  teacher_rms=0.2301  v_rms=0.0501
    Layer 22: alpha=0.048372  teacher_rms=0.2755  v_rms=0.0570
    Layer 23: alpha=0.052782  teacher_rms=0.3026  v_rms=0.0573
    Layer 24: alpha=0.033725  teacher_rms=0.2864  v_rms=0.0849
    Layer 25: alpha=0.038418  teacher_rms=0.2261  v_rms=0.0589
    Layer 26: alpha=0.027199  teacher_rms=0.1994  v_rms=0.0733
    Layer 27: alpha=0.034246  teacher_rms=0.2900  v_rms=0.0847
    Layer 28: alpha=0.036876  teacher_rms=0.3530  v_rms=0.0957
    Layer 29: alpha=0.016275  teacher_rms=0.2479  v_rms=0.1523
    Layer 30: alpha=0.025867  teacher_rms=0.3921  v_rms=0.1516
    Layer 31: alpha=0.018626  teacher_rms=0.3452  v_rms=0.1853
    Layer 32: alpha=0.021930  teacher_rms=0.5106  v_rms=0.2328
    Layer 33: alpha=0.016345  teacher_rms=0.5964  v_rms=0.3649
    Layer 34: alpha=0.029986  teacher_rms=1.0165  v_rms=0.3390
    Layer 35: alpha=0.055535  teacher_rms=1.0378  v_rms=0.1869

  Set g_proj = v_proj * alpha in 35 GDN layers (damping=0.01).
  Init (taylor_distill) done in 370.6s
  Layer 2: PPL = 1269.17  (eval 13.5s)

============================================================
  Probing layer 3 | strategy=taylor_distill
============================================================
Loading checkpoint shards:   0%|          | 0/4 [00:00<?, ?it/s]Loading checkpoint shards: 100%|██████████| 4/4 [00:00<00:00, 140.97it/s]
Could not cache non-existence of file. Will ignore error and continue. Error: [Errno 13] Permission denied: '/data/shared/huggingface/hub/models--Qwen--Qwen3-8B/.no_exist/b968826d9c46dd6066d109eabc6255188de91218/model.safetensors'
Loading checkpoint shards:   0%|          | 0/5 [00:00<?, ?it/s]Loading checkpoint shards: 100%|██████████| 5/5 [00:00<00:00, 182.00it/s]
Token indices sequence length is longer than the specified maximum sequence length for this model (2429029 > 131072). Running this sequence through the model will result in indexing errors
  [Taylor Step 1/3] Gate calibration from attention stats...
    Layer  0: dist=[18, 2, 6, 20, 8, 14, 6, 7, 10, 4, 6, 7, 10, 18, 17, 5, 9, 11, 8, 8, 8, 12, 2, 7, 4, 26, 5, 26, 9, 19, 9, 8]
    Layer  1: dist=[12, 21, 14, 26, 2, 9, 17, 7, 25, 18, 32, 29, 18, 28, 28, 20, 17, 26, 31, 18, 28, 17, 21, 21, 26, 8, 25, 23, 41, 16, 20, 28]
    Layer  2: dist=[36, 36, 37, 32, 17, 27, 20, 24, 21, 24, 29, 33, 28, 25, 26, 34, 32, 26, 28, 22, 28, 36, 27, 27, 14, 14, 11, 19, 41, 42, 43, 41]
    Layer  4: dist=[31, 35, 41, 36, 41, 33, 35, 48, 37, 38, 34, 34, 31, 31, 38, 35, 35, 37, 38, 39, 34, 35, 25, 34, 26, 32, 27, 21, 28, 33, 30, 30]
    Layer  5: dist=[23, 29, 30, 21, 36, 34, 29, 29, 4, 14, 40, 38, 31, 43, 32, 30, 23, 20, 28, 28, 29, 30, 27, 33, 38, 39, 43, 43, 26, 25, 29, 32]
    Layer  6: dist=[16, 22, 17, 17, 27, 24, 34, 32, 25, 12, 21, 20, 31, 34, 28, 16, 28, 20, 24, 23, 13, 18, 18, 8, 21, 24, 18, 28, 24, 25, 21, 27]
    Layer  7: dist=[31, 36, 33, 46, 63, 57, 63, 60, 45, 60, 53, 41, 54, 15, 30, 49, 42, 54, 44, 44, 54, 45, 58, 59, 34, 41, 25, 43, 49, 51, 49, 54]
    Layer  8: dist=[45, 46, 49, 29, 43, 41, 35, 44, 46, 52, 43, 48, 51, 43, 49, 36, 60, 56, 54, 51, 44, 54, 51, 57, 47, 37, 51, 36, 44, 38, 42, 44]
    Layer  9: dist=[40, 32, 31, 36, 45, 49, 48, 40, 62, 61, 60, 56, 14, 46, 32, 45, 49, 53, 59, 62, 44, 40, 35, 41, 61, 44, 49, 54, 62, 57, 63, 61]
    Layer 10: dist=[39, 39, 30, 39, 46, 55, 33, 41, 34, 45, 55, 26, 49, 36, 42, 44, 45, 53, 52, 50, 46, 31, 56, 51, 51, 56, 47, 43, 40, 39, 44, 47]
    Layer 11: dist=[33, 33, 47, 27, 29, 36, 43, 42, 52, 62, 57, 49, 44, 33, 38, 39, 39, 36, 33, 25, 42, 56, 46, 46, 39, 32, 36, 32, 49, 34, 31, 48]
    Layer 12: dist=[12, 40, 39, 33, 43, 46, 39, 36, 33, 36, 44, 44, 50, 45, 45, 49, 21, 38, 29, 44, 55, 54, 53, 56, 49, 1, 56, 23, 43, 45, 59, 49]
    Layer 13: dist=[29, 36, 39, 36, 31, 29, 35, 22, 47, 36, 52, 61, 64, 58, 55, 62, 46, 39, 31, 36, 47, 33, 44, 46, 44, 33, 40, 41, 58, 56, 49, 51]
    Layer 14: dist=[25, 35, 34, 24, 39, 24, 35, 33, 31, 32, 37, 37, 36, 40, 35, 36, 41, 46, 31, 35, 33, 17, 28, 42, 27, 38, 40, 38, 43, 44, 5, 48]
    Layer 15: dist=[45, 27, 43, 23, 20, 22, 41, 33, 48, 33, 26, 54, 37, 56, 41, 47, 33, 33, 34, 36, 33, 30, 27, 27, 27, 20, 41, 37, 38, 47, 38, 28]
    Layer 16: dist=[37, 32, 42, 47, 29, 35, 26, 31, 29, 45, 40, 43, 49, 35, 44, 47, 38, 41, 34, 35, 59, 60, 57, 54, 39, 28, 34, 6, 32, 33, 36, 32]
    Layer 17: dist=[58, 50, 41, 34, 28, 31, 22, 25, 44, 54, 42, 49, 23, 32, 39, 39, 24, 29, 32, 22, 39, 51, 49, 48, 30, 28, 31, 26, 29, 43, 47, 36]
    Layer 18: dist=[20, 27, 19, 18, 29, 37, 39, 30, 37, 40, 37, 45, 34, 34, 31, 35, 26, 41, 42, 28, 38, 28, 37, 52, 31, 35, 35, 36, 30, 29, 43, 31]
    Layer 19: dist=[39, 33, 35, 35, 43, 54, 30, 38, 40, 44, 41, 48, 35, 31, 40, 35, 44, 42, 26, 29, 10, 28, 18, 27, 52, 54, 52, 58, 44, 43, 41, 41]
    Layer 20: dist=[46, 39, 44, 40, 41, 27, 28, 31, 23, 21, 26, 21, 48, 42, 48, 50, 24, 28, 31, 21, 38, 57, 52, 51, 63, 51, 53, 44, 49, 43, 55, 55]
    Layer 21: dist=[26, 25, 30, 35, 58, 33, 53, 58, 61, 33, 39, 38, 26, 24, 25, 23, 39, 40, 45, 32, 47, 52, 48, 49, 35, 34, 32, 44, 38, 40, 34, 47]
    Layer 22: dist=[39, 32, 37, 33, 28, 38, 24, 30, 21, 27, 24, 35, 9, 46, 32, 35, 18, 40, 40, 23, 53, 59, 60, 61, 51, 44, 46, 48, 57, 47, 53, 50]
    Layer 23: dist=[22, 18, 26, 22, 55, 55, 22, 50, 41, 20, 24, 31, 37, 36, 41, 39, 41, 38, 42, 48, 41, 46, 42, 40, 41, 39, 37, 51, 47, 44, 44, 39]
    Layer 24: dist=[40, 62, 57, 51, 50, 56, 54, 47, 52, 54, 52, 43, 41, 39, 47, 40, 42, 49, 44, 42, 60, 53, 52, 58, 31, 41, 39, 29, 50, 57, 51, 47]
    Layer 25: dist=[50, 60, 59, 49, 38, 38, 54, 42, 46, 52, 47, 48, 36, 45, 27, 37, 48, 50, 49, 45, 54, 56, 55, 55, 58, 56, 50, 55, 46, 61, 51, 45]
    Layer 26: dist=[43, 47, 57, 36, 59, 57, 59, 56, 52, 56, 53, 49, 52, 62, 60, 60, 43, 46, 53, 50, 53, 54, 60, 57, 53, 50, 54, 50, 58, 50, 59, 51]
    Layer 27: dist=[48, 55, 54, 59, 50, 53, 52, 44, 41, 52, 55, 52, 41, 56, 42, 45, 51, 53, 53, 53, 47, 56, 54, 44, 57, 59, 60, 60, 50, 44, 45, 60]
    Layer 28: dist=[53, 47, 54, 53, 41, 35, 40, 38, 52, 57, 47, 46, 57, 53, 48, 50, 57, 51, 53, 55, 59, 37, 32, 46, 47, 46, 50, 51, 46, 48, 35, 49]
    Layer 29: dist=[57, 58, 57, 58, 45, 56, 47, 58, 58, 57, 61, 54, 60, 61, 60, 61, 58, 56, 58, 60, 62, 61, 56, 62, 49, 59, 47, 49, 55, 51, 56, 56]
    Layer 30: dist=[40, 54, 51, 52, 53, 51, 48, 37, 60, 59, 58, 60, 53, 53, 57, 51, 52, 39, 61, 61, 29, 60, 53, 54, 60, 60, 61, 60, 55, 56, 54, 51]
    Layer 31: dist=[60, 58, 51, 49, 58, 59, 59, 59, 57, 41, 46, 47, 58, 59, 59, 58, 52, 53, 55, 48, 60, 59, 56, 59, 57, 56, 46, 60, 57, 55, 53, 57]
    Layer 32: dist=[56, 57, 58, 57, 58, 60, 59, 60, 56, 55, 59, 58, 48, 58, 54, 47, 58, 54, 54, 54, 62, 48, 57, 60, 36, 48, 44, 53, 58, 54, 51, 53]
    Layer 33: dist=[52, 61, 57, 60, 45, 52, 29, 47, 57, 58, 57, 58, 58, 59, 58, 59, 59, 59, 53, 56, 58, 49, 54, 57, 57, 59, 60, 59, 56, 56, 55, 53]
    Layer 34: dist=[56, 57, 58, 57, 55, 56, 55, 54, 25, 47, 54, 42, 58, 57, 60, 40, 42, 44, 62, 30, 58, 27, 59, 60, 61, 60, 62, 60, 26, 32, 35, 54]
    Layer 35: dist=[56, 62, 36, 50, 43, 19, 55, 48, 42, 51, 55, 49, 30, 17, 24, 22, 49, 45, 40, 27, 45, 52, 28, 27, 33, 27, 33, 35, 36, 57, 61, 58]

  [Taylor Step 2/3] OLS sigma per head (scaling V, streaming)...
    Layer  0: sigma=[0.258, 0.100, 0.100, 0.100, 0.196, 0.601, 0.100, 0.100, 0.100, 0.100, 0.141, 0.100, 0.100, 0.100, 0.100, 0.289, 0.100, 0.100, 0.100, 0.100, 0.100, 0.100, 0.100, 0.200, 0.100, 0.100, 0.578, 0.100, 0.251, 0.100, 0.100, 0.100]
    Layer  1: sigma=[0.278, 0.100, 0.100, 0.100, 0.100, 0.100, 0.100, 0.100, 0.100, 0.408, 0.275, 0.100, 0.100, 0.100, 0.100, 0.100, 0.100, 0.100, 0.100, 0.100, 0.100, 0.100, 0.100, 0.208, 0.100, 0.100, 0.177, 0.100, 0.100, 0.100, 0.100, 0.100]
    Layer  2: sigma=[0.151, 0.100, 0.100, 0.100, 0.100, 0.100, 0.100, 0.100, 0.157, 0.100, 0.100, 0.100, 0.100, 0.255, 0.100, 0.100, 0.100, 0.100, 0.100, 0.100, 0.100, 0.100, 0.100, 0.100, 0.100, 0.173, 0.100, 0.100, 0.100, 0.100, 0.100, 0.139]
    Layer  4: sigma=[0.100, 0.100, 0.100, 0.100, 0.100, 0.100, 0.100, 0.100, 0.100, 0.100, 0.100, 0.100, 0.100, 0.100, 0.100, 0.100, 0.100, 0.100, 0.100, 0.100, 0.100, 0.147, 0.318, 0.100, 0.100, 0.100, 0.100, 0.100, 0.100, 0.100, 0.100, 0.100]
    Layer  5: sigma=[0.100, 0.100, 0.102, 0.100, 0.100, 0.100, 0.100, 0.100, 0.100, 0.276, 0.100, 0.106, 0.100, 0.100, 0.100, 0.109, 0.100, 0.330, 0.100, 0.100, 0.100, 0.100, 0.100, 0.100, 0.100, 0.100, 0.100, 0.100, 0.100, 0.247, 0.100, 0.100]
    Layer  6: sigma=[0.100, 0.100, 0.169, 0.100, 0.118, 0.113, 0.100, 0.100, 0.100, 0.100, 0.100, 0.100, 0.100, 0.100, 0.100, 0.100, 0.100, 0.100, 0.100, 0.100, 0.248, 0.100, 0.100, 0.100, 0.100, 0.100, 0.103, 0.100, 0.100, 0.100, 0.100, 0.100]
    Layer  7: sigma=[0.100, 0.255, 0.100, 0.100, 0.127, 0.100, 0.100, 0.100, 0.100, 0.100, 0.100, 0.154, 0.100, 0.100, 0.100, 0.100, 0.100, 0.100, 0.100, 0.100, 0.100, 0.100, 0.100, 0.100, 0.100, 0.100, 0.100, 0.100, 0.100, 0.100, 0.100, 0.100]
    Layer  8: sigma=[0.100, 0.100, 0.100, 0.100, 0.100, 0.100, 0.100, 0.121, 0.100, 0.100, 0.100, 0.100, 0.100, 0.120, 0.100, 0.100, 0.100, 0.100, 0.100, 0.100, 0.100, 0.100, 0.100, 0.100, 0.100, 0.100, 0.100, 0.359, 0.100, 0.100, 0.100, 0.100]
    Layer  9: sigma=[0.100, 0.100, 0.124, 0.100, 0.100, 0.100, 0.100, 0.100, 0.100, 0.100, 0.100, 0.100, 0.100, 0.100, 0.807, 0.222, 0.100, 0.100, 0.100, 0.100, 0.122, 0.100, 0.100, 0.100, 0.100, 0.164, 0.100, 0.100, 0.100, 0.100, 0.100, 0.100]
    Layer 10: sigma=[0.100, 0.100, 0.100, 0.100, 0.100, 0.100, 0.100, 0.100, 0.146, 0.100, 0.100, 0.100, 0.100, 0.100, 0.100, 0.100, 0.100, 0.100, 0.100, 0.100, 0.100, 0.100, 0.100, 0.100, 0.100, 0.100, 0.100, 0.100, 0.109, 0.100, 0.101, 0.100]
    Layer 11: sigma=[0.100, 0.100, 0.100, 0.100, 0.221, 0.100, 0.166, 0.100, 0.100, 0.140, 0.100, 0.100, 0.144, 0.100, 0.319, 0.100, 0.100, 0.100, 0.100, 0.100, 0.100, 0.100, 0.100, 0.100, 0.100, 0.100, 0.250, 0.100, 0.100, 0.100, 0.103, 0.100]
    Layer 12: sigma=[0.100, 0.100, 0.100, 0.100, 0.100, 0.125, 0.100, 0.100, 0.100, 0.118, 0.100, 0.100, 0.100, 0.100, 0.100, 0.100, 0.100, 0.243, 0.496, 0.100, 0.100, 0.100, 0.100, 0.100, 0.100, 0.341, 0.100, 0.135, 0.100, 0.143, 0.142, 0.100]
    Layer 13: sigma=[0.255, 0.100, 0.100, 0.100, 0.100, 0.100, 0.100, 0.100, 0.100, 0.112, 0.128, 0.100, 0.100, 0.100, 0.100, 0.100, 0.100, 0.100, 0.100, 0.100, 0.100, 0.100, 0.100, 0.100, 0.100, 0.100, 0.100, 0.100, 0.100, 0.100, 0.100, 0.100]
    Layer 14: sigma=[0.100, 0.100, 0.100, 0.100, 0.100, 0.399, 0.100, 0.169, 0.100, 0.100, 0.100, 0.100, 0.100, 0.167, 0.100, 0.100, 0.100, 0.100, 0.172, 0.125, 0.100, 0.100, 0.100, 0.100, 0.100, 0.151, 0.100, 0.140, 0.100, 0.100, 0.163, 0.100]
    Layer 15: sigma=[0.100, 0.256, 0.100, 0.112, 0.234, 0.119, 0.100, 0.100, 0.100, 0.100, 0.100, 0.108, 0.250, 0.100, 0.100, 0.100, 0.100, 0.100, 0.109, 0.150, 0.100, 0.100, 0.100, 0.100, 0.282, 0.265, 0.100, 0.100, 0.100, 0.100, 0.100, 0.100]
    Layer 16: sigma=[0.348, 0.100, 0.100, 0.100, 0.100, 0.100, 0.100, 0.100, 0.100, 0.100, 0.100, 0.100, 0.100, 0.100, 0.100, 0.100, 0.100, 0.100, 0.100, 0.100, 0.100, 0.100, 0.100, 0.100, 0.100, 0.169, 0.100, 0.100, 0.100, 0.100, 0.100, 0.100]
    Layer 17: sigma=[0.100, 0.100, 0.100, 0.100, 0.100, 0.476, 0.100, 0.110, 0.107, 0.100, 0.100, 0.100, 0.100, 0.100, 0.100, 0.100, 0.307, 0.100, 0.100, 0.377, 0.100, 0.100, 0.100, 0.100, 0.100, 0.100, 0.401, 0.119, 0.100, 0.100, 0.100, 0.100]
    Layer 18: sigma=[0.100, 0.640, 0.100, 0.100, 0.103, 0.215, 0.100, 0.100, 0.100, 0.100, 0.100, 0.100, 0.100, 0.100, 0.100, 0.100, 0.466, 0.100, 0.100, 0.100, 0.100, 0.100, 0.100, 0.100, 0.100, 0.100, 0.100, 0.100, 0.100, 0.100, 0.100, 0.100]
    Layer 19: sigma=[0.100, 0.100, 0.100, 0.100, 0.100, 0.100, 0.176, 0.100, 0.100, 0.100, 0.100, 0.100, 0.198, 0.100, 0.100, 0.172, 0.100, 0.100, 0.100, 0.460, 0.100, 0.100, 0.100, 0.100, 0.100, 0.100, 0.100, 0.100, 0.100, 0.100, 0.100, 0.100]
    Layer 20: sigma=[0.100, 0.100, 0.202, 0.100, 0.100, 0.255, 0.131, 0.100, 0.100, 0.100, 0.100, 0.100, 0.100, 0.100, 0.100, 0.100, 0.205, 0.100, 0.100, 0.100, 0.113, 0.100, 0.100, 0.100, 0.100, 0.100, 0.100, 0.100, 0.100, 0.100, 0.100, 0.100]
    Layer 21: sigma=[0.109, 0.100, 0.100, 0.127, 0.100, 0.100, 0.100, 0.100, 0.100, 0.100, 0.100, 0.435, 0.100, 0.100, 0.129, 0.100, 0.100, 0.100, 0.100, 0.125, 0.100, 0.100, 0.100, 0.100, 0.100, 0.100, 0.100, 0.100, 0.100, 0.100, 0.306, 0.122]
    Layer 22: sigma=[0.152, 0.100, 0.100, 0.100, 0.157, 0.104, 0.111, 0.190, 0.187, 0.149, 0.100, 0.100, 0.100, 0.100, 0.100, 0.100, 0.100, 0.100, 0.100, 0.155, 0.100, 0.100, 0.100, 0.100, 0.100, 0.100, 0.100, 0.100, 0.100, 0.100, 0.100, 0.100]
    Layer 23: sigma=[0.205, 0.122, 0.133, 0.100, 0.100, 0.100, 0.161, 0.100, 0.100, 0.100, 0.100, 0.100, 0.100, 0.100, 0.100, 0.100, 0.100, 0.100, 0.100, 0.100, 0.100, 0.100, 0.100, 0.100, 0.100, 0.100, 0.100, 0.100, 0.100, 0.221, 0.243, 0.180]
    Layer 24: sigma=[0.100, 0.100, 0.100, 0.100, 0.100, 0.100, 0.100, 0.100, 0.116, 0.100, 0.100, 0.100, 0.100, 0.100, 0.100, 0.170, 0.100, 0.100, 0.100, 0.104, 0.100, 0.100, 0.100, 0.100, 0.292, 0.322, 0.123, 0.259, 0.100, 0.100, 0.100, 0.100]
    Layer 25: sigma=[0.100, 0.100, 0.100, 0.100, 0.100, 0.100, 0.100, 0.100, 0.100, 0.100, 0.100, 0.100, 0.100, 0.100, 0.100, 0.100, 0.100, 0.100, 0.100, 0.100, 0.100, 0.100, 0.100, 0.100, 0.100, 0.100, 0.100, 0.100, 0.100, 0.100, 0.100, 0.100]
    Layer 26: sigma=[0.100, 0.100, 0.100, 0.100, 0.100, 0.100, 0.100, 0.100, 0.100, 0.100, 0.100, 0.100, 0.100, 0.100, 0.100, 0.147, 0.100, 0.100, 0.100, 0.100, 0.100, 0.100, 0.100, 0.100, 0.100, 0.100, 0.100, 0.100, 0.100, 0.100, 0.100, 0.100]
    Layer 27: sigma=[0.100, 0.100, 0.100, 0.100, 0.100, 0.100, 0.100, 0.100, 0.100, 0.100, 0.100, 0.100, 0.100, 0.100, 0.100, 0.100, 0.100, 0.100, 0.100, 0.100, 0.100, 0.100, 0.100, 0.100, 0.100, 0.100, 0.100, 0.100, 0.100, 0.194, 0.100, 0.100]
    Layer 28: sigma=[0.100, 0.100, 0.100, 0.100, 0.138, 0.100, 0.100, 0.183, 0.100, 0.100, 0.100, 0.100, 0.100, 0.100, 0.100, 0.100, 0.100, 0.100, 0.100, 0.100, 0.100, 0.100, 0.100, 0.100, 0.100, 0.100, 0.100, 0.100, 0.100, 0.100, 0.100, 0.100]
    Layer 29: sigma=[0.100, 0.100, 0.100, 0.100, 0.100, 0.100, 0.100, 0.100, 0.100, 0.100, 0.100, 0.100, 0.100, 0.100, 0.100, 0.100, 0.100, 0.100, 0.100, 0.100, 0.100, 0.100, 0.100, 0.100, 0.100, 0.100, 0.100, 0.100, 0.100, 0.100, 0.100, 0.100]
    Layer 30: sigma=[0.100, 0.100, 0.100, 0.100, 0.100, 0.100, 0.100, 0.100, 0.100, 0.100, 0.100, 0.100, 0.100, 0.100, 0.100, 0.100, 0.100, 0.100, 0.100, 0.100, 0.100, 0.100, 0.100, 0.100, 0.100, 0.100, 0.100, 0.100, 0.100, 0.100, 0.100, 0.100]
    Layer 31: sigma=[0.100, 0.100, 0.100, 0.100, 0.100, 0.100, 0.100, 0.100, 0.100, 0.100, 0.100, 0.100, 0.100, 0.100, 0.100, 0.100, 0.100, 0.100, 0.100, 0.100, 0.100, 0.100, 0.100, 0.100, 0.100, 0.100, 0.100, 0.100, 0.100, 0.100, 0.100, 0.100]
    Layer 32: sigma=[0.100, 0.100, 0.100, 0.100, 0.100, 0.100, 0.100, 0.100, 0.100, 0.100, 0.100, 0.100, 0.100, 0.100, 0.100, 0.100, 0.100, 0.100, 0.100, 0.100, 0.100, 0.100, 0.100, 0.100, 0.100, 0.100, 0.100, 0.100, 0.100, 0.100, 0.100, 0.100]
    Layer 33: sigma=[0.100, 0.100, 0.100, 0.100, 0.100, 0.100, 0.164, 0.100, 0.100, 0.100, 0.100, 0.100, 0.100, 0.100, 0.100, 0.100, 0.100, 0.100, 0.100, 0.100, 0.100, 0.100, 0.100, 0.100, 0.100, 0.100, 0.100, 0.100, 0.100, 0.100, 0.100, 0.100]
    Layer 34: sigma=[0.100, 0.100, 0.100, 0.100, 0.100, 0.100, 0.100, 0.100, 0.100, 0.100, 0.100, 0.100, 0.100, 0.100, 0.100, 0.100, 0.100, 0.100, 0.100, 0.100, 0.100, 0.100, 0.100, 0.100, 0.100, 0.100, 0.100, 0.100, 0.100, 0.100, 0.100, 0.100]
    Layer 35: sigma=[0.100, 0.100, 0.100, 0.100, 0.107, 0.100, 0.100, 0.100, 0.100, 0.100, 0.100, 0.100, 0.100, 0.100, 0.100, 0.100, 0.100, 0.100, 0.100, 0.100, 0.100, 0.100, 0.109, 0.100, 0.100, 0.100, 0.100, 0.100, 0.100, 0.100, 0.100, 0.100]

  [Taylor Step 3/3] g_proj = v_proj * alpha (damping=0.01)...
    Layer  0: alpha=0.068946  teacher_rms=0.0168  v_rms=0.0024
    Layer  1: alpha=0.058036  teacher_rms=0.0216  v_rms=0.0037
    Layer  2: alpha=0.054966  teacher_rms=0.0222  v_rms=0.0040
    Layer  4: alpha=0.049002  teacher_rms=0.0316  v_rms=0.0064
    Layer  5: alpha=0.052871  teacher_rms=0.0412  v_rms=0.0078
    Layer  6: alpha=0.074408  teacher_rms=0.0646  v_rms=0.0087
    Layer  7: alpha=0.040341  teacher_rms=0.0510  v_rms=0.0126
    Layer  8: alpha=0.039118  teacher_rms=0.0695  v_rms=0.0178
    Layer  9: alpha=0.025963  teacher_rms=0.0701  v_rms=0.0270
    Layer 10: alpha=0.048807  teacher_rms=0.1071  v_rms=0.0219
    Layer 11: alpha=0.052198  teacher_rms=0.1038  v_rms=0.0199
    Layer 12: alpha=0.045847  teacher_rms=0.1177  v_rms=0.0257
    Layer 13: alpha=0.054620  teacher_rms=0.1013  v_rms=0.0186
    Layer 14: alpha=0.056187  teacher_rms=0.1546  v_rms=0.0275
    Layer 15: alpha=0.046202  teacher_rms=0.1546  v_rms=0.0335
    Layer 16: alpha=0.039217  teacher_rms=0.1446  v_rms=0.0369
    Layer 17: alpha=0.035745  teacher_rms=0.1762  v_rms=0.0493
    Layer 18: alpha=0.032253  teacher_rms=0.1919  v_rms=0.0595
    Layer 19: alpha=0.047981  teacher_rms=0.2023  v_rms=0.0422
    Layer 20: alpha=0.051469  teacher_rms=0.1938  v_rms=0.0377
    Layer 21: alpha=0.043131  teacher_rms=0.2301  v_rms=0.0533
    Layer 22: alpha=0.054139  teacher_rms=0.2755  v_rms=0.0509
    Layer 23: alpha=0.051090  teacher_rms=0.3026  v_rms=0.0592
    Layer 24: alpha=0.034085  teacher_rms=0.2864  v_rms=0.0840
    Layer 25: alpha=0.038418  teacher_rms=0.2261  v_rms=0.0589
    Layer 26: alpha=0.026806  teacher_rms=0.1994  v_rms=0.0744
    Layer 27: alpha=0.033143  teacher_rms=0.2900  v_rms=0.0875
    Layer 28: alpha=0.038903  teacher_rms=0.3530  v_rms=0.0907
    Layer 29: alpha=0.016275  teacher_rms=0.2479  v_rms=0.1523
    Layer 30: alpha=0.025867  teacher_rms=0.3921  v_rms=0.1516
    Layer 31: alpha=0.018626  teacher_rms=0.3452  v_rms=0.1853
    Layer 32: alpha=0.021930  teacher_rms=0.5106  v_rms=0.2328
    Layer 33: alpha=0.016236  teacher_rms=0.5964  v_rms=0.3673
    Layer 34: alpha=0.031180  teacher_rms=1.0165  v_rms=0.3260
    Layer 35: alpha=0.058295  teacher_rms=1.0378  v_rms=0.1780

  Set g_proj = v_proj * alpha in 35 GDN layers (damping=0.01).
  Init (taylor_distill) done in 339.0s
  Layer 3: PPL = 1269.84  (eval 13.3s)

============================================================
  Probing layer 4 | strategy=taylor_distill
============================================================
Loading checkpoint shards:   0%|          | 0/4 [00:00<?, ?it/s]Loading checkpoint shards: 100%|██████████| 4/4 [00:00<00:00, 144.21it/s]
Could not cache non-existence of file. Will ignore error and continue. Error: [Errno 13] Permission denied: '/data/shared/huggingface/hub/models--Qwen--Qwen3-8B/.no_exist/b968826d9c46dd6066d109eabc6255188de91218/model.safetensors'
Loading checkpoint shards:   0%|          | 0/5 [00:00<?, ?it/s]Loading checkpoint shards: 100%|██████████| 5/5 [00:00<00:00, 160.32it/s]
Token indices sequence length is longer than the specified maximum sequence length for this model (2429029 > 131072). Running this sequence through the model will result in indexing errors
  [Taylor Step 1/3] Gate calibration from attention stats...
    Layer  0: dist=[18, 2, 6, 20, 8, 14, 6, 7, 10, 4, 6, 7, 10, 18, 17, 5, 9, 11, 8, 8, 8, 12, 2, 7, 4, 26, 5, 26, 9, 19, 9, 8]
    Layer  1: dist=[12, 21, 14, 26, 2, 9, 17, 7, 25, 18, 32, 29, 18, 28, 28, 20, 17, 26, 31, 18, 28, 17, 21, 21, 26, 8, 25, 23, 41, 16, 20, 28]
    Layer  2: dist=[36, 36, 37, 32, 17, 27, 20, 24, 21, 24, 29, 33, 28, 25, 26, 34, 32, 26, 28, 22, 28, 36, 27, 27, 14, 14, 11, 19, 41, 42, 43, 41]
    Layer  3: dist=[40, 20, 9, 12, 49, 50, 46, 42, 30, 27, 33, 31, 49, 43, 42, 42, 35, 37, 29, 37, 42, 33, 32, 36, 35, 30, 29, 33, 39, 36, 40, 37]
    Layer  5: dist=[23, 29, 30, 21, 36, 34, 29, 29, 4, 14, 40, 38, 31, 43, 32, 30, 23, 20, 28, 28, 29, 30, 27, 33, 38, 39, 43, 43, 26, 25, 29, 32]
    Layer  6: dist=[16, 22, 17, 17, 27, 24, 34, 32, 25, 12, 21, 20, 31, 34, 28, 16, 28, 20, 24, 23, 13, 18, 18, 8, 21, 24, 18, 28, 24, 25, 21, 27]
    Layer  7: dist=[31, 36, 33, 46, 63, 57, 63, 60, 45, 60, 53, 41, 54, 15, 30, 49, 42, 54, 44, 44, 54, 45, 58, 59, 34, 41, 25, 43, 49, 51, 49, 54]
    Layer  8: dist=[45, 46, 49, 29, 43, 41, 35, 44, 46, 52, 43, 48, 51, 43, 49, 36, 60, 56, 54, 51, 44, 54, 51, 57, 47, 37, 51, 36, 44, 38, 42, 44]
    Layer  9: dist=[40, 32, 31, 36, 45, 49, 48, 40, 62, 61, 60, 56, 14, 46, 32, 45, 49, 53, 59, 62, 44, 40, 35, 41, 61, 44, 49, 54, 62, 57, 63, 61]
    Layer 10: dist=[39, 39, 30, 39, 46, 55, 33, 41, 34, 45, 55, 26, 49, 36, 42, 44, 45, 53, 52, 50, 46, 31, 56, 51, 51, 56, 47, 43, 40, 39, 44, 47]
    Layer 11: dist=[33, 33, 47, 27, 29, 36, 43, 42, 52, 62, 57, 49, 44, 33, 38, 39, 39, 36, 33, 25, 42, 56, 46, 46, 39, 32, 36, 32, 49, 34, 31, 48]
    Layer 12: dist=[12, 40, 39, 33, 43, 46, 39, 36, 33, 36, 44, 44, 50, 45, 45, 49, 21, 38, 29, 44, 55, 54, 53, 56, 49, 1, 56, 23, 43, 45, 59, 49]
    Layer 13: dist=[29, 36, 39, 36, 31, 29, 35, 22, 47, 36, 52, 61, 64, 58, 55, 62, 46, 39, 31, 36, 47, 33, 44, 46, 44, 33, 40, 41, 58, 56, 49, 51]
    Layer 14: dist=[25, 35, 34, 24, 39, 24, 35, 33, 31, 32, 37, 37, 36, 40, 35, 36, 41, 46, 31, 35, 33, 17, 28, 42, 27, 38, 40, 38, 43, 44, 5, 48]
    Layer 15: dist=[45, 27, 43, 23, 20, 22, 41, 33, 48, 33, 26, 54, 37, 56, 41, 47, 33, 33, 34, 36, 33, 30, 27, 27, 27, 20, 41, 37, 38, 47, 38, 28]
    Layer 16: dist=[37, 32, 42, 47, 29, 35, 26, 31, 29, 45, 40, 43, 49, 35, 44, 47, 38, 41, 34, 35, 59, 60, 57, 54, 39, 28, 34, 6, 32, 33, 36, 32]
    Layer 17: dist=[58, 50, 41, 34, 28, 31, 22, 25, 44, 54, 42, 49, 23, 32, 39, 39, 24, 29, 32, 22, 39, 51, 49, 48, 30, 28, 31, 26, 29, 43, 47, 36]
    Layer 18: dist=[20, 27, 19, 18, 29, 37, 39, 30, 37, 40, 37, 45, 34, 34, 31, 35, 26, 41, 42, 28, 38, 28, 37, 52, 31, 35, 35, 36, 30, 29, 43, 31]
    Layer 19: dist=[39, 33, 35, 35, 43, 54, 30, 38, 40, 44, 41, 48, 35, 31, 40, 35, 44, 42, 26, 29, 10, 28, 18, 27, 52, 54, 52, 58, 44, 43, 41, 41]
    Layer 20: dist=[46, 39, 44, 40, 41, 27, 28, 31, 23, 21, 26, 21, 48, 42, 48, 50, 24, 28, 31, 21, 38, 57, 52, 51, 63, 51, 53, 44, 49, 43, 55, 55]
    Layer 21: dist=[26, 25, 30, 35, 58, 33, 53, 58, 61, 33, 39, 38, 26, 24, 25, 23, 39, 40, 45, 32, 47, 52, 48, 49, 35, 34, 32, 44, 38, 40, 34, 47]
    Layer 22: dist=[39, 32, 37, 33, 28, 38, 24, 30, 21, 27, 24, 35, 9, 46, 32, 35, 18, 40, 40, 23, 53, 59, 60, 61, 51, 44, 46, 48, 57, 47, 53, 50]
    Layer 23: dist=[22, 18, 26, 22, 55, 55, 22, 50, 41, 20, 24, 31, 37, 36, 41, 39, 41, 38, 42, 48, 41, 46, 42, 40, 41, 39, 37, 51, 47, 44, 44, 39]
    Layer 24: dist=[40, 62, 57, 51, 50, 56, 54, 47, 52, 54, 52, 43, 41, 39, 47, 40, 42, 49, 44, 42, 60, 53, 52, 58, 31, 41, 39, 29, 50, 57, 51, 47]
    Layer 25: dist=[50, 60, 59, 49, 38, 38, 54, 42, 46, 52, 47, 48, 36, 45, 27, 37, 48, 50, 49, 45, 54, 56, 55, 55, 58, 56, 50, 55, 46, 61, 51, 45]
    Layer 26: dist=[43, 47, 57, 36, 59, 57, 59, 56, 52, 56, 53, 49, 52, 62, 60, 60, 43, 46, 53, 50, 53, 54, 60, 57, 53, 50, 54, 50, 58, 50, 59, 51]
    Layer 27: dist=[48, 55, 54, 59, 50, 53, 52, 44, 41, 52, 55, 52, 41, 56, 42, 45, 51, 53, 53, 53, 47, 56, 54, 44, 57, 59, 60, 60, 50, 44, 45, 60]
    Layer 28: dist=[53, 47, 54, 53, 41, 35, 40, 38, 52, 57, 47, 46, 57, 53, 48, 50, 57, 51, 53, 55, 59, 37, 32, 46, 47, 46, 50, 51, 46, 48, 35, 49]
    Layer 29: dist=[57, 58, 57, 58, 45, 56, 47, 58, 58, 57, 61, 54, 60, 61, 60, 61, 58, 56, 58, 60, 62, 61, 56, 62, 49, 59, 47, 49, 55, 51, 56, 56]
    Layer 30: dist=[40, 54, 51, 52, 53, 51, 48, 37, 60, 59, 58, 60, 53, 53, 57, 51, 52, 39, 61, 61, 29, 60, 53, 54, 60, 60, 61, 60, 55, 56, 54, 51]
    Layer 31: dist=[60, 58, 51, 49, 58, 59, 59, 59, 57, 41, 46, 47, 58, 59, 59, 58, 52, 53, 55, 48, 60, 59, 56, 59, 57, 56, 46, 60, 57, 55, 53, 57]
    Layer 32: dist=[56, 57, 58, 57, 58, 60, 59, 60, 56, 55, 59, 58, 48, 58, 54, 47, 58, 54, 54, 54, 62, 48, 57, 60, 36, 48, 44, 53, 58, 54, 51, 53]
    Layer 33: dist=[52, 61, 57, 60, 45, 52, 29, 47, 57, 58, 57, 58, 58, 59, 58, 59, 59, 59, 53, 56, 58, 49, 54, 57, 57, 59, 60, 59, 56, 56, 55, 53]
    Layer 34: dist=[56, 57, 58, 57, 55, 56, 55, 54, 25, 47, 54, 42, 58, 57, 60, 40, 42, 44, 62, 30, 58, 27, 59, 60, 61, 60, 62, 60, 26, 32, 35, 54]
    Layer 35: dist=[56, 62, 36, 50, 43, 19, 55, 48, 42, 51, 55, 49, 30, 17, 24, 22, 49, 45, 40, 27, 45, 52, 28, 27, 33, 27, 33, 35, 36, 57, 61, 58]

  [Taylor Step 2/3] OLS sigma per head (scaling V, streaming)...
    Layer  0: sigma=[0.256, 0.100, 0.100, 0.100, 0.198, 0.600, 0.100, 0.100, 0.100, 0.100, 0.142, 0.100, 0.100, 0.100, 0.100, 0.292, 0.100, 0.100, 0.100, 0.100, 0.100, 0.100, 0.100, 0.199, 0.100, 0.100, 0.576, 0.100, 0.254, 0.100, 0.100, 0.100]
    Layer  1: sigma=[0.280, 0.100, 0.100, 0.100, 0.100, 0.100, 0.100, 0.100, 0.100, 0.406, 0.284, 0.100, 0.100, 0.100, 0.100, 0.100, 0.100, 0.100, 0.100, 0.100, 0.100, 0.100, 0.100, 0.205, 0.100, 0.100, 0.179, 0.100, 0.100, 0.100, 0.100, 0.100]
    Layer  2: sigma=[0.151, 0.100, 0.100, 0.100, 0.100, 0.100, 0.100, 0.100, 0.160, 0.100, 0.100, 0.100, 0.100, 0.256, 0.100, 0.100, 0.100, 0.100, 0.100, 0.100, 0.100, 0.100, 0.100, 0.100, 0.100, 0.174, 0.100, 0.100, 0.100, 0.100, 0.100, 0.137]
    Layer  3: sigma=[0.100, 0.459, 0.100, 0.290, 0.100, 0.100, 0.100, 0.100, 0.100, 0.100, 0.100, 0.100, 0.100, 0.100, 0.100, 0.100, 0.100, 0.100, 0.120, 0.100, 0.100, 0.100, 0.100, 0.100, 0.100, 0.123, 0.106, 0.100, 0.100, 0.100, 0.100, 0.100]
    Layer  5: sigma=[0.100, 0.100, 0.125, 0.100, 0.100, 0.100, 0.100, 0.100, 0.100, 0.277, 0.100, 0.106, 0.100, 0.100, 0.100, 0.108, 0.100, 0.332, 0.100, 0.100, 0.100, 0.100, 0.100, 0.100, 0.100, 0.100, 0.100, 0.100, 0.100, 0.247, 0.100, 0.100]
    Layer  6: sigma=[0.100, 0.100, 0.158, 0.100, 0.118, 0.111, 0.100, 0.100, 0.100, 0.100, 0.100, 0.100, 0.100, 0.100, 0.100, 0.100, 0.100, 0.100, 0.100, 0.100, 0.247, 0.100, 0.100, 0.100, 0.100, 0.100, 0.101, 0.100, 0.100, 0.100, 0.100, 0.100]
    Layer  7: sigma=[0.100, 0.237, 0.100, 0.100, 0.125, 0.100, 0.100, 0.100, 0.100, 0.100, 0.100, 0.157, 0.100, 0.100, 0.100, 0.100, 0.100, 0.100, 0.100, 0.100, 0.100, 0.100, 0.100, 0.100, 0.100, 0.100, 0.100, 0.100, 0.100, 0.100, 0.100, 0.100]
    Layer  8: sigma=[0.100, 0.100, 0.100, 0.100, 0.100, 0.100, 0.100, 0.116, 0.100, 0.100, 0.100, 0.100, 0.100, 0.130, 0.100, 0.100, 0.100, 0.100, 0.100, 0.100, 0.100, 0.100, 0.100, 0.100, 0.100, 0.100, 0.100, 0.301, 0.100, 0.100, 0.100, 0.100]
    Layer  9: sigma=[0.100, 0.100, 0.128, 0.100, 0.100, 0.100, 0.100, 0.100, 0.100, 0.100, 0.100, 0.100, 0.100, 0.100, 0.756, 0.218, 0.100, 0.100, 0.100, 0.100, 0.137, 0.100, 0.104, 0.100, 0.100, 0.166, 0.100, 0.100, 0.100, 0.100, 0.100, 0.100]
    Layer 10: sigma=[0.100, 0.100, 0.100, 0.100, 0.100, 0.100, 0.100, 0.100, 0.148, 0.100, 0.100, 0.100, 0.100, 0.100, 0.100, 0.100, 0.100, 0.100, 0.100, 0.100, 0.100, 0.100, 0.100, 0.100, 0.100, 0.100, 0.100, 0.100, 0.107, 0.100, 0.107, 0.100]
    Layer 11: sigma=[0.100, 0.100, 0.100, 0.100, 0.213, 0.100, 0.167, 0.100, 0.100, 0.153, 0.100, 0.100, 0.142, 0.100, 0.311, 0.100, 0.100, 0.100, 0.100, 0.100, 0.100, 0.100, 0.100, 0.100, 0.100, 0.100, 0.255, 0.100, 0.100, 0.100, 0.102, 0.100]
    Layer 12: sigma=[0.100, 0.100, 0.100, 0.100, 0.100, 0.126, 0.100, 0.100, 0.100, 0.124, 0.100, 0.100, 0.100, 0.100, 0.100, 0.100, 0.100, 0.275, 0.438, 0.100, 0.100, 0.100, 0.100, 0.100, 0.100, 0.356, 0.100, 0.127, 0.100, 0.139, 0.142, 0.100]
    Layer 13: sigma=[0.234, 0.100, 0.100, 0.100, 0.100, 0.100, 0.100, 0.103, 0.100, 0.115, 0.128, 0.100, 0.100, 0.100, 0.100, 0.100, 0.100, 0.100, 0.100, 0.100, 0.100, 0.100, 0.100, 0.100, 0.100, 0.100, 0.100, 0.100, 0.100, 0.100, 0.100, 0.100]
    Layer 14: sigma=[0.100, 0.100, 0.111, 0.100, 0.100, 0.396, 0.100, 0.202, 0.100, 0.100, 0.100, 0.100, 0.100, 0.191, 0.100, 0.100, 0.100, 0.100, 0.165, 0.125, 0.100, 0.100, 0.100, 0.100, 0.100, 0.162, 0.100, 0.143, 0.100, 0.100, 0.169, 0.100]
    Layer 15: sigma=[0.100, 0.231, 0.100, 0.132, 0.241, 0.117, 0.100, 0.100, 0.100, 0.100, 0.100, 0.100, 0.250, 0.100, 0.100, 0.100, 0.100, 0.100, 0.110, 0.150, 0.100, 0.100, 0.100, 0.100, 0.271, 0.236, 0.100, 0.100, 0.100, 0.100, 0.100, 0.100]
    Layer 16: sigma=[0.321, 0.100, 0.100, 0.100, 0.100, 0.100, 0.100, 0.100, 0.100, 0.100, 0.100, 0.100, 0.100, 0.100, 0.100, 0.100, 0.100, 0.100, 0.100, 0.100, 0.100, 0.100, 0.100, 0.100, 0.100, 0.155, 0.100, 0.100, 0.100, 0.100, 0.100, 0.100]
    Layer 17: sigma=[0.100, 0.100, 0.100, 0.100, 0.100, 0.465, 0.100, 0.105, 0.112, 0.100, 0.100, 0.100, 0.100, 0.100, 0.100, 0.100, 0.361, 0.103, 0.100, 0.313, 0.100, 0.100, 0.100, 0.100, 0.100, 0.100, 0.379, 0.117, 0.100, 0.100, 0.100, 0.100]
    Layer 18: sigma=[0.100, 0.602, 0.100, 0.100, 0.100, 0.205, 0.100, 0.100, 0.100, 0.100, 0.100, 0.100, 0.100, 0.100, 0.100, 0.100, 0.454, 0.100, 0.100, 0.100, 0.100, 0.100, 0.100, 0.100, 0.100, 0.100, 0.100, 0.100, 0.100, 0.100, 0.100, 0.100]
    Layer 19: sigma=[0.100, 0.100, 0.100, 0.100, 0.100, 0.100, 0.213, 0.100, 0.100, 0.100, 0.100, 0.100, 0.243, 0.100, 0.100, 0.159, 0.100, 0.100, 0.100, 0.454, 0.100, 0.100, 0.100, 0.100, 0.104, 0.100, 0.100, 0.100, 0.100, 0.100, 0.100, 0.100]
    Layer 20: sigma=[0.100, 0.100, 0.173, 0.100, 0.100, 0.231, 0.123, 0.100, 0.100, 0.100, 0.100, 0.100, 0.100, 0.100, 0.100, 0.107, 0.178, 0.100, 0.100, 0.100, 0.100, 0.100, 0.100, 0.100, 0.100, 0.100, 0.100, 0.100, 0.100, 0.100, 0.100, 0.100]
    Layer 21: sigma=[0.100, 0.100, 0.100, 0.109, 0.100, 0.100, 0.100, 0.100, 0.100, 0.100, 0.100, 0.416, 0.100, 0.100, 0.100, 0.100, 0.100, 0.100, 0.100, 0.100, 0.100, 0.100, 0.100, 0.100, 0.100, 0.100, 0.100, 0.100, 0.100, 0.100, 0.333, 0.118]
    Layer 22: sigma=[0.155, 0.100, 0.100, 0.100, 0.148, 0.109, 0.122, 0.195, 0.205, 0.100, 0.100, 0.100, 0.100, 0.100, 0.100, 0.100, 0.100, 0.100, 0.100, 0.131, 0.100, 0.100, 0.100, 0.100, 0.100, 0.100, 0.100, 0.100, 0.100, 0.100, 0.100, 0.100]
    Layer 23: sigma=[0.189, 0.108, 0.198, 0.100, 0.100, 0.100, 0.135, 0.100, 0.100, 0.100, 0.100, 0.100, 0.100, 0.100, 0.100, 0.100, 0.100, 0.100, 0.100, 0.100, 0.100, 0.100, 0.100, 0.100, 0.100, 0.100, 0.100, 0.100, 0.100, 0.195, 0.228, 0.185]
    Layer 24: sigma=[0.100, 0.100, 0.100, 0.100, 0.100, 0.100, 0.100, 0.100, 0.152, 0.100, 0.100, 0.100, 0.100, 0.100, 0.100, 0.209, 0.100, 0.100, 0.100, 0.108, 0.100, 0.100, 0.100, 0.100, 0.252, 0.307, 0.231, 0.231, 0.100, 0.100, 0.100, 0.100]
    Layer 25: sigma=[0.100, 0.100, 0.100, 0.100, 0.100, 0.100, 0.100, 0.100, 0.100, 0.100, 0.100, 0.100, 0.100, 0.100, 0.100, 0.100, 0.100, 0.100, 0.100, 0.100, 0.100, 0.100, 0.100, 0.100, 0.100, 0.100, 0.100, 0.100, 0.100, 0.100, 0.100, 0.100]
    Layer 26: sigma=[0.100, 0.100, 0.100, 0.100, 0.100, 0.100, 0.100, 0.100, 0.100, 0.100, 0.100, 0.100, 0.100, 0.100, 0.100, 0.128, 0.100, 0.100, 0.100, 0.100, 0.100, 0.100, 0.100, 0.100, 0.100, 0.100, 0.100, 0.100, 0.100, 0.100, 0.100, 0.100]
    Layer 27: sigma=[0.100, 0.100, 0.100, 0.100, 0.100, 0.100, 0.100, 0.100, 0.100, 0.100, 0.100, 0.100, 0.100, 0.100, 0.100, 0.100, 0.100, 0.100, 0.100, 0.100, 0.100, 0.100, 0.100, 0.100, 0.100, 0.100, 0.100, 0.100, 0.100, 0.155, 0.100, 0.100]
    Layer 28: sigma=[0.100, 0.100, 0.100, 0.100, 0.100, 0.100, 0.100, 0.215, 0.100, 0.100, 0.100, 0.100, 0.100, 0.100, 0.100, 0.100, 0.100, 0.100, 0.100, 0.100, 0.100, 0.100, 0.100, 0.100, 0.100, 0.100, 0.100, 0.100, 0.100, 0.100, 0.100, 0.100]
    Layer 29: sigma=[0.100, 0.100, 0.100, 0.100, 0.100, 0.100, 0.100, 0.100, 0.100, 0.100, 0.100, 0.100, 0.100, 0.100, 0.100, 0.100, 0.100, 0.100, 0.100, 0.100, 0.100, 0.100, 0.100, 0.100, 0.100, 0.100, 0.100, 0.100, 0.100, 0.100, 0.100, 0.100]
    Layer 30: sigma=[0.100, 0.100, 0.100, 0.100, 0.100, 0.100, 0.100, 0.100, 0.100, 0.100, 0.100, 0.100, 0.100, 0.100, 0.100, 0.100, 0.100, 0.100, 0.100, 0.100, 0.100, 0.100, 0.100, 0.100, 0.100, 0.100, 0.100, 0.100, 0.100, 0.100, 0.100, 0.100]
    Layer 31: sigma=[0.100, 0.100, 0.100, 0.100, 0.100, 0.100, 0.100, 0.100, 0.100, 0.100, 0.100, 0.100, 0.100, 0.100, 0.100, 0.100, 0.100, 0.100, 0.100, 0.100, 0.100, 0.100, 0.100, 0.100, 0.100, 0.100, 0.100, 0.100, 0.100, 0.100, 0.100, 0.100]
    Layer 32: sigma=[0.100, 0.100, 0.100, 0.100, 0.100, 0.100, 0.100, 0.100, 0.100, 0.100, 0.100, 0.100, 0.100, 0.100, 0.100, 0.100, 0.100, 0.100, 0.100, 0.100, 0.100, 0.100, 0.100, 0.100, 0.100, 0.100, 0.100, 0.100, 0.100, 0.100, 0.100, 0.100]
    Layer 33: sigma=[0.100, 0.100, 0.100, 0.100, 0.100, 0.100, 0.100, 0.100, 0.100, 0.100, 0.100, 0.100, 0.100, 0.100, 0.100, 0.100, 0.100, 0.100, 0.100, 0.100, 0.100, 0.100, 0.100, 0.100, 0.100, 0.100, 0.100, 0.100, 0.100, 0.100, 0.100, 0.100]
    Layer 34: sigma=[0.100, 0.100, 0.100, 0.100, 0.100, 0.100, 0.100, 0.100, 0.100, 0.100, 0.100, 0.100, 0.100, 0.100, 0.100, 0.100, 0.100, 0.100, 0.100, 0.100, 0.100, 0.100, 0.100, 0.100, 0.100, 0.100, 0.100, 0.100, 0.100, 0.100, 0.100, 0.100]
    Layer 35: sigma=[0.100, 0.100, 0.100, 0.100, 0.102, 0.100, 0.100, 0.100, 0.100, 0.100, 0.100, 0.100, 0.100, 0.100, 0.100, 0.100, 0.100, 0.100, 0.100, 0.100, 0.100, 0.100, 0.190, 0.100, 0.100, 0.100, 0.100, 0.100, 0.100, 0.100, 0.100, 0.100]

  [Taylor Step 3/3] g_proj = v_proj * alpha (damping=0.01)...
    Layer  0: alpha=0.068988  teacher_rms=0.0168  v_rms=0.0024
    Layer  1: alpha=0.057839  teacher_rms=0.0216  v_rms=0.0037
    Layer  2: alpha=0.054880  teacher_rms=0.0222  v_rms=0.0041
    Layer  3: alpha=0.041546  teacher_rms=0.0261  v_rms=0.0063
    Layer  5: alpha=0.052511  teacher_rms=0.0412  v_rms=0.0078
    Layer  6: alpha=0.074868  teacher_rms=0.0646  v_rms=0.0086
    Layer  7: alpha=0.040862  teacher_rms=0.0510  v_rms=0.0125
    Layer  8: alpha=0.041192  teacher_rms=0.0695  v_rms=0.0169
    Layer  9: alpha=0.026925  teacher_rms=0.0701  v_rms=0.0260
    Layer 10: alpha=0.048730  teacher_rms=0.1071  v_rms=0.0220
    Layer 11: alpha=0.052347  teacher_rms=0.1038  v_rms=0.0198
    Layer 12: alpha=0.046657  teacher_rms=0.1177  v_rms=0.0252
    Layer 13: alpha=0.055080  teacher_rms=0.1013  v_rms=0.0184
    Layer 14: alpha=0.055071  teacher_rms=0.1546  v_rms=0.0281
    Layer 15: alpha=0.046888  teacher_rms=0.1546  v_rms=0.0330
    Layer 16: alpha=0.040025  teacher_rms=0.1446  v_rms=0.0361
    Layer 17: alpha=0.036487  teacher_rms=0.1762  v_rms=0.0483
    Layer 18: alpha=0.033679  teacher_rms=0.1919  v_rms=0.0570
    Layer 19: alpha=0.046659  teacher_rms=0.2023  v_rms=0.0434
    Layer 20: alpha=0.053642  teacher_rms=0.1938  v_rms=0.0361
    Layer 21: alpha=0.043678  teacher_rms=0.2301  v_rms=0.0527
    Layer 22: alpha=0.054433  teacher_rms=0.2755  v_rms=0.0506
    Layer 23: alpha=0.052453  teacher_rms=0.3026  v_rms=0.0577
    Layer 24: alpha=0.033134  teacher_rms=0.2864  v_rms=0.0864
    Layer 25: alpha=0.038418  teacher_rms=0.2261  v_rms=0.0589
    Layer 26: alpha=0.027063  teacher_rms=0.1994  v_rms=0.0737
    Layer 27: alpha=0.033767  teacher_rms=0.2900  v_rms=0.0859
    Layer 28: alpha=0.038952  teacher_rms=0.3530  v_rms=0.0906
    Layer 29: alpha=0.016275  teacher_rms=0.2479  v_rms=0.1523
    Layer 30: alpha=0.025867  teacher_rms=0.3921  v_rms=0.1516
    Layer 31: alpha=0.018626  teacher_rms=0.3452  v_rms=0.1853
    Layer 32: alpha=0.021930  teacher_rms=0.5106  v_rms=0.2328
    Layer 33: alpha=0.016345  teacher_rms=0.5964  v_rms=0.3649
    Layer 34: alpha=0.031180  teacher_rms=1.0165  v_rms=0.3260
    Layer 35: alpha=0.056636  teacher_rms=1.0378  v_rms=0.1832

  Set g_proj = v_proj * alpha in 35 GDN layers (damping=0.01).
  Init (taylor_distill) done in 337.8s
  Layer 4: PPL = 1195.64  (eval 13.6s)

============================================================
  Probing layer 5 | strategy=taylor_distill
============================================================
Loading checkpoint shards:   0%|          | 0/4 [00:00<?, ?it/s]Loading checkpoint shards: 100%|██████████| 4/4 [00:00<00:00, 109.27it/s]
Could not cache non-existence of file. Will ignore error and continue. Error: [Errno 13] Permission denied: '/data/shared/huggingface/hub/models--Qwen--Qwen3-8B/.no_exist/b968826d9c46dd6066d109eabc6255188de91218/model.safetensors'
Loading checkpoint shards:   0%|          | 0/5 [00:00<?, ?it/s]Loading checkpoint shards: 100%|██████████| 5/5 [00:00<00:00, 70.17it/s]
Token indices sequence length is longer than the specified maximum sequence length for this model (2429029 > 131072). Running this sequence through the model will result in indexing errors
  [Taylor Step 1/3] Gate calibration from attention stats...
    Layer  0: dist=[18, 2, 6, 20, 8, 14, 6, 7, 10, 4, 6, 7, 10, 18, 17, 5, 9, 11, 8, 8, 8, 12, 2, 7, 4, 26, 5, 26, 9, 19, 9, 8]
    Layer  1: dist=[12, 21, 14, 26, 2, 9, 17, 7, 25, 18, 32, 29, 18, 28, 28, 20, 17, 26, 31, 18, 28, 17, 21, 21, 26, 8, 25, 23, 41, 16, 20, 28]
    Layer  2: dist=[36, 36, 37, 32, 17, 27, 20, 24, 21, 24, 29, 33, 28, 25, 26, 34, 32, 26, 28, 22, 28, 36, 27, 27, 14, 14, 11, 19, 41, 42, 43, 41]
    Layer  3: dist=[40, 20, 9, 12, 49, 50, 46, 42, 30, 27, 33, 31, 49, 43, 42, 42, 35, 37, 29, 37, 42, 33, 32, 36, 35, 30, 29, 33, 39, 36, 40, 37]
    Layer  4: dist=[31, 35, 41, 36, 41, 33, 35, 48, 37, 38, 34, 34, 31, 31, 38, 35, 35, 37, 38, 39, 34, 35, 25, 34, 26, 32, 27, 21, 28, 33, 30, 30]
    Layer  6: dist=[16, 22, 17, 17, 27, 24, 34, 32, 25, 12, 21, 20, 31, 34, 28, 16, 28, 20, 24, 23, 13, 18, 18, 8, 21, 24, 18, 28, 24, 25, 21, 27]
    Layer  7: dist=[31, 36, 33, 46, 63, 57, 63, 60, 45, 60, 53, 41, 54, 15, 30, 49, 42, 54, 44, 44, 54, 45, 58, 59, 34, 41, 25, 43, 49, 51, 49, 54]
    Layer  8: dist=[45, 46, 49, 29, 43, 41, 35, 44, 46, 52, 43, 48, 51, 43, 49, 36, 60, 56, 54, 51, 44, 54, 51, 57, 47, 37, 51, 36, 44, 38, 42, 44]
    Layer  9: dist=[40, 32, 31, 36, 45, 49, 48, 40, 62, 61, 60, 56, 14, 46, 32, 45, 49, 53, 59, 62, 44, 40, 35, 41, 61, 44, 49, 54, 62, 57, 63, 61]
    Layer 10: dist=[39, 39, 30, 39, 46, 55, 33, 41, 34, 45, 55, 26, 49, 36, 42, 44, 45, 53, 52, 50, 46, 31, 56, 51, 51, 56, 47, 43, 40, 39, 44, 47]
    Layer 11: dist=[33, 33, 47, 27, 29, 36, 43, 42, 52, 62, 57, 49, 44, 33, 38, 39, 39, 36, 33, 25, 42, 56, 46, 46, 39, 32, 36, 32, 49, 34, 31, 48]
    Layer 12: dist=[12, 40, 39, 33, 43, 46, 39, 36, 33, 36, 44, 44, 50, 45, 45, 49, 21, 38, 29, 44, 55, 54, 53, 56, 49, 1, 56, 23, 43, 45, 59, 49]
    Layer 13: dist=[29, 36, 39, 36, 31, 29, 35, 22, 47, 36, 52, 61, 64, 58, 55, 62, 46, 39, 31, 36, 47, 33, 44, 46, 44, 33, 40, 41, 58, 56, 49, 51]
    Layer 14: dist=[25, 35, 34, 24, 39, 24, 35, 33, 31, 32, 37, 37, 36, 40, 35, 36, 41, 46, 31, 35, 33, 17, 28, 42, 27, 38, 40, 38, 43, 44, 5, 48]
    Layer 15: dist=[45, 27, 43, 23, 20, 22, 41, 33, 48, 33, 26, 54, 37, 56, 41, 47, 33, 33, 34, 36, 33, 30, 27, 27, 27, 20, 41, 37, 38, 47, 38, 28]
    Layer 16: dist=[37, 32, 42, 47, 29, 35, 26, 31, 29, 45, 40, 43, 49, 35, 44, 47, 38, 41, 34, 35, 59, 60, 57, 54, 39, 28, 34, 6, 32, 33, 36, 32]
    Layer 17: dist=[58, 50, 41, 34, 28, 31, 22, 25, 44, 54, 42, 49, 23, 32, 39, 39, 24, 29, 32, 22, 39, 51, 49, 48, 30, 28, 31, 26, 29, 43, 47, 36]
    Layer 18: dist=[20, 27, 19, 18, 29, 37, 39, 30, 37, 40, 37, 45, 34, 34, 31, 35, 26, 41, 42, 28, 38, 28, 37, 52, 31, 35, 35, 36, 30, 29, 43, 31]
    Layer 19: dist=[39, 33, 35, 35, 43, 54, 30, 38, 40, 44, 41, 48, 35, 31, 40, 35, 44, 42, 26, 29, 10, 28, 18, 27, 52, 54, 52, 58, 44, 43, 41, 41]
    Layer 20: dist=[46, 39, 44, 40, 41, 27, 28, 31, 23, 21, 26, 21, 48, 42, 48, 50, 24, 28, 31, 21, 38, 57, 52, 51, 63, 51, 53, 44, 49, 43, 55, 55]
    Layer 21: dist=[26, 25, 30, 35, 58, 33, 53, 58, 61, 33, 39, 38, 26, 24, 25, 23, 39, 40, 45, 32, 47, 52, 48, 49, 35, 34, 32, 44, 38, 40, 34, 47]
    Layer 22: dist=[39, 32, 37, 33, 28, 38, 24, 30, 21, 27, 24, 35, 9, 46, 32, 35, 18, 40, 40, 23, 53, 59, 60, 61, 51, 44, 46, 48, 57, 47, 53, 50]
    Layer 23: dist=[22, 18, 26, 22, 55, 55, 22, 50, 41, 20, 24, 31, 37, 36, 41, 39, 41, 38, 42, 48, 41, 46, 42, 40, 41, 39, 37, 51, 47, 44, 44, 39]
    Layer 24: dist=[40, 62, 57, 51, 50, 56, 54, 47, 52, 54, 52, 43, 41, 39, 47, 40, 42, 49, 44, 42, 60, 53, 52, 58, 31, 41, 39, 29, 50, 57, 51, 47]
    Layer 25: dist=[50, 60, 59, 49, 38, 38, 54, 42, 46, 52, 47, 48, 36, 45, 27, 37, 48, 50, 49, 45, 54, 56, 55, 55, 58, 56, 50, 55, 46, 61, 51, 45]
    Layer 26: dist=[43, 47, 57, 36, 59, 57, 59, 56, 52, 56, 53, 49, 52, 62, 60, 60, 43, 46, 53, 50, 53, 54, 60, 57, 53, 50, 54, 50, 58, 50, 59, 51]
    Layer 27: dist=[48, 55, 54, 59, 50, 53, 52, 44, 41, 52, 55, 52, 41, 56, 42, 45, 51, 53, 53, 53, 47, 56, 54, 44, 57, 59, 60, 60, 50, 44, 45, 60]
    Layer 28: dist=[53, 47, 54, 53, 41, 35, 40, 38, 52, 57, 47, 46, 57, 53, 48, 50, 57, 51, 53, 55, 59, 37, 32, 46, 47, 46, 50, 51, 46, 48, 35, 49]
    Layer 29: dist=[57, 58, 57, 58, 45, 56, 47, 58, 58, 57, 61, 54, 60, 61, 60, 61, 58, 56, 58, 60, 62, 61, 56, 62, 49, 59, 47, 49, 55, 51, 56, 56]
    Layer 30: dist=[40, 54, 51, 52, 53, 51, 48, 37, 60, 59, 58, 60, 53, 53, 57, 51, 52, 39, 61, 61, 29, 60, 53, 54, 60, 60, 61, 60, 55, 56, 54, 51]
    Layer 31: dist=[60, 58, 51, 49, 58, 59, 59, 59, 57, 41, 46, 47, 58, 59, 59, 58, 52, 53, 55, 48, 60, 59, 56, 59, 57, 56, 46, 60, 57, 55, 53, 57]
    Layer 32: dist=[56, 57, 58, 57, 58, 60, 59, 60, 56, 55, 59, 58, 48, 58, 54, 47, 58, 54, 54, 54, 62, 48, 57, 60, 36, 48, 44, 53, 58, 54, 51, 53]
    Layer 33: dist=[52, 61, 57, 60, 45, 52, 29, 47, 57, 58, 57, 58, 58, 59, 58, 59, 59, 59, 53, 56, 58, 49, 54, 57, 57, 59, 60, 59, 56, 56, 55, 53]
    Layer 34: dist=[56, 57, 58, 57, 55, 56, 55, 54, 25, 47, 54, 42, 58, 57, 60, 40, 42, 44, 62, 30, 58, 27, 59, 60, 61, 60, 62, 60, 26, 32, 35, 54]
    Layer 35: dist=[56, 62, 36, 50, 43, 19, 55, 48, 42, 51, 55, 49, 30, 17, 24, 22, 49, 45, 40, 27, 45, 52, 28, 27, 33, 27, 33, 35, 36, 57, 61, 58]

  [Taylor Step 2/3] OLS sigma per head (scaling V, streaming)...
    Layer  0: sigma=[0.256, 0.100, 0.100, 0.100, 0.195, 0.603, 0.100, 0.100, 0.100, 0.100, 0.142, 0.100, 0.100, 0.100, 0.100, 0.290, 0.100, 0.100, 0.100, 0.100, 0.100, 0.100, 0.100, 0.199, 0.100, 0.100, 0.579, 0.100, 0.254, 0.100, 0.100, 0.100]
    Layer  1: sigma=[0.278, 0.100, 0.100, 0.100, 0.100, 0.100, 0.100, 0.100, 0.100, 0.411, 0.284, 0.100, 0.100, 0.100, 0.100, 0.100, 0.100, 0.100, 0.100, 0.100, 0.100, 0.100, 0.100, 0.204, 0.100, 0.100, 0.179, 0.100, 0.100, 0.100, 0.100, 0.100]
    Layer  2: sigma=[0.152, 0.100, 0.100, 0.100, 0.100, 0.100, 0.100, 0.100, 0.156, 0.100, 0.100, 0.100, 0.100, 0.260, 0.100, 0.100, 0.100, 0.100, 0.100, 0.101, 0.100, 0.100, 0.100, 0.100, 0.100, 0.174, 0.100, 0.100, 0.100, 0.100, 0.100, 0.138]
    Layer  3: sigma=[0.100, 0.456, 0.100, 0.292, 0.100, 0.100, 0.100, 0.100, 0.100, 0.100, 0.100, 0.100, 0.100, 0.100, 0.100, 0.100, 0.100, 0.100, 0.117, 0.100, 0.100, 0.100, 0.100, 0.100, 0.100, 0.126, 0.110, 0.100, 0.100, 0.100, 0.100, 0.100]
    Layer  4: sigma=[0.100, 0.100, 0.100, 0.100, 0.100, 0.100, 0.100, 0.100, 0.100, 0.100, 0.100, 0.100, 0.100, 0.100, 0.100, 0.100, 0.100, 0.100, 0.100, 0.100, 0.100, 0.143, 0.304, 0.100, 0.100, 0.100, 0.100, 0.100, 0.100, 0.100, 0.100, 0.100]
    Layer  6: sigma=[0.100, 0.100, 0.166, 0.100, 0.119, 0.110, 0.100, 0.100, 0.100, 0.100, 0.100, 0.100, 0.100, 0.100, 0.100, 0.100, 0.100, 0.100, 0.100, 0.100, 0.251, 0.100, 0.100, 0.100, 0.100, 0.100, 0.102, 0.100, 0.100, 0.100, 0.100, 0.100]
    Layer  7: sigma=[0.100, 0.232, 0.100, 0.100, 0.149, 0.100, 0.100, 0.100, 0.100, 0.100, 0.100, 0.155, 0.100, 0.100, 0.100, 0.100, 0.100, 0.100, 0.100, 0.100, 0.100, 0.100, 0.100, 0.100, 0.100, 0.100, 0.100, 0.100, 0.100, 0.100, 0.100, 0.100]
    Layer  8: sigma=[0.100, 0.100, 0.100, 0.100, 0.100, 0.100, 0.100, 0.125, 0.100, 0.100, 0.100, 0.100, 0.100, 0.132, 0.100, 0.100, 0.100, 0.100, 0.100, 0.100, 0.100, 0.100, 0.100, 0.100, 0.100, 0.100, 0.100, 0.272, 0.100, 0.100, 0.100, 0.100]
    Layer  9: sigma=[0.100, 0.100, 0.124, 0.100, 0.100, 0.100, 0.100, 0.100, 0.100, 0.100, 0.100, 0.100, 0.100, 0.100, 0.877, 0.223, 0.100, 0.100, 0.100, 0.100, 0.133, 0.100, 0.100, 0.100, 0.100, 0.161, 0.100, 0.100, 0.100, 0.100, 0.100, 0.100]
    Layer 10: sigma=[0.100, 0.100, 0.100, 0.100, 0.100, 0.100, 0.100, 0.100, 0.138, 0.100, 0.100, 0.100, 0.100, 0.100, 0.100, 0.100, 0.100, 0.100, 0.100, 0.100, 0.100, 0.100, 0.100, 0.100, 0.100, 0.100, 0.100, 0.100, 0.107, 0.100, 0.102, 0.100]
    Layer 11: sigma=[0.100, 0.100, 0.100, 0.100, 0.216, 0.100, 0.171, 0.100, 0.100, 0.135, 0.100, 0.100, 0.141, 0.100, 0.304, 0.100, 0.100, 0.100, 0.100, 0.100, 0.100, 0.100, 0.100, 0.100, 0.100, 0.100, 0.256, 0.100, 0.100, 0.100, 0.100, 0.100]
    Layer 12: sigma=[0.100, 0.100, 0.100, 0.100, 0.100, 0.116, 0.100, 0.100, 0.100, 0.118, 0.100, 0.100, 0.100, 0.100, 0.100, 0.100, 0.100, 0.291, 0.484, 0.100, 0.100, 0.100, 0.100, 0.100, 0.100, 0.305, 0.100, 0.125, 0.100, 0.146, 0.144, 0.100]
    Layer 13: sigma=[0.254, 0.100, 0.100, 0.100, 0.100, 0.100, 0.100, 0.100, 0.100, 0.117, 0.129, 0.100, 0.100, 0.100, 0.100, 0.100, 0.100, 0.100, 0.100, 0.100, 0.100, 0.100, 0.100, 0.100, 0.100, 0.100, 0.100, 0.100, 0.100, 0.100, 0.100, 0.100]
    Layer 14: sigma=[0.100, 0.100, 0.114, 0.100, 0.100, 0.415, 0.100, 0.174, 0.100, 0.100, 0.100, 0.100, 0.100, 0.174, 0.100, 0.100, 0.100, 0.100, 0.139, 0.110, 0.100, 0.100, 0.100, 0.100, 0.100, 0.162, 0.100, 0.135, 0.100, 0.100, 0.148, 0.100]
    Layer 15: sigma=[0.100, 0.214, 0.100, 0.140, 0.220, 0.117, 0.100, 0.100, 0.100, 0.100, 0.100, 0.105, 0.254, 0.100, 0.100, 0.100, 0.100, 0.100, 0.103, 0.141, 0.100, 0.100, 0.100, 0.100, 0.257, 0.263, 0.100, 0.100, 0.100, 0.100, 0.100, 0.100]
    Layer 16: sigma=[0.354, 0.100, 0.100, 0.100, 0.100, 0.100, 0.100, 0.100, 0.100, 0.100, 0.100, 0.100, 0.100, 0.100, 0.100, 0.100, 0.100, 0.100, 0.100, 0.100, 0.100, 0.100, 0.100, 0.100, 0.100, 0.176, 0.100, 0.100, 0.100, 0.100, 0.100, 0.100]
    Layer 17: sigma=[0.100, 0.100, 0.100, 0.100, 0.100, 0.543, 0.100, 0.100, 0.109, 0.100, 0.100, 0.100, 0.100, 0.100, 0.100, 0.100, 0.383, 0.133, 0.100, 0.324, 0.100, 0.100, 0.100, 0.100, 0.103, 0.100, 0.351, 0.126, 0.100, 0.100, 0.100, 0.100]
    Layer 18: sigma=[0.100, 0.622, 0.100, 0.100, 0.100, 0.216, 0.100, 0.100, 0.100, 0.100, 0.100, 0.100, 0.100, 0.100, 0.100, 0.100, 0.452, 0.100, 0.100, 0.100, 0.100, 0.100, 0.100, 0.100, 0.100, 0.100, 0.100, 0.100, 0.100, 0.100, 0.100, 0.100]
    Layer 19: sigma=[0.100, 0.100, 0.100, 0.100, 0.100, 0.100, 0.188, 0.100, 0.100, 0.100, 0.100, 0.100, 0.237, 0.100, 0.100, 0.164, 0.100, 0.100, 0.100, 0.454, 0.100, 0.100, 0.100, 0.100, 0.109, 0.100, 0.100, 0.100, 0.100, 0.100, 0.100, 0.100]
    Layer 20: sigma=[0.100, 0.100, 0.180, 0.100, 0.100, 0.244, 0.204, 0.100, 0.100, 0.100, 0.100, 0.100, 0.100, 0.100, 0.100, 0.102, 0.216, 0.100, 0.100, 0.100, 0.100, 0.100, 0.100, 0.100, 0.100, 0.100, 0.100, 0.100, 0.100, 0.100, 0.100, 0.100]
    Layer 21: sigma=[0.100, 0.100, 0.100, 0.102, 0.100, 0.100, 0.100, 0.100, 0.100, 0.104, 0.100, 0.385, 0.100, 0.100, 0.179, 0.100, 0.100, 0.100, 0.100, 0.100, 0.100, 0.100, 0.100, 0.100, 0.100, 0.100, 0.100, 0.100, 0.124, 0.100, 0.475, 0.137]
    Layer 22: sigma=[0.163, 0.100, 0.100, 0.100, 0.157, 0.115, 0.119, 0.265, 0.216, 0.117, 0.100, 0.100, 0.100, 0.100, 0.100, 0.100, 0.100, 0.100, 0.100, 0.188, 0.100, 0.100, 0.100, 0.100, 0.100, 0.100, 0.100, 0.100, 0.100, 0.100, 0.100, 0.100]
    Layer 23: sigma=[0.191, 0.130, 0.159, 0.100, 0.100, 0.100, 0.207, 0.100, 0.100, 0.100, 0.100, 0.100, 0.100, 0.100, 0.100, 0.100, 0.100, 0.100, 0.100, 0.100, 0.100, 0.100, 0.100, 0.100, 0.100, 0.100, 0.100, 0.100, 0.100, 0.225, 0.272, 0.141]
    Layer 24: sigma=[0.100, 0.100, 0.100, 0.100, 0.100, 0.100, 0.100, 0.100, 0.109, 0.100, 0.100, 0.100, 0.100, 0.100, 0.100, 0.180, 0.100, 0.100, 0.100, 0.107, 0.100, 0.100, 0.100, 0.100, 0.256, 0.259, 0.277, 0.226, 0.100, 0.100, 0.100, 0.100]
    Layer 25: sigma=[0.100, 0.100, 0.100, 0.100, 0.100, 0.100, 0.100, 0.100, 0.100, 0.100, 0.100, 0.100, 0.100, 0.100, 0.100, 0.100, 0.100, 0.100, 0.100, 0.100, 0.100, 0.100, 0.100, 0.100, 0.100, 0.100, 0.100, 0.100, 0.100, 0.100, 0.100, 0.100]
    Layer 26: sigma=[0.100, 0.100, 0.100, 0.100, 0.100, 0.100, 0.100, 0.100, 0.100, 0.100, 0.100, 0.100, 0.100, 0.100, 0.100, 0.108, 0.100, 0.100, 0.100, 0.100, 0.100, 0.100, 0.100, 0.100, 0.100, 0.100, 0.100, 0.100, 0.100, 0.100, 0.100, 0.100]
    Layer 27: sigma=[0.100, 0.100, 0.100, 0.100, 0.100, 0.100, 0.100, 0.100, 0.100, 0.100, 0.100, 0.100, 0.100, 0.100, 0.100, 0.100, 0.100, 0.100, 0.100, 0.100, 0.100, 0.100, 0.100, 0.100, 0.100, 0.100, 0.100, 0.100, 0.100, 0.168, 0.100, 0.100]
    Layer 28: sigma=[0.100, 0.100, 0.100, 0.100, 0.112, 0.144, 0.100, 0.315, 0.100, 0.100, 0.100, 0.100, 0.100, 0.100, 0.100, 0.100, 0.100, 0.100, 0.100, 0.100, 0.100, 0.100, 0.100, 0.100, 0.100, 0.100, 0.100, 0.100, 0.100, 0.100, 0.100, 0.100]
    Layer 29: sigma=[0.100, 0.100, 0.100, 0.100, 0.100, 0.100, 0.100, 0.100, 0.100, 0.100, 0.100, 0.100, 0.100, 0.100, 0.100, 0.100, 0.100, 0.100, 0.100, 0.100, 0.100, 0.100, 0.100, 0.100, 0.100, 0.100, 0.100, 0.100, 0.100, 0.100, 0.100, 0.100]
    Layer 30: sigma=[0.100, 0.100, 0.100, 0.100, 0.100, 0.100, 0.100, 0.100, 0.100, 0.100, 0.100, 0.100, 0.100, 0.100, 0.100, 0.122, 0.100, 0.100, 0.100, 0.100, 0.100, 0.100, 0.100, 0.100, 0.100, 0.100, 0.100, 0.100, 0.100, 0.100, 0.100, 0.100]
    Layer 31: sigma=[0.100, 0.100, 0.100, 0.100, 0.100, 0.100, 0.100, 0.100, 0.100, 0.100, 0.100, 0.100, 0.100, 0.100, 0.100, 0.100, 0.100, 0.100, 0.100, 0.100, 0.100, 0.100, 0.100, 0.100, 0.100, 0.100, 0.100, 0.100, 0.100, 0.100, 0.100, 0.100]
    Layer 32: sigma=[0.100, 0.100, 0.100, 0.100, 0.100, 0.100, 0.100, 0.100, 0.100, 0.100, 0.100, 0.100, 0.100, 0.100, 0.100, 0.100, 0.100, 0.100, 0.100, 0.100, 0.100, 0.100, 0.100, 0.100, 0.100, 0.100, 0.100, 0.100, 0.100, 0.100, 0.100, 0.100]
    Layer 33: sigma=[0.100, 0.100, 0.100, 0.100, 0.100, 0.100, 0.100, 0.100, 0.100, 0.100, 0.100, 0.100, 0.100, 0.100, 0.100, 0.100, 0.100, 0.100, 0.100, 0.100, 0.100, 0.100, 0.100, 0.100, 0.100, 0.100, 0.100, 0.100, 0.100, 0.100, 0.100, 0.100]
    Layer 34: sigma=[0.100, 0.100, 0.100, 0.100, 0.100, 0.100, 0.100, 0.100, 0.100, 0.100, 0.100, 0.100, 0.100, 0.100, 0.100, 0.100, 0.100, 0.100, 0.100, 0.100, 0.100, 0.100, 0.100, 0.100, 0.100, 0.100, 0.100, 0.100, 0.100, 0.100, 0.100, 0.100]
    Layer 35: sigma=[0.100, 0.100, 0.100, 0.100, 0.116, 0.100, 0.100, 0.100, 0.100, 0.100, 0.100, 0.100, 0.100, 0.100, 0.100, 0.100, 0.100, 0.100, 0.100, 0.100, 0.100, 0.100, 0.196, 0.100, 0.100, 0.100, 0.100, 0.100, 0.100, 0.100, 0.100, 0.100]

  [Taylor Step 3/3] g_proj = v_proj * alpha (damping=0.01)...
    Layer  0: alpha=0.068926  teacher_rms=0.0168  v_rms=0.0024
    Layer  1: alpha=0.057776  teacher_rms=0.0216  v_rms=0.0037
    Layer  2: alpha=0.054777  teacher_rms=0.0222  v_rms=0.0041
    Layer  3: alpha=0.041548  teacher_rms=0.0261  v_rms=0.0063
    Layer  4: alpha=0.049465  teacher_rms=0.0316  v_rms=0.0064
    Layer  6: alpha=0.074421  teacher_rms=0.0646  v_rms=0.0087
    Layer  7: alpha=0.040628  teacher_rms=0.0510  v_rms=0.0126
    Layer  8: alpha=0.042038  teacher_rms=0.0695  v_rms=0.0165
    Layer  9: alpha=0.024528  teacher_rms=0.0701  v_rms=0.0286
    Layer 10: alpha=0.048964  teacher_rms=0.1071  v_rms=0.0219
    Layer 11: alpha=0.052617  teacher_rms=0.1038  v_rms=0.0197
    Layer 12: alpha=0.046322  teacher_rms=0.1177  v_rms=0.0254
    Layer 13: alpha=0.054532  teacher_rms=0.1013  v_rms=0.0186
    Layer 14: alpha=0.056509  teacher_rms=0.1546  v_rms=0.0274
    Layer 15: alpha=0.047336  teacher_rms=0.1546  v_rms=0.0327
    Layer 16: alpha=0.038965  teacher_rms=0.1446  v_rms=0.0371
    Layer 17: alpha=0.035172  teacher_rms=0.1762  v_rms=0.0501
    Layer 18: alpha=0.032959  teacher_rms=0.1919  v_rms=0.0582
    Layer 19: alpha=0.047088  teacher_rms=0.2023  v_rms=0.0430
    Layer 20: alpha=0.050662  teacher_rms=0.1938  v_rms=0.0383
    Layer 21: alpha=0.039325  teacher_rms=0.2301  v_rms=0.0585
    Layer 22: alpha=0.051343  teacher_rms=0.2755  v_rms=0.0537
    Layer 23: alpha=0.049529  teacher_rms=0.3026  v_rms=0.0611
    Layer 24: alpha=0.033431  teacher_rms=0.2864  v_rms=0.0857
    Layer 25: alpha=0.038418  teacher_rms=0.2261  v_rms=0.0589
    Layer 26: alpha=0.027316  teacher_rms=0.1994  v_rms=0.0730
    Layer 27: alpha=0.033563  teacher_rms=0.2900  v_rms=0.0864
    Layer 28: alpha=0.035850  teacher_rms=0.3530  v_rms=0.0985
    Layer 29: alpha=0.016275  teacher_rms=0.2479  v_rms=0.1523
    Layer 30: alpha=0.025715  teacher_rms=0.3921  v_rms=0.1525
    Layer 31: alpha=0.018626  teacher_rms=0.3452  v_rms=0.1853
    Layer 32: alpha=0.021930  teacher_rms=0.5106  v_rms=0.2328
    Layer 33: alpha=0.016345  teacher_rms=0.5964  v_rms=0.3649
    Layer 34: alpha=0.031180  teacher_rms=1.0165  v_rms=0.3260
    Layer 35: alpha=0.056269  teacher_rms=1.0378  v_rms=0.1844

  Set g_proj = v_proj * alpha in 35 GDN layers (damping=0.01).
  Init (taylor_distill) done in 358.3s
  Layer 5: PPL = 1431.50  (eval 14.6s)

============================================================
  Probing layer 6 | strategy=taylor_distill
============================================================
Loading checkpoint shards:   0%|          | 0/4 [00:00<?, ?it/s]Loading checkpoint shards: 100%|██████████| 4/4 [00:00<00:00, 61.46it/s]
Could not cache non-existence of file. Will ignore error and continue. Error: [Errno 13] Permission denied: '/data/shared/huggingface/hub/models--Qwen--Qwen3-8B/.no_exist/b968826d9c46dd6066d109eabc6255188de91218/model.safetensors'
Loading checkpoint shards:   0%|          | 0/5 [00:00<?, ?it/s]Loading checkpoint shards: 100%|██████████| 5/5 [00:00<00:00, 189.96it/s]
Token indices sequence length is longer than the specified maximum sequence length for this model (2429029 > 131072). Running this sequence through the model will result in indexing errors
  [Taylor Step 1/3] Gate calibration from attention stats...
    Layer  0: dist=[18, 2, 6, 20, 8, 14, 6, 7, 10, 4, 6, 7, 10, 18, 17, 5, 9, 11, 8, 8, 8, 12, 2, 7, 4, 26, 5, 26, 9, 19, 9, 8]
    Layer  1: dist=[12, 21, 14, 26, 2, 9, 17, 7, 25, 18, 32, 29, 18, 28, 28, 20, 17, 26, 31, 18, 28, 17, 21, 21, 26, 8, 25, 23, 41, 16, 20, 28]
    Layer  2: dist=[36, 36, 37, 32, 17, 27, 20, 24, 21, 24, 29, 33, 28, 25, 26, 34, 32, 26, 28, 22, 28, 36, 27, 27, 14, 14, 11, 19, 41, 42, 43, 41]
    Layer  3: dist=[40, 20, 9, 12, 49, 50, 46, 42, 30, 27, 33, 31, 49, 43, 42, 42, 35, 37, 29, 37, 42, 33, 32, 36, 35, 30, 29, 33, 39, 36, 40, 37]
    Layer  4: dist=[31, 35, 41, 36, 41, 33, 35, 48, 37, 38, 34, 34, 31, 31, 38, 35, 35, 37, 38, 39, 34, 35, 25, 34, 26, 32, 27, 21, 28, 33, 30, 30]
    Layer  5: dist=[23, 29, 30, 21, 36, 34, 29, 29, 4, 14, 40, 38, 31, 43, 32, 30, 23, 20, 28, 28, 29, 30, 27, 33, 38, 39, 43, 43, 26, 25, 29, 32]
    Layer  7: dist=[31, 36, 33, 46, 63, 57, 63, 60, 45, 60, 53, 41, 54, 15, 30, 49, 42, 54, 44, 44, 54, 45, 58, 59, 34, 41, 25, 43, 49, 51, 49, 54]
    Layer  8: dist=[45, 46, 49, 29, 43, 41, 35, 44, 46, 52, 43, 48, 51, 43, 49, 36, 60, 56, 54, 51, 44, 54, 51, 57, 47, 37, 51, 36, 44, 38, 42, 44]
    Layer  9: dist=[40, 32, 31, 36, 45, 49, 48, 40, 62, 61, 60, 56, 14, 46, 32, 45, 49, 53, 59, 62, 44, 40, 35, 41, 61, 44, 49, 54, 62, 57, 63, 61]
    Layer 10: dist=[39, 39, 30, 39, 46, 55, 33, 41, 34, 45, 55, 26, 49, 36, 42, 44, 45, 53, 52, 50, 46, 31, 56, 51, 51, 56, 47, 43, 40, 39, 44, 47]
    Layer 11: dist=[33, 33, 47, 27, 29, 36, 43, 42, 52, 62, 57, 49, 44, 33, 38, 39, 39, 36, 33, 25, 42, 56, 46, 46, 39, 32, 36, 32, 49, 34, 31, 48]
    Layer 12: dist=[12, 40, 39, 33, 43, 46, 39, 36, 33, 36, 44, 44, 50, 45, 45, 49, 21, 38, 29, 44, 55, 54, 53, 56, 49, 1, 56, 23, 43, 45, 59, 49]
    Layer 13: dist=[29, 36, 39, 36, 31, 29, 35, 22, 47, 36, 52, 61, 64, 58, 55, 62, 46, 39, 31, 36, 47, 33, 44, 46, 44, 33, 40, 41, 58, 56, 49, 51]
    Layer 14: dist=[25, 35, 34, 24, 39, 24, 35, 33, 31, 32, 37, 37, 36, 40, 35, 36, 41, 46, 31, 35, 33, 17, 28, 42, 27, 38, 40, 38, 43, 44, 5, 48]
    Layer 15: dist=[45, 27, 43, 23, 20, 22, 41, 33, 48, 33, 26, 54, 37, 56, 41, 47, 33, 33, 34, 36, 33, 30, 27, 27, 27, 20, 41, 37, 38, 47, 38, 28]
    Layer 16: dist=[37, 32, 42, 47, 29, 35, 26, 31, 29, 45, 40, 43, 49, 35, 44, 47, 38, 41, 34, 35, 59, 60, 57, 54, 39, 28, 34, 6, 32, 33, 36, 32]
    Layer 17: dist=[58, 50, 41, 34, 28, 31, 22, 25, 44, 54, 42, 49, 23, 32, 39, 39, 24, 29, 32, 22, 39, 51, 49, 48, 30, 28, 31, 26, 29, 43, 47, 36]
    Layer 18: dist=[20, 27, 19, 18, 29, 37, 39, 30, 37, 40, 37, 45, 34, 34, 31, 35, 26, 41, 42, 28, 38, 28, 37, 52, 31, 35, 35, 36, 30, 29, 43, 31]
    Layer 19: dist=[39, 33, 35, 35, 43, 54, 30, 38, 40, 44, 41, 48, 35, 31, 40, 35, 44, 42, 26, 29, 10, 28, 18, 27, 52, 54, 52, 58, 44, 43, 41, 41]
    Layer 20: dist=[46, 39, 44, 40, 41, 27, 28, 31, 23, 21, 26, 21, 48, 42, 48, 50, 24, 28, 31, 21, 38, 57, 52, 51, 63, 51, 53, 44, 49, 43, 55, 55]
    Layer 21: dist=[26, 25, 30, 35, 58, 33, 53, 58, 61, 33, 39, 38, 26, 24, 25, 23, 39, 40, 45, 32, 47, 52, 48, 49, 35, 34, 32, 44, 38, 40, 34, 47]
    Layer 22: dist=[39, 32, 37, 33, 28, 38, 24, 30, 21, 27, 24, 35, 9, 46, 32, 35, 18, 40, 40, 23, 53, 59, 60, 61, 51, 44, 46, 48, 57, 47, 53, 50]
    Layer 23: dist=[22, 18, 26, 22, 55, 55, 22, 50, 41, 20, 24, 31, 37, 36, 41, 39, 41, 38, 42, 48, 41, 46, 42, 40, 41, 39, 37, 51, 47, 44, 44, 39]
    Layer 24: dist=[40, 62, 57, 51, 50, 56, 54, 47, 52, 54, 52, 43, 41, 39, 47, 40, 42, 49, 44, 42, 60, 53, 52, 58, 31, 41, 39, 29, 50, 57, 51, 47]
    Layer 25: dist=[50, 60, 59, 49, 38, 38, 54, 42, 46, 52, 47, 48, 36, 45, 27, 37, 48, 50, 49, 45, 54, 56, 55, 55, 58, 56, 50, 55, 46, 61, 51, 45]
    Layer 26: dist=[43, 47, 57, 36, 59, 57, 59, 56, 52, 56, 53, 49, 52, 62, 60, 60, 43, 46, 53, 50, 53, 54, 60, 57, 53, 50, 54, 50, 58, 50, 59, 51]
    Layer 27: dist=[48, 55, 54, 59, 50, 53, 52, 44, 41, 52, 55, 52, 41, 56, 42, 45, 51, 53, 53, 53, 47, 56, 54, 44, 57, 59, 60, 60, 50, 44, 45, 60]
    Layer 28: dist=[53, 47, 54, 53, 41, 35, 40, 38, 52, 57, 47, 46, 57, 53, 48, 50, 57, 51, 53, 55, 59, 37, 32, 46, 47, 46, 50, 51, 46, 48, 35, 49]
    Layer 29: dist=[57, 58, 57, 58, 45, 56, 47, 58, 58, 57, 61, 54, 60, 61, 60, 61, 58, 56, 58, 60, 62, 61, 56, 62, 49, 59, 47, 49, 55, 51, 56, 56]
    Layer 30: dist=[40, 54, 51, 52, 53, 51, 48, 37, 60, 59, 58, 60, 53, 53, 57, 51, 52, 39, 61, 61, 29, 60, 53, 54, 60, 60, 61, 60, 55, 56, 54, 51]
    Layer 31: dist=[60, 58, 51, 49, 58, 59, 59, 59, 57, 41, 46, 47, 58, 59, 59, 58, 52, 53, 55, 48, 60, 59, 56, 59, 57, 56, 46, 60, 57, 55, 53, 57]
    Layer 32: dist=[56, 57, 58, 57, 58, 60, 59, 60, 56, 55, 59, 58, 48, 58, 54, 47, 58, 54, 54, 54, 62, 48, 57, 60, 36, 48, 44, 53, 58, 54, 51, 53]
    Layer 33: dist=[52, 61, 57, 60, 45, 52, 29, 47, 57, 58, 57, 58, 58, 59, 58, 59, 59, 59, 53, 56, 58, 49, 54, 57, 57, 59, 60, 59, 56, 56, 55, 53]
    Layer 34: dist=[56, 57, 58, 57, 55, 56, 55, 54, 25, 47, 54, 42, 58, 57, 60, 40, 42, 44, 62, 30, 58, 27, 59, 60, 61, 60, 62, 60, 26, 32, 35, 54]
    Layer 35: dist=[56, 62, 36, 50, 43, 19, 55, 48, 42, 51, 55, 49, 30, 17, 24, 22, 49, 45, 40, 27, 45, 52, 28, 27, 33, 27, 33, 35, 36, 57, 61, 58]

  [Taylor Step 2/3] OLS sigma per head (scaling V, streaming)...
    Layer  0: sigma=[0.258, 0.100, 0.100, 0.100, 0.197, 0.603, 0.100, 0.100, 0.100, 0.100, 0.141, 0.100, 0.100, 0.100, 0.100, 0.291, 0.100, 0.100, 0.100, 0.100, 0.100, 0.100, 0.100, 0.200, 0.100, 0.100, 0.577, 0.100, 0.253, 0.100, 0.100, 0.100]
    Layer  1: sigma=[0.280, 0.100, 0.100, 0.100, 0.100, 0.100, 0.100, 0.100, 0.100, 0.398, 0.278, 0.100, 0.100, 0.100, 0.100, 0.100, 0.100, 0.100, 0.100, 0.100, 0.100, 0.100, 0.100, 0.206, 0.100, 0.100, 0.178, 0.100, 0.100, 0.100, 0.100, 0.100]
    Layer  2: sigma=[0.152, 0.100, 0.100, 0.100, 0.100, 0.100, 0.100, 0.100, 0.159, 0.100, 0.100, 0.100, 0.100, 0.260, 0.100, 0.100, 0.100, 0.100, 0.100, 0.100, 0.100, 0.100, 0.100, 0.100, 0.100, 0.175, 0.100, 0.100, 0.100, 0.100, 0.100, 0.136]
    Layer  3: sigma=[0.100, 0.445, 0.100, 0.291, 0.100, 0.100, 0.100, 0.100, 0.100, 0.100, 0.100, 0.100, 0.100, 0.100, 0.100, 0.100, 0.100, 0.100, 0.121, 0.100, 0.100, 0.100, 0.100, 0.100, 0.100, 0.123, 0.111, 0.100, 0.100, 0.100, 0.100, 0.100]
    Layer  4: sigma=[0.100, 0.100, 0.100, 0.100, 0.100, 0.100, 0.100, 0.100, 0.100, 0.100, 0.100, 0.100, 0.100, 0.100, 0.100, 0.100, 0.100, 0.100, 0.100, 0.100, 0.100, 0.144, 0.322, 0.100, 0.100, 0.100, 0.100, 0.100, 0.100, 0.100, 0.100, 0.100]
    Layer  5: sigma=[0.100, 0.100, 0.119, 0.100, 0.100, 0.100, 0.100, 0.100, 0.100, 0.268, 0.100, 0.106, 0.100, 0.100, 0.100, 0.110, 0.100, 0.338, 0.100, 0.100, 0.100, 0.100, 0.100, 0.100, 0.100, 0.100, 0.100, 0.100, 0.100, 0.249, 0.100, 0.100]
    Layer  7: sigma=[0.100, 0.247, 0.100, 0.100, 0.117, 0.100, 0.100, 0.100, 0.100, 0.100, 0.100, 0.160, 0.100, 0.100, 0.100, 0.100, 0.100, 0.100, 0.100, 0.100, 0.100, 0.100, 0.100, 0.100, 0.100, 0.100, 0.100, 0.100, 0.100, 0.100, 0.100, 0.100]
    Layer  8: sigma=[0.100, 0.100, 0.100, 0.100, 0.100, 0.100, 0.100, 0.124, 0.100, 0.100, 0.100, 0.100, 0.100, 0.114, 0.100, 0.100, 0.100, 0.100, 0.100, 0.100, 0.100, 0.100, 0.100, 0.100, 0.100, 0.100, 0.100, 0.296, 0.100, 0.100, 0.100, 0.100]
    Layer  9: sigma=[0.100, 0.100, 0.125, 0.100, 0.100, 0.100, 0.100, 0.100, 0.100, 0.100, 0.100, 0.100, 0.100, 0.100, 0.692, 0.222, 0.100, 0.100, 0.100, 0.100, 0.142, 0.100, 0.100, 0.100, 0.100, 0.166, 0.100, 0.100, 0.100, 0.100, 0.100, 0.100]
    Layer 10: sigma=[0.100, 0.100, 0.100, 0.100, 0.100, 0.100, 0.100, 0.100, 0.133, 0.100, 0.100, 0.100, 0.100, 0.100, 0.100, 0.100, 0.100, 0.100, 0.100, 0.100, 0.100, 0.100, 0.100, 0.100, 0.100, 0.100, 0.100, 0.100, 0.105, 0.100, 0.109, 0.100]
    Layer 11: sigma=[0.100, 0.100, 0.100, 0.100, 0.206, 0.100, 0.170, 0.100, 0.100, 0.136, 0.100, 0.100, 0.143, 0.100, 0.272, 0.100, 0.100, 0.100, 0.100, 0.100, 0.100, 0.100, 0.100, 0.100, 0.105, 0.100, 0.251, 0.100, 0.100, 0.100, 0.102, 0.100]
    Layer 12: sigma=[0.100, 0.100, 0.100, 0.100, 0.100, 0.128, 0.100, 0.100, 0.100, 0.124, 0.100, 0.100, 0.100, 0.100, 0.100, 0.100, 0.100, 0.265, 0.412, 0.100, 0.100, 0.100, 0.100, 0.100, 0.100, 0.342, 0.100, 0.150, 0.100, 0.140, 0.138, 0.100]
    Layer 13: sigma=[0.252, 0.100, 0.100, 0.100, 0.100, 0.100, 0.100, 0.108, 0.100, 0.122, 0.126, 0.100, 0.100, 0.100, 0.100, 0.100, 0.100, 0.100, 0.100, 0.100, 0.100, 0.100, 0.100, 0.100, 0.100, 0.100, 0.100, 0.100, 0.100, 0.100, 0.100, 0.100]
    Layer 14: sigma=[0.100, 0.100, 0.106, 0.100, 0.100, 0.502, 0.100, 0.186, 0.100, 0.100, 0.100, 0.100, 0.100, 0.168, 0.100, 0.100, 0.100, 0.100, 0.187, 0.132, 0.100, 0.100, 0.100, 0.100, 0.100, 0.149, 0.100, 0.136, 0.100, 0.100, 0.187, 0.100]
    Layer 15: sigma=[0.100, 0.234, 0.100, 0.114, 0.219, 0.103, 0.100, 0.100, 0.100, 0.100, 0.100, 0.107, 0.244, 0.100, 0.100, 0.100, 0.100, 0.100, 0.102, 0.148, 0.100, 0.100, 0.100, 0.100, 0.276, 0.242, 0.100, 0.100, 0.100, 0.100, 0.100, 0.100]
    Layer 16: sigma=[0.330, 0.100, 0.100, 0.100, 0.100, 0.100, 0.100, 0.100, 0.100, 0.100, 0.100, 0.100, 0.100, 0.100, 0.100, 0.100, 0.100, 0.100, 0.100, 0.100, 0.100, 0.100, 0.100, 0.100, 0.100, 0.168, 0.100, 0.100, 0.100, 0.100, 0.100, 0.100]
    Layer 17: sigma=[0.100, 0.100, 0.100, 0.100, 0.100, 0.495, 0.100, 0.100, 0.101, 0.100, 0.100, 0.100, 0.100, 0.100, 0.100, 0.100, 0.308, 0.100, 0.100, 0.406, 0.100, 0.100, 0.100, 0.100, 0.102, 0.100, 0.363, 0.123, 0.100, 0.100, 0.100, 0.100]
    Layer 18: sigma=[0.100, 0.660, 0.100, 0.100, 0.100, 0.188, 0.100, 0.104, 0.100, 0.100, 0.100, 0.100, 0.100, 0.100, 0.100, 0.100, 0.467, 0.100, 0.100, 0.100, 0.100, 0.100, 0.100, 0.100, 0.100, 0.100, 0.100, 0.100, 0.100, 0.100, 0.100, 0.100]
    Layer 19: sigma=[0.100, 0.100, 0.100, 0.100, 0.100, 0.100, 0.204, 0.100, 0.100, 0.100, 0.100, 0.100, 0.244, 0.100, 0.100, 0.166, 0.100, 0.100, 0.100, 0.443, 0.100, 0.100, 0.100, 0.100, 0.115, 0.100, 0.100, 0.100, 0.100, 0.100, 0.100, 0.100]
    Layer 20: sigma=[0.100, 0.100, 0.164, 0.100, 0.100, 0.260, 0.139, 0.100, 0.100, 0.100, 0.100, 0.100, 0.100, 0.100, 0.100, 0.118, 0.203, 0.100, 0.100, 0.100, 0.100, 0.100, 0.100, 0.100, 0.100, 0.100, 0.100, 0.100, 0.100, 0.100, 0.100, 0.100]
    Layer 21: sigma=[0.116, 0.112, 0.100, 0.131, 0.100, 0.100, 0.100, 0.100, 0.100, 0.100, 0.100, 0.397, 0.100, 0.100, 0.100, 0.100, 0.100, 0.100, 0.100, 0.100, 0.100, 0.100, 0.100, 0.100, 0.100, 0.100, 0.100, 0.100, 0.100, 0.100, 0.318, 0.124]
    Layer 22: sigma=[0.192, 0.100, 0.100, 0.100, 0.177, 0.108, 0.100, 0.142, 0.259, 0.109, 0.100, 0.100, 0.100, 0.100, 0.100, 0.100, 0.100, 0.100, 0.100, 0.165, 0.100, 0.100, 0.100, 0.100, 0.100, 0.100, 0.100, 0.100, 0.100, 0.100, 0.100, 0.100]
    Layer 23: sigma=[0.193, 0.134, 0.239, 0.100, 0.109, 0.100, 0.185, 0.100, 0.100, 0.100, 0.100, 0.100, 0.100, 0.100, 0.100, 0.100, 0.100, 0.100, 0.100, 0.100, 0.100, 0.100, 0.100, 0.100, 0.100, 0.100, 0.100, 0.100, 0.100, 0.305, 0.258, 0.294]
    Layer 24: sigma=[0.100, 0.100, 0.100, 0.100, 0.100, 0.100, 0.100, 0.100, 0.160, 0.100, 0.100, 0.100, 0.100, 0.100, 0.100, 0.160, 0.100, 0.100, 0.100, 0.110, 0.100, 0.100, 0.100, 0.100, 0.253, 0.279, 0.182, 0.222, 0.100, 0.100, 0.100, 0.100]
    Layer 25: sigma=[0.100, 0.100, 0.100, 0.100, 0.100, 0.100, 0.100, 0.100, 0.100, 0.100, 0.100, 0.100, 0.100, 0.100, 0.100, 0.100, 0.100, 0.100, 0.100, 0.100, 0.100, 0.100, 0.100, 0.100, 0.100, 0.100, 0.100, 0.100, 0.100, 0.100, 0.100, 0.100]
    Layer 26: sigma=[0.100, 0.100, 0.100, 0.100, 0.100, 0.100, 0.100, 0.100, 0.100, 0.100, 0.100, 0.100, 0.100, 0.100, 0.100, 0.154, 0.100, 0.100, 0.100, 0.100, 0.100, 0.100, 0.100, 0.100, 0.100, 0.100, 0.100, 0.100, 0.100, 0.100, 0.100, 0.100]
    Layer 27: sigma=[0.100, 0.100, 0.100, 0.100, 0.100, 0.100, 0.100, 0.100, 0.100, 0.100, 0.100, 0.100, 0.100, 0.100, 0.100, 0.100, 0.100, 0.100, 0.100, 0.100, 0.100, 0.100, 0.100, 0.100, 0.100, 0.100, 0.100, 0.100, 0.100, 0.227, 0.100, 0.100]
    Layer 28: sigma=[0.100, 0.100, 0.100, 0.100, 0.101, 0.133, 0.100, 0.256, 0.100, 0.100, 0.100, 0.100, 0.100, 0.100, 0.100, 0.100, 0.100, 0.100, 0.100, 0.100, 0.100, 0.100, 0.100, 0.100, 0.100, 0.100, 0.100, 0.100, 0.100, 0.100, 0.100, 0.100]
    Layer 29: sigma=[0.100, 0.100, 0.100, 0.100, 0.100, 0.100, 0.100, 0.100, 0.100, 0.100, 0.100, 0.100, 0.100, 0.100, 0.100, 0.100, 0.100, 0.100, 0.100, 0.100, 0.100, 0.100, 0.100, 0.100, 0.100, 0.100, 0.100, 0.100, 0.100, 0.100, 0.100, 0.100]
    Layer 30: sigma=[0.100, 0.100, 0.100, 0.100, 0.100, 0.100, 0.100, 0.100, 0.100, 0.100, 0.100, 0.100, 0.100, 0.100, 0.100, 0.118, 0.100, 0.100, 0.100, 0.100, 0.100, 0.100, 0.100, 0.100, 0.100, 0.100, 0.100, 0.100, 0.100, 0.100, 0.100, 0.100]
    Layer 31: sigma=[0.100, 0.100, 0.100, 0.100, 0.100, 0.100, 0.100, 0.100, 0.100, 0.100, 0.100, 0.100, 0.100, 0.100, 0.100, 0.100, 0.100, 0.100, 0.100, 0.100, 0.100, 0.100, 0.100, 0.100, 0.100, 0.100, 0.100, 0.100, 0.100, 0.100, 0.100, 0.100]
    Layer 32: sigma=[0.100, 0.100, 0.100, 0.100, 0.100, 0.100, 0.100, 0.100, 0.100, 0.100, 0.100, 0.100, 0.100, 0.100, 0.100, 0.100, 0.100, 0.100, 0.100, 0.100, 0.100, 0.100, 0.100, 0.100, 0.100, 0.100, 0.100, 0.100, 0.100, 0.100, 0.100, 0.100]
    Layer 33: sigma=[0.100, 0.100, 0.100, 0.100, 0.100, 0.100, 0.100, 0.100, 0.100, 0.100, 0.100, 0.100, 0.100, 0.100, 0.100, 0.100, 0.100, 0.100, 0.100, 0.100, 0.100, 0.100, 0.100, 0.100, 0.100, 0.100, 0.100, 0.100, 0.100, 0.100, 0.100, 0.100]
    Layer 34: sigma=[0.100, 0.100, 0.100, 0.100, 0.100, 0.100, 0.100, 0.100, 0.100, 0.100, 0.100, 0.100, 0.100, 0.100, 0.100, 0.100, 0.100, 0.100, 0.100, 0.100, 0.100, 0.100, 0.100, 0.100, 0.100, 0.100, 0.100, 0.100, 0.100, 0.100, 0.100, 0.100]
    Layer 35: sigma=[0.100, 0.100, 0.100, 0.100, 0.120, 0.100, 0.100, 0.100, 0.100, 0.100, 0.100, 0.100, 0.100, 0.100, 0.100, 0.100, 0.100, 0.100, 0.100, 0.100, 0.100, 0.100, 0.143, 0.100, 0.100, 0.100, 0.100, 0.100, 0.100, 0.100, 0.100, 0.100]

  [Taylor Step 3/3] g_proj = v_proj * alpha (damping=0.01)...
    Layer  0: alpha=0.068901  teacher_rms=0.0168  v_rms=0.0024
    Layer  1: alpha=0.058224  teacher_rms=0.0216  v_rms=0.0037
    Layer  2: alpha=0.054751  teacher_rms=0.0222  v_rms=0.0041
    Layer  3: alpha=0.041843  teacher_rms=0.0261  v_rms=0.0062
    Layer  4: alpha=0.048933  teacher_rms=0.0316  v_rms=0.0065
    Layer  5: alpha=0.052560  teacher_rms=0.0412  v_rms=0.0078
    Layer  7: alpha=0.040631  teacher_rms=0.0510  v_rms=0.0126
    Layer  8: alpha=0.041420  teacher_rms=0.0695  v_rms=0.0168
    Layer  9: alpha=0.028288  teacher_rms=0.0701  v_rms=0.0248
    Layer 10: alpha=0.048979  teacher_rms=0.1071  v_rms=0.0219
    Layer 11: alpha=0.053836  teacher_rms=0.1038  v_rms=0.0193
    Layer 12: alpha=0.047718  teacher_rms=0.1177  v_rms=0.0247
    Layer 13: alpha=0.054330  teacher_rms=0.1013  v_rms=0.0187
    Layer 14: alpha=0.051399  teacher_rms=0.1546  v_rms=0.0301
    Layer 15: alpha=0.047309  teacher_rms=0.1546  v_rms=0.0327
    Layer 16: alpha=0.039627  teacher_rms=0.1446  v_rms=0.0365
    Layer 17: alpha=0.035840  teacher_rms=0.1762  v_rms=0.0492
    Layer 18: alpha=0.031687  teacher_rms=0.1919  v_rms=0.0606
    Layer 19: alpha=0.046800  teacher_rms=0.2023  v_rms=0.0432
    Layer 20: alpha=0.051544  teacher_rms=0.1938  v_rms=0.0376
    Layer 21: alpha=0.044493  teacher_rms=0.2301  v_rms=0.0517
    Layer 22: alpha=0.052090  teacher_rms=0.2755  v_rms=0.0529
    Layer 23: alpha=0.043498  teacher_rms=0.3026  v_rms=0.0696
    Layer 24: alpha=0.034654  teacher_rms=0.2864  v_rms=0.0826
    Layer 25: alpha=0.038418  teacher_rms=0.2261  v_rms=0.0589
    Layer 26: alpha=0.026695  teacher_rms=0.1994  v_rms=0.0747
    Layer 27: alpha=0.032529  teacher_rms=0.2900  v_rms=0.0891
    Layer 28: alpha=0.037662  teacher_rms=0.3530  v_rms=0.0937
    Layer 29: alpha=0.016275  teacher_rms=0.2479  v_rms=0.1523
    Layer 30: alpha=0.025748  teacher_rms=0.3921  v_rms=0.1523
    Layer 31: alpha=0.018626  teacher_rms=0.3452  v_rms=0.1853
    Layer 32: alpha=0.021930  teacher_rms=0.5106  v_rms=0.2328
    Layer 33: alpha=0.016345  teacher_rms=0.5964  v_rms=0.3649
    Layer 34: alpha=0.031180  teacher_rms=1.0165  v_rms=0.3260
    Layer 35: alpha=0.057466  teacher_rms=1.0378  v_rms=0.1806

  Set g_proj = v_proj * alpha in 35 GDN layers (damping=0.01).
  Init (taylor_distill) done in 395.5s
  Layer 6: PPL = 1123.63  (eval 13.1s)

============================================================
  Probing layer 7 | strategy=taylor_distill
============================================================
Loading checkpoint shards:   0%|          | 0/4 [00:00<?, ?it/s]Loading checkpoint shards: 100%|██████████| 4/4 [00:00<00:00, 93.85it/s]
Could not cache non-existence of file. Will ignore error and continue. Error: [Errno 13] Permission denied: '/data/shared/huggingface/hub/models--Qwen--Qwen3-8B/.no_exist/b968826d9c46dd6066d109eabc6255188de91218/model.safetensors'
Loading checkpoint shards:   0%|          | 0/5 [00:00<?, ?it/s]Loading checkpoint shards: 100%|██████████| 5/5 [00:00<00:00, 180.22it/s]
Token indices sequence length is longer than the specified maximum sequence length for this model (2429029 > 131072). Running this sequence through the model will result in indexing errors
  [Taylor Step 1/3] Gate calibration from attention stats...
    Layer  0: dist=[18, 2, 6, 20, 8, 14, 6, 7, 10, 4, 6, 7, 10, 18, 17, 5, 9, 11, 8, 8, 8, 12, 2, 7, 4, 26, 5, 26, 9, 19, 9, 8]
    Layer  1: dist=[12, 21, 14, 26, 2, 9, 17, 7, 25, 18, 32, 29, 18, 28, 28, 20, 17, 26, 31, 18, 28, 17, 21, 21, 26, 8, 25, 23, 41, 16, 20, 28]
    Layer  2: dist=[36, 36, 37, 32, 17, 27, 20, 24, 21, 24, 29, 33, 28, 25, 26, 34, 32, 26, 28, 22, 28, 36, 27, 27, 14, 14, 11, 19, 41, 42, 43, 41]
    Layer  3: dist=[40, 20, 9, 12, 49, 50, 46, 42, 30, 27, 33, 31, 49, 43, 42, 42, 35, 37, 29, 37, 42, 33, 32, 36, 35, 30, 29, 33, 39, 36, 40, 37]
    Layer  4: dist=[31, 35, 41, 36, 41, 33, 35, 48, 37, 38, 34, 34, 31, 31, 38, 35, 35, 37, 38, 39, 34, 35, 25, 34, 26, 32, 27, 21, 28, 33, 30, 30]
    Layer  5: dist=[23, 29, 30, 21, 36, 34, 29, 29, 4, 14, 40, 38, 31, 43, 32, 30, 23, 20, 28, 28, 29, 30, 27, 33, 38, 39, 43, 43, 26, 25, 29, 32]
    Layer  6: dist=[16, 22, 17, 17, 27, 24, 34, 32, 25, 12, 21, 20, 31, 34, 28, 16, 28, 20, 24, 23, 13, 18, 18, 8, 21, 24, 18, 28, 24, 25, 21, 27]
    Layer  8: dist=[45, 46, 49, 29, 43, 41, 35, 44, 46, 52, 43, 48, 51, 43, 49, 36, 60, 56, 54, 51, 44, 54, 51, 57, 47, 37, 51, 36, 44, 38, 42, 44]
    Layer  9: dist=[40, 32, 31, 36, 45, 49, 48, 40, 62, 61, 60, 56, 14, 46, 32, 45, 49, 53, 59, 62, 44, 40, 35, 41, 61, 44, 49, 54, 62, 57, 63, 61]
    Layer 10: dist=[39, 39, 30, 39, 46, 55, 33, 41, 34, 45, 55, 26, 49, 36, 42, 44, 45, 53, 52, 50, 46, 31, 56, 51, 51, 56, 47, 43, 40, 39, 44, 47]
    Layer 11: dist=[33, 33, 47, 27, 29, 36, 43, 42, 52, 62, 57, 49, 44, 33, 38, 39, 39, 36, 33, 25, 42, 56, 46, 46, 39, 32, 36, 32, 49, 34, 31, 48]
    Layer 12: dist=[12, 40, 39, 33, 43, 46, 39, 36, 33, 36, 44, 44, 50, 45, 45, 49, 21, 38, 29, 44, 55, 54, 53, 56, 49, 1, 56, 23, 43, 45, 59, 49]
    Layer 13: dist=[29, 36, 39, 36, 31, 29, 35, 22, 47, 36, 52, 61, 64, 58, 55, 62, 46, 39, 31, 36, 47, 33, 44, 46, 44, 33, 40, 41, 58, 56, 49, 51]
    Layer 14: dist=[25, 35, 34, 24, 39, 24, 35, 33, 31, 32, 37, 37, 36, 40, 35, 36, 41, 46, 31, 35, 33, 17, 28, 42, 27, 38, 40, 38, 43, 44, 5, 48]
    Layer 15: dist=[45, 27, 43, 23, 20, 22, 41, 33, 48, 33, 26, 54, 37, 56, 41, 47, 33, 33, 34, 36, 33, 30, 27, 27, 27, 20, 41, 37, 38, 47, 38, 28]
    Layer 16: dist=[37, 32, 42, 47, 29, 35, 26, 31, 29, 45, 40, 43, 49, 35, 44, 47, 38, 41, 34, 35, 59, 60, 57, 54, 39, 28, 34, 6, 32, 33, 36, 32]
    Layer 17: dist=[58, 50, 41, 34, 28, 31, 22, 25, 44, 54, 42, 49, 23, 32, 39, 39, 24, 29, 32, 22, 39, 51, 49, 48, 30, 28, 31, 26, 29, 43, 47, 36]
    Layer 18: dist=[20, 27, 19, 18, 29, 37, 39, 30, 37, 40, 37, 45, 34, 34, 31, 35, 26, 41, 42, 28, 38, 28, 37, 52, 31, 35, 35, 36, 30, 29, 43, 31]
    Layer 19: dist=[39, 33, 35, 35, 43, 54, 30, 38, 40, 44, 41, 48, 35, 31, 40, 35, 44, 42, 26, 29, 10, 28, 18, 27, 52, 54, 52, 58, 44, 43, 41, 41]
    Layer 20: dist=[46, 39, 44, 40, 41, 27, 28, 31, 23, 21, 26, 21, 48, 42, 48, 50, 24, 28, 31, 21, 38, 57, 52, 51, 63, 51, 53, 44, 49, 43, 55, 55]
    Layer 21: dist=[26, 25, 30, 35, 58, 33, 53, 58, 61, 33, 39, 38, 26, 24, 25, 23, 39, 40, 45, 32, 47, 52, 48, 49, 35, 34, 32, 44, 38, 40, 34, 47]
    Layer 22: dist=[39, 32, 37, 33, 28, 38, 24, 30, 21, 27, 24, 35, 9, 46, 32, 35, 18, 40, 40, 23, 53, 59, 60, 61, 51, 44, 46, 48, 57, 47, 53, 50]
    Layer 23: dist=[22, 18, 26, 22, 55, 55, 22, 50, 41, 20, 24, 31, 37, 36, 41, 39, 41, 38, 42, 48, 41, 46, 42, 40, 41, 39, 37, 51, 47, 44, 44, 39]
    Layer 24: dist=[40, 62, 57, 51, 50, 56, 54, 47, 52, 54, 52, 43, 41, 39, 47, 40, 42, 49, 44, 42, 60, 53, 52, 58, 31, 41, 39, 29, 50, 57, 51, 47]
    Layer 25: dist=[50, 60, 59, 49, 38, 38, 54, 42, 46, 52, 47, 48, 36, 45, 27, 37, 48, 50, 49, 45, 54, 56, 55, 55, 58, 56, 50, 55, 46, 61, 51, 45]
    Layer 26: dist=[43, 47, 57, 36, 59, 57, 59, 56, 52, 56, 53, 49, 52, 62, 60, 60, 43, 46, 53, 50, 53, 54, 60, 57, 53, 50, 54, 50, 58, 50, 59, 51]
    Layer 27: dist=[48, 55, 54, 59, 50, 53, 52, 44, 41, 52, 55, 52, 41, 56, 42, 45, 51, 53, 53, 53, 47, 56, 54, 44, 57, 59, 60, 60, 50, 44, 45, 60]
    Layer 28: dist=[53, 47, 54, 53, 41, 35, 40, 38, 52, 57, 47, 46, 57, 53, 48, 50, 57, 51, 53, 55, 59, 37, 32, 46, 47, 46, 50, 51, 46, 48, 35, 49]
    Layer 29: dist=[57, 58, 57, 58, 45, 56, 47, 58, 58, 57, 61, 54, 60, 61, 60, 61, 58, 56, 58, 60, 62, 61, 56, 62, 49, 59, 47, 49, 55, 51, 56, 56]
    Layer 30: dist=[40, 54, 51, 52, 53, 51, 48, 37, 60, 59, 58, 60, 53, 53, 57, 51, 52, 39, 61, 61, 29, 60, 53, 54, 60, 60, 61, 60, 55, 56, 54, 51]
    Layer 31: dist=[60, 58, 51, 49, 58, 59, 59, 59, 57, 41, 46, 47, 58, 59, 59, 58, 52, 53, 55, 48, 60, 59, 56, 59, 57, 56, 46, 60, 57, 55, 53, 57]
    Layer 32: dist=[56, 57, 58, 57, 58, 60, 59, 60, 56, 55, 59, 58, 48, 58, 54, 47, 58, 54, 54, 54, 62, 48, 57, 60, 36, 48, 44, 53, 58, 54, 51, 53]
    Layer 33: dist=[52, 61, 57, 60, 45, 52, 29, 47, 57, 58, 57, 58, 58, 59, 58, 59, 59, 59, 53, 56, 58, 49, 54, 57, 57, 59, 60, 59, 56, 56, 55, 53]
    Layer 34: dist=[56, 57, 58, 57, 55, 56, 55, 54, 25, 47, 54, 42, 58, 57, 60, 40, 42, 44, 62, 30, 58, 27, 59, 60, 61, 60, 62, 60, 26, 32, 35, 54]
    Layer 35: dist=[56, 62, 36, 50, 43, 19, 55, 48, 42, 51, 55, 49, 30, 17, 24, 22, 49, 45, 40, 27, 45, 52, 28, 27, 33, 27, 33, 35, 36, 57, 61, 58]

  [Taylor Step 2/3] OLS sigma per head (scaling V, streaming)...
    Layer  0: sigma=[0.255, 0.100, 0.100, 0.100, 0.197, 0.602, 0.100, 0.100, 0.100, 0.100, 0.141, 0.100, 0.100, 0.100, 0.100, 0.292, 0.100, 0.100, 0.100, 0.100, 0.100, 0.100, 0.100, 0.200, 0.100, 0.100, 0.579, 0.100, 0.254, 0.100, 0.100, 0.100]
    Layer  1: sigma=[0.279, 0.100, 0.100, 0.100, 0.100, 0.100, 0.100, 0.100, 0.100, 0.407, 0.279, 0.100, 0.100, 0.100, 0.100, 0.100, 0.100, 0.100, 0.100, 0.100, 0.100, 0.100, 0.100, 0.211, 0.100, 0.100, 0.180, 0.100, 0.100, 0.100, 0.100, 0.100]
    Layer  2: sigma=[0.151, 0.100, 0.100, 0.100, 0.100, 0.100, 0.100, 0.100, 0.157, 0.100, 0.100, 0.100, 0.100, 0.256, 0.100, 0.100, 0.100, 0.100, 0.100, 0.100, 0.100, 0.100, 0.100, 0.100, 0.100, 0.175, 0.100, 0.100, 0.100, 0.100, 0.100, 0.137]
    Layer  3: sigma=[0.100, 0.447, 0.100, 0.288, 0.100, 0.100, 0.100, 0.100, 0.100, 0.100, 0.100, 0.100, 0.100, 0.100, 0.100, 0.100, 0.100, 0.100, 0.124, 0.100, 0.100, 0.100, 0.100, 0.100, 0.100, 0.125, 0.108, 0.100, 0.100, 0.100, 0.100, 0.100]
    Layer  4: sigma=[0.100, 0.100, 0.100, 0.100, 0.100, 0.100, 0.100, 0.100, 0.100, 0.100, 0.100, 0.100, 0.100, 0.100, 0.100, 0.100, 0.100, 0.100, 0.100, 0.100, 0.100, 0.144, 0.320, 0.100, 0.100, 0.100, 0.100, 0.100, 0.100, 0.100, 0.100, 0.100]
    Layer  5: sigma=[0.100, 0.100, 0.123, 0.100, 0.100, 0.100, 0.100, 0.102, 0.100, 0.275, 0.100, 0.104, 0.100, 0.100, 0.100, 0.109, 0.100, 0.333, 0.100, 0.100, 0.100, 0.100, 0.100, 0.100, 0.100, 0.100, 0.100, 0.100, 0.100, 0.245, 0.100, 0.100]
    Layer  6: sigma=[0.100, 0.100, 0.159, 0.100, 0.111, 0.111, 0.100, 0.100, 0.100, 0.100, 0.100, 0.100, 0.100, 0.100, 0.100, 0.100, 0.100, 0.100, 0.100, 0.100, 0.239, 0.100, 0.100, 0.100, 0.100, 0.100, 0.104, 0.100, 0.100, 0.100, 0.100, 0.100]
    Layer  8: sigma=[0.100, 0.100, 0.100, 0.100, 0.100, 0.100, 0.100, 0.113, 0.100, 0.100, 0.100, 0.100, 0.100, 0.121, 0.100, 0.100, 0.100, 0.100, 0.100, 0.100, 0.100, 0.100, 0.100, 0.100, 0.100, 0.100, 0.100, 0.327, 0.100, 0.100, 0.100, 0.100]
    Layer  9: sigma=[0.100, 0.100, 0.124, 0.100, 0.100, 0.100, 0.100, 0.100, 0.100, 0.100, 0.100, 0.100, 0.100, 0.100, 0.773, 0.219, 0.100, 0.100, 0.100, 0.100, 0.140, 0.100, 0.100, 0.100, 0.100, 0.166, 0.100, 0.100, 0.100, 0.100, 0.100, 0.100]
    Layer 10: sigma=[0.100, 0.100, 0.100, 0.100, 0.100, 0.100, 0.100, 0.100, 0.133, 0.100, 0.100, 0.100, 0.100, 0.100, 0.100, 0.100, 0.100, 0.100, 0.100, 0.100, 0.100, 0.100, 0.100, 0.100, 0.100, 0.100, 0.100, 0.100, 0.106, 0.100, 0.111, 0.100]
    Layer 11: sigma=[0.100, 0.100, 0.100, 0.100, 0.212, 0.100, 0.166, 0.100, 0.100, 0.143, 0.100, 0.100, 0.150, 0.100, 0.254, 0.100, 0.100, 0.100, 0.100, 0.100, 0.100, 0.100, 0.100, 0.100, 0.100, 0.100, 0.248, 0.100, 0.100, 0.100, 0.102, 0.100]
    Layer 12: sigma=[0.100, 0.100, 0.100, 0.100, 0.100, 0.130, 0.100, 0.100, 0.100, 0.126, 0.100, 0.100, 0.100, 0.100, 0.100, 0.100, 0.100, 0.277, 0.504, 0.100, 0.100, 0.100, 0.100, 0.100, 0.100, 0.389, 0.100, 0.128, 0.100, 0.133, 0.138, 0.100]
    Layer 13: sigma=[0.261, 0.100, 0.100, 0.100, 0.100, 0.100, 0.100, 0.100, 0.100, 0.114, 0.129, 0.100, 0.100, 0.100, 0.100, 0.100, 0.100, 0.100, 0.100, 0.100, 0.100, 0.100, 0.100, 0.100, 0.100, 0.100, 0.100, 0.100, 0.100, 0.100, 0.100, 0.100]
    Layer 14: sigma=[0.100, 0.100, 0.106, 0.100, 0.100, 0.488, 0.100, 0.181, 0.100, 0.100, 0.100, 0.100, 0.100, 0.177, 0.100, 0.100, 0.100, 0.100, 0.167, 0.125, 0.100, 0.100, 0.100, 0.100, 0.100, 0.147, 0.100, 0.132, 0.100, 0.100, 0.169, 0.100]
    Layer 15: sigma=[0.100, 0.254, 0.100, 0.139, 0.247, 0.106, 0.100, 0.100, 0.100, 0.100, 0.100, 0.101, 0.253, 0.100, 0.100, 0.100, 0.100, 0.100, 0.103, 0.148, 0.100, 0.100, 0.100, 0.100, 0.292, 0.232, 0.100, 0.100, 0.100, 0.100, 0.100, 0.100]
    Layer 16: sigma=[0.351, 0.100, 0.100, 0.100, 0.100, 0.100, 0.100, 0.100, 0.100, 0.100, 0.100, 0.100, 0.100, 0.100, 0.100, 0.100, 0.100, 0.100, 0.100, 0.100, 0.100, 0.100, 0.100, 0.100, 0.100, 0.152, 0.100, 0.100, 0.100, 0.100, 0.100, 0.100]
    Layer 17: sigma=[0.100, 0.100, 0.100, 0.100, 0.100, 0.492, 0.100, 0.113, 0.103, 0.100, 0.100, 0.100, 0.100, 0.100, 0.100, 0.100, 0.344, 0.100, 0.100, 0.458, 0.100, 0.100, 0.100, 0.100, 0.100, 0.100, 0.378, 0.124, 0.100, 0.100, 0.100, 0.100]
    Layer 18: sigma=[0.100, 0.642, 0.100, 0.100, 0.100, 0.198, 0.100, 0.100, 0.100, 0.100, 0.100, 0.100, 0.100, 0.100, 0.100, 0.100, 0.398, 0.100, 0.100, 0.100, 0.100, 0.100, 0.100, 0.100, 0.100, 0.100, 0.100, 0.100, 0.100, 0.100, 0.100, 0.100]
    Layer 19: sigma=[0.100, 0.100, 0.100, 0.100, 0.100, 0.100, 0.210, 0.100, 0.100, 0.100, 0.100, 0.100, 0.295, 0.100, 0.100, 0.147, 0.100, 0.100, 0.100, 0.458, 0.100, 0.100, 0.100, 0.100, 0.101, 0.100, 0.100, 0.100, 0.100, 0.100, 0.100, 0.100]
    Layer 20: sigma=[0.100, 0.100, 0.172, 0.100, 0.100, 0.271, 0.119, 0.100, 0.100, 0.100, 0.100, 0.100, 0.100, 0.100, 0.100, 0.106, 0.184, 0.100, 0.100, 0.100, 0.100, 0.100, 0.100, 0.100, 0.100, 0.100, 0.100, 0.100, 0.100, 0.100, 0.100, 0.100]
    Layer 21: sigma=[0.100, 0.106, 0.100, 0.112, 0.100, 0.100, 0.100, 0.100, 0.100, 0.100, 0.100, 0.354, 0.100, 0.100, 0.100, 0.100, 0.100, 0.100, 0.100, 0.119, 0.100, 0.100, 0.100, 0.100, 0.100, 0.100, 0.100, 0.100, 0.100, 0.100, 0.344, 0.108]
    Layer 22: sigma=[0.188, 0.100, 0.100, 0.100, 0.162, 0.199, 0.120, 0.190, 0.190, 0.100, 0.100, 0.100, 0.100, 0.100, 0.100, 0.100, 0.100, 0.100, 0.100, 0.138, 0.100, 0.100, 0.100, 0.100, 0.100, 0.100, 0.100, 0.100, 0.100, 0.100, 0.100, 0.100]
    Layer 23: sigma=[0.184, 0.156, 0.207, 0.100, 0.100, 0.100, 0.259, 0.100, 0.100, 0.100, 0.100, 0.100, 0.100, 0.100, 0.100, 0.100, 0.100, 0.100, 0.100, 0.100, 0.100, 0.100, 0.100, 0.100, 0.100, 0.100, 0.100, 0.100, 0.100, 0.170, 0.253, 0.131]
    Layer 24: sigma=[0.100, 0.100, 0.100, 0.100, 0.100, 0.100, 0.100, 0.100, 0.136, 0.100, 0.100, 0.100, 0.100, 0.100, 0.100, 0.217, 0.100, 0.100, 0.100, 0.100, 0.100, 0.100, 0.100, 0.100, 0.345, 0.333, 0.241, 0.229, 0.100, 0.100, 0.100, 0.100]
    Layer 25: sigma=[0.100, 0.100, 0.100, 0.100, 0.100, 0.100, 0.100, 0.100, 0.100, 0.100, 0.100, 0.100, 0.100, 0.100, 0.100, 0.100, 0.100, 0.100, 0.100, 0.100, 0.100, 0.100, 0.100, 0.100, 0.100, 0.100, 0.100, 0.100, 0.100, 0.100, 0.100, 0.100]
    Layer 26: sigma=[0.100, 0.100, 0.100, 0.100, 0.100, 0.100, 0.100, 0.100, 0.100, 0.100, 0.100, 0.100, 0.100, 0.100, 0.100, 0.142, 0.100, 0.100, 0.100, 0.100, 0.100, 0.100, 0.100, 0.100, 0.100, 0.100, 0.100, 0.100, 0.100, 0.100, 0.100, 0.100]
    Layer 27: sigma=[0.103, 0.100, 0.100, 0.100, 0.100, 0.100, 0.100, 0.100, 0.100, 0.100, 0.100, 0.100, 0.100, 0.100, 0.100, 0.100, 0.100, 0.100, 0.100, 0.100, 0.100, 0.100, 0.100, 0.100, 0.100, 0.100, 0.100, 0.100, 0.100, 0.242, 0.100, 0.100]
    Layer 28: sigma=[0.100, 0.100, 0.100, 0.100, 0.100, 0.114, 0.100, 0.212, 0.100, 0.100, 0.100, 0.100, 0.100, 0.100, 0.100, 0.100, 0.100, 0.100, 0.100, 0.100, 0.100, 0.100, 0.100, 0.100, 0.100, 0.100, 0.100, 0.100, 0.100, 0.100, 0.100, 0.100]
    Layer 29: sigma=[0.100, 0.100, 0.100, 0.100, 0.100, 0.100, 0.100, 0.100, 0.100, 0.100, 0.100, 0.100, 0.100, 0.100, 0.100, 0.100, 0.100, 0.100, 0.100, 0.100, 0.100, 0.100, 0.100, 0.100, 0.100, 0.100, 0.100, 0.100, 0.100, 0.100, 0.100, 0.100]
    Layer 30: sigma=[0.100, 0.100, 0.100, 0.100, 0.100, 0.100, 0.100, 0.100, 0.100, 0.100, 0.100, 0.100, 0.100, 0.100, 0.100, 0.108, 0.100, 0.100, 0.100, 0.100, 0.100, 0.100, 0.100, 0.100, 0.100, 0.100, 0.100, 0.100, 0.100, 0.100, 0.100, 0.100]
    Layer 31: sigma=[0.100, 0.100, 0.100, 0.100, 0.100, 0.100, 0.100, 0.100, 0.100, 0.100, 0.100, 0.100, 0.100, 0.100, 0.100, 0.100, 0.100, 0.100, 0.100, 0.100, 0.100, 0.100, 0.100, 0.100, 0.100, 0.100, 0.100, 0.100, 0.100, 0.100, 0.100, 0.100]
    Layer 32: sigma=[0.100, 0.100, 0.100, 0.100, 0.100, 0.100, 0.100, 0.100, 0.100, 0.100, 0.100, 0.100, 0.100, 0.100, 0.100, 0.100, 0.100, 0.100, 0.100, 0.100, 0.100, 0.100, 0.100, 0.100, 0.100, 0.100, 0.100, 0.100, 0.100, 0.100, 0.100, 0.100]
    Layer 33: sigma=[0.100, 0.100, 0.100, 0.100, 0.100, 0.100, 0.100, 0.100, 0.100, 0.100, 0.100, 0.100, 0.100, 0.100, 0.100, 0.100, 0.100, 0.100, 0.100, 0.100, 0.100, 0.100, 0.100, 0.100, 0.100, 0.100, 0.100, 0.100, 0.100, 0.100, 0.100, 0.100]
    Layer 34: sigma=[0.100, 0.100, 0.100, 0.100, 0.100, 0.100, 0.100, 0.100, 0.100, 0.100, 0.100, 0.100, 0.100, 0.100, 0.100, 0.100, 0.100, 0.100, 0.100, 0.100, 0.100, 0.100, 0.100, 0.100, 0.100, 0.100, 0.100, 0.100, 0.100, 0.100, 0.100, 0.100]
    Layer 35: sigma=[0.100, 0.100, 0.100, 0.108, 0.120, 0.100, 0.100, 0.100, 0.100, 0.100, 0.100, 0.100, 0.100, 0.100, 0.100, 0.100, 0.100, 0.100, 0.100, 0.100, 0.100, 0.100, 0.133, 0.100, 0.100, 0.100, 0.100, 0.100, 0.100, 0.100, 0.100, 0.100]

  [Taylor Step 3/3] g_proj = v_proj * alpha (damping=0.01)...
    Layer  0: alpha=0.068895  teacher_rms=0.0168  v_rms=0.0024
    Layer  1: alpha=0.057869  teacher_rms=0.0216  v_rms=0.0037
    Layer  2: alpha=0.054898  teacher_rms=0.0222  v_rms=0.0041
    Layer  3: alpha=0.041837  teacher_rms=0.0261  v_rms=0.0062
    Layer  4: alpha=0.048972  teacher_rms=0.0316  v_rms=0.0065
    Layer  5: alpha=0.052576  teacher_rms=0.0412  v_rms=0.0078
    Layer  6: alpha=0.075264  teacher_rms=0.0646  v_rms=0.0086
    Layer  8: alpha=0.040393  teacher_rms=0.0695  v_rms=0.0172
    Layer  9: alpha=0.026570  teacher_rms=0.0701  v_rms=0.0264
    Layer 10: alpha=0.048950  teacher_rms=0.1071  v_rms=0.0219
    Layer 11: alpha=0.054201  teacher_rms=0.1038  v_rms=0.0192
    Layer 12: alpha=0.044010  teacher_rms=0.1177  v_rms=0.0268
    Layer 13: alpha=0.054394  teacher_rms=0.1013  v_rms=0.0186
    Layer 14: alpha=0.052654  teacher_rms=0.1546  v_rms=0.0294
    Layer 15: alpha=0.046165  teacher_rms=0.1546  v_rms=0.0335
    Layer 16: alpha=0.039350  teacher_rms=0.1446  v_rms=0.0367
    Layer 17: alpha=0.034846  teacher_rms=0.1762  v_rms=0.0506
    Layer 18: alpha=0.032677  teacher_rms=0.1919  v_rms=0.0587
    Layer 19: alpha=0.045388  teacher_rms=0.2023  v_rms=0.0446
    Layer 20: alpha=0.051900  teacher_rms=0.1938  v_rms=0.0373
    Layer 21: alpha=0.045730  teacher_rms=0.2301  v_rms=0.0503
    Layer 22: alpha=0.052175  teacher_rms=0.2755  v_rms=0.0528
    Layer 23: alpha=0.049248  teacher_rms=0.3026  v_rms=0.0614
    Layer 24: alpha=0.031930  teacher_rms=0.2864  v_rms=0.0897
    Layer 25: alpha=0.038418  teacher_rms=0.2261  v_rms=0.0589
    Layer 26: alpha=0.026876  teacher_rms=0.1994  v_rms=0.0742
    Layer 27: alpha=0.032176  teacher_rms=0.2900  v_rms=0.0901
    Layer 28: alpha=0.038881  teacher_rms=0.3530  v_rms=0.0908
    Layer 29: alpha=0.016275  teacher_rms=0.2479  v_rms=0.1523
    Layer 30: alpha=0.025816  teacher_rms=0.3921  v_rms=0.1519
    Layer 31: alpha=0.018626  teacher_rms=0.3452  v_rms=0.1853
    Layer 32: alpha=0.021930  teacher_rms=0.5106  v_rms=0.2328
    Layer 33: alpha=0.016345  teacher_rms=0.5964  v_rms=0.3649
    Layer 34: alpha=0.031180  teacher_rms=1.0165  v_rms=0.3260
    Layer 35: alpha=0.057530  teacher_rms=1.0378  v_rms=0.1804

  Set g_proj = v_proj * alpha in 35 GDN layers (damping=0.01).
  Init (taylor_distill) done in 337.8s
  Layer 7: PPL = 1339.14  (eval 13.5s)

============================================================
  Probing layer 8 | strategy=taylor_distill
============================================================
Loading checkpoint shards:   0%|          | 0/4 [00:00<?, ?it/s]Loading checkpoint shards: 100%|██████████| 4/4 [00:00<00:00, 147.49it/s]
Could not cache non-existence of file. Will ignore error and continue. Error: [Errno 13] Permission denied: '/data/shared/huggingface/hub/models--Qwen--Qwen3-8B/.no_exist/b968826d9c46dd6066d109eabc6255188de91218/model.safetensors'
Loading checkpoint shards:   0%|          | 0/5 [00:00<?, ?it/s]Loading checkpoint shards: 100%|██████████| 5/5 [00:00<00:00, 188.12it/s]
Token indices sequence length is longer than the specified maximum sequence length for this model (2429029 > 131072). Running this sequence through the model will result in indexing errors
  [Taylor Step 1/3] Gate calibration from attention stats...
    Layer  0: dist=[18, 2, 6, 20, 8, 14, 6, 7, 10, 4, 6, 7, 10, 18, 17, 5, 9, 11, 8, 8, 8, 12, 2, 7, 4, 26, 5, 26, 9, 19, 9, 8]
    Layer  1: dist=[12, 21, 14, 26, 2, 9, 17, 7, 25, 18, 32, 29, 18, 28, 28, 20, 17, 26, 31, 18, 28, 17, 21, 21, 26, 8, 25, 23, 41, 16, 20, 28]
    Layer  2: dist=[36, 36, 37, 32, 17, 27, 20, 24, 21, 24, 29, 33, 28, 25, 26, 34, 32, 26, 28, 22, 28, 36, 27, 27, 14, 14, 11, 19, 41, 42, 43, 41]
    Layer  3: dist=[40, 20, 9, 12, 49, 50, 46, 42, 30, 27, 33, 31, 49, 43, 42, 42, 35, 37, 29, 37, 42, 33, 32, 36, 35, 30, 29, 33, 39, 36, 40, 37]
    Layer  4: dist=[31, 35, 41, 36, 41, 33, 35, 48, 37, 38, 34, 34, 31, 31, 38, 35, 35, 37, 38, 39, 34, 35, 25, 34, 26, 32, 27, 21, 28, 33, 30, 30]
    Layer  5: dist=[23, 29, 30, 21, 36, 34, 29, 29, 4, 14, 40, 38, 31, 43, 32, 30, 23, 20, 28, 28, 29, 30, 27, 33, 38, 39, 43, 43, 26, 25, 29, 32]
    Layer  6: dist=[16, 22, 17, 17, 27, 24, 34, 32, 25, 12, 21, 20, 31, 34, 28, 16, 28, 20, 24, 23, 13, 18, 18, 8, 21, 24, 18, 28, 24, 25, 21, 27]
    Layer  7: dist=[31, 36, 33, 46, 63, 57, 63, 60, 45, 60, 53, 41, 54, 15, 30, 49, 42, 54, 44, 44, 54, 45, 58, 59, 34, 41, 25, 43, 49, 51, 49, 54]
    Layer  9: dist=[40, 32, 31, 36, 45, 49, 48, 40, 62, 61, 60, 56, 14, 46, 32, 45, 49, 53, 59, 62, 44, 40, 35, 41, 61, 44, 49, 54, 62, 57, 63, 61]
    Layer 10: dist=[39, 39, 30, 39, 46, 55, 33, 41, 34, 45, 55, 26, 49, 36, 42, 44, 45, 53, 52, 50, 46, 31, 56, 51, 51, 56, 47, 43, 40, 39, 44, 47]
    Layer 11: dist=[33, 33, 47, 27, 29, 36, 43, 42, 52, 62, 57, 49, 44, 33, 38, 39, 39, 36, 33, 25, 42, 56, 46, 46, 39, 32, 36, 32, 49, 34, 31, 48]
    Layer 12: dist=[12, 40, 39, 33, 43, 46, 39, 36, 33, 36, 44, 44, 50, 45, 45, 49, 21, 38, 29, 44, 55, 54, 53, 56, 49, 1, 56, 23, 43, 45, 59, 49]
    Layer 13: dist=[29, 36, 39, 36, 31, 29, 35, 22, 47, 36, 52, 61, 64, 58, 55, 62, 46, 39, 31, 36, 47, 33, 44, 46, 44, 33, 40, 41, 58, 56, 49, 51]
    Layer 14: dist=[25, 35, 34, 24, 39, 24, 35, 33, 31, 32, 37, 37, 36, 40, 35, 36, 41, 46, 31, 35, 33, 17, 28, 42, 27, 38, 40, 38, 43, 44, 5, 48]
    Layer 15: dist=[45, 27, 43, 23, 20, 22, 41, 33, 48, 33, 26, 54, 37, 56, 41, 47, 33, 33, 34, 36, 33, 30, 27, 27, 27, 20, 41, 37, 38, 47, 38, 28]
    Layer 16: dist=[37, 32, 42, 47, 29, 35, 26, 31, 29, 45, 40, 43, 49, 35, 44, 47, 38, 41, 34, 35, 59, 60, 57, 54, 39, 28, 34, 6, 32, 33, 36, 32]
    Layer 17: dist=[58, 50, 41, 34, 28, 31, 22, 25, 44, 54, 42, 49, 23, 32, 39, 39, 24, 29, 32, 22, 39, 51, 49, 48, 30, 28, 31, 26, 29, 43, 47, 36]
    Layer 18: dist=[20, 27, 19, 18, 29, 37, 39, 30, 37, 40, 37, 45, 34, 34, 31, 35, 26, 41, 42, 28, 38, 28, 37, 52, 31, 35, 35, 36, 30, 29, 43, 31]
    Layer 19: dist=[39, 33, 35, 35, 43, 54, 30, 38, 40, 44, 41, 48, 35, 31, 40, 35, 44, 42, 26, 29, 10, 28, 18, 27, 52, 54, 52, 58, 44, 43, 41, 41]
    Layer 20: dist=[46, 39, 44, 40, 41, 27, 28, 31, 23, 21, 26, 21, 48, 42, 48, 50, 24, 28, 31, 21, 38, 57, 52, 51, 63, 51, 53, 44, 49, 43, 55, 55]
    Layer 21: dist=[26, 25, 30, 35, 58, 33, 53, 58, 61, 33, 39, 38, 26, 24, 25, 23, 39, 40, 45, 32, 47, 52, 48, 49, 35, 34, 32, 44, 38, 40, 34, 47]
    Layer 22: dist=[39, 32, 37, 33, 28, 38, 24, 30, 21, 27, 24, 35, 9, 46, 32, 35, 18, 40, 40, 23, 53, 59, 60, 61, 51, 44, 46, 48, 57, 47, 53, 50]
    Layer 23: dist=[22, 18, 26, 22, 55, 55, 22, 50, 41, 20, 24, 31, 37, 36, 41, 39, 41, 38, 42, 48, 41, 46, 42, 40, 41, 39, 37, 51, 47, 44, 44, 39]
    Layer 24: dist=[40, 62, 57, 51, 50, 56, 54, 47, 52, 54, 52, 43, 41, 39, 47, 40, 42, 49, 44, 42, 60, 53, 52, 58, 31, 41, 39, 29, 50, 57, 51, 47]
    Layer 25: dist=[50, 60, 59, 49, 38, 38, 54, 42, 46, 52, 47, 48, 36, 45, 27, 37, 48, 50, 49, 45, 54, 56, 55, 55, 58, 56, 50, 55, 46, 61, 51, 45]
    Layer 26: dist=[43, 47, 57, 36, 59, 57, 59, 56, 52, 56, 53, 49, 52, 62, 60, 60, 43, 46, 53, 50, 53, 54, 60, 57, 53, 50, 54, 50, 58, 50, 59, 51]
    Layer 27: dist=[48, 55, 54, 59, 50, 53, 52, 44, 41, 52, 55, 52, 41, 56, 42, 45, 51, 53, 53, 53, 47, 56, 54, 44, 57, 59, 60, 60, 50, 44, 45, 60]
    Layer 28: dist=[53, 47, 54, 53, 41, 35, 40, 38, 52, 57, 47, 46, 57, 53, 48, 50, 57, 51, 53, 55, 59, 37, 32, 46, 47, 46, 50, 51, 46, 48, 35, 49]
    Layer 29: dist=[57, 58, 57, 58, 45, 56, 47, 58, 58, 57, 61, 54, 60, 61, 60, 61, 58, 56, 58, 60, 62, 61, 56, 62, 49, 59, 47, 49, 55, 51, 56, 56]
    Layer 30: dist=[40, 54, 51, 52, 53, 51, 48, 37, 60, 59, 58, 60, 53, 53, 57, 51, 52, 39, 61, 61, 29, 60, 53, 54, 60, 60, 61, 60, 55, 56, 54, 51]
    Layer 31: dist=[60, 58, 51, 49, 58, 59, 59, 59, 57, 41, 46, 47, 58, 59, 59, 58, 52, 53, 55, 48, 60, 59, 56, 59, 57, 56, 46, 60, 57, 55, 53, 57]
    Layer 32: dist=[56, 57, 58, 57, 58, 60, 59, 60, 56, 55, 59, 58, 48, 58, 54, 47, 58, 54, 54, 54, 62, 48, 57, 60, 36, 48, 44, 53, 58, 54, 51, 53]
    Layer 33: dist=[52, 61, 57, 60, 45, 52, 29, 47, 57, 58, 57, 58, 58, 59, 58, 59, 59, 59, 53, 56, 58, 49, 54, 57, 57, 59, 60, 59, 56, 56, 55, 53]
    Layer 34: dist=[56, 57, 58, 57, 55, 56, 55, 54, 25, 47, 54, 42, 58, 57, 60, 40, 42, 44, 62, 30, 58, 27, 59, 60, 61, 60, 62, 60, 26, 32, 35, 54]
    Layer 35: dist=[56, 62, 36, 50, 43, 19, 55, 48, 42, 51, 55, 49, 30, 17, 24, 22, 49, 45, 40, 27, 45, 52, 28, 27, 33, 27, 33, 35, 36, 57, 61, 58]

  [Taylor Step 2/3] OLS sigma per head (scaling V, streaming)...
    Layer  0: sigma=[0.259, 0.100, 0.100, 0.100, 0.196, 0.602, 0.100, 0.100, 0.100, 0.100, 0.142, 0.100, 0.100, 0.100, 0.100, 0.291, 0.100, 0.100, 0.100, 0.100, 0.100, 0.100, 0.100, 0.199, 0.100, 0.100, 0.578, 0.100, 0.252, 0.100, 0.100, 0.100]
    Layer  1: sigma=[0.279, 0.100, 0.100, 0.100, 0.100, 0.100, 0.100, 0.100, 0.100, 0.414, 0.277, 0.100, 0.100, 0.100, 0.100, 0.100, 0.100, 0.100, 0.100, 0.100, 0.100, 0.100, 0.100, 0.209, 0.100, 0.100, 0.179, 0.100, 0.100, 0.100, 0.100, 0.100]
    Layer  2: sigma=[0.151, 0.100, 0.100, 0.100, 0.100, 0.100, 0.100, 0.100, 0.158, 0.100, 0.100, 0.100, 0.100, 0.258, 0.100, 0.100, 0.100, 0.100, 0.100, 0.100, 0.100, 0.100, 0.100, 0.100, 0.100, 0.175, 0.100, 0.100, 0.100, 0.100, 0.100, 0.136]
    Layer  3: sigma=[0.100, 0.459, 0.100, 0.295, 0.100, 0.100, 0.100, 0.100, 0.100, 0.100, 0.100, 0.100, 0.100, 0.100, 0.100, 0.100, 0.100, 0.100, 0.125, 0.100, 0.100, 0.100, 0.100, 0.100, 0.100, 0.119, 0.111, 0.100, 0.100, 0.100, 0.100, 0.100]
    Layer  4: sigma=[0.100, 0.100, 0.100, 0.100, 0.100, 0.100, 0.100, 0.100, 0.100, 0.100, 0.100, 0.100, 0.100, 0.100, 0.100, 0.100, 0.100, 0.100, 0.100, 0.100, 0.100, 0.145, 0.322, 0.100, 0.100, 0.100, 0.100, 0.100, 0.100, 0.100, 0.100, 0.100]
    Layer  5: sigma=[0.100, 0.100, 0.122, 0.100, 0.100, 0.100, 0.100, 0.100, 0.100, 0.267, 0.100, 0.103, 0.100, 0.100, 0.100, 0.112, 0.100, 0.329, 0.100, 0.100, 0.100, 0.100, 0.100, 0.100, 0.100, 0.100, 0.100, 0.100, 0.100, 0.246, 0.100, 0.100]
    Layer  6: sigma=[0.100, 0.100, 0.152, 0.100, 0.115, 0.111, 0.100, 0.100, 0.100, 0.100, 0.100, 0.100, 0.100, 0.100, 0.100, 0.100, 0.100, 0.100, 0.100, 0.100, 0.241, 0.100, 0.100, 0.100, 0.100, 0.100, 0.100, 0.100, 0.100, 0.100, 0.100, 0.100]
    Layer  7: sigma=[0.100, 0.227, 0.100, 0.100, 0.135, 0.100, 0.100, 0.100, 0.100, 0.100, 0.100, 0.154, 0.100, 0.100, 0.100, 0.100, 0.100, 0.100, 0.100, 0.100, 0.100, 0.100, 0.100, 0.100, 0.100, 0.100, 0.100, 0.100, 0.100, 0.100, 0.100, 0.100]
    Layer  9: sigma=[0.100, 0.100, 0.126, 0.100, 0.100, 0.100, 0.100, 0.100, 0.100, 0.100, 0.100, 0.100, 0.100, 0.100, 0.747, 0.228, 0.100, 0.100, 0.100, 0.100, 0.133, 0.100, 0.100, 0.100, 0.100, 0.165, 0.100, 0.100, 0.100, 0.100, 0.100, 0.100]
    Layer 10: sigma=[0.100, 0.100, 0.100, 0.100, 0.100, 0.100, 0.100, 0.100, 0.155, 0.100, 0.100, 0.100, 0.100, 0.100, 0.100, 0.100, 0.100, 0.100, 0.100, 0.100, 0.100, 0.100, 0.100, 0.100, 0.100, 0.100, 0.100, 0.100, 0.106, 0.100, 0.108, 0.100]
    Layer 11: sigma=[0.100, 0.100, 0.100, 0.100, 0.220, 0.100, 0.162, 0.100, 0.100, 0.126, 0.100, 0.100, 0.150, 0.100, 0.287, 0.100, 0.100, 0.100, 0.100, 0.100, 0.100, 0.100, 0.100, 0.100, 0.100, 0.100, 0.253, 0.100, 0.100, 0.100, 0.103, 0.100]
    Layer 12: sigma=[0.100, 0.100, 0.100, 0.100, 0.100, 0.130, 0.100, 0.100, 0.100, 0.114, 0.100, 0.100, 0.100, 0.100, 0.100, 0.100, 0.100, 0.290, 0.444, 0.100, 0.100, 0.100, 0.100, 0.100, 0.100, 0.334, 0.100, 0.125, 0.100, 0.137, 0.137, 0.100]
    Layer 13: sigma=[0.265, 0.100, 0.100, 0.100, 0.100, 0.100, 0.100, 0.100, 0.100, 0.119, 0.127, 0.100, 0.100, 0.100, 0.100, 0.100, 0.100, 0.100, 0.100, 0.100, 0.100, 0.100, 0.100, 0.100, 0.100, 0.100, 0.100, 0.100, 0.100, 0.100, 0.100, 0.100]
    Layer 14: sigma=[0.100, 0.100, 0.100, 0.100, 0.100, 0.438, 0.100, 0.175, 0.100, 0.100, 0.110, 0.100, 0.100, 0.171, 0.100, 0.100, 0.100, 0.100, 0.179, 0.100, 0.100, 0.100, 0.100, 0.100, 0.100, 0.156, 0.100, 0.136, 0.100, 0.100, 0.100, 0.100]
    Layer 15: sigma=[0.100, 0.242, 0.100, 0.106, 0.231, 0.115, 0.100, 0.100, 0.100, 0.100, 0.100, 0.124, 0.259, 0.100, 0.100, 0.100, 0.100, 0.100, 0.105, 0.155, 0.100, 0.100, 0.100, 0.100, 0.273, 0.275, 0.100, 0.100, 0.100, 0.100, 0.100, 0.100]
    Layer 16: sigma=[0.357, 0.100, 0.100, 0.100, 0.100, 0.100, 0.100, 0.100, 0.100, 0.100, 0.100, 0.100, 0.100, 0.100, 0.100, 0.100, 0.100, 0.100, 0.100, 0.100, 0.100, 0.100, 0.100, 0.100, 0.100, 0.176, 0.100, 0.100, 0.100, 0.100, 0.100, 0.100]
    Layer 17: sigma=[0.100, 0.100, 0.100, 0.100, 0.100, 0.532, 0.100, 0.100, 0.105, 0.100, 0.100, 0.100, 0.100, 0.100, 0.100, 0.100, 0.295, 0.103, 0.100, 0.378, 0.100, 0.100, 0.100, 0.100, 0.100, 0.100, 0.373, 0.124, 0.100, 0.100, 0.100, 0.100]
    Layer 18: sigma=[0.100, 0.684, 0.100, 0.100, 0.100, 0.201, 0.100, 0.100, 0.100, 0.100, 0.100, 0.100, 0.100, 0.100, 0.100, 0.100, 0.449, 0.100, 0.100, 0.100, 0.100, 0.100, 0.100, 0.100, 0.100, 0.100, 0.100, 0.100, 0.100, 0.100, 0.100, 0.100]
    Layer 19: sigma=[0.100, 0.100, 0.100, 0.100, 0.100, 0.100, 0.267, 0.100, 0.100, 0.100, 0.100, 0.100, 0.236, 0.100, 0.100, 0.146, 0.100, 0.100, 0.100, 0.440, 0.100, 0.100, 0.100, 0.100, 0.112, 0.100, 0.100, 0.100, 0.100, 0.100, 0.100, 0.100]
    Layer 20: sigma=[0.100, 0.100, 0.192, 0.100, 0.100, 0.245, 0.157, 0.100, 0.100, 0.100, 0.100, 0.100, 0.100, 0.100, 0.100, 0.101, 0.189, 0.100, 0.100, 0.100, 0.100, 0.100, 0.100, 0.100, 0.100, 0.100, 0.100, 0.100, 0.100, 0.100, 0.100, 0.100]
    Layer 21: sigma=[0.100, 0.100, 0.100, 0.104, 0.100, 0.100, 0.100, 0.100, 0.100, 0.100, 0.100, 0.381, 0.100, 0.100, 0.172, 0.100, 0.100, 0.100, 0.100, 0.100, 0.100, 0.100, 0.100, 0.100, 0.100, 0.100, 0.100, 0.100, 0.100, 0.100, 0.406, 0.129]
    Layer 22: sigma=[0.160, 0.100, 0.100, 0.100, 0.155, 0.129, 0.138, 0.279, 0.255, 0.100, 0.100, 0.100, 0.100, 0.100, 0.100, 0.100, 0.100, 0.100, 0.100, 0.144, 0.100, 0.100, 0.100, 0.100, 0.100, 0.100, 0.100, 0.100, 0.100, 0.100, 0.100, 0.100]
    Layer 23: sigma=[0.194, 0.126, 0.203, 0.100, 0.149, 0.100, 0.197, 0.100, 0.100, 0.100, 0.100, 0.100, 0.100, 0.100, 0.100, 0.100, 0.100, 0.100, 0.100, 0.100, 0.100, 0.100, 0.100, 0.100, 0.100, 0.100, 0.100, 0.100, 0.100, 0.248, 0.254, 0.103]
    Layer 24: sigma=[0.100, 0.100, 0.100, 0.100, 0.100, 0.100, 0.100, 0.100, 0.145, 0.100, 0.100, 0.100, 0.100, 0.100, 0.100, 0.183, 0.100, 0.100, 0.100, 0.117, 0.100, 0.100, 0.100, 0.100, 0.210, 0.328, 0.100, 0.247, 0.100, 0.100, 0.100, 0.100]
    Layer 25: sigma=[0.100, 0.100, 0.100, 0.100, 0.100, 0.100, 0.100, 0.100, 0.100, 0.100, 0.100, 0.100, 0.100, 0.100, 0.100, 0.100, 0.100, 0.100, 0.100, 0.100, 0.100, 0.100, 0.100, 0.100, 0.100, 0.100, 0.100, 0.100, 0.100, 0.100, 0.100, 0.100]
    Layer 26: sigma=[0.100, 0.100, 0.100, 0.100, 0.100, 0.100, 0.100, 0.100, 0.100, 0.100, 0.100, 0.100, 0.100, 0.100, 0.100, 0.109, 0.100, 0.100, 0.100, 0.100, 0.100, 0.100, 0.100, 0.100, 0.100, 0.100, 0.100, 0.100, 0.100, 0.100, 0.100, 0.100]
    Layer 27: sigma=[0.100, 0.100, 0.100, 0.100, 0.100, 0.100, 0.100, 0.100, 0.100, 0.100, 0.100, 0.100, 0.100, 0.100, 0.100, 0.100, 0.100, 0.100, 0.100, 0.100, 0.100, 0.100, 0.100, 0.100, 0.100, 0.100, 0.100, 0.100, 0.100, 0.214, 0.100, 0.100]
    Layer 28: sigma=[0.100, 0.100, 0.100, 0.100, 0.100, 0.130, 0.106, 0.244, 0.100, 0.100, 0.100, 0.100, 0.100, 0.100, 0.100, 0.100, 0.100, 0.100, 0.100, 0.100, 0.100, 0.100, 0.100, 0.100, 0.100, 0.100, 0.100, 0.100, 0.100, 0.100, 0.100, 0.100]
    Layer 29: sigma=[0.100, 0.100, 0.100, 0.100, 0.100, 0.100, 0.100, 0.100, 0.100, 0.100, 0.100, 0.100, 0.100, 0.100, 0.100, 0.100, 0.100, 0.100, 0.100, 0.100, 0.100, 0.100, 0.100, 0.100, 0.100, 0.100, 0.100, 0.100, 0.100, 0.100, 0.100, 0.100]
    Layer 30: sigma=[0.100, 0.100, 0.100, 0.100, 0.100, 0.100, 0.100, 0.100, 0.100, 0.100, 0.100, 0.100, 0.100, 0.100, 0.100, 0.100, 0.100, 0.100, 0.100, 0.100, 0.100, 0.100, 0.100, 0.100, 0.100, 0.100, 0.100, 0.100, 0.100, 0.100, 0.100, 0.100]
    Layer 31: sigma=[0.100, 0.100, 0.100, 0.100, 0.100, 0.100, 0.100, 0.100, 0.100, 0.100, 0.100, 0.100, 0.100, 0.100, 0.100, 0.100, 0.100, 0.100, 0.100, 0.100, 0.100, 0.100, 0.100, 0.100, 0.100, 0.100, 0.100, 0.100, 0.100, 0.100, 0.100, 0.100]
    Layer 32: sigma=[0.100, 0.100, 0.100, 0.100, 0.100, 0.100, 0.100, 0.100, 0.100, 0.100, 0.100, 0.100, 0.100, 0.100, 0.100, 0.100, 0.100, 0.100, 0.100, 0.100, 0.100, 0.100, 0.100, 0.100, 0.100, 0.100, 0.100, 0.100, 0.100, 0.100, 0.100, 0.100]
    Layer 33: sigma=[0.100, 0.100, 0.100, 0.100, 0.100, 0.100, 0.100, 0.100, 0.100, 0.100, 0.100, 0.100, 0.100, 0.100, 0.100, 0.100, 0.100, 0.100, 0.100, 0.100, 0.100, 0.100, 0.100, 0.100, 0.100, 0.100, 0.100, 0.100, 0.100, 0.100, 0.100, 0.100]
    Layer 34: sigma=[0.100, 0.100, 0.100, 0.100, 0.100, 0.100, 0.100, 0.100, 0.100, 0.100, 0.100, 0.100, 0.100, 0.100, 0.100, 0.100, 0.100, 0.100, 0.100, 0.100, 0.100, 0.100, 0.100, 0.100, 0.100, 0.100, 0.100, 0.100, 0.100, 0.100, 0.100, 0.100]
    Layer 35: sigma=[0.100, 0.100, 0.100, 0.100, 0.107, 0.100, 0.100, 0.100, 0.100, 0.100, 0.100, 0.100, 0.100, 0.100, 0.100, 0.100, 0.100, 0.100, 0.100, 0.100, 0.100, 0.100, 0.138, 0.100, 0.100, 0.100, 0.100, 0.100, 0.100, 0.100, 0.100, 0.100]

  [Taylor Step 3/3] g_proj = v_proj * alpha (damping=0.01)...
    Layer  0: alpha=0.068861  teacher_rms=0.0168  v_rms=0.0024
    Layer  1: alpha=0.057745  teacher_rms=0.0216  v_rms=0.0037
    Layer  2: alpha=0.054838  teacher_rms=0.0222  v_rms=0.0041
    Layer  3: alpha=0.041387  teacher_rms=0.0261  v_rms=0.0063
    Layer  4: alpha=0.048914  teacher_rms=0.0316  v_rms=0.0065
    Layer  5: alpha=0.052835  teacher_rms=0.0412  v_rms=0.0078
    Layer  6: alpha=0.075361  teacher_rms=0.0646  v_rms=0.0086
    Layer  7: alpha=0.041002  teacher_rms=0.0510  v_rms=0.0124
    Layer  9: alpha=0.027110  teacher_rms=0.0701  v_rms=0.0259
    Layer 10: alpha=0.048608  teacher_rms=0.1071  v_rms=0.0220
    Layer 11: alpha=0.053171  teacher_rms=0.1038  v_rms=0.0195
    Layer 12: alpha=0.046843  teacher_rms=0.1177  v_rms=0.0251
    Layer 13: alpha=0.054224  teacher_rms=0.1013  v_rms=0.0187
    Layer 14: alpha=0.055690  teacher_rms=0.1546  v_rms=0.0278
    Layer 15: alpha=0.046395  teacher_rms=0.1546  v_rms=0.0333
    Layer 16: alpha=0.038879  teacher_rms=0.1446  v_rms=0.0372
    Layer 17: alpha=0.035297  teacher_rms=0.1762  v_rms=0.0499
    Layer 18: alpha=0.030960  teacher_rms=0.1919  v_rms=0.0620
    Layer 19: alpha=0.046200  teacher_rms=0.2023  v_rms=0.0438
    Layer 20: alpha=0.052060  teacher_rms=0.1938  v_rms=0.0372
    Layer 21: alpha=0.042093  teacher_rms=0.2301  v_rms=0.0547
    Layer 22: alpha=0.050584  teacher_rms=0.2755  v_rms=0.0545
    Layer 23: alpha=0.048619  teacher_rms=0.3026  v_rms=0.0622
    Layer 24: alpha=0.034664  teacher_rms=0.2864  v_rms=0.0826
    Layer 25: alpha=0.038418  teacher_rms=0.2261  v_rms=0.0589
    Layer 26: alpha=0.027303  teacher_rms=0.1994  v_rms=0.0730
    Layer 27: alpha=0.032773  teacher_rms=0.2900  v_rms=0.0885
    Layer 28: alpha=0.037924  teacher_rms=0.3530  v_rms=0.0931
    Layer 29: alpha=0.016275  teacher_rms=0.2479  v_rms=0.1523
    Layer 30: alpha=0.025867  teacher_rms=0.3921  v_rms=0.1516
    Layer 31: alpha=0.018626  teacher_rms=0.3452  v_rms=0.1853
    Layer 32: alpha=0.021930  teacher_rms=0.5106  v_rms=0.2328
    Layer 33: alpha=0.016345  teacher_rms=0.5964  v_rms=0.3649
    Layer 34: alpha=0.031180  teacher_rms=1.0165  v_rms=0.3260
    Layer 35: alpha=0.057790  teacher_rms=1.0378  v_rms=0.1796

  Set g_proj = v_proj * alpha in 35 GDN layers (damping=0.01).
  Init (taylor_distill) done in 334.3s
  Layer 8: PPL = 1137.65  (eval 13.3s)

============================================================
  Probing layer 9 | strategy=taylor_distill
============================================================
Loading checkpoint shards:   0%|          | 0/4 [00:00<?, ?it/s]Loading checkpoint shards: 100%|██████████| 4/4 [00:00<00:00, 147.95it/s]
Could not cache non-existence of file. Will ignore error and continue. Error: [Errno 13] Permission denied: '/data/shared/huggingface/hub/models--Qwen--Qwen3-8B/.no_exist/b968826d9c46dd6066d109eabc6255188de91218/model.safetensors'
Loading checkpoint shards:   0%|          | 0/5 [00:00<?, ?it/s]Loading checkpoint shards: 100%|██████████| 5/5 [00:00<00:00, 182.37it/s]
Token indices sequence length is longer than the specified maximum sequence length for this model (2429029 > 131072). Running this sequence through the model will result in indexing errors
  [Taylor Step 1/3] Gate calibration from attention stats...
    Layer  0: dist=[18, 2, 6, 20, 8, 14, 6, 7, 10, 4, 6, 7, 10, 18, 17, 5, 9, 11, 8, 8, 8, 12, 2, 7, 4, 26, 5, 26, 9, 19, 9, 8]
    Layer  1: dist=[12, 21, 14, 26, 2, 9, 17, 7, 25, 18, 32, 29, 18, 28, 28, 20, 17, 26, 31, 18, 28, 17, 21, 21, 26, 8, 25, 23, 41, 16, 20, 28]
    Layer  2: dist=[36, 36, 37, 32, 17, 27, 20, 24, 21, 24, 29, 33, 28, 25, 26, 34, 32, 26, 28, 22, 28, 36, 27, 27, 14, 14, 11, 19, 41, 42, 43, 41]
    Layer  3: dist=[40, 20, 9, 12, 49, 50, 46, 42, 30, 27, 33, 31, 49, 43, 42, 42, 35, 37, 29, 37, 42, 33, 32, 36, 35, 30, 29, 33, 39, 36, 40, 37]
    Layer  4: dist=[31, 35, 41, 36, 41, 33, 35, 48, 37, 38, 34, 34, 31, 31, 38, 35, 35, 37, 38, 39, 34, 35, 25, 34, 26, 32, 27, 21, 28, 33, 30, 30]
    Layer  5: dist=[23, 29, 30, 21, 36, 34, 29, 29, 4, 14, 40, 38, 31, 43, 32, 30, 23, 20, 28, 28, 29, 30, 27, 33, 38, 39, 43, 43, 26, 25, 29, 32]
    Layer  6: dist=[16, 22, 17, 17, 27, 24, 34, 32, 25, 12, 21, 20, 31, 34, 28, 16, 28, 20, 24, 23, 13, 18, 18, 8, 21, 24, 18, 28, 24, 25, 21, 27]
    Layer  7: dist=[31, 36, 33, 46, 63, 57, 63, 60, 45, 60, 53, 41, 54, 15, 30, 49, 42, 54, 44, 44, 54, 45, 58, 59, 34, 41, 25, 43, 49, 51, 49, 54]
    Layer  8: dist=[45, 46, 49, 29, 43, 41, 35, 44, 46, 52, 43, 48, 51, 43, 49, 36, 60, 56, 54, 51, 44, 54, 51, 57, 47, 37, 51, 36, 44, 38, 42, 44]
    Layer 10: dist=[39, 39, 30, 39, 46, 55, 33, 41, 34, 45, 55, 26, 49, 36, 42, 44, 45, 53, 52, 50, 46, 31, 56, 51, 51, 56, 47, 43, 40, 39, 44, 47]
    Layer 11: dist=[33, 33, 47, 27, 29, 36, 43, 42, 52, 62, 57, 49, 44, 33, 38, 39, 39, 36, 33, 25, 42, 56, 46, 46, 39, 32, 36, 32, 49, 34, 31, 48]
    Layer 12: dist=[12, 40, 39, 33, 43, 46, 39, 36, 33, 36, 44, 44, 50, 45, 45, 49, 21, 38, 29, 44, 55, 54, 53, 56, 49, 1, 56, 23, 43, 45, 59, 49]
    Layer 13: dist=[29, 36, 39, 36, 31, 29, 35, 22, 47, 36, 52, 61, 64, 58, 55, 62, 46, 39, 31, 36, 47, 33, 44, 46, 44, 33, 40, 41, 58, 56, 49, 51]
    Layer 14: dist=[25, 35, 34, 24, 39, 24, 35, 33, 31, 32, 37, 37, 36, 40, 35, 36, 41, 46, 31, 35, 33, 17, 28, 42, 27, 38, 40, 38, 43, 44, 5, 48]
    Layer 15: dist=[45, 27, 43, 23, 20, 22, 41, 33, 48, 33, 26, 54, 37, 56, 41, 47, 33, 33, 34, 36, 33, 30, 27, 27, 27, 20, 41, 37, 38, 47, 38, 28]
    Layer 16: dist=[37, 32, 42, 47, 29, 35, 26, 31, 29, 45, 40, 43, 49, 35, 44, 47, 38, 41, 34, 35, 59, 60, 57, 54, 39, 28, 34, 6, 32, 33, 36, 32]
    Layer 17: dist=[58, 50, 41, 34, 28, 31, 22, 25, 44, 54, 42, 49, 23, 32, 39, 39, 24, 29, 32, 22, 39, 51, 49, 48, 30, 28, 31, 26, 29, 43, 47, 36]
    Layer 18: dist=[20, 27, 19, 18, 29, 37, 39, 30, 37, 40, 37, 45, 34, 34, 31, 35, 26, 41, 42, 28, 38, 28, 37, 52, 31, 35, 35, 36, 30, 29, 43, 31]
    Layer 19: dist=[39, 33, 35, 35, 43, 54, 30, 38, 40, 44, 41, 48, 35, 31, 40, 35, 44, 42, 26, 29, 10, 28, 18, 27, 52, 54, 52, 58, 44, 43, 41, 41]
    Layer 20: dist=[46, 39, 44, 40, 41, 27, 28, 31, 23, 21, 26, 21, 48, 42, 48, 50, 24, 28, 31, 21, 38, 57, 52, 51, 63, 51, 53, 44, 49, 43, 55, 55]
    Layer 21: dist=[26, 25, 30, 35, 58, 33, 53, 58, 61, 33, 39, 38, 26, 24, 25, 23, 39, 40, 45, 32, 47, 52, 48, 49, 35, 34, 32, 44, 38, 40, 34, 47]
    Layer 22: dist=[39, 32, 37, 33, 28, 38, 24, 30, 21, 27, 24, 35, 9, 46, 32, 35, 18, 40, 40, 23, 53, 59, 60, 61, 51, 44, 46, 48, 57, 47, 53, 50]
    Layer 23: dist=[22, 18, 26, 22, 55, 55, 22, 50, 41, 20, 24, 31, 37, 36, 41, 39, 41, 38, 42, 48, 41, 46, 42, 40, 41, 39, 37, 51, 47, 44, 44, 39]
    Layer 24: dist=[40, 62, 57, 51, 50, 56, 54, 47, 52, 54, 52, 43, 41, 39, 47, 40, 42, 49, 44, 42, 60, 53, 52, 58, 31, 41, 39, 29, 50, 57, 51, 47]
    Layer 25: dist=[50, 60, 59, 49, 38, 38, 54, 42, 46, 52, 47, 48, 36, 45, 27, 37, 48, 50, 49, 45, 54, 56, 55, 55, 58, 56, 50, 55, 46, 61, 51, 45]
    Layer 26: dist=[43, 47, 57, 36, 59, 57, 59, 56, 52, 56, 53, 49, 52, 62, 60, 60, 43, 46, 53, 50, 53, 54, 60, 57, 53, 50, 54, 50, 58, 50, 59, 51]
    Layer 27: dist=[48, 55, 54, 59, 50, 53, 52, 44, 41, 52, 55, 52, 41, 56, 42, 45, 51, 53, 53, 53, 47, 56, 54, 44, 57, 59, 60, 60, 50, 44, 45, 60]
    Layer 28: dist=[53, 47, 54, 53, 41, 35, 40, 38, 52, 57, 47, 46, 57, 53, 48, 50, 57, 51, 53, 55, 59, 37, 32, 46, 47, 46, 50, 51, 46, 48, 35, 49]
    Layer 29: dist=[57, 58, 57, 58, 45, 56, 47, 58, 58, 57, 61, 54, 60, 61, 60, 61, 58, 56, 58, 60, 62, 61, 56, 62, 49, 59, 47, 49, 55, 51, 56, 56]
    Layer 30: dist=[40, 54, 51, 52, 53, 51, 48, 37, 60, 59, 58, 60, 53, 53, 57, 51, 52, 39, 61, 61, 29, 60, 53, 54, 60, 60, 61, 60, 55, 56, 54, 51]
    Layer 31: dist=[60, 58, 51, 49, 58, 59, 59, 59, 57, 41, 46, 47, 58, 59, 59, 58, 52, 53, 55, 48, 60, 59, 56, 59, 57, 56, 46, 60, 57, 55, 53, 57]
    Layer 32: dist=[56, 57, 58, 57, 58, 60, 59, 60, 56, 55, 59, 58, 48, 58, 54, 47, 58, 54, 54, 54, 62, 48, 57, 60, 36, 48, 44, 53, 58, 54, 51, 53]
    Layer 33: dist=[52, 61, 57, 60, 45, 52, 29, 47, 57, 58, 57, 58, 58, 59, 58, 59, 59, 59, 53, 56, 58, 49, 54, 57, 57, 59, 60, 59, 56, 56, 55, 53]
    Layer 34: dist=[56, 57, 58, 57, 55, 56, 55, 54, 25, 47, 54, 42, 58, 57, 60, 40, 42, 44, 62, 30, 58, 27, 59, 60, 61, 60, 62, 60, 26, 32, 35, 54]
    Layer 35: dist=[56, 62, 36, 50, 43, 19, 55, 48, 42, 51, 55, 49, 30, 17, 24, 22, 49, 45, 40, 27, 45, 52, 28, 27, 33, 27, 33, 35, 36, 57, 61, 58]

  [Taylor Step 2/3] OLS sigma per head (scaling V, streaming)...
    Layer  0: sigma=[0.256, 0.100, 0.100, 0.100, 0.199, 0.601, 0.100, 0.100, 0.100, 0.100, 0.141, 0.100, 0.100, 0.100, 0.100, 0.293, 0.100, 0.100, 0.100, 0.100, 0.100, 0.100, 0.100, 0.200, 0.100, 0.100, 0.578, 0.100, 0.254, 0.100, 0.100, 0.100]
    Layer  1: sigma=[0.278, 0.100, 0.100, 0.100, 0.100, 0.100, 0.100, 0.100, 0.100, 0.408, 0.280, 0.100, 0.100, 0.100, 0.100, 0.100, 0.100, 0.100, 0.100, 0.100, 0.100, 0.100, 0.100, 0.208, 0.100, 0.100, 0.179, 0.100, 0.100, 0.100, 0.100, 0.100]
    Layer  2: sigma=[0.152, 0.100, 0.100, 0.100, 0.100, 0.100, 0.100, 0.100, 0.159, 0.100, 0.100, 0.100, 0.100, 0.261, 0.100, 0.100, 0.100, 0.100, 0.100, 0.100, 0.100, 0.100, 0.100, 0.100, 0.100, 0.175, 0.100, 0.100, 0.100, 0.100, 0.100, 0.138]
    Layer  3: sigma=[0.100, 0.441, 0.100, 0.294, 0.100, 0.100, 0.100, 0.100, 0.100, 0.100, 0.100, 0.100, 0.100, 0.100, 0.100, 0.100, 0.100, 0.100, 0.124, 0.100, 0.100, 0.100, 0.100, 0.100, 0.100, 0.123, 0.110, 0.100, 0.100, 0.100, 0.100, 0.100]
    Layer  4: sigma=[0.100, 0.100, 0.100, 0.100, 0.100, 0.100, 0.100, 0.100, 0.100, 0.100, 0.100, 0.100, 0.100, 0.100, 0.100, 0.100, 0.100, 0.100, 0.100, 0.100, 0.100, 0.144, 0.319, 0.100, 0.100, 0.100, 0.100, 0.100, 0.100, 0.100, 0.100, 0.100]
    Layer  5: sigma=[0.100, 0.100, 0.107, 0.100, 0.100, 0.100, 0.100, 0.100, 0.100, 0.271, 0.100, 0.105, 0.100, 0.100, 0.100, 0.105, 0.100, 0.332, 0.100, 0.100, 0.100, 0.100, 0.100, 0.100, 0.100, 0.100, 0.100, 0.100, 0.100, 0.246, 0.100, 0.100]
    Layer  6: sigma=[0.100, 0.100, 0.160, 0.100, 0.110, 0.111, 0.100, 0.100, 0.100, 0.100, 0.100, 0.100, 0.100, 0.100, 0.100, 0.100, 0.100, 0.100, 0.100, 0.100, 0.238, 0.100, 0.100, 0.100, 0.100, 0.100, 0.102, 0.100, 0.100, 0.100, 0.100, 0.100]
    Layer  7: sigma=[0.100, 0.228, 0.100, 0.100, 0.124, 0.100, 0.100, 0.100, 0.100, 0.100, 0.100, 0.153, 0.100, 0.100, 0.100, 0.100, 0.100, 0.100, 0.100, 0.100, 0.100, 0.100, 0.100, 0.100, 0.100, 0.100, 0.100, 0.100, 0.100, 0.100, 0.100, 0.100]
    Layer  8: sigma=[0.100, 0.100, 0.100, 0.100, 0.100, 0.100, 0.100, 0.134, 0.100, 0.100, 0.100, 0.100, 0.100, 0.127, 0.100, 0.100, 0.100, 0.100, 0.100, 0.100, 0.100, 0.100, 0.100, 0.100, 0.100, 0.100, 0.100, 0.302, 0.100, 0.100, 0.100, 0.100]
    Layer 10: sigma=[0.100, 0.100, 0.100, 0.100, 0.100, 0.100, 0.100, 0.100, 0.155, 0.100, 0.100, 0.100, 0.100, 0.100, 0.100, 0.100, 0.100, 0.100, 0.100, 0.100, 0.100, 0.100, 0.100, 0.100, 0.100, 0.100, 0.100, 0.100, 0.105, 0.100, 0.107, 0.100]
    Layer 11: sigma=[0.100, 0.100, 0.100, 0.100, 0.217, 0.100, 0.170, 0.100, 0.100, 0.129, 0.100, 0.100, 0.151, 0.100, 0.278, 0.100, 0.100, 0.100, 0.100, 0.100, 0.100, 0.100, 0.100, 0.100, 0.100, 0.100, 0.237, 0.100, 0.100, 0.100, 0.103, 0.100]
    Layer 12: sigma=[0.100, 0.100, 0.100, 0.100, 0.100, 0.124, 0.100, 0.100, 0.100, 0.118, 0.100, 0.100, 0.100, 0.100, 0.100, 0.100, 0.100, 0.286, 0.529, 0.100, 0.100, 0.100, 0.100, 0.100, 0.100, 0.354, 0.100, 0.126, 0.100, 0.139, 0.136, 0.100]
    Layer 13: sigma=[0.248, 0.100, 0.100, 0.100, 0.100, 0.100, 0.100, 0.114, 0.100, 0.120, 0.126, 0.100, 0.100, 0.100, 0.100, 0.100, 0.100, 0.100, 0.100, 0.100, 0.100, 0.100, 0.100, 0.100, 0.100, 0.100, 0.100, 0.100, 0.100, 0.100, 0.100, 0.100]
    Layer 14: sigma=[0.100, 0.100, 0.108, 0.100, 0.100, 0.434, 0.100, 0.174, 0.100, 0.100, 0.100, 0.100, 0.100, 0.173, 0.100, 0.100, 0.100, 0.100, 0.156, 0.114, 0.100, 0.100, 0.100, 0.100, 0.100, 0.151, 0.100, 0.130, 0.100, 0.100, 0.140, 0.100]
    Layer 15: sigma=[0.100, 0.252, 0.100, 0.100, 0.210, 0.125, 0.100, 0.100, 0.100, 0.100, 0.100, 0.109, 0.245, 0.100, 0.100, 0.100, 0.100, 0.100, 0.103, 0.147, 0.100, 0.100, 0.100, 0.100, 0.292, 0.267, 0.100, 0.100, 0.100, 0.100, 0.100, 0.100]
    Layer 16: sigma=[0.340, 0.100, 0.100, 0.100, 0.100, 0.100, 0.100, 0.100, 0.100, 0.100, 0.100, 0.100, 0.100, 0.100, 0.100, 0.100, 0.100, 0.100, 0.100, 0.100, 0.100, 0.100, 0.100, 0.100, 0.100, 0.172, 0.100, 0.100, 0.100, 0.100, 0.100, 0.100]
    Layer 17: sigma=[0.100, 0.100, 0.100, 0.100, 0.100, 0.435, 0.100, 0.100, 0.105, 0.100, 0.100, 0.100, 0.100, 0.100, 0.100, 0.100, 0.331, 0.100, 0.100, 0.312, 0.100, 0.100, 0.100, 0.100, 0.102, 0.100, 0.390, 0.126, 0.100, 0.100, 0.100, 0.100]
    Layer 18: sigma=[0.100, 0.593, 0.100, 0.100, 0.100, 0.190, 0.100, 0.121, 0.100, 0.100, 0.100, 0.100, 0.100, 0.100, 0.100, 0.100, 0.411, 0.100, 0.100, 0.100, 0.100, 0.100, 0.100, 0.100, 0.100, 0.100, 0.100, 0.100, 0.100, 0.100, 0.100, 0.100]
    Layer 19: sigma=[0.100, 0.100, 0.100, 0.100, 0.100, 0.100, 0.296, 0.100, 0.100, 0.100, 0.100, 0.100, 0.285, 0.100, 0.100, 0.155, 0.100, 0.100, 0.100, 0.440, 0.100, 0.100, 0.100, 0.100, 0.100, 0.100, 0.100, 0.100, 0.100, 0.100, 0.100, 0.100]
    Layer 20: sigma=[0.100, 0.100, 0.194, 0.100, 0.100, 0.240, 0.128, 0.100, 0.100, 0.100, 0.100, 0.100, 0.100, 0.100, 0.100, 0.126, 0.191, 0.100, 0.100, 0.100, 0.114, 0.100, 0.100, 0.100, 0.100, 0.100, 0.100, 0.100, 0.100, 0.100, 0.100, 0.100]
    Layer 21: sigma=[0.100, 0.100, 0.100, 0.131, 0.100, 0.100, 0.100, 0.100, 0.100, 0.100, 0.100, 0.349, 0.100, 0.100, 0.117, 0.100, 0.100, 0.100, 0.100, 0.100, 0.100, 0.100, 0.100, 0.100, 0.149, 0.100, 0.100, 0.100, 0.100, 0.100, 0.241, 0.137]
    Layer 22: sigma=[0.172, 0.100, 0.100, 0.100, 0.165, 0.143, 0.114, 0.220, 0.211, 0.100, 0.100, 0.100, 0.100, 0.100, 0.100, 0.100, 0.100, 0.100, 0.100, 0.143, 0.100, 0.100, 0.100, 0.100, 0.100, 0.100, 0.100, 0.100, 0.100, 0.100, 0.100, 0.100]
    Layer 23: sigma=[0.181, 0.100, 0.250, 0.100, 0.125, 0.100, 0.204, 0.100, 0.100, 0.100, 0.100, 0.100, 0.100, 0.100, 0.100, 0.100, 0.100, 0.100, 0.100, 0.100, 0.100, 0.100, 0.100, 0.100, 0.100, 0.100, 0.100, 0.100, 0.100, 0.231, 0.199, 0.156]
    Layer 24: sigma=[0.100, 0.100, 0.100, 0.100, 0.100, 0.100, 0.100, 0.100, 0.123, 0.100, 0.100, 0.100, 0.100, 0.100, 0.100, 0.219, 0.100, 0.100, 0.100, 0.100, 0.100, 0.100, 0.100, 0.100, 0.236, 0.288, 0.336, 0.219, 0.100, 0.100, 0.100, 0.100]
    Layer 25: sigma=[0.100, 0.100, 0.100, 0.100, 0.100, 0.100, 0.100, 0.100, 0.100, 0.100, 0.100, 0.100, 0.100, 0.100, 0.100, 0.100, 0.100, 0.100, 0.100, 0.100, 0.100, 0.100, 0.100, 0.100, 0.100, 0.100, 0.100, 0.100, 0.100, 0.100, 0.100, 0.100]
    Layer 26: sigma=[0.100, 0.168, 0.100, 0.100, 0.100, 0.100, 0.100, 0.100, 0.100, 0.100, 0.100, 0.100, 0.100, 0.100, 0.100, 0.143, 0.100, 0.100, 0.100, 0.100, 0.100, 0.100, 0.100, 0.100, 0.100, 0.100, 0.100, 0.100, 0.100, 0.100, 0.100, 0.100]
    Layer 27: sigma=[0.100, 0.100, 0.100, 0.100, 0.100, 0.100, 0.100, 0.100, 0.100, 0.100, 0.100, 0.100, 0.100, 0.100, 0.100, 0.100, 0.100, 0.100, 0.100, 0.100, 0.100, 0.100, 0.100, 0.100, 0.100, 0.100, 0.100, 0.100, 0.100, 0.231, 0.100, 0.100]
    Layer 28: sigma=[0.100, 0.100, 0.100, 0.100, 0.117, 0.120, 0.100, 0.210, 0.100, 0.100, 0.100, 0.100, 0.100, 0.100, 0.100, 0.100, 0.100, 0.100, 0.100, 0.100, 0.100, 0.100, 0.100, 0.100, 0.100, 0.100, 0.100, 0.100, 0.100, 0.100, 0.100, 0.100]
    Layer 29: sigma=[0.100, 0.100, 0.100, 0.100, 0.100, 0.100, 0.100, 0.100, 0.100, 0.100, 0.100, 0.100, 0.100, 0.100, 0.100, 0.100, 0.100, 0.100, 0.100, 0.100, 0.100, 0.100, 0.100, 0.100, 0.100, 0.100, 0.100, 0.100, 0.100, 0.100, 0.100, 0.100]
    Layer 30: sigma=[0.100, 0.100, 0.100, 0.100, 0.100, 0.100, 0.100, 0.100, 0.100, 0.100, 0.100, 0.100, 0.100, 0.100, 0.100, 0.100, 0.100, 0.100, 0.100, 0.100, 0.100, 0.100, 0.100, 0.100, 0.100, 0.100, 0.100, 0.100, 0.100, 0.100, 0.100, 0.100]
    Layer 31: sigma=[0.100, 0.100, 0.100, 0.100, 0.100, 0.100, 0.100, 0.100, 0.100, 0.100, 0.100, 0.100, 0.100, 0.100, 0.100, 0.100, 0.100, 0.100, 0.100, 0.100, 0.100, 0.100, 0.100, 0.100, 0.100, 0.100, 0.100, 0.100, 0.100, 0.100, 0.100, 0.100]
    Layer 32: sigma=[0.100, 0.100, 0.100, 0.100, 0.100, 0.100, 0.100, 0.100, 0.100, 0.100, 0.100, 0.100, 0.100, 0.100, 0.100, 0.100, 0.100, 0.100, 0.100, 0.100, 0.100, 0.100, 0.100, 0.100, 0.100, 0.100, 0.100, 0.100, 0.100, 0.100, 0.100, 0.100]
    Layer 33: sigma=[0.100, 0.100, 0.100, 0.100, 0.100, 0.100, 0.118, 0.100, 0.100, 0.100, 0.100, 0.100, 0.100, 0.100, 0.100, 0.100, 0.100, 0.100, 0.100, 0.100, 0.100, 0.100, 0.100, 0.100, 0.100, 0.100, 0.100, 0.100, 0.100, 0.100, 0.100, 0.100]
    Layer 34: sigma=[0.100, 0.100, 0.100, 0.100, 0.100, 0.100, 0.100, 0.100, 0.100, 0.100, 0.100, 0.100, 0.105, 0.100, 0.100, 0.100, 0.100, 0.100, 0.100, 0.100, 0.100, 0.100, 0.100, 0.100, 0.100, 0.100, 0.100, 0.100, 0.100, 0.100, 0.100, 0.100]
    Layer 35: sigma=[0.100, 0.100, 0.100, 0.100, 0.122, 0.100, 0.100, 0.100, 0.100, 0.100, 0.100, 0.100, 0.100, 0.100, 0.100, 0.100, 0.100, 0.100, 0.100, 0.100, 0.100, 0.100, 0.109, 0.100, 0.100, 0.100, 0.100, 0.100, 0.100, 0.100, 0.100, 0.100]

  [Taylor Step 3/3] g_proj = v_proj * alpha (damping=0.01)...
    Layer  0: alpha=0.068900  teacher_rms=0.0168  v_rms=0.0024
    Layer  1: alpha=0.057904  teacher_rms=0.0216  v_rms=0.0037
    Layer  2: alpha=0.054672  teacher_rms=0.0222  v_rms=0.0041
    Layer  3: alpha=0.041908  teacher_rms=0.0261  v_rms=0.0062
    Layer  4: alpha=0.049004  teacher_rms=0.0316  v_rms=0.0064
    Layer  5: alpha=0.052958  teacher_rms=0.0412  v_rms=0.0078
    Layer  6: alpha=0.075313  teacher_rms=0.0646  v_rms=0.0086
    Layer  7: alpha=0.041149  teacher_rms=0.0510  v_rms=0.0124
    Layer  8: alpha=0.040921  teacher_rms=0.0695  v_rms=0.0170
    Layer 10: alpha=0.048636  teacher_rms=0.1071  v_rms=0.0220
    Layer 11: alpha=0.053761  teacher_rms=0.1038  v_rms=0.0193
    Layer 12: alpha=0.044087  teacher_rms=0.1177  v_rms=0.0267
    Layer 13: alpha=0.054267  teacher_rms=0.1013  v_rms=0.0187
    Layer 14: alpha=0.055684  teacher_rms=0.1546  v_rms=0.0278
    Layer 15: alpha=0.046594  teacher_rms=0.1546  v_rms=0.0332
    Layer 16: alpha=0.039334  teacher_rms=0.1446  v_rms=0.0368
    Layer 17: alpha=0.037016  teacher_rms=0.1762  v_rms=0.0476
    Layer 18: alpha=0.034293  teacher_rms=0.1919  v_rms=0.0560
    Layer 19: alpha=0.044367  teacher_rms=0.2023  v_rms=0.0456
    Layer 20: alpha=0.052130  teacher_rms=0.1938  v_rms=0.0372
    Layer 21: alpha=0.048403  teacher_rms=0.2301  v_rms=0.0475
    Layer 22: alpha=0.052519  teacher_rms=0.2755  v_rms=0.0525
    Layer 23: alpha=0.049728  teacher_rms=0.3026  v_rms=0.0609
    Layer 24: alpha=0.031625  teacher_rms=0.2864  v_rms=0.0906
    Layer 25: alpha=0.038418  teacher_rms=0.2261  v_rms=0.0589
    Layer 26: alpha=0.026179  teacher_rms=0.1994  v_rms=0.0762
    Layer 27: alpha=0.032431  teacher_rms=0.2900  v_rms=0.0894
    Layer 28: alpha=0.038582  teacher_rms=0.3530  v_rms=0.0915
    Layer 29: alpha=0.016275  teacher_rms=0.2479  v_rms=0.1523
    Layer 30: alpha=0.025867  teacher_rms=0.3921  v_rms=0.1516
    Layer 31: alpha=0.018626  teacher_rms=0.3452  v_rms=0.1853
    Layer 32: alpha=0.021930  teacher_rms=0.5106  v_rms=0.2328
    Layer 33: alpha=0.016321  teacher_rms=0.5964  v_rms=0.3654
    Layer 34: alpha=0.031075  teacher_rms=1.0165  v_rms=0.3271
    Layer 35: alpha=0.058022  teacher_rms=1.0378  v_rms=0.1789

  Set g_proj = v_proj * alpha in 35 GDN layers (damping=0.01).
  Init (taylor_distill) done in 336.2s
  Layer 9: PPL = 1188.09  (eval 13.4s)

============================================================
  Probing layer 10 | strategy=taylor_distill
============================================================
Loading checkpoint shards:   0%|          | 0/4 [00:00<?, ?it/s]Loading checkpoint shards: 100%|██████████| 4/4 [00:00<00:00, 108.51it/s]
Could not cache non-existence of file. Will ignore error and continue. Error: [Errno 13] Permission denied: '/data/shared/huggingface/hub/models--Qwen--Qwen3-8B/.no_exist/b968826d9c46dd6066d109eabc6255188de91218/model.safetensors'
Loading checkpoint shards:   0%|          | 0/5 [00:00<?, ?it/s]Loading checkpoint shards:  80%|████████  | 4/5 [00:00<00:00, 36.71it/s]Loading checkpoint shards: 100%|██████████| 5/5 [00:00<00:00, 39.95it/s]
Token indices sequence length is longer than the specified maximum sequence length for this model (2429029 > 131072). Running this sequence through the model will result in indexing errors
  [Taylor Step 1/3] Gate calibration from attention stats...
    Layer  0: dist=[18, 2, 6, 20, 8, 14, 6, 7, 10, 4, 6, 7, 10, 18, 17, 5, 9, 11, 8, 8, 8, 12, 2, 7, 4, 26, 5, 26, 9, 19, 9, 8]
    Layer  1: dist=[12, 21, 14, 26, 2, 9, 17, 7, 25, 18, 32, 29, 18, 28, 28, 20, 17, 26, 31, 18, 28, 17, 21, 21, 26, 8, 25, 23, 41, 16, 20, 28]
    Layer  2: dist=[36, 36, 37, 32, 17, 27, 20, 24, 21, 24, 29, 33, 28, 25, 26, 34, 32, 26, 28, 22, 28, 36, 27, 27, 14, 14, 11, 19, 41, 42, 43, 41]
    Layer  3: dist=[40, 20, 9, 12, 49, 50, 46, 42, 30, 27, 33, 31, 49, 43, 42, 42, 35, 37, 29, 37, 42, 33, 32, 36, 35, 30, 29, 33, 39, 36, 40, 37]
    Layer  4: dist=[31, 35, 41, 36, 41, 33, 35, 48, 37, 38, 34, 34, 31, 31, 38, 35, 35, 37, 38, 39, 34, 35, 25, 34, 26, 32, 27, 21, 28, 33, 30, 30]
    Layer  5: dist=[23, 29, 30, 21, 36, 34, 29, 29, 4, 14, 40, 38, 31, 43, 32, 30, 23, 20, 28, 28, 29, 30, 27, 33, 38, 39, 43, 43, 26, 25, 29, 32]
    Layer  6: dist=[16, 22, 17, 17, 27, 24, 34, 32, 25, 12, 21, 20, 31, 34, 28, 16, 28, 20, 24, 23, 13, 18, 18, 8, 21, 24, 18, 28, 24, 25, 21, 27]
    Layer  7: dist=[31, 36, 33, 46, 63, 57, 63, 60, 45, 60, 53, 41, 54, 15, 30, 49, 42, 54, 44, 44, 54, 45, 58, 59, 34, 41, 25, 43, 49, 51, 49, 54]
    Layer  8: dist=[45, 46, 49, 29, 43, 41, 35, 44, 46, 52, 43, 48, 51, 43, 49, 36, 60, 56, 54, 51, 44, 54, 51, 57, 47, 37, 51, 36, 44, 38, 42, 44]
    Layer  9: dist=[40, 32, 31, 36, 45, 49, 48, 40, 62, 61, 60, 56, 14, 46, 32, 45, 49, 53, 59, 62, 44, 40, 35, 41, 61, 44, 49, 54, 62, 57, 63, 61]
    Layer 11: dist=[33, 33, 47, 27, 29, 36, 43, 42, 52, 62, 57, 49, 44, 33, 38, 39, 39, 36, 33, 25, 42, 56, 46, 46, 39, 32, 36, 32, 49, 34, 31, 48]
    Layer 12: dist=[12, 40, 39, 33, 43, 46, 39, 36, 33, 36, 44, 44, 50, 45, 45, 49, 21, 38, 29, 44, 55, 54, 53, 56, 49, 1, 56, 23, 43, 45, 59, 49]
    Layer 13: dist=[29, 36, 39, 36, 31, 29, 35, 22, 47, 36, 52, 61, 64, 58, 55, 62, 46, 39, 31, 36, 47, 33, 44, 46, 44, 33, 40, 41, 58, 56, 49, 51]
    Layer 14: dist=[25, 35, 34, 24, 39, 24, 35, 33, 31, 32, 37, 37, 36, 40, 35, 36, 41, 46, 31, 35, 33, 17, 28, 42, 27, 38, 40, 38, 43, 44, 5, 48]
    Layer 15: dist=[45, 27, 43, 23, 20, 22, 41, 33, 48, 33, 26, 54, 37, 56, 41, 47, 33, 33, 34, 36, 33, 30, 27, 27, 27, 20, 41, 37, 38, 47, 38, 28]
    Layer 16: dist=[37, 32, 42, 47, 29, 35, 26, 31, 29, 45, 40, 43, 49, 35, 44, 47, 38, 41, 34, 35, 59, 60, 57, 54, 39, 28, 34, 6, 32, 33, 36, 32]
    Layer 17: dist=[58, 50, 41, 34, 28, 31, 22, 25, 44, 54, 42, 49, 23, 32, 39, 39, 24, 29, 32, 22, 39, 51, 49, 48, 30, 28, 31, 26, 29, 43, 47, 36]
    Layer 18: dist=[20, 27, 19, 18, 29, 37, 39, 30, 37, 40, 37, 45, 34, 34, 31, 35, 26, 41, 42, 28, 38, 28, 37, 52, 31, 35, 35, 36, 30, 29, 43, 31]
    Layer 19: dist=[39, 33, 35, 35, 43, 54, 30, 38, 40, 44, 41, 48, 35, 31, 40, 35, 44, 42, 26, 29, 10, 28, 18, 27, 52, 54, 52, 58, 44, 43, 41, 41]
    Layer 20: dist=[46, 39, 44, 40, 41, 27, 28, 31, 23, 21, 26, 21, 48, 42, 48, 50, 24, 28, 31, 21, 38, 57, 52, 51, 63, 51, 53, 44, 49, 43, 55, 55]
    Layer 21: dist=[26, 25, 30, 35, 58, 33, 53, 58, 61, 33, 39, 38, 26, 24, 25, 23, 39, 40, 45, 32, 47, 52, 48, 49, 35, 34, 32, 44, 38, 40, 34, 47]
    Layer 22: dist=[39, 32, 37, 33, 28, 38, 24, 30, 21, 27, 24, 35, 9, 46, 32, 35, 18, 40, 40, 23, 53, 59, 60, 61, 51, 44, 46, 48, 57, 47, 53, 50]
    Layer 23: dist=[22, 18, 26, 22, 55, 55, 22, 50, 41, 20, 24, 31, 37, 36, 41, 39, 41, 38, 42, 48, 41, 46, 42, 40, 41, 39, 37, 51, 47, 44, 44, 39]
    Layer 24: dist=[40, 62, 57, 51, 50, 56, 54, 47, 52, 54, 52, 43, 41, 39, 47, 40, 42, 49, 44, 42, 60, 53, 52, 58, 31, 41, 39, 29, 50, 57, 51, 47]
    Layer 25: dist=[50, 60, 59, 49, 38, 38, 54, 42, 46, 52, 47, 48, 36, 45, 27, 37, 48, 50, 49, 45, 54, 56, 55, 55, 58, 56, 50, 55, 46, 61, 51, 45]
    Layer 26: dist=[43, 47, 57, 36, 59, 57, 59, 56, 52, 56, 53, 49, 52, 62, 60, 60, 43, 46, 53, 50, 53, 54, 60, 57, 53, 50, 54, 50, 58, 50, 59, 51]
    Layer 27: dist=[48, 55, 54, 59, 50, 53, 52, 44, 41, 52, 55, 52, 41, 56, 42, 45, 51, 53, 53, 53, 47, 56, 54, 44, 57, 59, 60, 60, 50, 44, 45, 60]
    Layer 28: dist=[53, 47, 54, 53, 41, 35, 40, 38, 52, 57, 47, 46, 57, 53, 48, 50, 57, 51, 53, 55, 59, 37, 32, 46, 47, 46, 50, 51, 46, 48, 35, 49]
    Layer 29: dist=[57, 58, 57, 58, 45, 56, 47, 58, 58, 57, 61, 54, 60, 61, 60, 61, 58, 56, 58, 60, 62, 61, 56, 62, 49, 59, 47, 49, 55, 51, 56, 56]
    Layer 30: dist=[40, 54, 51, 52, 53, 51, 48, 37, 60, 59, 58, 60, 53, 53, 57, 51, 52, 39, 61, 61, 29, 60, 53, 54, 60, 60, 61, 60, 55, 56, 54, 51]
    Layer 31: dist=[60, 58, 51, 49, 58, 59, 59, 59, 57, 41, 46, 47, 58, 59, 59, 58, 52, 53, 55, 48, 60, 59, 56, 59, 57, 56, 46, 60, 57, 55, 53, 57]
    Layer 32: dist=[56, 57, 58, 57, 58, 60, 59, 60, 56, 55, 59, 58, 48, 58, 54, 47, 58, 54, 54, 54, 62, 48, 57, 60, 36, 48, 44, 53, 58, 54, 51, 53]
    Layer 33: dist=[52, 61, 57, 60, 45, 52, 29, 47, 57, 58, 57, 58, 58, 59, 58, 59, 59, 59, 53, 56, 58, 49, 54, 57, 57, 59, 60, 59, 56, 56, 55, 53]
    Layer 34: dist=[56, 57, 58, 57, 55, 56, 55, 54, 25, 47, 54, 42, 58, 57, 60, 40, 42, 44, 62, 30, 58, 27, 59, 60, 61, 60, 62, 60, 26, 32, 35, 54]
    Layer 35: dist=[56, 62, 36, 50, 43, 19, 55, 48, 42, 51, 55, 49, 30, 17, 24, 22, 49, 45, 40, 27, 45, 52, 28, 27, 33, 27, 33, 35, 36, 57, 61, 58]

  [Taylor Step 2/3] OLS sigma per head (scaling V, streaming)...
    Layer  0: sigma=[0.258, 0.100, 0.100, 0.100, 0.198, 0.600, 0.100, 0.100, 0.100, 0.100, 0.142, 0.100, 0.100, 0.100, 0.100, 0.291, 0.100, 0.100, 0.100, 0.100, 0.100, 0.100, 0.100, 0.199, 0.100, 0.100, 0.579, 0.100, 0.253, 0.100, 0.100, 0.100]
    Layer  1: sigma=[0.280, 0.100, 0.100, 0.100, 0.100, 0.100, 0.100, 0.100, 0.100, 0.400, 0.279, 0.100, 0.100, 0.100, 0.100, 0.100, 0.100, 0.100, 0.100, 0.100, 0.100, 0.100, 0.100, 0.209, 0.100, 0.100, 0.178, 0.100, 0.100, 0.100, 0.100, 0.100]
    Layer  2: sigma=[0.153, 0.100, 0.100, 0.100, 0.100, 0.100, 0.100, 0.100, 0.156, 0.100, 0.100, 0.100, 0.100, 0.257, 0.100, 0.100, 0.100, 0.100, 0.100, 0.100, 0.100, 0.100, 0.100, 0.100, 0.100, 0.171, 0.100, 0.100, 0.100, 0.100, 0.100, 0.140]
    Layer  3: sigma=[0.100, 0.452, 0.100, 0.291, 0.100, 0.100, 0.100, 0.100, 0.100, 0.100, 0.100, 0.100, 0.100, 0.100, 0.100, 0.100, 0.100, 0.100, 0.121, 0.100, 0.100, 0.100, 0.100, 0.100, 0.100, 0.124, 0.110, 0.100, 0.100, 0.100, 0.100, 0.100]
    Layer  4: sigma=[0.100, 0.100, 0.100, 0.100, 0.100, 0.100, 0.100, 0.100, 0.100, 0.100, 0.100, 0.100, 0.100, 0.100, 0.100, 0.100, 0.100, 0.100, 0.100, 0.100, 0.100, 0.146, 0.310, 0.100, 0.100, 0.100, 0.100, 0.100, 0.100, 0.100, 0.100, 0.100]
    Layer  5: sigma=[0.100, 0.100, 0.110, 0.100, 0.100, 0.100, 0.100, 0.100, 0.100, 0.281, 0.100, 0.106, 0.100, 0.100, 0.100, 0.111, 0.100, 0.333, 0.100, 0.100, 0.100, 0.100, 0.100, 0.100, 0.100, 0.100, 0.100, 0.100, 0.100, 0.250, 0.100, 0.100]
    Layer  6: sigma=[0.100, 0.100, 0.163, 0.100, 0.117, 0.113, 0.100, 0.100, 0.100, 0.100, 0.100, 0.100, 0.100, 0.100, 0.100, 0.100, 0.100, 0.100, 0.100, 0.100, 0.236, 0.100, 0.100, 0.100, 0.100, 0.100, 0.103, 0.100, 0.100, 0.100, 0.100, 0.100]
    Layer  7: sigma=[0.100, 0.247, 0.100, 0.100, 0.131, 0.100, 0.100, 0.100, 0.100, 0.100, 0.100, 0.155, 0.100, 0.100, 0.100, 0.100, 0.100, 0.100, 0.100, 0.100, 0.100, 0.100, 0.100, 0.100, 0.100, 0.100, 0.100, 0.100, 0.100, 0.100, 0.100, 0.100]
    Layer  8: sigma=[0.100, 0.100, 0.100, 0.100, 0.100, 0.100, 0.100, 0.126, 0.100, 0.100, 0.100, 0.100, 0.100, 0.129, 0.100, 0.100, 0.100, 0.100, 0.100, 0.100, 0.100, 0.100, 0.100, 0.100, 0.100, 0.100, 0.100, 0.318, 0.100, 0.100, 0.100, 0.100]
    Layer  9: sigma=[0.100, 0.100, 0.124, 0.100, 0.100, 0.100, 0.100, 0.100, 0.100, 0.100, 0.100, 0.100, 0.100, 0.100, 0.744, 0.222, 0.100, 0.100, 0.100, 0.100, 0.149, 0.100, 0.107, 0.100, 0.100, 0.163, 0.100, 0.100, 0.100, 0.100, 0.100, 0.100]
    Layer 11: sigma=[0.100, 0.100, 0.100, 0.100, 0.219, 0.100, 0.170, 0.100, 0.100, 0.142, 0.100, 0.100, 0.146, 0.100, 0.249, 0.100, 0.100, 0.100, 0.100, 0.100, 0.100, 0.100, 0.100, 0.100, 0.100, 0.100, 0.253, 0.100, 0.100, 0.100, 0.103, 0.100]
    Layer 12: sigma=[0.100, 0.100, 0.100, 0.100, 0.100, 0.116, 0.100, 0.100, 0.100, 0.121, 0.100, 0.100, 0.100, 0.100, 0.100, 0.100, 0.100, 0.261, 0.468, 0.100, 0.100, 0.100, 0.100, 0.100, 0.100, 0.336, 0.100, 0.137, 0.100, 0.140, 0.129, 0.100]
    Layer 13: sigma=[0.260, 0.100, 0.100, 0.100, 0.100, 0.100, 0.100, 0.100, 0.100, 0.123, 0.126, 0.100, 0.100, 0.100, 0.100, 0.100, 0.100, 0.100, 0.100, 0.100, 0.100, 0.100, 0.100, 0.100, 0.100, 0.100, 0.100, 0.100, 0.100, 0.100, 0.100, 0.100]
    Layer 14: sigma=[0.100, 0.100, 0.104, 0.100, 0.100, 0.453, 0.100, 0.167, 0.100, 0.100, 0.100, 0.100, 0.100, 0.185, 0.100, 0.100, 0.100, 0.100, 0.157, 0.134, 0.100, 0.100, 0.100, 0.100, 0.100, 0.165, 0.100, 0.132, 0.100, 0.100, 0.158, 0.100]
    Layer 15: sigma=[0.100, 0.223, 0.100, 0.115, 0.213, 0.104, 0.100, 0.100, 0.100, 0.100, 0.100, 0.125, 0.260, 0.100, 0.100, 0.100, 0.100, 0.100, 0.106, 0.139, 0.100, 0.100, 0.100, 0.100, 0.275, 0.284, 0.100, 0.100, 0.100, 0.100, 0.100, 0.100]
    Layer 16: sigma=[0.352, 0.100, 0.100, 0.100, 0.100, 0.100, 0.100, 0.100, 0.100, 0.100, 0.100, 0.100, 0.100, 0.100, 0.100, 0.100, 0.100, 0.100, 0.100, 0.100, 0.100, 0.100, 0.100, 0.100, 0.100, 0.142, 0.100, 0.100, 0.100, 0.100, 0.100, 0.100]
    Layer 17: sigma=[0.100, 0.100, 0.100, 0.100, 0.100, 0.491, 0.100, 0.100, 0.111, 0.100, 0.100, 0.100, 0.100, 0.100, 0.100, 0.100, 0.314, 0.183, 0.100, 0.447, 0.100, 0.100, 0.100, 0.100, 0.100, 0.100, 0.348, 0.120, 0.100, 0.100, 0.100, 0.100]
    Layer 18: sigma=[0.100, 0.651, 0.100, 0.100, 0.100, 0.210, 0.100, 0.100, 0.100, 0.100, 0.100, 0.100, 0.100, 0.100, 0.100, 0.100, 0.404, 0.100, 0.100, 0.100, 0.100, 0.100, 0.100, 0.100, 0.100, 0.100, 0.100, 0.100, 0.100, 0.100, 0.100, 0.100]
    Layer 19: sigma=[0.100, 0.100, 0.100, 0.100, 0.100, 0.100, 0.226, 0.100, 0.100, 0.100, 0.100, 0.100, 0.218, 0.100, 0.100, 0.150, 0.100, 0.100, 0.100, 0.347, 0.100, 0.100, 0.100, 0.100, 0.100, 0.100, 0.100, 0.100, 0.100, 0.100, 0.100, 0.100]
    Layer 20: sigma=[0.100, 0.100, 0.171, 0.100, 0.100, 0.235, 0.159, 0.100, 0.100, 0.100, 0.100, 0.100, 0.100, 0.100, 0.100, 0.102, 0.183, 0.108, 0.100, 0.100, 0.100, 0.100, 0.100, 0.100, 0.100, 0.100, 0.100, 0.100, 0.100, 0.100, 0.100, 0.100]
    Layer 21: sigma=[0.100, 0.100, 0.100, 0.120, 0.100, 0.100, 0.100, 0.100, 0.100, 0.100, 0.100, 0.351, 0.100, 0.100, 0.168, 0.100, 0.100, 0.100, 0.100, 0.100, 0.100, 0.100, 0.100, 0.100, 0.100, 0.100, 0.100, 0.100, 0.100, 0.100, 0.442, 0.124]
    Layer 22: sigma=[0.191, 0.100, 0.100, 0.100, 0.165, 0.110, 0.129, 0.156, 0.241, 0.100, 0.100, 0.100, 0.100, 0.100, 0.100, 0.100, 0.100, 0.100, 0.100, 0.176, 0.100, 0.100, 0.100, 0.100, 0.100, 0.100, 0.100, 0.100, 0.100, 0.100, 0.100, 0.100]
    Layer 23: sigma=[0.193, 0.120, 0.104, 0.100, 0.100, 0.100, 0.269, 0.100, 0.100, 0.100, 0.100, 0.100, 0.100, 0.100, 0.100, 0.100, 0.100, 0.100, 0.100, 0.100, 0.100, 0.100, 0.100, 0.100, 0.100, 0.100, 0.100, 0.100, 0.100, 0.199, 0.216, 0.181]
    Layer 24: sigma=[0.100, 0.100, 0.100, 0.100, 0.100, 0.100, 0.100, 0.100, 0.223, 0.100, 0.100, 0.100, 0.100, 0.100, 0.100, 0.211, 0.100, 0.100, 0.100, 0.109, 0.100, 0.100, 0.100, 0.100, 0.213, 0.334, 0.277, 0.221, 0.100, 0.100, 0.100, 0.100]
    Layer 25: sigma=[0.100, 0.100, 0.100, 0.100, 0.100, 0.100, 0.100, 0.100, 0.100, 0.100, 0.100, 0.128, 0.100, 0.100, 0.100, 0.100, 0.100, 0.100, 0.100, 0.100, 0.100, 0.100, 0.100, 0.100, 0.100, 0.100, 0.100, 0.100, 0.100, 0.100, 0.100, 0.100]
    Layer 26: sigma=[0.100, 0.100, 0.100, 0.100, 0.100, 0.100, 0.100, 0.100, 0.100, 0.100, 0.100, 0.100, 0.100, 0.100, 0.100, 0.117, 0.100, 0.100, 0.100, 0.100, 0.100, 0.100, 0.100, 0.100, 0.100, 0.100, 0.100, 0.100, 0.100, 0.100, 0.100, 0.100]
    Layer 27: sigma=[0.100, 0.100, 0.100, 0.100, 0.100, 0.100, 0.100, 0.100, 0.100, 0.100, 0.100, 0.100, 0.100, 0.100, 0.100, 0.100, 0.100, 0.100, 0.100, 0.100, 0.100, 0.100, 0.100, 0.100, 0.100, 0.100, 0.100, 0.100, 0.100, 0.157, 0.100, 0.100]
    Layer 28: sigma=[0.100, 0.100, 0.100, 0.100, 0.100, 0.115, 0.100, 0.180, 0.100, 0.100, 0.100, 0.100, 0.100, 0.100, 0.100, 0.100, 0.100, 0.100, 0.100, 0.100, 0.100, 0.100, 0.100, 0.100, 0.100, 0.100, 0.100, 0.100, 0.100, 0.100, 0.100, 0.100]
    Layer 29: sigma=[0.100, 0.100, 0.100, 0.100, 0.100, 0.100, 0.100, 0.100, 0.100, 0.100, 0.100, 0.100, 0.100, 0.100, 0.100, 0.100, 0.100, 0.100, 0.100, 0.100, 0.100, 0.100, 0.100, 0.100, 0.100, 0.100, 0.100, 0.100, 0.100, 0.100, 0.100, 0.100]
    Layer 30: sigma=[0.100, 0.100, 0.100, 0.100, 0.100, 0.100, 0.100, 0.100, 0.100, 0.100, 0.100, 0.100, 0.100, 0.100, 0.100, 0.100, 0.100, 0.100, 0.100, 0.100, 0.100, 0.100, 0.100, 0.100, 0.100, 0.100, 0.100, 0.100, 0.100, 0.100, 0.100, 0.100]
    Layer 31: sigma=[0.100, 0.100, 0.100, 0.100, 0.100, 0.100, 0.100, 0.100, 0.100, 0.100, 0.100, 0.100, 0.100, 0.100, 0.100, 0.100, 0.100, 0.100, 0.100, 0.100, 0.100, 0.100, 0.100, 0.100, 0.100, 0.100, 0.100, 0.100, 0.100, 0.100, 0.100, 0.100]
    Layer 32: sigma=[0.100, 0.100, 0.100, 0.100, 0.100, 0.100, 0.100, 0.100, 0.100, 0.100, 0.100, 0.100, 0.100, 0.100, 0.100, 0.100, 0.100, 0.100, 0.100, 0.100, 0.100, 0.100, 0.100, 0.100, 0.100, 0.100, 0.100, 0.100, 0.100, 0.100, 0.100, 0.100]
    Layer 33: sigma=[0.100, 0.100, 0.100, 0.100, 0.100, 0.100, 0.130, 0.100, 0.100, 0.100, 0.100, 0.100, 0.100, 0.100, 0.100, 0.100, 0.100, 0.100, 0.100, 0.100, 0.100, 0.100, 0.100, 0.100, 0.100, 0.100, 0.100, 0.100, 0.100, 0.100, 0.100, 0.100]
    Layer 34: sigma=[0.100, 0.100, 0.100, 0.100, 0.100, 0.100, 0.100, 0.100, 0.100, 0.100, 0.100, 0.100, 0.100, 0.100, 0.100, 0.100, 0.100, 0.100, 0.100, 0.100, 0.100, 0.100, 0.100, 0.100, 0.100, 0.100, 0.100, 0.100, 0.100, 0.100, 0.100, 0.100]
    Layer 35: sigma=[0.100, 0.100, 0.100, 0.100, 0.106, 0.100, 0.100, 0.100, 0.100, 0.100, 0.100, 0.100, 0.100, 0.100, 0.100, 0.100, 0.100, 0.100, 0.100, 0.100, 0.100, 0.100, 0.107, 0.100, 0.100, 0.100, 0.100, 0.100, 0.100, 0.100, 0.100, 0.100]

  [Taylor Step 3/3] g_proj = v_proj * alpha (damping=0.01)...
    Layer  0: alpha=0.068865  teacher_rms=0.0168  v_rms=0.0024
    Layer  1: alpha=0.058097  teacher_rms=0.0216  v_rms=0.0037
    Layer  2: alpha=0.054933  teacher_rms=0.0222  v_rms=0.0040
    Layer  3: alpha=0.041647  teacher_rms=0.0261  v_rms=0.0063
    Layer  4: alpha=0.049231  teacher_rms=0.0316  v_rms=0.0064
    Layer  5: alpha=0.052490  teacher_rms=0.0412  v_rms=0.0079
    Layer  6: alpha=0.075150  teacher_rms=0.0646  v_rms=0.0086
    Layer  7: alpha=0.040505  teacher_rms=0.0510  v_rms=0.0126
    Layer  8: alpha=0.040458  teacher_rms=0.0695  v_rms=0.0172
    Layer  9: alpha=0.027098  teacher_rms=0.0701  v_rms=0.0259
    Layer 11: alpha=0.053975  teacher_rms=0.1038  v_rms=0.0192
    Layer 12: alpha=0.046635  teacher_rms=0.1177  v_rms=0.0252
    Layer 13: alpha=0.054288  teacher_rms=0.1013  v_rms=0.0187
    Layer 14: alpha=0.053911  teacher_rms=0.1546  v_rms=0.0287
    Layer 15: alpha=0.046970  teacher_rms=0.1546  v_rms=0.0329
    Layer 16: alpha=0.039464  teacher_rms=0.1446  v_rms=0.0366
    Layer 17: alpha=0.035532  teacher_rms=0.1762  v_rms=0.0496
    Layer 18: alpha=0.032309  teacher_rms=0.1919  v_rms=0.0594
    Layer 19: alpha=0.050267  teacher_rms=0.2023  v_rms=0.0402
    Layer 20: alpha=0.052688  teacher_rms=0.1938  v_rms=0.0368
    Layer 21: alpha=0.041744  teacher_rms=0.2301  v_rms=0.0551
    Layer 22: alpha=0.052240  teacher_rms=0.2755  v_rms=0.0527
    Layer 23: alpha=0.049585  teacher_rms=0.3026  v_rms=0.0610
    Layer 24: alpha=0.031555  teacher_rms=0.2864  v_rms=0.0908
    Layer 25: alpha=0.038187  teacher_rms=0.2261  v_rms=0.0592
    Layer 26: alpha=0.027203  teacher_rms=0.1994  v_rms=0.0733
    Layer 27: alpha=0.033734  teacher_rms=0.2900  v_rms=0.0860
    Layer 28: alpha=0.039482  teacher_rms=0.3530  v_rms=0.0894
    Layer 29: alpha=0.016275  teacher_rms=0.2479  v_rms=0.1523
    Layer 30: alpha=0.025867  teacher_rms=0.3921  v_rms=0.1516
    Layer 31: alpha=0.018626  teacher_rms=0.3452  v_rms=0.1853
    Layer 32: alpha=0.021930  teacher_rms=0.5106  v_rms=0.2328
    Layer 33: alpha=0.016302  teacher_rms=0.5964  v_rms=0.3658
    Layer 34: alpha=0.031180  teacher_rms=1.0165  v_rms=0.3260
    Layer 35: alpha=0.058340  teacher_rms=1.0378  v_rms=0.1779

  Set g_proj = v_proj * alpha in 35 GDN layers (damping=0.01).
  Init (taylor_distill) done in 454.2s
  Layer 10: PPL = 3110.14  (eval 22.1s)

============================================================
  Probing layer 11 | strategy=taylor_distill
============================================================
Loading checkpoint shards:   0%|          | 0/4 [00:00<?, ?it/s]Loading checkpoint shards: 100%|██████████| 4/4 [00:00<00:00, 40.94it/s]
Could not cache non-existence of file. Will ignore error and continue. Error: [Errno 13] Permission denied: '/data/shared/huggingface/hub/models--Qwen--Qwen3-8B/.no_exist/b968826d9c46dd6066d109eabc6255188de91218/model.safetensors'
Loading checkpoint shards:   0%|          | 0/5 [00:00<?, ?it/s]Loading checkpoint shards: 100%|██████████| 5/5 [00:00<00:00, 183.07it/s]
Token indices sequence length is longer than the specified maximum sequence length for this model (2429029 > 131072). Running this sequence through the model will result in indexing errors
  [Taylor Step 1/3] Gate calibration from attention stats...
    Layer  0: dist=[18, 2, 6, 20, 8, 14, 6, 7, 10, 4, 6, 7, 10, 18, 17, 5, 9, 11, 8, 8, 8, 12, 2, 7, 4, 26, 5, 26, 9, 19, 9, 8]
    Layer  1: dist=[12, 21, 14, 26, 2, 9, 17, 7, 25, 18, 32, 29, 18, 28, 28, 20, 17, 26, 31, 18, 28, 17, 21, 21, 26, 8, 25, 23, 41, 16, 20, 28]
    Layer  2: dist=[36, 36, 37, 32, 17, 27, 20, 24, 21, 24, 29, 33, 28, 25, 26, 34, 32, 26, 28, 22, 28, 36, 27, 27, 14, 14, 11, 19, 41, 42, 43, 41]
    Layer  3: dist=[40, 20, 9, 12, 49, 50, 46, 42, 30, 27, 33, 31, 49, 43, 42, 42, 35, 37, 29, 37, 42, 33, 32, 36, 35, 30, 29, 33, 39, 36, 40, 37]
    Layer  4: dist=[31, 35, 41, 36, 41, 33, 35, 48, 37, 38, 34, 34, 31, 31, 38, 35, 35, 37, 38, 39, 34, 35, 25, 34, 26, 32, 27, 21, 28, 33, 30, 30]
    Layer  5: dist=[23, 29, 30, 21, 36, 34, 29, 29, 4, 14, 40, 38, 31, 43, 32, 30, 23, 20, 28, 28, 29, 30, 27, 33, 38, 39, 43, 43, 26, 25, 29, 32]
    Layer  6: dist=[16, 22, 17, 17, 27, 24, 34, 32, 25, 12, 21, 20, 31, 34, 28, 16, 28, 20, 24, 23, 13, 18, 18, 8, 21, 24, 18, 28, 24, 25, 21, 27]
    Layer  7: dist=[31, 36, 33, 46, 63, 57, 63, 60, 45, 60, 53, 41, 54, 15, 30, 49, 42, 54, 44, 44, 54, 45, 58, 59, 34, 41, 25, 43, 49, 51, 49, 54]
    Layer  8: dist=[45, 46, 49, 29, 43, 41, 35, 44, 46, 52, 43, 48, 51, 43, 49, 36, 60, 56, 54, 51, 44, 54, 51, 57, 47, 37, 51, 36, 44, 38, 42, 44]
    Layer  9: dist=[40, 32, 31, 36, 45, 49, 48, 40, 62, 61, 60, 56, 14, 46, 32, 45, 49, 53, 59, 62, 44, 40, 35, 41, 61, 44, 49, 54, 62, 57, 63, 61]
    Layer 10: dist=[39, 39, 30, 39, 46, 55, 33, 41, 34, 45, 55, 26, 49, 36, 42, 44, 45, 53, 52, 50, 46, 31, 56, 51, 51, 56, 47, 43, 40, 39, 44, 47]
    Layer 12: dist=[12, 40, 39, 33, 43, 46, 39, 36, 33, 36, 44, 44, 50, 45, 45, 49, 21, 38, 29, 44, 55, 54, 53, 56, 49, 1, 56, 23, 43, 45, 59, 49]
    Layer 13: dist=[29, 36, 39, 36, 31, 29, 35, 22, 47, 36, 52, 61, 64, 58, 55, 62, 46, 39, 31, 36, 47, 33, 44, 46, 44, 33, 40, 41, 58, 56, 49, 51]
    Layer 14: dist=[25, 35, 34, 24, 39, 24, 35, 33, 31, 32, 37, 37, 36, 40, 35, 36, 41, 46, 31, 35, 33, 17, 28, 42, 27, 38, 40, 38, 43, 44, 5, 48]
    Layer 15: dist=[45, 27, 43, 23, 20, 22, 41, 33, 48, 33, 26, 54, 37, 56, 41, 47, 33, 33, 34, 36, 33, 30, 27, 27, 27, 20, 41, 37, 38, 47, 38, 28]
    Layer 16: dist=[37, 32, 42, 47, 29, 35, 26, 31, 29, 45, 40, 43, 49, 35, 44, 47, 38, 41, 34, 35, 59, 60, 57, 54, 39, 28, 34, 6, 32, 33, 36, 32]
    Layer 17: dist=[58, 50, 41, 34, 28, 31, 22, 25, 44, 54, 42, 49, 23, 32, 39, 39, 24, 29, 32, 22, 39, 51, 49, 48, 30, 28, 31, 26, 29, 43, 47, 36]
    Layer 18: dist=[20, 27, 19, 18, 29, 37, 39, 30, 37, 40, 37, 45, 34, 34, 31, 35, 26, 41, 42, 28, 38, 28, 37, 52, 31, 35, 35, 36, 30, 29, 43, 31]
    Layer 19: dist=[39, 33, 35, 35, 43, 54, 30, 38, 40, 44, 41, 48, 35, 31, 40, 35, 44, 42, 26, 29, 10, 28, 18, 27, 52, 54, 52, 58, 44, 43, 41, 41]
    Layer 20: dist=[46, 39, 44, 40, 41, 27, 28, 31, 23, 21, 26, 21, 48, 42, 48, 50, 24, 28, 31, 21, 38, 57, 52, 51, 63, 51, 53, 44, 49, 43, 55, 55]
    Layer 21: dist=[26, 25, 30, 35, 58, 33, 53, 58, 61, 33, 39, 38, 26, 24, 25, 23, 39, 40, 45, 32, 47, 52, 48, 49, 35, 34, 32, 44, 38, 40, 34, 47]
    Layer 22: dist=[39, 32, 37, 33, 28, 38, 24, 30, 21, 27, 24, 35, 9, 46, 32, 35, 18, 40, 40, 23, 53, 59, 60, 61, 51, 44, 46, 48, 57, 47, 53, 50]
    Layer 23: dist=[22, 18, 26, 22, 55, 55, 22, 50, 41, 20, 24, 31, 37, 36, 41, 39, 41, 38, 42, 48, 41, 46, 42, 40, 41, 39, 37, 51, 47, 44, 44, 39]
    Layer 24: dist=[40, 62, 57, 51, 50, 56, 54, 47, 52, 54, 52, 43, 41, 39, 47, 40, 42, 49, 44, 42, 60, 53, 52, 58, 31, 41, 39, 29, 50, 57, 51, 47]
    Layer 25: dist=[50, 60, 59, 49, 38, 38, 54, 42, 46, 52, 47, 48, 36, 45, 27, 37, 48, 50, 49, 45, 54, 56, 55, 55, 58, 56, 50, 55, 46, 61, 51, 45]
    Layer 26: dist=[43, 47, 57, 36, 59, 57, 59, 56, 52, 56, 53, 49, 52, 62, 60, 60, 43, 46, 53, 50, 53, 54, 60, 57, 53, 50, 54, 50, 58, 50, 59, 51]
    Layer 27: dist=[48, 55, 54, 59, 50, 53, 52, 44, 41, 52, 55, 52, 41, 56, 42, 45, 51, 53, 53, 53, 47, 56, 54, 44, 57, 59, 60, 60, 50, 44, 45, 60]
    Layer 28: dist=[53, 47, 54, 53, 41, 35, 40, 38, 52, 57, 47, 46, 57, 53, 48, 50, 57, 51, 53, 55, 59, 37, 32, 46, 47, 46, 50, 51, 46, 48, 35, 49]
    Layer 29: dist=[57, 58, 57, 58, 45, 56, 47, 58, 58, 57, 61, 54, 60, 61, 60, 61, 58, 56, 58, 60, 62, 61, 56, 62, 49, 59, 47, 49, 55, 51, 56, 56]
    Layer 30: dist=[40, 54, 51, 52, 53, 51, 48, 37, 60, 59, 58, 60, 53, 53, 57, 51, 52, 39, 61, 61, 29, 60, 53, 54, 60, 60, 61, 60, 55, 56, 54, 51]
    Layer 31: dist=[60, 58, 51, 49, 58, 59, 59, 59, 57, 41, 46, 47, 58, 59, 59, 58, 52, 53, 55, 48, 60, 59, 56, 59, 57, 56, 46, 60, 57, 55, 53, 57]
    Layer 32: dist=[56, 57, 58, 57, 58, 60, 59, 60, 56, 55, 59, 58, 48, 58, 54, 47, 58, 54, 54, 54, 62, 48, 57, 60, 36, 48, 44, 53, 58, 54, 51, 53]
    Layer 33: dist=[52, 61, 57, 60, 45, 52, 29, 47, 57, 58, 57, 58, 58, 59, 58, 59, 59, 59, 53, 56, 58, 49, 54, 57, 57, 59, 60, 59, 56, 56, 55, 53]
    Layer 34: dist=[56, 57, 58, 57, 55, 56, 55, 54, 25, 47, 54, 42, 58, 57, 60, 40, 42, 44, 62, 30, 58, 27, 59, 60, 61, 60, 62, 60, 26, 32, 35, 54]
    Layer 35: dist=[56, 62, 36, 50, 43, 19, 55, 48, 42, 51, 55, 49, 30, 17, 24, 22, 49, 45, 40, 27, 45, 52, 28, 27, 33, 27, 33, 35, 36, 57, 61, 58]

  [Taylor Step 2/3] OLS sigma per head (scaling V, streaming)...
    Layer  0: sigma=[0.257, 0.100, 0.100, 0.100, 0.197, 0.600, 0.100, 0.100, 0.100, 0.100, 0.141, 0.100, 0.100, 0.100, 0.100, 0.290, 0.100, 0.100, 0.100, 0.100, 0.100, 0.100, 0.100, 0.200, 0.100, 0.100, 0.577, 0.100, 0.253, 0.100, 0.100, 0.100]
    Layer  1: sigma=[0.280, 0.100, 0.100, 0.100, 0.100, 0.100, 0.100, 0.100, 0.100, 0.409, 0.275, 0.100, 0.100, 0.100, 0.100, 0.100, 0.100, 0.100, 0.100, 0.100, 0.100, 0.100, 0.100, 0.207, 0.100, 0.100, 0.180, 0.100, 0.100, 0.100, 0.100, 0.100]
    Layer  2: sigma=[0.151, 0.100, 0.100, 0.100, 0.100, 0.100, 0.100, 0.100, 0.157, 0.100, 0.100, 0.100, 0.100, 0.258, 0.100, 0.100, 0.100, 0.100, 0.100, 0.100, 0.100, 0.100, 0.100, 0.100, 0.100, 0.176, 0.100, 0.100, 0.100, 0.100, 0.100, 0.138]
    Layer  3: sigma=[0.100, 0.460, 0.100, 0.291, 0.100, 0.100, 0.100, 0.100, 0.100, 0.100, 0.100, 0.100, 0.100, 0.100, 0.100, 0.100, 0.100, 0.100, 0.122, 0.100, 0.100, 0.100, 0.100, 0.100, 0.100, 0.119, 0.107, 0.100, 0.100, 0.100, 0.100, 0.100]
    Layer  4: sigma=[0.100, 0.100, 0.100, 0.100, 0.100, 0.100, 0.100, 0.100, 0.100, 0.100, 0.100, 0.100, 0.100, 0.100, 0.100, 0.100, 0.100, 0.100, 0.100, 0.100, 0.100, 0.145, 0.308, 0.100, 0.100, 0.100, 0.100, 0.100, 0.100, 0.100, 0.100, 0.100]
    Layer  5: sigma=[0.100, 0.100, 0.111, 0.100, 0.100, 0.100, 0.100, 0.100, 0.100, 0.286, 0.100, 0.106, 0.100, 0.100, 0.100, 0.107, 0.100, 0.332, 0.100, 0.100, 0.100, 0.100, 0.100, 0.100, 0.100, 0.100, 0.100, 0.100, 0.100, 0.247, 0.100, 0.100]
    Layer  6: sigma=[0.100, 0.100, 0.164, 0.100, 0.112, 0.111, 0.100, 0.100, 0.100, 0.100, 0.100, 0.100, 0.100, 0.100, 0.100, 0.100, 0.100, 0.100, 0.100, 0.100, 0.246, 0.100, 0.100, 0.100, 0.100, 0.100, 0.102, 0.100, 0.100, 0.100, 0.100, 0.100]
    Layer  7: sigma=[0.100, 0.246, 0.100, 0.100, 0.123, 0.100, 0.100, 0.100, 0.100, 0.100, 0.100, 0.161, 0.100, 0.100, 0.100, 0.100, 0.100, 0.100, 0.100, 0.100, 0.100, 0.100, 0.100, 0.100, 0.100, 0.100, 0.100, 0.100, 0.100, 0.100, 0.100, 0.100]
    Layer  8: sigma=[0.100, 0.100, 0.100, 0.100, 0.100, 0.100, 0.100, 0.126, 0.100, 0.100, 0.100, 0.100, 0.100, 0.141, 0.100, 0.100, 0.100, 0.100, 0.100, 0.100, 0.100, 0.100, 0.100, 0.100, 0.100, 0.100, 0.100, 0.314, 0.100, 0.100, 0.100, 0.100]
    Layer  9: sigma=[0.100, 0.100, 0.124, 0.100, 0.100, 0.100, 0.100, 0.100, 0.100, 0.100, 0.100, 0.100, 0.100, 0.100, 0.788, 0.216, 0.100, 0.100, 0.100, 0.100, 0.125, 0.100, 0.100, 0.100, 0.100, 0.163, 0.100, 0.100, 0.100, 0.100, 0.100, 0.100]
    Layer 10: sigma=[0.100, 0.100, 0.100, 0.100, 0.100, 0.100, 0.100, 0.100, 0.126, 0.100, 0.100, 0.100, 0.100, 0.100, 0.100, 0.100, 0.100, 0.100, 0.100, 0.100, 0.100, 0.100, 0.100, 0.100, 0.100, 0.100, 0.100, 0.100, 0.109, 0.100, 0.114, 0.100]
    Layer 12: sigma=[0.100, 0.100, 0.100, 0.100, 0.100, 0.127, 0.100, 0.100, 0.100, 0.120, 0.100, 0.100, 0.100, 0.100, 0.100, 0.100, 0.100, 0.266, 0.449, 0.100, 0.100, 0.100, 0.100, 0.100, 0.100, 0.292, 0.100, 0.136, 0.100, 0.130, 0.137, 0.100]
    Layer 13: sigma=[0.241, 0.100, 0.100, 0.100, 0.100, 0.100, 0.100, 0.120, 0.100, 0.127, 0.128, 0.100, 0.100, 0.100, 0.100, 0.100, 0.100, 0.100, 0.100, 0.100, 0.100, 0.100, 0.100, 0.100, 0.100, 0.100, 0.100, 0.100, 0.100, 0.100, 0.100, 0.100]
    Layer 14: sigma=[0.100, 0.100, 0.111, 0.100, 0.100, 0.409, 0.100, 0.163, 0.100, 0.100, 0.100, 0.100, 0.100, 0.176, 0.100, 0.100, 0.100, 0.100, 0.198, 0.110, 0.100, 0.100, 0.100, 0.100, 0.100, 0.150, 0.100, 0.136, 0.100, 0.100, 0.177, 0.100]
    Layer 15: sigma=[0.100, 0.231, 0.100, 0.120, 0.232, 0.107, 0.100, 0.100, 0.100, 0.100, 0.100, 0.143, 0.251, 0.100, 0.100, 0.100, 0.100, 0.100, 0.105, 0.134, 0.100, 0.100, 0.100, 0.100, 0.269, 0.254, 0.100, 0.100, 0.100, 0.100, 0.100, 0.100]
    Layer 16: sigma=[0.305, 0.100, 0.100, 0.100, 0.100, 0.100, 0.100, 0.100, 0.100, 0.100, 0.100, 0.100, 0.100, 0.100, 0.100, 0.100, 0.100, 0.100, 0.100, 0.100, 0.100, 0.100, 0.100, 0.100, 0.100, 0.166, 0.100, 0.100, 0.100, 0.100, 0.100, 0.100]
    Layer 17: sigma=[0.100, 0.100, 0.100, 0.100, 0.100, 0.489, 0.100, 0.100, 0.102, 0.100, 0.100, 0.100, 0.100, 0.100, 0.100, 0.100, 0.352, 0.206, 0.100, 0.339, 0.100, 0.100, 0.100, 0.100, 0.103, 0.100, 0.351, 0.121, 0.100, 0.100, 0.100, 0.100]
    Layer 18: sigma=[0.100, 0.647, 0.100, 0.100, 0.100, 0.209, 0.100, 0.100, 0.100, 0.100, 0.100, 0.100, 0.100, 0.100, 0.100, 0.100, 0.562, 0.100, 0.100, 0.100, 0.100, 0.100, 0.100, 0.100, 0.100, 0.100, 0.100, 0.100, 0.100, 0.100, 0.100, 0.100]
    Layer 19: sigma=[0.100, 0.100, 0.100, 0.100, 0.100, 0.100, 0.231, 0.100, 0.100, 0.100, 0.100, 0.100, 0.261, 0.100, 0.100, 0.165, 0.100, 0.100, 0.100, 0.410, 0.100, 0.100, 0.100, 0.100, 0.114, 0.100, 0.100, 0.100, 0.100, 0.100, 0.100, 0.100]
    Layer 20: sigma=[0.100, 0.100, 0.195, 0.100, 0.100, 0.239, 0.176, 0.100, 0.100, 0.100, 0.100, 0.100, 0.100, 0.100, 0.100, 0.104, 0.197, 0.100, 0.100, 0.100, 0.100, 0.100, 0.100, 0.100, 0.100, 0.100, 0.100, 0.100, 0.100, 0.100, 0.100, 0.100]
    Layer 21: sigma=[0.100, 0.107, 0.100, 0.123, 0.100, 0.100, 0.100, 0.100, 0.100, 0.100, 0.100, 0.370, 0.100, 0.100, 0.167, 0.100, 0.100, 0.100, 0.100, 0.133, 0.100, 0.100, 0.100, 0.100, 0.100, 0.100, 0.100, 0.100, 0.100, 0.100, 0.279, 0.121]
    Layer 22: sigma=[0.173, 0.100, 0.100, 0.100, 0.186, 0.111, 0.110, 0.277, 0.215, 0.100, 0.100, 0.100, 0.100, 0.100, 0.100, 0.100, 0.100, 0.100, 0.100, 0.134, 0.100, 0.100, 0.100, 0.100, 0.100, 0.100, 0.100, 0.100, 0.100, 0.100, 0.100, 0.100]
    Layer 23: sigma=[0.200, 0.113, 0.243, 0.100, 0.100, 0.100, 0.169, 0.100, 0.100, 0.100, 0.100, 0.100, 0.100, 0.100, 0.100, 0.100, 0.100, 0.100, 0.100, 0.100, 0.100, 0.100, 0.100, 0.100, 0.100, 0.100, 0.100, 0.100, 0.100, 0.321, 0.217, 0.151]
    Layer 24: sigma=[0.100, 0.100, 0.100, 0.100, 0.100, 0.100, 0.100, 0.100, 0.141, 0.100, 0.100, 0.100, 0.100, 0.100, 0.100, 0.197, 0.100, 0.100, 0.100, 0.124, 0.100, 0.100, 0.100, 0.100, 0.273, 0.294, 0.176, 0.257, 0.100, 0.100, 0.100, 0.100]
    Layer 25: sigma=[0.100, 0.100, 0.100, 0.100, 0.100, 0.100, 0.100, 0.100, 0.100, 0.100, 0.100, 0.100, 0.100, 0.100, 0.100, 0.100, 0.100, 0.100, 0.100, 0.100, 0.100, 0.100, 0.100, 0.100, 0.100, 0.100, 0.100, 0.100, 0.100, 0.100, 0.100, 0.100]
    Layer 26: sigma=[0.100, 0.100, 0.100, 0.100, 0.100, 0.100, 0.100, 0.100, 0.100, 0.100, 0.100, 0.100, 0.100, 0.100, 0.100, 0.120, 0.100, 0.100, 0.100, 0.100, 0.100, 0.100, 0.100, 0.100, 0.100, 0.100, 0.100, 0.100, 0.100, 0.100, 0.100, 0.100]
    Layer 27: sigma=[0.100, 0.100, 0.100, 0.100, 0.100, 0.100, 0.100, 0.100, 0.100, 0.100, 0.100, 0.100, 0.100, 0.100, 0.100, 0.100, 0.100, 0.100, 0.100, 0.100, 0.100, 0.100, 0.100, 0.100, 0.100, 0.100, 0.100, 0.100, 0.100, 0.177, 0.100, 0.100]
    Layer 28: sigma=[0.100, 0.100, 0.100, 0.100, 0.100, 0.112, 0.100, 0.303, 0.100, 0.100, 0.100, 0.100, 0.100, 0.100, 0.100, 0.100, 0.100, 0.100, 0.100, 0.100, 0.100, 0.100, 0.100, 0.100, 0.100, 0.100, 0.100, 0.100, 0.100, 0.100, 0.100, 0.100]
    Layer 29: sigma=[0.100, 0.100, 0.100, 0.100, 0.100, 0.100, 0.100, 0.100, 0.100, 0.100, 0.100, 0.100, 0.100, 0.100, 0.100, 0.100, 0.100, 0.100, 0.100, 0.100, 0.100, 0.100, 0.100, 0.100, 0.100, 0.100, 0.100, 0.100, 0.100, 0.100, 0.100, 0.100]
    Layer 30: sigma=[0.100, 0.100, 0.100, 0.100, 0.100, 0.100, 0.100, 0.100, 0.100, 0.100, 0.100, 0.100, 0.100, 0.100, 0.100, 0.100, 0.118, 0.100, 0.100, 0.100, 0.100, 0.100, 0.100, 0.100, 0.100, 0.100, 0.100, 0.100, 0.100, 0.100, 0.100, 0.100]
    Layer 31: sigma=[0.100, 0.100, 0.100, 0.100, 0.100, 0.100, 0.100, 0.100, 0.100, 0.100, 0.100, 0.100, 0.100, 0.100, 0.100, 0.100, 0.100, 0.148, 0.100, 0.100, 0.100, 0.100, 0.100, 0.100, 0.100, 0.100, 0.100, 0.100, 0.100, 0.100, 0.100, 0.100]
    Layer 32: sigma=[0.100, 0.100, 0.100, 0.100, 0.100, 0.100, 0.100, 0.100, 0.100, 0.100, 0.100, 0.100, 0.100, 0.100, 0.100, 0.100, 0.100, 0.100, 0.100, 0.100, 0.100, 0.100, 0.100, 0.100, 0.100, 0.100, 0.100, 0.100, 0.100, 0.100, 0.100, 0.100]
    Layer 33: sigma=[0.100, 0.100, 0.100, 0.100, 0.100, 0.100, 0.100, 0.100, 0.100, 0.100, 0.100, 0.100, 0.100, 0.100, 0.100, 0.100, 0.100, 0.100, 0.100, 0.100, 0.100, 0.100, 0.100, 0.100, 0.100, 0.100, 0.100, 0.100, 0.100, 0.100, 0.100, 0.100]
    Layer 34: sigma=[0.100, 0.100, 0.100, 0.100, 0.100, 0.100, 0.100, 0.100, 0.100, 0.100, 0.100, 0.100, 0.100, 0.100, 0.100, 0.100, 0.100, 0.100, 0.100, 0.100, 0.100, 0.100, 0.100, 0.100, 0.100, 0.100, 0.100, 0.100, 0.100, 0.100, 0.100, 0.100]
    Layer 35: sigma=[0.100, 0.100, 0.100, 0.100, 0.126, 0.100, 0.100, 0.100, 0.100, 0.100, 0.100, 0.100, 0.100, 0.100, 0.100, 0.100, 0.100, 0.100, 0.100, 0.100, 0.100, 0.100, 0.160, 0.100, 0.100, 0.100, 0.100, 0.100, 0.100, 0.100, 0.100, 0.100]

  [Taylor Step 3/3] g_proj = v_proj * alpha (damping=0.01)...
    Layer  0: alpha=0.069012  teacher_rms=0.0168  v_rms=0.0024
    Layer  1: alpha=0.057938  teacher_rms=0.0216  v_rms=0.0037
    Layer  2: alpha=0.054794  teacher_rms=0.0222  v_rms=0.0041
    Layer  3: alpha=0.041516  teacher_rms=0.0261  v_rms=0.0063
    Layer  4: alpha=0.049320  teacher_rms=0.0316  v_rms=0.0064
    Layer  5: alpha=0.052519  teacher_rms=0.0412  v_rms=0.0078
    Layer  6: alpha=0.074782  teacher_rms=0.0646  v_rms=0.0086
    Layer  7: alpha=0.040559  teacher_rms=0.0510  v_rms=0.0126
    Layer  8: alpha=0.040487  teacher_rms=0.0695  v_rms=0.0172
    Layer  9: alpha=0.026390  teacher_rms=0.0701  v_rms=0.0266
    Layer 10: alpha=0.048987  teacher_rms=0.1071  v_rms=0.0219
    Layer 12: alpha=0.048109  teacher_rms=0.1177  v_rms=0.0245
    Layer 13: alpha=0.054146  teacher_rms=0.1013  v_rms=0.0187
    Layer 14: alpha=0.055344  teacher_rms=0.1546  v_rms=0.0279
    Layer 15: alpha=0.046883  teacher_rms=0.1546  v_rms=0.0330
    Layer 16: alpha=0.040249  teacher_rms=0.1446  v_rms=0.0359
    Layer 17: alpha=0.036114  teacher_rms=0.1762  v_rms=0.0488
    Layer 18: alpha=0.031380  teacher_rms=0.1919  v_rms=0.0612
    Layer 19: alpha=0.046781  teacher_rms=0.2023  v_rms=0.0432
    Layer 20: alpha=0.051623  teacher_rms=0.1938  v_rms=0.0375
    Layer 21: alpha=0.046326  teacher_rms=0.2301  v_rms=0.0497
    Layer 22: alpha=0.051219  teacher_rms=0.2755  v_rms=0.0538
    Layer 23: alpha=0.046762  teacher_rms=0.3026  v_rms=0.0647
    Layer 24: alpha=0.033607  teacher_rms=0.2864  v_rms=0.0852
    Layer 25: alpha=0.038418  teacher_rms=0.2261  v_rms=0.0589
    Layer 26: alpha=0.027164  teacher_rms=0.1994  v_rms=0.0734
    Layer 27: alpha=0.033421  teacher_rms=0.2900  v_rms=0.0868
    Layer 28: alpha=0.036637  teacher_rms=0.3530  v_rms=0.0963
    Layer 29: alpha=0.016275  teacher_rms=0.2479  v_rms=0.1523
    Layer 30: alpha=0.025685  teacher_rms=0.3921  v_rms=0.1527
    Layer 31: alpha=0.018492  teacher_rms=0.3452  v_rms=0.1867
    Layer 32: alpha=0.021930  teacher_rms=0.5106  v_rms=0.2328
    Layer 33: alpha=0.016345  teacher_rms=0.5964  v_rms=0.3649
    Layer 34: alpha=0.031180  teacher_rms=1.0165  v_rms=0.3260
    Layer 35: alpha=0.057014  teacher_rms=1.0378  v_rms=0.1820

  Set g_proj = v_proj * alpha in 35 GDN layers (damping=0.01).
  Init (taylor_distill) done in 364.5s
  Layer 11: PPL = 1324.28  (eval 13.5s)

============================================================
  Probing layer 12 | strategy=taylor_distill
============================================================
Loading checkpoint shards:   0%|          | 0/4 [00:00<?, ?it/s]Loading checkpoint shards: 100%|██████████| 4/4 [00:00<00:00, 145.18it/s]
Could not cache non-existence of file. Will ignore error and continue. Error: [Errno 13] Permission denied: '/data/shared/huggingface/hub/models--Qwen--Qwen3-8B/.no_exist/b968826d9c46dd6066d109eabc6255188de91218/model.safetensors'
Loading checkpoint shards:   0%|          | 0/5 [00:00<?, ?it/s]Loading checkpoint shards: 100%|██████████| 5/5 [00:00<00:00, 181.01it/s]
Token indices sequence length is longer than the specified maximum sequence length for this model (2429029 > 131072). Running this sequence through the model will result in indexing errors
  [Taylor Step 1/3] Gate calibration from attention stats...
    Layer  0: dist=[18, 2, 6, 20, 8, 14, 6, 7, 10, 4, 6, 7, 10, 18, 17, 5, 9, 11, 8, 8, 8, 12, 2, 7, 4, 26, 5, 26, 9, 19, 9, 8]
    Layer  1: dist=[12, 21, 14, 26, 2, 9, 17, 7, 25, 18, 32, 29, 18, 28, 28, 20, 17, 26, 31, 18, 28, 17, 21, 21, 26, 8, 25, 23, 41, 16, 20, 28]
    Layer  2: dist=[36, 36, 37, 32, 17, 27, 20, 24, 21, 24, 29, 33, 28, 25, 26, 34, 32, 26, 28, 22, 28, 36, 27, 27, 14, 14, 11, 19, 41, 42, 43, 41]
    Layer  3: dist=[40, 20, 9, 12, 49, 50, 46, 42, 30, 27, 33, 31, 49, 43, 42, 42, 35, 37, 29, 37, 42, 33, 32, 36, 35, 30, 29, 33, 39, 36, 40, 37]
    Layer  4: dist=[31, 35, 41, 36, 41, 33, 35, 48, 37, 38, 34, 34, 31, 31, 38, 35, 35, 37, 38, 39, 34, 35, 25, 34, 26, 32, 27, 21, 28, 33, 30, 30]
    Layer  5: dist=[23, 29, 30, 21, 36, 34, 29, 29, 4, 14, 40, 38, 31, 43, 32, 30, 23, 20, 28, 28, 29, 30, 27, 33, 38, 39, 43, 43, 26, 25, 29, 32]
    Layer  6: dist=[16, 22, 17, 17, 27, 24, 34, 32, 25, 12, 21, 20, 31, 34, 28, 16, 28, 20, 24, 23, 13, 18, 18, 8, 21, 24, 18, 28, 24, 25, 21, 27]
    Layer  7: dist=[31, 36, 33, 46, 63, 57, 63, 60, 45, 60, 53, 41, 54, 15, 30, 49, 42, 54, 44, 44, 54, 45, 58, 59, 34, 41, 25, 43, 49, 51, 49, 54]
    Layer  8: dist=[45, 46, 49, 29, 43, 41, 35, 44, 46, 52, 43, 48, 51, 43, 49, 36, 60, 56, 54, 51, 44, 54, 51, 57, 47, 37, 51, 36, 44, 38, 42, 44]
    Layer  9: dist=[40, 32, 31, 36, 45, 49, 48, 40, 62, 61, 60, 56, 14, 46, 32, 45, 49, 53, 59, 62, 44, 40, 35, 41, 61, 44, 49, 54, 62, 57, 63, 61]
    Layer 10: dist=[39, 39, 30, 39, 46, 55, 33, 41, 34, 45, 55, 26, 49, 36, 42, 44, 45, 53, 52, 50, 46, 31, 56, 51, 51, 56, 47, 43, 40, 39, 44, 47]
    Layer 11: dist=[33, 33, 47, 27, 29, 36, 43, 42, 52, 62, 57, 49, 44, 33, 38, 39, 39, 36, 33, 25, 42, 56, 46, 46, 39, 32, 36, 32, 49, 34, 31, 48]
    Layer 13: dist=[29, 36, 39, 36, 31, 29, 35, 22, 47, 36, 52, 61, 64, 58, 55, 62, 46, 39, 31, 36, 47, 33, 44, 46, 44, 33, 40, 41, 58, 56, 49, 51]
    Layer 14: dist=[25, 35, 34, 24, 39, 24, 35, 33, 31, 32, 37, 37, 36, 40, 35, 36, 41, 46, 31, 35, 33, 17, 28, 42, 27, 38, 40, 38, 43, 44, 5, 48]
    Layer 15: dist=[45, 27, 43, 23, 20, 22, 41, 33, 48, 33, 26, 54, 37, 56, 41, 47, 33, 33, 34, 36, 33, 30, 27, 27, 27, 20, 41, 37, 38, 47, 38, 28]
    Layer 16: dist=[37, 32, 42, 47, 29, 35, 26, 31, 29, 45, 40, 43, 49, 35, 44, 47, 38, 41, 34, 35, 59, 60, 57, 54, 39, 28, 34, 6, 32, 33, 36, 32]
    Layer 17: dist=[58, 50, 41, 34, 28, 31, 22, 25, 44, 54, 42, 49, 23, 32, 39, 39, 24, 29, 32, 22, 39, 51, 49, 48, 30, 28, 31, 26, 29, 43, 47, 36]
    Layer 18: dist=[20, 27, 19, 18, 29, 37, 39, 30, 37, 40, 37, 45, 34, 34, 31, 35, 26, 41, 42, 28, 38, 28, 37, 52, 31, 35, 35, 36, 30, 29, 43, 31]
    Layer 19: dist=[39, 33, 35, 35, 43, 54, 30, 38, 40, 44, 41, 48, 35, 31, 40, 35, 44, 42, 26, 29, 10, 28, 18, 27, 52, 54, 52, 58, 44, 43, 41, 41]
    Layer 20: dist=[46, 39, 44, 40, 41, 27, 28, 31, 23, 21, 26, 21, 48, 42, 48, 50, 24, 28, 31, 21, 38, 57, 52, 51, 63, 51, 53, 44, 49, 43, 55, 55]
    Layer 21: dist=[26, 25, 30, 35, 58, 33, 53, 58, 61, 33, 39, 38, 26, 24, 25, 23, 39, 40, 45, 32, 47, 52, 48, 49, 35, 34, 32, 44, 38, 40, 34, 47]
    Layer 22: dist=[39, 32, 37, 33, 28, 38, 24, 30, 21, 27, 24, 35, 9, 46, 32, 35, 18, 40, 40, 23, 53, 59, 60, 61, 51, 44, 46, 48, 57, 47, 53, 50]
    Layer 23: dist=[22, 18, 26, 22, 55, 55, 22, 50, 41, 20, 24, 31, 37, 36, 41, 39, 41, 38, 42, 48, 41, 46, 42, 40, 41, 39, 37, 51, 47, 44, 44, 39]
    Layer 24: dist=[40, 62, 57, 51, 50, 56, 54, 47, 52, 54, 52, 43, 41, 39, 47, 40, 42, 49, 44, 42, 60, 53, 52, 58, 31, 41, 39, 29, 50, 57, 51, 47]
    Layer 25: dist=[50, 60, 59, 49, 38, 38, 54, 42, 46, 52, 47, 48, 36, 45, 27, 37, 48, 50, 49, 45, 54, 56, 55, 55, 58, 56, 50, 55, 46, 61, 51, 45]
    Layer 26: dist=[43, 47, 57, 36, 59, 57, 59, 56, 52, 56, 53, 49, 52, 62, 60, 60, 43, 46, 53, 50, 53, 54, 60, 57, 53, 50, 54, 50, 58, 50, 59, 51]
    Layer 27: dist=[48, 55, 54, 59, 50, 53, 52, 44, 41, 52, 55, 52, 41, 56, 42, 45, 51, 53, 53, 53, 47, 56, 54, 44, 57, 59, 60, 60, 50, 44, 45, 60]
    Layer 28: dist=[53, 47, 54, 53, 41, 35, 40, 38, 52, 57, 47, 46, 57, 53, 48, 50, 57, 51, 53, 55, 59, 37, 32, 46, 47, 46, 50, 51, 46, 48, 35, 49]
    Layer 29: dist=[57, 58, 57, 58, 45, 56, 47, 58, 58, 57, 61, 54, 60, 61, 60, 61, 58, 56, 58, 60, 62, 61, 56, 62, 49, 59, 47, 49, 55, 51, 56, 56]
    Layer 30: dist=[40, 54, 51, 52, 53, 51, 48, 37, 60, 59, 58, 60, 53, 53, 57, 51, 52, 39, 61, 61, 29, 60, 53, 54, 60, 60, 61, 60, 55, 56, 54, 51]
    Layer 31: dist=[60, 58, 51, 49, 58, 59, 59, 59, 57, 41, 46, 47, 58, 59, 59, 58, 52, 53, 55, 48, 60, 59, 56, 59, 57, 56, 46, 60, 57, 55, 53, 57]
    Layer 32: dist=[56, 57, 58, 57, 58, 60, 59, 60, 56, 55, 59, 58, 48, 58, 54, 47, 58, 54, 54, 54, 62, 48, 57, 60, 36, 48, 44, 53, 58, 54, 51, 53]
    Layer 33: dist=[52, 61, 57, 60, 45, 52, 29, 47, 57, 58, 57, 58, 58, 59, 58, 59, 59, 59, 53, 56, 58, 49, 54, 57, 57, 59, 60, 59, 56, 56, 55, 53]
    Layer 34: dist=[56, 57, 58, 57, 55, 56, 55, 54, 25, 47, 54, 42, 58, 57, 60, 40, 42, 44, 62, 30, 58, 27, 59, 60, 61, 60, 62, 60, 26, 32, 35, 54]
    Layer 35: dist=[56, 62, 36, 50, 43, 19, 55, 48, 42, 51, 55, 49, 30, 17, 24, 22, 49, 45, 40, 27, 45, 52, 28, 27, 33, 27, 33, 35, 36, 57, 61, 58]

  [Taylor Step 2/3] OLS sigma per head (scaling V, streaming)...
    Layer  0: sigma=[0.259, 0.100, 0.100, 0.100, 0.196, 0.600, 0.100, 0.100, 0.100, 0.100, 0.141, 0.100, 0.100, 0.100, 0.100, 0.293, 0.100, 0.100, 0.100, 0.100, 0.100, 0.100, 0.100, 0.200, 0.100, 0.100, 0.580, 0.100, 0.251, 0.100, 0.100, 0.100]
    Layer  1: sigma=[0.280, 0.100, 0.100, 0.100, 0.100, 0.100, 0.100, 0.100, 0.100, 0.399, 0.281, 0.100, 0.100, 0.100, 0.100, 0.100, 0.100, 0.100, 0.100, 0.100, 0.100, 0.100, 0.100, 0.205, 0.100, 0.100, 0.177, 0.100, 0.100, 0.100, 0.100, 0.100]
    Layer  2: sigma=[0.151, 0.100, 0.100, 0.100, 0.100, 0.100, 0.100, 0.100, 0.159, 0.100, 0.100, 0.100, 0.100, 0.258, 0.100, 0.100, 0.100, 0.100, 0.100, 0.100, 0.100, 0.100, 0.100, 0.100, 0.100, 0.173, 0.100, 0.100, 0.100, 0.100, 0.100, 0.137]
    Layer  3: sigma=[0.100, 0.446, 0.100, 0.291, 0.100, 0.100, 0.100, 0.100, 0.100, 0.100, 0.100, 0.100, 0.100, 0.100, 0.100, 0.100, 0.100, 0.100, 0.120, 0.100, 0.100, 0.100, 0.100, 0.100, 0.100, 0.121, 0.114, 0.100, 0.100, 0.100, 0.100, 0.100]
    Layer  4: sigma=[0.100, 0.100, 0.100, 0.100, 0.100, 0.100, 0.100, 0.100, 0.100, 0.100, 0.100, 0.100, 0.100, 0.100, 0.100, 0.100, 0.100, 0.100, 0.100, 0.100, 0.100, 0.144, 0.316, 0.100, 0.100, 0.100, 0.100, 0.100, 0.100, 0.100, 0.100, 0.100]
    Layer  5: sigma=[0.100, 0.100, 0.123, 0.100, 0.100, 0.100, 0.100, 0.100, 0.100, 0.292, 0.100, 0.102, 0.100, 0.100, 0.100, 0.109, 0.100, 0.329, 0.100, 0.100, 0.100, 0.100, 0.100, 0.100, 0.100, 0.100, 0.100, 0.100, 0.100, 0.244, 0.100, 0.100]
    Layer  6: sigma=[0.100, 0.100, 0.163, 0.100, 0.117, 0.109, 0.100, 0.100, 0.100, 0.100, 0.100, 0.100, 0.100, 0.100, 0.100, 0.100, 0.100, 0.100, 0.100, 0.100, 0.243, 0.100, 0.100, 0.100, 0.100, 0.100, 0.103, 0.100, 0.100, 0.100, 0.100, 0.100]
    Layer  7: sigma=[0.100, 0.240, 0.100, 0.100, 0.121, 0.100, 0.100, 0.100, 0.100, 0.100, 0.100, 0.155, 0.100, 0.100, 0.100, 0.100, 0.100, 0.100, 0.100, 0.100, 0.100, 0.100, 0.100, 0.100, 0.100, 0.100, 0.100, 0.100, 0.100, 0.100, 0.100, 0.100]
    Layer  8: sigma=[0.100, 0.100, 0.100, 0.100, 0.100, 0.100, 0.100, 0.125, 0.100, 0.100, 0.100, 0.100, 0.100, 0.126, 0.100, 0.100, 0.100, 0.100, 0.100, 0.100, 0.100, 0.100, 0.100, 0.100, 0.100, 0.100, 0.100, 0.296, 0.100, 0.100, 0.100, 0.100]
    Layer  9: sigma=[0.100, 0.100, 0.124, 0.100, 0.100, 0.100, 0.100, 0.100, 0.100, 0.100, 0.100, 0.100, 0.100, 0.100, 0.715, 0.223, 0.100, 0.100, 0.100, 0.100, 0.135, 0.100, 0.100, 0.100, 0.100, 0.163, 0.100, 0.100, 0.100, 0.100, 0.100, 0.100]
    Layer 10: sigma=[0.100, 0.100, 0.100, 0.100, 0.100, 0.100, 0.100, 0.100, 0.135, 0.100, 0.100, 0.100, 0.100, 0.100, 0.100, 0.100, 0.100, 0.100, 0.100, 0.100, 0.100, 0.101, 0.100, 0.100, 0.100, 0.100, 0.100, 0.100, 0.108, 0.100, 0.111, 0.100]
    Layer 11: sigma=[0.100, 0.100, 0.100, 0.100, 0.213, 0.100, 0.163, 0.100, 0.100, 0.143, 0.100, 0.100, 0.139, 0.100, 0.281, 0.100, 0.100, 0.100, 0.100, 0.100, 0.100, 0.100, 0.100, 0.100, 0.100, 0.100, 0.243, 0.100, 0.100, 0.100, 0.101, 0.100]
    Layer 13: sigma=[0.240, 0.100, 0.100, 0.100, 0.100, 0.100, 0.100, 0.108, 0.100, 0.122, 0.123, 0.100, 0.100, 0.100, 0.100, 0.100, 0.100, 0.100, 0.100, 0.100, 0.100, 0.100, 0.100, 0.100, 0.100, 0.100, 0.100, 0.100, 0.100, 0.100, 0.100, 0.100]
    Layer 14: sigma=[0.100, 0.100, 0.111, 0.100, 0.100, 0.508, 0.100, 0.162, 0.100, 0.100, 0.100, 0.100, 0.100, 0.169, 0.100, 0.100, 0.100, 0.100, 0.172, 0.121, 0.100, 0.100, 0.100, 0.100, 0.100, 0.141, 0.100, 0.127, 0.100, 0.100, 0.129, 0.100]
    Layer 15: sigma=[0.100, 0.216, 0.100, 0.134, 0.206, 0.123, 0.100, 0.100, 0.100, 0.100, 0.100, 0.104, 0.240, 0.100, 0.100, 0.100, 0.100, 0.100, 0.109, 0.149, 0.100, 0.100, 0.100, 0.100, 0.298, 0.286, 0.100, 0.100, 0.100, 0.100, 0.100, 0.100]
    Layer 16: sigma=[0.397, 0.100, 0.100, 0.100, 0.100, 0.100, 0.100, 0.100, 0.100, 0.100, 0.100, 0.100, 0.100, 0.100, 0.100, 0.100, 0.100, 0.100, 0.100, 0.100, 0.100, 0.100, 0.100, 0.100, 0.100, 0.166, 0.100, 0.100, 0.100, 0.100, 0.100, 0.100]
    Layer 17: sigma=[0.100, 0.100, 0.100, 0.100, 0.100, 0.514, 0.100, 0.100, 0.102, 0.100, 0.100, 0.100, 0.100, 0.100, 0.100, 0.100, 0.344, 0.100, 0.100, 0.377, 0.100, 0.100, 0.100, 0.100, 0.100, 0.100, 0.338, 0.125, 0.100, 0.100, 0.100, 0.100]
    Layer 18: sigma=[0.100, 0.648, 0.100, 0.100, 0.101, 0.195, 0.100, 0.100, 0.100, 0.100, 0.100, 0.100, 0.100, 0.100, 0.100, 0.100, 0.519, 0.100, 0.100, 0.100, 0.100, 0.100, 0.100, 0.100, 0.100, 0.100, 0.100, 0.100, 0.100, 0.100, 0.100, 0.100]
    Layer 19: sigma=[0.100, 0.100, 0.100, 0.100, 0.100, 0.100, 0.178, 0.100, 0.100, 0.100, 0.100, 0.100, 0.206, 0.100, 0.100, 0.137, 0.100, 0.100, 0.100, 0.391, 0.100, 0.100, 0.100, 0.100, 0.100, 0.100, 0.100, 0.100, 0.100, 0.100, 0.100, 0.100]
    Layer 20: sigma=[0.100, 0.100, 0.170, 0.100, 0.100, 0.241, 0.115, 0.100, 0.100, 0.100, 0.100, 0.100, 0.100, 0.100, 0.100, 0.121, 0.214, 0.100, 0.100, 0.100, 0.100, 0.100, 0.100, 0.100, 0.100, 0.100, 0.100, 0.100, 0.100, 0.100, 0.100, 0.100]
    Layer 21: sigma=[0.100, 0.102, 0.100, 0.116, 0.100, 0.100, 0.100, 0.100, 0.100, 0.100, 0.100, 0.395, 0.100, 0.100, 0.104, 0.100, 0.100, 0.100, 0.100, 0.139, 0.100, 0.100, 0.100, 0.100, 0.100, 0.100, 0.100, 0.100, 0.100, 0.100, 0.351, 0.114]
    Layer 22: sigma=[0.176, 0.100, 0.100, 0.100, 0.139, 0.101, 0.102, 0.305, 0.148, 0.100, 0.100, 0.100, 0.100, 0.100, 0.100, 0.100, 0.100, 0.100, 0.100, 0.159, 0.100, 0.100, 0.100, 0.100, 0.100, 0.100, 0.100, 0.100, 0.100, 0.100, 0.100, 0.100]
    Layer 23: sigma=[0.192, 0.123, 0.206, 0.100, 0.100, 0.100, 0.263, 0.100, 0.100, 0.100, 0.100, 0.100, 0.100, 0.100, 0.100, 0.100, 0.100, 0.100, 0.100, 0.100, 0.100, 0.100, 0.100, 0.100, 0.100, 0.100, 0.100, 0.100, 0.100, 0.318, 0.179, 0.112]
    Layer 24: sigma=[0.100, 0.100, 0.100, 0.100, 0.100, 0.100, 0.100, 0.100, 0.193, 0.100, 0.100, 0.100, 0.100, 0.100, 0.100, 0.218, 0.100, 0.100, 0.100, 0.115, 0.100, 0.100, 0.100, 0.100, 0.252, 0.291, 0.242, 0.217, 0.100, 0.100, 0.100, 0.100]
    Layer 25: sigma=[0.100, 0.100, 0.100, 0.100, 0.100, 0.100, 0.100, 0.100, 0.100, 0.100, 0.100, 0.100, 0.100, 0.100, 0.100, 0.100, 0.100, 0.100, 0.100, 0.100, 0.100, 0.100, 0.100, 0.100, 0.100, 0.100, 0.100, 0.100, 0.100, 0.100, 0.100, 0.100]
    Layer 26: sigma=[0.100, 0.100, 0.100, 0.100, 0.100, 0.100, 0.100, 0.100, 0.100, 0.100, 0.100, 0.100, 0.100, 0.100, 0.100, 0.129, 0.100, 0.100, 0.100, 0.100, 0.100, 0.100, 0.100, 0.100, 0.100, 0.100, 0.100, 0.100, 0.100, 0.100, 0.100, 0.100]
    Layer 27: sigma=[0.100, 0.100, 0.100, 0.100, 0.100, 0.100, 0.100, 0.100, 0.100, 0.100, 0.100, 0.100, 0.100, 0.100, 0.100, 0.100, 0.100, 0.100, 0.100, 0.100, 0.100, 0.100, 0.100, 0.100, 0.100, 0.100, 0.100, 0.100, 0.100, 0.208, 0.100, 0.100]
    Layer 28: sigma=[0.100, 0.100, 0.100, 0.100, 0.100, 0.117, 0.100, 0.188, 0.100, 0.100, 0.100, 0.100, 0.100, 0.100, 0.100, 0.100, 0.100, 0.100, 0.100, 0.100, 0.100, 0.100, 0.100, 0.100, 0.100, 0.100, 0.100, 0.100, 0.100, 0.100, 0.100, 0.100]
    Layer 29: sigma=[0.100, 0.100, 0.100, 0.100, 0.100, 0.100, 0.100, 0.100, 0.100, 0.100, 0.100, 0.100, 0.100, 0.100, 0.100, 0.100, 0.100, 0.100, 0.100, 0.100, 0.100, 0.100, 0.100, 0.100, 0.100, 0.100, 0.100, 0.100, 0.100, 0.100, 0.100, 0.100]
    Layer 30: sigma=[0.100, 0.100, 0.100, 0.100, 0.100, 0.100, 0.100, 0.100, 0.100, 0.100, 0.100, 0.100, 0.100, 0.100, 0.100, 0.100, 0.100, 0.100, 0.100, 0.100, 0.100, 0.100, 0.100, 0.100, 0.100, 0.100, 0.100, 0.100, 0.100, 0.100, 0.100, 0.100]
    Layer 31: sigma=[0.100, 0.100, 0.100, 0.100, 0.100, 0.100, 0.100, 0.100, 0.100, 0.100, 0.100, 0.100, 0.100, 0.100, 0.100, 0.100, 0.100, 0.100, 0.100, 0.100, 0.100, 0.100, 0.100, 0.100, 0.100, 0.100, 0.100, 0.100, 0.100, 0.100, 0.100, 0.100]
    Layer 32: sigma=[0.100, 0.100, 0.100, 0.100, 0.100, 0.100, 0.100, 0.100, 0.100, 0.100, 0.100, 0.100, 0.100, 0.100, 0.100, 0.100, 0.100, 0.100, 0.100, 0.100, 0.100, 0.100, 0.100, 0.100, 0.100, 0.100, 0.100, 0.100, 0.100, 0.100, 0.100, 0.100]
    Layer 33: sigma=[0.100, 0.100, 0.100, 0.100, 0.100, 0.100, 0.100, 0.100, 0.100, 0.100, 0.100, 0.100, 0.100, 0.100, 0.100, 0.100, 0.100, 0.100, 0.100, 0.100, 0.100, 0.100, 0.100, 0.100, 0.100, 0.100, 0.100, 0.100, 0.100, 0.100, 0.100, 0.100]
    Layer 34: sigma=[0.100, 0.100, 0.100, 0.100, 0.100, 0.100, 0.100, 0.100, 0.100, 0.100, 0.100, 0.100, 0.100, 0.100, 0.100, 0.100, 0.100, 0.100, 0.100, 0.100, 0.100, 0.100, 0.100, 0.100, 0.100, 0.100, 0.100, 0.100, 0.100, 0.100, 0.100, 0.100]
    Layer 35: sigma=[0.100, 0.100, 0.100, 0.100, 0.100, 0.100, 0.100, 0.100, 0.100, 0.100, 0.100, 0.100, 0.100, 0.100, 0.100, 0.100, 0.100, 0.100, 0.100, 0.100, 0.100, 0.100, 0.218, 0.100, 0.100, 0.100, 0.100, 0.100, 0.100, 0.100, 0.100, 0.100]

  [Taylor Step 3/3] g_proj = v_proj * alpha (damping=0.01)...
    Layer  0: alpha=0.068815  teacher_rms=0.0168  v_rms=0.0024
    Layer  1: alpha=0.058167  teacher_rms=0.0216  v_rms=0.0037
    Layer  2: alpha=0.054877  teacher_rms=0.0222  v_rms=0.0041
    Layer  3: alpha=0.041807  teacher_rms=0.0261  v_rms=0.0063
    Layer  4: alpha=0.049093  teacher_rms=0.0316  v_rms=0.0064
    Layer  5: alpha=0.052352  teacher_rms=0.0412  v_rms=0.0079
    Layer  6: alpha=0.074894  teacher_rms=0.0646  v_rms=0.0086
    Layer  7: alpha=0.040845  teacher_rms=0.0510  v_rms=0.0125
    Layer  8: alpha=0.041297  teacher_rms=0.0695  v_rms=0.0168
    Layer  9: alpha=0.027842  teacher_rms=0.0701  v_rms=0.0252
    Layer 10: alpha=0.048873  teacher_rms=0.1071  v_rms=0.0219
    Layer 11: alpha=0.053789  teacher_rms=0.1038  v_rms=0.0193
    Layer 13: alpha=0.054750  teacher_rms=0.1013  v_rms=0.0185
    Layer 14: alpha=0.052728  teacher_rms=0.1546  v_rms=0.0293
    Layer 15: alpha=0.046893  teacher_rms=0.1546  v_rms=0.0330
    Layer 16: alpha=0.038047  teacher_rms=0.1446  v_rms=0.0380
    Layer 17: alpha=0.035925  teacher_rms=0.1762  v_rms=0.0491
    Layer 18: alpha=0.031688  teacher_rms=0.1919  v_rms=0.0606
    Layer 19: alpha=0.050574  teacher_rms=0.2023  v_rms=0.0400
    Layer 20: alpha=0.052401  teacher_rms=0.1938  v_rms=0.0370
    Layer 21: alpha=0.043648  teacher_rms=0.2301  v_rms=0.0527
    Layer 22: alpha=0.052453  teacher_rms=0.2755  v_rms=0.0525
    Layer 23: alpha=0.046169  teacher_rms=0.3026  v_rms=0.0655
    Layer 24: alpha=0.032773  teacher_rms=0.2864  v_rms=0.0874
    Layer 25: alpha=0.038418  teacher_rms=0.2261  v_rms=0.0589
    Layer 26: alpha=0.027049  teacher_rms=0.1994  v_rms=0.0737
    Layer 27: alpha=0.032882  teacher_rms=0.2900  v_rms=0.0882
    Layer 28: alpha=0.039305  teacher_rms=0.3530  v_rms=0.0898
    Layer 29: alpha=0.016275  teacher_rms=0.2479  v_rms=0.1523
    Layer 30: alpha=0.025867  teacher_rms=0.3921  v_rms=0.1516
    Layer 31: alpha=0.018626  teacher_rms=0.3452  v_rms=0.1853
    Layer 32: alpha=0.021930  teacher_rms=0.5106  v_rms=0.2328
    Layer 33: alpha=0.016345  teacher_rms=0.5964  v_rms=0.3649
    Layer 34: alpha=0.031180  teacher_rms=1.0165  v_rms=0.3260
    Layer 35: alpha=0.055822  teacher_rms=1.0378  v_rms=0.1859

  Set g_proj = v_proj * alpha in 35 GDN layers (damping=0.01).
  Init (taylor_distill) done in 336.2s
  Layer 12: PPL = 1385.43  (eval 12.9s)

============================================================
  Probing layer 13 | strategy=taylor_distill
============================================================
Loading checkpoint shards:   0%|          | 0/4 [00:00<?, ?it/s]Loading checkpoint shards: 100%|██████████| 4/4 [00:00<00:00, 151.27it/s]
Could not cache non-existence of file. Will ignore error and continue. Error: [Errno 13] Permission denied: '/data/shared/huggingface/hub/models--Qwen--Qwen3-8B/.no_exist/b968826d9c46dd6066d109eabc6255188de91218/model.safetensors'
Loading checkpoint shards:   0%|          | 0/5 [00:00<?, ?it/s]Loading checkpoint shards: 100%|██████████| 5/5 [00:00<00:00, 187.44it/s]
Token indices sequence length is longer than the specified maximum sequence length for this model (2429029 > 131072). Running this sequence through the model will result in indexing errors
  [Taylor Step 1/3] Gate calibration from attention stats...
    Layer  0: dist=[18, 2, 6, 20, 8, 14, 6, 7, 10, 4, 6, 7, 10, 18, 17, 5, 9, 11, 8, 8, 8, 12, 2, 7, 4, 26, 5, 26, 9, 19, 9, 8]
    Layer  1: dist=[12, 21, 14, 26, 2, 9, 17, 7, 25, 18, 32, 29, 18, 28, 28, 20, 17, 26, 31, 18, 28, 17, 21, 21, 26, 8, 25, 23, 41, 16, 20, 28]
    Layer  2: dist=[36, 36, 37, 32, 17, 27, 20, 24, 21, 24, 29, 33, 28, 25, 26, 34, 32, 26, 28, 22, 28, 36, 27, 27, 14, 14, 11, 19, 41, 42, 43, 41]
    Layer  3: dist=[40, 20, 9, 12, 49, 50, 46, 42, 30, 27, 33, 31, 49, 43, 42, 42, 35, 37, 29, 37, 42, 33, 32, 36, 35, 30, 29, 33, 39, 36, 40, 37]
    Layer  4: dist=[31, 35, 41, 36, 41, 33, 35, 48, 37, 38, 34, 34, 31, 31, 38, 35, 35, 37, 38, 39, 34, 35, 25, 34, 26, 32, 27, 21, 28, 33, 30, 30]
    Layer  5: dist=[23, 29, 30, 21, 36, 34, 29, 29, 4, 14, 40, 38, 31, 43, 32, 30, 23, 20, 28, 28, 29, 30, 27, 33, 38, 39, 43, 43, 26, 25, 29, 32]
    Layer  6: dist=[16, 22, 17, 17, 27, 24, 34, 32, 25, 12, 21, 20, 31, 34, 28, 16, 28, 20, 24, 23, 13, 18, 18, 8, 21, 24, 18, 28, 24, 25, 21, 27]
    Layer  7: dist=[31, 36, 33, 46, 63, 57, 63, 60, 45, 60, 53, 41, 54, 15, 30, 49, 42, 54, 44, 44, 54, 45, 58, 59, 34, 41, 25, 43, 49, 51, 49, 54]
    Layer  8: dist=[45, 46, 49, 29, 43, 41, 35, 44, 46, 52, 43, 48, 51, 43, 49, 36, 60, 56, 54, 51, 44, 54, 51, 57, 47, 37, 51, 36, 44, 38, 42, 44]
    Layer  9: dist=[40, 32, 31, 36, 45, 49, 48, 40, 62, 61, 60, 56, 14, 46, 32, 45, 49, 53, 59, 62, 44, 40, 35, 41, 61, 44, 49, 54, 62, 57, 63, 61]
    Layer 10: dist=[39, 39, 30, 39, 46, 55, 33, 41, 34, 45, 55, 26, 49, 36, 42, 44, 45, 53, 52, 50, 46, 31, 56, 51, 51, 56, 47, 43, 40, 39, 44, 47]
    Layer 11: dist=[33, 33, 47, 27, 29, 36, 43, 42, 52, 62, 57, 49, 44, 33, 38, 39, 39, 36, 33, 25, 42, 56, 46, 46, 39, 32, 36, 32, 49, 34, 31, 48]
    Layer 12: dist=[12, 40, 39, 33, 43, 46, 39, 36, 33, 36, 44, 44, 50, 45, 45, 49, 21, 38, 29, 44, 55, 54, 53, 56, 49, 1, 56, 23, 43, 45, 59, 49]
    Layer 14: dist=[25, 35, 34, 24, 39, 24, 35, 33, 31, 32, 37, 37, 36, 40, 35, 36, 41, 46, 31, 35, 33, 17, 28, 42, 27, 38, 40, 38, 43, 44, 5, 48]
    Layer 15: dist=[45, 27, 43, 23, 20, 22, 41, 33, 48, 33, 26, 54, 37, 56, 41, 47, 33, 33, 34, 36, 33, 30, 27, 27, 27, 20, 41, 37, 38, 47, 38, 28]
    Layer 16: dist=[37, 32, 42, 47, 29, 35, 26, 31, 29, 45, 40, 43, 49, 35, 44, 47, 38, 41, 34, 35, 59, 60, 57, 54, 39, 28, 34, 6, 32, 33, 36, 32]
    Layer 17: dist=[58, 50, 41, 34, 28, 31, 22, 25, 44, 54, 42, 49, 23, 32, 39, 39, 24, 29, 32, 22, 39, 51, 49, 48, 30, 28, 31, 26, 29, 43, 47, 36]
    Layer 18: dist=[20, 27, 19, 18, 29, 37, 39, 30, 37, 40, 37, 45, 34, 34, 31, 35, 26, 41, 42, 28, 38, 28, 37, 52, 31, 35, 35, 36, 30, 29, 43, 31]
    Layer 19: dist=[39, 33, 35, 35, 43, 54, 30, 38, 40, 44, 41, 48, 35, 31, 40, 35, 44, 42, 26, 29, 10, 28, 18, 27, 52, 54, 52, 58, 44, 43, 41, 41]
    Layer 20: dist=[46, 39, 44, 40, 41, 27, 28, 31, 23, 21, 26, 21, 48, 42, 48, 50, 24, 28, 31, 21, 38, 57, 52, 51, 63, 51, 53, 44, 49, 43, 55, 55]
    Layer 21: dist=[26, 25, 30, 35, 58, 33, 53, 58, 61, 33, 39, 38, 26, 24, 25, 23, 39, 40, 45, 32, 47, 52, 48, 49, 35, 34, 32, 44, 38, 40, 34, 47]
    Layer 22: dist=[39, 32, 37, 33, 28, 38, 24, 30, 21, 27, 24, 35, 9, 46, 32, 35, 18, 40, 40, 23, 53, 59, 60, 61, 51, 44, 46, 48, 57, 47, 53, 50]
    Layer 23: dist=[22, 18, 26, 22, 55, 55, 22, 50, 41, 20, 24, 31, 37, 36, 41, 39, 41, 38, 42, 48, 41, 46, 42, 40, 41, 39, 37, 51, 47, 44, 44, 39]
    Layer 24: dist=[40, 62, 57, 51, 50, 56, 54, 47, 52, 54, 52, 43, 41, 39, 47, 40, 42, 49, 44, 42, 60, 53, 52, 58, 31, 41, 39, 29, 50, 57, 51, 47]
    Layer 25: dist=[50, 60, 59, 49, 38, 38, 54, 42, 46, 52, 47, 48, 36, 45, 27, 37, 48, 50, 49, 45, 54, 56, 55, 55, 58, 56, 50, 55, 46, 61, 51, 45]
    Layer 26: dist=[43, 47, 57, 36, 59, 57, 59, 56, 52, 56, 53, 49, 52, 62, 60, 60, 43, 46, 53, 50, 53, 54, 60, 57, 53, 50, 54, 50, 58, 50, 59, 51]
    Layer 27: dist=[48, 55, 54, 59, 50, 53, 52, 44, 41, 52, 55, 52, 41, 56, 42, 45, 51, 53, 53, 53, 47, 56, 54, 44, 57, 59, 60, 60, 50, 44, 45, 60]
    Layer 28: dist=[53, 47, 54, 53, 41, 35, 40, 38, 52, 57, 47, 46, 57, 53, 48, 50, 57, 51, 53, 55, 59, 37, 32, 46, 47, 46, 50, 51, 46, 48, 35, 49]
    Layer 29: dist=[57, 58, 57, 58, 45, 56, 47, 58, 58, 57, 61, 54, 60, 61, 60, 61, 58, 56, 58, 60, 62, 61, 56, 62, 49, 59, 47, 49, 55, 51, 56, 56]
    Layer 30: dist=[40, 54, 51, 52, 53, 51, 48, 37, 60, 59, 58, 60, 53, 53, 57, 51, 52, 39, 61, 61, 29, 60, 53, 54, 60, 60, 61, 60, 55, 56, 54, 51]
    Layer 31: dist=[60, 58, 51, 49, 58, 59, 59, 59, 57, 41, 46, 47, 58, 59, 59, 58, 52, 53, 55, 48, 60, 59, 56, 59, 57, 56, 46, 60, 57, 55, 53, 57]
    Layer 32: dist=[56, 57, 58, 57, 58, 60, 59, 60, 56, 55, 59, 58, 48, 58, 54, 47, 58, 54, 54, 54, 62, 48, 57, 60, 36, 48, 44, 53, 58, 54, 51, 53]
    Layer 33: dist=[52, 61, 57, 60, 45, 52, 29, 47, 57, 58, 57, 58, 58, 59, 58, 59, 59, 59, 53, 56, 58, 49, 54, 57, 57, 59, 60, 59, 56, 56, 55, 53]
    Layer 34: dist=[56, 57, 58, 57, 55, 56, 55, 54, 25, 47, 54, 42, 58, 57, 60, 40, 42, 44, 62, 30, 58, 27, 59, 60, 61, 60, 62, 60, 26, 32, 35, 54]
    Layer 35: dist=[56, 62, 36, 50, 43, 19, 55, 48, 42, 51, 55, 49, 30, 17, 24, 22, 49, 45, 40, 27, 45, 52, 28, 27, 33, 27, 33, 35, 36, 57, 61, 58]

  [Taylor Step 2/3] OLS sigma per head (scaling V, streaming)...
    Layer  0: sigma=[0.257, 0.100, 0.100, 0.100, 0.197, 0.602, 0.100, 0.100, 0.100, 0.100, 0.141, 0.100, 0.100, 0.100, 0.100, 0.291, 0.100, 0.100, 0.100, 0.100, 0.100, 0.100, 0.100, 0.200, 0.100, 0.100, 0.578, 0.100, 0.252, 0.100, 0.100, 0.100]
    Layer  1: sigma=[0.282, 0.100, 0.100, 0.100, 0.100, 0.100, 0.100, 0.100, 0.100, 0.408, 0.281, 0.100, 0.100, 0.100, 0.100, 0.100, 0.100, 0.100, 0.100, 0.100, 0.100, 0.100, 0.100, 0.208, 0.100, 0.100, 0.178, 0.100, 0.100, 0.100, 0.100, 0.100]
    Layer  2: sigma=[0.151, 0.100, 0.100, 0.100, 0.100, 0.100, 0.100, 0.100, 0.157, 0.100, 0.100, 0.100, 0.100, 0.259, 0.100, 0.100, 0.100, 0.100, 0.100, 0.100, 0.100, 0.100, 0.100, 0.100, 0.100, 0.176, 0.100, 0.100, 0.100, 0.100, 0.100, 0.138]
    Layer  3: sigma=[0.100, 0.457, 0.100, 0.288, 0.100, 0.100, 0.100, 0.100, 0.100, 0.100, 0.100, 0.100, 0.100, 0.100, 0.100, 0.100, 0.100, 0.100, 0.118, 0.100, 0.100, 0.100, 0.100, 0.100, 0.100, 0.126, 0.107, 0.100, 0.100, 0.100, 0.100, 0.100]
    Layer  4: sigma=[0.100, 0.100, 0.100, 0.100, 0.100, 0.100, 0.100, 0.100, 0.100, 0.100, 0.100, 0.100, 0.100, 0.100, 0.100, 0.100, 0.100, 0.100, 0.100, 0.100, 0.100, 0.146, 0.318, 0.100, 0.100, 0.100, 0.100, 0.100, 0.100, 0.100, 0.100, 0.100]
    Layer  5: sigma=[0.100, 0.100, 0.118, 0.100, 0.100, 0.100, 0.100, 0.100, 0.100, 0.260, 0.100, 0.102, 0.100, 0.100, 0.100, 0.111, 0.100, 0.334, 0.100, 0.100, 0.100, 0.100, 0.100, 0.100, 0.100, 0.100, 0.100, 0.100, 0.100, 0.245, 0.100, 0.100]
    Layer  6: sigma=[0.100, 0.100, 0.161, 0.100, 0.116, 0.110, 0.100, 0.100, 0.100, 0.100, 0.100, 0.100, 0.100, 0.100, 0.100, 0.100, 0.100, 0.100, 0.100, 0.100, 0.238, 0.100, 0.100, 0.100, 0.100, 0.100, 0.102, 0.100, 0.100, 0.100, 0.100, 0.100]
    Layer  7: sigma=[0.100, 0.234, 0.100, 0.100, 0.126, 0.100, 0.100, 0.100, 0.100, 0.100, 0.100, 0.152, 0.100, 0.100, 0.100, 0.100, 0.100, 0.100, 0.100, 0.100, 0.100, 0.100, 0.100, 0.100, 0.100, 0.100, 0.100, 0.100, 0.100, 0.100, 0.100, 0.100]
    Layer  8: sigma=[0.100, 0.100, 0.100, 0.100, 0.100, 0.100, 0.100, 0.131, 0.100, 0.100, 0.100, 0.100, 0.100, 0.113, 0.100, 0.100, 0.100, 0.100, 0.100, 0.100, 0.100, 0.100, 0.100, 0.100, 0.100, 0.100, 0.100, 0.276, 0.100, 0.100, 0.100, 0.100]
    Layer  9: sigma=[0.100, 0.100, 0.124, 0.100, 0.100, 0.100, 0.100, 0.100, 0.100, 0.100, 0.100, 0.100, 0.100, 0.100, 0.752, 0.221, 0.100, 0.100, 0.100, 0.100, 0.124, 0.100, 0.100, 0.100, 0.100, 0.166, 0.100, 0.100, 0.100, 0.100, 0.100, 0.100]
    Layer 10: sigma=[0.100, 0.100, 0.100, 0.100, 0.100, 0.100, 0.100, 0.100, 0.147, 0.100, 0.100, 0.100, 0.100, 0.100, 0.100, 0.100, 0.100, 0.100, 0.100, 0.100, 0.100, 0.100, 0.100, 0.100, 0.100, 0.100, 0.100, 0.100, 0.109, 0.100, 0.107, 0.100]
    Layer 11: sigma=[0.100, 0.100, 0.100, 0.100, 0.218, 0.100, 0.167, 0.100, 0.100, 0.131, 0.100, 0.100, 0.144, 0.100, 0.274, 0.100, 0.100, 0.100, 0.100, 0.100, 0.100, 0.100, 0.100, 0.100, 0.100, 0.100, 0.255, 0.100, 0.100, 0.100, 0.104, 0.100]
    Layer 12: sigma=[0.100, 0.100, 0.100, 0.100, 0.100, 0.117, 0.100, 0.100, 0.100, 0.113, 0.100, 0.100, 0.100, 0.100, 0.100, 0.100, 0.100, 0.270, 0.512, 0.100, 0.100, 0.100, 0.100, 0.100, 0.100, 0.371, 0.100, 0.140, 0.100, 0.142, 0.133, 0.100]
    Layer 14: sigma=[0.100, 0.100, 0.108, 0.100, 0.100, 0.517, 0.100, 0.173, 0.100, 0.100, 0.101, 0.100, 0.100, 0.181, 0.100, 0.100, 0.100, 0.100, 0.182, 0.137, 0.100, 0.100, 0.100, 0.100, 0.100, 0.160, 0.100, 0.144, 0.100, 0.100, 0.101, 0.100]
    Layer 15: sigma=[0.100, 0.201, 0.100, 0.119, 0.245, 0.107, 0.100, 0.100, 0.100, 0.100, 0.100, 0.100, 0.258, 0.100, 0.100, 0.100, 0.100, 0.100, 0.102, 0.133, 0.100, 0.100, 0.100, 0.100, 0.287, 0.272, 0.100, 0.100, 0.100, 0.100, 0.100, 0.100]
    Layer 16: sigma=[0.355, 0.100, 0.100, 0.100, 0.100, 0.100, 0.100, 0.100, 0.100, 0.100, 0.100, 0.100, 0.100, 0.100, 0.100, 0.100, 0.100, 0.100, 0.100, 0.100, 0.100, 0.100, 0.100, 0.100, 0.100, 0.179, 0.100, 0.100, 0.100, 0.100, 0.100, 0.100]
    Layer 17: sigma=[0.100, 0.100, 0.100, 0.100, 0.100, 0.494, 0.100, 0.100, 0.112, 0.100, 0.100, 0.100, 0.100, 0.100, 0.100, 0.100, 0.312, 0.100, 0.100, 0.405, 0.100, 0.100, 0.100, 0.100, 0.100, 0.100, 0.407, 0.127, 0.100, 0.100, 0.100, 0.100]
    Layer 18: sigma=[0.100, 0.615, 0.100, 0.100, 0.100, 0.186, 0.100, 0.100, 0.100, 0.100, 0.100, 0.100, 0.100, 0.100, 0.100, 0.100, 0.477, 0.100, 0.100, 0.100, 0.100, 0.100, 0.100, 0.100, 0.100, 0.100, 0.100, 0.100, 0.100, 0.100, 0.100, 0.100]
    Layer 19: sigma=[0.100, 0.100, 0.100, 0.100, 0.100, 0.100, 0.219, 0.100, 0.100, 0.100, 0.100, 0.100, 0.231, 0.100, 0.100, 0.151, 0.100, 0.100, 0.100, 0.462, 0.100, 0.100, 0.100, 0.100, 0.116, 0.100, 0.100, 0.100, 0.100, 0.100, 0.100, 0.100]
    Layer 20: sigma=[0.100, 0.100, 0.167, 0.100, 0.100, 0.265, 0.172, 0.100, 0.100, 0.100, 0.100, 0.100, 0.100, 0.100, 0.100, 0.109, 0.245, 0.100, 0.100, 0.100, 0.100, 0.100, 0.100, 0.100, 0.100, 0.100, 0.100, 0.100, 0.100, 0.100, 0.100, 0.100]
    Layer 21: sigma=[0.101, 0.100, 0.100, 0.137, 0.100, 0.100, 0.100, 0.100, 0.100, 0.102, 0.100, 0.389, 0.100, 0.100, 0.103, 0.100, 0.100, 0.100, 0.100, 0.154, 0.100, 0.100, 0.100, 0.100, 0.100, 0.100, 0.100, 0.100, 0.100, 0.100, 0.349, 0.127]
    Layer 22: sigma=[0.161, 0.100, 0.100, 0.100, 0.178, 0.147, 0.110, 0.197, 0.193, 0.138, 0.100, 0.100, 0.112, 0.100, 0.100, 0.100, 0.100, 0.100, 0.100, 0.174, 0.100, 0.100, 0.100, 0.100, 0.100, 0.100, 0.100, 0.100, 0.100, 0.100, 0.100, 0.100]
    Layer 23: sigma=[0.185, 0.151, 0.197, 0.100, 0.100, 0.100, 0.238, 0.100, 0.100, 0.100, 0.100, 0.100, 0.100, 0.100, 0.100, 0.100, 0.100, 0.100, 0.100, 0.100, 0.100, 0.100, 0.100, 0.100, 0.100, 0.100, 0.100, 0.100, 0.100, 0.257, 0.306, 0.202]
    Layer 24: sigma=[0.100, 0.100, 0.100, 0.100, 0.100, 0.100, 0.100, 0.100, 0.126, 0.100, 0.100, 0.100, 0.100, 0.100, 0.100, 0.174, 0.100, 0.100, 0.100, 0.100, 0.100, 0.100, 0.100, 0.100, 0.231, 0.325, 0.214, 0.213, 0.100, 0.100, 0.100, 0.100]
    Layer 25: sigma=[0.100, 0.100, 0.100, 0.100, 0.100, 0.100, 0.100, 0.100, 0.100, 0.100, 0.100, 0.100, 0.100, 0.100, 0.100, 0.100, 0.100, 0.100, 0.100, 0.100, 0.100, 0.100, 0.100, 0.100, 0.100, 0.100, 0.100, 0.100, 0.100, 0.100, 0.100, 0.100]
    Layer 26: sigma=[0.100, 0.100, 0.100, 0.100, 0.100, 0.100, 0.100, 0.100, 0.100, 0.100, 0.100, 0.100, 0.100, 0.100, 0.100, 0.143, 0.100, 0.100, 0.100, 0.100, 0.100, 0.100, 0.100, 0.100, 0.100, 0.100, 0.100, 0.100, 0.100, 0.100, 0.100, 0.100]
    Layer 27: sigma=[0.104, 0.100, 0.100, 0.100, 0.100, 0.100, 0.100, 0.100, 0.100, 0.100, 0.100, 0.100, 0.100, 0.100, 0.100, 0.100, 0.100, 0.100, 0.100, 0.100, 0.100, 0.100, 0.100, 0.100, 0.100, 0.100, 0.100, 0.100, 0.100, 0.232, 0.100, 0.100]
    Layer 28: sigma=[0.100, 0.100, 0.100, 0.100, 0.105, 0.121, 0.100, 0.189, 0.100, 0.100, 0.100, 0.100, 0.100, 0.100, 0.100, 0.100, 0.100, 0.100, 0.100, 0.100, 0.100, 0.100, 0.100, 0.100, 0.100, 0.100, 0.100, 0.100, 0.100, 0.100, 0.100, 0.100]
    Layer 29: sigma=[0.100, 0.100, 0.100, 0.100, 0.100, 0.100, 0.100, 0.100, 0.100, 0.100, 0.100, 0.100, 0.100, 0.100, 0.100, 0.100, 0.100, 0.100, 0.100, 0.100, 0.100, 0.100, 0.100, 0.100, 0.100, 0.100, 0.100, 0.100, 0.100, 0.100, 0.100, 0.100]
    Layer 30: sigma=[0.100, 0.100, 0.100, 0.100, 0.100, 0.100, 0.100, 0.100, 0.100, 0.100, 0.100, 0.100, 0.100, 0.100, 0.100, 0.170, 0.110, 0.100, 0.100, 0.100, 0.100, 0.100, 0.100, 0.100, 0.100, 0.100, 0.100, 0.100, 0.100, 0.100, 0.100, 0.100]
    Layer 31: sigma=[0.100, 0.100, 0.100, 0.100, 0.100, 0.100, 0.100, 0.100, 0.100, 0.100, 0.100, 0.100, 0.100, 0.100, 0.100, 0.100, 0.100, 0.100, 0.100, 0.100, 0.100, 0.100, 0.100, 0.100, 0.100, 0.100, 0.100, 0.100, 0.100, 0.100, 0.100, 0.100]
    Layer 32: sigma=[0.100, 0.100, 0.100, 0.100, 0.100, 0.100, 0.100, 0.100, 0.100, 0.100, 0.100, 0.100, 0.100, 0.100, 0.100, 0.100, 0.100, 0.100, 0.100, 0.100, 0.100, 0.100, 0.100, 0.100, 0.100, 0.100, 0.100, 0.100, 0.100, 0.100, 0.100, 0.100]
    Layer 33: sigma=[0.100, 0.100, 0.100, 0.100, 0.100, 0.100, 0.100, 0.100, 0.100, 0.100, 0.100, 0.100, 0.100, 0.100, 0.100, 0.100, 0.100, 0.100, 0.100, 0.100, 0.100, 0.100, 0.100, 0.100, 0.100, 0.100, 0.100, 0.100, 0.100, 0.100, 0.100, 0.100]
    Layer 34: sigma=[0.100, 0.100, 0.100, 0.100, 0.100, 0.100, 0.100, 0.100, 0.100, 0.100, 0.100, 0.100, 0.100, 0.100, 0.100, 0.100, 0.100, 0.100, 0.100, 0.100, 0.100, 0.100, 0.100, 0.100, 0.100, 0.100, 0.100, 0.100, 0.100, 0.100, 0.100, 0.100]
    Layer 35: sigma=[0.100, 0.100, 0.100, 0.100, 0.101, 0.100, 0.100, 0.100, 0.100, 0.100, 0.100, 0.100, 0.100, 0.100, 0.100, 0.100, 0.100, 0.100, 0.100, 0.100, 0.100, 0.100, 0.100, 0.100, 0.100, 0.100, 0.100, 0.100, 0.100, 0.100, 0.100, 0.100]

  [Taylor Step 3/3] g_proj = v_proj * alpha (damping=0.01)...
    Layer  0: alpha=0.068891  teacher_rms=0.0168  v_rms=0.0024
    Layer  1: alpha=0.057807  teacher_rms=0.0216  v_rms=0.0037
    Layer  2: alpha=0.054761  teacher_rms=0.0222  v_rms=0.0041
    Layer  3: alpha=0.041589  teacher_rms=0.0261  v_rms=0.0063
    Layer  4: alpha=0.049006  teacher_rms=0.0316  v_rms=0.0064
    Layer  5: alpha=0.052961  teacher_rms=0.0412  v_rms=0.0078
    Layer  6: alpha=0.075224  teacher_rms=0.0646  v_rms=0.0086
    Layer  7: alpha=0.040984  teacher_rms=0.0510  v_rms=0.0124
    Layer  8: alpha=0.042030  teacher_rms=0.0695  v_rms=0.0165
    Layer  9: alpha=0.027106  teacher_rms=0.0701  v_rms=0.0259
    Layer 10: alpha=0.048720  teacher_rms=0.1071  v_rms=0.0220
    Layer 11: alpha=0.053507  teacher_rms=0.1038  v_rms=0.0194
    Layer 12: alpha=0.044410  teacher_rms=0.1177  v_rms=0.0265
    Layer 14: alpha=0.051336  teacher_rms=0.1546  v_rms=0.0301
    Layer 15: alpha=0.047199  teacher_rms=0.1546  v_rms=0.0328
    Layer 16: alpha=0.038900  teacher_rms=0.1446  v_rms=0.0372
    Layer 17: alpha=0.035016  teacher_rms=0.1762  v_rms=0.0503
    Layer 18: alpha=0.033122  teacher_rms=0.1919  v_rms=0.0580
    Layer 19: alpha=0.046489  teacher_rms=0.2023  v_rms=0.0435
    Layer 20: alpha=0.049965  teacher_rms=0.1938  v_rms=0.0388
    Layer 21: alpha=0.043520  teacher_rms=0.2301  v_rms=0.0529
    Layer 22: alpha=0.052245  teacher_rms=0.2755  v_rms=0.0527
    Layer 23: alpha=0.045236  teacher_rms=0.3026  v_rms=0.0669
    Layer 24: alpha=0.034171  teacher_rms=0.2864  v_rms=0.0838
    Layer 25: alpha=0.038418  teacher_rms=0.2261  v_rms=0.0589
    Layer 26: alpha=0.026860  teacher_rms=0.1994  v_rms=0.0742
    Layer 27: alpha=0.032363  teacher_rms=0.2900  v_rms=0.0896
    Layer 28: alpha=0.039183  teacher_rms=0.3530  v_rms=0.0901
    Layer 29: alpha=0.016275  teacher_rms=0.2479  v_rms=0.1523
    Layer 30: alpha=0.025181  teacher_rms=0.3921  v_rms=0.1557
    Layer 31: alpha=0.018626  teacher_rms=0.3452  v_rms=0.1853
    Layer 32: alpha=0.021930  teacher_rms=0.5106  v_rms=0.2328
    Layer 33: alpha=0.016345  teacher_rms=0.5964  v_rms=0.3649
    Layer 34: alpha=0.031180  teacher_rms=1.0165  v_rms=0.3260
    Layer 35: alpha=0.058506  teacher_rms=1.0378  v_rms=0.1774

  Set g_proj = v_proj * alpha in 35 GDN layers (damping=0.01).
  Init (taylor_distill) done in 339.1s
  Layer 13: PPL = 1542.82  (eval 13.4s)

============================================================
  Probing layer 14 | strategy=taylor_distill
============================================================
Loading checkpoint shards:   0%|          | 0/4 [00:00<?, ?it/s]Loading checkpoint shards: 100%|██████████| 4/4 [00:00<00:00, 146.47it/s]
Could not cache non-existence of file. Will ignore error and continue. Error: [Errno 13] Permission denied: '/data/shared/huggingface/hub/models--Qwen--Qwen3-8B/.no_exist/b968826d9c46dd6066d109eabc6255188de91218/model.safetensors'
Loading checkpoint shards:   0%|          | 0/5 [00:00<?, ?it/s]Loading checkpoint shards: 100%|██████████| 5/5 [00:00<00:00, 52.33it/s]
Token indices sequence length is longer than the specified maximum sequence length for this model (2429029 > 131072). Running this sequence through the model will result in indexing errors
  [Taylor Step 1/3] Gate calibration from attention stats...
    Layer  0: dist=[18, 2, 6, 20, 8, 14, 6, 7, 10, 4, 6, 7, 10, 18, 17, 5, 9, 11, 8, 8, 8, 12, 2, 7, 4, 26, 5, 26, 9, 19, 9, 8]
    Layer  1: dist=[12, 21, 14, 26, 2, 9, 17, 7, 25, 18, 32, 29, 18, 28, 28, 20, 17, 26, 31, 18, 28, 17, 21, 21, 26, 8, 25, 23, 41, 16, 20, 28]
    Layer  2: dist=[36, 36, 37, 32, 17, 27, 20, 24, 21, 24, 29, 33, 28, 25, 26, 34, 32, 26, 28, 22, 28, 36, 27, 27, 14, 14, 11, 19, 41, 42, 43, 41]
    Layer  3: dist=[40, 20, 9, 12, 49, 50, 46, 42, 30, 27, 33, 31, 49, 43, 42, 42, 35, 37, 29, 37, 42, 33, 32, 36, 35, 30, 29, 33, 39, 36, 40, 37]
    Layer  4: dist=[31, 35, 41, 36, 41, 33, 35, 48, 37, 38, 34, 34, 31, 31, 38, 35, 35, 37, 38, 39, 34, 35, 25, 34, 26, 32, 27, 21, 28, 33, 30, 30]
    Layer  5: dist=[23, 29, 30, 21, 36, 34, 29, 29, 4, 14, 40, 38, 31, 43, 32, 30, 23, 20, 28, 28, 29, 30, 27, 33, 38, 39, 43, 43, 26, 25, 29, 32]
    Layer  6: dist=[16, 22, 17, 17, 27, 24, 34, 32, 25, 12, 21, 20, 31, 34, 28, 16, 28, 20, 24, 23, 13, 18, 18, 8, 21, 24, 18, 28, 24, 25, 21, 27]
    Layer  7: dist=[31, 36, 33, 46, 63, 57, 63, 60, 45, 60, 53, 41, 54, 15, 30, 49, 42, 54, 44, 44, 54, 45, 58, 59, 34, 41, 25, 43, 49, 51, 49, 54]
    Layer  8: dist=[45, 46, 49, 29, 43, 41, 35, 44, 46, 52, 43, 48, 51, 43, 49, 36, 60, 56, 54, 51, 44, 54, 51, 57, 47, 37, 51, 36, 44, 38, 42, 44]
    Layer  9: dist=[40, 32, 31, 36, 45, 49, 48, 40, 62, 61, 60, 56, 14, 46, 32, 45, 49, 53, 59, 62, 44, 40, 35, 41, 61, 44, 49, 54, 62, 57, 63, 61]
    Layer 10: dist=[39, 39, 30, 39, 46, 55, 33, 41, 34, 45, 55, 26, 49, 36, 42, 44, 45, 53, 52, 50, 46, 31, 56, 51, 51, 56, 47, 43, 40, 39, 44, 47]
    Layer 11: dist=[33, 33, 47, 27, 29, 36, 43, 42, 52, 62, 57, 49, 44, 33, 38, 39, 39, 36, 33, 25, 42, 56, 46, 46, 39, 32, 36, 32, 49, 34, 31, 48]
    Layer 12: dist=[12, 40, 39, 33, 43, 46, 39, 36, 33, 36, 44, 44, 50, 45, 45, 49, 21, 38, 29, 44, 55, 54, 53, 56, 49, 1, 56, 23, 43, 45, 59, 49]
    Layer 13: dist=[29, 36, 39, 36, 31, 29, 35, 22, 47, 36, 52, 61, 64, 58, 55, 62, 46, 39, 31, 36, 47, 33, 44, 46, 44, 33, 40, 41, 58, 56, 49, 51]
    Layer 15: dist=[45, 27, 43, 23, 20, 22, 41, 33, 48, 33, 26, 54, 37, 56, 41, 47, 33, 33, 34, 36, 33, 30, 27, 27, 27, 20, 41, 37, 38, 47, 38, 28]
    Layer 16: dist=[37, 32, 42, 47, 29, 35, 26, 31, 29, 45, 40, 43, 49, 35, 44, 47, 38, 41, 34, 35, 59, 60, 57, 54, 39, 28, 34, 6, 32, 33, 36, 32]
    Layer 17: dist=[58, 50, 41, 34, 28, 31, 22, 25, 44, 54, 42, 49, 23, 32, 39, 39, 24, 29, 32, 22, 39, 51, 49, 48, 30, 28, 31, 26, 29, 43, 47, 36]
    Layer 18: dist=[20, 27, 19, 18, 29, 37, 39, 30, 37, 40, 37, 45, 34, 34, 31, 35, 26, 41, 42, 28, 38, 28, 37, 52, 31, 35, 35, 36, 30, 29, 43, 31]
    Layer 19: dist=[39, 33, 35, 35, 43, 54, 30, 38, 40, 44, 41, 48, 35, 31, 40, 35, 44, 42, 26, 29, 10, 28, 18, 27, 52, 54, 52, 58, 44, 43, 41, 41]
    Layer 20: dist=[46, 39, 44, 40, 41, 27, 28, 31, 23, 21, 26, 21, 48, 42, 48, 50, 24, 28, 31, 21, 38, 57, 52, 51, 63, 51, 53, 44, 49, 43, 55, 55]
    Layer 21: dist=[26, 25, 30, 35, 58, 33, 53, 58, 61, 33, 39, 38, 26, 24, 25, 23, 39, 40, 45, 32, 47, 52, 48, 49, 35, 34, 32, 44, 38, 40, 34, 47]
    Layer 22: dist=[39, 32, 37, 33, 28, 38, 24, 30, 21, 27, 24, 35, 9, 46, 32, 35, 18, 40, 40, 23, 53, 59, 60, 61, 51, 44, 46, 48, 57, 47, 53, 50]
    Layer 23: dist=[22, 18, 26, 22, 55, 55, 22, 50, 41, 20, 24, 31, 37, 36, 41, 39, 41, 38, 42, 48, 41, 46, 42, 40, 41, 39, 37, 51, 47, 44, 44, 39]
    Layer 24: dist=[40, 62, 57, 51, 50, 56, 54, 47, 52, 54, 52, 43, 41, 39, 47, 40, 42, 49, 44, 42, 60, 53, 52, 58, 31, 41, 39, 29, 50, 57, 51, 47]
    Layer 25: dist=[50, 60, 59, 49, 38, 38, 54, 42, 46, 52, 47, 48, 36, 45, 27, 37, 48, 50, 49, 45, 54, 56, 55, 55, 58, 56, 50, 55, 46, 61, 51, 45]
    Layer 26: dist=[43, 47, 57, 36, 59, 57, 59, 56, 52, 56, 53, 49, 52, 62, 60, 60, 43, 46, 53, 50, 53, 54, 60, 57, 53, 50, 54, 50, 58, 50, 59, 51]
    Layer 27: dist=[48, 55, 54, 59, 50, 53, 52, 44, 41, 52, 55, 52, 41, 56, 42, 45, 51, 53, 53, 53, 47, 56, 54, 44, 57, 59, 60, 60, 50, 44, 45, 60]
    Layer 28: dist=[53, 47, 54, 53, 41, 35, 40, 38, 52, 57, 47, 46, 57, 53, 48, 50, 57, 51, 53, 55, 59, 37, 32, 46, 47, 46, 50, 51, 46, 48, 35, 49]
    Layer 29: dist=[57, 58, 57, 58, 45, 56, 47, 58, 58, 57, 61, 54, 60, 61, 60, 61, 58, 56, 58, 60, 62, 61, 56, 62, 49, 59, 47, 49, 55, 51, 56, 56]
    Layer 30: dist=[40, 54, 51, 52, 53, 51, 48, 37, 60, 59, 58, 60, 53, 53, 57, 51, 52, 39, 61, 61, 29, 60, 53, 54, 60, 60, 61, 60, 55, 56, 54, 51]
    Layer 31: dist=[60, 58, 51, 49, 58, 59, 59, 59, 57, 41, 46, 47, 58, 59, 59, 58, 52, 53, 55, 48, 60, 59, 56, 59, 57, 56, 46, 60, 57, 55, 53, 57]
    Layer 32: dist=[56, 57, 58, 57, 58, 60, 59, 60, 56, 55, 59, 58, 48, 58, 54, 47, 58, 54, 54, 54, 62, 48, 57, 60, 36, 48, 44, 53, 58, 54, 51, 53]
    Layer 33: dist=[52, 61, 57, 60, 45, 52, 29, 47, 57, 58, 57, 58, 58, 59, 58, 59, 59, 59, 53, 56, 58, 49, 54, 57, 57, 59, 60, 59, 56, 56, 55, 53]
    Layer 34: dist=[56, 57, 58, 57, 55, 56, 55, 54, 25, 47, 54, 42, 58, 57, 60, 40, 42, 44, 62, 30, 58, 27, 59, 60, 61, 60, 62, 60, 26, 32, 35, 54]
    Layer 35: dist=[56, 62, 36, 50, 43, 19, 55, 48, 42, 51, 55, 49, 30, 17, 24, 22, 49, 45, 40, 27, 45, 52, 28, 27, 33, 27, 33, 35, 36, 57, 61, 58]

  [Taylor Step 2/3] OLS sigma per head (scaling V, streaming)...
    Layer  0: sigma=[0.254, 0.100, 0.100, 0.100, 0.198, 0.601, 0.100, 0.100, 0.100, 0.100, 0.141, 0.100, 0.100, 0.100, 0.100, 0.292, 0.100, 0.100, 0.100, 0.100, 0.100, 0.100, 0.100, 0.200, 0.100, 0.100, 0.576, 0.100, 0.252, 0.100, 0.100, 0.100]
    Layer  1: sigma=[0.278, 0.100, 0.100, 0.100, 0.100, 0.100, 0.100, 0.100, 0.100, 0.411, 0.276, 0.100, 0.100, 0.100, 0.100, 0.100, 0.100, 0.100, 0.100, 0.100, 0.100, 0.100, 0.100, 0.210, 0.100, 0.100, 0.178, 0.100, 0.100, 0.100, 0.100, 0.100]
    Layer  2: sigma=[0.152, 0.100, 0.100, 0.100, 0.100, 0.100, 0.100, 0.100, 0.156, 0.100, 0.100, 0.100, 0.100, 0.259, 0.100, 0.100, 0.100, 0.100, 0.100, 0.100, 0.100, 0.100, 0.100, 0.100, 0.100, 0.175, 0.100, 0.100, 0.100, 0.100, 0.100, 0.140]
    Layer  3: sigma=[0.100, 0.460, 0.100, 0.287, 0.100, 0.100, 0.100, 0.100, 0.100, 0.100, 0.100, 0.100, 0.100, 0.100, 0.100, 0.100, 0.100, 0.100, 0.118, 0.100, 0.100, 0.100, 0.100, 0.100, 0.100, 0.123, 0.110, 0.100, 0.100, 0.100, 0.100, 0.100]
    Layer  4: sigma=[0.100, 0.100, 0.100, 0.100, 0.100, 0.100, 0.100, 0.100, 0.100, 0.100, 0.100, 0.100, 0.100, 0.100, 0.100, 0.100, 0.100, 0.100, 0.100, 0.100, 0.100, 0.142, 0.319, 0.100, 0.100, 0.100, 0.100, 0.100, 0.100, 0.100, 0.100, 0.100]
    Layer  5: sigma=[0.100, 0.100, 0.116, 0.100, 0.100, 0.100, 0.100, 0.100, 0.100, 0.265, 0.100, 0.107, 0.100, 0.100, 0.100, 0.109, 0.100, 0.329, 0.100, 0.100, 0.100, 0.100, 0.100, 0.100, 0.100, 0.100, 0.100, 0.100, 0.100, 0.246, 0.100, 0.100]
    Layer  6: sigma=[0.100, 0.100, 0.166, 0.100, 0.112, 0.112, 0.100, 0.100, 0.100, 0.100, 0.100, 0.100, 0.100, 0.100, 0.100, 0.100, 0.100, 0.100, 0.100, 0.100, 0.237, 0.100, 0.100, 0.100, 0.100, 0.100, 0.102, 0.100, 0.100, 0.100, 0.100, 0.100]
    Layer  7: sigma=[0.100, 0.246, 0.100, 0.100, 0.114, 0.100, 0.100, 0.100, 0.100, 0.100, 0.100, 0.162, 0.100, 0.100, 0.100, 0.100, 0.100, 0.100, 0.100, 0.100, 0.100, 0.100, 0.100, 0.100, 0.100, 0.100, 0.100, 0.100, 0.100, 0.100, 0.100, 0.100]
    Layer  8: sigma=[0.100, 0.100, 0.100, 0.100, 0.100, 0.100, 0.100, 0.117, 0.100, 0.100, 0.100, 0.100, 0.100, 0.118, 0.100, 0.100, 0.100, 0.100, 0.100, 0.100, 0.100, 0.100, 0.100, 0.100, 0.100, 0.100, 0.100, 0.263, 0.100, 0.100, 0.100, 0.100]
    Layer  9: sigma=[0.100, 0.100, 0.124, 0.100, 0.100, 0.100, 0.100, 0.100, 0.100, 0.100, 0.100, 0.100, 0.100, 0.100, 0.717, 0.216, 0.100, 0.100, 0.100, 0.100, 0.126, 0.100, 0.100, 0.100, 0.100, 0.166, 0.100, 0.100, 0.100, 0.100, 0.100, 0.100]
    Layer 10: sigma=[0.100, 0.100, 0.100, 0.100, 0.100, 0.100, 0.100, 0.100, 0.124, 0.100, 0.100, 0.100, 0.100, 0.100, 0.100, 0.100, 0.100, 0.100, 0.100, 0.100, 0.100, 0.100, 0.100, 0.100, 0.100, 0.100, 0.100, 0.100, 0.108, 0.100, 0.106, 0.100]
    Layer 11: sigma=[0.100, 0.100, 0.100, 0.100, 0.215, 0.100, 0.166, 0.100, 0.100, 0.144, 0.100, 0.100, 0.149, 0.100, 0.299, 0.100, 0.100, 0.100, 0.100, 0.100, 0.100, 0.100, 0.100, 0.100, 0.105, 0.100, 0.244, 0.100, 0.100, 0.100, 0.102, 0.100]
    Layer 12: sigma=[0.100, 0.100, 0.100, 0.100, 0.100, 0.121, 0.100, 0.100, 0.100, 0.114, 0.100, 0.100, 0.100, 0.100, 0.100, 0.100, 0.100, 0.250, 0.369, 0.100, 0.100, 0.100, 0.100, 0.100, 0.100, 0.336, 0.100, 0.131, 0.100, 0.128, 0.144, 0.100]
    Layer 13: sigma=[0.255, 0.100, 0.100, 0.100, 0.100, 0.100, 0.100, 0.100, 0.100, 0.121, 0.127, 0.100, 0.100, 0.100, 0.100, 0.100, 0.100, 0.100, 0.100, 0.100, 0.100, 0.100, 0.100, 0.100, 0.100, 0.100, 0.100, 0.100, 0.100, 0.100, 0.100, 0.100]
    Layer 15: sigma=[0.100, 0.271, 0.100, 0.130, 0.224, 0.113, 0.100, 0.100, 0.100, 0.100, 0.100, 0.120, 0.253, 0.100, 0.100, 0.100, 0.100, 0.100, 0.106, 0.134, 0.100, 0.100, 0.100, 0.100, 0.294, 0.271, 0.100, 0.100, 0.100, 0.100, 0.100, 0.100]
    Layer 16: sigma=[0.354, 0.100, 0.100, 0.100, 0.100, 0.100, 0.100, 0.100, 0.100, 0.100, 0.100, 0.100, 0.100, 0.100, 0.100, 0.100, 0.100, 0.100, 0.100, 0.100, 0.100, 0.100, 0.100, 0.100, 0.100, 0.184, 0.100, 0.100, 0.100, 0.100, 0.100, 0.100]
    Layer 17: sigma=[0.100, 0.100, 0.100, 0.100, 0.100, 0.492, 0.100, 0.100, 0.105, 0.100, 0.100, 0.100, 0.100, 0.100, 0.100, 0.100, 0.332, 0.210, 0.100, 0.364, 0.100, 0.100, 0.100, 0.100, 0.100, 0.100, 0.393, 0.120, 0.100, 0.100, 0.100, 0.100]
    Layer 18: sigma=[0.100, 0.761, 0.100, 0.100, 0.100, 0.197, 0.100, 0.117, 0.100, 0.100, 0.100, 0.100, 0.100, 0.100, 0.100, 0.100, 0.423, 0.100, 0.100, 0.100, 0.100, 0.100, 0.100, 0.100, 0.100, 0.100, 0.100, 0.100, 0.100, 0.100, 0.100, 0.100]
    Layer 19: sigma=[0.100, 0.100, 0.100, 0.100, 0.100, 0.100, 0.215, 0.100, 0.100, 0.100, 0.100, 0.100, 0.265, 0.100, 0.100, 0.153, 0.100, 0.100, 0.100, 0.475, 0.100, 0.100, 0.100, 0.100, 0.101, 0.100, 0.100, 0.100, 0.100, 0.100, 0.100, 0.100]
    Layer 20: sigma=[0.100, 0.100, 0.220, 0.100, 0.100, 0.226, 0.164, 0.100, 0.100, 0.100, 0.100, 0.100, 0.100, 0.100, 0.100, 0.121, 0.238, 0.100, 0.100, 0.100, 0.128, 0.100, 0.100, 0.100, 0.100, 0.100, 0.100, 0.100, 0.100, 0.100, 0.100, 0.100]
    Layer 21: sigma=[0.100, 0.100, 0.100, 0.147, 0.100, 0.100, 0.100, 0.100, 0.100, 0.100, 0.100, 0.409, 0.100, 0.100, 0.184, 0.100, 0.100, 0.100, 0.100, 0.117, 0.100, 0.100, 0.100, 0.100, 0.100, 0.100, 0.100, 0.100, 0.100, 0.100, 0.369, 0.125]
    Layer 22: sigma=[0.165, 0.100, 0.100, 0.100, 0.147, 0.115, 0.104, 0.199, 0.193, 0.100, 0.100, 0.100, 0.100, 0.100, 0.100, 0.100, 0.100, 0.100, 0.100, 0.148, 0.100, 0.100, 0.100, 0.100, 0.100, 0.100, 0.100, 0.100, 0.100, 0.100, 0.100, 0.100]
    Layer 23: sigma=[0.195, 0.110, 0.168, 0.100, 0.100, 0.100, 0.176, 0.100, 0.100, 0.100, 0.100, 0.100, 0.100, 0.100, 0.100, 0.100, 0.100, 0.100, 0.100, 0.100, 0.100, 0.100, 0.100, 0.100, 0.100, 0.100, 0.100, 0.100, 0.100, 0.223, 0.218, 0.146]
    Layer 24: sigma=[0.100, 0.100, 0.100, 0.100, 0.100, 0.100, 0.100, 0.100, 0.164, 0.100, 0.100, 0.100, 0.100, 0.100, 0.100, 0.190, 0.100, 0.100, 0.100, 0.100, 0.100, 0.100, 0.100, 0.100, 0.268, 0.249, 0.243, 0.235, 0.100, 0.100, 0.100, 0.100]
    Layer 25: sigma=[0.100, 0.100, 0.100, 0.100, 0.100, 0.100, 0.100, 0.100, 0.100, 0.100, 0.100, 0.100, 0.100, 0.100, 0.100, 0.100, 0.100, 0.100, 0.100, 0.100, 0.100, 0.100, 0.100, 0.100, 0.100, 0.100, 0.100, 0.100, 0.100, 0.100, 0.100, 0.100]
    Layer 26: sigma=[0.100, 0.100, 0.100, 0.100, 0.100, 0.100, 0.100, 0.100, 0.100, 0.100, 0.100, 0.100, 0.100, 0.100, 0.100, 0.109, 0.100, 0.100, 0.100, 0.100, 0.100, 0.100, 0.100, 0.100, 0.100, 0.100, 0.100, 0.100, 0.100, 0.100, 0.100, 0.100]
    Layer 27: sigma=[0.100, 0.100, 0.100, 0.100, 0.100, 0.100, 0.100, 0.100, 0.100, 0.100, 0.100, 0.100, 0.100, 0.100, 0.100, 0.100, 0.100, 0.100, 0.100, 0.100, 0.100, 0.100, 0.100, 0.100, 0.100, 0.100, 0.100, 0.100, 0.100, 0.211, 0.100, 0.100]
    Layer 28: sigma=[0.100, 0.100, 0.100, 0.100, 0.115, 0.130, 0.100, 0.174, 0.100, 0.100, 0.100, 0.100, 0.100, 0.100, 0.100, 0.100, 0.100, 0.100, 0.100, 0.100, 0.100, 0.100, 0.100, 0.100, 0.100, 0.100, 0.100, 0.100, 0.100, 0.100, 0.100, 0.100]
    Layer 29: sigma=[0.100, 0.100, 0.100, 0.100, 0.100, 0.100, 0.100, 0.100, 0.100, 0.100, 0.100, 0.100, 0.100, 0.100, 0.100, 0.100, 0.100, 0.100, 0.100, 0.100, 0.100, 0.100, 0.100, 0.100, 0.100, 0.100, 0.100, 0.100, 0.100, 0.100, 0.100, 0.100]
    Layer 30: sigma=[0.100, 0.100, 0.100, 0.100, 0.100, 0.100, 0.100, 0.100, 0.100, 0.100, 0.100, 0.100, 0.100, 0.100, 0.100, 0.100, 0.100, 0.100, 0.100, 0.100, 0.100, 0.100, 0.100, 0.100, 0.100, 0.100, 0.100, 0.100, 0.100, 0.100, 0.100, 0.100]
    Layer 31: sigma=[0.100, 0.100, 0.100, 0.100, 0.100, 0.100, 0.100, 0.100, 0.100, 0.100, 0.100, 0.100, 0.100, 0.100, 0.100, 0.100, 0.100, 0.100, 0.100, 0.100, 0.100, 0.100, 0.100, 0.100, 0.100, 0.100, 0.100, 0.100, 0.100, 0.100, 0.100, 0.100]
    Layer 32: sigma=[0.100, 0.100, 0.100, 0.100, 0.100, 0.100, 0.100, 0.100, 0.100, 0.100, 0.100, 0.100, 0.100, 0.100, 0.100, 0.100, 0.100, 0.100, 0.100, 0.100, 0.100, 0.100, 0.100, 0.100, 0.100, 0.100, 0.100, 0.100, 0.100, 0.100, 0.100, 0.100]
    Layer 33: sigma=[0.100, 0.100, 0.100, 0.100, 0.100, 0.100, 0.120, 0.100, 0.100, 0.100, 0.100, 0.100, 0.100, 0.100, 0.100, 0.100, 0.100, 0.100, 0.100, 0.100, 0.100, 0.100, 0.100, 0.100, 0.100, 0.100, 0.100, 0.100, 0.100, 0.100, 0.100, 0.100]
    Layer 34: sigma=[0.100, 0.100, 0.100, 0.100, 0.100, 0.100, 0.100, 0.100, 0.100, 0.100, 0.100, 0.100, 0.100, 0.100, 0.100, 0.100, 0.100, 0.100, 0.100, 0.100, 0.100, 0.100, 0.100, 0.100, 0.100, 0.100, 0.100, 0.100, 0.100, 0.100, 0.100, 0.100]
    Layer 35: sigma=[0.100, 0.100, 0.100, 0.100, 0.135, 0.100, 0.100, 0.100, 0.100, 0.100, 0.100, 0.100, 0.100, 0.100, 0.100, 0.100, 0.100, 0.100, 0.100, 0.100, 0.100, 0.100, 0.136, 0.100, 0.100, 0.100, 0.100, 0.100, 0.100, 0.100, 0.100, 0.100]

  [Taylor Step 3/3] g_proj = v_proj * alpha (damping=0.01)...
    Layer  0: alpha=0.069063  teacher_rms=0.0168  v_rms=0.0024
    Layer  1: alpha=0.057890  teacher_rms=0.0216  v_rms=0.0037
    Layer  2: alpha=0.054781  teacher_rms=0.0222  v_rms=0.0041
    Layer  3: alpha=0.041548  teacher_rms=0.0261  v_rms=0.0063
    Layer  4: alpha=0.049051  teacher_rms=0.0316  v_rms=0.0064
    Layer  5: alpha=0.052987  teacher_rms=0.0412  v_rms=0.0078
    Layer  6: alpha=0.075116  teacher_rms=0.0646  v_rms=0.0086
    Layer  7: alpha=0.040655  teacher_rms=0.0510  v_rms=0.0125
    Layer  8: alpha=0.042631  teacher_rms=0.0695  v_rms=0.0163
    Layer  9: alpha=0.027909  teacher_rms=0.0701  v_rms=0.0251
    Layer 10: alpha=0.049143  teacher_rms=0.1071  v_rms=0.0218
    Layer 11: alpha=0.052903  teacher_rms=0.1038  v_rms=0.0196
    Layer 12: alpha=0.049749  teacher_rms=0.1177  v_rms=0.0237
    Layer 13: alpha=0.054477  teacher_rms=0.1013  v_rms=0.0186
    Layer 15: alpha=0.045745  teacher_rms=0.1546  v_rms=0.0338
    Layer 16: alpha=0.038842  teacher_rms=0.1446  v_rms=0.0372
    Layer 17: alpha=0.035286  teacher_rms=0.1762  v_rms=0.0499
    Layer 18: alpha=0.028690  teacher_rms=0.1919  v_rms=0.0669
    Layer 19: alpha=0.045551  teacher_rms=0.2023  v_rms=0.0444
    Layer 20: alpha=0.050498  teacher_rms=0.1938  v_rms=0.0384
    Layer 21: alpha=0.041910  teacher_rms=0.2301  v_rms=0.0549
    Layer 22: alpha=0.054319  teacher_rms=0.2755  v_rms=0.0507
    Layer 23: alpha=0.051907  teacher_rms=0.3026  v_rms=0.0583
    Layer 24: alpha=0.033424  teacher_rms=0.2864  v_rms=0.0857
    Layer 25: alpha=0.038418  teacher_rms=0.2261  v_rms=0.0589
    Layer 26: alpha=0.027303  teacher_rms=0.1994  v_rms=0.0730
    Layer 27: alpha=0.032836  teacher_rms=0.2900  v_rms=0.0883
    Layer 28: alpha=0.039166  teacher_rms=0.3530  v_rms=0.0901
    Layer 29: alpha=0.016275  teacher_rms=0.2479  v_rms=0.1523
    Layer 30: alpha=0.025867  teacher_rms=0.3921  v_rms=0.1516
    Layer 31: alpha=0.018626  teacher_rms=0.3452  v_rms=0.1853
    Layer 32: alpha=0.021930  teacher_rms=0.5106  v_rms=0.2328
    Layer 33: alpha=0.016317  teacher_rms=0.5964  v_rms=0.3655
    Layer 34: alpha=0.031180  teacher_rms=1.0165  v_rms=0.3260
    Layer 35: alpha=0.057314  teacher_rms=1.0378  v_rms=0.1811

  Set g_proj = v_proj * alpha in 35 GDN layers (damping=0.01).
  Init (taylor_distill) done in 424.2s
  Layer 14: PPL = 1682.54  (eval 20.5s)

============================================================
  Probing layer 15 | strategy=taylor_distill
============================================================
Loading checkpoint shards:   0%|          | 0/4 [00:00<?, ?it/s]Loading checkpoint shards: 100%|██████████| 4/4 [00:00<00:00, 49.95it/s]
Could not cache non-existence of file. Will ignore error and continue. Error: [Errno 13] Permission denied: '/data/shared/huggingface/hub/models--Qwen--Qwen3-8B/.no_exist/b968826d9c46dd6066d109eabc6255188de91218/model.safetensors'
Loading checkpoint shards:   0%|          | 0/5 [00:00<?, ?it/s]Loading checkpoint shards: 100%|██████████| 5/5 [00:00<00:00, 188.73it/s]
Token indices sequence length is longer than the specified maximum sequence length for this model (2429029 > 131072). Running this sequence through the model will result in indexing errors
  [Taylor Step 1/3] Gate calibration from attention stats...
    Layer  0: dist=[18, 2, 6, 20, 8, 14, 6, 7, 10, 4, 6, 7, 10, 18, 17, 5, 9, 11, 8, 8, 8, 12, 2, 7, 4, 26, 5, 26, 9, 19, 9, 8]
    Layer  1: dist=[12, 21, 14, 26, 2, 9, 17, 7, 25, 18, 32, 29, 18, 28, 28, 20, 17, 26, 31, 18, 28, 17, 21, 21, 26, 8, 25, 23, 41, 16, 20, 28]
    Layer  2: dist=[36, 36, 37, 32, 17, 27, 20, 24, 21, 24, 29, 33, 28, 25, 26, 34, 32, 26, 28, 22, 28, 36, 27, 27, 14, 14, 11, 19, 41, 42, 43, 41]
    Layer  3: dist=[40, 20, 9, 12, 49, 50, 46, 42, 30, 27, 33, 31, 49, 43, 42, 42, 35, 37, 29, 37, 42, 33, 32, 36, 35, 30, 29, 33, 39, 36, 40, 37]
    Layer  4: dist=[31, 35, 41, 36, 41, 33, 35, 48, 37, 38, 34, 34, 31, 31, 38, 35, 35, 37, 38, 39, 34, 35, 25, 34, 26, 32, 27, 21, 28, 33, 30, 30]
    Layer  5: dist=[23, 29, 30, 21, 36, 34, 29, 29, 4, 14, 40, 38, 31, 43, 32, 30, 23, 20, 28, 28, 29, 30, 27, 33, 38, 39, 43, 43, 26, 25, 29, 32]
    Layer  6: dist=[16, 22, 17, 17, 27, 24, 34, 32, 25, 12, 21, 20, 31, 34, 28, 16, 28, 20, 24, 23, 13, 18, 18, 8, 21, 24, 18, 28, 24, 25, 21, 27]
    Layer  7: dist=[31, 36, 33, 46, 63, 57, 63, 60, 45, 60, 53, 41, 54, 15, 30, 49, 42, 54, 44, 44, 54, 45, 58, 59, 34, 41, 25, 43, 49, 51, 49, 54]
    Layer  8: dist=[45, 46, 49, 29, 43, 41, 35, 44, 46, 52, 43, 48, 51, 43, 49, 36, 60, 56, 54, 51, 44, 54, 51, 57, 47, 37, 51, 36, 44, 38, 42, 44]
    Layer  9: dist=[40, 32, 31, 36, 45, 49, 48, 40, 62, 61, 60, 56, 14, 46, 32, 45, 49, 53, 59, 62, 44, 40, 35, 41, 61, 44, 49, 54, 62, 57, 63, 61]
    Layer 10: dist=[39, 39, 30, 39, 46, 55, 33, 41, 34, 45, 55, 26, 49, 36, 42, 44, 45, 53, 52, 50, 46, 31, 56, 51, 51, 56, 47, 43, 40, 39, 44, 47]
    Layer 11: dist=[33, 33, 47, 27, 29, 36, 43, 42, 52, 62, 57, 49, 44, 33, 38, 39, 39, 36, 33, 25, 42, 56, 46, 46, 39, 32, 36, 32, 49, 34, 31, 48]
    Layer 12: dist=[12, 40, 39, 33, 43, 46, 39, 36, 33, 36, 44, 44, 50, 45, 45, 49, 21, 38, 29, 44, 55, 54, 53, 56, 49, 1, 56, 23, 43, 45, 59, 49]
    Layer 13: dist=[29, 36, 39, 36, 31, 29, 35, 22, 47, 36, 52, 61, 64, 58, 55, 62, 46, 39, 31, 36, 47, 33, 44, 46, 44, 33, 40, 41, 58, 56, 49, 51]
    Layer 14: dist=[25, 35, 34, 24, 39, 24, 35, 33, 31, 32, 37, 37, 36, 40, 35, 36, 41, 46, 31, 35, 33, 17, 28, 42, 27, 38, 40, 38, 43, 44, 5, 48]
    Layer 16: dist=[37, 32, 42, 47, 29, 35, 26, 31, 29, 45, 40, 43, 49, 35, 44, 47, 38, 41, 34, 35, 59, 60, 57, 54, 39, 28, 34, 6, 32, 33, 36, 32]
    Layer 17: dist=[58, 50, 41, 34, 28, 31, 22, 25, 44, 54, 42, 49, 23, 32, 39, 39, 24, 29, 32, 22, 39, 51, 49, 48, 30, 28, 31, 26, 29, 43, 47, 36]
    Layer 18: dist=[20, 27, 19, 18, 29, 37, 39, 30, 37, 40, 37, 45, 34, 34, 31, 35, 26, 41, 42, 28, 38, 28, 37, 52, 31, 35, 35, 36, 30, 29, 43, 31]
    Layer 19: dist=[39, 33, 35, 35, 43, 54, 30, 38, 40, 44, 41, 48, 35, 31, 40, 35, 44, 42, 26, 29, 10, 28, 18, 27, 52, 54, 52, 58, 44, 43, 41, 41]
    Layer 20: dist=[46, 39, 44, 40, 41, 27, 28, 31, 23, 21, 26, 21, 48, 42, 48, 50, 24, 28, 31, 21, 38, 57, 52, 51, 63, 51, 53, 44, 49, 43, 55, 55]
    Layer 21: dist=[26, 25, 30, 35, 58, 33, 53, 58, 61, 33, 39, 38, 26, 24, 25, 23, 39, 40, 45, 32, 47, 52, 48, 49, 35, 34, 32, 44, 38, 40, 34, 47]
    Layer 22: dist=[39, 32, 37, 33, 28, 38, 24, 30, 21, 27, 24, 35, 9, 46, 32, 35, 18, 40, 40, 23, 53, 59, 60, 61, 51, 44, 46, 48, 57, 47, 53, 50]
    Layer 23: dist=[22, 18, 26, 22, 55, 55, 22, 50, 41, 20, 24, 31, 37, 36, 41, 39, 41, 38, 42, 48, 41, 46, 42, 40, 41, 39, 37, 51, 47, 44, 44, 39]
    Layer 24: dist=[40, 62, 57, 51, 50, 56, 54, 47, 52, 54, 52, 43, 41, 39, 47, 40, 42, 49, 44, 42, 60, 53, 52, 58, 31, 41, 39, 29, 50, 57, 51, 47]
    Layer 25: dist=[50, 60, 59, 49, 38, 38, 54, 42, 46, 52, 47, 48, 36, 45, 27, 37, 48, 50, 49, 45, 54, 56, 55, 55, 58, 56, 50, 55, 46, 61, 51, 45]
    Layer 26: dist=[43, 47, 57, 36, 59, 57, 59, 56, 52, 56, 53, 49, 52, 62, 60, 60, 43, 46, 53, 50, 53, 54, 60, 57, 53, 50, 54, 50, 58, 50, 59, 51]
    Layer 27: dist=[48, 55, 54, 59, 50, 53, 52, 44, 41, 52, 55, 52, 41, 56, 42, 45, 51, 53, 53, 53, 47, 56, 54, 44, 57, 59, 60, 60, 50, 44, 45, 60]
    Layer 28: dist=[53, 47, 54, 53, 41, 35, 40, 38, 52, 57, 47, 46, 57, 53, 48, 50, 57, 51, 53, 55, 59, 37, 32, 46, 47, 46, 50, 51, 46, 48, 35, 49]
    Layer 29: dist=[57, 58, 57, 58, 45, 56, 47, 58, 58, 57, 61, 54, 60, 61, 60, 61, 58, 56, 58, 60, 62, 61, 56, 62, 49, 59, 47, 49, 55, 51, 56, 56]
    Layer 30: dist=[40, 54, 51, 52, 53, 51, 48, 37, 60, 59, 58, 60, 53, 53, 57, 51, 52, 39, 61, 61, 29, 60, 53, 54, 60, 60, 61, 60, 55, 56, 54, 51]
    Layer 31: dist=[60, 58, 51, 49, 58, 59, 59, 59, 57, 41, 46, 47, 58, 59, 59, 58, 52, 53, 55, 48, 60, 59, 56, 59, 57, 56, 46, 60, 57, 55, 53, 57]
    Layer 32: dist=[56, 57, 58, 57, 58, 60, 59, 60, 56, 55, 59, 58, 48, 58, 54, 47, 58, 54, 54, 54, 62, 48, 57, 60, 36, 48, 44, 53, 58, 54, 51, 53]
    Layer 33: dist=[52, 61, 57, 60, 45, 52, 29, 47, 57, 58, 57, 58, 58, 59, 58, 59, 59, 59, 53, 56, 58, 49, 54, 57, 57, 59, 60, 59, 56, 56, 55, 53]
    Layer 34: dist=[56, 57, 58, 57, 55, 56, 55, 54, 25, 47, 54, 42, 58, 57, 60, 40, 42, 44, 62, 30, 58, 27, 59, 60, 61, 60, 62, 60, 26, 32, 35, 54]
    Layer 35: dist=[56, 62, 36, 50, 43, 19, 55, 48, 42, 51, 55, 49, 30, 17, 24, 22, 49, 45, 40, 27, 45, 52, 28, 27, 33, 27, 33, 35, 36, 57, 61, 58]

  [Taylor Step 2/3] OLS sigma per head (scaling V, streaming)...
    Layer  0: sigma=[0.255, 0.100, 0.100, 0.100, 0.194, 0.601, 0.100, 0.100, 0.100, 0.100, 0.141, 0.100, 0.100, 0.100, 0.100, 0.292, 0.100, 0.100, 0.100, 0.100, 0.100, 0.100, 0.100, 0.200, 0.100, 0.100, 0.579, 0.100, 0.252, 0.100, 0.100, 0.100]
    Layer  1: sigma=[0.278, 0.100, 0.100, 0.100, 0.100, 0.100, 0.100, 0.100, 0.100, 0.403, 0.277, 0.100, 0.100, 0.100, 0.100, 0.100, 0.100, 0.100, 0.100, 0.100, 0.100, 0.100, 0.100, 0.207, 0.100, 0.100, 0.178, 0.100, 0.100, 0.100, 0.100, 0.100]
    Layer  2: sigma=[0.151, 0.100, 0.100, 0.100, 0.100, 0.100, 0.100, 0.100, 0.158, 0.100, 0.100, 0.100, 0.100, 0.255, 0.100, 0.100, 0.100, 0.100, 0.100, 0.100, 0.100, 0.100, 0.100, 0.100, 0.100, 0.177, 0.100, 0.100, 0.100, 0.100, 0.100, 0.140]
    Layer  3: sigma=[0.100, 0.454, 0.100, 0.291, 0.100, 0.100, 0.100, 0.100, 0.100, 0.100, 0.100, 0.100, 0.100, 0.100, 0.100, 0.100, 0.100, 0.100, 0.119, 0.100, 0.100, 0.100, 0.100, 0.100, 0.100, 0.127, 0.112, 0.100, 0.100, 0.100, 0.100, 0.100]
    Layer  4: sigma=[0.100, 0.100, 0.100, 0.100, 0.100, 0.100, 0.100, 0.100, 0.100, 0.100, 0.100, 0.100, 0.100, 0.100, 0.100, 0.100, 0.100, 0.100, 0.100, 0.100, 0.100, 0.144, 0.310, 0.100, 0.100, 0.100, 0.100, 0.100, 0.100, 0.100, 0.100, 0.100]
    Layer  5: sigma=[0.100, 0.100, 0.120, 0.100, 0.100, 0.100, 0.100, 0.100, 0.100, 0.271, 0.100, 0.103, 0.100, 0.100, 0.100, 0.104, 0.100, 0.341, 0.100, 0.100, 0.100, 0.100, 0.100, 0.100, 0.100, 0.100, 0.100, 0.100, 0.100, 0.244, 0.100, 0.100]
    Layer  6: sigma=[0.100, 0.100, 0.169, 0.100, 0.110, 0.110, 0.100, 0.100, 0.100, 0.100, 0.100, 0.100, 0.100, 0.100, 0.100, 0.100, 0.100, 0.100, 0.100, 0.100, 0.243, 0.100, 0.100, 0.100, 0.100, 0.100, 0.103, 0.100, 0.100, 0.100, 0.100, 0.100]
    Layer  7: sigma=[0.100, 0.239, 0.100, 0.100, 0.119, 0.100, 0.100, 0.100, 0.100, 0.100, 0.100, 0.156, 0.100, 0.100, 0.100, 0.100, 0.100, 0.100, 0.100, 0.100, 0.100, 0.100, 0.100, 0.100, 0.100, 0.100, 0.100, 0.100, 0.100, 0.100, 0.100, 0.100]
    Layer  8: sigma=[0.100, 0.100, 0.100, 0.100, 0.100, 0.100, 0.100, 0.131, 0.100, 0.100, 0.100, 0.100, 0.100, 0.121, 0.100, 0.100, 0.100, 0.100, 0.100, 0.100, 0.100, 0.100, 0.100, 0.100, 0.100, 0.100, 0.100, 0.275, 0.100, 0.100, 0.100, 0.100]
    Layer  9: sigma=[0.100, 0.100, 0.127, 0.100, 0.100, 0.100, 0.100, 0.100, 0.100, 0.100, 0.100, 0.100, 0.100, 0.100, 0.878, 0.226, 0.100, 0.100, 0.100, 0.100, 0.132, 0.100, 0.100, 0.100, 0.100, 0.162, 0.100, 0.100, 0.100, 0.100, 0.100, 0.100]
    Layer 10: sigma=[0.100, 0.100, 0.100, 0.100, 0.100, 0.100, 0.100, 0.100, 0.146, 0.100, 0.100, 0.100, 0.100, 0.100, 0.100, 0.100, 0.100, 0.100, 0.100, 0.100, 0.100, 0.100, 0.100, 0.100, 0.100, 0.100, 0.100, 0.100, 0.104, 0.100, 0.109, 0.100]
    Layer 11: sigma=[0.100, 0.100, 0.100, 0.100, 0.216, 0.100, 0.169, 0.100, 0.100, 0.132, 0.100, 0.100, 0.141, 0.100, 0.300, 0.100, 0.100, 0.100, 0.100, 0.100, 0.100, 0.100, 0.100, 0.100, 0.100, 0.100, 0.256, 0.100, 0.100, 0.100, 0.105, 0.100]
    Layer 12: sigma=[0.100, 0.100, 0.100, 0.100, 0.100, 0.121, 0.100, 0.100, 0.100, 0.119, 0.100, 0.100, 0.100, 0.100, 0.100, 0.100, 0.100, 0.255, 0.446, 0.100, 0.100, 0.100, 0.100, 0.100, 0.100, 0.321, 0.100, 0.139, 0.100, 0.140, 0.138, 0.100]
    Layer 13: sigma=[0.265, 0.100, 0.100, 0.100, 0.100, 0.100, 0.100, 0.117, 0.100, 0.127, 0.123, 0.100, 0.100, 0.100, 0.100, 0.100, 0.100, 0.100, 0.100, 0.100, 0.100, 0.100, 0.100, 0.100, 0.100, 0.100, 0.100, 0.100, 0.100, 0.100, 0.100, 0.100]
    Layer 14: sigma=[0.100, 0.100, 0.102, 0.100, 0.100, 0.370, 0.100, 0.147, 0.100, 0.100, 0.100, 0.100, 0.100, 0.165, 0.100, 0.100, 0.100, 0.100, 0.146, 0.122, 0.100, 0.100, 0.100, 0.100, 0.100, 0.158, 0.100, 0.135, 0.100, 0.100, 0.144, 0.100]
    Layer 16: sigma=[0.342, 0.100, 0.100, 0.100, 0.100, 0.100, 0.100, 0.100, 0.100, 0.100, 0.100, 0.100, 0.100, 0.100, 0.100, 0.100, 0.100, 0.100, 0.100, 0.100, 0.100, 0.100, 0.100, 0.100, 0.100, 0.154, 0.100, 0.100, 0.100, 0.100, 0.100, 0.100]
    Layer 17: sigma=[0.100, 0.100, 0.100, 0.100, 0.100, 0.490, 0.100, 0.100, 0.102, 0.100, 0.100, 0.100, 0.100, 0.100, 0.100, 0.100, 0.335, 0.160, 0.100, 0.375, 0.100, 0.100, 0.100, 0.100, 0.100, 0.100, 0.345, 0.123, 0.100, 0.100, 0.100, 0.100]
    Layer 18: sigma=[0.100, 0.653, 0.100, 0.100, 0.100, 0.210, 0.100, 0.100, 0.100, 0.100, 0.100, 0.100, 0.100, 0.100, 0.100, 0.100, 0.494, 0.100, 0.100, 0.100, 0.100, 0.100, 0.100, 0.100, 0.100, 0.100, 0.100, 0.100, 0.100, 0.100, 0.100, 0.100]
    Layer 19: sigma=[0.100, 0.100, 0.100, 0.100, 0.100, 0.100, 0.212, 0.100, 0.100, 0.100, 0.100, 0.100, 0.222, 0.100, 0.100, 0.121, 0.100, 0.100, 0.100, 0.389, 0.100, 0.100, 0.100, 0.100, 0.100, 0.100, 0.100, 0.100, 0.100, 0.100, 0.100, 0.100]
    Layer 20: sigma=[0.100, 0.100, 0.180, 0.100, 0.100, 0.266, 0.180, 0.100, 0.100, 0.100, 0.100, 0.100, 0.100, 0.100, 0.100, 0.116, 0.192, 0.116, 0.100, 0.100, 0.100, 0.100, 0.100, 0.100, 0.100, 0.100, 0.100, 0.100, 0.100, 0.100, 0.100, 0.100]
    Layer 21: sigma=[0.100, 0.114, 0.100, 0.100, 0.100, 0.100, 0.100, 0.100, 0.100, 0.100, 0.100, 0.363, 0.100, 0.100, 0.141, 0.100, 0.100, 0.100, 0.100, 0.100, 0.100, 0.100, 0.100, 0.100, 0.100, 0.100, 0.100, 0.100, 0.100, 0.100, 0.248, 0.121]
    Layer 22: sigma=[0.193, 0.100, 0.100, 0.100, 0.170, 0.122, 0.145, 0.213, 0.252, 0.100, 0.100, 0.100, 0.100, 0.100, 0.100, 0.100, 0.100, 0.100, 0.100, 0.144, 0.100, 0.100, 0.100, 0.100, 0.100, 0.100, 0.100, 0.100, 0.100, 0.100, 0.100, 0.100]
    Layer 23: sigma=[0.185, 0.120, 0.194, 0.100, 0.145, 0.100, 0.203, 0.100, 0.100, 0.100, 0.100, 0.100, 0.100, 0.100, 0.100, 0.100, 0.100, 0.100, 0.100, 0.100, 0.100, 0.100, 0.100, 0.100, 0.100, 0.100, 0.100, 0.100, 0.100, 0.220, 0.288, 0.171]
    Layer 24: sigma=[0.100, 0.100, 0.100, 0.100, 0.100, 0.100, 0.100, 0.100, 0.156, 0.100, 0.100, 0.100, 0.100, 0.100, 0.100, 0.224, 0.100, 0.100, 0.100, 0.120, 0.100, 0.100, 0.100, 0.100, 0.276, 0.240, 0.269, 0.258, 0.100, 0.100, 0.100, 0.100]
    Layer 25: sigma=[0.100, 0.100, 0.100, 0.100, 0.100, 0.100, 0.100, 0.100, 0.100, 0.100, 0.100, 0.100, 0.100, 0.100, 0.100, 0.100, 0.100, 0.100, 0.100, 0.100, 0.100, 0.100, 0.100, 0.100, 0.100, 0.100, 0.100, 0.100, 0.100, 0.100, 0.100, 0.100]
    Layer 26: sigma=[0.100, 0.100, 0.100, 0.100, 0.100, 0.100, 0.100, 0.100, 0.100, 0.100, 0.100, 0.100, 0.100, 0.100, 0.100, 0.108, 0.100, 0.100, 0.100, 0.100, 0.100, 0.100, 0.100, 0.100, 0.100, 0.100, 0.100, 0.100, 0.100, 0.100, 0.100, 0.100]
    Layer 27: sigma=[0.100, 0.100, 0.100, 0.100, 0.100, 0.100, 0.100, 0.100, 0.100, 0.100, 0.100, 0.100, 0.100, 0.100, 0.100, 0.100, 0.100, 0.100, 0.100, 0.100, 0.100, 0.100, 0.100, 0.100, 0.100, 0.100, 0.100, 0.100, 0.100, 0.229, 0.100, 0.100]
    Layer 28: sigma=[0.100, 0.100, 0.100, 0.100, 0.127, 0.115, 0.100, 0.272, 0.100, 0.100, 0.100, 0.100, 0.100, 0.100, 0.100, 0.100, 0.100, 0.100, 0.100, 0.100, 0.100, 0.100, 0.100, 0.100, 0.100, 0.100, 0.100, 0.100, 0.100, 0.100, 0.100, 0.100]
    Layer 29: sigma=[0.100, 0.100, 0.100, 0.100, 0.100, 0.100, 0.100, 0.100, 0.100, 0.100, 0.100, 0.100, 0.100, 0.100, 0.100, 0.100, 0.100, 0.100, 0.100, 0.100, 0.100, 0.100, 0.100, 0.100, 0.100, 0.100, 0.100, 0.100, 0.100, 0.100, 0.100, 0.100]
    Layer 30: sigma=[0.100, 0.100, 0.100, 0.100, 0.100, 0.100, 0.100, 0.100, 0.100, 0.100, 0.100, 0.100, 0.100, 0.100, 0.100, 0.140, 0.100, 0.100, 0.100, 0.100, 0.100, 0.100, 0.100, 0.100, 0.100, 0.100, 0.100, 0.100, 0.100, 0.100, 0.100, 0.100]
    Layer 31: sigma=[0.100, 0.100, 0.100, 0.100, 0.100, 0.100, 0.100, 0.100, 0.100, 0.100, 0.100, 0.100, 0.100, 0.100, 0.100, 0.100, 0.100, 0.105, 0.100, 0.100, 0.100, 0.100, 0.100, 0.100, 0.100, 0.100, 0.100, 0.100, 0.100, 0.100, 0.100, 0.100]
    Layer 32: sigma=[0.100, 0.100, 0.100, 0.100, 0.100, 0.100, 0.100, 0.100, 0.100, 0.100, 0.100, 0.100, 0.100, 0.100, 0.100, 0.100, 0.100, 0.100, 0.100, 0.100, 0.100, 0.100, 0.100, 0.100, 0.100, 0.100, 0.100, 0.100, 0.100, 0.100, 0.100, 0.100]
    Layer 33: sigma=[0.100, 0.100, 0.100, 0.100, 0.100, 0.100, 0.100, 0.100, 0.100, 0.100, 0.100, 0.100, 0.100, 0.100, 0.100, 0.100, 0.100, 0.100, 0.100, 0.100, 0.100, 0.100, 0.100, 0.100, 0.100, 0.100, 0.100, 0.100, 0.100, 0.100, 0.100, 0.100]
    Layer 34: sigma=[0.100, 0.100, 0.100, 0.100, 0.100, 0.100, 0.100, 0.100, 0.100, 0.100, 0.100, 0.100, 0.100, 0.100, 0.100, 0.100, 0.100, 0.100, 0.100, 0.100, 0.100, 0.100, 0.100, 0.100, 0.100, 0.100, 0.100, 0.100, 0.100, 0.100, 0.100, 0.100]
    Layer 35: sigma=[0.100, 0.100, 0.100, 0.100, 0.100, 0.100, 0.100, 0.100, 0.100, 0.100, 0.100, 0.100, 0.100, 0.100, 0.100, 0.100, 0.100, 0.100, 0.100, 0.100, 0.100, 0.100, 0.117, 0.100, 0.100, 0.100, 0.100, 0.100, 0.100, 0.100, 0.100, 0.100]

  [Taylor Step 3/3] g_proj = v_proj * alpha (damping=0.01)...
    Layer  0: alpha=0.068967  teacher_rms=0.0168  v_rms=0.0024
    Layer  1: alpha=0.058141  teacher_rms=0.0216  v_rms=0.0037
    Layer  2: alpha=0.054851  teacher_rms=0.0222  v_rms=0.0041
    Layer  3: alpha=0.041571  teacher_rms=0.0261  v_rms=0.0063
    Layer  4: alpha=0.049268  teacher_rms=0.0316  v_rms=0.0064
    Layer  5: alpha=0.052590  teacher_rms=0.0412  v_rms=0.0078
    Layer  6: alpha=0.074778  teacher_rms=0.0646  v_rms=0.0086
    Layer  7: alpha=0.040889  teacher_rms=0.0510  v_rms=0.0125
    Layer  8: alpha=0.041983  teacher_rms=0.0695  v_rms=0.0166
    Layer  9: alpha=0.024506  teacher_rms=0.0701  v_rms=0.0286
    Layer 10: alpha=0.048791  teacher_rms=0.1071  v_rms=0.0219
    Layer 11: alpha=0.052750  teacher_rms=0.1038  v_rms=0.0197
    Layer 12: alpha=0.047664  teacher_rms=0.1177  v_rms=0.0247
    Layer 13: alpha=0.053660  teacher_rms=0.1013  v_rms=0.0189
    Layer 14: alpha=0.058553  teacher_rms=0.1546  v_rms=0.0264
    Layer 16: alpha=0.039550  teacher_rms=0.1446  v_rms=0.0366
    Layer 17: alpha=0.036212  teacher_rms=0.1762  v_rms=0.0487
    Layer 18: alpha=0.031680  teacher_rms=0.1919  v_rms=0.0606
    Layer 19: alpha=0.049777  teacher_rms=0.2023  v_rms=0.0406
    Layer 20: alpha=0.050338  teacher_rms=0.1938  v_rms=0.0385
    Layer 21: alpha=0.048184  teacher_rms=0.2301  v_rms=0.0478
    Layer 22: alpha=0.051037  teacher_rms=0.2755  v_rms=0.0540
    Layer 23: alpha=0.047962  teacher_rms=0.3026  v_rms=0.0631
    Layer 24: alpha=0.032295  teacher_rms=0.2864  v_rms=0.0887
    Layer 25: alpha=0.038418  teacher_rms=0.2261  v_rms=0.0589
    Layer 26: alpha=0.027311  teacher_rms=0.1994  v_rms=0.0730
    Layer 27: alpha=0.032485  teacher_rms=0.2900  v_rms=0.0893
    Layer 28: alpha=0.037076  teacher_rms=0.3530  v_rms=0.0952
    Layer 29: alpha=0.016275  teacher_rms=0.2479  v_rms=0.1523
    Layer 30: alpha=0.025571  teacher_rms=0.3921  v_rms=0.1534
    Layer 31: alpha=0.018616  teacher_rms=0.3452  v_rms=0.1854
    Layer 32: alpha=0.021930  teacher_rms=0.5106  v_rms=0.2328
    Layer 33: alpha=0.016345  teacher_rms=0.5964  v_rms=0.3649
    Layer 34: alpha=0.031180  teacher_rms=1.0165  v_rms=0.3260
    Layer 35: alpha=0.058273  teacher_rms=1.0378  v_rms=0.1781

  Set g_proj = v_proj * alpha in 35 GDN layers (damping=0.01).
  Init (taylor_distill) done in 442.8s
  Layer 15: PPL = 19143.95  (eval 13.4s)

============================================================
  Probing layer 16 | strategy=taylor_distill
============================================================
Loading checkpoint shards:   0%|          | 0/4 [00:00<?, ?it/s]Loading checkpoint shards: 100%|██████████| 4/4 [00:00<00:00, 151.57it/s]
Could not cache non-existence of file. Will ignore error and continue. Error: [Errno 13] Permission denied: '/data/shared/huggingface/hub/models--Qwen--Qwen3-8B/.no_exist/b968826d9c46dd6066d109eabc6255188de91218/model.safetensors'
Loading checkpoint shards:   0%|          | 0/5 [00:00<?, ?it/s]Loading checkpoint shards: 100%|██████████| 5/5 [00:00<00:00, 189.40it/s]
Token indices sequence length is longer than the specified maximum sequence length for this model (2429029 > 131072). Running this sequence through the model will result in indexing errors
  [Taylor Step 1/3] Gate calibration from attention stats...
    Layer  0: dist=[18, 2, 6, 20, 8, 14, 6, 7, 10, 4, 6, 7, 10, 18, 17, 5, 9, 11, 8, 8, 8, 12, 2, 7, 4, 26, 5, 26, 9, 19, 9, 8]
    Layer  1: dist=[12, 21, 14, 26, 2, 9, 17, 7, 25, 18, 32, 29, 18, 28, 28, 20, 17, 26, 31, 18, 28, 17, 21, 21, 26, 8, 25, 23, 41, 16, 20, 28]
    Layer  2: dist=[36, 36, 37, 32, 17, 27, 20, 24, 21, 24, 29, 33, 28, 25, 26, 34, 32, 26, 28, 22, 28, 36, 27, 27, 14, 14, 11, 19, 41, 42, 43, 41]
    Layer  3: dist=[40, 20, 9, 12, 49, 50, 46, 42, 30, 27, 33, 31, 49, 43, 42, 42, 35, 37, 29, 37, 42, 33, 32, 36, 35, 30, 29, 33, 39, 36, 40, 37]
    Layer  4: dist=[31, 35, 41, 36, 41, 33, 35, 48, 37, 38, 34, 34, 31, 31, 38, 35, 35, 37, 38, 39, 34, 35, 25, 34, 26, 32, 27, 21, 28, 33, 30, 30]
    Layer  5: dist=[23, 29, 30, 21, 36, 34, 29, 29, 4, 14, 40, 38, 31, 43, 32, 30, 23, 20, 28, 28, 29, 30, 27, 33, 38, 39, 43, 43, 26, 25, 29, 32]
    Layer  6: dist=[16, 22, 17, 17, 27, 24, 34, 32, 25, 12, 21, 20, 31, 34, 28, 16, 28, 20, 24, 23, 13, 18, 18, 8, 21, 24, 18, 28, 24, 25, 21, 27]
    Layer  7: dist=[31, 36, 33, 46, 63, 57, 63, 60, 45, 60, 53, 41, 54, 15, 30, 49, 42, 54, 44, 44, 54, 45, 58, 59, 34, 41, 25, 43, 49, 51, 49, 54]
    Layer  8: dist=[45, 46, 49, 29, 43, 41, 35, 44, 46, 52, 43, 48, 51, 43, 49, 36, 60, 56, 54, 51, 44, 54, 51, 57, 47, 37, 51, 36, 44, 38, 42, 44]
    Layer  9: dist=[40, 32, 31, 36, 45, 49, 48, 40, 62, 61, 60, 56, 14, 46, 32, 45, 49, 53, 59, 62, 44, 40, 35, 41, 61, 44, 49, 54, 62, 57, 63, 61]
    Layer 10: dist=[39, 39, 30, 39, 46, 55, 33, 41, 34, 45, 55, 26, 49, 36, 42, 44, 45, 53, 52, 50, 46, 31, 56, 51, 51, 56, 47, 43, 40, 39, 44, 47]
    Layer 11: dist=[33, 33, 47, 27, 29, 36, 43, 42, 52, 62, 57, 49, 44, 33, 38, 39, 39, 36, 33, 25, 42, 56, 46, 46, 39, 32, 36, 32, 49, 34, 31, 48]
    Layer 12: dist=[12, 40, 39, 33, 43, 46, 39, 36, 33, 36, 44, 44, 50, 45, 45, 49, 21, 38, 29, 44, 55, 54, 53, 56, 49, 1, 56, 23, 43, 45, 59, 49]
    Layer 13: dist=[29, 36, 39, 36, 31, 29, 35, 22, 47, 36, 52, 61, 64, 58, 55, 62, 46, 39, 31, 36, 47, 33, 44, 46, 44, 33, 40, 41, 58, 56, 49, 51]
    Layer 14: dist=[25, 35, 34, 24, 39, 24, 35, 33, 31, 32, 37, 37, 36, 40, 35, 36, 41, 46, 31, 35, 33, 17, 28, 42, 27, 38, 40, 38, 43, 44, 5, 48]
    Layer 15: dist=[45, 27, 43, 23, 20, 22, 41, 33, 48, 33, 26, 54, 37, 56, 41, 47, 33, 33, 34, 36, 33, 30, 27, 27, 27, 20, 41, 37, 38, 47, 38, 28]
    Layer 17: dist=[58, 50, 41, 34, 28, 31, 22, 25, 44, 54, 42, 49, 23, 32, 39, 39, 24, 29, 32, 22, 39, 51, 49, 48, 30, 28, 31, 26, 29, 43, 47, 36]
    Layer 18: dist=[20, 27, 19, 18, 29, 37, 39, 30, 37, 40, 37, 45, 34, 34, 31, 35, 26, 41, 42, 28, 38, 28, 37, 52, 31, 35, 35, 36, 30, 29, 43, 31]
    Layer 19: dist=[39, 33, 35, 35, 43, 54, 30, 38, 40, 44, 41, 48, 35, 31, 40, 35, 44, 42, 26, 29, 10, 28, 18, 27, 52, 54, 52, 58, 44, 43, 41, 41]
    Layer 20: dist=[46, 39, 44, 40, 41, 27, 28, 31, 23, 21, 26, 21, 48, 42, 48, 50, 24, 28, 31, 21, 38, 57, 52, 51, 63, 51, 53, 44, 49, 43, 55, 55]
    Layer 21: dist=[26, 25, 30, 35, 58, 33, 53, 58, 61, 33, 39, 38, 26, 24, 25, 23, 39, 40, 45, 32, 47, 52, 48, 49, 35, 34, 32, 44, 38, 40, 34, 47]
    Layer 22: dist=[39, 32, 37, 33, 28, 38, 24, 30, 21, 27, 24, 35, 9, 46, 32, 35, 18, 40, 40, 23, 53, 59, 60, 61, 51, 44, 46, 48, 57, 47, 53, 50]
    Layer 23: dist=[22, 18, 26, 22, 55, 55, 22, 50, 41, 20, 24, 31, 37, 36, 41, 39, 41, 38, 42, 48, 41, 46, 42, 40, 41, 39, 37, 51, 47, 44, 44, 39]
    Layer 24: dist=[40, 62, 57, 51, 50, 56, 54, 47, 52, 54, 52, 43, 41, 39, 47, 40, 42, 49, 44, 42, 60, 53, 52, 58, 31, 41, 39, 29, 50, 57, 51, 47]
    Layer 25: dist=[50, 60, 59, 49, 38, 38, 54, 42, 46, 52, 47, 48, 36, 45, 27, 37, 48, 50, 49, 45, 54, 56, 55, 55, 58, 56, 50, 55, 46, 61, 51, 45]
    Layer 26: dist=[43, 47, 57, 36, 59, 57, 59, 56, 52, 56, 53, 49, 52, 62, 60, 60, 43, 46, 53, 50, 53, 54, 60, 57, 53, 50, 54, 50, 58, 50, 59, 51]
    Layer 27: dist=[48, 55, 54, 59, 50, 53, 52, 44, 41, 52, 55, 52, 41, 56, 42, 45, 51, 53, 53, 53, 47, 56, 54, 44, 57, 59, 60, 60, 50, 44, 45, 60]
    Layer 28: dist=[53, 47, 54, 53, 41, 35, 40, 38, 52, 57, 47, 46, 57, 53, 48, 50, 57, 51, 53, 55, 59, 37, 32, 46, 47, 46, 50, 51, 46, 48, 35, 49]
    Layer 29: dist=[57, 58, 57, 58, 45, 56, 47, 58, 58, 57, 61, 54, 60, 61, 60, 61, 58, 56, 58, 60, 62, 61, 56, 62, 49, 59, 47, 49, 55, 51, 56, 56]
    Layer 30: dist=[40, 54, 51, 52, 53, 51, 48, 37, 60, 59, 58, 60, 53, 53, 57, 51, 52, 39, 61, 61, 29, 60, 53, 54, 60, 60, 61, 60, 55, 56, 54, 51]
    Layer 31: dist=[60, 58, 51, 49, 58, 59, 59, 59, 57, 41, 46, 47, 58, 59, 59, 58, 52, 53, 55, 48, 60, 59, 56, 59, 57, 56, 46, 60, 57, 55, 53, 57]
    Layer 32: dist=[56, 57, 58, 57, 58, 60, 59, 60, 56, 55, 59, 58, 48, 58, 54, 47, 58, 54, 54, 54, 62, 48, 57, 60, 36, 48, 44, 53, 58, 54, 51, 53]
    Layer 33: dist=[52, 61, 57, 60, 45, 52, 29, 47, 57, 58, 57, 58, 58, 59, 58, 59, 59, 59, 53, 56, 58, 49, 54, 57, 57, 59, 60, 59, 56, 56, 55, 53]
    Layer 34: dist=[56, 57, 58, 57, 55, 56, 55, 54, 25, 47, 54, 42, 58, 57, 60, 40, 42, 44, 62, 30, 58, 27, 59, 60, 61, 60, 62, 60, 26, 32, 35, 54]
    Layer 35: dist=[56, 62, 36, 50, 43, 19, 55, 48, 42, 51, 55, 49, 30, 17, 24, 22, 49, 45, 40, 27, 45, 52, 28, 27, 33, 27, 33, 35, 36, 57, 61, 58]

  [Taylor Step 2/3] OLS sigma per head (scaling V, streaming)...
    Layer  0: sigma=[0.255, 0.100, 0.100, 0.100, 0.197, 0.603, 0.100, 0.100, 0.100, 0.100, 0.142, 0.100, 0.100, 0.100, 0.100, 0.292, 0.100, 0.100, 0.100, 0.100, 0.100, 0.100, 0.100, 0.200, 0.100, 0.100, 0.571, 0.100, 0.253, 0.100, 0.100, 0.100]
    Layer  1: sigma=[0.281, 0.100, 0.100, 0.100, 0.100, 0.100, 0.100, 0.100, 0.100, 0.399, 0.279, 0.100, 0.100, 0.100, 0.100, 0.100, 0.100, 0.100, 0.100, 0.100, 0.100, 0.100, 0.100, 0.206, 0.100, 0.100, 0.179, 0.100, 0.100, 0.100, 0.100, 0.100]
    Layer  2: sigma=[0.151, 0.100, 0.100, 0.100, 0.100, 0.100, 0.100, 0.100, 0.159, 0.100, 0.100, 0.100, 0.100, 0.255, 0.100, 0.100, 0.100, 0.100, 0.100, 0.100, 0.100, 0.100, 0.100, 0.100, 0.100, 0.176, 0.100, 0.100, 0.100, 0.100, 0.100, 0.138]
    Layer  3: sigma=[0.100, 0.442, 0.100, 0.291, 0.100, 0.100, 0.100, 0.100, 0.100, 0.100, 0.100, 0.100, 0.100, 0.100, 0.100, 0.100, 0.100, 0.100, 0.124, 0.100, 0.100, 0.100, 0.100, 0.100, 0.100, 0.124, 0.108, 0.100, 0.100, 0.100, 0.100, 0.100]
    Layer  4: sigma=[0.100, 0.100, 0.100, 0.100, 0.100, 0.100, 0.100, 0.100, 0.100, 0.100, 0.100, 0.100, 0.100, 0.100, 0.100, 0.100, 0.100, 0.100, 0.100, 0.100, 0.100, 0.144, 0.311, 0.100, 0.100, 0.100, 0.100, 0.100, 0.100, 0.100, 0.100, 0.100]
    Layer  5: sigma=[0.100, 0.100, 0.111, 0.100, 0.100, 0.100, 0.100, 0.100, 0.100, 0.270, 0.100, 0.108, 0.100, 0.100, 0.100, 0.108, 0.100, 0.327, 0.100, 0.100, 0.100, 0.100, 0.100, 0.100, 0.100, 0.100, 0.100, 0.100, 0.100, 0.245, 0.100, 0.100]
    Layer  6: sigma=[0.100, 0.100, 0.167, 0.100, 0.117, 0.109, 0.100, 0.100, 0.100, 0.100, 0.100, 0.100, 0.100, 0.100, 0.100, 0.100, 0.100, 0.100, 0.100, 0.100, 0.247, 0.100, 0.100, 0.100, 0.100, 0.100, 0.104, 0.100, 0.100, 0.100, 0.100, 0.100]
    Layer  7: sigma=[0.100, 0.219, 0.100, 0.100, 0.143, 0.100, 0.100, 0.100, 0.100, 0.100, 0.100, 0.151, 0.100, 0.100, 0.100, 0.100, 0.100, 0.100, 0.100, 0.100, 0.100, 0.100, 0.100, 0.100, 0.100, 0.100, 0.100, 0.100, 0.100, 0.100, 0.100, 0.100]
    Layer  8: sigma=[0.100, 0.100, 0.100, 0.100, 0.100, 0.100, 0.100, 0.110, 0.100, 0.100, 0.100, 0.100, 0.100, 0.124, 0.100, 0.100, 0.100, 0.100, 0.100, 0.100, 0.100, 0.100, 0.100, 0.100, 0.100, 0.100, 0.100, 0.275, 0.100, 0.100, 0.100, 0.100]
    Layer  9: sigma=[0.100, 0.100, 0.127, 0.100, 0.100, 0.100, 0.100, 0.100, 0.100, 0.100, 0.100, 0.100, 0.100, 0.100, 0.738, 0.220, 0.100, 0.100, 0.100, 0.100, 0.134, 0.100, 0.100, 0.100, 0.100, 0.165, 0.100, 0.100, 0.100, 0.100, 0.100, 0.100]
    Layer 10: sigma=[0.100, 0.100, 0.100, 0.100, 0.100, 0.100, 0.100, 0.100, 0.124, 0.100, 0.100, 0.100, 0.100, 0.100, 0.100, 0.100, 0.100, 0.100, 0.100, 0.100, 0.100, 0.100, 0.100, 0.100, 0.100, 0.100, 0.100, 0.100, 0.105, 0.100, 0.108, 0.100]
    Layer 11: sigma=[0.100, 0.100, 0.100, 0.100, 0.228, 0.100, 0.170, 0.100, 0.100, 0.139, 0.100, 0.100, 0.145, 0.100, 0.309, 0.100, 0.100, 0.100, 0.100, 0.100, 0.100, 0.100, 0.100, 0.100, 0.104, 0.100, 0.253, 0.100, 0.100, 0.100, 0.102, 0.100]
    Layer 12: sigma=[0.100, 0.100, 0.100, 0.100, 0.100, 0.129, 0.100, 0.100, 0.100, 0.120, 0.100, 0.100, 0.100, 0.100, 0.100, 0.100, 0.100, 0.267, 0.517, 0.100, 0.100, 0.100, 0.100, 0.100, 0.100, 0.350, 0.100, 0.127, 0.100, 0.141, 0.128, 0.100]
    Layer 13: sigma=[0.248, 0.100, 0.100, 0.100, 0.100, 0.100, 0.100, 0.132, 0.100, 0.128, 0.127, 0.100, 0.100, 0.100, 0.100, 0.100, 0.100, 0.100, 0.100, 0.100, 0.100, 0.100, 0.100, 0.100, 0.100, 0.100, 0.100, 0.100, 0.100, 0.100, 0.100, 0.100]
    Layer 14: sigma=[0.100, 0.100, 0.109, 0.100, 0.100, 0.527, 0.100, 0.162, 0.100, 0.100, 0.100, 0.100, 0.100, 0.171, 0.100, 0.100, 0.100, 0.100, 0.186, 0.134, 0.100, 0.100, 0.100, 0.100, 0.100, 0.162, 0.100, 0.136, 0.100, 0.100, 0.170, 0.100]
    Layer 15: sigma=[0.100, 0.252, 0.100, 0.100, 0.243, 0.118, 0.100, 0.100, 0.100, 0.100, 0.100, 0.108, 0.257, 0.100, 0.100, 0.100, 0.100, 0.100, 0.110, 0.130, 0.100, 0.100, 0.100, 0.100, 0.261, 0.250, 0.100, 0.100, 0.100, 0.100, 0.100, 0.100]
    Layer 17: sigma=[0.100, 0.100, 0.100, 0.100, 0.100, 0.479, 0.100, 0.100, 0.106, 0.100, 0.100, 0.100, 0.100, 0.100, 0.100, 0.100, 0.274, 0.104, 0.100, 0.327, 0.100, 0.100, 0.100, 0.100, 0.101, 0.100, 0.390, 0.131, 0.100, 0.100, 0.100, 0.100]
    Layer 18: sigma=[0.100, 0.671, 0.100, 0.100, 0.106, 0.199, 0.100, 0.100, 0.100, 0.100, 0.100, 0.100, 0.100, 0.100, 0.100, 0.100, 0.368, 0.100, 0.100, 0.100, 0.100, 0.100, 0.100, 0.100, 0.100, 0.100, 0.100, 0.100, 0.100, 0.100, 0.100, 0.100]
    Layer 19: sigma=[0.100, 0.100, 0.100, 0.100, 0.100, 0.100, 0.210, 0.100, 0.100, 0.100, 0.100, 0.100, 0.250, 0.100, 0.100, 0.151, 0.100, 0.100, 0.100, 0.333, 0.100, 0.100, 0.100, 0.100, 0.111, 0.100, 0.100, 0.100, 0.100, 0.100, 0.100, 0.100]
    Layer 20: sigma=[0.100, 0.100, 0.173, 0.100, 0.100, 0.264, 0.123, 0.100, 0.100, 0.100, 0.100, 0.100, 0.100, 0.100, 0.100, 0.101, 0.182, 0.100, 0.100, 0.100, 0.100, 0.100, 0.100, 0.100, 0.100, 0.100, 0.100, 0.100, 0.100, 0.100, 0.100, 0.100]
    Layer 21: sigma=[0.100, 0.100, 0.100, 0.110, 0.100, 0.100, 0.100, 0.100, 0.100, 0.100, 0.100, 0.390, 0.100, 0.100, 0.100, 0.100, 0.100, 0.100, 0.100, 0.208, 0.100, 0.100, 0.100, 0.100, 0.100, 0.100, 0.100, 0.100, 0.100, 0.100, 0.331, 0.122]
    Layer 22: sigma=[0.150, 0.100, 0.100, 0.100, 0.127, 0.131, 0.119, 0.256, 0.208, 0.117, 0.100, 0.100, 0.101, 0.100, 0.100, 0.100, 0.100, 0.100, 0.101, 0.179, 0.100, 0.100, 0.100, 0.100, 0.100, 0.100, 0.100, 0.100, 0.100, 0.100, 0.100, 0.100]
    Layer 23: sigma=[0.188, 0.126, 0.171, 0.100, 0.100, 0.100, 0.206, 0.100, 0.100, 0.100, 0.100, 0.100, 0.100, 0.100, 0.100, 0.100, 0.100, 0.100, 0.100, 0.100, 0.100, 0.100, 0.100, 0.100, 0.100, 0.100, 0.100, 0.100, 0.100, 0.333, 0.201, 0.119]
    Layer 24: sigma=[0.100, 0.100, 0.100, 0.100, 0.100, 0.100, 0.100, 0.100, 0.147, 0.100, 0.112, 0.100, 0.100, 0.100, 0.100, 0.184, 0.100, 0.100, 0.100, 0.125, 0.100, 0.100, 0.100, 0.100, 0.339, 0.263, 0.142, 0.207, 0.100, 0.100, 0.100, 0.100]
    Layer 25: sigma=[0.100, 0.100, 0.100, 0.100, 0.100, 0.100, 0.100, 0.100, 0.100, 0.100, 0.100, 0.100, 0.100, 0.100, 0.100, 0.100, 0.100, 0.100, 0.100, 0.100, 0.100, 0.100, 0.100, 0.100, 0.100, 0.100, 0.100, 0.100, 0.100, 0.100, 0.100, 0.100]
    Layer 26: sigma=[0.100, 0.100, 0.100, 0.100, 0.100, 0.100, 0.100, 0.100, 0.100, 0.100, 0.100, 0.100, 0.100, 0.100, 0.100, 0.114, 0.100, 0.100, 0.100, 0.100, 0.100, 0.100, 0.100, 0.100, 0.100, 0.100, 0.100, 0.100, 0.100, 0.100, 0.100, 0.100]
    Layer 27: sigma=[0.100, 0.100, 0.100, 0.100, 0.100, 0.100, 0.100, 0.100, 0.100, 0.100, 0.100, 0.100, 0.100, 0.100, 0.100, 0.100, 0.100, 0.100, 0.100, 0.100, 0.100, 0.100, 0.100, 0.100, 0.100, 0.100, 0.100, 0.100, 0.100, 0.225, 0.100, 0.100]
    Layer 28: sigma=[0.100, 0.100, 0.100, 0.100, 0.116, 0.100, 0.100, 0.310, 0.100, 0.100, 0.100, 0.100, 0.100, 0.100, 0.100, 0.100, 0.100, 0.100, 0.100, 0.100, 0.100, 0.100, 0.100, 0.100, 0.100, 0.100, 0.100, 0.100, 0.100, 0.100, 0.100, 0.100]
    Layer 29: sigma=[0.100, 0.100, 0.100, 0.100, 0.100, 0.100, 0.100, 0.100, 0.100, 0.100, 0.100, 0.100, 0.100, 0.100, 0.100, 0.100, 0.100, 0.100, 0.100, 0.100, 0.100, 0.100, 0.100, 0.100, 0.100, 0.100, 0.100, 0.100, 0.100, 0.100, 0.100, 0.100]
    Layer 30: sigma=[0.100, 0.100, 0.100, 0.100, 0.100, 0.100, 0.100, 0.100, 0.100, 0.100, 0.100, 0.100, 0.100, 0.100, 0.100, 0.100, 0.100, 0.100, 0.100, 0.100, 0.100, 0.100, 0.100, 0.100, 0.100, 0.100, 0.100, 0.100, 0.100, 0.100, 0.100, 0.100]
    Layer 31: sigma=[0.100, 0.100, 0.100, 0.100, 0.100, 0.100, 0.100, 0.100, 0.100, 0.100, 0.100, 0.100, 0.100, 0.100, 0.100, 0.100, 0.100, 0.100, 0.100, 0.100, 0.100, 0.100, 0.100, 0.100, 0.100, 0.100, 0.100, 0.100, 0.100, 0.100, 0.100, 0.100]
    Layer 32: sigma=[0.100, 0.100, 0.100, 0.100, 0.100, 0.100, 0.100, 0.100, 0.100, 0.100, 0.100, 0.100, 0.100, 0.100, 0.100, 0.100, 0.100, 0.100, 0.100, 0.100, 0.100, 0.100, 0.100, 0.100, 0.100, 0.100, 0.100, 0.100, 0.100, 0.100, 0.100, 0.100]
    Layer 33: sigma=[0.100, 0.100, 0.100, 0.100, 0.100, 0.100, 0.126, 0.100, 0.100, 0.100, 0.100, 0.100, 0.100, 0.100, 0.100, 0.100, 0.100, 0.100, 0.100, 0.100, 0.100, 0.100, 0.100, 0.100, 0.100, 0.100, 0.100, 0.100, 0.100, 0.100, 0.100, 0.100]
    Layer 34: sigma=[0.100, 0.100, 0.100, 0.100, 0.100, 0.100, 0.100, 0.100, 0.100, 0.100, 0.100, 0.100, 0.100, 0.100, 0.100, 0.100, 0.100, 0.100, 0.100, 0.100, 0.100, 0.100, 0.100, 0.100, 0.100, 0.100, 0.100, 0.100, 0.100, 0.100, 0.100, 0.100]
    Layer 35: sigma=[0.100, 0.100, 0.100, 0.100, 0.125, 0.100, 0.100, 0.100, 0.100, 0.100, 0.100, 0.100, 0.100, 0.100, 0.100, 0.100, 0.100, 0.100, 0.100, 0.100, 0.100, 0.100, 0.120, 0.100, 0.100, 0.100, 0.100, 0.100, 0.100, 0.100, 0.100, 0.100]

  [Taylor Step 3/3] g_proj = v_proj * alpha (damping=0.01)...
    Layer  0: alpha=0.069211  teacher_rms=0.0168  v_rms=0.0024
    Layer  1: alpha=0.058111  teacher_rms=0.0216  v_rms=0.0037
    Layer  2: alpha=0.054865  teacher_rms=0.0222  v_rms=0.0041
    Layer  3: alpha=0.041926  teacher_rms=0.0261  v_rms=0.0062
    Layer  4: alpha=0.049236  teacher_rms=0.0316  v_rms=0.0064
    Layer  5: alpha=0.053005  teacher_rms=0.0412  v_rms=0.0078
    Layer  6: alpha=0.074590  teacher_rms=0.0646  v_rms=0.0087
    Layer  7: alpha=0.041134  teacher_rms=0.0510  v_rms=0.0124
    Layer  8: alpha=0.042257  teacher_rms=0.0695  v_rms=0.0164
    Layer  9: alpha=0.027350  teacher_rms=0.0701  v_rms=0.0256
    Layer 10: alpha=0.049135  teacher_rms=0.1071  v_rms=0.0218
    Layer 11: alpha=0.052126  teacher_rms=0.1038  v_rms=0.0199
    Layer 12: alpha=0.044742  teacher_rms=0.1177  v_rms=0.0263
    Layer 13: alpha=0.053519  teacher_rms=0.1013  v_rms=0.0189
    Layer 14: alpha=0.050708  teacher_rms=0.1546  v_rms=0.0305
    Layer 15: alpha=0.046665  teacher_rms=0.1546  v_rms=0.0331
    Layer 17: alpha=0.036469  teacher_rms=0.1762  v_rms=0.0483
    Layer 18: alpha=0.031836  teacher_rms=0.1919  v_rms=0.0603
    Layer 19: alpha=0.049786  teacher_rms=0.2023  v_rms=0.0406
    Layer 20: alpha=0.052264  teacher_rms=0.1938  v_rms=0.0371
    Layer 21: alpha=0.043727  teacher_rms=0.2301  v_rms=0.0526
    Layer 22: alpha=0.052398  teacher_rms=0.2755  v_rms=0.0526
    Layer 23: alpha=0.047035  teacher_rms=0.3026  v_rms=0.0643
    Layer 24: alpha=0.034415  teacher_rms=0.2864  v_rms=0.0832
    Layer 25: alpha=0.038418  teacher_rms=0.2261  v_rms=0.0589
    Layer 26: alpha=0.027248  teacher_rms=0.1994  v_rms=0.0732
    Layer 27: alpha=0.032566  teacher_rms=0.2900  v_rms=0.0890
    Layer 28: alpha=0.036342  teacher_rms=0.3530  v_rms=0.0971
    Layer 29: alpha=0.016275  teacher_rms=0.2479  v_rms=0.1523
    Layer 30: alpha=0.025867  teacher_rms=0.3921  v_rms=0.1516
    Layer 31: alpha=0.018626  teacher_rms=0.3452  v_rms=0.1853
    Layer 32: alpha=0.021930  teacher_rms=0.5106  v_rms=0.2328
    Layer 33: alpha=0.016308  teacher_rms=0.5964  v_rms=0.3657
    Layer 34: alpha=0.031180  teacher_rms=1.0165  v_rms=0.3260
    Layer 35: alpha=0.057804  teacher_rms=1.0378  v_rms=0.1795

  Set g_proj = v_proj * alpha in 35 GDN layers (damping=0.01).
  Init (taylor_distill) done in 335.1s
  Layer 16: PPL = 2600.47  (eval 13.3s)

============================================================
  Probing layer 17 | strategy=taylor_distill
============================================================
Loading checkpoint shards:   0%|          | 0/4 [00:00<?, ?it/s]Loading checkpoint shards: 100%|██████████| 4/4 [00:00<00:00, 136.16it/s]
Could not cache non-existence of file. Will ignore error and continue. Error: [Errno 13] Permission denied: '/data/shared/huggingface/hub/models--Qwen--Qwen3-8B/.no_exist/b968826d9c46dd6066d109eabc6255188de91218/model.safetensors'
Loading checkpoint shards:   0%|          | 0/5 [00:00<?, ?it/s]Loading checkpoint shards: 100%|██████████| 5/5 [00:00<00:00, 187.81it/s]
Token indices sequence length is longer than the specified maximum sequence length for this model (2429029 > 131072). Running this sequence through the model will result in indexing errors
  [Taylor Step 1/3] Gate calibration from attention stats...
    Layer  0: dist=[18, 2, 6, 20, 8, 14, 6, 7, 10, 4, 6, 7, 10, 18, 17, 5, 9, 11, 8, 8, 8, 12, 2, 7, 4, 26, 5, 26, 9, 19, 9, 8]
    Layer  1: dist=[12, 21, 14, 26, 2, 9, 17, 7, 25, 18, 32, 29, 18, 28, 28, 20, 17, 26, 31, 18, 28, 17, 21, 21, 26, 8, 25, 23, 41, 16, 20, 28]
    Layer  2: dist=[36, 36, 37, 32, 17, 27, 20, 24, 21, 24, 29, 33, 28, 25, 26, 34, 32, 26, 28, 22, 28, 36, 27, 27, 14, 14, 11, 19, 41, 42, 43, 41]
    Layer  3: dist=[40, 20, 9, 12, 49, 50, 46, 42, 30, 27, 33, 31, 49, 43, 42, 42, 35, 37, 29, 37, 42, 33, 32, 36, 35, 30, 29, 33, 39, 36, 40, 37]
    Layer  4: dist=[31, 35, 41, 36, 41, 33, 35, 48, 37, 38, 34, 34, 31, 31, 38, 35, 35, 37, 38, 39, 34, 35, 25, 34, 26, 32, 27, 21, 28, 33, 30, 30]
    Layer  5: dist=[23, 29, 30, 21, 36, 34, 29, 29, 4, 14, 40, 38, 31, 43, 32, 30, 23, 20, 28, 28, 29, 30, 27, 33, 38, 39, 43, 43, 26, 25, 29, 32]
    Layer  6: dist=[16, 22, 17, 17, 27, 24, 34, 32, 25, 12, 21, 20, 31, 34, 28, 16, 28, 20, 24, 23, 13, 18, 18, 8, 21, 24, 18, 28, 24, 25, 21, 27]
    Layer  7: dist=[31, 36, 33, 46, 63, 57, 63, 60, 45, 60, 53, 41, 54, 15, 30, 49, 42, 54, 44, 44, 54, 45, 58, 59, 34, 41, 25, 43, 49, 51, 49, 54]
    Layer  8: dist=[45, 46, 49, 29, 43, 41, 35, 44, 46, 52, 43, 48, 51, 43, 49, 36, 60, 56, 54, 51, 44, 54, 51, 57, 47, 37, 51, 36, 44, 38, 42, 44]
    Layer  9: dist=[40, 32, 31, 36, 45, 49, 48, 40, 62, 61, 60, 56, 14, 46, 32, 45, 49, 53, 59, 62, 44, 40, 35, 41, 61, 44, 49, 54, 62, 57, 63, 61]
    Layer 10: dist=[39, 39, 30, 39, 46, 55, 33, 41, 34, 45, 55, 26, 49, 36, 42, 44, 45, 53, 52, 50, 46, 31, 56, 51, 51, 56, 47, 43, 40, 39, 44, 47]
    Layer 11: dist=[33, 33, 47, 27, 29, 36, 43, 42, 52, 62, 57, 49, 44, 33, 38, 39, 39, 36, 33, 25, 42, 56, 46, 46, 39, 32, 36, 32, 49, 34, 31, 48]
    Layer 12: dist=[12, 40, 39, 33, 43, 46, 39, 36, 33, 36, 44, 44, 50, 45, 45, 49, 21, 38, 29, 44, 55, 54, 53, 56, 49, 1, 56, 23, 43, 45, 59, 49]
    Layer 13: dist=[29, 36, 39, 36, 31, 29, 35, 22, 47, 36, 52, 61, 64, 58, 55, 62, 46, 39, 31, 36, 47, 33, 44, 46, 44, 33, 40, 41, 58, 56, 49, 51]
    Layer 14: dist=[25, 35, 34, 24, 39, 24, 35, 33, 31, 32, 37, 37, 36, 40, 35, 36, 41, 46, 31, 35, 33, 17, 28, 42, 27, 38, 40, 38, 43, 44, 5, 48]
    Layer 15: dist=[45, 27, 43, 23, 20, 22, 41, 33, 48, 33, 26, 54, 37, 56, 41, 47, 33, 33, 34, 36, 33, 30, 27, 27, 27, 20, 41, 37, 38, 47, 38, 28]
    Layer 16: dist=[37, 32, 42, 47, 29, 35, 26, 31, 29, 45, 40, 43, 49, 35, 44, 47, 38, 41, 34, 35, 59, 60, 57, 54, 39, 28, 34, 6, 32, 33, 36, 32]
    Layer 18: dist=[20, 27, 19, 18, 29, 37, 39, 30, 37, 40, 37, 45, 34, 34, 31, 35, 26, 41, 42, 28, 38, 28, 37, 52, 31, 35, 35, 36, 30, 29, 43, 31]
    Layer 19: dist=[39, 33, 35, 35, 43, 54, 30, 38, 40, 44, 41, 48, 35, 31, 40, 35, 44, 42, 26, 29, 10, 28, 18, 27, 52, 54, 52, 58, 44, 43, 41, 41]
    Layer 20: dist=[46, 39, 44, 40, 41, 27, 28, 31, 23, 21, 26, 21, 48, 42, 48, 50, 24, 28, 31, 21, 38, 57, 52, 51, 63, 51, 53, 44, 49, 43, 55, 55]
    Layer 21: dist=[26, 25, 30, 35, 58, 33, 53, 58, 61, 33, 39, 38, 26, 24, 25, 23, 39, 40, 45, 32, 47, 52, 48, 49, 35, 34, 32, 44, 38, 40, 34, 47]
    Layer 22: dist=[39, 32, 37, 33, 28, 38, 24, 30, 21, 27, 24, 35, 9, 46, 32, 35, 18, 40, 40, 23, 53, 59, 60, 61, 51, 44, 46, 48, 57, 47, 53, 50]
    Layer 23: dist=[22, 18, 26, 22, 55, 55, 22, 50, 41, 20, 24, 31, 37, 36, 41, 39, 41, 38, 42, 48, 41, 46, 42, 40, 41, 39, 37, 51, 47, 44, 44, 39]
    Layer 24: dist=[40, 62, 57, 51, 50, 56, 54, 47, 52, 54, 52, 43, 41, 39, 47, 40, 42, 49, 44, 42, 60, 53, 52, 58, 31, 41, 39, 29, 50, 57, 51, 47]
    Layer 25: dist=[50, 60, 59, 49, 38, 38, 54, 42, 46, 52, 47, 48, 36, 45, 27, 37, 48, 50, 49, 45, 54, 56, 55, 55, 58, 56, 50, 55, 46, 61, 51, 45]
    Layer 26: dist=[43, 47, 57, 36, 59, 57, 59, 56, 52, 56, 53, 49, 52, 62, 60, 60, 43, 46, 53, 50, 53, 54, 60, 57, 53, 50, 54, 50, 58, 50, 59, 51]
    Layer 27: dist=[48, 55, 54, 59, 50, 53, 52, 44, 41, 52, 55, 52, 41, 56, 42, 45, 51, 53, 53, 53, 47, 56, 54, 44, 57, 59, 60, 60, 50, 44, 45, 60]
    Layer 28: dist=[53, 47, 54, 53, 41, 35, 40, 38, 52, 57, 47, 46, 57, 53, 48, 50, 57, 51, 53, 55, 59, 37, 32, 46, 47, 46, 50, 51, 46, 48, 35, 49]
    Layer 29: dist=[57, 58, 57, 58, 45, 56, 47, 58, 58, 57, 61, 54, 60, 61, 60, 61, 58, 56, 58, 60, 62, 61, 56, 62, 49, 59, 47, 49, 55, 51, 56, 56]
    Layer 30: dist=[40, 54, 51, 52, 53, 51, 48, 37, 60, 59, 58, 60, 53, 53, 57, 51, 52, 39, 61, 61, 29, 60, 53, 54, 60, 60, 61, 60, 55, 56, 54, 51]
    Layer 31: dist=[60, 58, 51, 49, 58, 59, 59, 59, 57, 41, 46, 47, 58, 59, 59, 58, 52, 53, 55, 48, 60, 59, 56, 59, 57, 56, 46, 60, 57, 55, 53, 57]
    Layer 32: dist=[56, 57, 58, 57, 58, 60, 59, 60, 56, 55, 59, 58, 48, 58, 54, 47, 58, 54, 54, 54, 62, 48, 57, 60, 36, 48, 44, 53, 58, 54, 51, 53]
    Layer 33: dist=[52, 61, 57, 60, 45, 52, 29, 47, 57, 58, 57, 58, 58, 59, 58, 59, 59, 59, 53, 56, 58, 49, 54, 57, 57, 59, 60, 59, 56, 56, 55, 53]
    Layer 34: dist=[56, 57, 58, 57, 55, 56, 55, 54, 25, 47, 54, 42, 58, 57, 60, 40, 42, 44, 62, 30, 58, 27, 59, 60, 61, 60, 62, 60, 26, 32, 35, 54]
    Layer 35: dist=[56, 62, 36, 50, 43, 19, 55, 48, 42, 51, 55, 49, 30, 17, 24, 22, 49, 45, 40, 27, 45, 52, 28, 27, 33, 27, 33, 35, 36, 57, 61, 58]

  [Taylor Step 2/3] OLS sigma per head (scaling V, streaming)...
    Layer  0: sigma=[0.256, 0.100, 0.100, 0.100, 0.196, 0.602, 0.100, 0.100, 0.100, 0.100, 0.141, 0.100, 0.100, 0.100, 0.100, 0.291, 0.100, 0.100, 0.100, 0.100, 0.100, 0.100, 0.100, 0.200, 0.100, 0.100, 0.577, 0.100, 0.252, 0.100, 0.100, 0.100]
    Layer  1: sigma=[0.279, 0.100, 0.100, 0.100, 0.100, 0.100, 0.100, 0.100, 0.100, 0.412, 0.276, 0.100, 0.100, 0.100, 0.100, 0.100, 0.100, 0.100, 0.100, 0.100, 0.100, 0.100, 0.100, 0.208, 0.100, 0.100, 0.179, 0.100, 0.100, 0.100, 0.100, 0.100]
    Layer  2: sigma=[0.152, 0.100, 0.100, 0.100, 0.100, 0.100, 0.100, 0.100, 0.153, 0.100, 0.100, 0.100, 0.100, 0.258, 0.100, 0.100, 0.100, 0.100, 0.100, 0.100, 0.100, 0.100, 0.100, 0.100, 0.100, 0.172, 0.100, 0.100, 0.100, 0.100, 0.100, 0.139]
    Layer  3: sigma=[0.100, 0.451, 0.100, 0.288, 0.100, 0.100, 0.100, 0.100, 0.100, 0.100, 0.100, 0.100, 0.100, 0.100, 0.100, 0.100, 0.100, 0.100, 0.122, 0.100, 0.100, 0.100, 0.100, 0.100, 0.100, 0.121, 0.109, 0.100, 0.100, 0.100, 0.100, 0.100]
    Layer  4: sigma=[0.100, 0.100, 0.100, 0.100, 0.100, 0.100, 0.100, 0.100, 0.100, 0.100, 0.100, 0.100, 0.100, 0.100, 0.100, 0.100, 0.100, 0.100, 0.100, 0.100, 0.100, 0.145, 0.309, 0.100, 0.100, 0.100, 0.100, 0.100, 0.100, 0.100, 0.100, 0.100]
    Layer  5: sigma=[0.100, 0.100, 0.126, 0.100, 0.100, 0.100, 0.100, 0.100, 0.100, 0.282, 0.100, 0.105, 0.100, 0.100, 0.100, 0.107, 0.100, 0.337, 0.100, 0.100, 0.100, 0.100, 0.100, 0.100, 0.100, 0.100, 0.100, 0.100, 0.100, 0.247, 0.100, 0.100]
    Layer  6: sigma=[0.100, 0.100, 0.167, 0.100, 0.116, 0.109, 0.100, 0.100, 0.100, 0.100, 0.100, 0.100, 0.100, 0.100, 0.100, 0.100, 0.100, 0.100, 0.100, 0.100, 0.237, 0.100, 0.100, 0.100, 0.100, 0.100, 0.101, 0.100, 0.100, 0.100, 0.100, 0.100]
    Layer  7: sigma=[0.100, 0.227, 0.100, 0.100, 0.107, 0.100, 0.100, 0.100, 0.100, 0.100, 0.100, 0.154, 0.100, 0.100, 0.100, 0.100, 0.100, 0.100, 0.100, 0.100, 0.100, 0.100, 0.100, 0.100, 0.100, 0.100, 0.100, 0.100, 0.100, 0.100, 0.100, 0.100]
    Layer  8: sigma=[0.100, 0.100, 0.100, 0.100, 0.100, 0.100, 0.100, 0.118, 0.100, 0.100, 0.100, 0.100, 0.100, 0.129, 0.100, 0.100, 0.100, 0.100, 0.100, 0.100, 0.100, 0.100, 0.100, 0.100, 0.100, 0.100, 0.100, 0.287, 0.100, 0.100, 0.100, 0.100]
    Layer  9: sigma=[0.100, 0.100, 0.129, 0.100, 0.100, 0.100, 0.100, 0.100, 0.100, 0.100, 0.100, 0.100, 0.100, 0.100, 0.785, 0.242, 0.100, 0.100, 0.100, 0.100, 0.134, 0.100, 0.103, 0.100, 0.100, 0.159, 0.100, 0.100, 0.100, 0.100, 0.100, 0.100]
    Layer 10: sigma=[0.100, 0.100, 0.100, 0.100, 0.100, 0.100, 0.100, 0.100, 0.147, 0.100, 0.100, 0.100, 0.100, 0.100, 0.100, 0.100, 0.100, 0.100, 0.100, 0.100, 0.100, 0.100, 0.100, 0.100, 0.100, 0.100, 0.100, 0.100, 0.105, 0.100, 0.107, 0.100]
    Layer 11: sigma=[0.100, 0.100, 0.100, 0.100, 0.216, 0.100, 0.172, 0.100, 0.100, 0.142, 0.100, 0.100, 0.147, 0.100, 0.275, 0.100, 0.100, 0.100, 0.100, 0.100, 0.100, 0.100, 0.100, 0.100, 0.100, 0.100, 0.245, 0.100, 0.100, 0.100, 0.105, 0.100]
    Layer 12: sigma=[0.100, 0.100, 0.100, 0.100, 0.100, 0.116, 0.100, 0.100, 0.100, 0.118, 0.100, 0.100, 0.100, 0.100, 0.100, 0.100, 0.100, 0.276, 0.426, 0.100, 0.100, 0.100, 0.100, 0.100, 0.100, 0.387, 0.100, 0.135, 0.100, 0.135, 0.129, 0.100]
    Layer 13: sigma=[0.258, 0.100, 0.100, 0.100, 0.100, 0.100, 0.100, 0.110, 0.100, 0.119, 0.127, 0.100, 0.100, 0.100, 0.100, 0.100, 0.100, 0.100, 0.100, 0.100, 0.100, 0.100, 0.100, 0.100, 0.100, 0.100, 0.100, 0.100, 0.100, 0.100, 0.100, 0.100]
    Layer 14: sigma=[0.100, 0.100, 0.109, 0.100, 0.100, 0.505, 0.100, 0.157, 0.100, 0.100, 0.100, 0.100, 0.100, 0.162, 0.100, 0.100, 0.100, 0.100, 0.177, 0.126, 0.100, 0.100, 0.100, 0.100, 0.100, 0.145, 0.100, 0.132, 0.100, 0.100, 0.109, 0.100]
    Layer 15: sigma=[0.100, 0.260, 0.100, 0.146, 0.218, 0.103, 0.100, 0.100, 0.100, 0.100, 0.100, 0.100, 0.268, 0.100, 0.100, 0.100, 0.100, 0.100, 0.107, 0.147, 0.100, 0.100, 0.100, 0.100, 0.259, 0.259, 0.100, 0.100, 0.100, 0.100, 0.100, 0.100]
    Layer 16: sigma=[0.327, 0.100, 0.100, 0.100, 0.100, 0.100, 0.100, 0.100, 0.100, 0.100, 0.100, 0.100, 0.100, 0.100, 0.100, 0.100, 0.100, 0.100, 0.100, 0.100, 0.100, 0.100, 0.100, 0.100, 0.100, 0.171, 0.100, 0.100, 0.100, 0.100, 0.100, 0.100]
    Layer 18: sigma=[0.100, 0.509, 0.100, 0.100, 0.106, 0.200, 0.100, 0.100, 0.100, 0.100, 0.100, 0.100, 0.100, 0.100, 0.100, 0.100, 0.421, 0.100, 0.100, 0.100, 0.100, 0.100, 0.100, 0.100, 0.100, 0.100, 0.100, 0.100, 0.100, 0.100, 0.100, 0.100]
    Layer 19: sigma=[0.100, 0.100, 0.100, 0.100, 0.100, 0.100, 0.232, 0.100, 0.100, 0.100, 0.100, 0.100, 0.216, 0.100, 0.100, 0.140, 0.100, 0.100, 0.100, 0.402, 0.100, 0.100, 0.100, 0.100, 0.102, 0.100, 0.100, 0.100, 0.100, 0.100, 0.100, 0.100]
    Layer 20: sigma=[0.100, 0.100, 0.185, 0.100, 0.100, 0.259, 0.162, 0.100, 0.100, 0.100, 0.100, 0.100, 0.100, 0.100, 0.100, 0.100, 0.229, 0.116, 0.100, 0.100, 0.100, 0.100, 0.100, 0.100, 0.100, 0.100, 0.100, 0.100, 0.100, 0.100, 0.100, 0.100]
    Layer 21: sigma=[0.100, 0.104, 0.100, 0.122, 0.100, 0.100, 0.100, 0.100, 0.100, 0.100, 0.100, 0.293, 0.100, 0.100, 0.103, 0.100, 0.100, 0.100, 0.100, 0.103, 0.100, 0.100, 0.100, 0.100, 0.100, 0.100, 0.100, 0.100, 0.106, 0.100, 0.360, 0.114]
    Layer 22: sigma=[0.137, 0.100, 0.100, 0.100, 0.161, 0.134, 0.103, 0.162, 0.252, 0.100, 0.100, 0.100, 0.100, 0.100, 0.100, 0.100, 0.100, 0.100, 0.100, 0.114, 0.100, 0.100, 0.100, 0.100, 0.100, 0.100, 0.100, 0.100, 0.100, 0.100, 0.100, 0.100]
    Layer 23: sigma=[0.188, 0.160, 0.129, 0.100, 0.100, 0.100, 0.203, 0.100, 0.100, 0.100, 0.100, 0.100, 0.100, 0.100, 0.100, 0.100, 0.100, 0.100, 0.100, 0.100, 0.100, 0.100, 0.100, 0.100, 0.100, 0.100, 0.100, 0.100, 0.100, 0.287, 0.177, 0.160]
    Layer 24: sigma=[0.100, 0.100, 0.100, 0.100, 0.100, 0.100, 0.100, 0.100, 0.140, 0.100, 0.100, 0.100, 0.100, 0.100, 0.100, 0.173, 0.100, 0.100, 0.100, 0.113, 0.100, 0.100, 0.100, 0.100, 0.267, 0.319, 0.120, 0.221, 0.100, 0.100, 0.100, 0.100]
    Layer 25: sigma=[0.100, 0.100, 0.100, 0.100, 0.100, 0.100, 0.100, 0.100, 0.100, 0.100, 0.100, 0.100, 0.100, 0.100, 0.100, 0.100, 0.100, 0.100, 0.100, 0.100, 0.100, 0.100, 0.100, 0.100, 0.100, 0.100, 0.100, 0.100, 0.100, 0.100, 0.100, 0.100]
    Layer 26: sigma=[0.100, 0.100, 0.100, 0.100, 0.100, 0.100, 0.100, 0.100, 0.100, 0.100, 0.100, 0.100, 0.100, 0.100, 0.100, 0.125, 0.100, 0.100, 0.100, 0.100, 0.100, 0.100, 0.100, 0.100, 0.100, 0.100, 0.100, 0.100, 0.100, 0.100, 0.100, 0.100]
    Layer 27: sigma=[0.100, 0.100, 0.100, 0.100, 0.100, 0.100, 0.100, 0.100, 0.100, 0.100, 0.100, 0.100, 0.100, 0.100, 0.100, 0.100, 0.100, 0.100, 0.100, 0.100, 0.100, 0.100, 0.100, 0.100, 0.100, 0.100, 0.100, 0.100, 0.100, 0.198, 0.100, 0.100]
    Layer 28: sigma=[0.100, 0.100, 0.100, 0.100, 0.100, 0.142, 0.100, 0.289, 0.100, 0.100, 0.100, 0.100, 0.100, 0.100, 0.100, 0.100, 0.100, 0.100, 0.100, 0.100, 0.100, 0.100, 0.100, 0.100, 0.100, 0.100, 0.100, 0.100, 0.100, 0.100, 0.100, 0.100]
    Layer 29: sigma=[0.100, 0.100, 0.100, 0.100, 0.100, 0.100, 0.100, 0.100, 0.100, 0.100, 0.100, 0.100, 0.100, 0.100, 0.100, 0.100, 0.100, 0.100, 0.100, 0.100, 0.100, 0.100, 0.100, 0.100, 0.100, 0.100, 0.100, 0.100, 0.100, 0.100, 0.100, 0.100]
    Layer 30: sigma=[0.100, 0.100, 0.100, 0.100, 0.100, 0.100, 0.100, 0.100, 0.100, 0.100, 0.100, 0.100, 0.100, 0.100, 0.100, 0.133, 0.100, 0.100, 0.100, 0.100, 0.100, 0.100, 0.100, 0.100, 0.100, 0.100, 0.100, 0.100, 0.100, 0.100, 0.100, 0.100]
    Layer 31: sigma=[0.100, 0.100, 0.100, 0.100, 0.100, 0.100, 0.100, 0.100, 0.100, 0.100, 0.100, 0.100, 0.100, 0.100, 0.100, 0.100, 0.100, 0.122, 0.100, 0.100, 0.100, 0.100, 0.100, 0.100, 0.100, 0.100, 0.100, 0.100, 0.100, 0.100, 0.100, 0.100]
    Layer 32: sigma=[0.100, 0.100, 0.100, 0.100, 0.100, 0.100, 0.100, 0.100, 0.100, 0.100, 0.100, 0.100, 0.100, 0.100, 0.100, 0.100, 0.100, 0.100, 0.100, 0.100, 0.100, 0.100, 0.100, 0.100, 0.100, 0.100, 0.100, 0.100, 0.100, 0.100, 0.100, 0.100]
    Layer 33: sigma=[0.100, 0.100, 0.100, 0.100, 0.100, 0.100, 0.100, 0.100, 0.100, 0.100, 0.100, 0.100, 0.100, 0.100, 0.100, 0.100, 0.100, 0.100, 0.100, 0.100, 0.100, 0.100, 0.100, 0.100, 0.100, 0.100, 0.100, 0.100, 0.100, 0.100, 0.100, 0.100]
    Layer 34: sigma=[0.100, 0.100, 0.100, 0.100, 0.100, 0.100, 0.100, 0.100, 0.100, 0.100, 0.100, 0.174, 0.100, 0.100, 0.100, 0.100, 0.100, 0.100, 0.100, 0.100, 0.100, 0.100, 0.100, 0.100, 0.100, 0.100, 0.100, 0.100, 0.100, 0.100, 0.100, 0.100]
    Layer 35: sigma=[0.100, 0.100, 0.100, 0.100, 0.102, 0.100, 0.100, 0.100, 0.100, 0.100, 0.100, 0.100, 0.100, 0.100, 0.100, 0.100, 0.100, 0.100, 0.100, 0.100, 0.100, 0.100, 0.116, 0.100, 0.100, 0.100, 0.100, 0.100, 0.100, 0.100, 0.100, 0.100]

  [Taylor Step 3/3] g_proj = v_proj * alpha (damping=0.01)...
    Layer  0: alpha=0.068992  teacher_rms=0.0168  v_rms=0.0024
    Layer  1: alpha=0.057862  teacher_rms=0.0216  v_rms=0.0037
    Layer  2: alpha=0.054912  teacher_rms=0.0222  v_rms=0.0041
    Layer  3: alpha=0.041778  teacher_rms=0.0261  v_rms=0.0063
    Layer  4: alpha=0.049268  teacher_rms=0.0316  v_rms=0.0064
    Layer  5: alpha=0.052277  teacher_rms=0.0412  v_rms=0.0079
    Layer  6: alpha=0.075113  teacher_rms=0.0646  v_rms=0.0086
    Layer  7: alpha=0.041402  teacher_rms=0.0510  v_rms=0.0123
    Layer  8: alpha=0.041673  teacher_rms=0.0695  v_rms=0.0167
    Layer  9: alpha=0.026216  teacher_rms=0.0701  v_rms=0.0268
    Layer 10: alpha=0.048773  teacher_rms=0.1071  v_rms=0.0220
    Layer 11: alpha=0.053548  teacher_rms=0.1038  v_rms=0.0194
    Layer 12: alpha=0.046326  teacher_rms=0.1177  v_rms=0.0254
    Layer 13: alpha=0.054153  teacher_rms=0.1013  v_rms=0.0187
    Layer 14: alpha=0.052875  teacher_rms=0.1546  v_rms=0.0292
    Layer 15: alpha=0.046232  teacher_rms=0.1546  v_rms=0.0334
    Layer 16: alpha=0.039678  teacher_rms=0.1446  v_rms=0.0364
    Layer 18: alpha=0.037319  teacher_rms=0.1919  v_rms=0.0514
    Layer 19: alpha=0.048788  teacher_rms=0.2023  v_rms=0.0415
    Layer 20: alpha=0.050420  teacher_rms=0.1938  v_rms=0.0384
    Layer 21: alpha=0.047240  teacher_rms=0.2301  v_rms=0.0487
    Layer 22: alpha=0.053943  teacher_rms=0.2755  v_rms=0.0511
    Layer 23: alpha=0.049159  teacher_rms=0.3026  v_rms=0.0616
    Layer 24: alpha=0.034779  teacher_rms=0.2864  v_rms=0.0823
    Layer 25: alpha=0.038418  teacher_rms=0.2261  v_rms=0.0589
    Layer 26: alpha=0.027107  teacher_rms=0.1994  v_rms=0.0736
    Layer 27: alpha=0.033078  teacher_rms=0.2900  v_rms=0.0877
    Layer 28: alpha=0.036719  teacher_rms=0.3530  v_rms=0.0961
    Layer 29: alpha=0.016275  teacher_rms=0.2479  v_rms=0.1523
    Layer 30: alpha=0.025624  teacher_rms=0.3921  v_rms=0.1530
    Layer 31: alpha=0.018574  teacher_rms=0.3452  v_rms=0.1859
    Layer 32: alpha=0.021930  teacher_rms=0.5106  v_rms=0.2328
    Layer 33: alpha=0.016345  teacher_rms=0.5964  v_rms=0.3649
    Layer 34: alpha=0.030667  teacher_rms=1.0165  v_rms=0.3315
    Layer 35: alpha=0.058260  teacher_rms=1.0378  v_rms=0.1781

  Set g_proj = v_proj * alpha in 35 GDN layers (damping=0.01).
  Init (taylor_distill) done in 341.1s
  Layer 17: PPL = 1008.81  (eval 13.3s)

============================================================
  Probing layer 18 | strategy=taylor_distill
============================================================
Loading checkpoint shards:   0%|          | 0/4 [00:00<?, ?it/s]Loading checkpoint shards: 100%|██████████| 4/4 [00:00<00:00, 148.92it/s]
Could not cache non-existence of file. Will ignore error and continue. Error: [Errno 13] Permission denied: '/data/shared/huggingface/hub/models--Qwen--Qwen3-8B/.no_exist/b968826d9c46dd6066d109eabc6255188de91218/model.safetensors'
Loading checkpoint shards:   0%|          | 0/5 [00:00<?, ?it/s]Loading checkpoint shards:  80%|████████  | 4/5 [00:00<00:00, 34.56it/s]Loading checkpoint shards: 100%|██████████| 5/5 [00:00<00:00, 39.85it/s]
Token indices sequence length is longer than the specified maximum sequence length for this model (2429029 > 131072). Running this sequence through the model will result in indexing errors
  [Taylor Step 1/3] Gate calibration from attention stats...
    Layer  0: dist=[18, 2, 6, 20, 8, 14, 6, 7, 10, 4, 6, 7, 10, 18, 17, 5, 9, 11, 8, 8, 8, 12, 2, 7, 4, 26, 5, 26, 9, 19, 9, 8]
    Layer  1: dist=[12, 21, 14, 26, 2, 9, 17, 7, 25, 18, 32, 29, 18, 28, 28, 20, 17, 26, 31, 18, 28, 17, 21, 21, 26, 8, 25, 23, 41, 16, 20, 28]
    Layer  2: dist=[36, 36, 37, 32, 17, 27, 20, 24, 21, 24, 29, 33, 28, 25, 26, 34, 32, 26, 28, 22, 28, 36, 27, 27, 14, 14, 11, 19, 41, 42, 43, 41]
    Layer  3: dist=[40, 20, 9, 12, 49, 50, 46, 42, 30, 27, 33, 31, 49, 43, 42, 42, 35, 37, 29, 37, 42, 33, 32, 36, 35, 30, 29, 33, 39, 36, 40, 37]
    Layer  4: dist=[31, 35, 41, 36, 41, 33, 35, 48, 37, 38, 34, 34, 31, 31, 38, 35, 35, 37, 38, 39, 34, 35, 25, 34, 26, 32, 27, 21, 28, 33, 30, 30]
    Layer  5: dist=[23, 29, 30, 21, 36, 34, 29, 29, 4, 14, 40, 38, 31, 43, 32, 30, 23, 20, 28, 28, 29, 30, 27, 33, 38, 39, 43, 43, 26, 25, 29, 32]
    Layer  6: dist=[16, 22, 17, 17, 27, 24, 34, 32, 25, 12, 21, 20, 31, 34, 28, 16, 28, 20, 24, 23, 13, 18, 18, 8, 21, 24, 18, 28, 24, 25, 21, 27]
    Layer  7: dist=[31, 36, 33, 46, 63, 57, 63, 60, 45, 60, 53, 41, 54, 15, 30, 49, 42, 54, 44, 44, 54, 45, 58, 59, 34, 41, 25, 43, 49, 51, 49, 54]
    Layer  8: dist=[45, 46, 49, 29, 43, 41, 35, 44, 46, 52, 43, 48, 51, 43, 49, 36, 60, 56, 54, 51, 44, 54, 51, 57, 47, 37, 51, 36, 44, 38, 42, 44]
    Layer  9: dist=[40, 32, 31, 36, 45, 49, 48, 40, 62, 61, 60, 56, 14, 46, 32, 45, 49, 53, 59, 62, 44, 40, 35, 41, 61, 44, 49, 54, 62, 57, 63, 61]
    Layer 10: dist=[39, 39, 30, 39, 46, 55, 33, 41, 34, 45, 55, 26, 49, 36, 42, 44, 45, 53, 52, 50, 46, 31, 56, 51, 51, 56, 47, 43, 40, 39, 44, 47]
    Layer 11: dist=[33, 33, 47, 27, 29, 36, 43, 42, 52, 62, 57, 49, 44, 33, 38, 39, 39, 36, 33, 25, 42, 56, 46, 46, 39, 32, 36, 32, 49, 34, 31, 48]
    Layer 12: dist=[12, 40, 39, 33, 43, 46, 39, 36, 33, 36, 44, 44, 50, 45, 45, 49, 21, 38, 29, 44, 55, 54, 53, 56, 49, 1, 56, 23, 43, 45, 59, 49]
    Layer 13: dist=[29, 36, 39, 36, 31, 29, 35, 22, 47, 36, 52, 61, 64, 58, 55, 62, 46, 39, 31, 36, 47, 33, 44, 46, 44, 33, 40, 41, 58, 56, 49, 51]
    Layer 14: dist=[25, 35, 34, 24, 39, 24, 35, 33, 31, 32, 37, 37, 36, 40, 35, 36, 41, 46, 31, 35, 33, 17, 28, 42, 27, 38, 40, 38, 43, 44, 5, 48]
    Layer 15: dist=[45, 27, 43, 23, 20, 22, 41, 33, 48, 33, 26, 54, 37, 56, 41, 47, 33, 33, 34, 36, 33, 30, 27, 27, 27, 20, 41, 37, 38, 47, 38, 28]
    Layer 16: dist=[37, 32, 42, 47, 29, 35, 26, 31, 29, 45, 40, 43, 49, 35, 44, 47, 38, 41, 34, 35, 59, 60, 57, 54, 39, 28, 34, 6, 32, 33, 36, 32]
    Layer 17: dist=[58, 50, 41, 34, 28, 31, 22, 25, 44, 54, 42, 49, 23, 32, 39, 39, 24, 29, 32, 22, 39, 51, 49, 48, 30, 28, 31, 26, 29, 43, 47, 36]
    Layer 19: dist=[39, 33, 35, 35, 43, 54, 30, 38, 40, 44, 41, 48, 35, 31, 40, 35, 44, 42, 26, 29, 10, 28, 18, 27, 52, 54, 52, 58, 44, 43, 41, 41]
    Layer 20: dist=[46, 39, 44, 40, 41, 27, 28, 31, 23, 21, 26, 21, 48, 42, 48, 50, 24, 28, 31, 21, 38, 57, 52, 51, 63, 51, 53, 44, 49, 43, 55, 55]
    Layer 21: dist=[26, 25, 30, 35, 58, 33, 53, 58, 61, 33, 39, 38, 26, 24, 25, 23, 39, 40, 45, 32, 47, 52, 48, 49, 35, 34, 32, 44, 38, 40, 34, 47]
    Layer 22: dist=[39, 32, 37, 33, 28, 38, 24, 30, 21, 27, 24, 35, 9, 46, 32, 35, 18, 40, 40, 23, 53, 59, 60, 61, 51, 44, 46, 48, 57, 47, 53, 50]
    Layer 23: dist=[22, 18, 26, 22, 55, 55, 22, 50, 41, 20, 24, 31, 37, 36, 41, 39, 41, 38, 42, 48, 41, 46, 42, 40, 41, 39, 37, 51, 47, 44, 44, 39]
    Layer 24: dist=[40, 62, 57, 51, 50, 56, 54, 47, 52, 54, 52, 43, 41, 39, 47, 40, 42, 49, 44, 42, 60, 53, 52, 58, 31, 41, 39, 29, 50, 57, 51, 47]
    Layer 25: dist=[50, 60, 59, 49, 38, 38, 54, 42, 46, 52, 47, 48, 36, 45, 27, 37, 48, 50, 49, 45, 54, 56, 55, 55, 58, 56, 50, 55, 46, 61, 51, 45]
    Layer 26: dist=[43, 47, 57, 36, 59, 57, 59, 56, 52, 56, 53, 49, 52, 62, 60, 60, 43, 46, 53, 50, 53, 54, 60, 57, 53, 50, 54, 50, 58, 50, 59, 51]
    Layer 27: dist=[48, 55, 54, 59, 50, 53, 52, 44, 41, 52, 55, 52, 41, 56, 42, 45, 51, 53, 53, 53, 47, 56, 54, 44, 57, 59, 60, 60, 50, 44, 45, 60]
    Layer 28: dist=[53, 47, 54, 53, 41, 35, 40, 38, 52, 57, 47, 46, 57, 53, 48, 50, 57, 51, 53, 55, 59, 37, 32, 46, 47, 46, 50, 51, 46, 48, 35, 49]
    Layer 29: dist=[57, 58, 57, 58, 45, 56, 47, 58, 58, 57, 61, 54, 60, 61, 60, 61, 58, 56, 58, 60, 62, 61, 56, 62, 49, 59, 47, 49, 55, 51, 56, 56]
    Layer 30: dist=[40, 54, 51, 52, 53, 51, 48, 37, 60, 59, 58, 60, 53, 53, 57, 51, 52, 39, 61, 61, 29, 60, 53, 54, 60, 60, 61, 60, 55, 56, 54, 51]
    Layer 31: dist=[60, 58, 51, 49, 58, 59, 59, 59, 57, 41, 46, 47, 58, 59, 59, 58, 52, 53, 55, 48, 60, 59, 56, 59, 57, 56, 46, 60, 57, 55, 53, 57]
    Layer 32: dist=[56, 57, 58, 57, 58, 60, 59, 60, 56, 55, 59, 58, 48, 58, 54, 47, 58, 54, 54, 54, 62, 48, 57, 60, 36, 48, 44, 53, 58, 54, 51, 53]
    Layer 33: dist=[52, 61, 57, 60, 45, 52, 29, 47, 57, 58, 57, 58, 58, 59, 58, 59, 59, 59, 53, 56, 58, 49, 54, 57, 57, 59, 60, 59, 56, 56, 55, 53]
    Layer 34: dist=[56, 57, 58, 57, 55, 56, 55, 54, 25, 47, 54, 42, 58, 57, 60, 40, 42, 44, 62, 30, 58, 27, 59, 60, 61, 60, 62, 60, 26, 32, 35, 54]
    Layer 35: dist=[56, 62, 36, 50, 43, 19, 55, 48, 42, 51, 55, 49, 30, 17, 24, 22, 49, 45, 40, 27, 45, 52, 28, 27, 33, 27, 33, 35, 36, 57, 61, 58]

  [Taylor Step 2/3] OLS sigma per head (scaling V, streaming)...
    Layer  0: sigma=[0.256, 0.100, 0.100, 0.100, 0.198, 0.602, 0.100, 0.100, 0.100, 0.100, 0.142, 0.100, 0.100, 0.100, 0.100, 0.291, 0.100, 0.100, 0.100, 0.100, 0.100, 0.100, 0.100, 0.199, 0.100, 0.100, 0.578, 0.100, 0.251, 0.100, 0.100, 0.100]
    Layer  1: sigma=[0.279, 0.100, 0.100, 0.100, 0.100, 0.100, 0.100, 0.100, 0.100, 0.399, 0.279, 0.100, 0.100, 0.100, 0.100, 0.100, 0.100, 0.100, 0.100, 0.100, 0.100, 0.100, 0.100, 0.212, 0.100, 0.100, 0.180, 0.100, 0.100, 0.100, 0.100, 0.100]
    Layer  2: sigma=[0.152, 0.100, 0.100, 0.100, 0.100, 0.100, 0.100, 0.100, 0.155, 0.100, 0.100, 0.100, 0.100, 0.256, 0.100, 0.100, 0.100, 0.100, 0.100, 0.100, 0.100, 0.100, 0.100, 0.100, 0.100, 0.176, 0.100, 0.100, 0.100, 0.100, 0.100, 0.139]
    Layer  3: sigma=[0.100, 0.447, 0.100, 0.291, 0.100, 0.100, 0.100, 0.100, 0.100, 0.100, 0.100, 0.100, 0.100, 0.100, 0.100, 0.100, 0.100, 0.100, 0.120, 0.100, 0.100, 0.100, 0.100, 0.100, 0.100, 0.125, 0.107, 0.100, 0.100, 0.100, 0.100, 0.100]
    Layer  4: sigma=[0.100, 0.100, 0.100, 0.100, 0.100, 0.100, 0.100, 0.100, 0.100, 0.100, 0.100, 0.100, 0.100, 0.100, 0.100, 0.100, 0.100, 0.100, 0.100, 0.100, 0.100, 0.146, 0.316, 0.100, 0.100, 0.100, 0.100, 0.100, 0.100, 0.100, 0.100, 0.100]
    Layer  5: sigma=[0.100, 0.100, 0.135, 0.100, 0.100, 0.100, 0.100, 0.100, 0.100, 0.267, 0.100, 0.104, 0.100, 0.100, 0.100, 0.111, 0.100, 0.331, 0.100, 0.100, 0.100, 0.100, 0.100, 0.100, 0.100, 0.100, 0.100, 0.100, 0.100, 0.244, 0.100, 0.100]
    Layer  6: sigma=[0.100, 0.100, 0.155, 0.100, 0.111, 0.109, 0.100, 0.100, 0.100, 0.100, 0.100, 0.100, 0.100, 0.100, 0.100, 0.100, 0.100, 0.100, 0.100, 0.100, 0.243, 0.100, 0.100, 0.100, 0.100, 0.100, 0.105, 0.100, 0.100, 0.100, 0.100, 0.100]
    Layer  7: sigma=[0.100, 0.240, 0.100, 0.100, 0.131, 0.100, 0.100, 0.100, 0.100, 0.100, 0.100, 0.148, 0.100, 0.100, 0.100, 0.100, 0.100, 0.100, 0.100, 0.100, 0.100, 0.100, 0.100, 0.100, 0.100, 0.100, 0.100, 0.100, 0.100, 0.100, 0.100, 0.100]
    Layer  8: sigma=[0.100, 0.100, 0.100, 0.100, 0.100, 0.100, 0.100, 0.128, 0.100, 0.100, 0.100, 0.100, 0.100, 0.129, 0.100, 0.100, 0.100, 0.100, 0.100, 0.100, 0.100, 0.100, 0.100, 0.100, 0.100, 0.100, 0.100, 0.296, 0.100, 0.100, 0.100, 0.100]
    Layer  9: sigma=[0.100, 0.100, 0.125, 0.100, 0.100, 0.100, 0.100, 0.100, 0.100, 0.100, 0.100, 0.100, 0.100, 0.100, 0.780, 0.219, 0.100, 0.100, 0.100, 0.100, 0.141, 0.100, 0.100, 0.100, 0.100, 0.162, 0.100, 0.100, 0.100, 0.100, 0.100, 0.100]
    Layer 10: sigma=[0.100, 0.100, 0.100, 0.100, 0.100, 0.100, 0.100, 0.100, 0.130, 0.100, 0.100, 0.100, 0.100, 0.100, 0.100, 0.100, 0.100, 0.100, 0.100, 0.100, 0.100, 0.100, 0.100, 0.100, 0.100, 0.100, 0.100, 0.100, 0.109, 0.100, 0.117, 0.100]
    Layer 11: sigma=[0.100, 0.100, 0.100, 0.100, 0.212, 0.100, 0.170, 0.100, 0.100, 0.149, 0.100, 0.100, 0.141, 0.100, 0.293, 0.100, 0.100, 0.100, 0.100, 0.100, 0.100, 0.100, 0.100, 0.100, 0.100, 0.100, 0.253, 0.100, 0.100, 0.100, 0.102, 0.100]
    Layer 12: sigma=[0.100, 0.100, 0.100, 0.100, 0.100, 0.128, 0.100, 0.100, 0.100, 0.116, 0.100, 0.100, 0.100, 0.100, 0.100, 0.100, 0.100, 0.267, 0.441, 0.100, 0.100, 0.100, 0.100, 0.100, 0.100, 0.333, 0.100, 0.131, 0.100, 0.135, 0.136, 0.100]
    Layer 13: sigma=[0.253, 0.100, 0.100, 0.100, 0.100, 0.100, 0.100, 0.100, 0.100, 0.124, 0.128, 0.100, 0.100, 0.100, 0.100, 0.100, 0.100, 0.100, 0.100, 0.100, 0.100, 0.100, 0.100, 0.100, 0.100, 0.100, 0.100, 0.100, 0.100, 0.100, 0.100, 0.100]
    Layer 14: sigma=[0.100, 0.100, 0.106, 0.100, 0.100, 0.453, 0.100, 0.160, 0.100, 0.100, 0.100, 0.100, 0.100, 0.169, 0.100, 0.100, 0.100, 0.100, 0.150, 0.100, 0.100, 0.100, 0.100, 0.100, 0.100, 0.152, 0.100, 0.132, 0.100, 0.100, 0.127, 0.100]
    Layer 15: sigma=[0.100, 0.232, 0.100, 0.109, 0.243, 0.103, 0.100, 0.100, 0.100, 0.100, 0.100, 0.140, 0.247, 0.100, 0.100, 0.100, 0.100, 0.100, 0.100, 0.142, 0.100, 0.100, 0.100, 0.100, 0.289, 0.253, 0.100, 0.100, 0.100, 0.100, 0.100, 0.100]
    Layer 16: sigma=[0.343, 0.100, 0.100, 0.100, 0.100, 0.100, 0.100, 0.100, 0.100, 0.100, 0.100, 0.100, 0.100, 0.100, 0.100, 0.100, 0.100, 0.100, 0.100, 0.100, 0.100, 0.100, 0.100, 0.100, 0.100, 0.175, 0.100, 0.100, 0.100, 0.100, 0.100, 0.100]
    Layer 17: sigma=[0.100, 0.100, 0.100, 0.100, 0.100, 0.483, 0.100, 0.100, 0.107, 0.100, 0.100, 0.100, 0.100, 0.100, 0.100, 0.100, 0.292, 0.100, 0.100, 0.347, 0.100, 0.100, 0.100, 0.100, 0.100, 0.100, 0.346, 0.128, 0.100, 0.100, 0.100, 0.100]
    Layer 19: sigma=[0.100, 0.100, 0.100, 0.100, 0.100, 0.100, 0.182, 0.100, 0.100, 0.100, 0.100, 0.100, 0.205, 0.100, 0.100, 0.151, 0.100, 0.100, 0.100, 0.447, 0.100, 0.100, 0.100, 0.100, 0.100, 0.100, 0.100, 0.100, 0.100, 0.100, 0.100, 0.100]
    Layer 20: sigma=[0.100, 0.100, 0.184, 0.100, 0.100, 0.256, 0.150, 0.106, 0.100, 0.100, 0.100, 0.100, 0.100, 0.100, 0.100, 0.106, 0.223, 0.100, 0.100, 0.100, 0.100, 0.100, 0.100, 0.100, 0.100, 0.100, 0.100, 0.100, 0.100, 0.100, 0.100, 0.100]
    Layer 21: sigma=[0.117, 0.100, 0.100, 0.135, 0.100, 0.100, 0.100, 0.100, 0.100, 0.100, 0.100, 0.356, 0.100, 0.100, 0.131, 0.100, 0.100, 0.100, 0.100, 0.100, 0.100, 0.100, 0.100, 0.100, 0.100, 0.100, 0.100, 0.100, 0.100, 0.100, 0.415, 0.109]
    Layer 22: sigma=[0.164, 0.100, 0.100, 0.100, 0.167, 0.100, 0.117, 0.259, 0.236, 0.100, 0.100, 0.100, 0.100, 0.100, 0.100, 0.100, 0.100, 0.100, 0.100, 0.129, 0.100, 0.100, 0.100, 0.100, 0.100, 0.100, 0.100, 0.100, 0.100, 0.100, 0.100, 0.100]
    Layer 23: sigma=[0.190, 0.121, 0.210, 0.100, 0.100, 0.100, 0.198, 0.100, 0.100, 0.100, 0.100, 0.100, 0.100, 0.100, 0.100, 0.100, 0.100, 0.100, 0.100, 0.100, 0.100, 0.100, 0.100, 0.100, 0.100, 0.100, 0.100, 0.100, 0.100, 0.334, 0.213, 0.100]
    Layer 24: sigma=[0.100, 0.100, 0.100, 0.100, 0.100, 0.100, 0.100, 0.100, 0.100, 0.100, 0.100, 0.100, 0.100, 0.100, 0.100, 0.178, 0.100, 0.100, 0.100, 0.103, 0.100, 0.100, 0.100, 0.100, 0.281, 0.316, 0.197, 0.273, 0.100, 0.100, 0.100, 0.100]
    Layer 25: sigma=[0.100, 0.100, 0.100, 0.100, 0.100, 0.100, 0.100, 0.100, 0.100, 0.100, 0.100, 0.100, 0.100, 0.100, 0.100, 0.100, 0.100, 0.100, 0.100, 0.100, 0.100, 0.100, 0.100, 0.100, 0.100, 0.100, 0.100, 0.100, 0.100, 0.100, 0.100, 0.100]
    Layer 26: sigma=[0.100, 0.100, 0.100, 0.100, 0.100, 0.100, 0.100, 0.100, 0.100, 0.100, 0.100, 0.100, 0.100, 0.100, 0.100, 0.127, 0.100, 0.100, 0.100, 0.100, 0.100, 0.100, 0.100, 0.100, 0.100, 0.100, 0.100, 0.100, 0.100, 0.100, 0.100, 0.100]
    Layer 27: sigma=[0.100, 0.100, 0.100, 0.100, 0.100, 0.100, 0.100, 0.100, 0.100, 0.100, 0.100, 0.100, 0.100, 0.100, 0.100, 0.100, 0.100, 0.100, 0.100, 0.100, 0.100, 0.100, 0.100, 0.100, 0.100, 0.100, 0.100, 0.100, 0.100, 0.241, 0.100, 0.100]
    Layer 28: sigma=[0.100, 0.100, 0.100, 0.100, 0.100, 0.100, 0.100, 0.188, 0.100, 0.100, 0.100, 0.100, 0.100, 0.100, 0.100, 0.100, 0.100, 0.100, 0.100, 0.100, 0.100, 0.100, 0.100, 0.100, 0.100, 0.100, 0.100, 0.100, 0.100, 0.100, 0.100, 0.100]
    Layer 29: sigma=[0.100, 0.100, 0.100, 0.100, 0.100, 0.100, 0.100, 0.100, 0.100, 0.100, 0.100, 0.100, 0.100, 0.100, 0.100, 0.100, 0.100, 0.100, 0.100, 0.100, 0.100, 0.100, 0.100, 0.100, 0.100, 0.100, 0.100, 0.100, 0.100, 0.100, 0.100, 0.100]
    Layer 30: sigma=[0.100, 0.100, 0.100, 0.100, 0.100, 0.100, 0.100, 0.100, 0.100, 0.100, 0.100, 0.100, 0.100, 0.100, 0.100, 0.100, 0.100, 0.100, 0.100, 0.100, 0.100, 0.100, 0.100, 0.100, 0.100, 0.100, 0.100, 0.100, 0.100, 0.100, 0.100, 0.100]
    Layer 31: sigma=[0.100, 0.100, 0.100, 0.100, 0.100, 0.100, 0.100, 0.100, 0.100, 0.100, 0.100, 0.100, 0.100, 0.100, 0.100, 0.100, 0.100, 0.100, 0.100, 0.100, 0.100, 0.100, 0.100, 0.100, 0.100, 0.100, 0.100, 0.100, 0.100, 0.100, 0.100, 0.100]
    Layer 32: sigma=[0.100, 0.100, 0.100, 0.100, 0.100, 0.100, 0.100, 0.100, 0.100, 0.100, 0.100, 0.100, 0.100, 0.100, 0.100, 0.100, 0.100, 0.100, 0.100, 0.100, 0.100, 0.100, 0.100, 0.100, 0.100, 0.100, 0.100, 0.100, 0.100, 0.100, 0.100, 0.100]
    Layer 33: sigma=[0.100, 0.100, 0.100, 0.100, 0.100, 0.100, 0.100, 0.100, 0.100, 0.100, 0.100, 0.100, 0.100, 0.100, 0.100, 0.100, 0.100, 0.100, 0.100, 0.100, 0.100, 0.100, 0.100, 0.100, 0.100, 0.100, 0.100, 0.100, 0.100, 0.100, 0.100, 0.100]
    Layer 34: sigma=[0.100, 0.100, 0.100, 0.100, 0.100, 0.100, 0.100, 0.100, 0.100, 0.100, 0.100, 0.100, 0.100, 0.100, 0.100, 0.100, 0.100, 0.100, 0.100, 0.100, 0.100, 0.100, 0.100, 0.100, 0.100, 0.100, 0.100, 0.100, 0.100, 0.100, 0.100, 0.100]
    Layer 35: sigma=[0.100, 0.100, 0.100, 0.100, 0.100, 0.100, 0.100, 0.100, 0.100, 0.100, 0.100, 0.100, 0.100, 0.100, 0.100, 0.100, 0.100, 0.100, 0.100, 0.100, 0.100, 0.100, 0.100, 0.100, 0.100, 0.100, 0.100, 0.100, 0.100, 0.100, 0.100, 0.100]

  [Taylor Step 3/3] g_proj = v_proj * alpha (damping=0.01)...
    Layer  0: alpha=0.068924  teacher_rms=0.0168  v_rms=0.0024
    Layer  1: alpha=0.058096  teacher_rms=0.0216  v_rms=0.0037
    Layer  2: alpha=0.054917  teacher_rms=0.0222  v_rms=0.0041
    Layer  3: alpha=0.041808  teacher_rms=0.0261  v_rms=0.0063
    Layer  4: alpha=0.049063  teacher_rms=0.0316  v_rms=0.0064
    Layer  5: alpha=0.052649  teacher_rms=0.0412  v_rms=0.0078
    Layer  6: alpha=0.075194  teacher_rms=0.0646  v_rms=0.0086
    Layer  7: alpha=0.040807  teacher_rms=0.0510  v_rms=0.0125
    Layer  8: alpha=0.041198  teacher_rms=0.0695  v_rms=0.0169
    Layer  9: alpha=0.026437  teacher_rms=0.0701  v_rms=0.0265
    Layer 10: alpha=0.048885  teacher_rms=0.1071  v_rms=0.0219
    Layer 11: alpha=0.052978  teacher_rms=0.1038  v_rms=0.0196
    Layer 12: alpha=0.047374  teacher_rms=0.1177  v_rms=0.0249
    Layer 13: alpha=0.054456  teacher_rms=0.1013  v_rms=0.0186
    Layer 14: alpha=0.055864  teacher_rms=0.1546  v_rms=0.0277
    Layer 15: alpha=0.046681  teacher_rms=0.1546  v_rms=0.0331
    Layer 16: alpha=0.039236  teacher_rms=0.1446  v_rms=0.0369
    Layer 17: alpha=0.036979  teacher_rms=0.1762  v_rms=0.0477
    Layer 19: alpha=0.048512  teacher_rms=0.2023  v_rms=0.0417
    Layer 20: alpha=0.051022  teacher_rms=0.1938  v_rms=0.0380
    Layer 21: alpha=0.042771  teacher_rms=0.2301  v_rms=0.0538
    Layer 22: alpha=0.051903  teacher_rms=0.2755  v_rms=0.0531
    Layer 23: alpha=0.046729  teacher_rms=0.3026  v_rms=0.0648
    Layer 24: alpha=0.033242  teacher_rms=0.2864  v_rms=0.0861
    Layer 25: alpha=0.038418  teacher_rms=0.2261  v_rms=0.0589
    Layer 26: alpha=0.027075  teacher_rms=0.1994  v_rms=0.0736
    Layer 27: alpha=0.032235  teacher_rms=0.2900  v_rms=0.0900
    Layer 28: alpha=0.039495  teacher_rms=0.3530  v_rms=0.0894
    Layer 29: alpha=0.016275  teacher_rms=0.2479  v_rms=0.1523
    Layer 30: alpha=0.025867  teacher_rms=0.3921  v_rms=0.1516
    Layer 31: alpha=0.018626  teacher_rms=0.3452  v_rms=0.1853
    Layer 32: alpha=0.021930  teacher_rms=0.5106  v_rms=0.2328
    Layer 33: alpha=0.016345  teacher_rms=0.5964  v_rms=0.3649
    Layer 34: alpha=0.031180  teacher_rms=1.0165  v_rms=0.3260
    Layer 35: alpha=0.058528  teacher_rms=1.0378  v_rms=0.1773

  Set g_proj = v_proj * alpha in 35 GDN layers (damping=0.01).
  Init (taylor_distill) done in 363.0s
  Layer 18: PPL = 1788.50  (eval 19.4s)

============================================================
  Probing layer 19 | strategy=taylor_distill
============================================================
Loading checkpoint shards:   0%|          | 0/4 [00:00<?, ?it/s]Loading checkpoint shards:  75%|███████▌  | 3/4 [00:00<00:00, 21.37it/s]Loading checkpoint shards: 100%|██████████| 4/4 [00:00<00:00, 28.16it/s]
Could not cache non-existence of file. Will ignore error and continue. Error: [Errno 13] Permission denied: '/data/shared/huggingface/hub/models--Qwen--Qwen3-8B/.no_exist/b968826d9c46dd6066d109eabc6255188de91218/model.safetensors'
Loading checkpoint shards:   0%|          | 0/5 [00:00<?, ?it/s]Loading checkpoint shards:  80%|████████  | 4/5 [00:00<00:00, 37.38it/s]Loading checkpoint shards: 100%|██████████| 5/5 [00:00<00:00, 45.73it/s]
Token indices sequence length is longer than the specified maximum sequence length for this model (2429029 > 131072). Running this sequence through the model will result in indexing errors
  [Taylor Step 1/3] Gate calibration from attention stats...
    Layer  0: dist=[18, 2, 6, 20, 8, 14, 6, 7, 10, 4, 6, 7, 10, 18, 17, 5, 9, 11, 8, 8, 8, 12, 2, 7, 4, 26, 5, 26, 9, 19, 9, 8]
    Layer  1: dist=[12, 21, 14, 26, 2, 9, 17, 7, 25, 18, 32, 29, 18, 28, 28, 20, 17, 26, 31, 18, 28, 17, 21, 21, 26, 8, 25, 23, 41, 16, 20, 28]
    Layer  2: dist=[36, 36, 37, 32, 17, 27, 20, 24, 21, 24, 29, 33, 28, 25, 26, 34, 32, 26, 28, 22, 28, 36, 27, 27, 14, 14, 11, 19, 41, 42, 43, 41]
    Layer  3: dist=[40, 20, 9, 12, 49, 50, 46, 42, 30, 27, 33, 31, 49, 43, 42, 42, 35, 37, 29, 37, 42, 33, 32, 36, 35, 30, 29, 33, 39, 36, 40, 37]
    Layer  4: dist=[31, 35, 41, 36, 41, 33, 35, 48, 37, 38, 34, 34, 31, 31, 38, 35, 35, 37, 38, 39, 34, 35, 25, 34, 26, 32, 27, 21, 28, 33, 30, 30]
    Layer  5: dist=[23, 29, 30, 21, 36, 34, 29, 29, 4, 14, 40, 38, 31, 43, 32, 30, 23, 20, 28, 28, 29, 30, 27, 33, 38, 39, 43, 43, 26, 25, 29, 32]
    Layer  6: dist=[16, 22, 17, 17, 27, 24, 34, 32, 25, 12, 21, 20, 31, 34, 28, 16, 28, 20, 24, 23, 13, 18, 18, 8, 21, 24, 18, 28, 24, 25, 21, 27]
    Layer  7: dist=[31, 36, 33, 46, 63, 57, 63, 60, 45, 60, 53, 41, 54, 15, 30, 49, 42, 54, 44, 44, 54, 45, 58, 59, 34, 41, 25, 43, 49, 51, 49, 54]
    Layer  8: dist=[45, 46, 49, 29, 43, 41, 35, 44, 46, 52, 43, 48, 51, 43, 49, 36, 60, 56, 54, 51, 44, 54, 51, 57, 47, 37, 51, 36, 44, 38, 42, 44]
    Layer  9: dist=[40, 32, 31, 36, 45, 49, 48, 40, 62, 61, 60, 56, 14, 46, 32, 45, 49, 53, 59, 62, 44, 40, 35, 41, 61, 44, 49, 54, 62, 57, 63, 61]
    Layer 10: dist=[39, 39, 30, 39, 46, 55, 33, 41, 34, 45, 55, 26, 49, 36, 42, 44, 45, 53, 52, 50, 46, 31, 56, 51, 51, 56, 47, 43, 40, 39, 44, 47]
    Layer 11: dist=[33, 33, 47, 27, 29, 36, 43, 42, 52, 62, 57, 49, 44, 33, 38, 39, 39, 36, 33, 25, 42, 56, 46, 46, 39, 32, 36, 32, 49, 34, 31, 48]
    Layer 12: dist=[12, 40, 39, 33, 43, 46, 39, 36, 33, 36, 44, 44, 50, 45, 45, 49, 21, 38, 29, 44, 55, 54, 53, 56, 49, 1, 56, 23, 43, 45, 59, 49]
    Layer 13: dist=[29, 36, 39, 36, 31, 29, 35, 22, 47, 36, 52, 61, 64, 58, 55, 62, 46, 39, 31, 36, 47, 33, 44, 46, 44, 33, 40, 41, 58, 56, 49, 51]
    Layer 14: dist=[25, 35, 34, 24, 39, 24, 35, 33, 31, 32, 37, 37, 36, 40, 35, 36, 41, 46, 31, 35, 33, 17, 28, 42, 27, 38, 40, 38, 43, 44, 5, 48]
    Layer 15: dist=[45, 27, 43, 23, 20, 22, 41, 33, 48, 33, 26, 54, 37, 56, 41, 47, 33, 33, 34, 36, 33, 30, 27, 27, 27, 20, 41, 37, 38, 47, 38, 28]
    Layer 16: dist=[37, 32, 42, 47, 29, 35, 26, 31, 29, 45, 40, 43, 49, 35, 44, 47, 38, 41, 34, 35, 59, 60, 57, 54, 39, 28, 34, 6, 32, 33, 36, 32]
    Layer 17: dist=[58, 50, 41, 34, 28, 31, 22, 25, 44, 54, 42, 49, 23, 32, 39, 39, 24, 29, 32, 22, 39, 51, 49, 48, 30, 28, 31, 26, 29, 43, 47, 36]
    Layer 18: dist=[20, 27, 19, 18, 29, 37, 39, 30, 37, 40, 37, 45, 34, 34, 31, 35, 26, 41, 42, 28, 38, 28, 37, 52, 31, 35, 35, 36, 30, 29, 43, 31]
    Layer 20: dist=[46, 39, 44, 40, 41, 27, 28, 31, 23, 21, 26, 21, 48, 42, 48, 50, 24, 28, 31, 21, 38, 57, 52, 51, 63, 51, 53, 44, 49, 43, 55, 55]
    Layer 21: dist=[26, 25, 30, 35, 58, 33, 53, 58, 61, 33, 39, 38, 26, 24, 25, 23, 39, 40, 45, 32, 47, 52, 48, 49, 35, 34, 32, 44, 38, 40, 34, 47]
    Layer 22: dist=[39, 32, 37, 33, 28, 38, 24, 30, 21, 27, 24, 35, 9, 46, 32, 35, 18, 40, 40, 23, 53, 59, 60, 61, 51, 44, 46, 48, 57, 47, 53, 50]
    Layer 23: dist=[22, 18, 26, 22, 55, 55, 22, 50, 41, 20, 24, 31, 37, 36, 41, 39, 41, 38, 42, 48, 41, 46, 42, 40, 41, 39, 37, 51, 47, 44, 44, 39]
    Layer 24: dist=[40, 62, 57, 51, 50, 56, 54, 47, 52, 54, 52, 43, 41, 39, 47, 40, 42, 49, 44, 42, 60, 53, 52, 58, 31, 41, 39, 29, 50, 57, 51, 47]
    Layer 25: dist=[50, 60, 59, 49, 38, 38, 54, 42, 46, 52, 47, 48, 36, 45, 27, 37, 48, 50, 49, 45, 54, 56, 55, 55, 58, 56, 50, 55, 46, 61, 51, 45]
    Layer 26: dist=[43, 47, 57, 36, 59, 57, 59, 56, 52, 56, 53, 49, 52, 62, 60, 60, 43, 46, 53, 50, 53, 54, 60, 57, 53, 50, 54, 50, 58, 50, 59, 51]
    Layer 27: dist=[48, 55, 54, 59, 50, 53, 52, 44, 41, 52, 55, 52, 41, 56, 42, 45, 51, 53, 53, 53, 47, 56, 54, 44, 57, 59, 60, 60, 50, 44, 45, 60]
    Layer 28: dist=[53, 47, 54, 53, 41, 35, 40, 38, 52, 57, 47, 46, 57, 53, 48, 50, 57, 51, 53, 55, 59, 37, 32, 46, 47, 46, 50, 51, 46, 48, 35, 49]
    Layer 29: dist=[57, 58, 57, 58, 45, 56, 47, 58, 58, 57, 61, 54, 60, 61, 60, 61, 58, 56, 58, 60, 62, 61, 56, 62, 49, 59, 47, 49, 55, 51, 56, 56]
    Layer 30: dist=[40, 54, 51, 52, 53, 51, 48, 37, 60, 59, 58, 60, 53, 53, 57, 51, 52, 39, 61, 61, 29, 60, 53, 54, 60, 60, 61, 60, 55, 56, 54, 51]
    Layer 31: dist=[60, 58, 51, 49, 58, 59, 59, 59, 57, 41, 46, 47, 58, 59, 59, 58, 52, 53, 55, 48, 60, 59, 56, 59, 57, 56, 46, 60, 57, 55, 53, 57]
    Layer 32: dist=[56, 57, 58, 57, 58, 60, 59, 60, 56, 55, 59, 58, 48, 58, 54, 47, 58, 54, 54, 54, 62, 48, 57, 60, 36, 48, 44, 53, 58, 54, 51, 53]
    Layer 33: dist=[52, 61, 57, 60, 45, 52, 29, 47, 57, 58, 57, 58, 58, 59, 58, 59, 59, 59, 53, 56, 58, 49, 54, 57, 57, 59, 60, 59, 56, 56, 55, 53]
    Layer 34: dist=[56, 57, 58, 57, 55, 56, 55, 54, 25, 47, 54, 42, 58, 57, 60, 40, 42, 44, 62, 30, 58, 27, 59, 60, 61, 60, 62, 60, 26, 32, 35, 54]
    Layer 35: dist=[56, 62, 36, 50, 43, 19, 55, 48, 42, 51, 55, 49, 30, 17, 24, 22, 49, 45, 40, 27, 45, 52, 28, 27, 33, 27, 33, 35, 36, 57, 61, 58]

  [Taylor Step 2/3] OLS sigma per head (scaling V, streaming)...
    Layer  0: sigma=[0.259, 0.100, 0.100, 0.100, 0.196, 0.600, 0.100, 0.100, 0.100, 0.100, 0.141, 0.100, 0.100, 0.100, 0.100, 0.292, 0.100, 0.100, 0.100, 0.100, 0.100, 0.100, 0.100, 0.199, 0.100, 0.100, 0.575, 0.100, 0.250, 0.100, 0.100, 0.100]
    Layer  1: sigma=[0.278, 0.100, 0.100, 0.100, 0.100, 0.100, 0.100, 0.100, 0.100, 0.401, 0.280, 0.100, 0.100, 0.100, 0.100, 0.100, 0.100, 0.100, 0.100, 0.100, 0.100, 0.100, 0.100, 0.207, 0.100, 0.100, 0.180, 0.100, 0.100, 0.100, 0.100, 0.100]
    Layer  2: sigma=[0.152, 0.100, 0.100, 0.100, 0.100, 0.100, 0.100, 0.100, 0.162, 0.100, 0.100, 0.100, 0.100, 0.254, 0.100, 0.100, 0.100, 0.100, 0.100, 0.100, 0.100, 0.100, 0.100, 0.100, 0.100, 0.173, 0.100, 0.100, 0.100, 0.100, 0.100, 0.138]
    Layer  3: sigma=[0.100, 0.453, 0.100, 0.287, 0.100, 0.100, 0.100, 0.100, 0.100, 0.100, 0.100, 0.100, 0.100, 0.100, 0.100, 0.100, 0.100, 0.100, 0.125, 0.100, 0.100, 0.100, 0.100, 0.100, 0.100, 0.122, 0.110, 0.100, 0.100, 0.100, 0.100, 0.100]
    Layer  4: sigma=[0.100, 0.100, 0.100, 0.100, 0.100, 0.100, 0.100, 0.100, 0.100, 0.100, 0.100, 0.100, 0.100, 0.100, 0.100, 0.100, 0.100, 0.100, 0.100, 0.100, 0.100, 0.146, 0.310, 0.100, 0.100, 0.100, 0.100, 0.100, 0.100, 0.100, 0.100, 0.100]
    Layer  5: sigma=[0.100, 0.100, 0.116, 0.100, 0.100, 0.100, 0.100, 0.100, 0.100, 0.273, 0.100, 0.106, 0.100, 0.100, 0.100, 0.112, 0.100, 0.338, 0.100, 0.100, 0.100, 0.100, 0.100, 0.100, 0.100, 0.100, 0.100, 0.100, 0.100, 0.242, 0.100, 0.100]
    Layer  6: sigma=[0.100, 0.100, 0.173, 0.100, 0.118, 0.107, 0.100, 0.100, 0.100, 0.100, 0.100, 0.100, 0.100, 0.100, 0.100, 0.100, 0.100, 0.100, 0.100, 0.100, 0.243, 0.100, 0.100, 0.100, 0.100, 0.100, 0.104, 0.100, 0.100, 0.100, 0.100, 0.100]
    Layer  7: sigma=[0.100, 0.245, 0.100, 0.100, 0.114, 0.100, 0.100, 0.100, 0.100, 0.100, 0.100, 0.159, 0.100, 0.100, 0.100, 0.100, 0.100, 0.100, 0.100, 0.100, 0.100, 0.100, 0.100, 0.100, 0.100, 0.100, 0.100, 0.100, 0.100, 0.100, 0.100, 0.100]
    Layer  8: sigma=[0.100, 0.100, 0.100, 0.100, 0.100, 0.100, 0.100, 0.116, 0.100, 0.100, 0.100, 0.100, 0.100, 0.126, 0.100, 0.100, 0.100, 0.100, 0.100, 0.100, 0.100, 0.100, 0.100, 0.100, 0.100, 0.100, 0.100, 0.256, 0.100, 0.100, 0.100, 0.100]
    Layer  9: sigma=[0.100, 0.100, 0.123, 0.100, 0.100, 0.100, 0.100, 0.100, 0.100, 0.100, 0.100, 0.100, 0.100, 0.100, 0.866, 0.214, 0.100, 0.100, 0.100, 0.100, 0.138, 0.100, 0.100, 0.100, 0.100, 0.165, 0.100, 0.100, 0.100, 0.100, 0.100, 0.100]
    Layer 10: sigma=[0.100, 0.100, 0.100, 0.100, 0.100, 0.100, 0.100, 0.100, 0.133, 0.100, 0.100, 0.100, 0.100, 0.100, 0.100, 0.100, 0.100, 0.100, 0.100, 0.100, 0.100, 0.100, 0.100, 0.100, 0.100, 0.100, 0.100, 0.100, 0.106, 0.100, 0.107, 0.100]
    Layer 11: sigma=[0.100, 0.100, 0.100, 0.100, 0.229, 0.100, 0.166, 0.100, 0.100, 0.132, 0.100, 0.100, 0.142, 0.100, 0.273, 0.100, 0.100, 0.100, 0.100, 0.100, 0.100, 0.100, 0.100, 0.100, 0.100, 0.100, 0.253, 0.100, 0.100, 0.100, 0.104, 0.100]
    Layer 12: sigma=[0.100, 0.100, 0.100, 0.100, 0.100, 0.116, 0.100, 0.100, 0.100, 0.124, 0.100, 0.100, 0.100, 0.100, 0.100, 0.100, 0.100, 0.276, 0.485, 0.100, 0.100, 0.100, 0.100, 0.100, 0.100, 0.355, 0.100, 0.144, 0.100, 0.154, 0.141, 0.100]
    Layer 13: sigma=[0.246, 0.100, 0.100, 0.100, 0.100, 0.100, 0.100, 0.104, 0.100, 0.121, 0.125, 0.100, 0.100, 0.100, 0.100, 0.100, 0.100, 0.100, 0.100, 0.100, 0.100, 0.100, 0.100, 0.100, 0.100, 0.100, 0.100, 0.100, 0.100, 0.100, 0.100, 0.100]
    Layer 14: sigma=[0.100, 0.100, 0.100, 0.100, 0.100, 0.440, 0.100, 0.187, 0.100, 0.100, 0.100, 0.100, 0.100, 0.179, 0.100, 0.100, 0.100, 0.100, 0.148, 0.104, 0.100, 0.100, 0.100, 0.100, 0.100, 0.161, 0.100, 0.134, 0.100, 0.100, 0.137, 0.100]
    Layer 15: sigma=[0.100, 0.263, 0.100, 0.135, 0.231, 0.107, 0.100, 0.100, 0.100, 0.100, 0.100, 0.117, 0.250, 0.100, 0.100, 0.100, 0.100, 0.100, 0.108, 0.147, 0.100, 0.100, 0.100, 0.100, 0.270, 0.269, 0.100, 0.100, 0.100, 0.100, 0.100, 0.100]
    Layer 16: sigma=[0.309, 0.100, 0.100, 0.100, 0.100, 0.100, 0.100, 0.100, 0.100, 0.100, 0.100, 0.100, 0.100, 0.100, 0.100, 0.100, 0.100, 0.100, 0.100, 0.100, 0.100, 0.100, 0.100, 0.100, 0.100, 0.171, 0.100, 0.100, 0.100, 0.100, 0.100, 0.100]
    Layer 17: sigma=[0.100, 0.100, 0.100, 0.100, 0.100, 0.486, 0.100, 0.100, 0.108, 0.100, 0.100, 0.100, 0.100, 0.100, 0.100, 0.100, 0.349, 0.112, 0.100, 0.361, 0.100, 0.100, 0.100, 0.100, 0.100, 0.100, 0.387, 0.114, 0.100, 0.100, 0.100, 0.100]
    Layer 18: sigma=[0.100, 0.715, 0.100, 0.100, 0.100, 0.214, 0.100, 0.100, 0.100, 0.100, 0.100, 0.100, 0.100, 0.100, 0.100, 0.100, 0.463, 0.100, 0.100, 0.100, 0.100, 0.100, 0.100, 0.100, 0.100, 0.100, 0.100, 0.100, 0.100, 0.100, 0.100, 0.100]
    Layer 20: sigma=[0.100, 0.100, 0.197, 0.100, 0.100, 0.260, 0.203, 0.100, 0.100, 0.100, 0.100, 0.100, 0.100, 0.100, 0.100, 0.106, 0.246, 0.119, 0.100, 0.100, 0.100, 0.100, 0.100, 0.100, 0.100, 0.100, 0.100, 0.100, 0.100, 0.100, 0.100, 0.100]
    Layer 21: sigma=[0.100, 0.100, 0.100, 0.149, 0.100, 0.100, 0.100, 0.100, 0.100, 0.100, 0.100, 0.379, 0.100, 0.100, 0.100, 0.100, 0.100, 0.100, 0.100, 0.108, 0.100, 0.100, 0.100, 0.100, 0.100, 0.100, 0.100, 0.100, 0.100, 0.100, 0.361, 0.126]
    Layer 22: sigma=[0.170, 0.100, 0.100, 0.100, 0.144, 0.100, 0.133, 0.295, 0.207, 0.100, 0.100, 0.100, 0.100, 0.100, 0.100, 0.100, 0.100, 0.100, 0.100, 0.158, 0.100, 0.100, 0.100, 0.100, 0.100, 0.100, 0.100, 0.100, 0.100, 0.100, 0.100, 0.100]
    Layer 23: sigma=[0.203, 0.112, 0.200, 0.100, 0.100, 0.100, 0.220, 0.100, 0.100, 0.100, 0.100, 0.100, 0.100, 0.100, 0.100, 0.100, 0.100, 0.100, 0.100, 0.100, 0.100, 0.100, 0.100, 0.100, 0.100, 0.100, 0.100, 0.100, 0.100, 0.267, 0.264, 0.170]
    Layer 24: sigma=[0.100, 0.100, 0.100, 0.100, 0.100, 0.100, 0.100, 0.100, 0.198, 0.100, 0.100, 0.100, 0.100, 0.100, 0.100, 0.202, 0.100, 0.100, 0.100, 0.100, 0.100, 0.100, 0.100, 0.100, 0.286, 0.299, 0.254, 0.228, 0.100, 0.100, 0.100, 0.100]
    Layer 25: sigma=[0.100, 0.100, 0.100, 0.100, 0.100, 0.100, 0.100, 0.100, 0.100, 0.100, 0.100, 0.100, 0.100, 0.100, 0.100, 0.100, 0.100, 0.100, 0.100, 0.100, 0.100, 0.100, 0.100, 0.100, 0.100, 0.100, 0.100, 0.100, 0.100, 0.100, 0.100, 0.100]
    Layer 26: sigma=[0.100, 0.100, 0.100, 0.100, 0.100, 0.100, 0.100, 0.100, 0.100, 0.100, 0.100, 0.100, 0.100, 0.100, 0.100, 0.131, 0.100, 0.100, 0.100, 0.100, 0.100, 0.100, 0.100, 0.100, 0.100, 0.100, 0.100, 0.100, 0.100, 0.100, 0.100, 0.100]
    Layer 27: sigma=[0.102, 0.100, 0.100, 0.100, 0.100, 0.100, 0.100, 0.100, 0.100, 0.100, 0.100, 0.100, 0.100, 0.100, 0.100, 0.100, 0.100, 0.100, 0.100, 0.100, 0.100, 0.100, 0.100, 0.100, 0.100, 0.100, 0.100, 0.100, 0.100, 0.199, 0.100, 0.100]
    Layer 28: sigma=[0.100, 0.100, 0.100, 0.100, 0.128, 0.141, 0.100, 0.220, 0.100, 0.100, 0.100, 0.100, 0.100, 0.100, 0.100, 0.100, 0.100, 0.100, 0.100, 0.100, 0.100, 0.100, 0.100, 0.100, 0.100, 0.100, 0.100, 0.100, 0.100, 0.100, 0.100, 0.100]
    Layer 29: sigma=[0.100, 0.100, 0.100, 0.100, 0.100, 0.100, 0.100, 0.100, 0.100, 0.100, 0.100, 0.100, 0.100, 0.100, 0.100, 0.100, 0.100, 0.100, 0.100, 0.100, 0.100, 0.100, 0.100, 0.100, 0.100, 0.100, 0.100, 0.100, 0.100, 0.100, 0.100, 0.100]
    Layer 30: sigma=[0.100, 0.100, 0.100, 0.100, 0.100, 0.100, 0.100, 0.100, 0.100, 0.100, 0.100, 0.100, 0.100, 0.100, 0.100, 0.100, 0.100, 0.100, 0.100, 0.100, 0.100, 0.100, 0.100, 0.100, 0.100, 0.100, 0.100, 0.100, 0.100, 0.100, 0.100, 0.100]
    Layer 31: sigma=[0.100, 0.100, 0.100, 0.100, 0.100, 0.100, 0.100, 0.100, 0.100, 0.100, 0.100, 0.100, 0.100, 0.100, 0.100, 0.100, 0.100, 0.100, 0.100, 0.100, 0.100, 0.100, 0.100, 0.100, 0.100, 0.100, 0.100, 0.100, 0.100, 0.100, 0.100, 0.100]
    Layer 32: sigma=[0.100, 0.100, 0.100, 0.100, 0.100, 0.100, 0.100, 0.100, 0.100, 0.100, 0.100, 0.100, 0.100, 0.100, 0.100, 0.100, 0.100, 0.100, 0.100, 0.100, 0.100, 0.100, 0.100, 0.100, 0.100, 0.100, 0.100, 0.100, 0.100, 0.100, 0.100, 0.100]
    Layer 33: sigma=[0.100, 0.100, 0.100, 0.100, 0.100, 0.100, 0.100, 0.100, 0.100, 0.100, 0.100, 0.100, 0.100, 0.100, 0.100, 0.100, 0.100, 0.100, 0.100, 0.100, 0.100, 0.100, 0.100, 0.100, 0.100, 0.100, 0.100, 0.100, 0.100, 0.100, 0.100, 0.100]
    Layer 34: sigma=[0.100, 0.100, 0.100, 0.100, 0.100, 0.100, 0.100, 0.100, 0.100, 0.100, 0.100, 0.100, 0.100, 0.100, 0.100, 0.100, 0.100, 0.100, 0.100, 0.100, 0.100, 0.100, 0.100, 0.100, 0.100, 0.100, 0.100, 0.100, 0.100, 0.100, 0.100, 0.100]
    Layer 35: sigma=[0.100, 0.100, 0.100, 0.100, 0.109, 0.100, 0.100, 0.100, 0.100, 0.100, 0.100, 0.100, 0.100, 0.100, 0.100, 0.100, 0.100, 0.100, 0.100, 0.100, 0.100, 0.100, 0.197, 0.100, 0.100, 0.100, 0.100, 0.100, 0.100, 0.100, 0.100, 0.100]

  [Taylor Step 3/3] g_proj = v_proj * alpha (damping=0.01)...
    Layer  0: alpha=0.069005  teacher_rms=0.0168  v_rms=0.0024
    Layer  1: alpha=0.058101  teacher_rms=0.0216  v_rms=0.0037
    Layer  2: alpha=0.054921  teacher_rms=0.0222  v_rms=0.0041
    Layer  3: alpha=0.041689  teacher_rms=0.0261  v_rms=0.0063
    Layer  4: alpha=0.049243  teacher_rms=0.0316  v_rms=0.0064
    Layer  5: alpha=0.052595  teacher_rms=0.0412  v_rms=0.0078
    Layer  6: alpha=0.074612  teacher_rms=0.0646  v_rms=0.0087
    Layer  7: alpha=0.040743  teacher_rms=0.0510  v_rms=0.0125
    Layer  8: alpha=0.042779  teacher_rms=0.0695  v_rms=0.0162
    Layer  9: alpha=0.024760  teacher_rms=0.0701  v_rms=0.0283
    Layer 10: alpha=0.048991  teacher_rms=0.1071  v_rms=0.0219
    Layer 11: alpha=0.053331  teacher_rms=0.1038  v_rms=0.0195
    Layer 12: alpha=0.045226  teacher_rms=0.1177  v_rms=0.0260
    Layer 13: alpha=0.054647  teacher_rms=0.1013  v_rms=0.0185
    Layer 14: alpha=0.055559  teacher_rms=0.1546  v_rms=0.0278
    Layer 15: alpha=0.045994  teacher_rms=0.1546  v_rms=0.0336
    Layer 16: alpha=0.040082  teacher_rms=0.1446  v_rms=0.0361
    Layer 17: alpha=0.035726  teacher_rms=0.1762  v_rms=0.0493
    Layer 18: alpha=0.029890  teacher_rms=0.1919  v_rms=0.0642
    Layer 20: alpha=0.048910  teacher_rms=0.1938  v_rms=0.0396
    Layer 21: alpha=0.043810  teacher_rms=0.2301  v_rms=0.0525
    Layer 22: alpha=0.051444  teacher_rms=0.2755  v_rms=0.0536
    Layer 23: alpha=0.047031  teacher_rms=0.3026  v_rms=0.0643
    Layer 24: alpha=0.032171  teacher_rms=0.2864  v_rms=0.0890
    Layer 25: alpha=0.038418  teacher_rms=0.2261  v_rms=0.0589
    Layer 26: alpha=0.027029  teacher_rms=0.1994  v_rms=0.0738
    Layer 27: alpha=0.033018  teacher_rms=0.2900  v_rms=0.0878
    Layer 28: alpha=0.037944  teacher_rms=0.3530  v_rms=0.0930
    Layer 29: alpha=0.016275  teacher_rms=0.2479  v_rms=0.1523
    Layer 30: alpha=0.025867  teacher_rms=0.3921  v_rms=0.1516
    Layer 31: alpha=0.018626  teacher_rms=0.3452  v_rms=0.1853
    Layer 32: alpha=0.021930  teacher_rms=0.5106  v_rms=0.2328
    Layer 33: alpha=0.016345  teacher_rms=0.5964  v_rms=0.3649
    Layer 34: alpha=0.031180  teacher_rms=1.0165  v_rms=0.3260
    Layer 35: alpha=0.056337  teacher_rms=1.0378  v_rms=0.1842

  Set g_proj = v_proj * alpha in 35 GDN layers (damping=0.01).
  Init (taylor_distill) done in 540.8s
  Layer 19: PPL = 2518.01  (eval 13.0s)

============================================================
  Probing layer 20 | strategy=taylor_distill
============================================================
Loading checkpoint shards:   0%|          | 0/4 [00:00<?, ?it/s]Loading checkpoint shards: 100%|██████████| 4/4 [00:00<00:00, 145.47it/s]
Could not cache non-existence of file. Will ignore error and continue. Error: [Errno 13] Permission denied: '/data/shared/huggingface/hub/models--Qwen--Qwen3-8B/.no_exist/b968826d9c46dd6066d109eabc6255188de91218/model.safetensors'
Loading checkpoint shards:   0%|          | 0/5 [00:00<?, ?it/s]Loading checkpoint shards: 100%|██████████| 5/5 [00:00<00:00, 187.91it/s]
Token indices sequence length is longer than the specified maximum sequence length for this model (2429029 > 131072). Running this sequence through the model will result in indexing errors
  [Taylor Step 1/3] Gate calibration from attention stats...
    Layer  0: dist=[18, 2, 6, 20, 8, 14, 6, 7, 10, 4, 6, 7, 10, 18, 17, 5, 9, 11, 8, 8, 8, 12, 2, 7, 4, 26, 5, 26, 9, 19, 9, 8]
    Layer  1: dist=[12, 21, 14, 26, 2, 9, 17, 7, 25, 18, 32, 29, 18, 28, 28, 20, 17, 26, 31, 18, 28, 17, 21, 21, 26, 8, 25, 23, 41, 16, 20, 28]
    Layer  2: dist=[36, 36, 37, 32, 17, 27, 20, 24, 21, 24, 29, 33, 28, 25, 26, 34, 32, 26, 28, 22, 28, 36, 27, 27, 14, 14, 11, 19, 41, 42, 43, 41]
    Layer  3: dist=[40, 20, 9, 12, 49, 50, 46, 42, 30, 27, 33, 31, 49, 43, 42, 42, 35, 37, 29, 37, 42, 33, 32, 36, 35, 30, 29, 33, 39, 36, 40, 37]
    Layer  4: dist=[31, 35, 41, 36, 41, 33, 35, 48, 37, 38, 34, 34, 31, 31, 38, 35, 35, 37, 38, 39, 34, 35, 25, 34, 26, 32, 27, 21, 28, 33, 30, 30]
    Layer  5: dist=[23, 29, 30, 21, 36, 34, 29, 29, 4, 14, 40, 38, 31, 43, 32, 30, 23, 20, 28, 28, 29, 30, 27, 33, 38, 39, 43, 43, 26, 25, 29, 32]
    Layer  6: dist=[16, 22, 17, 17, 27, 24, 34, 32, 25, 12, 21, 20, 31, 34, 28, 16, 28, 20, 24, 23, 13, 18, 18, 8, 21, 24, 18, 28, 24, 25, 21, 27]
    Layer  7: dist=[31, 36, 33, 46, 63, 57, 63, 60, 45, 60, 53, 41, 54, 15, 30, 49, 42, 54, 44, 44, 54, 45, 58, 59, 34, 41, 25, 43, 49, 51, 49, 54]
    Layer  8: dist=[45, 46, 49, 29, 43, 41, 35, 44, 46, 52, 43, 48, 51, 43, 49, 36, 60, 56, 54, 51, 44, 54, 51, 57, 47, 37, 51, 36, 44, 38, 42, 44]
    Layer  9: dist=[40, 32, 31, 36, 45, 49, 48, 40, 62, 61, 60, 56, 14, 46, 32, 45, 49, 53, 59, 62, 44, 40, 35, 41, 61, 44, 49, 54, 62, 57, 63, 61]
    Layer 10: dist=[39, 39, 30, 39, 46, 55, 33, 41, 34, 45, 55, 26, 49, 36, 42, 44, 45, 53, 52, 50, 46, 31, 56, 51, 51, 56, 47, 43, 40, 39, 44, 47]
    Layer 11: dist=[33, 33, 47, 27, 29, 36, 43, 42, 52, 62, 57, 49, 44, 33, 38, 39, 39, 36, 33, 25, 42, 56, 46, 46, 39, 32, 36, 32, 49, 34, 31, 48]
    Layer 12: dist=[12, 40, 39, 33, 43, 46, 39, 36, 33, 36, 44, 44, 50, 45, 45, 49, 21, 38, 29, 44, 55, 54, 53, 56, 49, 1, 56, 23, 43, 45, 59, 49]
    Layer 13: dist=[29, 36, 39, 36, 31, 29, 35, 22, 47, 36, 52, 61, 64, 58, 55, 62, 46, 39, 31, 36, 47, 33, 44, 46, 44, 33, 40, 41, 58, 56, 49, 51]
    Layer 14: dist=[25, 35, 34, 24, 39, 24, 35, 33, 31, 32, 37, 37, 36, 40, 35, 36, 41, 46, 31, 35, 33, 17, 28, 42, 27, 38, 40, 38, 43, 44, 5, 48]
    Layer 15: dist=[45, 27, 43, 23, 20, 22, 41, 33, 48, 33, 26, 54, 37, 56, 41, 47, 33, 33, 34, 36, 33, 30, 27, 27, 27, 20, 41, 37, 38, 47, 38, 28]
    Layer 16: dist=[37, 32, 42, 47, 29, 35, 26, 31, 29, 45, 40, 43, 49, 35, 44, 47, 38, 41, 34, 35, 59, 60, 57, 54, 39, 28, 34, 6, 32, 33, 36, 32]
    Layer 17: dist=[58, 50, 41, 34, 28, 31, 22, 25, 44, 54, 42, 49, 23, 32, 39, 39, 24, 29, 32, 22, 39, 51, 49, 48, 30, 28, 31, 26, 29, 43, 47, 36]
    Layer 18: dist=[20, 27, 19, 18, 29, 37, 39, 30, 37, 40, 37, 45, 34, 34, 31, 35, 26, 41, 42, 28, 38, 28, 37, 52, 31, 35, 35, 36, 30, 29, 43, 31]
    Layer 19: dist=[39, 33, 35, 35, 43, 54, 30, 38, 40, 44, 41, 48, 35, 31, 40, 35, 44, 42, 26, 29, 10, 28, 18, 27, 52, 54, 52, 58, 44, 43, 41, 41]
    Layer 21: dist=[26, 25, 30, 35, 58, 33, 53, 58, 61, 33, 39, 38, 26, 24, 25, 23, 39, 40, 45, 32, 47, 52, 48, 49, 35, 34, 32, 44, 38, 40, 34, 47]
    Layer 22: dist=[39, 32, 37, 33, 28, 38, 24, 30, 21, 27, 24, 35, 9, 46, 32, 35, 18, 40, 40, 23, 53, 59, 60, 61, 51, 44, 46, 48, 57, 47, 53, 50]
    Layer 23: dist=[22, 18, 26, 22, 55, 55, 22, 50, 41, 20, 24, 31, 37, 36, 41, 39, 41, 38, 42, 48, 41, 46, 42, 40, 41, 39, 37, 51, 47, 44, 44, 39]
    Layer 24: dist=[40, 62, 57, 51, 50, 56, 54, 47, 52, 54, 52, 43, 41, 39, 47, 40, 42, 49, 44, 42, 60, 53, 52, 58, 31, 41, 39, 29, 50, 57, 51, 47]
    Layer 25: dist=[50, 60, 59, 49, 38, 38, 54, 42, 46, 52, 47, 48, 36, 45, 27, 37, 48, 50, 49, 45, 54, 56, 55, 55, 58, 56, 50, 55, 46, 61, 51, 45]
    Layer 26: dist=[43, 47, 57, 36, 59, 57, 59, 56, 52, 56, 53, 49, 52, 62, 60, 60, 43, 46, 53, 50, 53, 54, 60, 57, 53, 50, 54, 50, 58, 50, 59, 51]
    Layer 27: dist=[48, 55, 54, 59, 50, 53, 52, 44, 41, 52, 55, 52, 41, 56, 42, 45, 51, 53, 53, 53, 47, 56, 54, 44, 57, 59, 60, 60, 50, 44, 45, 60]
    Layer 28: dist=[53, 47, 54, 53, 41, 35, 40, 38, 52, 57, 47, 46, 57, 53, 48, 50, 57, 51, 53, 55, 59, 37, 32, 46, 47, 46, 50, 51, 46, 48, 35, 49]
    Layer 29: dist=[57, 58, 57, 58, 45, 56, 47, 58, 58, 57, 61, 54, 60, 61, 60, 61, 58, 56, 58, 60, 62, 61, 56, 62, 49, 59, 47, 49, 55, 51, 56, 56]
    Layer 30: dist=[40, 54, 51, 52, 53, 51, 48, 37, 60, 59, 58, 60, 53, 53, 57, 51, 52, 39, 61, 61, 29, 60, 53, 54, 60, 60, 61, 60, 55, 56, 54, 51]
    Layer 31: dist=[60, 58, 51, 49, 58, 59, 59, 59, 57, 41, 46, 47, 58, 59, 59, 58, 52, 53, 55, 48, 60, 59, 56, 59, 57, 56, 46, 60, 57, 55, 53, 57]
    Layer 32: dist=[56, 57, 58, 57, 58, 60, 59, 60, 56, 55, 59, 58, 48, 58, 54, 47, 58, 54, 54, 54, 62, 48, 57, 60, 36, 48, 44, 53, 58, 54, 51, 53]
    Layer 33: dist=[52, 61, 57, 60, 45, 52, 29, 47, 57, 58, 57, 58, 58, 59, 58, 59, 59, 59, 53, 56, 58, 49, 54, 57, 57, 59, 60, 59, 56, 56, 55, 53]
    Layer 34: dist=[56, 57, 58, 57, 55, 56, 55, 54, 25, 47, 54, 42, 58, 57, 60, 40, 42, 44, 62, 30, 58, 27, 59, 60, 61, 60, 62, 60, 26, 32, 35, 54]
    Layer 35: dist=[56, 62, 36, 50, 43, 19, 55, 48, 42, 51, 55, 49, 30, 17, 24, 22, 49, 45, 40, 27, 45, 52, 28, 27, 33, 27, 33, 35, 36, 57, 61, 58]

  [Taylor Step 2/3] OLS sigma per head (scaling V, streaming)...
    Layer  0: sigma=[0.255, 0.100, 0.100, 0.100, 0.194, 0.601, 0.100, 0.100, 0.100, 0.100, 0.141, 0.100, 0.100, 0.100, 0.100, 0.292, 0.100, 0.100, 0.100, 0.100, 0.100, 0.100, 0.100, 0.199, 0.100, 0.100, 0.578, 0.100, 0.254, 0.100, 0.100, 0.100]
    Layer  1: sigma=[0.279, 0.100, 0.100, 0.100, 0.100, 0.100, 0.100, 0.100, 0.100, 0.403, 0.277, 0.100, 0.100, 0.100, 0.100, 0.100, 0.100, 0.100, 0.100, 0.100, 0.100, 0.100, 0.100, 0.206, 0.100, 0.100, 0.179, 0.100, 0.100, 0.100, 0.100, 0.100]
    Layer  2: sigma=[0.152, 0.100, 0.100, 0.100, 0.100, 0.100, 0.100, 0.100, 0.157, 0.100, 0.100, 0.100, 0.100, 0.260, 0.100, 0.100, 0.100, 0.100, 0.100, 0.100, 0.100, 0.100, 0.100, 0.100, 0.100, 0.172, 0.100, 0.100, 0.100, 0.100, 0.100, 0.138]
    Layer  3: sigma=[0.100, 0.464, 0.100, 0.286, 0.100, 0.100, 0.100, 0.100, 0.100, 0.100, 0.100, 0.100, 0.100, 0.100, 0.100, 0.100, 0.100, 0.100, 0.122, 0.100, 0.100, 0.100, 0.100, 0.100, 0.100, 0.124, 0.110, 0.100, 0.100, 0.100, 0.100, 0.100]
    Layer  4: sigma=[0.100, 0.100, 0.100, 0.100, 0.100, 0.100, 0.100, 0.100, 0.100, 0.100, 0.100, 0.100, 0.100, 0.100, 0.100, 0.100, 0.100, 0.100, 0.100, 0.100, 0.100, 0.143, 0.311, 0.100, 0.100, 0.100, 0.100, 0.100, 0.100, 0.100, 0.100, 0.100]
    Layer  5: sigma=[0.100, 0.100, 0.121, 0.100, 0.100, 0.100, 0.100, 0.100, 0.100, 0.279, 0.100, 0.103, 0.100, 0.100, 0.100, 0.111, 0.100, 0.338, 0.100, 0.100, 0.100, 0.100, 0.100, 0.100, 0.100, 0.100, 0.100, 0.100, 0.100, 0.246, 0.100, 0.100]
    Layer  6: sigma=[0.100, 0.100, 0.169, 0.100, 0.117, 0.113, 0.100, 0.100, 0.100, 0.100, 0.100, 0.100, 0.100, 0.100, 0.100, 0.100, 0.100, 0.100, 0.100, 0.100, 0.242, 0.100, 0.100, 0.100, 0.100, 0.100, 0.104, 0.100, 0.100, 0.100, 0.100, 0.100]
    Layer  7: sigma=[0.100, 0.226, 0.100, 0.100, 0.116, 0.100, 0.100, 0.100, 0.100, 0.100, 0.100, 0.161, 0.100, 0.100, 0.100, 0.100, 0.100, 0.100, 0.100, 0.100, 0.100, 0.100, 0.100, 0.100, 0.100, 0.100, 0.100, 0.100, 0.100, 0.100, 0.100, 0.100]
    Layer  8: sigma=[0.100, 0.100, 0.100, 0.100, 0.100, 0.100, 0.100, 0.116, 0.100, 0.100, 0.100, 0.100, 0.100, 0.110, 0.100, 0.100, 0.100, 0.100, 0.100, 0.100, 0.100, 0.100, 0.100, 0.100, 0.100, 0.100, 0.100, 0.273, 0.100, 0.100, 0.100, 0.100]
    Layer  9: sigma=[0.100, 0.100, 0.125, 0.100, 0.100, 0.100, 0.100, 0.100, 0.100, 0.100, 0.100, 0.100, 0.100, 0.100, 0.779, 0.218, 0.100, 0.100, 0.100, 0.100, 0.147, 0.100, 0.110, 0.100, 0.100, 0.162, 0.100, 0.100, 0.100, 0.100, 0.100, 0.100]
    Layer 10: sigma=[0.100, 0.100, 0.100, 0.100, 0.100, 0.100, 0.100, 0.100, 0.152, 0.100, 0.100, 0.100, 0.100, 0.100, 0.100, 0.100, 0.100, 0.100, 0.100, 0.100, 0.100, 0.106, 0.100, 0.100, 0.100, 0.100, 0.100, 0.100, 0.105, 0.100, 0.102, 0.100]
    Layer 11: sigma=[0.100, 0.100, 0.100, 0.100, 0.221, 0.100, 0.170, 0.100, 0.100, 0.139, 0.100, 0.100, 0.143, 0.100, 0.324, 0.100, 0.100, 0.100, 0.100, 0.100, 0.100, 0.100, 0.100, 0.100, 0.100, 0.100, 0.252, 0.100, 0.100, 0.100, 0.102, 0.100]
    Layer 12: sigma=[0.100, 0.100, 0.100, 0.100, 0.100, 0.126, 0.100, 0.100, 0.100, 0.116, 0.100, 0.100, 0.100, 0.100, 0.100, 0.100, 0.100, 0.279, 0.437, 0.100, 0.100, 0.100, 0.100, 0.100, 0.100, 0.366, 0.100, 0.144, 0.100, 0.135, 0.129, 0.100]
    Layer 13: sigma=[0.268, 0.100, 0.100, 0.100, 0.100, 0.100, 0.100, 0.104, 0.100, 0.125, 0.126, 0.100, 0.100, 0.100, 0.100, 0.100, 0.100, 0.100, 0.100, 0.100, 0.100, 0.100, 0.100, 0.100, 0.100, 0.100, 0.100, 0.100, 0.100, 0.100, 0.100, 0.100]
    Layer 14: sigma=[0.100, 0.100, 0.103, 0.100, 0.100, 0.517, 0.100, 0.155, 0.100, 0.100, 0.100, 0.100, 0.100, 0.176, 0.100, 0.100, 0.100, 0.100, 0.152, 0.112, 0.100, 0.100, 0.100, 0.100, 0.100, 0.145, 0.100, 0.139, 0.100, 0.100, 0.162, 0.100]
    Layer 15: sigma=[0.100, 0.237, 0.100, 0.146, 0.216, 0.109, 0.100, 0.100, 0.100, 0.100, 0.100, 0.111, 0.239, 0.100, 0.100, 0.100, 0.100, 0.100, 0.102, 0.154, 0.100, 0.100, 0.100, 0.100, 0.282, 0.240, 0.100, 0.100, 0.100, 0.100, 0.100, 0.100]
    Layer 16: sigma=[0.325, 0.100, 0.100, 0.100, 0.100, 0.100, 0.100, 0.100, 0.100, 0.100, 0.100, 0.100, 0.100, 0.100, 0.100, 0.100, 0.100, 0.100, 0.100, 0.100, 0.100, 0.100, 0.100, 0.100, 0.100, 0.155, 0.100, 0.100, 0.100, 0.100, 0.100, 0.100]
    Layer 17: sigma=[0.100, 0.100, 0.100, 0.100, 0.100, 0.459, 0.100, 0.100, 0.102, 0.100, 0.100, 0.100, 0.100, 0.100, 0.100, 0.100, 0.300, 0.100, 0.100, 0.370, 0.100, 0.100, 0.100, 0.100, 0.100, 0.100, 0.407, 0.117, 0.100, 0.100, 0.100, 0.100]
    Layer 18: sigma=[0.100, 0.774, 0.100, 0.100, 0.100, 0.212, 0.100, 0.110, 0.100, 0.100, 0.100, 0.100, 0.100, 0.100, 0.100, 0.100, 0.405, 0.100, 0.100, 0.100, 0.100, 0.100, 0.100, 0.100, 0.100, 0.100, 0.100, 0.100, 0.100, 0.100, 0.100, 0.100]
    Layer 19: sigma=[0.100, 0.100, 0.100, 0.100, 0.100, 0.100, 0.204, 0.100, 0.100, 0.100, 0.100, 0.100, 0.253, 0.100, 0.100, 0.130, 0.100, 0.100, 0.100, 0.463, 0.100, 0.100, 0.100, 0.100, 0.100, 0.100, 0.100, 0.100, 0.100, 0.100, 0.100, 0.100]
    Layer 21: sigma=[0.100, 0.100, 0.100, 0.100, 0.100, 0.100, 0.100, 0.100, 0.100, 0.100, 0.100, 0.336, 0.100, 0.100, 0.100, 0.100, 0.100, 0.100, 0.100, 0.100, 0.100, 0.100, 0.100, 0.100, 0.100, 0.100, 0.100, 0.100, 0.100, 0.100, 0.303, 0.116]
    Layer 22: sigma=[0.169, 0.100, 0.100, 0.100, 0.144, 0.123, 0.110, 0.185, 0.225, 0.100, 0.100, 0.100, 0.100, 0.100, 0.100, 0.100, 0.100, 0.100, 0.100, 0.162, 0.100, 0.100, 0.100, 0.100, 0.100, 0.100, 0.100, 0.100, 0.100, 0.100, 0.100, 0.100]
    Layer 23: sigma=[0.189, 0.118, 0.138, 0.100, 0.100, 0.100, 0.141, 0.100, 0.100, 0.100, 0.100, 0.100, 0.100, 0.100, 0.100, 0.100, 0.100, 0.100, 0.100, 0.100, 0.100, 0.100, 0.100, 0.100, 0.100, 0.100, 0.100, 0.100, 0.100, 0.208, 0.251, 0.131]
    Layer 24: sigma=[0.100, 0.100, 0.100, 0.100, 0.100, 0.100, 0.100, 0.100, 0.164, 0.100, 0.100, 0.100, 0.100, 0.100, 0.100, 0.184, 0.100, 0.100, 0.100, 0.100, 0.100, 0.100, 0.100, 0.100, 0.216, 0.310, 0.159, 0.224, 0.100, 0.100, 0.100, 0.100]
    Layer 25: sigma=[0.100, 0.100, 0.100, 0.100, 0.100, 0.100, 0.100, 0.100, 0.100, 0.100, 0.100, 0.100, 0.100, 0.100, 0.100, 0.100, 0.100, 0.100, 0.100, 0.100, 0.100, 0.100, 0.100, 0.100, 0.100, 0.100, 0.100, 0.100, 0.100, 0.100, 0.100, 0.100]
    Layer 26: sigma=[0.100, 0.100, 0.100, 0.100, 0.100, 0.100, 0.100, 0.100, 0.100, 0.100, 0.100, 0.100, 0.100, 0.100, 0.100, 0.134, 0.100, 0.100, 0.100, 0.100, 0.100, 0.100, 0.100, 0.100, 0.100, 0.100, 0.100, 0.100, 0.100, 0.100, 0.100, 0.100]
    Layer 27: sigma=[0.100, 0.100, 0.100, 0.100, 0.100, 0.100, 0.100, 0.100, 0.100, 0.100, 0.100, 0.100, 0.100, 0.100, 0.100, 0.100, 0.100, 0.100, 0.100, 0.100, 0.100, 0.100, 0.100, 0.100, 0.100, 0.100, 0.100, 0.100, 0.100, 0.242, 0.100, 0.100]
    Layer 28: sigma=[0.100, 0.100, 0.100, 0.100, 0.103, 0.138, 0.100, 0.203, 0.100, 0.100, 0.100, 0.100, 0.100, 0.100, 0.100, 0.100, 0.100, 0.100, 0.100, 0.100, 0.100, 0.100, 0.100, 0.100, 0.100, 0.100, 0.100, 0.100, 0.100, 0.100, 0.100, 0.100]
    Layer 29: sigma=[0.100, 0.100, 0.100, 0.100, 0.100, 0.100, 0.100, 0.100, 0.100, 0.100, 0.100, 0.100, 0.100, 0.100, 0.100, 0.100, 0.100, 0.100, 0.100, 0.100, 0.100, 0.100, 0.100, 0.100, 0.100, 0.100, 0.100, 0.100, 0.100, 0.100, 0.100, 0.100]
    Layer 30: sigma=[0.100, 0.100, 0.100, 0.100, 0.100, 0.100, 0.100, 0.100, 0.100, 0.100, 0.100, 0.100, 0.100, 0.100, 0.100, 0.100, 0.100, 0.100, 0.100, 0.100, 0.100, 0.100, 0.100, 0.100, 0.100, 0.100, 0.100, 0.100, 0.100, 0.100, 0.100, 0.100]
    Layer 31: sigma=[0.100, 0.100, 0.100, 0.100, 0.100, 0.100, 0.100, 0.100, 0.100, 0.100, 0.100, 0.100, 0.100, 0.100, 0.100, 0.100, 0.100, 0.100, 0.100, 0.100, 0.100, 0.100, 0.100, 0.100, 0.100, 0.100, 0.100, 0.100, 0.100, 0.100, 0.100, 0.100]
    Layer 32: sigma=[0.100, 0.100, 0.100, 0.100, 0.100, 0.100, 0.100, 0.100, 0.100, 0.100, 0.100, 0.100, 0.100, 0.100, 0.100, 0.100, 0.100, 0.100, 0.100, 0.100, 0.100, 0.100, 0.100, 0.100, 0.100, 0.100, 0.100, 0.100, 0.100, 0.100, 0.100, 0.100]
    Layer 33: sigma=[0.100, 0.100, 0.100, 0.100, 0.100, 0.100, 0.100, 0.100, 0.100, 0.100, 0.100, 0.100, 0.100, 0.100, 0.100, 0.100, 0.100, 0.100, 0.100, 0.100, 0.100, 0.100, 0.100, 0.100, 0.100, 0.100, 0.100, 0.100, 0.100, 0.100, 0.100, 0.100]
    Layer 34: sigma=[0.100, 0.100, 0.100, 0.100, 0.100, 0.100, 0.100, 0.100, 0.100, 0.100, 0.100, 0.100, 0.100, 0.100, 0.100, 0.100, 0.100, 0.100, 0.100, 0.100, 0.100, 0.100, 0.100, 0.100, 0.100, 0.100, 0.100, 0.100, 0.100, 0.100, 0.100, 0.100]
    Layer 35: sigma=[0.100, 0.100, 0.100, 0.100, 0.104, 0.100, 0.100, 0.100, 0.100, 0.100, 0.100, 0.100, 0.100, 0.100, 0.100, 0.100, 0.100, 0.100, 0.100, 0.100, 0.100, 0.100, 0.206, 0.100, 0.100, 0.100, 0.100, 0.100, 0.100, 0.100, 0.100, 0.100]

  [Taylor Step 3/3] g_proj = v_proj * alpha (damping=0.01)...
    Layer  0: alpha=0.069002  teacher_rms=0.0168  v_rms=0.0024
    Layer  1: alpha=0.058100  teacher_rms=0.0216  v_rms=0.0037
    Layer  2: alpha=0.054811  teacher_rms=0.0222  v_rms=0.0041
    Layer  3: alpha=0.041430  teacher_rms=0.0261  v_rms=0.0063
    Layer  4: alpha=0.049259  teacher_rms=0.0316  v_rms=0.0064
    Layer  5: alpha=0.052359  teacher_rms=0.0412  v_rms=0.0079
    Layer  6: alpha=0.074722  teacher_rms=0.0646  v_rms=0.0086
    Layer  7: alpha=0.041211  teacher_rms=0.0510  v_rms=0.0124
    Layer  8: alpha=0.042410  teacher_rms=0.0695  v_rms=0.0164
    Layer  9: alpha=0.026393  teacher_rms=0.0701  v_rms=0.0266
    Layer 10: alpha=0.048595  teacher_rms=0.1071  v_rms=0.0220
    Layer 11: alpha=0.051981  teacher_rms=0.1038  v_rms=0.0200
    Layer 12: alpha=0.046390  teacher_rms=0.1177  v_rms=0.0254
    Layer 13: alpha=0.053938  teacher_rms=0.1013  v_rms=0.0188
    Layer 14: alpha=0.052556  teacher_rms=0.1546  v_rms=0.0294
    Layer 15: alpha=0.046886  teacher_rms=0.1546  v_rms=0.0330
    Layer 16: alpha=0.039935  teacher_rms=0.1446  v_rms=0.0362
    Layer 17: alpha=0.036071  teacher_rms=0.1762  v_rms=0.0489
    Layer 18: alpha=0.028369  teacher_rms=0.1919  v_rms=0.0677
    Layer 19: alpha=0.046731  teacher_rms=0.2023  v_rms=0.0433
    Layer 21: alpha=0.048145  teacher_rms=0.2301  v_rms=0.0478
    Layer 22: alpha=0.053445  teacher_rms=0.2755  v_rms=0.0516
    Layer 23: alpha=0.052957  teacher_rms=0.3026  v_rms=0.0571
    Layer 24: alpha=0.034618  teacher_rms=0.2864  v_rms=0.0827
    Layer 25: alpha=0.038418  teacher_rms=0.2261  v_rms=0.0589
    Layer 26: alpha=0.026983  teacher_rms=0.1994  v_rms=0.0739
    Layer 27: alpha=0.032203  teacher_rms=0.2900  v_rms=0.0900
    Layer 28: alpha=0.038743  teacher_rms=0.3530  v_rms=0.0911
    Layer 29: alpha=0.016275  teacher_rms=0.2479  v_rms=0.1523
    Layer 30: alpha=0.025867  teacher_rms=0.3921  v_rms=0.1516
    Layer 31: alpha=0.018626  teacher_rms=0.3452  v_rms=0.1853
    Layer 32: alpha=0.021930  teacher_rms=0.5106  v_rms=0.2328
    Layer 33: alpha=0.016345  teacher_rms=0.5964  v_rms=0.3649
    Layer 34: alpha=0.031180  teacher_rms=1.0165  v_rms=0.3260
    Layer 35: alpha=0.056165  teacher_rms=1.0378  v_rms=0.1848

  Set g_proj = v_proj * alpha in 35 GDN layers (damping=0.01).
  Init (taylor_distill) done in 336.8s
  Layer 20: PPL = 992.11  (eval 13.4s)

============================================================
  Probing layer 21 | strategy=taylor_distill
============================================================
Loading checkpoint shards:   0%|          | 0/4 [00:00<?, ?it/s]Loading checkpoint shards: 100%|██████████| 4/4 [00:00<00:00, 147.96it/s]
Could not cache non-existence of file. Will ignore error and continue. Error: [Errno 13] Permission denied: '/data/shared/huggingface/hub/models--Qwen--Qwen3-8B/.no_exist/b968826d9c46dd6066d109eabc6255188de91218/model.safetensors'
Loading checkpoint shards:   0%|          | 0/5 [00:00<?, ?it/s]Loading checkpoint shards: 100%|██████████| 5/5 [00:00<00:00, 186.66it/s]
Token indices sequence length is longer than the specified maximum sequence length for this model (2429029 > 131072). Running this sequence through the model will result in indexing errors
  [Taylor Step 1/3] Gate calibration from attention stats...
    Layer  0: dist=[18, 2, 6, 20, 8, 14, 6, 7, 10, 4, 6, 7, 10, 18, 17, 5, 9, 11, 8, 8, 8, 12, 2, 7, 4, 26, 5, 26, 9, 19, 9, 8]
    Layer  1: dist=[12, 21, 14, 26, 2, 9, 17, 7, 25, 18, 32, 29, 18, 28, 28, 20, 17, 26, 31, 18, 28, 17, 21, 21, 26, 8, 25, 23, 41, 16, 20, 28]
    Layer  2: dist=[36, 36, 37, 32, 17, 27, 20, 24, 21, 24, 29, 33, 28, 25, 26, 34, 32, 26, 28, 22, 28, 36, 27, 27, 14, 14, 11, 19, 41, 42, 43, 41]
    Layer  3: dist=[40, 20, 9, 12, 49, 50, 46, 42, 30, 27, 33, 31, 49, 43, 42, 42, 35, 37, 29, 37, 42, 33, 32, 36, 35, 30, 29, 33, 39, 36, 40, 37]
    Layer  4: dist=[31, 35, 41, 36, 41, 33, 35, 48, 37, 38, 34, 34, 31, 31, 38, 35, 35, 37, 38, 39, 34, 35, 25, 34, 26, 32, 27, 21, 28, 33, 30, 30]
    Layer  5: dist=[23, 29, 30, 21, 36, 34, 29, 29, 4, 14, 40, 38, 31, 43, 32, 30, 23, 20, 28, 28, 29, 30, 27, 33, 38, 39, 43, 43, 26, 25, 29, 32]
    Layer  6: dist=[16, 22, 17, 17, 27, 24, 34, 32, 25, 12, 21, 20, 31, 34, 28, 16, 28, 20, 24, 23, 13, 18, 18, 8, 21, 24, 18, 28, 24, 25, 21, 27]
    Layer  7: dist=[31, 36, 33, 46, 63, 57, 63, 60, 45, 60, 53, 41, 54, 15, 30, 49, 42, 54, 44, 44, 54, 45, 58, 59, 34, 41, 25, 43, 49, 51, 49, 54]
    Layer  8: dist=[45, 46, 49, 29, 43, 41, 35, 44, 46, 52, 43, 48, 51, 43, 49, 36, 60, 56, 54, 51, 44, 54, 51, 57, 47, 37, 51, 36, 44, 38, 42, 44]
    Layer  9: dist=[40, 32, 31, 36, 45, 49, 48, 40, 62, 61, 60, 56, 14, 46, 32, 45, 49, 53, 59, 62, 44, 40, 35, 41, 61, 44, 49, 54, 62, 57, 63, 61]
    Layer 10: dist=[39, 39, 30, 39, 46, 55, 33, 41, 34, 45, 55, 26, 49, 36, 42, 44, 45, 53, 52, 50, 46, 31, 56, 51, 51, 56, 47, 43, 40, 39, 44, 47]
    Layer 11: dist=[33, 33, 47, 27, 29, 36, 43, 42, 52, 62, 57, 49, 44, 33, 38, 39, 39, 36, 33, 25, 42, 56, 46, 46, 39, 32, 36, 32, 49, 34, 31, 48]
    Layer 12: dist=[12, 40, 39, 33, 43, 46, 39, 36, 33, 36, 44, 44, 50, 45, 45, 49, 21, 38, 29, 44, 55, 54, 53, 56, 49, 1, 56, 23, 43, 45, 59, 49]
    Layer 13: dist=[29, 36, 39, 36, 31, 29, 35, 22, 47, 36, 52, 61, 64, 58, 55, 62, 46, 39, 31, 36, 47, 33, 44, 46, 44, 33, 40, 41, 58, 56, 49, 51]
    Layer 14: dist=[25, 35, 34, 24, 39, 24, 35, 33, 31, 32, 37, 37, 36, 40, 35, 36, 41, 46, 31, 35, 33, 17, 28, 42, 27, 38, 40, 38, 43, 44, 5, 48]
    Layer 15: dist=[45, 27, 43, 23, 20, 22, 41, 33, 48, 33, 26, 54, 37, 56, 41, 47, 33, 33, 34, 36, 33, 30, 27, 27, 27, 20, 41, 37, 38, 47, 38, 28]
    Layer 16: dist=[37, 32, 42, 47, 29, 35, 26, 31, 29, 45, 40, 43, 49, 35, 44, 47, 38, 41, 34, 35, 59, 60, 57, 54, 39, 28, 34, 6, 32, 33, 36, 32]
    Layer 17: dist=[58, 50, 41, 34, 28, 31, 22, 25, 44, 54, 42, 49, 23, 32, 39, 39, 24, 29, 32, 22, 39, 51, 49, 48, 30, 28, 31, 26, 29, 43, 47, 36]
    Layer 18: dist=[20, 27, 19, 18, 29, 37, 39, 30, 37, 40, 37, 45, 34, 34, 31, 35, 26, 41, 42, 28, 38, 28, 37, 52, 31, 35, 35, 36, 30, 29, 43, 31]
    Layer 19: dist=[39, 33, 35, 35, 43, 54, 30, 38, 40, 44, 41, 48, 35, 31, 40, 35, 44, 42, 26, 29, 10, 28, 18, 27, 52, 54, 52, 58, 44, 43, 41, 41]
    Layer 20: dist=[46, 39, 44, 40, 41, 27, 28, 31, 23, 21, 26, 21, 48, 42, 48, 50, 24, 28, 31, 21, 38, 57, 52, 51, 63, 51, 53, 44, 49, 43, 55, 55]
    Layer 22: dist=[39, 32, 37, 33, 28, 38, 24, 30, 21, 27, 24, 35, 9, 46, 32, 35, 18, 40, 40, 23, 53, 59, 60, 61, 51, 44, 46, 48, 57, 47, 53, 50]
    Layer 23: dist=[22, 18, 26, 22, 55, 55, 22, 50, 41, 20, 24, 31, 37, 36, 41, 39, 41, 38, 42, 48, 41, 46, 42, 40, 41, 39, 37, 51, 47, 44, 44, 39]
    Layer 24: dist=[40, 62, 57, 51, 50, 56, 54, 47, 52, 54, 52, 43, 41, 39, 47, 40, 42, 49, 44, 42, 60, 53, 52, 58, 31, 41, 39, 29, 50, 57, 51, 47]
    Layer 25: dist=[50, 60, 59, 49, 38, 38, 54, 42, 46, 52, 47, 48, 36, 45, 27, 37, 48, 50, 49, 45, 54, 56, 55, 55, 58, 56, 50, 55, 46, 61, 51, 45]
    Layer 26: dist=[43, 47, 57, 36, 59, 57, 59, 56, 52, 56, 53, 49, 52, 62, 60, 60, 43, 46, 53, 50, 53, 54, 60, 57, 53, 50, 54, 50, 58, 50, 59, 51]
    Layer 27: dist=[48, 55, 54, 59, 50, 53, 52, 44, 41, 52, 55, 52, 41, 56, 42, 45, 51, 53, 53, 53, 47, 56, 54, 44, 57, 59, 60, 60, 50, 44, 45, 60]
    Layer 28: dist=[53, 47, 54, 53, 41, 35, 40, 38, 52, 57, 47, 46, 57, 53, 48, 50, 57, 51, 53, 55, 59, 37, 32, 46, 47, 46, 50, 51, 46, 48, 35, 49]
    Layer 29: dist=[57, 58, 57, 58, 45, 56, 47, 58, 58, 57, 61, 54, 60, 61, 60, 61, 58, 56, 58, 60, 62, 61, 56, 62, 49, 59, 47, 49, 55, 51, 56, 56]
    Layer 30: dist=[40, 54, 51, 52, 53, 51, 48, 37, 60, 59, 58, 60, 53, 53, 57, 51, 52, 39, 61, 61, 29, 60, 53, 54, 60, 60, 61, 60, 55, 56, 54, 51]
    Layer 31: dist=[60, 58, 51, 49, 58, 59, 59, 59, 57, 41, 46, 47, 58, 59, 59, 58, 52, 53, 55, 48, 60, 59, 56, 59, 57, 56, 46, 60, 57, 55, 53, 57]
    Layer 32: dist=[56, 57, 58, 57, 58, 60, 59, 60, 56, 55, 59, 58, 48, 58, 54, 47, 58, 54, 54, 54, 62, 48, 57, 60, 36, 48, 44, 53, 58, 54, 51, 53]
    Layer 33: dist=[52, 61, 57, 60, 45, 52, 29, 47, 57, 58, 57, 58, 58, 59, 58, 59, 59, 59, 53, 56, 58, 49, 54, 57, 57, 59, 60, 59, 56, 56, 55, 53]
    Layer 34: dist=[56, 57, 58, 57, 55, 56, 55, 54, 25, 47, 54, 42, 58, 57, 60, 40, 42, 44, 62, 30, 58, 27, 59, 60, 61, 60, 62, 60, 26, 32, 35, 54]
    Layer 35: dist=[56, 62, 36, 50, 43, 19, 55, 48, 42, 51, 55, 49, 30, 17, 24, 22, 49, 45, 40, 27, 45, 52, 28, 27, 33, 27, 33, 35, 36, 57, 61, 58]

  [Taylor Step 2/3] OLS sigma per head (scaling V, streaming)...
    Layer  0: sigma=[0.256, 0.100, 0.100, 0.100, 0.197, 0.601, 0.100, 0.100, 0.100, 0.100, 0.141, 0.100, 0.100, 0.100, 0.100, 0.292, 0.100, 0.100, 0.100, 0.100, 0.100, 0.100, 0.100, 0.200, 0.100, 0.100, 0.576, 0.100, 0.252, 0.100, 0.100, 0.100]
    Layer  1: sigma=[0.279, 0.100, 0.100, 0.100, 0.100, 0.100, 0.100, 0.100, 0.100, 0.402, 0.274, 0.100, 0.100, 0.100, 0.100, 0.100, 0.100, 0.100, 0.100, 0.100, 0.100, 0.100, 0.100, 0.209, 0.100, 0.100, 0.176, 0.100, 0.100, 0.100, 0.100, 0.100]
    Layer  2: sigma=[0.151, 0.100, 0.100, 0.100, 0.100, 0.100, 0.100, 0.100, 0.157, 0.100, 0.100, 0.100, 0.100, 0.257, 0.100, 0.100, 0.100, 0.100, 0.100, 0.100, 0.100, 0.100, 0.100, 0.100, 0.100, 0.174, 0.100, 0.100, 0.100, 0.100, 0.100, 0.138]
    Layer  3: sigma=[0.100, 0.460, 0.100, 0.293, 0.100, 0.100, 0.100, 0.100, 0.100, 0.100, 0.100, 0.100, 0.100, 0.100, 0.100, 0.100, 0.100, 0.100, 0.121, 0.100, 0.100, 0.100, 0.100, 0.100, 0.100, 0.123, 0.108, 0.100, 0.100, 0.100, 0.100, 0.100]
    Layer  4: sigma=[0.100, 0.100, 0.100, 0.100, 0.100, 0.100, 0.100, 0.100, 0.100, 0.100, 0.100, 0.100, 0.100, 0.100, 0.100, 0.100, 0.100, 0.100, 0.100, 0.100, 0.100, 0.145, 0.307, 0.100, 0.100, 0.100, 0.100, 0.100, 0.100, 0.100, 0.100, 0.100]
    Layer  5: sigma=[0.100, 0.100, 0.119, 0.100, 0.100, 0.100, 0.100, 0.100, 0.100, 0.284, 0.100, 0.103, 0.100, 0.100, 0.100, 0.108, 0.100, 0.334, 0.100, 0.100, 0.100, 0.100, 0.100, 0.100, 0.100, 0.100, 0.100, 0.100, 0.100, 0.245, 0.100, 0.100]
    Layer  6: sigma=[0.100, 0.100, 0.168, 0.100, 0.119, 0.111, 0.100, 0.100, 0.100, 0.100, 0.100, 0.100, 0.100, 0.100, 0.100, 0.100, 0.100, 0.100, 0.100, 0.100, 0.244, 0.100, 0.100, 0.100, 0.100, 0.100, 0.102, 0.100, 0.100, 0.100, 0.100, 0.100]
    Layer  7: sigma=[0.100, 0.224, 0.100, 0.100, 0.112, 0.100, 0.100, 0.100, 0.100, 0.100, 0.100, 0.154, 0.100, 0.100, 0.100, 0.100, 0.100, 0.100, 0.100, 0.100, 0.100, 0.100, 0.100, 0.100, 0.100, 0.100, 0.100, 0.100, 0.100, 0.100, 0.100, 0.100]
    Layer  8: sigma=[0.100, 0.100, 0.100, 0.100, 0.100, 0.100, 0.100, 0.127, 0.100, 0.100, 0.100, 0.100, 0.100, 0.129, 0.100, 0.100, 0.100, 0.100, 0.100, 0.100, 0.100, 0.100, 0.100, 0.100, 0.100, 0.100, 0.100, 0.319, 0.100, 0.100, 0.100, 0.100]
    Layer  9: sigma=[0.100, 0.100, 0.127, 0.100, 0.100, 0.100, 0.100, 0.100, 0.100, 0.100, 0.100, 0.100, 0.100, 0.100, 0.676, 0.226, 0.100, 0.100, 0.100, 0.100, 0.137, 0.100, 0.100, 0.100, 0.100, 0.167, 0.100, 0.100, 0.100, 0.100, 0.100, 0.100]
    Layer 10: sigma=[0.100, 0.100, 0.100, 0.100, 0.100, 0.100, 0.100, 0.100, 0.123, 0.100, 0.100, 0.100, 0.100, 0.100, 0.100, 0.100, 0.100, 0.100, 0.100, 0.100, 0.100, 0.100, 0.100, 0.100, 0.100, 0.100, 0.100, 0.100, 0.106, 0.100, 0.110, 0.100]
    Layer 11: sigma=[0.100, 0.100, 0.100, 0.100, 0.221, 0.100, 0.168, 0.100, 0.100, 0.139, 0.100, 0.100, 0.143, 0.100, 0.291, 0.100, 0.100, 0.100, 0.100, 0.100, 0.100, 0.100, 0.100, 0.100, 0.100, 0.100, 0.247, 0.100, 0.100, 0.100, 0.103, 0.100]
    Layer 12: sigma=[0.100, 0.100, 0.100, 0.100, 0.100, 0.115, 0.100, 0.100, 0.100, 0.122, 0.100, 0.100, 0.100, 0.100, 0.100, 0.100, 0.100, 0.308, 0.497, 0.100, 0.100, 0.100, 0.100, 0.100, 0.100, 0.359, 0.100, 0.130, 0.100, 0.141, 0.130, 0.100]
    Layer 13: sigma=[0.247, 0.100, 0.100, 0.100, 0.100, 0.100, 0.100, 0.108, 0.100, 0.121, 0.127, 0.100, 0.100, 0.100, 0.100, 0.100, 0.100, 0.100, 0.100, 0.100, 0.100, 0.100, 0.100, 0.100, 0.100, 0.100, 0.100, 0.100, 0.100, 0.100, 0.100, 0.100]
    Layer 14: sigma=[0.100, 0.100, 0.107, 0.100, 0.100, 0.461, 0.100, 0.178, 0.100, 0.100, 0.100, 0.100, 0.100, 0.179, 0.100, 0.100, 0.100, 0.100, 0.156, 0.107, 0.100, 0.100, 0.100, 0.100, 0.100, 0.148, 0.100, 0.134, 0.100, 0.100, 0.130, 0.100]
    Layer 15: sigma=[0.100, 0.241, 0.100, 0.122, 0.231, 0.117, 0.100, 0.100, 0.100, 0.100, 0.100, 0.116, 0.266, 0.100, 0.100, 0.100, 0.100, 0.100, 0.109, 0.139, 0.100, 0.100, 0.100, 0.100, 0.287, 0.253, 0.100, 0.100, 0.100, 0.100, 0.100, 0.100]
    Layer 16: sigma=[0.361, 0.100, 0.100, 0.100, 0.100, 0.100, 0.100, 0.100, 0.100, 0.100, 0.100, 0.100, 0.100, 0.100, 0.100, 0.100, 0.100, 0.100, 0.100, 0.100, 0.100, 0.100, 0.100, 0.100, 0.100, 0.179, 0.100, 0.100, 0.100, 0.100, 0.100, 0.100]
    Layer 17: sigma=[0.100, 0.100, 0.100, 0.100, 0.100, 0.533, 0.100, 0.101, 0.104, 0.100, 0.100, 0.100, 0.100, 0.100, 0.100, 0.100, 0.323, 0.104, 0.100, 0.342, 0.100, 0.100, 0.100, 0.100, 0.106, 0.100, 0.418, 0.119, 0.100, 0.100, 0.100, 0.100]
    Layer 18: sigma=[0.100, 0.576, 0.100, 0.100, 0.100, 0.216, 0.100, 0.120, 0.100, 0.100, 0.100, 0.100, 0.100, 0.100, 0.100, 0.100, 0.369, 0.100, 0.100, 0.100, 0.100, 0.100, 0.100, 0.100, 0.100, 0.100, 0.100, 0.100, 0.100, 0.100, 0.100, 0.100]
    Layer 19: sigma=[0.100, 0.100, 0.100, 0.100, 0.100, 0.100, 0.226, 0.100, 0.100, 0.100, 0.100, 0.100, 0.264, 0.100, 0.100, 0.141, 0.100, 0.100, 0.100, 0.470, 0.100, 0.100, 0.100, 0.100, 0.100, 0.100, 0.100, 0.100, 0.100, 0.100, 0.100, 0.100]
    Layer 20: sigma=[0.100, 0.100, 0.180, 0.100, 0.100, 0.231, 0.156, 0.100, 0.100, 0.100, 0.100, 0.100, 0.100, 0.100, 0.100, 0.104, 0.211, 0.100, 0.100, 0.100, 0.100, 0.100, 0.100, 0.100, 0.100, 0.100, 0.100, 0.100, 0.100, 0.100, 0.100, 0.100]
    Layer 22: sigma=[0.212, 0.100, 0.100, 0.100, 0.176, 0.113, 0.117, 0.209, 0.252, 0.100, 0.100, 0.100, 0.125, 0.100, 0.100, 0.100, 0.100, 0.100, 0.100, 0.130, 0.100, 0.100, 0.100, 0.100, 0.100, 0.100, 0.100, 0.100, 0.100, 0.100, 0.100, 0.100]
    Layer 23: sigma=[0.203, 0.117, 0.253, 0.100, 0.100, 0.100, 0.143, 0.100, 0.100, 0.100, 0.100, 0.100, 0.100, 0.100, 0.100, 0.100, 0.100, 0.100, 0.100, 0.100, 0.100, 0.100, 0.100, 0.100, 0.100, 0.100, 0.100, 0.100, 0.100, 0.312, 0.284, 0.222]
    Layer 24: sigma=[0.100, 0.100, 0.100, 0.100, 0.100, 0.100, 0.100, 0.100, 0.101, 0.100, 0.100, 0.100, 0.100, 0.100, 0.100, 0.209, 0.100, 0.100, 0.100, 0.100, 0.100, 0.100, 0.100, 0.100, 0.320, 0.362, 0.111, 0.259, 0.100, 0.100, 0.100, 0.100]
    Layer 25: sigma=[0.100, 0.100, 0.100, 0.100, 0.100, 0.100, 0.100, 0.100, 0.100, 0.100, 0.100, 0.100, 0.100, 0.100, 0.100, 0.100, 0.100, 0.100, 0.100, 0.100, 0.100, 0.100, 0.100, 0.100, 0.100, 0.100, 0.100, 0.100, 0.100, 0.100, 0.100, 0.100]
    Layer 26: sigma=[0.100, 0.100, 0.100, 0.100, 0.100, 0.100, 0.100, 0.100, 0.100, 0.100, 0.100, 0.100, 0.100, 0.100, 0.100, 0.124, 0.100, 0.100, 0.100, 0.100, 0.100, 0.100, 0.100, 0.100, 0.100, 0.100, 0.100, 0.100, 0.100, 0.100, 0.100, 0.100]
    Layer 27: sigma=[0.100, 0.100, 0.100, 0.100, 0.100, 0.100, 0.100, 0.100, 0.100, 0.100, 0.100, 0.100, 0.100, 0.100, 0.100, 0.100, 0.100, 0.100, 0.100, 0.100, 0.100, 0.100, 0.100, 0.100, 0.100, 0.100, 0.100, 0.100, 0.100, 0.219, 0.100, 0.100]
    Layer 28: sigma=[0.100, 0.100, 0.100, 0.100, 0.118, 0.145, 0.100, 0.313, 0.100, 0.100, 0.100, 0.100, 0.100, 0.100, 0.100, 0.100, 0.100, 0.100, 0.100, 0.100, 0.100, 0.100, 0.100, 0.100, 0.100, 0.100, 0.100, 0.100, 0.100, 0.100, 0.100, 0.100]
    Layer 29: sigma=[0.100, 0.100, 0.100, 0.100, 0.100, 0.100, 0.100, 0.100, 0.100, 0.100, 0.100, 0.100, 0.100, 0.100, 0.100, 0.100, 0.100, 0.100, 0.100, 0.100, 0.100, 0.100, 0.100, 0.100, 0.100, 0.100, 0.100, 0.100, 0.100, 0.100, 0.100, 0.100]
    Layer 30: sigma=[0.100, 0.100, 0.100, 0.100, 0.100, 0.100, 0.100, 0.100, 0.100, 0.100, 0.100, 0.100, 0.100, 0.100, 0.100, 0.100, 0.100, 0.100, 0.100, 0.100, 0.100, 0.100, 0.100, 0.100, 0.100, 0.100, 0.100, 0.100, 0.100, 0.100, 0.100, 0.100]
    Layer 31: sigma=[0.100, 0.100, 0.100, 0.100, 0.100, 0.100, 0.100, 0.100, 0.100, 0.100, 0.100, 0.100, 0.100, 0.100, 0.100, 0.100, 0.100, 0.100, 0.100, 0.100, 0.100, 0.100, 0.100, 0.100, 0.100, 0.100, 0.100, 0.100, 0.100, 0.100, 0.100, 0.100]
    Layer 32: sigma=[0.100, 0.100, 0.100, 0.100, 0.100, 0.100, 0.100, 0.100, 0.100, 0.100, 0.100, 0.100, 0.100, 0.100, 0.100, 0.100, 0.100, 0.100, 0.100, 0.100, 0.100, 0.100, 0.100, 0.100, 0.100, 0.100, 0.100, 0.100, 0.100, 0.100, 0.100, 0.100]
    Layer 33: sigma=[0.100, 0.100, 0.100, 0.100, 0.100, 0.100, 0.120, 0.100, 0.100, 0.100, 0.100, 0.100, 0.100, 0.100, 0.100, 0.100, 0.100, 0.100, 0.100, 0.100, 0.100, 0.100, 0.100, 0.100, 0.100, 0.100, 0.100, 0.100, 0.100, 0.100, 0.100, 0.100]
    Layer 34: sigma=[0.100, 0.100, 0.100, 0.100, 0.100, 0.100, 0.100, 0.100, 0.100, 0.100, 0.100, 0.100, 0.100, 0.100, 0.100, 0.100, 0.100, 0.100, 0.100, 0.100, 0.100, 0.100, 0.100, 0.100, 0.100, 0.100, 0.100, 0.100, 0.100, 0.100, 0.100, 0.100]
    Layer 35: sigma=[0.100, 0.100, 0.100, 0.100, 0.106, 0.100, 0.100, 0.100, 0.100, 0.100, 0.100, 0.100, 0.100, 0.100, 0.100, 0.100, 0.100, 0.100, 0.100, 0.100, 0.100, 0.100, 0.100, 0.100, 0.100, 0.100, 0.100, 0.100, 0.100, 0.100, 0.100, 0.100]

  [Taylor Step 3/3] g_proj = v_proj * alpha (damping=0.01)...
    Layer  0: alpha=0.069017  teacher_rms=0.0168  v_rms=0.0024
    Layer  1: alpha=0.058217  teacher_rms=0.0216  v_rms=0.0037
    Layer  2: alpha=0.054885  teacher_rms=0.0222  v_rms=0.0041
    Layer  3: alpha=0.041435  teacher_rms=0.0261  v_rms=0.0063
    Layer  4: alpha=0.049334  teacher_rms=0.0316  v_rms=0.0064
    Layer  5: alpha=0.052446  teacher_rms=0.0412  v_rms=0.0079
    Layer  6: alpha=0.074632  teacher_rms=0.0646  v_rms=0.0087
    Layer  7: alpha=0.041409  teacher_rms=0.0510  v_rms=0.0123
    Layer  8: alpha=0.040418  teacher_rms=0.0695  v_rms=0.0172
    Layer  9: alpha=0.028655  teacher_rms=0.0701  v_rms=0.0245
    Layer 10: alpha=0.049122  teacher_rms=0.1071  v_rms=0.0218
    Layer 11: alpha=0.053063  teacher_rms=0.1038  v_rms=0.0196
    Layer 12: alpha=0.044536  teacher_rms=0.1177  v_rms=0.0264
    Layer 13: alpha=0.054497  teacher_rms=0.1013  v_rms=0.0186
    Layer 14: alpha=0.054820  teacher_rms=0.1546  v_rms=0.0282
    Layer 15: alpha=0.046420  teacher_rms=0.1546  v_rms=0.0333
    Layer 16: alpha=0.038748  teacher_rms=0.1446  v_rms=0.0373
    Layer 17: alpha=0.034566  teacher_rms=0.1762  v_rms=0.0510
    Layer 18: alpha=0.035121  teacher_rms=0.1919  v_rms=0.0547
    Layer 19: alpha=0.045712  teacher_rms=0.2023  v_rms=0.0443
    Layer 20: alpha=0.052295  teacher_rms=0.1938  v_rms=0.0371
    Layer 22: alpha=0.050782  teacher_rms=0.2755  v_rms=0.0543
    Layer 23: alpha=0.044763  teacher_rms=0.3026  v_rms=0.0676
    Layer 24: alpha=0.033083  teacher_rms=0.2864  v_rms=0.0866
    Layer 25: alpha=0.038418  teacher_rms=0.2261  v_rms=0.0589
    Layer 26: alpha=0.027118  teacher_rms=0.1994  v_rms=0.0735
    Layer 27: alpha=0.032683  teacher_rms=0.2900  v_rms=0.0887
    Layer 28: alpha=0.035819  teacher_rms=0.3530  v_rms=0.0985
    Layer 29: alpha=0.016275  teacher_rms=0.2479  v_rms=0.1523
    Layer 30: alpha=0.025867  teacher_rms=0.3921  v_rms=0.1516
    Layer 31: alpha=0.018626  teacher_rms=0.3452  v_rms=0.1853
    Layer 32: alpha=0.021930  teacher_rms=0.5106  v_rms=0.2328
    Layer 33: alpha=0.016317  teacher_rms=0.5964  v_rms=0.3655
    Layer 34: alpha=0.031180  teacher_rms=1.0165  v_rms=0.3260
    Layer 35: alpha=0.058436  teacher_rms=1.0378  v_rms=0.1776

  Set g_proj = v_proj * alpha in 35 GDN layers (damping=0.01).
  Init (taylor_distill) done in 335.4s
  Layer 21: PPL = 1185.96  (eval 13.2s)

============================================================
  Probing layer 22 | strategy=taylor_distill
============================================================
Loading checkpoint shards:   0%|          | 0/4 [00:00<?, ?it/s]Loading checkpoint shards: 100%|██████████| 4/4 [00:00<00:00, 147.09it/s]
Could not cache non-existence of file. Will ignore error and continue. Error: [Errno 13] Permission denied: '/data/shared/huggingface/hub/models--Qwen--Qwen3-8B/.no_exist/b968826d9c46dd6066d109eabc6255188de91218/model.safetensors'
Loading checkpoint shards:   0%|          | 0/5 [00:00<?, ?it/s]Loading checkpoint shards: 100%|██████████| 5/5 [00:00<00:00, 181.74it/s]
Token indices sequence length is longer than the specified maximum sequence length for this model (2429029 > 131072). Running this sequence through the model will result in indexing errors
  [Taylor Step 1/3] Gate calibration from attention stats...
    Layer  0: dist=[18, 2, 6, 20, 8, 14, 6, 7, 10, 4, 6, 7, 10, 18, 17, 5, 9, 11, 8, 8, 8, 12, 2, 7, 4, 26, 5, 26, 9, 19, 9, 8]
    Layer  1: dist=[12, 21, 14, 26, 2, 9, 17, 7, 25, 18, 32, 29, 18, 28, 28, 20, 17, 26, 31, 18, 28, 17, 21, 21, 26, 8, 25, 23, 41, 16, 20, 28]
    Layer  2: dist=[36, 36, 37, 32, 17, 27, 20, 24, 21, 24, 29, 33, 28, 25, 26, 34, 32, 26, 28, 22, 28, 36, 27, 27, 14, 14, 11, 19, 41, 42, 43, 41]
    Layer  3: dist=[40, 20, 9, 12, 49, 50, 46, 42, 30, 27, 33, 31, 49, 43, 42, 42, 35, 37, 29, 37, 42, 33, 32, 36, 35, 30, 29, 33, 39, 36, 40, 37]
    Layer  4: dist=[31, 35, 41, 36, 41, 33, 35, 48, 37, 38, 34, 34, 31, 31, 38, 35, 35, 37, 38, 39, 34, 35, 25, 34, 26, 32, 27, 21, 28, 33, 30, 30]
    Layer  5: dist=[23, 29, 30, 21, 36, 34, 29, 29, 4, 14, 40, 38, 31, 43, 32, 30, 23, 20, 28, 28, 29, 30, 27, 33, 38, 39, 43, 43, 26, 25, 29, 32]
    Layer  6: dist=[16, 22, 17, 17, 27, 24, 34, 32, 25, 12, 21, 20, 31, 34, 28, 16, 28, 20, 24, 23, 13, 18, 18, 8, 21, 24, 18, 28, 24, 25, 21, 27]
    Layer  7: dist=[31, 36, 33, 46, 63, 57, 63, 60, 45, 60, 53, 41, 54, 15, 30, 49, 42, 54, 44, 44, 54, 45, 58, 59, 34, 41, 25, 43, 49, 51, 49, 54]
    Layer  8: dist=[45, 46, 49, 29, 43, 41, 35, 44, 46, 52, 43, 48, 51, 43, 49, 36, 60, 56, 54, 51, 44, 54, 51, 57, 47, 37, 51, 36, 44, 38, 42, 44]
    Layer  9: dist=[40, 32, 31, 36, 45, 49, 48, 40, 62, 61, 60, 56, 14, 46, 32, 45, 49, 53, 59, 62, 44, 40, 35, 41, 61, 44, 49, 54, 62, 57, 63, 61]
    Layer 10: dist=[39, 39, 30, 39, 46, 55, 33, 41, 34, 45, 55, 26, 49, 36, 42, 44, 45, 53, 52, 50, 46, 31, 56, 51, 51, 56, 47, 43, 40, 39, 44, 47]
    Layer 11: dist=[33, 33, 47, 27, 29, 36, 43, 42, 52, 62, 57, 49, 44, 33, 38, 39, 39, 36, 33, 25, 42, 56, 46, 46, 39, 32, 36, 32, 49, 34, 31, 48]
    Layer 12: dist=[12, 40, 39, 33, 43, 46, 39, 36, 33, 36, 44, 44, 50, 45, 45, 49, 21, 38, 29, 44, 55, 54, 53, 56, 49, 1, 56, 23, 43, 45, 59, 49]
    Layer 13: dist=[29, 36, 39, 36, 31, 29, 35, 22, 47, 36, 52, 61, 64, 58, 55, 62, 46, 39, 31, 36, 47, 33, 44, 46, 44, 33, 40, 41, 58, 56, 49, 51]
    Layer 14: dist=[25, 35, 34, 24, 39, 24, 35, 33, 31, 32, 37, 37, 36, 40, 35, 36, 41, 46, 31, 35, 33, 17, 28, 42, 27, 38, 40, 38, 43, 44, 5, 48]
    Layer 15: dist=[45, 27, 43, 23, 20, 22, 41, 33, 48, 33, 26, 54, 37, 56, 41, 47, 33, 33, 34, 36, 33, 30, 27, 27, 27, 20, 41, 37, 38, 47, 38, 28]
    Layer 16: dist=[37, 32, 42, 47, 29, 35, 26, 31, 29, 45, 40, 43, 49, 35, 44, 47, 38, 41, 34, 35, 59, 60, 57, 54, 39, 28, 34, 6, 32, 33, 36, 32]
    Layer 17: dist=[58, 50, 41, 34, 28, 31, 22, 25, 44, 54, 42, 49, 23, 32, 39, 39, 24, 29, 32, 22, 39, 51, 49, 48, 30, 28, 31, 26, 29, 43, 47, 36]
    Layer 18: dist=[20, 27, 19, 18, 29, 37, 39, 30, 37, 40, 37, 45, 34, 34, 31, 35, 26, 41, 42, 28, 38, 28, 37, 52, 31, 35, 35, 36, 30, 29, 43, 31]
    Layer 19: dist=[39, 33, 35, 35, 43, 54, 30, 38, 40, 44, 41, 48, 35, 31, 40, 35, 44, 42, 26, 29, 10, 28, 18, 27, 52, 54, 52, 58, 44, 43, 41, 41]
    Layer 20: dist=[46, 39, 44, 40, 41, 27, 28, 31, 23, 21, 26, 21, 48, 42, 48, 50, 24, 28, 31, 21, 38, 57, 52, 51, 63, 51, 53, 44, 49, 43, 55, 55]
    Layer 21: dist=[26, 25, 30, 35, 58, 33, 53, 58, 61, 33, 39, 38, 26, 24, 25, 23, 39, 40, 45, 32, 47, 52, 48, 49, 35, 34, 32, 44, 38, 40, 34, 47]
    Layer 23: dist=[22, 18, 26, 22, 55, 55, 22, 50, 41, 20, 24, 31, 37, 36, 41, 39, 41, 38, 42, 48, 41, 46, 42, 40, 41, 39, 37, 51, 47, 44, 44, 39]
    Layer 24: dist=[40, 62, 57, 51, 50, 56, 54, 47, 52, 54, 52, 43, 41, 39, 47, 40, 42, 49, 44, 42, 60, 53, 52, 58, 31, 41, 39, 29, 50, 57, 51, 47]
    Layer 25: dist=[50, 60, 59, 49, 38, 38, 54, 42, 46, 52, 47, 48, 36, 45, 27, 37, 48, 50, 49, 45, 54, 56, 55, 55, 58, 56, 50, 55, 46, 61, 51, 45]
    Layer 26: dist=[43, 47, 57, 36, 59, 57, 59, 56, 52, 56, 53, 49, 52, 62, 60, 60, 43, 46, 53, 50, 53, 54, 60, 57, 53, 50, 54, 50, 58, 50, 59, 51]
    Layer 27: dist=[48, 55, 54, 59, 50, 53, 52, 44, 41, 52, 55, 52, 41, 56, 42, 45, 51, 53, 53, 53, 47, 56, 54, 44, 57, 59, 60, 60, 50, 44, 45, 60]
    Layer 28: dist=[53, 47, 54, 53, 41, 35, 40, 38, 52, 57, 47, 46, 57, 53, 48, 50, 57, 51, 53, 55, 59, 37, 32, 46, 47, 46, 50, 51, 46, 48, 35, 49]
    Layer 29: dist=[57, 58, 57, 58, 45, 56, 47, 58, 58, 57, 61, 54, 60, 61, 60, 61, 58, 56, 58, 60, 62, 61, 56, 62, 49, 59, 47, 49, 55, 51, 56, 56]
    Layer 30: dist=[40, 54, 51, 52, 53, 51, 48, 37, 60, 59, 58, 60, 53, 53, 57, 51, 52, 39, 61, 61, 29, 60, 53, 54, 60, 60, 61, 60, 55, 56, 54, 51]
    Layer 31: dist=[60, 58, 51, 49, 58, 59, 59, 59, 57, 41, 46, 47, 58, 59, 59, 58, 52, 53, 55, 48, 60, 59, 56, 59, 57, 56, 46, 60, 57, 55, 53, 57]
    Layer 32: dist=[56, 57, 58, 57, 58, 60, 59, 60, 56, 55, 59, 58, 48, 58, 54, 47, 58, 54, 54, 54, 62, 48, 57, 60, 36, 48, 44, 53, 58, 54, 51, 53]
    Layer 33: dist=[52, 61, 57, 60, 45, 52, 29, 47, 57, 58, 57, 58, 58, 59, 58, 59, 59, 59, 53, 56, 58, 49, 54, 57, 57, 59, 60, 59, 56, 56, 55, 53]
    Layer 34: dist=[56, 57, 58, 57, 55, 56, 55, 54, 25, 47, 54, 42, 58, 57, 60, 40, 42, 44, 62, 30, 58, 27, 59, 60, 61, 60, 62, 60, 26, 32, 35, 54]
    Layer 35: dist=[56, 62, 36, 50, 43, 19, 55, 48, 42, 51, 55, 49, 30, 17, 24, 22, 49, 45, 40, 27, 45, 52, 28, 27, 33, 27, 33, 35, 36, 57, 61, 58]

  [Taylor Step 2/3] OLS sigma per head (scaling V, streaming)...
    Layer  0: sigma=[0.256, 0.100, 0.100, 0.100, 0.196, 0.600, 0.100, 0.100, 0.100, 0.100, 0.141, 0.100, 0.100, 0.100, 0.100, 0.291, 0.100, 0.100, 0.100, 0.100, 0.100, 0.100, 0.100, 0.200, 0.100, 0.100, 0.578, 0.100, 0.252, 0.100, 0.100, 0.100]
    Layer  1: sigma=[0.278, 0.100, 0.100, 0.100, 0.100, 0.100, 0.100, 0.100, 0.100, 0.414, 0.277, 0.100, 0.100, 0.100, 0.100, 0.100, 0.100, 0.100, 0.100, 0.100, 0.100, 0.100, 0.100, 0.207, 0.100, 0.100, 0.179, 0.100, 0.100, 0.100, 0.100, 0.100]
    Layer  2: sigma=[0.151, 0.100, 0.100, 0.100, 0.100, 0.100, 0.100, 0.100, 0.159, 0.100, 0.100, 0.100, 0.100, 0.257, 0.100, 0.100, 0.100, 0.100, 0.100, 0.100, 0.100, 0.100, 0.100, 0.100, 0.100, 0.174, 0.100, 0.100, 0.100, 0.100, 0.100, 0.138]
    Layer  3: sigma=[0.100, 0.449, 0.100, 0.290, 0.100, 0.100, 0.100, 0.100, 0.100, 0.100, 0.100, 0.100, 0.100, 0.100, 0.100, 0.100, 0.100, 0.100, 0.120, 0.100, 0.100, 0.100, 0.100, 0.100, 0.100, 0.124, 0.114, 0.100, 0.100, 0.100, 0.100, 0.100]
    Layer  4: sigma=[0.100, 0.100, 0.100, 0.100, 0.100, 0.100, 0.100, 0.100, 0.100, 0.100, 0.100, 0.100, 0.100, 0.100, 0.100, 0.100, 0.100, 0.100, 0.100, 0.100, 0.100, 0.144, 0.312, 0.100, 0.100, 0.100, 0.100, 0.100, 0.100, 0.100, 0.100, 0.100]
    Layer  5: sigma=[0.100, 0.100, 0.114, 0.100, 0.100, 0.100, 0.100, 0.100, 0.100, 0.276, 0.100, 0.105, 0.100, 0.100, 0.100, 0.109, 0.100, 0.334, 0.100, 0.100, 0.100, 0.100, 0.100, 0.100, 0.100, 0.100, 0.100, 0.100, 0.100, 0.246, 0.100, 0.100]
    Layer  6: sigma=[0.100, 0.100, 0.167, 0.100, 0.112, 0.109, 0.100, 0.100, 0.100, 0.100, 0.100, 0.100, 0.100, 0.100, 0.100, 0.100, 0.100, 0.100, 0.100, 0.100, 0.244, 0.100, 0.100, 0.100, 0.100, 0.100, 0.100, 0.100, 0.100, 0.100, 0.100, 0.100]
    Layer  7: sigma=[0.100, 0.259, 0.100, 0.100, 0.125, 0.100, 0.100, 0.100, 0.100, 0.100, 0.100, 0.156, 0.100, 0.100, 0.100, 0.100, 0.100, 0.100, 0.100, 0.100, 0.100, 0.100, 0.100, 0.100, 0.100, 0.100, 0.100, 0.100, 0.100, 0.100, 0.100, 0.100]
    Layer  8: sigma=[0.100, 0.100, 0.100, 0.100, 0.100, 0.100, 0.100, 0.118, 0.100, 0.100, 0.100, 0.100, 0.100, 0.120, 0.100, 0.100, 0.100, 0.100, 0.100, 0.100, 0.100, 0.100, 0.100, 0.100, 0.100, 0.100, 0.100, 0.343, 0.100, 0.100, 0.100, 0.100]
    Layer  9: sigma=[0.100, 0.100, 0.128, 0.100, 0.100, 0.100, 0.100, 0.100, 0.100, 0.100, 0.100, 0.100, 0.100, 0.100, 0.816, 0.219, 0.100, 0.100, 0.100, 0.100, 0.131, 0.100, 0.105, 0.100, 0.100, 0.167, 0.100, 0.100, 0.100, 0.100, 0.100, 0.100]
    Layer 10: sigma=[0.100, 0.100, 0.100, 0.100, 0.100, 0.100, 0.100, 0.100, 0.142, 0.100, 0.100, 0.100, 0.100, 0.100, 0.100, 0.100, 0.100, 0.100, 0.100, 0.100, 0.100, 0.100, 0.100, 0.100, 0.100, 0.100, 0.100, 0.100, 0.103, 0.100, 0.108, 0.100]
    Layer 11: sigma=[0.100, 0.100, 0.100, 0.100, 0.221, 0.100, 0.166, 0.100, 0.100, 0.145, 0.100, 0.100, 0.143, 0.100, 0.290, 0.100, 0.100, 0.100, 0.100, 0.100, 0.100, 0.100, 0.100, 0.100, 0.100, 0.100, 0.254, 0.100, 0.100, 0.100, 0.102, 0.100]
    Layer 12: sigma=[0.100, 0.100, 0.100, 0.100, 0.100, 0.123, 0.100, 0.100, 0.100, 0.126, 0.100, 0.100, 0.100, 0.100, 0.100, 0.100, 0.100, 0.268, 0.529, 0.100, 0.100, 0.100, 0.100, 0.100, 0.100, 0.322, 0.100, 0.150, 0.100, 0.148, 0.137, 0.100]
    Layer 13: sigma=[0.261, 0.100, 0.100, 0.100, 0.100, 0.100, 0.100, 0.102, 0.100, 0.118, 0.127, 0.100, 0.100, 0.100, 0.100, 0.100, 0.100, 0.100, 0.100, 0.100, 0.100, 0.100, 0.100, 0.100, 0.100, 0.100, 0.100, 0.100, 0.100, 0.100, 0.100, 0.100]
    Layer 14: sigma=[0.100, 0.100, 0.112, 0.100, 0.100, 0.478, 0.100, 0.197, 0.100, 0.100, 0.100, 0.100, 0.100, 0.175, 0.100, 0.100, 0.100, 0.100, 0.155, 0.103, 0.100, 0.100, 0.100, 0.100, 0.100, 0.148, 0.100, 0.138, 0.100, 0.100, 0.119, 0.100]
    Layer 15: sigma=[0.100, 0.210, 0.100, 0.100, 0.229, 0.113, 0.100, 0.100, 0.100, 0.100, 0.100, 0.123, 0.258, 0.100, 0.100, 0.100, 0.100, 0.100, 0.109, 0.137, 0.100, 0.100, 0.100, 0.100, 0.287, 0.260, 0.100, 0.100, 0.100, 0.100, 0.100, 0.100]
    Layer 16: sigma=[0.335, 0.100, 0.100, 0.100, 0.100, 0.100, 0.100, 0.100, 0.100, 0.100, 0.100, 0.100, 0.100, 0.100, 0.100, 0.100, 0.100, 0.100, 0.100, 0.100, 0.100, 0.100, 0.100, 0.100, 0.100, 0.147, 0.100, 0.100, 0.100, 0.100, 0.100, 0.100]
    Layer 17: sigma=[0.100, 0.100, 0.100, 0.100, 0.100, 0.531, 0.100, 0.102, 0.104, 0.100, 0.100, 0.100, 0.100, 0.100, 0.100, 0.100, 0.368, 0.118, 0.100, 0.409, 0.100, 0.100, 0.100, 0.100, 0.100, 0.100, 0.355, 0.124, 0.100, 0.100, 0.100, 0.100]
    Layer 18: sigma=[0.100, 0.628, 0.100, 0.100, 0.100, 0.219, 0.100, 0.104, 0.100, 0.100, 0.100, 0.100, 0.100, 0.100, 0.100, 0.100, 0.404, 0.100, 0.100, 0.100, 0.100, 0.100, 0.100, 0.100, 0.100, 0.100, 0.100, 0.100, 0.100, 0.100, 0.100, 0.100]
    Layer 19: sigma=[0.100, 0.100, 0.100, 0.100, 0.100, 0.100, 0.174, 0.100, 0.100, 0.100, 0.100, 0.100, 0.216, 0.100, 0.100, 0.151, 0.100, 0.100, 0.100, 0.400, 0.100, 0.100, 0.100, 0.100, 0.113, 0.100, 0.100, 0.100, 0.100, 0.100, 0.100, 0.100]
    Layer 20: sigma=[0.100, 0.100, 0.176, 0.100, 0.100, 0.231, 0.223, 0.100, 0.100, 0.100, 0.100, 0.100, 0.100, 0.100, 0.100, 0.100, 0.188, 0.120, 0.100, 0.100, 0.107, 0.100, 0.100, 0.100, 0.100, 0.100, 0.100, 0.100, 0.100, 0.100, 0.100, 0.100]
    Layer 21: sigma=[0.126, 0.100, 0.100, 0.115, 0.100, 0.100, 0.100, 0.100, 0.100, 0.103, 0.100, 0.356, 0.100, 0.100, 0.151, 0.100, 0.100, 0.100, 0.100, 0.100, 0.100, 0.100, 0.100, 0.100, 0.100, 0.100, 0.100, 0.100, 0.100, 0.100, 0.482, 0.116]
    Layer 23: sigma=[0.193, 0.135, 0.176, 0.100, 0.100, 0.100, 0.211, 0.100, 0.100, 0.100, 0.100, 0.100, 0.100, 0.100, 0.100, 0.100, 0.100, 0.100, 0.100, 0.100, 0.100, 0.100, 0.100, 0.100, 0.100, 0.100, 0.100, 0.100, 0.100, 0.213, 0.234, 0.210]
    Layer 24: sigma=[0.100, 0.100, 0.100, 0.100, 0.100, 0.100, 0.100, 0.100, 0.181, 0.100, 0.100, 0.100, 0.100, 0.100, 0.100, 0.233, 0.100, 0.100, 0.100, 0.100, 0.100, 0.100, 0.100, 0.100, 0.364, 0.260, 0.111, 0.206, 0.100, 0.100, 0.100, 0.100]
    Layer 25: sigma=[0.100, 0.100, 0.100, 0.100, 0.100, 0.100, 0.100, 0.100, 0.100, 0.100, 0.100, 0.100, 0.100, 0.100, 0.100, 0.100, 0.100, 0.100, 0.100, 0.100, 0.100, 0.100, 0.100, 0.100, 0.100, 0.100, 0.100, 0.100, 0.100, 0.100, 0.100, 0.100]
    Layer 26: sigma=[0.100, 0.100, 0.100, 0.100, 0.100, 0.100, 0.100, 0.100, 0.100, 0.100, 0.100, 0.100, 0.100, 0.100, 0.100, 0.143, 0.100, 0.100, 0.100, 0.100, 0.100, 0.100, 0.100, 0.100, 0.100, 0.100, 0.100, 0.100, 0.100, 0.100, 0.100, 0.100]
    Layer 27: sigma=[0.100, 0.100, 0.100, 0.100, 0.100, 0.100, 0.100, 0.100, 0.100, 0.100, 0.100, 0.100, 0.100, 0.100, 0.100, 0.100, 0.100, 0.100, 0.100, 0.100, 0.100, 0.100, 0.100, 0.100, 0.100, 0.100, 0.100, 0.100, 0.100, 0.173, 0.100, 0.100]
    Layer 28: sigma=[0.100, 0.100, 0.100, 0.100, 0.100, 0.112, 0.100, 0.266, 0.100, 0.100, 0.100, 0.100, 0.100, 0.100, 0.100, 0.100, 0.100, 0.100, 0.100, 0.100, 0.100, 0.100, 0.100, 0.100, 0.100, 0.100, 0.100, 0.100, 0.100, 0.100, 0.100, 0.100]
    Layer 29: sigma=[0.100, 0.100, 0.100, 0.100, 0.100, 0.100, 0.100, 0.100, 0.100, 0.100, 0.100, 0.100, 0.100, 0.100, 0.100, 0.100, 0.100, 0.100, 0.100, 0.100, 0.100, 0.100, 0.100, 0.100, 0.100, 0.100, 0.100, 0.100, 0.100, 0.100, 0.100, 0.100]
    Layer 30: sigma=[0.100, 0.100, 0.100, 0.100, 0.100, 0.100, 0.100, 0.100, 0.100, 0.100, 0.100, 0.100, 0.100, 0.100, 0.100, 0.100, 0.100, 0.100, 0.100, 0.100, 0.100, 0.100, 0.100, 0.100, 0.100, 0.100, 0.100, 0.100, 0.100, 0.100, 0.100, 0.100]
    Layer 31: sigma=[0.100, 0.100, 0.100, 0.100, 0.100, 0.100, 0.100, 0.100, 0.100, 0.100, 0.100, 0.100, 0.100, 0.100, 0.100, 0.100, 0.100, 0.100, 0.100, 0.100, 0.100, 0.100, 0.100, 0.100, 0.100, 0.100, 0.100, 0.100, 0.100, 0.100, 0.100, 0.100]
    Layer 32: sigma=[0.100, 0.100, 0.100, 0.100, 0.100, 0.100, 0.100, 0.100, 0.100, 0.100, 0.100, 0.100, 0.100, 0.100, 0.100, 0.100, 0.100, 0.100, 0.100, 0.100, 0.100, 0.100, 0.100, 0.100, 0.100, 0.100, 0.100, 0.100, 0.100, 0.100, 0.100, 0.101]
    Layer 33: sigma=[0.100, 0.100, 0.100, 0.100, 0.100, 0.100, 0.110, 0.100, 0.100, 0.100, 0.100, 0.100, 0.100, 0.100, 0.100, 0.100, 0.100, 0.100, 0.100, 0.100, 0.100, 0.100, 0.100, 0.100, 0.100, 0.100, 0.100, 0.100, 0.100, 0.100, 0.100, 0.100]
    Layer 34: sigma=[0.100, 0.100, 0.100, 0.100, 0.100, 0.100, 0.100, 0.100, 0.100, 0.100, 0.100, 0.100, 0.100, 0.100, 0.100, 0.100, 0.100, 0.100, 0.100, 0.100, 0.100, 0.100, 0.100, 0.100, 0.100, 0.100, 0.100, 0.100, 0.100, 0.100, 0.100, 0.100]
    Layer 35: sigma=[0.100, 0.100, 0.100, 0.100, 0.100, 0.100, 0.100, 0.100, 0.100, 0.100, 0.100, 0.100, 0.100, 0.100, 0.100, 0.100, 0.100, 0.100, 0.100, 0.100, 0.100, 0.100, 0.159, 0.100, 0.100, 0.100, 0.100, 0.100, 0.100, 0.100, 0.100, 0.100]

  [Taylor Step 3/3] g_proj = v_proj * alpha (damping=0.01)...
    Layer  0: alpha=0.068999  teacher_rms=0.0168  v_rms=0.0024
    Layer  1: alpha=0.057781  teacher_rms=0.0216  v_rms=0.0037
    Layer  2: alpha=0.054845  teacher_rms=0.0222  v_rms=0.0041
    Layer  3: alpha=0.041731  teacher_rms=0.0261  v_rms=0.0063
    Layer  4: alpha=0.049223  teacher_rms=0.0316  v_rms=0.0064
    Layer  5: alpha=0.052629  teacher_rms=0.0412  v_rms=0.0078
    Layer  6: alpha=0.074846  teacher_rms=0.0646  v_rms=0.0086
    Layer  7: alpha=0.040223  teacher_rms=0.0510  v_rms=0.0127
    Layer  8: alpha=0.039762  teacher_rms=0.0695  v_rms=0.0175
    Layer  9: alpha=0.025718  teacher_rms=0.0701  v_rms=0.0273
    Layer 10: alpha=0.048879  teacher_rms=0.1071  v_rms=0.0219
    Layer 11: alpha=0.052908  teacher_rms=0.1038  v_rms=0.0196
    Layer 12: alpha=0.044768  teacher_rms=0.1177  v_rms=0.0263
    Layer 13: alpha=0.054301  teacher_rms=0.1013  v_rms=0.0187
    Layer 14: alpha=0.054004  teacher_rms=0.1546  v_rms=0.0286
    Layer 15: alpha=0.047222  teacher_rms=0.1546  v_rms=0.0327
    Layer 16: alpha=0.039790  teacher_rms=0.1446  v_rms=0.0363
    Layer 17: alpha=0.034846  teacher_rms=0.1762  v_rms=0.0506
    Layer 18: alpha=0.033047  teacher_rms=0.1919  v_rms=0.0581
    Layer 19: alpha=0.049587  teacher_rms=0.2023  v_rms=0.0408
    Layer 20: alpha=0.050960  teacher_rms=0.1938  v_rms=0.0380
    Layer 21: alpha=0.040161  teacher_rms=0.2301  v_rms=0.0573
    Layer 23: alpha=0.049210  teacher_rms=0.3026  v_rms=0.0615
    Layer 24: alpha=0.033733  teacher_rms=0.2864  v_rms=0.0849
    Layer 25: alpha=0.038418  teacher_rms=0.2261  v_rms=0.0589
    Layer 26: alpha=0.026858  teacher_rms=0.1994  v_rms=0.0742
    Layer 27: alpha=0.033486  teacher_rms=0.2900  v_rms=0.0866
    Layer 28: alpha=0.037633  teacher_rms=0.3530  v_rms=0.0938
    Layer 29: alpha=0.016275  teacher_rms=0.2479  v_rms=0.1523
    Layer 30: alpha=0.025867  teacher_rms=0.3921  v_rms=0.1516
    Layer 31: alpha=0.018626  teacher_rms=0.3452  v_rms=0.1853
    Layer 32: alpha=0.021925  teacher_rms=0.5106  v_rms=0.2329
    Layer 33: alpha=0.016332  teacher_rms=0.5964  v_rms=0.3652
    Layer 34: alpha=0.031180  teacher_rms=1.0165  v_rms=0.3260
    Layer 35: alpha=0.057453  teacher_rms=1.0378  v_rms=0.1806

  Set g_proj = v_proj * alpha in 35 GDN layers (damping=0.01).
  Init (taylor_distill) done in 334.7s
  Layer 22: PPL = 951.48  (eval 13.3s)

============================================================
  Probing layer 23 | strategy=taylor_distill
============================================================
Loading checkpoint shards:   0%|          | 0/4 [00:00<?, ?it/s]Loading checkpoint shards: 100%|██████████| 4/4 [00:00<00:00, 152.79it/s]
Could not cache non-existence of file. Will ignore error and continue. Error: [Errno 13] Permission denied: '/data/shared/huggingface/hub/models--Qwen--Qwen3-8B/.no_exist/b968826d9c46dd6066d109eabc6255188de91218/model.safetensors'
Loading checkpoint shards:   0%|          | 0/5 [00:00<?, ?it/s]Loading checkpoint shards: 100%|██████████| 5/5 [00:00<00:00, 51.21it/s]
Token indices sequence length is longer than the specified maximum sequence length for this model (2429029 > 131072). Running this sequence through the model will result in indexing errors
  [Taylor Step 1/3] Gate calibration from attention stats...
    Layer  0: dist=[18, 2, 6, 20, 8, 14, 6, 7, 10, 4, 6, 7, 10, 18, 17, 5, 9, 11, 8, 8, 8, 12, 2, 7, 4, 26, 5, 26, 9, 19, 9, 8]
    Layer  1: dist=[12, 21, 14, 26, 2, 9, 17, 7, 25, 18, 32, 29, 18, 28, 28, 20, 17, 26, 31, 18, 28, 17, 21, 21, 26, 8, 25, 23, 41, 16, 20, 28]
    Layer  2: dist=[36, 36, 37, 32, 17, 27, 20, 24, 21, 24, 29, 33, 28, 25, 26, 34, 32, 26, 28, 22, 28, 36, 27, 27, 14, 14, 11, 19, 41, 42, 43, 41]
    Layer  3: dist=[40, 20, 9, 12, 49, 50, 46, 42, 30, 27, 33, 31, 49, 43, 42, 42, 35, 37, 29, 37, 42, 33, 32, 36, 35, 30, 29, 33, 39, 36, 40, 37]
    Layer  4: dist=[31, 35, 41, 36, 41, 33, 35, 48, 37, 38, 34, 34, 31, 31, 38, 35, 35, 37, 38, 39, 34, 35, 25, 34, 26, 32, 27, 21, 28, 33, 30, 30]
    Layer  5: dist=[23, 29, 30, 21, 36, 34, 29, 29, 4, 14, 40, 38, 31, 43, 32, 30, 23, 20, 28, 28, 29, 30, 27, 33, 38, 39, 43, 43, 26, 25, 29, 32]
    Layer  6: dist=[16, 22, 17, 17, 27, 24, 34, 32, 25, 12, 21, 20, 31, 34, 28, 16, 28, 20, 24, 23, 13, 18, 18, 8, 21, 24, 18, 28, 24, 25, 21, 27]
    Layer  7: dist=[31, 36, 33, 46, 63, 57, 63, 60, 45, 60, 53, 41, 54, 15, 30, 49, 42, 54, 44, 44, 54, 45, 58, 59, 34, 41, 25, 43, 49, 51, 49, 54]
    Layer  8: dist=[45, 46, 49, 29, 43, 41, 35, 44, 46, 52, 43, 48, 51, 43, 49, 36, 60, 56, 54, 51, 44, 54, 51, 57, 47, 37, 51, 36, 44, 38, 42, 44]
    Layer  9: dist=[40, 32, 31, 36, 45, 49, 48, 40, 62, 61, 60, 56, 14, 46, 32, 45, 49, 53, 59, 62, 44, 40, 35, 41, 61, 44, 49, 54, 62, 57, 63, 61]
    Layer 10: dist=[39, 39, 30, 39, 46, 55, 33, 41, 34, 45, 55, 26, 49, 36, 42, 44, 45, 53, 52, 50, 46, 31, 56, 51, 51, 56, 47, 43, 40, 39, 44, 47]
    Layer 11: dist=[33, 33, 47, 27, 29, 36, 43, 42, 52, 62, 57, 49, 44, 33, 38, 39, 39, 36, 33, 25, 42, 56, 46, 46, 39, 32, 36, 32, 49, 34, 31, 48]
    Layer 12: dist=[12, 40, 39, 33, 43, 46, 39, 36, 33, 36, 44, 44, 50, 45, 45, 49, 21, 38, 29, 44, 55, 54, 53, 56, 49, 1, 56, 23, 43, 45, 59, 49]
    Layer 13: dist=[29, 36, 39, 36, 31, 29, 35, 22, 47, 36, 52, 61, 64, 58, 55, 62, 46, 39, 31, 36, 47, 33, 44, 46, 44, 33, 40, 41, 58, 56, 49, 51]
    Layer 14: dist=[25, 35, 34, 24, 39, 24, 35, 33, 31, 32, 37, 37, 36, 40, 35, 36, 41, 46, 31, 35, 33, 17, 28, 42, 27, 38, 40, 38, 43, 44, 5, 48]
    Layer 15: dist=[45, 27, 43, 23, 20, 22, 41, 33, 48, 33, 26, 54, 37, 56, 41, 47, 33, 33, 34, 36, 33, 30, 27, 27, 27, 20, 41, 37, 38, 47, 38, 28]
    Layer 16: dist=[37, 32, 42, 47, 29, 35, 26, 31, 29, 45, 40, 43, 49, 35, 44, 47, 38, 41, 34, 35, 59, 60, 57, 54, 39, 28, 34, 6, 32, 33, 36, 32]
    Layer 17: dist=[58, 50, 41, 34, 28, 31, 22, 25, 44, 54, 42, 49, 23, 32, 39, 39, 24, 29, 32, 22, 39, 51, 49, 48, 30, 28, 31, 26, 29, 43, 47, 36]
    Layer 18: dist=[20, 27, 19, 18, 29, 37, 39, 30, 37, 40, 37, 45, 34, 34, 31, 35, 26, 41, 42, 28, 38, 28, 37, 52, 31, 35, 35, 36, 30, 29, 43, 31]
    Layer 19: dist=[39, 33, 35, 35, 43, 54, 30, 38, 40, 44, 41, 48, 35, 31, 40, 35, 44, 42, 26, 29, 10, 28, 18, 27, 52, 54, 52, 58, 44, 43, 41, 41]
    Layer 20: dist=[46, 39, 44, 40, 41, 27, 28, 31, 23, 21, 26, 21, 48, 42, 48, 50, 24, 28, 31, 21, 38, 57, 52, 51, 63, 51, 53, 44, 49, 43, 55, 55]
    Layer 21: dist=[26, 25, 30, 35, 58, 33, 53, 58, 61, 33, 39, 38, 26, 24, 25, 23, 39, 40, 45, 32, 47, 52, 48, 49, 35, 34, 32, 44, 38, 40, 34, 47]
    Layer 22: dist=[39, 32, 37, 33, 28, 38, 24, 30, 21, 27, 24, 35, 9, 46, 32, 35, 18, 40, 40, 23, 53, 59, 60, 61, 51, 44, 46, 48, 57, 47, 53, 50]
    Layer 24: dist=[40, 62, 57, 51, 50, 56, 54, 47, 52, 54, 52, 43, 41, 39, 47, 40, 42, 49, 44, 42, 60, 53, 52, 58, 31, 41, 39, 29, 50, 57, 51, 47]
    Layer 25: dist=[50, 60, 59, 49, 38, 38, 54, 42, 46, 52, 47, 48, 36, 45, 27, 37, 48, 50, 49, 45, 54, 56, 55, 55, 58, 56, 50, 55, 46, 61, 51, 45]
    Layer 26: dist=[43, 47, 57, 36, 59, 57, 59, 56, 52, 56, 53, 49, 52, 62, 60, 60, 43, 46, 53, 50, 53, 54, 60, 57, 53, 50, 54, 50, 58, 50, 59, 51]
    Layer 27: dist=[48, 55, 54, 59, 50, 53, 52, 44, 41, 52, 55, 52, 41, 56, 42, 45, 51, 53, 53, 53, 47, 56, 54, 44, 57, 59, 60, 60, 50, 44, 45, 60]
    Layer 28: dist=[53, 47, 54, 53, 41, 35, 40, 38, 52, 57, 47, 46, 57, 53, 48, 50, 57, 51, 53, 55, 59, 37, 32, 46, 47, 46, 50, 51, 46, 48, 35, 49]
    Layer 29: dist=[57, 58, 57, 58, 45, 56, 47, 58, 58, 57, 61, 54, 60, 61, 60, 61, 58, 56, 58, 60, 62, 61, 56, 62, 49, 59, 47, 49, 55, 51, 56, 56]
    Layer 30: dist=[40, 54, 51, 52, 53, 51, 48, 37, 60, 59, 58, 60, 53, 53, 57, 51, 52, 39, 61, 61, 29, 60, 53, 54, 60, 60, 61, 60, 55, 56, 54, 51]
    Layer 31: dist=[60, 58, 51, 49, 58, 59, 59, 59, 57, 41, 46, 47, 58, 59, 59, 58, 52, 53, 55, 48, 60, 59, 56, 59, 57, 56, 46, 60, 57, 55, 53, 57]
    Layer 32: dist=[56, 57, 58, 57, 58, 60, 59, 60, 56, 55, 59, 58, 48, 58, 54, 47, 58, 54, 54, 54, 62, 48, 57, 60, 36, 48, 44, 53, 58, 54, 51, 53]
    Layer 33: dist=[52, 61, 57, 60, 45, 52, 29, 47, 57, 58, 57, 58, 58, 59, 58, 59, 59, 59, 53, 56, 58, 49, 54, 57, 57, 59, 60, 59, 56, 56, 55, 53]
    Layer 34: dist=[56, 57, 58, 57, 55, 56, 55, 54, 25, 47, 54, 42, 58, 57, 60, 40, 42, 44, 62, 30, 58, 27, 59, 60, 61, 60, 62, 60, 26, 32, 35, 54]
    Layer 35: dist=[56, 62, 36, 50, 43, 19, 55, 48, 42, 51, 55, 49, 30, 17, 24, 22, 49, 45, 40, 27, 45, 52, 28, 27, 33, 27, 33, 35, 36, 57, 61, 58]

  [Taylor Step 2/3] OLS sigma per head (scaling V, streaming)...
    Layer  0: sigma=[0.258, 0.100, 0.100, 0.100, 0.197, 0.602, 0.100, 0.100, 0.100, 0.100, 0.141, 0.100, 0.100, 0.100, 0.100, 0.291, 0.100, 0.100, 0.100, 0.100, 0.100, 0.100, 0.100, 0.200, 0.100, 0.100, 0.576, 0.100, 0.251, 0.100, 0.100, 0.100]
    Layer  1: sigma=[0.280, 0.100, 0.100, 0.100, 0.100, 0.100, 0.100, 0.100, 0.100, 0.410, 0.279, 0.100, 0.100, 0.100, 0.100, 0.100, 0.100, 0.100, 0.100, 0.100, 0.100, 0.100, 0.100, 0.207, 0.100, 0.100, 0.177, 0.100, 0.100, 0.100, 0.100, 0.100]
    Layer  2: sigma=[0.152, 0.100, 0.100, 0.100, 0.100, 0.100, 0.100, 0.100, 0.160, 0.100, 0.100, 0.100, 0.100, 0.256, 0.100, 0.100, 0.100, 0.100, 0.100, 0.100, 0.100, 0.100, 0.100, 0.100, 0.100, 0.176, 0.100, 0.100, 0.100, 0.100, 0.100, 0.138]
    Layer  3: sigma=[0.100, 0.449, 0.100, 0.291, 0.100, 0.100, 0.100, 0.100, 0.100, 0.100, 0.100, 0.100, 0.100, 0.100, 0.100, 0.100, 0.100, 0.100, 0.120, 0.100, 0.100, 0.100, 0.100, 0.100, 0.100, 0.123, 0.110, 0.100, 0.100, 0.100, 0.100, 0.100]
    Layer  4: sigma=[0.100, 0.100, 0.100, 0.100, 0.100, 0.100, 0.100, 0.100, 0.100, 0.100, 0.100, 0.100, 0.100, 0.100, 0.100, 0.100, 0.100, 0.100, 0.100, 0.100, 0.100, 0.147, 0.316, 0.100, 0.100, 0.100, 0.100, 0.100, 0.100, 0.100, 0.100, 0.100]
    Layer  5: sigma=[0.100, 0.100, 0.110, 0.100, 0.100, 0.100, 0.100, 0.104, 0.100, 0.268, 0.100, 0.107, 0.100, 0.100, 0.100, 0.111, 0.100, 0.324, 0.100, 0.100, 0.100, 0.100, 0.100, 0.100, 0.100, 0.100, 0.100, 0.100, 0.100, 0.245, 0.100, 0.100]
    Layer  6: sigma=[0.100, 0.100, 0.172, 0.100, 0.116, 0.110, 0.100, 0.100, 0.100, 0.100, 0.100, 0.100, 0.100, 0.100, 0.100, 0.100, 0.100, 0.100, 0.100, 0.100, 0.240, 0.100, 0.100, 0.100, 0.100, 0.100, 0.103, 0.100, 0.100, 0.100, 0.100, 0.100]
    Layer  7: sigma=[0.100, 0.221, 0.100, 0.100, 0.132, 0.100, 0.100, 0.100, 0.100, 0.100, 0.100, 0.146, 0.100, 0.100, 0.100, 0.100, 0.100, 0.100, 0.100, 0.100, 0.100, 0.100, 0.100, 0.100, 0.100, 0.100, 0.100, 0.100, 0.100, 0.100, 0.100, 0.100]
    Layer  8: sigma=[0.100, 0.100, 0.100, 0.100, 0.100, 0.100, 0.100, 0.112, 0.100, 0.100, 0.100, 0.100, 0.100, 0.125, 0.100, 0.100, 0.100, 0.100, 0.100, 0.100, 0.100, 0.100, 0.100, 0.100, 0.100, 0.100, 0.100, 0.319, 0.100, 0.100, 0.100, 0.100]
    Layer  9: sigma=[0.100, 0.100, 0.124, 0.100, 0.100, 0.100, 0.100, 0.100, 0.100, 0.100, 0.100, 0.100, 0.100, 0.100, 0.652, 0.226, 0.100, 0.100, 0.100, 0.100, 0.138, 0.100, 0.100, 0.100, 0.100, 0.169, 0.100, 0.100, 0.100, 0.100, 0.100, 0.100]
    Layer 10: sigma=[0.100, 0.100, 0.100, 0.100, 0.100, 0.100, 0.100, 0.100, 0.139, 0.100, 0.100, 0.100, 0.100, 0.100, 0.100, 0.100, 0.100, 0.100, 0.100, 0.100, 0.100, 0.100, 0.100, 0.100, 0.100, 0.100, 0.100, 0.100, 0.101, 0.100, 0.110, 0.100]
    Layer 11: sigma=[0.100, 0.100, 0.100, 0.100, 0.246, 0.100, 0.165, 0.100, 0.100, 0.148, 0.100, 0.100, 0.138, 0.100, 0.309, 0.100, 0.100, 0.100, 0.100, 0.100, 0.100, 0.100, 0.100, 0.100, 0.100, 0.100, 0.258, 0.100, 0.100, 0.100, 0.103, 0.100]
    Layer 12: sigma=[0.100, 0.100, 0.100, 0.100, 0.100, 0.112, 0.100, 0.100, 0.100, 0.117, 0.100, 0.100, 0.100, 0.100, 0.100, 0.100, 0.100, 0.267, 0.413, 0.100, 0.100, 0.100, 0.100, 0.100, 0.100, 0.302, 0.100, 0.124, 0.100, 0.144, 0.135, 0.100]
    Layer 13: sigma=[0.249, 0.100, 0.100, 0.100, 0.100, 0.100, 0.100, 0.112, 0.100, 0.120, 0.128, 0.100, 0.100, 0.100, 0.100, 0.100, 0.100, 0.100, 0.100, 0.100, 0.100, 0.100, 0.100, 0.100, 0.100, 0.100, 0.100, 0.100, 0.100, 0.100, 0.100, 0.100]
    Layer 14: sigma=[0.100, 0.100, 0.109, 0.100, 0.100, 0.474, 0.100, 0.170, 0.100, 0.100, 0.100, 0.100, 0.100, 0.168, 0.100, 0.100, 0.100, 0.100, 0.176, 0.116, 0.100, 0.100, 0.100, 0.100, 0.100, 0.157, 0.100, 0.132, 0.100, 0.100, 0.207, 0.100]
    Layer 15: sigma=[0.100, 0.240, 0.100, 0.108, 0.212, 0.120, 0.100, 0.100, 0.100, 0.100, 0.100, 0.124, 0.251, 0.100, 0.100, 0.100, 0.100, 0.100, 0.111, 0.152, 0.100, 0.100, 0.100, 0.100, 0.235, 0.245, 0.100, 0.100, 0.100, 0.100, 0.100, 0.100]
    Layer 16: sigma=[0.343, 0.100, 0.100, 0.100, 0.100, 0.100, 0.100, 0.100, 0.100, 0.100, 0.100, 0.100, 0.100, 0.100, 0.100, 0.100, 0.100, 0.100, 0.100, 0.100, 0.100, 0.100, 0.100, 0.100, 0.100, 0.163, 0.100, 0.100, 0.100, 0.100, 0.100, 0.100]
    Layer 17: sigma=[0.100, 0.100, 0.100, 0.100, 0.100, 0.531, 0.100, 0.100, 0.107, 0.100, 0.100, 0.100, 0.100, 0.100, 0.100, 0.100, 0.301, 0.100, 0.100, 0.360, 0.100, 0.100, 0.100, 0.100, 0.100, 0.100, 0.361, 0.120, 0.100, 0.100, 0.100, 0.100]
    Layer 18: sigma=[0.100, 0.755, 0.100, 0.100, 0.100, 0.209, 0.100, 0.129, 0.100, 0.100, 0.100, 0.100, 0.100, 0.100, 0.100, 0.100, 0.444, 0.100, 0.100, 0.100, 0.100, 0.100, 0.100, 0.100, 0.100, 0.100, 0.100, 0.100, 0.100, 0.100, 0.100, 0.100]
    Layer 19: sigma=[0.100, 0.100, 0.100, 0.100, 0.100, 0.100, 0.286, 0.100, 0.100, 0.100, 0.100, 0.100, 0.217, 0.100, 0.100, 0.152, 0.100, 0.100, 0.100, 0.436, 0.100, 0.100, 0.100, 0.100, 0.120, 0.100, 0.100, 0.100, 0.100, 0.100, 0.100, 0.100]
    Layer 20: sigma=[0.100, 0.100, 0.207, 0.100, 0.100, 0.220, 0.157, 0.100, 0.100, 0.100, 0.100, 0.100, 0.100, 0.100, 0.100, 0.100, 0.183, 0.100, 0.100, 0.100, 0.100, 0.100, 0.100, 0.100, 0.100, 0.100, 0.100, 0.100, 0.100, 0.100, 0.100, 0.100]
    Layer 21: sigma=[0.112, 0.100, 0.100, 0.128, 0.100, 0.100, 0.100, 0.100, 0.100, 0.100, 0.100, 0.400, 0.100, 0.100, 0.100, 0.100, 0.100, 0.100, 0.100, 0.134, 0.100, 0.100, 0.100, 0.100, 0.100, 0.100, 0.100, 0.100, 0.100, 0.100, 0.273, 0.120]
    Layer 22: sigma=[0.163, 0.100, 0.100, 0.100, 0.135, 0.104, 0.117, 0.189, 0.167, 0.100, 0.100, 0.100, 0.100, 0.100, 0.100, 0.100, 0.100, 0.100, 0.102, 0.137, 0.100, 0.100, 0.100, 0.100, 0.100, 0.100, 0.100, 0.100, 0.100, 0.100, 0.100, 0.100]
    Layer 24: sigma=[0.100, 0.100, 0.100, 0.100, 0.100, 0.100, 0.100, 0.100, 0.205, 0.100, 0.100, 0.100, 0.100, 0.100, 0.100, 0.176, 0.100, 0.100, 0.100, 0.100, 0.100, 0.100, 0.100, 0.100, 0.269, 0.344, 0.179, 0.217, 0.100, 0.100, 0.100, 0.100]
    Layer 25: sigma=[0.100, 0.100, 0.100, 0.100, 0.100, 0.100, 0.100, 0.100, 0.100, 0.100, 0.100, 0.100, 0.100, 0.100, 0.100, 0.100, 0.100, 0.100, 0.100, 0.100, 0.100, 0.100, 0.100, 0.100, 0.100, 0.100, 0.100, 0.100, 0.100, 0.100, 0.100, 0.100]
    Layer 26: sigma=[0.100, 0.100, 0.100, 0.100, 0.100, 0.100, 0.100, 0.100, 0.100, 0.100, 0.100, 0.100, 0.100, 0.100, 0.100, 0.131, 0.100, 0.100, 0.100, 0.100, 0.100, 0.100, 0.100, 0.100, 0.100, 0.100, 0.100, 0.100, 0.100, 0.100, 0.100, 0.100]
    Layer 27: sigma=[0.100, 0.100, 0.100, 0.100, 0.100, 0.100, 0.100, 0.100, 0.100, 0.100, 0.100, 0.100, 0.100, 0.100, 0.100, 0.100, 0.100, 0.100, 0.100, 0.100, 0.100, 0.100, 0.100, 0.100, 0.100, 0.100, 0.100, 0.100, 0.100, 0.199, 0.100, 0.100]
    Layer 28: sigma=[0.100, 0.100, 0.100, 0.100, 0.113, 0.100, 0.100, 0.240, 0.100, 0.100, 0.100, 0.100, 0.100, 0.100, 0.100, 0.100, 0.100, 0.100, 0.100, 0.100, 0.100, 0.100, 0.100, 0.100, 0.100, 0.100, 0.100, 0.100, 0.100, 0.100, 0.100, 0.100]
    Layer 29: sigma=[0.100, 0.100, 0.100, 0.100, 0.100, 0.100, 0.100, 0.100, 0.100, 0.100, 0.100, 0.100, 0.100, 0.100, 0.100, 0.100, 0.100, 0.100, 0.100, 0.100, 0.100, 0.100, 0.100, 0.100, 0.100, 0.100, 0.100, 0.100, 0.100, 0.100, 0.100, 0.100]
    Layer 30: sigma=[0.100, 0.100, 0.100, 0.100, 0.100, 0.100, 0.100, 0.100, 0.100, 0.100, 0.100, 0.100, 0.100, 0.100, 0.100, 0.100, 0.108, 0.100, 0.100, 0.100, 0.100, 0.100, 0.100, 0.100, 0.100, 0.100, 0.100, 0.100, 0.100, 0.100, 0.100, 0.100]
    Layer 31: sigma=[0.100, 0.100, 0.100, 0.100, 0.100, 0.100, 0.100, 0.100, 0.100, 0.100, 0.100, 0.100, 0.100, 0.100, 0.100, 0.100, 0.100, 0.100, 0.100, 0.100, 0.100, 0.100, 0.100, 0.100, 0.100, 0.100, 0.100, 0.100, 0.100, 0.100, 0.100, 0.100]
    Layer 32: sigma=[0.100, 0.100, 0.100, 0.100, 0.100, 0.100, 0.100, 0.100, 0.100, 0.100, 0.100, 0.100, 0.100, 0.100, 0.100, 0.100, 0.100, 0.100, 0.100, 0.100, 0.100, 0.100, 0.100, 0.100, 0.100, 0.100, 0.100, 0.100, 0.100, 0.100, 0.100, 0.100]
    Layer 33: sigma=[0.100, 0.100, 0.100, 0.100, 0.100, 0.100, 0.100, 0.100, 0.100, 0.100, 0.100, 0.100, 0.100, 0.100, 0.100, 0.100, 0.100, 0.100, 0.100, 0.100, 0.100, 0.100, 0.100, 0.100, 0.100, 0.100, 0.100, 0.100, 0.100, 0.100, 0.100, 0.100]
    Layer 34: sigma=[0.100, 0.100, 0.100, 0.100, 0.100, 0.100, 0.100, 0.100, 0.100, 0.100, 0.100, 0.100, 0.100, 0.100, 0.100, 0.100, 0.100, 0.100, 0.100, 0.100, 0.100, 0.100, 0.100, 0.100, 0.100, 0.100, 0.100, 0.100, 0.100, 0.100, 0.100, 0.100]
    Layer 35: sigma=[0.100, 0.100, 0.100, 0.100, 0.100, 0.100, 0.100, 0.100, 0.100, 0.100, 0.100, 0.100, 0.100, 0.100, 0.100, 0.100, 0.100, 0.100, 0.100, 0.100, 0.100, 0.100, 0.172, 0.100, 0.100, 0.100, 0.100, 0.100, 0.100, 0.100, 0.100, 0.100]

  [Taylor Step 3/3] g_proj = v_proj * alpha (damping=0.01)...
    Layer  0: alpha=0.068983  teacher_rms=0.0168  v_rms=0.0024
    Layer  1: alpha=0.057856  teacher_rms=0.0216  v_rms=0.0037
    Layer  2: alpha=0.054833  teacher_rms=0.0222  v_rms=0.0041
    Layer  3: alpha=0.041764  teacher_rms=0.0261  v_rms=0.0063
    Layer  4: alpha=0.049073  teacher_rms=0.0316  v_rms=0.0064
    Layer  5: alpha=0.053109  teacher_rms=0.0412  v_rms=0.0078
    Layer  6: alpha=0.074773  teacher_rms=0.0646  v_rms=0.0086
    Layer  7: alpha=0.041308  teacher_rms=0.0510  v_rms=0.0123
    Layer  8: alpha=0.040635  teacher_rms=0.0695  v_rms=0.0171
    Layer  9: alpha=0.029201  teacher_rms=0.0701  v_rms=0.0240
    Layer 10: alpha=0.048932  teacher_rms=0.1071  v_rms=0.0219
    Layer 11: alpha=0.051734  teacher_rms=0.1038  v_rms=0.0201
    Layer 12: alpha=0.049116  teacher_rms=0.1177  v_rms=0.0240
    Layer 13: alpha=0.054290  teacher_rms=0.1013  v_rms=0.0187
    Layer 14: alpha=0.052939  teacher_rms=0.1546  v_rms=0.0292
    Layer 15: alpha=0.047279  teacher_rms=0.1546  v_rms=0.0327
    Layer 16: alpha=0.039398  teacher_rms=0.1446  v_rms=0.0367
    Layer 17: alpha=0.035675  teacher_rms=0.1762  v_rms=0.0494
    Layer 18: alpha=0.028756  teacher_rms=0.1919  v_rms=0.0667
    Layer 19: alpha=0.046080  teacher_rms=0.2023  v_rms=0.0439
    Layer 20: alpha=0.052910  teacher_rms=0.1938  v_rms=0.0366
    Layer 21: alpha=0.045597  teacher_rms=0.2301  v_rms=0.0505
    Layer 22: alpha=0.055527  teacher_rms=0.2755  v_rms=0.0496
    Layer 24: alpha=0.033132  teacher_rms=0.2864  v_rms=0.0864
    Layer 25: alpha=0.038418  teacher_rms=0.2261  v_rms=0.0589
    Layer 26: alpha=0.027027  teacher_rms=0.1994  v_rms=0.0738
    Layer 27: alpha=0.033057  teacher_rms=0.2900  v_rms=0.0877
    Layer 28: alpha=0.038195  teacher_rms=0.3530  v_rms=0.0924
    Layer 29: alpha=0.016275  teacher_rms=0.2479  v_rms=0.1523
    Layer 30: alpha=0.025793  teacher_rms=0.3921  v_rms=0.1520
    Layer 31: alpha=0.018626  teacher_rms=0.3452  v_rms=0.1853
    Layer 32: alpha=0.021930  teacher_rms=0.5106  v_rms=0.2328
    Layer 33: alpha=0.016345  teacher_rms=0.5964  v_rms=0.3649
    Layer 34: alpha=0.031180  teacher_rms=1.0165  v_rms=0.3260
    Layer 35: alpha=0.057140  teacher_rms=1.0378  v_rms=0.1816

  Set g_proj = v_proj * alpha in 35 GDN layers (damping=0.01).
  Init (taylor_distill) done in 529.3s
  Layer 23: PPL = 961.28  (eval 21.0s)

============================================================
  Probing layer 24 | strategy=taylor_distill
============================================================
Loading checkpoint shards:   0%|          | 0/4 [00:00<?, ?it/s]Loading checkpoint shards:  75%|███████▌  | 3/4 [00:00<00:00, 29.30it/s]Loading checkpoint shards: 100%|██████████| 4/4 [00:00<00:00, 37.91it/s]
Could not cache non-existence of file. Will ignore error and continue. Error: [Errno 13] Permission denied: '/data/shared/huggingface/hub/models--Qwen--Qwen3-8B/.no_exist/b968826d9c46dd6066d109eabc6255188de91218/model.safetensors'
Loading checkpoint shards:   0%|          | 0/5 [00:00<?, ?it/s]Loading checkpoint shards: 100%|██████████| 5/5 [00:00<00:00, 184.00it/s]
Token indices sequence length is longer than the specified maximum sequence length for this model (2429029 > 131072). Running this sequence through the model will result in indexing errors
  [Taylor Step 1/3] Gate calibration from attention stats...
    Layer  0: dist=[18, 2, 6, 20, 8, 14, 6, 7, 10, 4, 6, 7, 10, 18, 17, 5, 9, 11, 8, 8, 8, 12, 2, 7, 4, 26, 5, 26, 9, 19, 9, 8]
    Layer  1: dist=[12, 21, 14, 26, 2, 9, 17, 7, 25, 18, 32, 29, 18, 28, 28, 20, 17, 26, 31, 18, 28, 17, 21, 21, 26, 8, 25, 23, 41, 16, 20, 28]
    Layer  2: dist=[36, 36, 37, 32, 17, 27, 20, 24, 21, 24, 29, 33, 28, 25, 26, 34, 32, 26, 28, 22, 28, 36, 27, 27, 14, 14, 11, 19, 41, 42, 43, 41]
    Layer  3: dist=[40, 20, 9, 12, 49, 50, 46, 42, 30, 27, 33, 31, 49, 43, 42, 42, 35, 37, 29, 37, 42, 33, 32, 36, 35, 30, 29, 33, 39, 36, 40, 37]
    Layer  4: dist=[31, 35, 41, 36, 41, 33, 35, 48, 37, 38, 34, 34, 31, 31, 38, 35, 35, 37, 38, 39, 34, 35, 25, 34, 26, 32, 27, 21, 28, 33, 30, 30]
    Layer  5: dist=[23, 29, 30, 21, 36, 34, 29, 29, 4, 14, 40, 38, 31, 43, 32, 30, 23, 20, 28, 28, 29, 30, 27, 33, 38, 39, 43, 43, 26, 25, 29, 32]
    Layer  6: dist=[16, 22, 17, 17, 27, 24, 34, 32, 25, 12, 21, 20, 31, 34, 28, 16, 28, 20, 24, 23, 13, 18, 18, 8, 21, 24, 18, 28, 24, 25, 21, 27]
    Layer  7: dist=[31, 36, 33, 46, 63, 57, 63, 60, 45, 60, 53, 41, 54, 15, 30, 49, 42, 54, 44, 44, 54, 45, 58, 59, 34, 41, 25, 43, 49, 51, 49, 54]
    Layer  8: dist=[45, 46, 49, 29, 43, 41, 35, 44, 46, 52, 43, 48, 51, 43, 49, 36, 60, 56, 54, 51, 44, 54, 51, 57, 47, 37, 51, 36, 44, 38, 42, 44]
    Layer  9: dist=[40, 32, 31, 36, 45, 49, 48, 40, 62, 61, 60, 56, 14, 46, 32, 45, 49, 53, 59, 62, 44, 40, 35, 41, 61, 44, 49, 54, 62, 57, 63, 61]
    Layer 10: dist=[39, 39, 30, 39, 46, 55, 33, 41, 34, 45, 55, 26, 49, 36, 42, 44, 45, 53, 52, 50, 46, 31, 56, 51, 51, 56, 47, 43, 40, 39, 44, 47]
    Layer 11: dist=[33, 33, 47, 27, 29, 36, 43, 42, 52, 62, 57, 49, 44, 33, 38, 39, 39, 36, 33, 25, 42, 56, 46, 46, 39, 32, 36, 32, 49, 34, 31, 48]
    Layer 12: dist=[12, 40, 39, 33, 43, 46, 39, 36, 33, 36, 44, 44, 50, 45, 45, 49, 21, 38, 29, 44, 55, 54, 53, 56, 49, 1, 56, 23, 43, 45, 59, 49]
    Layer 13: dist=[29, 36, 39, 36, 31, 29, 35, 22, 47, 36, 52, 61, 64, 58, 55, 62, 46, 39, 31, 36, 47, 33, 44, 46, 44, 33, 40, 41, 58, 56, 49, 51]
    Layer 14: dist=[25, 35, 34, 24, 39, 24, 35, 33, 31, 32, 37, 37, 36, 40, 35, 36, 41, 46, 31, 35, 33, 17, 28, 42, 27, 38, 40, 38, 43, 44, 5, 48]
    Layer 15: dist=[45, 27, 43, 23, 20, 22, 41, 33, 48, 33, 26, 54, 37, 56, 41, 47, 33, 33, 34, 36, 33, 30, 27, 27, 27, 20, 41, 37, 38, 47, 38, 28]
    Layer 16: dist=[37, 32, 42, 47, 29, 35, 26, 31, 29, 45, 40, 43, 49, 35, 44, 47, 38, 41, 34, 35, 59, 60, 57, 54, 39, 28, 34, 6, 32, 33, 36, 32]
    Layer 17: dist=[58, 50, 41, 34, 28, 31, 22, 25, 44, 54, 42, 49, 23, 32, 39, 39, 24, 29, 32, 22, 39, 51, 49, 48, 30, 28, 31, 26, 29, 43, 47, 36]
    Layer 18: dist=[20, 27, 19, 18, 29, 37, 39, 30, 37, 40, 37, 45, 34, 34, 31, 35, 26, 41, 42, 28, 38, 28, 37, 52, 31, 35, 35, 36, 30, 29, 43, 31]
    Layer 19: dist=[39, 33, 35, 35, 43, 54, 30, 38, 40, 44, 41, 48, 35, 31, 40, 35, 44, 42, 26, 29, 10, 28, 18, 27, 52, 54, 52, 58, 44, 43, 41, 41]
    Layer 20: dist=[46, 39, 44, 40, 41, 27, 28, 31, 23, 21, 26, 21, 48, 42, 48, 50, 24, 28, 31, 21, 38, 57, 52, 51, 63, 51, 53, 44, 49, 43, 55, 55]
    Layer 21: dist=[26, 25, 30, 35, 58, 33, 53, 58, 61, 33, 39, 38, 26, 24, 25, 23, 39, 40, 45, 32, 47, 52, 48, 49, 35, 34, 32, 44, 38, 40, 34, 47]
    Layer 22: dist=[39, 32, 37, 33, 28, 38, 24, 30, 21, 27, 24, 35, 9, 46, 32, 35, 18, 40, 40, 23, 53, 59, 60, 61, 51, 44, 46, 48, 57, 47, 53, 50]
    Layer 23: dist=[22, 18, 26, 22, 55, 55, 22, 50, 41, 20, 24, 31, 37, 36, 41, 39, 41, 38, 42, 48, 41, 46, 42, 40, 41, 39, 37, 51, 47, 44, 44, 39]
    Layer 25: dist=[50, 60, 59, 49, 38, 38, 54, 42, 46, 52, 47, 48, 36, 45, 27, 37, 48, 50, 49, 45, 54, 56, 55, 55, 58, 56, 50, 55, 46, 61, 51, 45]
    Layer 26: dist=[43, 47, 57, 36, 59, 57, 59, 56, 52, 56, 53, 49, 52, 62, 60, 60, 43, 46, 53, 50, 53, 54, 60, 57, 53, 50, 54, 50, 58, 50, 59, 51]
    Layer 27: dist=[48, 55, 54, 59, 50, 53, 52, 44, 41, 52, 55, 52, 41, 56, 42, 45, 51, 53, 53, 53, 47, 56, 54, 44, 57, 59, 60, 60, 50, 44, 45, 60]
    Layer 28: dist=[53, 47, 54, 53, 41, 35, 40, 38, 52, 57, 47, 46, 57, 53, 48, 50, 57, 51, 53, 55, 59, 37, 32, 46, 47, 46, 50, 51, 46, 48, 35, 49]
    Layer 29: dist=[57, 58, 57, 58, 45, 56, 47, 58, 58, 57, 61, 54, 60, 61, 60, 61, 58, 56, 58, 60, 62, 61, 56, 62, 49, 59, 47, 49, 55, 51, 56, 56]
    Layer 30: dist=[40, 54, 51, 52, 53, 51, 48, 37, 60, 59, 58, 60, 53, 53, 57, 51, 52, 39, 61, 61, 29, 60, 53, 54, 60, 60, 61, 60, 55, 56, 54, 51]
    Layer 31: dist=[60, 58, 51, 49, 58, 59, 59, 59, 57, 41, 46, 47, 58, 59, 59, 58, 52, 53, 55, 48, 60, 59, 56, 59, 57, 56, 46, 60, 57, 55, 53, 57]
    Layer 32: dist=[56, 57, 58, 57, 58, 60, 59, 60, 56, 55, 59, 58, 48, 58, 54, 47, 58, 54, 54, 54, 62, 48, 57, 60, 36, 48, 44, 53, 58, 54, 51, 53]
    Layer 33: dist=[52, 61, 57, 60, 45, 52, 29, 47, 57, 58, 57, 58, 58, 59, 58, 59, 59, 59, 53, 56, 58, 49, 54, 57, 57, 59, 60, 59, 56, 56, 55, 53]
    Layer 34: dist=[56, 57, 58, 57, 55, 56, 55, 54, 25, 47, 54, 42, 58, 57, 60, 40, 42, 44, 62, 30, 58, 27, 59, 60, 61, 60, 62, 60, 26, 32, 35, 54]
    Layer 35: dist=[56, 62, 36, 50, 43, 19, 55, 48, 42, 51, 55, 49, 30, 17, 24, 22, 49, 45, 40, 27, 45, 52, 28, 27, 33, 27, 33, 35, 36, 57, 61, 58]

  [Taylor Step 2/3] OLS sigma per head (scaling V, streaming)...
    Layer  0: sigma=[0.259, 0.100, 0.100, 0.100, 0.195, 0.602, 0.100, 0.100, 0.100, 0.100, 0.141, 0.100, 0.100, 0.100, 0.100, 0.292, 0.100, 0.100, 0.100, 0.100, 0.100, 0.100, 0.100, 0.200, 0.100, 0.100, 0.577, 0.100, 0.253, 0.100, 0.100, 0.100]
    Layer  1: sigma=[0.280, 0.100, 0.100, 0.100, 0.100, 0.100, 0.100, 0.100, 0.100, 0.408, 0.279, 0.100, 0.100, 0.100, 0.100, 0.100, 0.100, 0.100, 0.100, 0.100, 0.100, 0.100, 0.100, 0.204, 0.100, 0.100, 0.179, 0.100, 0.100, 0.100, 0.100, 0.100]
    Layer  2: sigma=[0.152, 0.100, 0.100, 0.100, 0.100, 0.100, 0.100, 0.100, 0.159, 0.100, 0.100, 0.100, 0.100, 0.260, 0.100, 0.100, 0.100, 0.100, 0.100, 0.100, 0.100, 0.100, 0.100, 0.100, 0.100, 0.175, 0.100, 0.100, 0.100, 0.100, 0.100, 0.139]
    Layer  3: sigma=[0.100, 0.452, 0.100, 0.285, 0.100, 0.100, 0.100, 0.100, 0.100, 0.100, 0.100, 0.100, 0.100, 0.100, 0.100, 0.100, 0.100, 0.100, 0.118, 0.100, 0.100, 0.100, 0.100, 0.100, 0.100, 0.127, 0.110, 0.100, 0.100, 0.100, 0.100, 0.100]
    Layer  4: sigma=[0.100, 0.100, 0.100, 0.100, 0.100, 0.100, 0.100, 0.100, 0.100, 0.100, 0.100, 0.100, 0.100, 0.100, 0.100, 0.100, 0.100, 0.100, 0.100, 0.100, 0.100, 0.145, 0.311, 0.100, 0.100, 0.100, 0.100, 0.100, 0.100, 0.100, 0.100, 0.100]
    Layer  5: sigma=[0.100, 0.100, 0.123, 0.100, 0.100, 0.100, 0.100, 0.100, 0.100, 0.268, 0.100, 0.104, 0.100, 0.100, 0.100, 0.112, 0.100, 0.330, 0.100, 0.100, 0.100, 0.100, 0.100, 0.100, 0.100, 0.100, 0.100, 0.100, 0.100, 0.245, 0.100, 0.100]
    Layer  6: sigma=[0.100, 0.100, 0.171, 0.100, 0.110, 0.109, 0.100, 0.100, 0.100, 0.100, 0.100, 0.100, 0.100, 0.100, 0.100, 0.100, 0.100, 0.100, 0.100, 0.100, 0.241, 0.100, 0.100, 0.100, 0.100, 0.100, 0.102, 0.100, 0.100, 0.100, 0.100, 0.100]
    Layer  7: sigma=[0.100, 0.229, 0.100, 0.100, 0.132, 0.100, 0.100, 0.100, 0.100, 0.100, 0.100, 0.160, 0.100, 0.100, 0.100, 0.100, 0.100, 0.100, 0.100, 0.100, 0.100, 0.100, 0.100, 0.100, 0.100, 0.100, 0.100, 0.100, 0.100, 0.100, 0.100, 0.100]
    Layer  8: sigma=[0.100, 0.100, 0.100, 0.100, 0.100, 0.100, 0.100, 0.125, 0.100, 0.100, 0.100, 0.100, 0.100, 0.125, 0.100, 0.100, 0.100, 0.100, 0.100, 0.100, 0.100, 0.100, 0.100, 0.100, 0.100, 0.100, 0.100, 0.300, 0.100, 0.100, 0.100, 0.100]
    Layer  9: sigma=[0.100, 0.100, 0.124, 0.100, 0.100, 0.100, 0.100, 0.100, 0.100, 0.100, 0.100, 0.100, 0.100, 0.100, 0.713, 0.224, 0.100, 0.100, 0.100, 0.100, 0.127, 0.100, 0.100, 0.100, 0.100, 0.168, 0.100, 0.100, 0.100, 0.100, 0.100, 0.100]
    Layer 10: sigma=[0.100, 0.100, 0.100, 0.100, 0.100, 0.100, 0.100, 0.100, 0.116, 0.100, 0.100, 0.100, 0.100, 0.100, 0.100, 0.100, 0.100, 0.100, 0.100, 0.100, 0.100, 0.100, 0.100, 0.100, 0.100, 0.100, 0.100, 0.100, 0.104, 0.100, 0.109, 0.100]
    Layer 11: sigma=[0.100, 0.100, 0.100, 0.100, 0.222, 0.100, 0.168, 0.100, 0.100, 0.132, 0.100, 0.100, 0.146, 0.100, 0.282, 0.100, 0.100, 0.100, 0.100, 0.100, 0.100, 0.100, 0.100, 0.100, 0.100, 0.100, 0.247, 0.100, 0.100, 0.100, 0.101, 0.100]
    Layer 12: sigma=[0.100, 0.100, 0.100, 0.100, 0.100, 0.114, 0.100, 0.100, 0.100, 0.124, 0.100, 0.100, 0.100, 0.100, 0.100, 0.100, 0.100, 0.271, 0.437, 0.100, 0.100, 0.100, 0.100, 0.100, 0.100, 0.325, 0.100, 0.154, 0.100, 0.139, 0.140, 0.100]
    Layer 13: sigma=[0.246, 0.100, 0.100, 0.100, 0.100, 0.100, 0.100, 0.106, 0.100, 0.123, 0.125, 0.100, 0.100, 0.100, 0.100, 0.100, 0.100, 0.100, 0.100, 0.100, 0.100, 0.100, 0.100, 0.100, 0.100, 0.100, 0.100, 0.100, 0.100, 0.100, 0.100, 0.100]
    Layer 14: sigma=[0.100, 0.100, 0.115, 0.100, 0.100, 0.505, 0.100, 0.168, 0.100, 0.100, 0.100, 0.100, 0.100, 0.175, 0.100, 0.100, 0.100, 0.100, 0.160, 0.122, 0.100, 0.100, 0.100, 0.100, 0.100, 0.151, 0.100, 0.134, 0.100, 0.100, 0.119, 0.100]
    Layer 15: sigma=[0.100, 0.282, 0.100, 0.100, 0.220, 0.108, 0.100, 0.100, 0.100, 0.100, 0.100, 0.103, 0.260, 0.100, 0.100, 0.100, 0.100, 0.100, 0.100, 0.145, 0.100, 0.100, 0.100, 0.100, 0.239, 0.238, 0.100, 0.100, 0.100, 0.100, 0.100, 0.100]
    Layer 16: sigma=[0.360, 0.100, 0.100, 0.100, 0.100, 0.100, 0.100, 0.100, 0.100, 0.100, 0.100, 0.100, 0.100, 0.100, 0.100, 0.100, 0.100, 0.100, 0.100, 0.100, 0.100, 0.100, 0.100, 0.100, 0.100, 0.182, 0.100, 0.100, 0.100, 0.100, 0.100, 0.100]
    Layer 17: sigma=[0.100, 0.100, 0.100, 0.100, 0.100, 0.453, 0.100, 0.100, 0.100, 0.100, 0.100, 0.100, 0.100, 0.100, 0.100, 0.100, 0.367, 0.100, 0.100, 0.400, 0.100, 0.100, 0.100, 0.100, 0.106, 0.100, 0.361, 0.125, 0.100, 0.100, 0.100, 0.100]
    Layer 18: sigma=[0.100, 0.580, 0.100, 0.100, 0.100, 0.207, 0.100, 0.110, 0.100, 0.100, 0.100, 0.100, 0.100, 0.100, 0.100, 0.100, 0.390, 0.100, 0.100, 0.100, 0.100, 0.100, 0.100, 0.100, 0.100, 0.100, 0.100, 0.100, 0.100, 0.100, 0.100, 0.100]
    Layer 19: sigma=[0.100, 0.100, 0.100, 0.100, 0.100, 0.100, 0.261, 0.100, 0.100, 0.100, 0.100, 0.100, 0.207, 0.100, 0.100, 0.156, 0.100, 0.100, 0.100, 0.448, 0.100, 0.100, 0.100, 0.100, 0.100, 0.100, 0.100, 0.100, 0.100, 0.100, 0.100, 0.100]
    Layer 20: sigma=[0.100, 0.100, 0.186, 0.100, 0.100, 0.230, 0.190, 0.100, 0.100, 0.100, 0.100, 0.100, 0.100, 0.100, 0.100, 0.110, 0.218, 0.102, 0.100, 0.100, 0.100, 0.100, 0.100, 0.100, 0.100, 0.100, 0.100, 0.100, 0.100, 0.100, 0.100, 0.100]
    Layer 21: sigma=[0.100, 0.100, 0.100, 0.133, 0.100, 0.100, 0.100, 0.100, 0.100, 0.100, 0.100, 0.343, 0.100, 0.100, 0.100, 0.100, 0.100, 0.100, 0.100, 0.104, 0.100, 0.100, 0.100, 0.100, 0.100, 0.100, 0.100, 0.100, 0.100, 0.100, 0.381, 0.122]
    Layer 22: sigma=[0.217, 0.100, 0.100, 0.100, 0.154, 0.131, 0.101, 0.162, 0.183, 0.148, 0.100, 0.100, 0.100, 0.100, 0.100, 0.100, 0.100, 0.100, 0.100, 0.177, 0.100, 0.100, 0.100, 0.100, 0.100, 0.100, 0.100, 0.100, 0.100, 0.100, 0.100, 0.100]
    Layer 23: sigma=[0.186, 0.118, 0.197, 0.100, 0.100, 0.100, 0.117, 0.100, 0.100, 0.100, 0.100, 0.100, 0.100, 0.100, 0.100, 0.100, 0.100, 0.100, 0.100, 0.100, 0.100, 0.100, 0.100, 0.100, 0.100, 0.100, 0.100, 0.100, 0.100, 0.246, 0.266, 0.184]
    Layer 25: sigma=[0.100, 0.100, 0.100, 0.100, 0.100, 0.100, 0.100, 0.100, 0.100, 0.100, 0.100, 0.100, 0.100, 0.100, 0.100, 0.100, 0.100, 0.100, 0.100, 0.100, 0.100, 0.100, 0.100, 0.100, 0.100, 0.100, 0.100, 0.100, 0.100, 0.100, 0.100, 0.100]
    Layer 26: sigma=[0.100, 0.100, 0.100, 0.100, 0.100, 0.100, 0.100, 0.100, 0.100, 0.100, 0.100, 0.100, 0.100, 0.100, 0.100, 0.107, 0.100, 0.100, 0.100, 0.100, 0.100, 0.100, 0.100, 0.100, 0.100, 0.100, 0.100, 0.100, 0.100, 0.100, 0.100, 0.100]
    Layer 27: sigma=[0.100, 0.100, 0.100, 0.100, 0.100, 0.100, 0.100, 0.100, 0.100, 0.100, 0.100, 0.100, 0.100, 0.100, 0.100, 0.100, 0.100, 0.100, 0.100, 0.100, 0.100, 0.100, 0.100, 0.100, 0.100, 0.100, 0.100, 0.100, 0.100, 0.226, 0.100, 0.100]
    Layer 28: sigma=[0.100, 0.100, 0.100, 0.100, 0.100, 0.100, 0.100, 0.255, 0.100, 0.100, 0.100, 0.100, 0.100, 0.100, 0.100, 0.100, 0.100, 0.100, 0.100, 0.100, 0.100, 0.100, 0.100, 0.100, 0.100, 0.100, 0.100, 0.100, 0.100, 0.100, 0.100, 0.100]
    Layer 29: sigma=[0.100, 0.100, 0.100, 0.100, 0.100, 0.100, 0.100, 0.100, 0.100, 0.100, 0.100, 0.100, 0.100, 0.100, 0.100, 0.100, 0.100, 0.100, 0.100, 0.100, 0.100, 0.100, 0.100, 0.100, 0.100, 0.100, 0.100, 0.100, 0.100, 0.100, 0.100, 0.100]
    Layer 30: sigma=[0.100, 0.100, 0.100, 0.100, 0.100, 0.100, 0.100, 0.100, 0.100, 0.100, 0.100, 0.100, 0.100, 0.100, 0.100, 0.100, 0.100, 0.100, 0.100, 0.100, 0.100, 0.100, 0.100, 0.100, 0.100, 0.100, 0.100, 0.100, 0.100, 0.100, 0.100, 0.100]
    Layer 31: sigma=[0.100, 0.100, 0.100, 0.100, 0.100, 0.100, 0.100, 0.100, 0.100, 0.100, 0.100, 0.100, 0.100, 0.100, 0.100, 0.100, 0.100, 0.100, 0.100, 0.100, 0.100, 0.100, 0.100, 0.100, 0.100, 0.100, 0.100, 0.100, 0.100, 0.100, 0.100, 0.100]
    Layer 32: sigma=[0.100, 0.100, 0.100, 0.100, 0.100, 0.100, 0.100, 0.100, 0.100, 0.100, 0.100, 0.100, 0.100, 0.100, 0.100, 0.100, 0.100, 0.100, 0.100, 0.100, 0.100, 0.100, 0.100, 0.100, 0.100, 0.100, 0.100, 0.100, 0.100, 0.100, 0.100, 0.100]
    Layer 33: sigma=[0.100, 0.100, 0.100, 0.100, 0.100, 0.100, 0.100, 0.100, 0.100, 0.100, 0.100, 0.100, 0.100, 0.100, 0.100, 0.100, 0.100, 0.100, 0.100, 0.100, 0.100, 0.100, 0.100, 0.100, 0.100, 0.100, 0.100, 0.100, 0.100, 0.100, 0.100, 0.100]
    Layer 34: sigma=[0.100, 0.100, 0.100, 0.100, 0.100, 0.100, 0.100, 0.100, 0.100, 0.100, 0.100, 0.100, 0.100, 0.100, 0.100, 0.100, 0.100, 0.100, 0.100, 0.100, 0.100, 0.100, 0.100, 0.100, 0.100, 0.100, 0.100, 0.100, 0.100, 0.100, 0.100, 0.100]
    Layer 35: sigma=[0.100, 0.100, 0.100, 0.100, 0.100, 0.100, 0.100, 0.100, 0.100, 0.100, 0.100, 0.100, 0.100, 0.100, 0.100, 0.100, 0.100, 0.100, 0.100, 0.100, 0.100, 0.100, 0.142, 0.100, 0.100, 0.100, 0.100, 0.100, 0.100, 0.100, 0.100, 0.100]

  [Taylor Step 3/3] g_proj = v_proj * alpha (damping=0.01)...
    Layer  0: alpha=0.068883  teacher_rms=0.0168  v_rms=0.0024
    Layer  1: alpha=0.057896  teacher_rms=0.0216  v_rms=0.0037
    Layer  2: alpha=0.054713  teacher_rms=0.0222  v_rms=0.0041
    Layer  3: alpha=0.041762  teacher_rms=0.0261  v_rms=0.0063
    Layer  4: alpha=0.049223  teacher_rms=0.0316  v_rms=0.0064
    Layer  5: alpha=0.052787  teacher_rms=0.0412  v_rms=0.0078
    Layer  6: alpha=0.074860  teacher_rms=0.0646  v_rms=0.0086
    Layer  7: alpha=0.040922  teacher_rms=0.0510  v_rms=0.0125
    Layer  8: alpha=0.041147  teacher_rms=0.0695  v_rms=0.0169
    Layer  9: alpha=0.027926  teacher_rms=0.0701  v_rms=0.0251
    Layer 10: alpha=0.049257  teacher_rms=0.1071  v_rms=0.0217
    Layer 11: alpha=0.053325  teacher_rms=0.1038  v_rms=0.0195
    Layer 12: alpha=0.047487  teacher_rms=0.1177  v_rms=0.0248
    Layer 13: alpha=0.054567  teacher_rms=0.1013  v_rms=0.0186
    Layer 14: alpha=0.052794  teacher_rms=0.1546  v_rms=0.0293
    Layer 15: alpha=0.046521  teacher_rms=0.1546  v_rms=0.0332
    Layer 16: alpha=0.038728  teacher_rms=0.1446  v_rms=0.0373
    Layer 17: alpha=0.036216  teacher_rms=0.1762  v_rms=0.0487
    Layer 18: alpha=0.034894  teacher_rms=0.1919  v_rms=0.0550
    Layer 19: alpha=0.046801  teacher_rms=0.2023  v_rms=0.0432
    Layer 20: alpha=0.051253  teacher_rms=0.1938  v_rms=0.0378
    Layer 21: alpha=0.044601  teacher_rms=0.2301  v_rms=0.0516
    Layer 22: alpha=0.052582  teacher_rms=0.2755  v_rms=0.0524
    Layer 23: alpha=0.049812  teacher_rms=0.3026  v_rms=0.0608
    Layer 25: alpha=0.038418  teacher_rms=0.2261  v_rms=0.0589
    Layer 26: alpha=0.027327  teacher_rms=0.1994  v_rms=0.0730
    Layer 27: alpha=0.032541  teacher_rms=0.2900  v_rms=0.0891
    Layer 28: alpha=0.038029  teacher_rms=0.3530  v_rms=0.0928
    Layer 29: alpha=0.016275  teacher_rms=0.2479  v_rms=0.1523
    Layer 30: alpha=0.025867  teacher_rms=0.3921  v_rms=0.1516
    Layer 31: alpha=0.018626  teacher_rms=0.3452  v_rms=0.1853
    Layer 32: alpha=0.021930  teacher_rms=0.5106  v_rms=0.2328
    Layer 33: alpha=0.016345  teacher_rms=0.5964  v_rms=0.3649
    Layer 34: alpha=0.031180  teacher_rms=1.0165  v_rms=0.3260
    Layer 35: alpha=0.057820  teacher_rms=1.0378  v_rms=0.1795

  Set g_proj = v_proj * alpha in 35 GDN layers (damping=0.01).
  Init (taylor_distill) done in 372.3s
  Layer 24: PPL = 915.02  (eval 13.5s)

============================================================
  Probing layer 25 | strategy=taylor_distill
============================================================
Loading checkpoint shards:   0%|          | 0/4 [00:00<?, ?it/s]Loading checkpoint shards: 100%|██████████| 4/4 [00:00<00:00, 143.08it/s]
Could not cache non-existence of file. Will ignore error and continue. Error: [Errno 13] Permission denied: '/data/shared/huggingface/hub/models--Qwen--Qwen3-8B/.no_exist/b968826d9c46dd6066d109eabc6255188de91218/model.safetensors'
Loading checkpoint shards:   0%|          | 0/5 [00:00<?, ?it/s]Loading checkpoint shards: 100%|██████████| 5/5 [00:00<00:00, 169.11it/s]
Token indices sequence length is longer than the specified maximum sequence length for this model (2429029 > 131072). Running this sequence through the model will result in indexing errors
  [Taylor Step 1/3] Gate calibration from attention stats...
    Layer  0: dist=[18, 2, 6, 20, 8, 14, 6, 7, 10, 4, 6, 7, 10, 18, 17, 5, 9, 11, 8, 8, 8, 12, 2, 7, 4, 26, 5, 26, 9, 19, 9, 8]
    Layer  1: dist=[12, 21, 14, 26, 2, 9, 17, 7, 25, 18, 32, 29, 18, 28, 28, 20, 17, 26, 31, 18, 28, 17, 21, 21, 26, 8, 25, 23, 41, 16, 20, 28]
    Layer  2: dist=[36, 36, 37, 32, 17, 27, 20, 24, 21, 24, 29, 33, 28, 25, 26, 34, 32, 26, 28, 22, 28, 36, 27, 27, 14, 14, 11, 19, 41, 42, 43, 41]
    Layer  3: dist=[40, 20, 9, 12, 49, 50, 46, 42, 30, 27, 33, 31, 49, 43, 42, 42, 35, 37, 29, 37, 42, 33, 32, 36, 35, 30, 29, 33, 39, 36, 40, 37]
    Layer  4: dist=[31, 35, 41, 36, 41, 33, 35, 48, 37, 38, 34, 34, 31, 31, 38, 35, 35, 37, 38, 39, 34, 35, 25, 34, 26, 32, 27, 21, 28, 33, 30, 30]
    Layer  5: dist=[23, 29, 30, 21, 36, 34, 29, 29, 4, 14, 40, 38, 31, 43, 32, 30, 23, 20, 28, 28, 29, 30, 27, 33, 38, 39, 43, 43, 26, 25, 29, 32]
    Layer  6: dist=[16, 22, 17, 17, 27, 24, 34, 32, 25, 12, 21, 20, 31, 34, 28, 16, 28, 20, 24, 23, 13, 18, 18, 8, 21, 24, 18, 28, 24, 25, 21, 27]
    Layer  7: dist=[31, 36, 33, 46, 63, 57, 63, 60, 45, 60, 53, 41, 54, 15, 30, 49, 42, 54, 44, 44, 54, 45, 58, 59, 34, 41, 25, 43, 49, 51, 49, 54]
    Layer  8: dist=[45, 46, 49, 29, 43, 41, 35, 44, 46, 52, 43, 48, 51, 43, 49, 36, 60, 56, 54, 51, 44, 54, 51, 57, 47, 37, 51, 36, 44, 38, 42, 44]
    Layer  9: dist=[40, 32, 31, 36, 45, 49, 48, 40, 62, 61, 60, 56, 14, 46, 32, 45, 49, 53, 59, 62, 44, 40, 35, 41, 61, 44, 49, 54, 62, 57, 63, 61]
    Layer 10: dist=[39, 39, 30, 39, 46, 55, 33, 41, 34, 45, 55, 26, 49, 36, 42, 44, 45, 53, 52, 50, 46, 31, 56, 51, 51, 56, 47, 43, 40, 39, 44, 47]
    Layer 11: dist=[33, 33, 47, 27, 29, 36, 43, 42, 52, 62, 57, 49, 44, 33, 38, 39, 39, 36, 33, 25, 42, 56, 46, 46, 39, 32, 36, 32, 49, 34, 31, 48]
    Layer 12: dist=[12, 40, 39, 33, 43, 46, 39, 36, 33, 36, 44, 44, 50, 45, 45, 49, 21, 38, 29, 44, 55, 54, 53, 56, 49, 1, 56, 23, 43, 45, 59, 49]
    Layer 13: dist=[29, 36, 39, 36, 31, 29, 35, 22, 47, 36, 52, 61, 64, 58, 55, 62, 46, 39, 31, 36, 47, 33, 44, 46, 44, 33, 40, 41, 58, 56, 49, 51]
    Layer 14: dist=[25, 35, 34, 24, 39, 24, 35, 33, 31, 32, 37, 37, 36, 40, 35, 36, 41, 46, 31, 35, 33, 17, 28, 42, 27, 38, 40, 38, 43, 44, 5, 48]
    Layer 15: dist=[45, 27, 43, 23, 20, 22, 41, 33, 48, 33, 26, 54, 37, 56, 41, 47, 33, 33, 34, 36, 33, 30, 27, 27, 27, 20, 41, 37, 38, 47, 38, 28]
    Layer 16: dist=[37, 32, 42, 47, 29, 35, 26, 31, 29, 45, 40, 43, 49, 35, 44, 47, 38, 41, 34, 35, 59, 60, 57, 54, 39, 28, 34, 6, 32, 33, 36, 32]
    Layer 17: dist=[58, 50, 41, 34, 28, 31, 22, 25, 44, 54, 42, 49, 23, 32, 39, 39, 24, 29, 32, 22, 39, 51, 49, 48, 30, 28, 31, 26, 29, 43, 47, 36]
    Layer 18: dist=[20, 27, 19, 18, 29, 37, 39, 30, 37, 40, 37, 45, 34, 34, 31, 35, 26, 41, 42, 28, 38, 28, 37, 52, 31, 35, 35, 36, 30, 29, 43, 31]
    Layer 19: dist=[39, 33, 35, 35, 43, 54, 30, 38, 40, 44, 41, 48, 35, 31, 40, 35, 44, 42, 26, 29, 10, 28, 18, 27, 52, 54, 52, 58, 44, 43, 41, 41]
    Layer 20: dist=[46, 39, 44, 40, 41, 27, 28, 31, 23, 21, 26, 21, 48, 42, 48, 50, 24, 28, 31, 21, 38, 57, 52, 51, 63, 51, 53, 44, 49, 43, 55, 55]
    Layer 21: dist=[26, 25, 30, 35, 58, 33, 53, 58, 61, 33, 39, 38, 26, 24, 25, 23, 39, 40, 45, 32, 47, 52, 48, 49, 35, 34, 32, 44, 38, 40, 34, 47]
    Layer 22: dist=[39, 32, 37, 33, 28, 38, 24, 30, 21, 27, 24, 35, 9, 46, 32, 35, 18, 40, 40, 23, 53, 59, 60, 61, 51, 44, 46, 48, 57, 47, 53, 50]
    Layer 23: dist=[22, 18, 26, 22, 55, 55, 22, 50, 41, 20, 24, 31, 37, 36, 41, 39, 41, 38, 42, 48, 41, 46, 42, 40, 41, 39, 37, 51, 47, 44, 44, 39]
    Layer 24: dist=[40, 62, 57, 51, 50, 56, 54, 47, 52, 54, 52, 43, 41, 39, 47, 40, 42, 49, 44, 42, 60, 53, 52, 58, 31, 41, 39, 29, 50, 57, 51, 47]
    Layer 26: dist=[43, 47, 57, 36, 59, 57, 59, 56, 52, 56, 53, 49, 52, 62, 60, 60, 43, 46, 53, 50, 53, 54, 60, 57, 53, 50, 54, 50, 58, 50, 59, 51]
    Layer 27: dist=[48, 55, 54, 59, 50, 53, 52, 44, 41, 52, 55, 52, 41, 56, 42, 45, 51, 53, 53, 53, 47, 56, 54, 44, 57, 59, 60, 60, 50, 44, 45, 60]
    Layer 28: dist=[53, 47, 54, 53, 41, 35, 40, 38, 52, 57, 47, 46, 57, 53, 48, 50, 57, 51, 53, 55, 59, 37, 32, 46, 47, 46, 50, 51, 46, 48, 35, 49]
    Layer 29: dist=[57, 58, 57, 58, 45, 56, 47, 58, 58, 57, 61, 54, 60, 61, 60, 61, 58, 56, 58, 60, 62, 61, 56, 62, 49, 59, 47, 49, 55, 51, 56, 56]
    Layer 30: dist=[40, 54, 51, 52, 53, 51, 48, 37, 60, 59, 58, 60, 53, 53, 57, 51, 52, 39, 61, 61, 29, 60, 53, 54, 60, 60, 61, 60, 55, 56, 54, 51]
    Layer 31: dist=[60, 58, 51, 49, 58, 59, 59, 59, 57, 41, 46, 47, 58, 59, 59, 58, 52, 53, 55, 48, 60, 59, 56, 59, 57, 56, 46, 60, 57, 55, 53, 57]
    Layer 32: dist=[56, 57, 58, 57, 58, 60, 59, 60, 56, 55, 59, 58, 48, 58, 54, 47, 58, 54, 54, 54, 62, 48, 57, 60, 36, 48, 44, 53, 58, 54, 51, 53]
    Layer 33: dist=[52, 61, 57, 60, 45, 52, 29, 47, 57, 58, 57, 58, 58, 59, 58, 59, 59, 59, 53, 56, 58, 49, 54, 57, 57, 59, 60, 59, 56, 56, 55, 53]
    Layer 34: dist=[56, 57, 58, 57, 55, 56, 55, 54, 25, 47, 54, 42, 58, 57, 60, 40, 42, 44, 62, 30, 58, 27, 59, 60, 61, 60, 62, 60, 26, 32, 35, 54]
    Layer 35: dist=[56, 62, 36, 50, 43, 19, 55, 48, 42, 51, 55, 49, 30, 17, 24, 22, 49, 45, 40, 27, 45, 52, 28, 27, 33, 27, 33, 35, 36, 57, 61, 58]

  [Taylor Step 2/3] OLS sigma per head (scaling V, streaming)...
    Layer  0: sigma=[0.258, 0.100, 0.100, 0.100, 0.196, 0.602, 0.100, 0.100, 0.100, 0.100, 0.142, 0.100, 0.100, 0.100, 0.100, 0.291, 0.100, 0.100, 0.100, 0.100, 0.100, 0.100, 0.100, 0.200, 0.100, 0.100, 0.578, 0.100, 0.252, 0.100, 0.100, 0.100]
    Layer  1: sigma=[0.281, 0.100, 0.100, 0.100, 0.100, 0.100, 0.100, 0.100, 0.100, 0.402, 0.278, 0.100, 0.100, 0.100, 0.100, 0.100, 0.100, 0.100, 0.100, 0.100, 0.100, 0.100, 0.100, 0.208, 0.100, 0.100, 0.179, 0.100, 0.100, 0.100, 0.100, 0.100]
    Layer  2: sigma=[0.151, 0.100, 0.100, 0.100, 0.100, 0.100, 0.100, 0.100, 0.157, 0.100, 0.100, 0.100, 0.100, 0.256, 0.100, 0.100, 0.100, 0.100, 0.100, 0.100, 0.100, 0.100, 0.100, 0.100, 0.100, 0.175, 0.100, 0.100, 0.100, 0.100, 0.100, 0.135]
    Layer  3: sigma=[0.100, 0.451, 0.100, 0.288, 0.100, 0.100, 0.100, 0.100, 0.100, 0.100, 0.100, 0.100, 0.100, 0.100, 0.100, 0.100, 0.100, 0.100, 0.124, 0.100, 0.100, 0.100, 0.100, 0.100, 0.100, 0.126, 0.111, 0.100, 0.100, 0.100, 0.100, 0.100]
    Layer  4: sigma=[0.100, 0.100, 0.100, 0.100, 0.100, 0.100, 0.100, 0.100, 0.100, 0.100, 0.100, 0.100, 0.100, 0.100, 0.100, 0.100, 0.100, 0.100, 0.100, 0.100, 0.100, 0.146, 0.317, 0.100, 0.100, 0.100, 0.100, 0.100, 0.100, 0.100, 0.100, 0.100]
    Layer  5: sigma=[0.100, 0.100, 0.122, 0.100, 0.100, 0.100, 0.100, 0.100, 0.100, 0.271, 0.100, 0.105, 0.100, 0.100, 0.100, 0.109, 0.100, 0.335, 0.100, 0.100, 0.100, 0.100, 0.100, 0.100, 0.100, 0.100, 0.100, 0.100, 0.100, 0.247, 0.100, 0.100]
    Layer  6: sigma=[0.100, 0.100, 0.163, 0.100, 0.118, 0.112, 0.100, 0.100, 0.100, 0.100, 0.100, 0.100, 0.100, 0.100, 0.100, 0.100, 0.100, 0.100, 0.100, 0.100, 0.247, 0.100, 0.100, 0.100, 0.100, 0.100, 0.102, 0.100, 0.100, 0.100, 0.100, 0.100]
    Layer  7: sigma=[0.100, 0.244, 0.100, 0.100, 0.134, 0.100, 0.100, 0.100, 0.100, 0.100, 0.100, 0.143, 0.100, 0.100, 0.100, 0.100, 0.100, 0.100, 0.100, 0.100, 0.100, 0.100, 0.100, 0.100, 0.100, 0.100, 0.100, 0.100, 0.100, 0.100, 0.100, 0.100]
    Layer  8: sigma=[0.100, 0.100, 0.100, 0.100, 0.100, 0.100, 0.100, 0.116, 0.100, 0.100, 0.100, 0.100, 0.100, 0.134, 0.100, 0.100, 0.100, 0.100, 0.100, 0.100, 0.100, 0.100, 0.100, 0.100, 0.100, 0.100, 0.100, 0.289, 0.100, 0.100, 0.100, 0.100]
    Layer  9: sigma=[0.100, 0.100, 0.126, 0.100, 0.100, 0.100, 0.100, 0.100, 0.100, 0.100, 0.100, 0.100, 0.100, 0.100, 0.676, 0.225, 0.100, 0.100, 0.100, 0.100, 0.136, 0.100, 0.100, 0.100, 0.100, 0.165, 0.100, 0.100, 0.100, 0.100, 0.100, 0.100]
    Layer 10: sigma=[0.100, 0.100, 0.100, 0.100, 0.100, 0.100, 0.100, 0.100, 0.141, 0.100, 0.100, 0.100, 0.100, 0.100, 0.100, 0.100, 0.100, 0.100, 0.100, 0.100, 0.100, 0.100, 0.100, 0.100, 0.100, 0.100, 0.100, 0.100, 0.108, 0.100, 0.112, 0.100]
    Layer 11: sigma=[0.100, 0.100, 0.100, 0.100, 0.211, 0.100, 0.167, 0.100, 0.100, 0.131, 0.100, 0.100, 0.142, 0.100, 0.302, 0.100, 0.100, 0.100, 0.100, 0.100, 0.100, 0.100, 0.100, 0.100, 0.100, 0.100, 0.254, 0.100, 0.100, 0.100, 0.100, 0.100]
    Layer 12: sigma=[0.100, 0.100, 0.100, 0.100, 0.100, 0.118, 0.100, 0.100, 0.100, 0.124, 0.100, 0.100, 0.100, 0.100, 0.100, 0.100, 0.100, 0.290, 0.462, 0.100, 0.100, 0.100, 0.100, 0.100, 0.100, 0.389, 0.100, 0.130, 0.100, 0.142, 0.148, 0.100]
    Layer 13: sigma=[0.247, 0.100, 0.100, 0.100, 0.100, 0.100, 0.100, 0.100, 0.100, 0.123, 0.125, 0.100, 0.100, 0.100, 0.100, 0.100, 0.100, 0.100, 0.100, 0.100, 0.100, 0.100, 0.100, 0.100, 0.100, 0.100, 0.100, 0.100, 0.100, 0.100, 0.100, 0.100]
    Layer 14: sigma=[0.100, 0.100, 0.101, 0.100, 0.100, 0.469, 0.100, 0.163, 0.100, 0.100, 0.100, 0.100, 0.100, 0.166, 0.100, 0.100, 0.100, 0.100, 0.240, 0.118, 0.100, 0.100, 0.100, 0.100, 0.100, 0.156, 0.100, 0.134, 0.100, 0.100, 0.100, 0.100]
    Layer 15: sigma=[0.100, 0.227, 0.100, 0.104, 0.222, 0.111, 0.100, 0.100, 0.100, 0.100, 0.100, 0.126, 0.260, 0.100, 0.100, 0.100, 0.100, 0.100, 0.109, 0.140, 0.100, 0.100, 0.100, 0.100, 0.293, 0.268, 0.100, 0.100, 0.100, 0.100, 0.100, 0.100]
    Layer 16: sigma=[0.395, 0.100, 0.100, 0.100, 0.100, 0.100, 0.100, 0.100, 0.100, 0.100, 0.100, 0.100, 0.100, 0.100, 0.100, 0.100, 0.100, 0.100, 0.100, 0.100, 0.100, 0.100, 0.100, 0.100, 0.100, 0.149, 0.100, 0.100, 0.100, 0.100, 0.100, 0.100]
    Layer 17: sigma=[0.100, 0.100, 0.100, 0.100, 0.100, 0.500, 0.100, 0.110, 0.100, 0.100, 0.100, 0.100, 0.100, 0.100, 0.100, 0.100, 0.352, 0.158, 0.100, 0.369, 0.100, 0.100, 0.100, 0.100, 0.108, 0.100, 0.373, 0.124, 0.100, 0.100, 0.100, 0.100]
    Layer 18: sigma=[0.100, 0.621, 0.100, 0.100, 0.100, 0.220, 0.100, 0.116, 0.100, 0.100, 0.100, 0.100, 0.100, 0.100, 0.100, 0.100, 0.321, 0.100, 0.100, 0.100, 0.100, 0.100, 0.100, 0.100, 0.100, 0.100, 0.100, 0.100, 0.100, 0.100, 0.100, 0.100]
    Layer 19: sigma=[0.100, 0.100, 0.100, 0.100, 0.100, 0.100, 0.256, 0.100, 0.100, 0.100, 0.100, 0.100, 0.294, 0.100, 0.100, 0.156, 0.100, 0.100, 0.100, 0.447, 0.100, 0.100, 0.100, 0.100, 0.100, 0.100, 0.100, 0.100, 0.100, 0.100, 0.100, 0.100]
    Layer 20: sigma=[0.100, 0.100, 0.172, 0.103, 0.100, 0.247, 0.127, 0.100, 0.100, 0.100, 0.100, 0.100, 0.100, 0.100, 0.100, 0.113, 0.191, 0.100, 0.100, 0.100, 0.100, 0.100, 0.100, 0.100, 0.100, 0.100, 0.100, 0.100, 0.100, 0.100, 0.100, 0.100]
    Layer 21: sigma=[0.100, 0.100, 0.100, 0.125, 0.100, 0.100, 0.100, 0.100, 0.100, 0.100, 0.100, 0.414, 0.100, 0.100, 0.127, 0.100, 0.100, 0.100, 0.100, 0.116, 0.100, 0.100, 0.100, 0.100, 0.100, 0.100, 0.100, 0.100, 0.100, 0.100, 0.307, 0.114]
    Layer 22: sigma=[0.182, 0.100, 0.100, 0.100, 0.173, 0.128, 0.121, 0.181, 0.194, 0.100, 0.100, 0.100, 0.100, 0.100, 0.100, 0.100, 0.100, 0.100, 0.100, 0.147, 0.100, 0.100, 0.100, 0.100, 0.100, 0.100, 0.100, 0.100, 0.100, 0.100, 0.100, 0.100]
    Layer 23: sigma=[0.190, 0.116, 0.150, 0.100, 0.101, 0.100, 0.198, 0.100, 0.100, 0.100, 0.100, 0.100, 0.100, 0.100, 0.100, 0.100, 0.100, 0.100, 0.100, 0.100, 0.100, 0.100, 0.100, 0.100, 0.100, 0.100, 0.100, 0.100, 0.100, 0.165, 0.249, 0.178]
    Layer 24: sigma=[0.100, 0.100, 0.100, 0.100, 0.100, 0.100, 0.100, 0.100, 0.165, 0.100, 0.100, 0.100, 0.100, 0.100, 0.100, 0.195, 0.100, 0.100, 0.100, 0.112, 0.100, 0.100, 0.100, 0.100, 0.243, 0.351, 0.267, 0.232, 0.100, 0.100, 0.100, 0.100]
    Layer 26: sigma=[0.100, 0.100, 0.100, 0.100, 0.100, 0.100, 0.100, 0.100, 0.100, 0.100, 0.100, 0.100, 0.100, 0.100, 0.100, 0.134, 0.100, 0.100, 0.100, 0.100, 0.100, 0.100, 0.100, 0.100, 0.100, 0.100, 0.100, 0.100, 0.100, 0.100, 0.100, 0.100]
    Layer 27: sigma=[0.100, 0.100, 0.100, 0.100, 0.100, 0.100, 0.100, 0.100, 0.100, 0.100, 0.100, 0.100, 0.100, 0.100, 0.100, 0.100, 0.100, 0.100, 0.100, 0.100, 0.100, 0.100, 0.100, 0.100, 0.100, 0.100, 0.100, 0.100, 0.100, 0.237, 0.100, 0.100]
    Layer 28: sigma=[0.100, 0.100, 0.100, 0.100, 0.100, 0.133, 0.100, 0.137, 0.100, 0.100, 0.100, 0.100, 0.100, 0.100, 0.100, 0.100, 0.100, 0.100, 0.100, 0.100, 0.100, 0.100, 0.100, 0.100, 0.100, 0.100, 0.100, 0.100, 0.100, 0.100, 0.100, 0.100]
    Layer 29: sigma=[0.100, 0.100, 0.100, 0.100, 0.100, 0.100, 0.100, 0.100, 0.100, 0.100, 0.100, 0.100, 0.100, 0.100, 0.100, 0.100, 0.100, 0.100, 0.100, 0.100, 0.100, 0.100, 0.100, 0.100, 0.100, 0.100, 0.100, 0.100, 0.100, 0.100, 0.100, 0.100]
    Layer 30: sigma=[0.100, 0.100, 0.100, 0.100, 0.100, 0.100, 0.100, 0.100, 0.100, 0.100, 0.100, 0.100, 0.100, 0.100, 0.100, 0.101, 0.100, 0.100, 0.100, 0.100, 0.100, 0.100, 0.100, 0.100, 0.100, 0.100, 0.100, 0.100, 0.100, 0.100, 0.100, 0.100]
    Layer 31: sigma=[0.100, 0.100, 0.100, 0.100, 0.100, 0.100, 0.100, 0.100, 0.100, 0.100, 0.100, 0.100, 0.100, 0.100, 0.100, 0.100, 0.100, 0.100, 0.100, 0.100, 0.100, 0.100, 0.100, 0.100, 0.100, 0.100, 0.100, 0.100, 0.100, 0.100, 0.100, 0.100]
    Layer 32: sigma=[0.100, 0.100, 0.100, 0.100, 0.100, 0.100, 0.100, 0.100, 0.100, 0.100, 0.100, 0.100, 0.100, 0.100, 0.100, 0.100, 0.100, 0.100, 0.100, 0.100, 0.100, 0.100, 0.100, 0.100, 0.100, 0.100, 0.100, 0.100, 0.100, 0.100, 0.100, 0.100]
    Layer 33: sigma=[0.100, 0.100, 0.100, 0.100, 0.100, 0.100, 0.100, 0.100, 0.100, 0.100, 0.100, 0.100, 0.100, 0.100, 0.100, 0.100, 0.100, 0.100, 0.100, 0.100, 0.100, 0.100, 0.100, 0.100, 0.100, 0.100, 0.100, 0.100, 0.100, 0.100, 0.100, 0.100]
    Layer 34: sigma=[0.100, 0.100, 0.100, 0.100, 0.100, 0.100, 0.100, 0.100, 0.100, 0.100, 0.100, 0.100, 0.100, 0.100, 0.100, 0.100, 0.100, 0.100, 0.100, 0.100, 0.100, 0.100, 0.100, 0.100, 0.100, 0.100, 0.100, 0.100, 0.100, 0.100, 0.100, 0.100]
    Layer 35: sigma=[0.100, 0.100, 0.100, 0.100, 0.100, 0.100, 0.100, 0.100, 0.100, 0.100, 0.100, 0.100, 0.100, 0.100, 0.100, 0.100, 0.100, 0.100, 0.100, 0.100, 0.100, 0.100, 0.142, 0.100, 0.100, 0.100, 0.100, 0.100, 0.100, 0.100, 0.100, 0.100]

  [Taylor Step 3/3] g_proj = v_proj * alpha (damping=0.01)...
    Layer  0: alpha=0.068912  teacher_rms=0.0168  v_rms=0.0024
    Layer  1: alpha=0.058022  teacher_rms=0.0216  v_rms=0.0037
    Layer  2: alpha=0.054962  teacher_rms=0.0222  v_rms=0.0040
    Layer  3: alpha=0.041688  teacher_rms=0.0261  v_rms=0.0063
    Layer  4: alpha=0.049055  teacher_rms=0.0316  v_rms=0.0064
    Layer  5: alpha=0.052593  teacher_rms=0.0412  v_rms=0.0078
    Layer  6: alpha=0.074673  teacher_rms=0.0646  v_rms=0.0087
    Layer  7: alpha=0.040704  teacher_rms=0.0510  v_rms=0.0125
    Layer  8: alpha=0.041564  teacher_rms=0.0695  v_rms=0.0167
    Layer  9: alpha=0.028687  teacher_rms=0.0701  v_rms=0.0244
    Layer 10: alpha=0.048783  teacher_rms=0.1071  v_rms=0.0219
    Layer 11: alpha=0.052905  teacher_rms=0.1038  v_rms=0.0196
    Layer 12: alpha=0.044893  teacher_rms=0.1177  v_rms=0.0262
    Layer 13: alpha=0.054706  teacher_rms=0.1013  v_rms=0.0185
    Layer 14: alpha=0.052808  teacher_rms=0.1546  v_rms=0.0293
    Layer 15: alpha=0.046764  teacher_rms=0.1546  v_rms=0.0331
    Layer 16: alpha=0.038302  teacher_rms=0.1446  v_rms=0.0378
    Layer 17: alpha=0.035394  teacher_rms=0.1762  v_rms=0.0498
    Layer 18: alpha=0.033759  teacher_rms=0.1919  v_rms=0.0569
    Layer 19: alpha=0.044815  teacher_rms=0.2023  v_rms=0.0451
    Layer 20: alpha=0.052535  teacher_rms=0.1938  v_rms=0.0369
    Layer 21: alpha=0.044228  teacher_rms=0.2301  v_rms=0.0520
    Layer 22: alpha=0.053261  teacher_rms=0.2755  v_rms=0.0517
    Layer 23: alpha=0.051807  teacher_rms=0.3026  v_rms=0.0584
    Layer 24: alpha=0.031978  teacher_rms=0.2864  v_rms=0.0896
    Layer 26: alpha=0.026990  teacher_rms=0.1994  v_rms=0.0739
    Layer 27: alpha=0.032319  teacher_rms=0.2900  v_rms=0.0897
    Layer 28: alpha=0.039929  teacher_rms=0.3530  v_rms=0.0884
    Layer 29: alpha=0.016275  teacher_rms=0.2479  v_rms=0.1523
    Layer 30: alpha=0.025859  teacher_rms=0.3921  v_rms=0.1516
    Layer 31: alpha=0.018626  teacher_rms=0.3452  v_rms=0.1853
    Layer 32: alpha=0.021930  teacher_rms=0.5106  v_rms=0.2328
    Layer 33: alpha=0.016345  teacher_rms=0.5964  v_rms=0.3649
    Layer 34: alpha=0.031180  teacher_rms=1.0165  v_rms=0.3260
    Layer 35: alpha=0.057820  teacher_rms=1.0378  v_rms=0.1795

  Set g_proj = v_proj * alpha in 35 GDN layers (damping=0.01).
  Init (taylor_distill) done in 335.5s
  Layer 25: PPL = 1109.47  (eval 13.6s)

============================================================
  Probing layer 26 | strategy=taylor_distill
============================================================
Loading checkpoint shards:   0%|          | 0/4 [00:00<?, ?it/s]Loading checkpoint shards: 100%|██████████| 4/4 [00:00<00:00, 148.37it/s]
Could not cache non-existence of file. Will ignore error and continue. Error: [Errno 13] Permission denied: '/data/shared/huggingface/hub/models--Qwen--Qwen3-8B/.no_exist/b968826d9c46dd6066d109eabc6255188de91218/model.safetensors'
Loading checkpoint shards:   0%|          | 0/5 [00:00<?, ?it/s]Loading checkpoint shards: 100%|██████████| 5/5 [00:00<00:00, 180.20it/s]
Token indices sequence length is longer than the specified maximum sequence length for this model (2429029 > 131072). Running this sequence through the model will result in indexing errors
  [Taylor Step 1/3] Gate calibration from attention stats...
    Layer  0: dist=[18, 2, 6, 20, 8, 14, 6, 7, 10, 4, 6, 7, 10, 18, 17, 5, 9, 11, 8, 8, 8, 12, 2, 7, 4, 26, 5, 26, 9, 19, 9, 8]
    Layer  1: dist=[12, 21, 14, 26, 2, 9, 17, 7, 25, 18, 32, 29, 18, 28, 28, 20, 17, 26, 31, 18, 28, 17, 21, 21, 26, 8, 25, 23, 41, 16, 20, 28]
    Layer  2: dist=[36, 36, 37, 32, 17, 27, 20, 24, 21, 24, 29, 33, 28, 25, 26, 34, 32, 26, 28, 22, 28, 36, 27, 27, 14, 14, 11, 19, 41, 42, 43, 41]
    Layer  3: dist=[40, 20, 9, 12, 49, 50, 46, 42, 30, 27, 33, 31, 49, 43, 42, 42, 35, 37, 29, 37, 42, 33, 32, 36, 35, 30, 29, 33, 39, 36, 40, 37]
    Layer  4: dist=[31, 35, 41, 36, 41, 33, 35, 48, 37, 38, 34, 34, 31, 31, 38, 35, 35, 37, 38, 39, 34, 35, 25, 34, 26, 32, 27, 21, 28, 33, 30, 30]
    Layer  5: dist=[23, 29, 30, 21, 36, 34, 29, 29, 4, 14, 40, 38, 31, 43, 32, 30, 23, 20, 28, 28, 29, 30, 27, 33, 38, 39, 43, 43, 26, 25, 29, 32]
    Layer  6: dist=[16, 22, 17, 17, 27, 24, 34, 32, 25, 12, 21, 20, 31, 34, 28, 16, 28, 20, 24, 23, 13, 18, 18, 8, 21, 24, 18, 28, 24, 25, 21, 27]
    Layer  7: dist=[31, 36, 33, 46, 63, 57, 63, 60, 45, 60, 53, 41, 54, 15, 30, 49, 42, 54, 44, 44, 54, 45, 58, 59, 34, 41, 25, 43, 49, 51, 49, 54]
    Layer  8: dist=[45, 46, 49, 29, 43, 41, 35, 44, 46, 52, 43, 48, 51, 43, 49, 36, 60, 56, 54, 51, 44, 54, 51, 57, 47, 37, 51, 36, 44, 38, 42, 44]
    Layer  9: dist=[40, 32, 31, 36, 45, 49, 48, 40, 62, 61, 60, 56, 14, 46, 32, 45, 49, 53, 59, 62, 44, 40, 35, 41, 61, 44, 49, 54, 62, 57, 63, 61]
    Layer 10: dist=[39, 39, 30, 39, 46, 55, 33, 41, 34, 45, 55, 26, 49, 36, 42, 44, 45, 53, 52, 50, 46, 31, 56, 51, 51, 56, 47, 43, 40, 39, 44, 47]
    Layer 11: dist=[33, 33, 47, 27, 29, 36, 43, 42, 52, 62, 57, 49, 44, 33, 38, 39, 39, 36, 33, 25, 42, 56, 46, 46, 39, 32, 36, 32, 49, 34, 31, 48]
    Layer 12: dist=[12, 40, 39, 33, 43, 46, 39, 36, 33, 36, 44, 44, 50, 45, 45, 49, 21, 38, 29, 44, 55, 54, 53, 56, 49, 1, 56, 23, 43, 45, 59, 49]
    Layer 13: dist=[29, 36, 39, 36, 31, 29, 35, 22, 47, 36, 52, 61, 64, 58, 55, 62, 46, 39, 31, 36, 47, 33, 44, 46, 44, 33, 40, 41, 58, 56, 49, 51]
    Layer 14: dist=[25, 35, 34, 24, 39, 24, 35, 33, 31, 32, 37, 37, 36, 40, 35, 36, 41, 46, 31, 35, 33, 17, 28, 42, 27, 38, 40, 38, 43, 44, 5, 48]
    Layer 15: dist=[45, 27, 43, 23, 20, 22, 41, 33, 48, 33, 26, 54, 37, 56, 41, 47, 33, 33, 34, 36, 33, 30, 27, 27, 27, 20, 41, 37, 38, 47, 38, 28]
    Layer 16: dist=[37, 32, 42, 47, 29, 35, 26, 31, 29, 45, 40, 43, 49, 35, 44, 47, 38, 41, 34, 35, 59, 60, 57, 54, 39, 28, 34, 6, 32, 33, 36, 32]
    Layer 17: dist=[58, 50, 41, 34, 28, 31, 22, 25, 44, 54, 42, 49, 23, 32, 39, 39, 24, 29, 32, 22, 39, 51, 49, 48, 30, 28, 31, 26, 29, 43, 47, 36]
    Layer 18: dist=[20, 27, 19, 18, 29, 37, 39, 30, 37, 40, 37, 45, 34, 34, 31, 35, 26, 41, 42, 28, 38, 28, 37, 52, 31, 35, 35, 36, 30, 29, 43, 31]
    Layer 19: dist=[39, 33, 35, 35, 43, 54, 30, 38, 40, 44, 41, 48, 35, 31, 40, 35, 44, 42, 26, 29, 10, 28, 18, 27, 52, 54, 52, 58, 44, 43, 41, 41]
    Layer 20: dist=[46, 39, 44, 40, 41, 27, 28, 31, 23, 21, 26, 21, 48, 42, 48, 50, 24, 28, 31, 21, 38, 57, 52, 51, 63, 51, 53, 44, 49, 43, 55, 55]
    Layer 21: dist=[26, 25, 30, 35, 58, 33, 53, 58, 61, 33, 39, 38, 26, 24, 25, 23, 39, 40, 45, 32, 47, 52, 48, 49, 35, 34, 32, 44, 38, 40, 34, 47]
    Layer 22: dist=[39, 32, 37, 33, 28, 38, 24, 30, 21, 27, 24, 35, 9, 46, 32, 35, 18, 40, 40, 23, 53, 59, 60, 61, 51, 44, 46, 48, 57, 47, 53, 50]
    Layer 23: dist=[22, 18, 26, 22, 55, 55, 22, 50, 41, 20, 24, 31, 37, 36, 41, 39, 41, 38, 42, 48, 41, 46, 42, 40, 41, 39, 37, 51, 47, 44, 44, 39]
    Layer 24: dist=[40, 62, 57, 51, 50, 56, 54, 47, 52, 54, 52, 43, 41, 39, 47, 40, 42, 49, 44, 42, 60, 53, 52, 58, 31, 41, 39, 29, 50, 57, 51, 47]
    Layer 25: dist=[50, 60, 59, 49, 38, 38, 54, 42, 46, 52, 47, 48, 36, 45, 27, 37, 48, 50, 49, 45, 54, 56, 55, 55, 58, 56, 50, 55, 46, 61, 51, 45]
    Layer 27: dist=[48, 55, 54, 59, 50, 53, 52, 44, 41, 52, 55, 52, 41, 56, 42, 45, 51, 53, 53, 53, 47, 56, 54, 44, 57, 59, 60, 60, 50, 44, 45, 60]
    Layer 28: dist=[53, 47, 54, 53, 41, 35, 40, 38, 52, 57, 47, 46, 57, 53, 48, 50, 57, 51, 53, 55, 59, 37, 32, 46, 47, 46, 50, 51, 46, 48, 35, 49]
    Layer 29: dist=[57, 58, 57, 58, 45, 56, 47, 58, 58, 57, 61, 54, 60, 61, 60, 61, 58, 56, 58, 60, 62, 61, 56, 62, 49, 59, 47, 49, 55, 51, 56, 56]
    Layer 30: dist=[40, 54, 51, 52, 53, 51, 48, 37, 60, 59, 58, 60, 53, 53, 57, 51, 52, 39, 61, 61, 29, 60, 53, 54, 60, 60, 61, 60, 55, 56, 54, 51]
    Layer 31: dist=[60, 58, 51, 49, 58, 59, 59, 59, 57, 41, 46, 47, 58, 59, 59, 58, 52, 53, 55, 48, 60, 59, 56, 59, 57, 56, 46, 60, 57, 55, 53, 57]
    Layer 32: dist=[56, 57, 58, 57, 58, 60, 59, 60, 56, 55, 59, 58, 48, 58, 54, 47, 58, 54, 54, 54, 62, 48, 57, 60, 36, 48, 44, 53, 58, 54, 51, 53]
    Layer 33: dist=[52, 61, 57, 60, 45, 52, 29, 47, 57, 58, 57, 58, 58, 59, 58, 59, 59, 59, 53, 56, 58, 49, 54, 57, 57, 59, 60, 59, 56, 56, 55, 53]
    Layer 34: dist=[56, 57, 58, 57, 55, 56, 55, 54, 25, 47, 54, 42, 58, 57, 60, 40, 42, 44, 62, 30, 58, 27, 59, 60, 61, 60, 62, 60, 26, 32, 35, 54]
    Layer 35: dist=[56, 62, 36, 50, 43, 19, 55, 48, 42, 51, 55, 49, 30, 17, 24, 22, 49, 45, 40, 27, 45, 52, 28, 27, 33, 27, 33, 35, 36, 57, 61, 58]

  [Taylor Step 2/3] OLS sigma per head (scaling V, streaming)...
    Layer  0: sigma=[0.256, 0.100, 0.100, 0.100, 0.197, 0.601, 0.100, 0.100, 0.100, 0.100, 0.141, 0.100, 0.100, 0.100, 0.100, 0.291, 0.100, 0.100, 0.100, 0.100, 0.100, 0.100, 0.100, 0.200, 0.100, 0.100, 0.576, 0.100, 0.253, 0.100, 0.100, 0.100]
    Layer  1: sigma=[0.279, 0.100, 0.100, 0.100, 0.100, 0.100, 0.100, 0.100, 0.100, 0.395, 0.276, 0.100, 0.100, 0.100, 0.100, 0.100, 0.100, 0.100, 0.100, 0.100, 0.100, 0.100, 0.100, 0.209, 0.100, 0.100, 0.176, 0.100, 0.100, 0.100, 0.100, 0.100]
    Layer  2: sigma=[0.152, 0.100, 0.100, 0.100, 0.100, 0.100, 0.100, 0.100, 0.157, 0.100, 0.100, 0.100, 0.100, 0.256, 0.100, 0.100, 0.100, 0.100, 0.100, 0.100, 0.100, 0.100, 0.100, 0.100, 0.100, 0.176, 0.100, 0.100, 0.100, 0.100, 0.100, 0.137]
    Layer  3: sigma=[0.100, 0.453, 0.100, 0.291, 0.100, 0.100, 0.100, 0.100, 0.100, 0.100, 0.100, 0.100, 0.100, 0.100, 0.100, 0.100, 0.100, 0.100, 0.121, 0.100, 0.100, 0.100, 0.100, 0.100, 0.100, 0.120, 0.105, 0.100, 0.100, 0.100, 0.100, 0.100]
    Layer  4: sigma=[0.100, 0.100, 0.100, 0.100, 0.100, 0.100, 0.100, 0.100, 0.100, 0.100, 0.100, 0.100, 0.100, 0.100, 0.100, 0.100, 0.100, 0.100, 0.100, 0.100, 0.100, 0.144, 0.320, 0.100, 0.100, 0.100, 0.100, 0.100, 0.100, 0.100, 0.100, 0.100]
    Layer  5: sigma=[0.100, 0.100, 0.125, 0.100, 0.100, 0.100, 0.100, 0.103, 0.100, 0.274, 0.100, 0.106, 0.100, 0.100, 0.100, 0.110, 0.100, 0.328, 0.100, 0.100, 0.100, 0.100, 0.100, 0.100, 0.100, 0.100, 0.100, 0.100, 0.100, 0.246, 0.100, 0.100]
    Layer  6: sigma=[0.100, 0.100, 0.160, 0.100, 0.113, 0.108, 0.100, 0.100, 0.100, 0.100, 0.100, 0.100, 0.100, 0.100, 0.100, 0.100, 0.100, 0.100, 0.100, 0.100, 0.248, 0.100, 0.100, 0.100, 0.100, 0.100, 0.103, 0.100, 0.100, 0.100, 0.100, 0.100]
    Layer  7: sigma=[0.100, 0.236, 0.100, 0.100, 0.133, 0.100, 0.100, 0.100, 0.100, 0.100, 0.100, 0.149, 0.100, 0.100, 0.100, 0.100, 0.100, 0.100, 0.100, 0.100, 0.100, 0.100, 0.100, 0.100, 0.100, 0.100, 0.100, 0.100, 0.100, 0.100, 0.100, 0.100]
    Layer  8: sigma=[0.100, 0.100, 0.100, 0.100, 0.100, 0.100, 0.100, 0.120, 0.100, 0.100, 0.100, 0.100, 0.100, 0.114, 0.100, 0.100, 0.100, 0.100, 0.100, 0.100, 0.100, 0.100, 0.100, 0.100, 0.100, 0.100, 0.100, 0.289, 0.100, 0.100, 0.100, 0.100]
    Layer  9: sigma=[0.100, 0.100, 0.124, 0.100, 0.100, 0.100, 0.100, 0.100, 0.100, 0.100, 0.100, 0.100, 0.100, 0.100, 0.748, 0.231, 0.100, 0.100, 0.100, 0.100, 0.111, 0.100, 0.100, 0.100, 0.100, 0.161, 0.100, 0.100, 0.100, 0.100, 0.100, 0.100]
    Layer 10: sigma=[0.100, 0.100, 0.100, 0.100, 0.100, 0.100, 0.100, 0.100, 0.138, 0.100, 0.100, 0.100, 0.100, 0.100, 0.100, 0.100, 0.100, 0.100, 0.100, 0.100, 0.100, 0.101, 0.100, 0.100, 0.100, 0.100, 0.100, 0.100, 0.102, 0.100, 0.104, 0.100]
    Layer 11: sigma=[0.100, 0.100, 0.100, 0.100, 0.225, 0.100, 0.168, 0.100, 0.100, 0.135, 0.100, 0.100, 0.143, 0.100, 0.283, 0.100, 0.100, 0.100, 0.100, 0.100, 0.100, 0.100, 0.100, 0.100, 0.100, 0.100, 0.254, 0.100, 0.100, 0.100, 0.103, 0.100]
    Layer 12: sigma=[0.100, 0.100, 0.100, 0.100, 0.100, 0.128, 0.100, 0.100, 0.100, 0.125, 0.100, 0.100, 0.100, 0.100, 0.100, 0.100, 0.100, 0.258, 0.427, 0.100, 0.100, 0.100, 0.100, 0.100, 0.100, 0.313, 0.100, 0.142, 0.100, 0.132, 0.142, 0.100]
    Layer 13: sigma=[0.249, 0.100, 0.100, 0.100, 0.100, 0.100, 0.100, 0.100, 0.100, 0.127, 0.128, 0.100, 0.100, 0.100, 0.100, 0.100, 0.100, 0.100, 0.100, 0.100, 0.100, 0.100, 0.100, 0.100, 0.100, 0.100, 0.100, 0.100, 0.100, 0.100, 0.100, 0.100]
    Layer 14: sigma=[0.100, 0.100, 0.107, 0.100, 0.100, 0.415, 0.100, 0.176, 0.100, 0.100, 0.100, 0.100, 0.100, 0.172, 0.100, 0.100, 0.100, 0.100, 0.186, 0.102, 0.100, 0.100, 0.100, 0.100, 0.100, 0.151, 0.100, 0.135, 0.100, 0.100, 0.148, 0.100]
    Layer 15: sigma=[0.100, 0.261, 0.100, 0.100, 0.218, 0.113, 0.100, 0.100, 0.100, 0.100, 0.100, 0.148, 0.238, 0.100, 0.100, 0.100, 0.100, 0.100, 0.101, 0.135, 0.100, 0.100, 0.100, 0.100, 0.247, 0.223, 0.100, 0.100, 0.100, 0.100, 0.100, 0.100]
    Layer 16: sigma=[0.340, 0.100, 0.100, 0.100, 0.100, 0.100, 0.100, 0.100, 0.100, 0.100, 0.100, 0.100, 0.100, 0.100, 0.100, 0.100, 0.100, 0.100, 0.100, 0.100, 0.100, 0.100, 0.100, 0.100, 0.100, 0.172, 0.100, 0.100, 0.100, 0.100, 0.100, 0.100]
    Layer 17: sigma=[0.100, 0.100, 0.100, 0.100, 0.100, 0.531, 0.100, 0.108, 0.105, 0.100, 0.100, 0.100, 0.100, 0.100, 0.100, 0.100, 0.320, 0.114, 0.100, 0.495, 0.100, 0.100, 0.100, 0.100, 0.100, 0.100, 0.370, 0.117, 0.100, 0.100, 0.100, 0.100]
    Layer 18: sigma=[0.100, 0.639, 0.100, 0.100, 0.100, 0.213, 0.100, 0.100, 0.100, 0.100, 0.100, 0.100, 0.100, 0.100, 0.100, 0.100, 0.465, 0.100, 0.100, 0.100, 0.100, 0.100, 0.100, 0.100, 0.100, 0.100, 0.100, 0.100, 0.100, 0.100, 0.100, 0.100]
    Layer 19: sigma=[0.100, 0.100, 0.100, 0.100, 0.100, 0.100, 0.171, 0.100, 0.100, 0.100, 0.100, 0.100, 0.289, 0.100, 0.100, 0.129, 0.100, 0.100, 0.100, 0.324, 0.100, 0.100, 0.100, 0.100, 0.100, 0.100, 0.100, 0.100, 0.100, 0.100, 0.100, 0.100]
    Layer 20: sigma=[0.100, 0.100, 0.187, 0.118, 0.100, 0.248, 0.141, 0.100, 0.100, 0.100, 0.100, 0.100, 0.100, 0.100, 0.100, 0.110, 0.217, 0.100, 0.100, 0.100, 0.101, 0.100, 0.100, 0.100, 0.100, 0.100, 0.100, 0.100, 0.100, 0.100, 0.100, 0.100]
    Layer 21: sigma=[0.100, 0.104, 0.100, 0.139, 0.100, 0.100, 0.100, 0.100, 0.100, 0.100, 0.100, 0.401, 0.100, 0.100, 0.100, 0.100, 0.100, 0.100, 0.100, 0.109, 0.100, 0.100, 0.100, 0.100, 0.100, 0.100, 0.100, 0.100, 0.100, 0.100, 0.466, 0.120]
    Layer 22: sigma=[0.184, 0.100, 0.100, 0.100, 0.148, 0.111, 0.117, 0.204, 0.196, 0.100, 0.100, 0.100, 0.100, 0.100, 0.100, 0.100, 0.100, 0.100, 0.100, 0.140, 0.100, 0.100, 0.100, 0.100, 0.100, 0.100, 0.100, 0.100, 0.100, 0.100, 0.100, 0.100]
    Layer 23: sigma=[0.202, 0.126, 0.142, 0.100, 0.100, 0.102, 0.140, 0.100, 0.100, 0.100, 0.100, 0.100, 0.100, 0.100, 0.100, 0.100, 0.100, 0.100, 0.100, 0.100, 0.100, 0.100, 0.100, 0.100, 0.100, 0.100, 0.100, 0.100, 0.100, 0.196, 0.194, 0.213]
    Layer 24: sigma=[0.100, 0.100, 0.100, 0.100, 0.100, 0.100, 0.100, 0.100, 0.170, 0.100, 0.100, 0.100, 0.100, 0.100, 0.100, 0.181, 0.100, 0.100, 0.100, 0.127, 0.100, 0.100, 0.100, 0.100, 0.254, 0.312, 0.191, 0.221, 0.100, 0.100, 0.100, 0.100]
    Layer 25: sigma=[0.100, 0.100, 0.100, 0.100, 0.100, 0.100, 0.100, 0.100, 0.100, 0.100, 0.100, 0.100, 0.100, 0.100, 0.100, 0.100, 0.100, 0.100, 0.100, 0.100, 0.100, 0.100, 0.100, 0.100, 0.100, 0.100, 0.100, 0.100, 0.100, 0.100, 0.100, 0.100]
    Layer 27: sigma=[0.100, 0.100, 0.100, 0.100, 0.100, 0.100, 0.100, 0.100, 0.100, 0.100, 0.100, 0.100, 0.100, 0.100, 0.100, 0.100, 0.100, 0.100, 0.100, 0.100, 0.100, 0.100, 0.100, 0.100, 0.100, 0.100, 0.100, 0.100, 0.100, 0.220, 0.100, 0.100]
    Layer 28: sigma=[0.100, 0.100, 0.100, 0.100, 0.120, 0.162, 0.100, 0.259, 0.100, 0.100, 0.100, 0.100, 0.100, 0.100, 0.100, 0.100, 0.100, 0.100, 0.100, 0.100, 0.100, 0.100, 0.100, 0.100, 0.100, 0.100, 0.100, 0.100, 0.100, 0.100, 0.100, 0.100]
    Layer 29: sigma=[0.100, 0.100, 0.100, 0.100, 0.100, 0.100, 0.100, 0.100, 0.100, 0.100, 0.100, 0.100, 0.100, 0.100, 0.100, 0.100, 0.100, 0.100, 0.100, 0.100, 0.100, 0.100, 0.100, 0.100, 0.100, 0.100, 0.100, 0.100, 0.100, 0.100, 0.100, 0.100]
    Layer 30: sigma=[0.100, 0.100, 0.100, 0.100, 0.100, 0.100, 0.100, 0.100, 0.100, 0.100, 0.100, 0.100, 0.100, 0.100, 0.100, 0.100, 0.100, 0.100, 0.100, 0.100, 0.100, 0.100, 0.100, 0.100, 0.100, 0.100, 0.100, 0.100, 0.100, 0.100, 0.100, 0.100]
    Layer 31: sigma=[0.100, 0.100, 0.100, 0.100, 0.100, 0.100, 0.100, 0.100, 0.100, 0.100, 0.100, 0.100, 0.100, 0.100, 0.100, 0.100, 0.100, 0.105, 0.100, 0.100, 0.100, 0.100, 0.100, 0.100, 0.100, 0.100, 0.100, 0.100, 0.100, 0.100, 0.100, 0.100]
    Layer 32: sigma=[0.100, 0.100, 0.100, 0.100, 0.100, 0.100, 0.100, 0.100, 0.100, 0.100, 0.100, 0.100, 0.100, 0.100, 0.100, 0.100, 0.100, 0.100, 0.100, 0.100, 0.100, 0.100, 0.100, 0.100, 0.100, 0.100, 0.100, 0.100, 0.100, 0.100, 0.100, 0.100]
    Layer 33: sigma=[0.100, 0.100, 0.100, 0.100, 0.100, 0.100, 0.100, 0.100, 0.100, 0.100, 0.100, 0.100, 0.100, 0.100, 0.100, 0.100, 0.100, 0.100, 0.100, 0.100, 0.100, 0.100, 0.100, 0.100, 0.100, 0.100, 0.100, 0.100, 0.100, 0.100, 0.100, 0.100]
    Layer 34: sigma=[0.100, 0.100, 0.100, 0.100, 0.100, 0.100, 0.100, 0.100, 0.100, 0.100, 0.100, 0.100, 0.100, 0.100, 0.100, 0.100, 0.100, 0.100, 0.100, 0.100, 0.100, 0.100, 0.100, 0.100, 0.100, 0.100, 0.100, 0.100, 0.100, 0.100, 0.100, 0.100]
    Layer 35: sigma=[0.100, 0.100, 0.100, 0.100, 0.100, 0.100, 0.100, 0.100, 0.100, 0.100, 0.100, 0.100, 0.100, 0.100, 0.100, 0.100, 0.100, 0.100, 0.100, 0.100, 0.100, 0.100, 0.100, 0.100, 0.100, 0.100, 0.100, 0.100, 0.100, 0.100, 0.100, 0.100]

  [Taylor Step 3/3] g_proj = v_proj * alpha (damping=0.01)...
    Layer  0: alpha=0.069036  teacher_rms=0.0168  v_rms=0.0024
    Layer  1: alpha=0.058383  teacher_rms=0.0216  v_rms=0.0037
    Layer  2: alpha=0.054869  teacher_rms=0.0222  v_rms=0.0041
    Layer  3: alpha=0.041723  teacher_rms=0.0261  v_rms=0.0063
    Layer  4: alpha=0.048978  teacher_rms=0.0316  v_rms=0.0065
    Layer  5: alpha=0.052629  teacher_rms=0.0412  v_rms=0.0078
    Layer  6: alpha=0.074780  teacher_rms=0.0646  v_rms=0.0086
    Layer  7: alpha=0.040851  teacher_rms=0.0510  v_rms=0.0125
    Layer  8: alpha=0.041746  teacher_rms=0.0695  v_rms=0.0167
    Layer  9: alpha=0.027229  teacher_rms=0.0701  v_rms=0.0258
    Layer 10: alpha=0.048962  teacher_rms=0.1071  v_rms=0.0219
    Layer 11: alpha=0.053058  teacher_rms=0.1038  v_rms=0.0196
    Layer 12: alpha=0.048250  teacher_rms=0.1177  v_rms=0.0244
    Layer 13: alpha=0.054538  teacher_rms=0.1013  v_rms=0.0186
    Layer 14: alpha=0.055915  teacher_rms=0.1546  v_rms=0.0276
    Layer 15: alpha=0.047068  teacher_rms=0.1546  v_rms=0.0329
    Layer 16: alpha=0.039353  teacher_rms=0.1446  v_rms=0.0367
    Layer 17: alpha=0.034134  teacher_rms=0.1762  v_rms=0.0516
    Layer 18: alpha=0.032335  teacher_rms=0.1919  v_rms=0.0594
    Layer 19: alpha=0.049985  teacher_rms=0.2023  v_rms=0.0405
    Layer 20: alpha=0.051280  teacher_rms=0.1938  v_rms=0.0378
    Layer 21: alpha=0.039603  teacher_rms=0.2301  v_rms=0.0581
    Layer 22: alpha=0.053707  teacher_rms=0.2755  v_rms=0.0513
    Layer 23: alpha=0.052750  teacher_rms=0.3026  v_rms=0.0574
    Layer 24: alpha=0.033767  teacher_rms=0.2864  v_rms=0.0848
    Layer 25: alpha=0.038418  teacher_rms=0.2261  v_rms=0.0589
    Layer 27: alpha=0.032656  teacher_rms=0.2900  v_rms=0.0888
    Layer 28: alpha=0.036955  teacher_rms=0.3530  v_rms=0.0955
    Layer 29: alpha=0.016275  teacher_rms=0.2479  v_rms=0.1523
    Layer 30: alpha=0.025867  teacher_rms=0.3921  v_rms=0.1516
    Layer 31: alpha=0.018616  teacher_rms=0.3452  v_rms=0.1854
    Layer 32: alpha=0.021930  teacher_rms=0.5106  v_rms=0.2328
    Layer 33: alpha=0.016345  teacher_rms=0.5964  v_rms=0.3649
    Layer 34: alpha=0.031180  teacher_rms=1.0165  v_rms=0.3260
    Layer 35: alpha=0.058528  teacher_rms=1.0378  v_rms=0.1773

  Set g_proj = v_proj * alpha in 35 GDN layers (damping=0.01).
  Init (taylor_distill) done in 337.3s
  Layer 26: PPL = 897.08  (eval 13.8s)

============================================================
  Probing layer 27 | strategy=taylor_distill
============================================================
Loading checkpoint shards:   0%|          | 0/4 [00:00<?, ?it/s]Loading checkpoint shards: 100%|██████████| 4/4 [00:00<00:00, 132.10it/s]
Could not cache non-existence of file. Will ignore error and continue. Error: [Errno 13] Permission denied: '/data/shared/huggingface/hub/models--Qwen--Qwen3-8B/.no_exist/b968826d9c46dd6066d109eabc6255188de91218/model.safetensors'
Loading checkpoint shards:   0%|          | 0/5 [00:00<?, ?it/s]Loading checkpoint shards:  80%|████████  | 4/5 [00:00<00:00, 35.26it/s]Loading checkpoint shards: 100%|██████████| 5/5 [00:00<00:00, 43.70it/s]
Token indices sequence length is longer than the specified maximum sequence length for this model (2429029 > 131072). Running this sequence through the model will result in indexing errors
  [Taylor Step 1/3] Gate calibration from attention stats...
    Layer  0: dist=[18, 2, 6, 20, 8, 14, 6, 7, 10, 4, 6, 7, 10, 18, 17, 5, 9, 11, 8, 8, 8, 12, 2, 7, 4, 26, 5, 26, 9, 19, 9, 8]
    Layer  1: dist=[12, 21, 14, 26, 2, 9, 17, 7, 25, 18, 32, 29, 18, 28, 28, 20, 17, 26, 31, 18, 28, 17, 21, 21, 26, 8, 25, 23, 41, 16, 20, 28]
    Layer  2: dist=[36, 36, 37, 32, 17, 27, 20, 24, 21, 24, 29, 33, 28, 25, 26, 34, 32, 26, 28, 22, 28, 36, 27, 27, 14, 14, 11, 19, 41, 42, 43, 41]
    Layer  3: dist=[40, 20, 9, 12, 49, 50, 46, 42, 30, 27, 33, 31, 49, 43, 42, 42, 35, 37, 29, 37, 42, 33, 32, 36, 35, 30, 29, 33, 39, 36, 40, 37]
    Layer  4: dist=[31, 35, 41, 36, 41, 33, 35, 48, 37, 38, 34, 34, 31, 31, 38, 35, 35, 37, 38, 39, 34, 35, 25, 34, 26, 32, 27, 21, 28, 33, 30, 30]
    Layer  5: dist=[23, 29, 30, 21, 36, 34, 29, 29, 4, 14, 40, 38, 31, 43, 32, 30, 23, 20, 28, 28, 29, 30, 27, 33, 38, 39, 43, 43, 26, 25, 29, 32]
    Layer  6: dist=[16, 22, 17, 17, 27, 24, 34, 32, 25, 12, 21, 20, 31, 34, 28, 16, 28, 20, 24, 23, 13, 18, 18, 8, 21, 24, 18, 28, 24, 25, 21, 27]
    Layer  7: dist=[31, 36, 33, 46, 63, 57, 63, 60, 45, 60, 53, 41, 54, 15, 30, 49, 42, 54, 44, 44, 54, 45, 58, 59, 34, 41, 25, 43, 49, 51, 49, 54]
    Layer  8: dist=[45, 46, 49, 29, 43, 41, 35, 44, 46, 52, 43, 48, 51, 43, 49, 36, 60, 56, 54, 51, 44, 54, 51, 57, 47, 37, 51, 36, 44, 38, 42, 44]
    Layer  9: dist=[40, 32, 31, 36, 45, 49, 48, 40, 62, 61, 60, 56, 14, 46, 32, 45, 49, 53, 59, 62, 44, 40, 35, 41, 61, 44, 49, 54, 62, 57, 63, 61]
    Layer 10: dist=[39, 39, 30, 39, 46, 55, 33, 41, 34, 45, 55, 26, 49, 36, 42, 44, 45, 53, 52, 50, 46, 31, 56, 51, 51, 56, 47, 43, 40, 39, 44, 47]
    Layer 11: dist=[33, 33, 47, 27, 29, 36, 43, 42, 52, 62, 57, 49, 44, 33, 38, 39, 39, 36, 33, 25, 42, 56, 46, 46, 39, 32, 36, 32, 49, 34, 31, 48]
    Layer 12: dist=[12, 40, 39, 33, 43, 46, 39, 36, 33, 36, 44, 44, 50, 45, 45, 49, 21, 38, 29, 44, 55, 54, 53, 56, 49, 1, 56, 23, 43, 45, 59, 49]
    Layer 13: dist=[29, 36, 39, 36, 31, 29, 35, 22, 47, 36, 52, 61, 64, 58, 55, 62, 46, 39, 31, 36, 47, 33, 44, 46, 44, 33, 40, 41, 58, 56, 49, 51]
    Layer 14: dist=[25, 35, 34, 24, 39, 24, 35, 33, 31, 32, 37, 37, 36, 40, 35, 36, 41, 46, 31, 35, 33, 17, 28, 42, 27, 38, 40, 38, 43, 44, 5, 48]
    Layer 15: dist=[45, 27, 43, 23, 20, 22, 41, 33, 48, 33, 26, 54, 37, 56, 41, 47, 33, 33, 34, 36, 33, 30, 27, 27, 27, 20, 41, 37, 38, 47, 38, 28]
    Layer 16: dist=[37, 32, 42, 47, 29, 35, 26, 31, 29, 45, 40, 43, 49, 35, 44, 47, 38, 41, 34, 35, 59, 60, 57, 54, 39, 28, 34, 6, 32, 33, 36, 32]
    Layer 17: dist=[58, 50, 41, 34, 28, 31, 22, 25, 44, 54, 42, 49, 23, 32, 39, 39, 24, 29, 32, 22, 39, 51, 49, 48, 30, 28, 31, 26, 29, 43, 47, 36]
    Layer 18: dist=[20, 27, 19, 18, 29, 37, 39, 30, 37, 40, 37, 45, 34, 34, 31, 35, 26, 41, 42, 28, 38, 28, 37, 52, 31, 35, 35, 36, 30, 29, 43, 31]
    Layer 19: dist=[39, 33, 35, 35, 43, 54, 30, 38, 40, 44, 41, 48, 35, 31, 40, 35, 44, 42, 26, 29, 10, 28, 18, 27, 52, 54, 52, 58, 44, 43, 41, 41]
    Layer 20: dist=[46, 39, 44, 40, 41, 27, 28, 31, 23, 21, 26, 21, 48, 42, 48, 50, 24, 28, 31, 21, 38, 57, 52, 51, 63, 51, 53, 44, 49, 43, 55, 55]
    Layer 21: dist=[26, 25, 30, 35, 58, 33, 53, 58, 61, 33, 39, 38, 26, 24, 25, 23, 39, 40, 45, 32, 47, 52, 48, 49, 35, 34, 32, 44, 38, 40, 34, 47]
    Layer 22: dist=[39, 32, 37, 33, 28, 38, 24, 30, 21, 27, 24, 35, 9, 46, 32, 35, 18, 40, 40, 23, 53, 59, 60, 61, 51, 44, 46, 48, 57, 47, 53, 50]
    Layer 23: dist=[22, 18, 26, 22, 55, 55, 22, 50, 41, 20, 24, 31, 37, 36, 41, 39, 41, 38, 42, 48, 41, 46, 42, 40, 41, 39, 37, 51, 47, 44, 44, 39]
    Layer 24: dist=[40, 62, 57, 51, 50, 56, 54, 47, 52, 54, 52, 43, 41, 39, 47, 40, 42, 49, 44, 42, 60, 53, 52, 58, 31, 41, 39, 29, 50, 57, 51, 47]
    Layer 25: dist=[50, 60, 59, 49, 38, 38, 54, 42, 46, 52, 47, 48, 36, 45, 27, 37, 48, 50, 49, 45, 54, 56, 55, 55, 58, 56, 50, 55, 46, 61, 51, 45]
    Layer 26: dist=[43, 47, 57, 36, 59, 57, 59, 56, 52, 56, 53, 49, 52, 62, 60, 60, 43, 46, 53, 50, 53, 54, 60, 57, 53, 50, 54, 50, 58, 50, 59, 51]
    Layer 28: dist=[53, 47, 54, 53, 41, 35, 40, 38, 52, 57, 47, 46, 57, 53, 48, 50, 57, 51, 53, 55, 59, 37, 32, 46, 47, 46, 50, 51, 46, 48, 35, 49]
    Layer 29: dist=[57, 58, 57, 58, 45, 56, 47, 58, 58, 57, 61, 54, 60, 61, 60, 61, 58, 56, 58, 60, 62, 61, 56, 62, 49, 59, 47, 49, 55, 51, 56, 56]
    Layer 30: dist=[40, 54, 51, 52, 53, 51, 48, 37, 60, 59, 58, 60, 53, 53, 57, 51, 52, 39, 61, 61, 29, 60, 53, 54, 60, 60, 61, 60, 55, 56, 54, 51]
    Layer 31: dist=[60, 58, 51, 49, 58, 59, 59, 59, 57, 41, 46, 47, 58, 59, 59, 58, 52, 53, 55, 48, 60, 59, 56, 59, 57, 56, 46, 60, 57, 55, 53, 57]
    Layer 32: dist=[56, 57, 58, 57, 58, 60, 59, 60, 56, 55, 59, 58, 48, 58, 54, 47, 58, 54, 54, 54, 62, 48, 57, 60, 36, 48, 44, 53, 58, 54, 51, 53]
    Layer 33: dist=[52, 61, 57, 60, 45, 52, 29, 47, 57, 58, 57, 58, 58, 59, 58, 59, 59, 59, 53, 56, 58, 49, 54, 57, 57, 59, 60, 59, 56, 56, 55, 53]
    Layer 34: dist=[56, 57, 58, 57, 55, 56, 55, 54, 25, 47, 54, 42, 58, 57, 60, 40, 42, 44, 62, 30, 58, 27, 59, 60, 61, 60, 62, 60, 26, 32, 35, 54]
    Layer 35: dist=[56, 62, 36, 50, 43, 19, 55, 48, 42, 51, 55, 49, 30, 17, 24, 22, 49, 45, 40, 27, 45, 52, 28, 27, 33, 27, 33, 35, 36, 57, 61, 58]

  [Taylor Step 2/3] OLS sigma per head (scaling V, streaming)...
    Layer  0: sigma=[0.259, 0.100, 0.100, 0.100, 0.197, 0.601, 0.100, 0.100, 0.100, 0.100, 0.142, 0.100, 0.100, 0.100, 0.100, 0.292, 0.100, 0.100, 0.100, 0.100, 0.100, 0.100, 0.100, 0.200, 0.100, 0.100, 0.577, 0.100, 0.253, 0.100, 0.100, 0.100]
    Layer  1: sigma=[0.279, 0.100, 0.100, 0.100, 0.100, 0.100, 0.100, 0.100, 0.100, 0.405, 0.277, 0.100, 0.100, 0.100, 0.100, 0.100, 0.100, 0.100, 0.100, 0.100, 0.100, 0.100, 0.100, 0.204, 0.100, 0.100, 0.179, 0.100, 0.100, 0.100, 0.100, 0.100]
    Layer  2: sigma=[0.152, 0.100, 0.100, 0.100, 0.100, 0.100, 0.100, 0.100, 0.161, 0.100, 0.100, 0.100, 0.100, 0.257, 0.100, 0.100, 0.100, 0.100, 0.100, 0.100, 0.100, 0.100, 0.100, 0.100, 0.100, 0.177, 0.100, 0.100, 0.100, 0.100, 0.100, 0.138]
    Layer  3: sigma=[0.100, 0.453, 0.100, 0.289, 0.100, 0.100, 0.100, 0.100, 0.100, 0.100, 0.100, 0.100, 0.100, 0.100, 0.100, 0.100, 0.100, 0.100, 0.119, 0.100, 0.100, 0.100, 0.100, 0.100, 0.100, 0.128, 0.111, 0.100, 0.100, 0.100, 0.100, 0.100]
    Layer  4: sigma=[0.100, 0.100, 0.100, 0.100, 0.100, 0.100, 0.100, 0.100, 0.100, 0.100, 0.100, 0.100, 0.100, 0.100, 0.100, 0.100, 0.100, 0.100, 0.100, 0.100, 0.100, 0.145, 0.309, 0.100, 0.100, 0.100, 0.100, 0.100, 0.100, 0.100, 0.100, 0.100]
    Layer  5: sigma=[0.100, 0.100, 0.112, 0.100, 0.100, 0.100, 0.100, 0.100, 0.100, 0.274, 0.100, 0.107, 0.100, 0.100, 0.100, 0.113, 0.100, 0.333, 0.100, 0.100, 0.100, 0.100, 0.100, 0.100, 0.100, 0.100, 0.100, 0.100, 0.100, 0.243, 0.100, 0.100]
    Layer  6: sigma=[0.100, 0.100, 0.163, 0.100, 0.117, 0.114, 0.100, 0.100, 0.100, 0.100, 0.100, 0.100, 0.100, 0.100, 0.100, 0.100, 0.100, 0.100, 0.100, 0.100, 0.247, 0.100, 0.100, 0.100, 0.100, 0.100, 0.103, 0.100, 0.100, 0.100, 0.100, 0.100]
    Layer  7: sigma=[0.100, 0.242, 0.100, 0.100, 0.139, 0.100, 0.100, 0.100, 0.100, 0.100, 0.100, 0.155, 0.100, 0.100, 0.100, 0.100, 0.100, 0.100, 0.100, 0.100, 0.100, 0.100, 0.100, 0.100, 0.100, 0.100, 0.100, 0.100, 0.100, 0.100, 0.100, 0.100]
    Layer  8: sigma=[0.100, 0.100, 0.100, 0.100, 0.100, 0.100, 0.100, 0.113, 0.100, 0.100, 0.100, 0.100, 0.100, 0.145, 0.100, 0.100, 0.100, 0.100, 0.100, 0.100, 0.100, 0.100, 0.100, 0.100, 0.100, 0.100, 0.100, 0.293, 0.100, 0.100, 0.100, 0.100]
    Layer  9: sigma=[0.100, 0.100, 0.127, 0.100, 0.100, 0.100, 0.100, 0.100, 0.100, 0.100, 0.100, 0.100, 0.100, 0.100, 0.779, 0.218, 0.100, 0.100, 0.100, 0.100, 0.116, 0.100, 0.100, 0.100, 0.100, 0.164, 0.100, 0.100, 0.100, 0.100, 0.100, 0.100]
    Layer 10: sigma=[0.100, 0.100, 0.100, 0.100, 0.100, 0.100, 0.100, 0.100, 0.135, 0.100, 0.100, 0.100, 0.100, 0.100, 0.100, 0.100, 0.100, 0.100, 0.100, 0.100, 0.100, 0.100, 0.100, 0.100, 0.100, 0.100, 0.100, 0.100, 0.103, 0.100, 0.112, 0.100]
    Layer 11: sigma=[0.100, 0.100, 0.100, 0.100, 0.223, 0.100, 0.168, 0.100, 0.100, 0.132, 0.100, 0.100, 0.146, 0.100, 0.274, 0.100, 0.100, 0.100, 0.100, 0.100, 0.100, 0.100, 0.100, 0.100, 0.100, 0.100, 0.248, 0.100, 0.100, 0.100, 0.104, 0.100]
    Layer 12: sigma=[0.100, 0.100, 0.100, 0.100, 0.100, 0.116, 0.100, 0.100, 0.100, 0.115, 0.100, 0.100, 0.100, 0.100, 0.100, 0.100, 0.100, 0.287, 0.414, 0.100, 0.100, 0.100, 0.100, 0.100, 0.100, 0.386, 0.100, 0.135, 0.100, 0.136, 0.135, 0.100]
    Layer 13: sigma=[0.259, 0.100, 0.100, 0.100, 0.100, 0.100, 0.100, 0.112, 0.100, 0.129, 0.127, 0.100, 0.100, 0.100, 0.100, 0.100, 0.100, 0.100, 0.100, 0.100, 0.100, 0.100, 0.100, 0.100, 0.100, 0.100, 0.100, 0.100, 0.100, 0.100, 0.100, 0.100]
    Layer 14: sigma=[0.100, 0.100, 0.106, 0.100, 0.100, 0.429, 0.100, 0.193, 0.100, 0.100, 0.100, 0.100, 0.100, 0.172, 0.100, 0.100, 0.100, 0.100, 0.170, 0.106, 0.100, 0.100, 0.100, 0.100, 0.100, 0.166, 0.100, 0.133, 0.100, 0.100, 0.106, 0.100]
    Layer 15: sigma=[0.100, 0.248, 0.100, 0.182, 0.237, 0.100, 0.100, 0.100, 0.100, 0.100, 0.100, 0.100, 0.262, 0.100, 0.100, 0.100, 0.100, 0.100, 0.102, 0.141, 0.100, 0.100, 0.100, 0.100, 0.296, 0.219, 0.100, 0.100, 0.100, 0.100, 0.100, 0.100]
    Layer 16: sigma=[0.342, 0.100, 0.100, 0.100, 0.100, 0.100, 0.100, 0.100, 0.100, 0.100, 0.100, 0.100, 0.100, 0.100, 0.100, 0.100, 0.100, 0.100, 0.100, 0.100, 0.100, 0.100, 0.100, 0.100, 0.100, 0.137, 0.100, 0.100, 0.100, 0.100, 0.100, 0.100]
    Layer 17: sigma=[0.100, 0.100, 0.100, 0.100, 0.100, 0.461, 0.100, 0.100, 0.103, 0.100, 0.100, 0.100, 0.100, 0.100, 0.100, 0.100, 0.338, 0.126, 0.100, 0.332, 0.100, 0.100, 0.100, 0.100, 0.106, 0.100, 0.373, 0.120, 0.100, 0.100, 0.100, 0.100]
    Layer 18: sigma=[0.100, 0.839, 0.100, 0.100, 0.100, 0.188, 0.100, 0.119, 0.100, 0.100, 0.100, 0.100, 0.100, 0.100, 0.100, 0.100, 0.492, 0.100, 0.100, 0.100, 0.100, 0.100, 0.100, 0.100, 0.100, 0.100, 0.100, 0.100, 0.100, 0.100, 0.100, 0.100]
    Layer 19: sigma=[0.100, 0.100, 0.100, 0.100, 0.100, 0.100, 0.190, 0.100, 0.100, 0.100, 0.100, 0.100, 0.234, 0.100, 0.100, 0.133, 0.100, 0.100, 0.100, 0.379, 0.100, 0.100, 0.100, 0.100, 0.101, 0.100, 0.100, 0.100, 0.100, 0.100, 0.100, 0.100]
    Layer 20: sigma=[0.100, 0.100, 0.177, 0.100, 0.100, 0.265, 0.130, 0.100, 0.100, 0.100, 0.100, 0.100, 0.100, 0.100, 0.100, 0.109, 0.181, 0.104, 0.100, 0.100, 0.111, 0.100, 0.100, 0.100, 0.100, 0.100, 0.100, 0.100, 0.100, 0.100, 0.100, 0.100]
    Layer 21: sigma=[0.100, 0.100, 0.100, 0.124, 0.100, 0.100, 0.100, 0.100, 0.100, 0.100, 0.100, 0.382, 0.100, 0.100, 0.100, 0.100, 0.100, 0.100, 0.100, 0.100, 0.100, 0.100, 0.100, 0.100, 0.100, 0.100, 0.100, 0.100, 0.100, 0.100, 0.288, 0.116]
    Layer 22: sigma=[0.215, 0.100, 0.100, 0.100, 0.139, 0.138, 0.108, 0.254, 0.166, 0.100, 0.100, 0.100, 0.111, 0.100, 0.100, 0.100, 0.100, 0.100, 0.100, 0.140, 0.100, 0.100, 0.100, 0.100, 0.100, 0.100, 0.100, 0.100, 0.100, 0.100, 0.100, 0.100]
    Layer 23: sigma=[0.193, 0.146, 0.206, 0.100, 0.101, 0.100, 0.241, 0.100, 0.100, 0.100, 0.100, 0.100, 0.100, 0.100, 0.100, 0.100, 0.100, 0.100, 0.100, 0.100, 0.100, 0.100, 0.100, 0.100, 0.100, 0.100, 0.100, 0.100, 0.100, 0.202, 0.200, 0.103]
    Layer 24: sigma=[0.100, 0.100, 0.100, 0.100, 0.100, 0.100, 0.100, 0.100, 0.165, 0.100, 0.100, 0.100, 0.100, 0.100, 0.100, 0.207, 0.100, 0.100, 0.100, 0.100, 0.100, 0.100, 0.100, 0.100, 0.298, 0.235, 0.179, 0.214, 0.100, 0.100, 0.100, 0.100]
    Layer 25: sigma=[0.100, 0.100, 0.100, 0.100, 0.100, 0.100, 0.100, 0.100, 0.100, 0.100, 0.100, 0.110, 0.100, 0.100, 0.100, 0.100, 0.100, 0.100, 0.100, 0.100, 0.100, 0.100, 0.100, 0.100, 0.100, 0.100, 0.100, 0.100, 0.100, 0.100, 0.100, 0.100]
    Layer 26: sigma=[0.100, 0.100, 0.100, 0.100, 0.100, 0.100, 0.100, 0.100, 0.100, 0.100, 0.100, 0.100, 0.100, 0.100, 0.100, 0.100, 0.100, 0.100, 0.100, 0.100, 0.100, 0.100, 0.100, 0.100, 0.100, 0.100, 0.100, 0.100, 0.100, 0.100, 0.100, 0.100]
    Layer 28: sigma=[0.100, 0.100, 0.100, 0.100, 0.100, 0.136, 0.100, 0.225, 0.100, 0.100, 0.100, 0.100, 0.100, 0.100, 0.100, 0.100, 0.100, 0.100, 0.100, 0.100, 0.100, 0.100, 0.100, 0.100, 0.100, 0.100, 0.100, 0.100, 0.100, 0.100, 0.100, 0.100]
    Layer 29: sigma=[0.100, 0.100, 0.100, 0.100, 0.100, 0.100, 0.100, 0.100, 0.100, 0.100, 0.100, 0.100, 0.100, 0.100, 0.100, 0.100, 0.100, 0.100, 0.100, 0.100, 0.100, 0.100, 0.100, 0.100, 0.100, 0.100, 0.100, 0.100, 0.100, 0.100, 0.100, 0.100]
    Layer 30: sigma=[0.100, 0.100, 0.100, 0.100, 0.100, 0.100, 0.100, 0.100, 0.100, 0.100, 0.100, 0.100, 0.100, 0.100, 0.100, 0.100, 0.100, 0.100, 0.100, 0.100, 0.100, 0.100, 0.100, 0.100, 0.100, 0.100, 0.100, 0.100, 0.100, 0.100, 0.100, 0.100]
    Layer 31: sigma=[0.100, 0.100, 0.100, 0.100, 0.100, 0.100, 0.100, 0.100, 0.100, 0.100, 0.100, 0.100, 0.100, 0.100, 0.100, 0.100, 0.100, 0.118, 0.100, 0.100, 0.100, 0.100, 0.100, 0.100, 0.100, 0.100, 0.100, 0.100, 0.100, 0.100, 0.100, 0.100]
    Layer 32: sigma=[0.100, 0.100, 0.100, 0.100, 0.100, 0.100, 0.100, 0.100, 0.100, 0.100, 0.100, 0.100, 0.100, 0.100, 0.100, 0.100, 0.100, 0.100, 0.100, 0.100, 0.100, 0.100, 0.100, 0.100, 0.100, 0.100, 0.100, 0.100, 0.100, 0.100, 0.100, 0.100]
    Layer 33: sigma=[0.100, 0.100, 0.100, 0.100, 0.100, 0.100, 0.133, 0.100, 0.100, 0.100, 0.100, 0.100, 0.100, 0.100, 0.100, 0.100, 0.100, 0.100, 0.100, 0.100, 0.100, 0.100, 0.100, 0.100, 0.100, 0.100, 0.100, 0.100, 0.100, 0.100, 0.100, 0.100]
    Layer 34: sigma=[0.100, 0.100, 0.100, 0.100, 0.100, 0.100, 0.100, 0.100, 0.100, 0.100, 0.100, 0.100, 0.100, 0.100, 0.100, 0.100, 0.100, 0.100, 0.100, 0.100, 0.100, 0.100, 0.100, 0.100, 0.100, 0.100, 0.100, 0.100, 0.100, 0.100, 0.100, 0.100]
    Layer 35: sigma=[0.100, 0.100, 0.100, 0.100, 0.147, 0.100, 0.100, 0.100, 0.100, 0.100, 0.100, 0.100, 0.100, 0.100, 0.100, 0.100, 0.100, 0.100, 0.100, 0.100, 0.100, 0.100, 0.201, 0.100, 0.100, 0.100, 0.100, 0.100, 0.100, 0.100, 0.100, 0.100]

  [Taylor Step 3/3] g_proj = v_proj * alpha (damping=0.01)...
    Layer  0: alpha=0.068898  teacher_rms=0.0168  v_rms=0.0024
    Layer  1: alpha=0.058073  teacher_rms=0.0216  v_rms=0.0037
    Layer  2: alpha=0.054751  teacher_rms=0.0222  v_rms=0.0041
    Layer  3: alpha=0.041627  teacher_rms=0.0261  v_rms=0.0063
    Layer  4: alpha=0.049291  teacher_rms=0.0316  v_rms=0.0064
    Layer  5: alpha=0.052728  teacher_rms=0.0412  v_rms=0.0078
    Layer  6: alpha=0.074636  teacher_rms=0.0646  v_rms=0.0087
    Layer  7: alpha=0.040521  teacher_rms=0.0510  v_rms=0.0126
    Layer  8: alpha=0.041327  teacher_rms=0.0695  v_rms=0.0168
    Layer  9: alpha=0.026601  teacher_rms=0.0701  v_rms=0.0264
    Layer 10: alpha=0.048950  teacher_rms=0.1071  v_rms=0.0219
    Layer 11: alpha=0.053504  teacher_rms=0.1038  v_rms=0.0194
    Layer 12: alpha=0.046435  teacher_rms=0.1177  v_rms=0.0254
    Layer 13: alpha=0.053855  teacher_rms=0.1013  v_rms=0.0188
    Layer 14: alpha=0.055648  teacher_rms=0.1546  v_rms=0.0278
    Layer 15: alpha=0.046019  teacher_rms=0.1546  v_rms=0.0336
    Layer 16: alpha=0.039748  teacher_rms=0.1446  v_rms=0.0364
    Layer 17: alpha=0.036634  teacher_rms=0.1762  v_rms=0.0481
    Layer 18: alpha=0.026269  teacher_rms=0.1919  v_rms=0.0731
    Layer 19: alpha=0.049948  teacher_rms=0.2023  v_rms=0.0405
    Layer 20: alpha=0.051710  teacher_rms=0.1938  v_rms=0.0375
    Layer 21: alpha=0.046432  teacher_rms=0.2301  v_rms=0.0496
    Layer 22: alpha=0.052160  teacher_rms=0.2755  v_rms=0.0528
    Layer 23: alpha=0.050661  teacher_rms=0.3026  v_rms=0.0597
    Layer 24: alpha=0.034445  teacher_rms=0.2864  v_rms=0.0831
    Layer 25: alpha=0.038345  teacher_rms=0.2261  v_rms=0.0590
    Layer 26: alpha=0.027400  teacher_rms=0.1994  v_rms=0.0728
    Layer 28: alpha=0.038333  teacher_rms=0.3530  v_rms=0.0921
    Layer 29: alpha=0.016275  teacher_rms=0.2479  v_rms=0.1523
    Layer 30: alpha=0.025867  teacher_rms=0.3921  v_rms=0.1516
    Layer 31: alpha=0.018583  teacher_rms=0.3452  v_rms=0.1858
    Layer 32: alpha=0.021930  teacher_rms=0.5106  v_rms=0.2328
    Layer 33: alpha=0.016297  teacher_rms=0.5964  v_rms=0.3659
    Layer 34: alpha=0.031180  teacher_rms=1.0165  v_rms=0.3260
    Layer 35: alpha=0.055562  teacher_rms=1.0378  v_rms=0.1868

  Set g_proj = v_proj * alpha in 35 GDN layers (damping=0.01).
  Init (taylor_distill) done in 452.1s
  Layer 27: PPL = 1012.28  (eval 21.3s)

============================================================
  Probing layer 28 | strategy=taylor_distill
============================================================
Loading checkpoint shards:   0%|          | 0/4 [00:00<?, ?it/s]Loading checkpoint shards: 100%|██████████| 4/4 [00:00<00:00, 47.19it/s]
Could not cache non-existence of file. Will ignore error and continue. Error: [Errno 13] Permission denied: '/data/shared/huggingface/hub/models--Qwen--Qwen3-8B/.no_exist/b968826d9c46dd6066d109eabc6255188de91218/model.safetensors'
Loading checkpoint shards:   0%|          | 0/5 [00:00<?, ?it/s]Loading checkpoint shards: 100%|██████████| 5/5 [00:00<00:00, 182.13it/s]
Token indices sequence length is longer than the specified maximum sequence length for this model (2429029 > 131072). Running this sequence through the model will result in indexing errors
  [Taylor Step 1/3] Gate calibration from attention stats...
    Layer  0: dist=[18, 2, 6, 20, 8, 14, 6, 7, 10, 4, 6, 7, 10, 18, 17, 5, 9, 11, 8, 8, 8, 12, 2, 7, 4, 26, 5, 26, 9, 19, 9, 8]
    Layer  1: dist=[12, 21, 14, 26, 2, 9, 17, 7, 25, 18, 32, 29, 18, 28, 28, 20, 17, 26, 31, 18, 28, 17, 21, 21, 26, 8, 25, 23, 41, 16, 20, 28]
    Layer  2: dist=[36, 36, 37, 32, 17, 27, 20, 24, 21, 24, 29, 33, 28, 25, 26, 34, 32, 26, 28, 22, 28, 36, 27, 27, 14, 14, 11, 19, 41, 42, 43, 41]
    Layer  3: dist=[40, 20, 9, 12, 49, 50, 46, 42, 30, 27, 33, 31, 49, 43, 42, 42, 35, 37, 29, 37, 42, 33, 32, 36, 35, 30, 29, 33, 39, 36, 40, 37]
    Layer  4: dist=[31, 35, 41, 36, 41, 33, 35, 48, 37, 38, 34, 34, 31, 31, 38, 35, 35, 37, 38, 39, 34, 35, 25, 34, 26, 32, 27, 21, 28, 33, 30, 30]
    Layer  5: dist=[23, 29, 30, 21, 36, 34, 29, 29, 4, 14, 40, 38, 31, 43, 32, 30, 23, 20, 28, 28, 29, 30, 27, 33, 38, 39, 43, 43, 26, 25, 29, 32]
    Layer  6: dist=[16, 22, 17, 17, 27, 24, 34, 32, 25, 12, 21, 20, 31, 34, 28, 16, 28, 20, 24, 23, 13, 18, 18, 8, 21, 24, 18, 28, 24, 25, 21, 27]
    Layer  7: dist=[31, 36, 33, 46, 63, 57, 63, 60, 45, 60, 53, 41, 54, 15, 30, 49, 42, 54, 44, 44, 54, 45, 58, 59, 34, 41, 25, 43, 49, 51, 49, 54]
    Layer  8: dist=[45, 46, 49, 29, 43, 41, 35, 44, 46, 52, 43, 48, 51, 43, 49, 36, 60, 56, 54, 51, 44, 54, 51, 57, 47, 37, 51, 36, 44, 38, 42, 44]
    Layer  9: dist=[40, 32, 31, 36, 45, 49, 48, 40, 62, 61, 60, 56, 14, 46, 32, 45, 49, 53, 59, 62, 44, 40, 35, 41, 61, 44, 49, 54, 62, 57, 63, 61]
    Layer 10: dist=[39, 39, 30, 39, 46, 55, 33, 41, 34, 45, 55, 26, 49, 36, 42, 44, 45, 53, 52, 50, 46, 31, 56, 51, 51, 56, 47, 43, 40, 39, 44, 47]
    Layer 11: dist=[33, 33, 47, 27, 29, 36, 43, 42, 52, 62, 57, 49, 44, 33, 38, 39, 39, 36, 33, 25, 42, 56, 46, 46, 39, 32, 36, 32, 49, 34, 31, 48]
    Layer 12: dist=[12, 40, 39, 33, 43, 46, 39, 36, 33, 36, 44, 44, 50, 45, 45, 49, 21, 38, 29, 44, 55, 54, 53, 56, 49, 1, 56, 23, 43, 45, 59, 49]
    Layer 13: dist=[29, 36, 39, 36, 31, 29, 35, 22, 47, 36, 52, 61, 64, 58, 55, 62, 46, 39, 31, 36, 47, 33, 44, 46, 44, 33, 40, 41, 58, 56, 49, 51]
    Layer 14: dist=[25, 35, 34, 24, 39, 24, 35, 33, 31, 32, 37, 37, 36, 40, 35, 36, 41, 46, 31, 35, 33, 17, 28, 42, 27, 38, 40, 38, 43, 44, 5, 48]
    Layer 15: dist=[45, 27, 43, 23, 20, 22, 41, 33, 48, 33, 26, 54, 37, 56, 41, 47, 33, 33, 34, 36, 33, 30, 27, 27, 27, 20, 41, 37, 38, 47, 38, 28]
    Layer 16: dist=[37, 32, 42, 47, 29, 35, 26, 31, 29, 45, 40, 43, 49, 35, 44, 47, 38, 41, 34, 35, 59, 60, 57, 54, 39, 28, 34, 6, 32, 33, 36, 32]
    Layer 17: dist=[58, 50, 41, 34, 28, 31, 22, 25, 44, 54, 42, 49, 23, 32, 39, 39, 24, 29, 32, 22, 39, 51, 49, 48, 30, 28, 31, 26, 29, 43, 47, 36]
    Layer 18: dist=[20, 27, 19, 18, 29, 37, 39, 30, 37, 40, 37, 45, 34, 34, 31, 35, 26, 41, 42, 28, 38, 28, 37, 52, 31, 35, 35, 36, 30, 29, 43, 31]
    Layer 19: dist=[39, 33, 35, 35, 43, 54, 30, 38, 40, 44, 41, 48, 35, 31, 40, 35, 44, 42, 26, 29, 10, 28, 18, 27, 52, 54, 52, 58, 44, 43, 41, 41]
    Layer 20: dist=[46, 39, 44, 40, 41, 27, 28, 31, 23, 21, 26, 21, 48, 42, 48, 50, 24, 28, 31, 21, 38, 57, 52, 51, 63, 51, 53, 44, 49, 43, 55, 55]
    Layer 21: dist=[26, 25, 30, 35, 58, 33, 53, 58, 61, 33, 39, 38, 26, 24, 25, 23, 39, 40, 45, 32, 47, 52, 48, 49, 35, 34, 32, 44, 38, 40, 34, 47]
    Layer 22: dist=[39, 32, 37, 33, 28, 38, 24, 30, 21, 27, 24, 35, 9, 46, 32, 35, 18, 40, 40, 23, 53, 59, 60, 61, 51, 44, 46, 48, 57, 47, 53, 50]
    Layer 23: dist=[22, 18, 26, 22, 55, 55, 22, 50, 41, 20, 24, 31, 37, 36, 41, 39, 41, 38, 42, 48, 41, 46, 42, 40, 41, 39, 37, 51, 47, 44, 44, 39]
    Layer 24: dist=[40, 62, 57, 51, 50, 56, 54, 47, 52, 54, 52, 43, 41, 39, 47, 40, 42, 49, 44, 42, 60, 53, 52, 58, 31, 41, 39, 29, 50, 57, 51, 47]
    Layer 25: dist=[50, 60, 59, 49, 38, 38, 54, 42, 46, 52, 47, 48, 36, 45, 27, 37, 48, 50, 49, 45, 54, 56, 55, 55, 58, 56, 50, 55, 46, 61, 51, 45]
    Layer 26: dist=[43, 47, 57, 36, 59, 57, 59, 56, 52, 56, 53, 49, 52, 62, 60, 60, 43, 46, 53, 50, 53, 54, 60, 57, 53, 50, 54, 50, 58, 50, 59, 51]
    Layer 27: dist=[48, 55, 54, 59, 50, 53, 52, 44, 41, 52, 55, 52, 41, 56, 42, 45, 51, 53, 53, 53, 47, 56, 54, 44, 57, 59, 60, 60, 50, 44, 45, 60]
    Layer 29: dist=[57, 58, 57, 58, 45, 56, 47, 58, 58, 57, 61, 54, 60, 61, 60, 61, 58, 56, 58, 60, 62, 61, 56, 62, 49, 59, 47, 49, 55, 51, 56, 56]
    Layer 30: dist=[40, 54, 51, 52, 53, 51, 48, 37, 60, 59, 58, 60, 53, 53, 57, 51, 52, 39, 61, 61, 29, 60, 53, 54, 60, 60, 61, 60, 55, 56, 54, 51]
    Layer 31: dist=[60, 58, 51, 49, 58, 59, 59, 59, 57, 41, 46, 47, 58, 59, 59, 58, 52, 53, 55, 48, 60, 59, 56, 59, 57, 56, 46, 60, 57, 55, 53, 57]
    Layer 32: dist=[56, 57, 58, 57, 58, 60, 59, 60, 56, 55, 59, 58, 48, 58, 54, 47, 58, 54, 54, 54, 62, 48, 57, 60, 36, 48, 44, 53, 58, 54, 51, 53]
    Layer 33: dist=[52, 61, 57, 60, 45, 52, 29, 47, 57, 58, 57, 58, 58, 59, 58, 59, 59, 59, 53, 56, 58, 49, 54, 57, 57, 59, 60, 59, 56, 56, 55, 53]
    Layer 34: dist=[56, 57, 58, 57, 55, 56, 55, 54, 25, 47, 54, 42, 58, 57, 60, 40, 42, 44, 62, 30, 58, 27, 59, 60, 61, 60, 62, 60, 26, 32, 35, 54]
    Layer 35: dist=[56, 62, 36, 50, 43, 19, 55, 48, 42, 51, 55, 49, 30, 17, 24, 22, 49, 45, 40, 27, 45, 52, 28, 27, 33, 27, 33, 35, 36, 57, 61, 58]

  [Taylor Step 2/3] OLS sigma per head (scaling V, streaming)...
    Layer  0: sigma=[0.258, 0.100, 0.100, 0.100, 0.197, 0.601, 0.100, 0.100, 0.100, 0.100, 0.142, 0.100, 0.100, 0.100, 0.100, 0.290, 0.100, 0.100, 0.100, 0.100, 0.100, 0.100, 0.100, 0.199, 0.100, 0.100, 0.577, 0.100, 0.254, 0.100, 0.100, 0.100]
    Layer  1: sigma=[0.280, 0.100, 0.100, 0.100, 0.100, 0.100, 0.100, 0.100, 0.100, 0.403, 0.279, 0.100, 0.100, 0.100, 0.100, 0.100, 0.100, 0.100, 0.100, 0.100, 0.100, 0.100, 0.100, 0.207, 0.100, 0.100, 0.179, 0.100, 0.100, 0.100, 0.100, 0.100]
    Layer  2: sigma=[0.152, 0.100, 0.100, 0.100, 0.100, 0.100, 0.100, 0.100, 0.157, 0.100, 0.100, 0.100, 0.100, 0.256, 0.100, 0.100, 0.100, 0.100, 0.100, 0.100, 0.100, 0.100, 0.100, 0.100, 0.100, 0.179, 0.100, 0.100, 0.100, 0.100, 0.100, 0.141]
    Layer  3: sigma=[0.100, 0.451, 0.100, 0.293, 0.100, 0.100, 0.100, 0.100, 0.100, 0.100, 0.100, 0.100, 0.100, 0.100, 0.100, 0.100, 0.100, 0.100, 0.125, 0.100, 0.100, 0.100, 0.100, 0.100, 0.100, 0.124, 0.113, 0.100, 0.100, 0.100, 0.100, 0.100]
    Layer  4: sigma=[0.100, 0.100, 0.100, 0.100, 0.100, 0.100, 0.100, 0.100, 0.100, 0.100, 0.100, 0.100, 0.100, 0.100, 0.100, 0.100, 0.100, 0.100, 0.100, 0.100, 0.100, 0.143, 0.308, 0.100, 0.100, 0.100, 0.100, 0.100, 0.100, 0.100, 0.100, 0.100]
    Layer  5: sigma=[0.100, 0.100, 0.114, 0.100, 0.100, 0.100, 0.100, 0.100, 0.100, 0.263, 0.100, 0.103, 0.100, 0.100, 0.100, 0.108, 0.100, 0.337, 0.100, 0.100, 0.100, 0.100, 0.100, 0.100, 0.100, 0.100, 0.100, 0.100, 0.100, 0.246, 0.100, 0.100]
    Layer  6: sigma=[0.100, 0.100, 0.169, 0.100, 0.117, 0.108, 0.100, 0.100, 0.100, 0.100, 0.100, 0.100, 0.100, 0.100, 0.100, 0.100, 0.100, 0.100, 0.100, 0.100, 0.245, 0.100, 0.100, 0.100, 0.100, 0.100, 0.105, 0.100, 0.100, 0.100, 0.100, 0.100]
    Layer  7: sigma=[0.100, 0.263, 0.100, 0.100, 0.120, 0.100, 0.100, 0.100, 0.100, 0.100, 0.100, 0.154, 0.100, 0.100, 0.100, 0.100, 0.100, 0.100, 0.100, 0.100, 0.100, 0.100, 0.100, 0.100, 0.100, 0.100, 0.100, 0.100, 0.100, 0.100, 0.100, 0.100]
    Layer  8: sigma=[0.100, 0.100, 0.100, 0.100, 0.100, 0.100, 0.100, 0.127, 0.100, 0.100, 0.100, 0.100, 0.100, 0.115, 0.100, 0.100, 0.100, 0.100, 0.100, 0.100, 0.100, 0.100, 0.100, 0.100, 0.100, 0.100, 0.100, 0.260, 0.100, 0.100, 0.100, 0.100]
    Layer  9: sigma=[0.100, 0.100, 0.126, 0.100, 0.100, 0.100, 0.100, 0.100, 0.100, 0.100, 0.100, 0.100, 0.100, 0.100, 0.812, 0.225, 0.100, 0.100, 0.100, 0.100, 0.121, 0.100, 0.108, 0.100, 0.100, 0.165, 0.100, 0.100, 0.100, 0.100, 0.100, 0.100]
    Layer 10: sigma=[0.100, 0.100, 0.100, 0.100, 0.100, 0.100, 0.100, 0.100, 0.145, 0.100, 0.100, 0.100, 0.100, 0.100, 0.100, 0.100, 0.100, 0.100, 0.100, 0.100, 0.100, 0.100, 0.100, 0.100, 0.100, 0.100, 0.100, 0.100, 0.106, 0.100, 0.106, 0.100]
    Layer 11: sigma=[0.100, 0.100, 0.100, 0.100, 0.209, 0.100, 0.169, 0.100, 0.100, 0.149, 0.100, 0.100, 0.150, 0.100, 0.303, 0.100, 0.100, 0.100, 0.100, 0.100, 0.100, 0.100, 0.100, 0.100, 0.100, 0.100, 0.240, 0.100, 0.100, 0.100, 0.101, 0.100]
    Layer 12: sigma=[0.100, 0.100, 0.100, 0.100, 0.100, 0.123, 0.100, 0.100, 0.100, 0.116, 0.100, 0.100, 0.100, 0.100, 0.100, 0.100, 0.100, 0.276, 0.536, 0.100, 0.100, 0.100, 0.100, 0.100, 0.100, 0.357, 0.100, 0.132, 0.100, 0.142, 0.137, 0.100]
    Layer 13: sigma=[0.258, 0.100, 0.100, 0.100, 0.100, 0.100, 0.100, 0.114, 0.100, 0.121, 0.125, 0.100, 0.100, 0.100, 0.100, 0.100, 0.100, 0.100, 0.100, 0.100, 0.100, 0.100, 0.100, 0.100, 0.100, 0.100, 0.100, 0.100, 0.100, 0.100, 0.100, 0.100]
    Layer 14: sigma=[0.100, 0.100, 0.108, 0.100, 0.100, 0.401, 0.100, 0.183, 0.100, 0.100, 0.100, 0.100, 0.100, 0.172, 0.100, 0.100, 0.100, 0.100, 0.167, 0.134, 0.100, 0.100, 0.100, 0.100, 0.100, 0.156, 0.100, 0.140, 0.100, 0.100, 0.163, 0.100]
    Layer 15: sigma=[0.100, 0.226, 0.100, 0.118, 0.218, 0.111, 0.100, 0.100, 0.100, 0.100, 0.100, 0.121, 0.260, 0.100, 0.100, 0.100, 0.100, 0.100, 0.104, 0.141, 0.100, 0.100, 0.100, 0.100, 0.265, 0.264, 0.100, 0.100, 0.100, 0.100, 0.100, 0.100]
    Layer 16: sigma=[0.362, 0.100, 0.100, 0.100, 0.100, 0.100, 0.100, 0.100, 0.100, 0.100, 0.100, 0.100, 0.100, 0.100, 0.100, 0.100, 0.100, 0.100, 0.100, 0.100, 0.100, 0.100, 0.100, 0.100, 0.100, 0.149, 0.100, 0.100, 0.100, 0.100, 0.100, 0.100]
    Layer 17: sigma=[0.100, 0.100, 0.100, 0.100, 0.100, 0.528, 0.100, 0.100, 0.108, 0.100, 0.100, 0.100, 0.100, 0.100, 0.100, 0.100, 0.295, 0.132, 0.100, 0.371, 0.100, 0.100, 0.100, 0.100, 0.100, 0.100, 0.377, 0.124, 0.100, 0.100, 0.100, 0.100]
    Layer 18: sigma=[0.100, 0.596, 0.100, 0.100, 0.114, 0.232, 0.100, 0.100, 0.100, 0.100, 0.100, 0.100, 0.100, 0.100, 0.100, 0.100, 0.446, 0.100, 0.100, 0.100, 0.100, 0.100, 0.100, 0.100, 0.100, 0.100, 0.100, 0.100, 0.100, 0.100, 0.100, 0.100]
    Layer 19: sigma=[0.100, 0.100, 0.100, 0.100, 0.100, 0.100, 0.211, 0.100, 0.100, 0.100, 0.100, 0.100, 0.239, 0.100, 0.100, 0.151, 0.100, 0.100, 0.100, 0.472, 0.100, 0.100, 0.100, 0.100, 0.100, 0.100, 0.100, 0.100, 0.100, 0.100, 0.100, 0.100]
    Layer 20: sigma=[0.100, 0.100, 0.181, 0.101, 0.100, 0.235, 0.127, 0.100, 0.100, 0.100, 0.100, 0.100, 0.100, 0.100, 0.100, 0.103, 0.176, 0.105, 0.100, 0.100, 0.100, 0.100, 0.100, 0.100, 0.100, 0.100, 0.100, 0.100, 0.100, 0.100, 0.100, 0.100]
    Layer 21: sigma=[0.100, 0.100, 0.100, 0.141, 0.100, 0.100, 0.100, 0.100, 0.100, 0.100, 0.100, 0.357, 0.100, 0.100, 0.106, 0.100, 0.100, 0.100, 0.100, 0.215, 0.100, 0.100, 0.100, 0.100, 0.100, 0.100, 0.100, 0.100, 0.100, 0.100, 0.393, 0.131]
    Layer 22: sigma=[0.161, 0.100, 0.100, 0.100, 0.133, 0.113, 0.119, 0.173, 0.224, 0.100, 0.100, 0.100, 0.100, 0.100, 0.100, 0.100, 0.100, 0.100, 0.100, 0.131, 0.100, 0.100, 0.100, 0.100, 0.100, 0.100, 0.100, 0.100, 0.100, 0.100, 0.100, 0.100]
    Layer 23: sigma=[0.190, 0.131, 0.224, 0.100, 0.100, 0.100, 0.171, 0.100, 0.100, 0.100, 0.100, 0.100, 0.100, 0.100, 0.100, 0.100, 0.100, 0.100, 0.100, 0.100, 0.100, 0.100, 0.100, 0.100, 0.100, 0.100, 0.100, 0.100, 0.100, 0.285, 0.238, 0.149]
    Layer 24: sigma=[0.100, 0.100, 0.100, 0.100, 0.100, 0.100, 0.100, 0.100, 0.157, 0.100, 0.100, 0.100, 0.100, 0.100, 0.100, 0.187, 0.100, 0.100, 0.100, 0.100, 0.100, 0.100, 0.100, 0.100, 0.277, 0.294, 0.276, 0.229, 0.100, 0.100, 0.100, 0.100]
    Layer 25: sigma=[0.100, 0.100, 0.100, 0.100, 0.100, 0.100, 0.100, 0.100, 0.100, 0.100, 0.100, 0.100, 0.100, 0.100, 0.100, 0.100, 0.100, 0.100, 0.100, 0.100, 0.100, 0.100, 0.100, 0.100, 0.100, 0.100, 0.100, 0.100, 0.100, 0.100, 0.100, 0.100]
    Layer 26: sigma=[0.100, 0.100, 0.100, 0.100, 0.100, 0.100, 0.100, 0.100, 0.100, 0.100, 0.100, 0.100, 0.100, 0.100, 0.100, 0.102, 0.100, 0.100, 0.100, 0.100, 0.100, 0.100, 0.100, 0.100, 0.100, 0.100, 0.100, 0.100, 0.100, 0.100, 0.100, 0.100]
    Layer 27: sigma=[0.100, 0.100, 0.100, 0.100, 0.100, 0.100, 0.100, 0.100, 0.100, 0.100, 0.100, 0.100, 0.100, 0.100, 0.100, 0.100, 0.100, 0.100, 0.100, 0.100, 0.100, 0.100, 0.100, 0.100, 0.100, 0.100, 0.100, 0.100, 0.100, 0.155, 0.100, 0.100]
    Layer 29: sigma=[0.100, 0.100, 0.100, 0.100, 0.100, 0.100, 0.100, 0.100, 0.100, 0.100, 0.100, 0.100, 0.100, 0.100, 0.100, 0.100, 0.100, 0.100, 0.100, 0.100, 0.100, 0.100, 0.100, 0.100, 0.100, 0.100, 0.100, 0.100, 0.100, 0.100, 0.100, 0.100]
    Layer 30: sigma=[0.100, 0.100, 0.100, 0.100, 0.100, 0.100, 0.100, 0.100, 0.100, 0.100, 0.100, 0.100, 0.100, 0.100, 0.100, 0.100, 0.100, 0.100, 0.100, 0.100, 0.100, 0.100, 0.100, 0.100, 0.100, 0.100, 0.100, 0.100, 0.100, 0.100, 0.100, 0.100]
    Layer 31: sigma=[0.100, 0.100, 0.100, 0.100, 0.100, 0.100, 0.100, 0.100, 0.100, 0.100, 0.100, 0.100, 0.100, 0.100, 0.100, 0.100, 0.100, 0.100, 0.100, 0.100, 0.100, 0.100, 0.100, 0.100, 0.100, 0.100, 0.100, 0.100, 0.100, 0.100, 0.100, 0.100]
    Layer 32: sigma=[0.100, 0.100, 0.100, 0.100, 0.100, 0.100, 0.100, 0.100, 0.100, 0.100, 0.100, 0.100, 0.100, 0.100, 0.100, 0.100, 0.100, 0.100, 0.100, 0.100, 0.100, 0.100, 0.100, 0.100, 0.100, 0.100, 0.100, 0.100, 0.100, 0.100, 0.100, 0.100]
    Layer 33: sigma=[0.100, 0.100, 0.100, 0.100, 0.100, 0.100, 0.100, 0.100, 0.100, 0.100, 0.100, 0.100, 0.100, 0.100, 0.100, 0.100, 0.100, 0.100, 0.100, 0.100, 0.100, 0.100, 0.100, 0.100, 0.100, 0.100, 0.100, 0.130, 0.100, 0.100, 0.100, 0.100]
    Layer 34: sigma=[0.100, 0.100, 0.100, 0.100, 0.100, 0.100, 0.100, 0.100, 0.100, 0.100, 0.100, 0.100, 0.100, 0.100, 0.100, 0.100, 0.100, 0.100, 0.100, 0.100, 0.100, 0.100, 0.100, 0.100, 0.100, 0.100, 0.100, 0.100, 0.100, 0.100, 0.100, 0.100]
    Layer 35: sigma=[0.100, 0.100, 0.100, 0.100, 0.203, 0.100, 0.100, 0.100, 0.100, 0.100, 0.100, 0.100, 0.100, 0.100, 0.100, 0.100, 0.100, 0.100, 0.100, 0.100, 0.100, 0.100, 0.104, 0.100, 0.100, 0.100, 0.100, 0.100, 0.100, 0.100, 0.100, 0.100]

  [Taylor Step 3/3] g_proj = v_proj * alpha (damping=0.01)...
    Layer  0: alpha=0.068932  teacher_rms=0.0168  v_rms=0.0024
    Layer  1: alpha=0.058016  teacher_rms=0.0216  v_rms=0.0037
    Layer  2: alpha=0.054760  teacher_rms=0.0222  v_rms=0.0041
    Layer  3: alpha=0.041565  teacher_rms=0.0261  v_rms=0.0063
    Layer  4: alpha=0.049332  teacher_rms=0.0316  v_rms=0.0064
    Layer  5: alpha=0.052873  teacher_rms=0.0412  v_rms=0.0078
    Layer  6: alpha=0.074607  teacher_rms=0.0646  v_rms=0.0087
    Layer  7: alpha=0.040217  teacher_rms=0.0510  v_rms=0.0127
    Layer  8: alpha=0.042628  teacher_rms=0.0695  v_rms=0.0163
    Layer  9: alpha=0.025827  teacher_rms=0.0701  v_rms=0.0272
    Layer 10: alpha=0.048798  teacher_rms=0.1071  v_rms=0.0219
    Layer 11: alpha=0.053016  teacher_rms=0.1038  v_rms=0.0196
    Layer 12: alpha=0.043918  teacher_rms=0.1177  v_rms=0.0268
    Layer 13: alpha=0.053985  teacher_rms=0.1013  v_rms=0.0188
    Layer 14: alpha=0.055446  teacher_rms=0.1546  v_rms=0.0279
    Layer 15: alpha=0.047085  teacher_rms=0.1546  v_rms=0.0328
    Layer 16: alpha=0.039121  teacher_rms=0.1446  v_rms=0.0370
    Layer 17: alpha=0.035294  teacher_rms=0.1762  v_rms=0.0499
    Layer 18: alpha=0.033801  teacher_rms=0.1919  v_rms=0.0568
    Layer 19: alpha=0.046415  teacher_rms=0.2023  v_rms=0.0436
    Layer 20: alpha=0.053302  teacher_rms=0.1938  v_rms=0.0364
    Layer 21: alpha=0.042457  teacher_rms=0.2301  v_rms=0.0542
    Layer 22: alpha=0.054550  teacher_rms=0.2755  v_rms=0.0505
    Layer 23: alpha=0.048099  teacher_rms=0.3026  v_rms=0.0629
    Layer 24: alpha=0.032449  teacher_rms=0.2864  v_rms=0.0883
    Layer 25: alpha=0.038418  teacher_rms=0.2261  v_rms=0.0589
    Layer 26: alpha=0.027378  teacher_rms=0.1994  v_rms=0.0728
    Layer 27: alpha=0.033768  teacher_rms=0.2900  v_rms=0.0859
    Layer 29: alpha=0.016275  teacher_rms=0.2479  v_rms=0.1523
    Layer 30: alpha=0.025867  teacher_rms=0.3921  v_rms=0.1516
    Layer 31: alpha=0.018626  teacher_rms=0.3452  v_rms=0.1853
    Layer 32: alpha=0.021930  teacher_rms=0.5106  v_rms=0.2328
    Layer 33: alpha=0.016271  teacher_rms=0.5964  v_rms=0.3665
    Layer 34: alpha=0.031180  teacher_rms=1.0165  v_rms=0.3260
    Layer 35: alpha=0.056013  teacher_rms=1.0378  v_rms=0.1853

  Set g_proj = v_proj * alpha in 35 GDN layers (damping=0.01).
  Init (taylor_distill) done in 425.1s
  Layer 28: PPL = 1208.86  (eval 13.4s)

============================================================
  Probing layer 29 | strategy=taylor_distill
============================================================
Loading checkpoint shards:   0%|          | 0/4 [00:00<?, ?it/s]Loading checkpoint shards: 100%|██████████| 4/4 [00:00<00:00, 152.03it/s]
Could not cache non-existence of file. Will ignore error and continue. Error: [Errno 13] Permission denied: '/data/shared/huggingface/hub/models--Qwen--Qwen3-8B/.no_exist/b968826d9c46dd6066d109eabc6255188de91218/model.safetensors'
Loading checkpoint shards:   0%|          | 0/5 [00:00<?, ?it/s]Loading checkpoint shards: 100%|██████████| 5/5 [00:00<00:00, 186.94it/s]
Token indices sequence length is longer than the specified maximum sequence length for this model (2429029 > 131072). Running this sequence through the model will result in indexing errors
  [Taylor Step 1/3] Gate calibration from attention stats...
    Layer  0: dist=[18, 2, 6, 20, 8, 14, 6, 7, 10, 4, 6, 7, 10, 18, 17, 5, 9, 11, 8, 8, 8, 12, 2, 7, 4, 26, 5, 26, 9, 19, 9, 8]
    Layer  1: dist=[12, 21, 14, 26, 2, 9, 17, 7, 25, 18, 32, 29, 18, 28, 28, 20, 17, 26, 31, 18, 28, 17, 21, 21, 26, 8, 25, 23, 41, 16, 20, 28]
    Layer  2: dist=[36, 36, 37, 32, 17, 27, 20, 24, 21, 24, 29, 33, 28, 25, 26, 34, 32, 26, 28, 22, 28, 36, 27, 27, 14, 14, 11, 19, 41, 42, 43, 41]
    Layer  3: dist=[40, 20, 9, 12, 49, 50, 46, 42, 30, 27, 33, 31, 49, 43, 42, 42, 35, 37, 29, 37, 42, 33, 32, 36, 35, 30, 29, 33, 39, 36, 40, 37]
    Layer  4: dist=[31, 35, 41, 36, 41, 33, 35, 48, 37, 38, 34, 34, 31, 31, 38, 35, 35, 37, 38, 39, 34, 35, 25, 34, 26, 32, 27, 21, 28, 33, 30, 30]
    Layer  5: dist=[23, 29, 30, 21, 36, 34, 29, 29, 4, 14, 40, 38, 31, 43, 32, 30, 23, 20, 28, 28, 29, 30, 27, 33, 38, 39, 43, 43, 26, 25, 29, 32]
    Layer  6: dist=[16, 22, 17, 17, 27, 24, 34, 32, 25, 12, 21, 20, 31, 34, 28, 16, 28, 20, 24, 23, 13, 18, 18, 8, 21, 24, 18, 28, 24, 25, 21, 27]
    Layer  7: dist=[31, 36, 33, 46, 63, 57, 63, 60, 45, 60, 53, 41, 54, 15, 30, 49, 42, 54, 44, 44, 54, 45, 58, 59, 34, 41, 25, 43, 49, 51, 49, 54]
    Layer  8: dist=[45, 46, 49, 29, 43, 41, 35, 44, 46, 52, 43, 48, 51, 43, 49, 36, 60, 56, 54, 51, 44, 54, 51, 57, 47, 37, 51, 36, 44, 38, 42, 44]
    Layer  9: dist=[40, 32, 31, 36, 45, 49, 48, 40, 62, 61, 60, 56, 14, 46, 32, 45, 49, 53, 59, 62, 44, 40, 35, 41, 61, 44, 49, 54, 62, 57, 63, 61]
    Layer 10: dist=[39, 39, 30, 39, 46, 55, 33, 41, 34, 45, 55, 26, 49, 36, 42, 44, 45, 53, 52, 50, 46, 31, 56, 51, 51, 56, 47, 43, 40, 39, 44, 47]
    Layer 11: dist=[33, 33, 47, 27, 29, 36, 43, 42, 52, 62, 57, 49, 44, 33, 38, 39, 39, 36, 33, 25, 42, 56, 46, 46, 39, 32, 36, 32, 49, 34, 31, 48]
    Layer 12: dist=[12, 40, 39, 33, 43, 46, 39, 36, 33, 36, 44, 44, 50, 45, 45, 49, 21, 38, 29, 44, 55, 54, 53, 56, 49, 1, 56, 23, 43, 45, 59, 49]
    Layer 13: dist=[29, 36, 39, 36, 31, 29, 35, 22, 47, 36, 52, 61, 64, 58, 55, 62, 46, 39, 31, 36, 47, 33, 44, 46, 44, 33, 40, 41, 58, 56, 49, 51]
    Layer 14: dist=[25, 35, 34, 24, 39, 24, 35, 33, 31, 32, 37, 37, 36, 40, 35, 36, 41, 46, 31, 35, 33, 17, 28, 42, 27, 38, 40, 38, 43, 44, 5, 48]
    Layer 15: dist=[45, 27, 43, 23, 20, 22, 41, 33, 48, 33, 26, 54, 37, 56, 41, 47, 33, 33, 34, 36, 33, 30, 27, 27, 27, 20, 41, 37, 38, 47, 38, 28]
    Layer 16: dist=[37, 32, 42, 47, 29, 35, 26, 31, 29, 45, 40, 43, 49, 35, 44, 47, 38, 41, 34, 35, 59, 60, 57, 54, 39, 28, 34, 6, 32, 33, 36, 32]
    Layer 17: dist=[58, 50, 41, 34, 28, 31, 22, 25, 44, 54, 42, 49, 23, 32, 39, 39, 24, 29, 32, 22, 39, 51, 49, 48, 30, 28, 31, 26, 29, 43, 47, 36]
    Layer 18: dist=[20, 27, 19, 18, 29, 37, 39, 30, 37, 40, 37, 45, 34, 34, 31, 35, 26, 41, 42, 28, 38, 28, 37, 52, 31, 35, 35, 36, 30, 29, 43, 31]
    Layer 19: dist=[39, 33, 35, 35, 43, 54, 30, 38, 40, 44, 41, 48, 35, 31, 40, 35, 44, 42, 26, 29, 10, 28, 18, 27, 52, 54, 52, 58, 44, 43, 41, 41]
    Layer 20: dist=[46, 39, 44, 40, 41, 27, 28, 31, 23, 21, 26, 21, 48, 42, 48, 50, 24, 28, 31, 21, 38, 57, 52, 51, 63, 51, 53, 44, 49, 43, 55, 55]
    Layer 21: dist=[26, 25, 30, 35, 58, 33, 53, 58, 61, 33, 39, 38, 26, 24, 25, 23, 39, 40, 45, 32, 47, 52, 48, 49, 35, 34, 32, 44, 38, 40, 34, 47]
    Layer 22: dist=[39, 32, 37, 33, 28, 38, 24, 30, 21, 27, 24, 35, 9, 46, 32, 35, 18, 40, 40, 23, 53, 59, 60, 61, 51, 44, 46, 48, 57, 47, 53, 50]
    Layer 23: dist=[22, 18, 26, 22, 55, 55, 22, 50, 41, 20, 24, 31, 37, 36, 41, 39, 41, 38, 42, 48, 41, 46, 42, 40, 41, 39, 37, 51, 47, 44, 44, 39]
    Layer 24: dist=[40, 62, 57, 51, 50, 56, 54, 47, 52, 54, 52, 43, 41, 39, 47, 40, 42, 49, 44, 42, 60, 53, 52, 58, 31, 41, 39, 29, 50, 57, 51, 47]
    Layer 25: dist=[50, 60, 59, 49, 38, 38, 54, 42, 46, 52, 47, 48, 36, 45, 27, 37, 48, 50, 49, 45, 54, 56, 55, 55, 58, 56, 50, 55, 46, 61, 51, 45]
    Layer 26: dist=[43, 47, 57, 36, 59, 57, 59, 56, 52, 56, 53, 49, 52, 62, 60, 60, 43, 46, 53, 50, 53, 54, 60, 57, 53, 50, 54, 50, 58, 50, 59, 51]
    Layer 27: dist=[48, 55, 54, 59, 50, 53, 52, 44, 41, 52, 55, 52, 41, 56, 42, 45, 51, 53, 53, 53, 47, 56, 54, 44, 57, 59, 60, 60, 50, 44, 45, 60]
    Layer 28: dist=[53, 47, 54, 53, 41, 35, 40, 38, 52, 57, 47, 46, 57, 53, 48, 50, 57, 51, 53, 55, 59, 37, 32, 46, 47, 46, 50, 51, 46, 48, 35, 49]
    Layer 30: dist=[40, 54, 51, 52, 53, 51, 48, 37, 60, 59, 58, 60, 53, 53, 57, 51, 52, 39, 61, 61, 29, 60, 53, 54, 60, 60, 61, 60, 55, 56, 54, 51]
    Layer 31: dist=[60, 58, 51, 49, 58, 59, 59, 59, 57, 41, 46, 47, 58, 59, 59, 58, 52, 53, 55, 48, 60, 59, 56, 59, 57, 56, 46, 60, 57, 55, 53, 57]
    Layer 32: dist=[56, 57, 58, 57, 58, 60, 59, 60, 56, 55, 59, 58, 48, 58, 54, 47, 58, 54, 54, 54, 62, 48, 57, 60, 36, 48, 44, 53, 58, 54, 51, 53]
    Layer 33: dist=[52, 61, 57, 60, 45, 52, 29, 47, 57, 58, 57, 58, 58, 59, 58, 59, 59, 59, 53, 56, 58, 49, 54, 57, 57, 59, 60, 59, 56, 56, 55, 53]
    Layer 34: dist=[56, 57, 58, 57, 55, 56, 55, 54, 25, 47, 54, 42, 58, 57, 60, 40, 42, 44, 62, 30, 58, 27, 59, 60, 61, 60, 62, 60, 26, 32, 35, 54]
    Layer 35: dist=[56, 62, 36, 50, 43, 19, 55, 48, 42, 51, 55, 49, 30, 17, 24, 22, 49, 45, 40, 27, 45, 52, 28, 27, 33, 27, 33, 35, 36, 57, 61, 58]

  [Taylor Step 2/3] OLS sigma per head (scaling V, streaming)...
    Layer  0: sigma=[0.258, 0.100, 0.100, 0.100, 0.196, 0.601, 0.100, 0.100, 0.100, 0.100, 0.141, 0.100, 0.100, 0.100, 0.100, 0.291, 0.100, 0.100, 0.100, 0.100, 0.100, 0.100, 0.100, 0.200, 0.100, 0.100, 0.578, 0.100, 0.251, 0.100, 0.100, 0.100]
    Layer  1: sigma=[0.280, 0.100, 0.100, 0.100, 0.100, 0.100, 0.100, 0.100, 0.100, 0.402, 0.275, 0.100, 0.100, 0.100, 0.100, 0.100, 0.100, 0.100, 0.100, 0.100, 0.100, 0.100, 0.100, 0.208, 0.100, 0.100, 0.179, 0.100, 0.100, 0.100, 0.100, 0.100]
    Layer  2: sigma=[0.152, 0.100, 0.100, 0.100, 0.100, 0.100, 0.100, 0.100, 0.160, 0.100, 0.100, 0.100, 0.100, 0.255, 0.100, 0.100, 0.100, 0.100, 0.100, 0.100, 0.100, 0.100, 0.100, 0.100, 0.100, 0.175, 0.100, 0.100, 0.100, 0.100, 0.100, 0.137]
    Layer  3: sigma=[0.100, 0.454, 0.100, 0.287, 0.100, 0.100, 0.100, 0.100, 0.100, 0.100, 0.100, 0.100, 0.100, 0.100, 0.100, 0.100, 0.100, 0.100, 0.120, 0.100, 0.100, 0.100, 0.100, 0.100, 0.100, 0.119, 0.110, 0.100, 0.100, 0.100, 0.100, 0.100]
    Layer  4: sigma=[0.100, 0.100, 0.100, 0.100, 0.100, 0.100, 0.100, 0.100, 0.100, 0.100, 0.100, 0.100, 0.100, 0.100, 0.100, 0.100, 0.100, 0.100, 0.100, 0.100, 0.100, 0.145, 0.312, 0.100, 0.100, 0.100, 0.100, 0.100, 0.100, 0.100, 0.100, 0.100]
    Layer  5: sigma=[0.100, 0.100, 0.139, 0.100, 0.100, 0.100, 0.100, 0.100, 0.100, 0.263, 0.100, 0.109, 0.100, 0.100, 0.100, 0.111, 0.100, 0.326, 0.100, 0.100, 0.100, 0.100, 0.100, 0.100, 0.100, 0.100, 0.100, 0.100, 0.100, 0.249, 0.100, 0.100]
    Layer  6: sigma=[0.100, 0.100, 0.160, 0.100, 0.112, 0.112, 0.100, 0.100, 0.100, 0.100, 0.100, 0.100, 0.100, 0.100, 0.100, 0.100, 0.100, 0.100, 0.100, 0.100, 0.243, 0.100, 0.100, 0.100, 0.100, 0.100, 0.103, 0.100, 0.100, 0.100, 0.100, 0.100]
    Layer  7: sigma=[0.100, 0.256, 0.100, 0.100, 0.131, 0.100, 0.100, 0.100, 0.100, 0.100, 0.100, 0.154, 0.100, 0.100, 0.100, 0.100, 0.100, 0.100, 0.100, 0.100, 0.100, 0.100, 0.100, 0.100, 0.100, 0.100, 0.100, 0.100, 0.100, 0.100, 0.100, 0.100]
    Layer  8: sigma=[0.100, 0.100, 0.100, 0.100, 0.100, 0.100, 0.100, 0.116, 0.100, 0.100, 0.100, 0.100, 0.100, 0.123, 0.100, 0.100, 0.100, 0.100, 0.100, 0.100, 0.100, 0.100, 0.100, 0.100, 0.100, 0.100, 0.100, 0.261, 0.100, 0.100, 0.100, 0.100]
    Layer  9: sigma=[0.100, 0.100, 0.125, 0.100, 0.100, 0.100, 0.100, 0.100, 0.100, 0.100, 0.100, 0.100, 0.100, 0.100, 0.843, 0.215, 0.100, 0.100, 0.100, 0.100, 0.153, 0.100, 0.100, 0.100, 0.100, 0.169, 0.100, 0.100, 0.100, 0.100, 0.100, 0.100]
    Layer 10: sigma=[0.100, 0.100, 0.100, 0.100, 0.100, 0.100, 0.100, 0.100, 0.143, 0.100, 0.100, 0.100, 0.100, 0.100, 0.100, 0.100, 0.100, 0.100, 0.100, 0.100, 0.100, 0.100, 0.100, 0.100, 0.100, 0.100, 0.100, 0.100, 0.103, 0.100, 0.103, 0.100]
    Layer 11: sigma=[0.100, 0.100, 0.100, 0.100, 0.219, 0.100, 0.170, 0.100, 0.100, 0.137, 0.100, 0.100, 0.143, 0.100, 0.290, 0.100, 0.100, 0.100, 0.100, 0.100, 0.100, 0.100, 0.100, 0.100, 0.101, 0.100, 0.250, 0.100, 0.100, 0.100, 0.100, 0.100]
    Layer 12: sigma=[0.100, 0.100, 0.100, 0.100, 0.100, 0.124, 0.100, 0.100, 0.100, 0.131, 0.100, 0.100, 0.100, 0.100, 0.100, 0.100, 0.100, 0.267, 0.422, 0.100, 0.100, 0.100, 0.100, 0.100, 0.100, 0.320, 0.100, 0.127, 0.100, 0.138, 0.145, 0.100]
    Layer 13: sigma=[0.253, 0.100, 0.100, 0.100, 0.100, 0.100, 0.100, 0.111, 0.100, 0.124, 0.126, 0.100, 0.100, 0.100, 0.100, 0.100, 0.100, 0.100, 0.100, 0.100, 0.100, 0.100, 0.100, 0.100, 0.100, 0.100, 0.100, 0.100, 0.100, 0.100, 0.100, 0.100]
    Layer 14: sigma=[0.100, 0.100, 0.109, 0.100, 0.100, 0.488, 0.100, 0.162, 0.100, 0.100, 0.100, 0.100, 0.100, 0.182, 0.100, 0.100, 0.100, 0.100, 0.149, 0.109, 0.100, 0.100, 0.100, 0.100, 0.100, 0.166, 0.100, 0.142, 0.100, 0.100, 0.125, 0.100]
    Layer 15: sigma=[0.100, 0.225, 0.100, 0.103, 0.237, 0.115, 0.100, 0.100, 0.100, 0.100, 0.100, 0.125, 0.271, 0.100, 0.100, 0.100, 0.100, 0.100, 0.100, 0.141, 0.100, 0.100, 0.100, 0.100, 0.310, 0.222, 0.100, 0.100, 0.100, 0.100, 0.100, 0.100]
    Layer 16: sigma=[0.334, 0.100, 0.100, 0.100, 0.100, 0.100, 0.100, 0.100, 0.100, 0.100, 0.100, 0.100, 0.100, 0.100, 0.100, 0.100, 0.100, 0.100, 0.100, 0.100, 0.100, 0.100, 0.100, 0.100, 0.100, 0.170, 0.100, 0.100, 0.100, 0.100, 0.100, 0.100]
    Layer 17: sigma=[0.100, 0.100, 0.100, 0.100, 0.100, 0.560, 0.100, 0.100, 0.105, 0.100, 0.100, 0.100, 0.100, 0.100, 0.100, 0.100, 0.321, 0.125, 0.100, 0.319, 0.100, 0.100, 0.100, 0.100, 0.100, 0.100, 0.389, 0.117, 0.100, 0.100, 0.100, 0.100]
    Layer 18: sigma=[0.100, 0.698, 0.100, 0.100, 0.100, 0.199, 0.100, 0.100, 0.100, 0.100, 0.100, 0.100, 0.100, 0.100, 0.100, 0.100, 0.405, 0.100, 0.100, 0.100, 0.100, 0.100, 0.100, 0.100, 0.100, 0.100, 0.100, 0.100, 0.100, 0.100, 0.100, 0.100]
    Layer 19: sigma=[0.100, 0.100, 0.100, 0.100, 0.100, 0.100, 0.182, 0.100, 0.100, 0.100, 0.100, 0.100, 0.334, 0.100, 0.100, 0.125, 0.100, 0.100, 0.100, 0.450, 0.100, 0.100, 0.100, 0.100, 0.100, 0.100, 0.100, 0.100, 0.100, 0.100, 0.100, 0.100]
    Layer 20: sigma=[0.100, 0.100, 0.205, 0.100, 0.100, 0.214, 0.116, 0.100, 0.100, 0.100, 0.100, 0.100, 0.100, 0.100, 0.100, 0.127, 0.187, 0.100, 0.100, 0.100, 0.114, 0.100, 0.100, 0.100, 0.100, 0.100, 0.100, 0.100, 0.100, 0.100, 0.100, 0.100]
    Layer 21: sigma=[0.100, 0.100, 0.100, 0.104, 0.100, 0.100, 0.100, 0.100, 0.100, 0.100, 0.100, 0.378, 0.100, 0.100, 0.117, 0.100, 0.100, 0.100, 0.100, 0.140, 0.100, 0.100, 0.100, 0.100, 0.100, 0.100, 0.100, 0.100, 0.100, 0.100, 0.488, 0.119]
    Layer 22: sigma=[0.180, 0.100, 0.100, 0.100, 0.228, 0.100, 0.116, 0.248, 0.227, 0.147, 0.100, 0.100, 0.100, 0.100, 0.100, 0.100, 0.100, 0.100, 0.100, 0.104, 0.100, 0.100, 0.100, 0.100, 0.100, 0.100, 0.100, 0.100, 0.100, 0.100, 0.100, 0.100]
    Layer 23: sigma=[0.198, 0.133, 0.199, 0.100, 0.100, 0.100, 0.219, 0.100, 0.100, 0.100, 0.100, 0.100, 0.100, 0.100, 0.100, 0.100, 0.100, 0.100, 0.100, 0.100, 0.100, 0.100, 0.100, 0.100, 0.100, 0.100, 0.100, 0.100, 0.100, 0.257, 0.270, 0.246]
    Layer 24: sigma=[0.100, 0.100, 0.100, 0.100, 0.100, 0.100, 0.100, 0.100, 0.151, 0.100, 0.100, 0.100, 0.100, 0.100, 0.100, 0.200, 0.100, 0.100, 0.100, 0.112, 0.100, 0.100, 0.100, 0.100, 0.343, 0.287, 0.266, 0.214, 0.100, 0.100, 0.100, 0.100]
    Layer 25: sigma=[0.100, 0.100, 0.100, 0.100, 0.100, 0.100, 0.100, 0.100, 0.100, 0.100, 0.100, 0.100, 0.100, 0.100, 0.100, 0.100, 0.100, 0.100, 0.100, 0.100, 0.100, 0.100, 0.100, 0.100, 0.100, 0.100, 0.100, 0.100, 0.100, 0.100, 0.100, 0.100]
    Layer 26: sigma=[0.100, 0.100, 0.100, 0.100, 0.100, 0.100, 0.100, 0.100, 0.100, 0.100, 0.100, 0.100, 0.100, 0.100, 0.100, 0.113, 0.100, 0.100, 0.100, 0.100, 0.100, 0.100, 0.100, 0.100, 0.100, 0.100, 0.100, 0.100, 0.100, 0.100, 0.100, 0.100]
    Layer 27: sigma=[0.100, 0.100, 0.100, 0.100, 0.100, 0.100, 0.100, 0.100, 0.100, 0.100, 0.100, 0.100, 0.100, 0.100, 0.100, 0.100, 0.100, 0.100, 0.100, 0.100, 0.100, 0.100, 0.100, 0.100, 0.100, 0.100, 0.100, 0.100, 0.100, 0.244, 0.100, 0.100]
    Layer 28: sigma=[0.100, 0.100, 0.100, 0.100, 0.100, 0.169, 0.100, 0.283, 0.100, 0.100, 0.100, 0.100, 0.100, 0.100, 0.100, 0.100, 0.100, 0.100, 0.100, 0.100, 0.100, 0.100, 0.100, 0.100, 0.100, 0.100, 0.100, 0.100, 0.100, 0.100, 0.100, 0.100]
    Layer 30: sigma=[0.100, 0.100, 0.100, 0.100, 0.100, 0.100, 0.100, 0.100, 0.100, 0.100, 0.100, 0.100, 0.100, 0.100, 0.100, 0.100, 0.100, 0.100, 0.100, 0.100, 0.100, 0.100, 0.100, 0.100, 0.100, 0.100, 0.100, 0.100, 0.100, 0.100, 0.100, 0.100]
    Layer 31: sigma=[0.100, 0.100, 0.100, 0.100, 0.100, 0.100, 0.100, 0.100, 0.100, 0.100, 0.100, 0.100, 0.100, 0.100, 0.100, 0.100, 0.100, 0.100, 0.100, 0.100, 0.100, 0.100, 0.100, 0.100, 0.100, 0.100, 0.100, 0.100, 0.100, 0.100, 0.100, 0.100]
    Layer 32: sigma=[0.100, 0.100, 0.100, 0.100, 0.100, 0.100, 0.100, 0.100, 0.100, 0.100, 0.100, 0.100, 0.100, 0.100, 0.100, 0.100, 0.100, 0.100, 0.100, 0.100, 0.100, 0.100, 0.100, 0.100, 0.100, 0.100, 0.100, 0.100, 0.100, 0.100, 0.100, 0.100]
    Layer 33: sigma=[0.100, 0.100, 0.100, 0.100, 0.100, 0.100, 0.103, 0.100, 0.100, 0.100, 0.100, 0.100, 0.100, 0.100, 0.100, 0.100, 0.100, 0.100, 0.100, 0.100, 0.100, 0.100, 0.100, 0.100, 0.100, 0.100, 0.100, 0.100, 0.100, 0.100, 0.100, 0.100]
    Layer 34: sigma=[0.100, 0.100, 0.100, 0.100, 0.100, 0.100, 0.100, 0.100, 0.100, 0.100, 0.100, 0.100, 0.100, 0.100, 0.100, 0.100, 0.100, 0.100, 0.100, 0.100, 0.100, 0.100, 0.100, 0.100, 0.100, 0.100, 0.100, 0.100, 0.100, 0.100, 0.100, 0.100]
    Layer 35: sigma=[0.100, 0.100, 0.100, 0.100, 0.100, 0.100, 0.100, 0.100, 0.100, 0.100, 0.100, 0.100, 0.100, 0.100, 0.100, 0.100, 0.100, 0.100, 0.100, 0.100, 0.100, 0.100, 0.176, 0.100, 0.100, 0.100, 0.100, 0.100, 0.100, 0.100, 0.100, 0.100]

  [Taylor Step 3/3] g_proj = v_proj * alpha (damping=0.01)...
    Layer  0: alpha=0.068916  teacher_rms=0.0168  v_rms=0.0024
    Layer  1: alpha=0.058143  teacher_rms=0.0216  v_rms=0.0037
    Layer  2: alpha=0.054886  teacher_rms=0.0222  v_rms=0.0041
    Layer  3: alpha=0.041744  teacher_rms=0.0261  v_rms=0.0063
    Layer  4: alpha=0.049199  teacher_rms=0.0316  v_rms=0.0064
    Layer  5: alpha=0.052673  teacher_rms=0.0412  v_rms=0.0078
    Layer  6: alpha=0.074996  teacher_rms=0.0646  v_rms=0.0086
    Layer  7: alpha=0.040266  teacher_rms=0.0510  v_rms=0.0127
    Layer  8: alpha=0.042652  teacher_rms=0.0695  v_rms=0.0163
    Layer  9: alpha=0.025094  teacher_rms=0.0701  v_rms=0.0279
    Layer 10: alpha=0.048917  teacher_rms=0.1071  v_rms=0.0219
    Layer 11: alpha=0.053069  teacher_rms=0.1038  v_rms=0.0196
    Layer 12: alpha=0.048119  teacher_rms=0.1177  v_rms=0.0245
    Layer 13: alpha=0.054197  teacher_rms=0.1013  v_rms=0.0187
    Layer 14: alpha=0.053732  teacher_rms=0.1546  v_rms=0.0288
    Layer 15: alpha=0.046755  teacher_rms=0.1546  v_rms=0.0331
    Layer 16: alpha=0.039525  teacher_rms=0.1446  v_rms=0.0366
    Layer 17: alpha=0.034772  teacher_rms=0.1762  v_rms=0.0507
    Layer 18: alpha=0.030780  teacher_rms=0.1919  v_rms=0.0624
    Layer 19: alpha=0.045061  teacher_rms=0.2023  v_rms=0.0449
    Layer 20: alpha=0.053176  teacher_rms=0.1938  v_rms=0.0365
    Layer 21: alpha=0.039449  teacher_rms=0.2301  v_rms=0.0583
    Layer 22: alpha=0.050292  teacher_rms=0.2755  v_rms=0.0548
    Layer 23: alpha=0.045706  teacher_rms=0.3026  v_rms=0.0662
    Layer 24: alpha=0.032190  teacher_rms=0.2864  v_rms=0.0890
    Layer 25: alpha=0.038418  teacher_rms=0.2261  v_rms=0.0589
    Layer 26: alpha=0.027259  teacher_rms=0.1994  v_rms=0.0731
    Layer 27: alpha=0.032180  teacher_rms=0.2900  v_rms=0.0901
    Layer 28: alpha=0.036533  teacher_rms=0.3530  v_rms=0.0966
    Layer 30: alpha=0.025867  teacher_rms=0.3921  v_rms=0.1516
    Layer 31: alpha=0.018626  teacher_rms=0.3452  v_rms=0.1853
    Layer 32: alpha=0.021930  teacher_rms=0.5106  v_rms=0.2328
    Layer 33: alpha=0.016341  teacher_rms=0.5964  v_rms=0.3650
    Layer 34: alpha=0.031180  teacher_rms=1.0165  v_rms=0.3260
    Layer 35: alpha=0.057039  teacher_rms=1.0378  v_rms=0.1819

  Set g_proj = v_proj * alpha in 35 GDN layers (damping=0.01).
  Init (taylor_distill) done in 337.7s
  Layer 29: PPL = 1267.59  (eval 13.4s)

============================================================
  Probing layer 30 | strategy=taylor_distill
============================================================
Loading checkpoint shards:   0%|          | 0/4 [00:00<?, ?it/s]Loading checkpoint shards: 100%|██████████| 4/4 [00:00<00:00, 131.45it/s]
Could not cache non-existence of file. Will ignore error and continue. Error: [Errno 13] Permission denied: '/data/shared/huggingface/hub/models--Qwen--Qwen3-8B/.no_exist/b968826d9c46dd6066d109eabc6255188de91218/model.safetensors'
Loading checkpoint shards:   0%|          | 0/5 [00:00<?, ?it/s]Loading checkpoint shards: 100%|██████████| 5/5 [00:00<00:00, 168.16it/s]
Token indices sequence length is longer than the specified maximum sequence length for this model (2429029 > 131072). Running this sequence through the model will result in indexing errors
  [Taylor Step 1/3] Gate calibration from attention stats...
    Layer  0: dist=[18, 2, 6, 20, 8, 14, 6, 7, 10, 4, 6, 7, 10, 18, 17, 5, 9, 11, 8, 8, 8, 12, 2, 7, 4, 26, 5, 26, 9, 19, 9, 8]
    Layer  1: dist=[12, 21, 14, 26, 2, 9, 17, 7, 25, 18, 32, 29, 18, 28, 28, 20, 17, 26, 31, 18, 28, 17, 21, 21, 26, 8, 25, 23, 41, 16, 20, 28]
    Layer  2: dist=[36, 36, 37, 32, 17, 27, 20, 24, 21, 24, 29, 33, 28, 25, 26, 34, 32, 26, 28, 22, 28, 36, 27, 27, 14, 14, 11, 19, 41, 42, 43, 41]
    Layer  3: dist=[40, 20, 9, 12, 49, 50, 46, 42, 30, 27, 33, 31, 49, 43, 42, 42, 35, 37, 29, 37, 42, 33, 32, 36, 35, 30, 29, 33, 39, 36, 40, 37]
    Layer  4: dist=[31, 35, 41, 36, 41, 33, 35, 48, 37, 38, 34, 34, 31, 31, 38, 35, 35, 37, 38, 39, 34, 35, 25, 34, 26, 32, 27, 21, 28, 33, 30, 30]
    Layer  5: dist=[23, 29, 30, 21, 36, 34, 29, 29, 4, 14, 40, 38, 31, 43, 32, 30, 23, 20, 28, 28, 29, 30, 27, 33, 38, 39, 43, 43, 26, 25, 29, 32]
    Layer  6: dist=[16, 22, 17, 17, 27, 24, 34, 32, 25, 12, 21, 20, 31, 34, 28, 16, 28, 20, 24, 23, 13, 18, 18, 8, 21, 24, 18, 28, 24, 25, 21, 27]
    Layer  7: dist=[31, 36, 33, 46, 63, 57, 63, 60, 45, 60, 53, 41, 54, 15, 30, 49, 42, 54, 44, 44, 54, 45, 58, 59, 34, 41, 25, 43, 49, 51, 49, 54]
    Layer  8: dist=[45, 46, 49, 29, 43, 41, 35, 44, 46, 52, 43, 48, 51, 43, 49, 36, 60, 56, 54, 51, 44, 54, 51, 57, 47, 37, 51, 36, 44, 38, 42, 44]
    Layer  9: dist=[40, 32, 31, 36, 45, 49, 48, 40, 62, 61, 60, 56, 14, 46, 32, 45, 49, 53, 59, 62, 44, 40, 35, 41, 61, 44, 49, 54, 62, 57, 63, 61]
    Layer 10: dist=[39, 39, 30, 39, 46, 55, 33, 41, 34, 45, 55, 26, 49, 36, 42, 44, 45, 53, 52, 50, 46, 31, 56, 51, 51, 56, 47, 43, 40, 39, 44, 47]
    Layer 11: dist=[33, 33, 47, 27, 29, 36, 43, 42, 52, 62, 57, 49, 44, 33, 38, 39, 39, 36, 33, 25, 42, 56, 46, 46, 39, 32, 36, 32, 49, 34, 31, 48]
    Layer 12: dist=[12, 40, 39, 33, 43, 46, 39, 36, 33, 36, 44, 44, 50, 45, 45, 49, 21, 38, 29, 44, 55, 54, 53, 56, 49, 1, 56, 23, 43, 45, 59, 49]
    Layer 13: dist=[29, 36, 39, 36, 31, 29, 35, 22, 47, 36, 52, 61, 64, 58, 55, 62, 46, 39, 31, 36, 47, 33, 44, 46, 44, 33, 40, 41, 58, 56, 49, 51]
    Layer 14: dist=[25, 35, 34, 24, 39, 24, 35, 33, 31, 32, 37, 37, 36, 40, 35, 36, 41, 46, 31, 35, 33, 17, 28, 42, 27, 38, 40, 38, 43, 44, 5, 48]
    Layer 15: dist=[45, 27, 43, 23, 20, 22, 41, 33, 48, 33, 26, 54, 37, 56, 41, 47, 33, 33, 34, 36, 33, 30, 27, 27, 27, 20, 41, 37, 38, 47, 38, 28]
    Layer 16: dist=[37, 32, 42, 47, 29, 35, 26, 31, 29, 45, 40, 43, 49, 35, 44, 47, 38, 41, 34, 35, 59, 60, 57, 54, 39, 28, 34, 6, 32, 33, 36, 32]
    Layer 17: dist=[58, 50, 41, 34, 28, 31, 22, 25, 44, 54, 42, 49, 23, 32, 39, 39, 24, 29, 32, 22, 39, 51, 49, 48, 30, 28, 31, 26, 29, 43, 47, 36]
    Layer 18: dist=[20, 27, 19, 18, 29, 37, 39, 30, 37, 40, 37, 45, 34, 34, 31, 35, 26, 41, 42, 28, 38, 28, 37, 52, 31, 35, 35, 36, 30, 29, 43, 31]
    Layer 19: dist=[39, 33, 35, 35, 43, 54, 30, 38, 40, 44, 41, 48, 35, 31, 40, 35, 44, 42, 26, 29, 10, 28, 18, 27, 52, 54, 52, 58, 44, 43, 41, 41]
    Layer 20: dist=[46, 39, 44, 40, 41, 27, 28, 31, 23, 21, 26, 21, 48, 42, 48, 50, 24, 28, 31, 21, 38, 57, 52, 51, 63, 51, 53, 44, 49, 43, 55, 55]
    Layer 21: dist=[26, 25, 30, 35, 58, 33, 53, 58, 61, 33, 39, 38, 26, 24, 25, 23, 39, 40, 45, 32, 47, 52, 48, 49, 35, 34, 32, 44, 38, 40, 34, 47]
    Layer 22: dist=[39, 32, 37, 33, 28, 38, 24, 30, 21, 27, 24, 35, 9, 46, 32, 35, 18, 40, 40, 23, 53, 59, 60, 61, 51, 44, 46, 48, 57, 47, 53, 50]
    Layer 23: dist=[22, 18, 26, 22, 55, 55, 22, 50, 41, 20, 24, 31, 37, 36, 41, 39, 41, 38, 42, 48, 41, 46, 42, 40, 41, 39, 37, 51, 47, 44, 44, 39]
    Layer 24: dist=[40, 62, 57, 51, 50, 56, 54, 47, 52, 54, 52, 43, 41, 39, 47, 40, 42, 49, 44, 42, 60, 53, 52, 58, 31, 41, 39, 29, 50, 57, 51, 47]
    Layer 25: dist=[50, 60, 59, 49, 38, 38, 54, 42, 46, 52, 47, 48, 36, 45, 27, 37, 48, 50, 49, 45, 54, 56, 55, 55, 58, 56, 50, 55, 46, 61, 51, 45]
    Layer 26: dist=[43, 47, 57, 36, 59, 57, 59, 56, 52, 56, 53, 49, 52, 62, 60, 60, 43, 46, 53, 50, 53, 54, 60, 57, 53, 50, 54, 50, 58, 50, 59, 51]
    Layer 27: dist=[48, 55, 54, 59, 50, 53, 52, 44, 41, 52, 55, 52, 41, 56, 42, 45, 51, 53, 53, 53, 47, 56, 54, 44, 57, 59, 60, 60, 50, 44, 45, 60]
    Layer 28: dist=[53, 47, 54, 53, 41, 35, 40, 38, 52, 57, 47, 46, 57, 53, 48, 50, 57, 51, 53, 55, 59, 37, 32, 46, 47, 46, 50, 51, 46, 48, 35, 49]
    Layer 29: dist=[57, 58, 57, 58, 45, 56, 47, 58, 58, 57, 61, 54, 60, 61, 60, 61, 58, 56, 58, 60, 62, 61, 56, 62, 49, 59, 47, 49, 55, 51, 56, 56]
    Layer 31: dist=[60, 58, 51, 49, 58, 59, 59, 59, 57, 41, 46, 47, 58, 59, 59, 58, 52, 53, 55, 48, 60, 59, 56, 59, 57, 56, 46, 60, 57, 55, 53, 57]
    Layer 32: dist=[56, 57, 58, 57, 58, 60, 59, 60, 56, 55, 59, 58, 48, 58, 54, 47, 58, 54, 54, 54, 62, 48, 57, 60, 36, 48, 44, 53, 58, 54, 51, 53]
    Layer 33: dist=[52, 61, 57, 60, 45, 52, 29, 47, 57, 58, 57, 58, 58, 59, 58, 59, 59, 59, 53, 56, 58, 49, 54, 57, 57, 59, 60, 59, 56, 56, 55, 53]
    Layer 34: dist=[56, 57, 58, 57, 55, 56, 55, 54, 25, 47, 54, 42, 58, 57, 60, 40, 42, 44, 62, 30, 58, 27, 59, 60, 61, 60, 62, 60, 26, 32, 35, 54]
    Layer 35: dist=[56, 62, 36, 50, 43, 19, 55, 48, 42, 51, 55, 49, 30, 17, 24, 22, 49, 45, 40, 27, 45, 52, 28, 27, 33, 27, 33, 35, 36, 57, 61, 58]

  [Taylor Step 2/3] OLS sigma per head (scaling V, streaming)...
    Layer  0: sigma=[0.255, 0.100, 0.100, 0.100, 0.196, 0.602, 0.100, 0.100, 0.100, 0.100, 0.141, 0.100, 0.100, 0.100, 0.100, 0.291, 0.100, 0.100, 0.100, 0.100, 0.100, 0.100, 0.100, 0.200, 0.100, 0.100, 0.577, 0.100, 0.254, 0.100, 0.100, 0.100]
    Layer  1: sigma=[0.281, 0.100, 0.100, 0.100, 0.100, 0.100, 0.100, 0.100, 0.100, 0.398, 0.284, 0.100, 0.100, 0.100, 0.100, 0.100, 0.100, 0.100, 0.100, 0.100, 0.100, 0.100, 0.100, 0.209, 0.100, 0.100, 0.179, 0.100, 0.100, 0.100, 0.100, 0.100]
    Layer  2: sigma=[0.152, 0.100, 0.100, 0.100, 0.100, 0.100, 0.100, 0.100, 0.157, 0.100, 0.100, 0.100, 0.100, 0.259, 0.100, 0.100, 0.100, 0.100, 0.100, 0.100, 0.100, 0.100, 0.100, 0.100, 0.100, 0.174, 0.100, 0.100, 0.100, 0.100, 0.100, 0.141]
    Layer  3: sigma=[0.100, 0.458, 0.100, 0.292, 0.100, 0.100, 0.100, 0.100, 0.100, 0.100, 0.100, 0.100, 0.100, 0.100, 0.100, 0.100, 0.100, 0.100, 0.128, 0.100, 0.100, 0.100, 0.100, 0.100, 0.100, 0.122, 0.110, 0.100, 0.100, 0.100, 0.100, 0.100]
    Layer  4: sigma=[0.100, 0.100, 0.100, 0.100, 0.100, 0.100, 0.100, 0.100, 0.100, 0.100, 0.100, 0.100, 0.100, 0.100, 0.100, 0.100, 0.100, 0.100, 0.100, 0.100, 0.100, 0.147, 0.309, 0.100, 0.100, 0.100, 0.100, 0.100, 0.100, 0.100, 0.100, 0.100]
    Layer  5: sigma=[0.100, 0.100, 0.118, 0.100, 0.100, 0.100, 0.100, 0.100, 0.100, 0.268, 0.100, 0.106, 0.100, 0.100, 0.100, 0.112, 0.100, 0.334, 0.100, 0.100, 0.100, 0.100, 0.100, 0.100, 0.100, 0.100, 0.100, 0.100, 0.100, 0.244, 0.100, 0.100]
    Layer  6: sigma=[0.100, 0.100, 0.165, 0.100, 0.113, 0.107, 0.100, 0.100, 0.100, 0.100, 0.100, 0.100, 0.100, 0.100, 0.100, 0.100, 0.100, 0.100, 0.100, 0.100, 0.245, 0.100, 0.100, 0.100, 0.100, 0.100, 0.103, 0.100, 0.100, 0.100, 0.100, 0.100]
    Layer  7: sigma=[0.100, 0.258, 0.100, 0.100, 0.135, 0.100, 0.100, 0.100, 0.100, 0.100, 0.100, 0.159, 0.100, 0.100, 0.100, 0.100, 0.100, 0.100, 0.100, 0.100, 0.100, 0.100, 0.100, 0.100, 0.100, 0.100, 0.100, 0.100, 0.100, 0.100, 0.100, 0.100]
    Layer  8: sigma=[0.100, 0.100, 0.100, 0.100, 0.100, 0.100, 0.100, 0.117, 0.100, 0.100, 0.100, 0.100, 0.100, 0.117, 0.100, 0.100, 0.100, 0.100, 0.100, 0.100, 0.100, 0.100, 0.100, 0.100, 0.100, 0.100, 0.100, 0.298, 0.100, 0.100, 0.100, 0.100]
    Layer  9: sigma=[0.100, 0.100, 0.121, 0.100, 0.100, 0.100, 0.100, 0.100, 0.100, 0.100, 0.100, 0.100, 0.100, 0.100, 0.818, 0.223, 0.100, 0.100, 0.100, 0.100, 0.155, 0.100, 0.100, 0.100, 0.100, 0.169, 0.100, 0.100, 0.100, 0.100, 0.100, 0.100]
    Layer 10: sigma=[0.100, 0.100, 0.100, 0.100, 0.100, 0.100, 0.100, 0.100, 0.136, 0.100, 0.100, 0.100, 0.100, 0.100, 0.100, 0.100, 0.100, 0.100, 0.100, 0.100, 0.100, 0.100, 0.100, 0.100, 0.100, 0.100, 0.100, 0.100, 0.107, 0.100, 0.108, 0.100]
    Layer 11: sigma=[0.100, 0.100, 0.100, 0.100, 0.218, 0.100, 0.167, 0.100, 0.100, 0.131, 0.100, 0.100, 0.144, 0.100, 0.311, 0.100, 0.100, 0.100, 0.100, 0.100, 0.100, 0.100, 0.100, 0.100, 0.100, 0.100, 0.249, 0.100, 0.100, 0.100, 0.100, 0.100]
    Layer 12: sigma=[0.100, 0.100, 0.100, 0.100, 0.100, 0.127, 0.100, 0.100, 0.100, 0.118, 0.100, 0.100, 0.100, 0.100, 0.100, 0.100, 0.100, 0.258, 0.556, 0.100, 0.100, 0.100, 0.100, 0.100, 0.100, 0.370, 0.100, 0.140, 0.100, 0.137, 0.135, 0.100]
    Layer 13: sigma=[0.264, 0.100, 0.100, 0.100, 0.100, 0.100, 0.100, 0.110, 0.100, 0.125, 0.126, 0.100, 0.100, 0.100, 0.100, 0.100, 0.100, 0.100, 0.100, 0.100, 0.100, 0.100, 0.100, 0.100, 0.100, 0.100, 0.100, 0.100, 0.100, 0.100, 0.100, 0.100]
    Layer 14: sigma=[0.100, 0.100, 0.120, 0.100, 0.100, 0.428, 0.100, 0.172, 0.100, 0.100, 0.100, 0.100, 0.100, 0.171, 0.100, 0.100, 0.100, 0.100, 0.131, 0.110, 0.100, 0.100, 0.100, 0.100, 0.100, 0.157, 0.100, 0.137, 0.100, 0.100, 0.100, 0.100]
    Layer 15: sigma=[0.100, 0.243, 0.100, 0.100, 0.239, 0.111, 0.100, 0.100, 0.100, 0.100, 0.100, 0.123, 0.254, 0.100, 0.100, 0.100, 0.100, 0.100, 0.101, 0.145, 0.100, 0.100, 0.100, 0.100, 0.296, 0.253, 0.100, 0.100, 0.100, 0.100, 0.100, 0.100]
    Layer 16: sigma=[0.295, 0.100, 0.100, 0.100, 0.100, 0.100, 0.100, 0.100, 0.100, 0.100, 0.100, 0.100, 0.100, 0.100, 0.100, 0.100, 0.100, 0.100, 0.100, 0.100, 0.100, 0.100, 0.100, 0.100, 0.100, 0.164, 0.100, 0.100, 0.100, 0.100, 0.100, 0.100]
    Layer 17: sigma=[0.100, 0.100, 0.100, 0.100, 0.100, 0.514, 0.100, 0.100, 0.104, 0.100, 0.100, 0.100, 0.100, 0.100, 0.100, 0.100, 0.334, 0.174, 0.100, 0.371, 0.100, 0.100, 0.100, 0.100, 0.100, 0.100, 0.363, 0.118, 0.100, 0.100, 0.100, 0.100]
    Layer 18: sigma=[0.100, 0.653, 0.100, 0.100, 0.100, 0.192, 0.100, 0.100, 0.100, 0.100, 0.100, 0.100, 0.100, 0.100, 0.100, 0.100, 0.419, 0.100, 0.100, 0.100, 0.100, 0.100, 0.100, 0.100, 0.100, 0.100, 0.100, 0.100, 0.100, 0.100, 0.100, 0.100]
    Layer 19: sigma=[0.100, 0.100, 0.100, 0.100, 0.100, 0.100, 0.204, 0.100, 0.100, 0.100, 0.100, 0.100, 0.222, 0.100, 0.100, 0.145, 0.100, 0.100, 0.100, 0.399, 0.100, 0.100, 0.100, 0.100, 0.125, 0.100, 0.100, 0.100, 0.100, 0.100, 0.100, 0.100]
    Layer 20: sigma=[0.100, 0.100, 0.187, 0.100, 0.100, 0.245, 0.137, 0.100, 0.100, 0.100, 0.100, 0.100, 0.100, 0.100, 0.100, 0.102, 0.189, 0.110, 0.100, 0.100, 0.100, 0.100, 0.100, 0.100, 0.100, 0.100, 0.100, 0.100, 0.100, 0.100, 0.100, 0.100]
    Layer 21: sigma=[0.100, 0.100, 0.100, 0.120, 0.100, 0.100, 0.100, 0.100, 0.100, 0.100, 0.100, 0.403, 0.100, 0.100, 0.100, 0.100, 0.100, 0.100, 0.100, 0.127, 0.100, 0.100, 0.100, 0.100, 0.100, 0.100, 0.100, 0.100, 0.100, 0.100, 0.301, 0.101]
    Layer 22: sigma=[0.215, 0.100, 0.100, 0.100, 0.182, 0.119, 0.125, 0.175, 0.194, 0.100, 0.100, 0.100, 0.100, 0.100, 0.100, 0.100, 0.100, 0.100, 0.100, 0.220, 0.100, 0.100, 0.100, 0.100, 0.100, 0.100, 0.100, 0.100, 0.100, 0.100, 0.100, 0.100]
    Layer 23: sigma=[0.191, 0.101, 0.260, 0.100, 0.100, 0.100, 0.191, 0.100, 0.100, 0.100, 0.100, 0.100, 0.100, 0.100, 0.100, 0.100, 0.100, 0.100, 0.100, 0.100, 0.100, 0.100, 0.100, 0.100, 0.100, 0.100, 0.100, 0.100, 0.100, 0.236, 0.275, 0.141]
    Layer 24: sigma=[0.100, 0.100, 0.100, 0.100, 0.100, 0.100, 0.100, 0.100, 0.166, 0.100, 0.100, 0.100, 0.100, 0.100, 0.100, 0.196, 0.100, 0.100, 0.100, 0.111, 0.100, 0.100, 0.100, 0.100, 0.259, 0.299, 0.214, 0.238, 0.100, 0.100, 0.100, 0.100]
    Layer 25: sigma=[0.100, 0.100, 0.100, 0.100, 0.100, 0.100, 0.100, 0.100, 0.100, 0.100, 0.100, 0.100, 0.100, 0.100, 0.100, 0.100, 0.100, 0.100, 0.100, 0.100, 0.100, 0.100, 0.100, 0.100, 0.100, 0.100, 0.100, 0.100, 0.100, 0.100, 0.100, 0.100]
    Layer 26: sigma=[0.100, 0.100, 0.100, 0.100, 0.100, 0.100, 0.100, 0.100, 0.100, 0.100, 0.100, 0.100, 0.100, 0.100, 0.100, 0.113, 0.100, 0.100, 0.100, 0.100, 0.100, 0.100, 0.100, 0.100, 0.100, 0.100, 0.100, 0.100, 0.100, 0.100, 0.100, 0.100]
    Layer 27: sigma=[0.100, 0.100, 0.100, 0.100, 0.100, 0.100, 0.100, 0.100, 0.100, 0.100, 0.100, 0.100, 0.100, 0.100, 0.100, 0.100, 0.100, 0.100, 0.100, 0.100, 0.100, 0.100, 0.100, 0.100, 0.100, 0.100, 0.100, 0.100, 0.100, 0.176, 0.100, 0.100]
    Layer 28: sigma=[0.100, 0.100, 0.100, 0.100, 0.100, 0.144, 0.100, 0.153, 0.100, 0.100, 0.100, 0.100, 0.100, 0.100, 0.100, 0.100, 0.100, 0.100, 0.100, 0.100, 0.100, 0.100, 0.100, 0.100, 0.100, 0.100, 0.100, 0.100, 0.100, 0.100, 0.100, 0.100]
    Layer 29: sigma=[0.100, 0.100, 0.100, 0.100, 0.100, 0.100, 0.100, 0.100, 0.100, 0.100, 0.100, 0.100, 0.100, 0.100, 0.100, 0.100, 0.100, 0.100, 0.100, 0.100, 0.100, 0.100, 0.100, 0.100, 0.100, 0.100, 0.100, 0.100, 0.100, 0.100, 0.100, 0.100]
    Layer 31: sigma=[0.100, 0.100, 0.100, 0.100, 0.100, 0.100, 0.100, 0.100, 0.100, 0.100, 0.100, 0.100, 0.100, 0.100, 0.100, 0.100, 0.100, 0.100, 0.100, 0.100, 0.100, 0.100, 0.100, 0.100, 0.100, 0.100, 0.100, 0.100, 0.100, 0.100, 0.100, 0.100]
    Layer 32: sigma=[0.100, 0.100, 0.100, 0.100, 0.100, 0.100, 0.100, 0.100, 0.100, 0.100, 0.100, 0.100, 0.100, 0.100, 0.100, 0.100, 0.100, 0.100, 0.100, 0.100, 0.100, 0.100, 0.100, 0.100, 0.100, 0.100, 0.100, 0.100, 0.100, 0.100, 0.100, 0.100]
    Layer 33: sigma=[0.100, 0.100, 0.100, 0.100, 0.100, 0.100, 0.100, 0.100, 0.100, 0.100, 0.100, 0.100, 0.100, 0.100, 0.100, 0.100, 0.100, 0.100, 0.100, 0.100, 0.100, 0.100, 0.100, 0.100, 0.100, 0.100, 0.100, 0.100, 0.100, 0.100, 0.100, 0.100]
    Layer 34: sigma=[0.100, 0.100, 0.100, 0.100, 0.100, 0.100, 0.100, 0.100, 0.100, 0.100, 0.100, 0.100, 0.100, 0.100, 0.100, 0.100, 0.100, 0.100, 0.100, 0.100, 0.100, 0.100, 0.100, 0.100, 0.100, 0.100, 0.100, 0.100, 0.100, 0.100, 0.100, 0.100]
    Layer 35: sigma=[0.100, 0.100, 0.100, 0.100, 0.100, 0.100, 0.100, 0.100, 0.100, 0.100, 0.100, 0.100, 0.100, 0.100, 0.100, 0.100, 0.100, 0.100, 0.100, 0.100, 0.100, 0.100, 0.128, 0.100, 0.100, 0.100, 0.100, 0.100, 0.100, 0.100, 0.100, 0.100]

  [Taylor Step 3/3] g_proj = v_proj * alpha (damping=0.01)...
    Layer  0: alpha=0.069009  teacher_rms=0.0168  v_rms=0.0024
    Layer  1: alpha=0.057987  teacher_rms=0.0216  v_rms=0.0037
    Layer  2: alpha=0.054733  teacher_rms=0.0222  v_rms=0.0041
    Layer  3: alpha=0.041432  teacher_rms=0.0261  v_rms=0.0063
    Layer  4: alpha=0.049262  teacher_rms=0.0316  v_rms=0.0064
    Layer  5: alpha=0.052758  teacher_rms=0.0412  v_rms=0.0078
    Layer  6: alpha=0.074816  teacher_rms=0.0646  v_rms=0.0086
    Layer  7: alpha=0.040065  teacher_rms=0.0510  v_rms=0.0127
    Layer  8: alpha=0.041439  teacher_rms=0.0695  v_rms=0.0168
    Layer  9: alpha=0.025535  teacher_rms=0.0701  v_rms=0.0275
    Layer 10: alpha=0.048908  teacher_rms=0.1071  v_rms=0.0219
    Layer 11: alpha=0.052622  teacher_rms=0.1038  v_rms=0.0197
    Layer 12: alpha=0.043275  teacher_rms=0.1177  v_rms=0.0272
    Layer 13: alpha=0.053864  teacher_rms=0.1013  v_rms=0.0188
    Layer 14: alpha=0.056678  teacher_rms=0.1546  v_rms=0.0273
    Layer 15: alpha=0.046484  teacher_rms=0.1546  v_rms=0.0333
    Layer 16: alpha=0.040489  teacher_rms=0.1446  v_rms=0.0357
    Layer 17: alpha=0.035476  teacher_rms=0.1762  v_rms=0.0497
    Layer 18: alpha=0.032217  teacher_rms=0.1919  v_rms=0.0596
    Layer 19: alpha=0.048729  teacher_rms=0.2023  v_rms=0.0415
    Layer 20: alpha=0.052317  teacher_rms=0.1938  v_rms=0.0370
    Layer 21: alpha=0.045091  teacher_rms=0.2301  v_rms=0.0510
    Layer 22: alpha=0.051178  teacher_rms=0.2755  v_rms=0.0538
    Layer 23: alpha=0.048319  teacher_rms=0.3026  v_rms=0.0626
    Layer 24: alpha=0.033292  teacher_rms=0.2864  v_rms=0.0860
    Layer 25: alpha=0.038418  teacher_rms=0.2261  v_rms=0.0589
    Layer 26: alpha=0.027258  teacher_rms=0.1994  v_rms=0.0731
    Layer 27: alpha=0.033443  teacher_rms=0.2900  v_rms=0.0867
    Layer 28: alpha=0.039548  teacher_rms=0.3530  v_rms=0.0893
    Layer 29: alpha=0.016275  teacher_rms=0.2479  v_rms=0.1523
    Layer 31: alpha=0.018626  teacher_rms=0.3452  v_rms=0.1853
    Layer 32: alpha=0.021930  teacher_rms=0.5106  v_rms=0.2328
    Layer 33: alpha=0.016345  teacher_rms=0.5964  v_rms=0.3649
    Layer 34: alpha=0.031180  teacher_rms=1.0165  v_rms=0.3260
    Layer 35: alpha=0.058096  teacher_rms=1.0378  v_rms=0.1786

  Set g_proj = v_proj * alpha in 35 GDN layers (damping=0.01).
  Init (taylor_distill) done in 338.5s
  Layer 30: PPL = 999.30  (eval 13.3s)

============================================================
  Probing layer 31 | strategy=taylor_distill
============================================================
Loading checkpoint shards:   0%|          | 0/4 [00:00<?, ?it/s]Loading checkpoint shards: 100%|██████████| 4/4 [00:00<00:00, 144.07it/s]
Could not cache non-existence of file. Will ignore error and continue. Error: [Errno 13] Permission denied: '/data/shared/huggingface/hub/models--Qwen--Qwen3-8B/.no_exist/b968826d9c46dd6066d109eabc6255188de91218/model.safetensors'
Loading checkpoint shards:   0%|          | 0/5 [00:00<?, ?it/s]Loading checkpoint shards:  60%|██████    | 3/5 [00:00<00:00, 28.06it/s]Loading checkpoint shards: 100%|██████████| 5/5 [00:00<00:00, 38.19it/s]
Token indices sequence length is longer than the specified maximum sequence length for this model (2429029 > 131072). Running this sequence through the model will result in indexing errors
  [Taylor Step 1/3] Gate calibration from attention stats...
    Layer  0: dist=[18, 2, 6, 20, 8, 14, 6, 7, 10, 4, 6, 7, 10, 18, 17, 5, 9, 11, 8, 8, 8, 12, 2, 7, 4, 26, 5, 26, 9, 19, 9, 8]
    Layer  1: dist=[12, 21, 14, 26, 2, 9, 17, 7, 25, 18, 32, 29, 18, 28, 28, 20, 17, 26, 31, 18, 28, 17, 21, 21, 26, 8, 25, 23, 41, 16, 20, 28]
    Layer  2: dist=[36, 36, 37, 32, 17, 27, 20, 24, 21, 24, 29, 33, 28, 25, 26, 34, 32, 26, 28, 22, 28, 36, 27, 27, 14, 14, 11, 19, 41, 42, 43, 41]
    Layer  3: dist=[40, 20, 9, 12, 49, 50, 46, 42, 30, 27, 33, 31, 49, 43, 42, 42, 35, 37, 29, 37, 42, 33, 32, 36, 35, 30, 29, 33, 39, 36, 40, 37]
    Layer  4: dist=[31, 35, 41, 36, 41, 33, 35, 48, 37, 38, 34, 34, 31, 31, 38, 35, 35, 37, 38, 39, 34, 35, 25, 34, 26, 32, 27, 21, 28, 33, 30, 30]
    Layer  5: dist=[23, 29, 30, 21, 36, 34, 29, 29, 4, 14, 40, 38, 31, 43, 32, 30, 23, 20, 28, 28, 29, 30, 27, 33, 38, 39, 43, 43, 26, 25, 29, 32]
    Layer  6: dist=[16, 22, 17, 17, 27, 24, 34, 32, 25, 12, 21, 20, 31, 34, 28, 16, 28, 20, 24, 23, 13, 18, 18, 8, 21, 24, 18, 28, 24, 25, 21, 27]
    Layer  7: dist=[31, 36, 33, 46, 63, 57, 63, 60, 45, 60, 53, 41, 54, 15, 30, 49, 42, 54, 44, 44, 54, 45, 58, 59, 34, 41, 25, 43, 49, 51, 49, 54]
    Layer  8: dist=[45, 46, 49, 29, 43, 41, 35, 44, 46, 52, 43, 48, 51, 43, 49, 36, 60, 56, 54, 51, 44, 54, 51, 57, 47, 37, 51, 36, 44, 38, 42, 44]
    Layer  9: dist=[40, 32, 31, 36, 45, 49, 48, 40, 62, 61, 60, 56, 14, 46, 32, 45, 49, 53, 59, 62, 44, 40, 35, 41, 61, 44, 49, 54, 62, 57, 63, 61]
    Layer 10: dist=[39, 39, 30, 39, 46, 55, 33, 41, 34, 45, 55, 26, 49, 36, 42, 44, 45, 53, 52, 50, 46, 31, 56, 51, 51, 56, 47, 43, 40, 39, 44, 47]
    Layer 11: dist=[33, 33, 47, 27, 29, 36, 43, 42, 52, 62, 57, 49, 44, 33, 38, 39, 39, 36, 33, 25, 42, 56, 46, 46, 39, 32, 36, 32, 49, 34, 31, 48]
    Layer 12: dist=[12, 40, 39, 33, 43, 46, 39, 36, 33, 36, 44, 44, 50, 45, 45, 49, 21, 38, 29, 44, 55, 54, 53, 56, 49, 1, 56, 23, 43, 45, 59, 49]
    Layer 13: dist=[29, 36, 39, 36, 31, 29, 35, 22, 47, 36, 52, 61, 64, 58, 55, 62, 46, 39, 31, 36, 47, 33, 44, 46, 44, 33, 40, 41, 58, 56, 49, 51]
    Layer 14: dist=[25, 35, 34, 24, 39, 24, 35, 33, 31, 32, 37, 37, 36, 40, 35, 36, 41, 46, 31, 35, 33, 17, 28, 42, 27, 38, 40, 38, 43, 44, 5, 48]
    Layer 15: dist=[45, 27, 43, 23, 20, 22, 41, 33, 48, 33, 26, 54, 37, 56, 41, 47, 33, 33, 34, 36, 33, 30, 27, 27, 27, 20, 41, 37, 38, 47, 38, 28]
    Layer 16: dist=[37, 32, 42, 47, 29, 35, 26, 31, 29, 45, 40, 43, 49, 35, 44, 47, 38, 41, 34, 35, 59, 60, 57, 54, 39, 28, 34, 6, 32, 33, 36, 32]
    Layer 17: dist=[58, 50, 41, 34, 28, 31, 22, 25, 44, 54, 42, 49, 23, 32, 39, 39, 24, 29, 32, 22, 39, 51, 49, 48, 30, 28, 31, 26, 29, 43, 47, 36]
    Layer 18: dist=[20, 27, 19, 18, 29, 37, 39, 30, 37, 40, 37, 45, 34, 34, 31, 35, 26, 41, 42, 28, 38, 28, 37, 52, 31, 35, 35, 36, 30, 29, 43, 31]
    Layer 19: dist=[39, 33, 35, 35, 43, 54, 30, 38, 40, 44, 41, 48, 35, 31, 40, 35, 44, 42, 26, 29, 10, 28, 18, 27, 52, 54, 52, 58, 44, 43, 41, 41]
    Layer 20: dist=[46, 39, 44, 40, 41, 27, 28, 31, 23, 21, 26, 21, 48, 42, 48, 50, 24, 28, 31, 21, 38, 57, 52, 51, 63, 51, 53, 44, 49, 43, 55, 55]
    Layer 21: dist=[26, 25, 30, 35, 58, 33, 53, 58, 61, 33, 39, 38, 26, 24, 25, 23, 39, 40, 45, 32, 47, 52, 48, 49, 35, 34, 32, 44, 38, 40, 34, 47]
    Layer 22: dist=[39, 32, 37, 33, 28, 38, 24, 30, 21, 27, 24, 35, 9, 46, 32, 35, 18, 40, 40, 23, 53, 59, 60, 61, 51, 44, 46, 48, 57, 47, 53, 50]
    Layer 23: dist=[22, 18, 26, 22, 55, 55, 22, 50, 41, 20, 24, 31, 37, 36, 41, 39, 41, 38, 42, 48, 41, 46, 42, 40, 41, 39, 37, 51, 47, 44, 44, 39]
    Layer 24: dist=[40, 62, 57, 51, 50, 56, 54, 47, 52, 54, 52, 43, 41, 39, 47, 40, 42, 49, 44, 42, 60, 53, 52, 58, 31, 41, 39, 29, 50, 57, 51, 47]
    Layer 25: dist=[50, 60, 59, 49, 38, 38, 54, 42, 46, 52, 47, 48, 36, 45, 27, 37, 48, 50, 49, 45, 54, 56, 55, 55, 58, 56, 50, 55, 46, 61, 51, 45]
    Layer 26: dist=[43, 47, 57, 36, 59, 57, 59, 56, 52, 56, 53, 49, 52, 62, 60, 60, 43, 46, 53, 50, 53, 54, 60, 57, 53, 50, 54, 50, 58, 50, 59, 51]
    Layer 27: dist=[48, 55, 54, 59, 50, 53, 52, 44, 41, 52, 55, 52, 41, 56, 42, 45, 51, 53, 53, 53, 47, 56, 54, 44, 57, 59, 60, 60, 50, 44, 45, 60]
    Layer 28: dist=[53, 47, 54, 53, 41, 35, 40, 38, 52, 57, 47, 46, 57, 53, 48, 50, 57, 51, 53, 55, 59, 37, 32, 46, 47, 46, 50, 51, 46, 48, 35, 49]
    Layer 29: dist=[57, 58, 57, 58, 45, 56, 47, 58, 58, 57, 61, 54, 60, 61, 60, 61, 58, 56, 58, 60, 62, 61, 56, 62, 49, 59, 47, 49, 55, 51, 56, 56]
    Layer 30: dist=[40, 54, 51, 52, 53, 51, 48, 37, 60, 59, 58, 60, 53, 53, 57, 51, 52, 39, 61, 61, 29, 60, 53, 54, 60, 60, 61, 60, 55, 56, 54, 51]
    Layer 32: dist=[56, 57, 58, 57, 58, 60, 59, 60, 56, 55, 59, 58, 48, 58, 54, 47, 58, 54, 54, 54, 62, 48, 57, 60, 36, 48, 44, 53, 58, 54, 51, 53]
    Layer 33: dist=[52, 61, 57, 60, 45, 52, 29, 47, 57, 58, 57, 58, 58, 59, 58, 59, 59, 59, 53, 56, 58, 49, 54, 57, 57, 59, 60, 59, 56, 56, 55, 53]
    Layer 34: dist=[56, 57, 58, 57, 55, 56, 55, 54, 25, 47, 54, 42, 58, 57, 60, 40, 42, 44, 62, 30, 58, 27, 59, 60, 61, 60, 62, 60, 26, 32, 35, 54]
    Layer 35: dist=[56, 62, 36, 50, 43, 19, 55, 48, 42, 51, 55, 49, 30, 17, 24, 22, 49, 45, 40, 27, 45, 52, 28, 27, 33, 27, 33, 35, 36, 57, 61, 58]

  [Taylor Step 2/3] OLS sigma per head (scaling V, streaming)...
    Layer  0: sigma=[0.257, 0.100, 0.100, 0.100, 0.196, 0.602, 0.100, 0.100, 0.100, 0.100, 0.141, 0.100, 0.100, 0.100, 0.100, 0.291, 0.100, 0.100, 0.100, 0.100, 0.100, 0.100, 0.100, 0.200, 0.100, 0.100, 0.577, 0.100, 0.253, 0.100, 0.100, 0.100]
    Layer  1: sigma=[0.280, 0.100, 0.100, 0.100, 0.100, 0.100, 0.100, 0.100, 0.100, 0.397, 0.277, 0.100, 0.100, 0.100, 0.100, 0.100, 0.100, 0.100, 0.100, 0.100, 0.100, 0.100, 0.100, 0.205, 0.100, 0.100, 0.179, 0.100, 0.100, 0.100, 0.100, 0.100]
    Layer  2: sigma=[0.152, 0.100, 0.100, 0.100, 0.100, 0.100, 0.100, 0.100, 0.157, 0.100, 0.100, 0.100, 0.100, 0.257, 0.100, 0.100, 0.100, 0.100, 0.100, 0.100, 0.100, 0.100, 0.100, 0.100, 0.100, 0.176, 0.100, 0.100, 0.100, 0.100, 0.100, 0.140]
    Layer  3: sigma=[0.100, 0.447, 0.100, 0.288, 0.100, 0.100, 0.100, 0.100, 0.100, 0.100, 0.100, 0.100, 0.100, 0.100, 0.100, 0.100, 0.100, 0.100, 0.122, 0.100, 0.100, 0.100, 0.100, 0.100, 0.100, 0.123, 0.114, 0.100, 0.100, 0.100, 0.100, 0.100]
    Layer  4: sigma=[0.100, 0.100, 0.100, 0.100, 0.100, 0.100, 0.100, 0.100, 0.100, 0.100, 0.100, 0.100, 0.100, 0.100, 0.100, 0.100, 0.100, 0.100, 0.100, 0.100, 0.100, 0.146, 0.310, 0.100, 0.100, 0.100, 0.100, 0.100, 0.100, 0.100, 0.100, 0.100]
    Layer  5: sigma=[0.100, 0.100, 0.100, 0.100, 0.100, 0.100, 0.100, 0.100, 0.100, 0.265, 0.100, 0.103, 0.100, 0.100, 0.100, 0.108, 0.100, 0.327, 0.100, 0.100, 0.100, 0.100, 0.100, 0.100, 0.100, 0.100, 0.100, 0.100, 0.100, 0.244, 0.100, 0.100]
    Layer  6: sigma=[0.100, 0.100, 0.169, 0.100, 0.117, 0.111, 0.100, 0.100, 0.100, 0.100, 0.100, 0.100, 0.100, 0.100, 0.100, 0.100, 0.100, 0.100, 0.100, 0.100, 0.238, 0.100, 0.100, 0.100, 0.100, 0.100, 0.101, 0.100, 0.100, 0.100, 0.100, 0.100]
    Layer  7: sigma=[0.100, 0.241, 0.100, 0.100, 0.124, 0.100, 0.100, 0.100, 0.100, 0.100, 0.100, 0.152, 0.100, 0.100, 0.100, 0.100, 0.100, 0.100, 0.100, 0.100, 0.100, 0.100, 0.100, 0.100, 0.100, 0.100, 0.100, 0.100, 0.100, 0.100, 0.100, 0.100]
    Layer  8: sigma=[0.100, 0.100, 0.100, 0.100, 0.100, 0.100, 0.100, 0.128, 0.100, 0.100, 0.100, 0.100, 0.100, 0.126, 0.100, 0.100, 0.100, 0.100, 0.100, 0.100, 0.100, 0.100, 0.100, 0.100, 0.100, 0.100, 0.100, 0.290, 0.100, 0.100, 0.100, 0.100]
    Layer  9: sigma=[0.100, 0.100, 0.125, 0.100, 0.100, 0.100, 0.100, 0.100, 0.100, 0.100, 0.100, 0.100, 0.100, 0.100, 0.757, 0.209, 0.100, 0.100, 0.100, 0.100, 0.136, 0.100, 0.100, 0.100, 0.100, 0.166, 0.100, 0.100, 0.100, 0.100, 0.100, 0.100]
    Layer 10: sigma=[0.100, 0.100, 0.100, 0.100, 0.100, 0.100, 0.100, 0.100, 0.119, 0.100, 0.100, 0.100, 0.100, 0.100, 0.100, 0.100, 0.100, 0.100, 0.100, 0.100, 0.100, 0.100, 0.100, 0.100, 0.100, 0.100, 0.100, 0.100, 0.106, 0.100, 0.101, 0.100]
    Layer 11: sigma=[0.100, 0.100, 0.100, 0.100, 0.227, 0.100, 0.168, 0.100, 0.100, 0.138, 0.100, 0.100, 0.142, 0.100, 0.290, 0.100, 0.100, 0.100, 0.100, 0.100, 0.100, 0.100, 0.100, 0.100, 0.100, 0.100, 0.253, 0.100, 0.100, 0.100, 0.100, 0.100]
    Layer 12: sigma=[0.100, 0.100, 0.100, 0.100, 0.100, 0.114, 0.100, 0.100, 0.100, 0.121, 0.100, 0.100, 0.100, 0.100, 0.100, 0.100, 0.100, 0.274, 0.439, 0.100, 0.100, 0.100, 0.100, 0.100, 0.100, 0.342, 0.100, 0.141, 0.100, 0.137, 0.150, 0.100]
    Layer 13: sigma=[0.244, 0.100, 0.100, 0.100, 0.100, 0.100, 0.100, 0.104, 0.100, 0.125, 0.123, 0.100, 0.100, 0.100, 0.100, 0.100, 0.100, 0.100, 0.100, 0.100, 0.100, 0.100, 0.100, 0.100, 0.100, 0.100, 0.100, 0.100, 0.100, 0.100, 0.100, 0.100]
    Layer 14: sigma=[0.100, 0.100, 0.106, 0.100, 0.100, 0.381, 0.100, 0.163, 0.100, 0.100, 0.100, 0.100, 0.100, 0.156, 0.100, 0.100, 0.100, 0.100, 0.161, 0.143, 0.100, 0.100, 0.100, 0.100, 0.100, 0.147, 0.100, 0.131, 0.100, 0.100, 0.132, 0.100]
    Layer 15: sigma=[0.100, 0.232, 0.100, 0.111, 0.234, 0.124, 0.100, 0.100, 0.100, 0.100, 0.100, 0.100, 0.246, 0.100, 0.100, 0.100, 0.100, 0.100, 0.100, 0.143, 0.100, 0.100, 0.100, 0.100, 0.274, 0.254, 0.100, 0.100, 0.100, 0.100, 0.100, 0.100]
    Layer 16: sigma=[0.334, 0.100, 0.100, 0.100, 0.100, 0.100, 0.100, 0.100, 0.100, 0.100, 0.100, 0.100, 0.100, 0.100, 0.100, 0.100, 0.100, 0.100, 0.100, 0.100, 0.100, 0.100, 0.100, 0.100, 0.100, 0.168, 0.100, 0.100, 0.100, 0.100, 0.100, 0.100]
    Layer 17: sigma=[0.100, 0.100, 0.100, 0.100, 0.100, 0.483, 0.100, 0.100, 0.104, 0.100, 0.100, 0.100, 0.100, 0.100, 0.100, 0.100, 0.319, 0.137, 0.100, 0.424, 0.100, 0.100, 0.100, 0.100, 0.107, 0.100, 0.374, 0.128, 0.100, 0.100, 0.100, 0.100]
    Layer 18: sigma=[0.100, 0.759, 0.100, 0.100, 0.100, 0.200, 0.100, 0.123, 0.100, 0.100, 0.100, 0.100, 0.100, 0.100, 0.100, 0.100, 0.479, 0.100, 0.100, 0.100, 0.100, 0.100, 0.100, 0.100, 0.100, 0.100, 0.100, 0.100, 0.100, 0.100, 0.100, 0.100]
    Layer 19: sigma=[0.100, 0.100, 0.100, 0.100, 0.100, 0.100, 0.224, 0.100, 0.100, 0.100, 0.100, 0.100, 0.406, 0.100, 0.100, 0.135, 0.100, 0.100, 0.100, 0.450, 0.100, 0.100, 0.100, 0.100, 0.100, 0.100, 0.100, 0.100, 0.100, 0.100, 0.100, 0.100]
    Layer 20: sigma=[0.100, 0.100, 0.186, 0.100, 0.100, 0.267, 0.127, 0.100, 0.100, 0.100, 0.100, 0.100, 0.100, 0.100, 0.100, 0.121, 0.180, 0.100, 0.100, 0.100, 0.100, 0.100, 0.100, 0.100, 0.100, 0.100, 0.100, 0.100, 0.100, 0.100, 0.100, 0.100]
    Layer 21: sigma=[0.100, 0.100, 0.100, 0.140, 0.100, 0.100, 0.100, 0.100, 0.100, 0.100, 0.100, 0.412, 0.100, 0.100, 0.126, 0.100, 0.100, 0.100, 0.100, 0.102, 0.100, 0.100, 0.100, 0.100, 0.100, 0.100, 0.100, 0.100, 0.100, 0.100, 0.310, 0.109]
    Layer 22: sigma=[0.159, 0.100, 0.100, 0.100, 0.145, 0.100, 0.125, 0.170, 0.146, 0.113, 0.100, 0.100, 0.100, 0.100, 0.100, 0.100, 0.100, 0.100, 0.100, 0.100, 0.100, 0.100, 0.100, 0.100, 0.100, 0.100, 0.100, 0.100, 0.100, 0.100, 0.100, 0.100]
    Layer 23: sigma=[0.193, 0.120, 0.100, 0.100, 0.100, 0.100, 0.186, 0.100, 0.100, 0.100, 0.100, 0.100, 0.100, 0.100, 0.100, 0.100, 0.100, 0.100, 0.100, 0.100, 0.100, 0.100, 0.100, 0.100, 0.100, 0.100, 0.100, 0.100, 0.100, 0.244, 0.250, 0.105]
    Layer 24: sigma=[0.100, 0.100, 0.100, 0.100, 0.100, 0.100, 0.100, 0.100, 0.125, 0.100, 0.100, 0.100, 0.100, 0.100, 0.100, 0.204, 0.100, 0.100, 0.100, 0.100, 0.100, 0.100, 0.100, 0.100, 0.251, 0.335, 0.248, 0.245, 0.100, 0.100, 0.100, 0.100]
    Layer 25: sigma=[0.100, 0.100, 0.100, 0.100, 0.100, 0.100, 0.100, 0.100, 0.100, 0.100, 0.100, 0.100, 0.100, 0.100, 0.100, 0.100, 0.100, 0.100, 0.100, 0.100, 0.100, 0.100, 0.100, 0.100, 0.100, 0.100, 0.100, 0.100, 0.100, 0.100, 0.100, 0.100]
    Layer 26: sigma=[0.100, 0.101, 0.100, 0.100, 0.100, 0.100, 0.100, 0.100, 0.100, 0.100, 0.100, 0.100, 0.100, 0.100, 0.100, 0.104, 0.100, 0.100, 0.100, 0.100, 0.100, 0.100, 0.100, 0.100, 0.100, 0.100, 0.100, 0.100, 0.100, 0.100, 0.100, 0.100]
    Layer 27: sigma=[0.100, 0.100, 0.100, 0.100, 0.100, 0.100, 0.100, 0.100, 0.100, 0.100, 0.100, 0.100, 0.100, 0.100, 0.100, 0.100, 0.100, 0.100, 0.100, 0.100, 0.100, 0.100, 0.100, 0.100, 0.100, 0.100, 0.100, 0.100, 0.100, 0.211, 0.100, 0.100]
    Layer 28: sigma=[0.100, 0.100, 0.100, 0.100, 0.100, 0.158, 0.100, 0.190, 0.100, 0.100, 0.100, 0.100, 0.100, 0.100, 0.100, 0.100, 0.100, 0.100, 0.100, 0.100, 0.100, 0.100, 0.100, 0.100, 0.100, 0.100, 0.100, 0.100, 0.100, 0.100, 0.100, 0.100]
    Layer 29: sigma=[0.100, 0.100, 0.100, 0.100, 0.100, 0.100, 0.100, 0.100, 0.100, 0.100, 0.100, 0.100, 0.100, 0.100, 0.100, 0.100, 0.100, 0.100, 0.100, 0.100, 0.100, 0.100, 0.100, 0.100, 0.100, 0.100, 0.100, 0.100, 0.100, 0.100, 0.100, 0.100]
    Layer 30: sigma=[0.100, 0.100, 0.100, 0.100, 0.100, 0.100, 0.100, 0.100, 0.100, 0.100, 0.100, 0.100, 0.100, 0.100, 0.100, 0.100, 0.100, 0.100, 0.100, 0.100, 0.100, 0.100, 0.100, 0.100, 0.100, 0.100, 0.100, 0.100, 0.100, 0.100, 0.100, 0.100]
    Layer 32: sigma=[0.100, 0.100, 0.100, 0.100, 0.100, 0.100, 0.100, 0.100, 0.100, 0.100, 0.100, 0.100, 0.100, 0.100, 0.100, 0.100, 0.100, 0.100, 0.100, 0.100, 0.100, 0.100, 0.100, 0.100, 0.100, 0.100, 0.100, 0.100, 0.100, 0.100, 0.100, 0.100]
    Layer 33: sigma=[0.100, 0.100, 0.100, 0.100, 0.100, 0.100, 0.100, 0.100, 0.100, 0.100, 0.100, 0.100, 0.100, 0.100, 0.100, 0.100, 0.100, 0.100, 0.100, 0.100, 0.100, 0.100, 0.100, 0.100, 0.100, 0.100, 0.100, 0.100, 0.100, 0.100, 0.100, 0.100]
    Layer 34: sigma=[0.100, 0.100, 0.100, 0.100, 0.100, 0.100, 0.100, 0.100, 0.100, 0.100, 0.100, 0.100, 0.100, 0.100, 0.100, 0.100, 0.100, 0.100, 0.100, 0.100, 0.100, 0.100, 0.100, 0.100, 0.100, 0.100, 0.100, 0.100, 0.100, 0.100, 0.100, 0.100]
    Layer 35: sigma=[0.100, 0.100, 0.100, 0.100, 0.100, 0.100, 0.100, 0.100, 0.100, 0.100, 0.100, 0.100, 0.100, 0.100, 0.100, 0.100, 0.100, 0.100, 0.100, 0.100, 0.100, 0.100, 0.120, 0.100, 0.100, 0.100, 0.100, 0.100, 0.100, 0.100, 0.100, 0.100]

  [Taylor Step 3/3] g_proj = v_proj * alpha (damping=0.01)...
    Layer  0: alpha=0.068954  teacher_rms=0.0168  v_rms=0.0024
    Layer  1: alpha=0.058287  teacher_rms=0.0216  v_rms=0.0037
    Layer  2: alpha=0.054800  teacher_rms=0.0222  v_rms=0.0041
    Layer  3: alpha=0.041814  teacher_rms=0.0261  v_rms=0.0063
    Layer  4: alpha=0.049248  teacher_rms=0.0316  v_rms=0.0064
    Layer  5: alpha=0.053329  teacher_rms=0.0412  v_rms=0.0077
    Layer  6: alpha=0.074993  teacher_rms=0.0646  v_rms=0.0086
    Layer  7: alpha=0.040821  teacher_rms=0.0510  v_rms=0.0125
    Layer  8: alpha=0.041443  teacher_rms=0.0695  v_rms=0.0168
    Layer  9: alpha=0.027013  teacher_rms=0.0701  v_rms=0.0260
    Layer 10: alpha=0.049293  teacher_rms=0.1071  v_rms=0.0217
    Layer 11: alpha=0.052841  teacher_rms=0.1038  v_rms=0.0196
    Layer 12: alpha=0.046978  teacher_rms=0.1177  v_rms=0.0251
    Layer 13: alpha=0.054681  teacher_rms=0.1013  v_rms=0.0185
    Layer 14: alpha=0.057180  teacher_rms=0.1546  v_rms=0.0270
    Layer 15: alpha=0.047081  teacher_rms=0.1546  v_rms=0.0328
    Layer 16: alpha=0.039542  teacher_rms=0.1446  v_rms=0.0366
    Layer 17: alpha=0.035456  teacher_rms=0.1762  v_rms=0.0497
    Layer 18: alpha=0.028506  teacher_rms=0.1919  v_rms=0.0673
    Layer 19: alpha=0.041922  teacher_rms=0.2023  v_rms=0.0483
    Layer 20: alpha=0.051551  teacher_rms=0.1938  v_rms=0.0376
    Layer 21: alpha=0.044260  teacher_rms=0.2301  v_rms=0.0520
    Layer 22: alpha=0.056455  teacher_rms=0.2755  v_rms=0.0488
    Layer 23: alpha=0.051159  teacher_rms=0.3026  v_rms=0.0592
    Layer 24: alpha=0.032583  teacher_rms=0.2864  v_rms=0.0879
    Layer 25: alpha=0.038418  teacher_rms=0.2261  v_rms=0.0589
    Layer 26: alpha=0.027351  teacher_rms=0.1994  v_rms=0.0729
    Layer 27: alpha=0.032836  teacher_rms=0.2900  v_rms=0.0883
    Layer 28: alpha=0.038736  teacher_rms=0.3530  v_rms=0.0911
    Layer 29: alpha=0.016275  teacher_rms=0.2479  v_rms=0.1523
    Layer 30: alpha=0.025867  teacher_rms=0.3921  v_rms=0.1516
    Layer 32: alpha=0.021930  teacher_rms=0.5106  v_rms=0.2328
    Layer 33: alpha=0.016345  teacher_rms=0.5964  v_rms=0.3649
    Layer 34: alpha=0.031180  teacher_rms=1.0165  v_rms=0.3260
    Layer 35: alpha=0.058231  teacher_rms=1.0378  v_rms=0.1782

  Set g_proj = v_proj * alpha in 35 GDN layers (damping=0.01).
  Init (taylor_distill) done in 379.6s
  Layer 31: PPL = 1017.18  (eval 20.7s)

============================================================
  Probing layer 32 | strategy=taylor_distill
============================================================
Loading checkpoint shards:   0%|          | 0/4 [00:00<?, ?it/s]Loading checkpoint shards: 100%|██████████| 4/4 [00:00<00:00, 67.95it/s]
Could not cache non-existence of file. Will ignore error and continue. Error: [Errno 13] Permission denied: '/data/shared/huggingface/hub/models--Qwen--Qwen3-8B/.no_exist/b968826d9c46dd6066d109eabc6255188de91218/model.safetensors'
Loading checkpoint shards:   0%|          | 0/5 [00:00<?, ?it/s]Loading checkpoint shards:  80%|████████  | 4/5 [00:00<00:00, 36.74it/s]Loading checkpoint shards: 100%|██████████| 5/5 [00:00<00:00, 43.41it/s]
Token indices sequence length is longer than the specified maximum sequence length for this model (2429029 > 131072). Running this sequence through the model will result in indexing errors
  [Taylor Step 1/3] Gate calibration from attention stats...
    Layer  0: dist=[18, 2, 6, 20, 8, 14, 6, 7, 10, 4, 6, 7, 10, 18, 17, 5, 9, 11, 8, 8, 8, 12, 2, 7, 4, 26, 5, 26, 9, 19, 9, 8]
    Layer  1: dist=[12, 21, 14, 26, 2, 9, 17, 7, 25, 18, 32, 29, 18, 28, 28, 20, 17, 26, 31, 18, 28, 17, 21, 21, 26, 8, 25, 23, 41, 16, 20, 28]
    Layer  2: dist=[36, 36, 37, 32, 17, 27, 20, 24, 21, 24, 29, 33, 28, 25, 26, 34, 32, 26, 28, 22, 28, 36, 27, 27, 14, 14, 11, 19, 41, 42, 43, 41]
    Layer  3: dist=[40, 20, 9, 12, 49, 50, 46, 42, 30, 27, 33, 31, 49, 43, 42, 42, 35, 37, 29, 37, 42, 33, 32, 36, 35, 30, 29, 33, 39, 36, 40, 37]
    Layer  4: dist=[31, 35, 41, 36, 41, 33, 35, 48, 37, 38, 34, 34, 31, 31, 38, 35, 35, 37, 38, 39, 34, 35, 25, 34, 26, 32, 27, 21, 28, 33, 30, 30]
    Layer  5: dist=[23, 29, 30, 21, 36, 34, 29, 29, 4, 14, 40, 38, 31, 43, 32, 30, 23, 20, 28, 28, 29, 30, 27, 33, 38, 39, 43, 43, 26, 25, 29, 32]
    Layer  6: dist=[16, 22, 17, 17, 27, 24, 34, 32, 25, 12, 21, 20, 31, 34, 28, 16, 28, 20, 24, 23, 13, 18, 18, 8, 21, 24, 18, 28, 24, 25, 21, 27]
    Layer  7: dist=[31, 36, 33, 46, 63, 57, 63, 60, 45, 60, 53, 41, 54, 15, 30, 49, 42, 54, 44, 44, 54, 45, 58, 59, 34, 41, 25, 43, 49, 51, 49, 54]
    Layer  8: dist=[45, 46, 49, 29, 43, 41, 35, 44, 46, 52, 43, 48, 51, 43, 49, 36, 60, 56, 54, 51, 44, 54, 51, 57, 47, 37, 51, 36, 44, 38, 42, 44]
    Layer  9: dist=[40, 32, 31, 36, 45, 49, 48, 40, 62, 61, 60, 56, 14, 46, 32, 45, 49, 53, 59, 62, 44, 40, 35, 41, 61, 44, 49, 54, 62, 57, 63, 61]
    Layer 10: dist=[39, 39, 30, 39, 46, 55, 33, 41, 34, 45, 55, 26, 49, 36, 42, 44, 45, 53, 52, 50, 46, 31, 56, 51, 51, 56, 47, 43, 40, 39, 44, 47]
    Layer 11: dist=[33, 33, 47, 27, 29, 36, 43, 42, 52, 62, 57, 49, 44, 33, 38, 39, 39, 36, 33, 25, 42, 56, 46, 46, 39, 32, 36, 32, 49, 34, 31, 48]
    Layer 12: dist=[12, 40, 39, 33, 43, 46, 39, 36, 33, 36, 44, 44, 50, 45, 45, 49, 21, 38, 29, 44, 55, 54, 53, 56, 49, 1, 56, 23, 43, 45, 59, 49]
    Layer 13: dist=[29, 36, 39, 36, 31, 29, 35, 22, 47, 36, 52, 61, 64, 58, 55, 62, 46, 39, 31, 36, 47, 33, 44, 46, 44, 33, 40, 41, 58, 56, 49, 51]
    Layer 14: dist=[25, 35, 34, 24, 39, 24, 35, 33, 31, 32, 37, 37, 36, 40, 35, 36, 41, 46, 31, 35, 33, 17, 28, 42, 27, 38, 40, 38, 43, 44, 5, 48]
    Layer 15: dist=[45, 27, 43, 23, 20, 22, 41, 33, 48, 33, 26, 54, 37, 56, 41, 47, 33, 33, 34, 36, 33, 30, 27, 27, 27, 20, 41, 37, 38, 47, 38, 28]
    Layer 16: dist=[37, 32, 42, 47, 29, 35, 26, 31, 29, 45, 40, 43, 49, 35, 44, 47, 38, 41, 34, 35, 59, 60, 57, 54, 39, 28, 34, 6, 32, 33, 36, 32]
    Layer 17: dist=[58, 50, 41, 34, 28, 31, 22, 25, 44, 54, 42, 49, 23, 32, 39, 39, 24, 29, 32, 22, 39, 51, 49, 48, 30, 28, 31, 26, 29, 43, 47, 36]
    Layer 18: dist=[20, 27, 19, 18, 29, 37, 39, 30, 37, 40, 37, 45, 34, 34, 31, 35, 26, 41, 42, 28, 38, 28, 37, 52, 31, 35, 35, 36, 30, 29, 43, 31]
    Layer 19: dist=[39, 33, 35, 35, 43, 54, 30, 38, 40, 44, 41, 48, 35, 31, 40, 35, 44, 42, 26, 29, 10, 28, 18, 27, 52, 54, 52, 58, 44, 43, 41, 41]
    Layer 20: dist=[46, 39, 44, 40, 41, 27, 28, 31, 23, 21, 26, 21, 48, 42, 48, 50, 24, 28, 31, 21, 38, 57, 52, 51, 63, 51, 53, 44, 49, 43, 55, 55]
    Layer 21: dist=[26, 25, 30, 35, 58, 33, 53, 58, 61, 33, 39, 38, 26, 24, 25, 23, 39, 40, 45, 32, 47, 52, 48, 49, 35, 34, 32, 44, 38, 40, 34, 47]
    Layer 22: dist=[39, 32, 37, 33, 28, 38, 24, 30, 21, 27, 24, 35, 9, 46, 32, 35, 18, 40, 40, 23, 53, 59, 60, 61, 51, 44, 46, 48, 57, 47, 53, 50]
    Layer 23: dist=[22, 18, 26, 22, 55, 55, 22, 50, 41, 20, 24, 31, 37, 36, 41, 39, 41, 38, 42, 48, 41, 46, 42, 40, 41, 39, 37, 51, 47, 44, 44, 39]
    Layer 24: dist=[40, 62, 57, 51, 50, 56, 54, 47, 52, 54, 52, 43, 41, 39, 47, 40, 42, 49, 44, 42, 60, 53, 52, 58, 31, 41, 39, 29, 50, 57, 51, 47]
    Layer 25: dist=[50, 60, 59, 49, 38, 38, 54, 42, 46, 52, 47, 48, 36, 45, 27, 37, 48, 50, 49, 45, 54, 56, 55, 55, 58, 56, 50, 55, 46, 61, 51, 45]
    Layer 26: dist=[43, 47, 57, 36, 59, 57, 59, 56, 52, 56, 53, 49, 52, 62, 60, 60, 43, 46, 53, 50, 53, 54, 60, 57, 53, 50, 54, 50, 58, 50, 59, 51]
    Layer 27: dist=[48, 55, 54, 59, 50, 53, 52, 44, 41, 52, 55, 52, 41, 56, 42, 45, 51, 53, 53, 53, 47, 56, 54, 44, 57, 59, 60, 60, 50, 44, 45, 60]
    Layer 28: dist=[53, 47, 54, 53, 41, 35, 40, 38, 52, 57, 47, 46, 57, 53, 48, 50, 57, 51, 53, 55, 59, 37, 32, 46, 47, 46, 50, 51, 46, 48, 35, 49]
    Layer 29: dist=[57, 58, 57, 58, 45, 56, 47, 58, 58, 57, 61, 54, 60, 61, 60, 61, 58, 56, 58, 60, 62, 61, 56, 62, 49, 59, 47, 49, 55, 51, 56, 56]
    Layer 30: dist=[40, 54, 51, 52, 53, 51, 48, 37, 60, 59, 58, 60, 53, 53, 57, 51, 52, 39, 61, 61, 29, 60, 53, 54, 60, 60, 61, 60, 55, 56, 54, 51]
    Layer 31: dist=[60, 58, 51, 49, 58, 59, 59, 59, 57, 41, 46, 47, 58, 59, 59, 58, 52, 53, 55, 48, 60, 59, 56, 59, 57, 56, 46, 60, 57, 55, 53, 57]
    Layer 33: dist=[52, 61, 57, 60, 45, 52, 29, 47, 57, 58, 57, 58, 58, 59, 58, 59, 59, 59, 53, 56, 58, 49, 54, 57, 57, 59, 60, 59, 56, 56, 55, 53]
    Layer 34: dist=[56, 57, 58, 57, 55, 56, 55, 54, 25, 47, 54, 42, 58, 57, 60, 40, 42, 44, 62, 30, 58, 27, 59, 60, 61, 60, 62, 60, 26, 32, 35, 54]
    Layer 35: dist=[56, 62, 36, 50, 43, 19, 55, 48, 42, 51, 55, 49, 30, 17, 24, 22, 49, 45, 40, 27, 45, 52, 28, 27, 33, 27, 33, 35, 36, 57, 61, 58]

  [Taylor Step 2/3] OLS sigma per head (scaling V, streaming)...
    Layer  0: sigma=[0.256, 0.100, 0.100, 0.100, 0.197, 0.603, 0.100, 0.100, 0.100, 0.100, 0.142, 0.100, 0.100, 0.100, 0.100, 0.291, 0.100, 0.100, 0.100, 0.100, 0.100, 0.100, 0.100, 0.200, 0.100, 0.100, 0.575, 0.100, 0.250, 0.100, 0.100, 0.100]
    Layer  1: sigma=[0.278, 0.100, 0.100, 0.100, 0.100, 0.100, 0.100, 0.100, 0.100, 0.398, 0.281, 0.100, 0.100, 0.100, 0.100, 0.100, 0.100, 0.100, 0.100, 0.100, 0.100, 0.100, 0.100, 0.204, 0.100, 0.100, 0.178, 0.100, 0.100, 0.100, 0.100, 0.100]
    Layer  2: sigma=[0.152, 0.100, 0.100, 0.100, 0.100, 0.100, 0.100, 0.100, 0.159, 0.100, 0.100, 0.100, 0.100, 0.255, 0.100, 0.100, 0.100, 0.100, 0.100, 0.100, 0.100, 0.100, 0.100, 0.100, 0.100, 0.174, 0.100, 0.100, 0.100, 0.100, 0.100, 0.135]
    Layer  3: sigma=[0.100, 0.449, 0.100, 0.295, 0.100, 0.100, 0.100, 0.100, 0.100, 0.100, 0.100, 0.100, 0.100, 0.100, 0.100, 0.100, 0.100, 0.100, 0.122, 0.100, 0.100, 0.100, 0.100, 0.100, 0.100, 0.123, 0.109, 0.100, 0.100, 0.100, 0.100, 0.100]
    Layer  4: sigma=[0.100, 0.100, 0.100, 0.100, 0.100, 0.100, 0.100, 0.100, 0.100, 0.100, 0.100, 0.100, 0.100, 0.100, 0.100, 0.100, 0.100, 0.100, 0.100, 0.100, 0.100, 0.145, 0.315, 0.100, 0.100, 0.100, 0.100, 0.100, 0.100, 0.100, 0.100, 0.100]
    Layer  5: sigma=[0.100, 0.100, 0.121, 0.100, 0.100, 0.100, 0.100, 0.100, 0.100, 0.274, 0.100, 0.104, 0.100, 0.100, 0.100, 0.111, 0.100, 0.344, 0.100, 0.100, 0.100, 0.100, 0.100, 0.100, 0.100, 0.100, 0.100, 0.100, 0.100, 0.247, 0.100, 0.100]
    Layer  6: sigma=[0.100, 0.100, 0.158, 0.100, 0.112, 0.106, 0.100, 0.100, 0.100, 0.100, 0.100, 0.100, 0.100, 0.100, 0.100, 0.100, 0.100, 0.100, 0.100, 0.100, 0.243, 0.100, 0.100, 0.100, 0.100, 0.100, 0.103, 0.100, 0.100, 0.100, 0.100, 0.100]
    Layer  7: sigma=[0.100, 0.246, 0.100, 0.100, 0.131, 0.100, 0.100, 0.100, 0.100, 0.100, 0.100, 0.158, 0.100, 0.100, 0.100, 0.100, 0.100, 0.100, 0.100, 0.100, 0.100, 0.100, 0.100, 0.100, 0.100, 0.100, 0.100, 0.100, 0.100, 0.100, 0.100, 0.100]
    Layer  8: sigma=[0.100, 0.100, 0.100, 0.100, 0.100, 0.100, 0.100, 0.115, 0.100, 0.100, 0.100, 0.100, 0.100, 0.127, 0.100, 0.100, 0.100, 0.100, 0.100, 0.100, 0.100, 0.100, 0.100, 0.100, 0.100, 0.100, 0.100, 0.304, 0.100, 0.100, 0.100, 0.100]
    Layer  9: sigma=[0.100, 0.100, 0.122, 0.100, 0.100, 0.100, 0.100, 0.100, 0.100, 0.100, 0.100, 0.100, 0.100, 0.100, 0.860, 0.218, 0.100, 0.100, 0.100, 0.100, 0.136, 0.100, 0.100, 0.100, 0.100, 0.168, 0.100, 0.100, 0.100, 0.100, 0.100, 0.100]
    Layer 10: sigma=[0.100, 0.100, 0.100, 0.100, 0.100, 0.100, 0.100, 0.100, 0.138, 0.100, 0.100, 0.100, 0.100, 0.100, 0.100, 0.100, 0.100, 0.100, 0.100, 0.100, 0.100, 0.100, 0.100, 0.100, 0.100, 0.100, 0.100, 0.100, 0.107, 0.100, 0.100, 0.100]
    Layer 11: sigma=[0.100, 0.100, 0.100, 0.100, 0.216, 0.100, 0.169, 0.100, 0.100, 0.154, 0.100, 0.100, 0.144, 0.100, 0.299, 0.100, 0.100, 0.100, 0.100, 0.100, 0.100, 0.100, 0.100, 0.100, 0.114, 0.100, 0.256, 0.100, 0.100, 0.100, 0.102, 0.100]
    Layer 12: sigma=[0.100, 0.100, 0.100, 0.100, 0.100, 0.116, 0.100, 0.100, 0.100, 0.122, 0.100, 0.100, 0.100, 0.100, 0.100, 0.100, 0.100, 0.255, 0.476, 0.100, 0.100, 0.100, 0.100, 0.100, 0.100, 0.349, 0.100, 0.140, 0.100, 0.146, 0.142, 0.100]
    Layer 13: sigma=[0.255, 0.100, 0.100, 0.100, 0.100, 0.100, 0.100, 0.104, 0.100, 0.127, 0.126, 0.100, 0.100, 0.100, 0.100, 0.100, 0.100, 0.100, 0.100, 0.100, 0.100, 0.100, 0.100, 0.100, 0.100, 0.100, 0.100, 0.100, 0.100, 0.100, 0.100, 0.100]
    Layer 14: sigma=[0.100, 0.100, 0.106, 0.100, 0.100, 0.443, 0.100, 0.158, 0.100, 0.100, 0.100, 0.100, 0.100, 0.177, 0.100, 0.100, 0.100, 0.100, 0.167, 0.114, 0.100, 0.100, 0.100, 0.100, 0.100, 0.158, 0.100, 0.135, 0.100, 0.100, 0.144, 0.100]
    Layer 15: sigma=[0.100, 0.254, 0.100, 0.100, 0.232, 0.128, 0.100, 0.100, 0.100, 0.100, 0.100, 0.100, 0.251, 0.100, 0.100, 0.100, 0.100, 0.100, 0.106, 0.126, 0.100, 0.100, 0.100, 0.100, 0.290, 0.277, 0.100, 0.100, 0.100, 0.100, 0.100, 0.100]
    Layer 16: sigma=[0.349, 0.100, 0.100, 0.100, 0.100, 0.100, 0.100, 0.100, 0.100, 0.100, 0.100, 0.100, 0.100, 0.100, 0.100, 0.100, 0.100, 0.100, 0.100, 0.100, 0.100, 0.100, 0.100, 0.100, 0.100, 0.147, 0.100, 0.100, 0.100, 0.100, 0.100, 0.100]
    Layer 17: sigma=[0.100, 0.100, 0.100, 0.100, 0.100, 0.492, 0.100, 0.100, 0.107, 0.100, 0.100, 0.100, 0.100, 0.100, 0.100, 0.100, 0.329, 0.100, 0.100, 0.373, 0.100, 0.100, 0.100, 0.100, 0.100, 0.100, 0.387, 0.126, 0.100, 0.100, 0.100, 0.100]
    Layer 18: sigma=[0.100, 0.596, 0.100, 0.100, 0.100, 0.216, 0.100, 0.100, 0.100, 0.100, 0.100, 0.100, 0.100, 0.100, 0.100, 0.100, 0.427, 0.100, 0.100, 0.100, 0.100, 0.100, 0.100, 0.100, 0.100, 0.100, 0.100, 0.100, 0.100, 0.100, 0.100, 0.100]
    Layer 19: sigma=[0.100, 0.100, 0.100, 0.100, 0.100, 0.100, 0.269, 0.100, 0.100, 0.100, 0.100, 0.100, 0.284, 0.100, 0.100, 0.178, 0.100, 0.100, 0.100, 0.415, 0.100, 0.100, 0.100, 0.100, 0.101, 0.100, 0.100, 0.100, 0.100, 0.100, 0.100, 0.100]
    Layer 20: sigma=[0.100, 0.100, 0.201, 0.100, 0.100, 0.239, 0.167, 0.100, 0.100, 0.100, 0.100, 0.100, 0.100, 0.100, 0.100, 0.100, 0.217, 0.100, 0.100, 0.100, 0.120, 0.100, 0.100, 0.100, 0.100, 0.100, 0.100, 0.100, 0.100, 0.100, 0.100, 0.100]
    Layer 21: sigma=[0.101, 0.102, 0.100, 0.128, 0.100, 0.100, 0.100, 0.100, 0.100, 0.100, 0.100, 0.431, 0.100, 0.100, 0.197, 0.100, 0.100, 0.100, 0.100, 0.100, 0.100, 0.100, 0.100, 0.100, 0.100, 0.100, 0.100, 0.100, 0.100, 0.100, 0.385, 0.119]
    Layer 22: sigma=[0.146, 0.100, 0.100, 0.100, 0.176, 0.114, 0.125, 0.175, 0.205, 0.100, 0.100, 0.100, 0.100, 0.100, 0.100, 0.100, 0.100, 0.100, 0.100, 0.160, 0.100, 0.100, 0.100, 0.100, 0.100, 0.100, 0.100, 0.100, 0.100, 0.100, 0.100, 0.100]
    Layer 23: sigma=[0.196, 0.137, 0.148, 0.100, 0.100, 0.100, 0.205, 0.100, 0.100, 0.100, 0.100, 0.100, 0.100, 0.100, 0.100, 0.100, 0.100, 0.100, 0.100, 0.100, 0.100, 0.100, 0.100, 0.100, 0.100, 0.100, 0.100, 0.100, 0.100, 0.272, 0.263, 0.124]
    Layer 24: sigma=[0.100, 0.100, 0.100, 0.100, 0.100, 0.100, 0.100, 0.100, 0.105, 0.100, 0.100, 0.100, 0.100, 0.100, 0.100, 0.217, 0.100, 0.100, 0.100, 0.100, 0.100, 0.100, 0.100, 0.100, 0.356, 0.258, 0.308, 0.233, 0.100, 0.100, 0.100, 0.100]
    Layer 25: sigma=[0.100, 0.100, 0.100, 0.100, 0.100, 0.100, 0.100, 0.100, 0.100, 0.100, 0.100, 0.100, 0.100, 0.100, 0.100, 0.100, 0.100, 0.100, 0.100, 0.100, 0.100, 0.100, 0.100, 0.100, 0.100, 0.100, 0.100, 0.100, 0.100, 0.100, 0.100, 0.100]
    Layer 26: sigma=[0.100, 0.100, 0.100, 0.100, 0.100, 0.100, 0.100, 0.100, 0.100, 0.100, 0.100, 0.100, 0.100, 0.100, 0.100, 0.133, 0.100, 0.100, 0.100, 0.100, 0.100, 0.100, 0.100, 0.100, 0.100, 0.100, 0.100, 0.100, 0.100, 0.100, 0.100, 0.100]
    Layer 27: sigma=[0.100, 0.100, 0.100, 0.100, 0.100, 0.100, 0.100, 0.100, 0.100, 0.100, 0.100, 0.100, 0.100, 0.100, 0.100, 0.100, 0.100, 0.100, 0.100, 0.100, 0.100, 0.100, 0.100, 0.100, 0.100, 0.100, 0.100, 0.100, 0.100, 0.209, 0.100, 0.100]
    Layer 28: sigma=[0.100, 0.100, 0.100, 0.100, 0.100, 0.155, 0.100, 0.284, 0.100, 0.100, 0.100, 0.100, 0.100, 0.100, 0.100, 0.100, 0.100, 0.100, 0.100, 0.100, 0.100, 0.100, 0.100, 0.100, 0.100, 0.100, 0.100, 0.100, 0.100, 0.100, 0.100, 0.100]
    Layer 29: sigma=[0.100, 0.100, 0.100, 0.100, 0.100, 0.100, 0.100, 0.100, 0.100, 0.100, 0.100, 0.100, 0.100, 0.100, 0.100, 0.100, 0.100, 0.100, 0.100, 0.100, 0.100, 0.100, 0.100, 0.100, 0.100, 0.100, 0.100, 0.100, 0.100, 0.100, 0.100, 0.100]
    Layer 30: sigma=[0.100, 0.100, 0.100, 0.100, 0.100, 0.100, 0.100, 0.100, 0.100, 0.100, 0.100, 0.100, 0.100, 0.100, 0.100, 0.100, 0.100, 0.100, 0.100, 0.100, 0.100, 0.100, 0.100, 0.100, 0.100, 0.100, 0.100, 0.100, 0.100, 0.100, 0.100, 0.100]
    Layer 31: sigma=[0.100, 0.100, 0.100, 0.100, 0.100, 0.100, 0.100, 0.100, 0.100, 0.100, 0.100, 0.100, 0.100, 0.100, 0.100, 0.100, 0.100, 0.100, 0.100, 0.100, 0.100, 0.100, 0.100, 0.100, 0.100, 0.100, 0.100, 0.100, 0.100, 0.100, 0.100, 0.100]
    Layer 33: sigma=[0.100, 0.100, 0.100, 0.100, 0.100, 0.100, 0.117, 0.100, 0.100, 0.100, 0.100, 0.100, 0.100, 0.100, 0.100, 0.100, 0.100, 0.100, 0.100, 0.100, 0.100, 0.100, 0.100, 0.100, 0.100, 0.100, 0.100, 0.100, 0.100, 0.100, 0.100, 0.100]
    Layer 34: sigma=[0.100, 0.100, 0.100, 0.100, 0.100, 0.100, 0.100, 0.100, 0.100, 0.100, 0.100, 0.100, 0.100, 0.100, 0.100, 0.100, 0.100, 0.100, 0.100, 0.100, 0.100, 0.100, 0.100, 0.100, 0.100, 0.100, 0.100, 0.100, 0.100, 0.100, 0.100, 0.100]
    Layer 35: sigma=[0.100, 0.100, 0.100, 0.100, 0.113, 0.100, 0.100, 0.100, 0.100, 0.100, 0.100, 0.100, 0.100, 0.100, 0.100, 0.100, 0.100, 0.100, 0.100, 0.100, 0.100, 0.100, 0.207, 0.100, 0.100, 0.100, 0.100, 0.100, 0.100, 0.100, 0.100, 0.100]

  [Taylor Step 3/3] g_proj = v_proj * alpha (damping=0.01)...
    Layer  0: alpha=0.069055  teacher_rms=0.0168  v_rms=0.0024
    Layer  1: alpha=0.058237  teacher_rms=0.0216  v_rms=0.0037
    Layer  2: alpha=0.054958  teacher_rms=0.0222  v_rms=0.0040
    Layer  3: alpha=0.041648  teacher_rms=0.0261  v_rms=0.0063
    Layer  4: alpha=0.049102  teacher_rms=0.0316  v_rms=0.0064
    Layer  5: alpha=0.052304  teacher_rms=0.0412  v_rms=0.0079
    Layer  6: alpha=0.075112  teacher_rms=0.0646  v_rms=0.0086
    Layer  7: alpha=0.040491  teacher_rms=0.0510  v_rms=0.0126
    Layer  8: alpha=0.041133  teacher_rms=0.0695  v_rms=0.0169
    Layer  9: alpha=0.024847  teacher_rms=0.0701  v_rms=0.0282
    Layer 10: alpha=0.048977  teacher_rms=0.1071  v_rms=0.0219
    Layer 11: alpha=0.052394  teacher_rms=0.1038  v_rms=0.0198
    Layer 12: alpha=0.046059  teacher_rms=0.1177  v_rms=0.0256
    Layer 13: alpha=0.054290  teacher_rms=0.1013  v_rms=0.0187
    Layer 14: alpha=0.055118  teacher_rms=0.1546  v_rms=0.0280
    Layer 15: alpha=0.046343  teacher_rms=0.1546  v_rms=0.0334
    Layer 16: alpha=0.039469  teacher_rms=0.1446  v_rms=0.0366
    Layer 17: alpha=0.035597  teacher_rms=0.1762  v_rms=0.0495
    Layer 18: alpha=0.034036  teacher_rms=0.1919  v_rms=0.0564
    Layer 19: alpha=0.045241  teacher_rms=0.2023  v_rms=0.0447
    Layer 20: alpha=0.051150  teacher_rms=0.1938  v_rms=0.0379
    Layer 21: alpha=0.040799  teacher_rms=0.2301  v_rms=0.0564
    Layer 22: alpha=0.053761  teacher_rms=0.2755  v_rms=0.0513
    Layer 23: alpha=0.048309  teacher_rms=0.3026  v_rms=0.0626
    Layer 24: alpha=0.031496  teacher_rms=0.2864  v_rms=0.0909
    Layer 25: alpha=0.038418  teacher_rms=0.2261  v_rms=0.0589
    Layer 26: alpha=0.026996  teacher_rms=0.1994  v_rms=0.0739
    Layer 27: alpha=0.032863  teacher_rms=0.2900  v_rms=0.0882
    Layer 28: alpha=0.036703  teacher_rms=0.3530  v_rms=0.0962
    Layer 29: alpha=0.016275  teacher_rms=0.2479  v_rms=0.1523
    Layer 30: alpha=0.025867  teacher_rms=0.3921  v_rms=0.1516
    Layer 31: alpha=0.018626  teacher_rms=0.3452  v_rms=0.1853
    Layer 33: alpha=0.016322  teacher_rms=0.5964  v_rms=0.3654
    Layer 34: alpha=0.031180  teacher_rms=1.0165  v_rms=0.3260
    Layer 35: alpha=0.055977  teacher_rms=1.0378  v_rms=0.1854

  Set g_proj = v_proj * alpha in 35 GDN layers (damping=0.01).
  Init (taylor_distill) done in 467.1s
  Layer 32: PPL = 1024.09  (eval 13.3s)

============================================================
  Probing layer 33 | strategy=taylor_distill
============================================================
Loading checkpoint shards:   0%|          | 0/4 [00:00<?, ?it/s]Loading checkpoint shards: 100%|██████████| 4/4 [00:00<00:00, 145.79it/s]
Could not cache non-existence of file. Will ignore error and continue. Error: [Errno 13] Permission denied: '/data/shared/huggingface/hub/models--Qwen--Qwen3-8B/.no_exist/b968826d9c46dd6066d109eabc6255188de91218/model.safetensors'
Loading checkpoint shards:   0%|          | 0/5 [00:00<?, ?it/s]Loading checkpoint shards: 100%|██████████| 5/5 [00:00<00:00, 189.28it/s]
Token indices sequence length is longer than the specified maximum sequence length for this model (2429029 > 131072). Running this sequence through the model will result in indexing errors
  [Taylor Step 1/3] Gate calibration from attention stats...
    Layer  0: dist=[18, 2, 6, 20, 8, 14, 6, 7, 10, 4, 6, 7, 10, 18, 17, 5, 9, 11, 8, 8, 8, 12, 2, 7, 4, 26, 5, 26, 9, 19, 9, 8]
    Layer  1: dist=[12, 21, 14, 26, 2, 9, 17, 7, 25, 18, 32, 29, 18, 28, 28, 20, 17, 26, 31, 18, 28, 17, 21, 21, 26, 8, 25, 23, 41, 16, 20, 28]
    Layer  2: dist=[36, 36, 37, 32, 17, 27, 20, 24, 21, 24, 29, 33, 28, 25, 26, 34, 32, 26, 28, 22, 28, 36, 27, 27, 14, 14, 11, 19, 41, 42, 43, 41]
    Layer  3: dist=[40, 20, 9, 12, 49, 50, 46, 42, 30, 27, 33, 31, 49, 43, 42, 42, 35, 37, 29, 37, 42, 33, 32, 36, 35, 30, 29, 33, 39, 36, 40, 37]
    Layer  4: dist=[31, 35, 41, 36, 41, 33, 35, 48, 37, 38, 34, 34, 31, 31, 38, 35, 35, 37, 38, 39, 34, 35, 25, 34, 26, 32, 27, 21, 28, 33, 30, 30]
    Layer  5: dist=[23, 29, 30, 21, 36, 34, 29, 29, 4, 14, 40, 38, 31, 43, 32, 30, 23, 20, 28, 28, 29, 30, 27, 33, 38, 39, 43, 43, 26, 25, 29, 32]
    Layer  6: dist=[16, 22, 17, 17, 27, 24, 34, 32, 25, 12, 21, 20, 31, 34, 28, 16, 28, 20, 24, 23, 13, 18, 18, 8, 21, 24, 18, 28, 24, 25, 21, 27]
    Layer  7: dist=[31, 36, 33, 46, 63, 57, 63, 60, 45, 60, 53, 41, 54, 15, 30, 49, 42, 54, 44, 44, 54, 45, 58, 59, 34, 41, 25, 43, 49, 51, 49, 54]
    Layer  8: dist=[45, 46, 49, 29, 43, 41, 35, 44, 46, 52, 43, 48, 51, 43, 49, 36, 60, 56, 54, 51, 44, 54, 51, 57, 47, 37, 51, 36, 44, 38, 42, 44]
    Layer  9: dist=[40, 32, 31, 36, 45, 49, 48, 40, 62, 61, 60, 56, 14, 46, 32, 45, 49, 53, 59, 62, 44, 40, 35, 41, 61, 44, 49, 54, 62, 57, 63, 61]
    Layer 10: dist=[39, 39, 30, 39, 46, 55, 33, 41, 34, 45, 55, 26, 49, 36, 42, 44, 45, 53, 52, 50, 46, 31, 56, 51, 51, 56, 47, 43, 40, 39, 44, 47]
    Layer 11: dist=[33, 33, 47, 27, 29, 36, 43, 42, 52, 62, 57, 49, 44, 33, 38, 39, 39, 36, 33, 25, 42, 56, 46, 46, 39, 32, 36, 32, 49, 34, 31, 48]
    Layer 12: dist=[12, 40, 39, 33, 43, 46, 39, 36, 33, 36, 44, 44, 50, 45, 45, 49, 21, 38, 29, 44, 55, 54, 53, 56, 49, 1, 56, 23, 43, 45, 59, 49]
    Layer 13: dist=[29, 36, 39, 36, 31, 29, 35, 22, 47, 36, 52, 61, 64, 58, 55, 62, 46, 39, 31, 36, 47, 33, 44, 46, 44, 33, 40, 41, 58, 56, 49, 51]
    Layer 14: dist=[25, 35, 34, 24, 39, 24, 35, 33, 31, 32, 37, 37, 36, 40, 35, 36, 41, 46, 31, 35, 33, 17, 28, 42, 27, 38, 40, 38, 43, 44, 5, 48]
    Layer 15: dist=[45, 27, 43, 23, 20, 22, 41, 33, 48, 33, 26, 54, 37, 56, 41, 47, 33, 33, 34, 36, 33, 30, 27, 27, 27, 20, 41, 37, 38, 47, 38, 28]
    Layer 16: dist=[37, 32, 42, 47, 29, 35, 26, 31, 29, 45, 40, 43, 49, 35, 44, 47, 38, 41, 34, 35, 59, 60, 57, 54, 39, 28, 34, 6, 32, 33, 36, 32]
    Layer 17: dist=[58, 50, 41, 34, 28, 31, 22, 25, 44, 54, 42, 49, 23, 32, 39, 39, 24, 29, 32, 22, 39, 51, 49, 48, 30, 28, 31, 26, 29, 43, 47, 36]
    Layer 18: dist=[20, 27, 19, 18, 29, 37, 39, 30, 37, 40, 37, 45, 34, 34, 31, 35, 26, 41, 42, 28, 38, 28, 37, 52, 31, 35, 35, 36, 30, 29, 43, 31]
    Layer 19: dist=[39, 33, 35, 35, 43, 54, 30, 38, 40, 44, 41, 48, 35, 31, 40, 35, 44, 42, 26, 29, 10, 28, 18, 27, 52, 54, 52, 58, 44, 43, 41, 41]
    Layer 20: dist=[46, 39, 44, 40, 41, 27, 28, 31, 23, 21, 26, 21, 48, 42, 48, 50, 24, 28, 31, 21, 38, 57, 52, 51, 63, 51, 53, 44, 49, 43, 55, 55]
    Layer 21: dist=[26, 25, 30, 35, 58, 33, 53, 58, 61, 33, 39, 38, 26, 24, 25, 23, 39, 40, 45, 32, 47, 52, 48, 49, 35, 34, 32, 44, 38, 40, 34, 47]
    Layer 22: dist=[39, 32, 37, 33, 28, 38, 24, 30, 21, 27, 24, 35, 9, 46, 32, 35, 18, 40, 40, 23, 53, 59, 60, 61, 51, 44, 46, 48, 57, 47, 53, 50]
    Layer 23: dist=[22, 18, 26, 22, 55, 55, 22, 50, 41, 20, 24, 31, 37, 36, 41, 39, 41, 38, 42, 48, 41, 46, 42, 40, 41, 39, 37, 51, 47, 44, 44, 39]
    Layer 24: dist=[40, 62, 57, 51, 50, 56, 54, 47, 52, 54, 52, 43, 41, 39, 47, 40, 42, 49, 44, 42, 60, 53, 52, 58, 31, 41, 39, 29, 50, 57, 51, 47]
    Layer 25: dist=[50, 60, 59, 49, 38, 38, 54, 42, 46, 52, 47, 48, 36, 45, 27, 37, 48, 50, 49, 45, 54, 56, 55, 55, 58, 56, 50, 55, 46, 61, 51, 45]
    Layer 26: dist=[43, 47, 57, 36, 59, 57, 59, 56, 52, 56, 53, 49, 52, 62, 60, 60, 43, 46, 53, 50, 53, 54, 60, 57, 53, 50, 54, 50, 58, 50, 59, 51]
    Layer 27: dist=[48, 55, 54, 59, 50, 53, 52, 44, 41, 52, 55, 52, 41, 56, 42, 45, 51, 53, 53, 53, 47, 56, 54, 44, 57, 59, 60, 60, 50, 44, 45, 60]
    Layer 28: dist=[53, 47, 54, 53, 41, 35, 40, 38, 52, 57, 47, 46, 57, 53, 48, 50, 57, 51, 53, 55, 59, 37, 32, 46, 47, 46, 50, 51, 46, 48, 35, 49]
    Layer 29: dist=[57, 58, 57, 58, 45, 56, 47, 58, 58, 57, 61, 54, 60, 61, 60, 61, 58, 56, 58, 60, 62, 61, 56, 62, 49, 59, 47, 49, 55, 51, 56, 56]
    Layer 30: dist=[40, 54, 51, 52, 53, 51, 48, 37, 60, 59, 58, 60, 53, 53, 57, 51, 52, 39, 61, 61, 29, 60, 53, 54, 60, 60, 61, 60, 55, 56, 54, 51]
    Layer 31: dist=[60, 58, 51, 49, 58, 59, 59, 59, 57, 41, 46, 47, 58, 59, 59, 58, 52, 53, 55, 48, 60, 59, 56, 59, 57, 56, 46, 60, 57, 55, 53, 57]
    Layer 32: dist=[56, 57, 58, 57, 58, 60, 59, 60, 56, 55, 59, 58, 48, 58, 54, 47, 58, 54, 54, 54, 62, 48, 57, 60, 36, 48, 44, 53, 58, 54, 51, 53]
    Layer 34: dist=[56, 57, 58, 57, 55, 56, 55, 54, 25, 47, 54, 42, 58, 57, 60, 40, 42, 44, 62, 30, 58, 27, 59, 60, 61, 60, 62, 60, 26, 32, 35, 54]
    Layer 35: dist=[56, 62, 36, 50, 43, 19, 55, 48, 42, 51, 55, 49, 30, 17, 24, 22, 49, 45, 40, 27, 45, 52, 28, 27, 33, 27, 33, 35, 36, 57, 61, 58]

  [Taylor Step 2/3] OLS sigma per head (scaling V, streaming)...
    Layer  0: sigma=[0.258, 0.100, 0.100, 0.100, 0.196, 0.601, 0.100, 0.100, 0.100, 0.100, 0.141, 0.100, 0.100, 0.100, 0.100, 0.290, 0.100, 0.100, 0.100, 0.100, 0.100, 0.100, 0.100, 0.200, 0.100, 0.100, 0.576, 0.100, 0.252, 0.100, 0.100, 0.100]
    Layer  1: sigma=[0.279, 0.100, 0.100, 0.100, 0.100, 0.100, 0.100, 0.100, 0.100, 0.404, 0.281, 0.100, 0.100, 0.100, 0.100, 0.100, 0.100, 0.100, 0.100, 0.100, 0.100, 0.100, 0.100, 0.203, 0.100, 0.100, 0.178, 0.100, 0.100, 0.100, 0.100, 0.100]
    Layer  2: sigma=[0.152, 0.100, 0.100, 0.100, 0.100, 0.100, 0.100, 0.100, 0.160, 0.100, 0.100, 0.100, 0.100, 0.259, 0.100, 0.100, 0.100, 0.100, 0.100, 0.100, 0.100, 0.100, 0.100, 0.100, 0.100, 0.173, 0.100, 0.100, 0.100, 0.100, 0.100, 0.137]
    Layer  3: sigma=[0.100, 0.456, 0.100, 0.290, 0.100, 0.100, 0.100, 0.100, 0.100, 0.100, 0.100, 0.100, 0.100, 0.100, 0.100, 0.100, 0.100, 0.100, 0.119, 0.100, 0.100, 0.100, 0.100, 0.100, 0.100, 0.121, 0.107, 0.100, 0.100, 0.100, 0.100, 0.100]
    Layer  4: sigma=[0.100, 0.100, 0.100, 0.100, 0.100, 0.100, 0.100, 0.100, 0.100, 0.100, 0.100, 0.100, 0.100, 0.100, 0.100, 0.100, 0.100, 0.100, 0.100, 0.100, 0.100, 0.147, 0.302, 0.100, 0.100, 0.100, 0.100, 0.100, 0.100, 0.100, 0.100, 0.100]
    Layer  5: sigma=[0.100, 0.100, 0.114, 0.100, 0.100, 0.100, 0.100, 0.100, 0.100, 0.273, 0.100, 0.106, 0.100, 0.100, 0.100, 0.110, 0.100, 0.334, 0.100, 0.100, 0.100, 0.100, 0.100, 0.100, 0.100, 0.100, 0.100, 0.100, 0.100, 0.242, 0.100, 0.100]
    Layer  6: sigma=[0.100, 0.100, 0.167, 0.100, 0.119, 0.111, 0.100, 0.100, 0.100, 0.100, 0.100, 0.100, 0.100, 0.100, 0.100, 0.100, 0.100, 0.100, 0.100, 0.100, 0.241, 0.100, 0.100, 0.100, 0.100, 0.100, 0.101, 0.100, 0.100, 0.100, 0.100, 0.100]
    Layer  7: sigma=[0.100, 0.231, 0.100, 0.100, 0.138, 0.100, 0.100, 0.100, 0.100, 0.100, 0.100, 0.162, 0.100, 0.100, 0.100, 0.100, 0.100, 0.100, 0.100, 0.100, 0.100, 0.100, 0.100, 0.100, 0.100, 0.100, 0.100, 0.100, 0.100, 0.100, 0.100, 0.100]
    Layer  8: sigma=[0.100, 0.100, 0.100, 0.100, 0.100, 0.100, 0.100, 0.126, 0.100, 0.100, 0.100, 0.100, 0.100, 0.115, 0.100, 0.100, 0.100, 0.100, 0.100, 0.100, 0.100, 0.100, 0.100, 0.100, 0.100, 0.100, 0.100, 0.350, 0.100, 0.100, 0.100, 0.100]
    Layer  9: sigma=[0.100, 0.100, 0.126, 0.100, 0.100, 0.100, 0.100, 0.100, 0.100, 0.100, 0.100, 0.100, 0.100, 0.100, 0.727, 0.226, 0.100, 0.100, 0.100, 0.100, 0.136, 0.100, 0.100, 0.100, 0.100, 0.168, 0.100, 0.100, 0.100, 0.100, 0.100, 0.100]
    Layer 10: sigma=[0.100, 0.100, 0.100, 0.100, 0.100, 0.100, 0.100, 0.100, 0.139, 0.100, 0.100, 0.100, 0.100, 0.100, 0.100, 0.100, 0.100, 0.100, 0.100, 0.100, 0.100, 0.100, 0.100, 0.100, 0.100, 0.100, 0.100, 0.100, 0.105, 0.100, 0.109, 0.100]
    Layer 11: sigma=[0.100, 0.100, 0.100, 0.100, 0.229, 0.100, 0.169, 0.100, 0.100, 0.135, 0.100, 0.100, 0.140, 0.100, 0.290, 0.100, 0.100, 0.100, 0.100, 0.100, 0.100, 0.100, 0.100, 0.100, 0.100, 0.100, 0.253, 0.100, 0.100, 0.100, 0.101, 0.100]
    Layer 12: sigma=[0.100, 0.100, 0.100, 0.100, 0.100, 0.115, 0.100, 0.100, 0.100, 0.120, 0.100, 0.100, 0.100, 0.100, 0.100, 0.100, 0.100, 0.296, 0.463, 0.100, 0.100, 0.100, 0.100, 0.100, 0.100, 0.373, 0.100, 0.123, 0.100, 0.138, 0.137, 0.100]
    Layer 13: sigma=[0.251, 0.100, 0.100, 0.100, 0.100, 0.100, 0.100, 0.105, 0.100, 0.125, 0.124, 0.100, 0.100, 0.100, 0.100, 0.100, 0.100, 0.100, 0.100, 0.100, 0.100, 0.100, 0.100, 0.100, 0.100, 0.100, 0.100, 0.100, 0.100, 0.100, 0.100, 0.100]
    Layer 14: sigma=[0.100, 0.100, 0.103, 0.100, 0.100, 0.426, 0.100, 0.162, 0.100, 0.100, 0.100, 0.100, 0.100, 0.186, 0.100, 0.100, 0.100, 0.100, 0.155, 0.132, 0.100, 0.100, 0.100, 0.100, 0.100, 0.147, 0.100, 0.140, 0.100, 0.100, 0.140, 0.100]
    Layer 15: sigma=[0.100, 0.217, 0.100, 0.156, 0.230, 0.118, 0.100, 0.100, 0.100, 0.100, 0.100, 0.105, 0.256, 0.100, 0.100, 0.100, 0.100, 0.100, 0.107, 0.140, 0.100, 0.100, 0.100, 0.100, 0.282, 0.252, 0.100, 0.100, 0.100, 0.100, 0.100, 0.100]
    Layer 16: sigma=[0.347, 0.100, 0.100, 0.100, 0.100, 0.100, 0.100, 0.100, 0.100, 0.100, 0.100, 0.100, 0.100, 0.100, 0.100, 0.100, 0.100, 0.100, 0.100, 0.100, 0.100, 0.100, 0.100, 0.100, 0.100, 0.158, 0.100, 0.100, 0.100, 0.100, 0.100, 0.100]
    Layer 17: sigma=[0.100, 0.100, 0.100, 0.100, 0.100, 0.499, 0.100, 0.135, 0.102, 0.100, 0.100, 0.100, 0.100, 0.100, 0.100, 0.100, 0.345, 0.176, 0.100, 0.353, 0.100, 0.100, 0.100, 0.100, 0.105, 0.100, 0.382, 0.119, 0.100, 0.100, 0.100, 0.100]
    Layer 18: sigma=[0.100, 0.737, 0.100, 0.100, 0.100, 0.197, 0.100, 0.115, 0.100, 0.100, 0.100, 0.100, 0.100, 0.100, 0.100, 0.100, 0.451, 0.100, 0.100, 0.100, 0.100, 0.100, 0.100, 0.100, 0.100, 0.100, 0.100, 0.100, 0.100, 0.100, 0.100, 0.100]
    Layer 19: sigma=[0.100, 0.100, 0.100, 0.100, 0.100, 0.100, 0.219, 0.100, 0.100, 0.100, 0.100, 0.100, 0.264, 0.100, 0.100, 0.125, 0.100, 0.100, 0.100, 0.412, 0.100, 0.100, 0.100, 0.100, 0.100, 0.100, 0.100, 0.100, 0.100, 0.100, 0.100, 0.100]
    Layer 20: sigma=[0.100, 0.100, 0.201, 0.100, 0.100, 0.264, 0.157, 0.100, 0.100, 0.100, 0.100, 0.100, 0.100, 0.100, 0.100, 0.110, 0.224, 0.100, 0.100, 0.100, 0.107, 0.100, 0.100, 0.100, 0.100, 0.100, 0.100, 0.100, 0.100, 0.100, 0.100, 0.100]
    Layer 21: sigma=[0.100, 0.100, 0.100, 0.137, 0.100, 0.100, 0.100, 0.100, 0.100, 0.100, 0.100, 0.394, 0.100, 0.100, 0.100, 0.100, 0.100, 0.100, 0.100, 0.170, 0.100, 0.100, 0.100, 0.100, 0.100, 0.100, 0.100, 0.100, 0.100, 0.100, 0.316, 0.107]
    Layer 22: sigma=[0.152, 0.100, 0.100, 0.100, 0.168, 0.147, 0.129, 0.294, 0.198, 0.100, 0.100, 0.100, 0.110, 0.100, 0.100, 0.100, 0.100, 0.100, 0.105, 0.193, 0.100, 0.100, 0.100, 0.100, 0.100, 0.100, 0.100, 0.100, 0.100, 0.100, 0.100, 0.100]
    Layer 23: sigma=[0.202, 0.120, 0.163, 0.100, 0.100, 0.100, 0.200, 0.100, 0.100, 0.100, 0.100, 0.100, 0.100, 0.100, 0.100, 0.100, 0.100, 0.100, 0.100, 0.100, 0.100, 0.100, 0.100, 0.100, 0.100, 0.100, 0.100, 0.100, 0.100, 0.213, 0.188, 0.441]
    Layer 24: sigma=[0.100, 0.100, 0.100, 0.100, 0.100, 0.100, 0.100, 0.100, 0.125, 0.100, 0.100, 0.100, 0.100, 0.100, 0.100, 0.223, 0.100, 0.100, 0.100, 0.102, 0.100, 0.100, 0.100, 0.100, 0.296, 0.328, 0.226, 0.224, 0.100, 0.100, 0.100, 0.100]
    Layer 25: sigma=[0.100, 0.100, 0.100, 0.100, 0.100, 0.100, 0.100, 0.100, 0.100, 0.100, 0.100, 0.100, 0.100, 0.100, 0.100, 0.100, 0.100, 0.100, 0.100, 0.100, 0.100, 0.100, 0.100, 0.100, 0.100, 0.100, 0.100, 0.100, 0.100, 0.100, 0.100, 0.100]
    Layer 26: sigma=[0.100, 0.100, 0.100, 0.100, 0.100, 0.100, 0.100, 0.100, 0.100, 0.100, 0.100, 0.100, 0.100, 0.100, 0.100, 0.111, 0.100, 0.100, 0.100, 0.100, 0.100, 0.100, 0.100, 0.100, 0.100, 0.100, 0.100, 0.100, 0.100, 0.100, 0.100, 0.100]
    Layer 27: sigma=[0.100, 0.100, 0.100, 0.128, 0.100, 0.100, 0.100, 0.100, 0.100, 0.100, 0.100, 0.100, 0.100, 0.100, 0.100, 0.100, 0.100, 0.100, 0.100, 0.100, 0.100, 0.100, 0.100, 0.100, 0.100, 0.100, 0.100, 0.100, 0.100, 0.179, 0.100, 0.100]
    Layer 28: sigma=[0.100, 0.100, 0.100, 0.100, 0.100, 0.100, 0.100, 0.172, 0.100, 0.100, 0.100, 0.100, 0.100, 0.100, 0.100, 0.100, 0.100, 0.100, 0.100, 0.100, 0.100, 0.100, 0.100, 0.100, 0.100, 0.100, 0.100, 0.100, 0.100, 0.100, 0.100, 0.100]
    Layer 29: sigma=[0.100, 0.100, 0.100, 0.100, 0.100, 0.100, 0.100, 0.100, 0.100, 0.100, 0.100, 0.100, 0.100, 0.100, 0.100, 0.100, 0.100, 0.100, 0.100, 0.100, 0.100, 0.100, 0.100, 0.100, 0.100, 0.100, 0.100, 0.100, 0.100, 0.100, 0.100, 0.100]
    Layer 30: sigma=[0.100, 0.100, 0.100, 0.100, 0.100, 0.100, 0.100, 0.100, 0.100, 0.100, 0.100, 0.100, 0.100, 0.100, 0.100, 0.109, 0.100, 0.100, 0.100, 0.100, 0.100, 0.100, 0.100, 0.100, 0.100, 0.100, 0.100, 0.100, 0.100, 0.100, 0.100, 0.100]
    Layer 31: sigma=[0.100, 0.100, 0.100, 0.100, 0.100, 0.100, 0.100, 0.100, 0.100, 0.100, 0.100, 0.100, 0.100, 0.100, 0.100, 0.100, 0.100, 0.109, 0.100, 0.100, 0.100, 0.100, 0.100, 0.100, 0.100, 0.100, 0.100, 0.100, 0.100, 0.100, 0.100, 0.100]
    Layer 32: sigma=[0.100, 0.100, 0.100, 0.100, 0.100, 0.100, 0.100, 0.100, 0.100, 0.100, 0.100, 0.100, 0.100, 0.100, 0.100, 0.100, 0.100, 0.100, 0.100, 0.100, 0.100, 0.100, 0.100, 0.100, 0.100, 0.100, 0.100, 0.100, 0.100, 0.100, 0.100, 0.100]
    Layer 34: sigma=[0.100, 0.100, 0.100, 0.100, 0.100, 0.100, 0.100, 0.100, 0.100, 0.100, 0.100, 0.100, 0.100, 0.100, 0.100, 0.100, 0.100, 0.100, 0.100, 0.100, 0.100, 0.100, 0.100, 0.100, 0.100, 0.100, 0.100, 0.100, 0.100, 0.100, 0.100, 0.100]
    Layer 35: sigma=[0.100, 0.100, 0.100, 0.100, 0.103, 0.100, 0.100, 0.100, 0.100, 0.100, 0.100, 0.100, 0.100, 0.100, 0.100, 0.100, 0.100, 0.100, 0.100, 0.100, 0.100, 0.100, 0.195, 0.100, 0.100, 0.100, 0.100, 0.100, 0.100, 0.100, 0.100, 0.100]

  [Taylor Step 3/3] g_proj = v_proj * alpha (damping=0.01)...
    Layer  0: alpha=0.068982  teacher_rms=0.0168  v_rms=0.0024
    Layer  1: alpha=0.058045  teacher_rms=0.0216  v_rms=0.0037
    Layer  2: alpha=0.054762  teacher_rms=0.0222  v_rms=0.0041
    Layer  3: alpha=0.041643  teacher_rms=0.0261  v_rms=0.0063
    Layer  4: alpha=0.049439  teacher_rms=0.0316  v_rms=0.0064
    Layer  5: alpha=0.052740  teacher_rms=0.0412  v_rms=0.0078
    Layer  6: alpha=0.074844  teacher_rms=0.0646  v_rms=0.0086
    Layer  7: alpha=0.040731  teacher_rms=0.0510  v_rms=0.0125
    Layer  8: alpha=0.039435  teacher_rms=0.0695  v_rms=0.0176
    Layer  9: alpha=0.027513  teacher_rms=0.0701  v_rms=0.0255
    Layer 10: alpha=0.048880  teacher_rms=0.1071  v_rms=0.0219
    Layer 11: alpha=0.052822  teacher_rms=0.1038  v_rms=0.0197
    Layer 12: alpha=0.045329  teacher_rms=0.1177  v_rms=0.0260
    Layer 13: alpha=0.054440  teacher_rms=0.1013  v_rms=0.0186
    Layer 14: alpha=0.055355  teacher_rms=0.1546  v_rms=0.0279
    Layer 15: alpha=0.046814  teacher_rms=0.1546  v_rms=0.0330
    Layer 16: alpha=0.039375  teacher_rms=0.1446  v_rms=0.0367
    Layer 17: alpha=0.035298  teacher_rms=0.1762  v_rms=0.0499
    Layer 18: alpha=0.029299  teacher_rms=0.1919  v_rms=0.0655
    Layer 19: alpha=0.047696  teacher_rms=0.2023  v_rms=0.0424
    Layer 20: alpha=0.050231  teacher_rms=0.1938  v_rms=0.0386
    Layer 21: alpha=0.044400  teacher_rms=0.2301  v_rms=0.0518
    Layer 22: alpha=0.050294  teacher_rms=0.2755  v_rms=0.0548
    Layer 23: alpha=0.043049  teacher_rms=0.3026  v_rms=0.0703
    Layer 24: alpha=0.032804  teacher_rms=0.2864  v_rms=0.0873
    Layer 25: alpha=0.038418  teacher_rms=0.2261  v_rms=0.0589
    Layer 26: alpha=0.027279  teacher_rms=0.1994  v_rms=0.0731
    Layer 27: alpha=0.033063  teacher_rms=0.2900  v_rms=0.0877
    Layer 28: alpha=0.039777  teacher_rms=0.3530  v_rms=0.0887
    Layer 29: alpha=0.016275  teacher_rms=0.2479  v_rms=0.1523
    Layer 30: alpha=0.025807  teacher_rms=0.3921  v_rms=0.1520
    Layer 31: alpha=0.018606  teacher_rms=0.3452  v_rms=0.1855
    Layer 32: alpha=0.021930  teacher_rms=0.5106  v_rms=0.2328
    Layer 34: alpha=0.031180  teacher_rms=1.0165  v_rms=0.3260
    Layer 35: alpha=0.056502  teacher_rms=1.0378  v_rms=0.1837

  Set g_proj = v_proj * alpha in 35 GDN layers (damping=0.01).
  Init (taylor_distill) done in 334.6s
  Layer 33: PPL = 1070.75  (eval 13.4s)

============================================================
  Probing layer 34 | strategy=taylor_distill
============================================================
Loading checkpoint shards:   0%|          | 0/4 [00:00<?, ?it/s]Loading checkpoint shards: 100%|██████████| 4/4 [00:00<00:00, 142.30it/s]
Could not cache non-existence of file. Will ignore error and continue. Error: [Errno 13] Permission denied: '/data/shared/huggingface/hub/models--Qwen--Qwen3-8B/.no_exist/b968826d9c46dd6066d109eabc6255188de91218/model.safetensors'
Loading checkpoint shards:   0%|          | 0/5 [00:00<?, ?it/s]Loading checkpoint shards: 100%|██████████| 5/5 [00:00<00:00, 185.24it/s]
Token indices sequence length is longer than the specified maximum sequence length for this model (2429029 > 131072). Running this sequence through the model will result in indexing errors
  [Taylor Step 1/3] Gate calibration from attention stats...
    Layer  0: dist=[18, 2, 6, 20, 8, 14, 6, 7, 10, 4, 6, 7, 10, 18, 17, 5, 9, 11, 8, 8, 8, 12, 2, 7, 4, 26, 5, 26, 9, 19, 9, 8]
    Layer  1: dist=[12, 21, 14, 26, 2, 9, 17, 7, 25, 18, 32, 29, 18, 28, 28, 20, 17, 26, 31, 18, 28, 17, 21, 21, 26, 8, 25, 23, 41, 16, 20, 28]
    Layer  2: dist=[36, 36, 37, 32, 17, 27, 20, 24, 21, 24, 29, 33, 28, 25, 26, 34, 32, 26, 28, 22, 28, 36, 27, 27, 14, 14, 11, 19, 41, 42, 43, 41]
    Layer  3: dist=[40, 20, 9, 12, 49, 50, 46, 42, 30, 27, 33, 31, 49, 43, 42, 42, 35, 37, 29, 37, 42, 33, 32, 36, 35, 30, 29, 33, 39, 36, 40, 37]
    Layer  4: dist=[31, 35, 41, 36, 41, 33, 35, 48, 37, 38, 34, 34, 31, 31, 38, 35, 35, 37, 38, 39, 34, 35, 25, 34, 26, 32, 27, 21, 28, 33, 30, 30]
    Layer  5: dist=[23, 29, 30, 21, 36, 34, 29, 29, 4, 14, 40, 38, 31, 43, 32, 30, 23, 20, 28, 28, 29, 30, 27, 33, 38, 39, 43, 43, 26, 25, 29, 32]
    Layer  6: dist=[16, 22, 17, 17, 27, 24, 34, 32, 25, 12, 21, 20, 31, 34, 28, 16, 28, 20, 24, 23, 13, 18, 18, 8, 21, 24, 18, 28, 24, 25, 21, 27]
    Layer  7: dist=[31, 36, 33, 46, 63, 57, 63, 60, 45, 60, 53, 41, 54, 15, 30, 49, 42, 54, 44, 44, 54, 45, 58, 59, 34, 41, 25, 43, 49, 51, 49, 54]
    Layer  8: dist=[45, 46, 49, 29, 43, 41, 35, 44, 46, 52, 43, 48, 51, 43, 49, 36, 60, 56, 54, 51, 44, 54, 51, 57, 47, 37, 51, 36, 44, 38, 42, 44]
    Layer  9: dist=[40, 32, 31, 36, 45, 49, 48, 40, 62, 61, 60, 56, 14, 46, 32, 45, 49, 53, 59, 62, 44, 40, 35, 41, 61, 44, 49, 54, 62, 57, 63, 61]
    Layer 10: dist=[39, 39, 30, 39, 46, 55, 33, 41, 34, 45, 55, 26, 49, 36, 42, 44, 45, 53, 52, 50, 46, 31, 56, 51, 51, 56, 47, 43, 40, 39, 44, 47]
    Layer 11: dist=[33, 33, 47, 27, 29, 36, 43, 42, 52, 62, 57, 49, 44, 33, 38, 39, 39, 36, 33, 25, 42, 56, 46, 46, 39, 32, 36, 32, 49, 34, 31, 48]
    Layer 12: dist=[12, 40, 39, 33, 43, 46, 39, 36, 33, 36, 44, 44, 50, 45, 45, 49, 21, 38, 29, 44, 55, 54, 53, 56, 49, 1, 56, 23, 43, 45, 59, 49]
    Layer 13: dist=[29, 36, 39, 36, 31, 29, 35, 22, 47, 36, 52, 61, 64, 58, 55, 62, 46, 39, 31, 36, 47, 33, 44, 46, 44, 33, 40, 41, 58, 56, 49, 51]
    Layer 14: dist=[25, 35, 34, 24, 39, 24, 35, 33, 31, 32, 37, 37, 36, 40, 35, 36, 41, 46, 31, 35, 33, 17, 28, 42, 27, 38, 40, 38, 43, 44, 5, 48]
    Layer 15: dist=[45, 27, 43, 23, 20, 22, 41, 33, 48, 33, 26, 54, 37, 56, 41, 47, 33, 33, 34, 36, 33, 30, 27, 27, 27, 20, 41, 37, 38, 47, 38, 28]
    Layer 16: dist=[37, 32, 42, 47, 29, 35, 26, 31, 29, 45, 40, 43, 49, 35, 44, 47, 38, 41, 34, 35, 59, 60, 57, 54, 39, 28, 34, 6, 32, 33, 36, 32]
    Layer 17: dist=[58, 50, 41, 34, 28, 31, 22, 25, 44, 54, 42, 49, 23, 32, 39, 39, 24, 29, 32, 22, 39, 51, 49, 48, 30, 28, 31, 26, 29, 43, 47, 36]
    Layer 18: dist=[20, 27, 19, 18, 29, 37, 39, 30, 37, 40, 37, 45, 34, 34, 31, 35, 26, 41, 42, 28, 38, 28, 37, 52, 31, 35, 35, 36, 30, 29, 43, 31]
    Layer 19: dist=[39, 33, 35, 35, 43, 54, 30, 38, 40, 44, 41, 48, 35, 31, 40, 35, 44, 42, 26, 29, 10, 28, 18, 27, 52, 54, 52, 58, 44, 43, 41, 41]
    Layer 20: dist=[46, 39, 44, 40, 41, 27, 28, 31, 23, 21, 26, 21, 48, 42, 48, 50, 24, 28, 31, 21, 38, 57, 52, 51, 63, 51, 53, 44, 49, 43, 55, 55]
    Layer 21: dist=[26, 25, 30, 35, 58, 33, 53, 58, 61, 33, 39, 38, 26, 24, 25, 23, 39, 40, 45, 32, 47, 52, 48, 49, 35, 34, 32, 44, 38, 40, 34, 47]
    Layer 22: dist=[39, 32, 37, 33, 28, 38, 24, 30, 21, 27, 24, 35, 9, 46, 32, 35, 18, 40, 40, 23, 53, 59, 60, 61, 51, 44, 46, 48, 57, 47, 53, 50]
    Layer 23: dist=[22, 18, 26, 22, 55, 55, 22, 50, 41, 20, 24, 31, 37, 36, 41, 39, 41, 38, 42, 48, 41, 46, 42, 40, 41, 39, 37, 51, 47, 44, 44, 39]
    Layer 24: dist=[40, 62, 57, 51, 50, 56, 54, 47, 52, 54, 52, 43, 41, 39, 47, 40, 42, 49, 44, 42, 60, 53, 52, 58, 31, 41, 39, 29, 50, 57, 51, 47]
    Layer 25: dist=[50, 60, 59, 49, 38, 38, 54, 42, 46, 52, 47, 48, 36, 45, 27, 37, 48, 50, 49, 45, 54, 56, 55, 55, 58, 56, 50, 55, 46, 61, 51, 45]
    Layer 26: dist=[43, 47, 57, 36, 59, 57, 59, 56, 52, 56, 53, 49, 52, 62, 60, 60, 43, 46, 53, 50, 53, 54, 60, 57, 53, 50, 54, 50, 58, 50, 59, 51]
    Layer 27: dist=[48, 55, 54, 59, 50, 53, 52, 44, 41, 52, 55, 52, 41, 56, 42, 45, 51, 53, 53, 53, 47, 56, 54, 44, 57, 59, 60, 60, 50, 44, 45, 60]
    Layer 28: dist=[53, 47, 54, 53, 41, 35, 40, 38, 52, 57, 47, 46, 57, 53, 48, 50, 57, 51, 53, 55, 59, 37, 32, 46, 47, 46, 50, 51, 46, 48, 35, 49]
    Layer 29: dist=[57, 58, 57, 58, 45, 56, 47, 58, 58, 57, 61, 54, 60, 61, 60, 61, 58, 56, 58, 60, 62, 61, 56, 62, 49, 59, 47, 49, 55, 51, 56, 56]
    Layer 30: dist=[40, 54, 51, 52, 53, 51, 48, 37, 60, 59, 58, 60, 53, 53, 57, 51, 52, 39, 61, 61, 29, 60, 53, 54, 60, 60, 61, 60, 55, 56, 54, 51]
    Layer 31: dist=[60, 58, 51, 49, 58, 59, 59, 59, 57, 41, 46, 47, 58, 59, 59, 58, 52, 53, 55, 48, 60, 59, 56, 59, 57, 56, 46, 60, 57, 55, 53, 57]
    Layer 32: dist=[56, 57, 58, 57, 58, 60, 59, 60, 56, 55, 59, 58, 48, 58, 54, 47, 58, 54, 54, 54, 62, 48, 57, 60, 36, 48, 44, 53, 58, 54, 51, 53]
    Layer 33: dist=[52, 61, 57, 60, 45, 52, 29, 47, 57, 58, 57, 58, 58, 59, 58, 59, 59, 59, 53, 56, 58, 49, 54, 57, 57, 59, 60, 59, 56, 56, 55, 53]
    Layer 35: dist=[56, 62, 36, 50, 43, 19, 55, 48, 42, 51, 55, 49, 30, 17, 24, 22, 49, 45, 40, 27, 45, 52, 28, 27, 33, 27, 33, 35, 36, 57, 61, 58]

  [Taylor Step 2/3] OLS sigma per head (scaling V, streaming)...
    Layer  0: sigma=[0.255, 0.100, 0.100, 0.100, 0.198, 0.601, 0.100, 0.100, 0.100, 0.100, 0.141, 0.100, 0.100, 0.100, 0.100, 0.292, 0.100, 0.100, 0.100, 0.100, 0.100, 0.100, 0.100, 0.200, 0.100, 0.100, 0.577, 0.100, 0.253, 0.100, 0.100, 0.100]
    Layer  1: sigma=[0.279, 0.100, 0.100, 0.100, 0.100, 0.100, 0.100, 0.100, 0.100, 0.393, 0.273, 0.100, 0.100, 0.100, 0.100, 0.100, 0.100, 0.100, 0.100, 0.100, 0.100, 0.100, 0.100, 0.208, 0.100, 0.100, 0.179, 0.100, 0.100, 0.100, 0.100, 0.100]
    Layer  2: sigma=[0.152, 0.100, 0.100, 0.100, 0.100, 0.100, 0.100, 0.100, 0.162, 0.100, 0.100, 0.100, 0.100, 0.258, 0.100, 0.100, 0.100, 0.100, 0.100, 0.100, 0.100, 0.100, 0.100, 0.100, 0.100, 0.175, 0.100, 0.100, 0.100, 0.100, 0.100, 0.139]
    Layer  3: sigma=[0.100, 0.443, 0.100, 0.295, 0.100, 0.100, 0.100, 0.100, 0.100, 0.100, 0.100, 0.100, 0.100, 0.100, 0.100, 0.100, 0.100, 0.100, 0.126, 0.100, 0.100, 0.100, 0.100, 0.100, 0.100, 0.124, 0.108, 0.100, 0.100, 0.100, 0.100, 0.100]
    Layer  4: sigma=[0.100, 0.100, 0.100, 0.100, 0.100, 0.100, 0.100, 0.100, 0.100, 0.100, 0.100, 0.100, 0.100, 0.100, 0.100, 0.100, 0.100, 0.100, 0.100, 0.100, 0.100, 0.146, 0.311, 0.100, 0.100, 0.100, 0.100, 0.100, 0.100, 0.100, 0.100, 0.100]
    Layer  5: sigma=[0.100, 0.100, 0.123, 0.100, 0.100, 0.100, 0.100, 0.100, 0.100, 0.278, 0.100, 0.100, 0.100, 0.100, 0.100, 0.108, 0.100, 0.331, 0.100, 0.100, 0.100, 0.100, 0.100, 0.100, 0.100, 0.100, 0.100, 0.100, 0.100, 0.244, 0.100, 0.100]
    Layer  6: sigma=[0.100, 0.100, 0.152, 0.100, 0.123, 0.111, 0.100, 0.100, 0.100, 0.100, 0.100, 0.100, 0.100, 0.100, 0.100, 0.100, 0.100, 0.100, 0.100, 0.100, 0.240, 0.100, 0.100, 0.100, 0.100, 0.100, 0.101, 0.100, 0.100, 0.100, 0.100, 0.100]
    Layer  7: sigma=[0.100, 0.257, 0.100, 0.100, 0.120, 0.100, 0.100, 0.100, 0.100, 0.100, 0.100, 0.156, 0.100, 0.100, 0.100, 0.100, 0.100, 0.100, 0.100, 0.100, 0.100, 0.100, 0.100, 0.100, 0.100, 0.100, 0.100, 0.100, 0.100, 0.100, 0.100, 0.100]
    Layer  8: sigma=[0.100, 0.100, 0.100, 0.100, 0.100, 0.100, 0.100, 0.114, 0.100, 0.100, 0.100, 0.100, 0.100, 0.110, 0.100, 0.100, 0.100, 0.100, 0.100, 0.100, 0.100, 0.100, 0.100, 0.100, 0.100, 0.100, 0.100, 0.309, 0.100, 0.100, 0.100, 0.100]
    Layer  9: sigma=[0.100, 0.100, 0.127, 0.100, 0.100, 0.100, 0.100, 0.100, 0.100, 0.100, 0.100, 0.100, 0.100, 0.100, 0.750, 0.226, 0.100, 0.100, 0.100, 0.100, 0.137, 0.100, 0.100, 0.100, 0.100, 0.164, 0.100, 0.100, 0.100, 0.100, 0.100, 0.100]
    Layer 10: sigma=[0.100, 0.100, 0.100, 0.100, 0.100, 0.100, 0.100, 0.100, 0.137, 0.100, 0.100, 0.100, 0.100, 0.100, 0.100, 0.100, 0.100, 0.100, 0.100, 0.100, 0.100, 0.100, 0.100, 0.100, 0.100, 0.100, 0.100, 0.100, 0.106, 0.100, 0.110, 0.100]
    Layer 11: sigma=[0.100, 0.100, 0.100, 0.100, 0.224, 0.100, 0.167, 0.100, 0.100, 0.144, 0.100, 0.100, 0.143, 0.100, 0.292, 0.100, 0.100, 0.100, 0.100, 0.100, 0.100, 0.100, 0.100, 0.100, 0.100, 0.100, 0.256, 0.100, 0.100, 0.100, 0.100, 0.100]
    Layer 12: sigma=[0.100, 0.100, 0.100, 0.100, 0.100, 0.119, 0.100, 0.100, 0.100, 0.114, 0.100, 0.100, 0.100, 0.100, 0.100, 0.100, 0.100, 0.289, 0.426, 0.100, 0.100, 0.100, 0.100, 0.100, 0.100, 0.330, 0.100, 0.130, 0.100, 0.135, 0.131, 0.100]
    Layer 13: sigma=[0.249, 0.100, 0.100, 0.100, 0.100, 0.100, 0.100, 0.110, 0.100, 0.123, 0.125, 0.100, 0.100, 0.100, 0.100, 0.100, 0.100, 0.100, 0.100, 0.100, 0.100, 0.100, 0.100, 0.100, 0.100, 0.100, 0.100, 0.100, 0.100, 0.100, 0.100, 0.100]
    Layer 14: sigma=[0.100, 0.100, 0.108, 0.100, 0.100, 0.437, 0.100, 0.160, 0.100, 0.100, 0.100, 0.100, 0.100, 0.185, 0.100, 0.100, 0.100, 0.100, 0.154, 0.127, 0.100, 0.100, 0.100, 0.100, 0.100, 0.156, 0.100, 0.136, 0.100, 0.100, 0.109, 0.100]
    Layer 15: sigma=[0.100, 0.207, 0.100, 0.117, 0.233, 0.115, 0.100, 0.100, 0.100, 0.100, 0.100, 0.103, 0.262, 0.100, 0.100, 0.100, 0.100, 0.100, 0.107, 0.144, 0.100, 0.100, 0.100, 0.100, 0.250, 0.253, 0.100, 0.100, 0.100, 0.100, 0.100, 0.100]
    Layer 16: sigma=[0.328, 0.100, 0.100, 0.100, 0.100, 0.100, 0.100, 0.100, 0.100, 0.100, 0.100, 0.100, 0.100, 0.100, 0.100, 0.100, 0.100, 0.100, 0.100, 0.100, 0.100, 0.100, 0.100, 0.100, 0.100, 0.179, 0.100, 0.100, 0.100, 0.100, 0.100, 0.100]
    Layer 17: sigma=[0.100, 0.100, 0.100, 0.100, 0.100, 0.509, 0.100, 0.100, 0.109, 0.100, 0.100, 0.100, 0.100, 0.100, 0.100, 0.100, 0.290, 0.100, 0.100, 0.402, 0.100, 0.100, 0.100, 0.100, 0.100, 0.100, 0.367, 0.122, 0.100, 0.100, 0.100, 0.100]
    Layer 18: sigma=[0.100, 0.677, 0.100, 0.100, 0.100, 0.192, 0.100, 0.100, 0.100, 0.100, 0.100, 0.100, 0.100, 0.100, 0.100, 0.100, 0.426, 0.100, 0.100, 0.100, 0.100, 0.100, 0.100, 0.100, 0.100, 0.100, 0.100, 0.100, 0.100, 0.100, 0.100, 0.100]
    Layer 19: sigma=[0.100, 0.100, 0.100, 0.100, 0.100, 0.100, 0.216, 0.100, 0.100, 0.100, 0.100, 0.100, 0.254, 0.100, 0.100, 0.156, 0.100, 0.100, 0.100, 0.423, 0.100, 0.100, 0.100, 0.100, 0.105, 0.100, 0.100, 0.100, 0.100, 0.100, 0.100, 0.100]
    Layer 20: sigma=[0.100, 0.100, 0.181, 0.100, 0.100, 0.240, 0.189, 0.100, 0.100, 0.100, 0.100, 0.100, 0.100, 0.100, 0.100, 0.109, 0.182, 0.130, 0.100, 0.100, 0.120, 0.100, 0.100, 0.100, 0.100, 0.100, 0.100, 0.100, 0.100, 0.100, 0.100, 0.100]
    Layer 21: sigma=[0.100, 0.101, 0.100, 0.133, 0.100, 0.100, 0.100, 0.100, 0.100, 0.108, 0.100, 0.358, 0.100, 0.100, 0.100, 0.100, 0.100, 0.100, 0.100, 0.139, 0.100, 0.100, 0.100, 0.100, 0.100, 0.100, 0.100, 0.100, 0.100, 0.100, 0.363, 0.129]
    Layer 22: sigma=[0.173, 0.100, 0.100, 0.100, 0.141, 0.118, 0.107, 0.183, 0.283, 0.100, 0.100, 0.100, 0.100, 0.100, 0.100, 0.100, 0.100, 0.100, 0.100, 0.151, 0.100, 0.100, 0.100, 0.100, 0.100, 0.100, 0.100, 0.100, 0.100, 0.100, 0.100, 0.100]
    Layer 23: sigma=[0.197, 0.100, 0.127, 0.100, 0.100, 0.100, 0.207, 0.100, 0.100, 0.100, 0.100, 0.100, 0.100, 0.100, 0.100, 0.100, 0.100, 0.100, 0.100, 0.100, 0.100, 0.100, 0.100, 0.100, 0.100, 0.100, 0.100, 0.100, 0.100, 0.305, 0.306, 0.100]
    Layer 24: sigma=[0.100, 0.100, 0.100, 0.100, 0.100, 0.100, 0.100, 0.100, 0.104, 0.100, 0.100, 0.100, 0.100, 0.100, 0.100, 0.183, 0.100, 0.100, 0.100, 0.114, 0.100, 0.100, 0.100, 0.100, 0.287, 0.344, 0.176, 0.238, 0.100, 0.100, 0.100, 0.100]
    Layer 25: sigma=[0.100, 0.100, 0.100, 0.100, 0.100, 0.100, 0.100, 0.100, 0.100, 0.100, 0.100, 0.100, 0.100, 0.100, 0.100, 0.100, 0.100, 0.100, 0.100, 0.100, 0.100, 0.100, 0.100, 0.100, 0.100, 0.100, 0.100, 0.100, 0.100, 0.100, 0.100, 0.100]
    Layer 26: sigma=[0.100, 0.100, 0.100, 0.100, 0.100, 0.100, 0.100, 0.100, 0.100, 0.100, 0.100, 0.100, 0.100, 0.100, 0.100, 0.128, 0.100, 0.100, 0.100, 0.100, 0.100, 0.100, 0.100, 0.100, 0.100, 0.100, 0.100, 0.100, 0.100, 0.100, 0.100, 0.100]
    Layer 27: sigma=[0.100, 0.100, 0.100, 0.100, 0.100, 0.100, 0.100, 0.100, 0.100, 0.100, 0.100, 0.100, 0.100, 0.100, 0.100, 0.100, 0.100, 0.100, 0.100, 0.100, 0.100, 0.100, 0.100, 0.100, 0.100, 0.100, 0.100, 0.100, 0.100, 0.209, 0.100, 0.100]
    Layer 28: sigma=[0.100, 0.100, 0.100, 0.100, 0.157, 0.110, 0.100, 0.241, 0.100, 0.100, 0.100, 0.100, 0.100, 0.100, 0.100, 0.100, 0.100, 0.100, 0.100, 0.100, 0.100, 0.100, 0.100, 0.100, 0.100, 0.100, 0.100, 0.100, 0.100, 0.100, 0.100, 0.100]
    Layer 29: sigma=[0.100, 0.100, 0.100, 0.100, 0.100, 0.100, 0.100, 0.100, 0.100, 0.100, 0.100, 0.100, 0.100, 0.100, 0.100, 0.100, 0.100, 0.100, 0.100, 0.100, 0.100, 0.100, 0.100, 0.100, 0.100, 0.100, 0.100, 0.100, 0.100, 0.100, 0.100, 0.100]
    Layer 30: sigma=[0.100, 0.100, 0.100, 0.100, 0.100, 0.100, 0.100, 0.100, 0.100, 0.100, 0.100, 0.100, 0.100, 0.100, 0.100, 0.100, 0.100, 0.100, 0.100, 0.100, 0.100, 0.100, 0.100, 0.100, 0.100, 0.100, 0.100, 0.100, 0.100, 0.100, 0.100, 0.100]
    Layer 31: sigma=[0.100, 0.100, 0.100, 0.100, 0.100, 0.100, 0.100, 0.100, 0.100, 0.100, 0.100, 0.100, 0.100, 0.100, 0.100, 0.100, 0.100, 0.100, 0.100, 0.100, 0.100, 0.100, 0.100, 0.100, 0.100, 0.100, 0.100, 0.100, 0.100, 0.100, 0.100, 0.100]
    Layer 32: sigma=[0.100, 0.100, 0.100, 0.100, 0.100, 0.100, 0.100, 0.100, 0.100, 0.100, 0.100, 0.100, 0.100, 0.100, 0.100, 0.100, 0.100, 0.100, 0.100, 0.100, 0.100, 0.100, 0.100, 0.100, 0.100, 0.100, 0.100, 0.100, 0.100, 0.100, 0.100, 0.100]
    Layer 33: sigma=[0.100, 0.100, 0.100, 0.100, 0.100, 0.100, 0.105, 0.100, 0.100, 0.100, 0.100, 0.100, 0.100, 0.100, 0.100, 0.100, 0.100, 0.100, 0.100, 0.100, 0.100, 0.100, 0.100, 0.100, 0.100, 0.100, 0.100, 0.100, 0.100, 0.100, 0.100, 0.100]
    Layer 35: sigma=[0.100, 0.100, 0.100, 0.100, 0.103, 0.100, 0.100, 0.100, 0.100, 0.100, 0.100, 0.100, 0.100, 0.100, 0.100, 0.100, 0.100, 0.100, 0.100, 0.100, 0.100, 0.100, 0.123, 0.100, 0.100, 0.100, 0.100, 0.100, 0.100, 0.100, 0.100, 0.100]

  [Taylor Step 3/3] g_proj = v_proj * alpha (damping=0.01)...
    Layer  0: alpha=0.068986  teacher_rms=0.0168  v_rms=0.0024
    Layer  1: alpha=0.058463  teacher_rms=0.0216  v_rms=0.0037
    Layer  2: alpha=0.054683  teacher_rms=0.0222  v_rms=0.0041
    Layer  3: alpha=0.041815  teacher_rms=0.0261  v_rms=0.0063
    Layer  4: alpha=0.049219  teacher_rms=0.0316  v_rms=0.0064
    Layer  5: alpha=0.052642  teacher_rms=0.0412  v_rms=0.0078
    Layer  6: alpha=0.075279  teacher_rms=0.0646  v_rms=0.0086
    Layer  7: alpha=0.040377  teacher_rms=0.0510  v_rms=0.0126
    Layer  8: alpha=0.041147  teacher_rms=0.0695  v_rms=0.0169
    Layer  9: alpha=0.027052  teacher_rms=0.0701  v_rms=0.0259
    Layer 10: alpha=0.048886  teacher_rms=0.1071  v_rms=0.0219
    Layer 11: alpha=0.052733  teacher_rms=0.1038  v_rms=0.0197
    Layer 12: alpha=0.047614  teacher_rms=0.1177  v_rms=0.0247
    Layer 13: alpha=0.054369  teacher_rms=0.1013  v_rms=0.0186
    Layer 14: alpha=0.055391  teacher_rms=0.1546  v_rms=0.0279
    Layer 15: alpha=0.047573  teacher_rms=0.1546  v_rms=0.0325
    Layer 16: alpha=0.039532  teacher_rms=0.1446  v_rms=0.0366
    Layer 17: alpha=0.035686  teacher_rms=0.1762  v_rms=0.0494
    Layer 18: alpha=0.031354  teacher_rms=0.1919  v_rms=0.0612
    Layer 19: alpha=0.047224  teacher_rms=0.2023  v_rms=0.0428
    Layer 20: alpha=0.051018  teacher_rms=0.1938  v_rms=0.0380
    Layer 21: alpha=0.044367  teacher_rms=0.2301  v_rms=0.0519
    Layer 22: alpha=0.052143  teacher_rms=0.2755  v_rms=0.0528
    Layer 23: alpha=0.046517  teacher_rms=0.3026  v_rms=0.0651
    Layer 24: alpha=0.033584  teacher_rms=0.2864  v_rms=0.0853
    Layer 25: alpha=0.038418  teacher_rms=0.2261  v_rms=0.0589
    Layer 26: alpha=0.027069  teacher_rms=0.1994  v_rms=0.0737
    Layer 27: alpha=0.032878  teacher_rms=0.2900  v_rms=0.0882
    Layer 28: alpha=0.037259  teacher_rms=0.3530  v_rms=0.0947
    Layer 29: alpha=0.016275  teacher_rms=0.2479  v_rms=0.1523
    Layer 30: alpha=0.025863  teacher_rms=0.3921  v_rms=0.1516
    Layer 31: alpha=0.018626  teacher_rms=0.3452  v_rms=0.1853
    Layer 32: alpha=0.021930  teacher_rms=0.5106  v_rms=0.2328
    Layer 33: alpha=0.016339  teacher_rms=0.5964  v_rms=0.3650
    Layer 35: alpha=0.058120  teacher_rms=1.0378  v_rms=0.1786

  Set g_proj = v_proj * alpha in 35 GDN layers (damping=0.01).
  Init (taylor_distill) done in 336.9s
  Layer 34: PPL = 867.09  (eval 13.4s)

============================================================
  Probing layer 35 | strategy=taylor_distill
============================================================
Loading checkpoint shards:   0%|          | 0/4 [00:00<?, ?it/s]Loading checkpoint shards: 100%|██████████| 4/4 [00:00<00:00, 146.49it/s]
Could not cache non-existence of file. Will ignore error and continue. Error: [Errno 13] Permission denied: '/data/shared/huggingface/hub/models--Qwen--Qwen3-8B/.no_exist/b968826d9c46dd6066d109eabc6255188de91218/model.safetensors'
Loading checkpoint shards:   0%|          | 0/5 [00:00<?, ?it/s]Loading checkpoint shards: 100%|██████████| 5/5 [00:00<00:00, 175.41it/s]
Token indices sequence length is longer than the specified maximum sequence length for this model (2429029 > 131072). Running this sequence through the model will result in indexing errors
  [Taylor Step 1/3] Gate calibration from attention stats...
    Layer  0: dist=[18, 2, 6, 20, 8, 14, 6, 7, 10, 4, 6, 7, 10, 18, 17, 5, 9, 11, 8, 8, 8, 12, 2, 7, 4, 26, 5, 26, 9, 19, 9, 8]
    Layer  1: dist=[12, 21, 14, 26, 2, 9, 17, 7, 25, 18, 32, 29, 18, 28, 28, 20, 17, 26, 31, 18, 28, 17, 21, 21, 26, 8, 25, 23, 41, 16, 20, 28]
    Layer  2: dist=[36, 36, 37, 32, 17, 27, 20, 24, 21, 24, 29, 33, 28, 25, 26, 34, 32, 26, 28, 22, 28, 36, 27, 27, 14, 14, 11, 19, 41, 42, 43, 41]
    Layer  3: dist=[40, 20, 9, 12, 49, 50, 46, 42, 30, 27, 33, 31, 49, 43, 42, 42, 35, 37, 29, 37, 42, 33, 32, 36, 35, 30, 29, 33, 39, 36, 40, 37]
    Layer  4: dist=[31, 35, 41, 36, 41, 33, 35, 48, 37, 38, 34, 34, 31, 31, 38, 35, 35, 37, 38, 39, 34, 35, 25, 34, 26, 32, 27, 21, 28, 33, 30, 30]
    Layer  5: dist=[23, 29, 30, 21, 36, 34, 29, 29, 4, 14, 40, 38, 31, 43, 32, 30, 23, 20, 28, 28, 29, 30, 27, 33, 38, 39, 43, 43, 26, 25, 29, 32]
    Layer  6: dist=[16, 22, 17, 17, 27, 24, 34, 32, 25, 12, 21, 20, 31, 34, 28, 16, 28, 20, 24, 23, 13, 18, 18, 8, 21, 24, 18, 28, 24, 25, 21, 27]
    Layer  7: dist=[31, 36, 33, 46, 63, 57, 63, 60, 45, 60, 53, 41, 54, 15, 30, 49, 42, 54, 44, 44, 54, 45, 58, 59, 34, 41, 25, 43, 49, 51, 49, 54]
    Layer  8: dist=[45, 46, 49, 29, 43, 41, 35, 44, 46, 52, 43, 48, 51, 43, 49, 36, 60, 56, 54, 51, 44, 54, 51, 57, 47, 37, 51, 36, 44, 38, 42, 44]
    Layer  9: dist=[40, 32, 31, 36, 45, 49, 48, 40, 62, 61, 60, 56, 14, 46, 32, 45, 49, 53, 59, 62, 44, 40, 35, 41, 61, 44, 49, 54, 62, 57, 63, 61]
    Layer 10: dist=[39, 39, 30, 39, 46, 55, 33, 41, 34, 45, 55, 26, 49, 36, 42, 44, 45, 53, 52, 50, 46, 31, 56, 51, 51, 56, 47, 43, 40, 39, 44, 47]
    Layer 11: dist=[33, 33, 47, 27, 29, 36, 43, 42, 52, 62, 57, 49, 44, 33, 38, 39, 39, 36, 33, 25, 42, 56, 46, 46, 39, 32, 36, 32, 49, 34, 31, 48]
    Layer 12: dist=[12, 40, 39, 33, 43, 46, 39, 36, 33, 36, 44, 44, 50, 45, 45, 49, 21, 38, 29, 44, 55, 54, 53, 56, 49, 1, 56, 23, 43, 45, 59, 49]
    Layer 13: dist=[29, 36, 39, 36, 31, 29, 35, 22, 47, 36, 52, 61, 64, 58, 55, 62, 46, 39, 31, 36, 47, 33, 44, 46, 44, 33, 40, 41, 58, 56, 49, 51]
    Layer 14: dist=[25, 35, 34, 24, 39, 24, 35, 33, 31, 32, 37, 37, 36, 40, 35, 36, 41, 46, 31, 35, 33, 17, 28, 42, 27, 38, 40, 38, 43, 44, 5, 48]
    Layer 15: dist=[45, 27, 43, 23, 20, 22, 41, 33, 48, 33, 26, 54, 37, 56, 41, 47, 33, 33, 34, 36, 33, 30, 27, 27, 27, 20, 41, 37, 38, 47, 38, 28]
    Layer 16: dist=[37, 32, 42, 47, 29, 35, 26, 31, 29, 45, 40, 43, 49, 35, 44, 47, 38, 41, 34, 35, 59, 60, 57, 54, 39, 28, 34, 6, 32, 33, 36, 32]
    Layer 17: dist=[58, 50, 41, 34, 28, 31, 22, 25, 44, 54, 42, 49, 23, 32, 39, 39, 24, 29, 32, 22, 39, 51, 49, 48, 30, 28, 31, 26, 29, 43, 47, 36]
    Layer 18: dist=[20, 27, 19, 18, 29, 37, 39, 30, 37, 40, 37, 45, 34, 34, 31, 35, 26, 41, 42, 28, 38, 28, 37, 52, 31, 35, 35, 36, 30, 29, 43, 31]
    Layer 19: dist=[39, 33, 35, 35, 43, 54, 30, 38, 40, 44, 41, 48, 35, 31, 40, 35, 44, 42, 26, 29, 10, 28, 18, 27, 52, 54, 52, 58, 44, 43, 41, 41]
    Layer 20: dist=[46, 39, 44, 40, 41, 27, 28, 31, 23, 21, 26, 21, 48, 42, 48, 50, 24, 28, 31, 21, 38, 57, 52, 51, 63, 51, 53, 44, 49, 43, 55, 55]
    Layer 21: dist=[26, 25, 30, 35, 58, 33, 53, 58, 61, 33, 39, 38, 26, 24, 25, 23, 39, 40, 45, 32, 47, 52, 48, 49, 35, 34, 32, 44, 38, 40, 34, 47]
    Layer 22: dist=[39, 32, 37, 33, 28, 38, 24, 30, 21, 27, 24, 35, 9, 46, 32, 35, 18, 40, 40, 23, 53, 59, 60, 61, 51, 44, 46, 48, 57, 47, 53, 50]
    Layer 23: dist=[22, 18, 26, 22, 55, 55, 22, 50, 41, 20, 24, 31, 37, 36, 41, 39, 41, 38, 42, 48, 41, 46, 42, 40, 41, 39, 37, 51, 47, 44, 44, 39]
    Layer 24: dist=[40, 62, 57, 51, 50, 56, 54, 47, 52, 54, 52, 43, 41, 39, 47, 40, 42, 49, 44, 42, 60, 53, 52, 58, 31, 41, 39, 29, 50, 57, 51, 47]
    Layer 25: dist=[50, 60, 59, 49, 38, 38, 54, 42, 46, 52, 47, 48, 36, 45, 27, 37, 48, 50, 49, 45, 54, 56, 55, 55, 58, 56, 50, 55, 46, 61, 51, 45]
    Layer 26: dist=[43, 47, 57, 36, 59, 57, 59, 56, 52, 56, 53, 49, 52, 62, 60, 60, 43, 46, 53, 50, 53, 54, 60, 57, 53, 50, 54, 50, 58, 50, 59, 51]
    Layer 27: dist=[48, 55, 54, 59, 50, 53, 52, 44, 41, 52, 55, 52, 41, 56, 42, 45, 51, 53, 53, 53, 47, 56, 54, 44, 57, 59, 60, 60, 50, 44, 45, 60]
    Layer 28: dist=[53, 47, 54, 53, 41, 35, 40, 38, 52, 57, 47, 46, 57, 53, 48, 50, 57, 51, 53, 55, 59, 37, 32, 46, 47, 46, 50, 51, 46, 48, 35, 49]
    Layer 29: dist=[57, 58, 57, 58, 45, 56, 47, 58, 58, 57, 61, 54, 60, 61, 60, 61, 58, 56, 58, 60, 62, 61, 56, 62, 49, 59, 47, 49, 55, 51, 56, 56]
    Layer 30: dist=[40, 54, 51, 52, 53, 51, 48, 37, 60, 59, 58, 60, 53, 53, 57, 51, 52, 39, 61, 61, 29, 60, 53, 54, 60, 60, 61, 60, 55, 56, 54, 51]
    Layer 31: dist=[60, 58, 51, 49, 58, 59, 59, 59, 57, 41, 46, 47, 58, 59, 59, 58, 52, 53, 55, 48, 60, 59, 56, 59, 57, 56, 46, 60, 57, 55, 53, 57]
    Layer 32: dist=[56, 57, 58, 57, 58, 60, 59, 60, 56, 55, 59, 58, 48, 58, 54, 47, 58, 54, 54, 54, 62, 48, 57, 60, 36, 48, 44, 53, 58, 54, 51, 53]
    Layer 33: dist=[52, 61, 57, 60, 45, 52, 29, 47, 57, 58, 57, 58, 58, 59, 58, 59, 59, 59, 53, 56, 58, 49, 54, 57, 57, 59, 60, 59, 56, 56, 55, 53]
    Layer 34: dist=[56, 57, 58, 57, 55, 56, 55, 54, 25, 47, 54, 42, 58, 57, 60, 40, 42, 44, 62, 30, 58, 27, 59, 60, 61, 60, 62, 60, 26, 32, 35, 54]

  [Taylor Step 2/3] OLS sigma per head (scaling V, streaming)...
    Layer  0: sigma=[0.256, 0.100, 0.100, 0.100, 0.197, 0.603, 0.100, 0.100, 0.100, 0.100, 0.141, 0.100, 0.100, 0.100, 0.100, 0.291, 0.100, 0.100, 0.100, 0.100, 0.100, 0.100, 0.100, 0.200, 0.100, 0.100, 0.575, 0.100, 0.252, 0.100, 0.100, 0.100]
    Layer  1: sigma=[0.280, 0.100, 0.100, 0.100, 0.100, 0.100, 0.100, 0.100, 0.100, 0.399, 0.279, 0.100, 0.100, 0.100, 0.100, 0.100, 0.100, 0.100, 0.100, 0.100, 0.100, 0.100, 0.100, 0.210, 0.100, 0.100, 0.177, 0.100, 0.100, 0.100, 0.100, 0.100]
    Layer  2: sigma=[0.152, 0.100, 0.100, 0.100, 0.100, 0.100, 0.100, 0.100, 0.161, 0.100, 0.100, 0.100, 0.100, 0.260, 0.100, 0.100, 0.100, 0.100, 0.100, 0.100, 0.100, 0.100, 0.100, 0.100, 0.100, 0.173, 0.100, 0.100, 0.100, 0.100, 0.100, 0.139]
    Layer  3: sigma=[0.100, 0.452, 0.100, 0.293, 0.100, 0.100, 0.100, 0.100, 0.100, 0.100, 0.100, 0.100, 0.100, 0.100, 0.100, 0.100, 0.100, 0.100, 0.118, 0.100, 0.100, 0.100, 0.100, 0.100, 0.100, 0.121, 0.109, 0.100, 0.100, 0.100, 0.100, 0.100]
    Layer  4: sigma=[0.100, 0.100, 0.100, 0.100, 0.100, 0.100, 0.100, 0.100, 0.100, 0.100, 0.100, 0.100, 0.100, 0.100, 0.100, 0.100, 0.100, 0.100, 0.100, 0.100, 0.100, 0.145, 0.320, 0.100, 0.100, 0.100, 0.100, 0.100, 0.100, 0.100, 0.100, 0.100]
    Layer  5: sigma=[0.100, 0.100, 0.131, 0.100, 0.100, 0.100, 0.100, 0.100, 0.100, 0.275, 0.100, 0.107, 0.100, 0.100, 0.100, 0.110, 0.100, 0.334, 0.100, 0.100, 0.100, 0.100, 0.100, 0.100, 0.100, 0.100, 0.100, 0.100, 0.100, 0.245, 0.100, 0.100]
    Layer  6: sigma=[0.100, 0.100, 0.152, 0.100, 0.122, 0.114, 0.100, 0.100, 0.100, 0.100, 0.100, 0.100, 0.100, 0.100, 0.100, 0.100, 0.100, 0.100, 0.100, 0.100, 0.244, 0.100, 0.100, 0.100, 0.100, 0.100, 0.101, 0.100, 0.100, 0.100, 0.100, 0.100]
    Layer  7: sigma=[0.100, 0.251, 0.100, 0.100, 0.133, 0.100, 0.100, 0.100, 0.100, 0.100, 0.100, 0.162, 0.100, 0.100, 0.100, 0.100, 0.100, 0.100, 0.100, 0.100, 0.100, 0.100, 0.100, 0.100, 0.100, 0.100, 0.100, 0.100, 0.100, 0.100, 0.100, 0.100]
    Layer  8: sigma=[0.100, 0.100, 0.100, 0.100, 0.100, 0.100, 0.100, 0.141, 0.100, 0.100, 0.100, 0.100, 0.100, 0.123, 0.100, 0.100, 0.100, 0.100, 0.100, 0.100, 0.100, 0.100, 0.100, 0.100, 0.100, 0.100, 0.100, 0.315, 0.100, 0.100, 0.100, 0.100]
    Layer  9: sigma=[0.100, 0.100, 0.128, 0.100, 0.100, 0.100, 0.100, 0.100, 0.100, 0.100, 0.100, 0.100, 0.100, 0.100, 0.650, 0.222, 0.100, 0.100, 0.100, 0.100, 0.134, 0.100, 0.101, 0.100, 0.100, 0.164, 0.100, 0.100, 0.100, 0.100, 0.100, 0.100]
    Layer 10: sigma=[0.100, 0.100, 0.100, 0.100, 0.100, 0.100, 0.100, 0.100, 0.133, 0.100, 0.100, 0.100, 0.100, 0.100, 0.100, 0.100, 0.100, 0.100, 0.100, 0.100, 0.100, 0.100, 0.100, 0.100, 0.100, 0.100, 0.100, 0.100, 0.109, 0.100, 0.106, 0.100]
    Layer 11: sigma=[0.100, 0.100, 0.100, 0.100, 0.215, 0.100, 0.165, 0.100, 0.100, 0.137, 0.100, 0.100, 0.145, 0.100, 0.304, 0.100, 0.100, 0.100, 0.100, 0.100, 0.100, 0.100, 0.100, 0.100, 0.100, 0.100, 0.255, 0.100, 0.100, 0.100, 0.101, 0.100]
    Layer 12: sigma=[0.100, 0.100, 0.100, 0.100, 0.100, 0.119, 0.100, 0.100, 0.100, 0.120, 0.100, 0.100, 0.100, 0.100, 0.100, 0.100, 0.100, 0.275, 0.442, 0.100, 0.100, 0.100, 0.100, 0.100, 0.100, 0.398, 0.100, 0.153, 0.100, 0.142, 0.138, 0.100]
    Layer 13: sigma=[0.257, 0.100, 0.100, 0.100, 0.100, 0.100, 0.100, 0.103, 0.100, 0.125, 0.126, 0.100, 0.100, 0.100, 0.100, 0.100, 0.100, 0.100, 0.100, 0.100, 0.100, 0.100, 0.100, 0.100, 0.100, 0.100, 0.100, 0.100, 0.100, 0.100, 0.100, 0.100]
    Layer 14: sigma=[0.100, 0.100, 0.104, 0.100, 0.100, 0.430, 0.100, 0.171, 0.100, 0.100, 0.100, 0.100, 0.100, 0.161, 0.100, 0.100, 0.100, 0.100, 0.150, 0.107, 0.100, 0.100, 0.100, 0.100, 0.100, 0.162, 0.100, 0.139, 0.100, 0.100, 0.119, 0.100]
    Layer 15: sigma=[0.100, 0.231, 0.100, 0.123, 0.235, 0.115, 0.100, 0.100, 0.100, 0.100, 0.100, 0.108, 0.282, 0.100, 0.100, 0.100, 0.100, 0.100, 0.101, 0.144, 0.100, 0.100, 0.100, 0.100, 0.271, 0.279, 0.100, 0.100, 0.100, 0.100, 0.100, 0.100]
    Layer 16: sigma=[0.340, 0.100, 0.100, 0.100, 0.100, 0.100, 0.100, 0.100, 0.100, 0.100, 0.100, 0.100, 0.100, 0.100, 0.100, 0.100, 0.100, 0.100, 0.100, 0.100, 0.100, 0.100, 0.100, 0.100, 0.100, 0.155, 0.100, 0.100, 0.100, 0.100, 0.100, 0.100]
    Layer 17: sigma=[0.100, 0.100, 0.100, 0.100, 0.100, 0.531, 0.100, 0.100, 0.107, 0.100, 0.100, 0.100, 0.100, 0.100, 0.100, 0.100, 0.335, 0.106, 0.100, 0.372, 0.100, 0.100, 0.100, 0.100, 0.100, 0.100, 0.360, 0.117, 0.100, 0.100, 0.100, 0.100]
    Layer 18: sigma=[0.100, 0.695, 0.100, 0.100, 0.100, 0.195, 0.100, 0.102, 0.100, 0.100, 0.100, 0.100, 0.100, 0.100, 0.100, 0.100, 0.414, 0.100, 0.100, 0.100, 0.100, 0.100, 0.100, 0.100, 0.100, 0.100, 0.100, 0.100, 0.100, 0.100, 0.100, 0.100]
    Layer 19: sigma=[0.100, 0.100, 0.100, 0.100, 0.100, 0.100, 0.228, 0.100, 0.100, 0.100, 0.100, 0.100, 0.315, 0.100, 0.100, 0.133, 0.100, 0.100, 0.100, 0.402, 0.100, 0.100, 0.100, 0.100, 0.101, 0.100, 0.100, 0.100, 0.100, 0.100, 0.100, 0.100]
    Layer 20: sigma=[0.100, 0.100, 0.178, 0.100, 0.100, 0.266, 0.127, 0.100, 0.100, 0.100, 0.100, 0.100, 0.100, 0.100, 0.100, 0.111, 0.189, 0.100, 0.100, 0.100, 0.100, 0.100, 0.100, 0.100, 0.100, 0.100, 0.100, 0.100, 0.100, 0.100, 0.100, 0.100]
    Layer 21: sigma=[0.100, 0.100, 0.100, 0.133, 0.100, 0.100, 0.100, 0.100, 0.100, 0.100, 0.100, 0.331, 0.100, 0.100, 0.167, 0.100, 0.100, 0.100, 0.100, 0.140, 0.100, 0.100, 0.100, 0.100, 0.100, 0.100, 0.100, 0.100, 0.100, 0.100, 0.328, 0.113]
    Layer 22: sigma=[0.195, 0.100, 0.100, 0.100, 0.135, 0.137, 0.116, 0.244, 0.240, 0.100, 0.100, 0.100, 0.100, 0.100, 0.100, 0.100, 0.100, 0.100, 0.100, 0.149, 0.100, 0.100, 0.100, 0.100, 0.100, 0.100, 0.100, 0.100, 0.100, 0.100, 0.100, 0.100]
    Layer 23: sigma=[0.183, 0.128, 0.149, 0.100, 0.103, 0.100, 0.227, 0.100, 0.100, 0.100, 0.100, 0.100, 0.100, 0.100, 0.100, 0.100, 0.100, 0.100, 0.100, 0.100, 0.100, 0.100, 0.100, 0.100, 0.100, 0.100, 0.100, 0.100, 0.100, 0.207, 0.208, 0.149]
    Layer 24: sigma=[0.100, 0.100, 0.100, 0.100, 0.100, 0.100, 0.100, 0.100, 0.185, 0.100, 0.100, 0.100, 0.100, 0.100, 0.100, 0.187, 0.100, 0.100, 0.100, 0.127, 0.100, 0.100, 0.100, 0.100, 0.262, 0.328, 0.330, 0.229, 0.100, 0.100, 0.100, 0.100]
    Layer 25: sigma=[0.100, 0.100, 0.100, 0.100, 0.100, 0.100, 0.100, 0.100, 0.100, 0.100, 0.100, 0.100, 0.100, 0.100, 0.100, 0.100, 0.100, 0.100, 0.100, 0.100, 0.100, 0.100, 0.100, 0.100, 0.100, 0.100, 0.100, 0.100, 0.100, 0.100, 0.100, 0.100]
    Layer 26: sigma=[0.100, 0.100, 0.100, 0.100, 0.100, 0.100, 0.100, 0.100, 0.100, 0.100, 0.100, 0.100, 0.100, 0.100, 0.100, 0.121, 0.100, 0.100, 0.100, 0.100, 0.100, 0.100, 0.100, 0.100, 0.100, 0.100, 0.100, 0.100, 0.100, 0.100, 0.100, 0.100]
    Layer 27: sigma=[0.100, 0.100, 0.100, 0.100, 0.100, 0.100, 0.100, 0.100, 0.100, 0.100, 0.100, 0.100, 0.100, 0.100, 0.100, 0.100, 0.100, 0.100, 0.100, 0.100, 0.100, 0.100, 0.100, 0.100, 0.100, 0.100, 0.100, 0.100, 0.100, 0.210, 0.100, 0.100]
    Layer 28: sigma=[0.100, 0.100, 0.100, 0.100, 0.102, 0.129, 0.100, 0.186, 0.100, 0.100, 0.100, 0.100, 0.100, 0.100, 0.100, 0.100, 0.100, 0.100, 0.100, 0.100, 0.100, 0.100, 0.100, 0.100, 0.100, 0.100, 0.100, 0.100, 0.100, 0.100, 0.100, 0.100]
    Layer 29: sigma=[0.100, 0.100, 0.100, 0.100, 0.100, 0.100, 0.100, 0.100, 0.100, 0.100, 0.100, 0.100, 0.100, 0.100, 0.100, 0.100, 0.100, 0.100, 0.100, 0.100, 0.100, 0.100, 0.100, 0.100, 0.100, 0.100, 0.100, 0.100, 0.100, 0.100, 0.100, 0.100]
    Layer 30: sigma=[0.100, 0.100, 0.100, 0.100, 0.100, 0.100, 0.100, 0.100, 0.100, 0.100, 0.100, 0.100, 0.100, 0.100, 0.100, 0.100, 0.108, 0.100, 0.100, 0.100, 0.100, 0.100, 0.100, 0.100, 0.100, 0.100, 0.100, 0.100, 0.100, 0.100, 0.100, 0.100]
    Layer 31: sigma=[0.100, 0.100, 0.100, 0.100, 0.100, 0.100, 0.100, 0.100, 0.100, 0.100, 0.100, 0.100, 0.100, 0.100, 0.100, 0.100, 0.100, 0.107, 0.100, 0.100, 0.100, 0.100, 0.100, 0.100, 0.100, 0.100, 0.100, 0.100, 0.100, 0.100, 0.100, 0.100]
    Layer 32: sigma=[0.100, 0.100, 0.100, 0.100, 0.100, 0.100, 0.100, 0.100, 0.100, 0.100, 0.100, 0.100, 0.100, 0.100, 0.100, 0.100, 0.100, 0.100, 0.100, 0.100, 0.100, 0.100, 0.100, 0.100, 0.100, 0.100, 0.100, 0.100, 0.100, 0.100, 0.100, 0.100]
    Layer 33: sigma=[0.100, 0.100, 0.100, 0.100, 0.100, 0.100, 0.108, 0.100, 0.100, 0.100, 0.100, 0.100, 0.100, 0.100, 0.100, 0.100, 0.100, 0.100, 0.100, 0.100, 0.100, 0.100, 0.100, 0.100, 0.100, 0.100, 0.100, 0.100, 0.100, 0.100, 0.100, 0.100]
    Layer 34: sigma=[0.100, 0.100, 0.100, 0.100, 0.100, 0.100, 0.100, 0.100, 0.100, 0.100, 0.100, 0.100, 0.100, 0.100, 0.100, 0.100, 0.100, 0.100, 0.100, 0.100, 0.100, 0.100, 0.100, 0.100, 0.100, 0.100, 0.100, 0.100, 0.100, 0.100, 0.100, 0.100]

  [Taylor Step 3/3] g_proj = v_proj * alpha (damping=0.01)...
    Layer  0: alpha=0.069036  teacher_rms=0.0168  v_rms=0.0024
    Layer  1: alpha=0.058156  teacher_rms=0.0216  v_rms=0.0037
    Layer  2: alpha=0.054686  teacher_rms=0.0222  v_rms=0.0041
    Layer  3: alpha=0.041672  teacher_rms=0.0261  v_rms=0.0063
    Layer  4: alpha=0.048964  teacher_rms=0.0316  v_rms=0.0065
    Layer  5: alpha=0.052415  teacher_rms=0.0412  v_rms=0.0079
    Layer  6: alpha=0.075083  teacher_rms=0.0646  v_rms=0.0086
    Layer  7: alpha=0.040275  teacher_rms=0.0510  v_rms=0.0127
    Layer  8: alpha=0.040394  teacher_rms=0.0695  v_rms=0.0172
    Layer  9: alpha=0.029319  teacher_rms=0.0701  v_rms=0.0239
    Layer 10: alpha=0.048972  teacher_rms=0.1071  v_rms=0.0219
    Layer 11: alpha=0.052682  teacher_rms=0.1038  v_rms=0.0197
    Layer 12: alpha=0.045335  teacher_rms=0.1177  v_rms=0.0260
    Layer 13: alpha=0.054278  teacher_rms=0.1013  v_rms=0.0187
    Layer 14: alpha=0.056477  teacher_rms=0.1546  v_rms=0.0274
    Layer 15: alpha=0.046386  teacher_rms=0.1546  v_rms=0.0333
    Layer 16: alpha=0.039569  teacher_rms=0.1446  v_rms=0.0365
    Layer 17: alpha=0.035370  teacher_rms=0.1762  v_rms=0.0498
    Layer 18: alpha=0.030803  teacher_rms=0.1919  v_rms=0.0623
    Layer 19: alpha=0.046087  teacher_rms=0.2023  v_rms=0.0439
    Layer 20: alpha=0.051695  teacher_rms=0.1938  v_rms=0.0375
    Layer 21: alpha=0.046348  teacher_rms=0.2301  v_rms=0.0496
    Layer 22: alpha=0.051450  teacher_rms=0.2755  v_rms=0.0536
    Layer 23: alpha=0.051246  teacher_rms=0.3026  v_rms=0.0591
    Layer 24: alpha=0.030682  teacher_rms=0.2864  v_rms=0.0933
    Layer 25: alpha=0.038418  teacher_rms=0.2261  v_rms=0.0589
    Layer 26: alpha=0.027154  teacher_rms=0.1994  v_rms=0.0734
    Layer 27: alpha=0.032845  teacher_rms=0.2900  v_rms=0.0883
    Layer 28: alpha=0.039187  teacher_rms=0.3530  v_rms=0.0901
    Layer 29: alpha=0.016275  teacher_rms=0.2479  v_rms=0.1523
    Layer 30: alpha=0.025786  teacher_rms=0.3921  v_rms=0.1521
    Layer 31: alpha=0.018611  teacher_rms=0.3452  v_rms=0.1855
    Layer 32: alpha=0.021930  teacher_rms=0.5106  v_rms=0.2328
    Layer 33: alpha=0.016335  teacher_rms=0.5964  v_rms=0.3651
    Layer 34: alpha=0.031180  teacher_rms=1.0165  v_rms=0.3260

  Set g_proj = v_proj * alpha in 35 GDN layers (damping=0.01).
  Init (taylor_distill) done in 346.2s
  Layer 35: PPL = 924.41  (eval 13.5s)

============================================================
  RANKING [taylor_distill] (lower PPL = more important to keep)
============================================================
  # 1  Layer  0  PPL = 734.71
  # 2  Layer 34  PPL = 867.09
  # 3  Layer 26  PPL = 897.08
  # 4  Layer 24  PPL = 915.02
  # 5  Layer 35  PPL = 924.41
  # 6  Layer 22  PPL = 951.48
  # 7  Layer 23  PPL = 961.28
  # 8  Layer 20  PPL = 992.11
  # 9  Layer 30  PPL = 999.30
  #10  Layer 17  PPL = 1008.81
  #11  Layer 27  PPL = 1012.28
  #12  Layer  1  PPL = 1013.58
  #13  Layer 31  PPL = 1017.18
  #14  Layer 32  PPL = 1024.09
  #15  Layer 33  PPL = 1070.75
  #16  Layer 25  PPL = 1109.47
  #17  Layer  6  PPL = 1123.63
  #18  Layer  8  PPL = 1137.65
  #19  Layer 21  PPL = 1185.96
  #20  Layer  9  PPL = 1188.09
  #21  Layer  4  PPL = 1195.64
  #22  Layer 28  PPL = 1208.86
  #23  Layer 29  PPL = 1267.59
  #24  Layer  2  PPL = 1269.17
  #25  Layer  3  PPL = 1269.84
  #26  Layer 11  PPL = 1324.28
  #27  Layer  7  PPL = 1339.14
  #28  Layer 12  PPL = 1385.43
  #29  Layer  5  PPL = 1431.50
  #30  Layer 13  PPL = 1542.82
  #31  Layer 14  PPL = 1682.54
  #32  Layer 18  PPL = 1788.50
  #33  Layer 19  PPL = 2518.01
  #34  Layer 16  PPL = 2600.47
  #35  Layer 10  PPL = 3110.14
  #36  Layer 15  PPL = 19143.95

  Top-9 layers (sorted): [0, 20, 22, 23, 24, 26, 30, 34, 35]
  keep_full_attention_layers: [0, 20, 22, 23, 24, 26, 30, 34, 35]

  Results saved to /home/charlie/Taylor-Distill/results/zeroshot_qwen3_8b_25pct/ga_s2/taylor_distill/gpu0.json
