Strategy: taylor_init
Teacher (FLA): /data/shared/charlie/converted_teachers/Qwen3-8B
Teacher (HF):  Qwen/Qwen3-8B

============================================================
  Probing layer 0 | strategy=taylor_init
============================================================
Loading checkpoint shards:   0%|          | 0/4 [00:00<?, ?it/s]Loading checkpoint shards: 100%|██████████| 4/4 [00:00<00:00, 52.45it/s]
/home/charlie/miniconda3/envs/taylor/lib/python3.12/site-packages/fla/layers/gated_deltanet.py:191: UserWarning: ShortConvolution is crucial to the performance. Do not turn it off, i.e., setting `use_short_conv=False` unless you know what you are doing.
  warnings.warn(
Could not cache non-existence of file. Will ignore error and continue. Error: [Errno 13] Permission denied: '/data/shared/huggingface/hub/models--Qwen--Qwen3-8B/.no_exist/b968826d9c46dd6066d109eabc6255188de91218/model.safetensors'
Loading checkpoint shards:   0%|          | 0/5 [00:00<?, ?it/s]Loading checkpoint shards: 100%|██████████| 5/5 [00:00<00:00, 208.00it/s]
Token indices sequence length is longer than the specified maximum sequence length for this model (2429029 > 131072). Running this sequence through the model will result in indexing errors
  [Taylor Step 1/3] Gate calibration from attention stats...
    Layer  1: dist=[19, 38, 25, 44, 3, 15, 31, 11, 45, 36, 65, 60, 34, 47, 51, 38, 32, 54, 57, 33, 56, 24, 40, 40, 37, 9, 44, 41, 83, 31, 37, 49]
    Layer  2: dist=[65, 65, 67, 62, 26, 45, 33, 43, 39, 47, 56, 56, 53, 46, 46, 60, 61, 49, 54, 43, 49, 67, 48, 50, 25, 24, 21, 35, 73, 73, 77, 74]
    Layer  3: dist=[65, 26, 13, 22, 87, 93, 83, 73, 56, 53, 62, 58, 90, 73, 75, 74, 59, 62, 51, 67, 74, 60, 64, 65, 64, 56, 52, 59, 70, 63, 72, 65]
    Layer  4: dist=[62, 63, 73, 67, 73, 56, 61, 89, 68, 69, 63, 60, 55, 55, 71, 61, 62, 65, 67, 70, 64, 61, 47, 64, 41, 51, 48, 34, 51, 66, 55, 55]
    Layer  5: dist=[36, 48, 55, 35, 61, 68, 52, 51, 5, 18, 73, 61, 54, 78, 59, 52, 41, 32, 50, 48, 51, 55, 48, 59, 73, 73, 80, 80, 43, 44, 46, 58]
    Layer  6: dist=[27, 40, 30, 31, 52, 46, 67, 61, 46, 25, 43, 38, 56, 64, 56, 30, 47, 34, 45, 40, 20, 30, 32, 14, 35, 50, 32, 49, 47, 43, 37, 53]
    Layer  7: dist=[55, 60, 64, 87, 126, 114, 127, 121, 88, 119, 99, 72, 108, 23, 53, 97, 80, 101, 85, 81, 106, 86, 112, 116, 64, 78, 47, 86, 97, 101, 101, 106]
    Layer  8: dist=[83, 87, 90, 58, 81, 77, 69, 78, 86, 99, 87, 90, 94, 86, 96, 70, 116, 107, 103, 96, 92, 106, 100, 111, 92, 72, 95, 67, 84, 72, 79, 74]
    Layer  9: dist=[76, 60, 61, 67, 83, 97, 96, 74, 123, 120, 118, 112, 27, 87, 63, 85, 93, 100, 114, 125, 87, 77, 60, 70, 119, 81, 91, 97, 125, 113, 127, 123]
    Layer 10: dist=[76, 71, 58, 74, 85, 102, 64, 74, 63, 88, 106, 49, 88, 67, 82, 86, 87, 102, 100, 107, 88, 60, 107, 90, 93, 107, 84, 77, 76, 65, 82, 90]
    Layer 11: dist=[78, 65, 79, 48, 53, 61, 78, 77, 102, 123, 109, 93, 82, 64, 65, 69, 69, 63, 61, 51, 77, 107, 89, 87, 67, 59, 56, 54, 95, 55, 55, 94]
    Layer 12: dist=[21, 72, 79, 61, 87, 83, 66, 70, 63, 62, 74, 77, 86, 81, 82, 87, 39, 68, 59, 94, 102, 112, 97, 103, 93, 2, 107, 38, 81, 88, 113, 91]
    Layer 13: dist=[52, 68, 66, 62, 52, 51, 65, 40, 86, 63, 99, 122, 128, 115, 109, 124, 85, 72, 57, 61, 93, 55, 83, 90, 84, 59, 72, 76, 113, 111, 96, 99]
    Layer 14: dist=[44, 64, 65, 46, 62, 45, 64, 65, 54, 57, 70, 68, 69, 76, 65, 67, 77, 86, 51, 64, 65, 31, 51, 81, 52, 67, 73, 64, 85, 88, 8, 89]
    Layer 15: dist=[80, 44, 79, 38, 37, 38, 79, 67, 90, 60, 46, 104, 68, 107, 79, 89, 61, 57, 64, 68, 58, 60, 50, 51, 49, 34, 86, 62, 72, 84, 71, 49]
    Layer 16: dist=[61, 57, 74, 85, 55, 58, 48, 55, 54, 82, 73, 84, 90, 69, 86, 86, 68, 71, 60, 62, 115, 118, 110, 103, 71, 54, 64, 10, 58, 59, 65, 56]
    Layer 17: dist=[111, 95, 79, 67, 53, 57, 39, 47, 90, 108, 79, 100, 40, 57, 71, 74, 44, 61, 61, 42, 75, 98, 93, 97, 58, 55, 57, 52, 53, 79, 93, 67]
    Layer 18: dist=[34, 45, 35, 33, 56, 78, 74, 57, 64, 67, 66, 79, 61, 60, 57, 62, 46, 74, 72, 52, 68, 47, 65, 96, 58, 62, 61, 63, 52, 53, 79, 56]
    Layer 19: dist=[73, 64, 63, 62, 76, 103, 54, 71, 81, 85, 84, 93, 63, 57, 75, 63, 84, 85, 49, 49, 21, 50, 33, 49, 102, 106, 102, 116, 77, 77, 73, 72]
    Layer 20: dist=[89, 79, 80, 77, 78, 51, 49, 57, 40, 36, 43, 39, 92, 79, 87, 96, 45, 51, 56, 39, 73, 111, 101, 98, 125, 97, 105, 85, 93, 79, 108, 108]
    Layer 21: dist=[44, 50, 56, 68, 115, 65, 96, 118, 118, 61, 71, 69, 46, 41, 44, 42, 75, 75, 83, 65, 89, 99, 95, 96, 64, 62, 60, 80, 73, 79, 60, 88]
    Layer 22: dist=[73, 60, 67, 63, 52, 72, 45, 56, 37, 49, 45, 59, 18, 86, 61, 64, 33, 79, 76, 41, 102, 115, 120, 121, 101, 84, 91, 95, 114, 92, 103, 95]
    Layer 23: dist=[39, 30, 48, 39, 110, 111, 41, 102, 79, 36, 45, 63, 75, 72, 79, 77, 82, 75, 74, 94, 72, 93, 82, 76, 78, 72, 68, 100, 91, 90, 83, 78]
    Layer 24: dist=[79, 124, 109, 101, 99, 109, 111, 97, 102, 105, 104, 84, 78, 75, 89, 74, 81, 86, 98, 88, 120, 103, 102, 117, 65, 73, 79, 51, 95, 111, 98, 88]
    Layer 25: dist=[105, 121, 118, 94, 71, 72, 107, 80, 96, 97, 85, 90, 65, 89, 50, 68, 93, 99, 97, 89, 102, 111, 105, 108, 110, 110, 99, 108, 88, 125, 98, 88]
    Layer 26: dist=[80, 88, 106, 68, 115, 113, 113, 110, 102, 107, 105, 98, 100, 124, 116, 116, 86, 93, 99, 95, 102, 113, 122, 114, 99, 97, 102, 93, 115, 96, 114, 95]
    Layer 27: dist=[87, 108, 103, 117, 98, 105, 101, 86, 77, 100, 107, 99, 78, 109, 80, 86, 96, 99, 99, 104, 91, 112, 113, 92, 110, 113, 116, 117, 107, 77, 92, 117]
    Layer 28: dist=[103, 92, 102, 102, 82, 63, 80, 76, 96, 107, 92, 89, 112, 105, 96, 101, 112, 104, 104, 108, 119, 71, 60, 89, 91, 88, 99, 99, 92, 92, 71, 95]
    Layer 29: dist=[113, 114, 114, 113, 90, 112, 94, 114, 119, 113, 122, 105, 120, 120, 119, 120, 116, 106, 115, 121, 123, 123, 107, 125, 100, 114, 97, 92, 106, 95, 106, 109]
    Layer 30: dist=[75, 102, 99, 100, 102, 100, 90, 67, 117, 117, 115, 120, 105, 104, 113, 101, 97, 78, 120, 122, 51, 120, 100, 110, 119, 119, 119, 118, 106, 110, 107, 102]
    Layer 31: dist=[119, 117, 99, 98, 112, 113, 114, 116, 114, 77, 87, 91, 117, 116, 117, 115, 101, 101, 106, 94, 119, 116, 108, 119, 112, 109, 89, 120, 112, 106, 102, 110]
    Layer 32: dist=[110, 114, 114, 111, 116, 119, 116, 117, 110, 111, 117, 115, 93, 113, 108, 91, 118, 106, 109, 111, 123, 92, 114, 120, 71, 95, 80, 105, 116, 107, 99, 103]
    Layer 33: dist=[102, 120, 112, 119, 91, 102, 57, 94, 116, 116, 113, 113, 114, 115, 113, 116, 114, 117, 106, 109, 112, 96, 110, 113, 111, 119, 122, 118, 110, 111, 107, 104]
    Layer 34: dist=[110, 109, 112, 113, 105, 111, 108, 102, 53, 93, 114, 86, 117, 115, 120, 81, 82, 89, 126, 55, 119, 51, 118, 119, 122, 122, 125, 122, 54, 62, 68, 109]
    Layer 35: dist=[105, 123, 71, 97, 82, 36, 112, 100, 85, 94, 112, 96, 63, 28, 49, 40, 98, 74, 84, 48, 90, 102, 55, 54, 66, 49, 68, 72, 73, 115, 122, 117]

  [Taylor Step 2/3] OLS sigma per head (scaling V, streaming)...
    Layer  1: sigma=[0.348, 0.100, 0.100, 0.100, 0.100, 0.100, 0.100, 0.100, 0.100, 0.164, 0.244, 0.100, 0.100, 0.100, 0.100, 0.100, 0.100, 0.100, 0.100, 0.100, 0.100, 0.100, 0.100, 0.117, 0.100, 0.100, 0.113, 0.100, 0.100, 0.100, 0.100, 0.100]
    Layer  2: sigma=[0.100, 0.100, 0.100, 0.100, 0.100, 0.100, 0.100, 0.100, 0.109, 0.100, 0.100, 0.100, 0.100, 0.144, 0.100, 0.100, 0.100, 0.220, 0.100, 0.100, 0.100, 0.100, 0.100, 0.100, 0.100, 0.171, 0.100, 0.100, 0.100, 0.100, 0.100, 0.100]
    Layer  3: sigma=[0.100, 0.321, 0.100, 0.158, 0.100, 0.100, 0.100, 0.100, 0.100, 0.100, 0.100, 0.100, 0.100, 0.100, 0.100, 0.100, 0.100, 0.100, 0.100, 0.100, 0.100, 0.105, 0.100, 0.100, 0.100, 0.100, 0.100, 0.100, 0.100, 0.100, 0.100, 0.100]
    Layer  4: sigma=[0.100, 0.100, 0.100, 0.100, 0.100, 0.100, 0.100, 0.100, 0.100, 0.100, 0.100, 0.100, 0.100, 0.100, 0.100, 0.100, 0.100, 0.100, 0.100, 0.100, 0.131, 0.138, 0.314, 0.100, 0.100, 0.100, 0.100, 0.100, 0.100, 0.100, 0.100, 0.100]
    Layer  5: sigma=[0.100, 0.100, 0.100, 0.100, 0.100, 0.100, 0.100, 0.100, 0.100, 0.142, 0.100, 0.110, 0.100, 0.100, 0.100, 0.121, 0.100, 0.175, 0.100, 0.100, 0.100, 0.100, 0.100, 0.100, 0.100, 0.100, 0.100, 0.100, 0.100, 0.100, 0.100, 0.100]
    Layer  6: sigma=[0.100, 0.100, 0.100, 0.100, 0.100, 0.100, 0.100, 0.100, 0.100, 0.100, 0.100, 0.100, 0.100, 0.100, 0.100, 0.100, 0.100, 0.100, 0.100, 0.100, 0.154, 0.100, 0.100, 0.100, 0.100, 0.100, 0.100, 0.100, 0.100, 0.100, 0.100, 0.100]
    Layer  7: sigma=[0.100, 0.159, 0.100, 0.100, 0.124, 0.100, 0.100, 0.100, 0.100, 0.100, 0.100, 0.100, 0.100, 0.100, 0.100, 0.100, 0.100, 0.100, 0.100, 0.100, 0.100, 0.100, 0.100, 0.100, 0.100, 0.100, 0.100, 0.100, 0.100, 0.100, 0.100, 0.100]
    Layer  8: sigma=[0.100, 0.100, 0.100, 0.100, 0.100, 0.100, 0.100, 0.100, 0.100, 0.100, 0.100, 0.100, 0.100, 0.100, 0.100, 0.100, 0.100, 0.100, 0.100, 0.100, 0.100, 0.100, 0.100, 0.100, 0.100, 0.100, 0.100, 0.174, 0.100, 0.100, 0.100, 0.100]
    Layer  9: sigma=[0.100, 0.100, 0.100, 0.100, 0.100, 0.100, 0.100, 0.100, 0.100, 0.100, 0.100, 0.100, 0.100, 0.100, 0.550, 0.137, 0.100, 0.100, 0.100, 0.100, 0.100, 0.100, 0.100, 0.100, 0.100, 0.100, 0.100, 0.100, 0.100, 0.100, 0.100, 0.100]
    Layer 10: sigma=[0.100, 0.100, 0.100, 0.100, 0.100, 0.100, 0.100, 0.100, 0.100, 0.100, 0.100, 0.100, 0.100, 0.100, 0.100, 0.100, 0.100, 0.100, 0.100, 0.100, 0.100, 0.100, 0.100, 0.100, 0.100, 0.100, 0.100, 0.100, 0.100, 0.100, 0.100, 0.100]
    Layer 11: sigma=[0.100, 0.100, 0.100, 0.100, 0.142, 0.100, 0.100, 0.100, 0.100, 0.103, 0.100, 0.100, 0.100, 0.100, 0.267, 0.100, 0.100, 0.100, 0.100, 0.100, 0.100, 0.100, 0.100, 0.100, 0.100, 0.100, 0.170, 0.100, 0.100, 0.100, 0.100, 0.100]
    Layer 12: sigma=[0.100, 0.100, 0.100, 0.100, 0.100, 0.100, 0.100, 0.100, 0.100, 0.102, 0.100, 0.109, 0.100, 0.100, 0.100, 0.100, 0.100, 0.329, 0.177, 0.100, 0.100, 0.100, 0.100, 0.100, 0.100, 0.100, 0.100, 0.208, 0.100, 0.100, 0.116, 0.100]
    Layer 13: sigma=[0.221, 0.100, 0.100, 0.291, 0.100, 0.100, 0.100, 0.100, 0.100, 0.100, 0.100, 0.100, 0.100, 0.100, 0.100, 0.100, 0.100, 0.100, 0.100, 0.115, 0.100, 0.100, 0.100, 0.100, 0.100, 0.100, 0.100, 0.100, 0.100, 0.100, 0.100, 0.100]
    Layer 14: sigma=[0.100, 0.100, 0.100, 0.100, 0.100, 0.373, 0.100, 0.100, 0.100, 0.100, 0.100, 0.100, 0.100, 0.100, 0.100, 0.100, 0.100, 0.100, 0.100, 0.100, 0.100, 0.100, 0.100, 0.100, 0.111, 0.114, 0.100, 0.100, 0.100, 0.100, 0.100, 0.100]
    Layer 15: sigma=[0.100, 0.170, 0.100, 0.100, 0.100, 0.109, 0.100, 0.100, 0.100, 0.100, 0.100, 0.100, 0.206, 0.100, 0.100, 0.100, 0.100, 0.100, 0.100, 0.100, 0.100, 0.100, 0.100, 0.100, 0.154, 0.100, 0.100, 0.100, 0.100, 0.100, 0.100, 0.100]
    Layer 16: sigma=[0.100, 0.100, 0.100, 0.100, 0.100, 0.100, 0.100, 0.100, 0.100, 0.100, 0.100, 0.100, 0.100, 0.100, 0.100, 0.100, 0.100, 0.100, 0.100, 0.100, 0.100, 0.100, 0.100, 0.100, 0.100, 0.100, 0.100, 0.396, 0.100, 0.100, 0.100, 0.100]
    Layer 17: sigma=[0.100, 0.100, 0.100, 0.100, 0.100, 0.129, 0.100, 0.100, 0.100, 0.100, 0.100, 0.100, 0.100, 0.100, 0.100, 0.100, 0.145, 0.100, 0.100, 0.373, 0.100, 0.100, 0.100, 0.105, 0.171, 0.100, 0.416, 0.100, 0.100, 0.100, 0.100, 0.100]
    Layer 18: sigma=[0.100, 0.395, 0.100, 0.100, 0.100, 0.100, 0.100, 0.196, 0.100, 0.100, 0.100, 0.100, 0.100, 0.100, 0.100, 0.100, 0.136, 0.100, 0.100, 0.100, 0.100, 0.100, 0.100, 0.100, 0.100, 0.100, 0.100, 0.100, 0.100, 0.100, 0.100, 0.100]
    Layer 19: sigma=[0.100, 0.100, 0.100, 0.100, 0.100, 0.100, 0.100, 0.100, 0.100, 0.100, 0.100, 0.100, 0.154, 0.100, 0.100, 0.182, 0.100, 0.100, 0.100, 0.296, 0.100, 0.100, 0.100, 0.100, 0.100, 0.100, 0.100, 0.100, 0.100, 0.100, 0.100, 0.100]
    Layer 20: sigma=[0.100, 0.100, 0.100, 0.100, 0.100, 0.205, 0.100, 0.100, 0.146, 0.100, 0.100, 0.100, 0.100, 0.100, 0.100, 0.115, 0.100, 0.126, 0.100, 0.100, 0.100, 0.100, 0.100, 0.100, 0.100, 0.100, 0.100, 0.100, 0.100, 0.100, 0.100, 0.100]
    Layer 21: sigma=[0.100, 0.110, 0.100, 0.100, 0.100, 0.100, 0.100, 0.100, 0.100, 0.144, 0.100, 0.299, 0.100, 0.100, 0.131, 0.100, 0.100, 0.100, 0.100, 0.100, 0.100, 0.105, 0.100, 0.100, 0.163, 0.100, 0.100, 0.100, 0.100, 0.100, 0.220, 0.100]
    Layer 22: sigma=[0.129, 0.100, 0.100, 0.100, 0.167, 0.140, 0.100, 0.217, 0.119, 0.100, 0.100, 0.100, 0.100, 0.100, 0.100, 0.100, 0.100, 0.100, 0.100, 0.100, 0.100, 0.100, 0.100, 0.100, 0.100, 0.100, 0.100, 0.100, 0.100, 0.100, 0.100, 0.100]
    Layer 23: sigma=[0.187, 0.298, 0.211, 0.100, 0.100, 0.100, 0.127, 0.100, 0.100, 0.260, 0.100, 0.100, 0.100, 0.100, 0.100, 0.100, 0.100, 0.100, 0.100, 0.100, 0.100, 0.100, 0.100, 0.100, 0.100, 0.100, 0.100, 0.100, 0.100, 0.100, 0.154, 0.262]
    Layer 24: sigma=[0.100, 0.100, 0.100, 0.100, 0.100, 0.100, 0.100, 0.100, 0.100, 0.100, 0.100, 0.100, 0.100, 0.100, 0.100, 0.136, 0.100, 0.100, 0.100, 0.100, 0.100, 0.100, 0.100, 0.100, 0.222, 0.396, 0.100, 0.385, 0.100, 0.100, 0.100, 0.100]
    Layer 25: sigma=[0.100, 0.100, 0.100, 0.100, 0.106, 0.100, 0.100, 0.100, 0.100, 0.100, 0.100, 0.100, 0.100, 0.100, 0.100, 0.100, 0.100, 0.100, 0.100, 0.100, 0.100, 0.100, 0.100, 0.100, 0.100, 0.100, 0.100, 0.100, 0.100, 0.100, 0.100, 0.100]
    Layer 26: sigma=[0.100, 0.100, 0.100, 0.100, 0.100, 0.100, 0.100, 0.100, 0.100, 0.100, 0.100, 0.100, 0.100, 0.100, 0.100, 0.100, 0.100, 0.100, 0.100, 0.100, 0.100, 0.100, 0.100, 0.100, 0.100, 0.100, 0.100, 0.100, 0.100, 0.100, 0.100, 0.100]
    Layer 27: sigma=[0.100, 0.100, 0.100, 0.100, 0.100, 0.100, 0.100, 0.100, 0.100, 0.100, 0.100, 0.100, 0.100, 0.100, 0.100, 0.100, 0.100, 0.100, 0.100, 0.100, 0.100, 0.100, 0.100, 0.100, 0.100, 0.100, 0.100, 0.100, 0.100, 0.100, 0.100, 0.100]
    Layer 28: sigma=[0.100, 0.100, 0.100, 0.100, 0.100, 0.100, 0.100, 0.108, 0.100, 0.100, 0.100, 0.100, 0.100, 0.100, 0.100, 0.100, 0.100, 0.100, 0.100, 0.100, 0.100, 0.100, 0.100, 0.100, 0.100, 0.100, 0.100, 0.100, 0.100, 0.100, 0.100, 0.100]
    Layer 29: sigma=[0.100, 0.100, 0.100, 0.100, 0.100, 0.100, 0.100, 0.100, 0.100, 0.100, 0.100, 0.100, 0.100, 0.100, 0.100, 0.100, 0.100, 0.100, 0.100, 0.100, 0.100, 0.100, 0.100, 0.100, 0.100, 0.100, 0.100, 0.100, 0.100, 0.100, 0.100, 0.100]
    Layer 30: sigma=[0.100, 0.100, 0.100, 0.100, 0.100, 0.100, 0.100, 0.100, 0.100, 0.100, 0.100, 0.100, 0.100, 0.100, 0.100, 0.100, 0.100, 0.100, 0.100, 0.100, 0.100, 0.100, 0.100, 0.100, 0.100, 0.100, 0.100, 0.100, 0.100, 0.100, 0.100, 0.100]
    Layer 31: sigma=[0.100, 0.100, 0.100, 0.100, 0.100, 0.100, 0.100, 0.100, 0.100, 0.100, 0.100, 0.100, 0.100, 0.100, 0.100, 0.100, 0.100, 0.100, 0.100, 0.102, 0.100, 0.100, 0.100, 0.100, 0.100, 0.100, 0.100, 0.100, 0.100, 0.100, 0.100, 0.100]
    Layer 32: sigma=[0.100, 0.100, 0.100, 0.100, 0.100, 0.100, 0.100, 0.100, 0.100, 0.100, 0.100, 0.100, 0.100, 0.100, 0.100, 0.100, 0.100, 0.100, 0.100, 0.100, 0.100, 0.100, 0.100, 0.100, 0.100, 0.100, 0.100, 0.100, 0.100, 0.100, 0.100, 0.100]
    Layer 33: sigma=[0.100, 0.100, 0.100, 0.100, 0.100, 0.100, 0.100, 0.100, 0.100, 0.100, 0.100, 0.100, 0.100, 0.100, 0.100, 0.100, 0.100, 0.100, 0.100, 0.100, 0.100, 0.100, 0.100, 0.100, 0.100, 0.100, 0.100, 0.100, 0.100, 0.100, 0.100, 0.100]
    Layer 34: sigma=[0.100, 0.100, 0.100, 0.100, 0.100, 0.100, 0.100, 0.100, 0.100, 0.100, 0.100, 0.100, 0.100, 0.100, 0.100, 0.100, 0.100, 0.100, 0.100, 0.100, 0.100, 0.100, 0.100, 0.100, 0.100, 0.100, 0.100, 0.100, 0.100, 0.100, 0.100, 0.100]
    Layer 35: sigma=[0.100, 0.100, 0.100, 0.100, 0.100, 0.100, 0.100, 0.100, 0.100, 0.100, 0.100, 0.100, 0.100, 0.100, 0.100, 0.100, 0.100, 0.100, 0.100, 0.100, 0.100, 0.100, 0.117, 0.100, 0.100, 0.100, 0.100, 0.100, 0.100, 0.100, 0.100, 0.100]

  [Taylor Step 3/3] g_proj = v_proj * alpha (damping=0.01)...
    Layer  1: alpha=0.061065  teacher_rms=0.0205  v_rms=0.0034
    Layer  2: alpha=0.057041  teacher_rms=0.0214  v_rms=0.0038
    Layer  3: alpha=0.048779  teacher_rms=0.0259  v_rms=0.0053
    Layer  4: alpha=0.047477  teacher_rms=0.0304  v_rms=0.0064
    Layer  5: alpha=0.061872  teacher_rms=0.0409  v_rms=0.0066
    Layer  6: alpha=0.078393  teacher_rms=0.0621  v_rms=0.0079
    Layer  7: alpha=0.045721  teacher_rms=0.0530  v_rms=0.0116
    Layer  8: alpha=0.047499  teacher_rms=0.0708  v_rms=0.0149
    Layer  9: alpha=0.035797  teacher_rms=0.0713  v_rms=0.0199
    Layer 10: alpha=0.051225  teacher_rms=0.1092  v_rms=0.0213
    Layer 11: alpha=0.061918  teacher_rms=0.1046  v_rms=0.0169
    Layer 12: alpha=0.059652  teacher_rms=0.1207  v_rms=0.0202
    Layer 13: alpha=0.054431  teacher_rms=0.1040  v_rms=0.0191
    Layer 14: alpha=0.065697  teacher_rms=0.1547  v_rms=0.0235
    Layer 15: alpha=0.058063  teacher_rms=0.1576  v_rms=0.0272
    Layer 16: alpha=0.042738  teacher_rms=0.1473  v_rms=0.0345
    Layer 17: alpha=0.043772  teacher_rms=0.1753  v_rms=0.0401
    Layer 18: alpha=0.048720  teacher_rms=0.1990  v_rms=0.0408
    Layer 19: alpha=0.054856  teacher_rms=0.2060  v_rms=0.0376
    Layer 20: alpha=0.056315  teacher_rms=0.1966  v_rms=0.0349
    Layer 21: alpha=0.052080  teacher_rms=0.2373  v_rms=0.0456
    Layer 22: alpha=0.056283  teacher_rms=0.2834  v_rms=0.0504
    Layer 23: alpha=0.048819  teacher_rms=0.3098  v_rms=0.0635
    Layer 24: alpha=0.032879  teacher_rms=0.2897  v_rms=0.0881
    Layer 25: alpha=0.039993  teacher_rms=0.2376  v_rms=0.0594
    Layer 26: alpha=0.029256  teacher_rms=0.2124  v_rms=0.0726
    Layer 27: alpha=0.037093  teacher_rms=0.3083  v_rms=0.0831
    Layer 28: alpha=0.042679  teacher_rms=0.3705  v_rms=0.0868
    Layer 29: alpha=0.017344  teacher_rms=0.2548  v_rms=0.1469
    Layer 30: alpha=0.029045  teacher_rms=0.4297  v_rms=0.1480
    Layer 31: alpha=0.021207  teacher_rms=0.3785  v_rms=0.1785
    Layer 32: alpha=0.023899  teacher_rms=0.5288  v_rms=0.2213
    Layer 33: alpha=0.018560  teacher_rms=0.6404  v_rms=0.3451
    Layer 34: alpha=0.033190  teacher_rms=1.0325  v_rms=0.3111
    Layer 35: alpha=0.059849  teacher_rms=1.0168  v_rms=0.1699

  Set g_proj = v_proj * alpha in 35 GDN layers (damping=0.01).
  Init (taylor_init) done in 382.9s
  Layer 0: PPL = 2849403.75  (eval 42.7s)

============================================================
  Probing layer 1 | strategy=taylor_init
============================================================
Loading checkpoint shards:   0%|          | 0/4 [00:00<?, ?it/s]Loading checkpoint shards: 100%|██████████| 4/4 [00:00<00:00, 150.66it/s]
Could not cache non-existence of file. Will ignore error and continue. Error: [Errno 13] Permission denied: '/data/shared/huggingface/hub/models--Qwen--Qwen3-8B/.no_exist/b968826d9c46dd6066d109eabc6255188de91218/model.safetensors'
Loading checkpoint shards:   0%|          | 0/5 [00:00<?, ?it/s]Loading checkpoint shards: 100%|██████████| 5/5 [00:00<00:00, 177.00it/s]
Token indices sequence length is longer than the specified maximum sequence length for this model (2429029 > 131072). Running this sequence through the model will result in indexing errors
  [Taylor Step 1/3] Gate calibration from attention stats...
    Layer  0: dist=[32, 3, 12, 35, 12, 26, 9, 11, 19, 6, 8, 9, 18, 34, 31, 10, 16, 19, 16, 14, 13, 23, 4, 12, 5, 52, 10, 43, 15, 36, 15, 14]
    Layer  2: dist=[65, 65, 67, 62, 26, 45, 33, 43, 39, 47, 56, 56, 53, 46, 46, 60, 61, 49, 54, 43, 49, 67, 48, 50, 25, 24, 21, 35, 73, 73, 77, 74]
    Layer  3: dist=[65, 26, 13, 22, 87, 93, 83, 73, 56, 53, 62, 58, 90, 73, 75, 74, 59, 62, 51, 67, 74, 60, 64, 65, 64, 56, 52, 59, 70, 63, 72, 65]
    Layer  4: dist=[62, 63, 73, 67, 73, 56, 61, 89, 68, 69, 63, 60, 55, 55, 71, 61, 62, 65, 67, 70, 64, 61, 47, 64, 41, 51, 48, 34, 51, 66, 55, 55]
    Layer  5: dist=[36, 48, 55, 35, 61, 68, 52, 51, 5, 18, 73, 61, 54, 78, 59, 52, 41, 32, 50, 48, 51, 55, 48, 59, 73, 73, 80, 80, 43, 44, 46, 58]
    Layer  6: dist=[27, 40, 30, 31, 52, 46, 67, 61, 46, 25, 43, 38, 56, 64, 56, 30, 47, 34, 45, 40, 20, 30, 32, 14, 35, 50, 32, 49, 47, 43, 37, 53]
    Layer  7: dist=[55, 60, 64, 87, 126, 114, 127, 121, 88, 119, 99, 72, 108, 23, 53, 97, 80, 101, 85, 81, 106, 86, 112, 116, 64, 78, 47, 86, 97, 101, 101, 106]
    Layer  8: dist=[83, 87, 90, 58, 81, 77, 69, 78, 86, 99, 87, 90, 94, 86, 96, 70, 116, 107, 103, 96, 92, 106, 100, 111, 92, 72, 95, 67, 84, 72, 79, 74]
    Layer  9: dist=[76, 60, 61, 67, 83, 97, 96, 74, 123, 120, 118, 112, 27, 87, 63, 85, 93, 100, 114, 125, 87, 77, 60, 70, 119, 81, 91, 97, 125, 113, 127, 123]
    Layer 10: dist=[76, 71, 58, 74, 85, 102, 64, 74, 63, 88, 106, 49, 88, 67, 82, 86, 87, 102, 100, 107, 88, 60, 107, 90, 93, 107, 84, 77, 76, 65, 82, 90]
    Layer 11: dist=[78, 65, 79, 48, 53, 61, 78, 77, 102, 123, 109, 93, 82, 64, 65, 69, 69, 63, 61, 51, 77, 107, 89, 87, 67, 59, 56, 54, 95, 55, 55, 94]
    Layer 12: dist=[21, 72, 79, 61, 87, 83, 66, 70, 63, 62, 74, 77, 86, 81, 82, 87, 39, 68, 59, 94, 102, 112, 97, 103, 93, 2, 107, 38, 81, 88, 113, 91]
    Layer 13: dist=[52, 68, 66, 62, 52, 51, 65, 40, 86, 63, 99, 122, 128, 115, 109, 124, 85, 72, 57, 61, 93, 55, 83, 90, 84, 59, 72, 76, 113, 111, 96, 99]
    Layer 14: dist=[44, 64, 65, 46, 62, 45, 64, 65, 54, 57, 70, 68, 69, 76, 65, 67, 77, 86, 51, 64, 65, 31, 51, 81, 52, 67, 73, 64, 85, 88, 8, 89]
    Layer 15: dist=[80, 44, 79, 38, 37, 38, 79, 67, 90, 60, 46, 104, 68, 107, 79, 89, 61, 57, 64, 68, 58, 60, 50, 51, 49, 34, 86, 62, 72, 84, 71, 49]
    Layer 16: dist=[61, 57, 74, 85, 55, 58, 48, 55, 54, 82, 73, 84, 90, 69, 86, 86, 68, 71, 60, 62, 115, 118, 110, 103, 71, 54, 64, 10, 58, 59, 65, 56]
    Layer 17: dist=[111, 95, 79, 67, 53, 57, 39, 47, 90, 108, 79, 100, 40, 57, 71, 74, 44, 61, 61, 42, 75, 98, 93, 97, 58, 55, 57, 52, 53, 79, 93, 67]
    Layer 18: dist=[34, 45, 35, 33, 56, 78, 74, 57, 64, 67, 66, 79, 61, 60, 57, 62, 46, 74, 72, 52, 68, 47, 65, 96, 58, 62, 61, 63, 52, 53, 79, 56]
    Layer 19: dist=[73, 64, 63, 62, 76, 103, 54, 71, 81, 85, 84, 93, 63, 57, 75, 63, 84, 85, 49, 49, 21, 50, 33, 49, 102, 106, 102, 116, 77, 77, 73, 72]
    Layer 20: dist=[89, 79, 80, 77, 78, 51, 49, 57, 40, 36, 43, 39, 92, 79, 87, 96, 45, 51, 56, 39, 73, 111, 101, 98, 125, 97, 105, 85, 93, 79, 108, 108]
    Layer 21: dist=[44, 50, 56, 68, 115, 65, 96, 118, 118, 61, 71, 69, 46, 41, 44, 42, 75, 75, 83, 65, 89, 99, 95, 96, 64, 62, 60, 80, 73, 79, 60, 88]
    Layer 22: dist=[73, 60, 67, 63, 52, 72, 45, 56, 37, 49, 45, 59, 18, 86, 61, 64, 33, 79, 76, 41, 102, 115, 120, 121, 101, 84, 91, 95, 114, 92, 103, 95]
    Layer 23: dist=[39, 30, 48, 39, 110, 111, 41, 102, 79, 36, 45, 63, 75, 72, 79, 77, 82, 75, 74, 94, 72, 93, 82, 76, 78, 72, 68, 100, 91, 90, 83, 78]
    Layer 24: dist=[79, 124, 109, 101, 99, 109, 111, 97, 102, 105, 104, 84, 78, 75, 89, 74, 81, 86, 98, 88, 120, 103, 102, 117, 65, 73, 79, 51, 95, 111, 98, 88]
    Layer 25: dist=[105, 121, 118, 94, 71, 72, 107, 80, 96, 97, 85, 90, 65, 89, 50, 68, 93, 99, 97, 89, 102, 111, 105, 108, 110, 110, 99, 108, 88, 125, 98, 88]
    Layer 26: dist=[80, 88, 106, 68, 115, 113, 113, 110, 102, 107, 105, 98, 100, 124, 116, 116, 86, 93, 99, 95, 102, 113, 122, 114, 99, 97, 102, 93, 115, 96, 114, 95]
    Layer 27: dist=[87, 108, 103, 117, 98, 105, 101, 86, 77, 100, 107, 99, 78, 109, 80, 86, 96, 99, 99, 104, 91, 112, 113, 92, 110, 113, 116, 117, 107, 77, 92, 117]
    Layer 28: dist=[103, 92, 102, 102, 82, 63, 80, 76, 96, 107, 92, 89, 112, 105, 96, 101, 112, 104, 104, 108, 119, 71, 60, 89, 91, 88, 99, 99, 92, 92, 71, 95]
    Layer 29: dist=[113, 114, 114, 113, 90, 112, 94, 114, 119, 113, 122, 105, 120, 120, 119, 120, 116, 106, 115, 121, 123, 123, 107, 125, 100, 114, 97, 92, 106, 95, 106, 109]
    Layer 30: dist=[75, 102, 99, 100, 102, 100, 90, 67, 117, 117, 115, 120, 105, 104, 113, 101, 97, 78, 120, 122, 51, 120, 100, 110, 119, 119, 119, 118, 106, 110, 107, 102]
    Layer 31: dist=[119, 117, 99, 98, 112, 113, 114, 116, 114, 77, 87, 91, 117, 116, 117, 115, 101, 101, 106, 94, 119, 116, 108, 119, 112, 109, 89, 120, 112, 106, 102, 110]
    Layer 32: dist=[110, 114, 114, 111, 116, 119, 116, 117, 110, 111, 117, 115, 93, 113, 108, 91, 118, 106, 109, 111, 123, 92, 114, 120, 71, 95, 80, 105, 116, 107, 99, 103]
    Layer 33: dist=[102, 120, 112, 119, 91, 102, 57, 94, 116, 116, 113, 113, 114, 115, 113, 116, 114, 117, 106, 109, 112, 96, 110, 113, 111, 119, 122, 118, 110, 111, 107, 104]
    Layer 34: dist=[110, 109, 112, 113, 105, 111, 108, 102, 53, 93, 114, 86, 117, 115, 120, 81, 82, 89, 126, 55, 119, 51, 118, 119, 122, 122, 125, 122, 54, 62, 68, 109]
    Layer 35: dist=[105, 123, 71, 97, 82, 36, 112, 100, 85, 94, 112, 96, 63, 28, 49, 40, 98, 74, 84, 48, 90, 102, 55, 54, 66, 49, 68, 72, 73, 115, 122, 117]

  [Taylor Step 2/3] OLS sigma per head (scaling V, streaming)...
    Layer  0: sigma=[0.611, 0.100, 0.100, 0.100, 0.333, 0.380, 0.100, 0.100, 0.100, 0.148, 0.100, 0.100, 0.100, 0.100, 0.100, 0.258, 0.100, 0.100, 0.100, 0.100, 0.100, 0.100, 0.100, 0.100, 0.100, 0.100, 0.350, 0.100, 0.100, 0.100, 0.161, 0.100]
    Layer  2: sigma=[0.100, 0.100, 0.100, 0.100, 0.100, 0.100, 0.100, 0.100, 0.108, 0.100, 0.100, 0.100, 0.100, 0.146, 0.100, 0.100, 0.100, 0.218, 0.100, 0.100, 0.100, 0.100, 0.100, 0.100, 0.100, 0.171, 0.100, 0.100, 0.100, 0.100, 0.100, 0.100]
    Layer  3: sigma=[0.100, 0.325, 0.100, 0.156, 0.100, 0.100, 0.100, 0.100, 0.100, 0.100, 0.100, 0.100, 0.100, 0.100, 0.100, 0.100, 0.100, 0.100, 0.100, 0.100, 0.100, 0.106, 0.100, 0.100, 0.100, 0.100, 0.100, 0.100, 0.100, 0.100, 0.100, 0.100]
    Layer  4: sigma=[0.100, 0.100, 0.100, 0.100, 0.100, 0.100, 0.100, 0.100, 0.100, 0.100, 0.100, 0.100, 0.100, 0.100, 0.100, 0.100, 0.100, 0.100, 0.100, 0.100, 0.133, 0.139, 0.319, 0.100, 0.100, 0.100, 0.100, 0.100, 0.100, 0.100, 0.100, 0.100]
    Layer  5: sigma=[0.100, 0.100, 0.100, 0.100, 0.100, 0.100, 0.100, 0.100, 0.100, 0.137, 0.100, 0.110, 0.100, 0.100, 0.100, 0.123, 0.100, 0.182, 0.100, 0.100, 0.100, 0.100, 0.100, 0.100, 0.100, 0.100, 0.100, 0.100, 0.100, 0.100, 0.100, 0.100]
    Layer  6: sigma=[0.100, 0.100, 0.100, 0.100, 0.100, 0.100, 0.100, 0.100, 0.100, 0.100, 0.100, 0.100, 0.100, 0.100, 0.100, 0.100, 0.100, 0.100, 0.100, 0.100, 0.160, 0.100, 0.100, 0.100, 0.100, 0.100, 0.100, 0.100, 0.100, 0.100, 0.100, 0.100]
    Layer  7: sigma=[0.100, 0.141, 0.100, 0.100, 0.113, 0.100, 0.100, 0.100, 0.100, 0.100, 0.100, 0.102, 0.100, 0.100, 0.100, 0.100, 0.100, 0.100, 0.100, 0.100, 0.100, 0.100, 0.100, 0.100, 0.100, 0.100, 0.100, 0.100, 0.100, 0.100, 0.100, 0.100]
    Layer  8: sigma=[0.100, 0.100, 0.100, 0.100, 0.100, 0.100, 0.100, 0.100, 0.100, 0.100, 0.100, 0.100, 0.100, 0.100, 0.100, 0.100, 0.100, 0.100, 0.100, 0.100, 0.100, 0.100, 0.100, 0.100, 0.100, 0.100, 0.100, 0.184, 0.100, 0.100, 0.100, 0.100]
    Layer  9: sigma=[0.100, 0.100, 0.100, 0.100, 0.100, 0.100, 0.100, 0.100, 0.100, 0.100, 0.100, 0.100, 0.100, 0.100, 0.614, 0.133, 0.100, 0.100, 0.100, 0.100, 0.100, 0.100, 0.100, 0.100, 0.100, 0.100, 0.100, 0.100, 0.100, 0.100, 0.100, 0.100]
    Layer 10: sigma=[0.100, 0.100, 0.100, 0.100, 0.100, 0.100, 0.100, 0.100, 0.100, 0.100, 0.100, 0.100, 0.100, 0.100, 0.100, 0.100, 0.100, 0.100, 0.100, 0.100, 0.100, 0.100, 0.100, 0.100, 0.100, 0.100, 0.100, 0.100, 0.100, 0.100, 0.100, 0.100]
    Layer 11: sigma=[0.100, 0.100, 0.100, 0.100, 0.149, 0.100, 0.100, 0.100, 0.100, 0.117, 0.100, 0.100, 0.100, 0.100, 0.237, 0.100, 0.100, 0.100, 0.100, 0.100, 0.100, 0.100, 0.100, 0.100, 0.100, 0.100, 0.152, 0.100, 0.100, 0.100, 0.100, 0.100]
    Layer 12: sigma=[0.100, 0.100, 0.100, 0.100, 0.100, 0.100, 0.100, 0.100, 0.100, 0.105, 0.100, 0.105, 0.100, 0.100, 0.100, 0.100, 0.100, 0.311, 0.181, 0.100, 0.100, 0.100, 0.100, 0.100, 0.100, 0.100, 0.100, 0.205, 0.100, 0.100, 0.118, 0.100]
    Layer 13: sigma=[0.224, 0.100, 0.100, 0.352, 0.100, 0.100, 0.100, 0.100, 0.100, 0.100, 0.100, 0.100, 0.100, 0.100, 0.100, 0.100, 0.100, 0.100, 0.100, 0.112, 0.100, 0.100, 0.100, 0.100, 0.100, 0.100, 0.100, 0.100, 0.100, 0.100, 0.100, 0.100]
    Layer 14: sigma=[0.100, 0.100, 0.100, 0.100, 0.100, 0.369, 0.100, 0.100, 0.100, 0.100, 0.100, 0.100, 0.100, 0.100, 0.100, 0.100, 0.100, 0.100, 0.100, 0.100, 0.100, 0.100, 0.100, 0.100, 0.118, 0.113, 0.100, 0.100, 0.100, 0.100, 0.100, 0.100]
    Layer 15: sigma=[0.100, 0.194, 0.100, 0.100, 0.100, 0.112, 0.100, 0.100, 0.100, 0.100, 0.100, 0.100, 0.214, 0.100, 0.100, 0.100, 0.100, 0.100, 0.100, 0.100, 0.100, 0.100, 0.100, 0.100, 0.136, 0.100, 0.100, 0.100, 0.100, 0.100, 0.100, 0.100]
    Layer 16: sigma=[0.100, 0.100, 0.100, 0.100, 0.100, 0.100, 0.100, 0.100, 0.100, 0.100, 0.100, 0.100, 0.100, 0.100, 0.100, 0.100, 0.100, 0.100, 0.100, 0.100, 0.100, 0.100, 0.100, 0.100, 0.100, 0.100, 0.100, 0.450, 0.100, 0.100, 0.100, 0.100]
    Layer 17: sigma=[0.100, 0.100, 0.100, 0.100, 0.100, 0.147, 0.100, 0.100, 0.100, 0.100, 0.100, 0.100, 0.100, 0.100, 0.100, 0.100, 0.128, 0.100, 0.100, 0.401, 0.100, 0.100, 0.100, 0.107, 0.145, 0.100, 0.413, 0.100, 0.100, 0.100, 0.100, 0.100]
    Layer 18: sigma=[0.100, 0.509, 0.100, 0.100, 0.100, 0.100, 0.100, 0.192, 0.100, 0.100, 0.100, 0.100, 0.100, 0.100, 0.100, 0.100, 0.144, 0.100, 0.100, 0.100, 0.100, 0.100, 0.100, 0.100, 0.100, 0.100, 0.100, 0.100, 0.100, 0.100, 0.100, 0.100]
    Layer 19: sigma=[0.100, 0.100, 0.100, 0.100, 0.100, 0.100, 0.100, 0.100, 0.100, 0.100, 0.100, 0.100, 0.175, 0.100, 0.100, 0.222, 0.100, 0.100, 0.100, 0.286, 0.100, 0.100, 0.100, 0.110, 0.100, 0.100, 0.100, 0.100, 0.100, 0.100, 0.100, 0.100]
    Layer 20: sigma=[0.100, 0.100, 0.100, 0.100, 0.100, 0.172, 0.100, 0.100, 0.161, 0.105, 0.100, 0.100, 0.100, 0.100, 0.100, 0.127, 0.100, 0.112, 0.100, 0.100, 0.100, 0.100, 0.100, 0.100, 0.100, 0.100, 0.100, 0.100, 0.100, 0.100, 0.100, 0.100]
    Layer 21: sigma=[0.100, 0.121, 0.100, 0.100, 0.100, 0.100, 0.100, 0.100, 0.100, 0.123, 0.100, 0.301, 0.100, 0.100, 0.100, 0.100, 0.100, 0.100, 0.100, 0.105, 0.100, 0.112, 0.100, 0.100, 0.230, 0.100, 0.100, 0.100, 0.100, 0.100, 0.252, 0.100]
    Layer 22: sigma=[0.167, 0.100, 0.100, 0.100, 0.176, 0.101, 0.100, 0.178, 0.100, 0.100, 0.100, 0.100, 0.100, 0.100, 0.100, 0.105, 0.100, 0.100, 0.100, 0.100, 0.100, 0.100, 0.100, 0.100, 0.100, 0.100, 0.100, 0.100, 0.100, 0.100, 0.100, 0.100]
    Layer 23: sigma=[0.170, 0.296, 0.140, 0.100, 0.100, 0.100, 0.132, 0.100, 0.100, 0.228, 0.100, 0.100, 0.100, 0.100, 0.100, 0.100, 0.100, 0.100, 0.100, 0.100, 0.100, 0.100, 0.100, 0.100, 0.100, 0.100, 0.100, 0.100, 0.100, 0.100, 0.148, 0.268]
    Layer 24: sigma=[0.100, 0.100, 0.100, 0.100, 0.100, 0.100, 0.100, 0.100, 0.100, 0.100, 0.100, 0.100, 0.100, 0.100, 0.100, 0.167, 0.100, 0.100, 0.100, 0.100, 0.100, 0.100, 0.100, 0.100, 0.214, 0.383, 0.100, 0.319, 0.100, 0.100, 0.100, 0.100]
    Layer 25: sigma=[0.100, 0.100, 0.100, 0.100, 0.100, 0.100, 0.100, 0.100, 0.100, 0.100, 0.100, 0.100, 0.100, 0.100, 0.124, 0.100, 0.100, 0.100, 0.100, 0.100, 0.100, 0.100, 0.100, 0.100, 0.100, 0.100, 0.100, 0.100, 0.100, 0.100, 0.100, 0.100]
    Layer 26: sigma=[0.100, 0.100, 0.100, 0.100, 0.100, 0.100, 0.100, 0.100, 0.100, 0.100, 0.100, 0.100, 0.100, 0.100, 0.100, 0.100, 0.100, 0.100, 0.100, 0.100, 0.100, 0.100, 0.100, 0.100, 0.100, 0.100, 0.100, 0.100, 0.100, 0.100, 0.100, 0.100]
    Layer 27: sigma=[0.100, 0.100, 0.100, 0.100, 0.100, 0.100, 0.100, 0.100, 0.100, 0.100, 0.100, 0.100, 0.100, 0.100, 0.100, 0.100, 0.100, 0.100, 0.100, 0.100, 0.100, 0.100, 0.100, 0.100, 0.100, 0.100, 0.100, 0.100, 0.100, 0.100, 0.100, 0.100]
    Layer 28: sigma=[0.100, 0.100, 0.100, 0.100, 0.100, 0.114, 0.100, 0.176, 0.100, 0.100, 0.100, 0.100, 0.100, 0.100, 0.100, 0.100, 0.100, 0.100, 0.100, 0.100, 0.100, 0.100, 0.100, 0.100, 0.100, 0.100, 0.100, 0.100, 0.100, 0.100, 0.100, 0.100]
    Layer 29: sigma=[0.100, 0.100, 0.100, 0.100, 0.100, 0.100, 0.100, 0.100, 0.100, 0.100, 0.100, 0.100, 0.100, 0.100, 0.100, 0.100, 0.100, 0.100, 0.100, 0.100, 0.100, 0.100, 0.100, 0.100, 0.100, 0.100, 0.100, 0.100, 0.100, 0.100, 0.100, 0.100]
    Layer 30: sigma=[0.100, 0.100, 0.100, 0.100, 0.100, 0.100, 0.100, 0.100, 0.100, 0.100, 0.100, 0.100, 0.100, 0.100, 0.100, 0.100, 0.100, 0.100, 0.100, 0.100, 0.100, 0.100, 0.100, 0.100, 0.100, 0.100, 0.100, 0.100, 0.100, 0.100, 0.100, 0.100]
    Layer 31: sigma=[0.100, 0.100, 0.100, 0.100, 0.100, 0.100, 0.100, 0.100, 0.100, 0.100, 0.100, 0.100, 0.100, 0.100, 0.100, 0.100, 0.100, 0.100, 0.100, 0.120, 0.100, 0.100, 0.100, 0.100, 0.100, 0.100, 0.100, 0.100, 0.100, 0.100, 0.100, 0.100]
    Layer 32: sigma=[0.100, 0.100, 0.100, 0.100, 0.100, 0.100, 0.100, 0.100, 0.100, 0.100, 0.100, 0.100, 0.100, 0.100, 0.100, 0.100, 0.100, 0.100, 0.100, 0.100, 0.100, 0.100, 0.100, 0.100, 0.100, 0.100, 0.100, 0.100, 0.100, 0.100, 0.100, 0.100]
    Layer 33: sigma=[0.100, 0.100, 0.100, 0.100, 0.100, 0.100, 0.100, 0.100, 0.100, 0.100, 0.100, 0.100, 0.100, 0.100, 0.100, 0.100, 0.100, 0.100, 0.100, 0.100, 0.100, 0.100, 0.100, 0.100, 0.100, 0.100, 0.100, 0.100, 0.100, 0.100, 0.100, 0.100]
    Layer 34: sigma=[0.100, 0.100, 0.100, 0.100, 0.100, 0.100, 0.100, 0.100, 0.100, 0.100, 0.100, 0.100, 0.100, 0.106, 0.100, 0.100, 0.100, 0.100, 0.100, 0.159, 0.100, 0.100, 0.100, 0.100, 0.100, 0.100, 0.100, 0.100, 0.100, 0.100, 0.100, 0.100]
    Layer 35: sigma=[0.100, 0.100, 0.100, 0.100, 0.108, 0.100, 0.100, 0.100, 0.100, 0.100, 0.100, 0.100, 0.100, 0.100, 0.100, 0.100, 0.100, 0.100, 0.100, 0.100, 0.100, 0.100, 0.166, 0.100, 0.100, 0.100, 0.100, 0.100, 0.100, 0.100, 0.100, 0.100]

  [Taylor Step 3/3] g_proj = v_proj * alpha (damping=0.01)...
    Layer  0: alpha=0.060599  teacher_rms=0.0163  v_rms=0.0027
    Layer  2: alpha=0.057038  teacher_rms=0.0214  v_rms=0.0038
    Layer  3: alpha=0.048661  teacher_rms=0.0259  v_rms=0.0053
    Layer  4: alpha=0.047304  teacher_rms=0.0304  v_rms=0.0064
    Layer  5: alpha=0.061754  teacher_rms=0.0409  v_rms=0.0066
    Layer  6: alpha=0.078156  teacher_rms=0.0621  v_rms=0.0079
    Layer  7: alpha=0.046261  teacher_rms=0.0530  v_rms=0.0115
    Layer  8: alpha=0.047239  teacher_rms=0.0708  v_rms=0.0150
    Layer  9: alpha=0.033999  teacher_rms=0.0713  v_rms=0.0210
    Layer 10: alpha=0.051225  teacher_rms=0.1092  v_rms=0.0213
    Layer 11: alpha=0.063170  teacher_rms=0.1046  v_rms=0.0166
    Layer 12: alpha=0.060327  teacher_rms=0.1207  v_rms=0.0200
    Layer 13: alpha=0.052349  teacher_rms=0.1040  v_rms=0.0199
    Layer 14: alpha=0.065794  teacher_rms=0.1547  v_rms=0.0235
    Layer 15: alpha=0.057464  teacher_rms=0.1576  v_rms=0.0274
    Layer 16: alpha=0.041184  teacher_rms=0.1473  v_rms=0.0358
    Layer 17: alpha=0.043814  teacher_rms=0.1753  v_rms=0.0400
    Layer 18: alpha=0.043054  teacher_rms=0.1990  v_rms=0.0462
    Layer 19: alpha=0.053288  teacher_rms=0.2060  v_rms=0.0387
    Layer 20: alpha=0.057314  teacher_rms=0.1966  v_rms=0.0343
    Layer 21: alpha=0.050004  teacher_rms=0.2373  v_rms=0.0474
    Layer 22: alpha=0.056932  teacher_rms=0.2834  v_rms=0.0498
    Layer 23: alpha=0.050389  teacher_rms=0.3098  v_rms=0.0615
    Layer 24: alpha=0.034406  teacher_rms=0.2897  v_rms=0.0842
    Layer 25: alpha=0.039803  teacher_rms=0.2376  v_rms=0.0597
    Layer 26: alpha=0.029256  teacher_rms=0.2124  v_rms=0.0726
    Layer 27: alpha=0.037093  teacher_rms=0.3083  v_rms=0.0831
    Layer 28: alpha=0.041528  teacher_rms=0.3705  v_rms=0.0892
    Layer 29: alpha=0.017344  teacher_rms=0.2548  v_rms=0.1469
    Layer 30: alpha=0.029045  teacher_rms=0.4297  v_rms=0.1480
    Layer 31: alpha=0.021147  teacher_rms=0.3785  v_rms=0.1790
    Layer 32: alpha=0.023899  teacher_rms=0.5288  v_rms=0.2213
    Layer 33: alpha=0.018560  teacher_rms=0.6404  v_rms=0.3451
    Layer 34: alpha=0.032751  teacher_rms=1.0325  v_rms=0.3152
    Layer 35: alpha=0.058755  teacher_rms=1.0168  v_rms=0.1731

  Set g_proj = v_proj * alpha in 35 GDN layers (damping=0.01).
  Init (taylor_init) done in 341.2s
  Layer 1: PPL = 4168535.75  (eval 17.2s)

============================================================
  Probing layer 2 | strategy=taylor_init
============================================================
Loading checkpoint shards:   0%|          | 0/4 [00:00<?, ?it/s]Loading checkpoint shards: 100%|██████████| 4/4 [00:00<00:00, 160.38it/s]
Could not cache non-existence of file. Will ignore error and continue. Error: [Errno 13] Permission denied: '/data/shared/huggingface/hub/models--Qwen--Qwen3-8B/.no_exist/b968826d9c46dd6066d109eabc6255188de91218/model.safetensors'
Loading checkpoint shards:   0%|          | 0/5 [00:00<?, ?it/s]Loading checkpoint shards: 100%|██████████| 5/5 [00:00<00:00, 200.32it/s]
Token indices sequence length is longer than the specified maximum sequence length for this model (2429029 > 131072). Running this sequence through the model will result in indexing errors
  [Taylor Step 1/3] Gate calibration from attention stats...
    Layer  0: dist=[32, 3, 12, 35, 12, 26, 9, 11, 19, 6, 8, 9, 18, 34, 31, 10, 16, 19, 16, 14, 13, 23, 4, 12, 5, 52, 10, 43, 15, 36, 15, 14]
    Layer  1: dist=[19, 38, 25, 44, 3, 15, 31, 11, 45, 36, 65, 60, 34, 47, 51, 38, 32, 54, 57, 33, 56, 24, 40, 40, 37, 9, 44, 41, 83, 31, 37, 49]
    Layer  3: dist=[65, 26, 13, 22, 87, 93, 83, 73, 56, 53, 62, 58, 90, 73, 75, 74, 59, 62, 51, 67, 74, 60, 64, 65, 64, 56, 52, 59, 70, 63, 72, 65]
    Layer  4: dist=[62, 63, 73, 67, 73, 56, 61, 89, 68, 69, 63, 60, 55, 55, 71, 61, 62, 65, 67, 70, 64, 61, 47, 64, 41, 51, 48, 34, 51, 66, 55, 55]
    Layer  5: dist=[36, 48, 55, 35, 61, 68, 52, 51, 5, 18, 73, 61, 54, 78, 59, 52, 41, 32, 50, 48, 51, 55, 48, 59, 73, 73, 80, 80, 43, 44, 46, 58]
    Layer  6: dist=[27, 40, 30, 31, 52, 46, 67, 61, 46, 25, 43, 38, 56, 64, 56, 30, 47, 34, 45, 40, 20, 30, 32, 14, 35, 50, 32, 49, 47, 43, 37, 53]
    Layer  7: dist=[55, 60, 64, 87, 126, 114, 127, 121, 88, 119, 99, 72, 108, 23, 53, 97, 80, 101, 85, 81, 106, 86, 112, 116, 64, 78, 47, 86, 97, 101, 101, 106]
    Layer  8: dist=[83, 87, 90, 58, 81, 77, 69, 78, 86, 99, 87, 90, 94, 86, 96, 70, 116, 107, 103, 96, 92, 106, 100, 111, 92, 72, 95, 67, 84, 72, 79, 74]
    Layer  9: dist=[76, 60, 61, 67, 83, 97, 96, 74, 123, 120, 118, 112, 27, 87, 63, 85, 93, 100, 114, 125, 87, 77, 60, 70, 119, 81, 91, 97, 125, 113, 127, 123]
    Layer 10: dist=[76, 71, 58, 74, 85, 102, 64, 74, 63, 88, 106, 49, 88, 67, 82, 86, 87, 102, 100, 107, 88, 60, 107, 90, 93, 107, 84, 77, 76, 65, 82, 90]
    Layer 11: dist=[78, 65, 79, 48, 53, 61, 78, 77, 102, 123, 109, 93, 82, 64, 65, 69, 69, 63, 61, 51, 77, 107, 89, 87, 67, 59, 56, 54, 95, 55, 55, 94]
    Layer 12: dist=[21, 72, 79, 61, 87, 83, 66, 70, 63, 62, 74, 77, 86, 81, 82, 87, 39, 68, 59, 94, 102, 112, 97, 103, 93, 2, 107, 38, 81, 88, 113, 91]
    Layer 13: dist=[52, 68, 66, 62, 52, 51, 65, 40, 86, 63, 99, 122, 128, 115, 109, 124, 85, 72, 57, 61, 93, 55, 83, 90, 84, 59, 72, 76, 113, 111, 96, 99]
    Layer 14: dist=[44, 64, 65, 46, 62, 45, 64, 65, 54, 57, 70, 68, 69, 76, 65, 67, 77, 86, 51, 64, 65, 31, 51, 81, 52, 67, 73, 64, 85, 88, 8, 89]
    Layer 15: dist=[80, 44, 79, 38, 37, 38, 79, 67, 90, 60, 46, 104, 68, 107, 79, 89, 61, 57, 64, 68, 58, 60, 50, 51, 49, 34, 86, 62, 72, 84, 71, 49]
    Layer 16: dist=[61, 57, 74, 85, 55, 58, 48, 55, 54, 82, 73, 84, 90, 69, 86, 86, 68, 71, 60, 62, 115, 118, 110, 103, 71, 54, 64, 10, 58, 59, 65, 56]
    Layer 17: dist=[111, 95, 79, 67, 53, 57, 39, 47, 90, 108, 79, 100, 40, 57, 71, 74, 44, 61, 61, 42, 75, 98, 93, 97, 58, 55, 57, 52, 53, 79, 93, 67]
    Layer 18: dist=[34, 45, 35, 33, 56, 78, 74, 57, 64, 67, 66, 79, 61, 60, 57, 62, 46, 74, 72, 52, 68, 47, 65, 96, 58, 62, 61, 63, 52, 53, 79, 56]
    Layer 19: dist=[73, 64, 63, 62, 76, 103, 54, 71, 81, 85, 84, 93, 63, 57, 75, 63, 84, 85, 49, 49, 21, 50, 33, 49, 102, 106, 102, 116, 77, 77, 73, 72]
    Layer 20: dist=[89, 79, 80, 77, 78, 51, 49, 57, 40, 36, 43, 39, 92, 79, 87, 96, 45, 51, 56, 39, 73, 111, 101, 98, 125, 97, 105, 85, 93, 79, 108, 108]
    Layer 21: dist=[44, 50, 56, 68, 115, 65, 96, 118, 118, 61, 71, 69, 46, 41, 44, 42, 75, 75, 83, 65, 89, 99, 95, 96, 64, 62, 60, 80, 73, 79, 60, 88]
    Layer 22: dist=[73, 60, 67, 63, 52, 72, 45, 56, 37, 49, 45, 59, 18, 86, 61, 64, 33, 79, 76, 41, 102, 115, 120, 121, 101, 84, 91, 95, 114, 92, 103, 95]
    Layer 23: dist=[39, 30, 48, 39, 110, 111, 41, 102, 79, 36, 45, 63, 75, 72, 79, 77, 82, 75, 74, 94, 72, 93, 82, 76, 78, 72, 68, 100, 91, 90, 83, 78]
    Layer 24: dist=[79, 124, 109, 101, 99, 109, 111, 97, 102, 105, 104, 84, 78, 75, 89, 74, 81, 86, 98, 88, 120, 103, 102, 117, 65, 73, 79, 51, 95, 111, 98, 88]
    Layer 25: dist=[105, 121, 118, 94, 71, 72, 107, 80, 96, 97, 85, 90, 65, 89, 50, 68, 93, 99, 97, 89, 102, 111, 105, 108, 110, 110, 99, 108, 88, 125, 98, 88]
    Layer 26: dist=[80, 88, 106, 68, 115, 113, 113, 110, 102, 107, 105, 98, 100, 124, 116, 116, 86, 93, 99, 95, 102, 113, 122, 114, 99, 97, 102, 93, 115, 96, 114, 95]
    Layer 27: dist=[87, 108, 103, 117, 98, 105, 101, 86, 77, 100, 107, 99, 78, 109, 80, 86, 96, 99, 99, 104, 91, 112, 113, 92, 110, 113, 116, 117, 107, 77, 92, 117]
    Layer 28: dist=[103, 92, 102, 102, 82, 63, 80, 76, 96, 107, 92, 89, 112, 105, 96, 101, 112, 104, 104, 108, 119, 71, 60, 89, 91, 88, 99, 99, 92, 92, 71, 95]
    Layer 29: dist=[113, 114, 114, 113, 90, 112, 94, 114, 119, 113, 122, 105, 120, 120, 119, 120, 116, 106, 115, 121, 123, 123, 107, 125, 100, 114, 97, 92, 106, 95, 106, 109]
    Layer 30: dist=[75, 102, 99, 100, 102, 100, 90, 67, 117, 117, 115, 120, 105, 104, 113, 101, 97, 78, 120, 122, 51, 120, 100, 110, 119, 119, 119, 118, 106, 110, 107, 102]
    Layer 31: dist=[119, 117, 99, 98, 112, 113, 114, 116, 114, 77, 87, 91, 117, 116, 117, 115, 101, 101, 106, 94, 119, 116, 108, 119, 112, 109, 89, 120, 112, 106, 102, 110]
    Layer 32: dist=[110, 114, 114, 111, 116, 119, 116, 117, 110, 111, 117, 115, 93, 113, 108, 91, 118, 106, 109, 111, 123, 92, 114, 120, 71, 95, 80, 105, 116, 107, 99, 103]
    Layer 33: dist=[102, 120, 112, 119, 91, 102, 57, 94, 116, 116, 113, 113, 114, 115, 113, 116, 114, 117, 106, 109, 112, 96, 110, 113, 111, 119, 122, 118, 110, 111, 107, 104]
    Layer 34: dist=[110, 109, 112, 113, 105, 111, 108, 102, 53, 93, 114, 86, 117, 115, 120, 81, 82, 89, 126, 55, 119, 51, 118, 119, 122, 122, 125, 122, 54, 62, 68, 109]
    Layer 35: dist=[105, 123, 71, 97, 82, 36, 112, 100, 85, 94, 112, 96, 63, 28, 49, 40, 98, 74, 84, 48, 90, 102, 55, 54, 66, 49, 68, 72, 73, 115, 122, 117]

  [Taylor Step 2/3] OLS sigma per head (scaling V, streaming)...
    Layer  0: sigma=[0.613, 0.100, 0.100, 0.100, 0.332, 0.380, 0.100, 0.100, 0.100, 0.148, 0.100, 0.100, 0.100, 0.100, 0.100, 0.259, 0.100, 0.100, 0.100, 0.100, 0.100, 0.100, 0.100, 0.100, 0.100, 0.100, 0.351, 0.100, 0.100, 0.100, 0.161, 0.100]
    Layer  1: sigma=[0.350, 0.100, 0.100, 0.100, 0.100, 0.100, 0.100, 0.100, 0.100, 0.169, 0.243, 0.100, 0.100, 0.100, 0.100, 0.100, 0.100, 0.100, 0.100, 0.100, 0.100, 0.100, 0.100, 0.118, 0.100, 0.100, 0.115, 0.100, 0.100, 0.100, 0.100, 0.100]
    Layer  3: sigma=[0.100, 0.335, 0.100, 0.159, 0.100, 0.100, 0.100, 0.100, 0.100, 0.100, 0.100, 0.100, 0.100, 0.100, 0.100, 0.100, 0.100, 0.100, 0.100, 0.100, 0.100, 0.107, 0.100, 0.100, 0.100, 0.100, 0.100, 0.100, 0.100, 0.100, 0.100, 0.100]
    Layer  4: sigma=[0.100, 0.100, 0.100, 0.100, 0.100, 0.100, 0.100, 0.100, 0.100, 0.100, 0.100, 0.100, 0.100, 0.100, 0.100, 0.100, 0.100, 0.100, 0.100, 0.100, 0.132, 0.139, 0.313, 0.100, 0.100, 0.100, 0.100, 0.100, 0.100, 0.100, 0.100, 0.100]
    Layer  5: sigma=[0.100, 0.100, 0.100, 0.100, 0.100, 0.100, 0.100, 0.100, 0.100, 0.138, 0.100, 0.111, 0.100, 0.100, 0.100, 0.121, 0.100, 0.192, 0.100, 0.100, 0.100, 0.100, 0.100, 0.100, 0.100, 0.100, 0.100, 0.100, 0.100, 0.100, 0.100, 0.100]
    Layer  6: sigma=[0.100, 0.100, 0.100, 0.100, 0.100, 0.100, 0.100, 0.100, 0.100, 0.100, 0.100, 0.100, 0.100, 0.100, 0.100, 0.100, 0.100, 0.100, 0.100, 0.100, 0.153, 0.100, 0.100, 0.100, 0.100, 0.100, 0.100, 0.100, 0.100, 0.100, 0.100, 0.100]
    Layer  7: sigma=[0.100, 0.145, 0.100, 0.100, 0.115, 0.100, 0.100, 0.100, 0.100, 0.100, 0.100, 0.105, 0.100, 0.100, 0.100, 0.100, 0.100, 0.100, 0.100, 0.100, 0.100, 0.100, 0.100, 0.100, 0.100, 0.100, 0.100, 0.100, 0.100, 0.100, 0.100, 0.100]
    Layer  8: sigma=[0.100, 0.100, 0.100, 0.100, 0.100, 0.100, 0.100, 0.100, 0.100, 0.100, 0.100, 0.100, 0.100, 0.100, 0.100, 0.100, 0.100, 0.100, 0.100, 0.100, 0.100, 0.100, 0.100, 0.100, 0.100, 0.100, 0.100, 0.173, 0.100, 0.100, 0.100, 0.100]
    Layer  9: sigma=[0.100, 0.100, 0.100, 0.100, 0.100, 0.100, 0.100, 0.100, 0.100, 0.100, 0.100, 0.100, 0.100, 0.100, 0.557, 0.126, 0.100, 0.100, 0.100, 0.100, 0.100, 0.100, 0.100, 0.100, 0.100, 0.100, 0.100, 0.100, 0.100, 0.100, 0.100, 0.100]
    Layer 10: sigma=[0.100, 0.100, 0.100, 0.100, 0.100, 0.100, 0.100, 0.100, 0.100, 0.100, 0.100, 0.100, 0.100, 0.100, 0.100, 0.100, 0.100, 0.100, 0.100, 0.100, 0.100, 0.100, 0.100, 0.100, 0.100, 0.100, 0.100, 0.100, 0.100, 0.100, 0.100, 0.100]
    Layer 11: sigma=[0.100, 0.100, 0.100, 0.100, 0.140, 0.100, 0.100, 0.100, 0.100, 0.109, 0.100, 0.100, 0.100, 0.100, 0.269, 0.100, 0.100, 0.100, 0.100, 0.100, 0.100, 0.100, 0.100, 0.100, 0.100, 0.100, 0.158, 0.100, 0.100, 0.100, 0.100, 0.100]
    Layer 12: sigma=[0.100, 0.100, 0.100, 0.100, 0.100, 0.100, 0.100, 0.100, 0.100, 0.104, 0.100, 0.108, 0.100, 0.100, 0.100, 0.100, 0.100, 0.311, 0.171, 0.100, 0.100, 0.100, 0.100, 0.100, 0.100, 0.100, 0.100, 0.213, 0.100, 0.100, 0.120, 0.100]
    Layer 13: sigma=[0.229, 0.100, 0.100, 0.357, 0.100, 0.100, 0.100, 0.100, 0.100, 0.100, 0.100, 0.100, 0.100, 0.100, 0.100, 0.100, 0.100, 0.100, 0.100, 0.115, 0.100, 0.100, 0.100, 0.100, 0.100, 0.100, 0.100, 0.100, 0.100, 0.100, 0.100, 0.100]
    Layer 14: sigma=[0.100, 0.100, 0.100, 0.100, 0.100, 0.409, 0.100, 0.100, 0.100, 0.100, 0.100, 0.100, 0.100, 0.100, 0.100, 0.100, 0.100, 0.100, 0.100, 0.100, 0.100, 0.100, 0.100, 0.100, 0.112, 0.111, 0.100, 0.100, 0.100, 0.100, 0.100, 0.100]
    Layer 15: sigma=[0.100, 0.165, 0.100, 0.100, 0.100, 0.108, 0.100, 0.100, 0.100, 0.100, 0.100, 0.100, 0.210, 0.100, 0.100, 0.100, 0.100, 0.100, 0.100, 0.100, 0.100, 0.100, 0.100, 0.100, 0.146, 0.100, 0.100, 0.100, 0.100, 0.100, 0.100, 0.100]
    Layer 16: sigma=[0.100, 0.100, 0.100, 0.100, 0.100, 0.100, 0.100, 0.100, 0.100, 0.100, 0.100, 0.100, 0.100, 0.100, 0.100, 0.100, 0.100, 0.100, 0.100, 0.100, 0.100, 0.100, 0.100, 0.100, 0.100, 0.100, 0.100, 0.437, 0.100, 0.100, 0.100, 0.100]
    Layer 17: sigma=[0.100, 0.100, 0.100, 0.100, 0.100, 0.150, 0.100, 0.100, 0.100, 0.100, 0.100, 0.100, 0.100, 0.100, 0.100, 0.100, 0.167, 0.106, 0.100, 0.423, 0.100, 0.100, 0.100, 0.107, 0.145, 0.100, 0.397, 0.100, 0.100, 0.100, 0.100, 0.100]
    Layer 18: sigma=[0.100, 0.494, 0.100, 0.100, 0.100, 0.100, 0.100, 0.194, 0.100, 0.100, 0.100, 0.100, 0.100, 0.100, 0.100, 0.100, 0.179, 0.100, 0.100, 0.100, 0.100, 0.100, 0.100, 0.100, 0.100, 0.100, 0.100, 0.100, 0.100, 0.100, 0.100, 0.100]
    Layer 19: sigma=[0.100, 0.100, 0.100, 0.100, 0.100, 0.100, 0.100, 0.100, 0.100, 0.100, 0.100, 0.100, 0.145, 0.100, 0.100, 0.186, 0.100, 0.100, 0.100, 0.259, 0.100, 0.100, 0.100, 0.110, 0.100, 0.100, 0.100, 0.100, 0.100, 0.100, 0.100, 0.100]
    Layer 20: sigma=[0.100, 0.100, 0.100, 0.100, 0.100, 0.200, 0.100, 0.100, 0.148, 0.109, 0.100, 0.100, 0.100, 0.100, 0.100, 0.126, 0.100, 0.110, 0.100, 0.100, 0.100, 0.100, 0.100, 0.100, 0.100, 0.100, 0.100, 0.100, 0.100, 0.100, 0.100, 0.100]
    Layer 21: sigma=[0.100, 0.141, 0.100, 0.100, 0.100, 0.100, 0.100, 0.100, 0.100, 0.148, 0.100, 0.259, 0.100, 0.100, 0.100, 0.100, 0.100, 0.100, 0.100, 0.100, 0.100, 0.100, 0.100, 0.100, 0.161, 0.100, 0.100, 0.100, 0.100, 0.100, 0.252, 0.100]
    Layer 22: sigma=[0.110, 0.100, 0.100, 0.100, 0.144, 0.100, 0.110, 0.160, 0.100, 0.100, 0.100, 0.100, 0.100, 0.100, 0.100, 0.106, 0.100, 0.100, 0.100, 0.100, 0.100, 0.100, 0.100, 0.100, 0.100, 0.100, 0.100, 0.100, 0.100, 0.100, 0.100, 0.100]
    Layer 23: sigma=[0.176, 0.294, 0.207, 0.100, 0.100, 0.100, 0.115, 0.100, 0.100, 0.266, 0.100, 0.100, 0.100, 0.100, 0.100, 0.100, 0.100, 0.100, 0.100, 0.100, 0.100, 0.100, 0.100, 0.100, 0.100, 0.100, 0.100, 0.100, 0.100, 0.100, 0.174, 0.277]
    Layer 24: sigma=[0.100, 0.100, 0.100, 0.100, 0.100, 0.100, 0.100, 0.100, 0.100, 0.100, 0.100, 0.100, 0.100, 0.100, 0.100, 0.144, 0.100, 0.100, 0.100, 0.100, 0.100, 0.100, 0.100, 0.100, 0.220, 0.369, 0.100, 0.338, 0.100, 0.100, 0.100, 0.100]
    Layer 25: sigma=[0.100, 0.100, 0.100, 0.100, 0.100, 0.100, 0.100, 0.100, 0.100, 0.100, 0.100, 0.100, 0.100, 0.100, 0.122, 0.100, 0.100, 0.100, 0.100, 0.100, 0.100, 0.100, 0.100, 0.100, 0.100, 0.100, 0.100, 0.100, 0.100, 0.100, 0.100, 0.100]
    Layer 26: sigma=[0.106, 0.100, 0.100, 0.100, 0.100, 0.100, 0.100, 0.100, 0.100, 0.100, 0.100, 0.100, 0.100, 0.100, 0.100, 0.100, 0.100, 0.100, 0.100, 0.100, 0.100, 0.100, 0.100, 0.100, 0.100, 0.100, 0.100, 0.100, 0.100, 0.100, 0.100, 0.100]
    Layer 27: sigma=[0.100, 0.100, 0.100, 0.100, 0.100, 0.100, 0.100, 0.100, 0.100, 0.100, 0.100, 0.100, 0.100, 0.100, 0.100, 0.100, 0.100, 0.100, 0.100, 0.100, 0.100, 0.100, 0.100, 0.100, 0.100, 0.100, 0.100, 0.100, 0.100, 0.100, 0.100, 0.100]
    Layer 28: sigma=[0.100, 0.100, 0.100, 0.100, 0.100, 0.134, 0.100, 0.111, 0.100, 0.100, 0.100, 0.100, 0.100, 0.100, 0.100, 0.100, 0.100, 0.100, 0.100, 0.100, 0.100, 0.100, 0.100, 0.100, 0.100, 0.100, 0.100, 0.100, 0.100, 0.100, 0.100, 0.100]
    Layer 29: sigma=[0.100, 0.100, 0.100, 0.100, 0.100, 0.100, 0.100, 0.100, 0.100, 0.100, 0.100, 0.100, 0.100, 0.100, 0.100, 0.100, 0.100, 0.100, 0.100, 0.100, 0.100, 0.100, 0.100, 0.100, 0.100, 0.100, 0.100, 0.100, 0.100, 0.100, 0.100, 0.100]
    Layer 30: sigma=[0.100, 0.100, 0.100, 0.100, 0.100, 0.100, 0.100, 0.100, 0.100, 0.100, 0.100, 0.100, 0.100, 0.100, 0.100, 0.100, 0.100, 0.100, 0.100, 0.100, 0.116, 0.100, 0.100, 0.100, 0.100, 0.100, 0.100, 0.100, 0.100, 0.100, 0.100, 0.100]
    Layer 31: sigma=[0.100, 0.100, 0.100, 0.100, 0.100, 0.100, 0.100, 0.100, 0.100, 0.100, 0.100, 0.100, 0.100, 0.100, 0.100, 0.100, 0.100, 0.100, 0.100, 0.102, 0.100, 0.100, 0.100, 0.100, 0.100, 0.100, 0.100, 0.100, 0.100, 0.100, 0.100, 0.100]
    Layer 32: sigma=[0.100, 0.100, 0.100, 0.100, 0.100, 0.100, 0.100, 0.100, 0.100, 0.100, 0.100, 0.100, 0.100, 0.100, 0.100, 0.100, 0.100, 0.100, 0.100, 0.100, 0.100, 0.100, 0.100, 0.100, 0.100, 0.100, 0.100, 0.100, 0.100, 0.100, 0.100, 0.100]
    Layer 33: sigma=[0.100, 0.100, 0.100, 0.100, 0.100, 0.100, 0.100, 0.100, 0.100, 0.100, 0.100, 0.100, 0.100, 0.100, 0.100, 0.100, 0.100, 0.100, 0.100, 0.100, 0.100, 0.100, 0.100, 0.100, 0.100, 0.100, 0.100, 0.100, 0.100, 0.100, 0.100, 0.100]
    Layer 34: sigma=[0.100, 0.100, 0.100, 0.100, 0.100, 0.100, 0.100, 0.100, 0.100, 0.100, 0.100, 0.128, 0.100, 0.100, 0.100, 0.100, 0.104, 0.100, 0.100, 0.114, 0.100, 0.100, 0.100, 0.100, 0.100, 0.100, 0.100, 0.100, 0.100, 0.100, 0.100, 0.100]
    Layer 35: sigma=[0.100, 0.100, 0.100, 0.100, 0.104, 0.100, 0.100, 0.100, 0.100, 0.100, 0.100, 0.100, 0.100, 0.100, 0.100, 0.100, 0.100, 0.100, 0.100, 0.100, 0.100, 0.100, 0.135, 0.100, 0.100, 0.100, 0.100, 0.100, 0.100, 0.100, 0.100, 0.100]

  [Taylor Step 3/3] g_proj = v_proj * alpha (damping=0.01)...
    Layer  0: alpha=0.060504  teacher_rms=0.0163  v_rms=0.0027
    Layer  1: alpha=0.060925  teacher_rms=0.0205  v_rms=0.0034
    Layer  3: alpha=0.048311  teacher_rms=0.0259  v_rms=0.0054
    Layer  4: alpha=0.047470  teacher_rms=0.0304  v_rms=0.0064
    Layer  5: alpha=0.061506  teacher_rms=0.0409  v_rms=0.0067
    Layer  6: alpha=0.078432  teacher_rms=0.0621  v_rms=0.0079
    Layer  7: alpha=0.046123  teacher_rms=0.0530  v_rms=0.0115
    Layer  8: alpha=0.047523  teacher_rms=0.0708  v_rms=0.0149
    Layer  9: alpha=0.035693  teacher_rms=0.0713  v_rms=0.0200
    Layer 10: alpha=0.051225  teacher_rms=0.1092  v_rms=0.0213
    Layer 11: alpha=0.062167  teacher_rms=0.1046  v_rms=0.0168
    Layer 12: alpha=0.060340  teacher_rms=0.1207  v_rms=0.0200
    Layer 13: alpha=0.052004  teacher_rms=0.1040  v_rms=0.0200
    Layer 14: alpha=0.064019  teacher_rms=0.1547  v_rms=0.0242
    Layer 15: alpha=0.058201  teacher_rms=0.1576  v_rms=0.0271
    Layer 16: alpha=0.041578  teacher_rms=0.1473  v_rms=0.0354
    Layer 17: alpha=0.043690  teacher_rms=0.1753  v_rms=0.0401
    Layer 18: alpha=0.043574  teacher_rms=0.1990  v_rms=0.0457
    Layer 19: alpha=0.055942  teacher_rms=0.2060  v_rms=0.0368
    Layer 20: alpha=0.056477  teacher_rms=0.1966  v_rms=0.0348
    Layer 21: alpha=0.052318  teacher_rms=0.2373  v_rms=0.0453
    Layer 22: alpha=0.059440  teacher_rms=0.2834  v_rms=0.0477
    Layer 23: alpha=0.048495  teacher_rms=0.3098  v_rms=0.0639
    Layer 24: alpha=0.034346  teacher_rms=0.2897  v_rms=0.0843
    Layer 25: alpha=0.039820  teacher_rms=0.2376  v_rms=0.0597
    Layer 26: alpha=0.029202  teacher_rms=0.2124  v_rms=0.0727
    Layer 27: alpha=0.037093  teacher_rms=0.3083  v_rms=0.0831
    Layer 28: alpha=0.042204  teacher_rms=0.3705  v_rms=0.0878
    Layer 29: alpha=0.017344  teacher_rms=0.2548  v_rms=0.1469
    Layer 30: alpha=0.028943  teacher_rms=0.4297  v_rms=0.1485
    Layer 31: alpha=0.021209  teacher_rms=0.3785  v_rms=0.1785
    Layer 32: alpha=0.023899  teacher_rms=0.5288  v_rms=0.2213
    Layer 33: alpha=0.018560  teacher_rms=0.6404  v_rms=0.3451
    Layer 34: alpha=0.032945  teacher_rms=1.0325  v_rms=0.3134
    Layer 35: alpha=0.059483  teacher_rms=1.0168  v_rms=0.1709

  Set g_proj = v_proj * alpha in 35 GDN layers (damping=0.01).
  Init (taylor_init) done in 339.9s
  Layer 2: PPL = 5273952.00  (eval 17.0s)

============================================================
  Probing layer 3 | strategy=taylor_init
============================================================
Loading checkpoint shards:   0%|          | 0/4 [00:00<?, ?it/s]Loading checkpoint shards: 100%|██████████| 4/4 [00:00<00:00, 146.01it/s]
Could not cache non-existence of file. Will ignore error and continue. Error: [Errno 13] Permission denied: '/data/shared/huggingface/hub/models--Qwen--Qwen3-8B/.no_exist/b968826d9c46dd6066d109eabc6255188de91218/model.safetensors'
Loading checkpoint shards:   0%|          | 0/5 [00:00<?, ?it/s]Loading checkpoint shards: 100%|██████████| 5/5 [00:00<00:00, 60.56it/s]
Token indices sequence length is longer than the specified maximum sequence length for this model (2429029 > 131072). Running this sequence through the model will result in indexing errors
  [Taylor Step 1/3] Gate calibration from attention stats...
    Layer  0: dist=[32, 3, 12, 35, 12, 26, 9, 11, 19, 6, 8, 9, 18, 34, 31, 10, 16, 19, 16, 14, 13, 23, 4, 12, 5, 52, 10, 43, 15, 36, 15, 14]
    Layer  1: dist=[19, 38, 25, 44, 3, 15, 31, 11, 45, 36, 65, 60, 34, 47, 51, 38, 32, 54, 57, 33, 56, 24, 40, 40, 37, 9, 44, 41, 83, 31, 37, 49]
    Layer  2: dist=[65, 65, 67, 62, 26, 45, 33, 43, 39, 47, 56, 56, 53, 46, 46, 60, 61, 49, 54, 43, 49, 67, 48, 50, 25, 24, 21, 35, 73, 73, 77, 74]
    Layer  4: dist=[62, 63, 73, 67, 73, 56, 61, 89, 68, 69, 63, 60, 55, 55, 71, 61, 62, 65, 67, 70, 64, 61, 47, 64, 41, 51, 48, 34, 51, 66, 55, 55]
    Layer  5: dist=[36, 48, 55, 35, 61, 68, 52, 51, 5, 18, 73, 61, 54, 78, 59, 52, 41, 32, 50, 48, 51, 55, 48, 59, 73, 73, 80, 80, 43, 44, 46, 58]
    Layer  6: dist=[27, 40, 30, 31, 52, 46, 67, 61, 46, 25, 43, 38, 56, 64, 56, 30, 47, 34, 45, 40, 20, 30, 32, 14, 35, 50, 32, 49, 47, 43, 37, 53]
    Layer  7: dist=[55, 60, 64, 87, 126, 114, 127, 121, 88, 119, 99, 72, 108, 23, 53, 97, 80, 101, 85, 81, 106, 86, 112, 116, 64, 78, 47, 86, 97, 101, 101, 106]
    Layer  8: dist=[83, 87, 90, 58, 81, 77, 69, 78, 86, 99, 87, 90, 94, 86, 96, 70, 116, 107, 103, 96, 92, 106, 100, 111, 92, 72, 95, 67, 84, 72, 79, 74]
    Layer  9: dist=[76, 60, 61, 67, 83, 97, 96, 74, 123, 120, 118, 112, 27, 87, 63, 85, 93, 100, 114, 125, 87, 77, 60, 70, 119, 81, 91, 97, 125, 113, 127, 123]
    Layer 10: dist=[76, 71, 58, 74, 85, 102, 64, 74, 63, 88, 106, 49, 88, 67, 82, 86, 87, 102, 100, 107, 88, 60, 107, 90, 93, 107, 84, 77, 76, 65, 82, 90]
    Layer 11: dist=[78, 65, 79, 48, 53, 61, 78, 77, 102, 123, 109, 93, 82, 64, 65, 69, 69, 63, 61, 51, 77, 107, 89, 87, 67, 59, 56, 54, 95, 55, 55, 94]
    Layer 12: dist=[21, 72, 79, 61, 87, 83, 66, 70, 63, 62, 74, 77, 86, 81, 82, 87, 39, 68, 59, 94, 102, 112, 97, 103, 93, 2, 107, 38, 81, 88, 113, 91]
    Layer 13: dist=[52, 68, 66, 62, 52, 51, 65, 40, 86, 63, 99, 122, 128, 115, 109, 124, 85, 72, 57, 61, 93, 55, 83, 90, 84, 59, 72, 76, 113, 111, 96, 99]
    Layer 14: dist=[44, 64, 65, 46, 62, 45, 64, 65, 54, 57, 70, 68, 69, 76, 65, 67, 77, 86, 51, 64, 65, 31, 51, 81, 52, 67, 73, 64, 85, 88, 8, 89]
    Layer 15: dist=[80, 44, 79, 38, 37, 38, 79, 67, 90, 60, 46, 104, 68, 107, 79, 89, 61, 57, 64, 68, 58, 60, 50, 51, 49, 34, 86, 62, 72, 84, 71, 49]
    Layer 16: dist=[61, 57, 74, 85, 55, 58, 48, 55, 54, 82, 73, 84, 90, 69, 86, 86, 68, 71, 60, 62, 115, 118, 110, 103, 71, 54, 64, 10, 58, 59, 65, 56]
    Layer 17: dist=[111, 95, 79, 67, 53, 57, 39, 47, 90, 108, 79, 100, 40, 57, 71, 74, 44, 61, 61, 42, 75, 98, 93, 97, 58, 55, 57, 52, 53, 79, 93, 67]
    Layer 18: dist=[34, 45, 35, 33, 56, 78, 74, 57, 64, 67, 66, 79, 61, 60, 57, 62, 46, 74, 72, 52, 68, 47, 65, 96, 58, 62, 61, 63, 52, 53, 79, 56]
    Layer 19: dist=[73, 64, 63, 62, 76, 103, 54, 71, 81, 85, 84, 93, 63, 57, 75, 63, 84, 85, 49, 49, 21, 50, 33, 49, 102, 106, 102, 116, 77, 77, 73, 72]
    Layer 20: dist=[89, 79, 80, 77, 78, 51, 49, 57, 40, 36, 43, 39, 92, 79, 87, 96, 45, 51, 56, 39, 73, 111, 101, 98, 125, 97, 105, 85, 93, 79, 108, 108]
    Layer 21: dist=[44, 50, 56, 68, 115, 65, 96, 118, 118, 61, 71, 69, 46, 41, 44, 42, 75, 75, 83, 65, 89, 99, 95, 96, 64, 62, 60, 80, 73, 79, 60, 88]
    Layer 22: dist=[73, 60, 67, 63, 52, 72, 45, 56, 37, 49, 45, 59, 18, 86, 61, 64, 33, 79, 76, 41, 102, 115, 120, 121, 101, 84, 91, 95, 114, 92, 103, 95]
    Layer 23: dist=[39, 30, 48, 39, 110, 111, 41, 102, 79, 36, 45, 63, 75, 72, 79, 77, 82, 75, 74, 94, 72, 93, 82, 76, 78, 72, 68, 100, 91, 90, 83, 78]
    Layer 24: dist=[79, 124, 109, 101, 99, 109, 111, 97, 102, 105, 104, 84, 78, 75, 89, 74, 81, 86, 98, 88, 120, 103, 102, 117, 65, 73, 79, 51, 95, 111, 98, 88]
    Layer 25: dist=[105, 121, 118, 94, 71, 72, 107, 80, 96, 97, 85, 90, 65, 89, 50, 68, 93, 99, 97, 89, 102, 111, 105, 108, 110, 110, 99, 108, 88, 125, 98, 88]
    Layer 26: dist=[80, 88, 106, 68, 115, 113, 113, 110, 102, 107, 105, 98, 100, 124, 116, 116, 86, 93, 99, 95, 102, 113, 122, 114, 99, 97, 102, 93, 115, 96, 114, 95]
    Layer 27: dist=[87, 108, 103, 117, 98, 105, 101, 86, 77, 100, 107, 99, 78, 109, 80, 86, 96, 99, 99, 104, 91, 112, 113, 92, 110, 113, 116, 117, 107, 77, 92, 117]
    Layer 28: dist=[103, 92, 102, 102, 82, 63, 80, 76, 96, 107, 92, 89, 112, 105, 96, 101, 112, 104, 104, 108, 119, 71, 60, 89, 91, 88, 99, 99, 92, 92, 71, 95]
    Layer 29: dist=[113, 114, 114, 113, 90, 112, 94, 114, 119, 113, 122, 105, 120, 120, 119, 120, 116, 106, 115, 121, 123, 123, 107, 125, 100, 114, 97, 92, 106, 95, 106, 109]
    Layer 30: dist=[75, 102, 99, 100, 102, 100, 90, 67, 117, 117, 115, 120, 105, 104, 113, 101, 97, 78, 120, 122, 51, 120, 100, 110, 119, 119, 119, 118, 106, 110, 107, 102]
    Layer 31: dist=[119, 117, 99, 98, 112, 113, 114, 116, 114, 77, 87, 91, 117, 116, 117, 115, 101, 101, 106, 94, 119, 116, 108, 119, 112, 109, 89, 120, 112, 106, 102, 110]
    Layer 32: dist=[110, 114, 114, 111, 116, 119, 116, 117, 110, 111, 117, 115, 93, 113, 108, 91, 118, 106, 109, 111, 123, 92, 114, 120, 71, 95, 80, 105, 116, 107, 99, 103]
    Layer 33: dist=[102, 120, 112, 119, 91, 102, 57, 94, 116, 116, 113, 113, 114, 115, 113, 116, 114, 117, 106, 109, 112, 96, 110, 113, 111, 119, 122, 118, 110, 111, 107, 104]
    Layer 34: dist=[110, 109, 112, 113, 105, 111, 108, 102, 53, 93, 114, 86, 117, 115, 120, 81, 82, 89, 126, 55, 119, 51, 118, 119, 122, 122, 125, 122, 54, 62, 68, 109]
    Layer 35: dist=[105, 123, 71, 97, 82, 36, 112, 100, 85, 94, 112, 96, 63, 28, 49, 40, 98, 74, 84, 48, 90, 102, 55, 54, 66, 49, 68, 72, 73, 115, 122, 117]

  [Taylor Step 2/3] OLS sigma per head (scaling V, streaming)...
    Layer  0: sigma=[0.614, 0.100, 0.100, 0.100, 0.332, 0.380, 0.100, 0.100, 0.100, 0.149, 0.100, 0.100, 0.100, 0.100, 0.100, 0.260, 0.100, 0.100, 0.100, 0.100, 0.100, 0.100, 0.100, 0.100, 0.100, 0.100, 0.352, 0.100, 0.100, 0.100, 0.161, 0.100]
    Layer  1: sigma=[0.351, 0.100, 0.100, 0.100, 0.100, 0.100, 0.100, 0.100, 0.100, 0.164, 0.248, 0.100, 0.100, 0.100, 0.100, 0.100, 0.100, 0.100, 0.100, 0.100, 0.100, 0.100, 0.100, 0.115, 0.100, 0.100, 0.114, 0.100, 0.100, 0.100, 0.100, 0.100]
    Layer  2: sigma=[0.100, 0.100, 0.100, 0.100, 0.100, 0.100, 0.100, 0.100, 0.110, 0.100, 0.100, 0.100, 0.100, 0.144, 0.100, 0.100, 0.100, 0.219, 0.100, 0.100, 0.100, 0.100, 0.100, 0.100, 0.100, 0.172, 0.100, 0.100, 0.100, 0.100, 0.100, 0.100]
    Layer  4: sigma=[0.100, 0.100, 0.100, 0.100, 0.100, 0.100, 0.100, 0.100, 0.100, 0.100, 0.100, 0.100, 0.100, 0.100, 0.100, 0.100, 0.100, 0.100, 0.100, 0.100, 0.131, 0.139, 0.317, 0.100, 0.100, 0.100, 0.100, 0.100, 0.100, 0.100, 0.100, 0.100]
    Layer  5: sigma=[0.100, 0.100, 0.100, 0.100, 0.100, 0.100, 0.100, 0.100, 0.100, 0.132, 0.100, 0.111, 0.100, 0.100, 0.100, 0.122, 0.100, 0.181, 0.100, 0.100, 0.100, 0.100, 0.100, 0.100, 0.100, 0.100, 0.100, 0.100, 0.100, 0.100, 0.100, 0.100]
    Layer  6: sigma=[0.100, 0.100, 0.100, 0.100, 0.100, 0.100, 0.100, 0.100, 0.100, 0.100, 0.100, 0.100, 0.100, 0.100, 0.100, 0.100, 0.100, 0.100, 0.100, 0.100, 0.150, 0.100, 0.100, 0.100, 0.100, 0.100, 0.100, 0.100, 0.100, 0.100, 0.100, 0.100]
    Layer  7: sigma=[0.100, 0.160, 0.100, 0.100, 0.122, 0.100, 0.100, 0.100, 0.100, 0.100, 0.100, 0.100, 0.100, 0.100, 0.100, 0.100, 0.100, 0.100, 0.100, 0.100, 0.100, 0.100, 0.100, 0.100, 0.100, 0.100, 0.100, 0.100, 0.100, 0.100, 0.100, 0.100]
    Layer  8: sigma=[0.100, 0.100, 0.100, 0.100, 0.100, 0.100, 0.100, 0.100, 0.100, 0.100, 0.100, 0.100, 0.100, 0.100, 0.100, 0.100, 0.100, 0.100, 0.100, 0.100, 0.100, 0.100, 0.100, 0.100, 0.100, 0.100, 0.100, 0.189, 0.100, 0.100, 0.100, 0.100]
    Layer  9: sigma=[0.100, 0.100, 0.100, 0.100, 0.100, 0.100, 0.100, 0.100, 0.100, 0.100, 0.100, 0.100, 0.100, 0.100, 0.533, 0.136, 0.100, 0.100, 0.100, 0.100, 0.100, 0.100, 0.100, 0.100, 0.100, 0.100, 0.100, 0.100, 0.100, 0.100, 0.100, 0.100]
    Layer 10: sigma=[0.100, 0.100, 0.100, 0.100, 0.100, 0.100, 0.100, 0.100, 0.100, 0.100, 0.100, 0.100, 0.100, 0.100, 0.100, 0.100, 0.100, 0.100, 0.100, 0.100, 0.100, 0.100, 0.100, 0.100, 0.100, 0.100, 0.100, 0.100, 0.100, 0.100, 0.100, 0.100]
    Layer 11: sigma=[0.100, 0.100, 0.100, 0.100, 0.130, 0.100, 0.100, 0.100, 0.100, 0.111, 0.100, 0.100, 0.100, 0.100, 0.253, 0.100, 0.100, 0.100, 0.100, 0.100, 0.100, 0.100, 0.100, 0.100, 0.100, 0.100, 0.174, 0.100, 0.100, 0.100, 0.100, 0.100]
    Layer 12: sigma=[0.100, 0.100, 0.100, 0.100, 0.100, 0.100, 0.100, 0.100, 0.100, 0.105, 0.100, 0.109, 0.100, 0.100, 0.100, 0.100, 0.100, 0.330, 0.189, 0.100, 0.100, 0.100, 0.100, 0.100, 0.100, 0.100, 0.100, 0.217, 0.100, 0.100, 0.122, 0.100]
    Layer 13: sigma=[0.233, 0.100, 0.100, 0.314, 0.100, 0.100, 0.100, 0.100, 0.100, 0.100, 0.100, 0.100, 0.100, 0.100, 0.100, 0.100, 0.100, 0.100, 0.100, 0.113, 0.100, 0.100, 0.100, 0.100, 0.100, 0.100, 0.100, 0.100, 0.100, 0.100, 0.100, 0.100]
    Layer 14: sigma=[0.100, 0.100, 0.100, 0.100, 0.100, 0.341, 0.100, 0.100, 0.100, 0.100, 0.100, 0.100, 0.100, 0.100, 0.100, 0.100, 0.100, 0.100, 0.100, 0.100, 0.100, 0.100, 0.100, 0.100, 0.101, 0.121, 0.100, 0.100, 0.100, 0.100, 0.100, 0.100]
    Layer 15: sigma=[0.100, 0.206, 0.100, 0.100, 0.100, 0.111, 0.100, 0.100, 0.100, 0.100, 0.100, 0.100, 0.208, 0.100, 0.100, 0.100, 0.100, 0.100, 0.100, 0.100, 0.100, 0.100, 0.100, 0.100, 0.133, 0.100, 0.100, 0.100, 0.100, 0.100, 0.100, 0.100]
    Layer 16: sigma=[0.100, 0.100, 0.100, 0.100, 0.100, 0.100, 0.100, 0.100, 0.100, 0.100, 0.100, 0.100, 0.100, 0.100, 0.100, 0.100, 0.100, 0.100, 0.100, 0.100, 0.100, 0.100, 0.100, 0.100, 0.100, 0.100, 0.100, 0.440, 0.100, 0.100, 0.100, 0.100]
    Layer 17: sigma=[0.100, 0.100, 0.100, 0.100, 0.100, 0.134, 0.100, 0.100, 0.100, 0.100, 0.100, 0.100, 0.100, 0.100, 0.100, 0.100, 0.156, 0.100, 0.100, 0.380, 0.100, 0.100, 0.100, 0.108, 0.153, 0.100, 0.448, 0.100, 0.100, 0.100, 0.100, 0.100]
    Layer 18: sigma=[0.100, 0.530, 0.100, 0.100, 0.100, 0.100, 0.100, 0.183, 0.100, 0.100, 0.100, 0.100, 0.100, 0.100, 0.100, 0.100, 0.150, 0.100, 0.100, 0.100, 0.100, 0.100, 0.100, 0.100, 0.100, 0.100, 0.100, 0.100, 0.100, 0.100, 0.100, 0.100]
    Layer 19: sigma=[0.100, 0.100, 0.100, 0.100, 0.100, 0.100, 0.100, 0.100, 0.100, 0.100, 0.100, 0.100, 0.181, 0.100, 0.100, 0.188, 0.100, 0.100, 0.100, 0.272, 0.100, 0.100, 0.100, 0.101, 0.100, 0.100, 0.100, 0.100, 0.100, 0.100, 0.100, 0.100]
    Layer 20: sigma=[0.100, 0.100, 0.100, 0.100, 0.100, 0.176, 0.100, 0.100, 0.164, 0.101, 0.100, 0.100, 0.100, 0.100, 0.100, 0.135, 0.100, 0.114, 0.100, 0.100, 0.100, 0.100, 0.100, 0.100, 0.100, 0.100, 0.100, 0.100, 0.100, 0.100, 0.100, 0.100]
    Layer 21: sigma=[0.100, 0.131, 0.100, 0.100, 0.100, 0.100, 0.100, 0.100, 0.100, 0.163, 0.100, 0.336, 0.100, 0.100, 0.115, 0.100, 0.100, 0.100, 0.100, 0.100, 0.100, 0.100, 0.100, 0.100, 0.200, 0.100, 0.100, 0.100, 0.100, 0.100, 0.295, 0.100]
    Layer 22: sigma=[0.152, 0.100, 0.100, 0.100, 0.146, 0.104, 0.100, 0.240, 0.100, 0.100, 0.100, 0.100, 0.100, 0.100, 0.100, 0.112, 0.100, 0.100, 0.100, 0.100, 0.100, 0.100, 0.100, 0.100, 0.100, 0.100, 0.100, 0.100, 0.100, 0.100, 0.100, 0.100]
    Layer 23: sigma=[0.176, 0.291, 0.234, 0.100, 0.100, 0.100, 0.100, 0.100, 0.100, 0.204, 0.100, 0.100, 0.100, 0.100, 0.100, 0.100, 0.100, 0.100, 0.100, 0.100, 0.100, 0.100, 0.100, 0.100, 0.100, 0.100, 0.100, 0.100, 0.100, 0.100, 0.140, 0.279]
    Layer 24: sigma=[0.100, 0.100, 0.100, 0.100, 0.100, 0.100, 0.100, 0.100, 0.100, 0.100, 0.100, 0.100, 0.100, 0.100, 0.100, 0.155, 0.100, 0.100, 0.100, 0.100, 0.100, 0.100, 0.100, 0.100, 0.198, 0.325, 0.100, 0.397, 0.100, 0.100, 0.100, 0.100]
    Layer 25: sigma=[0.100, 0.100, 0.100, 0.100, 0.100, 0.100, 0.100, 0.100, 0.100, 0.100, 0.100, 0.100, 0.100, 0.100, 0.101, 0.100, 0.100, 0.100, 0.100, 0.100, 0.100, 0.100, 0.100, 0.100, 0.100, 0.100, 0.100, 0.100, 0.100, 0.100, 0.100, 0.100]
    Layer 26: sigma=[0.136, 0.100, 0.100, 0.100, 0.100, 0.100, 0.100, 0.100, 0.100, 0.100, 0.100, 0.100, 0.100, 0.100, 0.100, 0.100, 0.100, 0.100, 0.100, 0.100, 0.100, 0.100, 0.100, 0.100, 0.100, 0.100, 0.100, 0.100, 0.100, 0.100, 0.100, 0.100]
    Layer 27: sigma=[0.100, 0.100, 0.100, 0.100, 0.100, 0.100, 0.100, 0.100, 0.100, 0.100, 0.100, 0.100, 0.100, 0.100, 0.100, 0.100, 0.100, 0.100, 0.100, 0.100, 0.100, 0.100, 0.100, 0.100, 0.100, 0.100, 0.100, 0.100, 0.100, 0.100, 0.100, 0.100]
    Layer 28: sigma=[0.100, 0.100, 0.100, 0.100, 0.100, 0.116, 0.100, 0.160, 0.100, 0.100, 0.100, 0.100, 0.100, 0.100, 0.100, 0.100, 0.100, 0.100, 0.100, 0.100, 0.100, 0.100, 0.100, 0.100, 0.100, 0.100, 0.100, 0.100, 0.100, 0.100, 0.100, 0.100]
    Layer 29: sigma=[0.100, 0.100, 0.100, 0.100, 0.100, 0.100, 0.100, 0.100, 0.100, 0.100, 0.100, 0.100, 0.100, 0.100, 0.100, 0.100, 0.100, 0.100, 0.100, 0.100, 0.100, 0.100, 0.100, 0.100, 0.100, 0.100, 0.100, 0.100, 0.100, 0.100, 0.100, 0.100]
    Layer 30: sigma=[0.100, 0.100, 0.100, 0.100, 0.100, 0.100, 0.100, 0.100, 0.100, 0.100, 0.100, 0.100, 0.100, 0.100, 0.100, 0.100, 0.100, 0.100, 0.100, 0.100, 0.100, 0.100, 0.100, 0.100, 0.100, 0.100, 0.100, 0.100, 0.100, 0.100, 0.100, 0.100]
    Layer 31: sigma=[0.100, 0.100, 0.100, 0.100, 0.100, 0.100, 0.100, 0.100, 0.100, 0.100, 0.100, 0.100, 0.100, 0.100, 0.100, 0.100, 0.100, 0.100, 0.100, 0.121, 0.100, 0.100, 0.100, 0.100, 0.100, 0.100, 0.100, 0.100, 0.100, 0.100, 0.100, 0.100]
    Layer 32: sigma=[0.100, 0.100, 0.100, 0.100, 0.100, 0.100, 0.100, 0.100, 0.100, 0.100, 0.100, 0.100, 0.100, 0.100, 0.100, 0.100, 0.100, 0.100, 0.100, 0.100, 0.100, 0.100, 0.100, 0.100, 0.100, 0.100, 0.100, 0.100, 0.100, 0.100, 0.100, 0.100]
    Layer 33: sigma=[0.100, 0.100, 0.100, 0.100, 0.100, 0.100, 0.100, 0.100, 0.100, 0.100, 0.100, 0.100, 0.100, 0.100, 0.100, 0.100, 0.100, 0.100, 0.100, 0.100, 0.100, 0.100, 0.100, 0.100, 0.100, 0.100, 0.100, 0.100, 0.100, 0.100, 0.100, 0.100]
    Layer 34: sigma=[0.100, 0.100, 0.100, 0.100, 0.100, 0.100, 0.100, 0.100, 0.100, 0.100, 0.100, 0.115, 0.100, 0.100, 0.100, 0.100, 0.115, 0.100, 0.100, 0.114, 0.100, 0.100, 0.100, 0.100, 0.100, 0.100, 0.100, 0.100, 0.100, 0.100, 0.100, 0.100]
    Layer 35: sigma=[0.100, 0.100, 0.100, 0.100, 0.101, 0.100, 0.100, 0.100, 0.100, 0.100, 0.100, 0.100, 0.100, 0.100, 0.100, 0.100, 0.100, 0.100, 0.100, 0.100, 0.100, 0.100, 0.157, 0.100, 0.100, 0.100, 0.100, 0.100, 0.100, 0.100, 0.100, 0.100]

  [Taylor Step 3/3] g_proj = v_proj * alpha (damping=0.01)...
    Layer  0: alpha=0.060430  teacher_rms=0.0163  v_rms=0.0027
    Layer  1: alpha=0.060837  teacher_rms=0.0205  v_rms=0.0034
    Layer  2: alpha=0.057034  teacher_rms=0.0214  v_rms=0.0038
    Layer  4: alpha=0.047383  teacher_rms=0.0304  v_rms=0.0064
    Layer  5: alpha=0.061875  teacher_rms=0.0409  v_rms=0.0066
    Layer  6: alpha=0.078545  teacher_rms=0.0621  v_rms=0.0079
    Layer  7: alpha=0.045726  teacher_rms=0.0530  v_rms=0.0116
    Layer  8: alpha=0.047111  teacher_rms=0.0708  v_rms=0.0150
    Layer  9: alpha=0.036312  teacher_rms=0.0713  v_rms=0.0196
    Layer 10: alpha=0.051225  teacher_rms=0.1092  v_rms=0.0213
    Layer 11: alpha=0.062490  teacher_rms=0.1046  v_rms=0.0167
    Layer 12: alpha=0.059054  teacher_rms=0.1207  v_rms=0.0204
    Layer 13: alpha=0.053434  teacher_rms=0.1040  v_rms=0.0195
    Layer 14: alpha=0.067170  teacher_rms=0.1547  v_rms=0.0230
    Layer 15: alpha=0.057257  teacher_rms=0.1576  v_rms=0.0275
    Layer 16: alpha=0.041494  teacher_rms=0.1473  v_rms=0.0355
    Layer 17: alpha=0.042913  teacher_rms=0.1753  v_rms=0.0409
    Layer 18: alpha=0.042066  teacher_rms=0.1990  v_rms=0.0473
    Layer 19: alpha=0.054701  teacher_rms=0.2060  v_rms=0.0377
    Layer 20: alpha=0.056947  teacher_rms=0.1966  v_rms=0.0345
    Layer 21: alpha=0.047292  teacher_rms=0.2373  v_rms=0.0502
    Layer 22: alpha=0.056448  teacher_rms=0.2834  v_rms=0.0502
    Layer 23: alpha=0.049709  teacher_rms=0.3098  v_rms=0.0623
    Layer 24: alpha=0.033467  teacher_rms=0.2897  v_rms=0.0866
    Layer 25: alpha=0.040050  teacher_rms=0.2376  v_rms=0.0593
    Layer 26: alpha=0.028859  teacher_rms=0.2124  v_rms=0.0736
    Layer 27: alpha=0.037093  teacher_rms=0.3083  v_rms=0.0831
    Layer 28: alpha=0.041786  teacher_rms=0.3705  v_rms=0.0887
    Layer 29: alpha=0.017344  teacher_rms=0.2548  v_rms=0.1469
    Layer 30: alpha=0.029045  teacher_rms=0.4297  v_rms=0.1480
    Layer 31: alpha=0.021141  teacher_rms=0.3785  v_rms=0.1790
    Layer 32: alpha=0.023899  teacher_rms=0.5288  v_rms=0.2213
    Layer 33: alpha=0.018560  teacher_rms=0.6404  v_rms=0.3451
    Layer 34: alpha=0.032971  teacher_rms=1.0325  v_rms=0.3131
    Layer 35: alpha=0.059079  teacher_rms=1.0168  v_rms=0.1721

  Set g_proj = v_proj * alpha in 35 GDN layers (damping=0.01).
  Init (taylor_init) done in 435.7s
  Layer 3: PPL = 5228694.50  (eval 20.8s)

============================================================
  Probing layer 4 | strategy=taylor_init
============================================================
Loading checkpoint shards:   0%|          | 0/4 [00:00<?, ?it/s]Loading checkpoint shards: 100%|██████████| 4/4 [00:00<00:00, 68.77it/s]
Could not cache non-existence of file. Will ignore error and continue. Error: [Errno 13] Permission denied: '/data/shared/huggingface/hub/models--Qwen--Qwen3-8B/.no_exist/b968826d9c46dd6066d109eabc6255188de91218/model.safetensors'
Loading checkpoint shards:   0%|          | 0/5 [00:00<?, ?it/s]Loading checkpoint shards: 100%|██████████| 5/5 [00:00<00:00, 193.63it/s]
Token indices sequence length is longer than the specified maximum sequence length for this model (2429029 > 131072). Running this sequence through the model will result in indexing errors
  [Taylor Step 1/3] Gate calibration from attention stats...
    Layer  0: dist=[32, 3, 12, 35, 12, 26, 9, 11, 19, 6, 8, 9, 18, 34, 31, 10, 16, 19, 16, 14, 13, 23, 4, 12, 5, 52, 10, 43, 15, 36, 15, 14]
    Layer  1: dist=[19, 38, 25, 44, 3, 15, 31, 11, 45, 36, 65, 60, 34, 47, 51, 38, 32, 54, 57, 33, 56, 24, 40, 40, 37, 9, 44, 41, 83, 31, 37, 49]
    Layer  2: dist=[65, 65, 67, 62, 26, 45, 33, 43, 39, 47, 56, 56, 53, 46, 46, 60, 61, 49, 54, 43, 49, 67, 48, 50, 25, 24, 21, 35, 73, 73, 77, 74]
    Layer  3: dist=[65, 26, 13, 22, 87, 93, 83, 73, 56, 53, 62, 58, 90, 73, 75, 74, 59, 62, 51, 67, 74, 60, 64, 65, 64, 56, 52, 59, 70, 63, 72, 65]
    Layer  5: dist=[36, 48, 55, 35, 61, 68, 52, 51, 5, 18, 73, 61, 54, 78, 59, 52, 41, 32, 50, 48, 51, 55, 48, 59, 73, 73, 80, 80, 43, 44, 46, 58]
    Layer  6: dist=[27, 40, 30, 31, 52, 46, 67, 61, 46, 25, 43, 38, 56, 64, 56, 30, 47, 34, 45, 40, 20, 30, 32, 14, 35, 50, 32, 49, 47, 43, 37, 53]
    Layer  7: dist=[55, 60, 64, 87, 126, 114, 127, 121, 88, 119, 99, 72, 108, 23, 53, 97, 80, 101, 85, 81, 106, 86, 112, 116, 64, 78, 47, 86, 97, 101, 101, 106]
    Layer  8: dist=[83, 87, 90, 58, 81, 77, 69, 78, 86, 99, 87, 90, 94, 86, 96, 70, 116, 107, 103, 96, 92, 106, 100, 111, 92, 72, 95, 67, 84, 72, 79, 74]
    Layer  9: dist=[76, 60, 61, 67, 83, 97, 96, 74, 123, 120, 118, 112, 27, 87, 63, 85, 93, 100, 114, 125, 87, 77, 60, 70, 119, 81, 91, 97, 125, 113, 127, 123]
    Layer 10: dist=[76, 71, 58, 74, 85, 102, 64, 74, 63, 88, 106, 49, 88, 67, 82, 86, 87, 102, 100, 107, 88, 60, 107, 90, 93, 107, 84, 77, 76, 65, 82, 90]
    Layer 11: dist=[78, 65, 79, 48, 53, 61, 78, 77, 102, 123, 109, 93, 82, 64, 65, 69, 69, 63, 61, 51, 77, 107, 89, 87, 67, 59, 56, 54, 95, 55, 55, 94]
    Layer 12: dist=[21, 72, 79, 61, 87, 83, 66, 70, 63, 62, 74, 77, 86, 81, 82, 87, 39, 68, 59, 94, 102, 112, 97, 103, 93, 2, 107, 38, 81, 88, 113, 91]
    Layer 13: dist=[52, 68, 66, 62, 52, 51, 65, 40, 86, 63, 99, 122, 128, 115, 109, 124, 85, 72, 57, 61, 93, 55, 83, 90, 84, 59, 72, 76, 113, 111, 96, 99]
    Layer 14: dist=[44, 64, 65, 46, 62, 45, 64, 65, 54, 57, 70, 68, 69, 76, 65, 67, 77, 86, 51, 64, 65, 31, 51, 81, 52, 67, 73, 64, 85, 88, 8, 89]
    Layer 15: dist=[80, 44, 79, 38, 37, 38, 79, 67, 90, 60, 46, 104, 68, 107, 79, 89, 61, 57, 64, 68, 58, 60, 50, 51, 49, 34, 86, 62, 72, 84, 71, 49]
    Layer 16: dist=[61, 57, 74, 85, 55, 58, 48, 55, 54, 82, 73, 84, 90, 69, 86, 86, 68, 71, 60, 62, 115, 118, 110, 103, 71, 54, 64, 10, 58, 59, 65, 56]
    Layer 17: dist=[111, 95, 79, 67, 53, 57, 39, 47, 90, 108, 79, 100, 40, 57, 71, 74, 44, 61, 61, 42, 75, 98, 93, 97, 58, 55, 57, 52, 53, 79, 93, 67]
    Layer 18: dist=[34, 45, 35, 33, 56, 78, 74, 57, 64, 67, 66, 79, 61, 60, 57, 62, 46, 74, 72, 52, 68, 47, 65, 96, 58, 62, 61, 63, 52, 53, 79, 56]
    Layer 19: dist=[73, 64, 63, 62, 76, 103, 54, 71, 81, 85, 84, 93, 63, 57, 75, 63, 84, 85, 49, 49, 21, 50, 33, 49, 102, 106, 102, 116, 77, 77, 73, 72]
    Layer 20: dist=[89, 79, 80, 77, 78, 51, 49, 57, 40, 36, 43, 39, 92, 79, 87, 96, 45, 51, 56, 39, 73, 111, 101, 98, 125, 97, 105, 85, 93, 79, 108, 108]
    Layer 21: dist=[44, 50, 56, 68, 115, 65, 96, 118, 118, 61, 71, 69, 46, 41, 44, 42, 75, 75, 83, 65, 89, 99, 95, 96, 64, 62, 60, 80, 73, 79, 60, 88]
    Layer 22: dist=[73, 60, 67, 63, 52, 72, 45, 56, 37, 49, 45, 59, 18, 86, 61, 64, 33, 79, 76, 41, 102, 115, 120, 121, 101, 84, 91, 95, 114, 92, 103, 95]
    Layer 23: dist=[39, 30, 48, 39, 110, 111, 41, 102, 79, 36, 45, 63, 75, 72, 79, 77, 82, 75, 74, 94, 72, 93, 82, 76, 78, 72, 68, 100, 91, 90, 83, 78]
    Layer 24: dist=[79, 124, 109, 101, 99, 109, 111, 97, 102, 105, 104, 84, 78, 75, 89, 74, 81, 86, 98, 88, 120, 103, 102, 117, 65, 73, 79, 51, 95, 111, 98, 88]
    Layer 25: dist=[105, 121, 118, 94, 71, 72, 107, 80, 96, 97, 85, 90, 65, 89, 50, 68, 93, 99, 97, 89, 102, 111, 105, 108, 110, 110, 99, 108, 88, 125, 98, 88]
    Layer 26: dist=[80, 88, 106, 68, 115, 113, 113, 110, 102, 107, 105, 98, 100, 124, 116, 116, 86, 93, 99, 95, 102, 113, 122, 114, 99, 97, 102, 93, 115, 96, 114, 95]
    Layer 27: dist=[87, 108, 103, 117, 98, 105, 101, 86, 77, 100, 107, 99, 78, 109, 80, 86, 96, 99, 99, 104, 91, 112, 113, 92, 110, 113, 116, 117, 107, 77, 92, 117]
    Layer 28: dist=[103, 92, 102, 102, 82, 63, 80, 76, 96, 107, 92, 89, 112, 105, 96, 101, 112, 104, 104, 108, 119, 71, 60, 89, 91, 88, 99, 99, 92, 92, 71, 95]
    Layer 29: dist=[113, 114, 114, 113, 90, 112, 94, 114, 119, 113, 122, 105, 120, 120, 119, 120, 116, 106, 115, 121, 123, 123, 107, 125, 100, 114, 97, 92, 106, 95, 106, 109]
    Layer 30: dist=[75, 102, 99, 100, 102, 100, 90, 67, 117, 117, 115, 120, 105, 104, 113, 101, 97, 78, 120, 122, 51, 120, 100, 110, 119, 119, 119, 118, 106, 110, 107, 102]
    Layer 31: dist=[119, 117, 99, 98, 112, 113, 114, 116, 114, 77, 87, 91, 117, 116, 117, 115, 101, 101, 106, 94, 119, 116, 108, 119, 112, 109, 89, 120, 112, 106, 102, 110]
    Layer 32: dist=[110, 114, 114, 111, 116, 119, 116, 117, 110, 111, 117, 115, 93, 113, 108, 91, 118, 106, 109, 111, 123, 92, 114, 120, 71, 95, 80, 105, 116, 107, 99, 103]
    Layer 33: dist=[102, 120, 112, 119, 91, 102, 57, 94, 116, 116, 113, 113, 114, 115, 113, 116, 114, 117, 106, 109, 112, 96, 110, 113, 111, 119, 122, 118, 110, 111, 107, 104]
    Layer 34: dist=[110, 109, 112, 113, 105, 111, 108, 102, 53, 93, 114, 86, 117, 115, 120, 81, 82, 89, 126, 55, 119, 51, 118, 119, 122, 122, 125, 122, 54, 62, 68, 109]
    Layer 35: dist=[105, 123, 71, 97, 82, 36, 112, 100, 85, 94, 112, 96, 63, 28, 49, 40, 98, 74, 84, 48, 90, 102, 55, 54, 66, 49, 68, 72, 73, 115, 122, 117]

  [Taylor Step 2/3] OLS sigma per head (scaling V, streaming)...
    Layer  0: sigma=[0.615, 0.100, 0.100, 0.100, 0.333, 0.378, 0.100, 0.100, 0.100, 0.148, 0.100, 0.100, 0.100, 0.100, 0.100, 0.259, 0.100, 0.100, 0.100, 0.100, 0.100, 0.100, 0.100, 0.100, 0.100, 0.100, 0.351, 0.100, 0.100, 0.100, 0.161, 0.100]
    Layer  1: sigma=[0.351, 0.100, 0.100, 0.100, 0.100, 0.100, 0.100, 0.100, 0.100, 0.166, 0.245, 0.100, 0.100, 0.100, 0.100, 0.100, 0.100, 0.100, 0.100, 0.100, 0.100, 0.100, 0.100, 0.116, 0.100, 0.100, 0.113, 0.100, 0.100, 0.100, 0.100, 0.100]
    Layer  2: sigma=[0.100, 0.100, 0.100, 0.100, 0.100, 0.100, 0.100, 0.100, 0.109, 0.100, 0.100, 0.100, 0.100, 0.144, 0.100, 0.100, 0.100, 0.221, 0.100, 0.100, 0.100, 0.100, 0.100, 0.100, 0.100, 0.171, 0.100, 0.100, 0.100, 0.100, 0.100, 0.100]
    Layer  3: sigma=[0.100, 0.320, 0.100, 0.155, 0.100, 0.100, 0.100, 0.100, 0.100, 0.100, 0.100, 0.100, 0.100, 0.100, 0.100, 0.100, 0.100, 0.100, 0.100, 0.100, 0.100, 0.105, 0.100, 0.100, 0.100, 0.100, 0.100, 0.100, 0.100, 0.100, 0.100, 0.100]
    Layer  5: sigma=[0.100, 0.100, 0.100, 0.100, 0.100, 0.100, 0.100, 0.100, 0.100, 0.141, 0.100, 0.109, 0.100, 0.100, 0.100, 0.122, 0.100, 0.179, 0.100, 0.100, 0.100, 0.100, 0.100, 0.100, 0.100, 0.100, 0.100, 0.100, 0.100, 0.100, 0.100, 0.100]
    Layer  6: sigma=[0.100, 0.100, 0.100, 0.100, 0.100, 0.100, 0.100, 0.100, 0.100, 0.100, 0.100, 0.100, 0.100, 0.100, 0.100, 0.100, 0.100, 0.100, 0.100, 0.100, 0.156, 0.100, 0.100, 0.100, 0.100, 0.100, 0.100, 0.100, 0.100, 0.100, 0.100, 0.100]
    Layer  7: sigma=[0.100, 0.154, 0.100, 0.100, 0.115, 0.100, 0.100, 0.100, 0.100, 0.100, 0.100, 0.104, 0.100, 0.100, 0.100, 0.100, 0.100, 0.100, 0.100, 0.100, 0.100, 0.100, 0.100, 0.100, 0.100, 0.100, 0.100, 0.100, 0.100, 0.100, 0.100, 0.100]
    Layer  8: sigma=[0.100, 0.100, 0.100, 0.100, 0.100, 0.100, 0.100, 0.100, 0.100, 0.100, 0.100, 0.100, 0.100, 0.100, 0.100, 0.100, 0.100, 0.100, 0.100, 0.100, 0.100, 0.100, 0.100, 0.100, 0.100, 0.100, 0.100, 0.176, 0.100, 0.100, 0.100, 0.100]
    Layer  9: sigma=[0.100, 0.100, 0.100, 0.100, 0.100, 0.100, 0.100, 0.100, 0.100, 0.100, 0.100, 0.100, 0.100, 0.100, 0.539, 0.135, 0.100, 0.100, 0.100, 0.100, 0.100, 0.100, 0.100, 0.100, 0.100, 0.100, 0.100, 0.100, 0.100, 0.100, 0.100, 0.100]
    Layer 10: sigma=[0.100, 0.100, 0.100, 0.100, 0.100, 0.100, 0.100, 0.100, 0.100, 0.100, 0.100, 0.100, 0.100, 0.100, 0.100, 0.100, 0.100, 0.100, 0.100, 0.100, 0.100, 0.100, 0.100, 0.100, 0.100, 0.100, 0.100, 0.100, 0.100, 0.100, 0.100, 0.100]
    Layer 11: sigma=[0.100, 0.100, 0.100, 0.100, 0.139, 0.100, 0.100, 0.100, 0.100, 0.111, 0.100, 0.100, 0.100, 0.100, 0.243, 0.100, 0.100, 0.100, 0.100, 0.100, 0.100, 0.100, 0.100, 0.100, 0.100, 0.100, 0.163, 0.100, 0.100, 0.100, 0.100, 0.100]
    Layer 12: sigma=[0.100, 0.100, 0.100, 0.100, 0.100, 0.100, 0.100, 0.100, 0.100, 0.106, 0.100, 0.108, 0.100, 0.100, 0.100, 0.100, 0.100, 0.291, 0.185, 0.100, 0.100, 0.100, 0.100, 0.100, 0.100, 0.100, 0.100, 0.207, 0.100, 0.100, 0.118, 0.100]
    Layer 13: sigma=[0.234, 0.100, 0.100, 0.300, 0.100, 0.100, 0.100, 0.100, 0.100, 0.100, 0.100, 0.100, 0.100, 0.100, 0.100, 0.100, 0.100, 0.100, 0.100, 0.104, 0.100, 0.100, 0.100, 0.100, 0.100, 0.100, 0.100, 0.100, 0.100, 0.100, 0.100, 0.100]
    Layer 14: sigma=[0.100, 0.100, 0.100, 0.100, 0.100, 0.431, 0.100, 0.100, 0.100, 0.100, 0.100, 0.100, 0.100, 0.100, 0.100, 0.100, 0.100, 0.100, 0.100, 0.100, 0.100, 0.100, 0.100, 0.100, 0.117, 0.117, 0.100, 0.100, 0.100, 0.100, 0.100, 0.100]
    Layer 15: sigma=[0.100, 0.157, 0.100, 0.100, 0.100, 0.112, 0.100, 0.100, 0.100, 0.100, 0.100, 0.100, 0.217, 0.100, 0.100, 0.100, 0.100, 0.100, 0.100, 0.100, 0.100, 0.100, 0.100, 0.100, 0.134, 0.100, 0.100, 0.100, 0.100, 0.100, 0.100, 0.100]
    Layer 16: sigma=[0.100, 0.100, 0.100, 0.100, 0.100, 0.100, 0.100, 0.100, 0.100, 0.100, 0.100, 0.100, 0.100, 0.100, 0.100, 0.100, 0.100, 0.100, 0.100, 0.100, 0.100, 0.100, 0.100, 0.100, 0.100, 0.100, 0.100, 0.427, 0.100, 0.100, 0.100, 0.100]
    Layer 17: sigma=[0.100, 0.100, 0.100, 0.100, 0.100, 0.145, 0.100, 0.100, 0.100, 0.100, 0.100, 0.100, 0.100, 0.100, 0.100, 0.100, 0.131, 0.100, 0.100, 0.402, 0.100, 0.100, 0.100, 0.100, 0.141, 0.100, 0.403, 0.100, 0.100, 0.100, 0.100, 0.100]
    Layer 18: sigma=[0.100, 0.486, 0.100, 0.100, 0.100, 0.100, 0.100, 0.188, 0.100, 0.100, 0.100, 0.100, 0.100, 0.100, 0.100, 0.100, 0.166, 0.100, 0.100, 0.100, 0.100, 0.100, 0.100, 0.100, 0.100, 0.100, 0.100, 0.100, 0.100, 0.100, 0.100, 0.100]
    Layer 19: sigma=[0.100, 0.100, 0.100, 0.100, 0.100, 0.100, 0.100, 0.100, 0.100, 0.100, 0.100, 0.100, 0.175, 0.100, 0.100, 0.178, 0.100, 0.100, 0.100, 0.292, 0.100, 0.100, 0.100, 0.123, 0.100, 0.100, 0.100, 0.100, 0.100, 0.100, 0.100, 0.100]
    Layer 20: sigma=[0.100, 0.100, 0.100, 0.100, 0.100, 0.200, 0.100, 0.100, 0.158, 0.106, 0.100, 0.100, 0.100, 0.100, 0.100, 0.122, 0.100, 0.112, 0.100, 0.100, 0.100, 0.100, 0.100, 0.100, 0.100, 0.100, 0.100, 0.100, 0.100, 0.100, 0.100, 0.100]
    Layer 21: sigma=[0.100, 0.155, 0.100, 0.100, 0.100, 0.100, 0.100, 0.100, 0.100, 0.146, 0.100, 0.291, 0.100, 0.100, 0.110, 0.100, 0.100, 0.100, 0.100, 0.100, 0.100, 0.106, 0.100, 0.100, 0.158, 0.100, 0.100, 0.100, 0.100, 0.100, 0.298, 0.100]
    Layer 22: sigma=[0.151, 0.100, 0.100, 0.100, 0.181, 0.114, 0.100, 0.205, 0.106, 0.100, 0.100, 0.100, 0.100, 0.100, 0.100, 0.113, 0.100, 0.100, 0.100, 0.100, 0.100, 0.100, 0.100, 0.100, 0.100, 0.100, 0.100, 0.100, 0.100, 0.100, 0.100, 0.100]
    Layer 23: sigma=[0.157, 0.227, 0.143, 0.100, 0.100, 0.100, 0.162, 0.100, 0.100, 0.274, 0.100, 0.100, 0.100, 0.100, 0.104, 0.100, 0.100, 0.100, 0.100, 0.100, 0.100, 0.100, 0.100, 0.100, 0.100, 0.100, 0.100, 0.100, 0.100, 0.100, 0.160, 0.304]
    Layer 24: sigma=[0.100, 0.100, 0.100, 0.100, 0.100, 0.100, 0.100, 0.100, 0.100, 0.100, 0.100, 0.100, 0.100, 0.100, 0.100, 0.149, 0.100, 0.100, 0.100, 0.100, 0.100, 0.100, 0.100, 0.100, 0.212, 0.384, 0.100, 0.318, 0.100, 0.100, 0.100, 0.100]
    Layer 25: sigma=[0.100, 0.100, 0.100, 0.100, 0.100, 0.100, 0.100, 0.100, 0.100, 0.100, 0.100, 0.100, 0.100, 0.100, 0.100, 0.100, 0.100, 0.100, 0.100, 0.100, 0.100, 0.100, 0.100, 0.100, 0.100, 0.100, 0.100, 0.100, 0.100, 0.100, 0.100, 0.100]
    Layer 26: sigma=[0.100, 0.100, 0.100, 0.100, 0.100, 0.100, 0.100, 0.100, 0.100, 0.100, 0.100, 0.100, 0.100, 0.100, 0.100, 0.100, 0.100, 0.100, 0.100, 0.100, 0.100, 0.100, 0.100, 0.100, 0.100, 0.100, 0.100, 0.100, 0.100, 0.100, 0.100, 0.100]
    Layer 27: sigma=[0.100, 0.100, 0.100, 0.100, 0.100, 0.100, 0.100, 0.100, 0.100, 0.100, 0.100, 0.100, 0.100, 0.100, 0.100, 0.100, 0.100, 0.100, 0.100, 0.100, 0.100, 0.100, 0.100, 0.100, 0.100, 0.100, 0.100, 0.100, 0.100, 0.100, 0.100, 0.100]
    Layer 28: sigma=[0.100, 0.100, 0.100, 0.100, 0.100, 0.102, 0.100, 0.125, 0.100, 0.100, 0.100, 0.100, 0.100, 0.100, 0.100, 0.100, 0.100, 0.100, 0.100, 0.100, 0.100, 0.100, 0.100, 0.100, 0.100, 0.100, 0.100, 0.100, 0.100, 0.100, 0.100, 0.100]
    Layer 29: sigma=[0.100, 0.100, 0.100, 0.100, 0.100, 0.100, 0.100, 0.100, 0.100, 0.100, 0.100, 0.100, 0.100, 0.100, 0.100, 0.100, 0.100, 0.100, 0.100, 0.100, 0.100, 0.100, 0.100, 0.100, 0.100, 0.100, 0.100, 0.100, 0.100, 0.100, 0.100, 0.100]
    Layer 30: sigma=[0.100, 0.100, 0.100, 0.100, 0.100, 0.100, 0.100, 0.100, 0.100, 0.100, 0.100, 0.100, 0.100, 0.100, 0.100, 0.100, 0.100, 0.100, 0.100, 0.100, 0.100, 0.100, 0.100, 0.100, 0.100, 0.100, 0.100, 0.100, 0.100, 0.100, 0.100, 0.100]
    Layer 31: sigma=[0.100, 0.100, 0.100, 0.100, 0.100, 0.100, 0.100, 0.100, 0.100, 0.100, 0.100, 0.100, 0.100, 0.100, 0.100, 0.100, 0.100, 0.100, 0.100, 0.118, 0.100, 0.100, 0.100, 0.100, 0.100, 0.100, 0.100, 0.100, 0.100, 0.100, 0.100, 0.100]
    Layer 32: sigma=[0.100, 0.100, 0.100, 0.100, 0.100, 0.100, 0.100, 0.100, 0.100, 0.100, 0.100, 0.100, 0.100, 0.100, 0.100, 0.100, 0.100, 0.100, 0.100, 0.100, 0.100, 0.100, 0.100, 0.100, 0.100, 0.100, 0.100, 0.100, 0.100, 0.100, 0.100, 0.100]
    Layer 33: sigma=[0.100, 0.100, 0.100, 0.100, 0.100, 0.100, 0.100, 0.100, 0.100, 0.100, 0.100, 0.100, 0.100, 0.100, 0.100, 0.100, 0.100, 0.100, 0.100, 0.100, 0.100, 0.100, 0.100, 0.100, 0.100, 0.100, 0.100, 0.100, 0.100, 0.100, 0.100, 0.100]
    Layer 34: sigma=[0.100, 0.100, 0.100, 0.100, 0.100, 0.100, 0.100, 0.100, 0.100, 0.100, 0.100, 0.100, 0.100, 0.100, 0.100, 0.100, 0.104, 0.100, 0.100, 0.100, 0.100, 0.100, 0.100, 0.100, 0.100, 0.100, 0.100, 0.100, 0.100, 0.100, 0.100, 0.100]
    Layer 35: sigma=[0.100, 0.100, 0.100, 0.100, 0.100, 0.100, 0.100, 0.100, 0.100, 0.100, 0.100, 0.100, 0.100, 0.100, 0.100, 0.100, 0.100, 0.100, 0.100, 0.100, 0.100, 0.100, 0.120, 0.100, 0.100, 0.100, 0.100, 0.100, 0.100, 0.100, 0.100, 0.100]

  [Taylor Step 3/3] g_proj = v_proj * alpha (damping=0.01)...
    Layer  0: alpha=0.060405  teacher_rms=0.0163  v_rms=0.0027
    Layer  1: alpha=0.060895  teacher_rms=0.0205  v_rms=0.0034
    Layer  2: alpha=0.057025  teacher_rms=0.0214  v_rms=0.0038
    Layer  3: alpha=0.048851  teacher_rms=0.0259  v_rms=0.0053
    Layer  5: alpha=0.061770  teacher_rms=0.0409  v_rms=0.0066
    Layer  6: alpha=0.078306  teacher_rms=0.0621  v_rms=0.0079
    Layer  7: alpha=0.045939  teacher_rms=0.0530  v_rms=0.0115
    Layer  8: alpha=0.047454  teacher_rms=0.0708  v_rms=0.0149
    Layer  9: alpha=0.036147  teacher_rms=0.0713  v_rms=0.0197
    Layer 10: alpha=0.051225  teacher_rms=0.1092  v_rms=0.0213
    Layer 11: alpha=0.062960  teacher_rms=0.1046  v_rms=0.0166
    Layer 12: alpha=0.060980  teacher_rms=0.1207  v_rms=0.0198
    Layer 13: alpha=0.054006  teacher_rms=0.1040  v_rms=0.0192
    Layer 14: alpha=0.062862  teacher_rms=0.1547  v_rms=0.0246
    Layer 15: alpha=0.058331  teacher_rms=0.1576  v_rms=0.0270
    Layer 16: alpha=0.041860  teacher_rms=0.1473  v_rms=0.0352
    Layer 17: alpha=0.044212  teacher_rms=0.1753  v_rms=0.0397
    Layer 18: alpha=0.044090  teacher_rms=0.1990  v_rms=0.0451
    Layer 19: alpha=0.054268  teacher_rms=0.2060  v_rms=0.0380
    Layer 20: alpha=0.056389  teacher_rms=0.1966  v_rms=0.0349
    Layer 21: alpha=0.049108  teacher_rms=0.2373  v_rms=0.0483
    Layer 22: alpha=0.056168  teacher_rms=0.2834  v_rms=0.0505
    Layer 23: alpha=0.049508  teacher_rms=0.3098  v_rms=0.0626
    Layer 24: alpha=0.034572  teacher_rms=0.2897  v_rms=0.0838
    Layer 25: alpha=0.040058  teacher_rms=0.2376  v_rms=0.0593
    Layer 26: alpha=0.029256  teacher_rms=0.2124  v_rms=0.0726
    Layer 27: alpha=0.037093  teacher_rms=0.3083  v_rms=0.0831
    Layer 28: alpha=0.042447  teacher_rms=0.3705  v_rms=0.0873
    Layer 29: alpha=0.017344  teacher_rms=0.2548  v_rms=0.1469
    Layer 30: alpha=0.029045  teacher_rms=0.4297  v_rms=0.1480
    Layer 31: alpha=0.021153  teacher_rms=0.3785  v_rms=0.1789
    Layer 32: alpha=0.023899  teacher_rms=0.5288  v_rms=0.2213
    Layer 33: alpha=0.018560  teacher_rms=0.6404  v_rms=0.3451
    Layer 34: alpha=0.033173  teacher_rms=1.0325  v_rms=0.3112
    Layer 35: alpha=0.059805  teacher_rms=1.0168  v_rms=0.1700

  Set g_proj = v_proj * alpha in 35 GDN layers (damping=0.01).
  Init (taylor_init) done in 379.0s
  Layer 4: PPL = 6027415.00  (eval 17.1s)

============================================================
  Probing layer 5 | strategy=taylor_init
============================================================
Loading checkpoint shards:   0%|          | 0/4 [00:00<?, ?it/s]Loading checkpoint shards: 100%|██████████| 4/4 [00:00<00:00, 150.28it/s]
Could not cache non-existence of file. Will ignore error and continue. Error: [Errno 13] Permission denied: '/data/shared/huggingface/hub/models--Qwen--Qwen3-8B/.no_exist/b968826d9c46dd6066d109eabc6255188de91218/model.safetensors'
Loading checkpoint shards:   0%|          | 0/5 [00:00<?, ?it/s]Loading checkpoint shards: 100%|██████████| 5/5 [00:00<00:00, 191.28it/s]
Token indices sequence length is longer than the specified maximum sequence length for this model (2429029 > 131072). Running this sequence through the model will result in indexing errors
  [Taylor Step 1/3] Gate calibration from attention stats...
    Layer  0: dist=[32, 3, 12, 35, 12, 26, 9, 11, 19, 6, 8, 9, 18, 34, 31, 10, 16, 19, 16, 14, 13, 23, 4, 12, 5, 52, 10, 43, 15, 36, 15, 14]
    Layer  1: dist=[19, 38, 25, 44, 3, 15, 31, 11, 45, 36, 65, 60, 34, 47, 51, 38, 32, 54, 57, 33, 56, 24, 40, 40, 37, 9, 44, 41, 83, 31, 37, 49]
    Layer  2: dist=[65, 65, 67, 62, 26, 45, 33, 43, 39, 47, 56, 56, 53, 46, 46, 60, 61, 49, 54, 43, 49, 67, 48, 50, 25, 24, 21, 35, 73, 73, 77, 74]
    Layer  3: dist=[65, 26, 13, 22, 87, 93, 83, 73, 56, 53, 62, 58, 90, 73, 75, 74, 59, 62, 51, 67, 74, 60, 64, 65, 64, 56, 52, 59, 70, 63, 72, 65]
    Layer  4: dist=[62, 63, 73, 67, 73, 56, 61, 89, 68, 69, 63, 60, 55, 55, 71, 61, 62, 65, 67, 70, 64, 61, 47, 64, 41, 51, 48, 34, 51, 66, 55, 55]
    Layer  6: dist=[27, 40, 30, 31, 52, 46, 67, 61, 46, 25, 43, 38, 56, 64, 56, 30, 47, 34, 45, 40, 20, 30, 32, 14, 35, 50, 32, 49, 47, 43, 37, 53]
    Layer  7: dist=[55, 60, 64, 87, 126, 114, 127, 121, 88, 119, 99, 72, 108, 23, 53, 97, 80, 101, 85, 81, 106, 86, 112, 116, 64, 78, 47, 86, 97, 101, 101, 106]
    Layer  8: dist=[83, 87, 90, 58, 81, 77, 69, 78, 86, 99, 87, 90, 94, 86, 96, 70, 116, 107, 103, 96, 92, 106, 100, 111, 92, 72, 95, 67, 84, 72, 79, 74]
    Layer  9: dist=[76, 60, 61, 67, 83, 97, 96, 74, 123, 120, 118, 112, 27, 87, 63, 85, 93, 100, 114, 125, 87, 77, 60, 70, 119, 81, 91, 97, 125, 113, 127, 123]
    Layer 10: dist=[76, 71, 58, 74, 85, 102, 64, 74, 63, 88, 106, 49, 88, 67, 82, 86, 87, 102, 100, 107, 88, 60, 107, 90, 93, 107, 84, 77, 76, 65, 82, 90]
    Layer 11: dist=[78, 65, 79, 48, 53, 61, 78, 77, 102, 123, 109, 93, 82, 64, 65, 69, 69, 63, 61, 51, 77, 107, 89, 87, 67, 59, 56, 54, 95, 55, 55, 94]
    Layer 12: dist=[21, 72, 79, 61, 87, 83, 66, 70, 63, 62, 74, 77, 86, 81, 82, 87, 39, 68, 59, 94, 102, 112, 97, 103, 93, 2, 107, 38, 81, 88, 113, 91]
    Layer 13: dist=[52, 68, 66, 62, 52, 51, 65, 40, 86, 63, 99, 122, 128, 115, 109, 124, 85, 72, 57, 61, 93, 55, 83, 90, 84, 59, 72, 76, 113, 111, 96, 99]
    Layer 14: dist=[44, 64, 65, 46, 62, 45, 64, 65, 54, 57, 70, 68, 69, 76, 65, 67, 77, 86, 51, 64, 65, 31, 51, 81, 52, 67, 73, 64, 85, 88, 8, 89]
    Layer 15: dist=[80, 44, 79, 38, 37, 38, 79, 67, 90, 60, 46, 104, 68, 107, 79, 89, 61, 57, 64, 68, 58, 60, 50, 51, 49, 34, 86, 62, 72, 84, 71, 49]
    Layer 16: dist=[61, 57, 74, 85, 55, 58, 48, 55, 54, 82, 73, 84, 90, 69, 86, 86, 68, 71, 60, 62, 115, 118, 110, 103, 71, 54, 64, 10, 58, 59, 65, 56]
    Layer 17: dist=[111, 95, 79, 67, 53, 57, 39, 47, 90, 108, 79, 100, 40, 57, 71, 74, 44, 61, 61, 42, 75, 98, 93, 97, 58, 55, 57, 52, 53, 79, 93, 67]
    Layer 18: dist=[34, 45, 35, 33, 56, 78, 74, 57, 64, 67, 66, 79, 61, 60, 57, 62, 46, 74, 72, 52, 68, 47, 65, 96, 58, 62, 61, 63, 52, 53, 79, 56]
    Layer 19: dist=[73, 64, 63, 62, 76, 103, 54, 71, 81, 85, 84, 93, 63, 57, 75, 63, 84, 85, 49, 49, 21, 50, 33, 49, 102, 106, 102, 116, 77, 77, 73, 72]
    Layer 20: dist=[89, 79, 80, 77, 78, 51, 49, 57, 40, 36, 43, 39, 92, 79, 87, 96, 45, 51, 56, 39, 73, 111, 101, 98, 125, 97, 105, 85, 93, 79, 108, 108]
    Layer 21: dist=[44, 50, 56, 68, 115, 65, 96, 118, 118, 61, 71, 69, 46, 41, 44, 42, 75, 75, 83, 65, 89, 99, 95, 96, 64, 62, 60, 80, 73, 79, 60, 88]
    Layer 22: dist=[73, 60, 67, 63, 52, 72, 45, 56, 37, 49, 45, 59, 18, 86, 61, 64, 33, 79, 76, 41, 102, 115, 120, 121, 101, 84, 91, 95, 114, 92, 103, 95]
    Layer 23: dist=[39, 30, 48, 39, 110, 111, 41, 102, 79, 36, 45, 63, 75, 72, 79, 77, 82, 75, 74, 94, 72, 93, 82, 76, 78, 72, 68, 100, 91, 90, 83, 78]
    Layer 24: dist=[79, 124, 109, 101, 99, 109, 111, 97, 102, 105, 104, 84, 78, 75, 89, 74, 81, 86, 98, 88, 120, 103, 102, 117, 65, 73, 79, 51, 95, 111, 98, 88]
    Layer 25: dist=[105, 121, 118, 94, 71, 72, 107, 80, 96, 97, 85, 90, 65, 89, 50, 68, 93, 99, 97, 89, 102, 111, 105, 108, 110, 110, 99, 108, 88, 125, 98, 88]
    Layer 26: dist=[80, 88, 106, 68, 115, 113, 113, 110, 102, 107, 105, 98, 100, 124, 116, 116, 86, 93, 99, 95, 102, 113, 122, 114, 99, 97, 102, 93, 115, 96, 114, 95]
    Layer 27: dist=[87, 108, 103, 117, 98, 105, 101, 86, 77, 100, 107, 99, 78, 109, 80, 86, 96, 99, 99, 104, 91, 112, 113, 92, 110, 113, 116, 117, 107, 77, 92, 117]
    Layer 28: dist=[103, 92, 102, 102, 82, 63, 80, 76, 96, 107, 92, 89, 112, 105, 96, 101, 112, 104, 104, 108, 119, 71, 60, 89, 91, 88, 99, 99, 92, 92, 71, 95]
    Layer 29: dist=[113, 114, 114, 113, 90, 112, 94, 114, 119, 113, 122, 105, 120, 120, 119, 120, 116, 106, 115, 121, 123, 123, 107, 125, 100, 114, 97, 92, 106, 95, 106, 109]
    Layer 30: dist=[75, 102, 99, 100, 102, 100, 90, 67, 117, 117, 115, 120, 105, 104, 113, 101, 97, 78, 120, 122, 51, 120, 100, 110, 119, 119, 119, 118, 106, 110, 107, 102]
    Layer 31: dist=[119, 117, 99, 98, 112, 113, 114, 116, 114, 77, 87, 91, 117, 116, 117, 115, 101, 101, 106, 94, 119, 116, 108, 119, 112, 109, 89, 120, 112, 106, 102, 110]
    Layer 32: dist=[110, 114, 114, 111, 116, 119, 116, 117, 110, 111, 117, 115, 93, 113, 108, 91, 118, 106, 109, 111, 123, 92, 114, 120, 71, 95, 80, 105, 116, 107, 99, 103]
    Layer 33: dist=[102, 120, 112, 119, 91, 102, 57, 94, 116, 116, 113, 113, 114, 115, 113, 116, 114, 117, 106, 109, 112, 96, 110, 113, 111, 119, 122, 118, 110, 111, 107, 104]
    Layer 34: dist=[110, 109, 112, 113, 105, 111, 108, 102, 53, 93, 114, 86, 117, 115, 120, 81, 82, 89, 126, 55, 119, 51, 118, 119, 122, 122, 125, 122, 54, 62, 68, 109]
    Layer 35: dist=[105, 123, 71, 97, 82, 36, 112, 100, 85, 94, 112, 96, 63, 28, 49, 40, 98, 74, 84, 48, 90, 102, 55, 54, 66, 49, 68, 72, 73, 115, 122, 117]

  [Taylor Step 2/3] OLS sigma per head (scaling V, streaming)...
    Layer  0: sigma=[0.614, 0.100, 0.100, 0.100, 0.333, 0.381, 0.100, 0.100, 0.100, 0.148, 0.100, 0.100, 0.100, 0.100, 0.100, 0.260, 0.100, 0.100, 0.100, 0.100, 0.100, 0.100, 0.100, 0.100, 0.100, 0.100, 0.350, 0.100, 0.100, 0.100, 0.161, 0.100]
    Layer  1: sigma=[0.352, 0.100, 0.100, 0.100, 0.100, 0.100, 0.100, 0.100, 0.100, 0.167, 0.245, 0.100, 0.100, 0.100, 0.100, 0.100, 0.100, 0.100, 0.100, 0.100, 0.100, 0.100, 0.100, 0.116, 0.100, 0.100, 0.114, 0.100, 0.100, 0.100, 0.100, 0.100]
    Layer  2: sigma=[0.100, 0.100, 0.100, 0.100, 0.100, 0.100, 0.100, 0.100, 0.108, 0.100, 0.100, 0.100, 0.100, 0.144, 0.100, 0.100, 0.100, 0.216, 0.100, 0.100, 0.100, 0.100, 0.100, 0.100, 0.100, 0.171, 0.100, 0.100, 0.100, 0.100, 0.100, 0.100]
    Layer  3: sigma=[0.100, 0.323, 0.100, 0.154, 0.100, 0.100, 0.100, 0.100, 0.100, 0.100, 0.100, 0.100, 0.100, 0.100, 0.100, 0.100, 0.100, 0.100, 0.100, 0.100, 0.100, 0.107, 0.100, 0.100, 0.100, 0.100, 0.100, 0.100, 0.100, 0.100, 0.100, 0.100]
    Layer  4: sigma=[0.100, 0.100, 0.100, 0.100, 0.100, 0.100, 0.100, 0.100, 0.100, 0.100, 0.100, 0.100, 0.100, 0.100, 0.100, 0.100, 0.100, 0.100, 0.100, 0.100, 0.132, 0.136, 0.320, 0.100, 0.100, 0.100, 0.100, 0.100, 0.100, 0.100, 0.100, 0.100]
    Layer  6: sigma=[0.100, 0.100, 0.100, 0.100, 0.100, 0.100, 0.100, 0.100, 0.100, 0.100, 0.100, 0.100, 0.100, 0.100, 0.100, 0.100, 0.100, 0.100, 0.100, 0.100, 0.158, 0.100, 0.100, 0.100, 0.100, 0.100, 0.100, 0.100, 0.100, 0.100, 0.100, 0.100]
    Layer  7: sigma=[0.100, 0.159, 0.100, 0.100, 0.112, 0.100, 0.100, 0.100, 0.100, 0.100, 0.100, 0.100, 0.100, 0.100, 0.100, 0.100, 0.100, 0.100, 0.100, 0.100, 0.100, 0.100, 0.100, 0.100, 0.100, 0.100, 0.100, 0.100, 0.100, 0.100, 0.100, 0.100]
    Layer  8: sigma=[0.100, 0.100, 0.100, 0.100, 0.100, 0.100, 0.100, 0.100, 0.100, 0.100, 0.100, 0.100, 0.100, 0.100, 0.100, 0.100, 0.100, 0.100, 0.100, 0.100, 0.100, 0.100, 0.100, 0.100, 0.100, 0.100, 0.100, 0.184, 0.100, 0.100, 0.100, 0.100]
    Layer  9: sigma=[0.100, 0.100, 0.100, 0.100, 0.100, 0.100, 0.100, 0.100, 0.100, 0.100, 0.100, 0.100, 0.100, 0.100, 0.552, 0.127, 0.100, 0.100, 0.100, 0.100, 0.100, 0.100, 0.100, 0.100, 0.100, 0.100, 0.100, 0.100, 0.100, 0.100, 0.100, 0.100]
    Layer 10: sigma=[0.100, 0.100, 0.100, 0.100, 0.100, 0.100, 0.100, 0.100, 0.100, 0.100, 0.100, 0.100, 0.100, 0.100, 0.100, 0.100, 0.100, 0.100, 0.100, 0.100, 0.100, 0.100, 0.100, 0.100, 0.100, 0.100, 0.100, 0.100, 0.100, 0.100, 0.100, 0.100]
    Layer 11: sigma=[0.100, 0.100, 0.100, 0.100, 0.139, 0.100, 0.100, 0.100, 0.100, 0.106, 0.100, 0.100, 0.100, 0.100, 0.239, 0.100, 0.100, 0.100, 0.100, 0.100, 0.100, 0.100, 0.100, 0.100, 0.100, 0.100, 0.167, 0.100, 0.100, 0.100, 0.100, 0.100]
    Layer 12: sigma=[0.100, 0.100, 0.100, 0.100, 0.100, 0.100, 0.100, 0.100, 0.100, 0.106, 0.100, 0.108, 0.100, 0.100, 0.100, 0.100, 0.100, 0.306, 0.174, 0.100, 0.100, 0.100, 0.100, 0.100, 0.100, 0.100, 0.100, 0.213, 0.100, 0.100, 0.125, 0.100]
    Layer 13: sigma=[0.227, 0.100, 0.100, 0.351, 0.100, 0.100, 0.100, 0.100, 0.100, 0.100, 0.100, 0.100, 0.100, 0.100, 0.100, 0.100, 0.100, 0.100, 0.100, 0.101, 0.100, 0.100, 0.100, 0.100, 0.100, 0.100, 0.100, 0.100, 0.100, 0.100, 0.100, 0.100]
    Layer 14: sigma=[0.100, 0.100, 0.100, 0.100, 0.100, 0.486, 0.100, 0.100, 0.100, 0.100, 0.100, 0.100, 0.100, 0.100, 0.100, 0.100, 0.100, 0.100, 0.100, 0.100, 0.100, 0.100, 0.100, 0.100, 0.117, 0.119, 0.100, 0.100, 0.100, 0.100, 0.100, 0.100]
    Layer 15: sigma=[0.100, 0.159, 0.100, 0.100, 0.100, 0.105, 0.100, 0.100, 0.100, 0.100, 0.100, 0.100, 0.188, 0.100, 0.100, 0.100, 0.100, 0.100, 0.100, 0.100, 0.100, 0.100, 0.100, 0.100, 0.132, 0.100, 0.100, 0.100, 0.100, 0.100, 0.100, 0.100]
    Layer 16: sigma=[0.100, 0.100, 0.100, 0.100, 0.100, 0.100, 0.100, 0.100, 0.100, 0.100, 0.100, 0.100, 0.100, 0.100, 0.100, 0.100, 0.100, 0.100, 0.100, 0.100, 0.100, 0.100, 0.100, 0.100, 0.100, 0.100, 0.100, 0.380, 0.100, 0.100, 0.100, 0.100]
    Layer 17: sigma=[0.100, 0.100, 0.100, 0.100, 0.100, 0.140, 0.100, 0.100, 0.100, 0.100, 0.100, 0.100, 0.100, 0.100, 0.100, 0.100, 0.153, 0.100, 0.100, 0.426, 0.100, 0.100, 0.100, 0.113, 0.141, 0.100, 0.364, 0.100, 0.100, 0.100, 0.100, 0.100]
    Layer 18: sigma=[0.100, 0.572, 0.100, 0.100, 0.100, 0.100, 0.100, 0.196, 0.100, 0.100, 0.100, 0.100, 0.100, 0.100, 0.100, 0.100, 0.195, 0.100, 0.100, 0.100, 0.100, 0.100, 0.100, 0.100, 0.100, 0.100, 0.100, 0.100, 0.100, 0.100, 0.100, 0.100]
    Layer 19: sigma=[0.100, 0.100, 0.100, 0.100, 0.100, 0.100, 0.100, 0.100, 0.100, 0.100, 0.100, 0.100, 0.139, 0.100, 0.100, 0.211, 0.100, 0.100, 0.100, 0.270, 0.100, 0.100, 0.100, 0.104, 0.100, 0.100, 0.100, 0.100, 0.100, 0.100, 0.100, 0.100]
    Layer 20: sigma=[0.100, 0.100, 0.100, 0.100, 0.100, 0.197, 0.100, 0.100, 0.150, 0.112, 0.100, 0.100, 0.100, 0.100, 0.100, 0.131, 0.100, 0.134, 0.100, 0.100, 0.100, 0.100, 0.100, 0.100, 0.100, 0.100, 0.100, 0.100, 0.100, 0.100, 0.100, 0.100]
    Layer 21: sigma=[0.100, 0.125, 0.100, 0.100, 0.100, 0.100, 0.100, 0.100, 0.100, 0.149, 0.100, 0.305, 0.100, 0.100, 0.100, 0.100, 0.100, 0.100, 0.100, 0.100, 0.100, 0.105, 0.100, 0.100, 0.118, 0.100, 0.100, 0.100, 0.100, 0.100, 0.311, 0.100]
    Layer 22: sigma=[0.145, 0.100, 0.100, 0.100, 0.170, 0.103, 0.100, 0.231, 0.100, 0.100, 0.100, 0.100, 0.100, 0.100, 0.100, 0.106, 0.100, 0.100, 0.100, 0.100, 0.100, 0.100, 0.100, 0.100, 0.100, 0.100, 0.100, 0.100, 0.100, 0.100, 0.100, 0.100]
    Layer 23: sigma=[0.179, 0.289, 0.159, 0.100, 0.100, 0.100, 0.163, 0.100, 0.100, 0.226, 0.100, 0.100, 0.100, 0.100, 0.100, 0.100, 0.100, 0.100, 0.100, 0.100, 0.100, 0.100, 0.100, 0.100, 0.100, 0.100, 0.100, 0.100, 0.100, 0.100, 0.145, 0.247]
    Layer 24: sigma=[0.100, 0.100, 0.100, 0.100, 0.100, 0.100, 0.100, 0.100, 0.100, 0.100, 0.100, 0.100, 0.100, 0.100, 0.100, 0.164, 0.100, 0.100, 0.100, 0.100, 0.100, 0.100, 0.100, 0.100, 0.236, 0.386, 0.100, 0.422, 0.100, 0.100, 0.100, 0.100]
    Layer 25: sigma=[0.100, 0.100, 0.100, 0.100, 0.100, 0.100, 0.100, 0.100, 0.100, 0.100, 0.100, 0.100, 0.100, 0.100, 0.106, 0.100, 0.100, 0.100, 0.100, 0.100, 0.100, 0.100, 0.100, 0.100, 0.100, 0.100, 0.100, 0.100, 0.100, 0.100, 0.100, 0.100]
    Layer 26: sigma=[0.100, 0.100, 0.100, 0.100, 0.100, 0.100, 0.100, 0.100, 0.100, 0.100, 0.100, 0.100, 0.100, 0.100, 0.100, 0.100, 0.100, 0.100, 0.100, 0.100, 0.100, 0.100, 0.100, 0.100, 0.100, 0.100, 0.100, 0.100, 0.100, 0.100, 0.100, 0.100]
    Layer 27: sigma=[0.100, 0.100, 0.100, 0.100, 0.100, 0.100, 0.100, 0.100, 0.100, 0.100, 0.100, 0.100, 0.100, 0.100, 0.100, 0.100, 0.100, 0.100, 0.100, 0.100, 0.100, 0.100, 0.100, 0.100, 0.100, 0.100, 0.100, 0.100, 0.100, 0.100, 0.100, 0.100]
    Layer 28: sigma=[0.100, 0.100, 0.100, 0.100, 0.100, 0.140, 0.100, 0.114, 0.100, 0.100, 0.100, 0.100, 0.100, 0.100, 0.100, 0.100, 0.100, 0.100, 0.100, 0.100, 0.100, 0.100, 0.100, 0.100, 0.100, 0.100, 0.100, 0.100, 0.100, 0.100, 0.100, 0.100]
    Layer 29: sigma=[0.100, 0.100, 0.100, 0.100, 0.100, 0.100, 0.100, 0.100, 0.100, 0.100, 0.100, 0.100, 0.100, 0.100, 0.100, 0.100, 0.100, 0.100, 0.100, 0.100, 0.100, 0.100, 0.100, 0.100, 0.100, 0.100, 0.100, 0.100, 0.100, 0.100, 0.100, 0.100]
    Layer 30: sigma=[0.100, 0.100, 0.100, 0.100, 0.100, 0.100, 0.100, 0.100, 0.100, 0.100, 0.100, 0.100, 0.100, 0.100, 0.100, 0.100, 0.100, 0.100, 0.100, 0.100, 0.100, 0.100, 0.100, 0.100, 0.100, 0.100, 0.100, 0.100, 0.100, 0.100, 0.100, 0.100]
    Layer 31: sigma=[0.100, 0.100, 0.100, 0.100, 0.100, 0.100, 0.100, 0.100, 0.100, 0.100, 0.100, 0.100, 0.100, 0.100, 0.100, 0.100, 0.100, 0.100, 0.100, 0.113, 0.100, 0.100, 0.100, 0.100, 0.100, 0.100, 0.100, 0.100, 0.100, 0.100, 0.100, 0.100]
    Layer 32: sigma=[0.100, 0.100, 0.100, 0.100, 0.100, 0.100, 0.100, 0.100, 0.100, 0.100, 0.100, 0.100, 0.100, 0.100, 0.100, 0.100, 0.100, 0.100, 0.100, 0.100, 0.100, 0.100, 0.100, 0.100, 0.100, 0.100, 0.100, 0.100, 0.100, 0.100, 0.100, 0.100]
    Layer 33: sigma=[0.100, 0.100, 0.100, 0.100, 0.100, 0.100, 0.100, 0.100, 0.100, 0.100, 0.100, 0.100, 0.100, 0.100, 0.100, 0.100, 0.100, 0.100, 0.100, 0.100, 0.100, 0.100, 0.100, 0.100, 0.100, 0.100, 0.100, 0.100, 0.100, 0.100, 0.100, 0.100]
    Layer 34: sigma=[0.100, 0.100, 0.100, 0.100, 0.100, 0.100, 0.100, 0.100, 0.100, 0.100, 0.100, 0.100, 0.100, 0.100, 0.100, 0.100, 0.100, 0.100, 0.100, 0.162, 0.100, 0.100, 0.100, 0.100, 0.100, 0.100, 0.100, 0.100, 0.100, 0.100, 0.100, 0.100]
    Layer 35: sigma=[0.100, 0.100, 0.100, 0.100, 0.100, 0.100, 0.100, 0.100, 0.100, 0.100, 0.100, 0.100, 0.100, 0.100, 0.100, 0.100, 0.100, 0.100, 0.100, 0.100, 0.100, 0.100, 0.100, 0.100, 0.100, 0.100, 0.100, 0.100, 0.100, 0.100, 0.100, 0.100]

  [Taylor Step 3/3] g_proj = v_proj * alpha (damping=0.01)...
    Layer  0: alpha=0.060439  teacher_rms=0.0163  v_rms=0.0027
    Layer  1: alpha=0.060836  teacher_rms=0.0205  v_rms=0.0034
    Layer  2: alpha=0.057150  teacher_rms=0.0214  v_rms=0.0037
    Layer  3: alpha=0.048779  teacher_rms=0.0259  v_rms=0.0053
    Layer  4: alpha=0.047319  teacher_rms=0.0304  v_rms=0.0064
    Layer  6: alpha=0.078247  teacher_rms=0.0621  v_rms=0.0079
    Layer  7: alpha=0.045917  teacher_rms=0.0530  v_rms=0.0115
    Layer  8: alpha=0.047254  teacher_rms=0.0708  v_rms=0.0150
    Layer  9: alpha=0.035804  teacher_rms=0.0713  v_rms=0.0199
    Layer 10: alpha=0.051225  teacher_rms=0.1092  v_rms=0.0213
    Layer 11: alpha=0.063056  teacher_rms=0.1046  v_rms=0.0166
    Layer 12: alpha=0.060380  teacher_rms=0.1207  v_rms=0.0200
    Layer 13: alpha=0.052489  teacher_rms=0.1040  v_rms=0.0198
    Layer 14: alpha=0.060214  teacher_rms=0.1547  v_rms=0.0257
    Layer 15: alpha=0.058885  teacher_rms=0.1576  v_rms=0.0268
    Layer 16: alpha=0.043179  teacher_rms=0.1473  v_rms=0.0341
    Layer 17: alpha=0.044805  teacher_rms=0.1753  v_rms=0.0391
    Layer 18: alpha=0.039799  teacher_rms=0.1990  v_rms=0.0500
    Layer 19: alpha=0.054987  teacher_rms=0.2060  v_rms=0.0375
    Layer 20: alpha=0.055846  teacher_rms=0.1966  v_rms=0.0352
    Layer 21: alpha=0.049053  teacher_rms=0.2373  v_rms=0.0484
    Layer 22: alpha=0.056271  teacher_rms=0.2834  v_rms=0.0504
    Layer 23: alpha=0.050352  teacher_rms=0.3098  v_rms=0.0615
    Layer 24: alpha=0.031834  teacher_rms=0.2897  v_rms=0.0910
    Layer 25: alpha=0.039999  teacher_rms=0.2376  v_rms=0.0594
    Layer 26: alpha=0.029256  teacher_rms=0.2124  v_rms=0.0726
    Layer 27: alpha=0.037093  teacher_rms=0.3083  v_rms=0.0831
    Layer 28: alpha=0.042085  teacher_rms=0.3705  v_rms=0.0880
    Layer 29: alpha=0.017344  teacher_rms=0.2548  v_rms=0.1469
    Layer 30: alpha=0.029045  teacher_rms=0.4297  v_rms=0.1480
    Layer 31: alpha=0.021173  teacher_rms=0.3785  v_rms=0.1788
    Layer 32: alpha=0.023899  teacher_rms=0.5288  v_rms=0.2213
    Layer 33: alpha=0.018560  teacher_rms=0.6404  v_rms=0.3451
    Layer 34: alpha=0.032786  teacher_rms=1.0325  v_rms=0.3149
    Layer 35: alpha=0.060104  teacher_rms=1.0168  v_rms=0.1692

  Set g_proj = v_proj * alpha in 35 GDN layers (damping=0.01).
  Init (taylor_init) done in 337.9s
  Layer 5: PPL = 4519210.00  (eval 17.2s)

============================================================
  Probing layer 6 | strategy=taylor_init
============================================================
Loading checkpoint shards:   0%|          | 0/4 [00:00<?, ?it/s]Loading checkpoint shards: 100%|██████████| 4/4 [00:00<00:00, 128.21it/s]
Could not cache non-existence of file. Will ignore error and continue. Error: [Errno 13] Permission denied: '/data/shared/huggingface/hub/models--Qwen--Qwen3-8B/.no_exist/b968826d9c46dd6066d109eabc6255188de91218/model.safetensors'
Loading checkpoint shards:   0%|          | 0/5 [00:00<?, ?it/s]Loading checkpoint shards: 100%|██████████| 5/5 [00:00<00:00, 164.41it/s]
Token indices sequence length is longer than the specified maximum sequence length for this model (2429029 > 131072). Running this sequence through the model will result in indexing errors
  [Taylor Step 1/3] Gate calibration from attention stats...
    Layer  0: dist=[32, 3, 12, 35, 12, 26, 9, 11, 19, 6, 8, 9, 18, 34, 31, 10, 16, 19, 16, 14, 13, 23, 4, 12, 5, 52, 10, 43, 15, 36, 15, 14]
    Layer  1: dist=[19, 38, 25, 44, 3, 15, 31, 11, 45, 36, 65, 60, 34, 47, 51, 38, 32, 54, 57, 33, 56, 24, 40, 40, 37, 9, 44, 41, 83, 31, 37, 49]
    Layer  2: dist=[65, 65, 67, 62, 26, 45, 33, 43, 39, 47, 56, 56, 53, 46, 46, 60, 61, 49, 54, 43, 49, 67, 48, 50, 25, 24, 21, 35, 73, 73, 77, 74]
    Layer  3: dist=[65, 26, 13, 22, 87, 93, 83, 73, 56, 53, 62, 58, 90, 73, 75, 74, 59, 62, 51, 67, 74, 60, 64, 65, 64, 56, 52, 59, 70, 63, 72, 65]
    Layer  4: dist=[62, 63, 73, 67, 73, 56, 61, 89, 68, 69, 63, 60, 55, 55, 71, 61, 62, 65, 67, 70, 64, 61, 47, 64, 41, 51, 48, 34, 51, 66, 55, 55]
    Layer  5: dist=[36, 48, 55, 35, 61, 68, 52, 51, 5, 18, 73, 61, 54, 78, 59, 52, 41, 32, 50, 48, 51, 55, 48, 59, 73, 73, 80, 80, 43, 44, 46, 58]
    Layer  7: dist=[55, 60, 64, 87, 126, 114, 127, 121, 88, 119, 99, 72, 108, 23, 53, 97, 80, 101, 85, 81, 106, 86, 112, 116, 64, 78, 47, 86, 97, 101, 101, 106]
    Layer  8: dist=[83, 87, 90, 58, 81, 77, 69, 78, 86, 99, 87, 90, 94, 86, 96, 70, 116, 107, 103, 96, 92, 106, 100, 111, 92, 72, 95, 67, 84, 72, 79, 74]
    Layer  9: dist=[76, 60, 61, 67, 83, 97, 96, 74, 123, 120, 118, 112, 27, 87, 63, 85, 93, 100, 114, 125, 87, 77, 60, 70, 119, 81, 91, 97, 125, 113, 127, 123]
    Layer 10: dist=[76, 71, 58, 74, 85, 102, 64, 74, 63, 88, 106, 49, 88, 67, 82, 86, 87, 102, 100, 107, 88, 60, 107, 90, 93, 107, 84, 77, 76, 65, 82, 90]
    Layer 11: dist=[78, 65, 79, 48, 53, 61, 78, 77, 102, 123, 109, 93, 82, 64, 65, 69, 69, 63, 61, 51, 77, 107, 89, 87, 67, 59, 56, 54, 95, 55, 55, 94]
    Layer 12: dist=[21, 72, 79, 61, 87, 83, 66, 70, 63, 62, 74, 77, 86, 81, 82, 87, 39, 68, 59, 94, 102, 112, 97, 103, 93, 2, 107, 38, 81, 88, 113, 91]
    Layer 13: dist=[52, 68, 66, 62, 52, 51, 65, 40, 86, 63, 99, 122, 128, 115, 109, 124, 85, 72, 57, 61, 93, 55, 83, 90, 84, 59, 72, 76, 113, 111, 96, 99]
    Layer 14: dist=[44, 64, 65, 46, 62, 45, 64, 65, 54, 57, 70, 68, 69, 76, 65, 67, 77, 86, 51, 64, 65, 31, 51, 81, 52, 67, 73, 64, 85, 88, 8, 89]
    Layer 15: dist=[80, 44, 79, 38, 37, 38, 79, 67, 90, 60, 46, 104, 68, 107, 79, 89, 61, 57, 64, 68, 58, 60, 50, 51, 49, 34, 86, 62, 72, 84, 71, 49]
    Layer 16: dist=[61, 57, 74, 85, 55, 58, 48, 55, 54, 82, 73, 84, 90, 69, 86, 86, 68, 71, 60, 62, 115, 118, 110, 103, 71, 54, 64, 10, 58, 59, 65, 56]
    Layer 17: dist=[111, 95, 79, 67, 53, 57, 39, 47, 90, 108, 79, 100, 40, 57, 71, 74, 44, 61, 61, 42, 75, 98, 93, 97, 58, 55, 57, 52, 53, 79, 93, 67]
    Layer 18: dist=[34, 45, 35, 33, 56, 78, 74, 57, 64, 67, 66, 79, 61, 60, 57, 62, 46, 74, 72, 52, 68, 47, 65, 96, 58, 62, 61, 63, 52, 53, 79, 56]
    Layer 19: dist=[73, 64, 63, 62, 76, 103, 54, 71, 81, 85, 84, 93, 63, 57, 75, 63, 84, 85, 49, 49, 21, 50, 33, 49, 102, 106, 102, 116, 77, 77, 73, 72]
    Layer 20: dist=[89, 79, 80, 77, 78, 51, 49, 57, 40, 36, 43, 39, 92, 79, 87, 96, 45, 51, 56, 39, 73, 111, 101, 98, 125, 97, 105, 85, 93, 79, 108, 108]
    Layer 21: dist=[44, 50, 56, 68, 115, 65, 96, 118, 118, 61, 71, 69, 46, 41, 44, 42, 75, 75, 83, 65, 89, 99, 95, 96, 64, 62, 60, 80, 73, 79, 60, 88]
    Layer 22: dist=[73, 60, 67, 63, 52, 72, 45, 56, 37, 49, 45, 59, 18, 86, 61, 64, 33, 79, 76, 41, 102, 115, 120, 121, 101, 84, 91, 95, 114, 92, 103, 95]
    Layer 23: dist=[39, 30, 48, 39, 110, 111, 41, 102, 79, 36, 45, 63, 75, 72, 79, 77, 82, 75, 74, 94, 72, 93, 82, 76, 78, 72, 68, 100, 91, 90, 83, 78]
    Layer 24: dist=[79, 124, 109, 101, 99, 109, 111, 97, 102, 105, 104, 84, 78, 75, 89, 74, 81, 86, 98, 88, 120, 103, 102, 117, 65, 73, 79, 51, 95, 111, 98, 88]
    Layer 25: dist=[105, 121, 118, 94, 71, 72, 107, 80, 96, 97, 85, 90, 65, 89, 50, 68, 93, 99, 97, 89, 102, 111, 105, 108, 110, 110, 99, 108, 88, 125, 98, 88]
    Layer 26: dist=[80, 88, 106, 68, 115, 113, 113, 110, 102, 107, 105, 98, 100, 124, 116, 116, 86, 93, 99, 95, 102, 113, 122, 114, 99, 97, 102, 93, 115, 96, 114, 95]
    Layer 27: dist=[87, 108, 103, 117, 98, 105, 101, 86, 77, 100, 107, 99, 78, 109, 80, 86, 96, 99, 99, 104, 91, 112, 113, 92, 110, 113, 116, 117, 107, 77, 92, 117]
    Layer 28: dist=[103, 92, 102, 102, 82, 63, 80, 76, 96, 107, 92, 89, 112, 105, 96, 101, 112, 104, 104, 108, 119, 71, 60, 89, 91, 88, 99, 99, 92, 92, 71, 95]
    Layer 29: dist=[113, 114, 114, 113, 90, 112, 94, 114, 119, 113, 122, 105, 120, 120, 119, 120, 116, 106, 115, 121, 123, 123, 107, 125, 100, 114, 97, 92, 106, 95, 106, 109]
    Layer 30: dist=[75, 102, 99, 100, 102, 100, 90, 67, 117, 117, 115, 120, 105, 104, 113, 101, 97, 78, 120, 122, 51, 120, 100, 110, 119, 119, 119, 118, 106, 110, 107, 102]
    Layer 31: dist=[119, 117, 99, 98, 112, 113, 114, 116, 114, 77, 87, 91, 117, 116, 117, 115, 101, 101, 106, 94, 119, 116, 108, 119, 112, 109, 89, 120, 112, 106, 102, 110]
    Layer 32: dist=[110, 114, 114, 111, 116, 119, 116, 117, 110, 111, 117, 115, 93, 113, 108, 91, 118, 106, 109, 111, 123, 92, 114, 120, 71, 95, 80, 105, 116, 107, 99, 103]
    Layer 33: dist=[102, 120, 112, 119, 91, 102, 57, 94, 116, 116, 113, 113, 114, 115, 113, 116, 114, 117, 106, 109, 112, 96, 110, 113, 111, 119, 122, 118, 110, 111, 107, 104]
    Layer 34: dist=[110, 109, 112, 113, 105, 111, 108, 102, 53, 93, 114, 86, 117, 115, 120, 81, 82, 89, 126, 55, 119, 51, 118, 119, 122, 122, 125, 122, 54, 62, 68, 109]
    Layer 35: dist=[105, 123, 71, 97, 82, 36, 112, 100, 85, 94, 112, 96, 63, 28, 49, 40, 98, 74, 84, 48, 90, 102, 55, 54, 66, 49, 68, 72, 73, 115, 122, 117]

  [Taylor Step 2/3] OLS sigma per head (scaling V, streaming)...
    Layer  0: sigma=[0.611, 0.100, 0.100, 0.100, 0.333, 0.379, 0.100, 0.100, 0.100, 0.148, 0.100, 0.100, 0.100, 0.100, 0.100, 0.259, 0.100, 0.100, 0.100, 0.100, 0.100, 0.100, 0.100, 0.100, 0.100, 0.100, 0.350, 0.100, 0.100, 0.100, 0.161, 0.100]
    Layer  1: sigma=[0.350, 0.100, 0.100, 0.100, 0.100, 0.100, 0.100, 0.100, 0.100, 0.169, 0.246, 0.100, 0.100, 0.100, 0.100, 0.100, 0.100, 0.100, 0.100, 0.100, 0.100, 0.100, 0.100, 0.115, 0.100, 0.100, 0.113, 0.100, 0.100, 0.100, 0.100, 0.100]
    Layer  2: sigma=[0.100, 0.100, 0.100, 0.100, 0.100, 0.100, 0.100, 0.100, 0.109, 0.100, 0.100, 0.100, 0.100, 0.149, 0.100, 0.100, 0.100, 0.222, 0.100, 0.100, 0.100, 0.100, 0.100, 0.100, 0.100, 0.171, 0.100, 0.100, 0.100, 0.100, 0.100, 0.100]
    Layer  3: sigma=[0.100, 0.323, 0.100, 0.155, 0.100, 0.100, 0.100, 0.100, 0.100, 0.100, 0.100, 0.100, 0.100, 0.100, 0.100, 0.100, 0.100, 0.100, 0.100, 0.100, 0.100, 0.106, 0.100, 0.100, 0.100, 0.100, 0.100, 0.100, 0.100, 0.100, 0.100, 0.100]
    Layer  4: sigma=[0.100, 0.100, 0.100, 0.100, 0.100, 0.100, 0.100, 0.100, 0.100, 0.100, 0.100, 0.100, 0.100, 0.100, 0.100, 0.100, 0.100, 0.100, 0.100, 0.100, 0.133, 0.139, 0.316, 0.100, 0.100, 0.100, 0.100, 0.100, 0.100, 0.100, 0.100, 0.100]
    Layer  5: sigma=[0.100, 0.100, 0.100, 0.100, 0.100, 0.100, 0.100, 0.100, 0.100, 0.137, 0.100, 0.112, 0.100, 0.100, 0.100, 0.121, 0.100, 0.182, 0.100, 0.100, 0.100, 0.100, 0.100, 0.100, 0.100, 0.100, 0.100, 0.100, 0.100, 0.100, 0.100, 0.100]
    Layer  7: sigma=[0.100, 0.151, 0.100, 0.100, 0.123, 0.100, 0.100, 0.100, 0.100, 0.100, 0.100, 0.100, 0.100, 0.100, 0.100, 0.100, 0.100, 0.100, 0.100, 0.100, 0.100, 0.100, 0.100, 0.100, 0.100, 0.100, 0.100, 0.100, 0.100, 0.100, 0.100, 0.100]
    Layer  8: sigma=[0.100, 0.100, 0.100, 0.100, 0.100, 0.100, 0.100, 0.100, 0.100, 0.100, 0.100, 0.100, 0.100, 0.100, 0.100, 0.100, 0.100, 0.100, 0.100, 0.100, 0.100, 0.100, 0.100, 0.100, 0.100, 0.100, 0.100, 0.158, 0.100, 0.100, 0.100, 0.100]
    Layer  9: sigma=[0.100, 0.100, 0.100, 0.100, 0.100, 0.100, 0.100, 0.100, 0.100, 0.100, 0.100, 0.100, 0.100, 0.100, 0.553, 0.135, 0.100, 0.100, 0.100, 0.100, 0.100, 0.100, 0.100, 0.100, 0.100, 0.100, 0.100, 0.100, 0.100, 0.100, 0.100, 0.100]
    Layer 10: sigma=[0.100, 0.100, 0.100, 0.100, 0.100, 0.100, 0.100, 0.100, 0.100, 0.100, 0.100, 0.100, 0.100, 0.100, 0.100, 0.100, 0.100, 0.100, 0.100, 0.100, 0.100, 0.100, 0.100, 0.100, 0.100, 0.100, 0.100, 0.100, 0.100, 0.100, 0.100, 0.100]
    Layer 11: sigma=[0.100, 0.100, 0.100, 0.100, 0.133, 0.100, 0.100, 0.100, 0.100, 0.104, 0.100, 0.100, 0.100, 0.100, 0.247, 0.100, 0.100, 0.100, 0.100, 0.100, 0.100, 0.100, 0.100, 0.100, 0.100, 0.100, 0.163, 0.100, 0.100, 0.100, 0.100, 0.100]
    Layer 12: sigma=[0.100, 0.100, 0.100, 0.100, 0.100, 0.100, 0.100, 0.100, 0.100, 0.103, 0.100, 0.108, 0.100, 0.100, 0.100, 0.100, 0.100, 0.336, 0.193, 0.100, 0.100, 0.100, 0.100, 0.100, 0.100, 0.100, 0.100, 0.205, 0.100, 0.100, 0.120, 0.100]
    Layer 13: sigma=[0.237, 0.100, 0.100, 0.328, 0.100, 0.100, 0.100, 0.100, 0.100, 0.100, 0.100, 0.100, 0.100, 0.100, 0.100, 0.100, 0.100, 0.100, 0.100, 0.118, 0.100, 0.100, 0.100, 0.100, 0.100, 0.100, 0.100, 0.100, 0.100, 0.100, 0.100, 0.100]
    Layer 14: sigma=[0.100, 0.100, 0.100, 0.100, 0.100, 0.349, 0.100, 0.100, 0.100, 0.100, 0.100, 0.100, 0.100, 0.100, 0.100, 0.100, 0.100, 0.100, 0.100, 0.100, 0.100, 0.100, 0.100, 0.100, 0.124, 0.113, 0.100, 0.100, 0.100, 0.100, 0.100, 0.100]
    Layer 15: sigma=[0.100, 0.188, 0.100, 0.100, 0.100, 0.106, 0.100, 0.100, 0.100, 0.100, 0.100, 0.100, 0.214, 0.100, 0.100, 0.100, 0.100, 0.100, 0.100, 0.100, 0.100, 0.100, 0.100, 0.100, 0.137, 0.100, 0.100, 0.100, 0.100, 0.100, 0.100, 0.100]
    Layer 16: sigma=[0.100, 0.100, 0.100, 0.100, 0.100, 0.100, 0.100, 0.100, 0.100, 0.100, 0.100, 0.100, 0.100, 0.100, 0.100, 0.100, 0.100, 0.100, 0.100, 0.100, 0.100, 0.100, 0.100, 0.100, 0.100, 0.100, 0.100, 0.432, 0.100, 0.100, 0.100, 0.100]
    Layer 17: sigma=[0.100, 0.100, 0.100, 0.100, 0.100, 0.145, 0.100, 0.100, 0.100, 0.100, 0.100, 0.100, 0.100, 0.100, 0.100, 0.100, 0.137, 0.100, 0.100, 0.365, 0.100, 0.100, 0.100, 0.100, 0.141, 0.100, 0.384, 0.100, 0.100, 0.100, 0.100, 0.100]
    Layer 18: sigma=[0.100, 0.527, 0.100, 0.100, 0.100, 0.100, 0.100, 0.198, 0.100, 0.100, 0.100, 0.100, 0.100, 0.100, 0.100, 0.100, 0.168, 0.100, 0.100, 0.100, 0.100, 0.100, 0.100, 0.100, 0.100, 0.100, 0.100, 0.100, 0.100, 0.100, 0.100, 0.100]
    Layer 19: sigma=[0.100, 0.100, 0.100, 0.100, 0.100, 0.100, 0.100, 0.100, 0.100, 0.100, 0.100, 0.100, 0.147, 0.100, 0.100, 0.225, 0.100, 0.100, 0.100, 0.259, 0.100, 0.100, 0.100, 0.113, 0.100, 0.100, 0.100, 0.100, 0.100, 0.100, 0.100, 0.100]
    Layer 20: sigma=[0.100, 0.100, 0.100, 0.100, 0.100, 0.207, 0.100, 0.100, 0.147, 0.106, 0.100, 0.100, 0.100, 0.100, 0.100, 0.125, 0.100, 0.133, 0.100, 0.100, 0.100, 0.100, 0.100, 0.100, 0.100, 0.100, 0.100, 0.100, 0.100, 0.100, 0.100, 0.100]
    Layer 21: sigma=[0.100, 0.137, 0.100, 0.100, 0.100, 0.100, 0.100, 0.100, 0.100, 0.143, 0.100, 0.287, 0.100, 0.100, 0.108, 0.100, 0.100, 0.100, 0.100, 0.100, 0.100, 0.100, 0.100, 0.100, 0.150, 0.100, 0.100, 0.100, 0.100, 0.100, 0.281, 0.100]
    Layer 22: sigma=[0.143, 0.100, 0.100, 0.100, 0.177, 0.116, 0.100, 0.188, 0.101, 0.100, 0.100, 0.100, 0.100, 0.100, 0.100, 0.100, 0.100, 0.100, 0.100, 0.100, 0.100, 0.100, 0.100, 0.100, 0.100, 0.100, 0.100, 0.100, 0.100, 0.100, 0.100, 0.100]
    Layer 23: sigma=[0.166, 0.234, 0.186, 0.100, 0.100, 0.100, 0.100, 0.100, 0.100, 0.272, 0.100, 0.100, 0.100, 0.100, 0.100, 0.100, 0.100, 0.100, 0.100, 0.100, 0.100, 0.100, 0.100, 0.100, 0.100, 0.100, 0.100, 0.100, 0.100, 0.100, 0.213, 0.240]
    Layer 24: sigma=[0.100, 0.100, 0.100, 0.100, 0.100, 0.100, 0.100, 0.100, 0.100, 0.100, 0.100, 0.100, 0.100, 0.100, 0.100, 0.100, 0.100, 0.100, 0.100, 0.100, 0.100, 0.100, 0.100, 0.100, 0.253, 0.427, 0.100, 0.564, 0.100, 0.100, 0.100, 0.100]
    Layer 25: sigma=[0.100, 0.100, 0.100, 0.100, 0.100, 0.100, 0.100, 0.100, 0.100, 0.100, 0.100, 0.100, 0.100, 0.100, 0.100, 0.100, 0.100, 0.100, 0.100, 0.100, 0.100, 0.100, 0.100, 0.100, 0.100, 0.100, 0.100, 0.100, 0.100, 0.100, 0.100, 0.100]
    Layer 26: sigma=[0.100, 0.100, 0.100, 0.100, 0.100, 0.100, 0.100, 0.100, 0.100, 0.100, 0.100, 0.100, 0.100, 0.100, 0.100, 0.100, 0.100, 0.100, 0.100, 0.100, 0.100, 0.100, 0.100, 0.100, 0.100, 0.100, 0.100, 0.100, 0.100, 0.100, 0.100, 0.100]
    Layer 27: sigma=[0.100, 0.100, 0.100, 0.100, 0.100, 0.100, 0.100, 0.100, 0.100, 0.100, 0.100, 0.100, 0.100, 0.100, 0.100, 0.100, 0.100, 0.100, 0.100, 0.100, 0.100, 0.100, 0.100, 0.100, 0.100, 0.100, 0.100, 0.100, 0.100, 0.107, 0.100, 0.100]
    Layer 28: sigma=[0.100, 0.100, 0.100, 0.100, 0.100, 0.135, 0.100, 0.100, 0.100, 0.100, 0.100, 0.100, 0.100, 0.100, 0.100, 0.100, 0.100, 0.100, 0.100, 0.100, 0.100, 0.100, 0.100, 0.100, 0.100, 0.100, 0.100, 0.100, 0.100, 0.100, 0.100, 0.100]
    Layer 29: sigma=[0.100, 0.100, 0.100, 0.100, 0.100, 0.100, 0.100, 0.100, 0.100, 0.100, 0.100, 0.100, 0.100, 0.100, 0.100, 0.100, 0.100, 0.100, 0.100, 0.100, 0.100, 0.100, 0.100, 0.100, 0.100, 0.100, 0.100, 0.100, 0.100, 0.100, 0.100, 0.100]
    Layer 30: sigma=[0.100, 0.100, 0.100, 0.100, 0.100, 0.100, 0.100, 0.100, 0.100, 0.100, 0.100, 0.100, 0.100, 0.100, 0.100, 0.100, 0.100, 0.100, 0.100, 0.100, 0.100, 0.100, 0.100, 0.100, 0.100, 0.100, 0.100, 0.100, 0.100, 0.100, 0.100, 0.100]
    Layer 31: sigma=[0.100, 0.100, 0.100, 0.100, 0.100, 0.100, 0.100, 0.100, 0.100, 0.100, 0.100, 0.100, 0.100, 0.100, 0.100, 0.100, 0.100, 0.100, 0.100, 0.100, 0.100, 0.100, 0.100, 0.100, 0.100, 0.100, 0.100, 0.100, 0.100, 0.100, 0.100, 0.100]
    Layer 32: sigma=[0.100, 0.100, 0.100, 0.100, 0.100, 0.100, 0.100, 0.100, 0.100, 0.100, 0.100, 0.100, 0.100, 0.100, 0.100, 0.100, 0.100, 0.100, 0.100, 0.100, 0.100, 0.100, 0.100, 0.100, 0.100, 0.100, 0.100, 0.100, 0.100, 0.100, 0.100, 0.100]
    Layer 33: sigma=[0.100, 0.100, 0.100, 0.100, 0.100, 0.100, 0.100, 0.100, 0.100, 0.100, 0.100, 0.100, 0.100, 0.100, 0.100, 0.100, 0.100, 0.100, 0.100, 0.100, 0.100, 0.100, 0.100, 0.100, 0.100, 0.100, 0.100, 0.100, 0.100, 0.100, 0.100, 0.100]
    Layer 34: sigma=[0.100, 0.100, 0.100, 0.100, 0.100, 0.100, 0.100, 0.100, 0.100, 0.100, 0.100, 0.100, 0.100, 0.100, 0.100, 0.100, 0.100, 0.100, 0.100, 0.108, 0.100, 0.100, 0.100, 0.100, 0.100, 0.100, 0.100, 0.100, 0.100, 0.100, 0.100, 0.100]
    Layer 35: sigma=[0.100, 0.100, 0.100, 0.100, 0.100, 0.100, 0.100, 0.100, 0.100, 0.100, 0.100, 0.100, 0.100, 0.100, 0.100, 0.100, 0.100, 0.100, 0.100, 0.100, 0.100, 0.100, 0.119, 0.100, 0.100, 0.100, 0.100, 0.100, 0.100, 0.100, 0.100, 0.100]

  [Taylor Step 3/3] g_proj = v_proj * alpha (damping=0.01)...
    Layer  0: alpha=0.060618  teacher_rms=0.0163  v_rms=0.0027
    Layer  1: alpha=0.060873  teacher_rms=0.0205  v_rms=0.0034
    Layer  2: alpha=0.056897  teacher_rms=0.0214  v_rms=0.0038
    Layer  3: alpha=0.048746  teacher_rms=0.0259  v_rms=0.0053
    Layer  4: alpha=0.047384  teacher_rms=0.0304  v_rms=0.0064
    Layer  5: alpha=0.061743  teacher_rms=0.0409  v_rms=0.0066
    Layer  7: alpha=0.045930  teacher_rms=0.0530  v_rms=0.0115
    Layer  8: alpha=0.047886  teacher_rms=0.0708  v_rms=0.0148
    Layer  9: alpha=0.035731  teacher_rms=0.0713  v_rms=0.0200
    Layer 10: alpha=0.051225  teacher_rms=0.1092  v_rms=0.0213
    Layer 11: alpha=0.063062  teacher_rms=0.1046  v_rms=0.0166
    Layer 12: alpha=0.059052  teacher_rms=0.1207  v_rms=0.0204
    Layer 13: alpha=0.052760  teacher_rms=0.1040  v_rms=0.0197
    Layer 14: alpha=0.066604  teacher_rms=0.1547  v_rms=0.0232
    Layer 15: alpha=0.057661  teacher_rms=0.1576  v_rms=0.0273
    Layer 16: alpha=0.041706  teacher_rms=0.1473  v_rms=0.0353
    Layer 17: alpha=0.045334  teacher_rms=0.1753  v_rms=0.0387
    Layer 18: alpha=0.041991  teacher_rms=0.1990  v_rms=0.0474
    Layer 19: alpha=0.054514  teacher_rms=0.2060  v_rms=0.0378
    Layer 20: alpha=0.055781  teacher_rms=0.1966  v_rms=0.0352
    Layer 21: alpha=0.050421  teacher_rms=0.2373  v_rms=0.0471
    Layer 22: alpha=0.057102  teacher_rms=0.2834  v_rms=0.0496
    Layer 23: alpha=0.050769  teacher_rms=0.3098  v_rms=0.0610
    Layer 24: alpha=0.027925  teacher_rms=0.2897  v_rms=0.1037
    Layer 25: alpha=0.040058  teacher_rms=0.2376  v_rms=0.0593
    Layer 26: alpha=0.029256  teacher_rms=0.2124  v_rms=0.0726
    Layer 27: alpha=0.037028  teacher_rms=0.3083  v_rms=0.0833
    Layer 28: alpha=0.042308  teacher_rms=0.3705  v_rms=0.0876
    Layer 29: alpha=0.017344  teacher_rms=0.2548  v_rms=0.1469
    Layer 30: alpha=0.029045  teacher_rms=0.4297  v_rms=0.1480
    Layer 31: alpha=0.021214  teacher_rms=0.3785  v_rms=0.1784
    Layer 32: alpha=0.023899  teacher_rms=0.5288  v_rms=0.2213
    Layer 33: alpha=0.018560  teacher_rms=0.6404  v_rms=0.3451
    Layer 34: alpha=0.033153  teacher_rms=1.0325  v_rms=0.3114
    Layer 35: alpha=0.059826  teacher_rms=1.0168  v_rms=0.1700

  Set g_proj = v_proj * alpha in 35 GDN layers (damping=0.01).
  Init (taylor_init) done in 336.2s
  Layer 6: PPL = 10840225.00  (eval 17.1s)

============================================================
  Probing layer 7 | strategy=taylor_init
============================================================
Loading checkpoint shards:   0%|          | 0/4 [00:00<?, ?it/s]Loading checkpoint shards: 100%|██████████| 4/4 [00:00<00:00, 151.77it/s]
Could not cache non-existence of file. Will ignore error and continue. Error: [Errno 13] Permission denied: '/data/shared/huggingface/hub/models--Qwen--Qwen3-8B/.no_exist/b968826d9c46dd6066d109eabc6255188de91218/model.safetensors'
Loading checkpoint shards:   0%|          | 0/5 [00:00<?, ?it/s]Loading checkpoint shards:  80%|████████  | 4/5 [00:00<00:00, 37.33it/s]Loading checkpoint shards: 100%|██████████| 5/5 [00:00<00:00, 44.07it/s]
Token indices sequence length is longer than the specified maximum sequence length for this model (2429029 > 131072). Running this sequence through the model will result in indexing errors
  [Taylor Step 1/3] Gate calibration from attention stats...
    Layer  0: dist=[32, 3, 12, 35, 12, 26, 9, 11, 19, 6, 8, 9, 18, 34, 31, 10, 16, 19, 16, 14, 13, 23, 4, 12, 5, 52, 10, 43, 15, 36, 15, 14]
    Layer  1: dist=[19, 38, 25, 44, 3, 15, 31, 11, 45, 36, 65, 60, 34, 47, 51, 38, 32, 54, 57, 33, 56, 24, 40, 40, 37, 9, 44, 41, 83, 31, 37, 49]
    Layer  2: dist=[65, 65, 67, 62, 26, 45, 33, 43, 39, 47, 56, 56, 53, 46, 46, 60, 61, 49, 54, 43, 49, 67, 48, 50, 25, 24, 21, 35, 73, 73, 77, 74]
    Layer  3: dist=[65, 26, 13, 22, 87, 93, 83, 73, 56, 53, 62, 58, 90, 73, 75, 74, 59, 62, 51, 67, 74, 60, 64, 65, 64, 56, 52, 59, 70, 63, 72, 65]
    Layer  4: dist=[62, 63, 73, 67, 73, 56, 61, 89, 68, 69, 63, 60, 55, 55, 71, 61, 62, 65, 67, 70, 64, 61, 47, 64, 41, 51, 48, 34, 51, 66, 55, 55]
    Layer  5: dist=[36, 48, 55, 35, 61, 68, 52, 51, 5, 18, 73, 61, 54, 78, 59, 52, 41, 32, 50, 48, 51, 55, 48, 59, 73, 73, 80, 80, 43, 44, 46, 58]
    Layer  6: dist=[27, 40, 30, 31, 52, 46, 67, 61, 46, 25, 43, 38, 56, 64, 56, 30, 47, 34, 45, 40, 20, 30, 32, 14, 35, 50, 32, 49, 47, 43, 37, 53]
    Layer  8: dist=[83, 87, 90, 58, 81, 77, 69, 78, 86, 99, 87, 90, 94, 86, 96, 70, 116, 107, 103, 96, 92, 106, 100, 111, 92, 72, 95, 67, 84, 72, 79, 74]
    Layer  9: dist=[76, 60, 61, 67, 83, 97, 96, 74, 123, 120, 118, 112, 27, 87, 63, 85, 93, 100, 114, 125, 87, 77, 60, 70, 119, 81, 91, 97, 125, 113, 127, 123]
    Layer 10: dist=[76, 71, 58, 74, 85, 102, 64, 74, 63, 88, 106, 49, 88, 67, 82, 86, 87, 102, 100, 107, 88, 60, 107, 90, 93, 107, 84, 77, 76, 65, 82, 90]
    Layer 11: dist=[78, 65, 79, 48, 53, 61, 78, 77, 102, 123, 109, 93, 82, 64, 65, 69, 69, 63, 61, 51, 77, 107, 89, 87, 67, 59, 56, 54, 95, 55, 55, 94]
    Layer 12: dist=[21, 72, 79, 61, 87, 83, 66, 70, 63, 62, 74, 77, 86, 81, 82, 87, 39, 68, 59, 94, 102, 112, 97, 103, 93, 2, 107, 38, 81, 88, 113, 91]
    Layer 13: dist=[52, 68, 66, 62, 52, 51, 65, 40, 86, 63, 99, 122, 128, 115, 109, 124, 85, 72, 57, 61, 93, 55, 83, 90, 84, 59, 72, 76, 113, 111, 96, 99]
    Layer 14: dist=[44, 64, 65, 46, 62, 45, 64, 65, 54, 57, 70, 68, 69, 76, 65, 67, 77, 86, 51, 64, 65, 31, 51, 81, 52, 67, 73, 64, 85, 88, 8, 89]
    Layer 15: dist=[80, 44, 79, 38, 37, 38, 79, 67, 90, 60, 46, 104, 68, 107, 79, 89, 61, 57, 64, 68, 58, 60, 50, 51, 49, 34, 86, 62, 72, 84, 71, 49]
    Layer 16: dist=[61, 57, 74, 85, 55, 58, 48, 55, 54, 82, 73, 84, 90, 69, 86, 86, 68, 71, 60, 62, 115, 118, 110, 103, 71, 54, 64, 10, 58, 59, 65, 56]
    Layer 17: dist=[111, 95, 79, 67, 53, 57, 39, 47, 90, 108, 79, 100, 40, 57, 71, 74, 44, 61, 61, 42, 75, 98, 93, 97, 58, 55, 57, 52, 53, 79, 93, 67]
    Layer 18: dist=[34, 45, 35, 33, 56, 78, 74, 57, 64, 67, 66, 79, 61, 60, 57, 62, 46, 74, 72, 52, 68, 47, 65, 96, 58, 62, 61, 63, 52, 53, 79, 56]
    Layer 19: dist=[73, 64, 63, 62, 76, 103, 54, 71, 81, 85, 84, 93, 63, 57, 75, 63, 84, 85, 49, 49, 21, 50, 33, 49, 102, 106, 102, 116, 77, 77, 73, 72]
    Layer 20: dist=[89, 79, 80, 77, 78, 51, 49, 57, 40, 36, 43, 39, 92, 79, 87, 96, 45, 51, 56, 39, 73, 111, 101, 98, 125, 97, 105, 85, 93, 79, 108, 108]
    Layer 21: dist=[44, 50, 56, 68, 115, 65, 96, 118, 118, 61, 71, 69, 46, 41, 44, 42, 75, 75, 83, 65, 89, 99, 95, 96, 64, 62, 60, 80, 73, 79, 60, 88]
    Layer 22: dist=[73, 60, 67, 63, 52, 72, 45, 56, 37, 49, 45, 59, 18, 86, 61, 64, 33, 79, 76, 41, 102, 115, 120, 121, 101, 84, 91, 95, 114, 92, 103, 95]
    Layer 23: dist=[39, 30, 48, 39, 110, 111, 41, 102, 79, 36, 45, 63, 75, 72, 79, 77, 82, 75, 74, 94, 72, 93, 82, 76, 78, 72, 68, 100, 91, 90, 83, 78]
    Layer 24: dist=[79, 124, 109, 101, 99, 109, 111, 97, 102, 105, 104, 84, 78, 75, 89, 74, 81, 86, 98, 88, 120, 103, 102, 117, 65, 73, 79, 51, 95, 111, 98, 88]
    Layer 25: dist=[105, 121, 118, 94, 71, 72, 107, 80, 96, 97, 85, 90, 65, 89, 50, 68, 93, 99, 97, 89, 102, 111, 105, 108, 110, 110, 99, 108, 88, 125, 98, 88]
    Layer 26: dist=[80, 88, 106, 68, 115, 113, 113, 110, 102, 107, 105, 98, 100, 124, 116, 116, 86, 93, 99, 95, 102, 113, 122, 114, 99, 97, 102, 93, 115, 96, 114, 95]
    Layer 27: dist=[87, 108, 103, 117, 98, 105, 101, 86, 77, 100, 107, 99, 78, 109, 80, 86, 96, 99, 99, 104, 91, 112, 113, 92, 110, 113, 116, 117, 107, 77, 92, 117]
    Layer 28: dist=[103, 92, 102, 102, 82, 63, 80, 76, 96, 107, 92, 89, 112, 105, 96, 101, 112, 104, 104, 108, 119, 71, 60, 89, 91, 88, 99, 99, 92, 92, 71, 95]
    Layer 29: dist=[113, 114, 114, 113, 90, 112, 94, 114, 119, 113, 122, 105, 120, 120, 119, 120, 116, 106, 115, 121, 123, 123, 107, 125, 100, 114, 97, 92, 106, 95, 106, 109]
    Layer 30: dist=[75, 102, 99, 100, 102, 100, 90, 67, 117, 117, 115, 120, 105, 104, 113, 101, 97, 78, 120, 122, 51, 120, 100, 110, 119, 119, 119, 118, 106, 110, 107, 102]
    Layer 31: dist=[119, 117, 99, 98, 112, 113, 114, 116, 114, 77, 87, 91, 117, 116, 117, 115, 101, 101, 106, 94, 119, 116, 108, 119, 112, 109, 89, 120, 112, 106, 102, 110]
    Layer 32: dist=[110, 114, 114, 111, 116, 119, 116, 117, 110, 111, 117, 115, 93, 113, 108, 91, 118, 106, 109, 111, 123, 92, 114, 120, 71, 95, 80, 105, 116, 107, 99, 103]
    Layer 33: dist=[102, 120, 112, 119, 91, 102, 57, 94, 116, 116, 113, 113, 114, 115, 113, 116, 114, 117, 106, 109, 112, 96, 110, 113, 111, 119, 122, 118, 110, 111, 107, 104]
    Layer 34: dist=[110, 109, 112, 113, 105, 111, 108, 102, 53, 93, 114, 86, 117, 115, 120, 81, 82, 89, 126, 55, 119, 51, 118, 119, 122, 122, 125, 122, 54, 62, 68, 109]
    Layer 35: dist=[105, 123, 71, 97, 82, 36, 112, 100, 85, 94, 112, 96, 63, 28, 49, 40, 98, 74, 84, 48, 90, 102, 55, 54, 66, 49, 68, 72, 73, 115, 122, 117]

  [Taylor Step 2/3] OLS sigma per head (scaling V, streaming)...
    Layer  0: sigma=[0.614, 0.100, 0.100, 0.100, 0.333, 0.379, 0.100, 0.100, 0.100, 0.149, 0.100, 0.100, 0.100, 0.100, 0.100, 0.258, 0.100, 0.100, 0.100, 0.100, 0.100, 0.100, 0.100, 0.100, 0.100, 0.100, 0.351, 0.100, 0.100, 0.100, 0.161, 0.100]
    Layer  1: sigma=[0.350, 0.100, 0.100, 0.100, 0.100, 0.100, 0.100, 0.100, 0.100, 0.165, 0.248, 0.100, 0.100, 0.100, 0.100, 0.100, 0.100, 0.100, 0.100, 0.100, 0.100, 0.100, 0.100, 0.118, 0.100, 0.100, 0.116, 0.100, 0.100, 0.100, 0.100, 0.100]
    Layer  2: sigma=[0.100, 0.100, 0.100, 0.100, 0.100, 0.100, 0.100, 0.100, 0.107, 0.101, 0.100, 0.100, 0.100, 0.145, 0.100, 0.100, 0.100, 0.218, 0.100, 0.100, 0.100, 0.100, 0.100, 0.100, 0.100, 0.171, 0.100, 0.100, 0.100, 0.100, 0.100, 0.100]
    Layer  3: sigma=[0.100, 0.326, 0.100, 0.158, 0.100, 0.100, 0.100, 0.100, 0.100, 0.100, 0.100, 0.100, 0.100, 0.100, 0.100, 0.100, 0.100, 0.100, 0.100, 0.100, 0.100, 0.106, 0.100, 0.100, 0.100, 0.100, 0.100, 0.100, 0.100, 0.100, 0.100, 0.100]
    Layer  4: sigma=[0.100, 0.100, 0.100, 0.100, 0.100, 0.100, 0.100, 0.100, 0.100, 0.100, 0.100, 0.100, 0.100, 0.100, 0.100, 0.100, 0.100, 0.100, 0.100, 0.100, 0.132, 0.138, 0.319, 0.100, 0.100, 0.100, 0.100, 0.100, 0.100, 0.100, 0.100, 0.100]
    Layer  5: sigma=[0.100, 0.100, 0.100, 0.100, 0.100, 0.100, 0.100, 0.100, 0.100, 0.130, 0.100, 0.109, 0.100, 0.100, 0.100, 0.121, 0.100, 0.177, 0.100, 0.100, 0.100, 0.100, 0.100, 0.100, 0.100, 0.100, 0.100, 0.100, 0.100, 0.100, 0.100, 0.100]
    Layer  6: sigma=[0.100, 0.100, 0.100, 0.100, 0.100, 0.100, 0.100, 0.100, 0.100, 0.100, 0.100, 0.100, 0.100, 0.100, 0.100, 0.100, 0.100, 0.100, 0.100, 0.100, 0.156, 0.100, 0.100, 0.100, 0.100, 0.100, 0.100, 0.100, 0.100, 0.100, 0.100, 0.100]
    Layer  8: sigma=[0.100, 0.100, 0.100, 0.100, 0.100, 0.100, 0.100, 0.100, 0.100, 0.100, 0.100, 0.100, 0.100, 0.100, 0.100, 0.100, 0.100, 0.100, 0.100, 0.100, 0.100, 0.100, 0.100, 0.100, 0.100, 0.100, 0.100, 0.168, 0.100, 0.100, 0.100, 0.100]
    Layer  9: sigma=[0.100, 0.100, 0.100, 0.100, 0.100, 0.100, 0.100, 0.100, 0.100, 0.100, 0.100, 0.100, 0.100, 0.100, 0.518, 0.129, 0.100, 0.100, 0.100, 0.100, 0.100, 0.100, 0.100, 0.100, 0.100, 0.100, 0.100, 0.100, 0.100, 0.100, 0.100, 0.100]
    Layer 10: sigma=[0.100, 0.100, 0.100, 0.100, 0.100, 0.100, 0.100, 0.100, 0.100, 0.100, 0.100, 0.100, 0.100, 0.100, 0.100, 0.100, 0.100, 0.100, 0.100, 0.100, 0.100, 0.100, 0.100, 0.100, 0.100, 0.100, 0.100, 0.100, 0.100, 0.100, 0.100, 0.100]
    Layer 11: sigma=[0.100, 0.100, 0.100, 0.100, 0.150, 0.100, 0.100, 0.100, 0.100, 0.105, 0.100, 0.100, 0.100, 0.100, 0.234, 0.100, 0.100, 0.100, 0.100, 0.100, 0.100, 0.100, 0.100, 0.100, 0.100, 0.100, 0.171, 0.100, 0.100, 0.100, 0.100, 0.100]
    Layer 12: sigma=[0.100, 0.100, 0.100, 0.100, 0.100, 0.100, 0.100, 0.100, 0.100, 0.101, 0.100, 0.108, 0.100, 0.100, 0.100, 0.100, 0.100, 0.339, 0.146, 0.100, 0.100, 0.100, 0.100, 0.100, 0.100, 0.100, 0.100, 0.209, 0.100, 0.100, 0.117, 0.100]
    Layer 13: sigma=[0.232, 0.100, 0.100, 0.307, 0.100, 0.100, 0.100, 0.100, 0.100, 0.100, 0.100, 0.100, 0.100, 0.100, 0.100, 0.100, 0.100, 0.100, 0.100, 0.115, 0.100, 0.100, 0.100, 0.100, 0.100, 0.100, 0.100, 0.100, 0.100, 0.100, 0.100, 0.100]
    Layer 14: sigma=[0.100, 0.100, 0.100, 0.100, 0.100, 0.392, 0.100, 0.100, 0.100, 0.100, 0.100, 0.100, 0.100, 0.100, 0.100, 0.100, 0.100, 0.100, 0.100, 0.100, 0.100, 0.100, 0.100, 0.100, 0.116, 0.121, 0.100, 0.100, 0.100, 0.100, 0.100, 0.100]
    Layer 15: sigma=[0.100, 0.177, 0.100, 0.100, 0.100, 0.113, 0.100, 0.100, 0.100, 0.100, 0.100, 0.100, 0.199, 0.100, 0.100, 0.100, 0.100, 0.100, 0.100, 0.100, 0.100, 0.100, 0.100, 0.100, 0.139, 0.100, 0.100, 0.100, 0.100, 0.100, 0.100, 0.100]
    Layer 16: sigma=[0.100, 0.100, 0.100, 0.100, 0.100, 0.100, 0.100, 0.100, 0.100, 0.100, 0.100, 0.100, 0.100, 0.100, 0.100, 0.100, 0.100, 0.100, 0.100, 0.100, 0.100, 0.100, 0.100, 0.100, 0.100, 0.100, 0.100, 0.429, 0.100, 0.100, 0.100, 0.100]
    Layer 17: sigma=[0.100, 0.100, 0.100, 0.100, 0.100, 0.134, 0.100, 0.100, 0.100, 0.100, 0.100, 0.100, 0.100, 0.100, 0.100, 0.100, 0.138, 0.122, 0.100, 0.400, 0.100, 0.100, 0.100, 0.100, 0.161, 0.100, 0.399, 0.100, 0.100, 0.100, 0.100, 0.100]
    Layer 18: sigma=[0.100, 0.482, 0.100, 0.100, 0.100, 0.100, 0.100, 0.195, 0.100, 0.100, 0.100, 0.100, 0.100, 0.100, 0.100, 0.100, 0.146, 0.100, 0.100, 0.100, 0.100, 0.100, 0.100, 0.100, 0.100, 0.100, 0.100, 0.100, 0.100, 0.100, 0.100, 0.100]
    Layer 19: sigma=[0.100, 0.100, 0.100, 0.100, 0.100, 0.100, 0.100, 0.100, 0.100, 0.100, 0.100, 0.100, 0.118, 0.100, 0.100, 0.225, 0.100, 0.100, 0.100, 0.265, 0.100, 0.100, 0.100, 0.109, 0.100, 0.100, 0.100, 0.100, 0.100, 0.100, 0.100, 0.100]
    Layer 20: sigma=[0.100, 0.100, 0.100, 0.100, 0.100, 0.183, 0.100, 0.100, 0.143, 0.105, 0.100, 0.100, 0.100, 0.100, 0.100, 0.116, 0.100, 0.100, 0.100, 0.100, 0.100, 0.100, 0.100, 0.100, 0.100, 0.100, 0.100, 0.100, 0.100, 0.100, 0.100, 0.100]
    Layer 21: sigma=[0.100, 0.148, 0.100, 0.100, 0.100, 0.100, 0.100, 0.100, 0.100, 0.139, 0.100, 0.255, 0.100, 0.100, 0.120, 0.100, 0.100, 0.100, 0.100, 0.100, 0.100, 0.101, 0.100, 0.100, 0.106, 0.100, 0.100, 0.100, 0.100, 0.100, 0.308, 0.100]
    Layer 22: sigma=[0.147, 0.100, 0.100, 0.100, 0.167, 0.141, 0.100, 0.175, 0.121, 0.100, 0.100, 0.100, 0.100, 0.100, 0.100, 0.100, 0.100, 0.100, 0.100, 0.100, 0.100, 0.100, 0.100, 0.100, 0.100, 0.100, 0.100, 0.100, 0.100, 0.100, 0.100, 0.100]
    Layer 23: sigma=[0.183, 0.276, 0.202, 0.100, 0.100, 0.100, 0.118, 0.100, 0.105, 0.228, 0.100, 0.100, 0.100, 0.100, 0.106, 0.100, 0.100, 0.100, 0.100, 0.100, 0.100, 0.100, 0.100, 0.100, 0.100, 0.100, 0.100, 0.100, 0.100, 0.124, 0.147, 0.238]
    Layer 24: sigma=[0.100, 0.100, 0.100, 0.100, 0.100, 0.100, 0.100, 0.100, 0.115, 0.100, 0.100, 0.100, 0.100, 0.100, 0.100, 0.124, 0.100, 0.100, 0.100, 0.100, 0.100, 0.100, 0.100, 0.100, 0.193, 0.373, 0.100, 0.341, 0.100, 0.100, 0.100, 0.100]
    Layer 25: sigma=[0.100, 0.100, 0.100, 0.100, 0.106, 0.100, 0.100, 0.100, 0.100, 0.100, 0.100, 0.100, 0.100, 0.100, 0.100, 0.100, 0.100, 0.100, 0.100, 0.100, 0.100, 0.100, 0.100, 0.100, 0.100, 0.100, 0.100, 0.100, 0.100, 0.100, 0.100, 0.100]
    Layer 26: sigma=[0.100, 0.100, 0.100, 0.100, 0.100, 0.100, 0.100, 0.100, 0.100, 0.100, 0.100, 0.100, 0.100, 0.100, 0.100, 0.100, 0.100, 0.100, 0.100, 0.100, 0.100, 0.100, 0.100, 0.100, 0.100, 0.100, 0.100, 0.100, 0.100, 0.100, 0.100, 0.100]
    Layer 27: sigma=[0.100, 0.100, 0.100, 0.100, 0.100, 0.100, 0.100, 0.100, 0.100, 0.100, 0.100, 0.100, 0.100, 0.100, 0.100, 0.100, 0.100, 0.100, 0.100, 0.100, 0.100, 0.100, 0.100, 0.100, 0.100, 0.100, 0.100, 0.100, 0.100, 0.100, 0.100, 0.100]
    Layer 28: sigma=[0.100, 0.100, 0.100, 0.100, 0.100, 0.130, 0.100, 0.222, 0.100, 0.100, 0.100, 0.100, 0.100, 0.100, 0.100, 0.100, 0.100, 0.100, 0.100, 0.100, 0.100, 0.100, 0.100, 0.100, 0.100, 0.100, 0.100, 0.100, 0.100, 0.100, 0.100, 0.100]
    Layer 29: sigma=[0.100, 0.100, 0.100, 0.100, 0.100, 0.100, 0.100, 0.100, 0.100, 0.100, 0.100, 0.100, 0.100, 0.100, 0.100, 0.100, 0.100, 0.100, 0.100, 0.100, 0.100, 0.100, 0.100, 0.100, 0.100, 0.100, 0.100, 0.100, 0.100, 0.100, 0.100, 0.100]
    Layer 30: sigma=[0.100, 0.100, 0.100, 0.100, 0.100, 0.100, 0.100, 0.100, 0.100, 0.100, 0.100, 0.100, 0.100, 0.100, 0.100, 0.113, 0.100, 0.100, 0.100, 0.100, 0.100, 0.100, 0.100, 0.100, 0.100, 0.100, 0.100, 0.100, 0.100, 0.100, 0.100, 0.100]
    Layer 31: sigma=[0.100, 0.100, 0.100, 0.100, 0.100, 0.100, 0.100, 0.100, 0.100, 0.100, 0.100, 0.100, 0.100, 0.100, 0.100, 0.100, 0.100, 0.100, 0.100, 0.107, 0.100, 0.100, 0.100, 0.100, 0.100, 0.100, 0.100, 0.100, 0.100, 0.100, 0.100, 0.100]
    Layer 32: sigma=[0.100, 0.100, 0.100, 0.100, 0.100, 0.100, 0.100, 0.100, 0.100, 0.100, 0.100, 0.100, 0.100, 0.100, 0.100, 0.100, 0.100, 0.100, 0.100, 0.100, 0.100, 0.100, 0.100, 0.100, 0.100, 0.100, 0.100, 0.100, 0.100, 0.100, 0.100, 0.100]
    Layer 33: sigma=[0.100, 0.100, 0.100, 0.100, 0.100, 0.100, 0.100, 0.100, 0.100, 0.100, 0.100, 0.100, 0.100, 0.100, 0.100, 0.100, 0.100, 0.100, 0.100, 0.100, 0.100, 0.100, 0.100, 0.100, 0.100, 0.100, 0.100, 0.100, 0.100, 0.100, 0.100, 0.100]
    Layer 34: sigma=[0.100, 0.100, 0.100, 0.100, 0.100, 0.100, 0.100, 0.100, 0.100, 0.100, 0.100, 0.195, 0.100, 0.100, 0.100, 0.100, 0.100, 0.100, 0.100, 0.131, 0.100, 0.100, 0.100, 0.100, 0.100, 0.100, 0.100, 0.100, 0.100, 0.100, 0.100, 0.100]
    Layer 35: sigma=[0.100, 0.100, 0.100, 0.100, 0.100, 0.100, 0.100, 0.100, 0.100, 0.100, 0.100, 0.100, 0.100, 0.100, 0.100, 0.100, 0.100, 0.100, 0.100, 0.100, 0.100, 0.100, 0.156, 0.100, 0.100, 0.100, 0.100, 0.100, 0.100, 0.100, 0.100, 0.100]

  [Taylor Step 3/3] g_proj = v_proj * alpha (damping=0.01)...
    Layer  0: alpha=0.060430  teacher_rms=0.0163  v_rms=0.0027
    Layer  1: alpha=0.060814  teacher_rms=0.0205  v_rms=0.0034
    Layer  2: alpha=0.057076  teacher_rms=0.0214  v_rms=0.0038
    Layer  3: alpha=0.048619  teacher_rms=0.0259  v_rms=0.0053
    Layer  4: alpha=0.047336  teacher_rms=0.0304  v_rms=0.0064
    Layer  5: alpha=0.062040  teacher_rms=0.0409  v_rms=0.0066
    Layer  6: alpha=0.078338  teacher_rms=0.0621  v_rms=0.0079
    Layer  8: alpha=0.047648  teacher_rms=0.0708  v_rms=0.0149
    Layer  9: alpha=0.036804  teacher_rms=0.0713  v_rms=0.0194
    Layer 10: alpha=0.051225  teacher_rms=0.1092  v_rms=0.0213
    Layer 11: alpha=0.062806  teacher_rms=0.1046  v_rms=0.0166
    Layer 12: alpha=0.059784  teacher_rms=0.1207  v_rms=0.0202
    Layer 13: alpha=0.053639  teacher_rms=0.1040  v_rms=0.0194
    Layer 14: alpha=0.064633  teacher_rms=0.1547  v_rms=0.0239
    Layer 15: alpha=0.058095  teacher_rms=0.1576  v_rms=0.0271
    Layer 16: alpha=0.041801  teacher_rms=0.1473  v_rms=0.0352
    Layer 17: alpha=0.043992  teacher_rms=0.1753  v_rms=0.0399
    Layer 18: alpha=0.044303  teacher_rms=0.1990  v_rms=0.0449
    Layer 19: alpha=0.054954  teacher_rms=0.2060  v_rms=0.0375
    Layer 20: alpha=0.057763  teacher_rms=0.1966  v_rms=0.0340
    Layer 21: alpha=0.050618  teacher_rms=0.2373  v_rms=0.0469
    Layer 22: alpha=0.056860  teacher_rms=0.2834  v_rms=0.0498
    Layer 23: alpha=0.050619  teacher_rms=0.3098  v_rms=0.0612
    Layer 24: alpha=0.034367  teacher_rms=0.2897  v_rms=0.0843
    Layer 25: alpha=0.039998  teacher_rms=0.2376  v_rms=0.0594
    Layer 26: alpha=0.029256  teacher_rms=0.2124  v_rms=0.0726
    Layer 27: alpha=0.037093  teacher_rms=0.3083  v_rms=0.0831
    Layer 28: alpha=0.040431  teacher_rms=0.3705  v_rms=0.0916
    Layer 29: alpha=0.017344  teacher_rms=0.2548  v_rms=0.1469
    Layer 30: alpha=0.028941  teacher_rms=0.4297  v_rms=0.1485
    Layer 31: alpha=0.021191  teacher_rms=0.3785  v_rms=0.1786
    Layer 32: alpha=0.023899  teacher_rms=0.5288  v_rms=0.2213
    Layer 33: alpha=0.018560  teacher_rms=0.6404  v_rms=0.3451
    Layer 34: alpha=0.032312  teacher_rms=1.0325  v_rms=0.3195
    Layer 35: alpha=0.059110  teacher_rms=1.0168  v_rms=0.1720

  Set g_proj = v_proj * alpha in 35 GDN layers (damping=0.01).
  Init (taylor_init) done in 439.4s
  Layer 7: PPL = 6751299.00  (eval 21.1s)

============================================================
  Probing layer 8 | strategy=taylor_init
============================================================
Loading checkpoint shards:   0%|          | 0/4 [00:00<?, ?it/s]Loading checkpoint shards: 100%|██████████| 4/4 [00:00<00:00, 41.08it/s]
Could not cache non-existence of file. Will ignore error and continue. Error: [Errno 13] Permission denied: '/data/shared/huggingface/hub/models--Qwen--Qwen3-8B/.no_exist/b968826d9c46dd6066d109eabc6255188de91218/model.safetensors'
Loading checkpoint shards:   0%|          | 0/5 [00:00<?, ?it/s]Loading checkpoint shards: 100%|██████████| 5/5 [00:00<00:00, 193.93it/s]
Token indices sequence length is longer than the specified maximum sequence length for this model (2429029 > 131072). Running this sequence through the model will result in indexing errors
  [Taylor Step 1/3] Gate calibration from attention stats...
    Layer  0: dist=[32, 3, 12, 35, 12, 26, 9, 11, 19, 6, 8, 9, 18, 34, 31, 10, 16, 19, 16, 14, 13, 23, 4, 12, 5, 52, 10, 43, 15, 36, 15, 14]
    Layer  1: dist=[19, 38, 25, 44, 3, 15, 31, 11, 45, 36, 65, 60, 34, 47, 51, 38, 32, 54, 57, 33, 56, 24, 40, 40, 37, 9, 44, 41, 83, 31, 37, 49]
    Layer  2: dist=[65, 65, 67, 62, 26, 45, 33, 43, 39, 47, 56, 56, 53, 46, 46, 60, 61, 49, 54, 43, 49, 67, 48, 50, 25, 24, 21, 35, 73, 73, 77, 74]
    Layer  3: dist=[65, 26, 13, 22, 87, 93, 83, 73, 56, 53, 62, 58, 90, 73, 75, 74, 59, 62, 51, 67, 74, 60, 64, 65, 64, 56, 52, 59, 70, 63, 72, 65]
    Layer  4: dist=[62, 63, 73, 67, 73, 56, 61, 89, 68, 69, 63, 60, 55, 55, 71, 61, 62, 65, 67, 70, 64, 61, 47, 64, 41, 51, 48, 34, 51, 66, 55, 55]
    Layer  5: dist=[36, 48, 55, 35, 61, 68, 52, 51, 5, 18, 73, 61, 54, 78, 59, 52, 41, 32, 50, 48, 51, 55, 48, 59, 73, 73, 80, 80, 43, 44, 46, 58]
    Layer  6: dist=[27, 40, 30, 31, 52, 46, 67, 61, 46, 25, 43, 38, 56, 64, 56, 30, 47, 34, 45, 40, 20, 30, 32, 14, 35, 50, 32, 49, 47, 43, 37, 53]
    Layer  7: dist=[55, 60, 64, 87, 126, 114, 127, 121, 88, 119, 99, 72, 108, 23, 53, 97, 80, 101, 85, 81, 106, 86, 112, 116, 64, 78, 47, 86, 97, 101, 101, 106]
    Layer  9: dist=[76, 60, 61, 67, 83, 97, 96, 74, 123, 120, 118, 112, 27, 87, 63, 85, 93, 100, 114, 125, 87, 77, 60, 70, 119, 81, 91, 97, 125, 113, 127, 123]
    Layer 10: dist=[76, 71, 58, 74, 85, 102, 64, 74, 63, 88, 106, 49, 88, 67, 82, 86, 87, 102, 100, 107, 88, 60, 107, 90, 93, 107, 84, 77, 76, 65, 82, 90]
    Layer 11: dist=[78, 65, 79, 48, 53, 61, 78, 77, 102, 123, 109, 93, 82, 64, 65, 69, 69, 63, 61, 51, 77, 107, 89, 87, 67, 59, 56, 54, 95, 55, 55, 94]
    Layer 12: dist=[21, 72, 79, 61, 87, 83, 66, 70, 63, 62, 74, 77, 86, 81, 82, 87, 39, 68, 59, 94, 102, 112, 97, 103, 93, 2, 107, 38, 81, 88, 113, 91]
    Layer 13: dist=[52, 68, 66, 62, 52, 51, 65, 40, 86, 63, 99, 122, 128, 115, 109, 124, 85, 72, 57, 61, 93, 55, 83, 90, 84, 59, 72, 76, 113, 111, 96, 99]
    Layer 14: dist=[44, 64, 65, 46, 62, 45, 64, 65, 54, 57, 70, 68, 69, 76, 65, 67, 77, 86, 51, 64, 65, 31, 51, 81, 52, 67, 73, 64, 85, 88, 8, 89]
    Layer 15: dist=[80, 44, 79, 38, 37, 38, 79, 67, 90, 60, 46, 104, 68, 107, 79, 89, 61, 57, 64, 68, 58, 60, 50, 51, 49, 34, 86, 62, 72, 84, 71, 49]
    Layer 16: dist=[61, 57, 74, 85, 55, 58, 48, 55, 54, 82, 73, 84, 90, 69, 86, 86, 68, 71, 60, 62, 115, 118, 110, 103, 71, 54, 64, 10, 58, 59, 65, 56]
    Layer 17: dist=[111, 95, 79, 67, 53, 57, 39, 47, 90, 108, 79, 100, 40, 57, 71, 74, 44, 61, 61, 42, 75, 98, 93, 97, 58, 55, 57, 52, 53, 79, 93, 67]
    Layer 18: dist=[34, 45, 35, 33, 56, 78, 74, 57, 64, 67, 66, 79, 61, 60, 57, 62, 46, 74, 72, 52, 68, 47, 65, 96, 58, 62, 61, 63, 52, 53, 79, 56]
    Layer 19: dist=[73, 64, 63, 62, 76, 103, 54, 71, 81, 85, 84, 93, 63, 57, 75, 63, 84, 85, 49, 49, 21, 50, 33, 49, 102, 106, 102, 116, 77, 77, 73, 72]
    Layer 20: dist=[89, 79, 80, 77, 78, 51, 49, 57, 40, 36, 43, 39, 92, 79, 87, 96, 45, 51, 56, 39, 73, 111, 101, 98, 125, 97, 105, 85, 93, 79, 108, 108]
    Layer 21: dist=[44, 50, 56, 68, 115, 65, 96, 118, 118, 61, 71, 69, 46, 41, 44, 42, 75, 75, 83, 65, 89, 99, 95, 96, 64, 62, 60, 80, 73, 79, 60, 88]
    Layer 22: dist=[73, 60, 67, 63, 52, 72, 45, 56, 37, 49, 45, 59, 18, 86, 61, 64, 33, 79, 76, 41, 102, 115, 120, 121, 101, 84, 91, 95, 114, 92, 103, 95]
    Layer 23: dist=[39, 30, 48, 39, 110, 111, 41, 102, 79, 36, 45, 63, 75, 72, 79, 77, 82, 75, 74, 94, 72, 93, 82, 76, 78, 72, 68, 100, 91, 90, 83, 78]
    Layer 24: dist=[79, 124, 109, 101, 99, 109, 111, 97, 102, 105, 104, 84, 78, 75, 89, 74, 81, 86, 98, 88, 120, 103, 102, 117, 65, 73, 79, 51, 95, 111, 98, 88]
    Layer 25: dist=[105, 121, 118, 94, 71, 72, 107, 80, 96, 97, 85, 90, 65, 89, 50, 68, 93, 99, 97, 89, 102, 111, 105, 108, 110, 110, 99, 108, 88, 125, 98, 88]
    Layer 26: dist=[80, 88, 106, 68, 115, 113, 113, 110, 102, 107, 105, 98, 100, 124, 116, 116, 86, 93, 99, 95, 102, 113, 122, 114, 99, 97, 102, 93, 115, 96, 114, 95]
    Layer 27: dist=[87, 108, 103, 117, 98, 105, 101, 86, 77, 100, 107, 99, 78, 109, 80, 86, 96, 99, 99, 104, 91, 112, 113, 92, 110, 113, 116, 117, 107, 77, 92, 117]
    Layer 28: dist=[103, 92, 102, 102, 82, 63, 80, 76, 96, 107, 92, 89, 112, 105, 96, 101, 112, 104, 104, 108, 119, 71, 60, 89, 91, 88, 99, 99, 92, 92, 71, 95]
    Layer 29: dist=[113, 114, 114, 113, 90, 112, 94, 114, 119, 113, 122, 105, 120, 120, 119, 120, 116, 106, 115, 121, 123, 123, 107, 125, 100, 114, 97, 92, 106, 95, 106, 109]
    Layer 30: dist=[75, 102, 99, 100, 102, 100, 90, 67, 117, 117, 115, 120, 105, 104, 113, 101, 97, 78, 120, 122, 51, 120, 100, 110, 119, 119, 119, 118, 106, 110, 107, 102]
    Layer 31: dist=[119, 117, 99, 98, 112, 113, 114, 116, 114, 77, 87, 91, 117, 116, 117, 115, 101, 101, 106, 94, 119, 116, 108, 119, 112, 109, 89, 120, 112, 106, 102, 110]
    Layer 32: dist=[110, 114, 114, 111, 116, 119, 116, 117, 110, 111, 117, 115, 93, 113, 108, 91, 118, 106, 109, 111, 123, 92, 114, 120, 71, 95, 80, 105, 116, 107, 99, 103]
    Layer 33: dist=[102, 120, 112, 119, 91, 102, 57, 94, 116, 116, 113, 113, 114, 115, 113, 116, 114, 117, 106, 109, 112, 96, 110, 113, 111, 119, 122, 118, 110, 111, 107, 104]
    Layer 34: dist=[110, 109, 112, 113, 105, 111, 108, 102, 53, 93, 114, 86, 117, 115, 120, 81, 82, 89, 126, 55, 119, 51, 118, 119, 122, 122, 125, 122, 54, 62, 68, 109]
    Layer 35: dist=[105, 123, 71, 97, 82, 36, 112, 100, 85, 94, 112, 96, 63, 28, 49, 40, 98, 74, 84, 48, 90, 102, 55, 54, 66, 49, 68, 72, 73, 115, 122, 117]

  [Taylor Step 2/3] OLS sigma per head (scaling V, streaming)...
    Layer  0: sigma=[0.615, 0.100, 0.100, 0.100, 0.332, 0.379, 0.100, 0.100, 0.100, 0.148, 0.100, 0.100, 0.100, 0.100, 0.100, 0.260, 0.100, 0.100, 0.100, 0.100, 0.100, 0.100, 0.100, 0.100, 0.100, 0.100, 0.350, 0.100, 0.100, 0.100, 0.161, 0.100]
    Layer  1: sigma=[0.350, 0.100, 0.100, 0.100, 0.100, 0.100, 0.100, 0.100, 0.100, 0.166, 0.246, 0.100, 0.100, 0.100, 0.100, 0.100, 0.100, 0.100, 0.100, 0.100, 0.100, 0.100, 0.100, 0.116, 0.100, 0.100, 0.115, 0.100, 0.100, 0.100, 0.100, 0.100]
    Layer  2: sigma=[0.100, 0.100, 0.100, 0.100, 0.100, 0.100, 0.100, 0.100, 0.108, 0.100, 0.100, 0.100, 0.100, 0.144, 0.100, 0.100, 0.100, 0.220, 0.100, 0.100, 0.100, 0.100, 0.100, 0.100, 0.100, 0.170, 0.100, 0.100, 0.100, 0.100, 0.100, 0.100]
    Layer  3: sigma=[0.100, 0.328, 0.100, 0.160, 0.100, 0.100, 0.100, 0.100, 0.100, 0.100, 0.100, 0.100, 0.100, 0.100, 0.100, 0.100, 0.100, 0.100, 0.100, 0.100, 0.100, 0.106, 0.100, 0.100, 0.100, 0.100, 0.100, 0.100, 0.100, 0.100, 0.100, 0.100]
    Layer  4: sigma=[0.100, 0.100, 0.100, 0.100, 0.100, 0.100, 0.100, 0.100, 0.100, 0.100, 0.100, 0.100, 0.100, 0.100, 0.100, 0.100, 0.100, 0.100, 0.100, 0.100, 0.133, 0.138, 0.315, 0.100, 0.100, 0.100, 0.100, 0.100, 0.100, 0.100, 0.100, 0.100]
    Layer  5: sigma=[0.100, 0.100, 0.100, 0.100, 0.100, 0.100, 0.100, 0.100, 0.100, 0.137, 0.100, 0.108, 0.100, 0.100, 0.100, 0.123, 0.100, 0.179, 0.100, 0.100, 0.100, 0.100, 0.100, 0.100, 0.100, 0.100, 0.100, 0.100, 0.100, 0.100, 0.100, 0.100]
    Layer  6: sigma=[0.100, 0.100, 0.100, 0.100, 0.100, 0.100, 0.100, 0.100, 0.100, 0.100, 0.100, 0.100, 0.100, 0.100, 0.100, 0.100, 0.100, 0.100, 0.100, 0.100, 0.151, 0.100, 0.100, 0.100, 0.100, 0.100, 0.100, 0.100, 0.100, 0.100, 0.100, 0.100]
    Layer  7: sigma=[0.100, 0.153, 0.100, 0.100, 0.121, 0.100, 0.100, 0.100, 0.100, 0.100, 0.100, 0.100, 0.100, 0.100, 0.100, 0.100, 0.100, 0.100, 0.100, 0.100, 0.100, 0.100, 0.100, 0.100, 0.100, 0.100, 0.100, 0.100, 0.100, 0.100, 0.100, 0.100]
    Layer  9: sigma=[0.100, 0.100, 0.100, 0.100, 0.100, 0.100, 0.100, 0.100, 0.100, 0.100, 0.100, 0.100, 0.100, 0.100, 0.542, 0.133, 0.100, 0.100, 0.100, 0.100, 0.100, 0.100, 0.100, 0.100, 0.100, 0.100, 0.100, 0.100, 0.100, 0.100, 0.100, 0.100]
    Layer 10: sigma=[0.100, 0.100, 0.100, 0.100, 0.100, 0.100, 0.100, 0.100, 0.100, 0.100, 0.100, 0.100, 0.100, 0.100, 0.100, 0.100, 0.100, 0.100, 0.100, 0.100, 0.100, 0.100, 0.100, 0.100, 0.100, 0.100, 0.100, 0.100, 0.100, 0.100, 0.100, 0.100]
    Layer 11: sigma=[0.100, 0.100, 0.100, 0.100, 0.148, 0.100, 0.100, 0.100, 0.100, 0.118, 0.100, 0.100, 0.100, 0.100, 0.276, 0.100, 0.100, 0.100, 0.100, 0.100, 0.100, 0.100, 0.100, 0.100, 0.100, 0.100, 0.175, 0.100, 0.100, 0.100, 0.100, 0.100]
    Layer 12: sigma=[0.100, 0.100, 0.100, 0.100, 0.100, 0.100, 0.100, 0.100, 0.100, 0.100, 0.100, 0.108, 0.100, 0.100, 0.100, 0.100, 0.100, 0.285, 0.154, 0.100, 0.100, 0.100, 0.100, 0.100, 0.100, 0.100, 0.100, 0.211, 0.100, 0.100, 0.116, 0.100]
    Layer 13: sigma=[0.222, 0.100, 0.100, 0.298, 0.100, 0.100, 0.100, 0.100, 0.100, 0.100, 0.100, 0.100, 0.100, 0.100, 0.100, 0.100, 0.100, 0.100, 0.100, 0.103, 0.100, 0.100, 0.100, 0.100, 0.100, 0.100, 0.100, 0.100, 0.100, 0.100, 0.100, 0.100]
    Layer 14: sigma=[0.100, 0.100, 0.100, 0.100, 0.100, 0.429, 0.100, 0.100, 0.100, 0.100, 0.100, 0.100, 0.100, 0.100, 0.100, 0.100, 0.100, 0.100, 0.100, 0.100, 0.100, 0.100, 0.100, 0.100, 0.111, 0.117, 0.100, 0.100, 0.100, 0.100, 0.100, 0.100]
    Layer 15: sigma=[0.100, 0.217, 0.100, 0.100, 0.100, 0.107, 0.100, 0.100, 0.100, 0.100, 0.100, 0.100, 0.211, 0.100, 0.100, 0.100, 0.100, 0.100, 0.100, 0.100, 0.100, 0.100, 0.100, 0.100, 0.185, 0.100, 0.100, 0.100, 0.100, 0.100, 0.100, 0.100]
    Layer 16: sigma=[0.100, 0.100, 0.100, 0.100, 0.100, 0.100, 0.100, 0.100, 0.100, 0.100, 0.100, 0.100, 0.100, 0.100, 0.100, 0.100, 0.100, 0.100, 0.100, 0.100, 0.100, 0.100, 0.100, 0.100, 0.100, 0.100, 0.100, 0.479, 0.100, 0.100, 0.100, 0.100]
    Layer 17: sigma=[0.100, 0.100, 0.100, 0.100, 0.100, 0.149, 0.100, 0.100, 0.100, 0.100, 0.100, 0.100, 0.100, 0.100, 0.100, 0.100, 0.160, 0.100, 0.100, 0.394, 0.100, 0.100, 0.100, 0.100, 0.144, 0.100, 0.427, 0.100, 0.100, 0.100, 0.100, 0.100]
    Layer 18: sigma=[0.100, 0.483, 0.100, 0.100, 0.100, 0.100, 0.100, 0.188, 0.100, 0.100, 0.100, 0.100, 0.100, 0.100, 0.100, 0.100, 0.222, 0.100, 0.100, 0.100, 0.100, 0.100, 0.100, 0.100, 0.100, 0.100, 0.100, 0.100, 0.100, 0.100, 0.100, 0.100]
    Layer 19: sigma=[0.100, 0.100, 0.100, 0.100, 0.100, 0.100, 0.100, 0.100, 0.100, 0.100, 0.100, 0.100, 0.112, 0.100, 0.100, 0.179, 0.100, 0.100, 0.100, 0.259, 0.100, 0.100, 0.100, 0.114, 0.100, 0.100, 0.100, 0.100, 0.100, 0.100, 0.100, 0.100]
    Layer 20: sigma=[0.100, 0.100, 0.100, 0.100, 0.100, 0.198, 0.100, 0.100, 0.149, 0.108, 0.100, 0.100, 0.100, 0.100, 0.100, 0.111, 0.100, 0.109, 0.100, 0.100, 0.100, 0.100, 0.100, 0.100, 0.100, 0.100, 0.100, 0.100, 0.100, 0.100, 0.100, 0.100]
    Layer 21: sigma=[0.100, 0.154, 0.100, 0.100, 0.100, 0.100, 0.100, 0.100, 0.100, 0.161, 0.100, 0.284, 0.100, 0.100, 0.129, 0.100, 0.100, 0.100, 0.100, 0.100, 0.100, 0.120, 0.100, 0.100, 0.158, 0.100, 0.100, 0.100, 0.100, 0.100, 0.297, 0.100]
    Layer 22: sigma=[0.141, 0.100, 0.100, 0.100, 0.133, 0.105, 0.100, 0.268, 0.141, 0.100, 0.100, 0.100, 0.100, 0.100, 0.100, 0.100, 0.100, 0.100, 0.100, 0.100, 0.100, 0.100, 0.100, 0.100, 0.100, 0.100, 0.100, 0.100, 0.100, 0.100, 0.100, 0.100]
    Layer 23: sigma=[0.182, 0.317, 0.198, 0.100, 0.100, 0.100, 0.100, 0.100, 0.100, 0.168, 0.100, 0.100, 0.100, 0.100, 0.101, 0.100, 0.100, 0.100, 0.100, 0.100, 0.100, 0.100, 0.100, 0.100, 0.100, 0.100, 0.100, 0.100, 0.100, 0.133, 0.175, 0.276]
    Layer 24: sigma=[0.100, 0.100, 0.100, 0.100, 0.100, 0.100, 0.100, 0.100, 0.100, 0.100, 0.100, 0.100, 0.100, 0.100, 0.100, 0.165, 0.100, 0.100, 0.100, 0.100, 0.100, 0.100, 0.100, 0.100, 0.232, 0.443, 0.100, 0.371, 0.100, 0.100, 0.100, 0.100]
    Layer 25: sigma=[0.100, 0.100, 0.100, 0.100, 0.100, 0.100, 0.100, 0.100, 0.100, 0.100, 0.100, 0.100, 0.100, 0.100, 0.100, 0.100, 0.100, 0.100, 0.100, 0.100, 0.100, 0.100, 0.100, 0.100, 0.100, 0.100, 0.100, 0.100, 0.100, 0.100, 0.100, 0.100]
    Layer 26: sigma=[0.100, 0.100, 0.100, 0.100, 0.100, 0.100, 0.100, 0.100, 0.100, 0.100, 0.100, 0.100, 0.100, 0.100, 0.100, 0.100, 0.100, 0.100, 0.100, 0.100, 0.100, 0.100, 0.100, 0.100, 0.100, 0.100, 0.100, 0.100, 0.100, 0.100, 0.100, 0.100]
    Layer 27: sigma=[0.100, 0.100, 0.100, 0.100, 0.100, 0.100, 0.100, 0.100, 0.100, 0.100, 0.100, 0.100, 0.100, 0.100, 0.100, 0.100, 0.100, 0.100, 0.100, 0.100, 0.100, 0.100, 0.100, 0.100, 0.100, 0.100, 0.100, 0.100, 0.100, 0.137, 0.100, 0.100]
    Layer 28: sigma=[0.100, 0.100, 0.100, 0.100, 0.100, 0.131, 0.100, 0.100, 0.100, 0.100, 0.100, 0.100, 0.100, 0.100, 0.100, 0.100, 0.100, 0.100, 0.100, 0.100, 0.100, 0.100, 0.100, 0.100, 0.100, 0.100, 0.100, 0.100, 0.100, 0.100, 0.100, 0.100]
    Layer 29: sigma=[0.100, 0.100, 0.100, 0.100, 0.100, 0.100, 0.100, 0.100, 0.100, 0.100, 0.100, 0.100, 0.100, 0.100, 0.100, 0.100, 0.100, 0.100, 0.100, 0.100, 0.100, 0.100, 0.100, 0.100, 0.100, 0.100, 0.100, 0.100, 0.100, 0.100, 0.100, 0.100]
    Layer 30: sigma=[0.100, 0.100, 0.100, 0.100, 0.100, 0.100, 0.100, 0.100, 0.100, 0.100, 0.100, 0.100, 0.100, 0.100, 0.100, 0.100, 0.100, 0.100, 0.100, 0.100, 0.100, 0.100, 0.100, 0.100, 0.100, 0.100, 0.100, 0.100, 0.100, 0.100, 0.100, 0.100]
    Layer 31: sigma=[0.100, 0.100, 0.100, 0.100, 0.100, 0.100, 0.100, 0.100, 0.100, 0.100, 0.100, 0.100, 0.100, 0.100, 0.100, 0.100, 0.100, 0.100, 0.100, 0.100, 0.100, 0.100, 0.100, 0.100, 0.100, 0.100, 0.100, 0.100, 0.100, 0.100, 0.100, 0.100]
    Layer 32: sigma=[0.100, 0.100, 0.100, 0.100, 0.100, 0.100, 0.100, 0.100, 0.100, 0.100, 0.100, 0.100, 0.100, 0.100, 0.100, 0.100, 0.100, 0.100, 0.100, 0.100, 0.100, 0.100, 0.100, 0.100, 0.100, 0.100, 0.100, 0.100, 0.100, 0.100, 0.100, 0.100]
    Layer 33: sigma=[0.100, 0.100, 0.100, 0.100, 0.100, 0.100, 0.100, 0.100, 0.100, 0.100, 0.100, 0.100, 0.100, 0.100, 0.100, 0.100, 0.100, 0.100, 0.100, 0.100, 0.100, 0.100, 0.100, 0.100, 0.100, 0.100, 0.100, 0.100, 0.100, 0.100, 0.100, 0.100]
    Layer 34: sigma=[0.100, 0.100, 0.100, 0.100, 0.100, 0.100, 0.100, 0.100, 0.100, 0.100, 0.100, 0.144, 0.100, 0.100, 0.100, 0.100, 0.117, 0.100, 0.100, 0.100, 0.100, 0.100, 0.100, 0.100, 0.100, 0.100, 0.100, 0.100, 0.100, 0.100, 0.100, 0.100]
    Layer 35: sigma=[0.100, 0.100, 0.100, 0.100, 0.104, 0.100, 0.100, 0.100, 0.100, 0.100, 0.100, 0.100, 0.100, 0.100, 0.100, 0.100, 0.100, 0.100, 0.100, 0.100, 0.100, 0.100, 0.100, 0.100, 0.100, 0.100, 0.100, 0.100, 0.100, 0.100, 0.100, 0.100]

  [Taylor Step 3/3] g_proj = v_proj * alpha (damping=0.01)...
    Layer  0: alpha=0.060431  teacher_rms=0.0163  v_rms=0.0027
    Layer  1: alpha=0.060905  teacher_rms=0.0205  v_rms=0.0034
    Layer  2: alpha=0.057071  teacher_rms=0.0214  v_rms=0.0038
    Layer  3: alpha=0.048520  teacher_rms=0.0259  v_rms=0.0053
    Layer  4: alpha=0.047436  teacher_rms=0.0304  v_rms=0.0064
    Layer  5: alpha=0.061840  teacher_rms=0.0409  v_rms=0.0066
    Layer  6: alpha=0.078516  teacher_rms=0.0621  v_rms=0.0079
    Layer  7: alpha=0.045917  teacher_rms=0.0530  v_rms=0.0115
    Layer  9: alpha=0.036076  teacher_rms=0.0713  v_rms=0.0198
    Layer 10: alpha=0.051225  teacher_rms=0.1092  v_rms=0.0213
    Layer 11: alpha=0.061128  teacher_rms=0.1046  v_rms=0.0171
    Layer 12: alpha=0.061859  teacher_rms=0.1207  v_rms=0.0195
    Layer 13: alpha=0.054387  teacher_rms=0.1040  v_rms=0.0191
    Layer 14: alpha=0.063001  teacher_rms=0.1547  v_rms=0.0245
    Layer 15: alpha=0.056394  teacher_rms=0.1576  v_rms=0.0280
    Layer 16: alpha=0.040346  teacher_rms=0.1473  v_rms=0.0365
    Layer 17: alpha=0.043386  teacher_rms=0.1753  v_rms=0.0404
    Layer 18: alpha=0.043824  teacher_rms=0.1990  v_rms=0.0454
    Layer 19: alpha=0.056752  teacher_rms=0.2060  v_rms=0.0363
    Layer 20: alpha=0.056914  teacher_rms=0.1966  v_rms=0.0345
    Layer 21: alpha=0.048954  teacher_rms=0.2373  v_rms=0.0485
    Layer 22: alpha=0.055684  teacher_rms=0.2834  v_rms=0.0509
    Layer 23: alpha=0.049049  teacher_rms=0.3098  v_rms=0.0632
    Layer 24: alpha=0.032247  teacher_rms=0.2897  v_rms=0.0898
    Layer 25: alpha=0.040058  teacher_rms=0.2376  v_rms=0.0593
    Layer 26: alpha=0.029256  teacher_rms=0.2124  v_rms=0.0726
    Layer 27: alpha=0.036702  teacher_rms=0.3083  v_rms=0.0840
    Layer 28: alpha=0.042369  teacher_rms=0.3705  v_rms=0.0874
    Layer 29: alpha=0.017344  teacher_rms=0.2548  v_rms=0.1469
    Layer 30: alpha=0.029045  teacher_rms=0.4297  v_rms=0.1480
    Layer 31: alpha=0.021214  teacher_rms=0.3785  v_rms=0.1784
    Layer 32: alpha=0.023899  teacher_rms=0.5288  v_rms=0.2213
    Layer 33: alpha=0.018560  teacher_rms=0.6404  v_rms=0.3451
    Layer 34: alpha=0.032843  teacher_rms=1.0325  v_rms=0.3144
    Layer 35: alpha=0.060038  teacher_rms=1.0168  v_rms=0.1694

  Set g_proj = v_proj * alpha in 35 GDN layers (damping=0.01).
  Init (taylor_init) done in 408.0s
  Layer 8: PPL = 7490080.50  (eval 17.0s)

============================================================
  Probing layer 9 | strategy=taylor_init
============================================================
Loading checkpoint shards:   0%|          | 0/4 [00:00<?, ?it/s]Loading checkpoint shards: 100%|██████████| 4/4 [00:00<00:00, 146.66it/s]
Could not cache non-existence of file. Will ignore error and continue. Error: [Errno 13] Permission denied: '/data/shared/huggingface/hub/models--Qwen--Qwen3-8B/.no_exist/b968826d9c46dd6066d109eabc6255188de91218/model.safetensors'
Loading checkpoint shards:   0%|          | 0/5 [00:00<?, ?it/s]Loading checkpoint shards: 100%|██████████| 5/5 [00:00<00:00, 184.42it/s]
Token indices sequence length is longer than the specified maximum sequence length for this model (2429029 > 131072). Running this sequence through the model will result in indexing errors
  [Taylor Step 1/3] Gate calibration from attention stats...
    Layer  0: dist=[32, 3, 12, 35, 12, 26, 9, 11, 19, 6, 8, 9, 18, 34, 31, 10, 16, 19, 16, 14, 13, 23, 4, 12, 5, 52, 10, 43, 15, 36, 15, 14]
    Layer  1: dist=[19, 38, 25, 44, 3, 15, 31, 11, 45, 36, 65, 60, 34, 47, 51, 38, 32, 54, 57, 33, 56, 24, 40, 40, 37, 9, 44, 41, 83, 31, 37, 49]
    Layer  2: dist=[65, 65, 67, 62, 26, 45, 33, 43, 39, 47, 56, 56, 53, 46, 46, 60, 61, 49, 54, 43, 49, 67, 48, 50, 25, 24, 21, 35, 73, 73, 77, 74]
    Layer  3: dist=[65, 26, 13, 22, 87, 93, 83, 73, 56, 53, 62, 58, 90, 73, 75, 74, 59, 62, 51, 67, 74, 60, 64, 65, 64, 56, 52, 59, 70, 63, 72, 65]
    Layer  4: dist=[62, 63, 73, 67, 73, 56, 61, 89, 68, 69, 63, 60, 55, 55, 71, 61, 62, 65, 67, 70, 64, 61, 47, 64, 41, 51, 48, 34, 51, 66, 55, 55]
    Layer  5: dist=[36, 48, 55, 35, 61, 68, 52, 51, 5, 18, 73, 61, 54, 78, 59, 52, 41, 32, 50, 48, 51, 55, 48, 59, 73, 73, 80, 80, 43, 44, 46, 58]
    Layer  6: dist=[27, 40, 30, 31, 52, 46, 67, 61, 46, 25, 43, 38, 56, 64, 56, 30, 47, 34, 45, 40, 20, 30, 32, 14, 35, 50, 32, 49, 47, 43, 37, 53]
    Layer  7: dist=[55, 60, 64, 87, 126, 114, 127, 121, 88, 119, 99, 72, 108, 23, 53, 97, 80, 101, 85, 81, 106, 86, 112, 116, 64, 78, 47, 86, 97, 101, 101, 106]
    Layer  8: dist=[83, 87, 90, 58, 81, 77, 69, 78, 86, 99, 87, 90, 94, 86, 96, 70, 116, 107, 103, 96, 92, 106, 100, 111, 92, 72, 95, 67, 84, 72, 79, 74]
    Layer 10: dist=[76, 71, 58, 74, 85, 102, 64, 74, 63, 88, 106, 49, 88, 67, 82, 86, 87, 102, 100, 107, 88, 60, 107, 90, 93, 107, 84, 77, 76, 65, 82, 90]
    Layer 11: dist=[78, 65, 79, 48, 53, 61, 78, 77, 102, 123, 109, 93, 82, 64, 65, 69, 69, 63, 61, 51, 77, 107, 89, 87, 67, 59, 56, 54, 95, 55, 55, 94]
    Layer 12: dist=[21, 72, 79, 61, 87, 83, 66, 70, 63, 62, 74, 77, 86, 81, 82, 87, 39, 68, 59, 94, 102, 112, 97, 103, 93, 2, 107, 38, 81, 88, 113, 91]
    Layer 13: dist=[52, 68, 66, 62, 52, 51, 65, 40, 86, 63, 99, 122, 128, 115, 109, 124, 85, 72, 57, 61, 93, 55, 83, 90, 84, 59, 72, 76, 113, 111, 96, 99]
    Layer 14: dist=[44, 64, 65, 46, 62, 45, 64, 65, 54, 57, 70, 68, 69, 76, 65, 67, 77, 86, 51, 64, 65, 31, 51, 81, 52, 67, 73, 64, 85, 88, 8, 89]
    Layer 15: dist=[80, 44, 79, 38, 37, 38, 79, 67, 90, 60, 46, 104, 68, 107, 79, 89, 61, 57, 64, 68, 58, 60, 50, 51, 49, 34, 86, 62, 72, 84, 71, 49]
    Layer 16: dist=[61, 57, 74, 85, 55, 58, 48, 55, 54, 82, 73, 84, 90, 69, 86, 86, 68, 71, 60, 62, 115, 118, 110, 103, 71, 54, 64, 10, 58, 59, 65, 56]
    Layer 17: dist=[111, 95, 79, 67, 53, 57, 39, 47, 90, 108, 79, 100, 40, 57, 71, 74, 44, 61, 61, 42, 75, 98, 93, 97, 58, 55, 57, 52, 53, 79, 93, 67]
    Layer 18: dist=[34, 45, 35, 33, 56, 78, 74, 57, 64, 67, 66, 79, 61, 60, 57, 62, 46, 74, 72, 52, 68, 47, 65, 96, 58, 62, 61, 63, 52, 53, 79, 56]
    Layer 19: dist=[73, 64, 63, 62, 76, 103, 54, 71, 81, 85, 84, 93, 63, 57, 75, 63, 84, 85, 49, 49, 21, 50, 33, 49, 102, 106, 102, 116, 77, 77, 73, 72]
    Layer 20: dist=[89, 79, 80, 77, 78, 51, 49, 57, 40, 36, 43, 39, 92, 79, 87, 96, 45, 51, 56, 39, 73, 111, 101, 98, 125, 97, 105, 85, 93, 79, 108, 108]
    Layer 21: dist=[44, 50, 56, 68, 115, 65, 96, 118, 118, 61, 71, 69, 46, 41, 44, 42, 75, 75, 83, 65, 89, 99, 95, 96, 64, 62, 60, 80, 73, 79, 60, 88]
    Layer 22: dist=[73, 60, 67, 63, 52, 72, 45, 56, 37, 49, 45, 59, 18, 86, 61, 64, 33, 79, 76, 41, 102, 115, 120, 121, 101, 84, 91, 95, 114, 92, 103, 95]
    Layer 23: dist=[39, 30, 48, 39, 110, 111, 41, 102, 79, 36, 45, 63, 75, 72, 79, 77, 82, 75, 74, 94, 72, 93, 82, 76, 78, 72, 68, 100, 91, 90, 83, 78]
    Layer 24: dist=[79, 124, 109, 101, 99, 109, 111, 97, 102, 105, 104, 84, 78, 75, 89, 74, 81, 86, 98, 88, 120, 103, 102, 117, 65, 73, 79, 51, 95, 111, 98, 88]
    Layer 25: dist=[105, 121, 118, 94, 71, 72, 107, 80, 96, 97, 85, 90, 65, 89, 50, 68, 93, 99, 97, 89, 102, 111, 105, 108, 110, 110, 99, 108, 88, 125, 98, 88]
    Layer 26: dist=[80, 88, 106, 68, 115, 113, 113, 110, 102, 107, 105, 98, 100, 124, 116, 116, 86, 93, 99, 95, 102, 113, 122, 114, 99, 97, 102, 93, 115, 96, 114, 95]
    Layer 27: dist=[87, 108, 103, 117, 98, 105, 101, 86, 77, 100, 107, 99, 78, 109, 80, 86, 96, 99, 99, 104, 91, 112, 113, 92, 110, 113, 116, 117, 107, 77, 92, 117]
    Layer 28: dist=[103, 92, 102, 102, 82, 63, 80, 76, 96, 107, 92, 89, 112, 105, 96, 101, 112, 104, 104, 108, 119, 71, 60, 89, 91, 88, 99, 99, 92, 92, 71, 95]
    Layer 29: dist=[113, 114, 114, 113, 90, 112, 94, 114, 119, 113, 122, 105, 120, 120, 119, 120, 116, 106, 115, 121, 123, 123, 107, 125, 100, 114, 97, 92, 106, 95, 106, 109]
    Layer 30: dist=[75, 102, 99, 100, 102, 100, 90, 67, 117, 117, 115, 120, 105, 104, 113, 101, 97, 78, 120, 122, 51, 120, 100, 110, 119, 119, 119, 118, 106, 110, 107, 102]
    Layer 31: dist=[119, 117, 99, 98, 112, 113, 114, 116, 114, 77, 87, 91, 117, 116, 117, 115, 101, 101, 106, 94, 119, 116, 108, 119, 112, 109, 89, 120, 112, 106, 102, 110]
    Layer 32: dist=[110, 114, 114, 111, 116, 119, 116, 117, 110, 111, 117, 115, 93, 113, 108, 91, 118, 106, 109, 111, 123, 92, 114, 120, 71, 95, 80, 105, 116, 107, 99, 103]
    Layer 33: dist=[102, 120, 112, 119, 91, 102, 57, 94, 116, 116, 113, 113, 114, 115, 113, 116, 114, 117, 106, 109, 112, 96, 110, 113, 111, 119, 122, 118, 110, 111, 107, 104]
    Layer 34: dist=[110, 109, 112, 113, 105, 111, 108, 102, 53, 93, 114, 86, 117, 115, 120, 81, 82, 89, 126, 55, 119, 51, 118, 119, 122, 122, 125, 122, 54, 62, 68, 109]
    Layer 35: dist=[105, 123, 71, 97, 82, 36, 112, 100, 85, 94, 112, 96, 63, 28, 49, 40, 98, 74, 84, 48, 90, 102, 55, 54, 66, 49, 68, 72, 73, 115, 122, 117]

  [Taylor Step 2/3] OLS sigma per head (scaling V, streaming)...
    Layer  0: sigma=[0.615, 0.100, 0.100, 0.100, 0.333, 0.379, 0.100, 0.100, 0.100, 0.149, 0.100, 0.100, 0.100, 0.100, 0.100, 0.258, 0.100, 0.100, 0.100, 0.100, 0.100, 0.100, 0.100, 0.100, 0.100, 0.100, 0.353, 0.100, 0.100, 0.100, 0.161, 0.100]
    Layer  1: sigma=[0.349, 0.100, 0.100, 0.100, 0.100, 0.100, 0.100, 0.100, 0.100, 0.167, 0.244, 0.100, 0.100, 0.100, 0.100, 0.100, 0.100, 0.100, 0.100, 0.100, 0.100, 0.100, 0.100, 0.115, 0.100, 0.100, 0.114, 0.100, 0.100, 0.100, 0.100, 0.100]
    Layer  2: sigma=[0.100, 0.100, 0.100, 0.100, 0.100, 0.100, 0.100, 0.100, 0.108, 0.100, 0.100, 0.100, 0.100, 0.148, 0.100, 0.100, 0.100, 0.221, 0.100, 0.100, 0.100, 0.100, 0.100, 0.100, 0.100, 0.171, 0.100, 0.100, 0.100, 0.100, 0.100, 0.100]
    Layer  3: sigma=[0.100, 0.330, 0.100, 0.155, 0.100, 0.100, 0.100, 0.100, 0.100, 0.100, 0.100, 0.100, 0.100, 0.100, 0.100, 0.100, 0.100, 0.100, 0.100, 0.100, 0.100, 0.107, 0.100, 0.100, 0.100, 0.100, 0.100, 0.100, 0.100, 0.100, 0.100, 0.100]
    Layer  4: sigma=[0.100, 0.100, 0.100, 0.100, 0.100, 0.100, 0.100, 0.100, 0.100, 0.100, 0.100, 0.100, 0.100, 0.100, 0.100, 0.100, 0.100, 0.100, 0.100, 0.100, 0.132, 0.137, 0.319, 0.100, 0.100, 0.100, 0.100, 0.100, 0.100, 0.100, 0.100, 0.100]
    Layer  5: sigma=[0.100, 0.100, 0.100, 0.100, 0.100, 0.100, 0.100, 0.100, 0.100, 0.135, 0.100, 0.111, 0.100, 0.100, 0.100, 0.122, 0.100, 0.186, 0.100, 0.100, 0.100, 0.100, 0.100, 0.100, 0.100, 0.100, 0.100, 0.100, 0.100, 0.100, 0.100, 0.100]
    Layer  6: sigma=[0.100, 0.100, 0.100, 0.100, 0.100, 0.100, 0.100, 0.100, 0.100, 0.100, 0.100, 0.100, 0.100, 0.100, 0.100, 0.100, 0.100, 0.100, 0.100, 0.100, 0.154, 0.100, 0.100, 0.100, 0.100, 0.100, 0.100, 0.100, 0.100, 0.100, 0.100, 0.100]
    Layer  7: sigma=[0.100, 0.150, 0.100, 0.100, 0.112, 0.100, 0.100, 0.100, 0.100, 0.100, 0.100, 0.100, 0.100, 0.100, 0.100, 0.100, 0.100, 0.100, 0.100, 0.100, 0.100, 0.100, 0.100, 0.100, 0.100, 0.100, 0.100, 0.100, 0.100, 0.100, 0.100, 0.100]
    Layer  8: sigma=[0.100, 0.100, 0.100, 0.100, 0.100, 0.100, 0.100, 0.100, 0.100, 0.100, 0.100, 0.100, 0.100, 0.100, 0.100, 0.100, 0.100, 0.100, 0.100, 0.100, 0.100, 0.100, 0.100, 0.100, 0.100, 0.100, 0.100, 0.202, 0.100, 0.100, 0.100, 0.100]
    Layer 10: sigma=[0.100, 0.100, 0.100, 0.100, 0.100, 0.100, 0.100, 0.100, 0.100, 0.100, 0.100, 0.100, 0.100, 0.100, 0.100, 0.100, 0.100, 0.100, 0.100, 0.100, 0.100, 0.100, 0.100, 0.100, 0.100, 0.100, 0.100, 0.100, 0.100, 0.100, 0.100, 0.100]
    Layer 11: sigma=[0.100, 0.100, 0.100, 0.100, 0.150, 0.100, 0.100, 0.100, 0.100, 0.100, 0.100, 0.100, 0.100, 0.100, 0.233, 0.100, 0.100, 0.100, 0.100, 0.100, 0.100, 0.100, 0.100, 0.100, 0.100, 0.100, 0.162, 0.100, 0.100, 0.100, 0.100, 0.100]
    Layer 12: sigma=[0.100, 0.100, 0.100, 0.100, 0.100, 0.100, 0.100, 0.100, 0.100, 0.102, 0.100, 0.108, 0.100, 0.100, 0.100, 0.100, 0.100, 0.332, 0.164, 0.100, 0.100, 0.100, 0.100, 0.100, 0.100, 0.100, 0.100, 0.211, 0.100, 0.100, 0.125, 0.100]
    Layer 13: sigma=[0.225, 0.100, 0.100, 0.289, 0.100, 0.100, 0.100, 0.100, 0.100, 0.100, 0.100, 0.100, 0.100, 0.100, 0.100, 0.100, 0.100, 0.100, 0.100, 0.107, 0.100, 0.100, 0.100, 0.100, 0.100, 0.100, 0.100, 0.100, 0.100, 0.100, 0.100, 0.100]
    Layer 14: sigma=[0.100, 0.100, 0.100, 0.100, 0.100, 0.400, 0.100, 0.100, 0.100, 0.100, 0.100, 0.100, 0.100, 0.100, 0.100, 0.100, 0.100, 0.100, 0.100, 0.100, 0.100, 0.100, 0.100, 0.100, 0.117, 0.123, 0.100, 0.100, 0.100, 0.100, 0.100, 0.100]
    Layer 15: sigma=[0.100, 0.203, 0.100, 0.100, 0.100, 0.104, 0.100, 0.100, 0.100, 0.100, 0.100, 0.100, 0.210, 0.100, 0.100, 0.100, 0.100, 0.100, 0.100, 0.100, 0.100, 0.100, 0.100, 0.100, 0.152, 0.100, 0.100, 0.100, 0.100, 0.100, 0.100, 0.100]
    Layer 16: sigma=[0.100, 0.100, 0.100, 0.100, 0.100, 0.100, 0.100, 0.100, 0.100, 0.100, 0.100, 0.100, 0.100, 0.100, 0.100, 0.100, 0.100, 0.100, 0.100, 0.100, 0.100, 0.100, 0.100, 0.100, 0.100, 0.100, 0.100, 0.460, 0.100, 0.100, 0.100, 0.100]
    Layer 17: sigma=[0.100, 0.100, 0.100, 0.100, 0.100, 0.137, 0.100, 0.100, 0.100, 0.100, 0.100, 0.100, 0.100, 0.100, 0.100, 0.100, 0.151, 0.100, 0.100, 0.366, 0.100, 0.100, 0.100, 0.107, 0.138, 0.100, 0.372, 0.100, 0.100, 0.100, 0.100, 0.100]
    Layer 18: sigma=[0.100, 0.425, 0.100, 0.100, 0.100, 0.100, 0.100, 0.194, 0.100, 0.100, 0.100, 0.100, 0.100, 0.100, 0.100, 0.100, 0.158, 0.100, 0.100, 0.100, 0.100, 0.100, 0.100, 0.100, 0.100, 0.100, 0.100, 0.100, 0.100, 0.100, 0.100, 0.100]
    Layer 19: sigma=[0.100, 0.100, 0.100, 0.100, 0.100, 0.100, 0.100, 0.100, 0.100, 0.100, 0.100, 0.100, 0.156, 0.100, 0.100, 0.188, 0.100, 0.100, 0.100, 0.294, 0.100, 0.100, 0.100, 0.101, 0.100, 0.100, 0.100, 0.100, 0.100, 0.100, 0.100, 0.100]
    Layer 20: sigma=[0.100, 0.100, 0.100, 0.100, 0.100, 0.175, 0.100, 0.100, 0.162, 0.107, 0.100, 0.100, 0.100, 0.100, 0.100, 0.111, 0.100, 0.100, 0.100, 0.100, 0.100, 0.100, 0.100, 0.100, 0.100, 0.100, 0.100, 0.100, 0.100, 0.100, 0.100, 0.100]
    Layer 21: sigma=[0.100, 0.156, 0.100, 0.100, 0.100, 0.100, 0.100, 0.100, 0.100, 0.149, 0.100, 0.287, 0.100, 0.100, 0.100, 0.100, 0.100, 0.100, 0.100, 0.100, 0.100, 0.101, 0.100, 0.100, 0.127, 0.100, 0.100, 0.100, 0.100, 0.100, 0.238, 0.100]
    Layer 22: sigma=[0.166, 0.100, 0.100, 0.100, 0.187, 0.121, 0.100, 0.227, 0.107, 0.100, 0.100, 0.100, 0.100, 0.100, 0.100, 0.100, 0.100, 0.100, 0.100, 0.100, 0.100, 0.100, 0.100, 0.100, 0.100, 0.100, 0.100, 0.100, 0.100, 0.100, 0.100, 0.100]
    Layer 23: sigma=[0.175, 0.275, 0.221, 0.100, 0.100, 0.100, 0.128, 0.100, 0.104, 0.229, 0.100, 0.100, 0.100, 0.100, 0.100, 0.100, 0.100, 0.100, 0.100, 0.100, 0.100, 0.100, 0.100, 0.100, 0.100, 0.100, 0.100, 0.100, 0.100, 0.100, 0.150, 0.260]
    Layer 24: sigma=[0.100, 0.100, 0.100, 0.100, 0.100, 0.100, 0.100, 0.100, 0.100, 0.100, 0.100, 0.100, 0.100, 0.100, 0.100, 0.152, 0.100, 0.100, 0.100, 0.100, 0.100, 0.100, 0.100, 0.100, 0.248, 0.354, 0.100, 0.377, 0.100, 0.100, 0.100, 0.100]
    Layer 25: sigma=[0.100, 0.100, 0.100, 0.100, 0.100, 0.100, 0.100, 0.100, 0.100, 0.100, 0.100, 0.100, 0.100, 0.100, 0.103, 0.100, 0.100, 0.100, 0.100, 0.100, 0.100, 0.100, 0.100, 0.100, 0.100, 0.100, 0.100, 0.100, 0.100, 0.100, 0.100, 0.100]
    Layer 26: sigma=[0.109, 0.100, 0.100, 0.100, 0.100, 0.100, 0.100, 0.100, 0.100, 0.100, 0.100, 0.100, 0.100, 0.100, 0.100, 0.100, 0.100, 0.100, 0.100, 0.100, 0.100, 0.100, 0.100, 0.100, 0.100, 0.100, 0.100, 0.100, 0.100, 0.100, 0.100, 0.100]
    Layer 27: sigma=[0.100, 0.100, 0.100, 0.100, 0.100, 0.100, 0.100, 0.100, 0.100, 0.100, 0.100, 0.100, 0.100, 0.100, 0.100, 0.100, 0.100, 0.100, 0.100, 0.100, 0.100, 0.100, 0.100, 0.100, 0.100, 0.100, 0.100, 0.100, 0.100, 0.100, 0.100, 0.100]
    Layer 28: sigma=[0.100, 0.100, 0.100, 0.100, 0.100, 0.102, 0.100, 0.144, 0.100, 0.100, 0.100, 0.100, 0.100, 0.100, 0.100, 0.100, 0.100, 0.100, 0.100, 0.100, 0.100, 0.100, 0.100, 0.100, 0.100, 0.100, 0.100, 0.100, 0.100, 0.100, 0.100, 0.100]
    Layer 29: sigma=[0.100, 0.100, 0.100, 0.100, 0.100, 0.100, 0.100, 0.100, 0.100, 0.100, 0.100, 0.100, 0.100, 0.100, 0.100, 0.100, 0.100, 0.100, 0.100, 0.100, 0.100, 0.100, 0.100, 0.100, 0.100, 0.100, 0.100, 0.100, 0.100, 0.100, 0.100, 0.100]
    Layer 30: sigma=[0.100, 0.100, 0.100, 0.100, 0.100, 0.100, 0.100, 0.100, 0.100, 0.100, 0.100, 0.100, 0.100, 0.100, 0.100, 0.100, 0.100, 0.100, 0.100, 0.100, 0.100, 0.100, 0.100, 0.100, 0.100, 0.100, 0.100, 0.100, 0.100, 0.100, 0.100, 0.100]
    Layer 31: sigma=[0.100, 0.100, 0.100, 0.100, 0.100, 0.100, 0.100, 0.100, 0.100, 0.100, 0.100, 0.100, 0.100, 0.100, 0.100, 0.100, 0.100, 0.100, 0.100, 0.104, 0.100, 0.100, 0.100, 0.100, 0.100, 0.100, 0.100, 0.100, 0.100, 0.100, 0.100, 0.100]
    Layer 32: sigma=[0.100, 0.100, 0.100, 0.100, 0.100, 0.100, 0.100, 0.100, 0.100, 0.100, 0.100, 0.100, 0.100, 0.100, 0.100, 0.100, 0.100, 0.100, 0.100, 0.100, 0.100, 0.100, 0.100, 0.100, 0.100, 0.100, 0.100, 0.100, 0.100, 0.100, 0.100, 0.100]
    Layer 33: sigma=[0.100, 0.100, 0.100, 0.100, 0.100, 0.100, 0.100, 0.100, 0.100, 0.100, 0.100, 0.100, 0.100, 0.100, 0.100, 0.100, 0.100, 0.100, 0.100, 0.100, 0.100, 0.100, 0.100, 0.100, 0.100, 0.100, 0.100, 0.100, 0.100, 0.100, 0.100, 0.100]
    Layer 34: sigma=[0.100, 0.100, 0.100, 0.100, 0.100, 0.100, 0.100, 0.100, 0.100, 0.100, 0.100, 0.108, 0.100, 0.100, 0.100, 0.100, 0.100, 0.100, 0.100, 0.100, 0.100, 0.100, 0.100, 0.100, 0.100, 0.100, 0.100, 0.100, 0.100, 0.100, 0.100, 0.100]
    Layer 35: sigma=[0.100, 0.100, 0.100, 0.100, 0.110, 0.100, 0.100, 0.100, 0.100, 0.100, 0.100, 0.100, 0.100, 0.100, 0.100, 0.100, 0.100, 0.100, 0.100, 0.100, 0.100, 0.100, 0.128, 0.100, 0.100, 0.100, 0.100, 0.100, 0.100, 0.100, 0.100, 0.100]

  [Taylor Step 3/3] g_proj = v_proj * alpha (damping=0.01)...
    Layer  0: alpha=0.060386  teacher_rms=0.0163  v_rms=0.0027
    Layer  1: alpha=0.060982  teacher_rms=0.0205  v_rms=0.0034
    Layer  2: alpha=0.056930  teacher_rms=0.0214  v_rms=0.0038
    Layer  3: alpha=0.048540  teacher_rms=0.0259  v_rms=0.0053
    Layer  4: alpha=0.047363  teacher_rms=0.0304  v_rms=0.0064
    Layer  5: alpha=0.061705  teacher_rms=0.0409  v_rms=0.0066
    Layer  6: alpha=0.078377  teacher_rms=0.0621  v_rms=0.0079
    Layer  7: alpha=0.046109  teacher_rms=0.0530  v_rms=0.0115
    Layer  8: alpha=0.046750  teacher_rms=0.0708  v_rms=0.0151
    Layer 10: alpha=0.051225  teacher_rms=0.1092  v_rms=0.0213
    Layer 11: alpha=0.063215  teacher_rms=0.1046  v_rms=0.0165
    Layer 12: alpha=0.059630  teacher_rms=0.1207  v_rms=0.0202
    Layer 13: alpha=0.054548  teacher_rms=0.1040  v_rms=0.0191
    Layer 14: alpha=0.064227  teacher_rms=0.1547  v_rms=0.0241
    Layer 15: alpha=0.057192  teacher_rms=0.1576  v_rms=0.0276
    Layer 16: alpha=0.040901  teacher_rms=0.1473  v_rms=0.0360
    Layer 17: alpha=0.045692  teacher_rms=0.1753  v_rms=0.0384
    Layer 18: alpha=0.047065  teacher_rms=0.1990  v_rms=0.0423
    Layer 19: alpha=0.054704  teacher_rms=0.2060  v_rms=0.0377
    Layer 20: alpha=0.057783  teacher_rms=0.1966  v_rms=0.0340
    Layer 21: alpha=0.051915  teacher_rms=0.2373  v_rms=0.0457
    Layer 22: alpha=0.055125  teacher_rms=0.2834  v_rms=0.0514
    Layer 23: alpha=0.050051  teacher_rms=0.3098  v_rms=0.0619
    Layer 24: alpha=0.033370  teacher_rms=0.2897  v_rms=0.0868
    Layer 25: alpha=0.040034  teacher_rms=0.2376  v_rms=0.0593
    Layer 26: alpha=0.029164  teacher_rms=0.2124  v_rms=0.0728
    Layer 27: alpha=0.037093  teacher_rms=0.3083  v_rms=0.0831
    Layer 28: alpha=0.042195  teacher_rms=0.3705  v_rms=0.0878
    Layer 29: alpha=0.017344  teacher_rms=0.2548  v_rms=0.1469
    Layer 30: alpha=0.029045  teacher_rms=0.4297  v_rms=0.1480
    Layer 31: alpha=0.021202  teacher_rms=0.3785  v_rms=0.1785
    Layer 32: alpha=0.023899  teacher_rms=0.5288  v_rms=0.2213
    Layer 33: alpha=0.018560  teacher_rms=0.6404  v_rms=0.3451
    Layer 34: alpha=0.033151  teacher_rms=1.0325  v_rms=0.3114
    Layer 35: alpha=0.059506  teacher_rms=1.0168  v_rms=0.1709

  Set g_proj = v_proj * alpha in 35 GDN layers (damping=0.01).
  Init (taylor_init) done in 335.4s
  Layer 9: PPL = 8359423.00  (eval 17.1s)

============================================================
  Probing layer 10 | strategy=taylor_init
============================================================
Loading checkpoint shards:   0%|          | 0/4 [00:00<?, ?it/s]Loading checkpoint shards: 100%|██████████| 4/4 [00:00<00:00, 150.14it/s]
Could not cache non-existence of file. Will ignore error and continue. Error: [Errno 13] Permission denied: '/data/shared/huggingface/hub/models--Qwen--Qwen3-8B/.no_exist/b968826d9c46dd6066d109eabc6255188de91218/model.safetensors'
Loading checkpoint shards:   0%|          | 0/5 [00:00<?, ?it/s]Loading checkpoint shards: 100%|██████████| 5/5 [00:00<00:00, 190.13it/s]
Token indices sequence length is longer than the specified maximum sequence length for this model (2429029 > 131072). Running this sequence through the model will result in indexing errors
  [Taylor Step 1/3] Gate calibration from attention stats...
    Layer  0: dist=[32, 3, 12, 35, 12, 26, 9, 11, 19, 6, 8, 9, 18, 34, 31, 10, 16, 19, 16, 14, 13, 23, 4, 12, 5, 52, 10, 43, 15, 36, 15, 14]
    Layer  1: dist=[19, 38, 25, 44, 3, 15, 31, 11, 45, 36, 65, 60, 34, 47, 51, 38, 32, 54, 57, 33, 56, 24, 40, 40, 37, 9, 44, 41, 83, 31, 37, 49]
    Layer  2: dist=[65, 65, 67, 62, 26, 45, 33, 43, 39, 47, 56, 56, 53, 46, 46, 60, 61, 49, 54, 43, 49, 67, 48, 50, 25, 24, 21, 35, 73, 73, 77, 74]
    Layer  3: dist=[65, 26, 13, 22, 87, 93, 83, 73, 56, 53, 62, 58, 90, 73, 75, 74, 59, 62, 51, 67, 74, 60, 64, 65, 64, 56, 52, 59, 70, 63, 72, 65]
    Layer  4: dist=[62, 63, 73, 67, 73, 56, 61, 89, 68, 69, 63, 60, 55, 55, 71, 61, 62, 65, 67, 70, 64, 61, 47, 64, 41, 51, 48, 34, 51, 66, 55, 55]
    Layer  5: dist=[36, 48, 55, 35, 61, 68, 52, 51, 5, 18, 73, 61, 54, 78, 59, 52, 41, 32, 50, 48, 51, 55, 48, 59, 73, 73, 80, 80, 43, 44, 46, 58]
    Layer  6: dist=[27, 40, 30, 31, 52, 46, 67, 61, 46, 25, 43, 38, 56, 64, 56, 30, 47, 34, 45, 40, 20, 30, 32, 14, 35, 50, 32, 49, 47, 43, 37, 53]
    Layer  7: dist=[55, 60, 64, 87, 126, 114, 127, 121, 88, 119, 99, 72, 108, 23, 53, 97, 80, 101, 85, 81, 106, 86, 112, 116, 64, 78, 47, 86, 97, 101, 101, 106]
    Layer  8: dist=[83, 87, 90, 58, 81, 77, 69, 78, 86, 99, 87, 90, 94, 86, 96, 70, 116, 107, 103, 96, 92, 106, 100, 111, 92, 72, 95, 67, 84, 72, 79, 74]
    Layer  9: dist=[76, 60, 61, 67, 83, 97, 96, 74, 123, 120, 118, 112, 27, 87, 63, 85, 93, 100, 114, 125, 87, 77, 60, 70, 119, 81, 91, 97, 125, 113, 127, 123]
    Layer 11: dist=[78, 65, 79, 48, 53, 61, 78, 77, 102, 123, 109, 93, 82, 64, 65, 69, 69, 63, 61, 51, 77, 107, 89, 87, 67, 59, 56, 54, 95, 55, 55, 94]
    Layer 12: dist=[21, 72, 79, 61, 87, 83, 66, 70, 63, 62, 74, 77, 86, 81, 82, 87, 39, 68, 59, 94, 102, 112, 97, 103, 93, 2, 107, 38, 81, 88, 113, 91]
    Layer 13: dist=[52, 68, 66, 62, 52, 51, 65, 40, 86, 63, 99, 122, 128, 115, 109, 124, 85, 72, 57, 61, 93, 55, 83, 90, 84, 59, 72, 76, 113, 111, 96, 99]
    Layer 14: dist=[44, 64, 65, 46, 62, 45, 64, 65, 54, 57, 70, 68, 69, 76, 65, 67, 77, 86, 51, 64, 65, 31, 51, 81, 52, 67, 73, 64, 85, 88, 8, 89]
    Layer 15: dist=[80, 44, 79, 38, 37, 38, 79, 67, 90, 60, 46, 104, 68, 107, 79, 89, 61, 57, 64, 68, 58, 60, 50, 51, 49, 34, 86, 62, 72, 84, 71, 49]
    Layer 16: dist=[61, 57, 74, 85, 55, 58, 48, 55, 54, 82, 73, 84, 90, 69, 86, 86, 68, 71, 60, 62, 115, 118, 110, 103, 71, 54, 64, 10, 58, 59, 65, 56]
    Layer 17: dist=[111, 95, 79, 67, 53, 57, 39, 47, 90, 108, 79, 100, 40, 57, 71, 74, 44, 61, 61, 42, 75, 98, 93, 97, 58, 55, 57, 52, 53, 79, 93, 67]
    Layer 18: dist=[34, 45, 35, 33, 56, 78, 74, 57, 64, 67, 66, 79, 61, 60, 57, 62, 46, 74, 72, 52, 68, 47, 65, 96, 58, 62, 61, 63, 52, 53, 79, 56]
    Layer 19: dist=[73, 64, 63, 62, 76, 103, 54, 71, 81, 85, 84, 93, 63, 57, 75, 63, 84, 85, 49, 49, 21, 50, 33, 49, 102, 106, 102, 116, 77, 77, 73, 72]
    Layer 20: dist=[89, 79, 80, 77, 78, 51, 49, 57, 40, 36, 43, 39, 92, 79, 87, 96, 45, 51, 56, 39, 73, 111, 101, 98, 125, 97, 105, 85, 93, 79, 108, 108]
    Layer 21: dist=[44, 50, 56, 68, 115, 65, 96, 118, 118, 61, 71, 69, 46, 41, 44, 42, 75, 75, 83, 65, 89, 99, 95, 96, 64, 62, 60, 80, 73, 79, 60, 88]
    Layer 22: dist=[73, 60, 67, 63, 52, 72, 45, 56, 37, 49, 45, 59, 18, 86, 61, 64, 33, 79, 76, 41, 102, 115, 120, 121, 101, 84, 91, 95, 114, 92, 103, 95]
    Layer 23: dist=[39, 30, 48, 39, 110, 111, 41, 102, 79, 36, 45, 63, 75, 72, 79, 77, 82, 75, 74, 94, 72, 93, 82, 76, 78, 72, 68, 100, 91, 90, 83, 78]
    Layer 24: dist=[79, 124, 109, 101, 99, 109, 111, 97, 102, 105, 104, 84, 78, 75, 89, 74, 81, 86, 98, 88, 120, 103, 102, 117, 65, 73, 79, 51, 95, 111, 98, 88]
    Layer 25: dist=[105, 121, 118, 94, 71, 72, 107, 80, 96, 97, 85, 90, 65, 89, 50, 68, 93, 99, 97, 89, 102, 111, 105, 108, 110, 110, 99, 108, 88, 125, 98, 88]
    Layer 26: dist=[80, 88, 106, 68, 115, 113, 113, 110, 102, 107, 105, 98, 100, 124, 116, 116, 86, 93, 99, 95, 102, 113, 122, 114, 99, 97, 102, 93, 115, 96, 114, 95]
    Layer 27: dist=[87, 108, 103, 117, 98, 105, 101, 86, 77, 100, 107, 99, 78, 109, 80, 86, 96, 99, 99, 104, 91, 112, 113, 92, 110, 113, 116, 117, 107, 77, 92, 117]
    Layer 28: dist=[103, 92, 102, 102, 82, 63, 80, 76, 96, 107, 92, 89, 112, 105, 96, 101, 112, 104, 104, 108, 119, 71, 60, 89, 91, 88, 99, 99, 92, 92, 71, 95]
    Layer 29: dist=[113, 114, 114, 113, 90, 112, 94, 114, 119, 113, 122, 105, 120, 120, 119, 120, 116, 106, 115, 121, 123, 123, 107, 125, 100, 114, 97, 92, 106, 95, 106, 109]
    Layer 30: dist=[75, 102, 99, 100, 102, 100, 90, 67, 117, 117, 115, 120, 105, 104, 113, 101, 97, 78, 120, 122, 51, 120, 100, 110, 119, 119, 119, 118, 106, 110, 107, 102]
    Layer 31: dist=[119, 117, 99, 98, 112, 113, 114, 116, 114, 77, 87, 91, 117, 116, 117, 115, 101, 101, 106, 94, 119, 116, 108, 119, 112, 109, 89, 120, 112, 106, 102, 110]
    Layer 32: dist=[110, 114, 114, 111, 116, 119, 116, 117, 110, 111, 117, 115, 93, 113, 108, 91, 118, 106, 109, 111, 123, 92, 114, 120, 71, 95, 80, 105, 116, 107, 99, 103]
    Layer 33: dist=[102, 120, 112, 119, 91, 102, 57, 94, 116, 116, 113, 113, 114, 115, 113, 116, 114, 117, 106, 109, 112, 96, 110, 113, 111, 119, 122, 118, 110, 111, 107, 104]
    Layer 34: dist=[110, 109, 112, 113, 105, 111, 108, 102, 53, 93, 114, 86, 117, 115, 120, 81, 82, 89, 126, 55, 119, 51, 118, 119, 122, 122, 125, 122, 54, 62, 68, 109]
    Layer 35: dist=[105, 123, 71, 97, 82, 36, 112, 100, 85, 94, 112, 96, 63, 28, 49, 40, 98, 74, 84, 48, 90, 102, 55, 54, 66, 49, 68, 72, 73, 115, 122, 117]

  [Taylor Step 2/3] OLS sigma per head (scaling V, streaming)...
    Layer  0: sigma=[0.614, 0.100, 0.100, 0.100, 0.332, 0.380, 0.100, 0.100, 0.100, 0.148, 0.100, 0.100, 0.100, 0.100, 0.100, 0.260, 0.100, 0.100, 0.100, 0.100, 0.100, 0.100, 0.100, 0.100, 0.100, 0.100, 0.351, 0.100, 0.100, 0.100, 0.161, 0.100]
    Layer  1: sigma=[0.349, 0.100, 0.100, 0.100, 0.100, 0.100, 0.100, 0.100, 0.100, 0.161, 0.247, 0.100, 0.100, 0.100, 0.100, 0.100, 0.100, 0.100, 0.100, 0.100, 0.100, 0.100, 0.100, 0.115, 0.100, 0.100, 0.115, 0.100, 0.100, 0.100, 0.100, 0.100]
    Layer  2: sigma=[0.100, 0.100, 0.100, 0.100, 0.100, 0.100, 0.100, 0.100, 0.108, 0.101, 0.100, 0.100, 0.100, 0.145, 0.100, 0.100, 0.100, 0.221, 0.100, 0.100, 0.100, 0.100, 0.100, 0.100, 0.100, 0.170, 0.100, 0.100, 0.100, 0.100, 0.100, 0.100]
    Layer  3: sigma=[0.100, 0.329, 0.100, 0.157, 0.100, 0.100, 0.100, 0.100, 0.100, 0.100, 0.100, 0.100, 0.100, 0.100, 0.100, 0.100, 0.100, 0.100, 0.100, 0.100, 0.100, 0.109, 0.100, 0.100, 0.100, 0.100, 0.100, 0.100, 0.100, 0.100, 0.100, 0.100]
    Layer  4: sigma=[0.100, 0.100, 0.100, 0.100, 0.100, 0.100, 0.100, 0.100, 0.100, 0.100, 0.100, 0.100, 0.100, 0.100, 0.100, 0.100, 0.100, 0.100, 0.100, 0.100, 0.132, 0.139, 0.312, 0.100, 0.100, 0.100, 0.100, 0.100, 0.100, 0.100, 0.100, 0.100]
    Layer  5: sigma=[0.100, 0.100, 0.100, 0.100, 0.100, 0.100, 0.100, 0.100, 0.100, 0.140, 0.100, 0.111, 0.100, 0.100, 0.100, 0.122, 0.100, 0.173, 0.100, 0.100, 0.100, 0.100, 0.100, 0.100, 0.100, 0.100, 0.100, 0.100, 0.100, 0.100, 0.100, 0.100]
    Layer  6: sigma=[0.100, 0.100, 0.100, 0.100, 0.100, 0.100, 0.100, 0.100, 0.100, 0.100, 0.100, 0.100, 0.100, 0.100, 0.100, 0.100, 0.100, 0.100, 0.100, 0.100, 0.159, 0.100, 0.100, 0.100, 0.100, 0.100, 0.100, 0.100, 0.100, 0.100, 0.100, 0.100]
    Layer  7: sigma=[0.100, 0.153, 0.100, 0.100, 0.120, 0.100, 0.100, 0.100, 0.100, 0.100, 0.100, 0.100, 0.100, 0.100, 0.100, 0.100, 0.100, 0.100, 0.100, 0.100, 0.100, 0.100, 0.100, 0.100, 0.100, 0.100, 0.100, 0.100, 0.100, 0.100, 0.100, 0.100]
    Layer  8: sigma=[0.100, 0.100, 0.100, 0.100, 0.100, 0.100, 0.100, 0.100, 0.100, 0.100, 0.100, 0.100, 0.100, 0.100, 0.100, 0.100, 0.100, 0.100, 0.100, 0.100, 0.100, 0.100, 0.100, 0.100, 0.100, 0.100, 0.100, 0.164, 0.100, 0.100, 0.100, 0.100]
    Layer  9: sigma=[0.100, 0.100, 0.100, 0.100, 0.100, 0.100, 0.100, 0.100, 0.100, 0.100, 0.100, 0.100, 0.100, 0.100, 0.569, 0.136, 0.100, 0.100, 0.100, 0.100, 0.100, 0.100, 0.100, 0.100, 0.100, 0.100, 0.100, 0.100, 0.100, 0.100, 0.100, 0.100]
    Layer 11: sigma=[0.100, 0.100, 0.100, 0.100, 0.139, 0.100, 0.100, 0.100, 0.100, 0.109, 0.100, 0.100, 0.100, 0.100, 0.280, 0.100, 0.100, 0.100, 0.100, 0.100, 0.100, 0.100, 0.100, 0.100, 0.100, 0.100, 0.175, 0.100, 0.100, 0.100, 0.100, 0.100]
    Layer 12: sigma=[0.100, 0.100, 0.100, 0.100, 0.100, 0.100, 0.100, 0.100, 0.100, 0.105, 0.100, 0.109, 0.100, 0.100, 0.100, 0.100, 0.100, 0.324, 0.173, 0.100, 0.100, 0.100, 0.100, 0.100, 0.100, 0.100, 0.100, 0.211, 0.100, 0.100, 0.113, 0.100]
    Layer 13: sigma=[0.227, 0.100, 0.100, 0.345, 0.100, 0.100, 0.100, 0.100, 0.100, 0.100, 0.100, 0.100, 0.100, 0.100, 0.100, 0.100, 0.100, 0.100, 0.100, 0.117, 0.100, 0.100, 0.100, 0.100, 0.100, 0.100, 0.100, 0.100, 0.100, 0.100, 0.100, 0.100]
    Layer 14: sigma=[0.100, 0.100, 0.100, 0.100, 0.100, 0.395, 0.100, 0.100, 0.100, 0.100, 0.100, 0.100, 0.100, 0.100, 0.100, 0.100, 0.100, 0.100, 0.100, 0.100, 0.100, 0.100, 0.100, 0.100, 0.115, 0.120, 0.100, 0.100, 0.100, 0.100, 0.100, 0.100]
    Layer 15: sigma=[0.100, 0.199, 0.100, 0.100, 0.100, 0.111, 0.100, 0.100, 0.100, 0.100, 0.100, 0.100, 0.218, 0.100, 0.100, 0.100, 0.100, 0.100, 0.100, 0.100, 0.100, 0.100, 0.100, 0.100, 0.157, 0.100, 0.100, 0.100, 0.100, 0.100, 0.100, 0.100]
    Layer 16: sigma=[0.100, 0.100, 0.100, 0.100, 0.100, 0.100, 0.100, 0.100, 0.100, 0.100, 0.100, 0.100, 0.100, 0.100, 0.100, 0.100, 0.100, 0.100, 0.100, 0.100, 0.100, 0.100, 0.100, 0.100, 0.100, 0.100, 0.100, 0.339, 0.100, 0.100, 0.100, 0.100]
    Layer 17: sigma=[0.100, 0.100, 0.100, 0.100, 0.100, 0.146, 0.100, 0.100, 0.100, 0.100, 0.100, 0.100, 0.100, 0.100, 0.100, 0.100, 0.150, 0.105, 0.100, 0.415, 0.100, 0.100, 0.100, 0.101, 0.135, 0.100, 0.382, 0.100, 0.100, 0.100, 0.100, 0.100]
    Layer 18: sigma=[0.100, 0.465, 0.100, 0.100, 0.100, 0.100, 0.100, 0.186, 0.100, 0.100, 0.100, 0.100, 0.100, 0.100, 0.100, 0.100, 0.164, 0.100, 0.100, 0.100, 0.100, 0.100, 0.100, 0.100, 0.100, 0.100, 0.100, 0.100, 0.100, 0.100, 0.100, 0.100]
    Layer 19: sigma=[0.100, 0.100, 0.100, 0.100, 0.100, 0.100, 0.100, 0.100, 0.100, 0.100, 0.100, 0.100, 0.164, 0.100, 0.100, 0.190, 0.100, 0.100, 0.100, 0.264, 0.100, 0.100, 0.100, 0.108, 0.100, 0.100, 0.100, 0.100, 0.100, 0.100, 0.100, 0.100]
    Layer 20: sigma=[0.100, 0.100, 0.100, 0.100, 0.100, 0.218, 0.100, 0.100, 0.149, 0.100, 0.100, 0.100, 0.100, 0.100, 0.100, 0.103, 0.100, 0.155, 0.100, 0.100, 0.100, 0.100, 0.100, 0.100, 0.100, 0.100, 0.100, 0.100, 0.100, 0.100, 0.100, 0.100]
    Layer 21: sigma=[0.100, 0.115, 0.100, 0.100, 0.100, 0.100, 0.100, 0.100, 0.100, 0.148, 0.100, 0.271, 0.100, 0.100, 0.116, 0.100, 0.100, 0.100, 0.100, 0.100, 0.100, 0.103, 0.100, 0.100, 0.143, 0.100, 0.100, 0.100, 0.100, 0.100, 0.304, 0.100]
    Layer 22: sigma=[0.159, 0.100, 0.100, 0.100, 0.169, 0.106, 0.103, 0.226, 0.100, 0.100, 0.100, 0.100, 0.100, 0.100, 0.100, 0.100, 0.100, 0.100, 0.100, 0.100, 0.100, 0.100, 0.100, 0.100, 0.100, 0.100, 0.100, 0.100, 0.100, 0.100, 0.100, 0.100]
    Layer 23: sigma=[0.179, 0.223, 0.114, 0.100, 0.100, 0.100, 0.115, 0.100, 0.100, 0.308, 0.100, 0.100, 0.100, 0.100, 0.105, 0.100, 0.100, 0.100, 0.100, 0.100, 0.100, 0.100, 0.100, 0.100, 0.100, 0.100, 0.100, 0.100, 0.100, 0.100, 0.163, 0.226]
    Layer 24: sigma=[0.100, 0.100, 0.100, 0.100, 0.100, 0.100, 0.100, 0.100, 0.100, 0.100, 0.100, 0.100, 0.100, 0.100, 0.100, 0.121, 0.100, 0.100, 0.100, 0.100, 0.100, 0.100, 0.100, 0.100, 0.194, 0.422, 0.100, 0.399, 0.100, 0.100, 0.100, 0.100]
    Layer 25: sigma=[0.100, 0.100, 0.100, 0.100, 0.100, 0.100, 0.100, 0.100, 0.100, 0.100, 0.100, 0.100, 0.100, 0.100, 0.100, 0.100, 0.100, 0.100, 0.100, 0.100, 0.100, 0.100, 0.100, 0.100, 0.100, 0.100, 0.100, 0.100, 0.100, 0.100, 0.100, 0.100]
    Layer 26: sigma=[0.100, 0.100, 0.100, 0.100, 0.100, 0.100, 0.100, 0.100, 0.100, 0.100, 0.100, 0.100, 0.100, 0.100, 0.100, 0.100, 0.100, 0.100, 0.100, 0.100, 0.100, 0.100, 0.100, 0.100, 0.100, 0.100, 0.100, 0.100, 0.100, 0.100, 0.100, 0.100]
    Layer 27: sigma=[0.100, 0.100, 0.100, 0.100, 0.100, 0.100, 0.100, 0.100, 0.100, 0.100, 0.100, 0.100, 0.100, 0.100, 0.100, 0.100, 0.100, 0.100, 0.100, 0.100, 0.100, 0.100, 0.100, 0.100, 0.100, 0.100, 0.100, 0.100, 0.100, 0.100, 0.100, 0.100]
    Layer 28: sigma=[0.100, 0.100, 0.100, 0.100, 0.100, 0.100, 0.100, 0.103, 0.100, 0.100, 0.100, 0.100, 0.100, 0.100, 0.100, 0.100, 0.100, 0.100, 0.100, 0.100, 0.100, 0.100, 0.100, 0.100, 0.100, 0.100, 0.100, 0.100, 0.100, 0.100, 0.100, 0.100]
    Layer 29: sigma=[0.100, 0.100, 0.100, 0.100, 0.100, 0.100, 0.100, 0.100, 0.100, 0.100, 0.100, 0.100, 0.100, 0.100, 0.100, 0.100, 0.100, 0.100, 0.100, 0.100, 0.100, 0.100, 0.100, 0.100, 0.100, 0.100, 0.100, 0.100, 0.100, 0.100, 0.100, 0.100]
    Layer 30: sigma=[0.100, 0.100, 0.100, 0.100, 0.100, 0.100, 0.100, 0.100, 0.100, 0.100, 0.100, 0.100, 0.100, 0.100, 0.100, 0.100, 0.100, 0.100, 0.100, 0.100, 0.100, 0.100, 0.100, 0.100, 0.100, 0.100, 0.100, 0.100, 0.100, 0.100, 0.100, 0.100]
    Layer 31: sigma=[0.100, 0.100, 0.100, 0.100, 0.100, 0.100, 0.100, 0.100, 0.100, 0.100, 0.100, 0.100, 0.100, 0.100, 0.100, 0.100, 0.100, 0.100, 0.100, 0.107, 0.100, 0.100, 0.100, 0.100, 0.100, 0.100, 0.100, 0.100, 0.100, 0.100, 0.100, 0.100]
    Layer 32: sigma=[0.100, 0.100, 0.100, 0.100, 0.100, 0.100, 0.100, 0.100, 0.100, 0.100, 0.100, 0.100, 0.100, 0.100, 0.100, 0.100, 0.100, 0.100, 0.100, 0.100, 0.100, 0.100, 0.100, 0.100, 0.100, 0.100, 0.100, 0.100, 0.100, 0.100, 0.100, 0.100]
    Layer 33: sigma=[0.100, 0.100, 0.100, 0.100, 0.100, 0.100, 0.100, 0.100, 0.100, 0.100, 0.100, 0.100, 0.100, 0.100, 0.100, 0.100, 0.100, 0.100, 0.100, 0.100, 0.100, 0.100, 0.100, 0.100, 0.100, 0.100, 0.100, 0.100, 0.100, 0.100, 0.100, 0.100]
    Layer 34: sigma=[0.100, 0.100, 0.100, 0.100, 0.100, 0.100, 0.100, 0.100, 0.100, 0.100, 0.100, 0.103, 0.100, 0.100, 0.100, 0.100, 0.100, 0.100, 0.100, 0.100, 0.100, 0.100, 0.100, 0.100, 0.100, 0.100, 0.100, 0.100, 0.100, 0.100, 0.100, 0.100]
    Layer 35: sigma=[0.100, 0.100, 0.100, 0.100, 0.100, 0.100, 0.100, 0.100, 0.100, 0.100, 0.100, 0.100, 0.100, 0.100, 0.100, 0.100, 0.100, 0.100, 0.100, 0.100, 0.100, 0.100, 0.130, 0.100, 0.100, 0.100, 0.100, 0.100, 0.100, 0.100, 0.100, 0.100]

  [Taylor Step 3/3] g_proj = v_proj * alpha (damping=0.01)...
    Layer  0: alpha=0.060441  teacher_rms=0.0163  v_rms=0.0027
    Layer  1: alpha=0.060965  teacher_rms=0.0205  v_rms=0.0034
    Layer  2: alpha=0.057042  teacher_rms=0.0214  v_rms=0.0038
    Layer  3: alpha=0.048510  teacher_rms=0.0259  v_rms=0.0053
    Layer  4: alpha=0.047516  teacher_rms=0.0304  v_rms=0.0064
    Layer  5: alpha=0.061900  teacher_rms=0.0409  v_rms=0.0066
    Layer  6: alpha=0.078205  teacher_rms=0.0621  v_rms=0.0079
    Layer  7: alpha=0.045919  teacher_rms=0.0530  v_rms=0.0115
    Layer  8: alpha=0.047734  teacher_rms=0.0708  v_rms=0.0148
    Layer  9: alpha=0.035264  teacher_rms=0.0713  v_rms=0.0202
    Layer 11: alpha=0.061282  teacher_rms=0.1046  v_rms=0.0171
    Layer 12: alpha=0.059893  teacher_rms=0.1207  v_rms=0.0202
    Layer 13: alpha=0.052447  teacher_rms=0.1040  v_rms=0.0198
    Layer 14: alpha=0.064528  teacher_rms=0.1547  v_rms=0.0240
    Layer 15: alpha=0.057049  teacher_rms=0.1576  v_rms=0.0276
    Layer 16: alpha=0.044277  teacher_rms=0.1473  v_rms=0.0333
    Layer 17: alpha=0.044594  teacher_rms=0.1753  v_rms=0.0393
    Layer 18: alpha=0.045155  teacher_rms=0.1990  v_rms=0.0441
    Layer 19: alpha=0.055229  teacher_rms=0.2060  v_rms=0.0373
    Layer 20: alpha=0.055252  teacher_rms=0.1966  v_rms=0.0356
    Layer 21: alpha=0.050323  teacher_rms=0.2373  v_rms=0.0471
    Layer 22: alpha=0.056163  teacher_rms=0.2834  v_rms=0.0505
    Layer 23: alpha=0.051903  teacher_rms=0.3098  v_rms=0.0597
    Layer 24: alpha=0.032369  teacher_rms=0.2897  v_rms=0.0895
    Layer 25: alpha=0.040058  teacher_rms=0.2376  v_rms=0.0593
    Layer 26: alpha=0.029256  teacher_rms=0.2124  v_rms=0.0726
    Layer 27: alpha=0.037093  teacher_rms=0.3083  v_rms=0.0831
    Layer 28: alpha=0.042732  teacher_rms=0.3705  v_rms=0.0867
    Layer 29: alpha=0.017344  teacher_rms=0.2548  v_rms=0.1469
    Layer 30: alpha=0.029045  teacher_rms=0.4297  v_rms=0.1480
    Layer 31: alpha=0.021191  teacher_rms=0.3785  v_rms=0.1786
    Layer 32: alpha=0.023899  teacher_rms=0.5288  v_rms=0.2213
    Layer 33: alpha=0.018560  teacher_rms=0.6404  v_rms=0.3451
    Layer 34: alpha=0.033176  teacher_rms=1.0325  v_rms=0.3112
    Layer 35: alpha=0.059629  teacher_rms=1.0168  v_rms=0.1705

  Set g_proj = v_proj * alpha in 35 GDN layers (damping=0.01).
  Init (taylor_init) done in 334.6s
  Layer 10: PPL = 10987940.00  (eval 17.2s)

============================================================
  Probing layer 11 | strategy=taylor_init
============================================================
Loading checkpoint shards:   0%|          | 0/4 [00:00<?, ?it/s]Loading checkpoint shards: 100%|██████████| 4/4 [00:00<00:00, 147.08it/s]
Could not cache non-existence of file. Will ignore error and continue. Error: [Errno 13] Permission denied: '/data/shared/huggingface/hub/models--Qwen--Qwen3-8B/.no_exist/b968826d9c46dd6066d109eabc6255188de91218/model.safetensors'
Loading checkpoint shards:   0%|          | 0/5 [00:00<?, ?it/s]Loading checkpoint shards: 100%|██████████| 5/5 [00:00<00:00, 49.70it/s]Loading checkpoint shards: 100%|██████████| 5/5 [00:00<00:00, 49.61it/s]
Token indices sequence length is longer than the specified maximum sequence length for this model (2429029 > 131072). Running this sequence through the model will result in indexing errors
  [Taylor Step 1/3] Gate calibration from attention stats...
    Layer  0: dist=[32, 3, 12, 35, 12, 26, 9, 11, 19, 6, 8, 9, 18, 34, 31, 10, 16, 19, 16, 14, 13, 23, 4, 12, 5, 52, 10, 43, 15, 36, 15, 14]
    Layer  1: dist=[19, 38, 25, 44, 3, 15, 31, 11, 45, 36, 65, 60, 34, 47, 51, 38, 32, 54, 57, 33, 56, 24, 40, 40, 37, 9, 44, 41, 83, 31, 37, 49]
    Layer  2: dist=[65, 65, 67, 62, 26, 45, 33, 43, 39, 47, 56, 56, 53, 46, 46, 60, 61, 49, 54, 43, 49, 67, 48, 50, 25, 24, 21, 35, 73, 73, 77, 74]
    Layer  3: dist=[65, 26, 13, 22, 87, 93, 83, 73, 56, 53, 62, 58, 90, 73, 75, 74, 59, 62, 51, 67, 74, 60, 64, 65, 64, 56, 52, 59, 70, 63, 72, 65]
    Layer  4: dist=[62, 63, 73, 67, 73, 56, 61, 89, 68, 69, 63, 60, 55, 55, 71, 61, 62, 65, 67, 70, 64, 61, 47, 64, 41, 51, 48, 34, 51, 66, 55, 55]
    Layer  5: dist=[36, 48, 55, 35, 61, 68, 52, 51, 5, 18, 73, 61, 54, 78, 59, 52, 41, 32, 50, 48, 51, 55, 48, 59, 73, 73, 80, 80, 43, 44, 46, 58]
    Layer  6: dist=[27, 40, 30, 31, 52, 46, 67, 61, 46, 25, 43, 38, 56, 64, 56, 30, 47, 34, 45, 40, 20, 30, 32, 14, 35, 50, 32, 49, 47, 43, 37, 53]
    Layer  7: dist=[55, 60, 64, 87, 126, 114, 127, 121, 88, 119, 99, 72, 108, 23, 53, 97, 80, 101, 85, 81, 106, 86, 112, 116, 64, 78, 47, 86, 97, 101, 101, 106]
    Layer  8: dist=[83, 87, 90, 58, 81, 77, 69, 78, 86, 99, 87, 90, 94, 86, 96, 70, 116, 107, 103, 96, 92, 106, 100, 111, 92, 72, 95, 67, 84, 72, 79, 74]
    Layer  9: dist=[76, 60, 61, 67, 83, 97, 96, 74, 123, 120, 118, 112, 27, 87, 63, 85, 93, 100, 114, 125, 87, 77, 60, 70, 119, 81, 91, 97, 125, 113, 127, 123]
    Layer 10: dist=[76, 71, 58, 74, 85, 102, 64, 74, 63, 88, 106, 49, 88, 67, 82, 86, 87, 102, 100, 107, 88, 60, 107, 90, 93, 107, 84, 77, 76, 65, 82, 90]
    Layer 12: dist=[21, 72, 79, 61, 87, 83, 66, 70, 63, 62, 74, 77, 86, 81, 82, 87, 39, 68, 59, 94, 102, 112, 97, 103, 93, 2, 107, 38, 81, 88, 113, 91]
    Layer 13: dist=[52, 68, 66, 62, 52, 51, 65, 40, 86, 63, 99, 122, 128, 115, 109, 124, 85, 72, 57, 61, 93, 55, 83, 90, 84, 59, 72, 76, 113, 111, 96, 99]
    Layer 14: dist=[44, 64, 65, 46, 62, 45, 64, 65, 54, 57, 70, 68, 69, 76, 65, 67, 77, 86, 51, 64, 65, 31, 51, 81, 52, 67, 73, 64, 85, 88, 8, 89]
    Layer 15: dist=[80, 44, 79, 38, 37, 38, 79, 67, 90, 60, 46, 104, 68, 107, 79, 89, 61, 57, 64, 68, 58, 60, 50, 51, 49, 34, 86, 62, 72, 84, 71, 49]
    Layer 16: dist=[61, 57, 74, 85, 55, 58, 48, 55, 54, 82, 73, 84, 90, 69, 86, 86, 68, 71, 60, 62, 115, 118, 110, 103, 71, 54, 64, 10, 58, 59, 65, 56]
    Layer 17: dist=[111, 95, 79, 67, 53, 57, 39, 47, 90, 108, 79, 100, 40, 57, 71, 74, 44, 61, 61, 42, 75, 98, 93, 97, 58, 55, 57, 52, 53, 79, 93, 67]
    Layer 18: dist=[34, 45, 35, 33, 56, 78, 74, 57, 64, 67, 66, 79, 61, 60, 57, 62, 46, 74, 72, 52, 68, 47, 65, 96, 58, 62, 61, 63, 52, 53, 79, 56]
    Layer 19: dist=[73, 64, 63, 62, 76, 103, 54, 71, 81, 85, 84, 93, 63, 57, 75, 63, 84, 85, 49, 49, 21, 50, 33, 49, 102, 106, 102, 116, 77, 77, 73, 72]
    Layer 20: dist=[89, 79, 80, 77, 78, 51, 49, 57, 40, 36, 43, 39, 92, 79, 87, 96, 45, 51, 56, 39, 73, 111, 101, 98, 125, 97, 105, 85, 93, 79, 108, 108]
    Layer 21: dist=[44, 50, 56, 68, 115, 65, 96, 118, 118, 61, 71, 69, 46, 41, 44, 42, 75, 75, 83, 65, 89, 99, 95, 96, 64, 62, 60, 80, 73, 79, 60, 88]
    Layer 22: dist=[73, 60, 67, 63, 52, 72, 45, 56, 37, 49, 45, 59, 18, 86, 61, 64, 33, 79, 76, 41, 102, 115, 120, 121, 101, 84, 91, 95, 114, 92, 103, 95]
    Layer 23: dist=[39, 30, 48, 39, 110, 111, 41, 102, 79, 36, 45, 63, 75, 72, 79, 77, 82, 75, 74, 94, 72, 93, 82, 76, 78, 72, 68, 100, 91, 90, 83, 78]
    Layer 24: dist=[79, 124, 109, 101, 99, 109, 111, 97, 102, 105, 104, 84, 78, 75, 89, 74, 81, 86, 98, 88, 120, 103, 102, 117, 65, 73, 79, 51, 95, 111, 98, 88]
    Layer 25: dist=[105, 121, 118, 94, 71, 72, 107, 80, 96, 97, 85, 90, 65, 89, 50, 68, 93, 99, 97, 89, 102, 111, 105, 108, 110, 110, 99, 108, 88, 125, 98, 88]
    Layer 26: dist=[80, 88, 106, 68, 115, 113, 113, 110, 102, 107, 105, 98, 100, 124, 116, 116, 86, 93, 99, 95, 102, 113, 122, 114, 99, 97, 102, 93, 115, 96, 114, 95]
    Layer 27: dist=[87, 108, 103, 117, 98, 105, 101, 86, 77, 100, 107, 99, 78, 109, 80, 86, 96, 99, 99, 104, 91, 112, 113, 92, 110, 113, 116, 117, 107, 77, 92, 117]
    Layer 28: dist=[103, 92, 102, 102, 82, 63, 80, 76, 96, 107, 92, 89, 112, 105, 96, 101, 112, 104, 104, 108, 119, 71, 60, 89, 91, 88, 99, 99, 92, 92, 71, 95]
    Layer 29: dist=[113, 114, 114, 113, 90, 112, 94, 114, 119, 113, 122, 105, 120, 120, 119, 120, 116, 106, 115, 121, 123, 123, 107, 125, 100, 114, 97, 92, 106, 95, 106, 109]
    Layer 30: dist=[75, 102, 99, 100, 102, 100, 90, 67, 117, 117, 115, 120, 105, 104, 113, 101, 97, 78, 120, 122, 51, 120, 100, 110, 119, 119, 119, 118, 106, 110, 107, 102]
    Layer 31: dist=[119, 117, 99, 98, 112, 113, 114, 116, 114, 77, 87, 91, 117, 116, 117, 115, 101, 101, 106, 94, 119, 116, 108, 119, 112, 109, 89, 120, 112, 106, 102, 110]
    Layer 32: dist=[110, 114, 114, 111, 116, 119, 116, 117, 110, 111, 117, 115, 93, 113, 108, 91, 118, 106, 109, 111, 123, 92, 114, 120, 71, 95, 80, 105, 116, 107, 99, 103]
    Layer 33: dist=[102, 120, 112, 119, 91, 102, 57, 94, 116, 116, 113, 113, 114, 115, 113, 116, 114, 117, 106, 109, 112, 96, 110, 113, 111, 119, 122, 118, 110, 111, 107, 104]
    Layer 34: dist=[110, 109, 112, 113, 105, 111, 108, 102, 53, 93, 114, 86, 117, 115, 120, 81, 82, 89, 126, 55, 119, 51, 118, 119, 122, 122, 125, 122, 54, 62, 68, 109]
    Layer 35: dist=[105, 123, 71, 97, 82, 36, 112, 100, 85, 94, 112, 96, 63, 28, 49, 40, 98, 74, 84, 48, 90, 102, 55, 54, 66, 49, 68, 72, 73, 115, 122, 117]

  [Taylor Step 2/3] OLS sigma per head (scaling V, streaming)...
    Layer  0: sigma=[0.614, 0.100, 0.100, 0.100, 0.332, 0.380, 0.100, 0.100, 0.100, 0.148, 0.100, 0.100, 0.100, 0.100, 0.100, 0.259, 0.100, 0.100, 0.100, 0.100, 0.100, 0.100, 0.100, 0.100, 0.100, 0.100, 0.350, 0.100, 0.100, 0.100, 0.161, 0.100]
    Layer  1: sigma=[0.351, 0.100, 0.100, 0.100, 0.100, 0.100, 0.100, 0.100, 0.100, 0.162, 0.244, 0.100, 0.100, 0.100, 0.100, 0.100, 0.100, 0.100, 0.100, 0.100, 0.100, 0.100, 0.100, 0.118, 0.100, 0.100, 0.113, 0.100, 0.100, 0.100, 0.100, 0.100]
    Layer  2: sigma=[0.100, 0.100, 0.100, 0.100, 0.100, 0.100, 0.100, 0.100, 0.108, 0.100, 0.100, 0.100, 0.100, 0.144, 0.100, 0.100, 0.100, 0.218, 0.100, 0.100, 0.100, 0.100, 0.100, 0.100, 0.100, 0.172, 0.100, 0.100, 0.100, 0.100, 0.100, 0.100]
    Layer  3: sigma=[0.100, 0.325, 0.100, 0.159, 0.100, 0.100, 0.100, 0.100, 0.100, 0.100, 0.100, 0.100, 0.100, 0.100, 0.100, 0.100, 0.100, 0.100, 0.100, 0.100, 0.100, 0.106, 0.100, 0.100, 0.100, 0.100, 0.100, 0.100, 0.100, 0.100, 0.100, 0.100]
    Layer  4: sigma=[0.100, 0.100, 0.100, 0.100, 0.100, 0.100, 0.100, 0.100, 0.100, 0.100, 0.100, 0.100, 0.100, 0.100, 0.100, 0.100, 0.100, 0.100, 0.100, 0.100, 0.133, 0.139, 0.315, 0.100, 0.100, 0.100, 0.100, 0.100, 0.100, 0.100, 0.100, 0.100]
    Layer  5: sigma=[0.100, 0.100, 0.100, 0.100, 0.100, 0.100, 0.100, 0.100, 0.100, 0.133, 0.100, 0.110, 0.100, 0.100, 0.100, 0.122, 0.100, 0.186, 0.100, 0.100, 0.100, 0.100, 0.100, 0.100, 0.100, 0.100, 0.100, 0.100, 0.100, 0.100, 0.100, 0.100]
    Layer  6: sigma=[0.100, 0.100, 0.100, 0.100, 0.100, 0.100, 0.100, 0.100, 0.100, 0.100, 0.100, 0.100, 0.100, 0.100, 0.100, 0.100, 0.100, 0.100, 0.100, 0.100, 0.151, 0.100, 0.100, 0.100, 0.100, 0.100, 0.100, 0.100, 0.100, 0.100, 0.100, 0.100]
    Layer  7: sigma=[0.100, 0.150, 0.100, 0.100, 0.122, 0.100, 0.100, 0.100, 0.100, 0.100, 0.100, 0.102, 0.100, 0.100, 0.100, 0.100, 0.100, 0.100, 0.100, 0.100, 0.100, 0.100, 0.100, 0.100, 0.100, 0.100, 0.100, 0.100, 0.100, 0.100, 0.100, 0.100]
    Layer  8: sigma=[0.100, 0.100, 0.100, 0.100, 0.100, 0.100, 0.100, 0.100, 0.100, 0.100, 0.100, 0.100, 0.100, 0.100, 0.100, 0.100, 0.100, 0.100, 0.100, 0.100, 0.100, 0.100, 0.100, 0.100, 0.100, 0.100, 0.100, 0.165, 0.100, 0.100, 0.100, 0.100]
    Layer  9: sigma=[0.100, 0.100, 0.100, 0.100, 0.100, 0.100, 0.100, 0.100, 0.100, 0.100, 0.100, 0.100, 0.100, 0.100, 0.492, 0.135, 0.100, 0.100, 0.100, 0.100, 0.100, 0.100, 0.100, 0.100, 0.100, 0.100, 0.100, 0.100, 0.100, 0.100, 0.100, 0.100]
    Layer 10: sigma=[0.100, 0.100, 0.100, 0.100, 0.100, 0.100, 0.100, 0.100, 0.100, 0.100, 0.100, 0.100, 0.100, 0.100, 0.100, 0.100, 0.100, 0.100, 0.100, 0.100, 0.100, 0.100, 0.100, 0.100, 0.100, 0.100, 0.100, 0.100, 0.100, 0.100, 0.100, 0.100]
    Layer 12: sigma=[0.100, 0.100, 0.100, 0.100, 0.100, 0.100, 0.100, 0.100, 0.100, 0.105, 0.100, 0.107, 0.100, 0.100, 0.100, 0.100, 0.100, 0.325, 0.193, 0.100, 0.100, 0.100, 0.100, 0.100, 0.100, 0.100, 0.100, 0.209, 0.100, 0.100, 0.117, 0.100]
    Layer 13: sigma=[0.215, 0.100, 0.100, 0.312, 0.100, 0.100, 0.100, 0.100, 0.100, 0.100, 0.100, 0.100, 0.100, 0.100, 0.100, 0.100, 0.100, 0.100, 0.100, 0.120, 0.100, 0.100, 0.100, 0.100, 0.100, 0.100, 0.100, 0.100, 0.100, 0.100, 0.100, 0.100]
    Layer 14: sigma=[0.100, 0.100, 0.100, 0.100, 0.100, 0.452, 0.100, 0.100, 0.100, 0.100, 0.100, 0.100, 0.100, 0.100, 0.100, 0.100, 0.100, 0.100, 0.100, 0.100, 0.100, 0.100, 0.100, 0.100, 0.131, 0.108, 0.100, 0.100, 0.100, 0.100, 0.100, 0.100]
    Layer 15: sigma=[0.100, 0.156, 0.100, 0.100, 0.100, 0.105, 0.100, 0.100, 0.100, 0.100, 0.100, 0.100, 0.197, 0.100, 0.100, 0.100, 0.100, 0.100, 0.100, 0.100, 0.100, 0.100, 0.100, 0.100, 0.139, 0.100, 0.100, 0.100, 0.100, 0.100, 0.100, 0.100]
    Layer 16: sigma=[0.100, 0.100, 0.100, 0.100, 0.100, 0.100, 0.100, 0.100, 0.100, 0.100, 0.100, 0.100, 0.100, 0.100, 0.100, 0.100, 0.100, 0.100, 0.100, 0.100, 0.100, 0.100, 0.100, 0.100, 0.100, 0.100, 0.100, 0.377, 0.100, 0.100, 0.100, 0.100]
    Layer 17: sigma=[0.100, 0.100, 0.100, 0.100, 0.100, 0.147, 0.100, 0.100, 0.100, 0.100, 0.100, 0.100, 0.100, 0.100, 0.100, 0.100, 0.136, 0.104, 0.100, 0.363, 0.100, 0.100, 0.100, 0.100, 0.147, 0.100, 0.427, 0.100, 0.100, 0.100, 0.100, 0.100]
    Layer 18: sigma=[0.100, 0.446, 0.100, 0.100, 0.100, 0.100, 0.100, 0.201, 0.100, 0.100, 0.100, 0.100, 0.100, 0.100, 0.100, 0.100, 0.112, 0.100, 0.100, 0.100, 0.100, 0.100, 0.100, 0.100, 0.100, 0.100, 0.100, 0.100, 0.100, 0.100, 0.100, 0.100]
    Layer 19: sigma=[0.100, 0.100, 0.100, 0.100, 0.100, 0.100, 0.100, 0.100, 0.100, 0.100, 0.100, 0.100, 0.120, 0.100, 0.100, 0.187, 0.100, 0.100, 0.100, 0.256, 0.100, 0.100, 0.100, 0.104, 0.100, 0.100, 0.100, 0.100, 0.100, 0.100, 0.100, 0.100]
    Layer 20: sigma=[0.100, 0.100, 0.100, 0.100, 0.100, 0.152, 0.100, 0.100, 0.173, 0.111, 0.100, 0.100, 0.100, 0.100, 0.100, 0.132, 0.100, 0.151, 0.100, 0.100, 0.100, 0.100, 0.100, 0.100, 0.100, 0.100, 0.100, 0.100, 0.100, 0.100, 0.100, 0.100]
    Layer 21: sigma=[0.100, 0.139, 0.100, 0.100, 0.100, 0.100, 0.100, 0.100, 0.100, 0.123, 0.100, 0.283, 0.100, 0.100, 0.130, 0.100, 0.100, 0.100, 0.100, 0.100, 0.100, 0.112, 0.100, 0.100, 0.181, 0.100, 0.100, 0.100, 0.100, 0.100, 0.231, 0.100]
    Layer 22: sigma=[0.169, 0.100, 0.100, 0.100, 0.170, 0.116, 0.100, 0.279, 0.135, 0.100, 0.100, 0.100, 0.100, 0.100, 0.100, 0.106, 0.100, 0.100, 0.100, 0.100, 0.100, 0.100, 0.100, 0.100, 0.100, 0.100, 0.100, 0.100, 0.100, 0.100, 0.100, 0.100]
    Layer 23: sigma=[0.171, 0.235, 0.216, 0.100, 0.100, 0.100, 0.100, 0.100, 0.100, 0.276, 0.100, 0.100, 0.100, 0.100, 0.100, 0.100, 0.100, 0.100, 0.100, 0.100, 0.100, 0.100, 0.100, 0.100, 0.100, 0.100, 0.100, 0.100, 0.100, 0.100, 0.144, 0.236]
    Layer 24: sigma=[0.100, 0.100, 0.100, 0.100, 0.100, 0.100, 0.100, 0.100, 0.100, 0.100, 0.100, 0.100, 0.100, 0.100, 0.100, 0.129, 0.100, 0.100, 0.100, 0.100, 0.100, 0.100, 0.100, 0.100, 0.230, 0.363, 0.100, 0.377, 0.100, 0.100, 0.100, 0.100]
    Layer 25: sigma=[0.100, 0.100, 0.100, 0.100, 0.100, 0.100, 0.100, 0.100, 0.100, 0.100, 0.100, 0.100, 0.100, 0.100, 0.102, 0.100, 0.100, 0.100, 0.100, 0.100, 0.100, 0.100, 0.100, 0.100, 0.100, 0.100, 0.100, 0.100, 0.100, 0.100, 0.100, 0.100]
    Layer 26: sigma=[0.100, 0.100, 0.100, 0.100, 0.100, 0.100, 0.100, 0.100, 0.100, 0.100, 0.100, 0.100, 0.100, 0.100, 0.100, 0.100, 0.100, 0.100, 0.100, 0.100, 0.100, 0.100, 0.100, 0.100, 0.100, 0.100, 0.100, 0.100, 0.100, 0.100, 0.100, 0.100]
    Layer 27: sigma=[0.100, 0.100, 0.100, 0.100, 0.100, 0.100, 0.100, 0.100, 0.100, 0.100, 0.100, 0.100, 0.100, 0.100, 0.100, 0.100, 0.100, 0.100, 0.100, 0.100, 0.100, 0.100, 0.100, 0.100, 0.100, 0.100, 0.100, 0.100, 0.100, 0.110, 0.100, 0.100]
    Layer 28: sigma=[0.100, 0.100, 0.100, 0.100, 0.100, 0.100, 0.100, 0.100, 0.100, 0.100, 0.100, 0.100, 0.100, 0.100, 0.100, 0.100, 0.100, 0.100, 0.100, 0.100, 0.100, 0.100, 0.100, 0.100, 0.100, 0.100, 0.100, 0.100, 0.100, 0.100, 0.100, 0.100]
    Layer 29: sigma=[0.100, 0.100, 0.100, 0.100, 0.100, 0.100, 0.100, 0.100, 0.100, 0.100, 0.100, 0.100, 0.100, 0.100, 0.100, 0.100, 0.100, 0.100, 0.100, 0.100, 0.100, 0.100, 0.100, 0.100, 0.100, 0.100, 0.100, 0.100, 0.100, 0.100, 0.100, 0.100]
    Layer 30: sigma=[0.100, 0.100, 0.100, 0.100, 0.100, 0.100, 0.100, 0.100, 0.100, 0.100, 0.100, 0.100, 0.100, 0.100, 0.100, 0.100, 0.100, 0.100, 0.100, 0.100, 0.100, 0.100, 0.100, 0.100, 0.100, 0.100, 0.100, 0.100, 0.100, 0.100, 0.100, 0.100]
    Layer 31: sigma=[0.100, 0.100, 0.100, 0.100, 0.100, 0.100, 0.100, 0.100, 0.100, 0.100, 0.100, 0.100, 0.100, 0.100, 0.100, 0.100, 0.100, 0.100, 0.100, 0.100, 0.100, 0.100, 0.100, 0.100, 0.100, 0.100, 0.100, 0.100, 0.100, 0.100, 0.100, 0.100]
    Layer 32: sigma=[0.100, 0.100, 0.100, 0.100, 0.100, 0.100, 0.100, 0.100, 0.100, 0.100, 0.100, 0.100, 0.100, 0.100, 0.100, 0.100, 0.100, 0.100, 0.100, 0.100, 0.100, 0.100, 0.100, 0.100, 0.100, 0.100, 0.100, 0.100, 0.100, 0.100, 0.100, 0.100]
    Layer 33: sigma=[0.100, 0.100, 0.100, 0.100, 0.100, 0.100, 0.100, 0.100, 0.100, 0.100, 0.100, 0.100, 0.100, 0.100, 0.100, 0.100, 0.100, 0.100, 0.100, 0.100, 0.100, 0.100, 0.100, 0.100, 0.100, 0.100, 0.100, 0.100, 0.100, 0.100, 0.100, 0.100]
    Layer 34: sigma=[0.100, 0.100, 0.100, 0.100, 0.100, 0.100, 0.100, 0.100, 0.100, 0.100, 0.100, 0.239, 0.100, 0.100, 0.100, 0.100, 0.100, 0.100, 0.100, 0.100, 0.100, 0.100, 0.100, 0.100, 0.100, 0.100, 0.100, 0.100, 0.100, 0.100, 0.100, 0.100]
    Layer 35: sigma=[0.100, 0.100, 0.100, 0.100, 0.100, 0.100, 0.100, 0.100, 0.100, 0.100, 0.100, 0.100, 0.100, 0.100, 0.100, 0.100, 0.100, 0.100, 0.100, 0.100, 0.100, 0.100, 0.166, 0.100, 0.100, 0.100, 0.100, 0.100, 0.100, 0.100, 0.100, 0.100]

  [Taylor Step 3/3] g_proj = v_proj * alpha (damping=0.01)...
    Layer  0: alpha=0.060472  teacher_rms=0.0163  v_rms=0.0027
    Layer  1: alpha=0.060974  teacher_rms=0.0205  v_rms=0.0034
    Layer  2: alpha=0.057043  teacher_rms=0.0214  v_rms=0.0038
    Layer  3: alpha=0.048622  teacher_rms=0.0259  v_rms=0.0053
    Layer  4: alpha=0.047432  teacher_rms=0.0304  v_rms=0.0064
    Layer  5: alpha=0.061729  teacher_rms=0.0409  v_rms=0.0066
    Layer  6: alpha=0.078513  teacher_rms=0.0621  v_rms=0.0079
    Layer  7: alpha=0.045938  teacher_rms=0.0530  v_rms=0.0115
    Layer  8: alpha=0.047717  teacher_rms=0.0708  v_rms=0.0148
    Layer  9: alpha=0.037538  teacher_rms=0.0713  v_rms=0.0190
    Layer 10: alpha=0.051225  teacher_rms=0.1092  v_rms=0.0213
    Layer 12: alpha=0.059443  teacher_rms=0.1207  v_rms=0.0203
    Layer 13: alpha=0.053756  teacher_rms=0.1040  v_rms=0.0193
    Layer 14: alpha=0.061800  teacher_rms=0.1547  v_rms=0.0250
    Layer 15: alpha=0.058737  teacher_rms=0.1576  v_rms=0.0268
    Layer 16: alpha=0.043247  teacher_rms=0.1473  v_rms=0.0341
    Layer 17: alpha=0.043886  teacher_rms=0.1753  v_rms=0.0399
    Layer 18: alpha=0.046216  teacher_rms=0.1990  v_rms=0.0431
    Layer 19: alpha=0.056593  teacher_rms=0.2060  v_rms=0.0364
    Layer 20: alpha=0.056565  teacher_rms=0.1966  v_rms=0.0348
    Layer 21: alpha=0.051793  teacher_rms=0.2373  v_rms=0.0458
    Layer 22: alpha=0.053740  teacher_rms=0.2834  v_rms=0.0527
    Layer 23: alpha=0.051423  teacher_rms=0.3098  v_rms=0.0602
    Layer 24: alpha=0.033512  teacher_rms=0.2897  v_rms=0.0864
    Layer 25: alpha=0.040034  teacher_rms=0.2376  v_rms=0.0593
    Layer 26: alpha=0.029256  teacher_rms=0.2124  v_rms=0.0726
    Layer 27: alpha=0.037000  teacher_rms=0.3083  v_rms=0.0833
    Layer 28: alpha=0.042758  teacher_rms=0.3705  v_rms=0.0867
    Layer 29: alpha=0.017344  teacher_rms=0.2548  v_rms=0.1469
    Layer 30: alpha=0.029045  teacher_rms=0.4297  v_rms=0.1480
    Layer 31: alpha=0.021214  teacher_rms=0.3785  v_rms=0.1784
    Layer 32: alpha=0.023899  teacher_rms=0.5288  v_rms=0.2213
    Layer 33: alpha=0.018560  teacher_rms=0.6404  v_rms=0.3451
    Layer 34: alpha=0.031939  teacher_rms=1.0325  v_rms=0.3233
    Layer 35: alpha=0.058891  teacher_rms=1.0168  v_rms=0.1727

  Set g_proj = v_proj * alpha in 35 GDN layers (damping=0.01).
  Init (taylor_init) done in 401.0s
  Layer 11: PPL = 10064156.00  (eval 22.9s)

============================================================
  Probing layer 12 | strategy=taylor_init
============================================================
Loading checkpoint shards:   0%|          | 0/4 [00:00<?, ?it/s]Loading checkpoint shards: 100%|██████████| 4/4 [00:00<00:00, 53.21it/s]
Could not cache non-existence of file. Will ignore error and continue. Error: [Errno 13] Permission denied: '/data/shared/huggingface/hub/models--Qwen--Qwen3-8B/.no_exist/b968826d9c46dd6066d109eabc6255188de91218/model.safetensors'
Loading checkpoint shards:   0%|          | 0/5 [00:00<?, ?it/s]Loading checkpoint shards: 100%|██████████| 5/5 [00:00<00:00, 185.12it/s]
Token indices sequence length is longer than the specified maximum sequence length for this model (2429029 > 131072). Running this sequence through the model will result in indexing errors
  [Taylor Step 1/3] Gate calibration from attention stats...
    Layer  0: dist=[32, 3, 12, 35, 12, 26, 9, 11, 19, 6, 8, 9, 18, 34, 31, 10, 16, 19, 16, 14, 13, 23, 4, 12, 5, 52, 10, 43, 15, 36, 15, 14]
    Layer  1: dist=[19, 38, 25, 44, 3, 15, 31, 11, 45, 36, 65, 60, 34, 47, 51, 38, 32, 54, 57, 33, 56, 24, 40, 40, 37, 9, 44, 41, 83, 31, 37, 49]
    Layer  2: dist=[65, 65, 67, 62, 26, 45, 33, 43, 39, 47, 56, 56, 53, 46, 46, 60, 61, 49, 54, 43, 49, 67, 48, 50, 25, 24, 21, 35, 73, 73, 77, 74]
    Layer  3: dist=[65, 26, 13, 22, 87, 93, 83, 73, 56, 53, 62, 58, 90, 73, 75, 74, 59, 62, 51, 67, 74, 60, 64, 65, 64, 56, 52, 59, 70, 63, 72, 65]
    Layer  4: dist=[62, 63, 73, 67, 73, 56, 61, 89, 68, 69, 63, 60, 55, 55, 71, 61, 62, 65, 67, 70, 64, 61, 47, 64, 41, 51, 48, 34, 51, 66, 55, 55]
    Layer  5: dist=[36, 48, 55, 35, 61, 68, 52, 51, 5, 18, 73, 61, 54, 78, 59, 52, 41, 32, 50, 48, 51, 55, 48, 59, 73, 73, 80, 80, 43, 44, 46, 58]
    Layer  6: dist=[27, 40, 30, 31, 52, 46, 67, 61, 46, 25, 43, 38, 56, 64, 56, 30, 47, 34, 45, 40, 20, 30, 32, 14, 35, 50, 32, 49, 47, 43, 37, 53]
    Layer  7: dist=[55, 60, 64, 87, 126, 114, 127, 121, 88, 119, 99, 72, 108, 23, 53, 97, 80, 101, 85, 81, 106, 86, 112, 116, 64, 78, 47, 86, 97, 101, 101, 106]
    Layer  8: dist=[83, 87, 90, 58, 81, 77, 69, 78, 86, 99, 87, 90, 94, 86, 96, 70, 116, 107, 103, 96, 92, 106, 100, 111, 92, 72, 95, 67, 84, 72, 79, 74]
    Layer  9: dist=[76, 60, 61, 67, 83, 97, 96, 74, 123, 120, 118, 112, 27, 87, 63, 85, 93, 100, 114, 125, 87, 77, 60, 70, 119, 81, 91, 97, 125, 113, 127, 123]
    Layer 10: dist=[76, 71, 58, 74, 85, 102, 64, 74, 63, 88, 106, 49, 88, 67, 82, 86, 87, 102, 100, 107, 88, 60, 107, 90, 93, 107, 84, 77, 76, 65, 82, 90]
    Layer 11: dist=[78, 65, 79, 48, 53, 61, 78, 77, 102, 123, 109, 93, 82, 64, 65, 69, 69, 63, 61, 51, 77, 107, 89, 87, 67, 59, 56, 54, 95, 55, 55, 94]
    Layer 13: dist=[52, 68, 66, 62, 52, 51, 65, 40, 86, 63, 99, 122, 128, 115, 109, 124, 85, 72, 57, 61, 93, 55, 83, 90, 84, 59, 72, 76, 113, 111, 96, 99]
    Layer 14: dist=[44, 64, 65, 46, 62, 45, 64, 65, 54, 57, 70, 68, 69, 76, 65, 67, 77, 86, 51, 64, 65, 31, 51, 81, 52, 67, 73, 64, 85, 88, 8, 89]
    Layer 15: dist=[80, 44, 79, 38, 37, 38, 79, 67, 90, 60, 46, 104, 68, 107, 79, 89, 61, 57, 64, 68, 58, 60, 50, 51, 49, 34, 86, 62, 72, 84, 71, 49]
    Layer 16: dist=[61, 57, 74, 85, 55, 58, 48, 55, 54, 82, 73, 84, 90, 69, 86, 86, 68, 71, 60, 62, 115, 118, 110, 103, 71, 54, 64, 10, 58, 59, 65, 56]
    Layer 17: dist=[111, 95, 79, 67, 53, 57, 39, 47, 90, 108, 79, 100, 40, 57, 71, 74, 44, 61, 61, 42, 75, 98, 93, 97, 58, 55, 57, 52, 53, 79, 93, 67]
    Layer 18: dist=[34, 45, 35, 33, 56, 78, 74, 57, 64, 67, 66, 79, 61, 60, 57, 62, 46, 74, 72, 52, 68, 47, 65, 96, 58, 62, 61, 63, 52, 53, 79, 56]
    Layer 19: dist=[73, 64, 63, 62, 76, 103, 54, 71, 81, 85, 84, 93, 63, 57, 75, 63, 84, 85, 49, 49, 21, 50, 33, 49, 102, 106, 102, 116, 77, 77, 73, 72]
    Layer 20: dist=[89, 79, 80, 77, 78, 51, 49, 57, 40, 36, 43, 39, 92, 79, 87, 96, 45, 51, 56, 39, 73, 111, 101, 98, 125, 97, 105, 85, 93, 79, 108, 108]
    Layer 21: dist=[44, 50, 56, 68, 115, 65, 96, 118, 118, 61, 71, 69, 46, 41, 44, 42, 75, 75, 83, 65, 89, 99, 95, 96, 64, 62, 60, 80, 73, 79, 60, 88]
    Layer 22: dist=[73, 60, 67, 63, 52, 72, 45, 56, 37, 49, 45, 59, 18, 86, 61, 64, 33, 79, 76, 41, 102, 115, 120, 121, 101, 84, 91, 95, 114, 92, 103, 95]
    Layer 23: dist=[39, 30, 48, 39, 110, 111, 41, 102, 79, 36, 45, 63, 75, 72, 79, 77, 82, 75, 74, 94, 72, 93, 82, 76, 78, 72, 68, 100, 91, 90, 83, 78]
    Layer 24: dist=[79, 124, 109, 101, 99, 109, 111, 97, 102, 105, 104, 84, 78, 75, 89, 74, 81, 86, 98, 88, 120, 103, 102, 117, 65, 73, 79, 51, 95, 111, 98, 88]
    Layer 25: dist=[105, 121, 118, 94, 71, 72, 107, 80, 96, 97, 85, 90, 65, 89, 50, 68, 93, 99, 97, 89, 102, 111, 105, 108, 110, 110, 99, 108, 88, 125, 98, 88]
    Layer 26: dist=[80, 88, 106, 68, 115, 113, 113, 110, 102, 107, 105, 98, 100, 124, 116, 116, 86, 93, 99, 95, 102, 113, 122, 114, 99, 97, 102, 93, 115, 96, 114, 95]
    Layer 27: dist=[87, 108, 103, 117, 98, 105, 101, 86, 77, 100, 107, 99, 78, 109, 80, 86, 96, 99, 99, 104, 91, 112, 113, 92, 110, 113, 116, 117, 107, 77, 92, 117]
    Layer 28: dist=[103, 92, 102, 102, 82, 63, 80, 76, 96, 107, 92, 89, 112, 105, 96, 101, 112, 104, 104, 108, 119, 71, 60, 89, 91, 88, 99, 99, 92, 92, 71, 95]
    Layer 29: dist=[113, 114, 114, 113, 90, 112, 94, 114, 119, 113, 122, 105, 120, 120, 119, 120, 116, 106, 115, 121, 123, 123, 107, 125, 100, 114, 97, 92, 106, 95, 106, 109]
    Layer 30: dist=[75, 102, 99, 100, 102, 100, 90, 67, 117, 117, 115, 120, 105, 104, 113, 101, 97, 78, 120, 122, 51, 120, 100, 110, 119, 119, 119, 118, 106, 110, 107, 102]
    Layer 31: dist=[119, 117, 99, 98, 112, 113, 114, 116, 114, 77, 87, 91, 117, 116, 117, 115, 101, 101, 106, 94, 119, 116, 108, 119, 112, 109, 89, 120, 112, 106, 102, 110]
    Layer 32: dist=[110, 114, 114, 111, 116, 119, 116, 117, 110, 111, 117, 115, 93, 113, 108, 91, 118, 106, 109, 111, 123, 92, 114, 120, 71, 95, 80, 105, 116, 107, 99, 103]
    Layer 33: dist=[102, 120, 112, 119, 91, 102, 57, 94, 116, 116, 113, 113, 114, 115, 113, 116, 114, 117, 106, 109, 112, 96, 110, 113, 111, 119, 122, 118, 110, 111, 107, 104]
    Layer 34: dist=[110, 109, 112, 113, 105, 111, 108, 102, 53, 93, 114, 86, 117, 115, 120, 81, 82, 89, 126, 55, 119, 51, 118, 119, 122, 122, 125, 122, 54, 62, 68, 109]
    Layer 35: dist=[105, 123, 71, 97, 82, 36, 112, 100, 85, 94, 112, 96, 63, 28, 49, 40, 98, 74, 84, 48, 90, 102, 55, 54, 66, 49, 68, 72, 73, 115, 122, 117]

  [Taylor Step 2/3] OLS sigma per head (scaling V, streaming)...
    Layer  0: sigma=[0.614, 0.100, 0.100, 0.100, 0.333, 0.381, 0.100, 0.100, 0.100, 0.149, 0.100, 0.100, 0.100, 0.100, 0.100, 0.258, 0.100, 0.100, 0.100, 0.100, 0.100, 0.100, 0.100, 0.100, 0.100, 0.100, 0.353, 0.100, 0.100, 0.100, 0.161, 0.100]
    Layer  1: sigma=[0.351, 0.100, 0.100, 0.100, 0.100, 0.100, 0.100, 0.100, 0.100, 0.163, 0.245, 0.100, 0.100, 0.100, 0.100, 0.100, 0.100, 0.100, 0.100, 0.100, 0.100, 0.100, 0.100, 0.115, 0.100, 0.100, 0.114, 0.100, 0.100, 0.100, 0.100, 0.100]
    Layer  2: sigma=[0.100, 0.100, 0.100, 0.100, 0.100, 0.100, 0.100, 0.100, 0.109, 0.100, 0.100, 0.100, 0.100, 0.147, 0.100, 0.100, 0.100, 0.220, 0.100, 0.100, 0.100, 0.100, 0.100, 0.100, 0.100, 0.171, 0.100, 0.100, 0.100, 0.100, 0.100, 0.100]
    Layer  3: sigma=[0.100, 0.325, 0.100, 0.156, 0.100, 0.100, 0.100, 0.100, 0.100, 0.100, 0.100, 0.100, 0.100, 0.100, 0.100, 0.100, 0.100, 0.100, 0.100, 0.100, 0.100, 0.105, 0.100, 0.100, 0.100, 0.100, 0.100, 0.100, 0.100, 0.100, 0.100, 0.100]
    Layer  4: sigma=[0.100, 0.100, 0.100, 0.100, 0.100, 0.100, 0.100, 0.100, 0.100, 0.100, 0.100, 0.100, 0.100, 0.100, 0.100, 0.100, 0.100, 0.100, 0.100, 0.100, 0.133, 0.139, 0.318, 0.100, 0.100, 0.100, 0.100, 0.100, 0.100, 0.100, 0.100, 0.100]
    Layer  5: sigma=[0.100, 0.100, 0.100, 0.100, 0.100, 0.100, 0.100, 0.100, 0.100, 0.128, 0.100, 0.111, 0.100, 0.100, 0.100, 0.121, 0.100, 0.175, 0.100, 0.100, 0.100, 0.100, 0.100, 0.100, 0.100, 0.100, 0.100, 0.100, 0.100, 0.100, 0.100, 0.100]
    Layer  6: sigma=[0.100, 0.100, 0.100, 0.100, 0.100, 0.100, 0.100, 0.100, 0.100, 0.100, 0.100, 0.100, 0.100, 0.100, 0.100, 0.100, 0.100, 0.100, 0.100, 0.100, 0.158, 0.100, 0.100, 0.100, 0.100, 0.100, 0.100, 0.100, 0.100, 0.100, 0.100, 0.100]
    Layer  7: sigma=[0.100, 0.147, 0.100, 0.100, 0.106, 0.100, 0.100, 0.100, 0.100, 0.100, 0.100, 0.100, 0.100, 0.100, 0.100, 0.100, 0.100, 0.100, 0.100, 0.100, 0.100, 0.100, 0.100, 0.100, 0.100, 0.100, 0.100, 0.100, 0.100, 0.100, 0.100, 0.100]
    Layer  8: sigma=[0.100, 0.100, 0.100, 0.100, 0.100, 0.100, 0.100, 0.100, 0.100, 0.100, 0.100, 0.100, 0.100, 0.100, 0.100, 0.100, 0.100, 0.100, 0.100, 0.100, 0.100, 0.100, 0.100, 0.100, 0.100, 0.100, 0.100, 0.183, 0.100, 0.100, 0.100, 0.100]
    Layer  9: sigma=[0.100, 0.100, 0.100, 0.100, 0.100, 0.100, 0.100, 0.100, 0.100, 0.100, 0.100, 0.100, 0.100, 0.100, 0.593, 0.133, 0.100, 0.100, 0.100, 0.100, 0.100, 0.100, 0.100, 0.100, 0.100, 0.100, 0.100, 0.100, 0.100, 0.100, 0.100, 0.100]
    Layer 10: sigma=[0.100, 0.100, 0.100, 0.100, 0.100, 0.100, 0.100, 0.100, 0.100, 0.100, 0.100, 0.100, 0.100, 0.100, 0.100, 0.100, 0.100, 0.100, 0.100, 0.100, 0.100, 0.100, 0.100, 0.100, 0.100, 0.100, 0.100, 0.100, 0.100, 0.100, 0.100, 0.100]
    Layer 11: sigma=[0.100, 0.100, 0.100, 0.100, 0.140, 0.100, 0.100, 0.100, 0.100, 0.107, 0.100, 0.100, 0.100, 0.100, 0.230, 0.100, 0.100, 0.100, 0.100, 0.100, 0.100, 0.100, 0.100, 0.100, 0.100, 0.100, 0.171, 0.100, 0.100, 0.100, 0.100, 0.100]
    Layer 13: sigma=[0.224, 0.100, 0.100, 0.330, 0.100, 0.100, 0.100, 0.100, 0.100, 0.100, 0.100, 0.100, 0.100, 0.100, 0.100, 0.100, 0.100, 0.100, 0.100, 0.106, 0.100, 0.100, 0.100, 0.100, 0.100, 0.100, 0.100, 0.100, 0.100, 0.100, 0.100, 0.100]
    Layer 14: sigma=[0.100, 0.100, 0.100, 0.100, 0.100, 0.450, 0.100, 0.100, 0.100, 0.100, 0.100, 0.100, 0.100, 0.100, 0.100, 0.100, 0.100, 0.100, 0.100, 0.100, 0.100, 0.100, 0.100, 0.100, 0.110, 0.117, 0.100, 0.100, 0.100, 0.100, 0.100, 0.100]
    Layer 15: sigma=[0.100, 0.197, 0.100, 0.100, 0.100, 0.114, 0.100, 0.100, 0.100, 0.100, 0.100, 0.100, 0.216, 0.100, 0.100, 0.100, 0.100, 0.100, 0.100, 0.100, 0.100, 0.100, 0.100, 0.100, 0.146, 0.100, 0.100, 0.100, 0.100, 0.100, 0.100, 0.100]
    Layer 16: sigma=[0.100, 0.100, 0.100, 0.100, 0.100, 0.100, 0.100, 0.100, 0.100, 0.100, 0.100, 0.100, 0.100, 0.100, 0.100, 0.100, 0.100, 0.100, 0.100, 0.100, 0.100, 0.100, 0.100, 0.100, 0.100, 0.100, 0.100, 0.423, 0.100, 0.100, 0.100, 0.100]
    Layer 17: sigma=[0.100, 0.100, 0.100, 0.100, 0.100, 0.139, 0.100, 0.100, 0.100, 0.100, 0.100, 0.100, 0.100, 0.100, 0.100, 0.100, 0.117, 0.114, 0.100, 0.374, 0.100, 0.100, 0.100, 0.104, 0.155, 0.100, 0.407, 0.100, 0.100, 0.100, 0.100, 0.100]
    Layer 18: sigma=[0.100, 0.471, 0.100, 0.100, 0.100, 0.100, 0.100, 0.200, 0.100, 0.100, 0.100, 0.100, 0.100, 0.100, 0.100, 0.100, 0.171, 0.100, 0.100, 0.100, 0.100, 0.100, 0.100, 0.100, 0.100, 0.100, 0.100, 0.100, 0.100, 0.100, 0.100, 0.100]
    Layer 19: sigma=[0.100, 0.100, 0.100, 0.100, 0.100, 0.100, 0.100, 0.100, 0.100, 0.100, 0.100, 0.100, 0.129, 0.100, 0.100, 0.183, 0.100, 0.100, 0.100, 0.284, 0.100, 0.100, 0.100, 0.120, 0.100, 0.100, 0.100, 0.100, 0.100, 0.100, 0.100, 0.100]
    Layer 20: sigma=[0.100, 0.100, 0.100, 0.100, 0.100, 0.164, 0.100, 0.100, 0.147, 0.100, 0.100, 0.100, 0.100, 0.100, 0.100, 0.116, 0.100, 0.133, 0.100, 0.100, 0.100, 0.100, 0.100, 0.100, 0.100, 0.100, 0.100, 0.100, 0.100, 0.100, 0.100, 0.100]
    Layer 21: sigma=[0.100, 0.174, 0.100, 0.100, 0.100, 0.100, 0.100, 0.100, 0.100, 0.180, 0.100, 0.275, 0.100, 0.100, 0.131, 0.100, 0.100, 0.100, 0.100, 0.100, 0.100, 0.106, 0.100, 0.100, 0.164, 0.100, 0.100, 0.100, 0.100, 0.100, 0.324, 0.100]
    Layer 22: sigma=[0.136, 0.100, 0.100, 0.100, 0.176, 0.103, 0.100, 0.185, 0.112, 0.100, 0.100, 0.100, 0.100, 0.100, 0.100, 0.105, 0.100, 0.100, 0.100, 0.100, 0.100, 0.100, 0.100, 0.100, 0.100, 0.100, 0.100, 0.100, 0.100, 0.100, 0.100, 0.100]
    Layer 23: sigma=[0.167, 0.265, 0.132, 0.100, 0.100, 0.100, 0.117, 0.100, 0.100, 0.275, 0.100, 0.100, 0.100, 0.100, 0.104, 0.100, 0.100, 0.100, 0.100, 0.100, 0.100, 0.100, 0.100, 0.100, 0.100, 0.100, 0.100, 0.100, 0.100, 0.100, 0.166, 0.219]
    Layer 24: sigma=[0.100, 0.100, 0.100, 0.100, 0.100, 0.100, 0.100, 0.100, 0.100, 0.100, 0.100, 0.100, 0.100, 0.100, 0.100, 0.137, 0.100, 0.100, 0.100, 0.100, 0.100, 0.100, 0.100, 0.100, 0.338, 0.347, 0.100, 0.314, 0.100, 0.100, 0.100, 0.100]
    Layer 25: sigma=[0.100, 0.100, 0.100, 0.100, 0.100, 0.100, 0.100, 0.100, 0.100, 0.100, 0.100, 0.100, 0.100, 0.100, 0.100, 0.100, 0.100, 0.100, 0.100, 0.100, 0.100, 0.100, 0.100, 0.100, 0.100, 0.100, 0.100, 0.100, 0.100, 0.100, 0.100, 0.100]
    Layer 26: sigma=[0.100, 0.100, 0.100, 0.100, 0.100, 0.100, 0.100, 0.100, 0.100, 0.100, 0.100, 0.100, 0.100, 0.100, 0.100, 0.100, 0.100, 0.100, 0.100, 0.100, 0.100, 0.100, 0.100, 0.100, 0.100, 0.100, 0.100, 0.100, 0.100, 0.100, 0.100, 0.100]
    Layer 27: sigma=[0.100, 0.100, 0.100, 0.100, 0.100, 0.100, 0.100, 0.100, 0.100, 0.100, 0.100, 0.100, 0.100, 0.100, 0.100, 0.100, 0.100, 0.100, 0.100, 0.100, 0.100, 0.100, 0.100, 0.100, 0.100, 0.100, 0.100, 0.100, 0.100, 0.108, 0.100, 0.100]
    Layer 28: sigma=[0.100, 0.100, 0.100, 0.100, 0.100, 0.100, 0.100, 0.190, 0.100, 0.100, 0.100, 0.100, 0.100, 0.100, 0.100, 0.100, 0.100, 0.100, 0.100, 0.100, 0.100, 0.100, 0.100, 0.100, 0.100, 0.100, 0.100, 0.100, 0.100, 0.100, 0.100, 0.100]
    Layer 29: sigma=[0.100, 0.100, 0.100, 0.100, 0.100, 0.100, 0.100, 0.100, 0.100, 0.100, 0.100, 0.100, 0.100, 0.100, 0.100, 0.100, 0.100, 0.100, 0.100, 0.100, 0.100, 0.100, 0.100, 0.100, 0.100, 0.100, 0.100, 0.100, 0.100, 0.100, 0.100, 0.100]
    Layer 30: sigma=[0.100, 0.100, 0.100, 0.100, 0.100, 0.100, 0.100, 0.100, 0.100, 0.100, 0.100, 0.100, 0.100, 0.100, 0.100, 0.100, 0.100, 0.100, 0.100, 0.100, 0.100, 0.100, 0.100, 0.100, 0.100, 0.100, 0.100, 0.100, 0.100, 0.100, 0.100, 0.100]
    Layer 31: sigma=[0.100, 0.100, 0.100, 0.100, 0.100, 0.100, 0.100, 0.100, 0.100, 0.100, 0.100, 0.100, 0.100, 0.100, 0.100, 0.100, 0.100, 0.100, 0.100, 0.100, 0.100, 0.100, 0.100, 0.100, 0.100, 0.100, 0.100, 0.100, 0.100, 0.100, 0.100, 0.100]
    Layer 32: sigma=[0.100, 0.100, 0.100, 0.100, 0.100, 0.100, 0.100, 0.100, 0.100, 0.100, 0.100, 0.100, 0.100, 0.100, 0.100, 0.100, 0.100, 0.100, 0.100, 0.100, 0.100, 0.100, 0.100, 0.100, 0.100, 0.100, 0.100, 0.100, 0.100, 0.100, 0.100, 0.100]
    Layer 33: sigma=[0.100, 0.100, 0.100, 0.100, 0.100, 0.100, 0.100, 0.100, 0.100, 0.100, 0.100, 0.100, 0.100, 0.100, 0.100, 0.100, 0.100, 0.100, 0.100, 0.100, 0.100, 0.100, 0.100, 0.100, 0.100, 0.100, 0.100, 0.100, 0.100, 0.100, 0.100, 0.100]
    Layer 34: sigma=[0.100, 0.100, 0.100, 0.100, 0.100, 0.100, 0.100, 0.100, 0.100, 0.100, 0.100, 0.178, 0.100, 0.100, 0.100, 0.100, 0.100, 0.100, 0.100, 0.100, 0.100, 0.100, 0.100, 0.100, 0.100, 0.100, 0.100, 0.100, 0.100, 0.100, 0.100, 0.100]
    Layer 35: sigma=[0.100, 0.100, 0.100, 0.100, 0.107, 0.100, 0.100, 0.100, 0.100, 0.100, 0.100, 0.100, 0.100, 0.100, 0.100, 0.100, 0.100, 0.100, 0.100, 0.100, 0.100, 0.100, 0.127, 0.100, 0.100, 0.100, 0.100, 0.100, 0.100, 0.100, 0.100, 0.100]

  [Taylor Step 3/3] g_proj = v_proj * alpha (damping=0.01)...
    Layer  0: alpha=0.060411  teacher_rms=0.0163  v_rms=0.0027
    Layer  1: alpha=0.060955  teacher_rms=0.0205  v_rms=0.0034
    Layer  2: alpha=0.056974  teacher_rms=0.0214  v_rms=0.0038
    Layer  3: alpha=0.048685  teacher_rms=0.0259  v_rms=0.0053
    Layer  4: alpha=0.047354  teacher_rms=0.0304  v_rms=0.0064
    Layer  5: alpha=0.062112  teacher_rms=0.0409  v_rms=0.0066
    Layer  6: alpha=0.078238  teacher_rms=0.0621  v_rms=0.0079
    Layer  7: alpha=0.046283  teacher_rms=0.0530  v_rms=0.0114
    Layer  8: alpha=0.047269  teacher_rms=0.0708  v_rms=0.0150
    Layer  9: alpha=0.034586  teacher_rms=0.0713  v_rms=0.0206
    Layer 10: alpha=0.051225  teacher_rms=0.1092  v_rms=0.0213
    Layer 11: alpha=0.063177  teacher_rms=0.1046  v_rms=0.0165
    Layer 13: alpha=0.053191  teacher_rms=0.1040  v_rms=0.0195
    Layer 14: alpha=0.062019  teacher_rms=0.1547  v_rms=0.0249
    Layer 15: alpha=0.057229  teacher_rms=0.1576  v_rms=0.0275
    Layer 16: alpha=0.041970  teacher_rms=0.1473  v_rms=0.0351
    Layer 17: alpha=0.044313  teacher_rms=0.1753  v_rms=0.0396
    Layer 18: alpha=0.044678  teacher_rms=0.1990  v_rms=0.0445
    Layer 19: alpha=0.055431  teacher_rms=0.2060  v_rms=0.0372
    Layer 20: alpha=0.057752  teacher_rms=0.1966  v_rms=0.0340
    Layer 21: alpha=0.047710  teacher_rms=0.2373  v_rms=0.0497
    Layer 22: alpha=0.057347  teacher_rms=0.2834  v_rms=0.0494
    Layer 23: alpha=0.051760  teacher_rms=0.3098  v_rms=0.0599
    Layer 24: alpha=0.034281  teacher_rms=0.2897  v_rms=0.0845
    Layer 25: alpha=0.040058  teacher_rms=0.2376  v_rms=0.0593
    Layer 26: alpha=0.029256  teacher_rms=0.2124  v_rms=0.0726
    Layer 27: alpha=0.037022  teacher_rms=0.3083  v_rms=0.0833
    Layer 28: alpha=0.041434  teacher_rms=0.3705  v_rms=0.0894
    Layer 29: alpha=0.017344  teacher_rms=0.2548  v_rms=0.1469
    Layer 30: alpha=0.029045  teacher_rms=0.4297  v_rms=0.1480
    Layer 31: alpha=0.021214  teacher_rms=0.3785  v_rms=0.1784
    Layer 32: alpha=0.023899  teacher_rms=0.5288  v_rms=0.2213
    Layer 33: alpha=0.018560  teacher_rms=0.6404  v_rms=0.3451
    Layer 34: alpha=0.032638  teacher_rms=1.0325  v_rms=0.3163
    Layer 35: alpha=0.059580  teacher_rms=1.0168  v_rms=0.1707

  Set g_proj = v_proj * alpha in 35 GDN layers (damping=0.01).
  Init (taylor_init) done in 450.1s
  Layer 12: PPL = 5184166.50  (eval 17.1s)

============================================================
  Probing layer 13 | strategy=taylor_init
============================================================
Loading checkpoint shards:   0%|          | 0/4 [00:00<?, ?it/s]Loading checkpoint shards: 100%|██████████| 4/4 [00:00<00:00, 147.26it/s]
Could not cache non-existence of file. Will ignore error and continue. Error: [Errno 13] Permission denied: '/data/shared/huggingface/hub/models--Qwen--Qwen3-8B/.no_exist/b968826d9c46dd6066d109eabc6255188de91218/model.safetensors'
Loading checkpoint shards:   0%|          | 0/5 [00:00<?, ?it/s]Loading checkpoint shards: 100%|██████████| 5/5 [00:00<00:00, 181.61it/s]
Token indices sequence length is longer than the specified maximum sequence length for this model (2429029 > 131072). Running this sequence through the model will result in indexing errors
  [Taylor Step 1/3] Gate calibration from attention stats...
    Layer  0: dist=[32, 3, 12, 35, 12, 26, 9, 11, 19, 6, 8, 9, 18, 34, 31, 10, 16, 19, 16, 14, 13, 23, 4, 12, 5, 52, 10, 43, 15, 36, 15, 14]
    Layer  1: dist=[19, 38, 25, 44, 3, 15, 31, 11, 45, 36, 65, 60, 34, 47, 51, 38, 32, 54, 57, 33, 56, 24, 40, 40, 37, 9, 44, 41, 83, 31, 37, 49]
    Layer  2: dist=[65, 65, 67, 62, 26, 45, 33, 43, 39, 47, 56, 56, 53, 46, 46, 60, 61, 49, 54, 43, 49, 67, 48, 50, 25, 24, 21, 35, 73, 73, 77, 74]
    Layer  3: dist=[65, 26, 13, 22, 87, 93, 83, 73, 56, 53, 62, 58, 90, 73, 75, 74, 59, 62, 51, 67, 74, 60, 64, 65, 64, 56, 52, 59, 70, 63, 72, 65]
    Layer  4: dist=[62, 63, 73, 67, 73, 56, 61, 89, 68, 69, 63, 60, 55, 55, 71, 61, 62, 65, 67, 70, 64, 61, 47, 64, 41, 51, 48, 34, 51, 66, 55, 55]
    Layer  5: dist=[36, 48, 55, 35, 61, 68, 52, 51, 5, 18, 73, 61, 54, 78, 59, 52, 41, 32, 50, 48, 51, 55, 48, 59, 73, 73, 80, 80, 43, 44, 46, 58]
    Layer  6: dist=[27, 40, 30, 31, 52, 46, 67, 61, 46, 25, 43, 38, 56, 64, 56, 30, 47, 34, 45, 40, 20, 30, 32, 14, 35, 50, 32, 49, 47, 43, 37, 53]
    Layer  7: dist=[55, 60, 64, 87, 126, 114, 127, 121, 88, 119, 99, 72, 108, 23, 53, 97, 80, 101, 85, 81, 106, 86, 112, 116, 64, 78, 47, 86, 97, 101, 101, 106]
    Layer  8: dist=[83, 87, 90, 58, 81, 77, 69, 78, 86, 99, 87, 90, 94, 86, 96, 70, 116, 107, 103, 96, 92, 106, 100, 111, 92, 72, 95, 67, 84, 72, 79, 74]
    Layer  9: dist=[76, 60, 61, 67, 83, 97, 96, 74, 123, 120, 118, 112, 27, 87, 63, 85, 93, 100, 114, 125, 87, 77, 60, 70, 119, 81, 91, 97, 125, 113, 127, 123]
    Layer 10: dist=[76, 71, 58, 74, 85, 102, 64, 74, 63, 88, 106, 49, 88, 67, 82, 86, 87, 102, 100, 107, 88, 60, 107, 90, 93, 107, 84, 77, 76, 65, 82, 90]
    Layer 11: dist=[78, 65, 79, 48, 53, 61, 78, 77, 102, 123, 109, 93, 82, 64, 65, 69, 69, 63, 61, 51, 77, 107, 89, 87, 67, 59, 56, 54, 95, 55, 55, 94]
    Layer 12: dist=[21, 72, 79, 61, 87, 83, 66, 70, 63, 62, 74, 77, 86, 81, 82, 87, 39, 68, 59, 94, 102, 112, 97, 103, 93, 2, 107, 38, 81, 88, 113, 91]
    Layer 14: dist=[44, 64, 65, 46, 62, 45, 64, 65, 54, 57, 70, 68, 69, 76, 65, 67, 77, 86, 51, 64, 65, 31, 51, 81, 52, 67, 73, 64, 85, 88, 8, 89]
    Layer 15: dist=[80, 44, 79, 38, 37, 38, 79, 67, 90, 60, 46, 104, 68, 107, 79, 89, 61, 57, 64, 68, 58, 60, 50, 51, 49, 34, 86, 62, 72, 84, 71, 49]
    Layer 16: dist=[61, 57, 74, 85, 55, 58, 48, 55, 54, 82, 73, 84, 90, 69, 86, 86, 68, 71, 60, 62, 115, 118, 110, 103, 71, 54, 64, 10, 58, 59, 65, 56]
    Layer 17: dist=[111, 95, 79, 67, 53, 57, 39, 47, 90, 108, 79, 100, 40, 57, 71, 74, 44, 61, 61, 42, 75, 98, 93, 97, 58, 55, 57, 52, 53, 79, 93, 67]
    Layer 18: dist=[34, 45, 35, 33, 56, 78, 74, 57, 64, 67, 66, 79, 61, 60, 57, 62, 46, 74, 72, 52, 68, 47, 65, 96, 58, 62, 61, 63, 52, 53, 79, 56]
    Layer 19: dist=[73, 64, 63, 62, 76, 103, 54, 71, 81, 85, 84, 93, 63, 57, 75, 63, 84, 85, 49, 49, 21, 50, 33, 49, 102, 106, 102, 116, 77, 77, 73, 72]
    Layer 20: dist=[89, 79, 80, 77, 78, 51, 49, 57, 40, 36, 43, 39, 92, 79, 87, 96, 45, 51, 56, 39, 73, 111, 101, 98, 125, 97, 105, 85, 93, 79, 108, 108]
    Layer 21: dist=[44, 50, 56, 68, 115, 65, 96, 118, 118, 61, 71, 69, 46, 41, 44, 42, 75, 75, 83, 65, 89, 99, 95, 96, 64, 62, 60, 80, 73, 79, 60, 88]
    Layer 22: dist=[73, 60, 67, 63, 52, 72, 45, 56, 37, 49, 45, 59, 18, 86, 61, 64, 33, 79, 76, 41, 102, 115, 120, 121, 101, 84, 91, 95, 114, 92, 103, 95]
    Layer 23: dist=[39, 30, 48, 39, 110, 111, 41, 102, 79, 36, 45, 63, 75, 72, 79, 77, 82, 75, 74, 94, 72, 93, 82, 76, 78, 72, 68, 100, 91, 90, 83, 78]
    Layer 24: dist=[79, 124, 109, 101, 99, 109, 111, 97, 102, 105, 104, 84, 78, 75, 89, 74, 81, 86, 98, 88, 120, 103, 102, 117, 65, 73, 79, 51, 95, 111, 98, 88]
    Layer 25: dist=[105, 121, 118, 94, 71, 72, 107, 80, 96, 97, 85, 90, 65, 89, 50, 68, 93, 99, 97, 89, 102, 111, 105, 108, 110, 110, 99, 108, 88, 125, 98, 88]
    Layer 26: dist=[80, 88, 106, 68, 115, 113, 113, 110, 102, 107, 105, 98, 100, 124, 116, 116, 86, 93, 99, 95, 102, 113, 122, 114, 99, 97, 102, 93, 115, 96, 114, 95]
    Layer 27: dist=[87, 108, 103, 117, 98, 105, 101, 86, 77, 100, 107, 99, 78, 109, 80, 86, 96, 99, 99, 104, 91, 112, 113, 92, 110, 113, 116, 117, 107, 77, 92, 117]
    Layer 28: dist=[103, 92, 102, 102, 82, 63, 80, 76, 96, 107, 92, 89, 112, 105, 96, 101, 112, 104, 104, 108, 119, 71, 60, 89, 91, 88, 99, 99, 92, 92, 71, 95]
    Layer 29: dist=[113, 114, 114, 113, 90, 112, 94, 114, 119, 113, 122, 105, 120, 120, 119, 120, 116, 106, 115, 121, 123, 123, 107, 125, 100, 114, 97, 92, 106, 95, 106, 109]
    Layer 30: dist=[75, 102, 99, 100, 102, 100, 90, 67, 117, 117, 115, 120, 105, 104, 113, 101, 97, 78, 120, 122, 51, 120, 100, 110, 119, 119, 119, 118, 106, 110, 107, 102]
    Layer 31: dist=[119, 117, 99, 98, 112, 113, 114, 116, 114, 77, 87, 91, 117, 116, 117, 115, 101, 101, 106, 94, 119, 116, 108, 119, 112, 109, 89, 120, 112, 106, 102, 110]
    Layer 32: dist=[110, 114, 114, 111, 116, 119, 116, 117, 110, 111, 117, 115, 93, 113, 108, 91, 118, 106, 109, 111, 123, 92, 114, 120, 71, 95, 80, 105, 116, 107, 99, 103]
    Layer 33: dist=[102, 120, 112, 119, 91, 102, 57, 94, 116, 116, 113, 113, 114, 115, 113, 116, 114, 117, 106, 109, 112, 96, 110, 113, 111, 119, 122, 118, 110, 111, 107, 104]
    Layer 34: dist=[110, 109, 112, 113, 105, 111, 108, 102, 53, 93, 114, 86, 117, 115, 120, 81, 82, 89, 126, 55, 119, 51, 118, 119, 122, 122, 125, 122, 54, 62, 68, 109]
    Layer 35: dist=[105, 123, 71, 97, 82, 36, 112, 100, 85, 94, 112, 96, 63, 28, 49, 40, 98, 74, 84, 48, 90, 102, 55, 54, 66, 49, 68, 72, 73, 115, 122, 117]

  [Taylor Step 2/3] OLS sigma per head (scaling V, streaming)...
    Layer  0: sigma=[0.613, 0.100, 0.100, 0.100, 0.332, 0.380, 0.100, 0.100, 0.100, 0.149, 0.100, 0.100, 0.100, 0.100, 0.100, 0.259, 0.100, 0.100, 0.100, 0.100, 0.100, 0.100, 0.100, 0.100, 0.100, 0.100, 0.352, 0.100, 0.100, 0.100, 0.161, 0.100]
    Layer  1: sigma=[0.352, 0.100, 0.100, 0.100, 0.100, 0.100, 0.100, 0.100, 0.100, 0.161, 0.244, 0.100, 0.100, 0.100, 0.100, 0.100, 0.100, 0.100, 0.100, 0.100, 0.100, 0.100, 0.100, 0.115, 0.100, 0.100, 0.116, 0.100, 0.100, 0.100, 0.100, 0.100]
    Layer  2: sigma=[0.100, 0.100, 0.100, 0.100, 0.100, 0.100, 0.100, 0.100, 0.108, 0.101, 0.100, 0.100, 0.100, 0.146, 0.100, 0.100, 0.100, 0.221, 0.100, 0.100, 0.100, 0.100, 0.100, 0.100, 0.100, 0.171, 0.100, 0.100, 0.100, 0.100, 0.100, 0.100]
    Layer  3: sigma=[0.100, 0.326, 0.100, 0.153, 0.100, 0.100, 0.100, 0.100, 0.100, 0.100, 0.100, 0.100, 0.100, 0.100, 0.100, 0.100, 0.100, 0.100, 0.100, 0.100, 0.100, 0.106, 0.100, 0.100, 0.100, 0.100, 0.100, 0.100, 0.100, 0.100, 0.100, 0.100]
    Layer  4: sigma=[0.100, 0.100, 0.100, 0.100, 0.100, 0.100, 0.100, 0.100, 0.100, 0.100, 0.100, 0.100, 0.100, 0.100, 0.100, 0.100, 0.100, 0.100, 0.100, 0.100, 0.131, 0.138, 0.315, 0.100, 0.100, 0.100, 0.100, 0.100, 0.100, 0.100, 0.100, 0.100]
    Layer  5: sigma=[0.100, 0.100, 0.100, 0.100, 0.100, 0.100, 0.100, 0.100, 0.100, 0.144, 0.100, 0.111, 0.100, 0.100, 0.100, 0.120, 0.100, 0.188, 0.100, 0.100, 0.100, 0.100, 0.100, 0.100, 0.100, 0.100, 0.100, 0.100, 0.100, 0.100, 0.100, 0.100]
    Layer  6: sigma=[0.100, 0.100, 0.100, 0.100, 0.100, 0.100, 0.100, 0.100, 0.100, 0.100, 0.100, 0.100, 0.100, 0.100, 0.100, 0.100, 0.100, 0.100, 0.100, 0.100, 0.151, 0.100, 0.100, 0.100, 0.100, 0.100, 0.100, 0.100, 0.100, 0.100, 0.100, 0.100]
    Layer  7: sigma=[0.100, 0.147, 0.100, 0.100, 0.117, 0.100, 0.100, 0.100, 0.100, 0.100, 0.100, 0.100, 0.100, 0.100, 0.100, 0.100, 0.100, 0.100, 0.100, 0.100, 0.100, 0.100, 0.100, 0.100, 0.100, 0.100, 0.100, 0.100, 0.100, 0.100, 0.100, 0.100]
    Layer  8: sigma=[0.100, 0.100, 0.100, 0.100, 0.100, 0.100, 0.100, 0.100, 0.100, 0.100, 0.100, 0.100, 0.100, 0.100, 0.100, 0.100, 0.100, 0.100, 0.100, 0.100, 0.100, 0.100, 0.100, 0.100, 0.100, 0.100, 0.100, 0.169, 0.100, 0.100, 0.100, 0.100]
    Layer  9: sigma=[0.100, 0.100, 0.100, 0.100, 0.100, 0.100, 0.100, 0.100, 0.100, 0.100, 0.100, 0.100, 0.100, 0.100, 0.570, 0.134, 0.100, 0.100, 0.100, 0.100, 0.100, 0.100, 0.100, 0.100, 0.100, 0.100, 0.100, 0.100, 0.100, 0.100, 0.100, 0.100]
    Layer 10: sigma=[0.100, 0.100, 0.100, 0.100, 0.100, 0.100, 0.100, 0.100, 0.100, 0.100, 0.100, 0.100, 0.100, 0.100, 0.100, 0.100, 0.100, 0.100, 0.100, 0.100, 0.100, 0.100, 0.100, 0.100, 0.100, 0.100, 0.100, 0.100, 0.100, 0.100, 0.100, 0.100]
    Layer 11: sigma=[0.100, 0.100, 0.100, 0.100, 0.131, 0.100, 0.100, 0.100, 0.100, 0.107, 0.100, 0.100, 0.100, 0.100, 0.244, 0.100, 0.100, 0.100, 0.100, 0.100, 0.100, 0.100, 0.100, 0.100, 0.100, 0.100, 0.171, 0.100, 0.100, 0.100, 0.100, 0.100]
    Layer 12: sigma=[0.100, 0.100, 0.100, 0.100, 0.100, 0.100, 0.100, 0.100, 0.100, 0.104, 0.100, 0.107, 0.100, 0.100, 0.100, 0.100, 0.100, 0.303, 0.154, 0.100, 0.100, 0.100, 0.100, 0.100, 0.100, 0.100, 0.100, 0.216, 0.100, 0.100, 0.123, 0.100]
    Layer 14: sigma=[0.100, 0.100, 0.100, 0.100, 0.100, 0.402, 0.100, 0.100, 0.100, 0.100, 0.100, 0.100, 0.100, 0.100, 0.100, 0.100, 0.100, 0.100, 0.100, 0.100, 0.100, 0.100, 0.100, 0.100, 0.117, 0.105, 0.100, 0.100, 0.100, 0.100, 0.100, 0.100]
    Layer 15: sigma=[0.100, 0.187, 0.100, 0.100, 0.100, 0.109, 0.100, 0.100, 0.100, 0.100, 0.100, 0.100, 0.205, 0.100, 0.100, 0.100, 0.100, 0.100, 0.100, 0.100, 0.100, 0.100, 0.100, 0.100, 0.158, 0.100, 0.100, 0.100, 0.100, 0.100, 0.100, 0.100]
    Layer 16: sigma=[0.100, 0.100, 0.100, 0.100, 0.100, 0.100, 0.100, 0.100, 0.100, 0.100, 0.100, 0.100, 0.100, 0.100, 0.100, 0.100, 0.100, 0.100, 0.100, 0.100, 0.100, 0.100, 0.100, 0.100, 0.100, 0.100, 0.100, 0.419, 0.100, 0.100, 0.100, 0.100]
    Layer 17: sigma=[0.100, 0.100, 0.100, 0.100, 0.100, 0.161, 0.100, 0.100, 0.100, 0.100, 0.100, 0.100, 0.100, 0.100, 0.100, 0.100, 0.115, 0.100, 0.100, 0.408, 0.100, 0.100, 0.100, 0.109, 0.138, 0.100, 0.386, 0.100, 0.100, 0.100, 0.100, 0.100]
    Layer 18: sigma=[0.100, 0.477, 0.100, 0.100, 0.100, 0.100, 0.100, 0.172, 0.100, 0.100, 0.100, 0.100, 0.100, 0.100, 0.100, 0.100, 0.224, 0.100, 0.100, 0.100, 0.100, 0.100, 0.100, 0.100, 0.100, 0.100, 0.100, 0.100, 0.100, 0.100, 0.100, 0.100]
    Layer 19: sigma=[0.100, 0.100, 0.100, 0.100, 0.100, 0.100, 0.100, 0.100, 0.100, 0.100, 0.100, 0.100, 0.181, 0.100, 0.100, 0.188, 0.100, 0.100, 0.100, 0.287, 0.100, 0.100, 0.100, 0.123, 0.100, 0.100, 0.100, 0.100, 0.100, 0.100, 0.100, 0.100]
    Layer 20: sigma=[0.100, 0.100, 0.100, 0.100, 0.100, 0.194, 0.100, 0.100, 0.156, 0.110, 0.100, 0.100, 0.100, 0.100, 0.100, 0.117, 0.100, 0.125, 0.100, 0.100, 0.100, 0.100, 0.100, 0.100, 0.100, 0.100, 0.100, 0.100, 0.100, 0.100, 0.100, 0.100]
    Layer 21: sigma=[0.100, 0.135, 0.100, 0.100, 0.100, 0.100, 0.100, 0.100, 0.100, 0.143, 0.100, 0.255, 0.100, 0.100, 0.112, 0.100, 0.100, 0.100, 0.100, 0.100, 0.100, 0.101, 0.100, 0.100, 0.100, 0.100, 0.100, 0.100, 0.100, 0.100, 0.260, 0.100]
    Layer 22: sigma=[0.163, 0.100, 0.100, 0.100, 0.161, 0.135, 0.102, 0.218, 0.107, 0.100, 0.100, 0.100, 0.100, 0.100, 0.100, 0.108, 0.100, 0.100, 0.100, 0.100, 0.100, 0.100, 0.100, 0.100, 0.100, 0.100, 0.100, 0.100, 0.100, 0.100, 0.100, 0.100]
    Layer 23: sigma=[0.183, 0.238, 0.183, 0.100, 0.100, 0.100, 0.117, 0.100, 0.100, 0.256, 0.100, 0.100, 0.100, 0.100, 0.100, 0.100, 0.100, 0.100, 0.100, 0.100, 0.100, 0.100, 0.100, 0.100, 0.100, 0.100, 0.100, 0.100, 0.100, 0.100, 0.141, 0.283]
    Layer 24: sigma=[0.100, 0.100, 0.100, 0.100, 0.100, 0.100, 0.100, 0.100, 0.100, 0.100, 0.100, 0.100, 0.100, 0.100, 0.100, 0.136, 0.100, 0.100, 0.100, 0.100, 0.100, 0.100, 0.100, 0.100, 0.262, 0.437, 0.100, 0.306, 0.100, 0.100, 0.100, 0.100]
    Layer 25: sigma=[0.100, 0.100, 0.100, 0.100, 0.100, 0.100, 0.100, 0.100, 0.100, 0.100, 0.100, 0.100, 0.100, 0.100, 0.101, 0.100, 0.100, 0.100, 0.100, 0.100, 0.100, 0.100, 0.100, 0.100, 0.100, 0.100, 0.100, 0.100, 0.100, 0.100, 0.100, 0.100]
    Layer 26: sigma=[0.154, 0.100, 0.100, 0.100, 0.100, 0.100, 0.100, 0.100, 0.100, 0.100, 0.100, 0.100, 0.100, 0.100, 0.100, 0.100, 0.100, 0.100, 0.100, 0.100, 0.100, 0.100, 0.100, 0.100, 0.100, 0.100, 0.100, 0.100, 0.100, 0.100, 0.100, 0.100]
    Layer 27: sigma=[0.100, 0.100, 0.100, 0.100, 0.100, 0.100, 0.100, 0.100, 0.100, 0.100, 0.100, 0.100, 0.100, 0.100, 0.100, 0.100, 0.100, 0.100, 0.100, 0.100, 0.100, 0.100, 0.100, 0.100, 0.100, 0.100, 0.100, 0.100, 0.100, 0.100, 0.100, 0.100]
    Layer 28: sigma=[0.100, 0.100, 0.100, 0.100, 0.100, 0.120, 0.100, 0.100, 0.100, 0.100, 0.100, 0.100, 0.100, 0.100, 0.100, 0.100, 0.100, 0.100, 0.100, 0.100, 0.100, 0.100, 0.100, 0.100, 0.100, 0.100, 0.100, 0.100, 0.100, 0.100, 0.100, 0.100]
    Layer 29: sigma=[0.100, 0.100, 0.100, 0.100, 0.100, 0.100, 0.100, 0.100, 0.100, 0.100, 0.100, 0.100, 0.100, 0.100, 0.100, 0.100, 0.100, 0.100, 0.100, 0.100, 0.100, 0.100, 0.100, 0.100, 0.100, 0.100, 0.100, 0.100, 0.100, 0.100, 0.100, 0.100]
    Layer 30: sigma=[0.100, 0.100, 0.100, 0.100, 0.100, 0.100, 0.100, 0.100, 0.100, 0.100, 0.100, 0.100, 0.100, 0.100, 0.100, 0.100, 0.100, 0.100, 0.100, 0.100, 0.100, 0.100, 0.100, 0.100, 0.100, 0.100, 0.100, 0.100, 0.100, 0.100, 0.100, 0.100]
    Layer 31: sigma=[0.100, 0.100, 0.100, 0.100, 0.100, 0.100, 0.100, 0.100, 0.100, 0.100, 0.100, 0.100, 0.100, 0.100, 0.100, 0.100, 0.100, 0.100, 0.100, 0.104, 0.100, 0.100, 0.100, 0.100, 0.100, 0.100, 0.100, 0.100, 0.100, 0.100, 0.100, 0.100]
    Layer 32: sigma=[0.100, 0.100, 0.100, 0.100, 0.100, 0.100, 0.100, 0.100, 0.100, 0.100, 0.100, 0.100, 0.100, 0.100, 0.100, 0.100, 0.100, 0.100, 0.100, 0.100, 0.100, 0.100, 0.100, 0.100, 0.100, 0.100, 0.100, 0.100, 0.100, 0.100, 0.100, 0.100]
    Layer 33: sigma=[0.100, 0.100, 0.100, 0.100, 0.100, 0.100, 0.100, 0.100, 0.100, 0.100, 0.100, 0.100, 0.100, 0.100, 0.100, 0.100, 0.100, 0.100, 0.100, 0.100, 0.100, 0.100, 0.100, 0.100, 0.100, 0.100, 0.100, 0.100, 0.100, 0.100, 0.100, 0.100]
    Layer 34: sigma=[0.100, 0.100, 0.100, 0.100, 0.100, 0.100, 0.100, 0.100, 0.100, 0.100, 0.100, 0.100, 0.100, 0.138, 0.100, 0.100, 0.100, 0.100, 0.100, 0.100, 0.100, 0.100, 0.100, 0.100, 0.100, 0.100, 0.100, 0.100, 0.100, 0.100, 0.100, 0.100]
    Layer 35: sigma=[0.100, 0.100, 0.100, 0.100, 0.123, 0.100, 0.100, 0.100, 0.100, 0.100, 0.100, 0.100, 0.100, 0.100, 0.100, 0.100, 0.100, 0.100, 0.100, 0.100, 0.100, 0.100, 0.115, 0.100, 0.100, 0.100, 0.100, 0.100, 0.100, 0.100, 0.100, 0.100]

  [Taylor Step 3/3] g_proj = v_proj * alpha (damping=0.01)...
    Layer  0: alpha=0.060500  teacher_rms=0.0163  v_rms=0.0027
    Layer  1: alpha=0.060906  teacher_rms=0.0205  v_rms=0.0034
    Layer  2: alpha=0.056971  teacher_rms=0.0214  v_rms=0.0038
    Layer  3: alpha=0.048701  teacher_rms=0.0259  v_rms=0.0053
    Layer  4: alpha=0.047441  teacher_rms=0.0304  v_rms=0.0064
    Layer  5: alpha=0.061504  teacher_rms=0.0409  v_rms=0.0067
    Layer  6: alpha=0.078510  teacher_rms=0.0621  v_rms=0.0079
    Layer  7: alpha=0.046111  teacher_rms=0.0530  v_rms=0.0115
    Layer  8: alpha=0.047627  teacher_rms=0.0708  v_rms=0.0149
    Layer  9: alpha=0.035249  teacher_rms=0.0713  v_rms=0.0202
    Layer 10: alpha=0.051225  teacher_rms=0.1092  v_rms=0.0213
    Layer 11: alpha=0.062917  teacher_rms=0.1046  v_rms=0.0166
    Layer 12: alpha=0.060875  teacher_rms=0.1207  v_rms=0.0198
    Layer 14: alpha=0.064381  teacher_rms=0.1547  v_rms=0.0240
    Layer 15: alpha=0.057605  teacher_rms=0.1576  v_rms=0.0274
    Layer 16: alpha=0.042087  teacher_rms=0.1473  v_rms=0.0350
    Layer 17: alpha=0.044523  teacher_rms=0.1753  v_rms=0.0394
    Layer 18: alpha=0.044206  teacher_rms=0.1990  v_rms=0.0450
    Layer 19: alpha=0.053939  teacher_rms=0.2060  v_rms=0.0382
    Layer 20: alpha=0.056447  teacher_rms=0.1966  v_rms=0.0348
    Layer 21: alpha=0.052979  teacher_rms=0.2373  v_rms=0.0448
    Layer 22: alpha=0.055867  teacher_rms=0.2834  v_rms=0.0507
    Layer 23: alpha=0.050524  teacher_rms=0.3098  v_rms=0.0613
    Layer 24: alpha=0.033718  teacher_rms=0.2897  v_rms=0.0859
    Layer 25: alpha=0.040049  teacher_rms=0.2376  v_rms=0.0593
    Layer 26: alpha=0.028623  teacher_rms=0.2124  v_rms=0.0742
    Layer 27: alpha=0.037093  teacher_rms=0.3083  v_rms=0.0831
    Layer 28: alpha=0.042512  teacher_rms=0.3705  v_rms=0.0872
    Layer 29: alpha=0.017344  teacher_rms=0.2548  v_rms=0.1469
    Layer 30: alpha=0.029045  teacher_rms=0.4297  v_rms=0.1480
    Layer 31: alpha=0.021200  teacher_rms=0.3785  v_rms=0.1785
    Layer 32: alpha=0.023899  teacher_rms=0.5288  v_rms=0.2213
    Layer 33: alpha=0.018560  teacher_rms=0.6404  v_rms=0.3451
    Layer 34: alpha=0.032743  teacher_rms=1.0325  v_rms=0.3153
    Layer 35: alpha=0.059500  teacher_rms=1.0168  v_rms=0.1709

  Set g_proj = v_proj * alpha in 35 GDN layers (damping=0.01).
  Init (taylor_init) done in 329.7s
  Layer 13: PPL = 18425712.00  (eval 17.2s)

============================================================
  Probing layer 14 | strategy=taylor_init
============================================================
Loading checkpoint shards:   0%|          | 0/4 [00:00<?, ?it/s]Loading checkpoint shards: 100%|██████████| 4/4 [00:00<00:00, 147.08it/s]
Could not cache non-existence of file. Will ignore error and continue. Error: [Errno 13] Permission denied: '/data/shared/huggingface/hub/models--Qwen--Qwen3-8B/.no_exist/b968826d9c46dd6066d109eabc6255188de91218/model.safetensors'
Loading checkpoint shards:   0%|          | 0/5 [00:00<?, ?it/s]Loading checkpoint shards: 100%|██████████| 5/5 [00:00<00:00, 185.39it/s]
Token indices sequence length is longer than the specified maximum sequence length for this model (2429029 > 131072). Running this sequence through the model will result in indexing errors
  [Taylor Step 1/3] Gate calibration from attention stats...
    Layer  0: dist=[32, 3, 12, 35, 12, 26, 9, 11, 19, 6, 8, 9, 18, 34, 31, 10, 16, 19, 16, 14, 13, 23, 4, 12, 5, 52, 10, 43, 15, 36, 15, 14]
    Layer  1: dist=[19, 38, 25, 44, 3, 15, 31, 11, 45, 36, 65, 60, 34, 47, 51, 38, 32, 54, 57, 33, 56, 24, 40, 40, 37, 9, 44, 41, 83, 31, 37, 49]
    Layer  2: dist=[65, 65, 67, 62, 26, 45, 33, 43, 39, 47, 56, 56, 53, 46, 46, 60, 61, 49, 54, 43, 49, 67, 48, 50, 25, 24, 21, 35, 73, 73, 77, 74]
    Layer  3: dist=[65, 26, 13, 22, 87, 93, 83, 73, 56, 53, 62, 58, 90, 73, 75, 74, 59, 62, 51, 67, 74, 60, 64, 65, 64, 56, 52, 59, 70, 63, 72, 65]
    Layer  4: dist=[62, 63, 73, 67, 73, 56, 61, 89, 68, 69, 63, 60, 55, 55, 71, 61, 62, 65, 67, 70, 64, 61, 47, 64, 41, 51, 48, 34, 51, 66, 55, 55]
    Layer  5: dist=[36, 48, 55, 35, 61, 68, 52, 51, 5, 18, 73, 61, 54, 78, 59, 52, 41, 32, 50, 48, 51, 55, 48, 59, 73, 73, 80, 80, 43, 44, 46, 58]
    Layer  6: dist=[27, 40, 30, 31, 52, 46, 67, 61, 46, 25, 43, 38, 56, 64, 56, 30, 47, 34, 45, 40, 20, 30, 32, 14, 35, 50, 32, 49, 47, 43, 37, 53]
    Layer  7: dist=[55, 60, 64, 87, 126, 114, 127, 121, 88, 119, 99, 72, 108, 23, 53, 97, 80, 101, 85, 81, 106, 86, 112, 116, 64, 78, 47, 86, 97, 101, 101, 106]
    Layer  8: dist=[83, 87, 90, 58, 81, 77, 69, 78, 86, 99, 87, 90, 94, 86, 96, 70, 116, 107, 103, 96, 92, 106, 100, 111, 92, 72, 95, 67, 84, 72, 79, 74]
    Layer  9: dist=[76, 60, 61, 67, 83, 97, 96, 74, 123, 120, 118, 112, 27, 87, 63, 85, 93, 100, 114, 125, 87, 77, 60, 70, 119, 81, 91, 97, 125, 113, 127, 123]
    Layer 10: dist=[76, 71, 58, 74, 85, 102, 64, 74, 63, 88, 106, 49, 88, 67, 82, 86, 87, 102, 100, 107, 88, 60, 107, 90, 93, 107, 84, 77, 76, 65, 82, 90]
    Layer 11: dist=[78, 65, 79, 48, 53, 61, 78, 77, 102, 123, 109, 93, 82, 64, 65, 69, 69, 63, 61, 51, 77, 107, 89, 87, 67, 59, 56, 54, 95, 55, 55, 94]
    Layer 12: dist=[21, 72, 79, 61, 87, 83, 66, 70, 63, 62, 74, 77, 86, 81, 82, 87, 39, 68, 59, 94, 102, 112, 97, 103, 93, 2, 107, 38, 81, 88, 113, 91]
    Layer 13: dist=[52, 68, 66, 62, 52, 51, 65, 40, 86, 63, 99, 122, 128, 115, 109, 124, 85, 72, 57, 61, 93, 55, 83, 90, 84, 59, 72, 76, 113, 111, 96, 99]
    Layer 15: dist=[80, 44, 79, 38, 37, 38, 79, 67, 90, 60, 46, 104, 68, 107, 79, 89, 61, 57, 64, 68, 58, 60, 50, 51, 49, 34, 86, 62, 72, 84, 71, 49]
    Layer 16: dist=[61, 57, 74, 85, 55, 58, 48, 55, 54, 82, 73, 84, 90, 69, 86, 86, 68, 71, 60, 62, 115, 118, 110, 103, 71, 54, 64, 10, 58, 59, 65, 56]
    Layer 17: dist=[111, 95, 79, 67, 53, 57, 39, 47, 90, 108, 79, 100, 40, 57, 71, 74, 44, 61, 61, 42, 75, 98, 93, 97, 58, 55, 57, 52, 53, 79, 93, 67]
    Layer 18: dist=[34, 45, 35, 33, 56, 78, 74, 57, 64, 67, 66, 79, 61, 60, 57, 62, 46, 74, 72, 52, 68, 47, 65, 96, 58, 62, 61, 63, 52, 53, 79, 56]
    Layer 19: dist=[73, 64, 63, 62, 76, 103, 54, 71, 81, 85, 84, 93, 63, 57, 75, 63, 84, 85, 49, 49, 21, 50, 33, 49, 102, 106, 102, 116, 77, 77, 73, 72]
    Layer 20: dist=[89, 79, 80, 77, 78, 51, 49, 57, 40, 36, 43, 39, 92, 79, 87, 96, 45, 51, 56, 39, 73, 111, 101, 98, 125, 97, 105, 85, 93, 79, 108, 108]
    Layer 21: dist=[44, 50, 56, 68, 115, 65, 96, 118, 118, 61, 71, 69, 46, 41, 44, 42, 75, 75, 83, 65, 89, 99, 95, 96, 64, 62, 60, 80, 73, 79, 60, 88]
    Layer 22: dist=[73, 60, 67, 63, 52, 72, 45, 56, 37, 49, 45, 59, 18, 86, 61, 64, 33, 79, 76, 41, 102, 115, 120, 121, 101, 84, 91, 95, 114, 92, 103, 95]
    Layer 23: dist=[39, 30, 48, 39, 110, 111, 41, 102, 79, 36, 45, 63, 75, 72, 79, 77, 82, 75, 74, 94, 72, 93, 82, 76, 78, 72, 68, 100, 91, 90, 83, 78]
    Layer 24: dist=[79, 124, 109, 101, 99, 109, 111, 97, 102, 105, 104, 84, 78, 75, 89, 74, 81, 86, 98, 88, 120, 103, 102, 117, 65, 73, 79, 51, 95, 111, 98, 88]
    Layer 25: dist=[105, 121, 118, 94, 71, 72, 107, 80, 96, 97, 85, 90, 65, 89, 50, 68, 93, 99, 97, 89, 102, 111, 105, 108, 110, 110, 99, 108, 88, 125, 98, 88]
    Layer 26: dist=[80, 88, 106, 68, 115, 113, 113, 110, 102, 107, 105, 98, 100, 124, 116, 116, 86, 93, 99, 95, 102, 113, 122, 114, 99, 97, 102, 93, 115, 96, 114, 95]
    Layer 27: dist=[87, 108, 103, 117, 98, 105, 101, 86, 77, 100, 107, 99, 78, 109, 80, 86, 96, 99, 99, 104, 91, 112, 113, 92, 110, 113, 116, 117, 107, 77, 92, 117]
    Layer 28: dist=[103, 92, 102, 102, 82, 63, 80, 76, 96, 107, 92, 89, 112, 105, 96, 101, 112, 104, 104, 108, 119, 71, 60, 89, 91, 88, 99, 99, 92, 92, 71, 95]
    Layer 29: dist=[113, 114, 114, 113, 90, 112, 94, 114, 119, 113, 122, 105, 120, 120, 119, 120, 116, 106, 115, 121, 123, 123, 107, 125, 100, 114, 97, 92, 106, 95, 106, 109]
    Layer 30: dist=[75, 102, 99, 100, 102, 100, 90, 67, 117, 117, 115, 120, 105, 104, 113, 101, 97, 78, 120, 122, 51, 120, 100, 110, 119, 119, 119, 118, 106, 110, 107, 102]
    Layer 31: dist=[119, 117, 99, 98, 112, 113, 114, 116, 114, 77, 87, 91, 117, 116, 117, 115, 101, 101, 106, 94, 119, 116, 108, 119, 112, 109, 89, 120, 112, 106, 102, 110]
    Layer 32: dist=[110, 114, 114, 111, 116, 119, 116, 117, 110, 111, 117, 115, 93, 113, 108, 91, 118, 106, 109, 111, 123, 92, 114, 120, 71, 95, 80, 105, 116, 107, 99, 103]
    Layer 33: dist=[102, 120, 112, 119, 91, 102, 57, 94, 116, 116, 113, 113, 114, 115, 113, 116, 114, 117, 106, 109, 112, 96, 110, 113, 111, 119, 122, 118, 110, 111, 107, 104]
    Layer 34: dist=[110, 109, 112, 113, 105, 111, 108, 102, 53, 93, 114, 86, 117, 115, 120, 81, 82, 89, 126, 55, 119, 51, 118, 119, 122, 122, 125, 122, 54, 62, 68, 109]
    Layer 35: dist=[105, 123, 71, 97, 82, 36, 112, 100, 85, 94, 112, 96, 63, 28, 49, 40, 98, 74, 84, 48, 90, 102, 55, 54, 66, 49, 68, 72, 73, 115, 122, 117]

  [Taylor Step 2/3] OLS sigma per head (scaling V, streaming)...
    Layer  0: sigma=[0.612, 0.100, 0.100, 0.100, 0.333, 0.378, 0.100, 0.100, 0.100, 0.148, 0.100, 0.100, 0.100, 0.100, 0.100, 0.259, 0.100, 0.100, 0.100, 0.100, 0.100, 0.100, 0.100, 0.100, 0.100, 0.100, 0.351, 0.100, 0.100, 0.100, 0.161, 0.100]
    Layer  1: sigma=[0.351, 0.100, 0.100, 0.100, 0.100, 0.100, 0.100, 0.100, 0.100, 0.167, 0.245, 0.100, 0.100, 0.100, 0.100, 0.100, 0.100, 0.100, 0.100, 0.100, 0.100, 0.100, 0.100, 0.117, 0.100, 0.100, 0.114, 0.100, 0.100, 0.100, 0.100, 0.100]
    Layer  2: sigma=[0.100, 0.100, 0.100, 0.100, 0.100, 0.100, 0.100, 0.100, 0.109, 0.100, 0.100, 0.100, 0.100, 0.143, 0.100, 0.100, 0.100, 0.220, 0.100, 0.100, 0.100, 0.100, 0.100, 0.100, 0.100, 0.172, 0.100, 0.100, 0.100, 0.100, 0.100, 0.100]
    Layer  3: sigma=[0.100, 0.328, 0.100, 0.154, 0.100, 0.100, 0.100, 0.100, 0.100, 0.100, 0.100, 0.100, 0.100, 0.100, 0.100, 0.100, 0.100, 0.100, 0.100, 0.100, 0.100, 0.107, 0.100, 0.100, 0.100, 0.100, 0.100, 0.100, 0.100, 0.100, 0.100, 0.100]
    Layer  4: sigma=[0.100, 0.100, 0.100, 0.100, 0.100, 0.100, 0.100, 0.100, 0.100, 0.100, 0.100, 0.100, 0.100, 0.100, 0.100, 0.100, 0.100, 0.100, 0.100, 0.100, 0.132, 0.136, 0.312, 0.100, 0.100, 0.100, 0.100, 0.100, 0.100, 0.100, 0.100, 0.100]
    Layer  5: sigma=[0.100, 0.100, 0.100, 0.100, 0.100, 0.100, 0.100, 0.100, 0.100, 0.132, 0.100, 0.109, 0.100, 0.100, 0.100, 0.122, 0.100, 0.171, 0.100, 0.100, 0.100, 0.100, 0.100, 0.100, 0.100, 0.100, 0.100, 0.100, 0.100, 0.100, 0.100, 0.100]
    Layer  6: sigma=[0.100, 0.100, 0.100, 0.100, 0.100, 0.100, 0.100, 0.100, 0.100, 0.100, 0.100, 0.100, 0.100, 0.100, 0.100, 0.100, 0.100, 0.100, 0.100, 0.100, 0.156, 0.100, 0.100, 0.100, 0.100, 0.100, 0.100, 0.100, 0.100, 0.100, 0.100, 0.100]
    Layer  7: sigma=[0.100, 0.146, 0.100, 0.100, 0.118, 0.100, 0.100, 0.100, 0.100, 0.100, 0.100, 0.103, 0.100, 0.100, 0.100, 0.100, 0.100, 0.100, 0.100, 0.100, 0.100, 0.100, 0.100, 0.100, 0.100, 0.100, 0.100, 0.100, 0.100, 0.100, 0.100, 0.100]
    Layer  8: sigma=[0.100, 0.100, 0.100, 0.100, 0.100, 0.100, 0.100, 0.100, 0.100, 0.100, 0.100, 0.100, 0.100, 0.100, 0.100, 0.100, 0.100, 0.100, 0.100, 0.100, 0.100, 0.100, 0.100, 0.100, 0.100, 0.100, 0.100, 0.186, 0.100, 0.100, 0.100, 0.100]
    Layer  9: sigma=[0.100, 0.100, 0.100, 0.100, 0.100, 0.100, 0.100, 0.100, 0.100, 0.100, 0.100, 0.100, 0.100, 0.100, 0.575, 0.130, 0.100, 0.100, 0.100, 0.100, 0.100, 0.100, 0.100, 0.100, 0.100, 0.100, 0.100, 0.100, 0.100, 0.100, 0.100, 0.100]
    Layer 10: sigma=[0.100, 0.100, 0.100, 0.100, 0.100, 0.100, 0.100, 0.100, 0.100, 0.100, 0.100, 0.100, 0.100, 0.100, 0.100, 0.100, 0.100, 0.100, 0.100, 0.100, 0.100, 0.100, 0.100, 0.100, 0.100, 0.100, 0.100, 0.100, 0.100, 0.100, 0.100, 0.100]
    Layer 11: sigma=[0.100, 0.100, 0.100, 0.100, 0.140, 0.100, 0.100, 0.100, 0.100, 0.105, 0.100, 0.100, 0.100, 0.100, 0.260, 0.100, 0.100, 0.100, 0.100, 0.100, 0.100, 0.100, 0.100, 0.100, 0.100, 0.100, 0.155, 0.100, 0.100, 0.100, 0.100, 0.100]
    Layer 12: sigma=[0.100, 0.100, 0.100, 0.100, 0.100, 0.100, 0.100, 0.100, 0.100, 0.106, 0.100, 0.109, 0.100, 0.100, 0.100, 0.100, 0.100, 0.328, 0.134, 0.100, 0.100, 0.100, 0.100, 0.100, 0.100, 0.100, 0.100, 0.207, 0.100, 0.100, 0.120, 0.100]
    Layer 13: sigma=[0.222, 0.100, 0.100, 0.365, 0.100, 0.100, 0.100, 0.100, 0.100, 0.100, 0.100, 0.100, 0.100, 0.100, 0.100, 0.100, 0.100, 0.100, 0.100, 0.106, 0.100, 0.100, 0.100, 0.100, 0.100, 0.100, 0.100, 0.100, 0.100, 0.100, 0.100, 0.100]
    Layer 15: sigma=[0.100, 0.225, 0.100, 0.100, 0.100, 0.109, 0.100, 0.100, 0.100, 0.100, 0.100, 0.100, 0.209, 0.100, 0.100, 0.100, 0.100, 0.100, 0.100, 0.100, 0.100, 0.100, 0.100, 0.100, 0.139, 0.100, 0.100, 0.100, 0.100, 0.100, 0.100, 0.100]
    Layer 16: sigma=[0.100, 0.100, 0.100, 0.100, 0.100, 0.100, 0.100, 0.100, 0.100, 0.100, 0.100, 0.100, 0.100, 0.100, 0.100, 0.100, 0.100, 0.100, 0.100, 0.100, 0.100, 0.100, 0.100, 0.100, 0.100, 0.100, 0.100, 0.462, 0.100, 0.100, 0.100, 0.100]
    Layer 17: sigma=[0.100, 0.100, 0.100, 0.100, 0.100, 0.132, 0.100, 0.100, 0.100, 0.100, 0.100, 0.100, 0.100, 0.100, 0.100, 0.100, 0.128, 0.101, 0.100, 0.369, 0.100, 0.100, 0.100, 0.109, 0.126, 0.100, 0.393, 0.100, 0.100, 0.100, 0.100, 0.100]
    Layer 18: sigma=[0.100, 0.493, 0.100, 0.100, 0.100, 0.100, 0.100, 0.192, 0.100, 0.100, 0.100, 0.100, 0.100, 0.100, 0.100, 0.100, 0.165, 0.100, 0.100, 0.100, 0.100, 0.100, 0.100, 0.100, 0.100, 0.100, 0.100, 0.100, 0.100, 0.100, 0.100, 0.100]
    Layer 19: sigma=[0.100, 0.100, 0.100, 0.100, 0.100, 0.100, 0.100, 0.100, 0.100, 0.100, 0.100, 0.100, 0.140, 0.100, 0.100, 0.196, 0.100, 0.100, 0.100, 0.291, 0.100, 0.100, 0.100, 0.111, 0.100, 0.100, 0.100, 0.100, 0.100, 0.100, 0.100, 0.100]
    Layer 20: sigma=[0.100, 0.100, 0.100, 0.100, 0.100, 0.214, 0.100, 0.100, 0.163, 0.112, 0.100, 0.100, 0.100, 0.100, 0.100, 0.119, 0.100, 0.105, 0.100, 0.100, 0.100, 0.100, 0.100, 0.100, 0.100, 0.100, 0.100, 0.100, 0.100, 0.100, 0.100, 0.100]
    Layer 21: sigma=[0.100, 0.142, 0.100, 0.100, 0.100, 0.100, 0.100, 0.100, 0.100, 0.151, 0.100, 0.273, 0.100, 0.100, 0.119, 0.100, 0.100, 0.100, 0.100, 0.100, 0.100, 0.102, 0.100, 0.100, 0.189, 0.100, 0.100, 0.100, 0.100, 0.100, 0.273, 0.100]
    Layer 22: sigma=[0.157, 0.100, 0.100, 0.100, 0.151, 0.120, 0.100, 0.171, 0.110, 0.100, 0.100, 0.100, 0.100, 0.100, 0.100, 0.112, 0.100, 0.100, 0.100, 0.100, 0.100, 0.100, 0.100, 0.100, 0.100, 0.100, 0.100, 0.100, 0.100, 0.100, 0.100, 0.100]
    Layer 23: sigma=[0.174, 0.263, 0.214, 0.100, 0.100, 0.100, 0.126, 0.100, 0.100, 0.262, 0.100, 0.100, 0.100, 0.100, 0.100, 0.100, 0.100, 0.100, 0.100, 0.100, 0.100, 0.100, 0.100, 0.100, 0.100, 0.100, 0.100, 0.100, 0.100, 0.100, 0.124, 0.239]
    Layer 24: sigma=[0.100, 0.100, 0.100, 0.100, 0.100, 0.100, 0.100, 0.100, 0.100, 0.100, 0.100, 0.100, 0.100, 0.100, 0.100, 0.171, 0.100, 0.100, 0.100, 0.100, 0.100, 0.100, 0.100, 0.100, 0.209, 0.406, 0.100, 0.336, 0.100, 0.100, 0.100, 0.100]
    Layer 25: sigma=[0.100, 0.100, 0.100, 0.100, 0.100, 0.100, 0.100, 0.100, 0.100, 0.100, 0.100, 0.100, 0.100, 0.100, 0.113, 0.100, 0.100, 0.100, 0.100, 0.100, 0.100, 0.100, 0.100, 0.100, 0.100, 0.100, 0.100, 0.100, 0.100, 0.100, 0.100, 0.100]
    Layer 26: sigma=[0.100, 0.100, 0.100, 0.100, 0.100, 0.100, 0.100, 0.100, 0.100, 0.100, 0.100, 0.100, 0.100, 0.100, 0.100, 0.100, 0.100, 0.100, 0.100, 0.100, 0.100, 0.100, 0.100, 0.100, 0.100, 0.100, 0.100, 0.100, 0.100, 0.100, 0.100, 0.100]
    Layer 27: sigma=[0.100, 0.100, 0.100, 0.100, 0.100, 0.100, 0.100, 0.100, 0.100, 0.100, 0.100, 0.100, 0.100, 0.100, 0.100, 0.100, 0.100, 0.100, 0.100, 0.100, 0.100, 0.100, 0.100, 0.100, 0.100, 0.100, 0.100, 0.100, 0.100, 0.100, 0.100, 0.100]
    Layer 28: sigma=[0.100, 0.100, 0.100, 0.100, 0.100, 0.135, 0.100, 0.195, 0.100, 0.100, 0.100, 0.100, 0.100, 0.100, 0.100, 0.100, 0.100, 0.100, 0.100, 0.100, 0.100, 0.100, 0.100, 0.100, 0.100, 0.100, 0.100, 0.100, 0.100, 0.100, 0.100, 0.100]
    Layer 29: sigma=[0.100, 0.100, 0.100, 0.100, 0.100, 0.100, 0.100, 0.100, 0.100, 0.100, 0.100, 0.100, 0.100, 0.100, 0.100, 0.100, 0.100, 0.100, 0.100, 0.100, 0.100, 0.100, 0.100, 0.100, 0.100, 0.100, 0.100, 0.100, 0.100, 0.100, 0.100, 0.100]
    Layer 30: sigma=[0.100, 0.100, 0.100, 0.100, 0.100, 0.100, 0.100, 0.100, 0.100, 0.100, 0.100, 0.100, 0.100, 0.100, 0.100, 0.102, 0.100, 0.100, 0.100, 0.100, 0.100, 0.100, 0.100, 0.100, 0.100, 0.100, 0.100, 0.100, 0.100, 0.100, 0.100, 0.100]
    Layer 31: sigma=[0.100, 0.100, 0.100, 0.100, 0.100, 0.100, 0.100, 0.100, 0.100, 0.100, 0.100, 0.100, 0.100, 0.100, 0.100, 0.100, 0.100, 0.100, 0.100, 0.113, 0.100, 0.100, 0.100, 0.100, 0.100, 0.100, 0.100, 0.100, 0.100, 0.100, 0.100, 0.100]
    Layer 32: sigma=[0.100, 0.100, 0.100, 0.100, 0.100, 0.100, 0.100, 0.100, 0.100, 0.100, 0.100, 0.100, 0.100, 0.100, 0.100, 0.100, 0.100, 0.100, 0.100, 0.100, 0.100, 0.100, 0.100, 0.100, 0.100, 0.100, 0.100, 0.100, 0.100, 0.100, 0.100, 0.100]
    Layer 33: sigma=[0.100, 0.100, 0.100, 0.100, 0.100, 0.100, 0.121, 0.100, 0.100, 0.100, 0.100, 0.100, 0.100, 0.100, 0.100, 0.100, 0.100, 0.100, 0.100, 0.100, 0.100, 0.100, 0.100, 0.100, 0.100, 0.100, 0.100, 0.100, 0.100, 0.100, 0.100, 0.100]
    Layer 34: sigma=[0.100, 0.100, 0.100, 0.100, 0.100, 0.100, 0.100, 0.100, 0.100, 0.100, 0.100, 0.100, 0.100, 0.100, 0.100, 0.100, 0.100, 0.100, 0.100, 0.100, 0.100, 0.100, 0.100, 0.100, 0.100, 0.100, 0.100, 0.100, 0.100, 0.100, 0.100, 0.100]
    Layer 35: sigma=[0.100, 0.100, 0.100, 0.100, 0.100, 0.100, 0.100, 0.100, 0.100, 0.100, 0.100, 0.100, 0.100, 0.100, 0.100, 0.100, 0.100, 0.100, 0.100, 0.100, 0.100, 0.100, 0.114, 0.100, 0.100, 0.100, 0.100, 0.100, 0.100, 0.100, 0.100, 0.100]

  [Taylor Step 3/3] g_proj = v_proj * alpha (damping=0.01)...
    Layer  0: alpha=0.060548  teacher_rms=0.0163  v_rms=0.0027
    Layer  1: alpha=0.060851  teacher_rms=0.0205  v_rms=0.0034
    Layer  2: alpha=0.057050  teacher_rms=0.0214  v_rms=0.0038
    Layer  3: alpha=0.048596  teacher_rms=0.0259  v_rms=0.0053
    Layer  4: alpha=0.047535  teacher_rms=0.0304  v_rms=0.0064
    Layer  5: alpha=0.062117  teacher_rms=0.0409  v_rms=0.0066
    Layer  6: alpha=0.078337  teacher_rms=0.0621  v_rms=0.0079
    Layer  7: alpha=0.046077  teacher_rms=0.0530  v_rms=0.0115
    Layer  8: alpha=0.047181  teacher_rms=0.0708  v_rms=0.0150
    Layer  9: alpha=0.035131  teacher_rms=0.0713  v_rms=0.0203
    Layer 10: alpha=0.051225  teacher_rms=0.1092  v_rms=0.0213
    Layer 11: alpha=0.062628  teacher_rms=0.1046  v_rms=0.0167
    Layer 12: alpha=0.060410  teacher_rms=0.1207  v_rms=0.0200
    Layer 13: alpha=0.052000  teacher_rms=0.1040  v_rms=0.0200
    Layer 15: alpha=0.056628  teacher_rms=0.1576  v_rms=0.0278
    Layer 16: alpha=0.040853  teacher_rms=0.1473  v_rms=0.0361
    Layer 17: alpha=0.045376  teacher_rms=0.1753  v_rms=0.0386
    Layer 18: alpha=0.043711  teacher_rms=0.1990  v_rms=0.0455
    Layer 19: alpha=0.054765  teacher_rms=0.2060  v_rms=0.0376
    Layer 20: alpha=0.055820  teacher_rms=0.1966  v_rms=0.0352
    Layer 21: alpha=0.050359  teacher_rms=0.2373  v_rms=0.0471
    Layer 22: alpha=0.057526  teacher_rms=0.2834  v_rms=0.0493
    Layer 23: alpha=0.050840  teacher_rms=0.3098  v_rms=0.0609
    Layer 24: alpha=0.033667  teacher_rms=0.2897  v_rms=0.0860
    Layer 25: alpha=0.039921  teacher_rms=0.2376  v_rms=0.0595
    Layer 26: alpha=0.029256  teacher_rms=0.2124  v_rms=0.0726
    Layer 27: alpha=0.037093  teacher_rms=0.3083  v_rms=0.0831
    Layer 28: alpha=0.040918  teacher_rms=0.3705  v_rms=0.0905
    Layer 29: alpha=0.017344  teacher_rms=0.2548  v_rms=0.1469
    Layer 30: alpha=0.029031  teacher_rms=0.4297  v_rms=0.1480
    Layer 31: alpha=0.021172  teacher_rms=0.3785  v_rms=0.1788
    Layer 32: alpha=0.023899  teacher_rms=0.5288  v_rms=0.2213
    Layer 33: alpha=0.018524  teacher_rms=0.6404  v_rms=0.3457
    Layer 34: alpha=0.033190  teacher_rms=1.0325  v_rms=0.3111
    Layer 35: alpha=0.059900  teacher_rms=1.0168  v_rms=0.1698

  Set g_proj = v_proj * alpha in 35 GDN layers (damping=0.01).
  Init (taylor_init) done in 328.3s
  Layer 14: PPL = 9259058.00  (eval 17.2s)

============================================================
  Probing layer 15 | strategy=taylor_init
============================================================
Loading checkpoint shards:   0%|          | 0/4 [00:00<?, ?it/s]Loading checkpoint shards: 100%|██████████| 4/4 [00:00<00:00, 146.84it/s]
Could not cache non-existence of file. Will ignore error and continue. Error: [Errno 13] Permission denied: '/data/shared/huggingface/hub/models--Qwen--Qwen3-8B/.no_exist/b968826d9c46dd6066d109eabc6255188de91218/model.safetensors'
Loading checkpoint shards:   0%|          | 0/5 [00:00<?, ?it/s]Loading checkpoint shards: 100%|██████████| 5/5 [00:00<00:00, 183.80it/s]
Token indices sequence length is longer than the specified maximum sequence length for this model (2429029 > 131072). Running this sequence through the model will result in indexing errors
  [Taylor Step 1/3] Gate calibration from attention stats...
    Layer  0: dist=[32, 3, 12, 35, 12, 26, 9, 11, 19, 6, 8, 9, 18, 34, 31, 10, 16, 19, 16, 14, 13, 23, 4, 12, 5, 52, 10, 43, 15, 36, 15, 14]
    Layer  1: dist=[19, 38, 25, 44, 3, 15, 31, 11, 45, 36, 65, 60, 34, 47, 51, 38, 32, 54, 57, 33, 56, 24, 40, 40, 37, 9, 44, 41, 83, 31, 37, 49]
    Layer  2: dist=[65, 65, 67, 62, 26, 45, 33, 43, 39, 47, 56, 56, 53, 46, 46, 60, 61, 49, 54, 43, 49, 67, 48, 50, 25, 24, 21, 35, 73, 73, 77, 74]
    Layer  3: dist=[65, 26, 13, 22, 87, 93, 83, 73, 56, 53, 62, 58, 90, 73, 75, 74, 59, 62, 51, 67, 74, 60, 64, 65, 64, 56, 52, 59, 70, 63, 72, 65]
    Layer  4: dist=[62, 63, 73, 67, 73, 56, 61, 89, 68, 69, 63, 60, 55, 55, 71, 61, 62, 65, 67, 70, 64, 61, 47, 64, 41, 51, 48, 34, 51, 66, 55, 55]
    Layer  5: dist=[36, 48, 55, 35, 61, 68, 52, 51, 5, 18, 73, 61, 54, 78, 59, 52, 41, 32, 50, 48, 51, 55, 48, 59, 73, 73, 80, 80, 43, 44, 46, 58]
    Layer  6: dist=[27, 40, 30, 31, 52, 46, 67, 61, 46, 25, 43, 38, 56, 64, 56, 30, 47, 34, 45, 40, 20, 30, 32, 14, 35, 50, 32, 49, 47, 43, 37, 53]
    Layer  7: dist=[55, 60, 64, 87, 126, 114, 127, 121, 88, 119, 99, 72, 108, 23, 53, 97, 80, 101, 85, 81, 106, 86, 112, 116, 64, 78, 47, 86, 97, 101, 101, 106]
    Layer  8: dist=[83, 87, 90, 58, 81, 77, 69, 78, 86, 99, 87, 90, 94, 86, 96, 70, 116, 107, 103, 96, 92, 106, 100, 111, 92, 72, 95, 67, 84, 72, 79, 74]
    Layer  9: dist=[76, 60, 61, 67, 83, 97, 96, 74, 123, 120, 118, 112, 27, 87, 63, 85, 93, 100, 114, 125, 87, 77, 60, 70, 119, 81, 91, 97, 125, 113, 127, 123]
    Layer 10: dist=[76, 71, 58, 74, 85, 102, 64, 74, 63, 88, 106, 49, 88, 67, 82, 86, 87, 102, 100, 107, 88, 60, 107, 90, 93, 107, 84, 77, 76, 65, 82, 90]
    Layer 11: dist=[78, 65, 79, 48, 53, 61, 78, 77, 102, 123, 109, 93, 82, 64, 65, 69, 69, 63, 61, 51, 77, 107, 89, 87, 67, 59, 56, 54, 95, 55, 55, 94]
    Layer 12: dist=[21, 72, 79, 61, 87, 83, 66, 70, 63, 62, 74, 77, 86, 81, 82, 87, 39, 68, 59, 94, 102, 112, 97, 103, 93, 2, 107, 38, 81, 88, 113, 91]
    Layer 13: dist=[52, 68, 66, 62, 52, 51, 65, 40, 86, 63, 99, 122, 128, 115, 109, 124, 85, 72, 57, 61, 93, 55, 83, 90, 84, 59, 72, 76, 113, 111, 96, 99]
    Layer 14: dist=[44, 64, 65, 46, 62, 45, 64, 65, 54, 57, 70, 68, 69, 76, 65, 67, 77, 86, 51, 64, 65, 31, 51, 81, 52, 67, 73, 64, 85, 88, 8, 89]
    Layer 16: dist=[61, 57, 74, 85, 55, 58, 48, 55, 54, 82, 73, 84, 90, 69, 86, 86, 68, 71, 60, 62, 115, 118, 110, 103, 71, 54, 64, 10, 58, 59, 65, 56]
    Layer 17: dist=[111, 95, 79, 67, 53, 57, 39, 47, 90, 108, 79, 100, 40, 57, 71, 74, 44, 61, 61, 42, 75, 98, 93, 97, 58, 55, 57, 52, 53, 79, 93, 67]
    Layer 18: dist=[34, 45, 35, 33, 56, 78, 74, 57, 64, 67, 66, 79, 61, 60, 57, 62, 46, 74, 72, 52, 68, 47, 65, 96, 58, 62, 61, 63, 52, 53, 79, 56]
    Layer 19: dist=[73, 64, 63, 62, 76, 103, 54, 71, 81, 85, 84, 93, 63, 57, 75, 63, 84, 85, 49, 49, 21, 50, 33, 49, 102, 106, 102, 116, 77, 77, 73, 72]
    Layer 20: dist=[89, 79, 80, 77, 78, 51, 49, 57, 40, 36, 43, 39, 92, 79, 87, 96, 45, 51, 56, 39, 73, 111, 101, 98, 125, 97, 105, 85, 93, 79, 108, 108]
    Layer 21: dist=[44, 50, 56, 68, 115, 65, 96, 118, 118, 61, 71, 69, 46, 41, 44, 42, 75, 75, 83, 65, 89, 99, 95, 96, 64, 62, 60, 80, 73, 79, 60, 88]
    Layer 22: dist=[73, 60, 67, 63, 52, 72, 45, 56, 37, 49, 45, 59, 18, 86, 61, 64, 33, 79, 76, 41, 102, 115, 120, 121, 101, 84, 91, 95, 114, 92, 103, 95]
    Layer 23: dist=[39, 30, 48, 39, 110, 111, 41, 102, 79, 36, 45, 63, 75, 72, 79, 77, 82, 75, 74, 94, 72, 93, 82, 76, 78, 72, 68, 100, 91, 90, 83, 78]
    Layer 24: dist=[79, 124, 109, 101, 99, 109, 111, 97, 102, 105, 104, 84, 78, 75, 89, 74, 81, 86, 98, 88, 120, 103, 102, 117, 65, 73, 79, 51, 95, 111, 98, 88]
    Layer 25: dist=[105, 121, 118, 94, 71, 72, 107, 80, 96, 97, 85, 90, 65, 89, 50, 68, 93, 99, 97, 89, 102, 111, 105, 108, 110, 110, 99, 108, 88, 125, 98, 88]
    Layer 26: dist=[80, 88, 106, 68, 115, 113, 113, 110, 102, 107, 105, 98, 100, 124, 116, 116, 86, 93, 99, 95, 102, 113, 122, 114, 99, 97, 102, 93, 115, 96, 114, 95]
    Layer 27: dist=[87, 108, 103, 117, 98, 105, 101, 86, 77, 100, 107, 99, 78, 109, 80, 86, 96, 99, 99, 104, 91, 112, 113, 92, 110, 113, 116, 117, 107, 77, 92, 117]
    Layer 28: dist=[103, 92, 102, 102, 82, 63, 80, 76, 96, 107, 92, 89, 112, 105, 96, 101, 112, 104, 104, 108, 119, 71, 60, 89, 91, 88, 99, 99, 92, 92, 71, 95]
    Layer 29: dist=[113, 114, 114, 113, 90, 112, 94, 114, 119, 113, 122, 105, 120, 120, 119, 120, 116, 106, 115, 121, 123, 123, 107, 125, 100, 114, 97, 92, 106, 95, 106, 109]
    Layer 30: dist=[75, 102, 99, 100, 102, 100, 90, 67, 117, 117, 115, 120, 105, 104, 113, 101, 97, 78, 120, 122, 51, 120, 100, 110, 119, 119, 119, 118, 106, 110, 107, 102]
    Layer 31: dist=[119, 117, 99, 98, 112, 113, 114, 116, 114, 77, 87, 91, 117, 116, 117, 115, 101, 101, 106, 94, 119, 116, 108, 119, 112, 109, 89, 120, 112, 106, 102, 110]
    Layer 32: dist=[110, 114, 114, 111, 116, 119, 116, 117, 110, 111, 117, 115, 93, 113, 108, 91, 118, 106, 109, 111, 123, 92, 114, 120, 71, 95, 80, 105, 116, 107, 99, 103]
    Layer 33: dist=[102, 120, 112, 119, 91, 102, 57, 94, 116, 116, 113, 113, 114, 115, 113, 116, 114, 117, 106, 109, 112, 96, 110, 113, 111, 119, 122, 118, 110, 111, 107, 104]
    Layer 34: dist=[110, 109, 112, 113, 105, 111, 108, 102, 53, 93, 114, 86, 117, 115, 120, 81, 82, 89, 126, 55, 119, 51, 118, 119, 122, 122, 125, 122, 54, 62, 68, 109]
    Layer 35: dist=[105, 123, 71, 97, 82, 36, 112, 100, 85, 94, 112, 96, 63, 28, 49, 40, 98, 74, 84, 48, 90, 102, 55, 54, 66, 49, 68, 72, 73, 115, 122, 117]

  [Taylor Step 2/3] OLS sigma per head (scaling V, streaming)...
    Layer  0: sigma=[0.615, 0.100, 0.100, 0.100, 0.332, 0.377, 0.100, 0.100, 0.100, 0.148, 0.100, 0.100, 0.100, 0.100, 0.100, 0.260, 0.100, 0.100, 0.100, 0.100, 0.100, 0.100, 0.100, 0.100, 0.100, 0.100, 0.351, 0.100, 0.100, 0.100, 0.161, 0.100]
    Layer  1: sigma=[0.350, 0.100, 0.100, 0.100, 0.100, 0.100, 0.100, 0.100, 0.100, 0.164, 0.245, 0.100, 0.100, 0.100, 0.100, 0.100, 0.100, 0.100, 0.100, 0.100, 0.100, 0.100, 0.100, 0.118, 0.100, 0.100, 0.116, 0.100, 0.100, 0.100, 0.100, 0.100]
    Layer  2: sigma=[0.100, 0.100, 0.100, 0.100, 0.100, 0.100, 0.100, 0.100, 0.108, 0.102, 0.100, 0.100, 0.100, 0.146, 0.100, 0.100, 0.100, 0.221, 0.100, 0.100, 0.100, 0.100, 0.100, 0.100, 0.100, 0.173, 0.100, 0.100, 0.100, 0.100, 0.100, 0.100]
    Layer  3: sigma=[0.100, 0.319, 0.100, 0.156, 0.100, 0.100, 0.100, 0.100, 0.100, 0.100, 0.100, 0.100, 0.100, 0.100, 0.100, 0.100, 0.100, 0.100, 0.100, 0.100, 0.100, 0.107, 0.100, 0.100, 0.100, 0.100, 0.100, 0.100, 0.100, 0.100, 0.100, 0.100]
    Layer  4: sigma=[0.100, 0.100, 0.100, 0.100, 0.100, 0.100, 0.100, 0.100, 0.100, 0.100, 0.100, 0.100, 0.100, 0.100, 0.100, 0.100, 0.100, 0.100, 0.100, 0.100, 0.131, 0.139, 0.315, 0.100, 0.100, 0.100, 0.100, 0.100, 0.100, 0.100, 0.100, 0.100]
    Layer  5: sigma=[0.100, 0.100, 0.100, 0.100, 0.100, 0.100, 0.100, 0.100, 0.100, 0.133, 0.100, 0.113, 0.100, 0.100, 0.100, 0.122, 0.100, 0.178, 0.100, 0.100, 0.100, 0.100, 0.100, 0.100, 0.100, 0.100, 0.100, 0.100, 0.100, 0.100, 0.100, 0.100]
    Layer  6: sigma=[0.100, 0.100, 0.100, 0.100, 0.100, 0.100, 0.100, 0.100, 0.100, 0.100, 0.100, 0.100, 0.100, 0.100, 0.100, 0.100, 0.100, 0.100, 0.100, 0.100, 0.158, 0.100, 0.100, 0.100, 0.100, 0.100, 0.100, 0.100, 0.100, 0.100, 0.100, 0.100]
    Layer  7: sigma=[0.100, 0.150, 0.100, 0.100, 0.110, 0.100, 0.100, 0.100, 0.100, 0.100, 0.100, 0.100, 0.100, 0.100, 0.100, 0.100, 0.100, 0.100, 0.100, 0.100, 0.100, 0.100, 0.100, 0.100, 0.100, 0.100, 0.100, 0.100, 0.100, 0.100, 0.100, 0.100]
    Layer  8: sigma=[0.100, 0.100, 0.100, 0.100, 0.100, 0.100, 0.100, 0.100, 0.100, 0.100, 0.100, 0.100, 0.100, 0.100, 0.100, 0.100, 0.100, 0.100, 0.100, 0.100, 0.100, 0.100, 0.100, 0.100, 0.100, 0.100, 0.100, 0.182, 0.100, 0.100, 0.100, 0.100]
    Layer  9: sigma=[0.100, 0.100, 0.100, 0.100, 0.100, 0.100, 0.100, 0.100, 0.100, 0.100, 0.100, 0.100, 0.100, 0.100, 0.573, 0.137, 0.100, 0.100, 0.100, 0.100, 0.100, 0.100, 0.100, 0.100, 0.100, 0.100, 0.100, 0.100, 0.100, 0.100, 0.100, 0.100]
    Layer 10: sigma=[0.100, 0.100, 0.100, 0.100, 0.100, 0.100, 0.100, 0.100, 0.100, 0.100, 0.100, 0.100, 0.100, 0.100, 0.100, 0.100, 0.100, 0.100, 0.100, 0.100, 0.100, 0.100, 0.100, 0.100, 0.100, 0.100, 0.100, 0.100, 0.100, 0.100, 0.100, 0.100]
    Layer 11: sigma=[0.100, 0.100, 0.100, 0.100, 0.137, 0.100, 0.100, 0.100, 0.100, 0.105, 0.100, 0.100, 0.100, 0.100, 0.243, 0.100, 0.100, 0.100, 0.100, 0.100, 0.100, 0.100, 0.100, 0.100, 0.100, 0.100, 0.160, 0.100, 0.100, 0.100, 0.100, 0.100]
    Layer 12: sigma=[0.100, 0.100, 0.100, 0.100, 0.100, 0.100, 0.100, 0.100, 0.100, 0.104, 0.100, 0.109, 0.100, 0.100, 0.100, 0.100, 0.100, 0.333, 0.166, 0.100, 0.100, 0.100, 0.100, 0.100, 0.100, 0.100, 0.100, 0.209, 0.100, 0.100, 0.115, 0.100]
    Layer 13: sigma=[0.229, 0.100, 0.100, 0.327, 0.100, 0.100, 0.100, 0.100, 0.100, 0.100, 0.100, 0.100, 0.100, 0.100, 0.100, 0.100, 0.100, 0.100, 0.100, 0.108, 0.100, 0.100, 0.100, 0.100, 0.100, 0.100, 0.100, 0.100, 0.100, 0.100, 0.100, 0.100]
    Layer 14: sigma=[0.100, 0.100, 0.100, 0.100, 0.100, 0.403, 0.100, 0.100, 0.100, 0.100, 0.100, 0.100, 0.100, 0.100, 0.100, 0.100, 0.100, 0.100, 0.100, 0.100, 0.100, 0.100, 0.100, 0.100, 0.113, 0.122, 0.100, 0.100, 0.100, 0.100, 0.100, 0.100]
    Layer 16: sigma=[0.100, 0.100, 0.100, 0.100, 0.100, 0.100, 0.100, 0.100, 0.100, 0.100, 0.100, 0.100, 0.100, 0.100, 0.100, 0.100, 0.100, 0.100, 0.100, 0.100, 0.100, 0.100, 0.100, 0.100, 0.100, 0.100, 0.100, 0.393, 0.100, 0.100, 0.100, 0.100]
    Layer 17: sigma=[0.100, 0.100, 0.100, 0.100, 0.100, 0.142, 0.100, 0.100, 0.100, 0.100, 0.100, 0.100, 0.100, 0.100, 0.100, 0.100, 0.148, 0.100, 0.100, 0.417, 0.100, 0.100, 0.100, 0.101, 0.150, 0.100, 0.363, 0.100, 0.100, 0.100, 0.100, 0.100]
    Layer 18: sigma=[0.100, 0.469, 0.100, 0.100, 0.100, 0.100, 0.100, 0.191, 0.100, 0.100, 0.100, 0.100, 0.100, 0.100, 0.100, 0.100, 0.113, 0.100, 0.100, 0.100, 0.100, 0.100, 0.100, 0.100, 0.100, 0.100, 0.100, 0.100, 0.100, 0.100, 0.100, 0.100]
    Layer 19: sigma=[0.100, 0.100, 0.100, 0.100, 0.100, 0.100, 0.100, 0.100, 0.100, 0.100, 0.100, 0.100, 0.163, 0.100, 0.100, 0.196, 0.100, 0.100, 0.100, 0.318, 0.100, 0.100, 0.100, 0.103, 0.100, 0.100, 0.100, 0.100, 0.100, 0.100, 0.100, 0.100]
    Layer 20: sigma=[0.100, 0.100, 0.100, 0.100, 0.100, 0.195, 0.100, 0.100, 0.148, 0.111, 0.100, 0.100, 0.100, 0.100, 0.100, 0.124, 0.100, 0.170, 0.100, 0.100, 0.100, 0.100, 0.100, 0.100, 0.100, 0.100, 0.100, 0.100, 0.100, 0.100, 0.100, 0.100]
    Layer 21: sigma=[0.100, 0.166, 0.100, 0.100, 0.100, 0.100, 0.100, 0.100, 0.100, 0.163, 0.100, 0.282, 0.100, 0.100, 0.127, 0.100, 0.100, 0.100, 0.100, 0.100, 0.100, 0.118, 0.100, 0.100, 0.181, 0.100, 0.100, 0.100, 0.100, 0.100, 0.269, 0.100]
    Layer 22: sigma=[0.135, 0.100, 0.100, 0.100, 0.134, 0.128, 0.100, 0.247, 0.123, 0.100, 0.100, 0.100, 0.100, 0.100, 0.100, 0.105, 0.100, 0.100, 0.100, 0.100, 0.100, 0.100, 0.100, 0.100, 0.100, 0.100, 0.100, 0.100, 0.100, 0.100, 0.100, 0.100]
    Layer 23: sigma=[0.171, 0.247, 0.209, 0.100, 0.100, 0.100, 0.116, 0.100, 0.100, 0.255, 0.100, 0.100, 0.100, 0.100, 0.100, 0.100, 0.100, 0.100, 0.100, 0.100, 0.100, 0.100, 0.100, 0.100, 0.100, 0.100, 0.100, 0.100, 0.100, 0.109, 0.225, 0.259]
    Layer 24: sigma=[0.100, 0.100, 0.100, 0.100, 0.100, 0.100, 0.100, 0.100, 0.100, 0.100, 0.100, 0.100, 0.100, 0.100, 0.100, 0.189, 0.100, 0.100, 0.100, 0.100, 0.100, 0.100, 0.100, 0.100, 0.209, 0.338, 0.100, 0.370, 0.100, 0.100, 0.100, 0.100]
    Layer 25: sigma=[0.100, 0.100, 0.100, 0.100, 0.110, 0.100, 0.100, 0.100, 0.100, 0.100, 0.100, 0.100, 0.100, 0.100, 0.112, 0.100, 0.100, 0.100, 0.100, 0.100, 0.100, 0.100, 0.100, 0.100, 0.100, 0.100, 0.100, 0.100, 0.100, 0.100, 0.100, 0.100]
    Layer 26: sigma=[0.100, 0.100, 0.100, 0.100, 0.100, 0.100, 0.100, 0.100, 0.100, 0.100, 0.100, 0.100, 0.100, 0.100, 0.100, 0.100, 0.100, 0.100, 0.100, 0.100, 0.100, 0.100, 0.100, 0.100, 0.100, 0.100, 0.100, 0.100, 0.100, 0.100, 0.100, 0.100]
    Layer 27: sigma=[0.100, 0.100, 0.100, 0.100, 0.100, 0.100, 0.100, 0.100, 0.100, 0.100, 0.100, 0.100, 0.100, 0.100, 0.100, 0.100, 0.100, 0.100, 0.100, 0.100, 0.100, 0.100, 0.100, 0.100, 0.100, 0.100, 0.100, 0.100, 0.100, 0.132, 0.100, 0.100]
    Layer 28: sigma=[0.100, 0.100, 0.100, 0.100, 0.100, 0.124, 0.100, 0.100, 0.100, 0.100, 0.100, 0.100, 0.100, 0.100, 0.100, 0.100, 0.100, 0.100, 0.100, 0.100, 0.100, 0.100, 0.100, 0.100, 0.100, 0.100, 0.100, 0.100, 0.100, 0.100, 0.100, 0.100]
    Layer 29: sigma=[0.100, 0.100, 0.100, 0.100, 0.100, 0.100, 0.100, 0.100, 0.100, 0.100, 0.100, 0.100, 0.100, 0.100, 0.100, 0.100, 0.100, 0.100, 0.100, 0.100, 0.100, 0.100, 0.100, 0.100, 0.100, 0.100, 0.100, 0.100, 0.100, 0.100, 0.100, 0.100]
    Layer 30: sigma=[0.100, 0.100, 0.100, 0.100, 0.100, 0.100, 0.100, 0.100, 0.100, 0.100, 0.100, 0.100, 0.100, 0.100, 0.100, 0.100, 0.105, 0.100, 0.100, 0.100, 0.100, 0.100, 0.100, 0.100, 0.100, 0.100, 0.100, 0.100, 0.100, 0.100, 0.100, 0.100]
    Layer 31: sigma=[0.100, 0.100, 0.100, 0.100, 0.100, 0.100, 0.100, 0.100, 0.100, 0.100, 0.100, 0.100, 0.100, 0.100, 0.100, 0.100, 0.100, 0.100, 0.100, 0.108, 0.100, 0.100, 0.100, 0.100, 0.100, 0.100, 0.100, 0.100, 0.100, 0.100, 0.100, 0.100]
    Layer 32: sigma=[0.100, 0.100, 0.100, 0.100, 0.100, 0.100, 0.100, 0.100, 0.100, 0.100, 0.100, 0.100, 0.100, 0.100, 0.100, 0.100, 0.100, 0.100, 0.100, 0.100, 0.100, 0.100, 0.100, 0.100, 0.100, 0.100, 0.100, 0.100, 0.100, 0.100, 0.100, 0.100]
    Layer 33: sigma=[0.100, 0.100, 0.100, 0.100, 0.100, 0.100, 0.100, 0.100, 0.100, 0.100, 0.100, 0.100, 0.100, 0.100, 0.100, 0.100, 0.100, 0.100, 0.100, 0.100, 0.100, 0.100, 0.100, 0.100, 0.100, 0.100, 0.100, 0.100, 0.100, 0.100, 0.100, 0.100]
    Layer 34: sigma=[0.100, 0.100, 0.100, 0.100, 0.100, 0.100, 0.100, 0.100, 0.100, 0.100, 0.100, 0.117, 0.100, 0.100, 0.102, 0.100, 0.100, 0.100, 0.100, 0.100, 0.100, 0.100, 0.100, 0.100, 0.100, 0.100, 0.100, 0.100, 0.100, 0.100, 0.100, 0.100]
    Layer 35: sigma=[0.100, 0.100, 0.100, 0.100, 0.112, 0.100, 0.100, 0.100, 0.100, 0.100, 0.100, 0.100, 0.100, 0.100, 0.100, 0.100, 0.100, 0.100, 0.100, 0.100, 0.100, 0.100, 0.114, 0.100, 0.100, 0.100, 0.100, 0.100, 0.100, 0.100, 0.100, 0.100]

  [Taylor Step 3/3] g_proj = v_proj * alpha (damping=0.01)...
    Layer  0: alpha=0.060401  teacher_rms=0.0163  v_rms=0.0027
    Layer  1: alpha=0.060880  teacher_rms=0.0205  v_rms=0.0034
    Layer  2: alpha=0.056941  teacher_rms=0.0214  v_rms=0.0038
    Layer  3: alpha=0.048881  teacher_rms=0.0259  v_rms=0.0053
    Layer  4: alpha=0.047431  teacher_rms=0.0304  v_rms=0.0064
    Layer  5: alpha=0.061883  teacher_rms=0.0409  v_rms=0.0066
    Layer  6: alpha=0.078259  teacher_rms=0.0621  v_rms=0.0079
    Layer  7: alpha=0.046159  teacher_rms=0.0530  v_rms=0.0115
    Layer  8: alpha=0.047288  teacher_rms=0.0708  v_rms=0.0150
    Layer  9: alpha=0.035126  teacher_rms=0.0713  v_rms=0.0203
    Layer 10: alpha=0.051225  teacher_rms=0.1092  v_rms=0.0213
    Layer 11: alpha=0.063223  teacher_rms=0.1046  v_rms=0.0165
    Layer 12: alpha=0.059646  teacher_rms=0.1207  v_rms=0.0202
    Layer 13: alpha=0.053162  teacher_rms=0.1040  v_rms=0.0196
    Layer 14: alpha=0.064142  teacher_rms=0.1547  v_rms=0.0241
    Layer 16: alpha=0.042805  teacher_rms=0.1473  v_rms=0.0344
    Layer 17: alpha=0.044885  teacher_rms=0.1753  v_rms=0.0391
    Layer 18: alpha=0.045193  teacher_rms=0.1990  v_rms=0.0440
    Layer 19: alpha=0.053503  teacher_rms=0.2060  v_rms=0.0385
    Layer 20: alpha=0.055176  teacher_rms=0.1966  v_rms=0.0356
    Layer 21: alpha=0.049565  teacher_rms=0.2373  v_rms=0.0479
    Layer 22: alpha=0.056277  teacher_rms=0.2834  v_rms=0.0504
    Layer 23: alpha=0.049310  teacher_rms=0.3098  v_rms=0.0628
    Layer 24: alpha=0.033658  teacher_rms=0.2897  v_rms=0.0861
    Layer 25: alpha=0.039834  teacher_rms=0.2376  v_rms=0.0596
    Layer 26: alpha=0.029256  teacher_rms=0.2124  v_rms=0.0726
    Layer 27: alpha=0.036763  teacher_rms=0.3083  v_rms=0.0839
    Layer 28: alpha=0.042462  teacher_rms=0.3705  v_rms=0.0873
    Layer 29: alpha=0.017344  teacher_rms=0.2548  v_rms=0.1469
    Layer 30: alpha=0.028995  teacher_rms=0.4297  v_rms=0.1482
    Layer 31: alpha=0.021190  teacher_rms=0.3785  v_rms=0.1786
    Layer 32: alpha=0.023899  teacher_rms=0.5288  v_rms=0.2213
    Layer 33: alpha=0.018560  teacher_rms=0.6404  v_rms=0.3451
    Layer 34: alpha=0.033075  teacher_rms=1.0325  v_rms=0.3122
    Layer 35: alpha=0.059707  teacher_rms=1.0168  v_rms=0.1703

  Set g_proj = v_proj * alpha in 35 GDN layers (damping=0.01).
  Init (taylor_init) done in 335.2s
  Layer 15: PPL = 10554732.00  (eval 17.2s)

============================================================
  Probing layer 16 | strategy=taylor_init
============================================================
Loading checkpoint shards:   0%|          | 0/4 [00:00<?, ?it/s]Loading checkpoint shards: 100%|██████████| 4/4 [00:00<00:00, 91.45it/s]
Could not cache non-existence of file. Will ignore error and continue. Error: [Errno 13] Permission denied: '/data/shared/huggingface/hub/models--Qwen--Qwen3-8B/.no_exist/b968826d9c46dd6066d109eabc6255188de91218/model.safetensors'
Loading checkpoint shards:   0%|          | 0/5 [00:00<?, ?it/s]Loading checkpoint shards: 100%|██████████| 5/5 [00:00<00:00, 82.74it/s]
Token indices sequence length is longer than the specified maximum sequence length for this model (2429029 > 131072). Running this sequence through the model will result in indexing errors
  [Taylor Step 1/3] Gate calibration from attention stats...
    Layer  0: dist=[32, 3, 12, 35, 12, 26, 9, 11, 19, 6, 8, 9, 18, 34, 31, 10, 16, 19, 16, 14, 13, 23, 4, 12, 5, 52, 10, 43, 15, 36, 15, 14]
    Layer  1: dist=[19, 38, 25, 44, 3, 15, 31, 11, 45, 36, 65, 60, 34, 47, 51, 38, 32, 54, 57, 33, 56, 24, 40, 40, 37, 9, 44, 41, 83, 31, 37, 49]
    Layer  2: dist=[65, 65, 67, 62, 26, 45, 33, 43, 39, 47, 56, 56, 53, 46, 46, 60, 61, 49, 54, 43, 49, 67, 48, 50, 25, 24, 21, 35, 73, 73, 77, 74]
    Layer  3: dist=[65, 26, 13, 22, 87, 93, 83, 73, 56, 53, 62, 58, 90, 73, 75, 74, 59, 62, 51, 67, 74, 60, 64, 65, 64, 56, 52, 59, 70, 63, 72, 65]
    Layer  4: dist=[62, 63, 73, 67, 73, 56, 61, 89, 68, 69, 63, 60, 55, 55, 71, 61, 62, 65, 67, 70, 64, 61, 47, 64, 41, 51, 48, 34, 51, 66, 55, 55]
    Layer  5: dist=[36, 48, 55, 35, 61, 68, 52, 51, 5, 18, 73, 61, 54, 78, 59, 52, 41, 32, 50, 48, 51, 55, 48, 59, 73, 73, 80, 80, 43, 44, 46, 58]
    Layer  6: dist=[27, 40, 30, 31, 52, 46, 67, 61, 46, 25, 43, 38, 56, 64, 56, 30, 47, 34, 45, 40, 20, 30, 32, 14, 35, 50, 32, 49, 47, 43, 37, 53]
    Layer  7: dist=[55, 60, 64, 87, 126, 114, 127, 121, 88, 119, 99, 72, 108, 23, 53, 97, 80, 101, 85, 81, 106, 86, 112, 116, 64, 78, 47, 86, 97, 101, 101, 106]
    Layer  8: dist=[83, 87, 90, 58, 81, 77, 69, 78, 86, 99, 87, 90, 94, 86, 96, 70, 116, 107, 103, 96, 92, 106, 100, 111, 92, 72, 95, 67, 84, 72, 79, 74]
    Layer  9: dist=[76, 60, 61, 67, 83, 97, 96, 74, 123, 120, 118, 112, 27, 87, 63, 85, 93, 100, 114, 125, 87, 77, 60, 70, 119, 81, 91, 97, 125, 113, 127, 123]
    Layer 10: dist=[76, 71, 58, 74, 85, 102, 64, 74, 63, 88, 106, 49, 88, 67, 82, 86, 87, 102, 100, 107, 88, 60, 107, 90, 93, 107, 84, 77, 76, 65, 82, 90]
    Layer 11: dist=[78, 65, 79, 48, 53, 61, 78, 77, 102, 123, 109, 93, 82, 64, 65, 69, 69, 63, 61, 51, 77, 107, 89, 87, 67, 59, 56, 54, 95, 55, 55, 94]
    Layer 12: dist=[21, 72, 79, 61, 87, 83, 66, 70, 63, 62, 74, 77, 86, 81, 82, 87, 39, 68, 59, 94, 102, 112, 97, 103, 93, 2, 107, 38, 81, 88, 113, 91]
    Layer 13: dist=[52, 68, 66, 62, 52, 51, 65, 40, 86, 63, 99, 122, 128, 115, 109, 124, 85, 72, 57, 61, 93, 55, 83, 90, 84, 59, 72, 76, 113, 111, 96, 99]
    Layer 14: dist=[44, 64, 65, 46, 62, 45, 64, 65, 54, 57, 70, 68, 69, 76, 65, 67, 77, 86, 51, 64, 65, 31, 51, 81, 52, 67, 73, 64, 85, 88, 8, 89]
    Layer 15: dist=[80, 44, 79, 38, 37, 38, 79, 67, 90, 60, 46, 104, 68, 107, 79, 89, 61, 57, 64, 68, 58, 60, 50, 51, 49, 34, 86, 62, 72, 84, 71, 49]
    Layer 17: dist=[111, 95, 79, 67, 53, 57, 39, 47, 90, 108, 79, 100, 40, 57, 71, 74, 44, 61, 61, 42, 75, 98, 93, 97, 58, 55, 57, 52, 53, 79, 93, 67]
    Layer 18: dist=[34, 45, 35, 33, 56, 78, 74, 57, 64, 67, 66, 79, 61, 60, 57, 62, 46, 74, 72, 52, 68, 47, 65, 96, 58, 62, 61, 63, 52, 53, 79, 56]
    Layer 19: dist=[73, 64, 63, 62, 76, 103, 54, 71, 81, 85, 84, 93, 63, 57, 75, 63, 84, 85, 49, 49, 21, 50, 33, 49, 102, 106, 102, 116, 77, 77, 73, 72]
    Layer 20: dist=[89, 79, 80, 77, 78, 51, 49, 57, 40, 36, 43, 39, 92, 79, 87, 96, 45, 51, 56, 39, 73, 111, 101, 98, 125, 97, 105, 85, 93, 79, 108, 108]
    Layer 21: dist=[44, 50, 56, 68, 115, 65, 96, 118, 118, 61, 71, 69, 46, 41, 44, 42, 75, 75, 83, 65, 89, 99, 95, 96, 64, 62, 60, 80, 73, 79, 60, 88]
    Layer 22: dist=[73, 60, 67, 63, 52, 72, 45, 56, 37, 49, 45, 59, 18, 86, 61, 64, 33, 79, 76, 41, 102, 115, 120, 121, 101, 84, 91, 95, 114, 92, 103, 95]
    Layer 23: dist=[39, 30, 48, 39, 110, 111, 41, 102, 79, 36, 45, 63, 75, 72, 79, 77, 82, 75, 74, 94, 72, 93, 82, 76, 78, 72, 68, 100, 91, 90, 83, 78]
    Layer 24: dist=[79, 124, 109, 101, 99, 109, 111, 97, 102, 105, 104, 84, 78, 75, 89, 74, 81, 86, 98, 88, 120, 103, 102, 117, 65, 73, 79, 51, 95, 111, 98, 88]
    Layer 25: dist=[105, 121, 118, 94, 71, 72, 107, 80, 96, 97, 85, 90, 65, 89, 50, 68, 93, 99, 97, 89, 102, 111, 105, 108, 110, 110, 99, 108, 88, 125, 98, 88]
    Layer 26: dist=[80, 88, 106, 68, 115, 113, 113, 110, 102, 107, 105, 98, 100, 124, 116, 116, 86, 93, 99, 95, 102, 113, 122, 114, 99, 97, 102, 93, 115, 96, 114, 95]
    Layer 27: dist=[87, 108, 103, 117, 98, 105, 101, 86, 77, 100, 107, 99, 78, 109, 80, 86, 96, 99, 99, 104, 91, 112, 113, 92, 110, 113, 116, 117, 107, 77, 92, 117]
    Layer 28: dist=[103, 92, 102, 102, 82, 63, 80, 76, 96, 107, 92, 89, 112, 105, 96, 101, 112, 104, 104, 108, 119, 71, 60, 89, 91, 88, 99, 99, 92, 92, 71, 95]
    Layer 29: dist=[113, 114, 114, 113, 90, 112, 94, 114, 119, 113, 122, 105, 120, 120, 119, 120, 116, 106, 115, 121, 123, 123, 107, 125, 100, 114, 97, 92, 106, 95, 106, 109]
    Layer 30: dist=[75, 102, 99, 100, 102, 100, 90, 67, 117, 117, 115, 120, 105, 104, 113, 101, 97, 78, 120, 122, 51, 120, 100, 110, 119, 119, 119, 118, 106, 110, 107, 102]
    Layer 31: dist=[119, 117, 99, 98, 112, 113, 114, 116, 114, 77, 87, 91, 117, 116, 117, 115, 101, 101, 106, 94, 119, 116, 108, 119, 112, 109, 89, 120, 112, 106, 102, 110]
    Layer 32: dist=[110, 114, 114, 111, 116, 119, 116, 117, 110, 111, 117, 115, 93, 113, 108, 91, 118, 106, 109, 111, 123, 92, 114, 120, 71, 95, 80, 105, 116, 107, 99, 103]
    Layer 33: dist=[102, 120, 112, 119, 91, 102, 57, 94, 116, 116, 113, 113, 114, 115, 113, 116, 114, 117, 106, 109, 112, 96, 110, 113, 111, 119, 122, 118, 110, 111, 107, 104]
    Layer 34: dist=[110, 109, 112, 113, 105, 111, 108, 102, 53, 93, 114, 86, 117, 115, 120, 81, 82, 89, 126, 55, 119, 51, 118, 119, 122, 122, 125, 122, 54, 62, 68, 109]
    Layer 35: dist=[105, 123, 71, 97, 82, 36, 112, 100, 85, 94, 112, 96, 63, 28, 49, 40, 98, 74, 84, 48, 90, 102, 55, 54, 66, 49, 68, 72, 73, 115, 122, 117]

  [Taylor Step 2/3] OLS sigma per head (scaling V, streaming)...
    Layer  0: sigma=[0.613, 0.100, 0.100, 0.100, 0.332, 0.378, 0.100, 0.100, 0.100, 0.147, 0.100, 0.100, 0.100, 0.100, 0.100, 0.259, 0.100, 0.100, 0.100, 0.100, 0.100, 0.100, 0.100, 0.100, 0.100, 0.100, 0.351, 0.100, 0.100, 0.100, 0.161, 0.100]
    Layer  1: sigma=[0.350, 0.100, 0.100, 0.100, 0.100, 0.100, 0.100, 0.100, 0.100, 0.168, 0.246, 0.100, 0.100, 0.100, 0.100, 0.100, 0.100, 0.100, 0.100, 0.100, 0.100, 0.100, 0.100, 0.120, 0.100, 0.100, 0.116, 0.100, 0.100, 0.100, 0.100, 0.100]
    Layer  2: sigma=[0.100, 0.100, 0.100, 0.100, 0.100, 0.100, 0.100, 0.100, 0.109, 0.100, 0.100, 0.100, 0.100, 0.145, 0.100, 0.100, 0.100, 0.221, 0.100, 0.100, 0.100, 0.100, 0.100, 0.100, 0.100, 0.169, 0.100, 0.100, 0.100, 0.100, 0.100, 0.100]
    Layer  3: sigma=[0.100, 0.325, 0.100, 0.160, 0.100, 0.100, 0.100, 0.100, 0.100, 0.100, 0.100, 0.100, 0.100, 0.100, 0.100, 0.100, 0.100, 0.100, 0.100, 0.100, 0.100, 0.109, 0.100, 0.100, 0.100, 0.100, 0.100, 0.100, 0.100, 0.100, 0.100, 0.100]
    Layer  4: sigma=[0.100, 0.100, 0.100, 0.100, 0.100, 0.100, 0.100, 0.100, 0.100, 0.100, 0.100, 0.100, 0.100, 0.100, 0.100, 0.100, 0.100, 0.100, 0.100, 0.100, 0.134, 0.139, 0.318, 0.100, 0.100, 0.100, 0.100, 0.100, 0.100, 0.100, 0.100, 0.100]
    Layer  5: sigma=[0.100, 0.100, 0.100, 0.100, 0.100, 0.100, 0.100, 0.100, 0.100, 0.132, 0.100, 0.114, 0.100, 0.100, 0.100, 0.122, 0.100, 0.177, 0.100, 0.100, 0.100, 0.100, 0.100, 0.100, 0.100, 0.100, 0.100, 0.100, 0.100, 0.100, 0.100, 0.100]
    Layer  6: sigma=[0.100, 0.100, 0.100, 0.100, 0.100, 0.100, 0.100, 0.100, 0.100, 0.100, 0.100, 0.100, 0.100, 0.100, 0.100, 0.100, 0.100, 0.100, 0.100, 0.100, 0.156, 0.100, 0.100, 0.100, 0.100, 0.100, 0.100, 0.100, 0.100, 0.100, 0.100, 0.100]
    Layer  7: sigma=[0.100, 0.153, 0.100, 0.100, 0.116, 0.100, 0.100, 0.100, 0.100, 0.100, 0.100, 0.100, 0.100, 0.100, 0.100, 0.100, 0.100, 0.100, 0.100, 0.100, 0.100, 0.100, 0.100, 0.100, 0.100, 0.100, 0.100, 0.100, 0.100, 0.100, 0.100, 0.100]
    Layer  8: sigma=[0.100, 0.100, 0.100, 0.100, 0.100, 0.100, 0.100, 0.100, 0.100, 0.100, 0.100, 0.100, 0.100, 0.100, 0.100, 0.100, 0.100, 0.100, 0.100, 0.100, 0.100, 0.100, 0.100, 0.100, 0.100, 0.100, 0.100, 0.183, 0.100, 0.100, 0.100, 0.100]
    Layer  9: sigma=[0.100, 0.100, 0.100, 0.100, 0.100, 0.100, 0.100, 0.100, 0.100, 0.100, 0.100, 0.100, 0.100, 0.100, 0.565, 0.135, 0.100, 0.100, 0.100, 0.100, 0.100, 0.100, 0.100, 0.100, 0.100, 0.100, 0.100, 0.100, 0.100, 0.100, 0.100, 0.100]
    Layer 10: sigma=[0.100, 0.100, 0.100, 0.100, 0.100, 0.100, 0.100, 0.100, 0.100, 0.100, 0.100, 0.100, 0.100, 0.100, 0.100, 0.100, 0.100, 0.100, 0.100, 0.100, 0.100, 0.100, 0.100, 0.100, 0.100, 0.100, 0.100, 0.100, 0.100, 0.100, 0.100, 0.100]
    Layer 11: sigma=[0.100, 0.100, 0.100, 0.100, 0.136, 0.100, 0.100, 0.100, 0.100, 0.102, 0.100, 0.100, 0.100, 0.100, 0.274, 0.100, 0.100, 0.100, 0.100, 0.100, 0.100, 0.100, 0.100, 0.100, 0.100, 0.100, 0.164, 0.100, 0.100, 0.100, 0.100, 0.100]
    Layer 12: sigma=[0.100, 0.100, 0.100, 0.100, 0.100, 0.100, 0.100, 0.100, 0.100, 0.104, 0.100, 0.107, 0.100, 0.100, 0.100, 0.100, 0.100, 0.324, 0.147, 0.100, 0.100, 0.100, 0.100, 0.100, 0.100, 0.100, 0.100, 0.204, 0.100, 0.100, 0.113, 0.100]
    Layer 13: sigma=[0.222, 0.100, 0.100, 0.316, 0.100, 0.100, 0.100, 0.100, 0.100, 0.100, 0.100, 0.100, 0.100, 0.100, 0.100, 0.100, 0.100, 0.100, 0.100, 0.100, 0.100, 0.100, 0.100, 0.100, 0.100, 0.100, 0.100, 0.100, 0.100, 0.100, 0.100, 0.100]
    Layer 14: sigma=[0.100, 0.100, 0.100, 0.100, 0.100, 0.301, 0.100, 0.100, 0.100, 0.100, 0.100, 0.100, 0.100, 0.100, 0.100, 0.100, 0.100, 0.100, 0.100, 0.100, 0.100, 0.100, 0.100, 0.100, 0.121, 0.111, 0.100, 0.100, 0.100, 0.100, 0.100, 0.100]
    Layer 15: sigma=[0.100, 0.176, 0.100, 0.100, 0.100, 0.105, 0.100, 0.100, 0.100, 0.100, 0.100, 0.100, 0.209, 0.100, 0.100, 0.100, 0.100, 0.100, 0.100, 0.100, 0.100, 0.100, 0.100, 0.100, 0.128, 0.100, 0.100, 0.100, 0.100, 0.100, 0.100, 0.100]
    Layer 17: sigma=[0.100, 0.100, 0.100, 0.100, 0.100, 0.138, 0.100, 0.100, 0.100, 0.100, 0.100, 0.100, 0.100, 0.100, 0.100, 0.100, 0.138, 0.100, 0.100, 0.338, 0.100, 0.100, 0.100, 0.104, 0.150, 0.100, 0.380, 0.100, 0.100, 0.100, 0.100, 0.100]
    Layer 18: sigma=[0.100, 0.468, 0.100, 0.100, 0.100, 0.100, 0.100, 0.185, 0.100, 0.100, 0.100, 0.100, 0.100, 0.100, 0.100, 0.100, 0.171, 0.100, 0.100, 0.100, 0.100, 0.100, 0.100, 0.100, 0.100, 0.100, 0.100, 0.100, 0.100, 0.100, 0.100, 0.100]
    Layer 19: sigma=[0.100, 0.100, 0.100, 0.100, 0.100, 0.100, 0.100, 0.100, 0.100, 0.100, 0.100, 0.100, 0.125, 0.100, 0.100, 0.211, 0.100, 0.100, 0.100, 0.305, 0.100, 0.100, 0.100, 0.103, 0.100, 0.100, 0.100, 0.100, 0.100, 0.100, 0.100, 0.100]
    Layer 20: sigma=[0.100, 0.100, 0.100, 0.100, 0.100, 0.154, 0.100, 0.100, 0.166, 0.105, 0.100, 0.100, 0.100, 0.100, 0.100, 0.112, 0.100, 0.100, 0.100, 0.100, 0.100, 0.100, 0.100, 0.100, 0.100, 0.100, 0.100, 0.100, 0.100, 0.100, 0.100, 0.100]
    Layer 21: sigma=[0.100, 0.121, 0.100, 0.100, 0.100, 0.100, 0.100, 0.100, 0.100, 0.150, 0.100, 0.305, 0.100, 0.100, 0.127, 0.100, 0.100, 0.100, 0.100, 0.100, 0.100, 0.106, 0.100, 0.100, 0.245, 0.100, 0.100, 0.100, 0.100, 0.100, 0.266, 0.100]
    Layer 22: sigma=[0.170, 0.100, 0.100, 0.100, 0.182, 0.145, 0.100, 0.287, 0.100, 0.100, 0.100, 0.100, 0.100, 0.100, 0.100, 0.107, 0.100, 0.100, 0.100, 0.100, 0.100, 0.100, 0.100, 0.100, 0.100, 0.100, 0.100, 0.100, 0.100, 0.100, 0.100, 0.100]
    Layer 23: sigma=[0.179, 0.233, 0.162, 0.100, 0.100, 0.100, 0.128, 0.100, 0.100, 0.279, 0.100, 0.100, 0.100, 0.100, 0.106, 0.100, 0.100, 0.100, 0.100, 0.100, 0.100, 0.100, 0.100, 0.100, 0.100, 0.100, 0.100, 0.100, 0.100, 0.100, 0.124, 0.247]
    Layer 24: sigma=[0.100, 0.100, 0.100, 0.100, 0.100, 0.100, 0.100, 0.100, 0.100, 0.100, 0.100, 0.100, 0.100, 0.100, 0.100, 0.170, 0.100, 0.100, 0.100, 0.100, 0.100, 0.100, 0.100, 0.100, 0.199, 0.412, 0.100, 0.386, 0.100, 0.100, 0.100, 0.100]
    Layer 25: sigma=[0.100, 0.100, 0.100, 0.100, 0.100, 0.100, 0.100, 0.100, 0.100, 0.100, 0.100, 0.100, 0.100, 0.100, 0.116, 0.100, 0.100, 0.100, 0.100, 0.100, 0.100, 0.100, 0.100, 0.100, 0.100, 0.100, 0.100, 0.100, 0.100, 0.100, 0.100, 0.100]
    Layer 26: sigma=[0.100, 0.100, 0.100, 0.100, 0.100, 0.100, 0.100, 0.100, 0.100, 0.100, 0.100, 0.100, 0.100, 0.100, 0.100, 0.100, 0.100, 0.100, 0.100, 0.100, 0.100, 0.100, 0.100, 0.100, 0.100, 0.100, 0.100, 0.100, 0.100, 0.100, 0.100, 0.100]
    Layer 27: sigma=[0.100, 0.100, 0.100, 0.100, 0.100, 0.100, 0.100, 0.100, 0.100, 0.100, 0.100, 0.100, 0.100, 0.100, 0.100, 0.100, 0.100, 0.100, 0.100, 0.100, 0.100, 0.100, 0.100, 0.100, 0.100, 0.100, 0.100, 0.100, 0.100, 0.100, 0.100, 0.100]
    Layer 28: sigma=[0.100, 0.100, 0.100, 0.100, 0.100, 0.120, 0.100, 0.140, 0.100, 0.100, 0.100, 0.100, 0.100, 0.100, 0.100, 0.100, 0.100, 0.100, 0.100, 0.100, 0.100, 0.100, 0.100, 0.100, 0.100, 0.100, 0.100, 0.100, 0.100, 0.100, 0.100, 0.100]
    Layer 29: sigma=[0.100, 0.100, 0.100, 0.100, 0.100, 0.100, 0.100, 0.100, 0.100, 0.100, 0.100, 0.100, 0.100, 0.100, 0.100, 0.100, 0.100, 0.100, 0.100, 0.100, 0.100, 0.100, 0.100, 0.100, 0.100, 0.100, 0.100, 0.100, 0.100, 0.100, 0.100, 0.100]
    Layer 30: sigma=[0.100, 0.100, 0.100, 0.100, 0.100, 0.100, 0.100, 0.100, 0.100, 0.100, 0.100, 0.100, 0.100, 0.100, 0.100, 0.100, 0.104, 0.100, 0.100, 0.100, 0.100, 0.100, 0.100, 0.100, 0.100, 0.100, 0.100, 0.100, 0.100, 0.100, 0.100, 0.100]
    Layer 31: sigma=[0.100, 0.100, 0.100, 0.100, 0.100, 0.100, 0.100, 0.100, 0.100, 0.100, 0.100, 0.100, 0.100, 0.100, 0.100, 0.100, 0.100, 0.100, 0.100, 0.101, 0.100, 0.100, 0.100, 0.100, 0.100, 0.100, 0.100, 0.100, 0.100, 0.100, 0.100, 0.100]
    Layer 32: sigma=[0.100, 0.100, 0.100, 0.100, 0.100, 0.100, 0.100, 0.100, 0.100, 0.100, 0.100, 0.100, 0.100, 0.100, 0.100, 0.100, 0.100, 0.100, 0.100, 0.100, 0.100, 0.100, 0.100, 0.100, 0.100, 0.100, 0.100, 0.100, 0.100, 0.100, 0.100, 0.100]
    Layer 33: sigma=[0.100, 0.100, 0.100, 0.100, 0.100, 0.100, 0.100, 0.100, 0.100, 0.100, 0.100, 0.100, 0.100, 0.100, 0.100, 0.100, 0.100, 0.100, 0.100, 0.100, 0.100, 0.100, 0.100, 0.100, 0.100, 0.100, 0.100, 0.100, 0.100, 0.100, 0.100, 0.100]
    Layer 34: sigma=[0.100, 0.100, 0.100, 0.100, 0.100, 0.100, 0.100, 0.100, 0.100, 0.100, 0.100, 0.100, 0.100, 0.100, 0.100, 0.100, 0.100, 0.100, 0.100, 0.100, 0.100, 0.100, 0.100, 0.100, 0.100, 0.100, 0.100, 0.100, 0.100, 0.100, 0.100, 0.100]
    Layer 35: sigma=[0.100, 0.100, 0.100, 0.100, 0.100, 0.100, 0.100, 0.100, 0.100, 0.100, 0.100, 0.100, 0.100, 0.100, 0.100, 0.100, 0.100, 0.100, 0.100, 0.100, 0.100, 0.100, 0.107, 0.100, 0.100, 0.100, 0.100, 0.100, 0.100, 0.100, 0.100, 0.100]

  [Taylor Step 3/3] g_proj = v_proj * alpha (damping=0.01)...
    Layer  0: alpha=0.060539  teacher_rms=0.0163  v_rms=0.0027
    Layer  1: alpha=0.060780  teacher_rms=0.0205  v_rms=0.0034
    Layer  2: alpha=0.057044  teacher_rms=0.0214  v_rms=0.0038
    Layer  3: alpha=0.048602  teacher_rms=0.0259  v_rms=0.0053
    Layer  4: alpha=0.047343  teacher_rms=0.0304  v_rms=0.0064
    Layer  5: alpha=0.061913  teacher_rms=0.0409  v_rms=0.0066
    Layer  6: alpha=0.078306  teacher_rms=0.0621  v_rms=0.0079
    Layer  7: alpha=0.046000  teacher_rms=0.0530  v_rms=0.0115
    Layer  8: alpha=0.047270  teacher_rms=0.0708  v_rms=0.0150
    Layer  9: alpha=0.035378  teacher_rms=0.0713  v_rms=0.0202
    Layer 10: alpha=0.051225  teacher_rms=0.1092  v_rms=0.0213
    Layer 11: alpha=0.061970  teacher_rms=0.1046  v_rms=0.0169
    Layer 12: alpha=0.060533  teacher_rms=0.1207  v_rms=0.0199
    Layer 13: alpha=0.053833  teacher_rms=0.1040  v_rms=0.0193
    Layer 14: alpha=0.068806  teacher_rms=0.1547  v_rms=0.0225
    Layer 15: alpha=0.058142  teacher_rms=0.1576  v_rms=0.0271
    Layer 17: alpha=0.045732  teacher_rms=0.1753  v_rms=0.0383
    Layer 18: alpha=0.044943  teacher_rms=0.1990  v_rms=0.0443
    Layer 19: alpha=0.054219  teacher_rms=0.2060  v_rms=0.0380
    Layer 20: alpha=0.058490  teacher_rms=0.1966  v_rms=0.0336
    Layer 21: alpha=0.048749  teacher_rms=0.2373  v_rms=0.0487
    Layer 22: alpha=0.053095  teacher_rms=0.2834  v_rms=0.0534
    Layer 23: alpha=0.051618  teacher_rms=0.3098  v_rms=0.0600
    Layer 24: alpha=0.032518  teacher_rms=0.2897  v_rms=0.0891
    Layer 25: alpha=0.039892  teacher_rms=0.2376  v_rms=0.0596
    Layer 26: alpha=0.029256  teacher_rms=0.2124  v_rms=0.0726
    Layer 27: alpha=0.037093  teacher_rms=0.3083  v_rms=0.0831
    Layer 28: alpha=0.042031  teacher_rms=0.3705  v_rms=0.0882
    Layer 29: alpha=0.017344  teacher_rms=0.2548  v_rms=0.1469
    Layer 30: alpha=0.029008  teacher_rms=0.4297  v_rms=0.1481
    Layer 31: alpha=0.021212  teacher_rms=0.3785  v_rms=0.1784
    Layer 32: alpha=0.023899  teacher_rms=0.5288  v_rms=0.2213
    Layer 33: alpha=0.018560  teacher_rms=0.6404  v_rms=0.3451
    Layer 34: alpha=0.033190  teacher_rms=1.0325  v_rms=0.3111
    Layer 35: alpha=0.060001  teacher_rms=1.0168  v_rms=0.1695

  Set g_proj = v_proj * alpha in 35 GDN layers (damping=0.01).
  Init (taylor_init) done in 488.1s
  Layer 16: PPL = 5177422.50  (eval 18.9s)

============================================================
  Probing layer 17 | strategy=taylor_init
============================================================
Loading checkpoint shards:   0%|          | 0/4 [00:00<?, ?it/s]Loading checkpoint shards: 100%|██████████| 4/4 [00:00<00:00, 56.75it/s]
Could not cache non-existence of file. Will ignore error and continue. Error: [Errno 13] Permission denied: '/data/shared/huggingface/hub/models--Qwen--Qwen3-8B/.no_exist/b968826d9c46dd6066d109eabc6255188de91218/model.safetensors'
Loading checkpoint shards:   0%|          | 0/5 [00:00<?, ?it/s]Loading checkpoint shards: 100%|██████████| 5/5 [00:00<00:00, 189.80it/s]
Token indices sequence length is longer than the specified maximum sequence length for this model (2429029 > 131072). Running this sequence through the model will result in indexing errors
  [Taylor Step 1/3] Gate calibration from attention stats...
    Layer  0: dist=[32, 3, 12, 35, 12, 26, 9, 11, 19, 6, 8, 9, 18, 34, 31, 10, 16, 19, 16, 14, 13, 23, 4, 12, 5, 52, 10, 43, 15, 36, 15, 14]
    Layer  1: dist=[19, 38, 25, 44, 3, 15, 31, 11, 45, 36, 65, 60, 34, 47, 51, 38, 32, 54, 57, 33, 56, 24, 40, 40, 37, 9, 44, 41, 83, 31, 37, 49]
    Layer  2: dist=[65, 65, 67, 62, 26, 45, 33, 43, 39, 47, 56, 56, 53, 46, 46, 60, 61, 49, 54, 43, 49, 67, 48, 50, 25, 24, 21, 35, 73, 73, 77, 74]
    Layer  3: dist=[65, 26, 13, 22, 87, 93, 83, 73, 56, 53, 62, 58, 90, 73, 75, 74, 59, 62, 51, 67, 74, 60, 64, 65, 64, 56, 52, 59, 70, 63, 72, 65]
    Layer  4: dist=[62, 63, 73, 67, 73, 56, 61, 89, 68, 69, 63, 60, 55, 55, 71, 61, 62, 65, 67, 70, 64, 61, 47, 64, 41, 51, 48, 34, 51, 66, 55, 55]
    Layer  5: dist=[36, 48, 55, 35, 61, 68, 52, 51, 5, 18, 73, 61, 54, 78, 59, 52, 41, 32, 50, 48, 51, 55, 48, 59, 73, 73, 80, 80, 43, 44, 46, 58]
    Layer  6: dist=[27, 40, 30, 31, 52, 46, 67, 61, 46, 25, 43, 38, 56, 64, 56, 30, 47, 34, 45, 40, 20, 30, 32, 14, 35, 50, 32, 49, 47, 43, 37, 53]
    Layer  7: dist=[55, 60, 64, 87, 126, 114, 127, 121, 88, 119, 99, 72, 108, 23, 53, 97, 80, 101, 85, 81, 106, 86, 112, 116, 64, 78, 47, 86, 97, 101, 101, 106]
    Layer  8: dist=[83, 87, 90, 58, 81, 77, 69, 78, 86, 99, 87, 90, 94, 86, 96, 70, 116, 107, 103, 96, 92, 106, 100, 111, 92, 72, 95, 67, 84, 72, 79, 74]
    Layer  9: dist=[76, 60, 61, 67, 83, 97, 96, 74, 123, 120, 118, 112, 27, 87, 63, 85, 93, 100, 114, 125, 87, 77, 60, 70, 119, 81, 91, 97, 125, 113, 127, 123]
    Layer 10: dist=[76, 71, 58, 74, 85, 102, 64, 74, 63, 88, 106, 49, 88, 67, 82, 86, 87, 102, 100, 107, 88, 60, 107, 90, 93, 107, 84, 77, 76, 65, 82, 90]
    Layer 11: dist=[78, 65, 79, 48, 53, 61, 78, 77, 102, 123, 109, 93, 82, 64, 65, 69, 69, 63, 61, 51, 77, 107, 89, 87, 67, 59, 56, 54, 95, 55, 55, 94]
    Layer 12: dist=[21, 72, 79, 61, 87, 83, 66, 70, 63, 62, 74, 77, 86, 81, 82, 87, 39, 68, 59, 94, 102, 112, 97, 103, 93, 2, 107, 38, 81, 88, 113, 91]
    Layer 13: dist=[52, 68, 66, 62, 52, 51, 65, 40, 86, 63, 99, 122, 128, 115, 109, 124, 85, 72, 57, 61, 93, 55, 83, 90, 84, 59, 72, 76, 113, 111, 96, 99]
    Layer 14: dist=[44, 64, 65, 46, 62, 45, 64, 65, 54, 57, 70, 68, 69, 76, 65, 67, 77, 86, 51, 64, 65, 31, 51, 81, 52, 67, 73, 64, 85, 88, 8, 89]
    Layer 15: dist=[80, 44, 79, 38, 37, 38, 79, 67, 90, 60, 46, 104, 68, 107, 79, 89, 61, 57, 64, 68, 58, 60, 50, 51, 49, 34, 86, 62, 72, 84, 71, 49]
    Layer 16: dist=[61, 57, 74, 85, 55, 58, 48, 55, 54, 82, 73, 84, 90, 69, 86, 86, 68, 71, 60, 62, 115, 118, 110, 103, 71, 54, 64, 10, 58, 59, 65, 56]
    Layer 18: dist=[34, 45, 35, 33, 56, 78, 74, 57, 64, 67, 66, 79, 61, 60, 57, 62, 46, 74, 72, 52, 68, 47, 65, 96, 58, 62, 61, 63, 52, 53, 79, 56]
    Layer 19: dist=[73, 64, 63, 62, 76, 103, 54, 71, 81, 85, 84, 93, 63, 57, 75, 63, 84, 85, 49, 49, 21, 50, 33, 49, 102, 106, 102, 116, 77, 77, 73, 72]
    Layer 20: dist=[89, 79, 80, 77, 78, 51, 49, 57, 40, 36, 43, 39, 92, 79, 87, 96, 45, 51, 56, 39, 73, 111, 101, 98, 125, 97, 105, 85, 93, 79, 108, 108]
    Layer 21: dist=[44, 50, 56, 68, 115, 65, 96, 118, 118, 61, 71, 69, 46, 41, 44, 42, 75, 75, 83, 65, 89, 99, 95, 96, 64, 62, 60, 80, 73, 79, 60, 88]
    Layer 22: dist=[73, 60, 67, 63, 52, 72, 45, 56, 37, 49, 45, 59, 18, 86, 61, 64, 33, 79, 76, 41, 102, 115, 120, 121, 101, 84, 91, 95, 114, 92, 103, 95]
    Layer 23: dist=[39, 30, 48, 39, 110, 111, 41, 102, 79, 36, 45, 63, 75, 72, 79, 77, 82, 75, 74, 94, 72, 93, 82, 76, 78, 72, 68, 100, 91, 90, 83, 78]
    Layer 24: dist=[79, 124, 109, 101, 99, 109, 111, 97, 102, 105, 104, 84, 78, 75, 89, 74, 81, 86, 98, 88, 120, 103, 102, 117, 65, 73, 79, 51, 95, 111, 98, 88]
    Layer 25: dist=[105, 121, 118, 94, 71, 72, 107, 80, 96, 97, 85, 90, 65, 89, 50, 68, 93, 99, 97, 89, 102, 111, 105, 108, 110, 110, 99, 108, 88, 125, 98, 88]
    Layer 26: dist=[80, 88, 106, 68, 115, 113, 113, 110, 102, 107, 105, 98, 100, 124, 116, 116, 86, 93, 99, 95, 102, 113, 122, 114, 99, 97, 102, 93, 115, 96, 114, 95]
    Layer 27: dist=[87, 108, 103, 117, 98, 105, 101, 86, 77, 100, 107, 99, 78, 109, 80, 86, 96, 99, 99, 104, 91, 112, 113, 92, 110, 113, 116, 117, 107, 77, 92, 117]
    Layer 28: dist=[103, 92, 102, 102, 82, 63, 80, 76, 96, 107, 92, 89, 112, 105, 96, 101, 112, 104, 104, 108, 119, 71, 60, 89, 91, 88, 99, 99, 92, 92, 71, 95]
    Layer 29: dist=[113, 114, 114, 113, 90, 112, 94, 114, 119, 113, 122, 105, 120, 120, 119, 120, 116, 106, 115, 121, 123, 123, 107, 125, 100, 114, 97, 92, 106, 95, 106, 109]
    Layer 30: dist=[75, 102, 99, 100, 102, 100, 90, 67, 117, 117, 115, 120, 105, 104, 113, 101, 97, 78, 120, 122, 51, 120, 100, 110, 119, 119, 119, 118, 106, 110, 107, 102]
    Layer 31: dist=[119, 117, 99, 98, 112, 113, 114, 116, 114, 77, 87, 91, 117, 116, 117, 115, 101, 101, 106, 94, 119, 116, 108, 119, 112, 109, 89, 120, 112, 106, 102, 110]
    Layer 32: dist=[110, 114, 114, 111, 116, 119, 116, 117, 110, 111, 117, 115, 93, 113, 108, 91, 118, 106, 109, 111, 123, 92, 114, 120, 71, 95, 80, 105, 116, 107, 99, 103]
    Layer 33: dist=[102, 120, 112, 119, 91, 102, 57, 94, 116, 116, 113, 113, 114, 115, 113, 116, 114, 117, 106, 109, 112, 96, 110, 113, 111, 119, 122, 118, 110, 111, 107, 104]
    Layer 34: dist=[110, 109, 112, 113, 105, 111, 108, 102, 53, 93, 114, 86, 117, 115, 120, 81, 82, 89, 126, 55, 119, 51, 118, 119, 122, 122, 125, 122, 54, 62, 68, 109]
    Layer 35: dist=[105, 123, 71, 97, 82, 36, 112, 100, 85, 94, 112, 96, 63, 28, 49, 40, 98, 74, 84, 48, 90, 102, 55, 54, 66, 49, 68, 72, 73, 115, 122, 117]

  [Taylor Step 2/3] OLS sigma per head (scaling V, streaming)...
    Layer  0: sigma=[0.612, 0.100, 0.100, 0.100, 0.332, 0.380, 0.100, 0.100, 0.100, 0.148, 0.100, 0.100, 0.100, 0.100, 0.100, 0.259, 0.100, 0.100, 0.100, 0.100, 0.100, 0.100, 0.100, 0.100, 0.100, 0.100, 0.351, 0.100, 0.100, 0.100, 0.161, 0.100]
    Layer  1: sigma=[0.351, 0.100, 0.100, 0.100, 0.100, 0.100, 0.100, 0.100, 0.100, 0.169, 0.242, 0.100, 0.100, 0.100, 0.100, 0.100, 0.100, 0.100, 0.100, 0.100, 0.100, 0.100, 0.100, 0.116, 0.100, 0.100, 0.116, 0.100, 0.100, 0.100, 0.100, 0.100]
    Layer  2: sigma=[0.100, 0.100, 0.100, 0.100, 0.100, 0.100, 0.100, 0.100, 0.108, 0.100, 0.100, 0.100, 0.100, 0.145, 0.100, 0.100, 0.100, 0.220, 0.100, 0.100, 0.100, 0.100, 0.100, 0.100, 0.100, 0.170, 0.100, 0.100, 0.100, 0.100, 0.100, 0.100]
    Layer  3: sigma=[0.100, 0.334, 0.100, 0.154, 0.100, 0.100, 0.100, 0.100, 0.100, 0.100, 0.100, 0.100, 0.100, 0.100, 0.100, 0.100, 0.100, 0.100, 0.100, 0.100, 0.100, 0.106, 0.100, 0.100, 0.100, 0.100, 0.100, 0.100, 0.100, 0.100, 0.100, 0.100]
    Layer  4: sigma=[0.100, 0.100, 0.100, 0.100, 0.100, 0.100, 0.100, 0.100, 0.100, 0.100, 0.100, 0.100, 0.100, 0.100, 0.100, 0.100, 0.100, 0.100, 0.100, 0.100, 0.133, 0.139, 0.313, 0.100, 0.100, 0.100, 0.100, 0.100, 0.100, 0.100, 0.100, 0.100]
    Layer  5: sigma=[0.100, 0.100, 0.100, 0.100, 0.100, 0.100, 0.100, 0.100, 0.100, 0.135, 0.100, 0.109, 0.100, 0.100, 0.100, 0.122, 0.100, 0.180, 0.100, 0.100, 0.100, 0.100, 0.100, 0.100, 0.100, 0.100, 0.100, 0.100, 0.100, 0.100, 0.100, 0.100]
    Layer  6: sigma=[0.100, 0.100, 0.100, 0.100, 0.100, 0.100, 0.100, 0.100, 0.100, 0.100, 0.100, 0.100, 0.100, 0.100, 0.100, 0.100, 0.100, 0.100, 0.100, 0.100, 0.148, 0.100, 0.100, 0.100, 0.100, 0.100, 0.100, 0.100, 0.100, 0.100, 0.100, 0.100]
    Layer  7: sigma=[0.100, 0.162, 0.100, 0.100, 0.117, 0.100, 0.100, 0.100, 0.100, 0.100, 0.100, 0.100, 0.100, 0.100, 0.100, 0.100, 0.100, 0.100, 0.100, 0.100, 0.100, 0.100, 0.100, 0.100, 0.100, 0.100, 0.100, 0.100, 0.100, 0.100, 0.100, 0.100]
    Layer  8: sigma=[0.100, 0.100, 0.100, 0.100, 0.100, 0.100, 0.100, 0.100, 0.100, 0.100, 0.100, 0.100, 0.100, 0.100, 0.100, 0.100, 0.100, 0.100, 0.100, 0.100, 0.100, 0.100, 0.100, 0.100, 0.100, 0.100, 0.100, 0.186, 0.100, 0.100, 0.100, 0.100]
    Layer  9: sigma=[0.100, 0.100, 0.100, 0.100, 0.100, 0.100, 0.100, 0.100, 0.100, 0.100, 0.100, 0.100, 0.100, 0.100, 0.559, 0.129, 0.100, 0.100, 0.100, 0.100, 0.100, 0.100, 0.100, 0.100, 0.100, 0.100, 0.100, 0.100, 0.100, 0.100, 0.100, 0.100]
    Layer 10: sigma=[0.100, 0.100, 0.100, 0.100, 0.100, 0.100, 0.100, 0.100, 0.100, 0.100, 0.100, 0.100, 0.100, 0.100, 0.100, 0.100, 0.100, 0.100, 0.100, 0.100, 0.100, 0.100, 0.100, 0.100, 0.100, 0.100, 0.100, 0.100, 0.100, 0.100, 0.100, 0.100]
    Layer 11: sigma=[0.100, 0.100, 0.100, 0.100, 0.140, 0.100, 0.100, 0.100, 0.100, 0.106, 0.100, 0.100, 0.100, 0.100, 0.257, 0.100, 0.100, 0.100, 0.100, 0.100, 0.100, 0.100, 0.100, 0.100, 0.100, 0.100, 0.160, 0.100, 0.100, 0.100, 0.100, 0.100]
    Layer 12: sigma=[0.100, 0.100, 0.100, 0.100, 0.100, 0.100, 0.100, 0.100, 0.100, 0.102, 0.100, 0.108, 0.100, 0.100, 0.100, 0.100, 0.100, 0.316, 0.198, 0.100, 0.100, 0.100, 0.100, 0.100, 0.100, 0.100, 0.100, 0.214, 0.100, 0.100, 0.123, 0.100]
    Layer 13: sigma=[0.229, 0.100, 0.100, 0.337, 0.100, 0.100, 0.100, 0.100, 0.100, 0.100, 0.100, 0.100, 0.100, 0.100, 0.100, 0.100, 0.100, 0.100, 0.100, 0.107, 0.100, 0.100, 0.100, 0.100, 0.100, 0.100, 0.100, 0.100, 0.100, 0.100, 0.100, 0.100]
    Layer 14: sigma=[0.100, 0.100, 0.100, 0.100, 0.100, 0.397, 0.100, 0.100, 0.100, 0.100, 0.100, 0.100, 0.100, 0.100, 0.100, 0.100, 0.100, 0.100, 0.100, 0.100, 0.100, 0.100, 0.100, 0.100, 0.131, 0.127, 0.100, 0.100, 0.100, 0.100, 0.100, 0.100]
    Layer 15: sigma=[0.100, 0.193, 0.100, 0.100, 0.100, 0.109, 0.100, 0.100, 0.100, 0.100, 0.100, 0.100, 0.211, 0.100, 0.100, 0.100, 0.100, 0.100, 0.100, 0.100, 0.100, 0.100, 0.100, 0.100, 0.137, 0.100, 0.100, 0.100, 0.100, 0.100, 0.100, 0.100]
    Layer 16: sigma=[0.100, 0.100, 0.100, 0.100, 0.100, 0.100, 0.100, 0.100, 0.100, 0.100, 0.100, 0.100, 0.100, 0.100, 0.100, 0.100, 0.100, 0.100, 0.100, 0.100, 0.100, 0.100, 0.100, 0.100, 0.100, 0.100, 0.100, 0.431, 0.100, 0.100, 0.100, 0.100]
    Layer 18: sigma=[0.100, 0.470, 0.100, 0.100, 0.100, 0.100, 0.100, 0.205, 0.100, 0.100, 0.100, 0.100, 0.100, 0.100, 0.100, 0.100, 0.174, 0.100, 0.100, 0.100, 0.100, 0.100, 0.100, 0.100, 0.100, 0.100, 0.100, 0.100, 0.100, 0.100, 0.100, 0.100]
    Layer 19: sigma=[0.100, 0.100, 0.100, 0.100, 0.100, 0.100, 0.100, 0.100, 0.100, 0.100, 0.100, 0.100, 0.137, 0.100, 0.100, 0.203, 0.100, 0.100, 0.100, 0.309, 0.100, 0.100, 0.100, 0.103, 0.100, 0.100, 0.100, 0.100, 0.100, 0.100, 0.100, 0.100]
    Layer 20: sigma=[0.100, 0.100, 0.100, 0.100, 0.100, 0.199, 0.100, 0.100, 0.165, 0.112, 0.100, 0.100, 0.100, 0.100, 0.100, 0.134, 0.100, 0.101, 0.100, 0.100, 0.100, 0.100, 0.100, 0.100, 0.100, 0.100, 0.100, 0.100, 0.100, 0.100, 0.100, 0.100]
    Layer 21: sigma=[0.100, 0.100, 0.100, 0.100, 0.100, 0.100, 0.100, 0.100, 0.100, 0.176, 0.100, 0.253, 0.100, 0.100, 0.100, 0.100, 0.100, 0.100, 0.100, 0.100, 0.100, 0.107, 0.100, 0.100, 0.172, 0.100, 0.100, 0.100, 0.100, 0.100, 0.290, 0.100]
    Layer 22: sigma=[0.160, 0.100, 0.100, 0.100, 0.164, 0.165, 0.100, 0.203, 0.146, 0.100, 0.100, 0.100, 0.100, 0.100, 0.100, 0.111, 0.100, 0.100, 0.100, 0.100, 0.100, 0.100, 0.100, 0.100, 0.100, 0.100, 0.100, 0.100, 0.100, 0.100, 0.100, 0.100]
    Layer 23: sigma=[0.170, 0.266, 0.194, 0.100, 0.100, 0.100, 0.117, 0.100, 0.100, 0.242, 0.100, 0.100, 0.100, 0.100, 0.104, 0.100, 0.100, 0.100, 0.100, 0.100, 0.100, 0.100, 0.100, 0.100, 0.100, 0.100, 0.100, 0.100, 0.100, 0.100, 0.152, 0.288]
    Layer 24: sigma=[0.100, 0.100, 0.100, 0.100, 0.100, 0.100, 0.100, 0.100, 0.100, 0.100, 0.100, 0.100, 0.100, 0.100, 0.100, 0.109, 0.100, 0.100, 0.100, 0.100, 0.100, 0.100, 0.100, 0.100, 0.265, 0.382, 0.100, 0.441, 0.100, 0.100, 0.100, 0.100]
    Layer 25: sigma=[0.100, 0.100, 0.100, 0.100, 0.100, 0.100, 0.100, 0.100, 0.100, 0.100, 0.100, 0.100, 0.100, 0.100, 0.121, 0.100, 0.100, 0.100, 0.100, 0.100, 0.100, 0.100, 0.100, 0.100, 0.100, 0.100, 0.100, 0.100, 0.100, 0.100, 0.100, 0.100]
    Layer 26: sigma=[0.100, 0.100, 0.100, 0.100, 0.100, 0.100, 0.100, 0.100, 0.100, 0.100, 0.100, 0.100, 0.100, 0.100, 0.100, 0.100, 0.100, 0.100, 0.100, 0.100, 0.100, 0.100, 0.100, 0.100, 0.100, 0.100, 0.100, 0.100, 0.100, 0.100, 0.100, 0.100]
    Layer 27: sigma=[0.100, 0.100, 0.100, 0.100, 0.100, 0.100, 0.100, 0.100, 0.100, 0.100, 0.100, 0.100, 0.100, 0.100, 0.100, 0.100, 0.100, 0.100, 0.100, 0.100, 0.100, 0.100, 0.100, 0.100, 0.100, 0.100, 0.100, 0.100, 0.100, 0.106, 0.100, 0.100]
    Layer 28: sigma=[0.100, 0.100, 0.100, 0.100, 0.100, 0.102, 0.100, 0.100, 0.100, 0.100, 0.100, 0.100, 0.100, 0.100, 0.100, 0.100, 0.100, 0.100, 0.100, 0.100, 0.100, 0.100, 0.100, 0.100, 0.100, 0.100, 0.100, 0.100, 0.100, 0.100, 0.100, 0.100]
    Layer 29: sigma=[0.100, 0.100, 0.100, 0.100, 0.100, 0.100, 0.100, 0.100, 0.100, 0.100, 0.100, 0.100, 0.100, 0.100, 0.100, 0.100, 0.100, 0.100, 0.100, 0.100, 0.100, 0.100, 0.100, 0.100, 0.100, 0.100, 0.100, 0.100, 0.100, 0.100, 0.100, 0.100]
    Layer 30: sigma=[0.100, 0.100, 0.100, 0.100, 0.100, 0.100, 0.100, 0.100, 0.100, 0.100, 0.100, 0.100, 0.100, 0.100, 0.100, 0.100, 0.100, 0.100, 0.100, 0.100, 0.100, 0.100, 0.100, 0.100, 0.100, 0.100, 0.100, 0.100, 0.100, 0.100, 0.100, 0.100]
    Layer 31: sigma=[0.100, 0.100, 0.100, 0.100, 0.100, 0.100, 0.100, 0.100, 0.100, 0.100, 0.100, 0.100, 0.100, 0.100, 0.100, 0.100, 0.100, 0.100, 0.100, 0.100, 0.100, 0.100, 0.100, 0.100, 0.100, 0.100, 0.100, 0.100, 0.100, 0.100, 0.100, 0.100]
    Layer 32: sigma=[0.100, 0.100, 0.100, 0.100, 0.100, 0.100, 0.100, 0.100, 0.100, 0.100, 0.100, 0.100, 0.100, 0.100, 0.100, 0.100, 0.100, 0.100, 0.100, 0.100, 0.100, 0.100, 0.100, 0.100, 0.100, 0.100, 0.100, 0.100, 0.100, 0.100, 0.100, 0.100]
    Layer 33: sigma=[0.100, 0.100, 0.100, 0.100, 0.100, 0.100, 0.100, 0.100, 0.100, 0.100, 0.100, 0.100, 0.100, 0.100, 0.100, 0.100, 0.100, 0.100, 0.100, 0.100, 0.100, 0.100, 0.100, 0.100, 0.100, 0.100, 0.100, 0.100, 0.100, 0.100, 0.100, 0.100]
    Layer 34: sigma=[0.100, 0.100, 0.100, 0.100, 0.100, 0.100, 0.100, 0.100, 0.100, 0.100, 0.100, 0.128, 0.100, 0.100, 0.100, 0.100, 0.120, 0.100, 0.100, 0.104, 0.100, 0.100, 0.100, 0.100, 0.100, 0.100, 0.100, 0.100, 0.100, 0.100, 0.100, 0.100]
    Layer 35: sigma=[0.100, 0.100, 0.100, 0.100, 0.100, 0.100, 0.100, 0.100, 0.100, 0.100, 0.100, 0.100, 0.100, 0.100, 0.100, 0.100, 0.100, 0.100, 0.100, 0.100, 0.100, 0.100, 0.100, 0.100, 0.100, 0.100, 0.100, 0.100, 0.100, 0.100, 0.100, 0.100]

  [Taylor Step 3/3] g_proj = v_proj * alpha (damping=0.01)...
    Layer  0: alpha=0.060523  teacher_rms=0.0163  v_rms=0.0027
    Layer  1: alpha=0.060865  teacher_rms=0.0205  v_rms=0.0034
    Layer  2: alpha=0.057080  teacher_rms=0.0214  v_rms=0.0038
    Layer  3: alpha=0.048417  teacher_rms=0.0259  v_rms=0.0053
    Layer  4: alpha=0.047486  teacher_rms=0.0304  v_rms=0.0064
    Layer  5: alpha=0.061859  teacher_rms=0.0409  v_rms=0.0066
    Layer  6: alpha=0.078612  teacher_rms=0.0621  v_rms=0.0079
    Layer  7: alpha=0.045769  teacher_rms=0.0530  v_rms=0.0116
    Layer  8: alpha=0.047193  teacher_rms=0.0708  v_rms=0.0150
    Layer  9: alpha=0.035584  teacher_rms=0.0713  v_rms=0.0200
    Layer 10: alpha=0.051225  teacher_rms=0.1092  v_rms=0.0213
    Layer 11: alpha=0.062613  teacher_rms=0.1046  v_rms=0.0167
    Layer 12: alpha=0.059554  teacher_rms=0.1207  v_rms=0.0203
    Layer 13: alpha=0.052851  teacher_rms=0.1040  v_rms=0.0197
    Layer 14: alpha=0.064120  teacher_rms=0.1547  v_rms=0.0241
    Layer 15: alpha=0.057563  teacher_rms=0.1576  v_rms=0.0274
    Layer 16: alpha=0.041731  teacher_rms=0.1473  v_rms=0.0353
    Layer 18: alpha=0.044632  teacher_rms=0.1990  v_rms=0.0446
    Layer 19: alpha=0.054103  teacher_rms=0.2060  v_rms=0.0381
    Layer 20: alpha=0.056095  teacher_rms=0.1966  v_rms=0.0351
    Layer 21: alpha=0.051023  teacher_rms=0.2373  v_rms=0.0465
    Layer 22: alpha=0.054988  teacher_rms=0.2834  v_rms=0.0515
    Layer 23: alpha=0.049834  teacher_rms=0.3098  v_rms=0.0622
    Layer 24: alpha=0.031539  teacher_rms=0.2897  v_rms=0.0918
    Layer 25: alpha=0.039841  teacher_rms=0.2376  v_rms=0.0596
    Layer 26: alpha=0.029256  teacher_rms=0.2124  v_rms=0.0726
    Layer 27: alpha=0.037037  teacher_rms=0.3083  v_rms=0.0832
    Layer 28: alpha=0.042731  teacher_rms=0.3705  v_rms=0.0867
    Layer 29: alpha=0.017344  teacher_rms=0.2548  v_rms=0.1469
    Layer 30: alpha=0.029045  teacher_rms=0.4297  v_rms=0.1480
    Layer 31: alpha=0.021214  teacher_rms=0.3785  v_rms=0.1784
    Layer 32: alpha=0.023899  teacher_rms=0.5288  v_rms=0.2213
    Layer 33: alpha=0.018560  teacher_rms=0.6404  v_rms=0.3451
    Layer 34: alpha=0.032910  teacher_rms=1.0325  v_rms=0.3137
    Layer 35: alpha=0.060104  teacher_rms=1.0168  v_rms=0.1692

  Set g_proj = v_proj * alpha in 35 GDN layers (damping=0.01).
  Init (taylor_init) done in 333.5s
  Layer 17: PPL = 35799348.00  (eval 17.3s)

============================================================
  Probing layer 18 | strategy=taylor_init
============================================================
Loading checkpoint shards:   0%|          | 0/4 [00:00<?, ?it/s]Loading checkpoint shards: 100%|██████████| 4/4 [00:00<00:00, 151.39it/s]
Could not cache non-existence of file. Will ignore error and continue. Error: [Errno 13] Permission denied: '/data/shared/huggingface/hub/models--Qwen--Qwen3-8B/.no_exist/b968826d9c46dd6066d109eabc6255188de91218/model.safetensors'
Loading checkpoint shards:   0%|          | 0/5 [00:00<?, ?it/s]Loading checkpoint shards: 100%|██████████| 5/5 [00:00<00:00, 190.74it/s]
Token indices sequence length is longer than the specified maximum sequence length for this model (2429029 > 131072). Running this sequence through the model will result in indexing errors
  [Taylor Step 1/3] Gate calibration from attention stats...
    Layer  0: dist=[32, 3, 12, 35, 12, 26, 9, 11, 19, 6, 8, 9, 18, 34, 31, 10, 16, 19, 16, 14, 13, 23, 4, 12, 5, 52, 10, 43, 15, 36, 15, 14]
    Layer  1: dist=[19, 38, 25, 44, 3, 15, 31, 11, 45, 36, 65, 60, 34, 47, 51, 38, 32, 54, 57, 33, 56, 24, 40, 40, 37, 9, 44, 41, 83, 31, 37, 49]
    Layer  2: dist=[65, 65, 67, 62, 26, 45, 33, 43, 39, 47, 56, 56, 53, 46, 46, 60, 61, 49, 54, 43, 49, 67, 48, 50, 25, 24, 21, 35, 73, 73, 77, 74]
    Layer  3: dist=[65, 26, 13, 22, 87, 93, 83, 73, 56, 53, 62, 58, 90, 73, 75, 74, 59, 62, 51, 67, 74, 60, 64, 65, 64, 56, 52, 59, 70, 63, 72, 65]
    Layer  4: dist=[62, 63, 73, 67, 73, 56, 61, 89, 68, 69, 63, 60, 55, 55, 71, 61, 62, 65, 67, 70, 64, 61, 47, 64, 41, 51, 48, 34, 51, 66, 55, 55]
    Layer  5: dist=[36, 48, 55, 35, 61, 68, 52, 51, 5, 18, 73, 61, 54, 78, 59, 52, 41, 32, 50, 48, 51, 55, 48, 59, 73, 73, 80, 80, 43, 44, 46, 58]
    Layer  6: dist=[27, 40, 30, 31, 52, 46, 67, 61, 46, 25, 43, 38, 56, 64, 56, 30, 47, 34, 45, 40, 20, 30, 32, 14, 35, 50, 32, 49, 47, 43, 37, 53]
    Layer  7: dist=[55, 60, 64, 87, 126, 114, 127, 121, 88, 119, 99, 72, 108, 23, 53, 97, 80, 101, 85, 81, 106, 86, 112, 116, 64, 78, 47, 86, 97, 101, 101, 106]
    Layer  8: dist=[83, 87, 90, 58, 81, 77, 69, 78, 86, 99, 87, 90, 94, 86, 96, 70, 116, 107, 103, 96, 92, 106, 100, 111, 92, 72, 95, 67, 84, 72, 79, 74]
    Layer  9: dist=[76, 60, 61, 67, 83, 97, 96, 74, 123, 120, 118, 112, 27, 87, 63, 85, 93, 100, 114, 125, 87, 77, 60, 70, 119, 81, 91, 97, 125, 113, 127, 123]
    Layer 10: dist=[76, 71, 58, 74, 85, 102, 64, 74, 63, 88, 106, 49, 88, 67, 82, 86, 87, 102, 100, 107, 88, 60, 107, 90, 93, 107, 84, 77, 76, 65, 82, 90]
    Layer 11: dist=[78, 65, 79, 48, 53, 61, 78, 77, 102, 123, 109, 93, 82, 64, 65, 69, 69, 63, 61, 51, 77, 107, 89, 87, 67, 59, 56, 54, 95, 55, 55, 94]
    Layer 12: dist=[21, 72, 79, 61, 87, 83, 66, 70, 63, 62, 74, 77, 86, 81, 82, 87, 39, 68, 59, 94, 102, 112, 97, 103, 93, 2, 107, 38, 81, 88, 113, 91]
    Layer 13: dist=[52, 68, 66, 62, 52, 51, 65, 40, 86, 63, 99, 122, 128, 115, 109, 124, 85, 72, 57, 61, 93, 55, 83, 90, 84, 59, 72, 76, 113, 111, 96, 99]
    Layer 14: dist=[44, 64, 65, 46, 62, 45, 64, 65, 54, 57, 70, 68, 69, 76, 65, 67, 77, 86, 51, 64, 65, 31, 51, 81, 52, 67, 73, 64, 85, 88, 8, 89]
    Layer 15: dist=[80, 44, 79, 38, 37, 38, 79, 67, 90, 60, 46, 104, 68, 107, 79, 89, 61, 57, 64, 68, 58, 60, 50, 51, 49, 34, 86, 62, 72, 84, 71, 49]
    Layer 16: dist=[61, 57, 74, 85, 55, 58, 48, 55, 54, 82, 73, 84, 90, 69, 86, 86, 68, 71, 60, 62, 115, 118, 110, 103, 71, 54, 64, 10, 58, 59, 65, 56]
    Layer 17: dist=[111, 95, 79, 67, 53, 57, 39, 47, 90, 108, 79, 100, 40, 57, 71, 74, 44, 61, 61, 42, 75, 98, 93, 97, 58, 55, 57, 52, 53, 79, 93, 67]
    Layer 19: dist=[73, 64, 63, 62, 76, 103, 54, 71, 81, 85, 84, 93, 63, 57, 75, 63, 84, 85, 49, 49, 21, 50, 33, 49, 102, 106, 102, 116, 77, 77, 73, 72]
    Layer 20: dist=[89, 79, 80, 77, 78, 51, 49, 57, 40, 36, 43, 39, 92, 79, 87, 96, 45, 51, 56, 39, 73, 111, 101, 98, 125, 97, 105, 85, 93, 79, 108, 108]
    Layer 21: dist=[44, 50, 56, 68, 115, 65, 96, 118, 118, 61, 71, 69, 46, 41, 44, 42, 75, 75, 83, 65, 89, 99, 95, 96, 64, 62, 60, 80, 73, 79, 60, 88]
    Layer 22: dist=[73, 60, 67, 63, 52, 72, 45, 56, 37, 49, 45, 59, 18, 86, 61, 64, 33, 79, 76, 41, 102, 115, 120, 121, 101, 84, 91, 95, 114, 92, 103, 95]
    Layer 23: dist=[39, 30, 48, 39, 110, 111, 41, 102, 79, 36, 45, 63, 75, 72, 79, 77, 82, 75, 74, 94, 72, 93, 82, 76, 78, 72, 68, 100, 91, 90, 83, 78]
    Layer 24: dist=[79, 124, 109, 101, 99, 109, 111, 97, 102, 105, 104, 84, 78, 75, 89, 74, 81, 86, 98, 88, 120, 103, 102, 117, 65, 73, 79, 51, 95, 111, 98, 88]
    Layer 25: dist=[105, 121, 118, 94, 71, 72, 107, 80, 96, 97, 85, 90, 65, 89, 50, 68, 93, 99, 97, 89, 102, 111, 105, 108, 110, 110, 99, 108, 88, 125, 98, 88]
    Layer 26: dist=[80, 88, 106, 68, 115, 113, 113, 110, 102, 107, 105, 98, 100, 124, 116, 116, 86, 93, 99, 95, 102, 113, 122, 114, 99, 97, 102, 93, 115, 96, 114, 95]
    Layer 27: dist=[87, 108, 103, 117, 98, 105, 101, 86, 77, 100, 107, 99, 78, 109, 80, 86, 96, 99, 99, 104, 91, 112, 113, 92, 110, 113, 116, 117, 107, 77, 92, 117]
    Layer 28: dist=[103, 92, 102, 102, 82, 63, 80, 76, 96, 107, 92, 89, 112, 105, 96, 101, 112, 104, 104, 108, 119, 71, 60, 89, 91, 88, 99, 99, 92, 92, 71, 95]
    Layer 29: dist=[113, 114, 114, 113, 90, 112, 94, 114, 119, 113, 122, 105, 120, 120, 119, 120, 116, 106, 115, 121, 123, 123, 107, 125, 100, 114, 97, 92, 106, 95, 106, 109]
    Layer 30: dist=[75, 102, 99, 100, 102, 100, 90, 67, 117, 117, 115, 120, 105, 104, 113, 101, 97, 78, 120, 122, 51, 120, 100, 110, 119, 119, 119, 118, 106, 110, 107, 102]
    Layer 31: dist=[119, 117, 99, 98, 112, 113, 114, 116, 114, 77, 87, 91, 117, 116, 117, 115, 101, 101, 106, 94, 119, 116, 108, 119, 112, 109, 89, 120, 112, 106, 102, 110]
    Layer 32: dist=[110, 114, 114, 111, 116, 119, 116, 117, 110, 111, 117, 115, 93, 113, 108, 91, 118, 106, 109, 111, 123, 92, 114, 120, 71, 95, 80, 105, 116, 107, 99, 103]
    Layer 33: dist=[102, 120, 112, 119, 91, 102, 57, 94, 116, 116, 113, 113, 114, 115, 113, 116, 114, 117, 106, 109, 112, 96, 110, 113, 111, 119, 122, 118, 110, 111, 107, 104]
    Layer 34: dist=[110, 109, 112, 113, 105, 111, 108, 102, 53, 93, 114, 86, 117, 115, 120, 81, 82, 89, 126, 55, 119, 51, 118, 119, 122, 122, 125, 122, 54, 62, 68, 109]
    Layer 35: dist=[105, 123, 71, 97, 82, 36, 112, 100, 85, 94, 112, 96, 63, 28, 49, 40, 98, 74, 84, 48, 90, 102, 55, 54, 66, 49, 68, 72, 73, 115, 122, 117]

  [Taylor Step 2/3] OLS sigma per head (scaling V, streaming)...
    Layer  0: sigma=[0.616, 0.100, 0.100, 0.100, 0.332, 0.380, 0.100, 0.100, 0.100, 0.148, 0.100, 0.100, 0.100, 0.100, 0.100, 0.260, 0.100, 0.100, 0.100, 0.100, 0.100, 0.100, 0.100, 0.100, 0.100, 0.100, 0.349, 0.100, 0.100, 0.100, 0.161, 0.100]
    Layer  1: sigma=[0.351, 0.100, 0.100, 0.100, 0.100, 0.100, 0.100, 0.100, 0.100, 0.164, 0.246, 0.100, 0.100, 0.100, 0.100, 0.100, 0.100, 0.100, 0.100, 0.100, 0.100, 0.100, 0.100, 0.118, 0.100, 0.100, 0.115, 0.100, 0.100, 0.100, 0.100, 0.100]
    Layer  2: sigma=[0.100, 0.100, 0.100, 0.100, 0.100, 0.100, 0.100, 0.100, 0.108, 0.100, 0.100, 0.100, 0.100, 0.147, 0.100, 0.100, 0.100, 0.219, 0.100, 0.100, 0.100, 0.100, 0.100, 0.100, 0.100, 0.173, 0.100, 0.100, 0.100, 0.100, 0.100, 0.100]
    Layer  3: sigma=[0.100, 0.326, 0.100, 0.157, 0.100, 0.100, 0.100, 0.100, 0.100, 0.100, 0.100, 0.100, 0.100, 0.100, 0.100, 0.100, 0.100, 0.100, 0.100, 0.100, 0.100, 0.109, 0.100, 0.100, 0.100, 0.100, 0.100, 0.100, 0.100, 0.100, 0.100, 0.100]
    Layer  4: sigma=[0.100, 0.100, 0.100, 0.100, 0.100, 0.100, 0.100, 0.100, 0.100, 0.100, 0.100, 0.100, 0.100, 0.100, 0.100, 0.100, 0.100, 0.100, 0.100, 0.100, 0.133, 0.140, 0.312, 0.100, 0.100, 0.100, 0.100, 0.100, 0.100, 0.100, 0.100, 0.100]
    Layer  5: sigma=[0.100, 0.100, 0.100, 0.100, 0.100, 0.100, 0.100, 0.100, 0.100, 0.143, 0.100, 0.109, 0.100, 0.100, 0.100, 0.122, 0.100, 0.183, 0.100, 0.100, 0.100, 0.100, 0.100, 0.100, 0.100, 0.100, 0.100, 0.100, 0.100, 0.100, 0.100, 0.100]
    Layer  6: sigma=[0.100, 0.100, 0.100, 0.100, 0.100, 0.100, 0.100, 0.100, 0.100, 0.100, 0.100, 0.100, 0.100, 0.100, 0.100, 0.100, 0.100, 0.100, 0.100, 0.100, 0.154, 0.100, 0.100, 0.100, 0.100, 0.100, 0.100, 0.100, 0.100, 0.100, 0.100, 0.100]
    Layer  7: sigma=[0.100, 0.151, 0.100, 0.100, 0.114, 0.100, 0.100, 0.100, 0.100, 0.100, 0.100, 0.100, 0.100, 0.100, 0.100, 0.100, 0.100, 0.100, 0.100, 0.100, 0.100, 0.100, 0.100, 0.100, 0.100, 0.100, 0.100, 0.100, 0.100, 0.100, 0.100, 0.100]
    Layer  8: sigma=[0.100, 0.100, 0.100, 0.100, 0.100, 0.100, 0.100, 0.100, 0.100, 0.100, 0.100, 0.100, 0.100, 0.100, 0.100, 0.100, 0.100, 0.100, 0.100, 0.100, 0.100, 0.100, 0.100, 0.100, 0.100, 0.100, 0.100, 0.164, 0.100, 0.100, 0.100, 0.100]
    Layer  9: sigma=[0.100, 0.100, 0.100, 0.100, 0.100, 0.100, 0.100, 0.100, 0.100, 0.100, 0.100, 0.100, 0.100, 0.100, 0.620, 0.131, 0.100, 0.100, 0.100, 0.100, 0.100, 0.100, 0.100, 0.100, 0.100, 0.100, 0.100, 0.100, 0.100, 0.100, 0.100, 0.100]
    Layer 10: sigma=[0.100, 0.100, 0.100, 0.100, 0.100, 0.100, 0.100, 0.100, 0.100, 0.100, 0.100, 0.100, 0.100, 0.100, 0.100, 0.100, 0.100, 0.100, 0.100, 0.100, 0.100, 0.100, 0.100, 0.100, 0.100, 0.100, 0.100, 0.100, 0.100, 0.100, 0.100, 0.100]
    Layer 11: sigma=[0.100, 0.100, 0.100, 0.100, 0.139, 0.100, 0.100, 0.100, 0.100, 0.103, 0.100, 0.100, 0.100, 0.100, 0.248, 0.100, 0.100, 0.100, 0.100, 0.100, 0.100, 0.100, 0.100, 0.100, 0.100, 0.100, 0.162, 0.100, 0.100, 0.100, 0.100, 0.100]
    Layer 12: sigma=[0.100, 0.100, 0.100, 0.100, 0.100, 0.100, 0.100, 0.100, 0.100, 0.103, 0.100, 0.109, 0.100, 0.100, 0.100, 0.100, 0.100, 0.333, 0.148, 0.100, 0.100, 0.100, 0.100, 0.100, 0.100, 0.100, 0.100, 0.215, 0.100, 0.100, 0.119, 0.100]
    Layer 13: sigma=[0.226, 0.100, 0.100, 0.330, 0.100, 0.100, 0.100, 0.100, 0.100, 0.100, 0.100, 0.100, 0.100, 0.100, 0.100, 0.100, 0.100, 0.100, 0.100, 0.115, 0.100, 0.100, 0.100, 0.100, 0.100, 0.100, 0.100, 0.100, 0.100, 0.100, 0.100, 0.100]
    Layer 14: sigma=[0.100, 0.100, 0.100, 0.100, 0.100, 0.417, 0.100, 0.100, 0.100, 0.100, 0.100, 0.100, 0.100, 0.100, 0.100, 0.100, 0.100, 0.100, 0.100, 0.100, 0.100, 0.100, 0.100, 0.100, 0.125, 0.112, 0.100, 0.100, 0.100, 0.100, 0.100, 0.100]
    Layer 15: sigma=[0.100, 0.181, 0.100, 0.100, 0.100, 0.114, 0.100, 0.100, 0.100, 0.100, 0.100, 0.100, 0.209, 0.100, 0.100, 0.100, 0.100, 0.100, 0.100, 0.100, 0.100, 0.100, 0.100, 0.100, 0.148, 0.100, 0.100, 0.100, 0.100, 0.100, 0.100, 0.100]
    Layer 16: sigma=[0.100, 0.100, 0.100, 0.100, 0.100, 0.100, 0.100, 0.100, 0.100, 0.100, 0.100, 0.100, 0.100, 0.100, 0.100, 0.100, 0.100, 0.100, 0.100, 0.100, 0.100, 0.100, 0.100, 0.100, 0.100, 0.100, 0.100, 0.374, 0.100, 0.100, 0.100, 0.100]
    Layer 17: sigma=[0.100, 0.100, 0.100, 0.100, 0.100, 0.142, 0.100, 0.100, 0.100, 0.100, 0.100, 0.100, 0.100, 0.100, 0.100, 0.100, 0.160, 0.100, 0.100, 0.378, 0.100, 0.100, 0.100, 0.109, 0.144, 0.100, 0.391, 0.100, 0.100, 0.100, 0.100, 0.100]
    Layer 19: sigma=[0.100, 0.100, 0.100, 0.100, 0.100, 0.100, 0.100, 0.100, 0.100, 0.100, 0.100, 0.100, 0.130, 0.100, 0.100, 0.189, 0.100, 0.100, 0.100, 0.270, 0.100, 0.100, 0.100, 0.104, 0.100, 0.100, 0.100, 0.100, 0.100, 0.100, 0.100, 0.100]
    Layer 20: sigma=[0.100, 0.100, 0.100, 0.100, 0.100, 0.176, 0.100, 0.100, 0.159, 0.111, 0.100, 0.100, 0.100, 0.100, 0.100, 0.117, 0.100, 0.141, 0.100, 0.100, 0.100, 0.100, 0.100, 0.100, 0.100, 0.100, 0.100, 0.100, 0.100, 0.100, 0.100, 0.100]
    Layer 21: sigma=[0.100, 0.128, 0.100, 0.100, 0.100, 0.100, 0.100, 0.100, 0.100, 0.165, 0.100, 0.266, 0.100, 0.100, 0.109, 0.100, 0.100, 0.100, 0.100, 0.100, 0.100, 0.112, 0.100, 0.100, 0.201, 0.100, 0.100, 0.100, 0.100, 0.100, 0.238, 0.100]
    Layer 22: sigma=[0.125, 0.100, 0.100, 0.100, 0.179, 0.115, 0.100, 0.225, 0.100, 0.100, 0.100, 0.100, 0.100, 0.100, 0.100, 0.106, 0.100, 0.100, 0.100, 0.100, 0.100, 0.100, 0.100, 0.100, 0.100, 0.100, 0.100, 0.100, 0.100, 0.100, 0.100, 0.100]
    Layer 23: sigma=[0.175, 0.272, 0.220, 0.100, 0.100, 0.100, 0.127, 0.100, 0.100, 0.258, 0.100, 0.100, 0.100, 0.100, 0.104, 0.100, 0.100, 0.100, 0.100, 0.100, 0.100, 0.100, 0.100, 0.100, 0.100, 0.100, 0.100, 0.100, 0.100, 0.116, 0.136, 0.248]
    Layer 24: sigma=[0.100, 0.100, 0.100, 0.100, 0.100, 0.100, 0.100, 0.100, 0.100, 0.100, 0.100, 0.100, 0.100, 0.100, 0.100, 0.138, 0.100, 0.100, 0.100, 0.100, 0.100, 0.100, 0.100, 0.100, 0.200, 0.359, 0.100, 0.415, 0.100, 0.100, 0.100, 0.100]
    Layer 25: sigma=[0.100, 0.100, 0.100, 0.100, 0.109, 0.100, 0.100, 0.100, 0.100, 0.100, 0.100, 0.100, 0.100, 0.100, 0.104, 0.100, 0.100, 0.100, 0.100, 0.100, 0.100, 0.100, 0.100, 0.100, 0.100, 0.100, 0.100, 0.100, 0.100, 0.100, 0.100, 0.100]
    Layer 26: sigma=[0.100, 0.100, 0.100, 0.100, 0.100, 0.100, 0.100, 0.100, 0.100, 0.100, 0.100, 0.100, 0.100, 0.100, 0.100, 0.100, 0.100, 0.100, 0.100, 0.100, 0.100, 0.100, 0.100, 0.100, 0.100, 0.100, 0.100, 0.100, 0.100, 0.100, 0.100, 0.100]
    Layer 27: sigma=[0.100, 0.100, 0.100, 0.100, 0.100, 0.100, 0.100, 0.100, 0.100, 0.100, 0.100, 0.100, 0.100, 0.100, 0.100, 0.100, 0.100, 0.100, 0.100, 0.100, 0.100, 0.100, 0.100, 0.100, 0.100, 0.100, 0.100, 0.100, 0.100, 0.100, 0.100, 0.100]
    Layer 28: sigma=[0.100, 0.100, 0.100, 0.100, 0.100, 0.100, 0.100, 0.144, 0.100, 0.100, 0.100, 0.100, 0.100, 0.100, 0.100, 0.100, 0.100, 0.100, 0.100, 0.100, 0.100, 0.100, 0.100, 0.100, 0.100, 0.100, 0.100, 0.100, 0.100, 0.100, 0.100, 0.100]
    Layer 29: sigma=[0.100, 0.100, 0.100, 0.100, 0.100, 0.100, 0.100, 0.100, 0.100, 0.100, 0.100, 0.100, 0.100, 0.100, 0.100, 0.100, 0.100, 0.100, 0.100, 0.100, 0.100, 0.100, 0.100, 0.100, 0.100, 0.100, 0.100, 0.100, 0.100, 0.100, 0.100, 0.100]
    Layer 30: sigma=[0.100, 0.100, 0.100, 0.100, 0.100, 0.100, 0.100, 0.100, 0.100, 0.100, 0.100, 0.100, 0.100, 0.100, 0.100, 0.113, 0.100, 0.100, 0.100, 0.100, 0.100, 0.100, 0.100, 0.100, 0.100, 0.100, 0.100, 0.100, 0.100, 0.100, 0.100, 0.100]
    Layer 31: sigma=[0.100, 0.100, 0.100, 0.100, 0.100, 0.100, 0.100, 0.100, 0.100, 0.100, 0.100, 0.100, 0.100, 0.100, 0.100, 0.100, 0.100, 0.100, 0.100, 0.117, 0.100, 0.100, 0.100, 0.100, 0.100, 0.100, 0.100, 0.100, 0.100, 0.100, 0.100, 0.100]
    Layer 32: sigma=[0.100, 0.100, 0.100, 0.100, 0.100, 0.100, 0.100, 0.100, 0.100, 0.100, 0.100, 0.100, 0.100, 0.100, 0.100, 0.100, 0.100, 0.100, 0.100, 0.100, 0.100, 0.100, 0.100, 0.100, 0.100, 0.100, 0.100, 0.100, 0.100, 0.100, 0.100, 0.100]
    Layer 33: sigma=[0.100, 0.100, 0.100, 0.100, 0.100, 0.100, 0.100, 0.100, 0.100, 0.100, 0.100, 0.100, 0.100, 0.100, 0.100, 0.100, 0.100, 0.100, 0.100, 0.100, 0.100, 0.100, 0.100, 0.100, 0.100, 0.100, 0.100, 0.100, 0.100, 0.100, 0.100, 0.100]
    Layer 34: sigma=[0.100, 0.100, 0.100, 0.100, 0.100, 0.100, 0.100, 0.100, 0.100, 0.100, 0.100, 0.100, 0.100, 0.100, 0.100, 0.100, 0.100, 0.100, 0.100, 0.100, 0.100, 0.100, 0.100, 0.100, 0.100, 0.100, 0.100, 0.100, 0.100, 0.100, 0.100, 0.100]
    Layer 35: sigma=[0.100, 0.100, 0.100, 0.100, 0.110, 0.100, 0.100, 0.100, 0.100, 0.100, 0.100, 0.100, 0.100, 0.100, 0.100, 0.100, 0.100, 0.100, 0.100, 0.100, 0.100, 0.100, 0.135, 0.100, 0.100, 0.100, 0.100, 0.100, 0.100, 0.100, 0.100, 0.100]

  [Taylor Step 3/3] g_proj = v_proj * alpha (damping=0.01)...
    Layer  0: alpha=0.060386  teacher_rms=0.0163  v_rms=0.0027
    Layer  1: alpha=0.060865  teacher_rms=0.0205  v_rms=0.0034
    Layer  2: alpha=0.056956  teacher_rms=0.0214  v_rms=0.0038
    Layer  3: alpha=0.048616  teacher_rms=0.0259  v_rms=0.0053
    Layer  4: alpha=0.047478  teacher_rms=0.0304  v_rms=0.0064
    Layer  5: alpha=0.061623  teacher_rms=0.0409  v_rms=0.0066
    Layer  6: alpha=0.078410  teacher_rms=0.0621  v_rms=0.0079
    Layer  7: alpha=0.046074  teacher_rms=0.0530  v_rms=0.0115
    Layer  8: alpha=0.047738  teacher_rms=0.0708  v_rms=0.0148
    Layer  9: alpha=0.033851  teacher_rms=0.0713  v_rms=0.0211
    Layer 10: alpha=0.051225  teacher_rms=0.1092  v_rms=0.0213
    Layer 11: alpha=0.062930  teacher_rms=0.1046  v_rms=0.0166
    Layer 12: alpha=0.059793  teacher_rms=0.1207  v_rms=0.0202
    Layer 13: alpha=0.053029  teacher_rms=0.1040  v_rms=0.0196
    Layer 14: alpha=0.063473  teacher_rms=0.1547  v_rms=0.0244
    Layer 15: alpha=0.057736  teacher_rms=0.1576  v_rms=0.0273
    Layer 16: alpha=0.043349  teacher_rms=0.1473  v_rms=0.0340
    Layer 17: alpha=0.044720  teacher_rms=0.1753  v_rms=0.0392
    Layer 19: alpha=0.055921  teacher_rms=0.2060  v_rms=0.0368
    Layer 20: alpha=0.056681  teacher_rms=0.1966  v_rms=0.0347
    Layer 21: alpha=0.051691  teacher_rms=0.2373  v_rms=0.0459
    Layer 22: alpha=0.056404  teacher_rms=0.2834  v_rms=0.0502
    Layer 23: alpha=0.049953  teacher_rms=0.3098  v_rms=0.0620
    Layer 24: alpha=0.032681  teacher_rms=0.2897  v_rms=0.0886
    Layer 25: alpha=0.039917  teacher_rms=0.2376  v_rms=0.0595
    Layer 26: alpha=0.029256  teacher_rms=0.2124  v_rms=0.0726
    Layer 27: alpha=0.037093  teacher_rms=0.3083  v_rms=0.0831
    Layer 28: alpha=0.042211  teacher_rms=0.3705  v_rms=0.0878
    Layer 29: alpha=0.017344  teacher_rms=0.2548  v_rms=0.1469
    Layer 30: alpha=0.028942  teacher_rms=0.4297  v_rms=0.1485
    Layer 31: alpha=0.021159  teacher_rms=0.3785  v_rms=0.1789
    Layer 32: alpha=0.023899  teacher_rms=0.5288  v_rms=0.2213
    Layer 33: alpha=0.018560  teacher_rms=0.6404  v_rms=0.3451
    Layer 34: alpha=0.033190  teacher_rms=1.0325  v_rms=0.3111
    Layer 35: alpha=0.059394  teacher_rms=1.0168  v_rms=0.1712

  Set g_proj = v_proj * alpha in 35 GDN layers (damping=0.01).
  Init (taylor_init) done in 328.2s
  Layer 18: PPL = 12354922.00  (eval 17.2s)

============================================================
  Probing layer 19 | strategy=taylor_init
============================================================
Loading checkpoint shards:   0%|          | 0/4 [00:00<?, ?it/s]Loading checkpoint shards: 100%|██████████| 4/4 [00:00<00:00, 131.71it/s]
Could not cache non-existence of file. Will ignore error and continue. Error: [Errno 13] Permission denied: '/data/shared/huggingface/hub/models--Qwen--Qwen3-8B/.no_exist/b968826d9c46dd6066d109eabc6255188de91218/model.safetensors'
Loading checkpoint shards:   0%|          | 0/5 [00:00<?, ?it/s]Loading checkpoint shards: 100%|██████████| 5/5 [00:00<00:00, 188.61it/s]
Token indices sequence length is longer than the specified maximum sequence length for this model (2429029 > 131072). Running this sequence through the model will result in indexing errors
  [Taylor Step 1/3] Gate calibration from attention stats...
    Layer  0: dist=[32, 3, 12, 35, 12, 26, 9, 11, 19, 6, 8, 9, 18, 34, 31, 10, 16, 19, 16, 14, 13, 23, 4, 12, 5, 52, 10, 43, 15, 36, 15, 14]
    Layer  1: dist=[19, 38, 25, 44, 3, 15, 31, 11, 45, 36, 65, 60, 34, 47, 51, 38, 32, 54, 57, 33, 56, 24, 40, 40, 37, 9, 44, 41, 83, 31, 37, 49]
    Layer  2: dist=[65, 65, 67, 62, 26, 45, 33, 43, 39, 47, 56, 56, 53, 46, 46, 60, 61, 49, 54, 43, 49, 67, 48, 50, 25, 24, 21, 35, 73, 73, 77, 74]
    Layer  3: dist=[65, 26, 13, 22, 87, 93, 83, 73, 56, 53, 62, 58, 90, 73, 75, 74, 59, 62, 51, 67, 74, 60, 64, 65, 64, 56, 52, 59, 70, 63, 72, 65]
    Layer  4: dist=[62, 63, 73, 67, 73, 56, 61, 89, 68, 69, 63, 60, 55, 55, 71, 61, 62, 65, 67, 70, 64, 61, 47, 64, 41, 51, 48, 34, 51, 66, 55, 55]
    Layer  5: dist=[36, 48, 55, 35, 61, 68, 52, 51, 5, 18, 73, 61, 54, 78, 59, 52, 41, 32, 50, 48, 51, 55, 48, 59, 73, 73, 80, 80, 43, 44, 46, 58]
    Layer  6: dist=[27, 40, 30, 31, 52, 46, 67, 61, 46, 25, 43, 38, 56, 64, 56, 30, 47, 34, 45, 40, 20, 30, 32, 14, 35, 50, 32, 49, 47, 43, 37, 53]
    Layer  7: dist=[55, 60, 64, 87, 126, 114, 127, 121, 88, 119, 99, 72, 108, 23, 53, 97, 80, 101, 85, 81, 106, 86, 112, 116, 64, 78, 47, 86, 97, 101, 101, 106]
    Layer  8: dist=[83, 87, 90, 58, 81, 77, 69, 78, 86, 99, 87, 90, 94, 86, 96, 70, 116, 107, 103, 96, 92, 106, 100, 111, 92, 72, 95, 67, 84, 72, 79, 74]
    Layer  9: dist=[76, 60, 61, 67, 83, 97, 96, 74, 123, 120, 118, 112, 27, 87, 63, 85, 93, 100, 114, 125, 87, 77, 60, 70, 119, 81, 91, 97, 125, 113, 127, 123]
    Layer 10: dist=[76, 71, 58, 74, 85, 102, 64, 74, 63, 88, 106, 49, 88, 67, 82, 86, 87, 102, 100, 107, 88, 60, 107, 90, 93, 107, 84, 77, 76, 65, 82, 90]
    Layer 11: dist=[78, 65, 79, 48, 53, 61, 78, 77, 102, 123, 109, 93, 82, 64, 65, 69, 69, 63, 61, 51, 77, 107, 89, 87, 67, 59, 56, 54, 95, 55, 55, 94]
    Layer 12: dist=[21, 72, 79, 61, 87, 83, 66, 70, 63, 62, 74, 77, 86, 81, 82, 87, 39, 68, 59, 94, 102, 112, 97, 103, 93, 2, 107, 38, 81, 88, 113, 91]
    Layer 13: dist=[52, 68, 66, 62, 52, 51, 65, 40, 86, 63, 99, 122, 128, 115, 109, 124, 85, 72, 57, 61, 93, 55, 83, 90, 84, 59, 72, 76, 113, 111, 96, 99]
    Layer 14: dist=[44, 64, 65, 46, 62, 45, 64, 65, 54, 57, 70, 68, 69, 76, 65, 67, 77, 86, 51, 64, 65, 31, 51, 81, 52, 67, 73, 64, 85, 88, 8, 89]
    Layer 15: dist=[80, 44, 79, 38, 37, 38, 79, 67, 90, 60, 46, 104, 68, 107, 79, 89, 61, 57, 64, 68, 58, 60, 50, 51, 49, 34, 86, 62, 72, 84, 71, 49]
    Layer 16: dist=[61, 57, 74, 85, 55, 58, 48, 55, 54, 82, 73, 84, 90, 69, 86, 86, 68, 71, 60, 62, 115, 118, 110, 103, 71, 54, 64, 10, 58, 59, 65, 56]
    Layer 17: dist=[111, 95, 79, 67, 53, 57, 39, 47, 90, 108, 79, 100, 40, 57, 71, 74, 44, 61, 61, 42, 75, 98, 93, 97, 58, 55, 57, 52, 53, 79, 93, 67]
    Layer 18: dist=[34, 45, 35, 33, 56, 78, 74, 57, 64, 67, 66, 79, 61, 60, 57, 62, 46, 74, 72, 52, 68, 47, 65, 96, 58, 62, 61, 63, 52, 53, 79, 56]
    Layer 20: dist=[89, 79, 80, 77, 78, 51, 49, 57, 40, 36, 43, 39, 92, 79, 87, 96, 45, 51, 56, 39, 73, 111, 101, 98, 125, 97, 105, 85, 93, 79, 108, 108]
    Layer 21: dist=[44, 50, 56, 68, 115, 65, 96, 118, 118, 61, 71, 69, 46, 41, 44, 42, 75, 75, 83, 65, 89, 99, 95, 96, 64, 62, 60, 80, 73, 79, 60, 88]
    Layer 22: dist=[73, 60, 67, 63, 52, 72, 45, 56, 37, 49, 45, 59, 18, 86, 61, 64, 33, 79, 76, 41, 102, 115, 120, 121, 101, 84, 91, 95, 114, 92, 103, 95]
    Layer 23: dist=[39, 30, 48, 39, 110, 111, 41, 102, 79, 36, 45, 63, 75, 72, 79, 77, 82, 75, 74, 94, 72, 93, 82, 76, 78, 72, 68, 100, 91, 90, 83, 78]
    Layer 24: dist=[79, 124, 109, 101, 99, 109, 111, 97, 102, 105, 104, 84, 78, 75, 89, 74, 81, 86, 98, 88, 120, 103, 102, 117, 65, 73, 79, 51, 95, 111, 98, 88]
    Layer 25: dist=[105, 121, 118, 94, 71, 72, 107, 80, 96, 97, 85, 90, 65, 89, 50, 68, 93, 99, 97, 89, 102, 111, 105, 108, 110, 110, 99, 108, 88, 125, 98, 88]
    Layer 26: dist=[80, 88, 106, 68, 115, 113, 113, 110, 102, 107, 105, 98, 100, 124, 116, 116, 86, 93, 99, 95, 102, 113, 122, 114, 99, 97, 102, 93, 115, 96, 114, 95]
    Layer 27: dist=[87, 108, 103, 117, 98, 105, 101, 86, 77, 100, 107, 99, 78, 109, 80, 86, 96, 99, 99, 104, 91, 112, 113, 92, 110, 113, 116, 117, 107, 77, 92, 117]
    Layer 28: dist=[103, 92, 102, 102, 82, 63, 80, 76, 96, 107, 92, 89, 112, 105, 96, 101, 112, 104, 104, 108, 119, 71, 60, 89, 91, 88, 99, 99, 92, 92, 71, 95]
    Layer 29: dist=[113, 114, 114, 113, 90, 112, 94, 114, 119, 113, 122, 105, 120, 120, 119, 120, 116, 106, 115, 121, 123, 123, 107, 125, 100, 114, 97, 92, 106, 95, 106, 109]
    Layer 30: dist=[75, 102, 99, 100, 102, 100, 90, 67, 117, 117, 115, 120, 105, 104, 113, 101, 97, 78, 120, 122, 51, 120, 100, 110, 119, 119, 119, 118, 106, 110, 107, 102]
    Layer 31: dist=[119, 117, 99, 98, 112, 113, 114, 116, 114, 77, 87, 91, 117, 116, 117, 115, 101, 101, 106, 94, 119, 116, 108, 119, 112, 109, 89, 120, 112, 106, 102, 110]
    Layer 32: dist=[110, 114, 114, 111, 116, 119, 116, 117, 110, 111, 117, 115, 93, 113, 108, 91, 118, 106, 109, 111, 123, 92, 114, 120, 71, 95, 80, 105, 116, 107, 99, 103]
    Layer 33: dist=[102, 120, 112, 119, 91, 102, 57, 94, 116, 116, 113, 113, 114, 115, 113, 116, 114, 117, 106, 109, 112, 96, 110, 113, 111, 119, 122, 118, 110, 111, 107, 104]
    Layer 34: dist=[110, 109, 112, 113, 105, 111, 108, 102, 53, 93, 114, 86, 117, 115, 120, 81, 82, 89, 126, 55, 119, 51, 118, 119, 122, 122, 125, 122, 54, 62, 68, 109]
    Layer 35: dist=[105, 123, 71, 97, 82, 36, 112, 100, 85, 94, 112, 96, 63, 28, 49, 40, 98, 74, 84, 48, 90, 102, 55, 54, 66, 49, 68, 72, 73, 115, 122, 117]

  [Taylor Step 2/3] OLS sigma per head (scaling V, streaming)...
    Layer  0: sigma=[0.612, 0.100, 0.100, 0.100, 0.332, 0.379, 0.100, 0.100, 0.100, 0.146, 0.100, 0.100, 0.100, 0.100, 0.100, 0.260, 0.100, 0.100, 0.100, 0.100, 0.100, 0.100, 0.100, 0.100, 0.100, 0.100, 0.349, 0.100, 0.100, 0.100, 0.161, 0.100]
    Layer  1: sigma=[0.352, 0.100, 0.100, 0.100, 0.100, 0.100, 0.100, 0.100, 0.100, 0.166, 0.245, 0.100, 0.100, 0.100, 0.100, 0.100, 0.100, 0.100, 0.100, 0.100, 0.100, 0.100, 0.100, 0.117, 0.100, 0.100, 0.114, 0.100, 0.100, 0.100, 0.100, 0.100]
    Layer  2: sigma=[0.100, 0.100, 0.100, 0.100, 0.100, 0.100, 0.100, 0.100, 0.108, 0.100, 0.100, 0.100, 0.100, 0.143, 0.100, 0.100, 0.100, 0.220, 0.100, 0.100, 0.100, 0.100, 0.100, 0.100, 0.100, 0.171, 0.100, 0.100, 0.100, 0.100, 0.100, 0.100]
    Layer  3: sigma=[0.100, 0.320, 0.100, 0.152, 0.100, 0.100, 0.100, 0.100, 0.100, 0.100, 0.100, 0.100, 0.100, 0.100, 0.100, 0.100, 0.100, 0.100, 0.100, 0.100, 0.100, 0.105, 0.100, 0.100, 0.100, 0.100, 0.100, 0.100, 0.100, 0.100, 0.100, 0.100]
    Layer  4: sigma=[0.100, 0.100, 0.100, 0.100, 0.100, 0.100, 0.100, 0.100, 0.100, 0.100, 0.100, 0.100, 0.100, 0.100, 0.100, 0.100, 0.100, 0.100, 0.100, 0.100, 0.133, 0.139, 0.317, 0.100, 0.100, 0.100, 0.100, 0.100, 0.100, 0.100, 0.100, 0.100]
    Layer  5: sigma=[0.100, 0.100, 0.100, 0.100, 0.100, 0.100, 0.100, 0.100, 0.100, 0.133, 0.100, 0.106, 0.100, 0.100, 0.100, 0.121, 0.100, 0.178, 0.100, 0.100, 0.100, 0.100, 0.100, 0.100, 0.100, 0.100, 0.100, 0.100, 0.100, 0.100, 0.100, 0.100]
    Layer  6: sigma=[0.100, 0.100, 0.100, 0.100, 0.100, 0.100, 0.100, 0.100, 0.100, 0.100, 0.100, 0.100, 0.100, 0.100, 0.100, 0.100, 0.100, 0.100, 0.100, 0.100, 0.162, 0.100, 0.100, 0.100, 0.100, 0.100, 0.100, 0.100, 0.100, 0.100, 0.100, 0.100]
    Layer  7: sigma=[0.100, 0.146, 0.100, 0.100, 0.127, 0.100, 0.100, 0.100, 0.100, 0.100, 0.100, 0.100, 0.100, 0.100, 0.100, 0.100, 0.100, 0.100, 0.100, 0.100, 0.100, 0.100, 0.100, 0.100, 0.100, 0.100, 0.100, 0.100, 0.100, 0.100, 0.100, 0.100]
    Layer  8: sigma=[0.100, 0.100, 0.100, 0.100, 0.100, 0.100, 0.100, 0.100, 0.100, 0.100, 0.100, 0.100, 0.100, 0.100, 0.100, 0.100, 0.100, 0.100, 0.100, 0.100, 0.100, 0.100, 0.100, 0.100, 0.100, 0.100, 0.100, 0.170, 0.100, 0.100, 0.100, 0.100]
    Layer  9: sigma=[0.100, 0.100, 0.100, 0.100, 0.100, 0.100, 0.100, 0.100, 0.100, 0.100, 0.100, 0.100, 0.100, 0.100, 0.563, 0.132, 0.100, 0.100, 0.100, 0.100, 0.100, 0.100, 0.100, 0.100, 0.100, 0.100, 0.100, 0.100, 0.100, 0.100, 0.100, 0.100]
    Layer 10: sigma=[0.100, 0.100, 0.100, 0.100, 0.100, 0.100, 0.100, 0.100, 0.100, 0.100, 0.100, 0.100, 0.100, 0.100, 0.100, 0.100, 0.100, 0.100, 0.100, 0.100, 0.100, 0.100, 0.100, 0.100, 0.100, 0.100, 0.100, 0.100, 0.100, 0.100, 0.100, 0.100]
    Layer 11: sigma=[0.100, 0.100, 0.100, 0.100, 0.136, 0.100, 0.100, 0.100, 0.100, 0.106, 0.100, 0.100, 0.100, 0.100, 0.250, 0.100, 0.100, 0.100, 0.100, 0.100, 0.100, 0.100, 0.100, 0.100, 0.100, 0.100, 0.166, 0.100, 0.100, 0.100, 0.100, 0.100]
    Layer 12: sigma=[0.100, 0.100, 0.100, 0.100, 0.100, 0.100, 0.100, 0.100, 0.100, 0.105, 0.100, 0.108, 0.100, 0.100, 0.100, 0.100, 0.100, 0.307, 0.156, 0.100, 0.100, 0.100, 0.100, 0.100, 0.100, 0.100, 0.100, 0.215, 0.100, 0.100, 0.119, 0.100]
    Layer 13: sigma=[0.233, 0.100, 0.100, 0.325, 0.100, 0.100, 0.100, 0.100, 0.100, 0.100, 0.100, 0.100, 0.100, 0.100, 0.100, 0.100, 0.100, 0.100, 0.100, 0.112, 0.100, 0.100, 0.100, 0.100, 0.100, 0.100, 0.100, 0.100, 0.100, 0.100, 0.100, 0.100]
    Layer 14: sigma=[0.100, 0.100, 0.100, 0.100, 0.100, 0.398, 0.100, 0.100, 0.100, 0.100, 0.100, 0.100, 0.100, 0.100, 0.100, 0.100, 0.100, 0.100, 0.100, 0.100, 0.100, 0.100, 0.100, 0.100, 0.114, 0.112, 0.100, 0.100, 0.100, 0.100, 0.100, 0.100]
    Layer 15: sigma=[0.100, 0.221, 0.100, 0.100, 0.100, 0.112, 0.100, 0.100, 0.100, 0.100, 0.100, 0.100, 0.224, 0.100, 0.100, 0.100, 0.100, 0.100, 0.100, 0.100, 0.100, 0.100, 0.100, 0.100, 0.137, 0.100, 0.100, 0.100, 0.100, 0.100, 0.100, 0.100]
    Layer 16: sigma=[0.100, 0.100, 0.100, 0.100, 0.100, 0.100, 0.100, 0.100, 0.100, 0.100, 0.100, 0.100, 0.100, 0.100, 0.100, 0.100, 0.100, 0.100, 0.100, 0.100, 0.100, 0.100, 0.100, 0.100, 0.100, 0.100, 0.100, 0.408, 0.100, 0.100, 0.100, 0.100]
    Layer 17: sigma=[0.100, 0.100, 0.100, 0.100, 0.100, 0.141, 0.100, 0.100, 0.100, 0.100, 0.100, 0.100, 0.100, 0.100, 0.100, 0.100, 0.140, 0.100, 0.100, 0.437, 0.100, 0.100, 0.100, 0.109, 0.145, 0.100, 0.424, 0.100, 0.100, 0.100, 0.100, 0.100]
    Layer 18: sigma=[0.100, 0.464, 0.100, 0.100, 0.100, 0.100, 0.100, 0.196, 0.100, 0.100, 0.100, 0.100, 0.100, 0.100, 0.100, 0.100, 0.130, 0.100, 0.100, 0.100, 0.100, 0.100, 0.100, 0.100, 0.100, 0.100, 0.100, 0.100, 0.100, 0.100, 0.100, 0.100]
    Layer 20: sigma=[0.100, 0.100, 0.100, 0.100, 0.100, 0.178, 0.100, 0.100, 0.148, 0.114, 0.100, 0.100, 0.100, 0.100, 0.100, 0.121, 0.100, 0.134, 0.100, 0.100, 0.100, 0.100, 0.100, 0.100, 0.100, 0.100, 0.100, 0.100, 0.100, 0.100, 0.100, 0.100]
    Layer 21: sigma=[0.100, 0.117, 0.100, 0.100, 0.100, 0.100, 0.100, 0.100, 0.100, 0.158, 0.100, 0.280, 0.100, 0.100, 0.127, 0.100, 0.100, 0.100, 0.100, 0.100, 0.100, 0.100, 0.100, 0.100, 0.141, 0.100, 0.100, 0.100, 0.100, 0.100, 0.223, 0.100]
    Layer 22: sigma=[0.138, 0.100, 0.100, 0.100, 0.155, 0.136, 0.100, 0.248, 0.114, 0.100, 0.100, 0.100, 0.100, 0.100, 0.100, 0.115, 0.100, 0.100, 0.100, 0.100, 0.100, 0.100, 0.100, 0.100, 0.100, 0.100, 0.100, 0.100, 0.100, 0.100, 0.100, 0.100]
    Layer 23: sigma=[0.169, 0.269, 0.162, 0.100, 0.100, 0.100, 0.112, 0.100, 0.100, 0.288, 0.100, 0.100, 0.100, 0.100, 0.101, 0.100, 0.100, 0.100, 0.100, 0.100, 0.100, 0.100, 0.100, 0.100, 0.100, 0.100, 0.100, 0.100, 0.100, 0.100, 0.185, 0.236]
    Layer 24: sigma=[0.100, 0.100, 0.100, 0.100, 0.100, 0.100, 0.100, 0.100, 0.100, 0.100, 0.100, 0.100, 0.100, 0.100, 0.100, 0.162, 0.100, 0.100, 0.100, 0.100, 0.100, 0.100, 0.100, 0.100, 0.295, 0.426, 0.100, 0.318, 0.100, 0.100, 0.100, 0.100]
    Layer 25: sigma=[0.100, 0.100, 0.100, 0.100, 0.100, 0.100, 0.100, 0.100, 0.100, 0.100, 0.100, 0.100, 0.100, 0.100, 0.114, 0.100, 0.100, 0.100, 0.100, 0.100, 0.100, 0.100, 0.100, 0.100, 0.100, 0.100, 0.100, 0.100, 0.100, 0.100, 0.100, 0.100]
    Layer 26: sigma=[0.100, 0.100, 0.100, 0.100, 0.100, 0.100, 0.100, 0.100, 0.100, 0.100, 0.100, 0.100, 0.100, 0.100, 0.100, 0.100, 0.100, 0.100, 0.100, 0.100, 0.100, 0.100, 0.100, 0.100, 0.100, 0.100, 0.100, 0.100, 0.100, 0.100, 0.100, 0.100]
    Layer 27: sigma=[0.100, 0.100, 0.100, 0.100, 0.100, 0.100, 0.100, 0.100, 0.100, 0.100, 0.100, 0.100, 0.100, 0.100, 0.100, 0.100, 0.100, 0.100, 0.100, 0.100, 0.100, 0.100, 0.100, 0.100, 0.100, 0.100, 0.100, 0.100, 0.100, 0.100, 0.100, 0.100]
    Layer 28: sigma=[0.100, 0.100, 0.100, 0.100, 0.100, 0.100, 0.100, 0.154, 0.100, 0.100, 0.100, 0.100, 0.100, 0.100, 0.100, 0.100, 0.100, 0.100, 0.100, 0.100, 0.100, 0.100, 0.100, 0.100, 0.100, 0.100, 0.100, 0.100, 0.100, 0.100, 0.100, 0.100]
    Layer 29: sigma=[0.100, 0.100, 0.100, 0.100, 0.100, 0.100, 0.100, 0.100, 0.100, 0.100, 0.100, 0.100, 0.100, 0.100, 0.100, 0.100, 0.100, 0.100, 0.100, 0.100, 0.100, 0.100, 0.100, 0.100, 0.100, 0.100, 0.100, 0.100, 0.100, 0.100, 0.100, 0.100]
    Layer 30: sigma=[0.100, 0.100, 0.100, 0.100, 0.100, 0.100, 0.100, 0.100, 0.100, 0.100, 0.100, 0.100, 0.100, 0.100, 0.100, 0.100, 0.100, 0.100, 0.100, 0.100, 0.100, 0.100, 0.100, 0.100, 0.100, 0.100, 0.100, 0.100, 0.100, 0.100, 0.100, 0.100]
    Layer 31: sigma=[0.100, 0.100, 0.100, 0.100, 0.100, 0.100, 0.100, 0.100, 0.100, 0.100, 0.100, 0.100, 0.100, 0.100, 0.100, 0.100, 0.100, 0.100, 0.100, 0.106, 0.100, 0.100, 0.100, 0.100, 0.100, 0.100, 0.100, 0.100, 0.100, 0.100, 0.100, 0.100]
    Layer 32: sigma=[0.100, 0.100, 0.100, 0.100, 0.100, 0.100, 0.100, 0.100, 0.100, 0.100, 0.100, 0.100, 0.100, 0.100, 0.100, 0.100, 0.100, 0.100, 0.100, 0.100, 0.100, 0.100, 0.100, 0.100, 0.100, 0.100, 0.100, 0.100, 0.100, 0.100, 0.100, 0.100]
    Layer 33: sigma=[0.100, 0.100, 0.100, 0.100, 0.100, 0.100, 0.100, 0.100, 0.100, 0.100, 0.100, 0.100, 0.100, 0.100, 0.100, 0.100, 0.100, 0.100, 0.100, 0.100, 0.100, 0.100, 0.100, 0.100, 0.100, 0.100, 0.100, 0.100, 0.100, 0.100, 0.100, 0.100]
    Layer 34: sigma=[0.100, 0.100, 0.100, 0.100, 0.100, 0.100, 0.100, 0.100, 0.100, 0.100, 0.100, 0.100, 0.100, 0.100, 0.100, 0.100, 0.100, 0.100, 0.100, 0.101, 0.100, 0.100, 0.100, 0.100, 0.100, 0.100, 0.100, 0.100, 0.100, 0.100, 0.100, 0.100]
    Layer 35: sigma=[0.100, 0.100, 0.100, 0.100, 0.100, 0.100, 0.100, 0.100, 0.100, 0.100, 0.100, 0.100, 0.100, 0.100, 0.100, 0.100, 0.100, 0.100, 0.100, 0.100, 0.100, 0.100, 0.151, 0.100, 0.100, 0.100, 0.100, 0.100, 0.100, 0.100, 0.100, 0.100]

  [Taylor Step 3/3] g_proj = v_proj * alpha (damping=0.01)...
    Layer  0: alpha=0.060561  teacher_rms=0.0163  v_rms=0.0027
    Layer  1: alpha=0.060827  teacher_rms=0.0205  v_rms=0.0034
    Layer  2: alpha=0.057068  teacher_rms=0.0214  v_rms=0.0038
    Layer  3: alpha=0.048917  teacher_rms=0.0259  v_rms=0.0053
    Layer  4: alpha=0.047362  teacher_rms=0.0304  v_rms=0.0064
    Layer  5: alpha=0.062014  teacher_rms=0.0409  v_rms=0.0066
    Layer  6: alpha=0.078069  teacher_rms=0.0621  v_rms=0.0080
    Layer  7: alpha=0.045952  teacher_rms=0.0530  v_rms=0.0115
    Layer  8: alpha=0.047584  teacher_rms=0.0708  v_rms=0.0149
    Layer  9: alpha=0.035467  teacher_rms=0.0713  v_rms=0.0201
    Layer 10: alpha=0.051225  teacher_rms=0.1092  v_rms=0.0213
    Layer 11: alpha=0.062746  teacher_rms=0.1046  v_rms=0.0167
    Layer 12: alpha=0.060719  teacher_rms=0.1207  v_rms=0.0199
    Layer 13: alpha=0.053071  teacher_rms=0.1040  v_rms=0.0196
    Layer 14: alpha=0.064483  teacher_rms=0.1547  v_rms=0.0240
    Layer 15: alpha=0.056512  teacher_rms=0.1576  v_rms=0.0279
    Layer 16: alpha=0.042404  teacher_rms=0.1473  v_rms=0.0347
    Layer 17: alpha=0.042916  teacher_rms=0.1753  v_rms=0.0409
    Layer 18: alpha=0.045290  teacher_rms=0.1990  v_rms=0.0439
    Layer 20: alpha=0.056830  teacher_rms=0.1966  v_rms=0.0346
    Layer 21: alpha=0.052919  teacher_rms=0.2373  v_rms=0.0448
    Layer 22: alpha=0.055523  teacher_rms=0.2834  v_rms=0.0510
    Layer 23: alpha=0.050354  teacher_rms=0.3098  v_rms=0.0615
    Layer 24: alpha=0.033234  teacher_rms=0.2897  v_rms=0.0872
    Layer 25: alpha=0.039915  teacher_rms=0.2376  v_rms=0.0595
    Layer 26: alpha=0.029256  teacher_rms=0.2124  v_rms=0.0726
    Layer 27: alpha=0.037093  teacher_rms=0.3083  v_rms=0.0831
    Layer 28: alpha=0.042059  teacher_rms=0.3705  v_rms=0.0881
    Layer 29: alpha=0.017344  teacher_rms=0.2548  v_rms=0.1469
    Layer 30: alpha=0.029045  teacher_rms=0.4297  v_rms=0.1480
    Layer 31: alpha=0.021195  teacher_rms=0.3785  v_rms=0.1786
    Layer 32: alpha=0.023899  teacher_rms=0.5288  v_rms=0.2213
    Layer 33: alpha=0.018560  teacher_rms=0.6404  v_rms=0.3451
    Layer 34: alpha=0.033186  teacher_rms=1.0325  v_rms=0.3111
    Layer 35: alpha=0.059215  teacher_rms=1.0168  v_rms=0.1717

  Set g_proj = v_proj * alpha in 35 GDN layers (damping=0.01).
  Init (taylor_init) done in 328.5s
  Layer 19: PPL = 15730314.00  (eval 17.3s)

============================================================
  Probing layer 20 | strategy=taylor_init
============================================================
Loading checkpoint shards:   0%|          | 0/4 [00:00<?, ?it/s]Loading checkpoint shards: 100%|██████████| 4/4 [00:00<00:00, 135.80it/s]
Could not cache non-existence of file. Will ignore error and continue. Error: [Errno 13] Permission denied: '/data/shared/huggingface/hub/models--Qwen--Qwen3-8B/.no_exist/b968826d9c46dd6066d109eabc6255188de91218/model.safetensors'
Loading checkpoint shards:   0%|          | 0/5 [00:00<?, ?it/s]Loading checkpoint shards: 100%|██████████| 5/5 [00:00<00:00, 66.81it/s]
Token indices sequence length is longer than the specified maximum sequence length for this model (2429029 > 131072). Running this sequence through the model will result in indexing errors
  [Taylor Step 1/3] Gate calibration from attention stats...
    Layer  0: dist=[32, 3, 12, 35, 12, 26, 9, 11, 19, 6, 8, 9, 18, 34, 31, 10, 16, 19, 16, 14, 13, 23, 4, 12, 5, 52, 10, 43, 15, 36, 15, 14]
    Layer  1: dist=[19, 38, 25, 44, 3, 15, 31, 11, 45, 36, 65, 60, 34, 47, 51, 38, 32, 54, 57, 33, 56, 24, 40, 40, 37, 9, 44, 41, 83, 31, 37, 49]
    Layer  2: dist=[65, 65, 67, 62, 26, 45, 33, 43, 39, 47, 56, 56, 53, 46, 46, 60, 61, 49, 54, 43, 49, 67, 48, 50, 25, 24, 21, 35, 73, 73, 77, 74]
    Layer  3: dist=[65, 26, 13, 22, 87, 93, 83, 73, 56, 53, 62, 58, 90, 73, 75, 74, 59, 62, 51, 67, 74, 60, 64, 65, 64, 56, 52, 59, 70, 63, 72, 65]
    Layer  4: dist=[62, 63, 73, 67, 73, 56, 61, 89, 68, 69, 63, 60, 55, 55, 71, 61, 62, 65, 67, 70, 64, 61, 47, 64, 41, 51, 48, 34, 51, 66, 55, 55]
    Layer  5: dist=[36, 48, 55, 35, 61, 68, 52, 51, 5, 18, 73, 61, 54, 78, 59, 52, 41, 32, 50, 48, 51, 55, 48, 59, 73, 73, 80, 80, 43, 44, 46, 58]
    Layer  6: dist=[27, 40, 30, 31, 52, 46, 67, 61, 46, 25, 43, 38, 56, 64, 56, 30, 47, 34, 45, 40, 20, 30, 32, 14, 35, 50, 32, 49, 47, 43, 37, 53]
    Layer  7: dist=[55, 60, 64, 87, 126, 114, 127, 121, 88, 119, 99, 72, 108, 23, 53, 97, 80, 101, 85, 81, 106, 86, 112, 116, 64, 78, 47, 86, 97, 101, 101, 106]
    Layer  8: dist=[83, 87, 90, 58, 81, 77, 69, 78, 86, 99, 87, 90, 94, 86, 96, 70, 116, 107, 103, 96, 92, 106, 100, 111, 92, 72, 95, 67, 84, 72, 79, 74]
    Layer  9: dist=[76, 60, 61, 67, 83, 97, 96, 74, 123, 120, 118, 112, 27, 87, 63, 85, 93, 100, 114, 125, 87, 77, 60, 70, 119, 81, 91, 97, 125, 113, 127, 123]
    Layer 10: dist=[76, 71, 58, 74, 85, 102, 64, 74, 63, 88, 106, 49, 88, 67, 82, 86, 87, 102, 100, 107, 88, 60, 107, 90, 93, 107, 84, 77, 76, 65, 82, 90]
    Layer 11: dist=[78, 65, 79, 48, 53, 61, 78, 77, 102, 123, 109, 93, 82, 64, 65, 69, 69, 63, 61, 51, 77, 107, 89, 87, 67, 59, 56, 54, 95, 55, 55, 94]
    Layer 12: dist=[21, 72, 79, 61, 87, 83, 66, 70, 63, 62, 74, 77, 86, 81, 82, 87, 39, 68, 59, 94, 102, 112, 97, 103, 93, 2, 107, 38, 81, 88, 113, 91]
    Layer 13: dist=[52, 68, 66, 62, 52, 51, 65, 40, 86, 63, 99, 122, 128, 115, 109, 124, 85, 72, 57, 61, 93, 55, 83, 90, 84, 59, 72, 76, 113, 111, 96, 99]
    Layer 14: dist=[44, 64, 65, 46, 62, 45, 64, 65, 54, 57, 70, 68, 69, 76, 65, 67, 77, 86, 51, 64, 65, 31, 51, 81, 52, 67, 73, 64, 85, 88, 8, 89]
    Layer 15: dist=[80, 44, 79, 38, 37, 38, 79, 67, 90, 60, 46, 104, 68, 107, 79, 89, 61, 57, 64, 68, 58, 60, 50, 51, 49, 34, 86, 62, 72, 84, 71, 49]
    Layer 16: dist=[61, 57, 74, 85, 55, 58, 48, 55, 54, 82, 73, 84, 90, 69, 86, 86, 68, 71, 60, 62, 115, 118, 110, 103, 71, 54, 64, 10, 58, 59, 65, 56]
    Layer 17: dist=[111, 95, 79, 67, 53, 57, 39, 47, 90, 108, 79, 100, 40, 57, 71, 74, 44, 61, 61, 42, 75, 98, 93, 97, 58, 55, 57, 52, 53, 79, 93, 67]
    Layer 18: dist=[34, 45, 35, 33, 56, 78, 74, 57, 64, 67, 66, 79, 61, 60, 57, 62, 46, 74, 72, 52, 68, 47, 65, 96, 58, 62, 61, 63, 52, 53, 79, 56]
    Layer 19: dist=[73, 64, 63, 62, 76, 103, 54, 71, 81, 85, 84, 93, 63, 57, 75, 63, 84, 85, 49, 49, 21, 50, 33, 49, 102, 106, 102, 116, 77, 77, 73, 72]
    Layer 21: dist=[44, 50, 56, 68, 115, 65, 96, 118, 118, 61, 71, 69, 46, 41, 44, 42, 75, 75, 83, 65, 89, 99, 95, 96, 64, 62, 60, 80, 73, 79, 60, 88]
    Layer 22: dist=[73, 60, 67, 63, 52, 72, 45, 56, 37, 49, 45, 59, 18, 86, 61, 64, 33, 79, 76, 41, 102, 115, 120, 121, 101, 84, 91, 95, 114, 92, 103, 95]
    Layer 23: dist=[39, 30, 48, 39, 110, 111, 41, 102, 79, 36, 45, 63, 75, 72, 79, 77, 82, 75, 74, 94, 72, 93, 82, 76, 78, 72, 68, 100, 91, 90, 83, 78]
    Layer 24: dist=[79, 124, 109, 101, 99, 109, 111, 97, 102, 105, 104, 84, 78, 75, 89, 74, 81, 86, 98, 88, 120, 103, 102, 117, 65, 73, 79, 51, 95, 111, 98, 88]
    Layer 25: dist=[105, 121, 118, 94, 71, 72, 107, 80, 96, 97, 85, 90, 65, 89, 50, 68, 93, 99, 97, 89, 102, 111, 105, 108, 110, 110, 99, 108, 88, 125, 98, 88]
    Layer 26: dist=[80, 88, 106, 68, 115, 113, 113, 110, 102, 107, 105, 98, 100, 124, 116, 116, 86, 93, 99, 95, 102, 113, 122, 114, 99, 97, 102, 93, 115, 96, 114, 95]
    Layer 27: dist=[87, 108, 103, 117, 98, 105, 101, 86, 77, 100, 107, 99, 78, 109, 80, 86, 96, 99, 99, 104, 91, 112, 113, 92, 110, 113, 116, 117, 107, 77, 92, 117]
    Layer 28: dist=[103, 92, 102, 102, 82, 63, 80, 76, 96, 107, 92, 89, 112, 105, 96, 101, 112, 104, 104, 108, 119, 71, 60, 89, 91, 88, 99, 99, 92, 92, 71, 95]
    Layer 29: dist=[113, 114, 114, 113, 90, 112, 94, 114, 119, 113, 122, 105, 120, 120, 119, 120, 116, 106, 115, 121, 123, 123, 107, 125, 100, 114, 97, 92, 106, 95, 106, 109]
    Layer 30: dist=[75, 102, 99, 100, 102, 100, 90, 67, 117, 117, 115, 120, 105, 104, 113, 101, 97, 78, 120, 122, 51, 120, 100, 110, 119, 119, 119, 118, 106, 110, 107, 102]
    Layer 31: dist=[119, 117, 99, 98, 112, 113, 114, 116, 114, 77, 87, 91, 117, 116, 117, 115, 101, 101, 106, 94, 119, 116, 108, 119, 112, 109, 89, 120, 112, 106, 102, 110]
    Layer 32: dist=[110, 114, 114, 111, 116, 119, 116, 117, 110, 111, 117, 115, 93, 113, 108, 91, 118, 106, 109, 111, 123, 92, 114, 120, 71, 95, 80, 105, 116, 107, 99, 103]
    Layer 33: dist=[102, 120, 112, 119, 91, 102, 57, 94, 116, 116, 113, 113, 114, 115, 113, 116, 114, 117, 106, 109, 112, 96, 110, 113, 111, 119, 122, 118, 110, 111, 107, 104]
    Layer 34: dist=[110, 109, 112, 113, 105, 111, 108, 102, 53, 93, 114, 86, 117, 115, 120, 81, 82, 89, 126, 55, 119, 51, 118, 119, 122, 122, 125, 122, 54, 62, 68, 109]
    Layer 35: dist=[105, 123, 71, 97, 82, 36, 112, 100, 85, 94, 112, 96, 63, 28, 49, 40, 98, 74, 84, 48, 90, 102, 55, 54, 66, 49, 68, 72, 73, 115, 122, 117]

  [Taylor Step 2/3] OLS sigma per head (scaling V, streaming)...
    Layer  0: sigma=[0.615, 0.100, 0.100, 0.100, 0.332, 0.379, 0.100, 0.100, 0.100, 0.148, 0.100, 0.100, 0.100, 0.100, 0.100, 0.259, 0.100, 0.100, 0.100, 0.100, 0.100, 0.100, 0.100, 0.100, 0.100, 0.100, 0.351, 0.100, 0.100, 0.100, 0.161, 0.100]
    Layer  1: sigma=[0.351, 0.100, 0.100, 0.100, 0.100, 0.100, 0.100, 0.100, 0.100, 0.164, 0.244, 0.100, 0.100, 0.100, 0.100, 0.100, 0.100, 0.100, 0.100, 0.100, 0.100, 0.100, 0.100, 0.118, 0.100, 0.100, 0.116, 0.100, 0.100, 0.100, 0.100, 0.100]
    Layer  2: sigma=[0.100, 0.100, 0.100, 0.100, 0.100, 0.100, 0.100, 0.100, 0.108, 0.100, 0.100, 0.100, 0.100, 0.148, 0.100, 0.100, 0.100, 0.217, 0.100, 0.100, 0.100, 0.100, 0.100, 0.100, 0.100, 0.170, 0.100, 0.100, 0.100, 0.100, 0.100, 0.100]
    Layer  3: sigma=[0.100, 0.331, 0.100, 0.156, 0.100, 0.100, 0.100, 0.100, 0.100, 0.100, 0.100, 0.100, 0.100, 0.100, 0.100, 0.100, 0.100, 0.100, 0.100, 0.100, 0.100, 0.105, 0.100, 0.100, 0.100, 0.100, 0.100, 0.100, 0.100, 0.100, 0.100, 0.100]
    Layer  4: sigma=[0.100, 0.100, 0.100, 0.100, 0.100, 0.100, 0.100, 0.100, 0.100, 0.100, 0.100, 0.100, 0.100, 0.100, 0.100, 0.100, 0.100, 0.100, 0.100, 0.100, 0.131, 0.137, 0.325, 0.100, 0.100, 0.100, 0.100, 0.100, 0.100, 0.100, 0.100, 0.100]
    Layer  5: sigma=[0.100, 0.100, 0.100, 0.100, 0.100, 0.100, 0.100, 0.100, 0.100, 0.139, 0.100, 0.112, 0.100, 0.100, 0.100, 0.122, 0.100, 0.182, 0.100, 0.100, 0.100, 0.100, 0.100, 0.100, 0.100, 0.100, 0.100, 0.100, 0.100, 0.100, 0.100, 0.100]
    Layer  6: sigma=[0.100, 0.100, 0.100, 0.100, 0.100, 0.100, 0.100, 0.100, 0.100, 0.100, 0.100, 0.100, 0.100, 0.100, 0.100, 0.100, 0.100, 0.100, 0.100, 0.100, 0.152, 0.100, 0.100, 0.100, 0.100, 0.100, 0.100, 0.100, 0.100, 0.100, 0.100, 0.100]
    Layer  7: sigma=[0.100, 0.140, 0.100, 0.100, 0.112, 0.100, 0.100, 0.100, 0.100, 0.100, 0.100, 0.105, 0.100, 0.100, 0.100, 0.100, 0.100, 0.100, 0.100, 0.100, 0.100, 0.100, 0.100, 0.100, 0.100, 0.100, 0.100, 0.100, 0.100, 0.100, 0.100, 0.100]
    Layer  8: sigma=[0.100, 0.100, 0.100, 0.100, 0.100, 0.100, 0.100, 0.100, 0.100, 0.100, 0.100, 0.100, 0.100, 0.100, 0.100, 0.100, 0.100, 0.100, 0.100, 0.100, 0.100, 0.100, 0.100, 0.100, 0.100, 0.100, 0.100, 0.173, 0.100, 0.100, 0.100, 0.100]
    Layer  9: sigma=[0.100, 0.100, 0.100, 0.100, 0.100, 0.100, 0.100, 0.100, 0.100, 0.100, 0.100, 0.100, 0.100, 0.100, 0.606, 0.131, 0.100, 0.100, 0.100, 0.100, 0.100, 0.100, 0.100, 0.100, 0.100, 0.100, 0.100, 0.100, 0.100, 0.100, 0.100, 0.100]
    Layer 10: sigma=[0.100, 0.100, 0.100, 0.100, 0.100, 0.100, 0.100, 0.100, 0.100, 0.100, 0.100, 0.100, 0.100, 0.100, 0.100, 0.100, 0.100, 0.100, 0.100, 0.100, 0.100, 0.100, 0.100, 0.100, 0.100, 0.100, 0.100, 0.100, 0.100, 0.100, 0.100, 0.100]
    Layer 11: sigma=[0.100, 0.100, 0.100, 0.100, 0.146, 0.100, 0.100, 0.100, 0.100, 0.107, 0.100, 0.100, 0.100, 0.100, 0.221, 0.100, 0.100, 0.100, 0.100, 0.100, 0.100, 0.100, 0.100, 0.100, 0.100, 0.100, 0.160, 0.100, 0.100, 0.100, 0.100, 0.100]
    Layer 12: sigma=[0.100, 0.100, 0.100, 0.100, 0.100, 0.100, 0.100, 0.100, 0.100, 0.106, 0.100, 0.107, 0.100, 0.100, 0.100, 0.100, 0.100, 0.344, 0.164, 0.100, 0.100, 0.100, 0.100, 0.100, 0.100, 0.100, 0.100, 0.210, 0.100, 0.100, 0.118, 0.100]
    Layer 13: sigma=[0.229, 0.100, 0.100, 0.295, 0.100, 0.100, 0.100, 0.100, 0.100, 0.100, 0.100, 0.100, 0.100, 0.100, 0.100, 0.100, 0.100, 0.100, 0.100, 0.121, 0.100, 0.100, 0.100, 0.100, 0.100, 0.100, 0.100, 0.100, 0.100, 0.100, 0.100, 0.100]
    Layer 14: sigma=[0.100, 0.100, 0.100, 0.100, 0.100, 0.361, 0.100, 0.100, 0.100, 0.100, 0.100, 0.100, 0.100, 0.100, 0.100, 0.100, 0.100, 0.100, 0.100, 0.100, 0.100, 0.100, 0.100, 0.100, 0.116, 0.116, 0.100, 0.100, 0.100, 0.100, 0.100, 0.100]
    Layer 15: sigma=[0.100, 0.158, 0.100, 0.100, 0.100, 0.104, 0.100, 0.100, 0.100, 0.100, 0.100, 0.100, 0.210, 0.100, 0.100, 0.100, 0.100, 0.100, 0.100, 0.100, 0.100, 0.100, 0.100, 0.100, 0.130, 0.100, 0.100, 0.100, 0.100, 0.100, 0.100, 0.100]
    Layer 16: sigma=[0.100, 0.100, 0.100, 0.100, 0.100, 0.100, 0.100, 0.100, 0.100, 0.100, 0.105, 0.100, 0.100, 0.100, 0.100, 0.100, 0.100, 0.100, 0.100, 0.100, 0.100, 0.100, 0.100, 0.100, 0.100, 0.100, 0.100, 0.361, 0.100, 0.100, 0.100, 0.100]
    Layer 17: sigma=[0.100, 0.100, 0.100, 0.100, 0.100, 0.140, 0.100, 0.100, 0.100, 0.100, 0.100, 0.100, 0.100, 0.100, 0.100, 0.100, 0.128, 0.104, 0.100, 0.412, 0.100, 0.100, 0.100, 0.110, 0.131, 0.100, 0.415, 0.100, 0.100, 0.100, 0.100, 0.100]
    Layer 18: sigma=[0.100, 0.461, 0.100, 0.100, 0.100, 0.100, 0.100, 0.201, 0.100, 0.100, 0.100, 0.100, 0.100, 0.100, 0.100, 0.100, 0.132, 0.100, 0.100, 0.100, 0.100, 0.100, 0.100, 0.100, 0.100, 0.100, 0.100, 0.100, 0.100, 0.100, 0.100, 0.100]
    Layer 19: sigma=[0.100, 0.100, 0.100, 0.100, 0.100, 0.100, 0.100, 0.100, 0.100, 0.100, 0.100, 0.100, 0.124, 0.100, 0.100, 0.194, 0.100, 0.100, 0.100, 0.323, 0.100, 0.100, 0.100, 0.104, 0.100, 0.100, 0.100, 0.100, 0.100, 0.100, 0.100, 0.100]
    Layer 21: sigma=[0.100, 0.148, 0.100, 0.100, 0.100, 0.100, 0.100, 0.100, 0.100, 0.155, 0.100, 0.288, 0.100, 0.100, 0.106, 0.100, 0.100, 0.100, 0.100, 0.119, 0.100, 0.114, 0.100, 0.100, 0.144, 0.100, 0.100, 0.100, 0.100, 0.100, 0.229, 0.100]
    Layer 22: sigma=[0.174, 0.100, 0.100, 0.100, 0.167, 0.113, 0.100, 0.206, 0.125, 0.100, 0.100, 0.100, 0.100, 0.100, 0.100, 0.100, 0.100, 0.100, 0.100, 0.100, 0.100, 0.100, 0.100, 0.100, 0.100, 0.100, 0.100, 0.100, 0.100, 0.100, 0.100, 0.100]
    Layer 23: sigma=[0.160, 0.250, 0.216, 0.100, 0.100, 0.100, 0.138, 0.100, 0.100, 0.231, 0.100, 0.100, 0.100, 0.100, 0.100, 0.100, 0.100, 0.100, 0.100, 0.100, 0.100, 0.100, 0.100, 0.100, 0.100, 0.100, 0.100, 0.100, 0.100, 0.100, 0.158, 0.274]
    Layer 24: sigma=[0.100, 0.100, 0.100, 0.100, 0.100, 0.100, 0.100, 0.100, 0.100, 0.100, 0.100, 0.100, 0.100, 0.100, 0.100, 0.140, 0.100, 0.100, 0.100, 0.100, 0.100, 0.100, 0.100, 0.100, 0.203, 0.359, 0.100, 0.340, 0.100, 0.100, 0.100, 0.100]
    Layer 25: sigma=[0.100, 0.100, 0.100, 0.100, 0.100, 0.100, 0.100, 0.100, 0.100, 0.100, 0.100, 0.100, 0.100, 0.100, 0.130, 0.100, 0.100, 0.100, 0.100, 0.100, 0.100, 0.100, 0.100, 0.100, 0.100, 0.100, 0.100, 0.100, 0.100, 0.100, 0.100, 0.100]
    Layer 26: sigma=[0.100, 0.100, 0.100, 0.100, 0.100, 0.100, 0.100, 0.100, 0.100, 0.100, 0.100, 0.100, 0.100, 0.100, 0.100, 0.100, 0.100, 0.100, 0.100, 0.100, 0.100, 0.100, 0.100, 0.100, 0.100, 0.100, 0.100, 0.100, 0.100, 0.100, 0.100, 0.100]
    Layer 27: sigma=[0.100, 0.100, 0.100, 0.100, 0.100, 0.100, 0.100, 0.100, 0.100, 0.100, 0.100, 0.100, 0.100, 0.100, 0.100, 0.100, 0.100, 0.100, 0.100, 0.100, 0.100, 0.100, 0.100, 0.100, 0.100, 0.100, 0.100, 0.100, 0.100, 0.100, 0.100, 0.100]
    Layer 28: sigma=[0.100, 0.100, 0.100, 0.100, 0.100, 0.100, 0.100, 0.100, 0.100, 0.100, 0.100, 0.100, 0.100, 0.100, 0.100, 0.100, 0.100, 0.100, 0.100, 0.100, 0.100, 0.100, 0.100, 0.100, 0.100, 0.100, 0.100, 0.100, 0.100, 0.100, 0.100, 0.100]
    Layer 29: sigma=[0.100, 0.100, 0.100, 0.100, 0.100, 0.100, 0.100, 0.100, 0.100, 0.100, 0.100, 0.100, 0.100, 0.100, 0.100, 0.100, 0.100, 0.100, 0.100, 0.100, 0.100, 0.100, 0.100, 0.100, 0.100, 0.100, 0.100, 0.100, 0.100, 0.100, 0.100, 0.100]
    Layer 30: sigma=[0.100, 0.100, 0.100, 0.100, 0.100, 0.100, 0.100, 0.100, 0.100, 0.100, 0.100, 0.100, 0.100, 0.100, 0.100, 0.100, 0.100, 0.100, 0.100, 0.100, 0.100, 0.100, 0.100, 0.100, 0.100, 0.100, 0.100, 0.100, 0.100, 0.100, 0.100, 0.100]
    Layer 31: sigma=[0.100, 0.100, 0.100, 0.100, 0.100, 0.100, 0.100, 0.100, 0.100, 0.100, 0.100, 0.100, 0.100, 0.100, 0.100, 0.100, 0.100, 0.100, 0.100, 0.120, 0.100, 0.100, 0.100, 0.100, 0.100, 0.100, 0.100, 0.100, 0.100, 0.100, 0.100, 0.100]
    Layer 32: sigma=[0.100, 0.100, 0.100, 0.100, 0.100, 0.100, 0.100, 0.100, 0.100, 0.100, 0.100, 0.100, 0.100, 0.100, 0.100, 0.100, 0.100, 0.100, 0.100, 0.100, 0.100, 0.100, 0.100, 0.100, 0.100, 0.100, 0.100, 0.100, 0.100, 0.100, 0.100, 0.100]
    Layer 33: sigma=[0.100, 0.100, 0.100, 0.100, 0.100, 0.100, 0.100, 0.100, 0.100, 0.100, 0.100, 0.100, 0.100, 0.100, 0.100, 0.100, 0.100, 0.100, 0.100, 0.100, 0.100, 0.100, 0.100, 0.100, 0.100, 0.100, 0.100, 0.100, 0.100, 0.100, 0.100, 0.100]
    Layer 34: sigma=[0.100, 0.100, 0.100, 0.100, 0.100, 0.100, 0.100, 0.100, 0.100, 0.100, 0.100, 0.100, 0.100, 0.100, 0.100, 0.100, 0.100, 0.100, 0.100, 0.100, 0.100, 0.100, 0.100, 0.100, 0.100, 0.100, 0.100, 0.100, 0.100, 0.100, 0.100, 0.100]
    Layer 35: sigma=[0.100, 0.100, 0.100, 0.100, 0.104, 0.100, 0.100, 0.100, 0.100, 0.100, 0.100, 0.100, 0.100, 0.100, 0.100, 0.100, 0.100, 0.100, 0.100, 0.100, 0.100, 0.100, 0.102, 0.100, 0.100, 0.100, 0.100, 0.100, 0.100, 0.100, 0.100, 0.100]

  [Taylor Step 3/3] g_proj = v_proj * alpha (damping=0.01)...
    Layer  0: alpha=0.060414  teacher_rms=0.0163  v_rms=0.0027
    Layer  1: alpha=0.060857  teacher_rms=0.0205  v_rms=0.0034
    Layer  2: alpha=0.057018  teacher_rms=0.0214  v_rms=0.0038
    Layer  3: alpha=0.048467  teacher_rms=0.0259  v_rms=0.0053
    Layer  4: alpha=0.047204  teacher_rms=0.0304  v_rms=0.0064
    Layer  5: alpha=0.061679  teacher_rms=0.0409  v_rms=0.0066
    Layer  6: alpha=0.078477  teacher_rms=0.0621  v_rms=0.0079
    Layer  7: alpha=0.046278  teacher_rms=0.0530  v_rms=0.0114
    Layer  8: alpha=0.047521  teacher_rms=0.0708  v_rms=0.0149
    Layer  9: alpha=0.034226  teacher_rms=0.0713  v_rms=0.0208
    Layer 10: alpha=0.051225  teacher_rms=0.1092  v_rms=0.0213
    Layer 11: alpha=0.063686  teacher_rms=0.1046  v_rms=0.0164
    Layer 12: alpha=0.059209  teacher_rms=0.1207  v_rms=0.0204
    Layer 13: alpha=0.054001  teacher_rms=0.1040  v_rms=0.0193
    Layer 14: alpha=0.066126  teacher_rms=0.1547  v_rms=0.0234
    Layer 15: alpha=0.058554  teacher_rms=0.1576  v_rms=0.0269
    Layer 16: alpha=0.043674  teacher_rms=0.1473  v_rms=0.0337
    Layer 17: alpha=0.043863  teacher_rms=0.1753  v_rms=0.0400
    Layer 18: alpha=0.045393  teacher_rms=0.1990  v_rms=0.0438
    Layer 19: alpha=0.054174  teacher_rms=0.2060  v_rms=0.0380
    Layer 21: alpha=0.051665  teacher_rms=0.2373  v_rms=0.0459
    Layer 22: alpha=0.055965  teacher_rms=0.2834  v_rms=0.0506
    Layer 23: alpha=0.050226  teacher_rms=0.3098  v_rms=0.0617
    Layer 24: alpha=0.034568  teacher_rms=0.2897  v_rms=0.0838
    Layer 25: alpha=0.039733  teacher_rms=0.2376  v_rms=0.0598
    Layer 26: alpha=0.029256  teacher_rms=0.2124  v_rms=0.0726
    Layer 27: alpha=0.037093  teacher_rms=0.3083  v_rms=0.0831
    Layer 28: alpha=0.042758  teacher_rms=0.3705  v_rms=0.0867
    Layer 29: alpha=0.017344  teacher_rms=0.2548  v_rms=0.1469
    Layer 30: alpha=0.029045  teacher_rms=0.4297  v_rms=0.1480
    Layer 31: alpha=0.021146  teacher_rms=0.3785  v_rms=0.1790
    Layer 32: alpha=0.023899  teacher_rms=0.5288  v_rms=0.2213
    Layer 33: alpha=0.018560  teacher_rms=0.6404  v_rms=0.3451
    Layer 34: alpha=0.033190  teacher_rms=1.0325  v_rms=0.3111
    Layer 35: alpha=0.060025  teacher_rms=1.0168  v_rms=0.1694

  Set g_proj = v_proj * alpha in 35 GDN layers (damping=0.01).
  Init (taylor_init) done in 412.4s
  Layer 20: PPL = 7166373.00  (eval 18.7s)

============================================================
  Probing layer 21 | strategy=taylor_init
============================================================
Loading checkpoint shards:   0%|          | 0/4 [00:00<?, ?it/s]Loading checkpoint shards: 100%|██████████| 4/4 [00:00<00:00, 91.56it/s]
Could not cache non-existence of file. Will ignore error and continue. Error: [Errno 13] Permission denied: '/data/shared/huggingface/hub/models--Qwen--Qwen3-8B/.no_exist/b968826d9c46dd6066d109eabc6255188de91218/model.safetensors'
Loading checkpoint shards:   0%|          | 0/5 [00:00<?, ?it/s]Loading checkpoint shards: 100%|██████████| 5/5 [00:00<00:00, 189.18it/s]
Token indices sequence length is longer than the specified maximum sequence length for this model (2429029 > 131072). Running this sequence through the model will result in indexing errors
  [Taylor Step 1/3] Gate calibration from attention stats...
    Layer  0: dist=[32, 3, 12, 35, 12, 26, 9, 11, 19, 6, 8, 9, 18, 34, 31, 10, 16, 19, 16, 14, 13, 23, 4, 12, 5, 52, 10, 43, 15, 36, 15, 14]
    Layer  1: dist=[19, 38, 25, 44, 3, 15, 31, 11, 45, 36, 65, 60, 34, 47, 51, 38, 32, 54, 57, 33, 56, 24, 40, 40, 37, 9, 44, 41, 83, 31, 37, 49]
    Layer  2: dist=[65, 65, 67, 62, 26, 45, 33, 43, 39, 47, 56, 56, 53, 46, 46, 60, 61, 49, 54, 43, 49, 67, 48, 50, 25, 24, 21, 35, 73, 73, 77, 74]
    Layer  3: dist=[65, 26, 13, 22, 87, 93, 83, 73, 56, 53, 62, 58, 90, 73, 75, 74, 59, 62, 51, 67, 74, 60, 64, 65, 64, 56, 52, 59, 70, 63, 72, 65]
    Layer  4: dist=[62, 63, 73, 67, 73, 56, 61, 89, 68, 69, 63, 60, 55, 55, 71, 61, 62, 65, 67, 70, 64, 61, 47, 64, 41, 51, 48, 34, 51, 66, 55, 55]
    Layer  5: dist=[36, 48, 55, 35, 61, 68, 52, 51, 5, 18, 73, 61, 54, 78, 59, 52, 41, 32, 50, 48, 51, 55, 48, 59, 73, 73, 80, 80, 43, 44, 46, 58]
    Layer  6: dist=[27, 40, 30, 31, 52, 46, 67, 61, 46, 25, 43, 38, 56, 64, 56, 30, 47, 34, 45, 40, 20, 30, 32, 14, 35, 50, 32, 49, 47, 43, 37, 53]
    Layer  7: dist=[55, 60, 64, 87, 126, 114, 127, 121, 88, 119, 99, 72, 108, 23, 53, 97, 80, 101, 85, 81, 106, 86, 112, 116, 64, 78, 47, 86, 97, 101, 101, 106]
    Layer  8: dist=[83, 87, 90, 58, 81, 77, 69, 78, 86, 99, 87, 90, 94, 86, 96, 70, 116, 107, 103, 96, 92, 106, 100, 111, 92, 72, 95, 67, 84, 72, 79, 74]
    Layer  9: dist=[76, 60, 61, 67, 83, 97, 96, 74, 123, 120, 118, 112, 27, 87, 63, 85, 93, 100, 114, 125, 87, 77, 60, 70, 119, 81, 91, 97, 125, 113, 127, 123]
    Layer 10: dist=[76, 71, 58, 74, 85, 102, 64, 74, 63, 88, 106, 49, 88, 67, 82, 86, 87, 102, 100, 107, 88, 60, 107, 90, 93, 107, 84, 77, 76, 65, 82, 90]
    Layer 11: dist=[78, 65, 79, 48, 53, 61, 78, 77, 102, 123, 109, 93, 82, 64, 65, 69, 69, 63, 61, 51, 77, 107, 89, 87, 67, 59, 56, 54, 95, 55, 55, 94]
    Layer 12: dist=[21, 72, 79, 61, 87, 83, 66, 70, 63, 62, 74, 77, 86, 81, 82, 87, 39, 68, 59, 94, 102, 112, 97, 103, 93, 2, 107, 38, 81, 88, 113, 91]
    Layer 13: dist=[52, 68, 66, 62, 52, 51, 65, 40, 86, 63, 99, 122, 128, 115, 109, 124, 85, 72, 57, 61, 93, 55, 83, 90, 84, 59, 72, 76, 113, 111, 96, 99]
    Layer 14: dist=[44, 64, 65, 46, 62, 45, 64, 65, 54, 57, 70, 68, 69, 76, 65, 67, 77, 86, 51, 64, 65, 31, 51, 81, 52, 67, 73, 64, 85, 88, 8, 89]
    Layer 15: dist=[80, 44, 79, 38, 37, 38, 79, 67, 90, 60, 46, 104, 68, 107, 79, 89, 61, 57, 64, 68, 58, 60, 50, 51, 49, 34, 86, 62, 72, 84, 71, 49]
    Layer 16: dist=[61, 57, 74, 85, 55, 58, 48, 55, 54, 82, 73, 84, 90, 69, 86, 86, 68, 71, 60, 62, 115, 118, 110, 103, 71, 54, 64, 10, 58, 59, 65, 56]
    Layer 17: dist=[111, 95, 79, 67, 53, 57, 39, 47, 90, 108, 79, 100, 40, 57, 71, 74, 44, 61, 61, 42, 75, 98, 93, 97, 58, 55, 57, 52, 53, 79, 93, 67]
    Layer 18: dist=[34, 45, 35, 33, 56, 78, 74, 57, 64, 67, 66, 79, 61, 60, 57, 62, 46, 74, 72, 52, 68, 47, 65, 96, 58, 62, 61, 63, 52, 53, 79, 56]
    Layer 19: dist=[73, 64, 63, 62, 76, 103, 54, 71, 81, 85, 84, 93, 63, 57, 75, 63, 84, 85, 49, 49, 21, 50, 33, 49, 102, 106, 102, 116, 77, 77, 73, 72]
    Layer 20: dist=[89, 79, 80, 77, 78, 51, 49, 57, 40, 36, 43, 39, 92, 79, 87, 96, 45, 51, 56, 39, 73, 111, 101, 98, 125, 97, 105, 85, 93, 79, 108, 108]
    Layer 22: dist=[73, 60, 67, 63, 52, 72, 45, 56, 37, 49, 45, 59, 18, 86, 61, 64, 33, 79, 76, 41, 102, 115, 120, 121, 101, 84, 91, 95, 114, 92, 103, 95]
    Layer 23: dist=[39, 30, 48, 39, 110, 111, 41, 102, 79, 36, 45, 63, 75, 72, 79, 77, 82, 75, 74, 94, 72, 93, 82, 76, 78, 72, 68, 100, 91, 90, 83, 78]
    Layer 24: dist=[79, 124, 109, 101, 99, 109, 111, 97, 102, 105, 104, 84, 78, 75, 89, 74, 81, 86, 98, 88, 120, 103, 102, 117, 65, 73, 79, 51, 95, 111, 98, 88]
    Layer 25: dist=[105, 121, 118, 94, 71, 72, 107, 80, 96, 97, 85, 90, 65, 89, 50, 68, 93, 99, 97, 89, 102, 111, 105, 108, 110, 110, 99, 108, 88, 125, 98, 88]
    Layer 26: dist=[80, 88, 106, 68, 115, 113, 113, 110, 102, 107, 105, 98, 100, 124, 116, 116, 86, 93, 99, 95, 102, 113, 122, 114, 99, 97, 102, 93, 115, 96, 114, 95]
    Layer 27: dist=[87, 108, 103, 117, 98, 105, 101, 86, 77, 100, 107, 99, 78, 109, 80, 86, 96, 99, 99, 104, 91, 112, 113, 92, 110, 113, 116, 117, 107, 77, 92, 117]
    Layer 28: dist=[103, 92, 102, 102, 82, 63, 80, 76, 96, 107, 92, 89, 112, 105, 96, 101, 112, 104, 104, 108, 119, 71, 60, 89, 91, 88, 99, 99, 92, 92, 71, 95]
    Layer 29: dist=[113, 114, 114, 113, 90, 112, 94, 114, 119, 113, 122, 105, 120, 120, 119, 120, 116, 106, 115, 121, 123, 123, 107, 125, 100, 114, 97, 92, 106, 95, 106, 109]
    Layer 30: dist=[75, 102, 99, 100, 102, 100, 90, 67, 117, 117, 115, 120, 105, 104, 113, 101, 97, 78, 120, 122, 51, 120, 100, 110, 119, 119, 119, 118, 106, 110, 107, 102]
    Layer 31: dist=[119, 117, 99, 98, 112, 113, 114, 116, 114, 77, 87, 91, 117, 116, 117, 115, 101, 101, 106, 94, 119, 116, 108, 119, 112, 109, 89, 120, 112, 106, 102, 110]
    Layer 32: dist=[110, 114, 114, 111, 116, 119, 116, 117, 110, 111, 117, 115, 93, 113, 108, 91, 118, 106, 109, 111, 123, 92, 114, 120, 71, 95, 80, 105, 116, 107, 99, 103]
    Layer 33: dist=[102, 120, 112, 119, 91, 102, 57, 94, 116, 116, 113, 113, 114, 115, 113, 116, 114, 117, 106, 109, 112, 96, 110, 113, 111, 119, 122, 118, 110, 111, 107, 104]
    Layer 34: dist=[110, 109, 112, 113, 105, 111, 108, 102, 53, 93, 114, 86, 117, 115, 120, 81, 82, 89, 126, 55, 119, 51, 118, 119, 122, 122, 125, 122, 54, 62, 68, 109]
    Layer 35: dist=[105, 123, 71, 97, 82, 36, 112, 100, 85, 94, 112, 96, 63, 28, 49, 40, 98, 74, 84, 48, 90, 102, 55, 54, 66, 49, 68, 72, 73, 115, 122, 117]

  [Taylor Step 2/3] OLS sigma per head (scaling V, streaming)...
    Layer  0: sigma=[0.613, 0.100, 0.100, 0.100, 0.333, 0.380, 0.100, 0.100, 0.100, 0.150, 0.100, 0.100, 0.100, 0.100, 0.100, 0.259, 0.100, 0.100, 0.100, 0.100, 0.100, 0.100, 0.100, 0.100, 0.100, 0.100, 0.352, 0.100, 0.100, 0.100, 0.161, 0.100]
    Layer  1: sigma=[0.351, 0.100, 0.100, 0.100, 0.100, 0.100, 0.100, 0.100, 0.100, 0.170, 0.245, 0.100, 0.100, 0.100, 0.100, 0.100, 0.100, 0.100, 0.100, 0.100, 0.100, 0.100, 0.100, 0.116, 0.100, 0.100, 0.113, 0.100, 0.100, 0.100, 0.100, 0.100]
    Layer  2: sigma=[0.100, 0.100, 0.100, 0.100, 0.100, 0.100, 0.100, 0.100, 0.109, 0.101, 0.100, 0.100, 0.100, 0.146, 0.100, 0.100, 0.100, 0.221, 0.100, 0.100, 0.100, 0.100, 0.100, 0.100, 0.100, 0.173, 0.100, 0.100, 0.100, 0.100, 0.100, 0.100]
    Layer  3: sigma=[0.100, 0.330, 0.100, 0.156, 0.100, 0.100, 0.100, 0.100, 0.100, 0.100, 0.100, 0.100, 0.100, 0.100, 0.100, 0.100, 0.100, 0.100, 0.100, 0.100, 0.100, 0.108, 0.100, 0.100, 0.100, 0.100, 0.100, 0.100, 0.100, 0.100, 0.100, 0.100]
    Layer  4: sigma=[0.100, 0.100, 0.100, 0.100, 0.100, 0.100, 0.100, 0.100, 0.100, 0.100, 0.100, 0.100, 0.100, 0.100, 0.100, 0.100, 0.100, 0.100, 0.100, 0.100, 0.132, 0.139, 0.318, 0.100, 0.100, 0.100, 0.100, 0.100, 0.100, 0.100, 0.100, 0.100]
    Layer  5: sigma=[0.100, 0.100, 0.100, 0.100, 0.100, 0.100, 0.100, 0.100, 0.100, 0.138, 0.100, 0.110, 0.100, 0.100, 0.100, 0.122, 0.100, 0.181, 0.100, 0.100, 0.100, 0.100, 0.100, 0.100, 0.100, 0.100, 0.100, 0.100, 0.100, 0.100, 0.100, 0.100]
    Layer  6: sigma=[0.100, 0.100, 0.100, 0.100, 0.100, 0.100, 0.100, 0.100, 0.100, 0.100, 0.100, 0.100, 0.100, 0.100, 0.100, 0.100, 0.100, 0.100, 0.100, 0.100, 0.155, 0.100, 0.100, 0.100, 0.100, 0.100, 0.100, 0.100, 0.100, 0.100, 0.100, 0.100]
    Layer  7: sigma=[0.100, 0.147, 0.100, 0.100, 0.110, 0.100, 0.100, 0.100, 0.100, 0.100, 0.100, 0.100, 0.100, 0.100, 0.100, 0.100, 0.100, 0.100, 0.100, 0.100, 0.100, 0.100, 0.100, 0.100, 0.100, 0.100, 0.100, 0.100, 0.100, 0.100, 0.100, 0.100]
    Layer  8: sigma=[0.100, 0.100, 0.100, 0.100, 0.100, 0.100, 0.100, 0.100, 0.100, 0.100, 0.100, 0.100, 0.100, 0.100, 0.100, 0.100, 0.100, 0.100, 0.100, 0.100, 0.100, 0.100, 0.100, 0.100, 0.100, 0.100, 0.100, 0.171, 0.100, 0.100, 0.100, 0.100]
    Layer  9: sigma=[0.100, 0.100, 0.100, 0.100, 0.100, 0.100, 0.100, 0.100, 0.100, 0.100, 0.100, 0.100, 0.100, 0.100, 0.536, 0.131, 0.100, 0.100, 0.100, 0.100, 0.100, 0.100, 0.100, 0.100, 0.100, 0.100, 0.100, 0.100, 0.100, 0.100, 0.100, 0.100]
    Layer 10: sigma=[0.100, 0.100, 0.100, 0.100, 0.100, 0.100, 0.100, 0.100, 0.100, 0.100, 0.100, 0.100, 0.100, 0.100, 0.100, 0.100, 0.100, 0.100, 0.100, 0.100, 0.100, 0.100, 0.100, 0.100, 0.100, 0.100, 0.100, 0.100, 0.100, 0.100, 0.100, 0.100]
    Layer 11: sigma=[0.100, 0.100, 0.100, 0.100, 0.148, 0.100, 0.100, 0.100, 0.100, 0.100, 0.100, 0.100, 0.100, 0.100, 0.254, 0.100, 0.100, 0.100, 0.100, 0.100, 0.100, 0.100, 0.100, 0.100, 0.100, 0.100, 0.164, 0.100, 0.100, 0.100, 0.100, 0.100]
    Layer 12: sigma=[0.100, 0.100, 0.100, 0.100, 0.100, 0.100, 0.100, 0.100, 0.100, 0.103, 0.100, 0.106, 0.100, 0.100, 0.100, 0.100, 0.100, 0.329, 0.154, 0.100, 0.100, 0.100, 0.100, 0.100, 0.100, 0.100, 0.100, 0.213, 0.100, 0.100, 0.119, 0.100]
    Layer 13: sigma=[0.234, 0.100, 0.100, 0.333, 0.100, 0.100, 0.100, 0.100, 0.100, 0.100, 0.100, 0.100, 0.100, 0.100, 0.100, 0.100, 0.100, 0.100, 0.100, 0.106, 0.100, 0.100, 0.100, 0.100, 0.100, 0.100, 0.100, 0.100, 0.100, 0.100, 0.100, 0.100]
    Layer 14: sigma=[0.100, 0.100, 0.100, 0.100, 0.100, 0.410, 0.100, 0.100, 0.100, 0.100, 0.100, 0.100, 0.100, 0.100, 0.100, 0.100, 0.100, 0.100, 0.100, 0.100, 0.100, 0.100, 0.100, 0.100, 0.118, 0.112, 0.100, 0.100, 0.100, 0.100, 0.100, 0.100]
    Layer 15: sigma=[0.100, 0.192, 0.100, 0.100, 0.100, 0.108, 0.100, 0.100, 0.100, 0.100, 0.100, 0.100, 0.207, 0.100, 0.100, 0.100, 0.100, 0.100, 0.100, 0.100, 0.100, 0.100, 0.100, 0.100, 0.147, 0.100, 0.100, 0.100, 0.100, 0.100, 0.100, 0.100]
    Layer 16: sigma=[0.100, 0.100, 0.100, 0.100, 0.100, 0.100, 0.100, 0.100, 0.100, 0.100, 0.100, 0.100, 0.100, 0.100, 0.100, 0.100, 0.100, 0.100, 0.100, 0.100, 0.100, 0.100, 0.100, 0.100, 0.100, 0.100, 0.100, 0.450, 0.100, 0.100, 0.100, 0.100]
    Layer 17: sigma=[0.100, 0.100, 0.100, 0.100, 0.100, 0.132, 0.100, 0.100, 0.100, 0.100, 0.100, 0.100, 0.100, 0.100, 0.100, 0.100, 0.156, 0.100, 0.100, 0.407, 0.100, 0.100, 0.100, 0.105, 0.143, 0.100, 0.376, 0.100, 0.100, 0.100, 0.100, 0.100]
    Layer 18: sigma=[0.100, 0.415, 0.100, 0.100, 0.100, 0.100, 0.100, 0.202, 0.100, 0.100, 0.100, 0.100, 0.100, 0.100, 0.100, 0.100, 0.162, 0.100, 0.100, 0.100, 0.100, 0.100, 0.100, 0.100, 0.100, 0.100, 0.100, 0.100, 0.100, 0.100, 0.100, 0.100]
    Layer 19: sigma=[0.100, 0.100, 0.100, 0.100, 0.100, 0.100, 0.100, 0.100, 0.100, 0.100, 0.100, 0.100, 0.157, 0.100, 0.100, 0.197, 0.100, 0.100, 0.100, 0.289, 0.100, 0.100, 0.100, 0.100, 0.100, 0.100, 0.100, 0.100, 0.100, 0.100, 0.100, 0.100]
    Layer 20: sigma=[0.100, 0.100, 0.100, 0.100, 0.100, 0.179, 0.100, 0.100, 0.173, 0.109, 0.100, 0.100, 0.100, 0.100, 0.100, 0.119, 0.100, 0.100, 0.100, 0.100, 0.100, 0.100, 0.100, 0.100, 0.100, 0.100, 0.100, 0.100, 0.100, 0.100, 0.100, 0.100]
    Layer 22: sigma=[0.163, 0.100, 0.100, 0.100, 0.155, 0.103, 0.100, 0.260, 0.107, 0.100, 0.100, 0.100, 0.100, 0.100, 0.100, 0.114, 0.100, 0.100, 0.100, 0.100, 0.100, 0.100, 0.100, 0.100, 0.100, 0.100, 0.100, 0.100, 0.100, 0.100, 0.100, 0.100]
    Layer 23: sigma=[0.172, 0.257, 0.133, 0.100, 0.100, 0.100, 0.100, 0.100, 0.104, 0.222, 0.100, 0.100, 0.100, 0.100, 0.100, 0.100, 0.100, 0.100, 0.100, 0.100, 0.100, 0.100, 0.100, 0.100, 0.100, 0.100, 0.100, 0.100, 0.100, 0.100, 0.177, 0.251]
    Layer 24: sigma=[0.100, 0.100, 0.100, 0.100, 0.100, 0.100, 0.100, 0.100, 0.100, 0.100, 0.100, 0.100, 0.100, 0.100, 0.100, 0.123, 0.100, 0.100, 0.100, 0.100, 0.100, 0.100, 0.100, 0.100, 0.217, 0.415, 0.100, 0.374, 0.100, 0.100, 0.100, 0.100]
    Layer 25: sigma=[0.100, 0.100, 0.100, 0.100, 0.112, 0.100, 0.100, 0.100, 0.100, 0.100, 0.100, 0.100, 0.100, 0.100, 0.103, 0.100, 0.100, 0.100, 0.100, 0.100, 0.100, 0.100, 0.100, 0.100, 0.100, 0.100, 0.100, 0.100, 0.100, 0.100, 0.100, 0.100]
    Layer 26: sigma=[0.100, 0.100, 0.100, 0.100, 0.100, 0.100, 0.100, 0.100, 0.100, 0.100, 0.100, 0.100, 0.100, 0.100, 0.100, 0.100, 0.100, 0.100, 0.100, 0.100, 0.100, 0.100, 0.100, 0.100, 0.100, 0.100, 0.100, 0.100, 0.100, 0.100, 0.100, 0.100]
    Layer 27: sigma=[0.100, 0.100, 0.100, 0.100, 0.100, 0.100, 0.100, 0.100, 0.100, 0.100, 0.100, 0.100, 0.100, 0.100, 0.100, 0.100, 0.100, 0.100, 0.100, 0.100, 0.100, 0.100, 0.100, 0.100, 0.100, 0.100, 0.100, 0.100, 0.100, 0.100, 0.100, 0.100]
    Layer 28: sigma=[0.100, 0.100, 0.100, 0.100, 0.100, 0.105, 0.100, 0.100, 0.100, 0.100, 0.100, 0.100, 0.100, 0.100, 0.100, 0.100, 0.100, 0.100, 0.100, 0.100, 0.100, 0.100, 0.100, 0.100, 0.100, 0.100, 0.100, 0.100, 0.100, 0.100, 0.100, 0.100]
    Layer 29: sigma=[0.100, 0.100, 0.100, 0.100, 0.100, 0.100, 0.100, 0.100, 0.100, 0.100, 0.100, 0.100, 0.100, 0.100, 0.100, 0.100, 0.100, 0.100, 0.100, 0.100, 0.100, 0.100, 0.100, 0.100, 0.100, 0.100, 0.100, 0.100, 0.100, 0.100, 0.100, 0.100]
    Layer 30: sigma=[0.100, 0.100, 0.100, 0.100, 0.100, 0.100, 0.100, 0.100, 0.100, 0.100, 0.100, 0.100, 0.100, 0.100, 0.100, 0.100, 0.100, 0.100, 0.100, 0.100, 0.100, 0.100, 0.100, 0.100, 0.100, 0.100, 0.100, 0.100, 0.100, 0.100, 0.100, 0.100]
    Layer 31: sigma=[0.100, 0.100, 0.100, 0.100, 0.100, 0.100, 0.100, 0.100, 0.100, 0.100, 0.100, 0.100, 0.100, 0.100, 0.100, 0.100, 0.100, 0.100, 0.100, 0.119, 0.100, 0.100, 0.100, 0.100, 0.100, 0.100, 0.100, 0.100, 0.100, 0.100, 0.100, 0.100]
    Layer 32: sigma=[0.100, 0.100, 0.100, 0.100, 0.100, 0.100, 0.100, 0.100, 0.100, 0.100, 0.100, 0.100, 0.100, 0.100, 0.100, 0.100, 0.100, 0.100, 0.100, 0.100, 0.100, 0.100, 0.100, 0.100, 0.100, 0.100, 0.100, 0.100, 0.100, 0.100, 0.100, 0.100]
    Layer 33: sigma=[0.100, 0.100, 0.100, 0.100, 0.100, 0.100, 0.184, 0.100, 0.100, 0.100, 0.100, 0.100, 0.100, 0.100, 0.100, 0.100, 0.100, 0.100, 0.100, 0.100, 0.100, 0.100, 0.100, 0.100, 0.100, 0.100, 0.100, 0.100, 0.100, 0.100, 0.100, 0.100]
    Layer 34: sigma=[0.100, 0.100, 0.100, 0.100, 0.100, 0.100, 0.100, 0.100, 0.100, 0.100, 0.100, 0.100, 0.100, 0.100, 0.100, 0.100, 0.100, 0.100, 0.100, 0.100, 0.100, 0.100, 0.100, 0.100, 0.100, 0.100, 0.100, 0.100, 0.100, 0.100, 0.100, 0.100]
    Layer 35: sigma=[0.100, 0.100, 0.100, 0.100, 0.100, 0.100, 0.100, 0.100, 0.100, 0.100, 0.100, 0.100, 0.100, 0.100, 0.100, 0.100, 0.100, 0.100, 0.100, 0.100, 0.100, 0.100, 0.129, 0.100, 0.100, 0.100, 0.100, 0.100, 0.100, 0.100, 0.100, 0.100]

  [Taylor Step 3/3] g_proj = v_proj * alpha (damping=0.01)...
    Layer  0: alpha=0.060482  teacher_rms=0.0163  v_rms=0.0027
    Layer  1: alpha=0.060810  teacher_rms=0.0205  v_rms=0.0034
    Layer  2: alpha=0.056897  teacher_rms=0.0214  v_rms=0.0038
    Layer  3: alpha=0.048530  teacher_rms=0.0259  v_rms=0.0053
    Layer  4: alpha=0.047356  teacher_rms=0.0304  v_rms=0.0064
    Layer  5: alpha=0.061783  teacher_rms=0.0409  v_rms=0.0066
    Layer  6: alpha=0.078361  teacher_rms=0.0621  v_rms=0.0079
    Layer  7: alpha=0.046222  teacher_rms=0.0530  v_rms=0.0115
    Layer  8: alpha=0.047568  teacher_rms=0.0708  v_rms=0.0149
    Layer  9: alpha=0.036247  teacher_rms=0.0713  v_rms=0.0197
    Layer 10: alpha=0.051225  teacher_rms=0.1092  v_rms=0.0213
    Layer 11: alpha=0.062457  teacher_rms=0.1046  v_rms=0.0167
    Layer 12: alpha=0.059928  teacher_rms=0.1207  v_rms=0.0201
    Layer 13: alpha=0.052879  teacher_rms=0.1040  v_rms=0.0197
    Layer 14: alpha=0.063890  teacher_rms=0.1547  v_rms=0.0242
    Layer 15: alpha=0.057558  teacher_rms=0.1576  v_rms=0.0274
    Layer 16: alpha=0.041182  teacher_rms=0.1473  v_rms=0.0358
    Layer 17: alpha=0.044851  teacher_rms=0.1753  v_rms=0.0391
    Layer 18: alpha=0.047476  teacher_rms=0.1990  v_rms=0.0419
    Layer 19: alpha=0.054550  teacher_rms=0.2060  v_rms=0.0378
    Layer 20: alpha=0.057180  teacher_rms=0.1966  v_rms=0.0344
    Layer 22: alpha=0.055274  teacher_rms=0.2834  v_rms=0.0513
    Layer 23: alpha=0.052120  teacher_rms=0.3098  v_rms=0.0594
    Layer 24: alpha=0.032972  teacher_rms=0.2897  v_rms=0.0879
    Layer 25: alpha=0.039900  teacher_rms=0.2376  v_rms=0.0595
    Layer 26: alpha=0.029256  teacher_rms=0.2124  v_rms=0.0726
    Layer 27: alpha=0.037093  teacher_rms=0.3083  v_rms=0.0831
    Layer 28: alpha=0.042699  teacher_rms=0.3705  v_rms=0.0868
    Layer 29: alpha=0.017344  teacher_rms=0.2548  v_rms=0.1469
    Layer 30: alpha=0.029045  teacher_rms=0.4297  v_rms=0.1480
    Layer 31: alpha=0.021150  teacher_rms=0.3785  v_rms=0.1789
    Layer 32: alpha=0.023899  teacher_rms=0.5288  v_rms=0.2213
    Layer 33: alpha=0.018362  teacher_rms=0.6404  v_rms=0.3488
    Layer 34: alpha=0.033190  teacher_rms=1.0325  v_rms=0.3111
    Layer 35: alpha=0.059656  teacher_rms=1.0168  v_rms=0.1704

  Set g_proj = v_proj * alpha in 35 GDN layers (damping=0.01).
  Init (taylor_init) done in 355.7s
  Layer 21: PPL = 14525953.00  (eval 17.1s)

============================================================
  Probing layer 22 | strategy=taylor_init
============================================================
Loading checkpoint shards:   0%|          | 0/4 [00:00<?, ?it/s]Loading checkpoint shards: 100%|██████████| 4/4 [00:00<00:00, 146.20it/s]
Could not cache non-existence of file. Will ignore error and continue. Error: [Errno 13] Permission denied: '/data/shared/huggingface/hub/models--Qwen--Qwen3-8B/.no_exist/b968826d9c46dd6066d109eabc6255188de91218/model.safetensors'
Loading checkpoint shards:   0%|          | 0/5 [00:00<?, ?it/s]Loading checkpoint shards: 100%|██████████| 5/5 [00:00<00:00, 166.91it/s]
Token indices sequence length is longer than the specified maximum sequence length for this model (2429029 > 131072). Running this sequence through the model will result in indexing errors
  [Taylor Step 1/3] Gate calibration from attention stats...
    Layer  0: dist=[32, 3, 12, 35, 12, 26, 9, 11, 19, 6, 8, 9, 18, 34, 31, 10, 16, 19, 16, 14, 13, 23, 4, 12, 5, 52, 10, 43, 15, 36, 15, 14]
    Layer  1: dist=[19, 38, 25, 44, 3, 15, 31, 11, 45, 36, 65, 60, 34, 47, 51, 38, 32, 54, 57, 33, 56, 24, 40, 40, 37, 9, 44, 41, 83, 31, 37, 49]
    Layer  2: dist=[65, 65, 67, 62, 26, 45, 33, 43, 39, 47, 56, 56, 53, 46, 46, 60, 61, 49, 54, 43, 49, 67, 48, 50, 25, 24, 21, 35, 73, 73, 77, 74]
    Layer  3: dist=[65, 26, 13, 22, 87, 93, 83, 73, 56, 53, 62, 58, 90, 73, 75, 74, 59, 62, 51, 67, 74, 60, 64, 65, 64, 56, 52, 59, 70, 63, 72, 65]
    Layer  4: dist=[62, 63, 73, 67, 73, 56, 61, 89, 68, 69, 63, 60, 55, 55, 71, 61, 62, 65, 67, 70, 64, 61, 47, 64, 41, 51, 48, 34, 51, 66, 55, 55]
    Layer  5: dist=[36, 48, 55, 35, 61, 68, 52, 51, 5, 18, 73, 61, 54, 78, 59, 52, 41, 32, 50, 48, 51, 55, 48, 59, 73, 73, 80, 80, 43, 44, 46, 58]
    Layer  6: dist=[27, 40, 30, 31, 52, 46, 67, 61, 46, 25, 43, 38, 56, 64, 56, 30, 47, 34, 45, 40, 20, 30, 32, 14, 35, 50, 32, 49, 47, 43, 37, 53]
    Layer  7: dist=[55, 60, 64, 87, 126, 114, 127, 121, 88, 119, 99, 72, 108, 23, 53, 97, 80, 101, 85, 81, 106, 86, 112, 116, 64, 78, 47, 86, 97, 101, 101, 106]
    Layer  8: dist=[83, 87, 90, 58, 81, 77, 69, 78, 86, 99, 87, 90, 94, 86, 96, 70, 116, 107, 103, 96, 92, 106, 100, 111, 92, 72, 95, 67, 84, 72, 79, 74]
    Layer  9: dist=[76, 60, 61, 67, 83, 97, 96, 74, 123, 120, 118, 112, 27, 87, 63, 85, 93, 100, 114, 125, 87, 77, 60, 70, 119, 81, 91, 97, 125, 113, 127, 123]
    Layer 10: dist=[76, 71, 58, 74, 85, 102, 64, 74, 63, 88, 106, 49, 88, 67, 82, 86, 87, 102, 100, 107, 88, 60, 107, 90, 93, 107, 84, 77, 76, 65, 82, 90]
    Layer 11: dist=[78, 65, 79, 48, 53, 61, 78, 77, 102, 123, 109, 93, 82, 64, 65, 69, 69, 63, 61, 51, 77, 107, 89, 87, 67, 59, 56, 54, 95, 55, 55, 94]
    Layer 12: dist=[21, 72, 79, 61, 87, 83, 66, 70, 63, 62, 74, 77, 86, 81, 82, 87, 39, 68, 59, 94, 102, 112, 97, 103, 93, 2, 107, 38, 81, 88, 113, 91]
    Layer 13: dist=[52, 68, 66, 62, 52, 51, 65, 40, 86, 63, 99, 122, 128, 115, 109, 124, 85, 72, 57, 61, 93, 55, 83, 90, 84, 59, 72, 76, 113, 111, 96, 99]
    Layer 14: dist=[44, 64, 65, 46, 62, 45, 64, 65, 54, 57, 70, 68, 69, 76, 65, 67, 77, 86, 51, 64, 65, 31, 51, 81, 52, 67, 73, 64, 85, 88, 8, 89]
    Layer 15: dist=[80, 44, 79, 38, 37, 38, 79, 67, 90, 60, 46, 104, 68, 107, 79, 89, 61, 57, 64, 68, 58, 60, 50, 51, 49, 34, 86, 62, 72, 84, 71, 49]
    Layer 16: dist=[61, 57, 74, 85, 55, 58, 48, 55, 54, 82, 73, 84, 90, 69, 86, 86, 68, 71, 60, 62, 115, 118, 110, 103, 71, 54, 64, 10, 58, 59, 65, 56]
    Layer 17: dist=[111, 95, 79, 67, 53, 57, 39, 47, 90, 108, 79, 100, 40, 57, 71, 74, 44, 61, 61, 42, 75, 98, 93, 97, 58, 55, 57, 52, 53, 79, 93, 67]
    Layer 18: dist=[34, 45, 35, 33, 56, 78, 74, 57, 64, 67, 66, 79, 61, 60, 57, 62, 46, 74, 72, 52, 68, 47, 65, 96, 58, 62, 61, 63, 52, 53, 79, 56]
    Layer 19: dist=[73, 64, 63, 62, 76, 103, 54, 71, 81, 85, 84, 93, 63, 57, 75, 63, 84, 85, 49, 49, 21, 50, 33, 49, 102, 106, 102, 116, 77, 77, 73, 72]
    Layer 20: dist=[89, 79, 80, 77, 78, 51, 49, 57, 40, 36, 43, 39, 92, 79, 87, 96, 45, 51, 56, 39, 73, 111, 101, 98, 125, 97, 105, 85, 93, 79, 108, 108]
    Layer 21: dist=[44, 50, 56, 68, 115, 65, 96, 118, 118, 61, 71, 69, 46, 41, 44, 42, 75, 75, 83, 65, 89, 99, 95, 96, 64, 62, 60, 80, 73, 79, 60, 88]
    Layer 23: dist=[39, 30, 48, 39, 110, 111, 41, 102, 79, 36, 45, 63, 75, 72, 79, 77, 82, 75, 74, 94, 72, 93, 82, 76, 78, 72, 68, 100, 91, 90, 83, 78]
    Layer 24: dist=[79, 124, 109, 101, 99, 109, 111, 97, 102, 105, 104, 84, 78, 75, 89, 74, 81, 86, 98, 88, 120, 103, 102, 117, 65, 73, 79, 51, 95, 111, 98, 88]
    Layer 25: dist=[105, 121, 118, 94, 71, 72, 107, 80, 96, 97, 85, 90, 65, 89, 50, 68, 93, 99, 97, 89, 102, 111, 105, 108, 110, 110, 99, 108, 88, 125, 98, 88]
    Layer 26: dist=[80, 88, 106, 68, 115, 113, 113, 110, 102, 107, 105, 98, 100, 124, 116, 116, 86, 93, 99, 95, 102, 113, 122, 114, 99, 97, 102, 93, 115, 96, 114, 95]
    Layer 27: dist=[87, 108, 103, 117, 98, 105, 101, 86, 77, 100, 107, 99, 78, 109, 80, 86, 96, 99, 99, 104, 91, 112, 113, 92, 110, 113, 116, 117, 107, 77, 92, 117]
    Layer 28: dist=[103, 92, 102, 102, 82, 63, 80, 76, 96, 107, 92, 89, 112, 105, 96, 101, 112, 104, 104, 108, 119, 71, 60, 89, 91, 88, 99, 99, 92, 92, 71, 95]
    Layer 29: dist=[113, 114, 114, 113, 90, 112, 94, 114, 119, 113, 122, 105, 120, 120, 119, 120, 116, 106, 115, 121, 123, 123, 107, 125, 100, 114, 97, 92, 106, 95, 106, 109]
    Layer 30: dist=[75, 102, 99, 100, 102, 100, 90, 67, 117, 117, 115, 120, 105, 104, 113, 101, 97, 78, 120, 122, 51, 120, 100, 110, 119, 119, 119, 118, 106, 110, 107, 102]
    Layer 31: dist=[119, 117, 99, 98, 112, 113, 114, 116, 114, 77, 87, 91, 117, 116, 117, 115, 101, 101, 106, 94, 119, 116, 108, 119, 112, 109, 89, 120, 112, 106, 102, 110]
    Layer 32: dist=[110, 114, 114, 111, 116, 119, 116, 117, 110, 111, 117, 115, 93, 113, 108, 91, 118, 106, 109, 111, 123, 92, 114, 120, 71, 95, 80, 105, 116, 107, 99, 103]
    Layer 33: dist=[102, 120, 112, 119, 91, 102, 57, 94, 116, 116, 113, 113, 114, 115, 113, 116, 114, 117, 106, 109, 112, 96, 110, 113, 111, 119, 122, 118, 110, 111, 107, 104]
    Layer 34: dist=[110, 109, 112, 113, 105, 111, 108, 102, 53, 93, 114, 86, 117, 115, 120, 81, 82, 89, 126, 55, 119, 51, 118, 119, 122, 122, 125, 122, 54, 62, 68, 109]
    Layer 35: dist=[105, 123, 71, 97, 82, 36, 112, 100, 85, 94, 112, 96, 63, 28, 49, 40, 98, 74, 84, 48, 90, 102, 55, 54, 66, 49, 68, 72, 73, 115, 122, 117]

  [Taylor Step 2/3] OLS sigma per head (scaling V, streaming)...
    Layer  0: sigma=[0.615, 0.100, 0.100, 0.100, 0.333, 0.376, 0.100, 0.100, 0.100, 0.149, 0.100, 0.100, 0.100, 0.100, 0.100, 0.259, 0.100, 0.100, 0.100, 0.100, 0.100, 0.100, 0.100, 0.100, 0.100, 0.100, 0.351, 0.100, 0.100, 0.100, 0.161, 0.100]
    Layer  1: sigma=[0.350, 0.100, 0.100, 0.100, 0.100, 0.100, 0.100, 0.100, 0.100, 0.163, 0.248, 0.100, 0.100, 0.100, 0.100, 0.100, 0.100, 0.100, 0.100, 0.100, 0.100, 0.100, 0.100, 0.119, 0.100, 0.100, 0.115, 0.100, 0.100, 0.100, 0.100, 0.100]
    Layer  2: sigma=[0.100, 0.100, 0.100, 0.100, 0.100, 0.100, 0.100, 0.100, 0.109, 0.100, 0.100, 0.100, 0.100, 0.146, 0.100, 0.100, 0.100, 0.220, 0.100, 0.100, 0.100, 0.100, 0.100, 0.100, 0.100, 0.169, 0.100, 0.100, 0.100, 0.100, 0.100, 0.100]
    Layer  3: sigma=[0.100, 0.320, 0.100, 0.159, 0.100, 0.100, 0.100, 0.100, 0.100, 0.100, 0.100, 0.100, 0.100, 0.100, 0.100, 0.100, 0.100, 0.100, 0.100, 0.100, 0.100, 0.109, 0.100, 0.100, 0.100, 0.100, 0.100, 0.100, 0.100, 0.100, 0.100, 0.100]
    Layer  4: sigma=[0.100, 0.100, 0.100, 0.100, 0.100, 0.100, 0.100, 0.100, 0.100, 0.100, 0.100, 0.100, 0.100, 0.100, 0.100, 0.100, 0.100, 0.100, 0.100, 0.100, 0.133, 0.137, 0.319, 0.100, 0.100, 0.100, 0.100, 0.100, 0.100, 0.100, 0.100, 0.100]
    Layer  5: sigma=[0.100, 0.100, 0.100, 0.100, 0.100, 0.100, 0.100, 0.100, 0.100, 0.143, 0.100, 0.110, 0.100, 0.100, 0.100, 0.122, 0.100, 0.181, 0.100, 0.100, 0.100, 0.100, 0.100, 0.100, 0.100, 0.100, 0.100, 0.100, 0.100, 0.100, 0.100, 0.100]
    Layer  6: sigma=[0.100, 0.100, 0.100, 0.100, 0.100, 0.100, 0.100, 0.100, 0.100, 0.100, 0.100, 0.100, 0.100, 0.100, 0.100, 0.100, 0.100, 0.100, 0.100, 0.100, 0.155, 0.100, 0.100, 0.100, 0.100, 0.100, 0.100, 0.100, 0.100, 0.100, 0.100, 0.100]
    Layer  7: sigma=[0.100, 0.167, 0.100, 0.100, 0.117, 0.100, 0.100, 0.100, 0.100, 0.100, 0.100, 0.101, 0.100, 0.100, 0.100, 0.100, 0.100, 0.100, 0.100, 0.100, 0.100, 0.100, 0.100, 0.100, 0.100, 0.100, 0.100, 0.100, 0.100, 0.100, 0.100, 0.100]
    Layer  8: sigma=[0.100, 0.100, 0.100, 0.100, 0.100, 0.100, 0.100, 0.100, 0.100, 0.100, 0.100, 0.100, 0.100, 0.100, 0.100, 0.100, 0.100, 0.100, 0.100, 0.100, 0.100, 0.100, 0.100, 0.100, 0.100, 0.100, 0.100, 0.178, 0.100, 0.100, 0.100, 0.100]
    Layer  9: sigma=[0.100, 0.100, 0.100, 0.100, 0.100, 0.100, 0.100, 0.100, 0.100, 0.100, 0.100, 0.100, 0.100, 0.100, 0.587, 0.128, 0.100, 0.100, 0.100, 0.100, 0.100, 0.100, 0.100, 0.100, 0.100, 0.100, 0.100, 0.100, 0.100, 0.100, 0.100, 0.100]
    Layer 10: sigma=[0.100, 0.100, 0.100, 0.100, 0.100, 0.100, 0.100, 0.100, 0.100, 0.100, 0.100, 0.100, 0.100, 0.100, 0.100, 0.100, 0.100, 0.100, 0.100, 0.100, 0.100, 0.100, 0.100, 0.100, 0.100, 0.100, 0.100, 0.100, 0.100, 0.100, 0.100, 0.100]
    Layer 11: sigma=[0.100, 0.100, 0.100, 0.100, 0.142, 0.100, 0.100, 0.100, 0.100, 0.104, 0.100, 0.100, 0.100, 0.100, 0.254, 0.100, 0.100, 0.100, 0.100, 0.100, 0.100, 0.100, 0.100, 0.100, 0.100, 0.100, 0.166, 0.100, 0.100, 0.100, 0.100, 0.100]
    Layer 12: sigma=[0.100, 0.100, 0.100, 0.100, 0.100, 0.100, 0.100, 0.100, 0.100, 0.105, 0.100, 0.108, 0.100, 0.100, 0.100, 0.100, 0.100, 0.364, 0.227, 0.100, 0.100, 0.100, 0.100, 0.100, 0.100, 0.100, 0.100, 0.213, 0.100, 0.100, 0.118, 0.100]
    Layer 13: sigma=[0.235, 0.100, 0.100, 0.339, 0.100, 0.100, 0.100, 0.100, 0.100, 0.100, 0.100, 0.100, 0.100, 0.100, 0.100, 0.100, 0.100, 0.100, 0.100, 0.106, 0.100, 0.100, 0.100, 0.100, 0.100, 0.100, 0.100, 0.100, 0.100, 0.100, 0.100, 0.100]
    Layer 14: sigma=[0.100, 0.100, 0.100, 0.100, 0.100, 0.421, 0.100, 0.100, 0.100, 0.100, 0.100, 0.100, 0.100, 0.100, 0.100, 0.100, 0.100, 0.100, 0.100, 0.100, 0.100, 0.100, 0.100, 0.100, 0.115, 0.121, 0.100, 0.100, 0.100, 0.100, 0.100, 0.100]
    Layer 15: sigma=[0.100, 0.168, 0.100, 0.100, 0.100, 0.110, 0.100, 0.100, 0.100, 0.100, 0.100, 0.100, 0.214, 0.100, 0.100, 0.100, 0.100, 0.100, 0.100, 0.100, 0.100, 0.100, 0.100, 0.100, 0.133, 0.100, 0.100, 0.100, 0.100, 0.100, 0.100, 0.100]
    Layer 16: sigma=[0.100, 0.100, 0.100, 0.100, 0.100, 0.100, 0.100, 0.100, 0.100, 0.100, 0.100, 0.100, 0.100, 0.100, 0.100, 0.100, 0.100, 0.100, 0.100, 0.100, 0.100, 0.100, 0.100, 0.100, 0.100, 0.100, 0.100, 0.421, 0.100, 0.100, 0.100, 0.100]
    Layer 17: sigma=[0.100, 0.100, 0.100, 0.100, 0.100, 0.128, 0.100, 0.100, 0.100, 0.100, 0.100, 0.100, 0.100, 0.100, 0.100, 0.100, 0.124, 0.100, 0.100, 0.409, 0.100, 0.100, 0.100, 0.107, 0.138, 0.100, 0.428, 0.100, 0.100, 0.100, 0.100, 0.100]
    Layer 18: sigma=[0.100, 0.423, 0.100, 0.100, 0.100, 0.100, 0.100, 0.198, 0.100, 0.100, 0.100, 0.100, 0.100, 0.100, 0.100, 0.100, 0.144, 0.100, 0.100, 0.100, 0.100, 0.100, 0.100, 0.100, 0.100, 0.100, 0.100, 0.100, 0.100, 0.100, 0.100, 0.100]
    Layer 19: sigma=[0.100, 0.100, 0.100, 0.100, 0.100, 0.100, 0.100, 0.100, 0.100, 0.100, 0.100, 0.100, 0.130, 0.100, 0.100, 0.200, 0.100, 0.100, 0.100, 0.270, 0.100, 0.100, 0.100, 0.103, 0.100, 0.100, 0.100, 0.100, 0.100, 0.100, 0.100, 0.100]
    Layer 20: sigma=[0.100, 0.100, 0.100, 0.100, 0.100, 0.181, 0.100, 0.100, 0.155, 0.120, 0.100, 0.100, 0.100, 0.100, 0.100, 0.124, 0.100, 0.134, 0.100, 0.100, 0.100, 0.100, 0.100, 0.100, 0.100, 0.100, 0.100, 0.100, 0.100, 0.100, 0.100, 0.100]
    Layer 21: sigma=[0.100, 0.175, 0.100, 0.100, 0.100, 0.100, 0.100, 0.100, 0.100, 0.154, 0.100, 0.256, 0.100, 0.100, 0.119, 0.100, 0.100, 0.100, 0.100, 0.100, 0.100, 0.100, 0.100, 0.100, 0.170, 0.100, 0.100, 0.100, 0.100, 0.100, 0.274, 0.100]
    Layer 23: sigma=[0.167, 0.265, 0.189, 0.100, 0.100, 0.100, 0.100, 0.100, 0.100, 0.227, 0.100, 0.100, 0.100, 0.100, 0.100, 0.100, 0.100, 0.100, 0.100, 0.100, 0.100, 0.100, 0.100, 0.100, 0.100, 0.100, 0.100, 0.100, 0.100, 0.103, 0.148, 0.275]
    Layer 24: sigma=[0.100, 0.100, 0.100, 0.100, 0.100, 0.100, 0.100, 0.100, 0.100, 0.100, 0.100, 0.100, 0.100, 0.100, 0.100, 0.170, 0.100, 0.100, 0.100, 0.100, 0.100, 0.100, 0.100, 0.100, 0.182, 0.391, 0.100, 0.332, 0.100, 0.100, 0.100, 0.100]
    Layer 25: sigma=[0.100, 0.100, 0.100, 0.100, 0.100, 0.100, 0.100, 0.100, 0.100, 0.100, 0.100, 0.100, 0.100, 0.100, 0.128, 0.100, 0.100, 0.100, 0.100, 0.100, 0.100, 0.100, 0.100, 0.100, 0.100, 0.100, 0.100, 0.100, 0.100, 0.100, 0.100, 0.100]
    Layer 26: sigma=[0.106, 0.100, 0.100, 0.100, 0.100, 0.100, 0.100, 0.100, 0.100, 0.100, 0.100, 0.100, 0.100, 0.100, 0.100, 0.100, 0.100, 0.100, 0.100, 0.100, 0.100, 0.100, 0.100, 0.100, 0.100, 0.100, 0.100, 0.100, 0.100, 0.100, 0.100, 0.100]
    Layer 27: sigma=[0.100, 0.100, 0.100, 0.100, 0.100, 0.100, 0.100, 0.100, 0.100, 0.100, 0.100, 0.100, 0.100, 0.100, 0.100, 0.100, 0.100, 0.100, 0.100, 0.100, 0.100, 0.100, 0.100, 0.100, 0.100, 0.100, 0.100, 0.100, 0.100, 0.101, 0.100, 0.100]
    Layer 28: sigma=[0.100, 0.100, 0.100, 0.100, 0.100, 0.130, 0.100, 0.114, 0.100, 0.100, 0.100, 0.100, 0.100, 0.100, 0.100, 0.100, 0.100, 0.100, 0.100, 0.100, 0.100, 0.100, 0.100, 0.100, 0.100, 0.100, 0.100, 0.100, 0.100, 0.100, 0.100, 0.100]
    Layer 29: sigma=[0.100, 0.100, 0.100, 0.100, 0.100, 0.100, 0.100, 0.100, 0.100, 0.100, 0.100, 0.100, 0.100, 0.100, 0.100, 0.100, 0.100, 0.100, 0.100, 0.100, 0.100, 0.100, 0.100, 0.100, 0.100, 0.100, 0.100, 0.100, 0.100, 0.100, 0.100, 0.100]
    Layer 30: sigma=[0.100, 0.100, 0.100, 0.100, 0.100, 0.100, 0.100, 0.100, 0.100, 0.100, 0.100, 0.100, 0.100, 0.100, 0.100, 0.100, 0.100, 0.100, 0.100, 0.100, 0.100, 0.100, 0.100, 0.100, 0.100, 0.100, 0.100, 0.100, 0.100, 0.100, 0.100, 0.100]
    Layer 31: sigma=[0.100, 0.100, 0.100, 0.100, 0.100, 0.100, 0.100, 0.100, 0.100, 0.100, 0.100, 0.100, 0.100, 0.100, 0.100, 0.100, 0.100, 0.100, 0.100, 0.100, 0.100, 0.100, 0.100, 0.100, 0.100, 0.100, 0.100, 0.100, 0.100, 0.100, 0.100, 0.100]
    Layer 32: sigma=[0.100, 0.100, 0.100, 0.100, 0.100, 0.100, 0.100, 0.100, 0.100, 0.100, 0.100, 0.100, 0.100, 0.100, 0.100, 0.100, 0.100, 0.100, 0.100, 0.100, 0.100, 0.100, 0.100, 0.100, 0.100, 0.100, 0.100, 0.100, 0.100, 0.100, 0.100, 0.100]
    Layer 33: sigma=[0.100, 0.100, 0.100, 0.100, 0.100, 0.100, 0.100, 0.100, 0.100, 0.100, 0.100, 0.100, 0.100, 0.100, 0.100, 0.100, 0.100, 0.100, 0.100, 0.100, 0.100, 0.100, 0.100, 0.100, 0.100, 0.100, 0.100, 0.100, 0.100, 0.100, 0.100, 0.100]
    Layer 34: sigma=[0.100, 0.100, 0.100, 0.100, 0.100, 0.100, 0.100, 0.100, 0.100, 0.100, 0.100, 0.118, 0.100, 0.100, 0.100, 0.100, 0.100, 0.100, 0.100, 0.100, 0.100, 0.100, 0.100, 0.100, 0.100, 0.100, 0.100, 0.100, 0.100, 0.100, 0.100, 0.100]
    Layer 35: sigma=[0.100, 0.100, 0.100, 0.100, 0.100, 0.100, 0.100, 0.100, 0.100, 0.100, 0.100, 0.100, 0.100, 0.100, 0.100, 0.100, 0.100, 0.100, 0.100, 0.100, 0.100, 0.100, 0.108, 0.100, 0.100, 0.100, 0.100, 0.100, 0.100, 0.100, 0.100, 0.100]

  [Taylor Step 3/3] g_proj = v_proj * alpha (damping=0.01)...
    Layer  0: alpha=0.060404  teacher_rms=0.0163  v_rms=0.0027
    Layer  1: alpha=0.060820  teacher_rms=0.0205  v_rms=0.0034
    Layer  2: alpha=0.057053  teacher_rms=0.0214  v_rms=0.0038
    Layer  3: alpha=0.048773  teacher_rms=0.0259  v_rms=0.0053
    Layer  4: alpha=0.047341  teacher_rms=0.0304  v_rms=0.0064
    Layer  5: alpha=0.061683  teacher_rms=0.0409  v_rms=0.0066
    Layer  6: alpha=0.078340  teacher_rms=0.0621  v_rms=0.0079
    Layer  7: alpha=0.045644  teacher_rms=0.0530  v_rms=0.0116
    Layer  8: alpha=0.047387  teacher_rms=0.0708  v_rms=0.0149
    Layer  9: alpha=0.034799  teacher_rms=0.0713  v_rms=0.0205
    Layer 10: alpha=0.051225  teacher_rms=0.1092  v_rms=0.0213
    Layer 11: alpha=0.062490  teacher_rms=0.1046  v_rms=0.0167
    Layer 12: alpha=0.057040  teacher_rms=0.1207  v_rms=0.0212
    Layer 13: alpha=0.052653  teacher_rms=0.1040  v_rms=0.0197
    Layer 14: alpha=0.063287  teacher_rms=0.1547  v_rms=0.0244
    Layer 15: alpha=0.058175  teacher_rms=0.1576  v_rms=0.0271
    Layer 16: alpha=0.042015  teacher_rms=0.1473  v_rms=0.0351
    Layer 17: alpha=0.043552  teacher_rms=0.1753  v_rms=0.0403
    Layer 18: alpha=0.047221  teacher_rms=0.1990  v_rms=0.0421
    Layer 19: alpha=0.055569  teacher_rms=0.2060  v_rms=0.0371
    Layer 20: alpha=0.056408  teacher_rms=0.1966  v_rms=0.0349
    Layer 21: alpha=0.050546  teacher_rms=0.2373  v_rms=0.0469
    Layer 23: alpha=0.050880  teacher_rms=0.3098  v_rms=0.0609
    Layer 24: alpha=0.034142  teacher_rms=0.2897  v_rms=0.0848
    Layer 25: alpha=0.039755  teacher_rms=0.2376  v_rms=0.0598
    Layer 26: alpha=0.029198  teacher_rms=0.2124  v_rms=0.0727
    Layer 27: alpha=0.037088  teacher_rms=0.3083  v_rms=0.0831
    Layer 28: alpha=0.042219  teacher_rms=0.3705  v_rms=0.0878
    Layer 29: alpha=0.017344  teacher_rms=0.2548  v_rms=0.1469
    Layer 30: alpha=0.029045  teacher_rms=0.4297  v_rms=0.1480
    Layer 31: alpha=0.021214  teacher_rms=0.3785  v_rms=0.1784
    Layer 32: alpha=0.023899  teacher_rms=0.5288  v_rms=0.2213
    Layer 33: alpha=0.018560  teacher_rms=0.6404  v_rms=0.3451
    Layer 34: alpha=0.033096  teacher_rms=1.0325  v_rms=0.3120
    Layer 35: alpha=0.059989  teacher_rms=1.0168  v_rms=0.1695

  Set g_proj = v_proj * alpha in 35 GDN layers (damping=0.01).
  Init (taylor_init) done in 330.5s
  Layer 22: PPL = 2148905.25  (eval 17.2s)

============================================================
  Probing layer 23 | strategy=taylor_init
============================================================
Loading checkpoint shards:   0%|          | 0/4 [00:00<?, ?it/s]Loading checkpoint shards: 100%|██████████| 4/4 [00:00<00:00, 143.82it/s]
Could not cache non-existence of file. Will ignore error and continue. Error: [Errno 13] Permission denied: '/data/shared/huggingface/hub/models--Qwen--Qwen3-8B/.no_exist/b968826d9c46dd6066d109eabc6255188de91218/model.safetensors'
Loading checkpoint shards:   0%|          | 0/5 [00:00<?, ?it/s]Loading checkpoint shards: 100%|██████████| 5/5 [00:00<00:00, 183.74it/s]
Token indices sequence length is longer than the specified maximum sequence length for this model (2429029 > 131072). Running this sequence through the model will result in indexing errors
  [Taylor Step 1/3] Gate calibration from attention stats...
    Layer  0: dist=[32, 3, 12, 35, 12, 26, 9, 11, 19, 6, 8, 9, 18, 34, 31, 10, 16, 19, 16, 14, 13, 23, 4, 12, 5, 52, 10, 43, 15, 36, 15, 14]
    Layer  1: dist=[19, 38, 25, 44, 3, 15, 31, 11, 45, 36, 65, 60, 34, 47, 51, 38, 32, 54, 57, 33, 56, 24, 40, 40, 37, 9, 44, 41, 83, 31, 37, 49]
    Layer  2: dist=[65, 65, 67, 62, 26, 45, 33, 43, 39, 47, 56, 56, 53, 46, 46, 60, 61, 49, 54, 43, 49, 67, 48, 50, 25, 24, 21, 35, 73, 73, 77, 74]
    Layer  3: dist=[65, 26, 13, 22, 87, 93, 83, 73, 56, 53, 62, 58, 90, 73, 75, 74, 59, 62, 51, 67, 74, 60, 64, 65, 64, 56, 52, 59, 70, 63, 72, 65]
    Layer  4: dist=[62, 63, 73, 67, 73, 56, 61, 89, 68, 69, 63, 60, 55, 55, 71, 61, 62, 65, 67, 70, 64, 61, 47, 64, 41, 51, 48, 34, 51, 66, 55, 55]
    Layer  5: dist=[36, 48, 55, 35, 61, 68, 52, 51, 5, 18, 73, 61, 54, 78, 59, 52, 41, 32, 50, 48, 51, 55, 48, 59, 73, 73, 80, 80, 43, 44, 46, 58]
    Layer  6: dist=[27, 40, 30, 31, 52, 46, 67, 61, 46, 25, 43, 38, 56, 64, 56, 30, 47, 34, 45, 40, 20, 30, 32, 14, 35, 50, 32, 49, 47, 43, 37, 53]
    Layer  7: dist=[55, 60, 64, 87, 126, 114, 127, 121, 88, 119, 99, 72, 108, 23, 53, 97, 80, 101, 85, 81, 106, 86, 112, 116, 64, 78, 47, 86, 97, 101, 101, 106]
    Layer  8: dist=[83, 87, 90, 58, 81, 77, 69, 78, 86, 99, 87, 90, 94, 86, 96, 70, 116, 107, 103, 96, 92, 106, 100, 111, 92, 72, 95, 67, 84, 72, 79, 74]
    Layer  9: dist=[76, 60, 61, 67, 83, 97, 96, 74, 123, 120, 118, 112, 27, 87, 63, 85, 93, 100, 114, 125, 87, 77, 60, 70, 119, 81, 91, 97, 125, 113, 127, 123]
    Layer 10: dist=[76, 71, 58, 74, 85, 102, 64, 74, 63, 88, 106, 49, 88, 67, 82, 86, 87, 102, 100, 107, 88, 60, 107, 90, 93, 107, 84, 77, 76, 65, 82, 90]
    Layer 11: dist=[78, 65, 79, 48, 53, 61, 78, 77, 102, 123, 109, 93, 82, 64, 65, 69, 69, 63, 61, 51, 77, 107, 89, 87, 67, 59, 56, 54, 95, 55, 55, 94]
    Layer 12: dist=[21, 72, 79, 61, 87, 83, 66, 70, 63, 62, 74, 77, 86, 81, 82, 87, 39, 68, 59, 94, 102, 112, 97, 103, 93, 2, 107, 38, 81, 88, 113, 91]
    Layer 13: dist=[52, 68, 66, 62, 52, 51, 65, 40, 86, 63, 99, 122, 128, 115, 109, 124, 85, 72, 57, 61, 93, 55, 83, 90, 84, 59, 72, 76, 113, 111, 96, 99]
    Layer 14: dist=[44, 64, 65, 46, 62, 45, 64, 65, 54, 57, 70, 68, 69, 76, 65, 67, 77, 86, 51, 64, 65, 31, 51, 81, 52, 67, 73, 64, 85, 88, 8, 89]
    Layer 15: dist=[80, 44, 79, 38, 37, 38, 79, 67, 90, 60, 46, 104, 68, 107, 79, 89, 61, 57, 64, 68, 58, 60, 50, 51, 49, 34, 86, 62, 72, 84, 71, 49]
    Layer 16: dist=[61, 57, 74, 85, 55, 58, 48, 55, 54, 82, 73, 84, 90, 69, 86, 86, 68, 71, 60, 62, 115, 118, 110, 103, 71, 54, 64, 10, 58, 59, 65, 56]
    Layer 17: dist=[111, 95, 79, 67, 53, 57, 39, 47, 90, 108, 79, 100, 40, 57, 71, 74, 44, 61, 61, 42, 75, 98, 93, 97, 58, 55, 57, 52, 53, 79, 93, 67]
    Layer 18: dist=[34, 45, 35, 33, 56, 78, 74, 57, 64, 67, 66, 79, 61, 60, 57, 62, 46, 74, 72, 52, 68, 47, 65, 96, 58, 62, 61, 63, 52, 53, 79, 56]
    Layer 19: dist=[73, 64, 63, 62, 76, 103, 54, 71, 81, 85, 84, 93, 63, 57, 75, 63, 84, 85, 49, 49, 21, 50, 33, 49, 102, 106, 102, 116, 77, 77, 73, 72]
    Layer 20: dist=[89, 79, 80, 77, 78, 51, 49, 57, 40, 36, 43, 39, 92, 79, 87, 96, 45, 51, 56, 39, 73, 111, 101, 98, 125, 97, 105, 85, 93, 79, 108, 108]
    Layer 21: dist=[44, 50, 56, 68, 115, 65, 96, 118, 118, 61, 71, 69, 46, 41, 44, 42, 75, 75, 83, 65, 89, 99, 95, 96, 64, 62, 60, 80, 73, 79, 60, 88]
    Layer 22: dist=[73, 60, 67, 63, 52, 72, 45, 56, 37, 49, 45, 59, 18, 86, 61, 64, 33, 79, 76, 41, 102, 115, 120, 121, 101, 84, 91, 95, 114, 92, 103, 95]
    Layer 24: dist=[79, 124, 109, 101, 99, 109, 111, 97, 102, 105, 104, 84, 78, 75, 89, 74, 81, 86, 98, 88, 120, 103, 102, 117, 65, 73, 79, 51, 95, 111, 98, 88]
    Layer 25: dist=[105, 121, 118, 94, 71, 72, 107, 80, 96, 97, 85, 90, 65, 89, 50, 68, 93, 99, 97, 89, 102, 111, 105, 108, 110, 110, 99, 108, 88, 125, 98, 88]
    Layer 26: dist=[80, 88, 106, 68, 115, 113, 113, 110, 102, 107, 105, 98, 100, 124, 116, 116, 86, 93, 99, 95, 102, 113, 122, 114, 99, 97, 102, 93, 115, 96, 114, 95]
    Layer 27: dist=[87, 108, 103, 117, 98, 105, 101, 86, 77, 100, 107, 99, 78, 109, 80, 86, 96, 99, 99, 104, 91, 112, 113, 92, 110, 113, 116, 117, 107, 77, 92, 117]
    Layer 28: dist=[103, 92, 102, 102, 82, 63, 80, 76, 96, 107, 92, 89, 112, 105, 96, 101, 112, 104, 104, 108, 119, 71, 60, 89, 91, 88, 99, 99, 92, 92, 71, 95]
    Layer 29: dist=[113, 114, 114, 113, 90, 112, 94, 114, 119, 113, 122, 105, 120, 120, 119, 120, 116, 106, 115, 121, 123, 123, 107, 125, 100, 114, 97, 92, 106, 95, 106, 109]
    Layer 30: dist=[75, 102, 99, 100, 102, 100, 90, 67, 117, 117, 115, 120, 105, 104, 113, 101, 97, 78, 120, 122, 51, 120, 100, 110, 119, 119, 119, 118, 106, 110, 107, 102]
    Layer 31: dist=[119, 117, 99, 98, 112, 113, 114, 116, 114, 77, 87, 91, 117, 116, 117, 115, 101, 101, 106, 94, 119, 116, 108, 119, 112, 109, 89, 120, 112, 106, 102, 110]
    Layer 32: dist=[110, 114, 114, 111, 116, 119, 116, 117, 110, 111, 117, 115, 93, 113, 108, 91, 118, 106, 109, 111, 123, 92, 114, 120, 71, 95, 80, 105, 116, 107, 99, 103]
    Layer 33: dist=[102, 120, 112, 119, 91, 102, 57, 94, 116, 116, 113, 113, 114, 115, 113, 116, 114, 117, 106, 109, 112, 96, 110, 113, 111, 119, 122, 118, 110, 111, 107, 104]
    Layer 34: dist=[110, 109, 112, 113, 105, 111, 108, 102, 53, 93, 114, 86, 117, 115, 120, 81, 82, 89, 126, 55, 119, 51, 118, 119, 122, 122, 125, 122, 54, 62, 68, 109]
    Layer 35: dist=[105, 123, 71, 97, 82, 36, 112, 100, 85, 94, 112, 96, 63, 28, 49, 40, 98, 74, 84, 48, 90, 102, 55, 54, 66, 49, 68, 72, 73, 115, 122, 117]

  [Taylor Step 2/3] OLS sigma per head (scaling V, streaming)...
    Layer  0: sigma=[0.613, 0.100, 0.100, 0.100, 0.333, 0.379, 0.100, 0.100, 0.100, 0.149, 0.100, 0.100, 0.100, 0.100, 0.100, 0.259, 0.100, 0.100, 0.100, 0.100, 0.100, 0.100, 0.100, 0.100, 0.100, 0.100, 0.351, 0.100, 0.100, 0.100, 0.161, 0.100]
    Layer  1: sigma=[0.351, 0.100, 0.100, 0.100, 0.100, 0.100, 0.100, 0.100, 0.100, 0.167, 0.246, 0.100, 0.100, 0.100, 0.100, 0.100, 0.100, 0.100, 0.100, 0.100, 0.100, 0.100, 0.100, 0.116, 0.100, 0.100, 0.114, 0.100, 0.100, 0.100, 0.100, 0.100]
    Layer  2: sigma=[0.100, 0.100, 0.100, 0.100, 0.100, 0.100, 0.100, 0.100, 0.109, 0.100, 0.100, 0.100, 0.100, 0.147, 0.100, 0.100, 0.100, 0.219, 0.100, 0.100, 0.100, 0.100, 0.100, 0.100, 0.100, 0.171, 0.100, 0.100, 0.100, 0.100, 0.100, 0.100]
    Layer  3: sigma=[0.100, 0.325, 0.100, 0.157, 0.100, 0.100, 0.100, 0.100, 0.100, 0.100, 0.100, 0.100, 0.100, 0.100, 0.100, 0.100, 0.100, 0.100, 0.100, 0.100, 0.100, 0.105, 0.100, 0.100, 0.100, 0.100, 0.100, 0.100, 0.100, 0.100, 0.100, 0.100]
    Layer  4: sigma=[0.100, 0.100, 0.100, 0.100, 0.100, 0.100, 0.100, 0.100, 0.100, 0.100, 0.100, 0.100, 0.100, 0.100, 0.100, 0.100, 0.100, 0.100, 0.100, 0.100, 0.131, 0.138, 0.316, 0.100, 0.100, 0.100, 0.100, 0.100, 0.100, 0.100, 0.100, 0.100]
    Layer  5: sigma=[0.100, 0.100, 0.100, 0.100, 0.100, 0.100, 0.100, 0.100, 0.100, 0.142, 0.100, 0.107, 0.100, 0.100, 0.100, 0.122, 0.100, 0.180, 0.100, 0.100, 0.100, 0.100, 0.100, 0.100, 0.100, 0.100, 0.100, 0.100, 0.100, 0.100, 0.100, 0.100]
    Layer  6: sigma=[0.100, 0.100, 0.100, 0.100, 0.100, 0.100, 0.100, 0.100, 0.100, 0.100, 0.100, 0.100, 0.100, 0.100, 0.100, 0.100, 0.100, 0.100, 0.100, 0.100, 0.165, 0.100, 0.100, 0.100, 0.100, 0.100, 0.100, 0.100, 0.100, 0.100, 0.100, 0.100]
    Layer  7: sigma=[0.100, 0.151, 0.100, 0.100, 0.109, 0.100, 0.100, 0.100, 0.100, 0.100, 0.100, 0.100, 0.100, 0.100, 0.100, 0.100, 0.100, 0.100, 0.100, 0.100, 0.100, 0.100, 0.100, 0.100, 0.100, 0.100, 0.100, 0.100, 0.100, 0.100, 0.100, 0.100]
    Layer  8: sigma=[0.100, 0.100, 0.100, 0.100, 0.100, 0.100, 0.100, 0.100, 0.100, 0.100, 0.100, 0.100, 0.100, 0.100, 0.100, 0.100, 0.100, 0.100, 0.100, 0.100, 0.100, 0.100, 0.100, 0.100, 0.100, 0.100, 0.100, 0.191, 0.100, 0.100, 0.100, 0.100]
    Layer  9: sigma=[0.100, 0.100, 0.100, 0.100, 0.100, 0.100, 0.100, 0.100, 0.100, 0.100, 0.100, 0.100, 0.100, 0.100, 0.523, 0.139, 0.100, 0.100, 0.100, 0.100, 0.100, 0.100, 0.100, 0.100, 0.100, 0.100, 0.100, 0.100, 0.100, 0.100, 0.100, 0.100]
    Layer 10: sigma=[0.100, 0.100, 0.100, 0.100, 0.100, 0.100, 0.100, 0.100, 0.100, 0.100, 0.100, 0.100, 0.100, 0.100, 0.100, 0.100, 0.100, 0.100, 0.100, 0.100, 0.100, 0.100, 0.100, 0.100, 0.100, 0.100, 0.100, 0.100, 0.100, 0.100, 0.100, 0.100]
    Layer 11: sigma=[0.100, 0.100, 0.100, 0.100, 0.144, 0.100, 0.100, 0.100, 0.100, 0.101, 0.100, 0.100, 0.100, 0.100, 0.240, 0.100, 0.100, 0.100, 0.100, 0.100, 0.100, 0.100, 0.100, 0.100, 0.100, 0.100, 0.173, 0.100, 0.100, 0.100, 0.100, 0.100]
    Layer 12: sigma=[0.100, 0.100, 0.100, 0.100, 0.100, 0.100, 0.100, 0.100, 0.100, 0.100, 0.100, 0.109, 0.100, 0.100, 0.100, 0.100, 0.100, 0.338, 0.180, 0.100, 0.100, 0.100, 0.100, 0.100, 0.100, 0.100, 0.100, 0.213, 0.100, 0.100, 0.112, 0.100]
    Layer 13: sigma=[0.220, 0.100, 0.100, 0.322, 0.100, 0.100, 0.100, 0.100, 0.100, 0.100, 0.100, 0.100, 0.100, 0.100, 0.100, 0.100, 0.100, 0.100, 0.100, 0.100, 0.100, 0.100, 0.100, 0.100, 0.100, 0.100, 0.100, 0.100, 0.100, 0.100, 0.100, 0.100]
    Layer 14: sigma=[0.100, 0.100, 0.100, 0.100, 0.100, 0.451, 0.100, 0.100, 0.100, 0.100, 0.100, 0.100, 0.100, 0.100, 0.100, 0.100, 0.100, 0.100, 0.100, 0.100, 0.100, 0.100, 0.100, 0.100, 0.123, 0.121, 0.100, 0.100, 0.100, 0.100, 0.100, 0.100]
    Layer 15: sigma=[0.100, 0.192, 0.100, 0.100, 0.100, 0.103, 0.100, 0.100, 0.100, 0.100, 0.100, 0.100, 0.195, 0.100, 0.100, 0.100, 0.100, 0.100, 0.100, 0.100, 0.100, 0.100, 0.100, 0.100, 0.152, 0.100, 0.100, 0.100, 0.100, 0.100, 0.100, 0.100]
    Layer 16: sigma=[0.100, 0.100, 0.100, 0.100, 0.100, 0.100, 0.100, 0.100, 0.100, 0.100, 0.100, 0.100, 0.100, 0.100, 0.100, 0.100, 0.100, 0.100, 0.100, 0.100, 0.100, 0.100, 0.100, 0.100, 0.100, 0.100, 0.100, 0.353, 0.100, 0.100, 0.100, 0.100]
    Layer 17: sigma=[0.100, 0.100, 0.100, 0.100, 0.100, 0.152, 0.100, 0.100, 0.100, 0.100, 0.100, 0.100, 0.100, 0.100, 0.100, 0.100, 0.136, 0.111, 0.100, 0.362, 0.100, 0.100, 0.100, 0.114, 0.148, 0.100, 0.422, 0.100, 0.100, 0.100, 0.100, 0.100]
    Layer 18: sigma=[0.100, 0.394, 0.100, 0.100, 0.100, 0.100, 0.100, 0.184, 0.100, 0.100, 0.100, 0.100, 0.100, 0.100, 0.100, 0.100, 0.191, 0.100, 0.100, 0.100, 0.100, 0.100, 0.100, 0.100, 0.100, 0.100, 0.100, 0.100, 0.100, 0.100, 0.100, 0.100]
    Layer 19: sigma=[0.100, 0.100, 0.100, 0.100, 0.100, 0.100, 0.100, 0.100, 0.100, 0.100, 0.100, 0.100, 0.206, 0.100, 0.100, 0.189, 0.100, 0.100, 0.100, 0.305, 0.100, 0.100, 0.100, 0.100, 0.100, 0.100, 0.100, 0.100, 0.100, 0.100, 0.100, 0.100]
    Layer 20: sigma=[0.100, 0.100, 0.100, 0.100, 0.100, 0.186, 0.100, 0.100, 0.149, 0.104, 0.100, 0.100, 0.100, 0.100, 0.100, 0.110, 0.100, 0.101, 0.100, 0.100, 0.100, 0.100, 0.100, 0.100, 0.100, 0.100, 0.100, 0.100, 0.100, 0.100, 0.100, 0.100]
    Layer 21: sigma=[0.100, 0.124, 0.100, 0.100, 0.100, 0.100, 0.100, 0.100, 0.100, 0.157, 0.100, 0.241, 0.100, 0.100, 0.125, 0.100, 0.100, 0.100, 0.100, 0.100, 0.100, 0.104, 0.100, 0.100, 0.175, 0.100, 0.100, 0.100, 0.100, 0.100, 0.292, 0.100]
    Layer 22: sigma=[0.134, 0.100, 0.100, 0.100, 0.180, 0.142, 0.100, 0.104, 0.128, 0.100, 0.100, 0.100, 0.100, 0.100, 0.100, 0.100, 0.100, 0.100, 0.100, 0.100, 0.100, 0.100, 0.100, 0.100, 0.100, 0.100, 0.100, 0.100, 0.100, 0.100, 0.100, 0.100]
    Layer 24: sigma=[0.100, 0.100, 0.100, 0.100, 0.100, 0.100, 0.100, 0.100, 0.100, 0.100, 0.100, 0.100, 0.100, 0.100, 0.100, 0.133, 0.100, 0.100, 0.100, 0.100, 0.100, 0.100, 0.100, 0.100, 0.207, 0.382, 0.100, 0.334, 0.100, 0.100, 0.100, 0.100]
    Layer 25: sigma=[0.100, 0.100, 0.100, 0.100, 0.100, 0.100, 0.100, 0.100, 0.100, 0.100, 0.100, 0.100, 0.100, 0.100, 0.105, 0.100, 0.100, 0.100, 0.100, 0.100, 0.100, 0.100, 0.100, 0.100, 0.100, 0.100, 0.100, 0.100, 0.100, 0.100, 0.100, 0.100]
    Layer 26: sigma=[0.100, 0.100, 0.100, 0.100, 0.100, 0.100, 0.100, 0.100, 0.100, 0.100, 0.100, 0.100, 0.100, 0.100, 0.100, 0.100, 0.100, 0.100, 0.100, 0.100, 0.100, 0.100, 0.100, 0.100, 0.100, 0.100, 0.100, 0.100, 0.100, 0.100, 0.100, 0.100]
    Layer 27: sigma=[0.100, 0.100, 0.100, 0.100, 0.100, 0.100, 0.100, 0.100, 0.100, 0.100, 0.100, 0.100, 0.100, 0.100, 0.100, 0.100, 0.100, 0.100, 0.100, 0.100, 0.100, 0.100, 0.100, 0.100, 0.100, 0.100, 0.100, 0.100, 0.100, 0.113, 0.100, 0.100]
    Layer 28: sigma=[0.100, 0.100, 0.100, 0.100, 0.100, 0.126, 0.100, 0.158, 0.100, 0.100, 0.100, 0.100, 0.100, 0.100, 0.100, 0.100, 0.100, 0.100, 0.100, 0.100, 0.100, 0.100, 0.100, 0.100, 0.100, 0.100, 0.100, 0.100, 0.100, 0.100, 0.100, 0.100]
    Layer 29: sigma=[0.100, 0.100, 0.100, 0.100, 0.100, 0.100, 0.100, 0.100, 0.100, 0.100, 0.100, 0.100, 0.100, 0.100, 0.100, 0.100, 0.100, 0.100, 0.100, 0.100, 0.100, 0.100, 0.100, 0.100, 0.100, 0.100, 0.100, 0.100, 0.100, 0.100, 0.100, 0.100]
    Layer 30: sigma=[0.100, 0.100, 0.100, 0.100, 0.100, 0.100, 0.100, 0.100, 0.100, 0.100, 0.100, 0.100, 0.100, 0.100, 0.100, 0.100, 0.100, 0.100, 0.100, 0.100, 0.100, 0.100, 0.100, 0.100, 0.100, 0.100, 0.100, 0.100, 0.100, 0.100, 0.100, 0.100]
    Layer 31: sigma=[0.100, 0.100, 0.100, 0.100, 0.100, 0.100, 0.100, 0.100, 0.100, 0.100, 0.100, 0.100, 0.100, 0.100, 0.100, 0.100, 0.100, 0.100, 0.100, 0.100, 0.100, 0.100, 0.100, 0.100, 0.100, 0.100, 0.100, 0.100, 0.100, 0.100, 0.100, 0.100]
    Layer 32: sigma=[0.100, 0.100, 0.100, 0.100, 0.100, 0.100, 0.100, 0.100, 0.100, 0.100, 0.100, 0.100, 0.100, 0.100, 0.100, 0.100, 0.100, 0.100, 0.100, 0.100, 0.100, 0.100, 0.100, 0.100, 0.100, 0.100, 0.100, 0.100, 0.100, 0.100, 0.100, 0.100]
    Layer 33: sigma=[0.100, 0.100, 0.100, 0.100, 0.100, 0.100, 0.100, 0.100, 0.100, 0.100, 0.100, 0.100, 0.100, 0.100, 0.100, 0.100, 0.100, 0.100, 0.100, 0.100, 0.100, 0.100, 0.100, 0.100, 0.100, 0.100, 0.100, 0.100, 0.100, 0.100, 0.100, 0.100]
    Layer 34: sigma=[0.100, 0.100, 0.100, 0.100, 0.100, 0.100, 0.100, 0.100, 0.100, 0.100, 0.100, 0.100, 0.100, 0.100, 0.100, 0.100, 0.100, 0.100, 0.100, 0.100, 0.100, 0.100, 0.100, 0.100, 0.100, 0.100, 0.100, 0.100, 0.100, 0.100, 0.100, 0.100]
    Layer 35: sigma=[0.100, 0.100, 0.100, 0.100, 0.100, 0.100, 0.100, 0.100, 0.100, 0.100, 0.100, 0.100, 0.100, 0.100, 0.100, 0.100, 0.100, 0.100, 0.100, 0.100, 0.100, 0.100, 0.142, 0.100, 0.100, 0.100, 0.100, 0.100, 0.100, 0.100, 0.100, 0.100]

  [Taylor Step 3/3] g_proj = v_proj * alpha (damping=0.01)...
    Layer  0: alpha=0.060503  teacher_rms=0.0163  v_rms=0.0027
    Layer  1: alpha=0.060840  teacher_rms=0.0205  v_rms=0.0034
    Layer  2: alpha=0.056993  teacher_rms=0.0214  v_rms=0.0038
    Layer  3: alpha=0.048683  teacher_rms=0.0259  v_rms=0.0053
    Layer  4: alpha=0.047431  teacher_rms=0.0304  v_rms=0.0064
    Layer  5: alpha=0.061765  teacher_rms=0.0409  v_rms=0.0066
    Layer  6: alpha=0.077967  teacher_rms=0.0621  v_rms=0.0080
    Layer  7: alpha=0.046154  teacher_rms=0.0530  v_rms=0.0115
    Layer  8: alpha=0.047058  teacher_rms=0.0708  v_rms=0.0150
    Layer  9: alpha=0.036570  teacher_rms=0.0713  v_rms=0.0195
    Layer 10: alpha=0.051225  teacher_rms=0.1092  v_rms=0.0213
    Layer 11: alpha=0.062744  teacher_rms=0.1046  v_rms=0.0167
    Layer 12: alpha=0.059185  teacher_rms=0.1207  v_rms=0.0204
    Layer 13: alpha=0.053659  teacher_rms=0.1040  v_rms=0.0194
    Layer 14: alpha=0.061779  teacher_rms=0.1547  v_rms=0.0250
    Layer 15: alpha=0.057763  teacher_rms=0.1576  v_rms=0.0273
    Layer 16: alpha=0.043894  teacher_rms=0.1473  v_rms=0.0336
    Layer 17: alpha=0.043894  teacher_rms=0.1753  v_rms=0.0399
    Layer 18: alpha=0.048435  teacher_rms=0.1990  v_rms=0.0411
    Layer 19: alpha=0.053035  teacher_rms=0.2060  v_rms=0.0389
    Layer 20: alpha=0.057655  teacher_rms=0.1966  v_rms=0.0341
    Layer 21: alpha=0.051004  teacher_rms=0.2373  v_rms=0.0465
    Layer 22: alpha=0.057824  teacher_rms=0.2834  v_rms=0.0490
    Layer 24: alpha=0.034403  teacher_rms=0.2897  v_rms=0.0842
    Layer 25: alpha=0.040005  teacher_rms=0.2376  v_rms=0.0594
    Layer 26: alpha=0.029256  teacher_rms=0.2124  v_rms=0.0726
    Layer 27: alpha=0.036968  teacher_rms=0.3083  v_rms=0.0834
    Layer 28: alpha=0.041687  teacher_rms=0.3705  v_rms=0.0889
    Layer 29: alpha=0.017344  teacher_rms=0.2548  v_rms=0.1469
    Layer 30: alpha=0.029045  teacher_rms=0.4297  v_rms=0.1480
    Layer 31: alpha=0.021214  teacher_rms=0.3785  v_rms=0.1784
    Layer 32: alpha=0.023899  teacher_rms=0.5288  v_rms=0.2213
    Layer 33: alpha=0.018560  teacher_rms=0.6404  v_rms=0.3451
    Layer 34: alpha=0.033190  teacher_rms=1.0325  v_rms=0.3111
    Layer 35: alpha=0.059410  teacher_rms=1.0168  v_rms=0.1712

  Set g_proj = v_proj * alpha in 35 GDN layers (damping=0.01).
  Init (taylor_init) done in 331.8s
  Layer 23: PPL = 3245750.00  (eval 16.9s)

============================================================
  Probing layer 24 | strategy=taylor_init
============================================================
Loading checkpoint shards:   0%|          | 0/4 [00:00<?, ?it/s]Loading checkpoint shards: 100%|██████████| 4/4 [00:00<00:00, 93.29it/s]
Could not cache non-existence of file. Will ignore error and continue. Error: [Errno 13] Permission denied: '/data/shared/huggingface/hub/models--Qwen--Qwen3-8B/.no_exist/b968826d9c46dd6066d109eabc6255188de91218/model.safetensors'
Loading checkpoint shards:   0%|          | 0/5 [00:00<?, ?it/s]Loading checkpoint shards: 100%|██████████| 5/5 [00:00<00:00, 53.88it/s]
Token indices sequence length is longer than the specified maximum sequence length for this model (2429029 > 131072). Running this sequence through the model will result in indexing errors
  [Taylor Step 1/3] Gate calibration from attention stats...
    Layer  0: dist=[32, 3, 12, 35, 12, 26, 9, 11, 19, 6, 8, 9, 18, 34, 31, 10, 16, 19, 16, 14, 13, 23, 4, 12, 5, 52, 10, 43, 15, 36, 15, 14]
    Layer  1: dist=[19, 38, 25, 44, 3, 15, 31, 11, 45, 36, 65, 60, 34, 47, 51, 38, 32, 54, 57, 33, 56, 24, 40, 40, 37, 9, 44, 41, 83, 31, 37, 49]
    Layer  2: dist=[65, 65, 67, 62, 26, 45, 33, 43, 39, 47, 56, 56, 53, 46, 46, 60, 61, 49, 54, 43, 49, 67, 48, 50, 25, 24, 21, 35, 73, 73, 77, 74]
    Layer  3: dist=[65, 26, 13, 22, 87, 93, 83, 73, 56, 53, 62, 58, 90, 73, 75, 74, 59, 62, 51, 67, 74, 60, 64, 65, 64, 56, 52, 59, 70, 63, 72, 65]
    Layer  4: dist=[62, 63, 73, 67, 73, 56, 61, 89, 68, 69, 63, 60, 55, 55, 71, 61, 62, 65, 67, 70, 64, 61, 47, 64, 41, 51, 48, 34, 51, 66, 55, 55]
    Layer  5: dist=[36, 48, 55, 35, 61, 68, 52, 51, 5, 18, 73, 61, 54, 78, 59, 52, 41, 32, 50, 48, 51, 55, 48, 59, 73, 73, 80, 80, 43, 44, 46, 58]
    Layer  6: dist=[27, 40, 30, 31, 52, 46, 67, 61, 46, 25, 43, 38, 56, 64, 56, 30, 47, 34, 45, 40, 20, 30, 32, 14, 35, 50, 32, 49, 47, 43, 37, 53]
    Layer  7: dist=[55, 60, 64, 87, 126, 114, 127, 121, 88, 119, 99, 72, 108, 23, 53, 97, 80, 101, 85, 81, 106, 86, 112, 116, 64, 78, 47, 86, 97, 101, 101, 106]
    Layer  8: dist=[83, 87, 90, 58, 81, 77, 69, 78, 86, 99, 87, 90, 94, 86, 96, 70, 116, 107, 103, 96, 92, 106, 100, 111, 92, 72, 95, 67, 84, 72, 79, 74]
    Layer  9: dist=[76, 60, 61, 67, 83, 97, 96, 74, 123, 120, 118, 112, 27, 87, 63, 85, 93, 100, 114, 125, 87, 77, 60, 70, 119, 81, 91, 97, 125, 113, 127, 123]
    Layer 10: dist=[76, 71, 58, 74, 85, 102, 64, 74, 63, 88, 106, 49, 88, 67, 82, 86, 87, 102, 100, 107, 88, 60, 107, 90, 93, 107, 84, 77, 76, 65, 82, 90]
    Layer 11: dist=[78, 65, 79, 48, 53, 61, 78, 77, 102, 123, 109, 93, 82, 64, 65, 69, 69, 63, 61, 51, 77, 107, 89, 87, 67, 59, 56, 54, 95, 55, 55, 94]
    Layer 12: dist=[21, 72, 79, 61, 87, 83, 66, 70, 63, 62, 74, 77, 86, 81, 82, 87, 39, 68, 59, 94, 102, 112, 97, 103, 93, 2, 107, 38, 81, 88, 113, 91]
    Layer 13: dist=[52, 68, 66, 62, 52, 51, 65, 40, 86, 63, 99, 122, 128, 115, 109, 124, 85, 72, 57, 61, 93, 55, 83, 90, 84, 59, 72, 76, 113, 111, 96, 99]
    Layer 14: dist=[44, 64, 65, 46, 62, 45, 64, 65, 54, 57, 70, 68, 69, 76, 65, 67, 77, 86, 51, 64, 65, 31, 51, 81, 52, 67, 73, 64, 85, 88, 8, 89]
    Layer 15: dist=[80, 44, 79, 38, 37, 38, 79, 67, 90, 60, 46, 104, 68, 107, 79, 89, 61, 57, 64, 68, 58, 60, 50, 51, 49, 34, 86, 62, 72, 84, 71, 49]
    Layer 16: dist=[61, 57, 74, 85, 55, 58, 48, 55, 54, 82, 73, 84, 90, 69, 86, 86, 68, 71, 60, 62, 115, 118, 110, 103, 71, 54, 64, 10, 58, 59, 65, 56]
    Layer 17: dist=[111, 95, 79, 67, 53, 57, 39, 47, 90, 108, 79, 100, 40, 57, 71, 74, 44, 61, 61, 42, 75, 98, 93, 97, 58, 55, 57, 52, 53, 79, 93, 67]
    Layer 18: dist=[34, 45, 35, 33, 56, 78, 74, 57, 64, 67, 66, 79, 61, 60, 57, 62, 46, 74, 72, 52, 68, 47, 65, 96, 58, 62, 61, 63, 52, 53, 79, 56]
    Layer 19: dist=[73, 64, 63, 62, 76, 103, 54, 71, 81, 85, 84, 93, 63, 57, 75, 63, 84, 85, 49, 49, 21, 50, 33, 49, 102, 106, 102, 116, 77, 77, 73, 72]
    Layer 20: dist=[89, 79, 80, 77, 78, 51, 49, 57, 40, 36, 43, 39, 92, 79, 87, 96, 45, 51, 56, 39, 73, 111, 101, 98, 125, 97, 105, 85, 93, 79, 108, 108]
    Layer 21: dist=[44, 50, 56, 68, 115, 65, 96, 118, 118, 61, 71, 69, 46, 41, 44, 42, 75, 75, 83, 65, 89, 99, 95, 96, 64, 62, 60, 80, 73, 79, 60, 88]
    Layer 22: dist=[73, 60, 67, 63, 52, 72, 45, 56, 37, 49, 45, 59, 18, 86, 61, 64, 33, 79, 76, 41, 102, 115, 120, 121, 101, 84, 91, 95, 114, 92, 103, 95]
    Layer 23: dist=[39, 30, 48, 39, 110, 111, 41, 102, 79, 36, 45, 63, 75, 72, 79, 77, 82, 75, 74, 94, 72, 93, 82, 76, 78, 72, 68, 100, 91, 90, 83, 78]
    Layer 25: dist=[105, 121, 118, 94, 71, 72, 107, 80, 96, 97, 85, 90, 65, 89, 50, 68, 93, 99, 97, 89, 102, 111, 105, 108, 110, 110, 99, 108, 88, 125, 98, 88]
    Layer 26: dist=[80, 88, 106, 68, 115, 113, 113, 110, 102, 107, 105, 98, 100, 124, 116, 116, 86, 93, 99, 95, 102, 113, 122, 114, 99, 97, 102, 93, 115, 96, 114, 95]
    Layer 27: dist=[87, 108, 103, 117, 98, 105, 101, 86, 77, 100, 107, 99, 78, 109, 80, 86, 96, 99, 99, 104, 91, 112, 113, 92, 110, 113, 116, 117, 107, 77, 92, 117]
    Layer 28: dist=[103, 92, 102, 102, 82, 63, 80, 76, 96, 107, 92, 89, 112, 105, 96, 101, 112, 104, 104, 108, 119, 71, 60, 89, 91, 88, 99, 99, 92, 92, 71, 95]
    Layer 29: dist=[113, 114, 114, 113, 90, 112, 94, 114, 119, 113, 122, 105, 120, 120, 119, 120, 116, 106, 115, 121, 123, 123, 107, 125, 100, 114, 97, 92, 106, 95, 106, 109]
    Layer 30: dist=[75, 102, 99, 100, 102, 100, 90, 67, 117, 117, 115, 120, 105, 104, 113, 101, 97, 78, 120, 122, 51, 120, 100, 110, 119, 119, 119, 118, 106, 110, 107, 102]
    Layer 31: dist=[119, 117, 99, 98, 112, 113, 114, 116, 114, 77, 87, 91, 117, 116, 117, 115, 101, 101, 106, 94, 119, 116, 108, 119, 112, 109, 89, 120, 112, 106, 102, 110]
    Layer 32: dist=[110, 114, 114, 111, 116, 119, 116, 117, 110, 111, 117, 115, 93, 113, 108, 91, 118, 106, 109, 111, 123, 92, 114, 120, 71, 95, 80, 105, 116, 107, 99, 103]
    Layer 33: dist=[102, 120, 112, 119, 91, 102, 57, 94, 116, 116, 113, 113, 114, 115, 113, 116, 114, 117, 106, 109, 112, 96, 110, 113, 111, 119, 122, 118, 110, 111, 107, 104]
    Layer 34: dist=[110, 109, 112, 113, 105, 111, 108, 102, 53, 93, 114, 86, 117, 115, 120, 81, 82, 89, 126, 55, 119, 51, 118, 119, 122, 122, 125, 122, 54, 62, 68, 109]
    Layer 35: dist=[105, 123, 71, 97, 82, 36, 112, 100, 85, 94, 112, 96, 63, 28, 49, 40, 98, 74, 84, 48, 90, 102, 55, 54, 66, 49, 68, 72, 73, 115, 122, 117]

  [Taylor Step 2/3] OLS sigma per head (scaling V, streaming)...
    Layer  0: sigma=[0.616, 0.100, 0.100, 0.100, 0.332, 0.380, 0.100, 0.100, 0.100, 0.148, 0.100, 0.100, 0.100, 0.100, 0.100, 0.259, 0.100, 0.100, 0.100, 0.100, 0.100, 0.100, 0.100, 0.100, 0.100, 0.100, 0.350, 0.100, 0.100, 0.100, 0.161, 0.100]
    Layer  1: sigma=[0.351, 0.100, 0.100, 0.100, 0.100, 0.100, 0.100, 0.100, 0.100, 0.168, 0.246, 0.100, 0.100, 0.100, 0.100, 0.100, 0.100, 0.100, 0.100, 0.100, 0.100, 0.100, 0.100, 0.118, 0.100, 0.100, 0.116, 0.100, 0.100, 0.100, 0.100, 0.100]
    Layer  2: sigma=[0.100, 0.100, 0.100, 0.100, 0.100, 0.100, 0.100, 0.100, 0.108, 0.101, 0.100, 0.100, 0.100, 0.147, 0.100, 0.100, 0.100, 0.219, 0.100, 0.100, 0.100, 0.100, 0.100, 0.100, 0.100, 0.170, 0.100, 0.100, 0.100, 0.100, 0.100, 0.100]
    Layer  3: sigma=[0.100, 0.323, 0.100, 0.151, 0.100, 0.100, 0.100, 0.100, 0.100, 0.100, 0.100, 0.100, 0.100, 0.100, 0.100, 0.100, 0.100, 0.100, 0.100, 0.100, 0.100, 0.107, 0.100, 0.100, 0.100, 0.100, 0.100, 0.100, 0.100, 0.100, 0.100, 0.100]
    Layer  4: sigma=[0.100, 0.100, 0.100, 0.100, 0.100, 0.100, 0.100, 0.100, 0.100, 0.100, 0.100, 0.100, 0.100, 0.100, 0.100, 0.100, 0.100, 0.100, 0.100, 0.100, 0.133, 0.140, 0.317, 0.100, 0.100, 0.100, 0.100, 0.100, 0.100, 0.100, 0.100, 0.100]
    Layer  5: sigma=[0.100, 0.100, 0.100, 0.100, 0.100, 0.100, 0.100, 0.100, 0.100, 0.139, 0.100, 0.110, 0.100, 0.100, 0.100, 0.122, 0.100, 0.183, 0.100, 0.100, 0.100, 0.100, 0.100, 0.100, 0.100, 0.100, 0.100, 0.100, 0.100, 0.100, 0.100, 0.100]
    Layer  6: sigma=[0.100, 0.100, 0.100, 0.100, 0.100, 0.100, 0.100, 0.100, 0.100, 0.100, 0.100, 0.100, 0.100, 0.100, 0.100, 0.100, 0.100, 0.100, 0.100, 0.100, 0.147, 0.100, 0.100, 0.100, 0.100, 0.100, 0.100, 0.100, 0.100, 0.100, 0.100, 0.100]
    Layer  7: sigma=[0.100, 0.145, 0.100, 0.100, 0.118, 0.100, 0.100, 0.100, 0.100, 0.100, 0.100, 0.100, 0.100, 0.100, 0.100, 0.100, 0.100, 0.100, 0.100, 0.100, 0.100, 0.100, 0.100, 0.100, 0.100, 0.100, 0.100, 0.100, 0.100, 0.100, 0.100, 0.100]
    Layer  8: sigma=[0.100, 0.100, 0.100, 0.100, 0.100, 0.100, 0.100, 0.100, 0.100, 0.100, 0.100, 0.100, 0.100, 0.100, 0.100, 0.100, 0.100, 0.100, 0.100, 0.100, 0.100, 0.100, 0.100, 0.100, 0.100, 0.100, 0.100, 0.175, 0.100, 0.100, 0.100, 0.100]
    Layer  9: sigma=[0.100, 0.100, 0.100, 0.100, 0.100, 0.100, 0.100, 0.100, 0.100, 0.100, 0.100, 0.100, 0.100, 0.100, 0.642, 0.129, 0.100, 0.100, 0.100, 0.100, 0.100, 0.100, 0.100, 0.100, 0.100, 0.100, 0.100, 0.100, 0.100, 0.100, 0.100, 0.100]
    Layer 10: sigma=[0.100, 0.100, 0.100, 0.100, 0.100, 0.100, 0.100, 0.100, 0.100, 0.100, 0.100, 0.100, 0.100, 0.100, 0.100, 0.100, 0.100, 0.100, 0.100, 0.100, 0.100, 0.100, 0.100, 0.100, 0.100, 0.100, 0.100, 0.100, 0.100, 0.100, 0.100, 0.100]
    Layer 11: sigma=[0.100, 0.100, 0.100, 0.100, 0.149, 0.100, 0.100, 0.100, 0.100, 0.107, 0.100, 0.100, 0.100, 0.100, 0.262, 0.100, 0.100, 0.100, 0.100, 0.100, 0.100, 0.100, 0.100, 0.100, 0.100, 0.100, 0.172, 0.100, 0.100, 0.100, 0.100, 0.100]
    Layer 12: sigma=[0.100, 0.100, 0.100, 0.100, 0.100, 0.100, 0.100, 0.100, 0.100, 0.107, 0.100, 0.107, 0.100, 0.100, 0.100, 0.100, 0.100, 0.327, 0.137, 0.100, 0.100, 0.100, 0.100, 0.100, 0.100, 0.100, 0.100, 0.214, 0.100, 0.100, 0.122, 0.100]
    Layer 13: sigma=[0.221, 0.100, 0.100, 0.308, 0.100, 0.100, 0.100, 0.100, 0.100, 0.100, 0.100, 0.100, 0.100, 0.100, 0.100, 0.100, 0.100, 0.100, 0.100, 0.111, 0.100, 0.100, 0.100, 0.100, 0.100, 0.100, 0.100, 0.100, 0.100, 0.100, 0.100, 0.100]
    Layer 14: sigma=[0.100, 0.100, 0.100, 0.100, 0.100, 0.421, 0.100, 0.100, 0.100, 0.100, 0.100, 0.100, 0.100, 0.100, 0.100, 0.100, 0.100, 0.100, 0.100, 0.100, 0.100, 0.100, 0.100, 0.100, 0.119, 0.113, 0.100, 0.100, 0.100, 0.100, 0.100, 0.100]
    Layer 15: sigma=[0.100, 0.180, 0.100, 0.100, 0.100, 0.106, 0.100, 0.100, 0.100, 0.100, 0.100, 0.100, 0.206, 0.100, 0.100, 0.100, 0.100, 0.100, 0.100, 0.100, 0.100, 0.100, 0.100, 0.100, 0.145, 0.100, 0.100, 0.100, 0.100, 0.100, 0.100, 0.100]
    Layer 16: sigma=[0.100, 0.100, 0.100, 0.100, 0.100, 0.100, 0.100, 0.100, 0.100, 0.100, 0.100, 0.100, 0.100, 0.100, 0.100, 0.100, 0.100, 0.100, 0.100, 0.100, 0.100, 0.100, 0.100, 0.100, 0.100, 0.100, 0.100, 0.312, 0.100, 0.100, 0.100, 0.100]
    Layer 17: sigma=[0.100, 0.100, 0.100, 0.100, 0.100, 0.140, 0.100, 0.100, 0.100, 0.100, 0.100, 0.100, 0.100, 0.100, 0.100, 0.100, 0.165, 0.100, 0.100, 0.386, 0.100, 0.100, 0.100, 0.101, 0.143, 0.100, 0.389, 0.100, 0.100, 0.100, 0.100, 0.100]
    Layer 18: sigma=[0.100, 0.498, 0.100, 0.100, 0.100, 0.100, 0.100, 0.189, 0.100, 0.100, 0.100, 0.100, 0.100, 0.100, 0.100, 0.100, 0.190, 0.100, 0.100, 0.100, 0.100, 0.100, 0.100, 0.100, 0.100, 0.100, 0.100, 0.100, 0.100, 0.100, 0.100, 0.100]
    Layer 19: sigma=[0.100, 0.100, 0.100, 0.100, 0.100, 0.100, 0.100, 0.100, 0.100, 0.100, 0.100, 0.100, 0.161, 0.100, 0.100, 0.194, 0.100, 0.100, 0.100, 0.312, 0.100, 0.100, 0.100, 0.105, 0.100, 0.100, 0.100, 0.100, 0.100, 0.100, 0.100, 0.100]
    Layer 20: sigma=[0.100, 0.100, 0.100, 0.100, 0.100, 0.199, 0.100, 0.100, 0.133, 0.109, 0.100, 0.100, 0.100, 0.100, 0.100, 0.115, 0.100, 0.135, 0.100, 0.100, 0.100, 0.100, 0.100, 0.100, 0.100, 0.100, 0.100, 0.100, 0.100, 0.100, 0.100, 0.100]
    Layer 21: sigma=[0.100, 0.114, 0.100, 0.100, 0.100, 0.100, 0.100, 0.100, 0.100, 0.162, 0.100, 0.275, 0.100, 0.100, 0.117, 0.100, 0.100, 0.100, 0.100, 0.100, 0.100, 0.110, 0.100, 0.100, 0.177, 0.100, 0.100, 0.100, 0.100, 0.100, 0.240, 0.100]
    Layer 22: sigma=[0.157, 0.100, 0.100, 0.100, 0.150, 0.139, 0.100, 0.175, 0.111, 0.100, 0.100, 0.100, 0.100, 0.100, 0.100, 0.109, 0.100, 0.100, 0.100, 0.100, 0.100, 0.100, 0.100, 0.100, 0.100, 0.100, 0.100, 0.100, 0.100, 0.100, 0.100, 0.100]
    Layer 23: sigma=[0.165, 0.232, 0.178, 0.100, 0.100, 0.100, 0.100, 0.100, 0.100, 0.306, 0.100, 0.100, 0.100, 0.100, 0.101, 0.100, 0.100, 0.100, 0.100, 0.100, 0.100, 0.100, 0.100, 0.100, 0.100, 0.100, 0.100, 0.100, 0.100, 0.100, 0.189, 0.249]
    Layer 25: sigma=[0.100, 0.100, 0.100, 0.100, 0.100, 0.100, 0.100, 0.100, 0.100, 0.100, 0.100, 0.100, 0.100, 0.100, 0.100, 0.100, 0.100, 0.100, 0.100, 0.100, 0.100, 0.100, 0.100, 0.100, 0.100, 0.100, 0.100, 0.100, 0.100, 0.100, 0.100, 0.100]
    Layer 26: sigma=[0.100, 0.100, 0.100, 0.100, 0.100, 0.100, 0.100, 0.100, 0.100, 0.100, 0.100, 0.100, 0.100, 0.100, 0.100, 0.100, 0.100, 0.100, 0.100, 0.100, 0.100, 0.100, 0.100, 0.100, 0.100, 0.100, 0.100, 0.100, 0.100, 0.100, 0.100, 0.100]
    Layer 27: sigma=[0.100, 0.100, 0.100, 0.100, 0.100, 0.100, 0.100, 0.100, 0.100, 0.100, 0.100, 0.100, 0.100, 0.100, 0.100, 0.100, 0.100, 0.100, 0.100, 0.100, 0.100, 0.100, 0.100, 0.100, 0.100, 0.100, 0.100, 0.100, 0.100, 0.100, 0.100, 0.100]
    Layer 28: sigma=[0.100, 0.100, 0.100, 0.100, 0.100, 0.124, 0.100, 0.226, 0.100, 0.100, 0.100, 0.100, 0.100, 0.100, 0.100, 0.100, 0.100, 0.100, 0.100, 0.100, 0.100, 0.100, 0.100, 0.100, 0.100, 0.100, 0.100, 0.100, 0.100, 0.100, 0.100, 0.100]
    Layer 29: sigma=[0.100, 0.100, 0.100, 0.100, 0.100, 0.100, 0.100, 0.100, 0.100, 0.100, 0.100, 0.100, 0.100, 0.100, 0.100, 0.100, 0.100, 0.100, 0.100, 0.100, 0.100, 0.100, 0.100, 0.100, 0.100, 0.100, 0.100, 0.100, 0.100, 0.100, 0.100, 0.100]
    Layer 30: sigma=[0.100, 0.100, 0.100, 0.100, 0.100, 0.100, 0.100, 0.100, 0.100, 0.100, 0.100, 0.100, 0.100, 0.100, 0.100, 0.100, 0.100, 0.100, 0.100, 0.100, 0.100, 0.100, 0.100, 0.100, 0.100, 0.100, 0.100, 0.100, 0.100, 0.100, 0.100, 0.100]
    Layer 31: sigma=[0.100, 0.100, 0.100, 0.100, 0.100, 0.100, 0.100, 0.100, 0.100, 0.100, 0.100, 0.100, 0.100, 0.100, 0.100, 0.100, 0.100, 0.100, 0.100, 0.117, 0.100, 0.100, 0.100, 0.100, 0.100, 0.100, 0.100, 0.100, 0.100, 0.100, 0.100, 0.100]
    Layer 32: sigma=[0.100, 0.100, 0.100, 0.100, 0.100, 0.100, 0.100, 0.100, 0.100, 0.100, 0.100, 0.100, 0.100, 0.100, 0.100, 0.100, 0.100, 0.100, 0.100, 0.100, 0.100, 0.100, 0.100, 0.100, 0.100, 0.100, 0.100, 0.100, 0.100, 0.100, 0.100, 0.100]
    Layer 33: sigma=[0.100, 0.100, 0.100, 0.100, 0.100, 0.100, 0.120, 0.100, 0.100, 0.100, 0.100, 0.100, 0.100, 0.100, 0.100, 0.100, 0.100, 0.100, 0.100, 0.100, 0.100, 0.100, 0.100, 0.100, 0.100, 0.100, 0.100, 0.100, 0.100, 0.100, 0.100, 0.100]
    Layer 34: sigma=[0.100, 0.100, 0.100, 0.100, 0.100, 0.100, 0.100, 0.100, 0.100, 0.100, 0.100, 0.100, 0.100, 0.100, 0.100, 0.100, 0.100, 0.100, 0.100, 0.100, 0.100, 0.100, 0.100, 0.100, 0.100, 0.100, 0.100, 0.100, 0.100, 0.100, 0.100, 0.100]
    Layer 35: sigma=[0.100, 0.100, 0.100, 0.100, 0.105, 0.100, 0.100, 0.100, 0.100, 0.100, 0.100, 0.100, 0.100, 0.100, 0.100, 0.100, 0.100, 0.100, 0.100, 0.100, 0.100, 0.100, 0.104, 0.100, 0.100, 0.100, 0.100, 0.100, 0.100, 0.100, 0.100, 0.100]

  [Taylor Step 3/3] g_proj = v_proj * alpha (damping=0.01)...
    Layer  0: alpha=0.060378  teacher_rms=0.0163  v_rms=0.0027
    Layer  1: alpha=0.060783  teacher_rms=0.0205  v_rms=0.0034
    Layer  2: alpha=0.057033  teacher_rms=0.0214  v_rms=0.0038
    Layer  3: alpha=0.048824  teacher_rms=0.0259  v_rms=0.0053
    Layer  4: alpha=0.047369  teacher_rms=0.0304  v_rms=0.0064
    Layer  5: alpha=0.061694  teacher_rms=0.0409  v_rms=0.0066
    Layer  6: alpha=0.078647  teacher_rms=0.0621  v_rms=0.0079
    Layer  7: alpha=0.046127  teacher_rms=0.0530  v_rms=0.0115
    Layer  8: alpha=0.047472  teacher_rms=0.0708  v_rms=0.0149
    Layer  9: alpha=0.033232  teacher_rms=0.0713  v_rms=0.0215
    Layer 10: alpha=0.051225  teacher_rms=0.1092  v_rms=0.0213
    Layer 11: alpha=0.061812  teacher_rms=0.1046  v_rms=0.0169
    Layer 12: alpha=0.060187  teacher_rms=0.1207  v_rms=0.0201
    Layer 13: alpha=0.053916  teacher_rms=0.1040  v_rms=0.0193
    Layer 14: alpha=0.063334  teacher_rms=0.1547  v_rms=0.0244
    Layer 15: alpha=0.057928  teacher_rms=0.1576  v_rms=0.0272
    Layer 16: alpha=0.044965  teacher_rms=0.1473  v_rms=0.0328
    Layer 17: alpha=0.044728  teacher_rms=0.1753  v_rms=0.0392
    Layer 18: alpha=0.043361  teacher_rms=0.1990  v_rms=0.0459
    Layer 19: alpha=0.053764  teacher_rms=0.2060  v_rms=0.0383
    Layer 20: alpha=0.056437  teacher_rms=0.1966  v_rms=0.0348
    Layer 21: alpha=0.051938  teacher_rms=0.2373  v_rms=0.0457
    Layer 22: alpha=0.057166  teacher_rms=0.2834  v_rms=0.0496
    Layer 23: alpha=0.050444  teacher_rms=0.3098  v_rms=0.0614
    Layer 25: alpha=0.040058  teacher_rms=0.2376  v_rms=0.0593
    Layer 26: alpha=0.029256  teacher_rms=0.2124  v_rms=0.0726
    Layer 27: alpha=0.037093  teacher_rms=0.3083  v_rms=0.0831
    Layer 28: alpha=0.040415  teacher_rms=0.3705  v_rms=0.0917
    Layer 29: alpha=0.017344  teacher_rms=0.2548  v_rms=0.1469
    Layer 30: alpha=0.029045  teacher_rms=0.4297  v_rms=0.1480
    Layer 31: alpha=0.021157  teacher_rms=0.3785  v_rms=0.1789
    Layer 32: alpha=0.023899  teacher_rms=0.5288  v_rms=0.2213
    Layer 33: alpha=0.018526  teacher_rms=0.6404  v_rms=0.3457
    Layer 34: alpha=0.033190  teacher_rms=1.0325  v_rms=0.3111
    Layer 35: alpha=0.059969  teacher_rms=1.0168  v_rms=0.1696

  Set g_proj = v_proj * alpha in 35 GDN layers (damping=0.01).
  Init (taylor_init) done in 356.6s
  Layer 24: PPL = 513984.84  (eval 18.7s)

============================================================
  Probing layer 25 | strategy=taylor_init
============================================================
Loading checkpoint shards:   0%|          | 0/4 [00:00<?, ?it/s]Loading checkpoint shards: 100%|██████████| 4/4 [00:00<00:00, 51.14it/s]
Could not cache non-existence of file. Will ignore error and continue. Error: [Errno 13] Permission denied: '/data/shared/huggingface/hub/models--Qwen--Qwen3-8B/.no_exist/b968826d9c46dd6066d109eabc6255188de91218/model.safetensors'
Loading checkpoint shards:   0%|          | 0/5 [00:00<?, ?it/s]Loading checkpoint shards: 100%|██████████| 5/5 [00:00<00:00, 173.06it/s]
Token indices sequence length is longer than the specified maximum sequence length for this model (2429029 > 131072). Running this sequence through the model will result in indexing errors
  [Taylor Step 1/3] Gate calibration from attention stats...
    Layer  0: dist=[32, 3, 12, 35, 12, 26, 9, 11, 19, 6, 8, 9, 18, 34, 31, 10, 16, 19, 16, 14, 13, 23, 4, 12, 5, 52, 10, 43, 15, 36, 15, 14]
    Layer  1: dist=[19, 38, 25, 44, 3, 15, 31, 11, 45, 36, 65, 60, 34, 47, 51, 38, 32, 54, 57, 33, 56, 24, 40, 40, 37, 9, 44, 41, 83, 31, 37, 49]
    Layer  2: dist=[65, 65, 67, 62, 26, 45, 33, 43, 39, 47, 56, 56, 53, 46, 46, 60, 61, 49, 54, 43, 49, 67, 48, 50, 25, 24, 21, 35, 73, 73, 77, 74]
    Layer  3: dist=[65, 26, 13, 22, 87, 93, 83, 73, 56, 53, 62, 58, 90, 73, 75, 74, 59, 62, 51, 67, 74, 60, 64, 65, 64, 56, 52, 59, 70, 63, 72, 65]
    Layer  4: dist=[62, 63, 73, 67, 73, 56, 61, 89, 68, 69, 63, 60, 55, 55, 71, 61, 62, 65, 67, 70, 64, 61, 47, 64, 41, 51, 48, 34, 51, 66, 55, 55]
    Layer  5: dist=[36, 48, 55, 35, 61, 68, 52, 51, 5, 18, 73, 61, 54, 78, 59, 52, 41, 32, 50, 48, 51, 55, 48, 59, 73, 73, 80, 80, 43, 44, 46, 58]
    Layer  6: dist=[27, 40, 30, 31, 52, 46, 67, 61, 46, 25, 43, 38, 56, 64, 56, 30, 47, 34, 45, 40, 20, 30, 32, 14, 35, 50, 32, 49, 47, 43, 37, 53]
    Layer  7: dist=[55, 60, 64, 87, 126, 114, 127, 121, 88, 119, 99, 72, 108, 23, 53, 97, 80, 101, 85, 81, 106, 86, 112, 116, 64, 78, 47, 86, 97, 101, 101, 106]
    Layer  8: dist=[83, 87, 90, 58, 81, 77, 69, 78, 86, 99, 87, 90, 94, 86, 96, 70, 116, 107, 103, 96, 92, 106, 100, 111, 92, 72, 95, 67, 84, 72, 79, 74]
    Layer  9: dist=[76, 60, 61, 67, 83, 97, 96, 74, 123, 120, 118, 112, 27, 87, 63, 85, 93, 100, 114, 125, 87, 77, 60, 70, 119, 81, 91, 97, 125, 113, 127, 123]
    Layer 10: dist=[76, 71, 58, 74, 85, 102, 64, 74, 63, 88, 106, 49, 88, 67, 82, 86, 87, 102, 100, 107, 88, 60, 107, 90, 93, 107, 84, 77, 76, 65, 82, 90]
    Layer 11: dist=[78, 65, 79, 48, 53, 61, 78, 77, 102, 123, 109, 93, 82, 64, 65, 69, 69, 63, 61, 51, 77, 107, 89, 87, 67, 59, 56, 54, 95, 55, 55, 94]
    Layer 12: dist=[21, 72, 79, 61, 87, 83, 66, 70, 63, 62, 74, 77, 86, 81, 82, 87, 39, 68, 59, 94, 102, 112, 97, 103, 93, 2, 107, 38, 81, 88, 113, 91]
    Layer 13: dist=[52, 68, 66, 62, 52, 51, 65, 40, 86, 63, 99, 122, 128, 115, 109, 124, 85, 72, 57, 61, 93, 55, 83, 90, 84, 59, 72, 76, 113, 111, 96, 99]
    Layer 14: dist=[44, 64, 65, 46, 62, 45, 64, 65, 54, 57, 70, 68, 69, 76, 65, 67, 77, 86, 51, 64, 65, 31, 51, 81, 52, 67, 73, 64, 85, 88, 8, 89]
    Layer 15: dist=[80, 44, 79, 38, 37, 38, 79, 67, 90, 60, 46, 104, 68, 107, 79, 89, 61, 57, 64, 68, 58, 60, 50, 51, 49, 34, 86, 62, 72, 84, 71, 49]
    Layer 16: dist=[61, 57, 74, 85, 55, 58, 48, 55, 54, 82, 73, 84, 90, 69, 86, 86, 68, 71, 60, 62, 115, 118, 110, 103, 71, 54, 64, 10, 58, 59, 65, 56]
    Layer 17: dist=[111, 95, 79, 67, 53, 57, 39, 47, 90, 108, 79, 100, 40, 57, 71, 74, 44, 61, 61, 42, 75, 98, 93, 97, 58, 55, 57, 52, 53, 79, 93, 67]
    Layer 18: dist=[34, 45, 35, 33, 56, 78, 74, 57, 64, 67, 66, 79, 61, 60, 57, 62, 46, 74, 72, 52, 68, 47, 65, 96, 58, 62, 61, 63, 52, 53, 79, 56]
    Layer 19: dist=[73, 64, 63, 62, 76, 103, 54, 71, 81, 85, 84, 93, 63, 57, 75, 63, 84, 85, 49, 49, 21, 50, 33, 49, 102, 106, 102, 116, 77, 77, 73, 72]
    Layer 20: dist=[89, 79, 80, 77, 78, 51, 49, 57, 40, 36, 43, 39, 92, 79, 87, 96, 45, 51, 56, 39, 73, 111, 101, 98, 125, 97, 105, 85, 93, 79, 108, 108]
    Layer 21: dist=[44, 50, 56, 68, 115, 65, 96, 118, 118, 61, 71, 69, 46, 41, 44, 42, 75, 75, 83, 65, 89, 99, 95, 96, 64, 62, 60, 80, 73, 79, 60, 88]
    Layer 22: dist=[73, 60, 67, 63, 52, 72, 45, 56, 37, 49, 45, 59, 18, 86, 61, 64, 33, 79, 76, 41, 102, 115, 120, 121, 101, 84, 91, 95, 114, 92, 103, 95]
    Layer 23: dist=[39, 30, 48, 39, 110, 111, 41, 102, 79, 36, 45, 63, 75, 72, 79, 77, 82, 75, 74, 94, 72, 93, 82, 76, 78, 72, 68, 100, 91, 90, 83, 78]
    Layer 24: dist=[79, 124, 109, 101, 99, 109, 111, 97, 102, 105, 104, 84, 78, 75, 89, 74, 81, 86, 98, 88, 120, 103, 102, 117, 65, 73, 79, 51, 95, 111, 98, 88]
    Layer 26: dist=[80, 88, 106, 68, 115, 113, 113, 110, 102, 107, 105, 98, 100, 124, 116, 116, 86, 93, 99, 95, 102, 113, 122, 114, 99, 97, 102, 93, 115, 96, 114, 95]
    Layer 27: dist=[87, 108, 103, 117, 98, 105, 101, 86, 77, 100, 107, 99, 78, 109, 80, 86, 96, 99, 99, 104, 91, 112, 113, 92, 110, 113, 116, 117, 107, 77, 92, 117]
    Layer 28: dist=[103, 92, 102, 102, 82, 63, 80, 76, 96, 107, 92, 89, 112, 105, 96, 101, 112, 104, 104, 108, 119, 71, 60, 89, 91, 88, 99, 99, 92, 92, 71, 95]
    Layer 29: dist=[113, 114, 114, 113, 90, 112, 94, 114, 119, 113, 122, 105, 120, 120, 119, 120, 116, 106, 115, 121, 123, 123, 107, 125, 100, 114, 97, 92, 106, 95, 106, 109]
    Layer 30: dist=[75, 102, 99, 100, 102, 100, 90, 67, 117, 117, 115, 120, 105, 104, 113, 101, 97, 78, 120, 122, 51, 120, 100, 110, 119, 119, 119, 118, 106, 110, 107, 102]
    Layer 31: dist=[119, 117, 99, 98, 112, 113, 114, 116, 114, 77, 87, 91, 117, 116, 117, 115, 101, 101, 106, 94, 119, 116, 108, 119, 112, 109, 89, 120, 112, 106, 102, 110]
    Layer 32: dist=[110, 114, 114, 111, 116, 119, 116, 117, 110, 111, 117, 115, 93, 113, 108, 91, 118, 106, 109, 111, 123, 92, 114, 120, 71, 95, 80, 105, 116, 107, 99, 103]
    Layer 33: dist=[102, 120, 112, 119, 91, 102, 57, 94, 116, 116, 113, 113, 114, 115, 113, 116, 114, 117, 106, 109, 112, 96, 110, 113, 111, 119, 122, 118, 110, 111, 107, 104]
    Layer 34: dist=[110, 109, 112, 113, 105, 111, 108, 102, 53, 93, 114, 86, 117, 115, 120, 81, 82, 89, 126, 55, 119, 51, 118, 119, 122, 122, 125, 122, 54, 62, 68, 109]
    Layer 35: dist=[105, 123, 71, 97, 82, 36, 112, 100, 85, 94, 112, 96, 63, 28, 49, 40, 98, 74, 84, 48, 90, 102, 55, 54, 66, 49, 68, 72, 73, 115, 122, 117]

  [Taylor Step 2/3] OLS sigma per head (scaling V, streaming)...
    Layer  0: sigma=[0.612, 0.100, 0.100, 0.100, 0.332, 0.379, 0.100, 0.100, 0.100, 0.148, 0.100, 0.100, 0.100, 0.100, 0.100, 0.259, 0.100, 0.100, 0.100, 0.100, 0.100, 0.100, 0.100, 0.100, 0.100, 0.100, 0.350, 0.100, 0.100, 0.100, 0.161, 0.100]
    Layer  1: sigma=[0.350, 0.100, 0.100, 0.100, 0.100, 0.100, 0.100, 0.100, 0.100, 0.171, 0.244, 0.100, 0.100, 0.100, 0.100, 0.100, 0.100, 0.100, 0.100, 0.100, 0.100, 0.100, 0.100, 0.116, 0.100, 0.100, 0.115, 0.100, 0.100, 0.100, 0.100, 0.100]
    Layer  2: sigma=[0.100, 0.100, 0.100, 0.100, 0.100, 0.100, 0.100, 0.100, 0.108, 0.101, 0.100, 0.100, 0.100, 0.146, 0.100, 0.100, 0.100, 0.220, 0.100, 0.100, 0.100, 0.100, 0.100, 0.100, 0.100, 0.171, 0.100, 0.100, 0.100, 0.100, 0.100, 0.100]
    Layer  3: sigma=[0.100, 0.327, 0.100, 0.153, 0.100, 0.100, 0.100, 0.100, 0.100, 0.100, 0.100, 0.100, 0.100, 0.100, 0.100, 0.100, 0.100, 0.100, 0.100, 0.100, 0.100, 0.105, 0.100, 0.100, 0.100, 0.100, 0.100, 0.100, 0.100, 0.100, 0.100, 0.100]
    Layer  4: sigma=[0.100, 0.100, 0.100, 0.100, 0.100, 0.100, 0.100, 0.100, 0.100, 0.100, 0.100, 0.100, 0.100, 0.100, 0.100, 0.100, 0.100, 0.100, 0.100, 0.100, 0.133, 0.139, 0.318, 0.100, 0.100, 0.100, 0.100, 0.100, 0.100, 0.100, 0.100, 0.100]
    Layer  5: sigma=[0.100, 0.100, 0.100, 0.100, 0.100, 0.100, 0.100, 0.100, 0.100, 0.133, 0.100, 0.109, 0.100, 0.100, 0.100, 0.122, 0.100, 0.175, 0.100, 0.100, 0.100, 0.100, 0.100, 0.100, 0.100, 0.100, 0.100, 0.100, 0.100, 0.100, 0.100, 0.100]
    Layer  6: sigma=[0.100, 0.100, 0.100, 0.100, 0.100, 0.100, 0.100, 0.100, 0.100, 0.100, 0.100, 0.100, 0.100, 0.100, 0.100, 0.100, 0.100, 0.100, 0.100, 0.100, 0.164, 0.100, 0.100, 0.100, 0.100, 0.100, 0.100, 0.100, 0.100, 0.100, 0.100, 0.100]
    Layer  7: sigma=[0.100, 0.162, 0.100, 0.100, 0.121, 0.100, 0.100, 0.100, 0.100, 0.100, 0.100, 0.100, 0.100, 0.100, 0.100, 0.100, 0.100, 0.100, 0.100, 0.100, 0.100, 0.100, 0.100, 0.100, 0.100, 0.100, 0.100, 0.100, 0.100, 0.100, 0.100, 0.100]
    Layer  8: sigma=[0.100, 0.100, 0.100, 0.100, 0.100, 0.100, 0.100, 0.100, 0.100, 0.100, 0.100, 0.100, 0.100, 0.100, 0.100, 0.100, 0.100, 0.100, 0.100, 0.100, 0.100, 0.100, 0.100, 0.100, 0.100, 0.100, 0.100, 0.207, 0.100, 0.100, 0.100, 0.100]
    Layer  9: sigma=[0.100, 0.100, 0.100, 0.100, 0.100, 0.100, 0.100, 0.100, 0.100, 0.100, 0.100, 0.100, 0.100, 0.100, 0.590, 0.131, 0.100, 0.100, 0.100, 0.100, 0.100, 0.100, 0.100, 0.100, 0.100, 0.100, 0.100, 0.100, 0.100, 0.100, 0.100, 0.100]
    Layer 10: sigma=[0.100, 0.100, 0.100, 0.100, 0.100, 0.100, 0.100, 0.100, 0.100, 0.100, 0.100, 0.100, 0.100, 0.100, 0.100, 0.100, 0.100, 0.100, 0.100, 0.100, 0.100, 0.100, 0.100, 0.100, 0.100, 0.100, 0.100, 0.100, 0.100, 0.100, 0.100, 0.100]
    Layer 11: sigma=[0.100, 0.100, 0.100, 0.100, 0.142, 0.100, 0.100, 0.100, 0.100, 0.110, 0.100, 0.100, 0.100, 0.100, 0.249, 0.100, 0.100, 0.100, 0.100, 0.100, 0.100, 0.100, 0.100, 0.100, 0.100, 0.100, 0.157, 0.100, 0.100, 0.100, 0.100, 0.100]
    Layer 12: sigma=[0.100, 0.100, 0.100, 0.100, 0.100, 0.100, 0.100, 0.100, 0.100, 0.103, 0.100, 0.108, 0.100, 0.100, 0.100, 0.100, 0.100, 0.314, 0.191, 0.100, 0.100, 0.100, 0.100, 0.100, 0.100, 0.100, 0.100, 0.213, 0.100, 0.100, 0.124, 0.100]
    Layer 13: sigma=[0.223, 0.100, 0.100, 0.293, 0.100, 0.100, 0.100, 0.100, 0.100, 0.100, 0.100, 0.100, 0.100, 0.100, 0.100, 0.100, 0.100, 0.100, 0.100, 0.106, 0.100, 0.100, 0.100, 0.100, 0.100, 0.100, 0.100, 0.100, 0.100, 0.100, 0.100, 0.100]
    Layer 14: sigma=[0.100, 0.100, 0.100, 0.100, 0.100, 0.407, 0.100, 0.100, 0.100, 0.100, 0.100, 0.100, 0.100, 0.100, 0.100, 0.100, 0.100, 0.100, 0.100, 0.100, 0.100, 0.100, 0.100, 0.100, 0.118, 0.121, 0.100, 0.100, 0.100, 0.100, 0.100, 0.100]
    Layer 15: sigma=[0.100, 0.216, 0.100, 0.100, 0.100, 0.112, 0.100, 0.100, 0.100, 0.100, 0.100, 0.100, 0.212, 0.100, 0.100, 0.100, 0.100, 0.100, 0.100, 0.100, 0.100, 0.100, 0.100, 0.100, 0.176, 0.100, 0.100, 0.100, 0.100, 0.100, 0.100, 0.100]
    Layer 16: sigma=[0.100, 0.100, 0.100, 0.100, 0.100, 0.100, 0.100, 0.100, 0.100, 0.100, 0.100, 0.100, 0.100, 0.100, 0.100, 0.100, 0.100, 0.100, 0.100, 0.100, 0.100, 0.100, 0.100, 0.100, 0.100, 0.100, 0.100, 0.391, 0.100, 0.100, 0.100, 0.100]
    Layer 17: sigma=[0.100, 0.100, 0.100, 0.100, 0.100, 0.138, 0.100, 0.100, 0.100, 0.100, 0.100, 0.100, 0.100, 0.100, 0.100, 0.100, 0.123, 0.102, 0.100, 0.437, 0.100, 0.100, 0.100, 0.103, 0.148, 0.100, 0.395, 0.100, 0.100, 0.100, 0.100, 0.100]
    Layer 18: sigma=[0.100, 0.441, 0.100, 0.100, 0.100, 0.100, 0.100, 0.192, 0.100, 0.100, 0.100, 0.100, 0.100, 0.100, 0.100, 0.100, 0.158, 0.100, 0.100, 0.100, 0.100, 0.100, 0.100, 0.100, 0.100, 0.100, 0.100, 0.100, 0.100, 0.100, 0.100, 0.100]
    Layer 19: sigma=[0.100, 0.100, 0.100, 0.100, 0.100, 0.100, 0.100, 0.100, 0.100, 0.100, 0.100, 0.100, 0.127, 0.100, 0.100, 0.203, 0.100, 0.100, 0.100, 0.318, 0.100, 0.100, 0.100, 0.110, 0.100, 0.100, 0.100, 0.100, 0.100, 0.100, 0.100, 0.100]
    Layer 20: sigma=[0.100, 0.100, 0.100, 0.100, 0.100, 0.171, 0.100, 0.100, 0.177, 0.104, 0.100, 0.100, 0.100, 0.100, 0.100, 0.122, 0.100, 0.100, 0.100, 0.100, 0.100, 0.100, 0.100, 0.100, 0.100, 0.100, 0.100, 0.100, 0.100, 0.100, 0.100, 0.100]
    Layer 21: sigma=[0.100, 0.107, 0.100, 0.100, 0.100, 0.100, 0.100, 0.100, 0.100, 0.145, 0.100, 0.280, 0.100, 0.100, 0.100, 0.100, 0.100, 0.100, 0.100, 0.101, 0.100, 0.104, 0.100, 0.100, 0.184, 0.100, 0.100, 0.100, 0.100, 0.100, 0.331, 0.100]
    Layer 22: sigma=[0.159, 0.100, 0.100, 0.100, 0.196, 0.137, 0.100, 0.171, 0.123, 0.100, 0.100, 0.100, 0.100, 0.100, 0.100, 0.103, 0.100, 0.100, 0.100, 0.100, 0.100, 0.100, 0.100, 0.100, 0.100, 0.100, 0.100, 0.100, 0.100, 0.100, 0.100, 0.100]
    Layer 23: sigma=[0.176, 0.269, 0.203, 0.100, 0.100, 0.100, 0.123, 0.100, 0.100, 0.212, 0.100, 0.100, 0.100, 0.100, 0.101, 0.100, 0.100, 0.100, 0.100, 0.100, 0.100, 0.100, 0.100, 0.100, 0.100, 0.100, 0.100, 0.100, 0.100, 0.100, 0.167, 0.236]
    Layer 24: sigma=[0.100, 0.100, 0.100, 0.100, 0.100, 0.100, 0.100, 0.100, 0.100, 0.100, 0.100, 0.100, 0.100, 0.100, 0.100, 0.179, 0.100, 0.100, 0.100, 0.100, 0.100, 0.100, 0.100, 0.100, 0.194, 0.393, 0.100, 0.434, 0.100, 0.100, 0.100, 0.100]
    Layer 26: sigma=[0.106, 0.100, 0.100, 0.100, 0.100, 0.100, 0.100, 0.100, 0.100, 0.100, 0.100, 0.100, 0.100, 0.100, 0.100, 0.100, 0.100, 0.100, 0.100, 0.100, 0.100, 0.100, 0.100, 0.100, 0.100, 0.100, 0.100, 0.100, 0.100, 0.100, 0.100, 0.100]
    Layer 27: sigma=[0.100, 0.100, 0.100, 0.100, 0.100, 0.100, 0.100, 0.100, 0.100, 0.100, 0.100, 0.100, 0.100, 0.100, 0.100, 0.100, 0.100, 0.100, 0.100, 0.100, 0.100, 0.100, 0.100, 0.100, 0.100, 0.100, 0.100, 0.100, 0.100, 0.100, 0.100, 0.100]
    Layer 28: sigma=[0.100, 0.100, 0.100, 0.100, 0.100, 0.106, 0.100, 0.100, 0.100, 0.100, 0.100, 0.100, 0.100, 0.100, 0.100, 0.100, 0.100, 0.100, 0.100, 0.100, 0.100, 0.100, 0.100, 0.100, 0.100, 0.100, 0.100, 0.100, 0.100, 0.100, 0.100, 0.100]
    Layer 29: sigma=[0.100, 0.100, 0.100, 0.100, 0.100, 0.100, 0.100, 0.100, 0.100, 0.100, 0.100, 0.100, 0.100, 0.100, 0.100, 0.100, 0.100, 0.100, 0.100, 0.100, 0.100, 0.100, 0.100, 0.100, 0.100, 0.100, 0.100, 0.100, 0.100, 0.100, 0.100, 0.100]
    Layer 30: sigma=[0.100, 0.100, 0.100, 0.100, 0.100, 0.100, 0.100, 0.100, 0.100, 0.100, 0.100, 0.100, 0.100, 0.100, 0.100, 0.100, 0.100, 0.100, 0.100, 0.100, 0.100, 0.100, 0.100, 0.100, 0.100, 0.100, 0.100, 0.100, 0.100, 0.100, 0.100, 0.100]
    Layer 31: sigma=[0.100, 0.100, 0.100, 0.100, 0.100, 0.100, 0.100, 0.100, 0.100, 0.100, 0.100, 0.100, 0.100, 0.100, 0.100, 0.100, 0.100, 0.100, 0.100, 0.111, 0.100, 0.100, 0.100, 0.100, 0.100, 0.100, 0.100, 0.100, 0.100, 0.100, 0.100, 0.100]
    Layer 32: sigma=[0.100, 0.100, 0.100, 0.100, 0.100, 0.100, 0.100, 0.100, 0.100, 0.100, 0.100, 0.100, 0.100, 0.100, 0.100, 0.100, 0.100, 0.100, 0.100, 0.100, 0.100, 0.100, 0.100, 0.100, 0.100, 0.100, 0.100, 0.100, 0.100, 0.100, 0.100, 0.100]
    Layer 33: sigma=[0.100, 0.100, 0.100, 0.100, 0.100, 0.100, 0.100, 0.100, 0.100, 0.100, 0.100, 0.100, 0.100, 0.100, 0.100, 0.100, 0.100, 0.100, 0.100, 0.100, 0.100, 0.100, 0.100, 0.100, 0.100, 0.100, 0.100, 0.100, 0.100, 0.100, 0.100, 0.100]
    Layer 34: sigma=[0.100, 0.100, 0.100, 0.100, 0.100, 0.100, 0.100, 0.100, 0.100, 0.100, 0.100, 0.100, 0.100, 0.100, 0.100, 0.100, 0.139, 0.100, 0.100, 0.100, 0.100, 0.100, 0.100, 0.100, 0.100, 0.100, 0.100, 0.100, 0.100, 0.100, 0.100, 0.100]
    Layer 35: sigma=[0.100, 0.100, 0.100, 0.100, 0.100, 0.100, 0.100, 0.100, 0.100, 0.100, 0.100, 0.100, 0.100, 0.100, 0.100, 0.100, 0.100, 0.100, 0.100, 0.100, 0.100, 0.100, 0.105, 0.100, 0.100, 0.100, 0.100, 0.100, 0.100, 0.100, 0.100, 0.100]

  [Taylor Step 3/3] g_proj = v_proj * alpha (damping=0.01)...
    Layer  0: alpha=0.060557  teacher_rms=0.0163  v_rms=0.0027
    Layer  1: alpha=0.060853  teacher_rms=0.0205  v_rms=0.0034
    Layer  2: alpha=0.056997  teacher_rms=0.0214  v_rms=0.0038
    Layer  3: alpha=0.048693  teacher_rms=0.0259  v_rms=0.0053
    Layer  4: alpha=0.047337  teacher_rms=0.0304  v_rms=0.0064
    Layer  5: alpha=0.062008  teacher_rms=0.0409  v_rms=0.0066
    Layer  6: alpha=0.078003  teacher_rms=0.0621  v_rms=0.0080
    Layer  7: alpha=0.045697  teacher_rms=0.0530  v_rms=0.0116
    Layer  8: alpha=0.046614  teacher_rms=0.0708  v_rms=0.0152
    Layer  9: alpha=0.034700  teacher_rms=0.0713  v_rms=0.0205
    Layer 10: alpha=0.051225  teacher_rms=0.1092  v_rms=0.0213
    Layer 11: alpha=0.062910  teacher_rms=0.1046  v_rms=0.0166
    Layer 12: alpha=0.059778  teacher_rms=0.1207  v_rms=0.0202
    Layer 13: alpha=0.054453  teacher_rms=0.1040  v_rms=0.0191
    Layer 14: alpha=0.063914  teacher_rms=0.1547  v_rms=0.0242
    Layer 15: alpha=0.056442  teacher_rms=0.1576  v_rms=0.0279
    Layer 16: alpha=0.042877  teacher_rms=0.1473  v_rms=0.0344
    Layer 17: alpha=0.043820  teacher_rms=0.1753  v_rms=0.0400
    Layer 18: alpha=0.046302  teacher_rms=0.1990  v_rms=0.0430
    Layer 19: alpha=0.053936  teacher_rms=0.2060  v_rms=0.0382
    Layer 20: alpha=0.057408  teacher_rms=0.1966  v_rms=0.0342
    Layer 21: alpha=0.048571  teacher_rms=0.2373  v_rms=0.0488
    Layer 22: alpha=0.055740  teacher_rms=0.2834  v_rms=0.0508
    Layer 23: alpha=0.051214  teacher_rms=0.3098  v_rms=0.0605
    Layer 24: alpha=0.031538  teacher_rms=0.2897  v_rms=0.0919
    Layer 26: alpha=0.029200  teacher_rms=0.2124  v_rms=0.0727
    Layer 27: alpha=0.037093  teacher_rms=0.3083  v_rms=0.0831
    Layer 28: alpha=0.042686  teacher_rms=0.3705  v_rms=0.0868
    Layer 29: alpha=0.017344  teacher_rms=0.2548  v_rms=0.1469
    Layer 30: alpha=0.029045  teacher_rms=0.4297  v_rms=0.1480
    Layer 31: alpha=0.021180  teacher_rms=0.3785  v_rms=0.1787
    Layer 32: alpha=0.023899  teacher_rms=0.5288  v_rms=0.2213
    Layer 33: alpha=0.018560  teacher_rms=0.6404  v_rms=0.3451
    Layer 34: alpha=0.032963  teacher_rms=1.0325  v_rms=0.3132
    Layer 35: alpha=0.060036  teacher_rms=1.0168  v_rms=0.1694

  Set g_proj = v_proj * alpha in 35 GDN layers (damping=0.01).
  Init (taylor_init) done in 375.7s
  Layer 25: PPL = 2231814.00  (eval 16.9s)

============================================================
  Probing layer 26 | strategy=taylor_init
============================================================
Loading checkpoint shards:   0%|          | 0/4 [00:00<?, ?it/s]Loading checkpoint shards: 100%|██████████| 4/4 [00:00<00:00, 148.32it/s]
Could not cache non-existence of file. Will ignore error and continue. Error: [Errno 13] Permission denied: '/data/shared/huggingface/hub/models--Qwen--Qwen3-8B/.no_exist/b968826d9c46dd6066d109eabc6255188de91218/model.safetensors'
Loading checkpoint shards:   0%|          | 0/5 [00:00<?, ?it/s]Loading checkpoint shards: 100%|██████████| 5/5 [00:00<00:00, 183.12it/s]
Token indices sequence length is longer than the specified maximum sequence length for this model (2429029 > 131072). Running this sequence through the model will result in indexing errors
  [Taylor Step 1/3] Gate calibration from attention stats...
    Layer  0: dist=[32, 3, 12, 35, 12, 26, 9, 11, 19, 6, 8, 9, 18, 34, 31, 10, 16, 19, 16, 14, 13, 23, 4, 12, 5, 52, 10, 43, 15, 36, 15, 14]
    Layer  1: dist=[19, 38, 25, 44, 3, 15, 31, 11, 45, 36, 65, 60, 34, 47, 51, 38, 32, 54, 57, 33, 56, 24, 40, 40, 37, 9, 44, 41, 83, 31, 37, 49]
    Layer  2: dist=[65, 65, 67, 62, 26, 45, 33, 43, 39, 47, 56, 56, 53, 46, 46, 60, 61, 49, 54, 43, 49, 67, 48, 50, 25, 24, 21, 35, 73, 73, 77, 74]
    Layer  3: dist=[65, 26, 13, 22, 87, 93, 83, 73, 56, 53, 62, 58, 90, 73, 75, 74, 59, 62, 51, 67, 74, 60, 64, 65, 64, 56, 52, 59, 70, 63, 72, 65]
    Layer  4: dist=[62, 63, 73, 67, 73, 56, 61, 89, 68, 69, 63, 60, 55, 55, 71, 61, 62, 65, 67, 70, 64, 61, 47, 64, 41, 51, 48, 34, 51, 66, 55, 55]
    Layer  5: dist=[36, 48, 55, 35, 61, 68, 52, 51, 5, 18, 73, 61, 54, 78, 59, 52, 41, 32, 50, 48, 51, 55, 48, 59, 73, 73, 80, 80, 43, 44, 46, 58]
    Layer  6: dist=[27, 40, 30, 31, 52, 46, 67, 61, 46, 25, 43, 38, 56, 64, 56, 30, 47, 34, 45, 40, 20, 30, 32, 14, 35, 50, 32, 49, 47, 43, 37, 53]
    Layer  7: dist=[55, 60, 64, 87, 126, 114, 127, 121, 88, 119, 99, 72, 108, 23, 53, 97, 80, 101, 85, 81, 106, 86, 112, 116, 64, 78, 47, 86, 97, 101, 101, 106]
    Layer  8: dist=[83, 87, 90, 58, 81, 77, 69, 78, 86, 99, 87, 90, 94, 86, 96, 70, 116, 107, 103, 96, 92, 106, 100, 111, 92, 72, 95, 67, 84, 72, 79, 74]
    Layer  9: dist=[76, 60, 61, 67, 83, 97, 96, 74, 123, 120, 118, 112, 27, 87, 63, 85, 93, 100, 114, 125, 87, 77, 60, 70, 119, 81, 91, 97, 125, 113, 127, 123]
    Layer 10: dist=[76, 71, 58, 74, 85, 102, 64, 74, 63, 88, 106, 49, 88, 67, 82, 86, 87, 102, 100, 107, 88, 60, 107, 90, 93, 107, 84, 77, 76, 65, 82, 90]
    Layer 11: dist=[78, 65, 79, 48, 53, 61, 78, 77, 102, 123, 109, 93, 82, 64, 65, 69, 69, 63, 61, 51, 77, 107, 89, 87, 67, 59, 56, 54, 95, 55, 55, 94]
    Layer 12: dist=[21, 72, 79, 61, 87, 83, 66, 70, 63, 62, 74, 77, 86, 81, 82, 87, 39, 68, 59, 94, 102, 112, 97, 103, 93, 2, 107, 38, 81, 88, 113, 91]
    Layer 13: dist=[52, 68, 66, 62, 52, 51, 65, 40, 86, 63, 99, 122, 128, 115, 109, 124, 85, 72, 57, 61, 93, 55, 83, 90, 84, 59, 72, 76, 113, 111, 96, 99]
    Layer 14: dist=[44, 64, 65, 46, 62, 45, 64, 65, 54, 57, 70, 68, 69, 76, 65, 67, 77, 86, 51, 64, 65, 31, 51, 81, 52, 67, 73, 64, 85, 88, 8, 89]
    Layer 15: dist=[80, 44, 79, 38, 37, 38, 79, 67, 90, 60, 46, 104, 68, 107, 79, 89, 61, 57, 64, 68, 58, 60, 50, 51, 49, 34, 86, 62, 72, 84, 71, 49]
    Layer 16: dist=[61, 57, 74, 85, 55, 58, 48, 55, 54, 82, 73, 84, 90, 69, 86, 86, 68, 71, 60, 62, 115, 118, 110, 103, 71, 54, 64, 10, 58, 59, 65, 56]
    Layer 17: dist=[111, 95, 79, 67, 53, 57, 39, 47, 90, 108, 79, 100, 40, 57, 71, 74, 44, 61, 61, 42, 75, 98, 93, 97, 58, 55, 57, 52, 53, 79, 93, 67]
    Layer 18: dist=[34, 45, 35, 33, 56, 78, 74, 57, 64, 67, 66, 79, 61, 60, 57, 62, 46, 74, 72, 52, 68, 47, 65, 96, 58, 62, 61, 63, 52, 53, 79, 56]
    Layer 19: dist=[73, 64, 63, 62, 76, 103, 54, 71, 81, 85, 84, 93, 63, 57, 75, 63, 84, 85, 49, 49, 21, 50, 33, 49, 102, 106, 102, 116, 77, 77, 73, 72]
    Layer 20: dist=[89, 79, 80, 77, 78, 51, 49, 57, 40, 36, 43, 39, 92, 79, 87, 96, 45, 51, 56, 39, 73, 111, 101, 98, 125, 97, 105, 85, 93, 79, 108, 108]
    Layer 21: dist=[44, 50, 56, 68, 115, 65, 96, 118, 118, 61, 71, 69, 46, 41, 44, 42, 75, 75, 83, 65, 89, 99, 95, 96, 64, 62, 60, 80, 73, 79, 60, 88]
    Layer 22: dist=[73, 60, 67, 63, 52, 72, 45, 56, 37, 49, 45, 59, 18, 86, 61, 64, 33, 79, 76, 41, 102, 115, 120, 121, 101, 84, 91, 95, 114, 92, 103, 95]
    Layer 23: dist=[39, 30, 48, 39, 110, 111, 41, 102, 79, 36, 45, 63, 75, 72, 79, 77, 82, 75, 74, 94, 72, 93, 82, 76, 78, 72, 68, 100, 91, 90, 83, 78]
    Layer 24: dist=[79, 124, 109, 101, 99, 109, 111, 97, 102, 105, 104, 84, 78, 75, 89, 74, 81, 86, 98, 88, 120, 103, 102, 117, 65, 73, 79, 51, 95, 111, 98, 88]
    Layer 25: dist=[105, 121, 118, 94, 71, 72, 107, 80, 96, 97, 85, 90, 65, 89, 50, 68, 93, 99, 97, 89, 102, 111, 105, 108, 110, 110, 99, 108, 88, 125, 98, 88]
    Layer 27: dist=[87, 108, 103, 117, 98, 105, 101, 86, 77, 100, 107, 99, 78, 109, 80, 86, 96, 99, 99, 104, 91, 112, 113, 92, 110, 113, 116, 117, 107, 77, 92, 117]
    Layer 28: dist=[103, 92, 102, 102, 82, 63, 80, 76, 96, 107, 92, 89, 112, 105, 96, 101, 112, 104, 104, 108, 119, 71, 60, 89, 91, 88, 99, 99, 92, 92, 71, 95]
    Layer 29: dist=[113, 114, 114, 113, 90, 112, 94, 114, 119, 113, 122, 105, 120, 120, 119, 120, 116, 106, 115, 121, 123, 123, 107, 125, 100, 114, 97, 92, 106, 95, 106, 109]
    Layer 30: dist=[75, 102, 99, 100, 102, 100, 90, 67, 117, 117, 115, 120, 105, 104, 113, 101, 97, 78, 120, 122, 51, 120, 100, 110, 119, 119, 119, 118, 106, 110, 107, 102]
    Layer 31: dist=[119, 117, 99, 98, 112, 113, 114, 116, 114, 77, 87, 91, 117, 116, 117, 115, 101, 101, 106, 94, 119, 116, 108, 119, 112, 109, 89, 120, 112, 106, 102, 110]
    Layer 32: dist=[110, 114, 114, 111, 116, 119, 116, 117, 110, 111, 117, 115, 93, 113, 108, 91, 118, 106, 109, 111, 123, 92, 114, 120, 71, 95, 80, 105, 116, 107, 99, 103]
    Layer 33: dist=[102, 120, 112, 119, 91, 102, 57, 94, 116, 116, 113, 113, 114, 115, 113, 116, 114, 117, 106, 109, 112, 96, 110, 113, 111, 119, 122, 118, 110, 111, 107, 104]
    Layer 34: dist=[110, 109, 112, 113, 105, 111, 108, 102, 53, 93, 114, 86, 117, 115, 120, 81, 82, 89, 126, 55, 119, 51, 118, 119, 122, 122, 125, 122, 54, 62, 68, 109]
    Layer 35: dist=[105, 123, 71, 97, 82, 36, 112, 100, 85, 94, 112, 96, 63, 28, 49, 40, 98, 74, 84, 48, 90, 102, 55, 54, 66, 49, 68, 72, 73, 115, 122, 117]

  [Taylor Step 2/3] OLS sigma per head (scaling V, streaming)...
    Layer  0: sigma=[0.613, 0.100, 0.100, 0.100, 0.333, 0.379, 0.100, 0.100, 0.100, 0.149, 0.100, 0.100, 0.100, 0.100, 0.100, 0.259, 0.100, 0.100, 0.100, 0.100, 0.100, 0.100, 0.100, 0.100, 0.100, 0.100, 0.350, 0.100, 0.100, 0.100, 0.161, 0.100]
    Layer  1: sigma=[0.351, 0.100, 0.100, 0.100, 0.100, 0.100, 0.100, 0.100, 0.100, 0.159, 0.245, 0.100, 0.100, 0.100, 0.100, 0.100, 0.100, 0.100, 0.100, 0.100, 0.100, 0.100, 0.100, 0.116, 0.100, 0.100, 0.115, 0.100, 0.100, 0.100, 0.100, 0.100]
    Layer  2: sigma=[0.100, 0.100, 0.100, 0.100, 0.100, 0.100, 0.100, 0.100, 0.108, 0.100, 0.100, 0.100, 0.100, 0.145, 0.100, 0.100, 0.100, 0.221, 0.100, 0.100, 0.100, 0.100, 0.100, 0.100, 0.100, 0.170, 0.100, 0.100, 0.100, 0.100, 0.100, 0.100]
    Layer  3: sigma=[0.100, 0.333, 0.100, 0.151, 0.100, 0.100, 0.100, 0.100, 0.100, 0.100, 0.100, 0.100, 0.100, 0.100, 0.100, 0.100, 0.100, 0.100, 0.100, 0.100, 0.100, 0.107, 0.100, 0.100, 0.100, 0.100, 0.100, 0.100, 0.100, 0.100, 0.100, 0.100]
    Layer  4: sigma=[0.100, 0.100, 0.100, 0.100, 0.100, 0.100, 0.100, 0.100, 0.100, 0.100, 0.100, 0.100, 0.100, 0.100, 0.100, 0.100, 0.100, 0.100, 0.100, 0.100, 0.132, 0.137, 0.318, 0.100, 0.100, 0.100, 0.100, 0.100, 0.100, 0.100, 0.100, 0.100]
    Layer  5: sigma=[0.100, 0.100, 0.100, 0.100, 0.100, 0.100, 0.100, 0.100, 0.100, 0.140, 0.100, 0.109, 0.100, 0.100, 0.100, 0.121, 0.100, 0.178, 0.100, 0.100, 0.100, 0.100, 0.100, 0.100, 0.100, 0.100, 0.100, 0.100, 0.100, 0.100, 0.100, 0.100]
    Layer  6: sigma=[0.100, 0.100, 0.100, 0.100, 0.100, 0.100, 0.100, 0.100, 0.100, 0.100, 0.100, 0.100, 0.100, 0.100, 0.100, 0.100, 0.100, 0.100, 0.100, 0.100, 0.159, 0.100, 0.100, 0.100, 0.100, 0.100, 0.100, 0.100, 0.100, 0.100, 0.100, 0.100]
    Layer  7: sigma=[0.100, 0.166, 0.100, 0.100, 0.124, 0.100, 0.100, 0.100, 0.100, 0.100, 0.100, 0.100, 0.100, 0.100, 0.100, 0.100, 0.100, 0.100, 0.100, 0.100, 0.100, 0.100, 0.100, 0.100, 0.100, 0.100, 0.100, 0.100, 0.100, 0.100, 0.100, 0.100]
    Layer  8: sigma=[0.100, 0.100, 0.100, 0.100, 0.100, 0.100, 0.100, 0.100, 0.100, 0.100, 0.100, 0.100, 0.100, 0.100, 0.100, 0.100, 0.100, 0.100, 0.100, 0.100, 0.100, 0.100, 0.100, 0.100, 0.100, 0.100, 0.100, 0.166, 0.100, 0.100, 0.100, 0.100]
    Layer  9: sigma=[0.100, 0.100, 0.100, 0.100, 0.100, 0.100, 0.100, 0.100, 0.100, 0.100, 0.100, 0.100, 0.100, 0.100, 0.588, 0.137, 0.100, 0.100, 0.100, 0.100, 0.100, 0.100, 0.100, 0.100, 0.100, 0.100, 0.100, 0.100, 0.100, 0.100, 0.100, 0.100]
    Layer 10: sigma=[0.100, 0.100, 0.100, 0.100, 0.100, 0.100, 0.100, 0.100, 0.100, 0.100, 0.100, 0.100, 0.100, 0.100, 0.100, 0.100, 0.100, 0.100, 0.100, 0.100, 0.100, 0.100, 0.100, 0.100, 0.100, 0.100, 0.100, 0.100, 0.100, 0.100, 0.100, 0.100]
    Layer 11: sigma=[0.100, 0.100, 0.100, 0.100, 0.148, 0.100, 0.100, 0.100, 0.100, 0.110, 0.100, 0.100, 0.100, 0.100, 0.277, 0.100, 0.100, 0.100, 0.100, 0.100, 0.100, 0.100, 0.100, 0.100, 0.100, 0.100, 0.162, 0.100, 0.100, 0.100, 0.100, 0.100]
    Layer 12: sigma=[0.100, 0.100, 0.100, 0.100, 0.100, 0.100, 0.100, 0.100, 0.100, 0.101, 0.100, 0.107, 0.100, 0.100, 0.100, 0.100, 0.100, 0.289, 0.177, 0.100, 0.100, 0.100, 0.100, 0.100, 0.100, 0.100, 0.100, 0.212, 0.100, 0.100, 0.119, 0.100]
    Layer 13: sigma=[0.227, 0.100, 0.100, 0.348, 0.100, 0.100, 0.100, 0.100, 0.100, 0.100, 0.100, 0.100, 0.100, 0.100, 0.100, 0.100, 0.100, 0.100, 0.100, 0.112, 0.100, 0.100, 0.100, 0.100, 0.100, 0.100, 0.100, 0.100, 0.100, 0.100, 0.100, 0.100]
    Layer 14: sigma=[0.100, 0.100, 0.100, 0.100, 0.100, 0.456, 0.100, 0.100, 0.100, 0.100, 0.100, 0.100, 0.100, 0.100, 0.100, 0.100, 0.100, 0.100, 0.100, 0.100, 0.100, 0.100, 0.100, 0.100, 0.108, 0.126, 0.100, 0.100, 0.100, 0.100, 0.100, 0.100]
    Layer 15: sigma=[0.100, 0.174, 0.100, 0.100, 0.100, 0.113, 0.100, 0.100, 0.100, 0.100, 0.100, 0.100, 0.213, 0.100, 0.100, 0.100, 0.100, 0.100, 0.100, 0.100, 0.100, 0.100, 0.100, 0.100, 0.158, 0.100, 0.100, 0.100, 0.100, 0.100, 0.100, 0.100]
    Layer 16: sigma=[0.100, 0.100, 0.100, 0.100, 0.100, 0.100, 0.100, 0.100, 0.100, 0.100, 0.100, 0.100, 0.100, 0.100, 0.100, 0.100, 0.100, 0.100, 0.100, 0.100, 0.100, 0.100, 0.100, 0.100, 0.100, 0.100, 0.100, 0.333, 0.100, 0.100, 0.100, 0.100]
    Layer 17: sigma=[0.100, 0.100, 0.100, 0.100, 0.100, 0.155, 0.100, 0.100, 0.100, 0.100, 0.100, 0.100, 0.100, 0.100, 0.100, 0.100, 0.112, 0.100, 0.100, 0.399, 0.100, 0.100, 0.100, 0.105, 0.130, 0.100, 0.415, 0.100, 0.100, 0.100, 0.100, 0.100]
    Layer 18: sigma=[0.100, 0.540, 0.100, 0.100, 0.100, 0.100, 0.100, 0.179, 0.100, 0.100, 0.100, 0.100, 0.100, 0.100, 0.100, 0.100, 0.160, 0.100, 0.100, 0.100, 0.100, 0.100, 0.100, 0.100, 0.100, 0.100, 0.100, 0.100, 0.100, 0.100, 0.100, 0.100]
    Layer 19: sigma=[0.100, 0.100, 0.100, 0.100, 0.100, 0.100, 0.100, 0.100, 0.100, 0.100, 0.100, 0.100, 0.161, 0.100, 0.100, 0.220, 0.100, 0.100, 0.100, 0.277, 0.100, 0.100, 0.100, 0.105, 0.100, 0.100, 0.100, 0.100, 0.100, 0.100, 0.100, 0.100]
    Layer 20: sigma=[0.100, 0.100, 0.100, 0.100, 0.100, 0.206, 0.100, 0.100, 0.149, 0.112, 0.100, 0.100, 0.100, 0.100, 0.100, 0.124, 0.100, 0.134, 0.100, 0.100, 0.100, 0.100, 0.100, 0.100, 0.100, 0.100, 0.100, 0.100, 0.100, 0.100, 0.100, 0.100]
    Layer 21: sigma=[0.100, 0.129, 0.100, 0.100, 0.100, 0.100, 0.100, 0.100, 0.100, 0.136, 0.100, 0.236, 0.100, 0.100, 0.103, 0.100, 0.100, 0.100, 0.100, 0.100, 0.100, 0.118, 0.100, 0.100, 0.103, 0.100, 0.100, 0.100, 0.100, 0.100, 0.253, 0.100]
    Layer 22: sigma=[0.157, 0.100, 0.100, 0.100, 0.144, 0.138, 0.100, 0.158, 0.100, 0.100, 0.100, 0.100, 0.100, 0.100, 0.100, 0.117, 0.100, 0.100, 0.100, 0.100, 0.100, 0.100, 0.100, 0.100, 0.100, 0.100, 0.100, 0.100, 0.100, 0.100, 0.100, 0.100]
    Layer 23: sigma=[0.167, 0.281, 0.168, 0.100, 0.100, 0.100, 0.119, 0.100, 0.100, 0.241, 0.100, 0.100, 0.100, 0.100, 0.101, 0.100, 0.100, 0.100, 0.100, 0.100, 0.100, 0.100, 0.100, 0.100, 0.100, 0.100, 0.100, 0.100, 0.100, 0.100, 0.184, 0.230]
    Layer 24: sigma=[0.100, 0.100, 0.100, 0.100, 0.100, 0.100, 0.100, 0.100, 0.100, 0.100, 0.100, 0.100, 0.100, 0.100, 0.100, 0.108, 0.100, 0.100, 0.100, 0.100, 0.100, 0.100, 0.100, 0.100, 0.210, 0.331, 0.100, 0.421, 0.100, 0.100, 0.100, 0.100]
    Layer 25: sigma=[0.100, 0.100, 0.100, 0.100, 0.100, 0.100, 0.100, 0.100, 0.100, 0.100, 0.100, 0.100, 0.100, 0.100, 0.150, 0.100, 0.100, 0.100, 0.100, 0.100, 0.100, 0.100, 0.100, 0.100, 0.100, 0.100, 0.100, 0.100, 0.100, 0.100, 0.100, 0.100]
    Layer 27: sigma=[0.100, 0.100, 0.100, 0.100, 0.100, 0.100, 0.100, 0.100, 0.100, 0.100, 0.100, 0.100, 0.100, 0.100, 0.100, 0.100, 0.100, 0.100, 0.100, 0.100, 0.100, 0.100, 0.100, 0.100, 0.100, 0.100, 0.100, 0.100, 0.100, 0.100, 0.100, 0.100]
    Layer 28: sigma=[0.100, 0.100, 0.100, 0.100, 0.100, 0.101, 0.100, 0.100, 0.100, 0.100, 0.100, 0.100, 0.100, 0.100, 0.100, 0.100, 0.100, 0.100, 0.100, 0.100, 0.100, 0.100, 0.100, 0.100, 0.100, 0.100, 0.100, 0.100, 0.100, 0.100, 0.100, 0.100]
    Layer 29: sigma=[0.100, 0.100, 0.100, 0.100, 0.100, 0.100, 0.100, 0.100, 0.100, 0.100, 0.100, 0.100, 0.100, 0.100, 0.100, 0.100, 0.100, 0.100, 0.100, 0.100, 0.100, 0.100, 0.100, 0.100, 0.100, 0.100, 0.100, 0.100, 0.100, 0.100, 0.100, 0.100]
    Layer 30: sigma=[0.100, 0.100, 0.100, 0.100, 0.100, 0.100, 0.100, 0.100, 0.100, 0.100, 0.100, 0.100, 0.100, 0.100, 0.100, 0.100, 0.100, 0.100, 0.100, 0.100, 0.100, 0.100, 0.100, 0.100, 0.100, 0.100, 0.100, 0.100, 0.100, 0.100, 0.100, 0.100]
    Layer 31: sigma=[0.100, 0.100, 0.100, 0.100, 0.100, 0.100, 0.100, 0.100, 0.100, 0.100, 0.100, 0.100, 0.100, 0.100, 0.100, 0.100, 0.100, 0.100, 0.100, 0.103, 0.100, 0.100, 0.100, 0.100, 0.100, 0.100, 0.100, 0.100, 0.100, 0.100, 0.100, 0.100]
    Layer 32: sigma=[0.100, 0.100, 0.100, 0.100, 0.100, 0.100, 0.100, 0.100, 0.100, 0.100, 0.100, 0.100, 0.100, 0.100, 0.100, 0.100, 0.100, 0.100, 0.100, 0.100, 0.100, 0.100, 0.100, 0.100, 0.100, 0.100, 0.100, 0.100, 0.100, 0.100, 0.100, 0.100]
    Layer 33: sigma=[0.100, 0.100, 0.100, 0.100, 0.100, 0.100, 0.100, 0.100, 0.100, 0.100, 0.100, 0.100, 0.100, 0.100, 0.100, 0.100, 0.100, 0.100, 0.100, 0.100, 0.100, 0.100, 0.100, 0.100, 0.100, 0.100, 0.100, 0.100, 0.100, 0.100, 0.100, 0.100]
    Layer 34: sigma=[0.100, 0.100, 0.100, 0.100, 0.100, 0.100, 0.100, 0.100, 0.100, 0.100, 0.100, 0.100, 0.100, 0.100, 0.100, 0.100, 0.128, 0.100, 0.100, 0.100, 0.100, 0.100, 0.100, 0.100, 0.100, 0.100, 0.100, 0.100, 0.100, 0.100, 0.100, 0.100]
    Layer 35: sigma=[0.100, 0.100, 0.100, 0.100, 0.100, 0.100, 0.100, 0.100, 0.100, 0.100, 0.100, 0.100, 0.100, 0.100, 0.100, 0.100, 0.100, 0.100, 0.100, 0.100, 0.100, 0.100, 0.122, 0.100, 0.100, 0.100, 0.100, 0.100, 0.100, 0.100, 0.100, 0.100]

  [Taylor Step 3/3] g_proj = v_proj * alpha (damping=0.01)...
    Layer  0: alpha=0.060508  teacher_rms=0.0163  v_rms=0.0027
    Layer  1: alpha=0.060961  teacher_rms=0.0205  v_rms=0.0034
    Layer  2: alpha=0.057033  teacher_rms=0.0214  v_rms=0.0038
    Layer  3: alpha=0.048500  teacher_rms=0.0259  v_rms=0.0053
    Layer  4: alpha=0.047387  teacher_rms=0.0304  v_rms=0.0064
    Layer  5: alpha=0.061844  teacher_rms=0.0409  v_rms=0.0066
    Layer  6: alpha=0.078199  teacher_rms=0.0621  v_rms=0.0079
    Layer  7: alpha=0.045559  teacher_rms=0.0530  v_rms=0.0116
    Layer  8: alpha=0.047695  teacher_rms=0.0708  v_rms=0.0148
    Layer  9: alpha=0.034717  teacher_rms=0.0713  v_rms=0.0205
    Layer 10: alpha=0.051225  teacher_rms=0.1092  v_rms=0.0213
    Layer 11: alpha=0.061543  teacher_rms=0.1046  v_rms=0.0170
    Layer 12: alpha=0.061195  teacher_rms=0.1207  v_rms=0.0197
    Layer 13: alpha=0.052423  teacher_rms=0.1040  v_rms=0.0198
    Layer 14: alpha=0.061641  teacher_rms=0.1547  v_rms=0.0251
    Layer 15: alpha=0.057753  teacher_rms=0.1576  v_rms=0.0273
    Layer 16: alpha=0.044424  teacher_rms=0.1473  v_rms=0.0332
    Layer 17: alpha=0.044016  teacher_rms=0.1753  v_rms=0.0398
    Layer 18: alpha=0.041573  teacher_rms=0.1990  v_rms=0.0479
    Layer 19: alpha=0.054008  teacher_rms=0.2060  v_rms=0.0382
    Layer 20: alpha=0.055667  teacher_rms=0.1966  v_rms=0.0353
    Layer 21: alpha=0.053980  teacher_rms=0.2373  v_rms=0.0440
    Layer 22: alpha=0.057695  teacher_rms=0.2834  v_rms=0.0491
    Layer 23: alpha=0.050961  teacher_rms=0.3098  v_rms=0.0608
    Layer 24: alpha=0.032941  teacher_rms=0.2897  v_rms=0.0879
    Layer 25: alpha=0.039462  teacher_rms=0.2376  v_rms=0.0602
    Layer 27: alpha=0.037093  teacher_rms=0.3083  v_rms=0.0831
    Layer 28: alpha=0.042753  teacher_rms=0.3705  v_rms=0.0867
    Layer 29: alpha=0.017344  teacher_rms=0.2548  v_rms=0.1469
    Layer 30: alpha=0.029045  teacher_rms=0.4297  v_rms=0.1480
    Layer 31: alpha=0.021204  teacher_rms=0.3785  v_rms=0.1785
    Layer 32: alpha=0.023899  teacher_rms=0.5288  v_rms=0.2213
    Layer 33: alpha=0.018560  teacher_rms=0.6404  v_rms=0.3451
    Layer 34: alpha=0.033037  teacher_rms=1.0325  v_rms=0.3125
    Layer 35: alpha=0.059768  teacher_rms=1.0168  v_rms=0.1701

  Set g_proj = v_proj * alpha in 35 GDN layers (damping=0.01).
  Init (taylor_init) done in 329.9s
  Layer 26: PPL = 1024308.25  (eval 17.0s)

============================================================
  Probing layer 27 | strategy=taylor_init
============================================================
Loading checkpoint shards:   0%|          | 0/4 [00:00<?, ?it/s]Loading checkpoint shards: 100%|██████████| 4/4 [00:00<00:00, 147.52it/s]
Could not cache non-existence of file. Will ignore error and continue. Error: [Errno 13] Permission denied: '/data/shared/huggingface/hub/models--Qwen--Qwen3-8B/.no_exist/b968826d9c46dd6066d109eabc6255188de91218/model.safetensors'
Loading checkpoint shards:   0%|          | 0/5 [00:00<?, ?it/s]Loading checkpoint shards: 100%|██████████| 5/5 [00:00<00:00, 185.42it/s]
Token indices sequence length is longer than the specified maximum sequence length for this model (2429029 > 131072). Running this sequence through the model will result in indexing errors
  [Taylor Step 1/3] Gate calibration from attention stats...
    Layer  0: dist=[32, 3, 12, 35, 12, 26, 9, 11, 19, 6, 8, 9, 18, 34, 31, 10, 16, 19, 16, 14, 13, 23, 4, 12, 5, 52, 10, 43, 15, 36, 15, 14]
    Layer  1: dist=[19, 38, 25, 44, 3, 15, 31, 11, 45, 36, 65, 60, 34, 47, 51, 38, 32, 54, 57, 33, 56, 24, 40, 40, 37, 9, 44, 41, 83, 31, 37, 49]
    Layer  2: dist=[65, 65, 67, 62, 26, 45, 33, 43, 39, 47, 56, 56, 53, 46, 46, 60, 61, 49, 54, 43, 49, 67, 48, 50, 25, 24, 21, 35, 73, 73, 77, 74]
    Layer  3: dist=[65, 26, 13, 22, 87, 93, 83, 73, 56, 53, 62, 58, 90, 73, 75, 74, 59, 62, 51, 67, 74, 60, 64, 65, 64, 56, 52, 59, 70, 63, 72, 65]
    Layer  4: dist=[62, 63, 73, 67, 73, 56, 61, 89, 68, 69, 63, 60, 55, 55, 71, 61, 62, 65, 67, 70, 64, 61, 47, 64, 41, 51, 48, 34, 51, 66, 55, 55]
    Layer  5: dist=[36, 48, 55, 35, 61, 68, 52, 51, 5, 18, 73, 61, 54, 78, 59, 52, 41, 32, 50, 48, 51, 55, 48, 59, 73, 73, 80, 80, 43, 44, 46, 58]
    Layer  6: dist=[27, 40, 30, 31, 52, 46, 67, 61, 46, 25, 43, 38, 56, 64, 56, 30, 47, 34, 45, 40, 20, 30, 32, 14, 35, 50, 32, 49, 47, 43, 37, 53]
    Layer  7: dist=[55, 60, 64, 87, 126, 114, 127, 121, 88, 119, 99, 72, 108, 23, 53, 97, 80, 101, 85, 81, 106, 86, 112, 116, 64, 78, 47, 86, 97, 101, 101, 106]
    Layer  8: dist=[83, 87, 90, 58, 81, 77, 69, 78, 86, 99, 87, 90, 94, 86, 96, 70, 116, 107, 103, 96, 92, 106, 100, 111, 92, 72, 95, 67, 84, 72, 79, 74]
    Layer  9: dist=[76, 60, 61, 67, 83, 97, 96, 74, 123, 120, 118, 112, 27, 87, 63, 85, 93, 100, 114, 125, 87, 77, 60, 70, 119, 81, 91, 97, 125, 113, 127, 123]
    Layer 10: dist=[76, 71, 58, 74, 85, 102, 64, 74, 63, 88, 106, 49, 88, 67, 82, 86, 87, 102, 100, 107, 88, 60, 107, 90, 93, 107, 84, 77, 76, 65, 82, 90]
    Layer 11: dist=[78, 65, 79, 48, 53, 61, 78, 77, 102, 123, 109, 93, 82, 64, 65, 69, 69, 63, 61, 51, 77, 107, 89, 87, 67, 59, 56, 54, 95, 55, 55, 94]
    Layer 12: dist=[21, 72, 79, 61, 87, 83, 66, 70, 63, 62, 74, 77, 86, 81, 82, 87, 39, 68, 59, 94, 102, 112, 97, 103, 93, 2, 107, 38, 81, 88, 113, 91]
    Layer 13: dist=[52, 68, 66, 62, 52, 51, 65, 40, 86, 63, 99, 122, 128, 115, 109, 124, 85, 72, 57, 61, 93, 55, 83, 90, 84, 59, 72, 76, 113, 111, 96, 99]
    Layer 14: dist=[44, 64, 65, 46, 62, 45, 64, 65, 54, 57, 70, 68, 69, 76, 65, 67, 77, 86, 51, 64, 65, 31, 51, 81, 52, 67, 73, 64, 85, 88, 8, 89]
    Layer 15: dist=[80, 44, 79, 38, 37, 38, 79, 67, 90, 60, 46, 104, 68, 107, 79, 89, 61, 57, 64, 68, 58, 60, 50, 51, 49, 34, 86, 62, 72, 84, 71, 49]
    Layer 16: dist=[61, 57, 74, 85, 55, 58, 48, 55, 54, 82, 73, 84, 90, 69, 86, 86, 68, 71, 60, 62, 115, 118, 110, 103, 71, 54, 64, 10, 58, 59, 65, 56]
    Layer 17: dist=[111, 95, 79, 67, 53, 57, 39, 47, 90, 108, 79, 100, 40, 57, 71, 74, 44, 61, 61, 42, 75, 98, 93, 97, 58, 55, 57, 52, 53, 79, 93, 67]
    Layer 18: dist=[34, 45, 35, 33, 56, 78, 74, 57, 64, 67, 66, 79, 61, 60, 57, 62, 46, 74, 72, 52, 68, 47, 65, 96, 58, 62, 61, 63, 52, 53, 79, 56]
    Layer 19: dist=[73, 64, 63, 62, 76, 103, 54, 71, 81, 85, 84, 93, 63, 57, 75, 63, 84, 85, 49, 49, 21, 50, 33, 49, 102, 106, 102, 116, 77, 77, 73, 72]
    Layer 20: dist=[89, 79, 80, 77, 78, 51, 49, 57, 40, 36, 43, 39, 92, 79, 87, 96, 45, 51, 56, 39, 73, 111, 101, 98, 125, 97, 105, 85, 93, 79, 108, 108]
    Layer 21: dist=[44, 50, 56, 68, 115, 65, 96, 118, 118, 61, 71, 69, 46, 41, 44, 42, 75, 75, 83, 65, 89, 99, 95, 96, 64, 62, 60, 80, 73, 79, 60, 88]
    Layer 22: dist=[73, 60, 67, 63, 52, 72, 45, 56, 37, 49, 45, 59, 18, 86, 61, 64, 33, 79, 76, 41, 102, 115, 120, 121, 101, 84, 91, 95, 114, 92, 103, 95]
    Layer 23: dist=[39, 30, 48, 39, 110, 111, 41, 102, 79, 36, 45, 63, 75, 72, 79, 77, 82, 75, 74, 94, 72, 93, 82, 76, 78, 72, 68, 100, 91, 90, 83, 78]
    Layer 24: dist=[79, 124, 109, 101, 99, 109, 111, 97, 102, 105, 104, 84, 78, 75, 89, 74, 81, 86, 98, 88, 120, 103, 102, 117, 65, 73, 79, 51, 95, 111, 98, 88]
    Layer 25: dist=[105, 121, 118, 94, 71, 72, 107, 80, 96, 97, 85, 90, 65, 89, 50, 68, 93, 99, 97, 89, 102, 111, 105, 108, 110, 110, 99, 108, 88, 125, 98, 88]
    Layer 26: dist=[80, 88, 106, 68, 115, 113, 113, 110, 102, 107, 105, 98, 100, 124, 116, 116, 86, 93, 99, 95, 102, 113, 122, 114, 99, 97, 102, 93, 115, 96, 114, 95]
    Layer 28: dist=[103, 92, 102, 102, 82, 63, 80, 76, 96, 107, 92, 89, 112, 105, 96, 101, 112, 104, 104, 108, 119, 71, 60, 89, 91, 88, 99, 99, 92, 92, 71, 95]
    Layer 29: dist=[113, 114, 114, 113, 90, 112, 94, 114, 119, 113, 122, 105, 120, 120, 119, 120, 116, 106, 115, 121, 123, 123, 107, 125, 100, 114, 97, 92, 106, 95, 106, 109]
    Layer 30: dist=[75, 102, 99, 100, 102, 100, 90, 67, 117, 117, 115, 120, 105, 104, 113, 101, 97, 78, 120, 122, 51, 120, 100, 110, 119, 119, 119, 118, 106, 110, 107, 102]
    Layer 31: dist=[119, 117, 99, 98, 112, 113, 114, 116, 114, 77, 87, 91, 117, 116, 117, 115, 101, 101, 106, 94, 119, 116, 108, 119, 112, 109, 89, 120, 112, 106, 102, 110]
    Layer 32: dist=[110, 114, 114, 111, 116, 119, 116, 117, 110, 111, 117, 115, 93, 113, 108, 91, 118, 106, 109, 111, 123, 92, 114, 120, 71, 95, 80, 105, 116, 107, 99, 103]
    Layer 33: dist=[102, 120, 112, 119, 91, 102, 57, 94, 116, 116, 113, 113, 114, 115, 113, 116, 114, 117, 106, 109, 112, 96, 110, 113, 111, 119, 122, 118, 110, 111, 107, 104]
    Layer 34: dist=[110, 109, 112, 113, 105, 111, 108, 102, 53, 93, 114, 86, 117, 115, 120, 81, 82, 89, 126, 55, 119, 51, 118, 119, 122, 122, 125, 122, 54, 62, 68, 109]
    Layer 35: dist=[105, 123, 71, 97, 82, 36, 112, 100, 85, 94, 112, 96, 63, 28, 49, 40, 98, 74, 84, 48, 90, 102, 55, 54, 66, 49, 68, 72, 73, 115, 122, 117]

  [Taylor Step 2/3] OLS sigma per head (scaling V, streaming)...
    Layer  0: sigma=[0.617, 0.100, 0.100, 0.100, 0.333, 0.381, 0.100, 0.100, 0.100, 0.148, 0.100, 0.100, 0.100, 0.100, 0.100, 0.260, 0.100, 0.100, 0.100, 0.100, 0.100, 0.100, 0.100, 0.100, 0.100, 0.100, 0.352, 0.100, 0.100, 0.100, 0.161, 0.100]
    Layer  1: sigma=[0.350, 0.100, 0.100, 0.100, 0.100, 0.100, 0.100, 0.100, 0.100, 0.165, 0.245, 0.100, 0.100, 0.100, 0.100, 0.100, 0.100, 0.100, 0.100, 0.100, 0.100, 0.100, 0.100, 0.117, 0.100, 0.100, 0.114, 0.100, 0.100, 0.100, 0.100, 0.100]
    Layer  2: sigma=[0.100, 0.100, 0.100, 0.100, 0.100, 0.100, 0.100, 0.100, 0.109, 0.100, 0.100, 0.100, 0.100, 0.146, 0.100, 0.100, 0.100, 0.222, 0.100, 0.100, 0.100, 0.100, 0.100, 0.100, 0.100, 0.172, 0.100, 0.100, 0.100, 0.100, 0.100, 0.100]
    Layer  3: sigma=[0.100, 0.329, 0.100, 0.158, 0.100, 0.100, 0.100, 0.100, 0.100, 0.100, 0.100, 0.100, 0.100, 0.100, 0.100, 0.100, 0.100, 0.100, 0.100, 0.100, 0.100, 0.108, 0.100, 0.100, 0.100, 0.100, 0.100, 0.100, 0.100, 0.100, 0.100, 0.100]
    Layer  4: sigma=[0.100, 0.100, 0.100, 0.100, 0.100, 0.100, 0.100, 0.100, 0.100, 0.100, 0.100, 0.100, 0.100, 0.100, 0.100, 0.100, 0.100, 0.100, 0.100, 0.100, 0.132, 0.137, 0.325, 0.100, 0.100, 0.100, 0.100, 0.100, 0.100, 0.100, 0.100, 0.100]
    Layer  5: sigma=[0.100, 0.100, 0.100, 0.100, 0.100, 0.100, 0.100, 0.100, 0.100, 0.137, 0.100, 0.108, 0.100, 0.100, 0.100, 0.122, 0.100, 0.179, 0.100, 0.100, 0.100, 0.100, 0.100, 0.100, 0.100, 0.100, 0.100, 0.100, 0.100, 0.100, 0.100, 0.100]
    Layer  6: sigma=[0.100, 0.100, 0.100, 0.100, 0.100, 0.100, 0.100, 0.100, 0.100, 0.100, 0.100, 0.100, 0.100, 0.100, 0.100, 0.100, 0.100, 0.100, 0.100, 0.100, 0.150, 0.100, 0.100, 0.100, 0.100, 0.100, 0.100, 0.100, 0.100, 0.100, 0.100, 0.100]
    Layer  7: sigma=[0.100, 0.147, 0.100, 0.100, 0.128, 0.100, 0.100, 0.100, 0.100, 0.100, 0.100, 0.100, 0.100, 0.100, 0.100, 0.100, 0.100, 0.100, 0.100, 0.100, 0.100, 0.100, 0.100, 0.100, 0.100, 0.100, 0.100, 0.100, 0.100, 0.100, 0.100, 0.100]
    Layer  8: sigma=[0.100, 0.100, 0.100, 0.100, 0.100, 0.100, 0.100, 0.100, 0.100, 0.100, 0.100, 0.100, 0.100, 0.100, 0.100, 0.100, 0.100, 0.100, 0.100, 0.100, 0.100, 0.100, 0.100, 0.100, 0.100, 0.100, 0.100, 0.178, 0.100, 0.100, 0.100, 0.100]
    Layer  9: sigma=[0.100, 0.100, 0.100, 0.100, 0.100, 0.100, 0.100, 0.100, 0.100, 0.100, 0.100, 0.100, 0.100, 0.100, 0.538, 0.133, 0.100, 0.100, 0.100, 0.100, 0.100, 0.100, 0.100, 0.100, 0.100, 0.100, 0.100, 0.100, 0.100, 0.100, 0.100, 0.100]
    Layer 10: sigma=[0.100, 0.100, 0.100, 0.100, 0.100, 0.100, 0.100, 0.100, 0.100, 0.100, 0.100, 0.111, 0.100, 0.100, 0.100, 0.100, 0.100, 0.100, 0.100, 0.100, 0.100, 0.100, 0.100, 0.100, 0.100, 0.100, 0.100, 0.100, 0.100, 0.100, 0.100, 0.100]
    Layer 11: sigma=[0.100, 0.100, 0.100, 0.100, 0.156, 0.100, 0.100, 0.100, 0.100, 0.121, 0.100, 0.100, 0.100, 0.100, 0.236, 0.100, 0.100, 0.100, 0.100, 0.100, 0.100, 0.100, 0.100, 0.100, 0.100, 0.100, 0.169, 0.100, 0.100, 0.100, 0.100, 0.100]
    Layer 12: sigma=[0.100, 0.100, 0.100, 0.100, 0.100, 0.100, 0.100, 0.100, 0.100, 0.101, 0.100, 0.108, 0.100, 0.100, 0.100, 0.100, 0.100, 0.307, 0.162, 0.100, 0.100, 0.100, 0.100, 0.100, 0.100, 0.100, 0.100, 0.210, 0.100, 0.100, 0.120, 0.100]
    Layer 13: sigma=[0.227, 0.100, 0.100, 0.298, 0.100, 0.100, 0.100, 0.100, 0.100, 0.100, 0.100, 0.100, 0.100, 0.100, 0.100, 0.100, 0.100, 0.100, 0.100, 0.107, 0.100, 0.100, 0.100, 0.100, 0.100, 0.100, 0.100, 0.100, 0.100, 0.100, 0.100, 0.100]
    Layer 14: sigma=[0.100, 0.100, 0.100, 0.100, 0.100, 0.431, 0.100, 0.100, 0.100, 0.100, 0.100, 0.100, 0.100, 0.100, 0.100, 0.100, 0.100, 0.100, 0.100, 0.100, 0.100, 0.100, 0.100, 0.100, 0.128, 0.121, 0.100, 0.100, 0.100, 0.100, 0.100, 0.100]
    Layer 15: sigma=[0.100, 0.189, 0.100, 0.100, 0.100, 0.112, 0.100, 0.100, 0.100, 0.100, 0.100, 0.100, 0.202, 0.100, 0.100, 0.100, 0.100, 0.100, 0.100, 0.100, 0.100, 0.100, 0.100, 0.100, 0.164, 0.100, 0.100, 0.100, 0.100, 0.100, 0.100, 0.100]
    Layer 16: sigma=[0.100, 0.100, 0.100, 0.100, 0.100, 0.100, 0.100, 0.100, 0.100, 0.100, 0.100, 0.100, 0.100, 0.100, 0.100, 0.100, 0.100, 0.100, 0.100, 0.100, 0.100, 0.100, 0.100, 0.100, 0.100, 0.100, 0.100, 0.407, 0.100, 0.100, 0.100, 0.100]
    Layer 17: sigma=[0.100, 0.100, 0.100, 0.100, 0.100, 0.138, 0.100, 0.100, 0.100, 0.100, 0.100, 0.100, 0.100, 0.100, 0.100, 0.100, 0.152, 0.106, 0.100, 0.405, 0.100, 0.100, 0.100, 0.107, 0.148, 0.100, 0.400, 0.100, 0.100, 0.100, 0.100, 0.100]
    Layer 18: sigma=[0.100, 0.509, 0.100, 0.100, 0.100, 0.100, 0.100, 0.197, 0.100, 0.100, 0.100, 0.100, 0.100, 0.100, 0.100, 0.100, 0.144, 0.100, 0.100, 0.100, 0.100, 0.100, 0.100, 0.100, 0.100, 0.100, 0.100, 0.100, 0.100, 0.100, 0.100, 0.100]
    Layer 19: sigma=[0.100, 0.100, 0.100, 0.100, 0.100, 0.100, 0.100, 0.100, 0.100, 0.100, 0.100, 0.100, 0.195, 0.100, 0.100, 0.181, 0.100, 0.100, 0.100, 0.318, 0.100, 0.100, 0.100, 0.110, 0.100, 0.100, 0.100, 0.100, 0.100, 0.100, 0.100, 0.100]
    Layer 20: sigma=[0.100, 0.100, 0.100, 0.100, 0.100, 0.168, 0.100, 0.100, 0.161, 0.100, 0.100, 0.100, 0.100, 0.100, 0.100, 0.119, 0.100, 0.129, 0.100, 0.100, 0.100, 0.100, 0.100, 0.100, 0.100, 0.100, 0.100, 0.100, 0.100, 0.100, 0.100, 0.100]
    Layer 21: sigma=[0.100, 0.131, 0.100, 0.100, 0.100, 0.100, 0.100, 0.100, 0.100, 0.152, 0.100, 0.290, 0.100, 0.100, 0.106, 0.100, 0.100, 0.100, 0.100, 0.100, 0.100, 0.110, 0.100, 0.100, 0.107, 0.100, 0.100, 0.100, 0.100, 0.100, 0.246, 0.100]
    Layer 22: sigma=[0.181, 0.100, 0.100, 0.100, 0.155, 0.149, 0.109, 0.210, 0.100, 0.100, 0.100, 0.100, 0.100, 0.100, 0.100, 0.114, 0.100, 0.100, 0.100, 0.100, 0.100, 0.100, 0.100, 0.100, 0.100, 0.100, 0.100, 0.100, 0.100, 0.100, 0.100, 0.100]
    Layer 23: sigma=[0.175, 0.275, 0.243, 0.100, 0.100, 0.100, 0.138, 0.100, 0.100, 0.211, 0.100, 0.100, 0.100, 0.100, 0.103, 0.100, 0.100, 0.100, 0.100, 0.100, 0.100, 0.100, 0.100, 0.100, 0.100, 0.100, 0.100, 0.100, 0.100, 0.100, 0.176, 0.220]
    Layer 24: sigma=[0.100, 0.100, 0.100, 0.100, 0.100, 0.100, 0.100, 0.100, 0.100, 0.100, 0.100, 0.100, 0.100, 0.100, 0.100, 0.147, 0.100, 0.100, 0.100, 0.100, 0.100, 0.100, 0.100, 0.100, 0.218, 0.381, 0.100, 0.341, 0.100, 0.100, 0.100, 0.100]
    Layer 25: sigma=[0.100, 0.100, 0.100, 0.100, 0.100, 0.100, 0.100, 0.100, 0.100, 0.100, 0.100, 0.100, 0.100, 0.100, 0.100, 0.100, 0.100, 0.100, 0.100, 0.100, 0.100, 0.100, 0.100, 0.100, 0.100, 0.100, 0.100, 0.100, 0.100, 0.100, 0.100, 0.100]
    Layer 26: sigma=[0.100, 0.100, 0.100, 0.100, 0.100, 0.100, 0.100, 0.100, 0.100, 0.100, 0.100, 0.100, 0.100, 0.100, 0.100, 0.100, 0.100, 0.100, 0.100, 0.100, 0.100, 0.100, 0.100, 0.100, 0.100, 0.100, 0.100, 0.100, 0.100, 0.100, 0.100, 0.100]
    Layer 28: sigma=[0.100, 0.100, 0.100, 0.100, 0.100, 0.100, 0.100, 0.146, 0.100, 0.100, 0.100, 0.100, 0.100, 0.100, 0.100, 0.100, 0.100, 0.100, 0.100, 0.100, 0.100, 0.100, 0.100, 0.100, 0.100, 0.100, 0.100, 0.100, 0.100, 0.100, 0.100, 0.100]
    Layer 29: sigma=[0.100, 0.100, 0.100, 0.100, 0.100, 0.100, 0.100, 0.100, 0.100, 0.100, 0.100, 0.100, 0.100, 0.100, 0.100, 0.100, 0.100, 0.100, 0.100, 0.100, 0.100, 0.100, 0.100, 0.100, 0.100, 0.100, 0.100, 0.100, 0.100, 0.100, 0.100, 0.100]
    Layer 30: sigma=[0.100, 0.100, 0.100, 0.100, 0.100, 0.100, 0.100, 0.100, 0.100, 0.100, 0.100, 0.100, 0.100, 0.100, 0.100, 0.100, 0.100, 0.100, 0.100, 0.100, 0.239, 0.100, 0.100, 0.100, 0.100, 0.100, 0.100, 0.100, 0.100, 0.100, 0.100, 0.100]
    Layer 31: sigma=[0.100, 0.100, 0.100, 0.100, 0.100, 0.100, 0.100, 0.100, 0.100, 0.100, 0.100, 0.100, 0.100, 0.100, 0.100, 0.100, 0.100, 0.100, 0.100, 0.111, 0.100, 0.100, 0.100, 0.100, 0.100, 0.100, 0.100, 0.100, 0.100, 0.100, 0.100, 0.100]
    Layer 32: sigma=[0.100, 0.100, 0.100, 0.100, 0.100, 0.100, 0.100, 0.100, 0.100, 0.100, 0.100, 0.100, 0.100, 0.100, 0.100, 0.100, 0.100, 0.100, 0.100, 0.100, 0.100, 0.100, 0.100, 0.100, 0.100, 0.100, 0.100, 0.100, 0.100, 0.100, 0.100, 0.100]
    Layer 33: sigma=[0.100, 0.100, 0.100, 0.100, 0.100, 0.100, 0.100, 0.100, 0.100, 0.100, 0.100, 0.100, 0.100, 0.100, 0.100, 0.100, 0.100, 0.100, 0.100, 0.100, 0.100, 0.100, 0.100, 0.100, 0.100, 0.100, 0.100, 0.100, 0.100, 0.100, 0.100, 0.100]
    Layer 34: sigma=[0.100, 0.100, 0.100, 0.100, 0.100, 0.100, 0.100, 0.100, 0.100, 0.100, 0.100, 0.145, 0.100, 0.100, 0.100, 0.100, 0.101, 0.100, 0.100, 0.100, 0.100, 0.100, 0.100, 0.100, 0.100, 0.100, 0.100, 0.100, 0.100, 0.100, 0.100, 0.100]
    Layer 35: sigma=[0.100, 0.100, 0.100, 0.100, 0.100, 0.100, 0.100, 0.100, 0.100, 0.100, 0.100, 0.100, 0.100, 0.100, 0.100, 0.100, 0.100, 0.100, 0.100, 0.100, 0.100, 0.100, 0.139, 0.100, 0.100, 0.100, 0.100, 0.100, 0.100, 0.100, 0.100, 0.100]

  [Taylor Step 3/3] g_proj = v_proj * alpha (damping=0.01)...
    Layer  0: alpha=0.060285  teacher_rms=0.0163  v_rms=0.0027
    Layer  1: alpha=0.060917  teacher_rms=0.0205  v_rms=0.0034
    Layer  2: alpha=0.056940  teacher_rms=0.0214  v_rms=0.0038
    Layer  3: alpha=0.048519  teacher_rms=0.0259  v_rms=0.0053
    Layer  4: alpha=0.047175  teacher_rms=0.0304  v_rms=0.0065
    Layer  5: alpha=0.061864  teacher_rms=0.0409  v_rms=0.0066
    Layer  6: alpha=0.078527  teacher_rms=0.0621  v_rms=0.0079
    Layer  7: alpha=0.045913  teacher_rms=0.0530  v_rms=0.0115
    Layer  8: alpha=0.047406  teacher_rms=0.0708  v_rms=0.0149
    Layer  9: alpha=0.036177  teacher_rms=0.0713  v_rms=0.0197
    Layer 10: alpha=0.051084  teacher_rms=0.1092  v_rms=0.0214
    Layer 11: alpha=0.062449  teacher_rms=0.1046  v_rms=0.0167
    Layer 12: alpha=0.060778  teacher_rms=0.1207  v_rms=0.0199
    Layer 13: alpha=0.054177  teacher_rms=0.1040  v_rms=0.0192
    Layer 14: alpha=0.062667  teacher_rms=0.1547  v_rms=0.0247
    Layer 15: alpha=0.057509  teacher_rms=0.1576  v_rms=0.0274
    Layer 16: alpha=0.042418  teacher_rms=0.1473  v_rms=0.0347
    Layer 17: alpha=0.044028  teacher_rms=0.1753  v_rms=0.0398
    Layer 18: alpha=0.043017  teacher_rms=0.1990  v_rms=0.0463
    Layer 19: alpha=0.053028  teacher_rms=0.2060  v_rms=0.0389
    Layer 20: alpha=0.057355  teacher_rms=0.1966  v_rms=0.0343
    Layer 21: alpha=0.051997  teacher_rms=0.2373  v_rms=0.0456
    Layer 22: alpha=0.055377  teacher_rms=0.2834  v_rms=0.0512
    Layer 23: alpha=0.050406  teacher_rms=0.3098  v_rms=0.0615
    Layer 24: alpha=0.034087  teacher_rms=0.2897  v_rms=0.0850
    Layer 25: alpha=0.040058  teacher_rms=0.2376  v_rms=0.0593
    Layer 26: alpha=0.029256  teacher_rms=0.2124  v_rms=0.0726
    Layer 28: alpha=0.042185  teacher_rms=0.3705  v_rms=0.0878
    Layer 29: alpha=0.017344  teacher_rms=0.2548  v_rms=0.1469
    Layer 30: alpha=0.027611  teacher_rms=0.4297  v_rms=0.1556
    Layer 31: alpha=0.021180  teacher_rms=0.3785  v_rms=0.1787
    Layer 32: alpha=0.023899  teacher_rms=0.5288  v_rms=0.2213
    Layer 33: alpha=0.018560  teacher_rms=0.6404  v_rms=0.3451
    Layer 34: alpha=0.032915  teacher_rms=1.0325  v_rms=0.3137
    Layer 35: alpha=0.059475  teacher_rms=1.0168  v_rms=0.1710

  Set g_proj = v_proj * alpha in 35 GDN layers (damping=0.01).
  Init (taylor_init) done in 335.5s
  Layer 27: PPL = 1684015.75  (eval 17.0s)

============================================================
  Probing layer 28 | strategy=taylor_init
============================================================
Loading checkpoint shards:   0%|          | 0/4 [00:00<?, ?it/s]Loading checkpoint shards: 100%|██████████| 4/4 [00:00<00:00, 144.21it/s]
Could not cache non-existence of file. Will ignore error and continue. Error: [Errno 13] Permission denied: '/data/shared/huggingface/hub/models--Qwen--Qwen3-8B/.no_exist/b968826d9c46dd6066d109eabc6255188de91218/model.safetensors'
Loading checkpoint shards:   0%|          | 0/5 [00:00<?, ?it/s]Loading checkpoint shards: 100%|██████████| 5/5 [00:00<00:00, 190.58it/s]
Token indices sequence length is longer than the specified maximum sequence length for this model (2429029 > 131072). Running this sequence through the model will result in indexing errors
  [Taylor Step 1/3] Gate calibration from attention stats...
    Layer  0: dist=[32, 3, 12, 35, 12, 26, 9, 11, 19, 6, 8, 9, 18, 34, 31, 10, 16, 19, 16, 14, 13, 23, 4, 12, 5, 52, 10, 43, 15, 36, 15, 14]
    Layer  1: dist=[19, 38, 25, 44, 3, 15, 31, 11, 45, 36, 65, 60, 34, 47, 51, 38, 32, 54, 57, 33, 56, 24, 40, 40, 37, 9, 44, 41, 83, 31, 37, 49]
    Layer  2: dist=[65, 65, 67, 62, 26, 45, 33, 43, 39, 47, 56, 56, 53, 46, 46, 60, 61, 49, 54, 43, 49, 67, 48, 50, 25, 24, 21, 35, 73, 73, 77, 74]
    Layer  3: dist=[65, 26, 13, 22, 87, 93, 83, 73, 56, 53, 62, 58, 90, 73, 75, 74, 59, 62, 51, 67, 74, 60, 64, 65, 64, 56, 52, 59, 70, 63, 72, 65]
    Layer  4: dist=[62, 63, 73, 67, 73, 56, 61, 89, 68, 69, 63, 60, 55, 55, 71, 61, 62, 65, 67, 70, 64, 61, 47, 64, 41, 51, 48, 34, 51, 66, 55, 55]
    Layer  5: dist=[36, 48, 55, 35, 61, 68, 52, 51, 5, 18, 73, 61, 54, 78, 59, 52, 41, 32, 50, 48, 51, 55, 48, 59, 73, 73, 80, 80, 43, 44, 46, 58]
    Layer  6: dist=[27, 40, 30, 31, 52, 46, 67, 61, 46, 25, 43, 38, 56, 64, 56, 30, 47, 34, 45, 40, 20, 30, 32, 14, 35, 50, 32, 49, 47, 43, 37, 53]
    Layer  7: dist=[55, 60, 64, 87, 126, 114, 127, 121, 88, 119, 99, 72, 108, 23, 53, 97, 80, 101, 85, 81, 106, 86, 112, 116, 64, 78, 47, 86, 97, 101, 101, 106]
    Layer  8: dist=[83, 87, 90, 58, 81, 77, 69, 78, 86, 99, 87, 90, 94, 86, 96, 70, 116, 107, 103, 96, 92, 106, 100, 111, 92, 72, 95, 67, 84, 72, 79, 74]
    Layer  9: dist=[76, 60, 61, 67, 83, 97, 96, 74, 123, 120, 118, 112, 27, 87, 63, 85, 93, 100, 114, 125, 87, 77, 60, 70, 119, 81, 91, 97, 125, 113, 127, 123]
    Layer 10: dist=[76, 71, 58, 74, 85, 102, 64, 74, 63, 88, 106, 49, 88, 67, 82, 86, 87, 102, 100, 107, 88, 60, 107, 90, 93, 107, 84, 77, 76, 65, 82, 90]
    Layer 11: dist=[78, 65, 79, 48, 53, 61, 78, 77, 102, 123, 109, 93, 82, 64, 65, 69, 69, 63, 61, 51, 77, 107, 89, 87, 67, 59, 56, 54, 95, 55, 55, 94]
    Layer 12: dist=[21, 72, 79, 61, 87, 83, 66, 70, 63, 62, 74, 77, 86, 81, 82, 87, 39, 68, 59, 94, 102, 112, 97, 103, 93, 2, 107, 38, 81, 88, 113, 91]
    Layer 13: dist=[52, 68, 66, 62, 52, 51, 65, 40, 86, 63, 99, 122, 128, 115, 109, 124, 85, 72, 57, 61, 93, 55, 83, 90, 84, 59, 72, 76, 113, 111, 96, 99]
    Layer 14: dist=[44, 64, 65, 46, 62, 45, 64, 65, 54, 57, 70, 68, 69, 76, 65, 67, 77, 86, 51, 64, 65, 31, 51, 81, 52, 67, 73, 64, 85, 88, 8, 89]
    Layer 15: dist=[80, 44, 79, 38, 37, 38, 79, 67, 90, 60, 46, 104, 68, 107, 79, 89, 61, 57, 64, 68, 58, 60, 50, 51, 49, 34, 86, 62, 72, 84, 71, 49]
    Layer 16: dist=[61, 57, 74, 85, 55, 58, 48, 55, 54, 82, 73, 84, 90, 69, 86, 86, 68, 71, 60, 62, 115, 118, 110, 103, 71, 54, 64, 10, 58, 59, 65, 56]
    Layer 17: dist=[111, 95, 79, 67, 53, 57, 39, 47, 90, 108, 79, 100, 40, 57, 71, 74, 44, 61, 61, 42, 75, 98, 93, 97, 58, 55, 57, 52, 53, 79, 93, 67]
    Layer 18: dist=[34, 45, 35, 33, 56, 78, 74, 57, 64, 67, 66, 79, 61, 60, 57, 62, 46, 74, 72, 52, 68, 47, 65, 96, 58, 62, 61, 63, 52, 53, 79, 56]
    Layer 19: dist=[73, 64, 63, 62, 76, 103, 54, 71, 81, 85, 84, 93, 63, 57, 75, 63, 84, 85, 49, 49, 21, 50, 33, 49, 102, 106, 102, 116, 77, 77, 73, 72]
    Layer 20: dist=[89, 79, 80, 77, 78, 51, 49, 57, 40, 36, 43, 39, 92, 79, 87, 96, 45, 51, 56, 39, 73, 111, 101, 98, 125, 97, 105, 85, 93, 79, 108, 108]
    Layer 21: dist=[44, 50, 56, 68, 115, 65, 96, 118, 118, 61, 71, 69, 46, 41, 44, 42, 75, 75, 83, 65, 89, 99, 95, 96, 64, 62, 60, 80, 73, 79, 60, 88]
    Layer 22: dist=[73, 60, 67, 63, 52, 72, 45, 56, 37, 49, 45, 59, 18, 86, 61, 64, 33, 79, 76, 41, 102, 115, 120, 121, 101, 84, 91, 95, 114, 92, 103, 95]
    Layer 23: dist=[39, 30, 48, 39, 110, 111, 41, 102, 79, 36, 45, 63, 75, 72, 79, 77, 82, 75, 74, 94, 72, 93, 82, 76, 78, 72, 68, 100, 91, 90, 83, 78]
    Layer 24: dist=[79, 124, 109, 101, 99, 109, 111, 97, 102, 105, 104, 84, 78, 75, 89, 74, 81, 86, 98, 88, 120, 103, 102, 117, 65, 73, 79, 51, 95, 111, 98, 88]
    Layer 25: dist=[105, 121, 118, 94, 71, 72, 107, 80, 96, 97, 85, 90, 65, 89, 50, 68, 93, 99, 97, 89, 102, 111, 105, 108, 110, 110, 99, 108, 88, 125, 98, 88]
    Layer 26: dist=[80, 88, 106, 68, 115, 113, 113, 110, 102, 107, 105, 98, 100, 124, 116, 116, 86, 93, 99, 95, 102, 113, 122, 114, 99, 97, 102, 93, 115, 96, 114, 95]
    Layer 27: dist=[87, 108, 103, 117, 98, 105, 101, 86, 77, 100, 107, 99, 78, 109, 80, 86, 96, 99, 99, 104, 91, 112, 113, 92, 110, 113, 116, 117, 107, 77, 92, 117]
    Layer 29: dist=[113, 114, 114, 113, 90, 112, 94, 114, 119, 113, 122, 105, 120, 120, 119, 120, 116, 106, 115, 121, 123, 123, 107, 125, 100, 114, 97, 92, 106, 95, 106, 109]
    Layer 30: dist=[75, 102, 99, 100, 102, 100, 90, 67, 117, 117, 115, 120, 105, 104, 113, 101, 97, 78, 120, 122, 51, 120, 100, 110, 119, 119, 119, 118, 106, 110, 107, 102]
    Layer 31: dist=[119, 117, 99, 98, 112, 113, 114, 116, 114, 77, 87, 91, 117, 116, 117, 115, 101, 101, 106, 94, 119, 116, 108, 119, 112, 109, 89, 120, 112, 106, 102, 110]
    Layer 32: dist=[110, 114, 114, 111, 116, 119, 116, 117, 110, 111, 117, 115, 93, 113, 108, 91, 118, 106, 109, 111, 123, 92, 114, 120, 71, 95, 80, 105, 116, 107, 99, 103]
    Layer 33: dist=[102, 120, 112, 119, 91, 102, 57, 94, 116, 116, 113, 113, 114, 115, 113, 116, 114, 117, 106, 109, 112, 96, 110, 113, 111, 119, 122, 118, 110, 111, 107, 104]
    Layer 34: dist=[110, 109, 112, 113, 105, 111, 108, 102, 53, 93, 114, 86, 117, 115, 120, 81, 82, 89, 126, 55, 119, 51, 118, 119, 122, 122, 125, 122, 54, 62, 68, 109]
    Layer 35: dist=[105, 123, 71, 97, 82, 36, 112, 100, 85, 94, 112, 96, 63, 28, 49, 40, 98, 74, 84, 48, 90, 102, 55, 54, 66, 49, 68, 72, 73, 115, 122, 117]

  [Taylor Step 2/3] OLS sigma per head (scaling V, streaming)...
    Layer  0: sigma=[0.615, 0.100, 0.100, 0.100, 0.333, 0.381, 0.100, 0.100, 0.100, 0.148, 0.100, 0.100, 0.100, 0.100, 0.100, 0.260, 0.100, 0.100, 0.100, 0.100, 0.100, 0.100, 0.100, 0.100, 0.100, 0.100, 0.352, 0.100, 0.100, 0.100, 0.161, 0.100]
    Layer  1: sigma=[0.351, 0.100, 0.100, 0.100, 0.100, 0.100, 0.100, 0.100, 0.100, 0.165, 0.246, 0.100, 0.100, 0.100, 0.100, 0.100, 0.100, 0.100, 0.100, 0.100, 0.100, 0.100, 0.100, 0.115, 0.100, 0.100, 0.115, 0.100, 0.100, 0.100, 0.100, 0.100]
    Layer  2: sigma=[0.100, 0.100, 0.100, 0.100, 0.100, 0.100, 0.100, 0.100, 0.109, 0.100, 0.100, 0.100, 0.100, 0.146, 0.100, 0.100, 0.100, 0.220, 0.100, 0.100, 0.100, 0.100, 0.100, 0.100, 0.100, 0.171, 0.100, 0.100, 0.100, 0.100, 0.100, 0.100]
    Layer  3: sigma=[0.100, 0.329, 0.100, 0.156, 0.100, 0.100, 0.100, 0.100, 0.100, 0.100, 0.100, 0.100, 0.100, 0.100, 0.100, 0.100, 0.100, 0.100, 0.100, 0.100, 0.100, 0.108, 0.100, 0.100, 0.100, 0.100, 0.100, 0.100, 0.100, 0.100, 0.100, 0.100]
    Layer  4: sigma=[0.100, 0.100, 0.100, 0.100, 0.100, 0.100, 0.100, 0.100, 0.100, 0.100, 0.100, 0.100, 0.100, 0.100, 0.100, 0.100, 0.100, 0.100, 0.100, 0.100, 0.131, 0.138, 0.317, 0.100, 0.100, 0.100, 0.100, 0.100, 0.100, 0.100, 0.100, 0.100]
    Layer  5: sigma=[0.100, 0.100, 0.100, 0.100, 0.100, 0.100, 0.100, 0.100, 0.100, 0.146, 0.100, 0.111, 0.100, 0.100, 0.100, 0.123, 0.100, 0.183, 0.100, 0.100, 0.100, 0.100, 0.100, 0.100, 0.100, 0.100, 0.100, 0.100, 0.100, 0.100, 0.100, 0.100]
    Layer  6: sigma=[0.100, 0.100, 0.100, 0.100, 0.100, 0.100, 0.100, 0.100, 0.100, 0.100, 0.100, 0.100, 0.100, 0.100, 0.100, 0.100, 0.100, 0.100, 0.100, 0.100, 0.159, 0.100, 0.100, 0.100, 0.100, 0.100, 0.100, 0.100, 0.100, 0.100, 0.100, 0.100]
    Layer  7: sigma=[0.100, 0.143, 0.100, 0.100, 0.125, 0.100, 0.100, 0.100, 0.100, 0.100, 0.100, 0.104, 0.100, 0.100, 0.100, 0.100, 0.100, 0.100, 0.100, 0.100, 0.100, 0.100, 0.100, 0.100, 0.100, 0.100, 0.100, 0.100, 0.100, 0.100, 0.100, 0.100]
    Layer  8: sigma=[0.100, 0.100, 0.100, 0.100, 0.100, 0.100, 0.100, 0.100, 0.100, 0.100, 0.100, 0.100, 0.100, 0.100, 0.100, 0.100, 0.100, 0.100, 0.100, 0.100, 0.100, 0.100, 0.100, 0.100, 0.100, 0.100, 0.100, 0.188, 0.100, 0.100, 0.100, 0.100]
    Layer  9: sigma=[0.100, 0.100, 0.100, 0.100, 0.100, 0.100, 0.100, 0.100, 0.100, 0.100, 0.100, 0.100, 0.100, 0.100, 0.537, 0.135, 0.100, 0.100, 0.100, 0.100, 0.100, 0.100, 0.100, 0.100, 0.100, 0.100, 0.100, 0.100, 0.100, 0.100, 0.100, 0.100]
    Layer 10: sigma=[0.100, 0.100, 0.100, 0.100, 0.100, 0.100, 0.100, 0.100, 0.100, 0.100, 0.100, 0.100, 0.100, 0.100, 0.100, 0.100, 0.100, 0.100, 0.100, 0.100, 0.100, 0.100, 0.100, 0.100, 0.100, 0.100, 0.100, 0.100, 0.100, 0.100, 0.100, 0.100]
    Layer 11: sigma=[0.100, 0.100, 0.100, 0.100, 0.136, 0.100, 0.100, 0.100, 0.100, 0.106, 0.100, 0.100, 0.100, 0.100, 0.259, 0.100, 0.100, 0.100, 0.100, 0.100, 0.100, 0.100, 0.100, 0.100, 0.100, 0.100, 0.157, 0.100, 0.100, 0.100, 0.100, 0.100]
    Layer 12: sigma=[0.100, 0.100, 0.100, 0.100, 0.100, 0.100, 0.100, 0.100, 0.100, 0.103, 0.100, 0.108, 0.100, 0.100, 0.100, 0.100, 0.100, 0.308, 0.162, 0.100, 0.100, 0.100, 0.100, 0.100, 0.100, 0.100, 0.100, 0.218, 0.100, 0.100, 0.110, 0.100]
    Layer 13: sigma=[0.218, 0.100, 0.100, 0.343, 0.100, 0.100, 0.100, 0.100, 0.100, 0.100, 0.100, 0.100, 0.100, 0.100, 0.100, 0.100, 0.100, 0.100, 0.100, 0.107, 0.100, 0.100, 0.100, 0.100, 0.100, 0.100, 0.100, 0.100, 0.100, 0.100, 0.100, 0.100]
    Layer 14: sigma=[0.100, 0.100, 0.100, 0.100, 0.100, 0.436, 0.100, 0.100, 0.100, 0.100, 0.100, 0.100, 0.100, 0.100, 0.100, 0.100, 0.100, 0.100, 0.100, 0.100, 0.100, 0.100, 0.100, 0.100, 0.106, 0.115, 0.100, 0.100, 0.100, 0.100, 0.100, 0.100]
    Layer 15: sigma=[0.100, 0.190, 0.100, 0.100, 0.100, 0.108, 0.100, 0.100, 0.100, 0.100, 0.100, 0.100, 0.204, 0.100, 0.100, 0.100, 0.100, 0.100, 0.100, 0.100, 0.100, 0.100, 0.100, 0.100, 0.162, 0.100, 0.100, 0.100, 0.100, 0.100, 0.100, 0.100]
    Layer 16: sigma=[0.100, 0.100, 0.100, 0.100, 0.100, 0.100, 0.100, 0.100, 0.100, 0.100, 0.100, 0.100, 0.100, 0.100, 0.100, 0.100, 0.100, 0.100, 0.100, 0.100, 0.100, 0.100, 0.100, 0.100, 0.100, 0.100, 0.100, 0.452, 0.100, 0.100, 0.100, 0.100]
    Layer 17: sigma=[0.100, 0.100, 0.100, 0.100, 0.100, 0.140, 0.100, 0.100, 0.100, 0.100, 0.100, 0.100, 0.100, 0.100, 0.100, 0.100, 0.136, 0.116, 0.100, 0.415, 0.100, 0.100, 0.100, 0.104, 0.117, 0.100, 0.403, 0.100, 0.100, 0.100, 0.100, 0.100]
    Layer 18: sigma=[0.100, 0.432, 0.100, 0.100, 0.100, 0.100, 0.100, 0.201, 0.100, 0.100, 0.100, 0.100, 0.100, 0.100, 0.100, 0.100, 0.205, 0.100, 0.100, 0.100, 0.100, 0.100, 0.100, 0.100, 0.100, 0.100, 0.100, 0.100, 0.100, 0.100, 0.100, 0.100]
    Layer 19: sigma=[0.100, 0.100, 0.100, 0.100, 0.100, 0.100, 0.100, 0.100, 0.100, 0.100, 0.100, 0.100, 0.129, 0.100, 0.100, 0.213, 0.100, 0.100, 0.100, 0.322, 0.100, 0.100, 0.100, 0.101, 0.100, 0.100, 0.100, 0.100, 0.100, 0.100, 0.100, 0.100]
    Layer 20: sigma=[0.100, 0.100, 0.100, 0.100, 0.100, 0.173, 0.100, 0.100, 0.155, 0.104, 0.100, 0.100, 0.100, 0.100, 0.100, 0.122, 0.100, 0.106, 0.100, 0.100, 0.100, 0.100, 0.100, 0.100, 0.100, 0.100, 0.100, 0.100, 0.100, 0.100, 0.100, 0.100]
    Layer 21: sigma=[0.100, 0.132, 0.100, 0.100, 0.100, 0.100, 0.100, 0.100, 0.100, 0.153, 0.100, 0.293, 0.100, 0.100, 0.108, 0.100, 0.100, 0.100, 0.100, 0.100, 0.100, 0.101, 0.100, 0.100, 0.170, 0.100, 0.100, 0.100, 0.100, 0.100, 0.247, 0.100]
    Layer 22: sigma=[0.179, 0.100, 0.100, 0.100, 0.124, 0.143, 0.100, 0.159, 0.102, 0.100, 0.100, 0.100, 0.100, 0.100, 0.100, 0.100, 0.100, 0.100, 0.100, 0.100, 0.100, 0.100, 0.100, 0.100, 0.100, 0.100, 0.100, 0.100, 0.100, 0.100, 0.100, 0.100]
    Layer 23: sigma=[0.177, 0.299, 0.208, 0.100, 0.100, 0.100, 0.100, 0.100, 0.100, 0.250, 0.100, 0.100, 0.100, 0.100, 0.103, 0.100, 0.100, 0.100, 0.100, 0.100, 0.100, 0.100, 0.100, 0.100, 0.100, 0.100, 0.100, 0.100, 0.100, 0.100, 0.190, 0.264]
    Layer 24: sigma=[0.100, 0.100, 0.100, 0.100, 0.100, 0.100, 0.100, 0.100, 0.100, 0.100, 0.100, 0.100, 0.100, 0.100, 0.100, 0.182, 0.100, 0.100, 0.100, 0.100, 0.100, 0.100, 0.100, 0.100, 0.213, 0.380, 0.100, 0.354, 0.100, 0.100, 0.100, 0.100]
    Layer 25: sigma=[0.100, 0.100, 0.100, 0.100, 0.100, 0.100, 0.100, 0.100, 0.100, 0.100, 0.100, 0.100, 0.100, 0.100, 0.100, 0.100, 0.100, 0.100, 0.100, 0.100, 0.100, 0.100, 0.100, 0.100, 0.100, 0.100, 0.100, 0.100, 0.100, 0.100, 0.100, 0.100]
    Layer 26: sigma=[0.109, 0.100, 0.100, 0.100, 0.100, 0.100, 0.100, 0.100, 0.100, 0.100, 0.100, 0.100, 0.100, 0.100, 0.100, 0.100, 0.100, 0.100, 0.100, 0.100, 0.100, 0.100, 0.100, 0.100, 0.100, 0.100, 0.100, 0.100, 0.100, 0.100, 0.100, 0.100]
    Layer 27: sigma=[0.100, 0.100, 0.100, 0.100, 0.100, 0.100, 0.100, 0.100, 0.100, 0.100, 0.100, 0.100, 0.100, 0.100, 0.100, 0.100, 0.100, 0.100, 0.100, 0.100, 0.100, 0.100, 0.100, 0.100, 0.100, 0.100, 0.100, 0.100, 0.100, 0.100, 0.100, 0.100]
    Layer 29: sigma=[0.100, 0.100, 0.100, 0.100, 0.100, 0.100, 0.100, 0.100, 0.100, 0.100, 0.100, 0.100, 0.100, 0.100, 0.100, 0.100, 0.100, 0.100, 0.100, 0.100, 0.100, 0.100, 0.100, 0.100, 0.100, 0.100, 0.100, 0.100, 0.100, 0.100, 0.100, 0.100]
    Layer 30: sigma=[0.100, 0.100, 0.100, 0.100, 0.100, 0.100, 0.100, 0.100, 0.100, 0.100, 0.100, 0.100, 0.100, 0.100, 0.100, 0.100, 0.100, 0.100, 0.100, 0.100, 0.100, 0.100, 0.100, 0.100, 0.100, 0.100, 0.100, 0.100, 0.100, 0.100, 0.100, 0.100]
    Layer 31: sigma=[0.100, 0.100, 0.100, 0.100, 0.100, 0.100, 0.100, 0.100, 0.100, 0.100, 0.100, 0.100, 0.100, 0.100, 0.100, 0.100, 0.100, 0.100, 0.100, 0.113, 0.100, 0.100, 0.100, 0.100, 0.100, 0.100, 0.100, 0.100, 0.100, 0.100, 0.100, 0.100]
    Layer 32: sigma=[0.100, 0.100, 0.100, 0.100, 0.100, 0.100, 0.100, 0.100, 0.100, 0.100, 0.100, 0.100, 0.100, 0.100, 0.100, 0.100, 0.100, 0.100, 0.100, 0.100, 0.100, 0.100, 0.100, 0.100, 0.100, 0.100, 0.100, 0.100, 0.100, 0.100, 0.100, 0.100]
    Layer 33: sigma=[0.100, 0.100, 0.100, 0.100, 0.100, 0.100, 0.100, 0.100, 0.100, 0.100, 0.100, 0.100, 0.100, 0.100, 0.100, 0.100, 0.100, 0.100, 0.100, 0.100, 0.100, 0.100, 0.100, 0.100, 0.100, 0.100, 0.100, 0.100, 0.100, 0.100, 0.100, 0.100]
    Layer 34: sigma=[0.100, 0.100, 0.100, 0.100, 0.100, 0.100, 0.100, 0.100, 0.100, 0.100, 0.100, 0.184, 0.100, 0.100, 0.100, 0.100, 0.108, 0.100, 0.100, 0.128, 0.100, 0.100, 0.100, 0.100, 0.100, 0.100, 0.100, 0.100, 0.100, 0.100, 0.100, 0.100]
    Layer 35: sigma=[0.100, 0.100, 0.100, 0.100, 0.100, 0.100, 0.100, 0.100, 0.100, 0.100, 0.100, 0.100, 0.100, 0.100, 0.100, 0.100, 0.100, 0.100, 0.100, 0.100, 0.100, 0.100, 0.159, 0.100, 0.100, 0.100, 0.100, 0.100, 0.100, 0.100, 0.100, 0.100]

  [Taylor Step 3/3] g_proj = v_proj * alpha (damping=0.01)...
    Layer  0: alpha=0.060374  teacher_rms=0.0163  v_rms=0.0027
    Layer  1: alpha=0.060834  teacher_rms=0.0205  v_rms=0.0034
    Layer  2: alpha=0.057014  teacher_rms=0.0214  v_rms=0.0038
    Layer  3: alpha=0.048530  teacher_rms=0.0259  v_rms=0.0053
    Layer  4: alpha=0.047400  teacher_rms=0.0304  v_rms=0.0064
    Layer  5: alpha=0.061539  teacher_rms=0.0409  v_rms=0.0066
    Layer  6: alpha=0.078217  teacher_rms=0.0621  v_rms=0.0079
    Layer  7: alpha=0.046020  teacher_rms=0.0530  v_rms=0.0115
    Layer  8: alpha=0.047137  teacher_rms=0.0708  v_rms=0.0150
    Layer  9: alpha=0.036204  teacher_rms=0.0713  v_rms=0.0197
    Layer 10: alpha=0.051225  teacher_rms=0.1092  v_rms=0.0213
    Layer 11: alpha=0.062694  teacher_rms=0.1046  v_rms=0.0167
    Layer 12: alpha=0.060636  teacher_rms=0.1207  v_rms=0.0199
    Layer 13: alpha=0.052865  teacher_rms=0.1040  v_rms=0.0197
    Layer 14: alpha=0.062734  teacher_rms=0.1547  v_rms=0.0247
    Layer 15: alpha=0.057494  teacher_rms=0.1576  v_rms=0.0274
    Layer 16: alpha=0.041139  teacher_rms=0.1473  v_rms=0.0358
    Layer 17: alpha=0.044301  teacher_rms=0.1753  v_rms=0.0396
    Layer 18: alpha=0.046306  teacher_rms=0.1990  v_rms=0.0430
    Layer 19: alpha=0.053545  teacher_rms=0.2060  v_rms=0.0385
    Layer 20: alpha=0.057635  teacher_rms=0.1966  v_rms=0.0341
    Layer 21: alpha=0.051112  teacher_rms=0.2373  v_rms=0.0464
    Layer 22: alpha=0.057706  teacher_rms=0.2834  v_rms=0.0491
    Layer 23: alpha=0.048878  teacher_rms=0.3098  v_rms=0.0634
    Layer 24: alpha=0.033560  teacher_rms=0.2897  v_rms=0.0863
    Layer 25: alpha=0.040058  teacher_rms=0.2376  v_rms=0.0593
    Layer 26: alpha=0.029166  teacher_rms=0.2124  v_rms=0.0728
    Layer 27: alpha=0.037093  teacher_rms=0.3083  v_rms=0.0831
    Layer 29: alpha=0.017344  teacher_rms=0.2548  v_rms=0.1469
    Layer 30: alpha=0.029045  teacher_rms=0.4297  v_rms=0.1480
    Layer 31: alpha=0.021173  teacher_rms=0.3785  v_rms=0.1788
    Layer 32: alpha=0.023899  teacher_rms=0.5288  v_rms=0.2213
    Layer 33: alpha=0.018560  teacher_rms=0.6404  v_rms=0.3451
    Layer 34: alpha=0.032403  teacher_rms=1.0325  v_rms=0.3186
    Layer 35: alpha=0.059054  teacher_rms=1.0168  v_rms=0.1722

  Set g_proj = v_proj * alpha in 35 GDN layers (damping=0.01).
  Init (taylor_init) done in 331.1s
  Layer 28: PPL = 2217624.25  (eval 17.8s)

============================================================
  Probing layer 29 | strategy=taylor_init
============================================================
Loading checkpoint shards:   0%|          | 0/4 [00:00<?, ?it/s]Loading checkpoint shards: 100%|██████████| 4/4 [00:00<00:00, 147.06it/s]
Could not cache non-existence of file. Will ignore error and continue. Error: [Errno 13] Permission denied: '/data/shared/huggingface/hub/models--Qwen--Qwen3-8B/.no_exist/b968826d9c46dd6066d109eabc6255188de91218/model.safetensors'
Loading checkpoint shards:   0%|          | 0/5 [00:00<?, ?it/s]Loading checkpoint shards:  60%|██████    | 3/5 [00:00<00:00, 26.98it/s]Loading checkpoint shards: 100%|██████████| 5/5 [00:00<00:00, 33.90it/s]
Token indices sequence length is longer than the specified maximum sequence length for this model (2429029 > 131072). Running this sequence through the model will result in indexing errors
  [Taylor Step 1/3] Gate calibration from attention stats...
    Layer  0: dist=[32, 3, 12, 35, 12, 26, 9, 11, 19, 6, 8, 9, 18, 34, 31, 10, 16, 19, 16, 14, 13, 23, 4, 12, 5, 52, 10, 43, 15, 36, 15, 14]
    Layer  1: dist=[19, 38, 25, 44, 3, 15, 31, 11, 45, 36, 65, 60, 34, 47, 51, 38, 32, 54, 57, 33, 56, 24, 40, 40, 37, 9, 44, 41, 83, 31, 37, 49]
    Layer  2: dist=[65, 65, 67, 62, 26, 45, 33, 43, 39, 47, 56, 56, 53, 46, 46, 60, 61, 49, 54, 43, 49, 67, 48, 50, 25, 24, 21, 35, 73, 73, 77, 74]
    Layer  3: dist=[65, 26, 13, 22, 87, 93, 83, 73, 56, 53, 62, 58, 90, 73, 75, 74, 59, 62, 51, 67, 74, 60, 64, 65, 64, 56, 52, 59, 70, 63, 72, 65]
    Layer  4: dist=[62, 63, 73, 67, 73, 56, 61, 89, 68, 69, 63, 60, 55, 55, 71, 61, 62, 65, 67, 70, 64, 61, 47, 64, 41, 51, 48, 34, 51, 66, 55, 55]
    Layer  5: dist=[36, 48, 55, 35, 61, 68, 52, 51, 5, 18, 73, 61, 54, 78, 59, 52, 41, 32, 50, 48, 51, 55, 48, 59, 73, 73, 80, 80, 43, 44, 46, 58]
    Layer  6: dist=[27, 40, 30, 31, 52, 46, 67, 61, 46, 25, 43, 38, 56, 64, 56, 30, 47, 34, 45, 40, 20, 30, 32, 14, 35, 50, 32, 49, 47, 43, 37, 53]
    Layer  7: dist=[55, 60, 64, 87, 126, 114, 127, 121, 88, 119, 99, 72, 108, 23, 53, 97, 80, 101, 85, 81, 106, 86, 112, 116, 64, 78, 47, 86, 97, 101, 101, 106]
    Layer  8: dist=[83, 87, 90, 58, 81, 77, 69, 78, 86, 99, 87, 90, 94, 86, 96, 70, 116, 107, 103, 96, 92, 106, 100, 111, 92, 72, 95, 67, 84, 72, 79, 74]
    Layer  9: dist=[76, 60, 61, 67, 83, 97, 96, 74, 123, 120, 118, 112, 27, 87, 63, 85, 93, 100, 114, 125, 87, 77, 60, 70, 119, 81, 91, 97, 125, 113, 127, 123]
    Layer 10: dist=[76, 71, 58, 74, 85, 102, 64, 74, 63, 88, 106, 49, 88, 67, 82, 86, 87, 102, 100, 107, 88, 60, 107, 90, 93, 107, 84, 77, 76, 65, 82, 90]
    Layer 11: dist=[78, 65, 79, 48, 53, 61, 78, 77, 102, 123, 109, 93, 82, 64, 65, 69, 69, 63, 61, 51, 77, 107, 89, 87, 67, 59, 56, 54, 95, 55, 55, 94]
    Layer 12: dist=[21, 72, 79, 61, 87, 83, 66, 70, 63, 62, 74, 77, 86, 81, 82, 87, 39, 68, 59, 94, 102, 112, 97, 103, 93, 2, 107, 38, 81, 88, 113, 91]
    Layer 13: dist=[52, 68, 66, 62, 52, 51, 65, 40, 86, 63, 99, 122, 128, 115, 109, 124, 85, 72, 57, 61, 93, 55, 83, 90, 84, 59, 72, 76, 113, 111, 96, 99]
    Layer 14: dist=[44, 64, 65, 46, 62, 45, 64, 65, 54, 57, 70, 68, 69, 76, 65, 67, 77, 86, 51, 64, 65, 31, 51, 81, 52, 67, 73, 64, 85, 88, 8, 89]
    Layer 15: dist=[80, 44, 79, 38, 37, 38, 79, 67, 90, 60, 46, 104, 68, 107, 79, 89, 61, 57, 64, 68, 58, 60, 50, 51, 49, 34, 86, 62, 72, 84, 71, 49]
    Layer 16: dist=[61, 57, 74, 85, 55, 58, 48, 55, 54, 82, 73, 84, 90, 69, 86, 86, 68, 71, 60, 62, 115, 118, 110, 103, 71, 54, 64, 10, 58, 59, 65, 56]
    Layer 17: dist=[111, 95, 79, 67, 53, 57, 39, 47, 90, 108, 79, 100, 40, 57, 71, 74, 44, 61, 61, 42, 75, 98, 93, 97, 58, 55, 57, 52, 53, 79, 93, 67]
    Layer 18: dist=[34, 45, 35, 33, 56, 78, 74, 57, 64, 67, 66, 79, 61, 60, 57, 62, 46, 74, 72, 52, 68, 47, 65, 96, 58, 62, 61, 63, 52, 53, 79, 56]
    Layer 19: dist=[73, 64, 63, 62, 76, 103, 54, 71, 81, 85, 84, 93, 63, 57, 75, 63, 84, 85, 49, 49, 21, 50, 33, 49, 102, 106, 102, 116, 77, 77, 73, 72]
    Layer 20: dist=[89, 79, 80, 77, 78, 51, 49, 57, 40, 36, 43, 39, 92, 79, 87, 96, 45, 51, 56, 39, 73, 111, 101, 98, 125, 97, 105, 85, 93, 79, 108, 108]
    Layer 21: dist=[44, 50, 56, 68, 115, 65, 96, 118, 118, 61, 71, 69, 46, 41, 44, 42, 75, 75, 83, 65, 89, 99, 95, 96, 64, 62, 60, 80, 73, 79, 60, 88]
    Layer 22: dist=[73, 60, 67, 63, 52, 72, 45, 56, 37, 49, 45, 59, 18, 86, 61, 64, 33, 79, 76, 41, 102, 115, 120, 121, 101, 84, 91, 95, 114, 92, 103, 95]
    Layer 23: dist=[39, 30, 48, 39, 110, 111, 41, 102, 79, 36, 45, 63, 75, 72, 79, 77, 82, 75, 74, 94, 72, 93, 82, 76, 78, 72, 68, 100, 91, 90, 83, 78]
    Layer 24: dist=[79, 124, 109, 101, 99, 109, 111, 97, 102, 105, 104, 84, 78, 75, 89, 74, 81, 86, 98, 88, 120, 103, 102, 117, 65, 73, 79, 51, 95, 111, 98, 88]
    Layer 25: dist=[105, 121, 118, 94, 71, 72, 107, 80, 96, 97, 85, 90, 65, 89, 50, 68, 93, 99, 97, 89, 102, 111, 105, 108, 110, 110, 99, 108, 88, 125, 98, 88]
    Layer 26: dist=[80, 88, 106, 68, 115, 113, 113, 110, 102, 107, 105, 98, 100, 124, 116, 116, 86, 93, 99, 95, 102, 113, 122, 114, 99, 97, 102, 93, 115, 96, 114, 95]
    Layer 27: dist=[87, 108, 103, 117, 98, 105, 101, 86, 77, 100, 107, 99, 78, 109, 80, 86, 96, 99, 99, 104, 91, 112, 113, 92, 110, 113, 116, 117, 107, 77, 92, 117]
    Layer 28: dist=[103, 92, 102, 102, 82, 63, 80, 76, 96, 107, 92, 89, 112, 105, 96, 101, 112, 104, 104, 108, 119, 71, 60, 89, 91, 88, 99, 99, 92, 92, 71, 95]
    Layer 30: dist=[75, 102, 99, 100, 102, 100, 90, 67, 117, 117, 115, 120, 105, 104, 113, 101, 97, 78, 120, 122, 51, 120, 100, 110, 119, 119, 119, 118, 106, 110, 107, 102]
    Layer 31: dist=[119, 117, 99, 98, 112, 113, 114, 116, 114, 77, 87, 91, 117, 116, 117, 115, 101, 101, 106, 94, 119, 116, 108, 119, 112, 109, 89, 120, 112, 106, 102, 110]
    Layer 32: dist=[110, 114, 114, 111, 116, 119, 116, 117, 110, 111, 117, 115, 93, 113, 108, 91, 118, 106, 109, 111, 123, 92, 114, 120, 71, 95, 80, 105, 116, 107, 99, 103]
    Layer 33: dist=[102, 120, 112, 119, 91, 102, 57, 94, 116, 116, 113, 113, 114, 115, 113, 116, 114, 117, 106, 109, 112, 96, 110, 113, 111, 119, 122, 118, 110, 111, 107, 104]
    Layer 34: dist=[110, 109, 112, 113, 105, 111, 108, 102, 53, 93, 114, 86, 117, 115, 120, 81, 82, 89, 126, 55, 119, 51, 118, 119, 122, 122, 125, 122, 54, 62, 68, 109]
    Layer 35: dist=[105, 123, 71, 97, 82, 36, 112, 100, 85, 94, 112, 96, 63, 28, 49, 40, 98, 74, 84, 48, 90, 102, 55, 54, 66, 49, 68, 72, 73, 115, 122, 117]

  [Taylor Step 2/3] OLS sigma per head (scaling V, streaming)...
    Layer  0: sigma=[0.615, 0.100, 0.100, 0.100, 0.333, 0.379, 0.100, 0.100, 0.100, 0.147, 0.100, 0.100, 0.100, 0.100, 0.100, 0.259, 0.100, 0.100, 0.100, 0.100, 0.100, 0.100, 0.100, 0.100, 0.100, 0.100, 0.352, 0.100, 0.100, 0.100, 0.161, 0.100]
    Layer  1: sigma=[0.350, 0.100, 0.100, 0.100, 0.100, 0.100, 0.100, 0.100, 0.100, 0.166, 0.246, 0.100, 0.100, 0.100, 0.100, 0.100, 0.100, 0.100, 0.100, 0.100, 0.100, 0.100, 0.100, 0.115, 0.100, 0.100, 0.113, 0.100, 0.100, 0.100, 0.100, 0.100]
    Layer  2: sigma=[0.100, 0.100, 0.100, 0.100, 0.100, 0.100, 0.100, 0.100, 0.109, 0.101, 0.100, 0.100, 0.100, 0.145, 0.100, 0.100, 0.100, 0.220, 0.100, 0.100, 0.100, 0.100, 0.100, 0.100, 0.100, 0.171, 0.100, 0.100, 0.100, 0.100, 0.100, 0.100]
    Layer  3: sigma=[0.100, 0.328, 0.100, 0.157, 0.100, 0.100, 0.100, 0.100, 0.100, 0.100, 0.100, 0.100, 0.100, 0.100, 0.100, 0.100, 0.100, 0.100, 0.100, 0.100, 0.100, 0.110, 0.100, 0.100, 0.100, 0.100, 0.100, 0.100, 0.100, 0.100, 0.100, 0.100]
    Layer  4: sigma=[0.100, 0.100, 0.100, 0.100, 0.100, 0.100, 0.100, 0.100, 0.100, 0.100, 0.100, 0.100, 0.100, 0.100, 0.100, 0.100, 0.100, 0.100, 0.100, 0.100, 0.133, 0.138, 0.313, 0.100, 0.100, 0.100, 0.100, 0.100, 0.100, 0.100, 0.100, 0.100]
    Layer  5: sigma=[0.100, 0.100, 0.100, 0.100, 0.100, 0.100, 0.100, 0.100, 0.100, 0.134, 0.100, 0.111, 0.100, 0.100, 0.100, 0.122, 0.100, 0.173, 0.100, 0.100, 0.100, 0.100, 0.100, 0.100, 0.100, 0.100, 0.100, 0.100, 0.100, 0.100, 0.100, 0.100]
    Layer  6: sigma=[0.100, 0.100, 0.100, 0.100, 0.100, 0.100, 0.100, 0.100, 0.100, 0.100, 0.100, 0.100, 0.100, 0.100, 0.100, 0.100, 0.100, 0.100, 0.100, 0.100, 0.160, 0.100, 0.100, 0.100, 0.100, 0.100, 0.100, 0.100, 0.100, 0.100, 0.100, 0.100]
    Layer  7: sigma=[0.100, 0.159, 0.100, 0.100, 0.111, 0.100, 0.100, 0.100, 0.100, 0.100, 0.100, 0.101, 0.100, 0.100, 0.100, 0.100, 0.100, 0.100, 0.100, 0.100, 0.100, 0.100, 0.100, 0.100, 0.100, 0.100, 0.100, 0.100, 0.100, 0.100, 0.100, 0.100]
    Layer  8: sigma=[0.100, 0.100, 0.100, 0.100, 0.100, 0.100, 0.100, 0.100, 0.100, 0.100, 0.100, 0.100, 0.100, 0.100, 0.100, 0.100, 0.100, 0.100, 0.100, 0.100, 0.100, 0.100, 0.100, 0.100, 0.100, 0.100, 0.100, 0.164, 0.100, 0.100, 0.100, 0.100]
    Layer  9: sigma=[0.100, 0.100, 0.100, 0.100, 0.100, 0.100, 0.100, 0.100, 0.100, 0.100, 0.100, 0.100, 0.100, 0.100, 0.620, 0.130, 0.100, 0.100, 0.100, 0.100, 0.100, 0.100, 0.100, 0.100, 0.100, 0.100, 0.100, 0.100, 0.100, 0.100, 0.100, 0.100]
    Layer 10: sigma=[0.100, 0.100, 0.100, 0.100, 0.100, 0.100, 0.100, 0.100, 0.100, 0.100, 0.100, 0.100, 0.100, 0.100, 0.100, 0.100, 0.100, 0.100, 0.100, 0.100, 0.100, 0.100, 0.100, 0.100, 0.100, 0.100, 0.100, 0.100, 0.100, 0.100, 0.100, 0.100]
    Layer 11: sigma=[0.100, 0.100, 0.100, 0.100, 0.134, 0.100, 0.100, 0.100, 0.100, 0.110, 0.100, 0.100, 0.100, 0.100, 0.239, 0.100, 0.100, 0.100, 0.100, 0.100, 0.100, 0.100, 0.100, 0.100, 0.100, 0.100, 0.162, 0.100, 0.100, 0.100, 0.100, 0.100]
    Layer 12: sigma=[0.100, 0.100, 0.100, 0.100, 0.100, 0.100, 0.100, 0.100, 0.100, 0.102, 0.100, 0.108, 0.100, 0.100, 0.100, 0.100, 0.100, 0.319, 0.210, 0.100, 0.100, 0.100, 0.100, 0.100, 0.100, 0.100, 0.100, 0.208, 0.100, 0.100, 0.117, 0.100]
    Layer 13: sigma=[0.220, 0.100, 0.100, 0.343, 0.100, 0.100, 0.100, 0.100, 0.100, 0.100, 0.100, 0.100, 0.100, 0.100, 0.100, 0.100, 0.100, 0.100, 0.100, 0.114, 0.100, 0.100, 0.100, 0.100, 0.100, 0.100, 0.100, 0.100, 0.100, 0.100, 0.100, 0.100]
    Layer 14: sigma=[0.100, 0.100, 0.100, 0.100, 0.100, 0.393, 0.100, 0.100, 0.100, 0.100, 0.100, 0.100, 0.100, 0.100, 0.100, 0.100, 0.100, 0.100, 0.100, 0.100, 0.100, 0.100, 0.100, 0.100, 0.126, 0.115, 0.100, 0.100, 0.100, 0.100, 0.100, 0.100]
    Layer 15: sigma=[0.100, 0.188, 0.100, 0.100, 0.100, 0.112, 0.100, 0.100, 0.100, 0.100, 0.100, 0.100, 0.211, 0.100, 0.100, 0.100, 0.100, 0.100, 0.100, 0.100, 0.100, 0.100, 0.100, 0.100, 0.139, 0.100, 0.100, 0.100, 0.100, 0.100, 0.100, 0.100]
    Layer 16: sigma=[0.100, 0.100, 0.100, 0.100, 0.100, 0.100, 0.100, 0.100, 0.100, 0.100, 0.100, 0.100, 0.100, 0.100, 0.100, 0.100, 0.100, 0.100, 0.100, 0.100, 0.100, 0.100, 0.100, 0.100, 0.100, 0.100, 0.100, 0.415, 0.100, 0.100, 0.100, 0.100]
    Layer 17: sigma=[0.100, 0.100, 0.100, 0.100, 0.100, 0.156, 0.100, 0.100, 0.100, 0.100, 0.100, 0.100, 0.100, 0.100, 0.100, 0.100, 0.138, 0.100, 0.100, 0.397, 0.100, 0.100, 0.100, 0.109, 0.161, 0.100, 0.380, 0.100, 0.100, 0.100, 0.100, 0.100]
    Layer 18: sigma=[0.100, 0.468, 0.100, 0.100, 0.100, 0.100, 0.100, 0.196, 0.100, 0.100, 0.100, 0.100, 0.100, 0.100, 0.100, 0.100, 0.197, 0.100, 0.100, 0.100, 0.100, 0.100, 0.100, 0.100, 0.100, 0.100, 0.100, 0.100, 0.100, 0.100, 0.100, 0.100]
    Layer 19: sigma=[0.100, 0.100, 0.100, 0.100, 0.100, 0.100, 0.100, 0.100, 0.100, 0.100, 0.100, 0.100, 0.123, 0.100, 0.100, 0.201, 0.100, 0.100, 0.100, 0.265, 0.100, 0.100, 0.100, 0.128, 0.100, 0.100, 0.100, 0.100, 0.100, 0.100, 0.100, 0.100]
    Layer 20: sigma=[0.100, 0.100, 0.100, 0.100, 0.100, 0.183, 0.100, 0.100, 0.151, 0.103, 0.100, 0.100, 0.100, 0.100, 0.100, 0.115, 0.100, 0.113, 0.100, 0.100, 0.100, 0.100, 0.100, 0.100, 0.100, 0.100, 0.100, 0.100, 0.100, 0.100, 0.100, 0.100]
    Layer 21: sigma=[0.100, 0.112, 0.100, 0.100, 0.100, 0.100, 0.100, 0.100, 0.100, 0.147, 0.100, 0.234, 0.100, 0.100, 0.100, 0.100, 0.100, 0.100, 0.100, 0.100, 0.100, 0.116, 0.100, 0.100, 0.100, 0.100, 0.100, 0.100, 0.100, 0.100, 0.239, 0.100]
    Layer 22: sigma=[0.142, 0.100, 0.100, 0.100, 0.180, 0.107, 0.100, 0.223, 0.100, 0.100, 0.100, 0.100, 0.100, 0.100, 0.100, 0.103, 0.100, 0.100, 0.100, 0.100, 0.100, 0.100, 0.100, 0.100, 0.100, 0.100, 0.100, 0.100, 0.100, 0.100, 0.100, 0.100]
    Layer 23: sigma=[0.171, 0.286, 0.211, 0.100, 0.100, 0.100, 0.137, 0.100, 0.100, 0.260, 0.100, 0.100, 0.100, 0.100, 0.101, 0.100, 0.100, 0.100, 0.100, 0.100, 0.100, 0.100, 0.100, 0.100, 0.100, 0.100, 0.100, 0.100, 0.100, 0.100, 0.174, 0.244]
    Layer 24: sigma=[0.100, 0.100, 0.100, 0.100, 0.100, 0.100, 0.100, 0.100, 0.100, 0.100, 0.100, 0.100, 0.100, 0.100, 0.100, 0.134, 0.100, 0.100, 0.100, 0.100, 0.100, 0.100, 0.100, 0.100, 0.207, 0.387, 0.100, 0.370, 0.100, 0.100, 0.100, 0.100]
    Layer 25: sigma=[0.100, 0.100, 0.100, 0.100, 0.122, 0.100, 0.100, 0.100, 0.100, 0.100, 0.100, 0.100, 0.100, 0.100, 0.121, 0.100, 0.100, 0.100, 0.100, 0.100, 0.100, 0.100, 0.100, 0.100, 0.100, 0.100, 0.100, 0.100, 0.100, 0.100, 0.100, 0.100]
    Layer 26: sigma=[0.138, 0.100, 0.100, 0.100, 0.100, 0.100, 0.100, 0.100, 0.100, 0.100, 0.100, 0.100, 0.100, 0.100, 0.100, 0.100, 0.100, 0.100, 0.100, 0.100, 0.100, 0.100, 0.100, 0.100, 0.100, 0.100, 0.100, 0.100, 0.100, 0.100, 0.100, 0.100]
    Layer 27: sigma=[0.100, 0.100, 0.100, 0.100, 0.100, 0.100, 0.100, 0.100, 0.100, 0.100, 0.100, 0.100, 0.100, 0.100, 0.100, 0.100, 0.100, 0.100, 0.100, 0.100, 0.100, 0.100, 0.100, 0.100, 0.100, 0.100, 0.100, 0.100, 0.100, 0.104, 0.100, 0.100]
    Layer 28: sigma=[0.100, 0.100, 0.100, 0.100, 0.100, 0.129, 0.100, 0.124, 0.100, 0.100, 0.100, 0.100, 0.100, 0.100, 0.100, 0.100, 0.100, 0.100, 0.100, 0.100, 0.100, 0.100, 0.100, 0.100, 0.100, 0.100, 0.100, 0.100, 0.100, 0.100, 0.100, 0.100]
    Layer 30: sigma=[0.100, 0.100, 0.100, 0.100, 0.100, 0.100, 0.100, 0.100, 0.100, 0.100, 0.100, 0.100, 0.100, 0.100, 0.100, 0.100, 0.100, 0.100, 0.100, 0.100, 0.100, 0.100, 0.100, 0.100, 0.100, 0.100, 0.100, 0.100, 0.100, 0.100, 0.100, 0.100]
    Layer 31: sigma=[0.100, 0.100, 0.100, 0.100, 0.100, 0.100, 0.100, 0.100, 0.100, 0.100, 0.100, 0.100, 0.100, 0.100, 0.100, 0.100, 0.100, 0.100, 0.100, 0.100, 0.100, 0.100, 0.100, 0.100, 0.100, 0.100, 0.100, 0.100, 0.100, 0.100, 0.100, 0.100]
    Layer 32: sigma=[0.100, 0.100, 0.100, 0.100, 0.100, 0.100, 0.100, 0.100, 0.100, 0.100, 0.100, 0.100, 0.100, 0.100, 0.100, 0.100, 0.100, 0.100, 0.100, 0.100, 0.100, 0.100, 0.100, 0.100, 0.100, 0.100, 0.100, 0.100, 0.100, 0.100, 0.100, 0.100]
    Layer 33: sigma=[0.100, 0.100, 0.100, 0.100, 0.100, 0.100, 0.100, 0.100, 0.100, 0.100, 0.100, 0.100, 0.100, 0.100, 0.100, 0.100, 0.100, 0.100, 0.100, 0.100, 0.100, 0.100, 0.100, 0.100, 0.100, 0.100, 0.100, 0.100, 0.100, 0.100, 0.100, 0.100]
    Layer 34: sigma=[0.100, 0.100, 0.100, 0.100, 0.100, 0.100, 0.100, 0.100, 0.100, 0.100, 0.100, 0.100, 0.100, 0.100, 0.100, 0.100, 0.115, 0.100, 0.100, 0.100, 0.100, 0.100, 0.100, 0.100, 0.100, 0.100, 0.100, 0.100, 0.100, 0.100, 0.100, 0.100]
    Layer 35: sigma=[0.100, 0.100, 0.100, 0.100, 0.129, 0.100, 0.100, 0.100, 0.100, 0.100, 0.100, 0.100, 0.100, 0.100, 0.100, 0.100, 0.100, 0.100, 0.100, 0.100, 0.100, 0.100, 0.129, 0.100, 0.100, 0.100, 0.100, 0.100, 0.100, 0.100, 0.100, 0.100]

  [Taylor Step 3/3] g_proj = v_proj * alpha (damping=0.01)...
    Layer  0: alpha=0.060421  teacher_rms=0.0163  v_rms=0.0027
    Layer  1: alpha=0.060902  teacher_rms=0.0205  v_rms=0.0034
    Layer  2: alpha=0.057005  teacher_rms=0.0214  v_rms=0.0038
    Layer  3: alpha=0.048546  teacher_rms=0.0259  v_rms=0.0053
    Layer  4: alpha=0.047483  teacher_rms=0.0304  v_rms=0.0064
    Layer  5: alpha=0.062009  teacher_rms=0.0409  v_rms=0.0066
    Layer  6: alpha=0.078156  teacher_rms=0.0621  v_rms=0.0079
    Layer  7: alpha=0.045926  teacher_rms=0.0530  v_rms=0.0115
    Layer  8: alpha=0.047730  teacher_rms=0.0708  v_rms=0.0148
    Layer  9: alpha=0.033845  teacher_rms=0.0713  v_rms=0.0211
    Layer 10: alpha=0.051225  teacher_rms=0.1092  v_rms=0.0213
    Layer 11: alpha=0.063272  teacher_rms=0.1046  v_rms=0.0165
    Layer 12: alpha=0.059365  teacher_rms=0.1207  v_rms=0.0203
    Layer 13: alpha=0.052709  teacher_rms=0.1040  v_rms=0.0197
    Layer 14: alpha=0.064519  teacher_rms=0.1547  v_rms=0.0240
    Layer 15: alpha=0.057648  teacher_rms=0.1576  v_rms=0.0273
    Layer 16: alpha=0.042182  teacher_rms=0.1473  v_rms=0.0349
    Layer 17: alpha=0.044423  teacher_rms=0.1753  v_rms=0.0395
    Layer 18: alpha=0.044655  teacher_rms=0.1990  v_rms=0.0446
    Layer 19: alpha=0.055426  teacher_rms=0.2060  v_rms=0.0372
    Layer 20: alpha=0.057409  teacher_rms=0.1966  v_rms=0.0342
    Layer 21: alpha=0.054885  teacher_rms=0.2373  v_rms=0.0432
    Layer 22: alpha=0.056251  teacher_rms=0.2834  v_rms=0.0504
    Layer 23: alpha=0.049372  teacher_rms=0.3098  v_rms=0.0628
    Layer 24: alpha=0.033457  teacher_rms=0.2897  v_rms=0.0866
    Layer 25: alpha=0.039594  teacher_rms=0.2376  v_rms=0.0600
    Layer 26: alpha=0.028843  teacher_rms=0.2124  v_rms=0.0736
    Layer 27: alpha=0.037061  teacher_rms=0.3083  v_rms=0.0832
    Layer 28: alpha=0.042117  teacher_rms=0.3705  v_rms=0.0880
    Layer 30: alpha=0.029045  teacher_rms=0.4297  v_rms=0.1480
    Layer 31: alpha=0.021214  teacher_rms=0.3785  v_rms=0.1784
    Layer 32: alpha=0.023899  teacher_rms=0.5288  v_rms=0.2213
    Layer 33: alpha=0.018560  teacher_rms=0.6404  v_rms=0.3451
    Layer 34: alpha=0.033112  teacher_rms=1.0325  v_rms=0.3118
    Layer 35: alpha=0.059168  teacher_rms=1.0168  v_rms=0.1719

  Set g_proj = v_proj * alpha in 35 GDN layers (damping=0.01).
  Init (taylor_init) done in 408.1s
  Layer 29: PPL = 1378942.50  (eval 18.2s)

============================================================
  Probing layer 30 | strategy=taylor_init
============================================================
Loading checkpoint shards:   0%|          | 0/4 [00:00<?, ?it/s]Loading checkpoint shards: 100%|██████████| 4/4 [00:00<00:00, 61.12it/s]
Could not cache non-existence of file. Will ignore error and continue. Error: [Errno 13] Permission denied: '/data/shared/huggingface/hub/models--Qwen--Qwen3-8B/.no_exist/b968826d9c46dd6066d109eabc6255188de91218/model.safetensors'
Loading checkpoint shards:   0%|          | 0/5 [00:00<?, ?it/s]Loading checkpoint shards: 100%|██████████| 5/5 [00:00<00:00, 167.82it/s]
Token indices sequence length is longer than the specified maximum sequence length for this model (2429029 > 131072). Running this sequence through the model will result in indexing errors
  [Taylor Step 1/3] Gate calibration from attention stats...
    Layer  0: dist=[32, 3, 12, 35, 12, 26, 9, 11, 19, 6, 8, 9, 18, 34, 31, 10, 16, 19, 16, 14, 13, 23, 4, 12, 5, 52, 10, 43, 15, 36, 15, 14]
    Layer  1: dist=[19, 38, 25, 44, 3, 15, 31, 11, 45, 36, 65, 60, 34, 47, 51, 38, 32, 54, 57, 33, 56, 24, 40, 40, 37, 9, 44, 41, 83, 31, 37, 49]
    Layer  2: dist=[65, 65, 67, 62, 26, 45, 33, 43, 39, 47, 56, 56, 53, 46, 46, 60, 61, 49, 54, 43, 49, 67, 48, 50, 25, 24, 21, 35, 73, 73, 77, 74]
    Layer  3: dist=[65, 26, 13, 22, 87, 93, 83, 73, 56, 53, 62, 58, 90, 73, 75, 74, 59, 62, 51, 67, 74, 60, 64, 65, 64, 56, 52, 59, 70, 63, 72, 65]
    Layer  4: dist=[62, 63, 73, 67, 73, 56, 61, 89, 68, 69, 63, 60, 55, 55, 71, 61, 62, 65, 67, 70, 64, 61, 47, 64, 41, 51, 48, 34, 51, 66, 55, 55]
    Layer  5: dist=[36, 48, 55, 35, 61, 68, 52, 51, 5, 18, 73, 61, 54, 78, 59, 52, 41, 32, 50, 48, 51, 55, 48, 59, 73, 73, 80, 80, 43, 44, 46, 58]
    Layer  6: dist=[27, 40, 30, 31, 52, 46, 67, 61, 46, 25, 43, 38, 56, 64, 56, 30, 47, 34, 45, 40, 20, 30, 32, 14, 35, 50, 32, 49, 47, 43, 37, 53]
    Layer  7: dist=[55, 60, 64, 87, 126, 114, 127, 121, 88, 119, 99, 72, 108, 23, 53, 97, 80, 101, 85, 81, 106, 86, 112, 116, 64, 78, 47, 86, 97, 101, 101, 106]
    Layer  8: dist=[83, 87, 90, 58, 81, 77, 69, 78, 86, 99, 87, 90, 94, 86, 96, 70, 116, 107, 103, 96, 92, 106, 100, 111, 92, 72, 95, 67, 84, 72, 79, 74]
    Layer  9: dist=[76, 60, 61, 67, 83, 97, 96, 74, 123, 120, 118, 112, 27, 87, 63, 85, 93, 100, 114, 125, 87, 77, 60, 70, 119, 81, 91, 97, 125, 113, 127, 123]
    Layer 10: dist=[76, 71, 58, 74, 85, 102, 64, 74, 63, 88, 106, 49, 88, 67, 82, 86, 87, 102, 100, 107, 88, 60, 107, 90, 93, 107, 84, 77, 76, 65, 82, 90]
    Layer 11: dist=[78, 65, 79, 48, 53, 61, 78, 77, 102, 123, 109, 93, 82, 64, 65, 69, 69, 63, 61, 51, 77, 107, 89, 87, 67, 59, 56, 54, 95, 55, 55, 94]
    Layer 12: dist=[21, 72, 79, 61, 87, 83, 66, 70, 63, 62, 74, 77, 86, 81, 82, 87, 39, 68, 59, 94, 102, 112, 97, 103, 93, 2, 107, 38, 81, 88, 113, 91]
    Layer 13: dist=[52, 68, 66, 62, 52, 51, 65, 40, 86, 63, 99, 122, 128, 115, 109, 124, 85, 72, 57, 61, 93, 55, 83, 90, 84, 59, 72, 76, 113, 111, 96, 99]
    Layer 14: dist=[44, 64, 65, 46, 62, 45, 64, 65, 54, 57, 70, 68, 69, 76, 65, 67, 77, 86, 51, 64, 65, 31, 51, 81, 52, 67, 73, 64, 85, 88, 8, 89]
    Layer 15: dist=[80, 44, 79, 38, 37, 38, 79, 67, 90, 60, 46, 104, 68, 107, 79, 89, 61, 57, 64, 68, 58, 60, 50, 51, 49, 34, 86, 62, 72, 84, 71, 49]
    Layer 16: dist=[61, 57, 74, 85, 55, 58, 48, 55, 54, 82, 73, 84, 90, 69, 86, 86, 68, 71, 60, 62, 115, 118, 110, 103, 71, 54, 64, 10, 58, 59, 65, 56]
    Layer 17: dist=[111, 95, 79, 67, 53, 57, 39, 47, 90, 108, 79, 100, 40, 57, 71, 74, 44, 61, 61, 42, 75, 98, 93, 97, 58, 55, 57, 52, 53, 79, 93, 67]
    Layer 18: dist=[34, 45, 35, 33, 56, 78, 74, 57, 64, 67, 66, 79, 61, 60, 57, 62, 46, 74, 72, 52, 68, 47, 65, 96, 58, 62, 61, 63, 52, 53, 79, 56]
    Layer 19: dist=[73, 64, 63, 62, 76, 103, 54, 71, 81, 85, 84, 93, 63, 57, 75, 63, 84, 85, 49, 49, 21, 50, 33, 49, 102, 106, 102, 116, 77, 77, 73, 72]
    Layer 20: dist=[89, 79, 80, 77, 78, 51, 49, 57, 40, 36, 43, 39, 92, 79, 87, 96, 45, 51, 56, 39, 73, 111, 101, 98, 125, 97, 105, 85, 93, 79, 108, 108]
    Layer 21: dist=[44, 50, 56, 68, 115, 65, 96, 118, 118, 61, 71, 69, 46, 41, 44, 42, 75, 75, 83, 65, 89, 99, 95, 96, 64, 62, 60, 80, 73, 79, 60, 88]
    Layer 22: dist=[73, 60, 67, 63, 52, 72, 45, 56, 37, 49, 45, 59, 18, 86, 61, 64, 33, 79, 76, 41, 102, 115, 120, 121, 101, 84, 91, 95, 114, 92, 103, 95]
    Layer 23: dist=[39, 30, 48, 39, 110, 111, 41, 102, 79, 36, 45, 63, 75, 72, 79, 77, 82, 75, 74, 94, 72, 93, 82, 76, 78, 72, 68, 100, 91, 90, 83, 78]
    Layer 24: dist=[79, 124, 109, 101, 99, 109, 111, 97, 102, 105, 104, 84, 78, 75, 89, 74, 81, 86, 98, 88, 120, 103, 102, 117, 65, 73, 79, 51, 95, 111, 98, 88]
    Layer 25: dist=[105, 121, 118, 94, 71, 72, 107, 80, 96, 97, 85, 90, 65, 89, 50, 68, 93, 99, 97, 89, 102, 111, 105, 108, 110, 110, 99, 108, 88, 125, 98, 88]
    Layer 26: dist=[80, 88, 106, 68, 115, 113, 113, 110, 102, 107, 105, 98, 100, 124, 116, 116, 86, 93, 99, 95, 102, 113, 122, 114, 99, 97, 102, 93, 115, 96, 114, 95]
    Layer 27: dist=[87, 108, 103, 117, 98, 105, 101, 86, 77, 100, 107, 99, 78, 109, 80, 86, 96, 99, 99, 104, 91, 112, 113, 92, 110, 113, 116, 117, 107, 77, 92, 117]
    Layer 28: dist=[103, 92, 102, 102, 82, 63, 80, 76, 96, 107, 92, 89, 112, 105, 96, 101, 112, 104, 104, 108, 119, 71, 60, 89, 91, 88, 99, 99, 92, 92, 71, 95]
    Layer 29: dist=[113, 114, 114, 113, 90, 112, 94, 114, 119, 113, 122, 105, 120, 120, 119, 120, 116, 106, 115, 121, 123, 123, 107, 125, 100, 114, 97, 92, 106, 95, 106, 109]
    Layer 31: dist=[119, 117, 99, 98, 112, 113, 114, 116, 114, 77, 87, 91, 117, 116, 117, 115, 101, 101, 106, 94, 119, 116, 108, 119, 112, 109, 89, 120, 112, 106, 102, 110]
    Layer 32: dist=[110, 114, 114, 111, 116, 119, 116, 117, 110, 111, 117, 115, 93, 113, 108, 91, 118, 106, 109, 111, 123, 92, 114, 120, 71, 95, 80, 105, 116, 107, 99, 103]
    Layer 33: dist=[102, 120, 112, 119, 91, 102, 57, 94, 116, 116, 113, 113, 114, 115, 113, 116, 114, 117, 106, 109, 112, 96, 110, 113, 111, 119, 122, 118, 110, 111, 107, 104]
    Layer 34: dist=[110, 109, 112, 113, 105, 111, 108, 102, 53, 93, 114, 86, 117, 115, 120, 81, 82, 89, 126, 55, 119, 51, 118, 119, 122, 122, 125, 122, 54, 62, 68, 109]
    Layer 35: dist=[105, 123, 71, 97, 82, 36, 112, 100, 85, 94, 112, 96, 63, 28, 49, 40, 98, 74, 84, 48, 90, 102, 55, 54, 66, 49, 68, 72, 73, 115, 122, 117]

  [Taylor Step 2/3] OLS sigma per head (scaling V, streaming)...
    Layer  0: sigma=[0.613, 0.100, 0.100, 0.100, 0.333, 0.378, 0.100, 0.100, 0.100, 0.148, 0.100, 0.100, 0.100, 0.100, 0.100, 0.259, 0.100, 0.100, 0.100, 0.100, 0.100, 0.100, 0.100, 0.100, 0.100, 0.100, 0.351, 0.100, 0.100, 0.100, 0.161, 0.100]
    Layer  1: sigma=[0.353, 0.100, 0.100, 0.100, 0.100, 0.100, 0.100, 0.100, 0.100, 0.169, 0.244, 0.100, 0.100, 0.100, 0.100, 0.100, 0.100, 0.100, 0.100, 0.100, 0.100, 0.100, 0.100, 0.118, 0.100, 0.100, 0.113, 0.100, 0.100, 0.100, 0.100, 0.100]
    Layer  2: sigma=[0.100, 0.100, 0.100, 0.100, 0.100, 0.100, 0.100, 0.100, 0.109, 0.100, 0.100, 0.100, 0.100, 0.147, 0.100, 0.100, 0.100, 0.220, 0.100, 0.100, 0.100, 0.100, 0.100, 0.100, 0.100, 0.172, 0.100, 0.100, 0.100, 0.100, 0.100, 0.100]
    Layer  3: sigma=[0.100, 0.331, 0.100, 0.154, 0.100, 0.100, 0.100, 0.100, 0.100, 0.100, 0.100, 0.100, 0.100, 0.100, 0.100, 0.100, 0.100, 0.100, 0.100, 0.100, 0.100, 0.109, 0.100, 0.100, 0.100, 0.100, 0.100, 0.100, 0.100, 0.100, 0.100, 0.100]
    Layer  4: sigma=[0.100, 0.100, 0.100, 0.100, 0.100, 0.100, 0.100, 0.100, 0.100, 0.100, 0.100, 0.100, 0.100, 0.100, 0.100, 0.100, 0.100, 0.100, 0.100, 0.100, 0.134, 0.139, 0.315, 0.100, 0.100, 0.100, 0.100, 0.100, 0.100, 0.100, 0.100, 0.100]
    Layer  5: sigma=[0.100, 0.100, 0.100, 0.100, 0.100, 0.100, 0.100, 0.100, 0.100, 0.138, 0.100, 0.107, 0.100, 0.100, 0.100, 0.122, 0.100, 0.181, 0.100, 0.100, 0.100, 0.100, 0.100, 0.100, 0.100, 0.100, 0.100, 0.100, 0.100, 0.100, 0.100, 0.100]
    Layer  6: sigma=[0.100, 0.100, 0.100, 0.100, 0.100, 0.100, 0.100, 0.100, 0.100, 0.100, 0.100, 0.100, 0.100, 0.100, 0.100, 0.100, 0.100, 0.100, 0.100, 0.100, 0.154, 0.100, 0.100, 0.100, 0.100, 0.100, 0.100, 0.100, 0.100, 0.100, 0.100, 0.100]
    Layer  7: sigma=[0.100, 0.159, 0.100, 0.100, 0.112, 0.100, 0.100, 0.100, 0.100, 0.100, 0.100, 0.102, 0.100, 0.100, 0.100, 0.100, 0.100, 0.100, 0.100, 0.100, 0.100, 0.100, 0.100, 0.100, 0.100, 0.100, 0.100, 0.100, 0.100, 0.100, 0.100, 0.100]
    Layer  8: sigma=[0.100, 0.100, 0.100, 0.100, 0.100, 0.100, 0.100, 0.100, 0.100, 0.100, 0.100, 0.100, 0.100, 0.100, 0.100, 0.100, 0.100, 0.100, 0.100, 0.100, 0.100, 0.100, 0.100, 0.100, 0.100, 0.100, 0.100, 0.159, 0.100, 0.100, 0.100, 0.100]
    Layer  9: sigma=[0.100, 0.100, 0.100, 0.100, 0.100, 0.100, 0.100, 0.100, 0.100, 0.100, 0.100, 0.100, 0.100, 0.100, 0.552, 0.131, 0.100, 0.100, 0.100, 0.100, 0.100, 0.100, 0.100, 0.100, 0.100, 0.100, 0.100, 0.100, 0.100, 0.100, 0.100, 0.100]
    Layer 10: sigma=[0.100, 0.100, 0.100, 0.100, 0.100, 0.100, 0.100, 0.100, 0.100, 0.100, 0.100, 0.118, 0.100, 0.100, 0.100, 0.100, 0.100, 0.100, 0.100, 0.100, 0.100, 0.100, 0.100, 0.100, 0.100, 0.100, 0.100, 0.100, 0.100, 0.100, 0.100, 0.100]
    Layer 11: sigma=[0.100, 0.100, 0.100, 0.100, 0.130, 0.100, 0.100, 0.100, 0.100, 0.101, 0.100, 0.100, 0.100, 0.100, 0.248, 0.100, 0.100, 0.100, 0.100, 0.100, 0.100, 0.100, 0.100, 0.100, 0.100, 0.100, 0.168, 0.100, 0.100, 0.100, 0.100, 0.100]
    Layer 12: sigma=[0.100, 0.100, 0.100, 0.100, 0.100, 0.100, 0.100, 0.100, 0.100, 0.105, 0.100, 0.108, 0.100, 0.100, 0.100, 0.100, 0.100, 0.316, 0.204, 0.100, 0.100, 0.100, 0.100, 0.100, 0.100, 0.100, 0.100, 0.215, 0.100, 0.100, 0.117, 0.100]
    Layer 13: sigma=[0.219, 0.100, 0.100, 0.329, 0.100, 0.100, 0.100, 0.100, 0.100, 0.100, 0.100, 0.100, 0.100, 0.100, 0.100, 0.100, 0.100, 0.100, 0.100, 0.104, 0.100, 0.100, 0.100, 0.100, 0.100, 0.100, 0.100, 0.100, 0.100, 0.100, 0.100, 0.100]
    Layer 14: sigma=[0.100, 0.100, 0.100, 0.100, 0.100, 0.413, 0.100, 0.100, 0.100, 0.100, 0.100, 0.100, 0.100, 0.100, 0.100, 0.100, 0.100, 0.100, 0.100, 0.100, 0.100, 0.100, 0.100, 0.100, 0.107, 0.116, 0.100, 0.100, 0.100, 0.100, 0.100, 0.100]
    Layer 15: sigma=[0.100, 0.197, 0.100, 0.100, 0.100, 0.105, 0.100, 0.100, 0.100, 0.100, 0.100, 0.100, 0.208, 0.100, 0.100, 0.100, 0.100, 0.100, 0.100, 0.100, 0.100, 0.100, 0.100, 0.100, 0.161, 0.100, 0.100, 0.100, 0.100, 0.100, 0.100, 0.100]
    Layer 16: sigma=[0.100, 0.100, 0.100, 0.100, 0.100, 0.100, 0.100, 0.100, 0.100, 0.100, 0.100, 0.100, 0.100, 0.100, 0.100, 0.100, 0.100, 0.100, 0.100, 0.100, 0.100, 0.100, 0.100, 0.100, 0.100, 0.100, 0.100, 0.432, 0.100, 0.100, 0.100, 0.100]
    Layer 17: sigma=[0.100, 0.100, 0.100, 0.100, 0.100, 0.149, 0.100, 0.100, 0.100, 0.100, 0.100, 0.100, 0.100, 0.100, 0.100, 0.100, 0.126, 0.100, 0.100, 0.425, 0.100, 0.100, 0.100, 0.100, 0.144, 0.100, 0.462, 0.100, 0.100, 0.100, 0.100, 0.100]
    Layer 18: sigma=[0.100, 0.468, 0.100, 0.100, 0.100, 0.100, 0.100, 0.192, 0.100, 0.100, 0.100, 0.100, 0.100, 0.100, 0.100, 0.100, 0.151, 0.100, 0.100, 0.100, 0.100, 0.100, 0.100, 0.100, 0.100, 0.100, 0.100, 0.100, 0.100, 0.100, 0.100, 0.100]
    Layer 19: sigma=[0.100, 0.100, 0.100, 0.100, 0.100, 0.100, 0.100, 0.100, 0.100, 0.100, 0.100, 0.100, 0.111, 0.100, 0.100, 0.170, 0.100, 0.100, 0.100, 0.335, 0.100, 0.100, 0.100, 0.100, 0.100, 0.100, 0.100, 0.100, 0.100, 0.100, 0.100, 0.100]
    Layer 20: sigma=[0.100, 0.100, 0.100, 0.100, 0.100, 0.171, 0.100, 0.100, 0.164, 0.100, 0.100, 0.100, 0.100, 0.100, 0.100, 0.113, 0.100, 0.114, 0.100, 0.100, 0.100, 0.100, 0.100, 0.100, 0.100, 0.100, 0.100, 0.100, 0.100, 0.100, 0.100, 0.100]
    Layer 21: sigma=[0.100, 0.148, 0.100, 0.100, 0.100, 0.100, 0.100, 0.100, 0.100, 0.151, 0.100, 0.300, 0.100, 0.100, 0.128, 0.100, 0.100, 0.100, 0.100, 0.100, 0.100, 0.121, 0.100, 0.100, 0.100, 0.100, 0.100, 0.100, 0.100, 0.100, 0.276, 0.100]
    Layer 22: sigma=[0.132, 0.100, 0.100, 0.100, 0.161, 0.171, 0.100, 0.189, 0.123, 0.100, 0.100, 0.100, 0.100, 0.100, 0.100, 0.109, 0.100, 0.100, 0.100, 0.100, 0.100, 0.100, 0.100, 0.100, 0.100, 0.100, 0.100, 0.100, 0.100, 0.100, 0.100, 0.100]
    Layer 23: sigma=[0.171, 0.240, 0.217, 0.100, 0.100, 0.100, 0.126, 0.100, 0.100, 0.257, 0.100, 0.100, 0.100, 0.100, 0.113, 0.100, 0.100, 0.100, 0.100, 0.100, 0.100, 0.100, 0.100, 0.100, 0.100, 0.100, 0.100, 0.100, 0.100, 0.100, 0.165, 0.229]
    Layer 24: sigma=[0.100, 0.100, 0.100, 0.100, 0.100, 0.100, 0.100, 0.100, 0.100, 0.100, 0.100, 0.100, 0.100, 0.100, 0.100, 0.116, 0.100, 0.100, 0.100, 0.100, 0.100, 0.100, 0.100, 0.100, 0.217, 0.459, 0.100, 0.369, 0.100, 0.100, 0.100, 0.100]
    Layer 25: sigma=[0.100, 0.100, 0.100, 0.100, 0.106, 0.100, 0.100, 0.100, 0.100, 0.100, 0.100, 0.100, 0.100, 0.100, 0.100, 0.100, 0.100, 0.100, 0.100, 0.100, 0.100, 0.100, 0.100, 0.100, 0.100, 0.100, 0.100, 0.100, 0.100, 0.100, 0.100, 0.100]
    Layer 26: sigma=[0.100, 0.100, 0.100, 0.100, 0.100, 0.100, 0.100, 0.100, 0.100, 0.100, 0.100, 0.100, 0.100, 0.100, 0.100, 0.100, 0.100, 0.100, 0.100, 0.100, 0.100, 0.100, 0.100, 0.100, 0.100, 0.100, 0.100, 0.100, 0.100, 0.100, 0.100, 0.100]
    Layer 27: sigma=[0.100, 0.100, 0.100, 0.100, 0.100, 0.100, 0.100, 0.100, 0.100, 0.100, 0.100, 0.100, 0.100, 0.100, 0.100, 0.100, 0.100, 0.100, 0.100, 0.100, 0.100, 0.100, 0.100, 0.100, 0.100, 0.100, 0.100, 0.100, 0.100, 0.100, 0.100, 0.100]
    Layer 28: sigma=[0.100, 0.100, 0.100, 0.100, 0.100, 0.100, 0.100, 0.181, 0.100, 0.100, 0.100, 0.100, 0.100, 0.100, 0.100, 0.100, 0.100, 0.100, 0.100, 0.100, 0.100, 0.100, 0.100, 0.100, 0.100, 0.100, 0.100, 0.100, 0.100, 0.100, 0.100, 0.100]
    Layer 29: sigma=[0.100, 0.100, 0.100, 0.100, 0.100, 0.100, 0.100, 0.100, 0.100, 0.100, 0.100, 0.100, 0.100, 0.100, 0.100, 0.100, 0.100, 0.100, 0.100, 0.100, 0.100, 0.100, 0.100, 0.100, 0.100, 0.100, 0.100, 0.100, 0.100, 0.100, 0.100, 0.100]
    Layer 31: sigma=[0.100, 0.100, 0.100, 0.100, 0.100, 0.100, 0.100, 0.100, 0.100, 0.100, 0.100, 0.100, 0.100, 0.100, 0.100, 0.100, 0.100, 0.100, 0.100, 0.127, 0.100, 0.100, 0.100, 0.100, 0.100, 0.100, 0.100, 0.100, 0.100, 0.100, 0.100, 0.100]
    Layer 32: sigma=[0.100, 0.100, 0.100, 0.100, 0.100, 0.100, 0.100, 0.100, 0.100, 0.100, 0.100, 0.100, 0.100, 0.100, 0.100, 0.100, 0.100, 0.100, 0.100, 0.100, 0.100, 0.100, 0.100, 0.100, 0.100, 0.100, 0.100, 0.100, 0.100, 0.100, 0.100, 0.100]
    Layer 33: sigma=[0.100, 0.100, 0.100, 0.100, 0.100, 0.100, 0.100, 0.100, 0.100, 0.100, 0.100, 0.100, 0.100, 0.100, 0.100, 0.100, 0.100, 0.100, 0.100, 0.100, 0.100, 0.100, 0.100, 0.100, 0.100, 0.100, 0.100, 0.100, 0.100, 0.100, 0.100, 0.100]
    Layer 34: sigma=[0.100, 0.100, 0.100, 0.100, 0.100, 0.100, 0.100, 0.100, 0.100, 0.100, 0.100, 0.211, 0.100, 0.100, 0.100, 0.100, 0.104, 0.100, 0.100, 0.100, 0.100, 0.100, 0.100, 0.100, 0.100, 0.100, 0.100, 0.100, 0.100, 0.100, 0.100, 0.100]
    Layer 35: sigma=[0.100, 0.100, 0.100, 0.100, 0.100, 0.100, 0.100, 0.100, 0.100, 0.100, 0.100, 0.100, 0.100, 0.100, 0.100, 0.100, 0.100, 0.100, 0.100, 0.100, 0.100, 0.100, 0.129, 0.100, 0.100, 0.100, 0.100, 0.100, 0.100, 0.100, 0.100, 0.100]

  [Taylor Step 3/3] g_proj = v_proj * alpha (damping=0.01)...
    Layer  0: alpha=0.060521  teacher_rms=0.0163  v_rms=0.0027
    Layer  1: alpha=0.060746  teacher_rms=0.0205  v_rms=0.0034
    Layer  2: alpha=0.056950  teacher_rms=0.0214  v_rms=0.0038
    Layer  3: alpha=0.048513  teacher_rms=0.0259  v_rms=0.0053
    Layer  4: alpha=0.047398  teacher_rms=0.0304  v_rms=0.0064
    Layer  5: alpha=0.061807  teacher_rms=0.0409  v_rms=0.0066
    Layer  6: alpha=0.078380  teacher_rms=0.0621  v_rms=0.0079
    Layer  7: alpha=0.045903  teacher_rms=0.0530  v_rms=0.0115
    Layer  8: alpha=0.047862  teacher_rms=0.0708  v_rms=0.0148
    Layer  9: alpha=0.035794  teacher_rms=0.0713  v_rms=0.0199
    Layer 10: alpha=0.050979  teacher_rms=0.1092  v_rms=0.0214
    Layer 11: alpha=0.062964  teacher_rms=0.1046  v_rms=0.0166
    Layer 12: alpha=0.059399  teacher_rms=0.1207  v_rms=0.0203
    Layer 13: alpha=0.053390  teacher_rms=0.1040  v_rms=0.0195
    Layer 14: alpha=0.063832  teacher_rms=0.1547  v_rms=0.0242
    Layer 15: alpha=0.057289  teacher_rms=0.1576  v_rms=0.0275
    Layer 16: alpha=0.041706  teacher_rms=0.1473  v_rms=0.0353
    Layer 17: alpha=0.042035  teacher_rms=0.1753  v_rms=0.0417
    Layer 18: alpha=0.045006  teacher_rms=0.1990  v_rms=0.0442
    Layer 19: alpha=0.054706  teacher_rms=0.2060  v_rms=0.0377
    Layer 20: alpha=0.057696  teacher_rms=0.1966  v_rms=0.0341
    Layer 21: alpha=0.049992  teacher_rms=0.2373  v_rms=0.0475
    Layer 22: alpha=0.056219  teacher_rms=0.2834  v_rms=0.0504
    Layer 23: alpha=0.051071  teacher_rms=0.3098  v_rms=0.0607
    Layer 24: alpha=0.032410  teacher_rms=0.2897  v_rms=0.0894
    Layer 25: alpha=0.039995  teacher_rms=0.2376  v_rms=0.0594
    Layer 26: alpha=0.029256  teacher_rms=0.2124  v_rms=0.0726
    Layer 27: alpha=0.037093  teacher_rms=0.3083  v_rms=0.0831
    Layer 28: alpha=0.041602  teacher_rms=0.3705  v_rms=0.0891
    Layer 29: alpha=0.017344  teacher_rms=0.2548  v_rms=0.1469
    Layer 31: alpha=0.021118  teacher_rms=0.3785  v_rms=0.1792
    Layer 32: alpha=0.023899  teacher_rms=0.5288  v_rms=0.2213
    Layer 33: alpha=0.018560  teacher_rms=0.6404  v_rms=0.3451
    Layer 34: alpha=0.032273  teacher_rms=1.0325  v_rms=0.3199
    Layer 35: alpha=0.059650  teacher_rms=1.0168  v_rms=0.1705

  Set g_proj = v_proj * alpha in 35 GDN layers (damping=0.01).
  Init (taylor_init) done in 330.6s
  Layer 30: PPL = 1074517.75  (eval 17.1s)

============================================================
  Probing layer 31 | strategy=taylor_init
============================================================
Loading checkpoint shards:   0%|          | 0/4 [00:00<?, ?it/s]Loading checkpoint shards: 100%|██████████| 4/4 [00:00<00:00, 151.31it/s]
Could not cache non-existence of file. Will ignore error and continue. Error: [Errno 13] Permission denied: '/data/shared/huggingface/hub/models--Qwen--Qwen3-8B/.no_exist/b968826d9c46dd6066d109eabc6255188de91218/model.safetensors'
Loading checkpoint shards:   0%|          | 0/5 [00:00<?, ?it/s]Loading checkpoint shards: 100%|██████████| 5/5 [00:00<00:00, 190.49it/s]
Token indices sequence length is longer than the specified maximum sequence length for this model (2429029 > 131072). Running this sequence through the model will result in indexing errors
  [Taylor Step 1/3] Gate calibration from attention stats...
    Layer  0: dist=[32, 3, 12, 35, 12, 26, 9, 11, 19, 6, 8, 9, 18, 34, 31, 10, 16, 19, 16, 14, 13, 23, 4, 12, 5, 52, 10, 43, 15, 36, 15, 14]
    Layer  1: dist=[19, 38, 25, 44, 3, 15, 31, 11, 45, 36, 65, 60, 34, 47, 51, 38, 32, 54, 57, 33, 56, 24, 40, 40, 37, 9, 44, 41, 83, 31, 37, 49]
    Layer  2: dist=[65, 65, 67, 62, 26, 45, 33, 43, 39, 47, 56, 56, 53, 46, 46, 60, 61, 49, 54, 43, 49, 67, 48, 50, 25, 24, 21, 35, 73, 73, 77, 74]
    Layer  3: dist=[65, 26, 13, 22, 87, 93, 83, 73, 56, 53, 62, 58, 90, 73, 75, 74, 59, 62, 51, 67, 74, 60, 64, 65, 64, 56, 52, 59, 70, 63, 72, 65]
    Layer  4: dist=[62, 63, 73, 67, 73, 56, 61, 89, 68, 69, 63, 60, 55, 55, 71, 61, 62, 65, 67, 70, 64, 61, 47, 64, 41, 51, 48, 34, 51, 66, 55, 55]
    Layer  5: dist=[36, 48, 55, 35, 61, 68, 52, 51, 5, 18, 73, 61, 54, 78, 59, 52, 41, 32, 50, 48, 51, 55, 48, 59, 73, 73, 80, 80, 43, 44, 46, 58]
    Layer  6: dist=[27, 40, 30, 31, 52, 46, 67, 61, 46, 25, 43, 38, 56, 64, 56, 30, 47, 34, 45, 40, 20, 30, 32, 14, 35, 50, 32, 49, 47, 43, 37, 53]
    Layer  7: dist=[55, 60, 64, 87, 126, 114, 127, 121, 88, 119, 99, 72, 108, 23, 53, 97, 80, 101, 85, 81, 106, 86, 112, 116, 64, 78, 47, 86, 97, 101, 101, 106]
    Layer  8: dist=[83, 87, 90, 58, 81, 77, 69, 78, 86, 99, 87, 90, 94, 86, 96, 70, 116, 107, 103, 96, 92, 106, 100, 111, 92, 72, 95, 67, 84, 72, 79, 74]
    Layer  9: dist=[76, 60, 61, 67, 83, 97, 96, 74, 123, 120, 118, 112, 27, 87, 63, 85, 93, 100, 114, 125, 87, 77, 60, 70, 119, 81, 91, 97, 125, 113, 127, 123]
    Layer 10: dist=[76, 71, 58, 74, 85, 102, 64, 74, 63, 88, 106, 49, 88, 67, 82, 86, 87, 102, 100, 107, 88, 60, 107, 90, 93, 107, 84, 77, 76, 65, 82, 90]
    Layer 11: dist=[78, 65, 79, 48, 53, 61, 78, 77, 102, 123, 109, 93, 82, 64, 65, 69, 69, 63, 61, 51, 77, 107, 89, 87, 67, 59, 56, 54, 95, 55, 55, 94]
    Layer 12: dist=[21, 72, 79, 61, 87, 83, 66, 70, 63, 62, 74, 77, 86, 81, 82, 87, 39, 68, 59, 94, 102, 112, 97, 103, 93, 2, 107, 38, 81, 88, 113, 91]
    Layer 13: dist=[52, 68, 66, 62, 52, 51, 65, 40, 86, 63, 99, 122, 128, 115, 109, 124, 85, 72, 57, 61, 93, 55, 83, 90, 84, 59, 72, 76, 113, 111, 96, 99]
    Layer 14: dist=[44, 64, 65, 46, 62, 45, 64, 65, 54, 57, 70, 68, 69, 76, 65, 67, 77, 86, 51, 64, 65, 31, 51, 81, 52, 67, 73, 64, 85, 88, 8, 89]
    Layer 15: dist=[80, 44, 79, 38, 37, 38, 79, 67, 90, 60, 46, 104, 68, 107, 79, 89, 61, 57, 64, 68, 58, 60, 50, 51, 49, 34, 86, 62, 72, 84, 71, 49]
    Layer 16: dist=[61, 57, 74, 85, 55, 58, 48, 55, 54, 82, 73, 84, 90, 69, 86, 86, 68, 71, 60, 62, 115, 118, 110, 103, 71, 54, 64, 10, 58, 59, 65, 56]
    Layer 17: dist=[111, 95, 79, 67, 53, 57, 39, 47, 90, 108, 79, 100, 40, 57, 71, 74, 44, 61, 61, 42, 75, 98, 93, 97, 58, 55, 57, 52, 53, 79, 93, 67]
    Layer 18: dist=[34, 45, 35, 33, 56, 78, 74, 57, 64, 67, 66, 79, 61, 60, 57, 62, 46, 74, 72, 52, 68, 47, 65, 96, 58, 62, 61, 63, 52, 53, 79, 56]
    Layer 19: dist=[73, 64, 63, 62, 76, 103, 54, 71, 81, 85, 84, 93, 63, 57, 75, 63, 84, 85, 49, 49, 21, 50, 33, 49, 102, 106, 102, 116, 77, 77, 73, 72]
    Layer 20: dist=[89, 79, 80, 77, 78, 51, 49, 57, 40, 36, 43, 39, 92, 79, 87, 96, 45, 51, 56, 39, 73, 111, 101, 98, 125, 97, 105, 85, 93, 79, 108, 108]
    Layer 21: dist=[44, 50, 56, 68, 115, 65, 96, 118, 118, 61, 71, 69, 46, 41, 44, 42, 75, 75, 83, 65, 89, 99, 95, 96, 64, 62, 60, 80, 73, 79, 60, 88]
    Layer 22: dist=[73, 60, 67, 63, 52, 72, 45, 56, 37, 49, 45, 59, 18, 86, 61, 64, 33, 79, 76, 41, 102, 115, 120, 121, 101, 84, 91, 95, 114, 92, 103, 95]
    Layer 23: dist=[39, 30, 48, 39, 110, 111, 41, 102, 79, 36, 45, 63, 75, 72, 79, 77, 82, 75, 74, 94, 72, 93, 82, 76, 78, 72, 68, 100, 91, 90, 83, 78]
    Layer 24: dist=[79, 124, 109, 101, 99, 109, 111, 97, 102, 105, 104, 84, 78, 75, 89, 74, 81, 86, 98, 88, 120, 103, 102, 117, 65, 73, 79, 51, 95, 111, 98, 88]
    Layer 25: dist=[105, 121, 118, 94, 71, 72, 107, 80, 96, 97, 85, 90, 65, 89, 50, 68, 93, 99, 97, 89, 102, 111, 105, 108, 110, 110, 99, 108, 88, 125, 98, 88]
    Layer 26: dist=[80, 88, 106, 68, 115, 113, 113, 110, 102, 107, 105, 98, 100, 124, 116, 116, 86, 93, 99, 95, 102, 113, 122, 114, 99, 97, 102, 93, 115, 96, 114, 95]
    Layer 27: dist=[87, 108, 103, 117, 98, 105, 101, 86, 77, 100, 107, 99, 78, 109, 80, 86, 96, 99, 99, 104, 91, 112, 113, 92, 110, 113, 116, 117, 107, 77, 92, 117]
    Layer 28: dist=[103, 92, 102, 102, 82, 63, 80, 76, 96, 107, 92, 89, 112, 105, 96, 101, 112, 104, 104, 108, 119, 71, 60, 89, 91, 88, 99, 99, 92, 92, 71, 95]
    Layer 29: dist=[113, 114, 114, 113, 90, 112, 94, 114, 119, 113, 122, 105, 120, 120, 119, 120, 116, 106, 115, 121, 123, 123, 107, 125, 100, 114, 97, 92, 106, 95, 106, 109]
    Layer 30: dist=[75, 102, 99, 100, 102, 100, 90, 67, 117, 117, 115, 120, 105, 104, 113, 101, 97, 78, 120, 122, 51, 120, 100, 110, 119, 119, 119, 118, 106, 110, 107, 102]
    Layer 32: dist=[110, 114, 114, 111, 116, 119, 116, 117, 110, 111, 117, 115, 93, 113, 108, 91, 118, 106, 109, 111, 123, 92, 114, 120, 71, 95, 80, 105, 116, 107, 99, 103]
    Layer 33: dist=[102, 120, 112, 119, 91, 102, 57, 94, 116, 116, 113, 113, 114, 115, 113, 116, 114, 117, 106, 109, 112, 96, 110, 113, 111, 119, 122, 118, 110, 111, 107, 104]
    Layer 34: dist=[110, 109, 112, 113, 105, 111, 108, 102, 53, 93, 114, 86, 117, 115, 120, 81, 82, 89, 126, 55, 119, 51, 118, 119, 122, 122, 125, 122, 54, 62, 68, 109]
    Layer 35: dist=[105, 123, 71, 97, 82, 36, 112, 100, 85, 94, 112, 96, 63, 28, 49, 40, 98, 74, 84, 48, 90, 102, 55, 54, 66, 49, 68, 72, 73, 115, 122, 117]

  [Taylor Step 2/3] OLS sigma per head (scaling V, streaming)...
    Layer  0: sigma=[0.613, 0.100, 0.100, 0.100, 0.333, 0.380, 0.100, 0.100, 0.100, 0.148, 0.100, 0.100, 0.100, 0.100, 0.100, 0.259, 0.100, 0.100, 0.100, 0.100, 0.100, 0.100, 0.100, 0.100, 0.100, 0.100, 0.352, 0.100, 0.100, 0.100, 0.161, 0.100]
    Layer  1: sigma=[0.350, 0.100, 0.100, 0.100, 0.100, 0.100, 0.100, 0.100, 0.100, 0.167, 0.246, 0.100, 0.100, 0.100, 0.100, 0.100, 0.100, 0.100, 0.100, 0.100, 0.100, 0.100, 0.100, 0.118, 0.100, 0.100, 0.116, 0.100, 0.100, 0.100, 0.100, 0.100]
    Layer  2: sigma=[0.100, 0.100, 0.100, 0.100, 0.100, 0.100, 0.100, 0.100, 0.108, 0.100, 0.100, 0.100, 0.100, 0.145, 0.100, 0.100, 0.100, 0.220, 0.100, 0.100, 0.100, 0.100, 0.100, 0.100, 0.100, 0.170, 0.100, 0.100, 0.100, 0.100, 0.100, 0.100]
    Layer  3: sigma=[0.100, 0.331, 0.100, 0.152, 0.100, 0.100, 0.100, 0.100, 0.100, 0.100, 0.100, 0.100, 0.100, 0.100, 0.100, 0.100, 0.100, 0.100, 0.100, 0.100, 0.100, 0.107, 0.100, 0.100, 0.100, 0.100, 0.100, 0.100, 0.100, 0.100, 0.100, 0.100]
    Layer  4: sigma=[0.100, 0.100, 0.100, 0.100, 0.100, 0.100, 0.100, 0.100, 0.100, 0.100, 0.100, 0.100, 0.100, 0.100, 0.100, 0.100, 0.100, 0.100, 0.100, 0.100, 0.132, 0.139, 0.323, 0.100, 0.100, 0.100, 0.100, 0.100, 0.100, 0.100, 0.100, 0.100]
    Layer  5: sigma=[0.100, 0.100, 0.100, 0.100, 0.100, 0.100, 0.100, 0.100, 0.100, 0.132, 0.100, 0.108, 0.100, 0.100, 0.100, 0.122, 0.100, 0.187, 0.100, 0.100, 0.100, 0.100, 0.100, 0.100, 0.100, 0.100, 0.100, 0.100, 0.100, 0.100, 0.100, 0.100]
    Layer  6: sigma=[0.100, 0.100, 0.100, 0.100, 0.100, 0.100, 0.100, 0.100, 0.100, 0.100, 0.100, 0.100, 0.100, 0.100, 0.100, 0.100, 0.100, 0.100, 0.100, 0.100, 0.149, 0.100, 0.100, 0.100, 0.100, 0.100, 0.100, 0.100, 0.100, 0.100, 0.100, 0.100]
    Layer  7: sigma=[0.100, 0.155, 0.100, 0.100, 0.109, 0.100, 0.100, 0.100, 0.100, 0.100, 0.100, 0.101, 0.100, 0.100, 0.100, 0.100, 0.100, 0.100, 0.100, 0.100, 0.100, 0.100, 0.100, 0.100, 0.100, 0.100, 0.100, 0.100, 0.100, 0.100, 0.100, 0.100]
    Layer  8: sigma=[0.100, 0.100, 0.100, 0.100, 0.100, 0.100, 0.100, 0.100, 0.100, 0.100, 0.100, 0.100, 0.100, 0.100, 0.100, 0.100, 0.100, 0.100, 0.100, 0.100, 0.100, 0.100, 0.100, 0.100, 0.100, 0.100, 0.100, 0.205, 0.100, 0.100, 0.100, 0.100]
    Layer  9: sigma=[0.100, 0.100, 0.100, 0.100, 0.100, 0.100, 0.100, 0.100, 0.100, 0.100, 0.100, 0.100, 0.100, 0.100, 0.557, 0.139, 0.100, 0.100, 0.100, 0.100, 0.100, 0.100, 0.100, 0.100, 0.100, 0.100, 0.100, 0.100, 0.100, 0.100, 0.100, 0.100]
    Layer 10: sigma=[0.100, 0.100, 0.100, 0.100, 0.100, 0.100, 0.100, 0.100, 0.100, 0.100, 0.100, 0.100, 0.100, 0.100, 0.100, 0.100, 0.100, 0.100, 0.100, 0.100, 0.100, 0.100, 0.100, 0.100, 0.100, 0.100, 0.100, 0.100, 0.100, 0.100, 0.100, 0.100]
    Layer 11: sigma=[0.100, 0.100, 0.100, 0.100, 0.156, 0.100, 0.100, 0.100, 0.100, 0.105, 0.100, 0.100, 0.100, 0.100, 0.251, 0.100, 0.100, 0.100, 0.100, 0.100, 0.100, 0.100, 0.100, 0.100, 0.100, 0.100, 0.178, 0.100, 0.100, 0.100, 0.100, 0.100]
    Layer 12: sigma=[0.100, 0.100, 0.100, 0.100, 0.100, 0.100, 0.100, 0.100, 0.100, 0.100, 0.100, 0.108, 0.100, 0.100, 0.100, 0.100, 0.100, 0.319, 0.155, 0.100, 0.100, 0.100, 0.100, 0.100, 0.100, 0.100, 0.100, 0.214, 0.100, 0.100, 0.122, 0.100]
    Layer 13: sigma=[0.226, 0.100, 0.100, 0.286, 0.100, 0.100, 0.100, 0.100, 0.100, 0.100, 0.100, 0.100, 0.100, 0.100, 0.100, 0.100, 0.100, 0.100, 0.100, 0.108, 0.100, 0.100, 0.100, 0.100, 0.100, 0.100, 0.100, 0.100, 0.100, 0.100, 0.100, 0.100]
    Layer 14: sigma=[0.100, 0.100, 0.100, 0.100, 0.100, 0.407, 0.100, 0.100, 0.100, 0.100, 0.100, 0.100, 0.100, 0.100, 0.100, 0.100, 0.100, 0.100, 0.100, 0.100, 0.100, 0.100, 0.100, 0.100, 0.100, 0.116, 0.100, 0.100, 0.100, 0.100, 0.100, 0.100]
    Layer 15: sigma=[0.100, 0.201, 0.100, 0.100, 0.100, 0.111, 0.100, 0.100, 0.100, 0.100, 0.100, 0.100, 0.211, 0.100, 0.100, 0.100, 0.100, 0.100, 0.100, 0.100, 0.100, 0.100, 0.100, 0.100, 0.127, 0.100, 0.100, 0.100, 0.100, 0.100, 0.100, 0.100]
    Layer 16: sigma=[0.100, 0.100, 0.100, 0.100, 0.100, 0.100, 0.100, 0.100, 0.100, 0.100, 0.100, 0.100, 0.100, 0.100, 0.100, 0.100, 0.100, 0.100, 0.100, 0.100, 0.100, 0.100, 0.100, 0.100, 0.100, 0.100, 0.100, 0.471, 0.100, 0.100, 0.100, 0.100]
    Layer 17: sigma=[0.100, 0.100, 0.100, 0.100, 0.100, 0.148, 0.100, 0.100, 0.100, 0.100, 0.100, 0.100, 0.100, 0.100, 0.100, 0.100, 0.109, 0.100, 0.100, 0.359, 0.100, 0.100, 0.100, 0.112, 0.144, 0.100, 0.366, 0.100, 0.100, 0.100, 0.100, 0.100]
    Layer 18: sigma=[0.100, 0.439, 0.100, 0.100, 0.100, 0.100, 0.100, 0.191, 0.100, 0.100, 0.100, 0.100, 0.100, 0.100, 0.100, 0.100, 0.163, 0.100, 0.100, 0.100, 0.100, 0.100, 0.100, 0.100, 0.100, 0.100, 0.100, 0.100, 0.100, 0.100, 0.100, 0.100]
    Layer 19: sigma=[0.100, 0.100, 0.100, 0.100, 0.100, 0.100, 0.100, 0.100, 0.100, 0.100, 0.100, 0.100, 0.142, 0.100, 0.100, 0.203, 0.100, 0.100, 0.100, 0.301, 0.100, 0.100, 0.100, 0.101, 0.100, 0.100, 0.100, 0.100, 0.100, 0.100, 0.100, 0.100]
    Layer 20: sigma=[0.100, 0.100, 0.100, 0.100, 0.100, 0.194, 0.100, 0.100, 0.142, 0.117, 0.100, 0.100, 0.100, 0.100, 0.100, 0.127, 0.100, 0.138, 0.100, 0.100, 0.100, 0.100, 0.100, 0.100, 0.100, 0.100, 0.100, 0.100, 0.100, 0.100, 0.100, 0.100]
    Layer 21: sigma=[0.100, 0.126, 0.100, 0.100, 0.100, 0.100, 0.100, 0.100, 0.100, 0.137, 0.100, 0.254, 0.100, 0.100, 0.100, 0.100, 0.100, 0.100, 0.100, 0.100, 0.100, 0.120, 0.100, 0.100, 0.253, 0.100, 0.100, 0.100, 0.100, 0.100, 0.280, 0.100]
    Layer 22: sigma=[0.132, 0.100, 0.100, 0.100, 0.167, 0.155, 0.100, 0.242, 0.100, 0.100, 0.100, 0.100, 0.100, 0.100, 0.100, 0.100, 0.100, 0.100, 0.100, 0.100, 0.100, 0.100, 0.100, 0.100, 0.100, 0.100, 0.100, 0.100, 0.100, 0.100, 0.100, 0.100]
    Layer 23: sigma=[0.176, 0.258, 0.146, 0.100, 0.100, 0.100, 0.105, 0.100, 0.100, 0.225, 0.100, 0.100, 0.100, 0.100, 0.100, 0.100, 0.100, 0.100, 0.100, 0.100, 0.100, 0.100, 0.100, 0.100, 0.100, 0.100, 0.100, 0.100, 0.100, 0.100, 0.152, 0.247]
    Layer 24: sigma=[0.100, 0.100, 0.100, 0.100, 0.100, 0.100, 0.100, 0.100, 0.100, 0.100, 0.100, 0.100, 0.100, 0.100, 0.100, 0.147, 0.100, 0.100, 0.100, 0.100, 0.100, 0.100, 0.100, 0.100, 0.216, 0.365, 0.100, 0.376, 0.100, 0.100, 0.100, 0.100]
    Layer 25: sigma=[0.100, 0.100, 0.100, 0.100, 0.100, 0.100, 0.100, 0.100, 0.100, 0.100, 0.100, 0.100, 0.100, 0.100, 0.109, 0.100, 0.100, 0.100, 0.100, 0.100, 0.100, 0.100, 0.100, 0.100, 0.100, 0.100, 0.100, 0.100, 0.100, 0.100, 0.100, 0.100]
    Layer 26: sigma=[0.124, 0.100, 0.100, 0.100, 0.100, 0.100, 0.100, 0.100, 0.100, 0.100, 0.100, 0.100, 0.100, 0.100, 0.100, 0.100, 0.100, 0.100, 0.100, 0.100, 0.100, 0.100, 0.100, 0.100, 0.100, 0.100, 0.100, 0.100, 0.100, 0.100, 0.100, 0.100]
    Layer 27: sigma=[0.100, 0.100, 0.100, 0.100, 0.100, 0.100, 0.100, 0.100, 0.100, 0.100, 0.100, 0.100, 0.100, 0.100, 0.100, 0.100, 0.100, 0.100, 0.100, 0.100, 0.100, 0.100, 0.100, 0.100, 0.100, 0.100, 0.100, 0.100, 0.100, 0.100, 0.100, 0.100]
    Layer 28: sigma=[0.100, 0.100, 0.100, 0.100, 0.100, 0.100, 0.100, 0.116, 0.100, 0.100, 0.100, 0.100, 0.100, 0.100, 0.100, 0.100, 0.100, 0.100, 0.100, 0.100, 0.100, 0.100, 0.100, 0.100, 0.100, 0.100, 0.100, 0.100, 0.100, 0.100, 0.100, 0.100]
    Layer 29: sigma=[0.100, 0.100, 0.100, 0.100, 0.100, 0.100, 0.100, 0.100, 0.100, 0.100, 0.100, 0.100, 0.100, 0.100, 0.100, 0.100, 0.100, 0.100, 0.100, 0.100, 0.100, 0.100, 0.100, 0.100, 0.100, 0.100, 0.100, 0.100, 0.100, 0.100, 0.100, 0.100]
    Layer 30: sigma=[0.100, 0.100, 0.100, 0.100, 0.100, 0.100, 0.100, 0.100, 0.100, 0.100, 0.100, 0.100, 0.100, 0.100, 0.100, 0.110, 0.108, 0.100, 0.100, 0.100, 0.100, 0.100, 0.100, 0.100, 0.100, 0.100, 0.100, 0.100, 0.100, 0.100, 0.100, 0.100]
    Layer 32: sigma=[0.100, 0.100, 0.100, 0.100, 0.100, 0.100, 0.100, 0.100, 0.100, 0.100, 0.100, 0.100, 0.100, 0.100, 0.100, 0.100, 0.100, 0.100, 0.100, 0.100, 0.100, 0.100, 0.100, 0.100, 0.100, 0.100, 0.100, 0.100, 0.100, 0.100, 0.100, 0.100]
    Layer 33: sigma=[0.100, 0.100, 0.100, 0.100, 0.100, 0.100, 0.100, 0.100, 0.100, 0.100, 0.100, 0.100, 0.100, 0.100, 0.100, 0.100, 0.100, 0.100, 0.100, 0.100, 0.100, 0.100, 0.100, 0.100, 0.100, 0.100, 0.100, 0.100, 0.100, 0.100, 0.100, 0.100]
    Layer 34: sigma=[0.100, 0.100, 0.100, 0.100, 0.100, 0.100, 0.100, 0.100, 0.100, 0.100, 0.100, 0.100, 0.100, 0.100, 0.100, 0.100, 0.100, 0.100, 0.100, 0.100, 0.100, 0.100, 0.100, 0.100, 0.100, 0.100, 0.100, 0.100, 0.100, 0.100, 0.100, 0.100]
    Layer 35: sigma=[0.100, 0.100, 0.100, 0.100, 0.100, 0.100, 0.100, 0.100, 0.100, 0.100, 0.100, 0.100, 0.100, 0.100, 0.100, 0.100, 0.100, 0.100, 0.100, 0.100, 0.100, 0.100, 0.113, 0.100, 0.100, 0.100, 0.100, 0.100, 0.100, 0.100, 0.100, 0.100]

  [Taylor Step 3/3] g_proj = v_proj * alpha (damping=0.01)...
    Layer  0: alpha=0.060505  teacher_rms=0.0163  v_rms=0.0027
    Layer  1: alpha=0.060840  teacher_rms=0.0205  v_rms=0.0034
    Layer  2: alpha=0.057035  teacher_rms=0.0214  v_rms=0.0038
    Layer  3: alpha=0.048533  teacher_rms=0.0259  v_rms=0.0053
    Layer  4: alpha=0.047216  teacher_rms=0.0304  v_rms=0.0064
    Layer  5: alpha=0.061767  teacher_rms=0.0409  v_rms=0.0066
    Layer  6: alpha=0.078582  teacher_rms=0.0621  v_rms=0.0079
    Layer  7: alpha=0.046044  teacher_rms=0.0530  v_rms=0.0115
    Layer  8: alpha=0.046686  teacher_rms=0.0708  v_rms=0.0152
    Layer  9: alpha=0.035585  teacher_rms=0.0713  v_rms=0.0200
    Layer 10: alpha=0.051225  teacher_rms=0.1092  v_rms=0.0213
    Layer 11: alpha=0.061856  teacher_rms=0.1046  v_rms=0.0169
    Layer 12: alpha=0.060304  teacher_rms=0.1207  v_rms=0.0200
    Layer 13: alpha=0.054591  teacher_rms=0.1040  v_rms=0.0190
    Layer 14: alpha=0.064197  teacher_rms=0.1547  v_rms=0.0241
    Layer 15: alpha=0.057388  teacher_rms=0.1576  v_rms=0.0275
    Layer 16: alpha=0.040594  teacher_rms=0.1473  v_rms=0.0363
    Layer 17: alpha=0.045949  teacher_rms=0.1753  v_rms=0.0382
    Layer 18: alpha=0.046409  teacher_rms=0.1990  v_rms=0.0429
    Layer 19: alpha=0.054343  teacher_rms=0.2060  v_rms=0.0379
    Layer 20: alpha=0.056051  teacher_rms=0.1966  v_rms=0.0351
    Layer 21: alpha=0.049912  teacher_rms=0.2373  v_rms=0.0475
    Layer 22: alpha=0.055483  teacher_rms=0.2834  v_rms=0.0511
    Layer 23: alpha=0.052327  teacher_rms=0.3098  v_rms=0.0592
    Layer 24: alpha=0.033466  teacher_rms=0.2897  v_rms=0.0866
    Layer 25: alpha=0.039970  teacher_rms=0.2376  v_rms=0.0594
    Layer 26: alpha=0.029005  teacher_rms=0.2124  v_rms=0.0732
    Layer 27: alpha=0.037093  teacher_rms=0.3083  v_rms=0.0831
    Layer 28: alpha=0.042586  teacher_rms=0.3705  v_rms=0.0870
    Layer 29: alpha=0.017344  teacher_rms=0.2548  v_rms=0.1469
    Layer 30: alpha=0.028894  teacher_rms=0.4297  v_rms=0.1487
    Layer 32: alpha=0.023899  teacher_rms=0.5288  v_rms=0.2213
    Layer 33: alpha=0.018560  teacher_rms=0.6404  v_rms=0.3451
    Layer 34: alpha=0.033190  teacher_rms=1.0325  v_rms=0.3111
    Layer 35: alpha=0.059924  teacher_rms=1.0168  v_rms=0.1697

  Set g_proj = v_proj * alpha in 35 GDN layers (damping=0.01).
  Init (taylor_init) done in 336.1s
  Layer 31: PPL = 4238673.00  (eval 16.9s)

============================================================
  Probing layer 32 | strategy=taylor_init
============================================================
Loading checkpoint shards:   0%|          | 0/4 [00:00<?, ?it/s]Loading checkpoint shards: 100%|██████████| 4/4 [00:00<00:00, 100.82it/s]
Could not cache non-existence of file. Will ignore error and continue. Error: [Errno 13] Permission denied: '/data/shared/huggingface/hub/models--Qwen--Qwen3-8B/.no_exist/b968826d9c46dd6066d109eabc6255188de91218/model.safetensors'
Loading checkpoint shards:   0%|          | 0/5 [00:00<?, ?it/s]Loading checkpoint shards: 100%|██████████| 5/5 [00:00<00:00, 183.54it/s]
Token indices sequence length is longer than the specified maximum sequence length for this model (2429029 > 131072). Running this sequence through the model will result in indexing errors
  [Taylor Step 1/3] Gate calibration from attention stats...
    Layer  0: dist=[32, 3, 12, 35, 12, 26, 9, 11, 19, 6, 8, 9, 18, 34, 31, 10, 16, 19, 16, 14, 13, 23, 4, 12, 5, 52, 10, 43, 15, 36, 15, 14]
    Layer  1: dist=[19, 38, 25, 44, 3, 15, 31, 11, 45, 36, 65, 60, 34, 47, 51, 38, 32, 54, 57, 33, 56, 24, 40, 40, 37, 9, 44, 41, 83, 31, 37, 49]
    Layer  2: dist=[65, 65, 67, 62, 26, 45, 33, 43, 39, 47, 56, 56, 53, 46, 46, 60, 61, 49, 54, 43, 49, 67, 48, 50, 25, 24, 21, 35, 73, 73, 77, 74]
    Layer  3: dist=[65, 26, 13, 22, 87, 93, 83, 73, 56, 53, 62, 58, 90, 73, 75, 74, 59, 62, 51, 67, 74, 60, 64, 65, 64, 56, 52, 59, 70, 63, 72, 65]
    Layer  4: dist=[62, 63, 73, 67, 73, 56, 61, 89, 68, 69, 63, 60, 55, 55, 71, 61, 62, 65, 67, 70, 64, 61, 47, 64, 41, 51, 48, 34, 51, 66, 55, 55]
    Layer  5: dist=[36, 48, 55, 35, 61, 68, 52, 51, 5, 18, 73, 61, 54, 78, 59, 52, 41, 32, 50, 48, 51, 55, 48, 59, 73, 73, 80, 80, 43, 44, 46, 58]
    Layer  6: dist=[27, 40, 30, 31, 52, 46, 67, 61, 46, 25, 43, 38, 56, 64, 56, 30, 47, 34, 45, 40, 20, 30, 32, 14, 35, 50, 32, 49, 47, 43, 37, 53]
    Layer  7: dist=[55, 60, 64, 87, 126, 114, 127, 121, 88, 119, 99, 72, 108, 23, 53, 97, 80, 101, 85, 81, 106, 86, 112, 116, 64, 78, 47, 86, 97, 101, 101, 106]
    Layer  8: dist=[83, 87, 90, 58, 81, 77, 69, 78, 86, 99, 87, 90, 94, 86, 96, 70, 116, 107, 103, 96, 92, 106, 100, 111, 92, 72, 95, 67, 84, 72, 79, 74]
    Layer  9: dist=[76, 60, 61, 67, 83, 97, 96, 74, 123, 120, 118, 112, 27, 87, 63, 85, 93, 100, 114, 125, 87, 77, 60, 70, 119, 81, 91, 97, 125, 113, 127, 123]
    Layer 10: dist=[76, 71, 58, 74, 85, 102, 64, 74, 63, 88, 106, 49, 88, 67, 82, 86, 87, 102, 100, 107, 88, 60, 107, 90, 93, 107, 84, 77, 76, 65, 82, 90]
    Layer 11: dist=[78, 65, 79, 48, 53, 61, 78, 77, 102, 123, 109, 93, 82, 64, 65, 69, 69, 63, 61, 51, 77, 107, 89, 87, 67, 59, 56, 54, 95, 55, 55, 94]
    Layer 12: dist=[21, 72, 79, 61, 87, 83, 66, 70, 63, 62, 74, 77, 86, 81, 82, 87, 39, 68, 59, 94, 102, 112, 97, 103, 93, 2, 107, 38, 81, 88, 113, 91]
    Layer 13: dist=[52, 68, 66, 62, 52, 51, 65, 40, 86, 63, 99, 122, 128, 115, 109, 124, 85, 72, 57, 61, 93, 55, 83, 90, 84, 59, 72, 76, 113, 111, 96, 99]
    Layer 14: dist=[44, 64, 65, 46, 62, 45, 64, 65, 54, 57, 70, 68, 69, 76, 65, 67, 77, 86, 51, 64, 65, 31, 51, 81, 52, 67, 73, 64, 85, 88, 8, 89]
    Layer 15: dist=[80, 44, 79, 38, 37, 38, 79, 67, 90, 60, 46, 104, 68, 107, 79, 89, 61, 57, 64, 68, 58, 60, 50, 51, 49, 34, 86, 62, 72, 84, 71, 49]
    Layer 16: dist=[61, 57, 74, 85, 55, 58, 48, 55, 54, 82, 73, 84, 90, 69, 86, 86, 68, 71, 60, 62, 115, 118, 110, 103, 71, 54, 64, 10, 58, 59, 65, 56]
    Layer 17: dist=[111, 95, 79, 67, 53, 57, 39, 47, 90, 108, 79, 100, 40, 57, 71, 74, 44, 61, 61, 42, 75, 98, 93, 97, 58, 55, 57, 52, 53, 79, 93, 67]
    Layer 18: dist=[34, 45, 35, 33, 56, 78, 74, 57, 64, 67, 66, 79, 61, 60, 57, 62, 46, 74, 72, 52, 68, 47, 65, 96, 58, 62, 61, 63, 52, 53, 79, 56]
    Layer 19: dist=[73, 64, 63, 62, 76, 103, 54, 71, 81, 85, 84, 93, 63, 57, 75, 63, 84, 85, 49, 49, 21, 50, 33, 49, 102, 106, 102, 116, 77, 77, 73, 72]
    Layer 20: dist=[89, 79, 80, 77, 78, 51, 49, 57, 40, 36, 43, 39, 92, 79, 87, 96, 45, 51, 56, 39, 73, 111, 101, 98, 125, 97, 105, 85, 93, 79, 108, 108]
    Layer 21: dist=[44, 50, 56, 68, 115, 65, 96, 118, 118, 61, 71, 69, 46, 41, 44, 42, 75, 75, 83, 65, 89, 99, 95, 96, 64, 62, 60, 80, 73, 79, 60, 88]
    Layer 22: dist=[73, 60, 67, 63, 52, 72, 45, 56, 37, 49, 45, 59, 18, 86, 61, 64, 33, 79, 76, 41, 102, 115, 120, 121, 101, 84, 91, 95, 114, 92, 103, 95]
    Layer 23: dist=[39, 30, 48, 39, 110, 111, 41, 102, 79, 36, 45, 63, 75, 72, 79, 77, 82, 75, 74, 94, 72, 93, 82, 76, 78, 72, 68, 100, 91, 90, 83, 78]
    Layer 24: dist=[79, 124, 109, 101, 99, 109, 111, 97, 102, 105, 104, 84, 78, 75, 89, 74, 81, 86, 98, 88, 120, 103, 102, 117, 65, 73, 79, 51, 95, 111, 98, 88]
    Layer 25: dist=[105, 121, 118, 94, 71, 72, 107, 80, 96, 97, 85, 90, 65, 89, 50, 68, 93, 99, 97, 89, 102, 111, 105, 108, 110, 110, 99, 108, 88, 125, 98, 88]
    Layer 26: dist=[80, 88, 106, 68, 115, 113, 113, 110, 102, 107, 105, 98, 100, 124, 116, 116, 86, 93, 99, 95, 102, 113, 122, 114, 99, 97, 102, 93, 115, 96, 114, 95]
    Layer 27: dist=[87, 108, 103, 117, 98, 105, 101, 86, 77, 100, 107, 99, 78, 109, 80, 86, 96, 99, 99, 104, 91, 112, 113, 92, 110, 113, 116, 117, 107, 77, 92, 117]
    Layer 28: dist=[103, 92, 102, 102, 82, 63, 80, 76, 96, 107, 92, 89, 112, 105, 96, 101, 112, 104, 104, 108, 119, 71, 60, 89, 91, 88, 99, 99, 92, 92, 71, 95]
    Layer 29: dist=[113, 114, 114, 113, 90, 112, 94, 114, 119, 113, 122, 105, 120, 120, 119, 120, 116, 106, 115, 121, 123, 123, 107, 125, 100, 114, 97, 92, 106, 95, 106, 109]
    Layer 30: dist=[75, 102, 99, 100, 102, 100, 90, 67, 117, 117, 115, 120, 105, 104, 113, 101, 97, 78, 120, 122, 51, 120, 100, 110, 119, 119, 119, 118, 106, 110, 107, 102]
    Layer 31: dist=[119, 117, 99, 98, 112, 113, 114, 116, 114, 77, 87, 91, 117, 116, 117, 115, 101, 101, 106, 94, 119, 116, 108, 119, 112, 109, 89, 120, 112, 106, 102, 110]
    Layer 33: dist=[102, 120, 112, 119, 91, 102, 57, 94, 116, 116, 113, 113, 114, 115, 113, 116, 114, 117, 106, 109, 112, 96, 110, 113, 111, 119, 122, 118, 110, 111, 107, 104]
    Layer 34: dist=[110, 109, 112, 113, 105, 111, 108, 102, 53, 93, 114, 86, 117, 115, 120, 81, 82, 89, 126, 55, 119, 51, 118, 119, 122, 122, 125, 122, 54, 62, 68, 109]
    Layer 35: dist=[105, 123, 71, 97, 82, 36, 112, 100, 85, 94, 112, 96, 63, 28, 49, 40, 98, 74, 84, 48, 90, 102, 55, 54, 66, 49, 68, 72, 73, 115, 122, 117]

  [Taylor Step 2/3] OLS sigma per head (scaling V, streaming)...
    Layer  0: sigma=[0.612, 0.100, 0.100, 0.100, 0.332, 0.378, 0.100, 0.100, 0.100, 0.147, 0.100, 0.100, 0.100, 0.100, 0.100, 0.260, 0.100, 0.100, 0.100, 0.100, 0.100, 0.100, 0.100, 0.100, 0.100, 0.100, 0.351, 0.100, 0.100, 0.100, 0.161, 0.100]
    Layer  1: sigma=[0.352, 0.100, 0.100, 0.100, 0.100, 0.100, 0.100, 0.100, 0.100, 0.166, 0.245, 0.100, 0.100, 0.100, 0.100, 0.100, 0.100, 0.100, 0.100, 0.100, 0.100, 0.100, 0.100, 0.117, 0.100, 0.100, 0.114, 0.100, 0.100, 0.100, 0.100, 0.100]
    Layer  2: sigma=[0.100, 0.100, 0.100, 0.100, 0.100, 0.100, 0.100, 0.100, 0.108, 0.101, 0.100, 0.100, 0.100, 0.144, 0.100, 0.100, 0.100, 0.219, 0.100, 0.100, 0.100, 0.100, 0.100, 0.100, 0.100, 0.171, 0.100, 0.100, 0.100, 0.100, 0.100, 0.100]
    Layer  3: sigma=[0.100, 0.327, 0.100, 0.151, 0.100, 0.100, 0.100, 0.100, 0.100, 0.100, 0.100, 0.100, 0.100, 0.100, 0.100, 0.100, 0.100, 0.100, 0.100, 0.100, 0.100, 0.108, 0.100, 0.100, 0.100, 0.100, 0.100, 0.100, 0.100, 0.100, 0.100, 0.100]
    Layer  4: sigma=[0.100, 0.100, 0.100, 0.100, 0.100, 0.100, 0.100, 0.100, 0.100, 0.100, 0.100, 0.100, 0.100, 0.100, 0.100, 0.100, 0.100, 0.100, 0.100, 0.100, 0.131, 0.139, 0.315, 0.100, 0.100, 0.100, 0.100, 0.100, 0.100, 0.100, 0.100, 0.100]
    Layer  5: sigma=[0.100, 0.100, 0.100, 0.100, 0.100, 0.100, 0.100, 0.100, 0.100, 0.134, 0.100, 0.109, 0.100, 0.100, 0.100, 0.120, 0.100, 0.176, 0.100, 0.100, 0.100, 0.100, 0.100, 0.100, 0.100, 0.100, 0.100, 0.100, 0.100, 0.100, 0.100, 0.100]
    Layer  6: sigma=[0.100, 0.100, 0.100, 0.100, 0.100, 0.100, 0.100, 0.100, 0.100, 0.100, 0.100, 0.100, 0.100, 0.100, 0.100, 0.100, 0.100, 0.100, 0.100, 0.100, 0.153, 0.100, 0.100, 0.100, 0.100, 0.100, 0.100, 0.100, 0.100, 0.100, 0.100, 0.100]
    Layer  7: sigma=[0.100, 0.154, 0.100, 0.100, 0.113, 0.100, 0.100, 0.100, 0.100, 0.100, 0.100, 0.100, 0.100, 0.100, 0.100, 0.100, 0.100, 0.100, 0.100, 0.100, 0.100, 0.100, 0.100, 0.100, 0.100, 0.100, 0.100, 0.100, 0.100, 0.100, 0.100, 0.100]
    Layer  8: sigma=[0.100, 0.100, 0.100, 0.100, 0.100, 0.100, 0.100, 0.100, 0.100, 0.100, 0.100, 0.100, 0.100, 0.100, 0.100, 0.100, 0.100, 0.100, 0.100, 0.100, 0.100, 0.100, 0.100, 0.100, 0.100, 0.100, 0.100, 0.209, 0.100, 0.100, 0.100, 0.100]
    Layer  9: sigma=[0.100, 0.100, 0.100, 0.100, 0.100, 0.100, 0.100, 0.100, 0.100, 0.100, 0.100, 0.100, 0.100, 0.100, 0.596, 0.133, 0.100, 0.100, 0.100, 0.100, 0.100, 0.100, 0.100, 0.100, 0.100, 0.100, 0.100, 0.100, 0.100, 0.100, 0.100, 0.100]
    Layer 10: sigma=[0.100, 0.100, 0.100, 0.100, 0.100, 0.100, 0.100, 0.100, 0.100, 0.100, 0.100, 0.100, 0.100, 0.100, 0.100, 0.100, 0.100, 0.100, 0.100, 0.100, 0.100, 0.100, 0.100, 0.100, 0.100, 0.100, 0.100, 0.100, 0.100, 0.100, 0.100, 0.100]
    Layer 11: sigma=[0.100, 0.100, 0.100, 0.100, 0.133, 0.100, 0.100, 0.100, 0.100, 0.105, 0.100, 0.100, 0.100, 0.100, 0.263, 0.100, 0.100, 0.100, 0.100, 0.100, 0.100, 0.100, 0.100, 0.100, 0.100, 0.100, 0.163, 0.100, 0.100, 0.100, 0.100, 0.100]
    Layer 12: sigma=[0.100, 0.100, 0.100, 0.100, 0.100, 0.100, 0.100, 0.100, 0.100, 0.106, 0.100, 0.108, 0.100, 0.100, 0.100, 0.100, 0.100, 0.308, 0.140, 0.100, 0.100, 0.100, 0.100, 0.100, 0.100, 0.100, 0.100, 0.210, 0.100, 0.100, 0.120, 0.100]
    Layer 13: sigma=[0.218, 0.100, 0.100, 0.317, 0.100, 0.100, 0.100, 0.100, 0.100, 0.100, 0.100, 0.100, 0.100, 0.100, 0.100, 0.100, 0.100, 0.100, 0.100, 0.115, 0.100, 0.100, 0.100, 0.100, 0.100, 0.100, 0.100, 0.100, 0.100, 0.100, 0.100, 0.100]
    Layer 14: sigma=[0.100, 0.100, 0.100, 0.100, 0.100, 0.374, 0.100, 0.100, 0.100, 0.100, 0.100, 0.100, 0.100, 0.100, 0.100, 0.100, 0.100, 0.100, 0.100, 0.100, 0.100, 0.100, 0.100, 0.100, 0.109, 0.123, 0.100, 0.100, 0.100, 0.100, 0.100, 0.100]
    Layer 15: sigma=[0.100, 0.200, 0.100, 0.100, 0.100, 0.106, 0.100, 0.100, 0.100, 0.100, 0.100, 0.100, 0.203, 0.100, 0.100, 0.100, 0.100, 0.100, 0.100, 0.100, 0.100, 0.100, 0.100, 0.100, 0.138, 0.100, 0.100, 0.100, 0.100, 0.100, 0.100, 0.100]
    Layer 16: sigma=[0.100, 0.100, 0.100, 0.100, 0.100, 0.100, 0.100, 0.100, 0.100, 0.100, 0.100, 0.100, 0.100, 0.100, 0.100, 0.100, 0.100, 0.100, 0.100, 0.100, 0.100, 0.100, 0.100, 0.100, 0.100, 0.100, 0.100, 0.463, 0.100, 0.100, 0.100, 0.100]
    Layer 17: sigma=[0.100, 0.100, 0.100, 0.100, 0.100, 0.137, 0.100, 0.100, 0.100, 0.100, 0.100, 0.100, 0.100, 0.100, 0.100, 0.100, 0.136, 0.100, 0.100, 0.346, 0.100, 0.100, 0.100, 0.107, 0.146, 0.100, 0.364, 0.100, 0.100, 0.100, 0.100, 0.100]
    Layer 18: sigma=[0.100, 0.433, 0.100, 0.100, 0.100, 0.100, 0.100, 0.193, 0.100, 0.100, 0.100, 0.100, 0.100, 0.100, 0.100, 0.100, 0.154, 0.100, 0.100, 0.100, 0.100, 0.100, 0.100, 0.100, 0.100, 0.100, 0.100, 0.100, 0.100, 0.100, 0.100, 0.100]
    Layer 19: sigma=[0.100, 0.100, 0.100, 0.100, 0.100, 0.100, 0.100, 0.100, 0.100, 0.100, 0.100, 0.100, 0.138, 0.100, 0.100, 0.201, 0.100, 0.100, 0.100, 0.283, 0.100, 0.100, 0.100, 0.111, 0.100, 0.100, 0.100, 0.100, 0.100, 0.100, 0.100, 0.100]
    Layer 20: sigma=[0.100, 0.100, 0.100, 0.100, 0.100, 0.175, 0.100, 0.100, 0.159, 0.105, 0.100, 0.100, 0.100, 0.100, 0.100, 0.118, 0.100, 0.146, 0.100, 0.100, 0.100, 0.100, 0.100, 0.100, 0.100, 0.100, 0.100, 0.100, 0.100, 0.100, 0.100, 0.100]
    Layer 21: sigma=[0.100, 0.142, 0.100, 0.100, 0.100, 0.100, 0.100, 0.100, 0.100, 0.166, 0.100, 0.251, 0.100, 0.100, 0.100, 0.100, 0.100, 0.100, 0.100, 0.100, 0.100, 0.111, 0.100, 0.100, 0.173, 0.100, 0.100, 0.100, 0.100, 0.100, 0.236, 0.100]
    Layer 22: sigma=[0.163, 0.100, 0.100, 0.100, 0.175, 0.132, 0.100, 0.195, 0.100, 0.100, 0.100, 0.100, 0.100, 0.100, 0.100, 0.105, 0.100, 0.100, 0.100, 0.100, 0.100, 0.100, 0.100, 0.100, 0.100, 0.100, 0.100, 0.100, 0.100, 0.100, 0.100, 0.100]
    Layer 23: sigma=[0.163, 0.296, 0.193, 0.100, 0.100, 0.100, 0.121, 0.100, 0.100, 0.247, 0.100, 0.100, 0.100, 0.100, 0.100, 0.100, 0.100, 0.100, 0.100, 0.100, 0.100, 0.100, 0.100, 0.100, 0.100, 0.100, 0.100, 0.100, 0.100, 0.115, 0.121, 0.209]
    Layer 24: sigma=[0.100, 0.100, 0.100, 0.100, 0.100, 0.100, 0.100, 0.100, 0.100, 0.100, 0.100, 0.100, 0.100, 0.100, 0.100, 0.118, 0.100, 0.100, 0.100, 0.100, 0.100, 0.100, 0.100, 0.100, 0.175, 0.370, 0.100, 0.407, 0.100, 0.100, 0.100, 0.100]
    Layer 25: sigma=[0.100, 0.100, 0.100, 0.100, 0.100, 0.100, 0.100, 0.100, 0.100, 0.100, 0.100, 0.100, 0.100, 0.100, 0.105, 0.100, 0.100, 0.100, 0.100, 0.100, 0.100, 0.100, 0.100, 0.100, 0.100, 0.100, 0.100, 0.100, 0.100, 0.100, 0.100, 0.100]
    Layer 26: sigma=[0.133, 0.100, 0.100, 0.100, 0.100, 0.100, 0.100, 0.100, 0.100, 0.100, 0.100, 0.100, 0.100, 0.100, 0.100, 0.100, 0.100, 0.100, 0.100, 0.100, 0.100, 0.100, 0.100, 0.100, 0.100, 0.100, 0.100, 0.100, 0.100, 0.100, 0.100, 0.100]
    Layer 27: sigma=[0.100, 0.100, 0.100, 0.100, 0.100, 0.100, 0.100, 0.100, 0.100, 0.100, 0.100, 0.100, 0.100, 0.100, 0.100, 0.100, 0.100, 0.100, 0.100, 0.100, 0.100, 0.100, 0.100, 0.100, 0.100, 0.100, 0.100, 0.100, 0.100, 0.106, 0.100, 0.100]
    Layer 28: sigma=[0.100, 0.100, 0.100, 0.100, 0.100, 0.100, 0.100, 0.248, 0.100, 0.100, 0.100, 0.100, 0.100, 0.100, 0.100, 0.100, 0.100, 0.100, 0.100, 0.100, 0.100, 0.100, 0.100, 0.100, 0.100, 0.100, 0.100, 0.100, 0.100, 0.100, 0.100, 0.100]
    Layer 29: sigma=[0.100, 0.100, 0.100, 0.100, 0.100, 0.100, 0.100, 0.100, 0.100, 0.100, 0.100, 0.100, 0.100, 0.100, 0.100, 0.100, 0.100, 0.100, 0.100, 0.100, 0.100, 0.100, 0.100, 0.100, 0.100, 0.100, 0.100, 0.100, 0.100, 0.100, 0.100, 0.100]
    Layer 30: sigma=[0.100, 0.100, 0.100, 0.100, 0.100, 0.100, 0.100, 0.100, 0.100, 0.100, 0.100, 0.100, 0.100, 0.100, 0.100, 0.100, 0.100, 0.100, 0.100, 0.100, 0.100, 0.100, 0.100, 0.100, 0.100, 0.100, 0.100, 0.100, 0.100, 0.100, 0.100, 0.100]
    Layer 31: sigma=[0.100, 0.100, 0.100, 0.100, 0.100, 0.100, 0.100, 0.100, 0.100, 0.100, 0.100, 0.100, 0.100, 0.100, 0.100, 0.100, 0.100, 0.100, 0.100, 0.112, 0.100, 0.100, 0.100, 0.100, 0.100, 0.100, 0.100, 0.100, 0.100, 0.100, 0.100, 0.100]
    Layer 33: sigma=[0.100, 0.100, 0.100, 0.100, 0.100, 0.100, 0.100, 0.100, 0.100, 0.100, 0.100, 0.100, 0.100, 0.100, 0.100, 0.100, 0.100, 0.100, 0.100, 0.100, 0.100, 0.100, 0.100, 0.100, 0.100, 0.100, 0.100, 0.100, 0.100, 0.100, 0.100, 0.100]
    Layer 34: sigma=[0.100, 0.100, 0.100, 0.100, 0.100, 0.100, 0.100, 0.100, 0.100, 0.100, 0.100, 0.100, 0.100, 0.100, 0.100, 0.100, 0.100, 0.100, 0.100, 0.100, 0.100, 0.100, 0.100, 0.100, 0.100, 0.100, 0.100, 0.100, 0.100, 0.100, 0.100, 0.100]
    Layer 35: sigma=[0.100, 0.100, 0.100, 0.100, 0.134, 0.100, 0.100, 0.100, 0.100, 0.100, 0.100, 0.100, 0.100, 0.100, 0.100, 0.100, 0.100, 0.100, 0.100, 0.100, 0.100, 0.100, 0.159, 0.100, 0.100, 0.100, 0.100, 0.100, 0.100, 0.100, 0.100, 0.100]

  [Taylor Step 3/3] g_proj = v_proj * alpha (damping=0.01)...
    Layer  0: alpha=0.060552  teacher_rms=0.0163  v_rms=0.0027
    Layer  1: alpha=0.060822  teacher_rms=0.0205  v_rms=0.0034
    Layer  2: alpha=0.057069  teacher_rms=0.0214  v_rms=0.0038
    Layer  3: alpha=0.048686  teacher_rms=0.0259  v_rms=0.0053
    Layer  4: alpha=0.047448  teacher_rms=0.0304  v_rms=0.0064
    Layer  5: alpha=0.062007  teacher_rms=0.0409  v_rms=0.0066
    Layer  6: alpha=0.078435  teacher_rms=0.0621  v_rms=0.0079
    Layer  7: alpha=0.046011  teacher_rms=0.0530  v_rms=0.0115
    Layer  8: alpha=0.046573  teacher_rms=0.0708  v_rms=0.0152
    Layer  9: alpha=0.034492  teacher_rms=0.0713  v_rms=0.0207
    Layer 10: alpha=0.051225  teacher_rms=0.1092  v_rms=0.0213
    Layer 11: alpha=0.062481  teacher_rms=0.1046  v_rms=0.0167
    Layer 12: alpha=0.061048  teacher_rms=0.1207  v_rms=0.0198
    Layer 13: alpha=0.053633  teacher_rms=0.1040  v_rms=0.0194
    Layer 14: alpha=0.065542  teacher_rms=0.1547  v_rms=0.0236
    Layer 15: alpha=0.057512  teacher_rms=0.1576  v_rms=0.0274
    Layer 16: alpha=0.040810  teacher_rms=0.1473  v_rms=0.0361
    Layer 17: alpha=0.046183  teacher_rms=0.1753  v_rms=0.0380
    Layer 18: alpha=0.046703  teacher_rms=0.1990  v_rms=0.0426
    Layer 19: alpha=0.054899  teacher_rms=0.2060  v_rms=0.0375
    Layer 20: alpha=0.056637  teacher_rms=0.1966  v_rms=0.0347
    Layer 21: alpha=0.052587  teacher_rms=0.2373  v_rms=0.0451
    Layer 22: alpha=0.056192  teacher_rms=0.2834  v_rms=0.0504
    Layer 23: alpha=0.051420  teacher_rms=0.3098  v_rms=0.0603
    Layer 24: alpha=0.032983  teacher_rms=0.2897  v_rms=0.0878
    Layer 25: alpha=0.040014  teacher_rms=0.2376  v_rms=0.0594
    Layer 26: alpha=0.028907  teacher_rms=0.2124  v_rms=0.0735
    Layer 27: alpha=0.037037  teacher_rms=0.3083  v_rms=0.0832
    Layer 28: alpha=0.040145  teacher_rms=0.3705  v_rms=0.0923
    Layer 29: alpha=0.017344  teacher_rms=0.2548  v_rms=0.1469
    Layer 30: alpha=0.029045  teacher_rms=0.4297  v_rms=0.1480
    Layer 31: alpha=0.021175  teacher_rms=0.3785  v_rms=0.1787
    Layer 33: alpha=0.018560  teacher_rms=0.6404  v_rms=0.3451
    Layer 34: alpha=0.033190  teacher_rms=1.0325  v_rms=0.3111
    Layer 35: alpha=0.058466  teacher_rms=1.0168  v_rms=0.1739

  Set g_proj = v_proj * alpha in 35 GDN layers (damping=0.01).
  Init (taylor_init) done in 331.6s
  Layer 32: PPL = 1410724.00  (eval 16.9s)

============================================================
  Probing layer 33 | strategy=taylor_init
============================================================
Loading checkpoint shards:   0%|          | 0/4 [00:00<?, ?it/s]Loading checkpoint shards: 100%|██████████| 4/4 [00:00<00:00, 127.57it/s]
Could not cache non-existence of file. Will ignore error and continue. Error: [Errno 13] Permission denied: '/data/shared/huggingface/hub/models--Qwen--Qwen3-8B/.no_exist/b968826d9c46dd6066d109eabc6255188de91218/model.safetensors'
Loading checkpoint shards:   0%|          | 0/5 [00:00<?, ?it/s]Loading checkpoint shards: 100%|██████████| 5/5 [00:00<00:00, 47.74it/s]Loading checkpoint shards: 100%|██████████| 5/5 [00:00<00:00, 47.65it/s]
Token indices sequence length is longer than the specified maximum sequence length for this model (2429029 > 131072). Running this sequence through the model will result in indexing errors
  [Taylor Step 1/3] Gate calibration from attention stats...
    Layer  0: dist=[32, 3, 12, 35, 12, 26, 9, 11, 19, 6, 8, 9, 18, 34, 31, 10, 16, 19, 16, 14, 13, 23, 4, 12, 5, 52, 10, 43, 15, 36, 15, 14]
    Layer  1: dist=[19, 38, 25, 44, 3, 15, 31, 11, 45, 36, 65, 60, 34, 47, 51, 38, 32, 54, 57, 33, 56, 24, 40, 40, 37, 9, 44, 41, 83, 31, 37, 49]
    Layer  2: dist=[65, 65, 67, 62, 26, 45, 33, 43, 39, 47, 56, 56, 53, 46, 46, 60, 61, 49, 54, 43, 49, 67, 48, 50, 25, 24, 21, 35, 73, 73, 77, 74]
    Layer  3: dist=[65, 26, 13, 22, 87, 93, 83, 73, 56, 53, 62, 58, 90, 73, 75, 74, 59, 62, 51, 67, 74, 60, 64, 65, 64, 56, 52, 59, 70, 63, 72, 65]
    Layer  4: dist=[62, 63, 73, 67, 73, 56, 61, 89, 68, 69, 63, 60, 55, 55, 71, 61, 62, 65, 67, 70, 64, 61, 47, 64, 41, 51, 48, 34, 51, 66, 55, 55]
    Layer  5: dist=[36, 48, 55, 35, 61, 68, 52, 51, 5, 18, 73, 61, 54, 78, 59, 52, 41, 32, 50, 48, 51, 55, 48, 59, 73, 73, 80, 80, 43, 44, 46, 58]
    Layer  6: dist=[27, 40, 30, 31, 52, 46, 67, 61, 46, 25, 43, 38, 56, 64, 56, 30, 47, 34, 45, 40, 20, 30, 32, 14, 35, 50, 32, 49, 47, 43, 37, 53]
    Layer  7: dist=[55, 60, 64, 87, 126, 114, 127, 121, 88, 119, 99, 72, 108, 23, 53, 97, 80, 101, 85, 81, 106, 86, 112, 116, 64, 78, 47, 86, 97, 101, 101, 106]
    Layer  8: dist=[83, 87, 90, 58, 81, 77, 69, 78, 86, 99, 87, 90, 94, 86, 96, 70, 116, 107, 103, 96, 92, 106, 100, 111, 92, 72, 95, 67, 84, 72, 79, 74]
    Layer  9: dist=[76, 60, 61, 67, 83, 97, 96, 74, 123, 120, 118, 112, 27, 87, 63, 85, 93, 100, 114, 125, 87, 77, 60, 70, 119, 81, 91, 97, 125, 113, 127, 123]
    Layer 10: dist=[76, 71, 58, 74, 85, 102, 64, 74, 63, 88, 106, 49, 88, 67, 82, 86, 87, 102, 100, 107, 88, 60, 107, 90, 93, 107, 84, 77, 76, 65, 82, 90]
    Layer 11: dist=[78, 65, 79, 48, 53, 61, 78, 77, 102, 123, 109, 93, 82, 64, 65, 69, 69, 63, 61, 51, 77, 107, 89, 87, 67, 59, 56, 54, 95, 55, 55, 94]
    Layer 12: dist=[21, 72, 79, 61, 87, 83, 66, 70, 63, 62, 74, 77, 86, 81, 82, 87, 39, 68, 59, 94, 102, 112, 97, 103, 93, 2, 107, 38, 81, 88, 113, 91]
    Layer 13: dist=[52, 68, 66, 62, 52, 51, 65, 40, 86, 63, 99, 122, 128, 115, 109, 124, 85, 72, 57, 61, 93, 55, 83, 90, 84, 59, 72, 76, 113, 111, 96, 99]
    Layer 14: dist=[44, 64, 65, 46, 62, 45, 64, 65, 54, 57, 70, 68, 69, 76, 65, 67, 77, 86, 51, 64, 65, 31, 51, 81, 52, 67, 73, 64, 85, 88, 8, 89]
    Layer 15: dist=[80, 44, 79, 38, 37, 38, 79, 67, 90, 60, 46, 104, 68, 107, 79, 89, 61, 57, 64, 68, 58, 60, 50, 51, 49, 34, 86, 62, 72, 84, 71, 49]
    Layer 16: dist=[61, 57, 74, 85, 55, 58, 48, 55, 54, 82, 73, 84, 90, 69, 86, 86, 68, 71, 60, 62, 115, 118, 110, 103, 71, 54, 64, 10, 58, 59, 65, 56]
    Layer 17: dist=[111, 95, 79, 67, 53, 57, 39, 47, 90, 108, 79, 100, 40, 57, 71, 74, 44, 61, 61, 42, 75, 98, 93, 97, 58, 55, 57, 52, 53, 79, 93, 67]
    Layer 18: dist=[34, 45, 35, 33, 56, 78, 74, 57, 64, 67, 66, 79, 61, 60, 57, 62, 46, 74, 72, 52, 68, 47, 65, 96, 58, 62, 61, 63, 52, 53, 79, 56]
    Layer 19: dist=[73, 64, 63, 62, 76, 103, 54, 71, 81, 85, 84, 93, 63, 57, 75, 63, 84, 85, 49, 49, 21, 50, 33, 49, 102, 106, 102, 116, 77, 77, 73, 72]
    Layer 20: dist=[89, 79, 80, 77, 78, 51, 49, 57, 40, 36, 43, 39, 92, 79, 87, 96, 45, 51, 56, 39, 73, 111, 101, 98, 125, 97, 105, 85, 93, 79, 108, 108]
    Layer 21: dist=[44, 50, 56, 68, 115, 65, 96, 118, 118, 61, 71, 69, 46, 41, 44, 42, 75, 75, 83, 65, 89, 99, 95, 96, 64, 62, 60, 80, 73, 79, 60, 88]
    Layer 22: dist=[73, 60, 67, 63, 52, 72, 45, 56, 37, 49, 45, 59, 18, 86, 61, 64, 33, 79, 76, 41, 102, 115, 120, 121, 101, 84, 91, 95, 114, 92, 103, 95]
    Layer 23: dist=[39, 30, 48, 39, 110, 111, 41, 102, 79, 36, 45, 63, 75, 72, 79, 77, 82, 75, 74, 94, 72, 93, 82, 76, 78, 72, 68, 100, 91, 90, 83, 78]
    Layer 24: dist=[79, 124, 109, 101, 99, 109, 111, 97, 102, 105, 104, 84, 78, 75, 89, 74, 81, 86, 98, 88, 120, 103, 102, 117, 65, 73, 79, 51, 95, 111, 98, 88]
    Layer 25: dist=[105, 121, 118, 94, 71, 72, 107, 80, 96, 97, 85, 90, 65, 89, 50, 68, 93, 99, 97, 89, 102, 111, 105, 108, 110, 110, 99, 108, 88, 125, 98, 88]
    Layer 26: dist=[80, 88, 106, 68, 115, 113, 113, 110, 102, 107, 105, 98, 100, 124, 116, 116, 86, 93, 99, 95, 102, 113, 122, 114, 99, 97, 102, 93, 115, 96, 114, 95]
    Layer 27: dist=[87, 108, 103, 117, 98, 105, 101, 86, 77, 100, 107, 99, 78, 109, 80, 86, 96, 99, 99, 104, 91, 112, 113, 92, 110, 113, 116, 117, 107, 77, 92, 117]
    Layer 28: dist=[103, 92, 102, 102, 82, 63, 80, 76, 96, 107, 92, 89, 112, 105, 96, 101, 112, 104, 104, 108, 119, 71, 60, 89, 91, 88, 99, 99, 92, 92, 71, 95]
    Layer 29: dist=[113, 114, 114, 113, 90, 112, 94, 114, 119, 113, 122, 105, 120, 120, 119, 120, 116, 106, 115, 121, 123, 123, 107, 125, 100, 114, 97, 92, 106, 95, 106, 109]
    Layer 30: dist=[75, 102, 99, 100, 102, 100, 90, 67, 117, 117, 115, 120, 105, 104, 113, 101, 97, 78, 120, 122, 51, 120, 100, 110, 119, 119, 119, 118, 106, 110, 107, 102]
    Layer 31: dist=[119, 117, 99, 98, 112, 113, 114, 116, 114, 77, 87, 91, 117, 116, 117, 115, 101, 101, 106, 94, 119, 116, 108, 119, 112, 109, 89, 120, 112, 106, 102, 110]
    Layer 32: dist=[110, 114, 114, 111, 116, 119, 116, 117, 110, 111, 117, 115, 93, 113, 108, 91, 118, 106, 109, 111, 123, 92, 114, 120, 71, 95, 80, 105, 116, 107, 99, 103]
    Layer 34: dist=[110, 109, 112, 113, 105, 111, 108, 102, 53, 93, 114, 86, 117, 115, 120, 81, 82, 89, 126, 55, 119, 51, 118, 119, 122, 122, 125, 122, 54, 62, 68, 109]
    Layer 35: dist=[105, 123, 71, 97, 82, 36, 112, 100, 85, 94, 112, 96, 63, 28, 49, 40, 98, 74, 84, 48, 90, 102, 55, 54, 66, 49, 68, 72, 73, 115, 122, 117]

  [Taylor Step 2/3] OLS sigma per head (scaling V, streaming)...
    Layer  0: sigma=[0.614, 0.100, 0.100, 0.100, 0.333, 0.378, 0.100, 0.100, 0.100, 0.149, 0.100, 0.100, 0.100, 0.100, 0.100, 0.258, 0.100, 0.100, 0.100, 0.100, 0.100, 0.100, 0.100, 0.100, 0.100, 0.100, 0.351, 0.100, 0.100, 0.100, 0.161, 0.100]
    Layer  1: sigma=[0.351, 0.100, 0.100, 0.100, 0.100, 0.100, 0.100, 0.100, 0.100, 0.170, 0.244, 0.100, 0.100, 0.100, 0.100, 0.100, 0.100, 0.100, 0.100, 0.100, 0.100, 0.100, 0.100, 0.115, 0.100, 0.100, 0.112, 0.100, 0.100, 0.100, 0.100, 0.100]
    Layer  2: sigma=[0.100, 0.100, 0.100, 0.100, 0.100, 0.100, 0.100, 0.100, 0.108, 0.100, 0.100, 0.100, 0.100, 0.144, 0.100, 0.100, 0.100, 0.218, 0.100, 0.100, 0.100, 0.100, 0.100, 0.100, 0.100, 0.172, 0.100, 0.100, 0.100, 0.100, 0.100, 0.100]
    Layer  3: sigma=[0.100, 0.320, 0.100, 0.152, 0.100, 0.100, 0.100, 0.100, 0.100, 0.100, 0.100, 0.100, 0.100, 0.100, 0.100, 0.100, 0.100, 0.100, 0.100, 0.100, 0.100, 0.106, 0.100, 0.100, 0.100, 0.100, 0.100, 0.100, 0.100, 0.100, 0.100, 0.100]
    Layer  4: sigma=[0.100, 0.100, 0.100, 0.100, 0.100, 0.100, 0.100, 0.100, 0.100, 0.100, 0.100, 0.100, 0.100, 0.100, 0.100, 0.100, 0.100, 0.100, 0.100, 0.100, 0.132, 0.140, 0.321, 0.100, 0.100, 0.100, 0.100, 0.100, 0.100, 0.100, 0.100, 0.100]
    Layer  5: sigma=[0.100, 0.100, 0.100, 0.100, 0.100, 0.100, 0.100, 0.100, 0.100, 0.131, 0.100, 0.107, 0.100, 0.100, 0.100, 0.122, 0.100, 0.179, 0.100, 0.100, 0.100, 0.100, 0.100, 0.100, 0.100, 0.100, 0.100, 0.100, 0.100, 0.100, 0.100, 0.100]
    Layer  6: sigma=[0.100, 0.100, 0.100, 0.100, 0.100, 0.100, 0.100, 0.100, 0.100, 0.100, 0.100, 0.100, 0.100, 0.100, 0.100, 0.100, 0.100, 0.100, 0.100, 0.100, 0.157, 0.100, 0.100, 0.100, 0.100, 0.100, 0.100, 0.100, 0.100, 0.100, 0.100, 0.100]
    Layer  7: sigma=[0.100, 0.149, 0.100, 0.100, 0.132, 0.100, 0.100, 0.100, 0.100, 0.100, 0.100, 0.100, 0.100, 0.100, 0.100, 0.100, 0.100, 0.100, 0.100, 0.100, 0.100, 0.100, 0.100, 0.100, 0.100, 0.100, 0.100, 0.100, 0.100, 0.100, 0.100, 0.100]
    Layer  8: sigma=[0.100, 0.100, 0.100, 0.100, 0.100, 0.100, 0.100, 0.100, 0.100, 0.100, 0.100, 0.100, 0.100, 0.100, 0.100, 0.100, 0.100, 0.100, 0.100, 0.100, 0.100, 0.100, 0.100, 0.100, 0.100, 0.100, 0.100, 0.180, 0.100, 0.100, 0.100, 0.100]
    Layer  9: sigma=[0.100, 0.100, 0.100, 0.100, 0.100, 0.100, 0.100, 0.100, 0.100, 0.100, 0.100, 0.100, 0.100, 0.100, 0.570, 0.133, 0.100, 0.100, 0.100, 0.100, 0.100, 0.100, 0.100, 0.100, 0.100, 0.100, 0.100, 0.100, 0.100, 0.100, 0.100, 0.100]
    Layer 10: sigma=[0.100, 0.100, 0.100, 0.100, 0.100, 0.100, 0.100, 0.100, 0.100, 0.100, 0.100, 0.100, 0.100, 0.100, 0.100, 0.100, 0.100, 0.100, 0.100, 0.100, 0.100, 0.100, 0.100, 0.100, 0.100, 0.100, 0.100, 0.100, 0.100, 0.100, 0.100, 0.100]
    Layer 11: sigma=[0.100, 0.100, 0.100, 0.100, 0.145, 0.100, 0.100, 0.100, 0.100, 0.107, 0.100, 0.100, 0.100, 0.100, 0.239, 0.100, 0.100, 0.100, 0.100, 0.100, 0.100, 0.100, 0.100, 0.100, 0.100, 0.100, 0.167, 0.100, 0.100, 0.100, 0.100, 0.100]
    Layer 12: sigma=[0.100, 0.100, 0.100, 0.100, 0.100, 0.100, 0.100, 0.100, 0.100, 0.103, 0.100, 0.108, 0.100, 0.100, 0.100, 0.100, 0.100, 0.328, 0.164, 0.100, 0.100, 0.100, 0.100, 0.100, 0.100, 0.100, 0.100, 0.210, 0.100, 0.100, 0.119, 0.100]
    Layer 13: sigma=[0.225, 0.100, 0.100, 0.359, 0.100, 0.100, 0.100, 0.100, 0.100, 0.100, 0.100, 0.100, 0.100, 0.100, 0.100, 0.100, 0.100, 0.100, 0.100, 0.112, 0.100, 0.100, 0.100, 0.100, 0.100, 0.100, 0.100, 0.100, 0.100, 0.100, 0.100, 0.100]
    Layer 14: sigma=[0.100, 0.100, 0.100, 0.100, 0.100, 0.470, 0.100, 0.100, 0.100, 0.100, 0.100, 0.100, 0.100, 0.100, 0.100, 0.100, 0.100, 0.100, 0.100, 0.100, 0.100, 0.100, 0.100, 0.100, 0.102, 0.125, 0.100, 0.100, 0.100, 0.100, 0.100, 0.100]
    Layer 15: sigma=[0.100, 0.195, 0.100, 0.100, 0.100, 0.108, 0.100, 0.100, 0.100, 0.100, 0.100, 0.100, 0.211, 0.100, 0.100, 0.100, 0.100, 0.100, 0.100, 0.100, 0.100, 0.100, 0.100, 0.100, 0.143, 0.100, 0.100, 0.100, 0.100, 0.100, 0.100, 0.100]
    Layer 16: sigma=[0.100, 0.100, 0.100, 0.100, 0.100, 0.100, 0.100, 0.100, 0.100, 0.100, 0.100, 0.100, 0.100, 0.100, 0.100, 0.100, 0.100, 0.100, 0.100, 0.100, 0.100, 0.100, 0.100, 0.100, 0.100, 0.100, 0.100, 0.449, 0.100, 0.100, 0.100, 0.100]
    Layer 17: sigma=[0.100, 0.100, 0.100, 0.100, 0.100, 0.151, 0.100, 0.100, 0.100, 0.100, 0.100, 0.100, 0.100, 0.100, 0.100, 0.100, 0.131, 0.100, 0.100, 0.395, 0.100, 0.100, 0.100, 0.102, 0.126, 0.100, 0.434, 0.100, 0.100, 0.100, 0.100, 0.100]
    Layer 18: sigma=[0.100, 0.500, 0.100, 0.100, 0.100, 0.100, 0.100, 0.192, 0.100, 0.100, 0.100, 0.100, 0.100, 0.100, 0.100, 0.100, 0.158, 0.100, 0.100, 0.100, 0.100, 0.100, 0.100, 0.100, 0.100, 0.100, 0.100, 0.100, 0.100, 0.100, 0.100, 0.100]
    Layer 19: sigma=[0.100, 0.100, 0.100, 0.100, 0.100, 0.100, 0.100, 0.100, 0.100, 0.100, 0.100, 0.100, 0.124, 0.100, 0.100, 0.170, 0.100, 0.100, 0.100, 0.288, 0.100, 0.100, 0.100, 0.113, 0.100, 0.100, 0.100, 0.100, 0.100, 0.100, 0.100, 0.100]
    Layer 20: sigma=[0.100, 0.100, 0.100, 0.100, 0.100, 0.188, 0.100, 0.100, 0.161, 0.110, 0.100, 0.100, 0.100, 0.100, 0.100, 0.131, 0.100, 0.118, 0.100, 0.100, 0.100, 0.100, 0.100, 0.100, 0.100, 0.100, 0.100, 0.100, 0.100, 0.100, 0.100, 0.100]
    Layer 21: sigma=[0.100, 0.137, 0.100, 0.100, 0.100, 0.100, 0.100, 0.100, 0.100, 0.159, 0.100, 0.230, 0.100, 0.100, 0.100, 0.100, 0.100, 0.100, 0.100, 0.100, 0.100, 0.108, 0.100, 0.100, 0.201, 0.100, 0.100, 0.100, 0.100, 0.100, 0.354, 0.100]
    Layer 22: sigma=[0.147, 0.100, 0.100, 0.100, 0.145, 0.100, 0.100, 0.174, 0.100, 0.100, 0.100, 0.100, 0.100, 0.100, 0.100, 0.111, 0.100, 0.100, 0.100, 0.100, 0.100, 0.100, 0.100, 0.100, 0.100, 0.100, 0.100, 0.100, 0.100, 0.100, 0.100, 0.100]
    Layer 23: sigma=[0.172, 0.219, 0.211, 0.100, 0.100, 0.100, 0.107, 0.100, 0.100, 0.223, 0.100, 0.100, 0.100, 0.100, 0.100, 0.100, 0.100, 0.100, 0.100, 0.100, 0.100, 0.100, 0.100, 0.100, 0.100, 0.100, 0.100, 0.100, 0.100, 0.100, 0.202, 0.228]
    Layer 24: sigma=[0.100, 0.100, 0.100, 0.100, 0.100, 0.100, 0.100, 0.100, 0.100, 0.100, 0.100, 0.100, 0.100, 0.100, 0.100, 0.165, 0.100, 0.100, 0.100, 0.100, 0.100, 0.100, 0.100, 0.100, 0.218, 0.387, 0.100, 0.342, 0.100, 0.100, 0.100, 0.100]
    Layer 25: sigma=[0.100, 0.100, 0.100, 0.100, 0.100, 0.100, 0.100, 0.100, 0.100, 0.100, 0.100, 0.100, 0.100, 0.100, 0.100, 0.100, 0.100, 0.100, 0.100, 0.100, 0.100, 0.100, 0.100, 0.100, 0.100, 0.100, 0.100, 0.100, 0.100, 0.100, 0.100, 0.100]
    Layer 26: sigma=[0.100, 0.100, 0.100, 0.100, 0.100, 0.100, 0.100, 0.100, 0.100, 0.100, 0.100, 0.100, 0.100, 0.100, 0.100, 0.100, 0.100, 0.100, 0.100, 0.100, 0.100, 0.100, 0.100, 0.100, 0.100, 0.100, 0.100, 0.100, 0.100, 0.100, 0.100, 0.100]
    Layer 27: sigma=[0.100, 0.100, 0.100, 0.100, 0.100, 0.100, 0.100, 0.100, 0.100, 0.100, 0.100, 0.100, 0.100, 0.100, 0.100, 0.100, 0.100, 0.100, 0.100, 0.100, 0.100, 0.100, 0.100, 0.100, 0.100, 0.100, 0.100, 0.100, 0.100, 0.100, 0.100, 0.100]
    Layer 28: sigma=[0.100, 0.100, 0.100, 0.100, 0.100, 0.110, 0.100, 0.158, 0.100, 0.100, 0.100, 0.100, 0.100, 0.100, 0.100, 0.100, 0.100, 0.100, 0.100, 0.100, 0.100, 0.100, 0.100, 0.100, 0.100, 0.100, 0.100, 0.100, 0.100, 0.100, 0.100, 0.100]
    Layer 29: sigma=[0.100, 0.100, 0.100, 0.100, 0.100, 0.100, 0.100, 0.100, 0.100, 0.100, 0.100, 0.100, 0.100, 0.100, 0.100, 0.100, 0.100, 0.100, 0.100, 0.100, 0.100, 0.100, 0.100, 0.100, 0.100, 0.100, 0.100, 0.100, 0.100, 0.100, 0.100, 0.100]
    Layer 30: sigma=[0.100, 0.100, 0.100, 0.100, 0.100, 0.100, 0.100, 0.100, 0.100, 0.100, 0.100, 0.100, 0.100, 0.100, 0.100, 0.100, 0.139, 0.100, 0.100, 0.100, 0.100, 0.100, 0.100, 0.100, 0.100, 0.100, 0.100, 0.100, 0.100, 0.100, 0.100, 0.100]
    Layer 31: sigma=[0.100, 0.100, 0.100, 0.100, 0.100, 0.100, 0.100, 0.100, 0.100, 0.100, 0.100, 0.100, 0.100, 0.100, 0.100, 0.100, 0.100, 0.100, 0.100, 0.104, 0.100, 0.100, 0.100, 0.100, 0.100, 0.100, 0.100, 0.100, 0.100, 0.100, 0.100, 0.100]
    Layer 32: sigma=[0.100, 0.100, 0.100, 0.100, 0.100, 0.100, 0.100, 0.100, 0.100, 0.100, 0.100, 0.100, 0.100, 0.100, 0.100, 0.100, 0.100, 0.100, 0.100, 0.100, 0.100, 0.100, 0.100, 0.100, 0.100, 0.100, 0.100, 0.100, 0.100, 0.100, 0.100, 0.100]
    Layer 34: sigma=[0.100, 0.100, 0.100, 0.100, 0.100, 0.100, 0.100, 0.100, 0.100, 0.100, 0.100, 0.146, 0.100, 0.100, 0.100, 0.100, 0.100, 0.100, 0.100, 0.100, 0.100, 0.100, 0.100, 0.100, 0.100, 0.100, 0.100, 0.100, 0.100, 0.100, 0.100, 0.100]
    Layer 35: sigma=[0.100, 0.100, 0.100, 0.110, 0.103, 0.100, 0.100, 0.100, 0.100, 0.100, 0.100, 0.100, 0.100, 0.100, 0.100, 0.100, 0.100, 0.100, 0.100, 0.100, 0.100, 0.100, 0.119, 0.100, 0.100, 0.100, 0.100, 0.100, 0.100, 0.100, 0.100, 0.100]

  [Taylor Step 3/3] g_proj = v_proj * alpha (damping=0.01)...
    Layer  0: alpha=0.060484  teacher_rms=0.0163  v_rms=0.0027
    Layer  1: alpha=0.060908  teacher_rms=0.0205  v_rms=0.0034
    Layer  2: alpha=0.057076  teacher_rms=0.0214  v_rms=0.0038
    Layer  3: alpha=0.048919  teacher_rms=0.0259  v_rms=0.0053
    Layer  4: alpha=0.047270  teacher_rms=0.0304  v_rms=0.0064
    Layer  5: alpha=0.061978  teacher_rms=0.0409  v_rms=0.0066
    Layer  6: alpha=0.078299  teacher_rms=0.0621  v_rms=0.0079
    Layer  7: alpha=0.045796  teacher_rms=0.0530  v_rms=0.0116
    Layer  8: alpha=0.047353  teacher_rms=0.0708  v_rms=0.0149
    Layer  9: alpha=0.035247  teacher_rms=0.0713  v_rms=0.0202
    Layer 10: alpha=0.051225  teacher_rms=0.1092  v_rms=0.0213
    Layer 11: alpha=0.062892  teacher_rms=0.1046  v_rms=0.0166
    Layer 12: alpha=0.059881  teacher_rms=0.1207  v_rms=0.0202
    Layer 13: alpha=0.052073  teacher_rms=0.1040  v_rms=0.0200
    Layer 14: alpha=0.061060  teacher_rms=0.1547  v_rms=0.0253
    Layer 15: alpha=0.057453  teacher_rms=0.1576  v_rms=0.0274
    Layer 16: alpha=0.041236  teacher_rms=0.1473  v_rms=0.0357
    Layer 17: alpha=0.043529  teacher_rms=0.1753  v_rms=0.0403
    Layer 18: alpha=0.043400  teacher_rms=0.1990  v_rms=0.0459
    Layer 19: alpha=0.055890  teacher_rms=0.2060  v_rms=0.0369
    Layer 20: alpha=0.056368  teacher_rms=0.1966  v_rms=0.0349
    Layer 21: alpha=0.048167  teacher_rms=0.2373  v_rms=0.0493
    Layer 22: alpha=0.058365  teacher_rms=0.2834  v_rms=0.0486
    Layer 23: alpha=0.051999  teacher_rms=0.3098  v_rms=0.0596
    Layer 24: alpha=0.033837  teacher_rms=0.2897  v_rms=0.0856
    Layer 25: alpha=0.040058  teacher_rms=0.2376  v_rms=0.0593
    Layer 26: alpha=0.029256  teacher_rms=0.2124  v_rms=0.0726
    Layer 27: alpha=0.037093  teacher_rms=0.3083  v_rms=0.0831
    Layer 28: alpha=0.041875  teacher_rms=0.3705  v_rms=0.0885
    Layer 29: alpha=0.017344  teacher_rms=0.2548  v_rms=0.1469
    Layer 30: alpha=0.028585  teacher_rms=0.4297  v_rms=0.1503
    Layer 31: alpha=0.021203  teacher_rms=0.3785  v_rms=0.1785
    Layer 32: alpha=0.023899  teacher_rms=0.5288  v_rms=0.2213
    Layer 34: alpha=0.032916  teacher_rms=1.0325  v_rms=0.3137
    Layer 35: alpha=0.059588  teacher_rms=1.0168  v_rms=0.1706

  Set g_proj = v_proj * alpha in 35 GDN layers (damping=0.01).
  Init (taylor_init) done in 390.7s
  Layer 33: PPL = 813512.50  (eval 19.5s)

============================================================
  Probing layer 34 | strategy=taylor_init
============================================================
Loading checkpoint shards:   0%|          | 0/4 [00:00<?, ?it/s]Loading checkpoint shards: 100%|██████████| 4/4 [00:00<00:00, 38.69it/s]Loading checkpoint shards: 100%|██████████| 4/4 [00:00<00:00, 38.59it/s]
Could not cache non-existence of file. Will ignore error and continue. Error: [Errno 13] Permission denied: '/data/shared/huggingface/hub/models--Qwen--Qwen3-8B/.no_exist/b968826d9c46dd6066d109eabc6255188de91218/model.safetensors'
Loading checkpoint shards:   0%|          | 0/5 [00:00<?, ?it/s]Loading checkpoint shards: 100%|██████████| 5/5 [00:00<00:00, 187.08it/s]
Token indices sequence length is longer than the specified maximum sequence length for this model (2429029 > 131072). Running this sequence through the model will result in indexing errors
  [Taylor Step 1/3] Gate calibration from attention stats...
    Layer  0: dist=[32, 3, 12, 35, 12, 26, 9, 11, 19, 6, 8, 9, 18, 34, 31, 10, 16, 19, 16, 14, 13, 23, 4, 12, 5, 52, 10, 43, 15, 36, 15, 14]
    Layer  1: dist=[19, 38, 25, 44, 3, 15, 31, 11, 45, 36, 65, 60, 34, 47, 51, 38, 32, 54, 57, 33, 56, 24, 40, 40, 37, 9, 44, 41, 83, 31, 37, 49]
    Layer  2: dist=[65, 65, 67, 62, 26, 45, 33, 43, 39, 47, 56, 56, 53, 46, 46, 60, 61, 49, 54, 43, 49, 67, 48, 50, 25, 24, 21, 35, 73, 73, 77, 74]
    Layer  3: dist=[65, 26, 13, 22, 87, 93, 83, 73, 56, 53, 62, 58, 90, 73, 75, 74, 59, 62, 51, 67, 74, 60, 64, 65, 64, 56, 52, 59, 70, 63, 72, 65]
    Layer  4: dist=[62, 63, 73, 67, 73, 56, 61, 89, 68, 69, 63, 60, 55, 55, 71, 61, 62, 65, 67, 70, 64, 61, 47, 64, 41, 51, 48, 34, 51, 66, 55, 55]
    Layer  5: dist=[36, 48, 55, 35, 61, 68, 52, 51, 5, 18, 73, 61, 54, 78, 59, 52, 41, 32, 50, 48, 51, 55, 48, 59, 73, 73, 80, 80, 43, 44, 46, 58]
    Layer  6: dist=[27, 40, 30, 31, 52, 46, 67, 61, 46, 25, 43, 38, 56, 64, 56, 30, 47, 34, 45, 40, 20, 30, 32, 14, 35, 50, 32, 49, 47, 43, 37, 53]
    Layer  7: dist=[55, 60, 64, 87, 126, 114, 127, 121, 88, 119, 99, 72, 108, 23, 53, 97, 80, 101, 85, 81, 106, 86, 112, 116, 64, 78, 47, 86, 97, 101, 101, 106]
    Layer  8: dist=[83, 87, 90, 58, 81, 77, 69, 78, 86, 99, 87, 90, 94, 86, 96, 70, 116, 107, 103, 96, 92, 106, 100, 111, 92, 72, 95, 67, 84, 72, 79, 74]
    Layer  9: dist=[76, 60, 61, 67, 83, 97, 96, 74, 123, 120, 118, 112, 27, 87, 63, 85, 93, 100, 114, 125, 87, 77, 60, 70, 119, 81, 91, 97, 125, 113, 127, 123]
    Layer 10: dist=[76, 71, 58, 74, 85, 102, 64, 74, 63, 88, 106, 49, 88, 67, 82, 86, 87, 102, 100, 107, 88, 60, 107, 90, 93, 107, 84, 77, 76, 65, 82, 90]
    Layer 11: dist=[78, 65, 79, 48, 53, 61, 78, 77, 102, 123, 109, 93, 82, 64, 65, 69, 69, 63, 61, 51, 77, 107, 89, 87, 67, 59, 56, 54, 95, 55, 55, 94]
    Layer 12: dist=[21, 72, 79, 61, 87, 83, 66, 70, 63, 62, 74, 77, 86, 81, 82, 87, 39, 68, 59, 94, 102, 112, 97, 103, 93, 2, 107, 38, 81, 88, 113, 91]
    Layer 13: dist=[52, 68, 66, 62, 52, 51, 65, 40, 86, 63, 99, 122, 128, 115, 109, 124, 85, 72, 57, 61, 93, 55, 83, 90, 84, 59, 72, 76, 113, 111, 96, 99]
    Layer 14: dist=[44, 64, 65, 46, 62, 45, 64, 65, 54, 57, 70, 68, 69, 76, 65, 67, 77, 86, 51, 64, 65, 31, 51, 81, 52, 67, 73, 64, 85, 88, 8, 89]
    Layer 15: dist=[80, 44, 79, 38, 37, 38, 79, 67, 90, 60, 46, 104, 68, 107, 79, 89, 61, 57, 64, 68, 58, 60, 50, 51, 49, 34, 86, 62, 72, 84, 71, 49]
    Layer 16: dist=[61, 57, 74, 85, 55, 58, 48, 55, 54, 82, 73, 84, 90, 69, 86, 86, 68, 71, 60, 62, 115, 118, 110, 103, 71, 54, 64, 10, 58, 59, 65, 56]
    Layer 17: dist=[111, 95, 79, 67, 53, 57, 39, 47, 90, 108, 79, 100, 40, 57, 71, 74, 44, 61, 61, 42, 75, 98, 93, 97, 58, 55, 57, 52, 53, 79, 93, 67]
    Layer 18: dist=[34, 45, 35, 33, 56, 78, 74, 57, 64, 67, 66, 79, 61, 60, 57, 62, 46, 74, 72, 52, 68, 47, 65, 96, 58, 62, 61, 63, 52, 53, 79, 56]
    Layer 19: dist=[73, 64, 63, 62, 76, 103, 54, 71, 81, 85, 84, 93, 63, 57, 75, 63, 84, 85, 49, 49, 21, 50, 33, 49, 102, 106, 102, 116, 77, 77, 73, 72]
    Layer 20: dist=[89, 79, 80, 77, 78, 51, 49, 57, 40, 36, 43, 39, 92, 79, 87, 96, 45, 51, 56, 39, 73, 111, 101, 98, 125, 97, 105, 85, 93, 79, 108, 108]
    Layer 21: dist=[44, 50, 56, 68, 115, 65, 96, 118, 118, 61, 71, 69, 46, 41, 44, 42, 75, 75, 83, 65, 89, 99, 95, 96, 64, 62, 60, 80, 73, 79, 60, 88]
    Layer 22: dist=[73, 60, 67, 63, 52, 72, 45, 56, 37, 49, 45, 59, 18, 86, 61, 64, 33, 79, 76, 41, 102, 115, 120, 121, 101, 84, 91, 95, 114, 92, 103, 95]
    Layer 23: dist=[39, 30, 48, 39, 110, 111, 41, 102, 79, 36, 45, 63, 75, 72, 79, 77, 82, 75, 74, 94, 72, 93, 82, 76, 78, 72, 68, 100, 91, 90, 83, 78]
    Layer 24: dist=[79, 124, 109, 101, 99, 109, 111, 97, 102, 105, 104, 84, 78, 75, 89, 74, 81, 86, 98, 88, 120, 103, 102, 117, 65, 73, 79, 51, 95, 111, 98, 88]
    Layer 25: dist=[105, 121, 118, 94, 71, 72, 107, 80, 96, 97, 85, 90, 65, 89, 50, 68, 93, 99, 97, 89, 102, 111, 105, 108, 110, 110, 99, 108, 88, 125, 98, 88]
    Layer 26: dist=[80, 88, 106, 68, 115, 113, 113, 110, 102, 107, 105, 98, 100, 124, 116, 116, 86, 93, 99, 95, 102, 113, 122, 114, 99, 97, 102, 93, 115, 96, 114, 95]
    Layer 27: dist=[87, 108, 103, 117, 98, 105, 101, 86, 77, 100, 107, 99, 78, 109, 80, 86, 96, 99, 99, 104, 91, 112, 113, 92, 110, 113, 116, 117, 107, 77, 92, 117]
    Layer 28: dist=[103, 92, 102, 102, 82, 63, 80, 76, 96, 107, 92, 89, 112, 105, 96, 101, 112, 104, 104, 108, 119, 71, 60, 89, 91, 88, 99, 99, 92, 92, 71, 95]
    Layer 29: dist=[113, 114, 114, 113, 90, 112, 94, 114, 119, 113, 122, 105, 120, 120, 119, 120, 116, 106, 115, 121, 123, 123, 107, 125, 100, 114, 97, 92, 106, 95, 106, 109]
    Layer 30: dist=[75, 102, 99, 100, 102, 100, 90, 67, 117, 117, 115, 120, 105, 104, 113, 101, 97, 78, 120, 122, 51, 120, 100, 110, 119, 119, 119, 118, 106, 110, 107, 102]
    Layer 31: dist=[119, 117, 99, 98, 112, 113, 114, 116, 114, 77, 87, 91, 117, 116, 117, 115, 101, 101, 106, 94, 119, 116, 108, 119, 112, 109, 89, 120, 112, 106, 102, 110]
    Layer 32: dist=[110, 114, 114, 111, 116, 119, 116, 117, 110, 111, 117, 115, 93, 113, 108, 91, 118, 106, 109, 111, 123, 92, 114, 120, 71, 95, 80, 105, 116, 107, 99, 103]
    Layer 33: dist=[102, 120, 112, 119, 91, 102, 57, 94, 116, 116, 113, 113, 114, 115, 113, 116, 114, 117, 106, 109, 112, 96, 110, 113, 111, 119, 122, 118, 110, 111, 107, 104]
    Layer 35: dist=[105, 123, 71, 97, 82, 36, 112, 100, 85, 94, 112, 96, 63, 28, 49, 40, 98, 74, 84, 48, 90, 102, 55, 54, 66, 49, 68, 72, 73, 115, 122, 117]

  [Taylor Step 2/3] OLS sigma per head (scaling V, streaming)...
    Layer  0: sigma=[0.613, 0.100, 0.100, 0.100, 0.332, 0.381, 0.100, 0.100, 0.100, 0.148, 0.100, 0.100, 0.100, 0.100, 0.100, 0.260, 0.100, 0.100, 0.100, 0.100, 0.100, 0.100, 0.100, 0.100, 0.100, 0.100, 0.350, 0.100, 0.100, 0.100, 0.161, 0.100]
    Layer  1: sigma=[0.352, 0.100, 0.100, 0.100, 0.100, 0.100, 0.100, 0.100, 0.100, 0.166, 0.243, 0.100, 0.100, 0.100, 0.100, 0.100, 0.100, 0.100, 0.100, 0.100, 0.100, 0.100, 0.100, 0.118, 0.100, 0.100, 0.114, 0.100, 0.100, 0.100, 0.100, 0.100]
    Layer  2: sigma=[0.100, 0.100, 0.100, 0.100, 0.100, 0.100, 0.100, 0.100, 0.109, 0.100, 0.100, 0.100, 0.100, 0.146, 0.100, 0.100, 0.100, 0.220, 0.100, 0.100, 0.100, 0.100, 0.100, 0.100, 0.100, 0.170, 0.100, 0.100, 0.100, 0.100, 0.100, 0.100]
    Layer  3: sigma=[0.100, 0.328, 0.100, 0.152, 0.100, 0.100, 0.100, 0.100, 0.100, 0.100, 0.100, 0.100, 0.100, 0.100, 0.100, 0.100, 0.100, 0.100, 0.100, 0.100, 0.100, 0.108, 0.100, 0.100, 0.100, 0.100, 0.100, 0.100, 0.100, 0.100, 0.100, 0.100]
    Layer  4: sigma=[0.100, 0.100, 0.100, 0.100, 0.100, 0.100, 0.100, 0.100, 0.100, 0.100, 0.100, 0.100, 0.100, 0.100, 0.100, 0.100, 0.100, 0.100, 0.100, 0.100, 0.132, 0.137, 0.318, 0.100, 0.100, 0.100, 0.100, 0.100, 0.100, 0.100, 0.100, 0.100]
    Layer  5: sigma=[0.100, 0.100, 0.100, 0.100, 0.100, 0.100, 0.100, 0.100, 0.100, 0.128, 0.100, 0.109, 0.100, 0.100, 0.100, 0.124, 0.100, 0.181, 0.100, 0.100, 0.100, 0.100, 0.100, 0.100, 0.100, 0.100, 0.100, 0.100, 0.100, 0.100, 0.100, 0.100]
    Layer  6: sigma=[0.100, 0.100, 0.100, 0.100, 0.100, 0.100, 0.100, 0.100, 0.100, 0.100, 0.100, 0.100, 0.100, 0.100, 0.100, 0.100, 0.100, 0.100, 0.100, 0.100, 0.151, 0.100, 0.100, 0.100, 0.100, 0.100, 0.100, 0.100, 0.100, 0.100, 0.100, 0.100]
    Layer  7: sigma=[0.100, 0.149, 0.100, 0.100, 0.123, 0.100, 0.100, 0.100, 0.100, 0.100, 0.100, 0.100, 0.100, 0.100, 0.100, 0.100, 0.100, 0.100, 0.100, 0.100, 0.100, 0.100, 0.100, 0.100, 0.100, 0.100, 0.100, 0.100, 0.100, 0.100, 0.100, 0.100]
    Layer  8: sigma=[0.100, 0.100, 0.100, 0.100, 0.100, 0.100, 0.100, 0.100, 0.100, 0.100, 0.100, 0.100, 0.100, 0.100, 0.100, 0.100, 0.100, 0.100, 0.100, 0.100, 0.100, 0.100, 0.100, 0.100, 0.100, 0.100, 0.100, 0.167, 0.100, 0.100, 0.100, 0.100]
    Layer  9: sigma=[0.100, 0.100, 0.100, 0.100, 0.100, 0.100, 0.100, 0.100, 0.100, 0.100, 0.100, 0.100, 0.100, 0.100, 0.547, 0.139, 0.100, 0.100, 0.100, 0.100, 0.100, 0.100, 0.100, 0.100, 0.100, 0.100, 0.100, 0.100, 0.100, 0.100, 0.100, 0.100]
    Layer 10: sigma=[0.100, 0.100, 0.100, 0.100, 0.100, 0.100, 0.100, 0.100, 0.100, 0.100, 0.100, 0.104, 0.100, 0.100, 0.100, 0.100, 0.100, 0.100, 0.100, 0.100, 0.100, 0.100, 0.100, 0.100, 0.100, 0.100, 0.100, 0.100, 0.100, 0.100, 0.100, 0.100]
    Layer 11: sigma=[0.100, 0.100, 0.100, 0.100, 0.147, 0.100, 0.100, 0.100, 0.100, 0.104, 0.100, 0.100, 0.100, 0.100, 0.234, 0.100, 0.100, 0.100, 0.100, 0.100, 0.100, 0.100, 0.100, 0.100, 0.100, 0.100, 0.166, 0.100, 0.100, 0.100, 0.100, 0.100]
    Layer 12: sigma=[0.100, 0.100, 0.100, 0.100, 0.100, 0.100, 0.100, 0.100, 0.100, 0.105, 0.100, 0.107, 0.100, 0.100, 0.100, 0.100, 0.100, 0.354, 0.171, 0.100, 0.100, 0.100, 0.100, 0.100, 0.100, 0.100, 0.100, 0.210, 0.100, 0.100, 0.116, 0.100]
    Layer 13: sigma=[0.224, 0.100, 0.100, 0.345, 0.100, 0.100, 0.100, 0.100, 0.100, 0.100, 0.100, 0.100, 0.100, 0.100, 0.100, 0.100, 0.100, 0.100, 0.100, 0.106, 0.100, 0.100, 0.100, 0.100, 0.100, 0.100, 0.100, 0.100, 0.100, 0.100, 0.100, 0.100]
    Layer 14: sigma=[0.100, 0.100, 0.100, 0.100, 0.100, 0.473, 0.100, 0.100, 0.100, 0.100, 0.100, 0.100, 0.100, 0.100, 0.100, 0.100, 0.100, 0.100, 0.100, 0.100, 0.100, 0.100, 0.100, 0.100, 0.117, 0.109, 0.100, 0.100, 0.100, 0.100, 0.100, 0.100]
    Layer 15: sigma=[0.100, 0.185, 0.100, 0.100, 0.100, 0.112, 0.100, 0.100, 0.100, 0.100, 0.100, 0.100, 0.215, 0.100, 0.100, 0.100, 0.100, 0.100, 0.100, 0.100, 0.100, 0.100, 0.100, 0.100, 0.167, 0.100, 0.100, 0.100, 0.100, 0.100, 0.100, 0.100]
    Layer 16: sigma=[0.100, 0.100, 0.100, 0.100, 0.100, 0.100, 0.100, 0.100, 0.100, 0.100, 0.100, 0.100, 0.100, 0.100, 0.100, 0.100, 0.100, 0.100, 0.100, 0.100, 0.100, 0.100, 0.100, 0.100, 0.100, 0.100, 0.100, 0.437, 0.100, 0.100, 0.100, 0.100]
    Layer 17: sigma=[0.100, 0.100, 0.100, 0.100, 0.100, 0.141, 0.100, 0.100, 0.100, 0.100, 0.100, 0.100, 0.100, 0.100, 0.100, 0.100, 0.149, 0.100, 0.100, 0.422, 0.100, 0.100, 0.100, 0.102, 0.152, 0.100, 0.405, 0.100, 0.100, 0.100, 0.100, 0.100]
    Layer 18: sigma=[0.100, 0.477, 0.100, 0.100, 0.100, 0.100, 0.100, 0.196, 0.100, 0.100, 0.100, 0.100, 0.100, 0.100, 0.100, 0.100, 0.177, 0.100, 0.100, 0.100, 0.100, 0.100, 0.100, 0.100, 0.100, 0.100, 0.100, 0.100, 0.100, 0.100, 0.100, 0.100]
    Layer 19: sigma=[0.100, 0.100, 0.100, 0.100, 0.100, 0.100, 0.100, 0.100, 0.100, 0.100, 0.100, 0.100, 0.157, 0.100, 0.100, 0.172, 0.100, 0.100, 0.100, 0.280, 0.100, 0.100, 0.100, 0.102, 0.100, 0.100, 0.100, 0.100, 0.100, 0.100, 0.100, 0.100]
    Layer 20: sigma=[0.100, 0.100, 0.100, 0.100, 0.100, 0.212, 0.100, 0.100, 0.160, 0.106, 0.100, 0.100, 0.100, 0.100, 0.100, 0.122, 0.100, 0.133, 0.100, 0.100, 0.100, 0.100, 0.100, 0.100, 0.100, 0.100, 0.100, 0.100, 0.100, 0.100, 0.100, 0.100]
    Layer 21: sigma=[0.100, 0.121, 0.100, 0.100, 0.100, 0.100, 0.100, 0.100, 0.100, 0.165, 0.100, 0.285, 0.100, 0.100, 0.140, 0.100, 0.100, 0.100, 0.100, 0.100, 0.100, 0.108, 0.100, 0.100, 0.146, 0.100, 0.100, 0.100, 0.100, 0.100, 0.269, 0.100]
    Layer 22: sigma=[0.132, 0.100, 0.100, 0.100, 0.163, 0.121, 0.100, 0.213, 0.100, 0.100, 0.100, 0.100, 0.100, 0.100, 0.100, 0.111, 0.100, 0.100, 0.100, 0.100, 0.100, 0.100, 0.100, 0.100, 0.100, 0.100, 0.100, 0.100, 0.100, 0.100, 0.100, 0.100]
    Layer 23: sigma=[0.187, 0.263, 0.201, 0.100, 0.100, 0.100, 0.122, 0.100, 0.100, 0.263, 0.100, 0.100, 0.100, 0.100, 0.107, 0.100, 0.100, 0.100, 0.100, 0.100, 0.100, 0.100, 0.100, 0.100, 0.100, 0.100, 0.100, 0.100, 0.100, 0.100, 0.121, 0.262]
    Layer 24: sigma=[0.100, 0.100, 0.100, 0.100, 0.100, 0.100, 0.100, 0.100, 0.100, 0.100, 0.100, 0.100, 0.100, 0.100, 0.100, 0.100, 0.100, 0.100, 0.100, 0.100, 0.100, 0.100, 0.100, 0.100, 0.258, 0.429, 0.100, 0.442, 0.100, 0.100, 0.100, 0.100]
    Layer 25: sigma=[0.100, 0.100, 0.100, 0.100, 0.100, 0.100, 0.100, 0.100, 0.100, 0.100, 0.100, 0.100, 0.100, 0.100, 0.100, 0.100, 0.100, 0.100, 0.100, 0.100, 0.100, 0.100, 0.100, 0.100, 0.100, 0.100, 0.100, 0.100, 0.100, 0.100, 0.100, 0.100]
    Layer 26: sigma=[0.100, 0.100, 0.100, 0.100, 0.100, 0.100, 0.100, 0.100, 0.100, 0.100, 0.100, 0.100, 0.100, 0.100, 0.100, 0.100, 0.100, 0.100, 0.100, 0.100, 0.100, 0.100, 0.100, 0.100, 0.100, 0.100, 0.100, 0.100, 0.100, 0.100, 0.100, 0.100]
    Layer 27: sigma=[0.100, 0.100, 0.100, 0.100, 0.100, 0.100, 0.100, 0.100, 0.100, 0.100, 0.100, 0.100, 0.100, 0.100, 0.100, 0.100, 0.100, 0.100, 0.100, 0.100, 0.100, 0.100, 0.100, 0.100, 0.100, 0.100, 0.100, 0.100, 0.100, 0.100, 0.100, 0.100]
    Layer 28: sigma=[0.100, 0.100, 0.100, 0.100, 0.100, 0.144, 0.100, 0.100, 0.100, 0.100, 0.100, 0.100, 0.100, 0.100, 0.100, 0.100, 0.100, 0.100, 0.100, 0.100, 0.100, 0.100, 0.100, 0.100, 0.100, 0.100, 0.100, 0.100, 0.100, 0.100, 0.100, 0.100]
    Layer 29: sigma=[0.100, 0.100, 0.100, 0.100, 0.100, 0.100, 0.100, 0.100, 0.100, 0.100, 0.100, 0.100, 0.100, 0.100, 0.100, 0.100, 0.100, 0.100, 0.100, 0.100, 0.100, 0.100, 0.100, 0.100, 0.100, 0.100, 0.100, 0.100, 0.100, 0.100, 0.100, 0.100]
    Layer 30: sigma=[0.100, 0.100, 0.100, 0.100, 0.100, 0.100, 0.100, 0.100, 0.100, 0.100, 0.100, 0.100, 0.100, 0.100, 0.100, 0.113, 0.105, 0.100, 0.100, 0.100, 0.100, 0.100, 0.100, 0.100, 0.100, 0.100, 0.100, 0.100, 0.100, 0.100, 0.100, 0.100]
    Layer 31: sigma=[0.100, 0.100, 0.100, 0.100, 0.100, 0.100, 0.100, 0.100, 0.100, 0.100, 0.100, 0.100, 0.100, 0.100, 0.100, 0.100, 0.100, 0.100, 0.100, 0.114, 0.100, 0.100, 0.100, 0.100, 0.100, 0.100, 0.100, 0.100, 0.100, 0.100, 0.100, 0.100]
    Layer 32: sigma=[0.100, 0.100, 0.100, 0.100, 0.100, 0.100, 0.100, 0.100, 0.100, 0.100, 0.100, 0.100, 0.100, 0.100, 0.100, 0.100, 0.100, 0.100, 0.100, 0.100, 0.100, 0.100, 0.100, 0.100, 0.100, 0.100, 0.100, 0.100, 0.100, 0.100, 0.100, 0.100]
    Layer 33: sigma=[0.100, 0.100, 0.100, 0.100, 0.100, 0.100, 0.100, 0.100, 0.100, 0.100, 0.100, 0.100, 0.100, 0.100, 0.100, 0.100, 0.100, 0.100, 0.100, 0.100, 0.100, 0.100, 0.100, 0.100, 0.100, 0.100, 0.100, 0.100, 0.100, 0.100, 0.100, 0.100]
    Layer 35: sigma=[0.100, 0.100, 0.100, 0.100, 0.103, 0.100, 0.100, 0.100, 0.100, 0.100, 0.100, 0.100, 0.100, 0.100, 0.100, 0.100, 0.100, 0.100, 0.100, 0.100, 0.100, 0.100, 0.147, 0.100, 0.100, 0.100, 0.100, 0.100, 0.100, 0.100, 0.100, 0.100]

  [Taylor Step 3/3] g_proj = v_proj * alpha (damping=0.01)...
    Layer  0: alpha=0.060488  teacher_rms=0.0163  v_rms=0.0027
    Layer  1: alpha=0.060881  teacher_rms=0.0205  v_rms=0.0034
    Layer  2: alpha=0.057015  teacher_rms=0.0214  v_rms=0.0038
    Layer  3: alpha=0.048646  teacher_rms=0.0259  v_rms=0.0053
    Layer  4: alpha=0.047362  teacher_rms=0.0304  v_rms=0.0064
    Layer  5: alpha=0.061914  teacher_rms=0.0409  v_rms=0.0066
    Layer  6: alpha=0.078494  teacher_rms=0.0621  v_rms=0.0079
    Layer  7: alpha=0.045956  teacher_rms=0.0530  v_rms=0.0115
    Layer  8: alpha=0.047677  teacher_rms=0.0708  v_rms=0.0148
    Layer  9: alpha=0.035874  teacher_rms=0.0713  v_rms=0.0199
    Layer 10: alpha=0.051177  teacher_rms=0.1092  v_rms=0.0213
    Layer 11: alpha=0.063053  teacher_rms=0.1046  v_rms=0.0166
    Layer 12: alpha=0.058689  teacher_rms=0.1207  v_rms=0.0206
    Layer 13: alpha=0.052670  teacher_rms=0.1040  v_rms=0.0197
    Layer 14: alpha=0.060949  teacher_rms=0.1547  v_rms=0.0254
    Layer 15: alpha=0.057361  teacher_rms=0.1576  v_rms=0.0275
    Layer 16: alpha=0.041560  teacher_rms=0.1473  v_rms=0.0354
    Layer 17: alpha=0.043588  teacher_rms=0.1753  v_rms=0.0402
    Layer 18: alpha=0.044381  teacher_rms=0.1990  v_rms=0.0448
    Layer 19: alpha=0.055536  teacher_rms=0.2060  v_rms=0.0371
    Layer 20: alpha=0.055395  teacher_rms=0.1966  v_rms=0.0355
    Layer 21: alpha=0.050639  teacher_rms=0.2373  v_rms=0.0469
    Layer 22: alpha=0.056889  teacher_rms=0.2834  v_rms=0.0498
    Layer 23: alpha=0.050234  teacher_rms=0.3098  v_rms=0.0617
    Layer 24: alpha=0.031009  teacher_rms=0.2897  v_rms=0.0934
    Layer 25: alpha=0.040058  teacher_rms=0.2376  v_rms=0.0593
    Layer 26: alpha=0.029256  teacher_rms=0.2124  v_rms=0.0726
    Layer 27: alpha=0.037093  teacher_rms=0.3083  v_rms=0.0831
    Layer 28: alpha=0.042169  teacher_rms=0.3705  v_rms=0.0879
    Layer 29: alpha=0.017344  teacher_rms=0.2548  v_rms=0.1469
    Layer 30: alpha=0.028890  teacher_rms=0.4297  v_rms=0.1487
    Layer 31: alpha=0.021169  teacher_rms=0.3785  v_rms=0.1788
    Layer 32: alpha=0.023899  teacher_rms=0.5288  v_rms=0.2213
    Layer 33: alpha=0.018560  teacher_rms=0.6404  v_rms=0.3451
    Layer 35: alpha=0.059260  teacher_rms=1.0168  v_rms=0.1716

  Set g_proj = v_proj * alpha in 35 GDN layers (damping=0.01).
  Init (taylor_init) done in 352.1s
  Layer 34: PPL = 227446.22  (eval 17.0s)

============================================================
  Probing layer 35 | strategy=taylor_init
============================================================
Loading checkpoint shards:   0%|          | 0/4 [00:00<?, ?it/s]Loading checkpoint shards: 100%|██████████| 4/4 [00:00<00:00, 145.45it/s]
Could not cache non-existence of file. Will ignore error and continue. Error: [Errno 13] Permission denied: '/data/shared/huggingface/hub/models--Qwen--Qwen3-8B/.no_exist/b968826d9c46dd6066d109eabc6255188de91218/model.safetensors'
Loading checkpoint shards:   0%|          | 0/5 [00:00<?, ?it/s]Loading checkpoint shards: 100%|██████████| 5/5 [00:00<00:00, 63.25it/s]
Token indices sequence length is longer than the specified maximum sequence length for this model (2429029 > 131072). Running this sequence through the model will result in indexing errors
  [Taylor Step 1/3] Gate calibration from attention stats...
    Layer  0: dist=[32, 3, 12, 35, 12, 26, 9, 11, 19, 6, 8, 9, 18, 34, 31, 10, 16, 19, 16, 14, 13, 23, 4, 12, 5, 52, 10, 43, 15, 36, 15, 14]
    Layer  1: dist=[19, 38, 25, 44, 3, 15, 31, 11, 45, 36, 65, 60, 34, 47, 51, 38, 32, 54, 57, 33, 56, 24, 40, 40, 37, 9, 44, 41, 83, 31, 37, 49]
    Layer  2: dist=[65, 65, 67, 62, 26, 45, 33, 43, 39, 47, 56, 56, 53, 46, 46, 60, 61, 49, 54, 43, 49, 67, 48, 50, 25, 24, 21, 35, 73, 73, 77, 74]
    Layer  3: dist=[65, 26, 13, 22, 87, 93, 83, 73, 56, 53, 62, 58, 90, 73, 75, 74, 59, 62, 51, 67, 74, 60, 64, 65, 64, 56, 52, 59, 70, 63, 72, 65]
    Layer  4: dist=[62, 63, 73, 67, 73, 56, 61, 89, 68, 69, 63, 60, 55, 55, 71, 61, 62, 65, 67, 70, 64, 61, 47, 64, 41, 51, 48, 34, 51, 66, 55, 55]
    Layer  5: dist=[36, 48, 55, 35, 61, 68, 52, 51, 5, 18, 73, 61, 54, 78, 59, 52, 41, 32, 50, 48, 51, 55, 48, 59, 73, 73, 80, 80, 43, 44, 46, 58]
    Layer  6: dist=[27, 40, 30, 31, 52, 46, 67, 61, 46, 25, 43, 38, 56, 64, 56, 30, 47, 34, 45, 40, 20, 30, 32, 14, 35, 50, 32, 49, 47, 43, 37, 53]
    Layer  7: dist=[55, 60, 64, 87, 126, 114, 127, 121, 88, 119, 99, 72, 108, 23, 53, 97, 80, 101, 85, 81, 106, 86, 112, 116, 64, 78, 47, 86, 97, 101, 101, 106]
    Layer  8: dist=[83, 87, 90, 58, 81, 77, 69, 78, 86, 99, 87, 90, 94, 86, 96, 70, 116, 107, 103, 96, 92, 106, 100, 111, 92, 72, 95, 67, 84, 72, 79, 74]
    Layer  9: dist=[76, 60, 61, 67, 83, 97, 96, 74, 123, 120, 118, 112, 27, 87, 63, 85, 93, 100, 114, 125, 87, 77, 60, 70, 119, 81, 91, 97, 125, 113, 127, 123]
    Layer 10: dist=[76, 71, 58, 74, 85, 102, 64, 74, 63, 88, 106, 49, 88, 67, 82, 86, 87, 102, 100, 107, 88, 60, 107, 90, 93, 107, 84, 77, 76, 65, 82, 90]
    Layer 11: dist=[78, 65, 79, 48, 53, 61, 78, 77, 102, 123, 109, 93, 82, 64, 65, 69, 69, 63, 61, 51, 77, 107, 89, 87, 67, 59, 56, 54, 95, 55, 55, 94]
    Layer 12: dist=[21, 72, 79, 61, 87, 83, 66, 70, 63, 62, 74, 77, 86, 81, 82, 87, 39, 68, 59, 94, 102, 112, 97, 103, 93, 2, 107, 38, 81, 88, 113, 91]
    Layer 13: dist=[52, 68, 66, 62, 52, 51, 65, 40, 86, 63, 99, 122, 128, 115, 109, 124, 85, 72, 57, 61, 93, 55, 83, 90, 84, 59, 72, 76, 113, 111, 96, 99]
    Layer 14: dist=[44, 64, 65, 46, 62, 45, 64, 65, 54, 57, 70, 68, 69, 76, 65, 67, 77, 86, 51, 64, 65, 31, 51, 81, 52, 67, 73, 64, 85, 88, 8, 89]
    Layer 15: dist=[80, 44, 79, 38, 37, 38, 79, 67, 90, 60, 46, 104, 68, 107, 79, 89, 61, 57, 64, 68, 58, 60, 50, 51, 49, 34, 86, 62, 72, 84, 71, 49]
    Layer 16: dist=[61, 57, 74, 85, 55, 58, 48, 55, 54, 82, 73, 84, 90, 69, 86, 86, 68, 71, 60, 62, 115, 118, 110, 103, 71, 54, 64, 10, 58, 59, 65, 56]
    Layer 17: dist=[111, 95, 79, 67, 53, 57, 39, 47, 90, 108, 79, 100, 40, 57, 71, 74, 44, 61, 61, 42, 75, 98, 93, 97, 58, 55, 57, 52, 53, 79, 93, 67]
    Layer 18: dist=[34, 45, 35, 33, 56, 78, 74, 57, 64, 67, 66, 79, 61, 60, 57, 62, 46, 74, 72, 52, 68, 47, 65, 96, 58, 62, 61, 63, 52, 53, 79, 56]
    Layer 19: dist=[73, 64, 63, 62, 76, 103, 54, 71, 81, 85, 84, 93, 63, 57, 75, 63, 84, 85, 49, 49, 21, 50, 33, 49, 102, 106, 102, 116, 77, 77, 73, 72]
    Layer 20: dist=[89, 79, 80, 77, 78, 51, 49, 57, 40, 36, 43, 39, 92, 79, 87, 96, 45, 51, 56, 39, 73, 111, 101, 98, 125, 97, 105, 85, 93, 79, 108, 108]
    Layer 21: dist=[44, 50, 56, 68, 115, 65, 96, 118, 118, 61, 71, 69, 46, 41, 44, 42, 75, 75, 83, 65, 89, 99, 95, 96, 64, 62, 60, 80, 73, 79, 60, 88]
    Layer 22: dist=[73, 60, 67, 63, 52, 72, 45, 56, 37, 49, 45, 59, 18, 86, 61, 64, 33, 79, 76, 41, 102, 115, 120, 121, 101, 84, 91, 95, 114, 92, 103, 95]
    Layer 23: dist=[39, 30, 48, 39, 110, 111, 41, 102, 79, 36, 45, 63, 75, 72, 79, 77, 82, 75, 74, 94, 72, 93, 82, 76, 78, 72, 68, 100, 91, 90, 83, 78]
    Layer 24: dist=[79, 124, 109, 101, 99, 109, 111, 97, 102, 105, 104, 84, 78, 75, 89, 74, 81, 86, 98, 88, 120, 103, 102, 117, 65, 73, 79, 51, 95, 111, 98, 88]
    Layer 25: dist=[105, 121, 118, 94, 71, 72, 107, 80, 96, 97, 85, 90, 65, 89, 50, 68, 93, 99, 97, 89, 102, 111, 105, 108, 110, 110, 99, 108, 88, 125, 98, 88]
    Layer 26: dist=[80, 88, 106, 68, 115, 113, 113, 110, 102, 107, 105, 98, 100, 124, 116, 116, 86, 93, 99, 95, 102, 113, 122, 114, 99, 97, 102, 93, 115, 96, 114, 95]
    Layer 27: dist=[87, 108, 103, 117, 98, 105, 101, 86, 77, 100, 107, 99, 78, 109, 80, 86, 96, 99, 99, 104, 91, 112, 113, 92, 110, 113, 116, 117, 107, 77, 92, 117]
    Layer 28: dist=[103, 92, 102, 102, 82, 63, 80, 76, 96, 107, 92, 89, 112, 105, 96, 101, 112, 104, 104, 108, 119, 71, 60, 89, 91, 88, 99, 99, 92, 92, 71, 95]
    Layer 29: dist=[113, 114, 114, 113, 90, 112, 94, 114, 119, 113, 122, 105, 120, 120, 119, 120, 116, 106, 115, 121, 123, 123, 107, 125, 100, 114, 97, 92, 106, 95, 106, 109]
    Layer 30: dist=[75, 102, 99, 100, 102, 100, 90, 67, 117, 117, 115, 120, 105, 104, 113, 101, 97, 78, 120, 122, 51, 120, 100, 110, 119, 119, 119, 118, 106, 110, 107, 102]
    Layer 31: dist=[119, 117, 99, 98, 112, 113, 114, 116, 114, 77, 87, 91, 117, 116, 117, 115, 101, 101, 106, 94, 119, 116, 108, 119, 112, 109, 89, 120, 112, 106, 102, 110]
    Layer 32: dist=[110, 114, 114, 111, 116, 119, 116, 117, 110, 111, 117, 115, 93, 113, 108, 91, 118, 106, 109, 111, 123, 92, 114, 120, 71, 95, 80, 105, 116, 107, 99, 103]
    Layer 33: dist=[102, 120, 112, 119, 91, 102, 57, 94, 116, 116, 113, 113, 114, 115, 113, 116, 114, 117, 106, 109, 112, 96, 110, 113, 111, 119, 122, 118, 110, 111, 107, 104]
    Layer 34: dist=[110, 109, 112, 113, 105, 111, 108, 102, 53, 93, 114, 86, 117, 115, 120, 81, 82, 89, 126, 55, 119, 51, 118, 119, 122, 122, 125, 122, 54, 62, 68, 109]

  [Taylor Step 2/3] OLS sigma per head (scaling V, streaming)...
    Layer  0: sigma=[0.615, 0.100, 0.100, 0.100, 0.333, 0.377, 0.100, 0.100, 0.100, 0.149, 0.100, 0.100, 0.100, 0.100, 0.100, 0.259, 0.100, 0.100, 0.100, 0.100, 0.100, 0.100, 0.100, 0.100, 0.100, 0.100, 0.352, 0.100, 0.100, 0.100, 0.161, 0.100]
    Layer  1: sigma=[0.352, 0.100, 0.100, 0.100, 0.100, 0.100, 0.100, 0.100, 0.100, 0.165, 0.246, 0.100, 0.100, 0.100, 0.100, 0.100, 0.100, 0.100, 0.100, 0.100, 0.100, 0.100, 0.100, 0.117, 0.100, 0.100, 0.114, 0.100, 0.100, 0.100, 0.100, 0.100]
    Layer  2: sigma=[0.100, 0.100, 0.100, 0.100, 0.100, 0.100, 0.100, 0.100, 0.108, 0.102, 0.100, 0.100, 0.100, 0.148, 0.100, 0.100, 0.100, 0.223, 0.100, 0.100, 0.100, 0.100, 0.100, 0.100, 0.100, 0.169, 0.100, 0.100, 0.100, 0.100, 0.100, 0.100]
    Layer  3: sigma=[0.100, 0.322, 0.100, 0.157, 0.100, 0.100, 0.100, 0.100, 0.100, 0.100, 0.100, 0.100, 0.100, 0.100, 0.100, 0.100, 0.100, 0.100, 0.100, 0.100, 0.100, 0.106, 0.100, 0.100, 0.100, 0.100, 0.100, 0.100, 0.100, 0.100, 0.100, 0.100]
    Layer  4: sigma=[0.100, 0.100, 0.100, 0.100, 0.100, 0.100, 0.100, 0.100, 0.100, 0.100, 0.100, 0.100, 0.100, 0.100, 0.100, 0.100, 0.100, 0.100, 0.100, 0.100, 0.133, 0.139, 0.312, 0.100, 0.100, 0.100, 0.100, 0.100, 0.100, 0.100, 0.100, 0.100]
    Layer  5: sigma=[0.100, 0.100, 0.100, 0.100, 0.100, 0.100, 0.100, 0.100, 0.100, 0.135, 0.100, 0.110, 0.100, 0.100, 0.100, 0.121, 0.100, 0.184, 0.100, 0.100, 0.100, 0.100, 0.100, 0.100, 0.100, 0.100, 0.100, 0.100, 0.100, 0.100, 0.100, 0.100]
    Layer  6: sigma=[0.100, 0.100, 0.100, 0.100, 0.100, 0.100, 0.100, 0.100, 0.100, 0.100, 0.100, 0.100, 0.100, 0.100, 0.100, 0.100, 0.100, 0.100, 0.100, 0.100, 0.155, 0.100, 0.100, 0.100, 0.100, 0.100, 0.100, 0.100, 0.100, 0.100, 0.100, 0.100]
    Layer  7: sigma=[0.100, 0.152, 0.100, 0.100, 0.120, 0.100, 0.100, 0.100, 0.100, 0.100, 0.100, 0.100, 0.100, 0.100, 0.100, 0.100, 0.100, 0.100, 0.100, 0.100, 0.100, 0.100, 0.100, 0.100, 0.100, 0.100, 0.100, 0.100, 0.100, 0.100, 0.100, 0.100]
    Layer  8: sigma=[0.100, 0.100, 0.100, 0.100, 0.100, 0.100, 0.100, 0.100, 0.100, 0.100, 0.100, 0.100, 0.100, 0.100, 0.100, 0.100, 0.100, 0.100, 0.100, 0.100, 0.100, 0.100, 0.100, 0.100, 0.100, 0.100, 0.100, 0.184, 0.100, 0.100, 0.100, 0.100]
    Layer  9: sigma=[0.100, 0.100, 0.100, 0.100, 0.100, 0.100, 0.100, 0.100, 0.100, 0.100, 0.100, 0.100, 0.100, 0.100, 0.578, 0.133, 0.100, 0.100, 0.100, 0.100, 0.100, 0.100, 0.100, 0.100, 0.100, 0.100, 0.100, 0.100, 0.100, 0.100, 0.100, 0.100]
    Layer 10: sigma=[0.100, 0.100, 0.100, 0.100, 0.100, 0.100, 0.100, 0.100, 0.100, 0.100, 0.100, 0.100, 0.100, 0.100, 0.100, 0.100, 0.100, 0.100, 0.100, 0.100, 0.100, 0.100, 0.100, 0.100, 0.100, 0.100, 0.100, 0.100, 0.100, 0.100, 0.100, 0.100]
    Layer 11: sigma=[0.100, 0.100, 0.100, 0.100, 0.137, 0.100, 0.100, 0.100, 0.100, 0.107, 0.100, 0.100, 0.100, 0.100, 0.241, 0.100, 0.100, 0.100, 0.100, 0.100, 0.100, 0.100, 0.100, 0.100, 0.100, 0.100, 0.173, 0.100, 0.100, 0.100, 0.100, 0.100]
    Layer 12: sigma=[0.100, 0.100, 0.100, 0.100, 0.100, 0.100, 0.100, 0.100, 0.100, 0.103, 0.100, 0.108, 0.100, 0.100, 0.100, 0.100, 0.100, 0.307, 0.169, 0.100, 0.100, 0.100, 0.100, 0.100, 0.100, 0.100, 0.100, 0.215, 0.100, 0.100, 0.120, 0.100]
    Layer 13: sigma=[0.223, 0.100, 0.100, 0.342, 0.100, 0.100, 0.100, 0.100, 0.100, 0.100, 0.100, 0.100, 0.100, 0.100, 0.100, 0.100, 0.100, 0.100, 0.100, 0.111, 0.100, 0.100, 0.100, 0.100, 0.100, 0.100, 0.100, 0.100, 0.100, 0.100, 0.100, 0.100]
    Layer 14: sigma=[0.100, 0.100, 0.100, 0.100, 0.100, 0.458, 0.100, 0.100, 0.100, 0.100, 0.100, 0.100, 0.100, 0.100, 0.100, 0.100, 0.100, 0.100, 0.100, 0.100, 0.100, 0.100, 0.100, 0.100, 0.129, 0.103, 0.100, 0.100, 0.100, 0.100, 0.100, 0.100]
    Layer 15: sigma=[0.100, 0.193, 0.100, 0.100, 0.100, 0.112, 0.100, 0.100, 0.100, 0.100, 0.100, 0.100, 0.212, 0.100, 0.100, 0.100, 0.100, 0.100, 0.100, 0.100, 0.100, 0.100, 0.100, 0.100, 0.132, 0.100, 0.100, 0.100, 0.100, 0.100, 0.100, 0.100]
    Layer 16: sigma=[0.100, 0.100, 0.100, 0.100, 0.100, 0.100, 0.100, 0.100, 0.100, 0.100, 0.106, 0.100, 0.100, 0.100, 0.100, 0.100, 0.100, 0.100, 0.100, 0.100, 0.100, 0.100, 0.100, 0.100, 0.100, 0.100, 0.100, 0.379, 0.100, 0.100, 0.100, 0.100]
    Layer 17: sigma=[0.100, 0.100, 0.100, 0.100, 0.100, 0.146, 0.100, 0.100, 0.100, 0.100, 0.100, 0.100, 0.100, 0.100, 0.100, 0.100, 0.134, 0.103, 0.100, 0.445, 0.100, 0.100, 0.100, 0.100, 0.142, 0.100, 0.419, 0.100, 0.100, 0.100, 0.100, 0.100]
    Layer 18: sigma=[0.100, 0.473, 0.100, 0.100, 0.100, 0.100, 0.100, 0.197, 0.100, 0.100, 0.100, 0.100, 0.100, 0.100, 0.100, 0.100, 0.119, 0.100, 0.100, 0.100, 0.100, 0.100, 0.100, 0.100, 0.100, 0.100, 0.100, 0.100, 0.100, 0.100, 0.100, 0.100]
    Layer 19: sigma=[0.100, 0.100, 0.100, 0.100, 0.100, 0.100, 0.100, 0.100, 0.100, 0.100, 0.100, 0.100, 0.141, 0.100, 0.100, 0.183, 0.100, 0.100, 0.100, 0.275, 0.100, 0.100, 0.100, 0.104, 0.100, 0.100, 0.100, 0.100, 0.100, 0.100, 0.100, 0.100]
    Layer 20: sigma=[0.100, 0.100, 0.100, 0.100, 0.100, 0.177, 0.100, 0.100, 0.153, 0.102, 0.100, 0.100, 0.100, 0.100, 0.100, 0.119, 0.100, 0.112, 0.100, 0.100, 0.100, 0.100, 0.100, 0.100, 0.100, 0.100, 0.100, 0.100, 0.100, 0.100, 0.100, 0.100]
    Layer 21: sigma=[0.100, 0.149, 0.100, 0.100, 0.100, 0.100, 0.100, 0.100, 0.100, 0.144, 0.100, 0.264, 0.100, 0.100, 0.121, 0.100, 0.100, 0.100, 0.100, 0.100, 0.100, 0.109, 0.100, 0.100, 0.160, 0.100, 0.100, 0.100, 0.100, 0.100, 0.236, 0.100]
    Layer 22: sigma=[0.149, 0.100, 0.100, 0.100, 0.174, 0.116, 0.100, 0.239, 0.127, 0.100, 0.100, 0.100, 0.100, 0.100, 0.100, 0.112, 0.100, 0.100, 0.100, 0.100, 0.100, 0.100, 0.100, 0.100, 0.100, 0.100, 0.100, 0.100, 0.100, 0.100, 0.100, 0.100]
    Layer 23: sigma=[0.167, 0.265, 0.248, 0.100, 0.100, 0.100, 0.125, 0.100, 0.100, 0.241, 0.100, 0.100, 0.100, 0.100, 0.100, 0.100, 0.100, 0.100, 0.100, 0.100, 0.100, 0.100, 0.100, 0.100, 0.100, 0.100, 0.100, 0.100, 0.100, 0.100, 0.133, 0.257]
    Layer 24: sigma=[0.100, 0.100, 0.100, 0.100, 0.100, 0.100, 0.100, 0.100, 0.100, 0.100, 0.100, 0.100, 0.100, 0.100, 0.100, 0.199, 0.100, 0.100, 0.100, 0.100, 0.100, 0.100, 0.100, 0.100, 0.223, 0.407, 0.100, 0.435, 0.100, 0.100, 0.100, 0.100]
    Layer 25: sigma=[0.100, 0.100, 0.100, 0.100, 0.100, 0.100, 0.100, 0.100, 0.100, 0.100, 0.100, 0.100, 0.100, 0.100, 0.121, 0.100, 0.100, 0.100, 0.100, 0.100, 0.100, 0.100, 0.100, 0.100, 0.100, 0.100, 0.100, 0.100, 0.100, 0.100, 0.100, 0.100]
    Layer 26: sigma=[0.100, 0.100, 0.100, 0.100, 0.100, 0.100, 0.100, 0.100, 0.100, 0.100, 0.100, 0.100, 0.100, 0.100, 0.100, 0.100, 0.100, 0.100, 0.100, 0.100, 0.100, 0.100, 0.100, 0.100, 0.100, 0.100, 0.100, 0.100, 0.100, 0.100, 0.100, 0.100]
    Layer 27: sigma=[0.100, 0.100, 0.100, 0.100, 0.100, 0.100, 0.100, 0.100, 0.100, 0.100, 0.100, 0.100, 0.100, 0.100, 0.100, 0.100, 0.100, 0.100, 0.100, 0.100, 0.100, 0.100, 0.100, 0.100, 0.100, 0.100, 0.100, 0.100, 0.100, 0.101, 0.100, 0.100]
    Layer 28: sigma=[0.100, 0.100, 0.100, 0.100, 0.100, 0.135, 0.100, 0.100, 0.100, 0.100, 0.100, 0.100, 0.100, 0.100, 0.100, 0.100, 0.100, 0.100, 0.100, 0.100, 0.100, 0.100, 0.100, 0.100, 0.100, 0.100, 0.100, 0.100, 0.100, 0.100, 0.100, 0.100]
    Layer 29: sigma=[0.100, 0.100, 0.100, 0.100, 0.100, 0.100, 0.100, 0.100, 0.100, 0.100, 0.100, 0.100, 0.100, 0.100, 0.100, 0.100, 0.100, 0.100, 0.100, 0.100, 0.100, 0.100, 0.100, 0.100, 0.100, 0.100, 0.100, 0.100, 0.100, 0.100, 0.100, 0.100]
    Layer 30: sigma=[0.100, 0.100, 0.100, 0.100, 0.100, 0.100, 0.100, 0.100, 0.100, 0.100, 0.100, 0.100, 0.100, 0.100, 0.100, 0.100, 0.100, 0.100, 0.100, 0.100, 0.100, 0.100, 0.100, 0.100, 0.100, 0.100, 0.100, 0.100, 0.100, 0.100, 0.100, 0.100]
    Layer 31: sigma=[0.100, 0.100, 0.100, 0.100, 0.100, 0.100, 0.100, 0.100, 0.100, 0.100, 0.100, 0.100, 0.100, 0.100, 0.100, 0.100, 0.100, 0.100, 0.100, 0.103, 0.100, 0.100, 0.100, 0.100, 0.100, 0.100, 0.100, 0.100, 0.100, 0.100, 0.100, 0.100]
    Layer 32: sigma=[0.100, 0.100, 0.100, 0.100, 0.100, 0.100, 0.100, 0.100, 0.100, 0.100, 0.100, 0.100, 0.100, 0.100, 0.100, 0.100, 0.100, 0.100, 0.100, 0.100, 0.100, 0.100, 0.100, 0.100, 0.100, 0.100, 0.100, 0.100, 0.100, 0.100, 0.100, 0.100]
    Layer 33: sigma=[0.100, 0.100, 0.100, 0.100, 0.100, 0.100, 0.100, 0.100, 0.100, 0.100, 0.100, 0.100, 0.100, 0.100, 0.100, 0.100, 0.100, 0.100, 0.100, 0.100, 0.100, 0.100, 0.100, 0.100, 0.100, 0.100, 0.100, 0.100, 0.100, 0.100, 0.100, 0.100]
    Layer 34: sigma=[0.100, 0.100, 0.100, 0.100, 0.100, 0.100, 0.100, 0.100, 0.100, 0.100, 0.100, 0.100, 0.100, 0.100, 0.100, 0.100, 0.100, 0.100, 0.100, 0.100, 0.100, 0.100, 0.100, 0.100, 0.100, 0.100, 0.100, 0.100, 0.100, 0.100, 0.100, 0.100]

  [Taylor Step 3/3] g_proj = v_proj * alpha (damping=0.01)...
    Layer  0: alpha=0.060411  teacher_rms=0.0163  v_rms=0.0027
    Layer  1: alpha=0.060800  teacher_rms=0.0205  v_rms=0.0034
    Layer  2: alpha=0.056906  teacher_rms=0.0214  v_rms=0.0038
    Layer  3: alpha=0.048759  teacher_rms=0.0259  v_rms=0.0053
    Layer  4: alpha=0.047499  teacher_rms=0.0304  v_rms=0.0064
    Layer  5: alpha=0.061765  teacher_rms=0.0409  v_rms=0.0066
    Layer  6: alpha=0.078367  teacher_rms=0.0621  v_rms=0.0079
    Layer  7: alpha=0.045940  teacher_rms=0.0530  v_rms=0.0115
    Layer  8: alpha=0.047256  teacher_rms=0.0708  v_rms=0.0150
    Layer  9: alpha=0.035016  teacher_rms=0.0713  v_rms=0.0204
    Layer 10: alpha=0.051225  teacher_rms=0.1092  v_rms=0.0213
    Layer 11: alpha=0.062831  teacher_rms=0.1046  v_rms=0.0166
    Layer 12: alpha=0.060526  teacher_rms=0.1207  v_rms=0.0199
    Layer 13: alpha=0.052727  teacher_rms=0.1040  v_rms=0.0197
    Layer 14: alpha=0.061572  teacher_rms=0.1547  v_rms=0.0251
    Layer 15: alpha=0.057557  teacher_rms=0.1576  v_rms=0.0274
    Layer 16: alpha=0.043169  teacher_rms=0.1473  v_rms=0.0341
    Layer 17: alpha=0.043018  teacher_rms=0.1753  v_rms=0.0408
    Layer 18: alpha=0.044865  teacher_rms=0.1990  v_rms=0.0444
    Layer 19: alpha=0.055726  teacher_rms=0.2060  v_rms=0.0370
    Layer 20: alpha=0.057548  teacher_rms=0.1966  v_rms=0.0342
    Layer 21: alpha=0.052339  teacher_rms=0.2373  v_rms=0.0453
    Layer 22: alpha=0.055247  teacher_rms=0.2834  v_rms=0.0513
    Layer 23: alpha=0.050120  teacher_rms=0.3098  v_rms=0.0618
    Layer 24: alpha=0.031069  teacher_rms=0.2897  v_rms=0.0932
    Layer 25: alpha=0.039842  teacher_rms=0.2376  v_rms=0.0596
    Layer 26: alpha=0.029256  teacher_rms=0.2124  v_rms=0.0726
    Layer 27: alpha=0.037085  teacher_rms=0.3083  v_rms=0.0831
    Layer 28: alpha=0.042308  teacher_rms=0.3705  v_rms=0.0876
    Layer 29: alpha=0.017344  teacher_rms=0.2548  v_rms=0.1469
    Layer 30: alpha=0.029045  teacher_rms=0.4297  v_rms=0.1480
    Layer 31: alpha=0.021204  teacher_rms=0.3785  v_rms=0.1785
    Layer 32: alpha=0.023899  teacher_rms=0.5288  v_rms=0.2213
    Layer 33: alpha=0.018560  teacher_rms=0.6404  v_rms=0.3451
    Layer 34: alpha=0.033190  teacher_rms=1.0325  v_rms=0.3111

  Set g_proj = v_proj * alpha in 35 GDN layers (damping=0.01).
  Init (taylor_init) done in 336.9s
  Layer 35: PPL = 144445.86  (eval 16.9s)

============================================================
  RANKING [taylor_init] (lower PPL = more important to keep)
============================================================
  # 1  Layer 35  PPL = 144445.86
  # 2  Layer 34  PPL = 227446.22
  # 3  Layer 24  PPL = 513984.84
  # 4  Layer 33  PPL = 813512.50
  # 5  Layer 26  PPL = 1024308.25
  # 6  Layer 30  PPL = 1074517.75
  # 7  Layer 29  PPL = 1378942.50
  # 8  Layer 32  PPL = 1410724.00
  # 9  Layer 27  PPL = 1684015.75
  #10  Layer 22  PPL = 2148905.25
  #11  Layer 28  PPL = 2217624.25
  #12  Layer 25  PPL = 2231814.00
  #13  Layer  0  PPL = 2849403.75
  #14  Layer 23  PPL = 3245750.00
  #15  Layer  1  PPL = 4168535.75
  #16  Layer 31  PPL = 4238673.00
  #17  Layer  5  PPL = 4519210.00
  #18  Layer 16  PPL = 5177422.50
  #19  Layer 12  PPL = 5184166.50
  #20  Layer  3  PPL = 5228694.50
  #21  Layer  2  PPL = 5273952.00
  #22  Layer  4  PPL = 6027415.00
  #23  Layer  7  PPL = 6751299.00
  #24  Layer 20  PPL = 7166373.00
  #25  Layer  8  PPL = 7490080.50
  #26  Layer  9  PPL = 8359423.00
  #27  Layer 14  PPL = 9259058.00
  #28  Layer 11  PPL = 10064156.00
  #29  Layer 15  PPL = 10554732.00
  #30  Layer  6  PPL = 10840225.00
  #31  Layer 10  PPL = 10987940.00
  #32  Layer 18  PPL = 12354922.00
  #33  Layer 21  PPL = 14525953.00
  #34  Layer 19  PPL = 15730314.00
  #35  Layer 13  PPL = 18425712.00
  #36  Layer 17  PPL = 35799348.00

  Top-18 layers (sorted): [0, 1, 5, 16, 22, 23, 24, 25, 26, 27, 28, 29, 30, 31, 32, 33, 34, 35]
  keep_full_attention_layers: [0, 1, 5, 16, 22, 23, 24, 25, 26, 27, 28, 29, 30, 31, 32, 33, 34, 35]

  Results saved to /home/charlie/Taylor-Distill/results/zeroshot_qwen3_8b_50pct/ga_s2/taylor_init/gpu0.json
