Strategy: taylor_init
Teacher (FLA): /data/shared/charlie/converted_teachers/Qwen3-8B
Teacher (HF):  Qwen/Qwen3-8B

============================================================
  Probing layer 0 | strategy=taylor_init
============================================================
Loading checkpoint shards:   0%|          | 0/4 [00:00<?, ?it/s]Loading checkpoint shards: 100%|██████████| 4/4 [00:00<00:00, 37.96it/s]Loading checkpoint shards: 100%|██████████| 4/4 [00:00<00:00, 37.88it/s]
/home/charlie/miniconda3/envs/taylor/lib/python3.12/site-packages/fla/layers/gated_deltanet.py:191: UserWarning: ShortConvolution is crucial to the performance. Do not turn it off, i.e., setting `use_short_conv=False` unless you know what you are doing.
  warnings.warn(
Could not cache non-existence of file. Will ignore error and continue. Error: [Errno 13] Permission denied: '/data/shared/huggingface/hub/models--Qwen--Qwen3-8B/.no_exist/b968826d9c46dd6066d109eabc6255188de91218/model.safetensors'
Loading checkpoint shards:   0%|          | 0/5 [00:00<?, ?it/s]Loading checkpoint shards: 100%|██████████| 5/5 [00:00<00:00, 89.32it/s]
Token indices sequence length is longer than the specified maximum sequence length for this model (2429029 > 131072). Running this sequence through the model will result in indexing errors
  [Taylor Step 1/3] Gate calibration from attention stats...
    Layer  1: dist=[19, 38, 25, 44, 3, 15, 31, 11, 45, 36, 65, 60, 34, 47, 51, 38, 32, 54, 57, 33, 56, 24, 40, 40, 37, 9, 44, 41, 83, 31, 37, 49]
    Layer  2: dist=[65, 65, 67, 62, 26, 45, 33, 43, 39, 47, 56, 56, 53, 46, 46, 60, 61, 49, 54, 43, 49, 67, 48, 50, 25, 24, 21, 35, 73, 73, 77, 74]
    Layer  3: dist=[65, 26, 13, 22, 87, 93, 83, 73, 56, 53, 62, 58, 90, 73, 75, 74, 59, 62, 51, 67, 74, 60, 64, 65, 64, 56, 52, 59, 70, 63, 72, 65]
    Layer  4: dist=[62, 63, 73, 67, 73, 56, 61, 89, 68, 69, 63, 60, 55, 55, 71, 61, 62, 65, 67, 70, 64, 61, 47, 64, 41, 51, 48, 34, 51, 66, 55, 55]
    Layer  5: dist=[36, 48, 55, 35, 61, 68, 52, 51, 5, 18, 73, 61, 54, 78, 59, 52, 41, 32, 50, 48, 51, 55, 48, 59, 73, 73, 80, 80, 43, 44, 46, 58]
    Layer  6: dist=[27, 40, 30, 31, 52, 46, 67, 61, 46, 25, 43, 38, 56, 64, 56, 30, 47, 34, 45, 40, 20, 30, 32, 14, 35, 50, 32, 49, 47, 43, 37, 53]
    Layer  7: dist=[55, 60, 64, 87, 126, 114, 127, 121, 88, 119, 99, 72, 108, 23, 53, 97, 80, 101, 85, 81, 106, 86, 112, 116, 64, 78, 47, 86, 97, 101, 101, 106]
    Layer  8: dist=[83, 87, 90, 58, 81, 77, 69, 78, 86, 99, 87, 90, 94, 86, 96, 70, 116, 107, 103, 96, 92, 106, 100, 111, 92, 72, 95, 67, 84, 72, 79, 74]
    Layer  9: dist=[76, 60, 61, 67, 83, 97, 96, 74, 123, 120, 118, 112, 27, 87, 63, 85, 93, 100, 114, 125, 87, 77, 60, 70, 119, 81, 91, 97, 125, 113, 127, 123]
    Layer 10: dist=[76, 71, 58, 74, 85, 102, 64, 74, 63, 88, 106, 49, 88, 67, 82, 86, 87, 102, 100, 107, 88, 60, 107, 90, 93, 107, 84, 77, 76, 65, 82, 90]
    Layer 11: dist=[78, 65, 79, 48, 53, 61, 78, 77, 102, 123, 109, 93, 82, 64, 65, 69, 69, 63, 61, 51, 77, 107, 89, 87, 67, 59, 56, 54, 95, 55, 55, 94]
    Layer 12: dist=[21, 72, 79, 61, 87, 83, 66, 70, 63, 62, 74, 77, 86, 81, 82, 87, 39, 68, 59, 94, 102, 112, 97, 103, 93, 2, 107, 38, 81, 88, 113, 91]
    Layer 13: dist=[52, 68, 66, 62, 52, 51, 65, 40, 86, 63, 99, 122, 128, 115, 109, 124, 85, 72, 57, 61, 93, 55, 83, 90, 84, 59, 72, 76, 113, 111, 96, 99]
    Layer 14: dist=[44, 64, 65, 46, 62, 45, 64, 65, 54, 57, 70, 68, 69, 76, 65, 67, 77, 86, 51, 64, 65, 31, 51, 81, 52, 67, 73, 64, 85, 88, 8, 89]
    Layer 15: dist=[80, 44, 79, 38, 37, 38, 79, 67, 90, 60, 46, 104, 68, 107, 79, 89, 61, 57, 64, 68, 58, 60, 50, 51, 49, 34, 86, 62, 72, 84, 71, 49]
    Layer 16: dist=[61, 57, 74, 85, 55, 58, 48, 55, 54, 82, 73, 84, 90, 69, 86, 86, 68, 71, 60, 62, 115, 118, 110, 103, 71, 54, 64, 10, 58, 59, 65, 56]
    Layer 17: dist=[111, 95, 79, 67, 53, 57, 39, 47, 90, 108, 79, 100, 40, 57, 71, 74, 44, 61, 61, 42, 75, 98, 93, 97, 58, 55, 57, 52, 53, 79, 93, 67]
    Layer 18: dist=[34, 45, 35, 33, 56, 78, 74, 57, 64, 67, 66, 79, 61, 60, 57, 62, 46, 74, 72, 52, 68, 47, 65, 96, 58, 62, 61, 63, 52, 53, 79, 56]
    Layer 19: dist=[73, 64, 63, 62, 76, 103, 54, 71, 81, 85, 84, 93, 63, 57, 75, 63, 84, 85, 49, 49, 21, 50, 33, 49, 102, 106, 102, 116, 77, 77, 73, 72]
    Layer 20: dist=[89, 79, 80, 77, 78, 51, 49, 57, 40, 36, 43, 39, 92, 79, 87, 96, 45, 51, 56, 39, 73, 111, 101, 98, 125, 97, 105, 85, 93, 79, 108, 108]
    Layer 21: dist=[44, 50, 56, 68, 115, 65, 96, 118, 118, 61, 71, 69, 46, 41, 44, 42, 75, 75, 83, 65, 89, 99, 95, 96, 64, 62, 60, 80, 73, 79, 60, 88]
    Layer 22: dist=[73, 60, 67, 63, 52, 72, 45, 56, 37, 49, 45, 59, 18, 86, 61, 64, 33, 79, 76, 41, 102, 115, 120, 121, 101, 84, 91, 95, 114, 92, 103, 95]
    Layer 23: dist=[39, 30, 48, 39, 110, 111, 41, 102, 79, 36, 45, 63, 75, 72, 79, 77, 82, 75, 74, 94, 72, 93, 82, 76, 78, 72, 68, 100, 91, 90, 83, 78]
    Layer 24: dist=[79, 124, 109, 101, 99, 109, 111, 97, 102, 105, 104, 84, 78, 75, 89, 74, 81, 86, 98, 88, 120, 103, 102, 117, 65, 73, 79, 51, 95, 111, 98, 88]
    Layer 25: dist=[105, 121, 118, 94, 71, 72, 107, 80, 96, 97, 85, 90, 65, 89, 50, 68, 93, 99, 97, 89, 102, 111, 105, 108, 110, 110, 99, 108, 88, 125, 98, 88]
    Layer 26: dist=[80, 88, 106, 68, 115, 113, 113, 110, 102, 107, 105, 98, 100, 124, 116, 116, 86, 93, 99, 95, 102, 113, 122, 114, 99, 97, 102, 93, 115, 96, 114, 95]
    Layer 27: dist=[87, 108, 103, 117, 98, 105, 101, 86, 77, 100, 107, 99, 78, 109, 80, 86, 96, 99, 99, 104, 91, 112, 113, 92, 110, 113, 116, 117, 107, 77, 92, 117]
    Layer 28: dist=[103, 92, 102, 102, 82, 63, 80, 76, 96, 107, 92, 89, 112, 105, 96, 101, 112, 104, 104, 108, 119, 71, 60, 89, 91, 88, 99, 99, 92, 92, 71, 95]
    Layer 29: dist=[113, 114, 114, 113, 90, 112, 94, 114, 119, 113, 122, 105, 120, 120, 119, 120, 116, 106, 115, 121, 123, 123, 107, 125, 100, 114, 97, 92, 106, 95, 106, 109]
    Layer 30: dist=[75, 102, 99, 100, 102, 100, 90, 67, 117, 117, 115, 120, 105, 104, 113, 101, 97, 78, 120, 122, 51, 120, 100, 110, 119, 119, 119, 118, 106, 110, 107, 102]
    Layer 31: dist=[119, 117, 99, 98, 112, 113, 114, 116, 114, 77, 87, 91, 117, 116, 117, 115, 101, 101, 106, 94, 119, 116, 108, 119, 112, 109, 89, 120, 112, 106, 102, 110]
    Layer 32: dist=[110, 114, 114, 111, 116, 119, 116, 117, 110, 111, 117, 115, 93, 113, 108, 91, 118, 106, 109, 111, 123, 92, 114, 120, 71, 95, 80, 105, 116, 107, 99, 103]
    Layer 33: dist=[102, 120, 112, 119, 91, 102, 57, 94, 116, 116, 113, 113, 114, 115, 113, 116, 114, 117, 106, 109, 112, 96, 110, 113, 111, 119, 122, 118, 110, 111, 107, 104]
    Layer 34: dist=[110, 109, 112, 113, 105, 111, 108, 102, 53, 93, 114, 86, 117, 115, 120, 81, 82, 89, 126, 55, 119, 51, 118, 119, 122, 122, 125, 122, 54, 62, 68, 109]
    Layer 35: dist=[105, 123, 71, 97, 82, 36, 112, 100, 85, 94, 112, 96, 63, 28, 49, 40, 98, 74, 84, 48, 90, 102, 55, 54, 66, 49, 68, 72, 73, 115, 122, 117]

  [Taylor Step 2/3] OLS sigma per head (scaling V, streaming)...
    Layer  1: sigma=[0.352, 0.100, 0.100, 0.100, 0.100, 0.100, 0.100, 0.100, 0.100, 0.164, 0.247, 0.100, 0.100, 0.100, 0.100, 0.100, 0.100, 0.100, 0.100, 0.100, 0.100, 0.100, 0.100, 0.118, 0.100, 0.100, 0.114, 0.100, 0.100, 0.100, 0.100, 0.100]
    Layer  2: sigma=[0.100, 0.100, 0.100, 0.100, 0.100, 0.100, 0.100, 0.100, 0.108, 0.100, 0.100, 0.100, 0.100, 0.145, 0.100, 0.100, 0.100, 0.219, 0.100, 0.100, 0.100, 0.100, 0.100, 0.100, 0.100, 0.171, 0.100, 0.100, 0.100, 0.100, 0.100, 0.100]
    Layer  3: sigma=[0.100, 0.323, 0.100, 0.158, 0.100, 0.100, 0.100, 0.100, 0.100, 0.100, 0.100, 0.100, 0.100, 0.100, 0.100, 0.100, 0.100, 0.100, 0.100, 0.100, 0.100, 0.109, 0.100, 0.100, 0.100, 0.100, 0.100, 0.100, 0.100, 0.100, 0.100, 0.100]
    Layer  4: sigma=[0.100, 0.100, 0.100, 0.100, 0.100, 0.100, 0.100, 0.100, 0.100, 0.100, 0.100, 0.100, 0.100, 0.100, 0.100, 0.100, 0.100, 0.100, 0.100, 0.100, 0.132, 0.139, 0.317, 0.100, 0.100, 0.100, 0.100, 0.100, 0.100, 0.100, 0.100, 0.100]
    Layer  5: sigma=[0.100, 0.100, 0.100, 0.100, 0.100, 0.100, 0.100, 0.100, 0.100, 0.134, 0.100, 0.112, 0.100, 0.100, 0.100, 0.122, 0.100, 0.178, 0.100, 0.100, 0.100, 0.100, 0.100, 0.100, 0.100, 0.100, 0.100, 0.100, 0.100, 0.100, 0.100, 0.100]
    Layer  6: sigma=[0.100, 0.100, 0.100, 0.100, 0.100, 0.100, 0.100, 0.100, 0.100, 0.100, 0.100, 0.100, 0.100, 0.100, 0.100, 0.100, 0.100, 0.100, 0.100, 0.100, 0.159, 0.100, 0.100, 0.100, 0.100, 0.100, 0.100, 0.100, 0.100, 0.100, 0.100, 0.100]
    Layer  7: sigma=[0.100, 0.159, 0.100, 0.100, 0.120, 0.100, 0.100, 0.100, 0.100, 0.100, 0.100, 0.101, 0.100, 0.100, 0.100, 0.100, 0.100, 0.100, 0.100, 0.100, 0.100, 0.100, 0.100, 0.100, 0.100, 0.100, 0.100, 0.100, 0.100, 0.100, 0.100, 0.100]
    Layer  8: sigma=[0.100, 0.100, 0.100, 0.100, 0.100, 0.100, 0.100, 0.100, 0.100, 0.100, 0.100, 0.100, 0.100, 0.100, 0.100, 0.100, 0.100, 0.100, 0.100, 0.100, 0.100, 0.100, 0.100, 0.100, 0.100, 0.100, 0.100, 0.166, 0.100, 0.100, 0.100, 0.100]
    Layer  9: sigma=[0.100, 0.100, 0.100, 0.100, 0.100, 0.100, 0.100, 0.100, 0.100, 0.100, 0.100, 0.100, 0.100, 0.100, 0.550, 0.131, 0.100, 0.100, 0.100, 0.100, 0.100, 0.100, 0.100, 0.100, 0.100, 0.100, 0.100, 0.100, 0.100, 0.100, 0.100, 0.100]
    Layer 10: sigma=[0.100, 0.100, 0.100, 0.100, 0.100, 0.100, 0.100, 0.100, 0.100, 0.100, 0.100, 0.100, 0.100, 0.100, 0.100, 0.100, 0.100, 0.100, 0.100, 0.100, 0.100, 0.100, 0.100, 0.100, 0.100, 0.100, 0.100, 0.100, 0.100, 0.100, 0.100, 0.100]
    Layer 11: sigma=[0.100, 0.100, 0.100, 0.100, 0.143, 0.100, 0.100, 0.100, 0.100, 0.101, 0.100, 0.100, 0.100, 0.100, 0.233, 0.100, 0.100, 0.100, 0.100, 0.100, 0.100, 0.100, 0.100, 0.100, 0.100, 0.100, 0.166, 0.100, 0.100, 0.100, 0.100, 0.100]
    Layer 12: sigma=[0.100, 0.100, 0.100, 0.100, 0.100, 0.100, 0.100, 0.100, 0.100, 0.103, 0.100, 0.108, 0.100, 0.100, 0.100, 0.100, 0.100, 0.300, 0.169, 0.100, 0.100, 0.100, 0.100, 0.100, 0.100, 0.100, 0.100, 0.210, 0.100, 0.100, 0.118, 0.100]
    Layer 13: sigma=[0.226, 0.100, 0.100, 0.316, 0.100, 0.100, 0.100, 0.100, 0.100, 0.100, 0.100, 0.100, 0.100, 0.100, 0.100, 0.100, 0.100, 0.100, 0.100, 0.103, 0.100, 0.100, 0.100, 0.100, 0.100, 0.100, 0.100, 0.100, 0.100, 0.100, 0.100, 0.100]
    Layer 14: sigma=[0.100, 0.100, 0.100, 0.100, 0.100, 0.420, 0.100, 0.100, 0.100, 0.100, 0.100, 0.100, 0.100, 0.100, 0.100, 0.100, 0.100, 0.100, 0.100, 0.100, 0.100, 0.100, 0.100, 0.100, 0.111, 0.119, 0.100, 0.100, 0.100, 0.100, 0.100, 0.100]
    Layer 15: sigma=[0.100, 0.205, 0.100, 0.100, 0.100, 0.105, 0.100, 0.100, 0.100, 0.100, 0.100, 0.100, 0.202, 0.100, 0.100, 0.100, 0.100, 0.100, 0.100, 0.100, 0.100, 0.100, 0.100, 0.100, 0.141, 0.100, 0.100, 0.100, 0.100, 0.100, 0.100, 0.100]
    Layer 16: sigma=[0.100, 0.100, 0.100, 0.100, 0.100, 0.100, 0.100, 0.100, 0.100, 0.100, 0.100, 0.100, 0.100, 0.100, 0.100, 0.100, 0.100, 0.100, 0.100, 0.100, 0.100, 0.100, 0.100, 0.100, 0.100, 0.100, 0.100, 0.364, 0.100, 0.100, 0.100, 0.100]
    Layer 17: sigma=[0.100, 0.100, 0.100, 0.100, 0.100, 0.132, 0.100, 0.100, 0.100, 0.100, 0.100, 0.100, 0.100, 0.100, 0.100, 0.100, 0.144, 0.100, 0.100, 0.426, 0.100, 0.100, 0.100, 0.100, 0.143, 0.100, 0.406, 0.100, 0.100, 0.100, 0.100, 0.100]
    Layer 18: sigma=[0.100, 0.455, 0.100, 0.100, 0.100, 0.100, 0.100, 0.191, 0.100, 0.100, 0.100, 0.100, 0.100, 0.100, 0.100, 0.100, 0.164, 0.100, 0.100, 0.100, 0.100, 0.100, 0.100, 0.100, 0.100, 0.100, 0.100, 0.100, 0.100, 0.100, 0.100, 0.100]
    Layer 19: sigma=[0.100, 0.100, 0.100, 0.100, 0.100, 0.100, 0.100, 0.100, 0.100, 0.100, 0.100, 0.100, 0.165, 0.100, 0.100, 0.175, 0.100, 0.100, 0.100, 0.273, 0.100, 0.100, 0.100, 0.103, 0.100, 0.100, 0.100, 0.100, 0.100, 0.100, 0.100, 0.100]
    Layer 20: sigma=[0.100, 0.100, 0.100, 0.100, 0.100, 0.198, 0.100, 0.100, 0.138, 0.106, 0.100, 0.100, 0.100, 0.100, 0.100, 0.113, 0.100, 0.148, 0.100, 0.100, 0.100, 0.100, 0.100, 0.100, 0.100, 0.100, 0.100, 0.100, 0.100, 0.100, 0.100, 0.100]
    Layer 21: sigma=[0.100, 0.165, 0.100, 0.100, 0.100, 0.100, 0.100, 0.100, 0.100, 0.166, 0.100, 0.276, 0.100, 0.100, 0.110, 0.100, 0.100, 0.100, 0.100, 0.100, 0.100, 0.103, 0.100, 0.100, 0.159, 0.100, 0.100, 0.100, 0.100, 0.100, 0.314, 0.100]
    Layer 22: sigma=[0.153, 0.100, 0.100, 0.100, 0.138, 0.116, 0.113, 0.150, 0.100, 0.100, 0.100, 0.100, 0.100, 0.100, 0.100, 0.127, 0.100, 0.100, 0.100, 0.100, 0.100, 0.100, 0.100, 0.100, 0.100, 0.100, 0.100, 0.100, 0.100, 0.100, 0.100, 0.100]
    Layer 23: sigma=[0.172, 0.265, 0.242, 0.100, 0.100, 0.100, 0.138, 0.100, 0.100, 0.239, 0.100, 0.100, 0.100, 0.100, 0.109, 0.100, 0.100, 0.100, 0.100, 0.100, 0.100, 0.100, 0.100, 0.100, 0.100, 0.100, 0.100, 0.100, 0.100, 0.116, 0.209, 0.223]
    Layer 24: sigma=[0.100, 0.100, 0.100, 0.100, 0.100, 0.100, 0.100, 0.100, 0.100, 0.100, 0.100, 0.100, 0.100, 0.100, 0.100, 0.156, 0.100, 0.100, 0.100, 0.100, 0.100, 0.100, 0.100, 0.100, 0.215, 0.361, 0.100, 0.384, 0.100, 0.100, 0.100, 0.100]
    Layer 25: sigma=[0.100, 0.100, 0.100, 0.100, 0.100, 0.100, 0.100, 0.100, 0.100, 0.100, 0.100, 0.100, 0.100, 0.100, 0.117, 0.100, 0.100, 0.100, 0.100, 0.100, 0.100, 0.100, 0.100, 0.100, 0.100, 0.100, 0.100, 0.100, 0.100, 0.100, 0.100, 0.100]
    Layer 26: sigma=[0.100, 0.100, 0.100, 0.100, 0.100, 0.100, 0.100, 0.100, 0.100, 0.100, 0.100, 0.100, 0.100, 0.100, 0.100, 0.100, 0.100, 0.100, 0.100, 0.100, 0.100, 0.100, 0.100, 0.100, 0.100, 0.100, 0.100, 0.100, 0.100, 0.100, 0.100, 0.100]
    Layer 27: sigma=[0.100, 0.100, 0.100, 0.100, 0.100, 0.100, 0.100, 0.100, 0.100, 0.100, 0.100, 0.100, 0.100, 0.100, 0.100, 0.100, 0.100, 0.100, 0.100, 0.100, 0.100, 0.100, 0.100, 0.100, 0.100, 0.100, 0.100, 0.100, 0.100, 0.100, 0.100, 0.100]
    Layer 28: sigma=[0.100, 0.100, 0.100, 0.100, 0.100, 0.115, 0.100, 0.118, 0.100, 0.100, 0.100, 0.100, 0.100, 0.100, 0.100, 0.100, 0.100, 0.100, 0.100, 0.100, 0.100, 0.100, 0.100, 0.100, 0.100, 0.100, 0.100, 0.100, 0.100, 0.100, 0.100, 0.100]
    Layer 29: sigma=[0.100, 0.100, 0.100, 0.100, 0.100, 0.100, 0.100, 0.100, 0.100, 0.100, 0.100, 0.100, 0.100, 0.100, 0.100, 0.100, 0.100, 0.100, 0.100, 0.100, 0.100, 0.100, 0.100, 0.100, 0.100, 0.100, 0.100, 0.100, 0.100, 0.100, 0.100, 0.100]
    Layer 30: sigma=[0.100, 0.100, 0.100, 0.100, 0.100, 0.100, 0.100, 0.100, 0.100, 0.100, 0.100, 0.100, 0.100, 0.100, 0.100, 0.100, 0.100, 0.100, 0.100, 0.100, 0.124, 0.100, 0.100, 0.100, 0.100, 0.100, 0.100, 0.100, 0.100, 0.100, 0.100, 0.100]
    Layer 31: sigma=[0.100, 0.100, 0.100, 0.100, 0.100, 0.100, 0.100, 0.100, 0.100, 0.100, 0.100, 0.100, 0.100, 0.100, 0.100, 0.100, 0.100, 0.100, 0.100, 0.120, 0.100, 0.100, 0.100, 0.100, 0.100, 0.100, 0.100, 0.100, 0.100, 0.100, 0.100, 0.100]
    Layer 32: sigma=[0.100, 0.100, 0.100, 0.100, 0.100, 0.100, 0.100, 0.100, 0.100, 0.100, 0.100, 0.100, 0.100, 0.100, 0.100, 0.100, 0.100, 0.100, 0.100, 0.100, 0.100, 0.100, 0.100, 0.100, 0.100, 0.100, 0.100, 0.100, 0.100, 0.100, 0.100, 0.100]
    Layer 33: sigma=[0.100, 0.100, 0.100, 0.100, 0.100, 0.100, 0.100, 0.100, 0.100, 0.100, 0.100, 0.100, 0.100, 0.100, 0.100, 0.100, 0.100, 0.100, 0.100, 0.100, 0.100, 0.100, 0.100, 0.100, 0.100, 0.100, 0.100, 0.100, 0.100, 0.100, 0.100, 0.100]
    Layer 34: sigma=[0.100, 0.100, 0.100, 0.100, 0.100, 0.100, 0.100, 0.100, 0.100, 0.100, 0.100, 0.405, 0.100, 0.100, 0.100, 0.100, 0.100, 0.100, 0.100, 0.116, 0.100, 0.100, 0.100, 0.100, 0.100, 0.100, 0.100, 0.100, 0.100, 0.100, 0.100, 0.100]
    Layer 35: sigma=[0.100, 0.100, 0.100, 0.100, 0.100, 0.100, 0.100, 0.100, 0.100, 0.100, 0.100, 0.100, 0.100, 0.100, 0.100, 0.100, 0.100, 0.100, 0.100, 0.100, 0.100, 0.100, 0.130, 0.100, 0.100, 0.100, 0.100, 0.100, 0.100, 0.100, 0.100, 0.100]

  [Taylor Step 3/3] g_proj = v_proj * alpha (damping=0.01)...
    Layer  1: alpha=0.060775  teacher_rms=0.0205  v_rms=0.0034
    Layer  2: alpha=0.057057  teacher_rms=0.0214  v_rms=0.0038
    Layer  3: alpha=0.048708  teacher_rms=0.0259  v_rms=0.0053
    Layer  4: alpha=0.047365  teacher_rms=0.0304  v_rms=0.0064
    Layer  5: alpha=0.061877  teacher_rms=0.0409  v_rms=0.0066
    Layer  6: alpha=0.078210  teacher_rms=0.0621  v_rms=0.0079
    Layer  7: alpha=0.045786  teacher_rms=0.0530  v_rms=0.0116
    Layer  8: alpha=0.047704  teacher_rms=0.0708  v_rms=0.0148
    Layer  9: alpha=0.035839  teacher_rms=0.0713  v_rms=0.0199
    Layer 10: alpha=0.051225  teacher_rms=0.1092  v_rms=0.0213
    Layer 11: alpha=0.063251  teacher_rms=0.1046  v_rms=0.0165
    Layer 12: alpha=0.060949  teacher_rms=0.1207  v_rms=0.0198
    Layer 13: alpha=0.053695  teacher_rms=0.1040  v_rms=0.0194
    Layer 14: alpha=0.063376  teacher_rms=0.1547  v_rms=0.0244
    Layer 15: alpha=0.057357  teacher_rms=0.1576  v_rms=0.0275
    Layer 16: alpha=0.043605  teacher_rms=0.1473  v_rms=0.0338
    Layer 17: alpha=0.043757  teacher_rms=0.1753  v_rms=0.0401
    Layer 18: alpha=0.045558  teacher_rms=0.1990  v_rms=0.0437
    Layer 19: alpha=0.055459  teacher_rms=0.2060  v_rms=0.0372
    Layer 20: alpha=0.056175  teacher_rms=0.1966  v_rms=0.0350
    Layer 21: alpha=0.048586  teacher_rms=0.2373  v_rms=0.0488
    Layer 22: alpha=0.058137  teacher_rms=0.2834  v_rms=0.0487
    Layer 23: alpha=0.049357  teacher_rms=0.3098  v_rms=0.0628
    Layer 24: alpha=0.033262  teacher_rms=0.2897  v_rms=0.0871
    Layer 25: alpha=0.039883  teacher_rms=0.2376  v_rms=0.0596
    Layer 26: alpha=0.029256  teacher_rms=0.2124  v_rms=0.0726
    Layer 27: alpha=0.037093  teacher_rms=0.3083  v_rms=0.0831
    Layer 28: alpha=0.042394  teacher_rms=0.3705  v_rms=0.0874
    Layer 29: alpha=0.017344  teacher_rms=0.2548  v_rms=0.1469
    Layer 30: alpha=0.028885  teacher_rms=0.4297  v_rms=0.1488
    Layer 31: alpha=0.021146  teacher_rms=0.3785  v_rms=0.1790
    Layer 32: alpha=0.023899  teacher_rms=0.5288  v_rms=0.2213
    Layer 33: alpha=0.018560  teacher_rms=0.6404  v_rms=0.3451
    Layer 34: alpha=0.029035  teacher_rms=1.0325  v_rms=0.3556
    Layer 35: alpha=0.059628  teacher_rms=1.0168  v_rms=0.1705

  Set g_proj = v_proj * alpha in 35 GDN layers (damping=0.01).
  Init (taylor_init) done in 382.4s
  Layer 0: PPL = 2842477.50  (eval 35.0s)

============================================================
  Probing layer 1 | strategy=taylor_init
============================================================
Loading checkpoint shards:   0%|          | 0/4 [00:00<?, ?it/s]Loading checkpoint shards: 100%|██████████| 4/4 [00:00<00:00, 121.88it/s]
Could not cache non-existence of file. Will ignore error and continue. Error: [Errno 13] Permission denied: '/data/shared/huggingface/hub/models--Qwen--Qwen3-8B/.no_exist/b968826d9c46dd6066d109eabc6255188de91218/model.safetensors'
Loading checkpoint shards:   0%|          | 0/5 [00:00<?, ?it/s]Loading checkpoint shards: 100%|██████████| 5/5 [00:00<00:00, 172.97it/s]
Token indices sequence length is longer than the specified maximum sequence length for this model (2429029 > 131072). Running this sequence through the model will result in indexing errors
  [Taylor Step 1/3] Gate calibration from attention stats...
    Layer  0: dist=[32, 3, 12, 35, 12, 26, 9, 11, 19, 6, 8, 9, 18, 34, 31, 10, 16, 19, 16, 14, 13, 23, 4, 12, 5, 52, 10, 43, 15, 36, 15, 14]
    Layer  2: dist=[65, 65, 67, 62, 26, 45, 33, 43, 39, 47, 56, 56, 53, 46, 46, 60, 61, 49, 54, 43, 49, 67, 48, 50, 25, 24, 21, 35, 73, 73, 77, 74]
    Layer  3: dist=[65, 26, 13, 22, 87, 93, 83, 73, 56, 53, 62, 58, 90, 73, 75, 74, 59, 62, 51, 67, 74, 60, 64, 65, 64, 56, 52, 59, 70, 63, 72, 65]
    Layer  4: dist=[62, 63, 73, 67, 73, 56, 61, 89, 68, 69, 63, 60, 55, 55, 71, 61, 62, 65, 67, 70, 64, 61, 47, 64, 41, 51, 48, 34, 51, 66, 55, 55]
    Layer  5: dist=[36, 48, 55, 35, 61, 68, 52, 51, 5, 18, 73, 61, 54, 78, 59, 52, 41, 32, 50, 48, 51, 55, 48, 59, 73, 73, 80, 80, 43, 44, 46, 58]
    Layer  6: dist=[27, 40, 30, 31, 52, 46, 67, 61, 46, 25, 43, 38, 56, 64, 56, 30, 47, 34, 45, 40, 20, 30, 32, 14, 35, 50, 32, 49, 47, 43, 37, 53]
    Layer  7: dist=[55, 60, 64, 87, 126, 114, 127, 121, 88, 119, 99, 72, 108, 23, 53, 97, 80, 101, 85, 81, 106, 86, 112, 116, 64, 78, 47, 86, 97, 101, 101, 106]
    Layer  8: dist=[83, 87, 90, 58, 81, 77, 69, 78, 86, 99, 87, 90, 94, 86, 96, 70, 116, 107, 103, 96, 92, 106, 100, 111, 92, 72, 95, 67, 84, 72, 79, 74]
    Layer  9: dist=[76, 60, 61, 67, 83, 97, 96, 74, 123, 120, 118, 112, 27, 87, 63, 85, 93, 100, 114, 125, 87, 77, 60, 70, 119, 81, 91, 97, 125, 113, 127, 123]
    Layer 10: dist=[76, 71, 58, 74, 85, 102, 64, 74, 63, 88, 106, 49, 88, 67, 82, 86, 87, 102, 100, 107, 88, 60, 107, 90, 93, 107, 84, 77, 76, 65, 82, 90]
    Layer 11: dist=[78, 65, 79, 48, 53, 61, 78, 77, 102, 123, 109, 93, 82, 64, 65, 69, 69, 63, 61, 51, 77, 107, 89, 87, 67, 59, 56, 54, 95, 55, 55, 94]
    Layer 12: dist=[21, 72, 79, 61, 87, 83, 66, 70, 63, 62, 74, 77, 86, 81, 82, 87, 39, 68, 59, 94, 102, 112, 97, 103, 93, 2, 107, 38, 81, 88, 113, 91]
    Layer 13: dist=[52, 68, 66, 62, 52, 51, 65, 40, 86, 63, 99, 122, 128, 115, 109, 124, 85, 72, 57, 61, 93, 55, 83, 90, 84, 59, 72, 76, 113, 111, 96, 99]
    Layer 14: dist=[44, 64, 65, 46, 62, 45, 64, 65, 54, 57, 70, 68, 69, 76, 65, 67, 77, 86, 51, 64, 65, 31, 51, 81, 52, 67, 73, 64, 85, 88, 8, 89]
    Layer 15: dist=[80, 44, 79, 38, 37, 38, 79, 67, 90, 60, 46, 104, 68, 107, 79, 89, 61, 57, 64, 68, 58, 60, 50, 51, 49, 34, 86, 62, 72, 84, 71, 49]
    Layer 16: dist=[61, 57, 74, 85, 55, 58, 48, 55, 54, 82, 73, 84, 90, 69, 86, 86, 68, 71, 60, 62, 115, 118, 110, 103, 71, 54, 64, 10, 58, 59, 65, 56]
    Layer 17: dist=[111, 95, 79, 67, 53, 57, 39, 47, 90, 108, 79, 100, 40, 57, 71, 74, 44, 61, 61, 42, 75, 98, 93, 97, 58, 55, 57, 52, 53, 79, 93, 67]
    Layer 18: dist=[34, 45, 35, 33, 56, 78, 74, 57, 64, 67, 66, 79, 61, 60, 57, 62, 46, 74, 72, 52, 68, 47, 65, 96, 58, 62, 61, 63, 52, 53, 79, 56]
    Layer 19: dist=[73, 64, 63, 62, 76, 103, 54, 71, 81, 85, 84, 93, 63, 57, 75, 63, 84, 85, 49, 49, 21, 50, 33, 49, 102, 106, 102, 116, 77, 77, 73, 72]
    Layer 20: dist=[89, 79, 80, 77, 78, 51, 49, 57, 40, 36, 43, 39, 92, 79, 87, 96, 45, 51, 56, 39, 73, 111, 101, 98, 125, 97, 105, 85, 93, 79, 108, 108]
    Layer 21: dist=[44, 50, 56, 68, 115, 65, 96, 118, 118, 61, 71, 69, 46, 41, 44, 42, 75, 75, 83, 65, 89, 99, 95, 96, 64, 62, 60, 80, 73, 79, 60, 88]
    Layer 22: dist=[73, 60, 67, 63, 52, 72, 45, 56, 37, 49, 45, 59, 18, 86, 61, 64, 33, 79, 76, 41, 102, 115, 120, 121, 101, 84, 91, 95, 114, 92, 103, 95]
    Layer 23: dist=[39, 30, 48, 39, 110, 111, 41, 102, 79, 36, 45, 63, 75, 72, 79, 77, 82, 75, 74, 94, 72, 93, 82, 76, 78, 72, 68, 100, 91, 90, 83, 78]
    Layer 24: dist=[79, 124, 109, 101, 99, 109, 111, 97, 102, 105, 104, 84, 78, 75, 89, 74, 81, 86, 98, 88, 120, 103, 102, 117, 65, 73, 79, 51, 95, 111, 98, 88]
    Layer 25: dist=[105, 121, 118, 94, 71, 72, 107, 80, 96, 97, 85, 90, 65, 89, 50, 68, 93, 99, 97, 89, 102, 111, 105, 108, 110, 110, 99, 108, 88, 125, 98, 88]
    Layer 26: dist=[80, 88, 106, 68, 115, 113, 113, 110, 102, 107, 105, 98, 100, 124, 116, 116, 86, 93, 99, 95, 102, 113, 122, 114, 99, 97, 102, 93, 115, 96, 114, 95]
    Layer 27: dist=[87, 108, 103, 117, 98, 105, 101, 86, 77, 100, 107, 99, 78, 109, 80, 86, 96, 99, 99, 104, 91, 112, 113, 92, 110, 113, 116, 117, 107, 77, 92, 117]
    Layer 28: dist=[103, 92, 102, 102, 82, 63, 80, 76, 96, 107, 92, 89, 112, 105, 96, 101, 112, 104, 104, 108, 119, 71, 60, 89, 91, 88, 99, 99, 92, 92, 71, 95]
    Layer 29: dist=[113, 114, 114, 113, 90, 112, 94, 114, 119, 113, 122, 105, 120, 120, 119, 120, 116, 106, 115, 121, 123, 123, 107, 125, 100, 114, 97, 92, 106, 95, 106, 109]
    Layer 30: dist=[75, 102, 99, 100, 102, 100, 90, 67, 117, 117, 115, 120, 105, 104, 113, 101, 97, 78, 120, 122, 51, 120, 100, 110, 119, 119, 119, 118, 106, 110, 107, 102]
    Layer 31: dist=[119, 117, 99, 98, 112, 113, 114, 116, 114, 77, 87, 91, 117, 116, 117, 115, 101, 101, 106, 94, 119, 116, 108, 119, 112, 109, 89, 120, 112, 106, 102, 110]
    Layer 32: dist=[110, 114, 114, 111, 116, 119, 116, 117, 110, 111, 117, 115, 93, 113, 108, 91, 118, 106, 109, 111, 123, 92, 114, 120, 71, 95, 80, 105, 116, 107, 99, 103]
    Layer 33: dist=[102, 120, 112, 119, 91, 102, 57, 94, 116, 116, 113, 113, 114, 115, 113, 116, 114, 117, 106, 109, 112, 96, 110, 113, 111, 119, 122, 118, 110, 111, 107, 104]
    Layer 34: dist=[110, 109, 112, 113, 105, 111, 108, 102, 53, 93, 114, 86, 117, 115, 120, 81, 82, 89, 126, 55, 119, 51, 118, 119, 122, 122, 125, 122, 54, 62, 68, 109]
    Layer 35: dist=[105, 123, 71, 97, 82, 36, 112, 100, 85, 94, 112, 96, 63, 28, 49, 40, 98, 74, 84, 48, 90, 102, 55, 54, 66, 49, 68, 72, 73, 115, 122, 117]

  [Taylor Step 2/3] OLS sigma per head (scaling V, streaming)...
    Layer  0: sigma=[0.616, 0.100, 0.100, 0.100, 0.332, 0.378, 0.100, 0.100, 0.100, 0.147, 0.100, 0.100, 0.100, 0.100, 0.100, 0.258, 0.100, 0.100, 0.100, 0.100, 0.100, 0.100, 0.100, 0.100, 0.100, 0.100, 0.352, 0.100, 0.100, 0.100, 0.161, 0.100]
    Layer  2: sigma=[0.100, 0.100, 0.100, 0.100, 0.100, 0.100, 0.100, 0.100, 0.108, 0.100, 0.100, 0.100, 0.100, 0.147, 0.100, 0.100, 0.100, 0.221, 0.100, 0.100, 0.100, 0.100, 0.100, 0.100, 0.100, 0.171, 0.100, 0.100, 0.100, 0.100, 0.100, 0.100]
    Layer  3: sigma=[0.100, 0.337, 0.100, 0.156, 0.100, 0.100, 0.100, 0.100, 0.100, 0.100, 0.100, 0.100, 0.100, 0.100, 0.100, 0.100, 0.100, 0.100, 0.100, 0.100, 0.100, 0.108, 0.100, 0.100, 0.100, 0.100, 0.100, 0.100, 0.100, 0.100, 0.100, 0.100]
    Layer  4: sigma=[0.100, 0.100, 0.100, 0.100, 0.100, 0.100, 0.100, 0.100, 0.100, 0.100, 0.100, 0.100, 0.100, 0.100, 0.100, 0.100, 0.100, 0.100, 0.100, 0.100, 0.133, 0.139, 0.323, 0.100, 0.100, 0.100, 0.100, 0.100, 0.100, 0.100, 0.100, 0.100]
    Layer  5: sigma=[0.100, 0.100, 0.100, 0.100, 0.100, 0.100, 0.100, 0.100, 0.100, 0.135, 0.100, 0.110, 0.100, 0.100, 0.100, 0.122, 0.100, 0.173, 0.100, 0.100, 0.100, 0.100, 0.100, 0.100, 0.100, 0.100, 0.100, 0.100, 0.100, 0.100, 0.100, 0.100]
    Layer  6: sigma=[0.100, 0.100, 0.100, 0.100, 0.100, 0.100, 0.100, 0.100, 0.100, 0.100, 0.100, 0.100, 0.100, 0.100, 0.100, 0.100, 0.100, 0.100, 0.100, 0.100, 0.154, 0.100, 0.100, 0.100, 0.100, 0.100, 0.100, 0.100, 0.100, 0.100, 0.100, 0.100]
    Layer  7: sigma=[0.100, 0.151, 0.100, 0.100, 0.117, 0.100, 0.100, 0.100, 0.100, 0.100, 0.100, 0.101, 0.100, 0.100, 0.100, 0.100, 0.100, 0.100, 0.100, 0.100, 0.100, 0.100, 0.100, 0.100, 0.100, 0.100, 0.100, 0.100, 0.100, 0.100, 0.100, 0.100]
    Layer  8: sigma=[0.100, 0.100, 0.100, 0.100, 0.100, 0.100, 0.100, 0.100, 0.100, 0.100, 0.100, 0.100, 0.100, 0.100, 0.100, 0.100, 0.100, 0.100, 0.100, 0.100, 0.100, 0.100, 0.100, 0.100, 0.100, 0.100, 0.100, 0.180, 0.100, 0.100, 0.100, 0.100]
    Layer  9: sigma=[0.100, 0.100, 0.100, 0.100, 0.100, 0.100, 0.100, 0.100, 0.100, 0.100, 0.100, 0.100, 0.100, 0.100, 0.618, 0.133, 0.100, 0.100, 0.100, 0.100, 0.100, 0.100, 0.100, 0.100, 0.100, 0.100, 0.100, 0.100, 0.100, 0.100, 0.100, 0.100]
    Layer 10: sigma=[0.100, 0.100, 0.100, 0.100, 0.100, 0.100, 0.100, 0.100, 0.100, 0.100, 0.100, 0.100, 0.100, 0.100, 0.100, 0.100, 0.100, 0.100, 0.100, 0.100, 0.100, 0.100, 0.100, 0.100, 0.100, 0.100, 0.100, 0.100, 0.100, 0.100, 0.100, 0.100]
    Layer 11: sigma=[0.100, 0.100, 0.100, 0.100, 0.140, 0.100, 0.100, 0.100, 0.100, 0.100, 0.100, 0.100, 0.100, 0.100, 0.241, 0.100, 0.100, 0.100, 0.100, 0.100, 0.100, 0.100, 0.100, 0.100, 0.100, 0.100, 0.159, 0.100, 0.100, 0.100, 0.100, 0.100]
    Layer 12: sigma=[0.100, 0.100, 0.100, 0.100, 0.100, 0.100, 0.100, 0.100, 0.100, 0.104, 0.100, 0.109, 0.100, 0.100, 0.100, 0.100, 0.100, 0.344, 0.121, 0.100, 0.100, 0.100, 0.100, 0.100, 0.100, 0.100, 0.100, 0.213, 0.100, 0.100, 0.117, 0.100]
    Layer 13: sigma=[0.233, 0.100, 0.100, 0.303, 0.100, 0.100, 0.100, 0.100, 0.100, 0.100, 0.100, 0.100, 0.100, 0.100, 0.100, 0.100, 0.100, 0.100, 0.100, 0.108, 0.100, 0.100, 0.100, 0.100, 0.100, 0.100, 0.100, 0.100, 0.100, 0.100, 0.100, 0.100]
    Layer 14: sigma=[0.100, 0.100, 0.100, 0.100, 0.100, 0.435, 0.100, 0.100, 0.100, 0.100, 0.100, 0.100, 0.100, 0.100, 0.100, 0.100, 0.100, 0.100, 0.100, 0.100, 0.100, 0.100, 0.100, 0.100, 0.112, 0.116, 0.100, 0.100, 0.100, 0.100, 0.100, 0.100]
    Layer 15: sigma=[0.100, 0.160, 0.100, 0.100, 0.100, 0.109, 0.100, 0.100, 0.100, 0.100, 0.100, 0.100, 0.199, 0.100, 0.100, 0.100, 0.100, 0.100, 0.100, 0.100, 0.100, 0.100, 0.100, 0.100, 0.142, 0.100, 0.100, 0.100, 0.100, 0.100, 0.100, 0.100]
    Layer 16: sigma=[0.100, 0.100, 0.100, 0.100, 0.100, 0.100, 0.100, 0.100, 0.100, 0.100, 0.100, 0.100, 0.100, 0.100, 0.100, 0.100, 0.100, 0.100, 0.100, 0.100, 0.100, 0.100, 0.100, 0.100, 0.100, 0.100, 0.100, 0.495, 0.100, 0.100, 0.100, 0.100]
    Layer 17: sigma=[0.100, 0.100, 0.100, 0.100, 0.100, 0.145, 0.100, 0.100, 0.100, 0.100, 0.100, 0.100, 0.100, 0.100, 0.100, 0.100, 0.156, 0.110, 0.100, 0.416, 0.100, 0.100, 0.100, 0.109, 0.133, 0.100, 0.483, 0.100, 0.100, 0.100, 0.100, 0.100]
    Layer 18: sigma=[0.100, 0.480, 0.100, 0.100, 0.100, 0.100, 0.100, 0.189, 0.100, 0.100, 0.100, 0.100, 0.100, 0.100, 0.100, 0.100, 0.169, 0.100, 0.100, 0.100, 0.100, 0.100, 0.100, 0.100, 0.100, 0.100, 0.100, 0.100, 0.100, 0.100, 0.100, 0.100]
    Layer 19: sigma=[0.100, 0.100, 0.100, 0.100, 0.100, 0.100, 0.100, 0.100, 0.100, 0.100, 0.100, 0.100, 0.125, 0.100, 0.100, 0.195, 0.100, 0.100, 0.100, 0.268, 0.100, 0.100, 0.100, 0.104, 0.100, 0.100, 0.100, 0.100, 0.100, 0.100, 0.100, 0.100]
    Layer 20: sigma=[0.100, 0.100, 0.100, 0.100, 0.100, 0.199, 0.100, 0.100, 0.163, 0.107, 0.100, 0.100, 0.100, 0.100, 0.100, 0.129, 0.100, 0.146, 0.100, 0.100, 0.100, 0.100, 0.100, 0.100, 0.100, 0.100, 0.100, 0.100, 0.100, 0.100, 0.100, 0.100]
    Layer 21: sigma=[0.100, 0.106, 0.100, 0.100, 0.100, 0.100, 0.100, 0.100, 0.100, 0.146, 0.100, 0.270, 0.100, 0.100, 0.126, 0.100, 0.100, 0.100, 0.100, 0.100, 0.100, 0.107, 0.100, 0.100, 0.116, 0.100, 0.100, 0.100, 0.100, 0.100, 0.238, 0.100]
    Layer 22: sigma=[0.146, 0.100, 0.100, 0.100, 0.175, 0.129, 0.101, 0.182, 0.104, 0.100, 0.100, 0.100, 0.100, 0.100, 0.100, 0.100, 0.100, 0.100, 0.100, 0.100, 0.100, 0.100, 0.100, 0.100, 0.100, 0.100, 0.100, 0.100, 0.100, 0.100, 0.100, 0.100]
    Layer 23: sigma=[0.177, 0.246, 0.173, 0.100, 0.100, 0.100, 0.127, 0.100, 0.100, 0.227, 0.100, 0.100, 0.100, 0.100, 0.105, 0.100, 0.100, 0.100, 0.100, 0.100, 0.100, 0.100, 0.100, 0.100, 0.100, 0.100, 0.100, 0.100, 0.100, 0.100, 0.189, 0.269]
    Layer 24: sigma=[0.100, 0.100, 0.100, 0.100, 0.100, 0.100, 0.100, 0.100, 0.100, 0.100, 0.100, 0.100, 0.100, 0.100, 0.100, 0.152, 0.100, 0.100, 0.100, 0.100, 0.100, 0.100, 0.100, 0.100, 0.224, 0.356, 0.100, 0.426, 0.100, 0.100, 0.100, 0.100]
    Layer 25: sigma=[0.100, 0.100, 0.100, 0.100, 0.100, 0.100, 0.100, 0.100, 0.100, 0.100, 0.100, 0.100, 0.100, 0.100, 0.129, 0.100, 0.100, 0.100, 0.100, 0.100, 0.100, 0.100, 0.100, 0.100, 0.100, 0.100, 0.100, 0.100, 0.100, 0.100, 0.100, 0.100]
    Layer 26: sigma=[0.132, 0.100, 0.100, 0.100, 0.100, 0.100, 0.100, 0.100, 0.100, 0.100, 0.100, 0.100, 0.100, 0.100, 0.100, 0.100, 0.100, 0.100, 0.100, 0.100, 0.100, 0.100, 0.100, 0.100, 0.100, 0.100, 0.100, 0.100, 0.100, 0.100, 0.100, 0.100]
    Layer 27: sigma=[0.100, 0.100, 0.100, 0.100, 0.100, 0.100, 0.100, 0.100, 0.100, 0.100, 0.100, 0.100, 0.100, 0.100, 0.100, 0.100, 0.100, 0.100, 0.100, 0.100, 0.100, 0.100, 0.100, 0.100, 0.100, 0.100, 0.100, 0.100, 0.100, 0.100, 0.100, 0.100]
    Layer 28: sigma=[0.100, 0.100, 0.100, 0.100, 0.100, 0.100, 0.100, 0.100, 0.100, 0.100, 0.100, 0.100, 0.100, 0.100, 0.100, 0.100, 0.100, 0.100, 0.100, 0.100, 0.100, 0.100, 0.100, 0.100, 0.100, 0.100, 0.100, 0.100, 0.100, 0.100, 0.100, 0.100]
    Layer 29: sigma=[0.100, 0.100, 0.100, 0.100, 0.100, 0.100, 0.100, 0.100, 0.100, 0.100, 0.100, 0.100, 0.100, 0.100, 0.100, 0.100, 0.100, 0.100, 0.100, 0.100, 0.100, 0.100, 0.100, 0.100, 0.100, 0.100, 0.100, 0.100, 0.100, 0.100, 0.100, 0.100]
    Layer 30: sigma=[0.100, 0.100, 0.100, 0.100, 0.100, 0.100, 0.100, 0.100, 0.100, 0.100, 0.100, 0.100, 0.100, 0.100, 0.100, 0.100, 0.100, 0.100, 0.100, 0.100, 0.100, 0.100, 0.100, 0.100, 0.100, 0.100, 0.100, 0.100, 0.100, 0.100, 0.100, 0.100]
    Layer 31: sigma=[0.100, 0.100, 0.100, 0.100, 0.100, 0.100, 0.100, 0.100, 0.100, 0.100, 0.100, 0.100, 0.100, 0.100, 0.100, 0.100, 0.100, 0.100, 0.100, 0.128, 0.100, 0.100, 0.100, 0.100, 0.100, 0.100, 0.100, 0.100, 0.100, 0.100, 0.100, 0.100]
    Layer 32: sigma=[0.100, 0.100, 0.100, 0.100, 0.100, 0.100, 0.100, 0.100, 0.100, 0.100, 0.100, 0.100, 0.100, 0.100, 0.100, 0.100, 0.100, 0.100, 0.100, 0.100, 0.100, 0.100, 0.100, 0.100, 0.100, 0.100, 0.100, 0.100, 0.100, 0.100, 0.100, 0.100]
    Layer 33: sigma=[0.100, 0.100, 0.100, 0.100, 0.100, 0.100, 0.100, 0.100, 0.100, 0.100, 0.100, 0.100, 0.100, 0.100, 0.100, 0.100, 0.100, 0.100, 0.100, 0.100, 0.100, 0.100, 0.100, 0.100, 0.100, 0.100, 0.100, 0.100, 0.100, 0.100, 0.100, 0.100]
    Layer 34: sigma=[0.100, 0.100, 0.100, 0.100, 0.100, 0.100, 0.100, 0.100, 0.100, 0.100, 0.100, 0.127, 0.100, 0.100, 0.100, 0.100, 0.100, 0.100, 0.100, 0.100, 0.100, 0.100, 0.100, 0.100, 0.100, 0.100, 0.100, 0.100, 0.100, 0.100, 0.100, 0.100]
    Layer 35: sigma=[0.100, 0.100, 0.100, 0.100, 0.100, 0.100, 0.100, 0.100, 0.100, 0.100, 0.100, 0.100, 0.100, 0.100, 0.100, 0.100, 0.100, 0.100, 0.100, 0.100, 0.100, 0.100, 0.124, 0.100, 0.100, 0.100, 0.100, 0.100, 0.100, 0.100, 0.100, 0.100]

  [Taylor Step 3/3] g_proj = v_proj * alpha (damping=0.01)...
    Layer  0: alpha=0.060392  teacher_rms=0.0163  v_rms=0.0027
    Layer  2: alpha=0.056950  teacher_rms=0.0214  v_rms=0.0038
    Layer  3: alpha=0.048266  teacher_rms=0.0259  v_rms=0.0054
    Layer  4: alpha=0.047223  teacher_rms=0.0304  v_rms=0.0064
    Layer  5: alpha=0.061992  teacher_rms=0.0409  v_rms=0.0066
    Layer  6: alpha=0.078385  teacher_rms=0.0621  v_rms=0.0079
    Layer  7: alpha=0.046009  teacher_rms=0.0530  v_rms=0.0115
    Layer  8: alpha=0.047347  teacher_rms=0.0708  v_rms=0.0149
    Layer  9: alpha=0.033888  teacher_rms=0.0713  v_rms=0.0210
    Layer 10: alpha=0.051225  teacher_rms=0.1092  v_rms=0.0213
    Layer 11: alpha=0.063271  teacher_rms=0.1046  v_rms=0.0165
    Layer 12: alpha=0.059786  teacher_rms=0.1207  v_rms=0.0202
    Layer 13: alpha=0.053881  teacher_rms=0.1040  v_rms=0.0193
    Layer 14: alpha=0.062734  teacher_rms=0.1547  v_rms=0.0247
    Layer 15: alpha=0.058555  teacher_rms=0.1576  v_rms=0.0269
    Layer 16: alpha=0.039890  teacher_rms=0.1473  v_rms=0.0369
    Layer 17: alpha=0.041527  teacher_rms=0.1753  v_rms=0.0422
    Layer 18: alpha=0.044323  teacher_rms=0.1990  v_rms=0.0449
    Layer 19: alpha=0.055901  teacher_rms=0.2060  v_rms=0.0369
    Layer 20: alpha=0.055349  teacher_rms=0.1966  v_rms=0.0355
    Layer 21: alpha=0.053387  teacher_rms=0.2373  v_rms=0.0444
    Layer 22: alpha=0.056962  teacher_rms=0.2834  v_rms=0.0498
    Layer 23: alpha=0.050540  teacher_rms=0.3098  v_rms=0.0613
    Layer 24: alpha=0.032223  teacher_rms=0.2897  v_rms=0.0899
    Layer 25: alpha=0.039744  teacher_rms=0.2376  v_rms=0.0598
    Layer 26: alpha=0.028915  teacher_rms=0.2124  v_rms=0.0734
    Layer 27: alpha=0.037093  teacher_rms=0.3083  v_rms=0.0831
    Layer 28: alpha=0.042758  teacher_rms=0.3705  v_rms=0.0867
    Layer 29: alpha=0.017344  teacher_rms=0.2548  v_rms=0.1469
    Layer 30: alpha=0.029045  teacher_rms=0.4297  v_rms=0.1480
    Layer 31: alpha=0.021116  teacher_rms=0.3785  v_rms=0.1792
    Layer 32: alpha=0.023899  teacher_rms=0.5288  v_rms=0.2213
    Layer 33: alpha=0.018560  teacher_rms=0.6404  v_rms=0.3451
    Layer 34: alpha=0.033044  teacher_rms=1.0325  v_rms=0.3125
    Layer 35: alpha=0.059742  teacher_rms=1.0168  v_rms=0.1702

  Set g_proj = v_proj * alpha in 35 GDN layers (damping=0.01).
  Init (taylor_init) done in 344.3s
  Layer 1: PPL = 4168364.75  (eval 13.3s)

============================================================
  Probing layer 2 | strategy=taylor_init
============================================================
Loading checkpoint shards:   0%|          | 0/4 [00:00<?, ?it/s]Loading checkpoint shards: 100%|██████████| 4/4 [00:00<00:00, 149.34it/s]
Could not cache non-existence of file. Will ignore error and continue. Error: [Errno 13] Permission denied: '/data/shared/huggingface/hub/models--Qwen--Qwen3-8B/.no_exist/b968826d9c46dd6066d109eabc6255188de91218/model.safetensors'
Loading checkpoint shards:   0%|          | 0/5 [00:00<?, ?it/s]Loading checkpoint shards: 100%|██████████| 5/5 [00:00<00:00, 191.25it/s]
Token indices sequence length is longer than the specified maximum sequence length for this model (2429029 > 131072). Running this sequence through the model will result in indexing errors
  [Taylor Step 1/3] Gate calibration from attention stats...
    Layer  0: dist=[32, 3, 12, 35, 12, 26, 9, 11, 19, 6, 8, 9, 18, 34, 31, 10, 16, 19, 16, 14, 13, 23, 4, 12, 5, 52, 10, 43, 15, 36, 15, 14]
    Layer  1: dist=[19, 38, 25, 44, 3, 15, 31, 11, 45, 36, 65, 60, 34, 47, 51, 38, 32, 54, 57, 33, 56, 24, 40, 40, 37, 9, 44, 41, 83, 31, 37, 49]
    Layer  3: dist=[65, 26, 13, 22, 87, 93, 83, 73, 56, 53, 62, 58, 90, 73, 75, 74, 59, 62, 51, 67, 74, 60, 64, 65, 64, 56, 52, 59, 70, 63, 72, 65]
    Layer  4: dist=[62, 63, 73, 67, 73, 56, 61, 89, 68, 69, 63, 60, 55, 55, 71, 61, 62, 65, 67, 70, 64, 61, 47, 64, 41, 51, 48, 34, 51, 66, 55, 55]
    Layer  5: dist=[36, 48, 55, 35, 61, 68, 52, 51, 5, 18, 73, 61, 54, 78, 59, 52, 41, 32, 50, 48, 51, 55, 48, 59, 73, 73, 80, 80, 43, 44, 46, 58]
    Layer  6: dist=[27, 40, 30, 31, 52, 46, 67, 61, 46, 25, 43, 38, 56, 64, 56, 30, 47, 34, 45, 40, 20, 30, 32, 14, 35, 50, 32, 49, 47, 43, 37, 53]
    Layer  7: dist=[55, 60, 64, 87, 126, 114, 127, 121, 88, 119, 99, 72, 108, 23, 53, 97, 80, 101, 85, 81, 106, 86, 112, 116, 64, 78, 47, 86, 97, 101, 101, 106]
    Layer  8: dist=[83, 87, 90, 58, 81, 77, 69, 78, 86, 99, 87, 90, 94, 86, 96, 70, 116, 107, 103, 96, 92, 106, 100, 111, 92, 72, 95, 67, 84, 72, 79, 74]
    Layer  9: dist=[76, 60, 61, 67, 83, 97, 96, 74, 123, 120, 118, 112, 27, 87, 63, 85, 93, 100, 114, 125, 87, 77, 60, 70, 119, 81, 91, 97, 125, 113, 127, 123]
    Layer 10: dist=[76, 71, 58, 74, 85, 102, 64, 74, 63, 88, 106, 49, 88, 67, 82, 86, 87, 102, 100, 107, 88, 60, 107, 90, 93, 107, 84, 77, 76, 65, 82, 90]
    Layer 11: dist=[78, 65, 79, 48, 53, 61, 78, 77, 102, 123, 109, 93, 82, 64, 65, 69, 69, 63, 61, 51, 77, 107, 89, 87, 67, 59, 56, 54, 95, 55, 55, 94]
    Layer 12: dist=[21, 72, 79, 61, 87, 83, 66, 70, 63, 62, 74, 77, 86, 81, 82, 87, 39, 68, 59, 94, 102, 112, 97, 103, 93, 2, 107, 38, 81, 88, 113, 91]
    Layer 13: dist=[52, 68, 66, 62, 52, 51, 65, 40, 86, 63, 99, 122, 128, 115, 109, 124, 85, 72, 57, 61, 93, 55, 83, 90, 84, 59, 72, 76, 113, 111, 96, 99]
    Layer 14: dist=[44, 64, 65, 46, 62, 45, 64, 65, 54, 57, 70, 68, 69, 76, 65, 67, 77, 86, 51, 64, 65, 31, 51, 81, 52, 67, 73, 64, 85, 88, 8, 89]
    Layer 15: dist=[80, 44, 79, 38, 37, 38, 79, 67, 90, 60, 46, 104, 68, 107, 79, 89, 61, 57, 64, 68, 58, 60, 50, 51, 49, 34, 86, 62, 72, 84, 71, 49]
    Layer 16: dist=[61, 57, 74, 85, 55, 58, 48, 55, 54, 82, 73, 84, 90, 69, 86, 86, 68, 71, 60, 62, 115, 118, 110, 103, 71, 54, 64, 10, 58, 59, 65, 56]
    Layer 17: dist=[111, 95, 79, 67, 53, 57, 39, 47, 90, 108, 79, 100, 40, 57, 71, 74, 44, 61, 61, 42, 75, 98, 93, 97, 58, 55, 57, 52, 53, 79, 93, 67]
    Layer 18: dist=[34, 45, 35, 33, 56, 78, 74, 57, 64, 67, 66, 79, 61, 60, 57, 62, 46, 74, 72, 52, 68, 47, 65, 96, 58, 62, 61, 63, 52, 53, 79, 56]
    Layer 19: dist=[73, 64, 63, 62, 76, 103, 54, 71, 81, 85, 84, 93, 63, 57, 75, 63, 84, 85, 49, 49, 21, 50, 33, 49, 102, 106, 102, 116, 77, 77, 73, 72]
    Layer 20: dist=[89, 79, 80, 77, 78, 51, 49, 57, 40, 36, 43, 39, 92, 79, 87, 96, 45, 51, 56, 39, 73, 111, 101, 98, 125, 97, 105, 85, 93, 79, 108, 108]
    Layer 21: dist=[44, 50, 56, 68, 115, 65, 96, 118, 118, 61, 71, 69, 46, 41, 44, 42, 75, 75, 83, 65, 89, 99, 95, 96, 64, 62, 60, 80, 73, 79, 60, 88]
    Layer 22: dist=[73, 60, 67, 63, 52, 72, 45, 56, 37, 49, 45, 59, 18, 86, 61, 64, 33, 79, 76, 41, 102, 115, 120, 121, 101, 84, 91, 95, 114, 92, 103, 95]
    Layer 23: dist=[39, 30, 48, 39, 110, 111, 41, 102, 79, 36, 45, 63, 75, 72, 79, 77, 82, 75, 74, 94, 72, 93, 82, 76, 78, 72, 68, 100, 91, 90, 83, 78]
    Layer 24: dist=[79, 124, 109, 101, 99, 109, 111, 97, 102, 105, 104, 84, 78, 75, 89, 74, 81, 86, 98, 88, 120, 103, 102, 117, 65, 73, 79, 51, 95, 111, 98, 88]
    Layer 25: dist=[105, 121, 118, 94, 71, 72, 107, 80, 96, 97, 85, 90, 65, 89, 50, 68, 93, 99, 97, 89, 102, 111, 105, 108, 110, 110, 99, 108, 88, 125, 98, 88]
    Layer 26: dist=[80, 88, 106, 68, 115, 113, 113, 110, 102, 107, 105, 98, 100, 124, 116, 116, 86, 93, 99, 95, 102, 113, 122, 114, 99, 97, 102, 93, 115, 96, 114, 95]
    Layer 27: dist=[87, 108, 103, 117, 98, 105, 101, 86, 77, 100, 107, 99, 78, 109, 80, 86, 96, 99, 99, 104, 91, 112, 113, 92, 110, 113, 116, 117, 107, 77, 92, 117]
    Layer 28: dist=[103, 92, 102, 102, 82, 63, 80, 76, 96, 107, 92, 89, 112, 105, 96, 101, 112, 104, 104, 108, 119, 71, 60, 89, 91, 88, 99, 99, 92, 92, 71, 95]
    Layer 29: dist=[113, 114, 114, 113, 90, 112, 94, 114, 119, 113, 122, 105, 120, 120, 119, 120, 116, 106, 115, 121, 123, 123, 107, 125, 100, 114, 97, 92, 106, 95, 106, 109]
    Layer 30: dist=[75, 102, 99, 100, 102, 100, 90, 67, 117, 117, 115, 120, 105, 104, 113, 101, 97, 78, 120, 122, 51, 120, 100, 110, 119, 119, 119, 118, 106, 110, 107, 102]
    Layer 31: dist=[119, 117, 99, 98, 112, 113, 114, 116, 114, 77, 87, 91, 117, 116, 117, 115, 101, 101, 106, 94, 119, 116, 108, 119, 112, 109, 89, 120, 112, 106, 102, 110]
    Layer 32: dist=[110, 114, 114, 111, 116, 119, 116, 117, 110, 111, 117, 115, 93, 113, 108, 91, 118, 106, 109, 111, 123, 92, 114, 120, 71, 95, 80, 105, 116, 107, 99, 103]
    Layer 33: dist=[102, 120, 112, 119, 91, 102, 57, 94, 116, 116, 113, 113, 114, 115, 113, 116, 114, 117, 106, 109, 112, 96, 110, 113, 111, 119, 122, 118, 110, 111, 107, 104]
    Layer 34: dist=[110, 109, 112, 113, 105, 111, 108, 102, 53, 93, 114, 86, 117, 115, 120, 81, 82, 89, 126, 55, 119, 51, 118, 119, 122, 122, 125, 122, 54, 62, 68, 109]
    Layer 35: dist=[105, 123, 71, 97, 82, 36, 112, 100, 85, 94, 112, 96, 63, 28, 49, 40, 98, 74, 84, 48, 90, 102, 55, 54, 66, 49, 68, 72, 73, 115, 122, 117]

  [Taylor Step 2/3] OLS sigma per head (scaling V, streaming)...
    Layer  0: sigma=[0.612, 0.100, 0.100, 0.100, 0.332, 0.381, 0.100, 0.100, 0.100, 0.147, 0.100, 0.100, 0.100, 0.100, 0.100, 0.259, 0.100, 0.100, 0.100, 0.100, 0.100, 0.100, 0.100, 0.100, 0.100, 0.100, 0.353, 0.100, 0.100, 0.100, 0.161, 0.100]
    Layer  1: sigma=[0.350, 0.100, 0.100, 0.100, 0.100, 0.100, 0.100, 0.100, 0.100, 0.164, 0.244, 0.100, 0.100, 0.100, 0.100, 0.100, 0.100, 0.100, 0.100, 0.100, 0.100, 0.100, 0.100, 0.117, 0.100, 0.100, 0.112, 0.100, 0.100, 0.100, 0.100, 0.100]
    Layer  3: sigma=[0.100, 0.330, 0.100, 0.155, 0.100, 0.100, 0.100, 0.100, 0.100, 0.100, 0.100, 0.100, 0.100, 0.100, 0.100, 0.100, 0.100, 0.100, 0.100, 0.100, 0.100, 0.107, 0.100, 0.100, 0.100, 0.100, 0.100, 0.100, 0.100, 0.100, 0.100, 0.100]
    Layer  4: sigma=[0.100, 0.100, 0.100, 0.100, 0.100, 0.100, 0.100, 0.100, 0.100, 0.100, 0.100, 0.100, 0.100, 0.100, 0.100, 0.100, 0.100, 0.100, 0.100, 0.100, 0.133, 0.137, 0.319, 0.100, 0.100, 0.100, 0.100, 0.100, 0.100, 0.100, 0.100, 0.100]
    Layer  5: sigma=[0.100, 0.100, 0.100, 0.100, 0.100, 0.100, 0.100, 0.100, 0.100, 0.134, 0.100, 0.109, 0.100, 0.100, 0.100, 0.121, 0.100, 0.179, 0.100, 0.100, 0.100, 0.100, 0.100, 0.100, 0.100, 0.100, 0.100, 0.100, 0.100, 0.100, 0.100, 0.100]
    Layer  6: sigma=[0.100, 0.100, 0.100, 0.100, 0.100, 0.100, 0.100, 0.100, 0.100, 0.100, 0.100, 0.100, 0.100, 0.100, 0.100, 0.100, 0.100, 0.100, 0.100, 0.100, 0.156, 0.100, 0.100, 0.100, 0.100, 0.100, 0.100, 0.100, 0.100, 0.100, 0.100, 0.100]
    Layer  7: sigma=[0.100, 0.147, 0.100, 0.100, 0.124, 0.100, 0.100, 0.100, 0.100, 0.100, 0.100, 0.100, 0.100, 0.100, 0.100, 0.100, 0.100, 0.100, 0.100, 0.100, 0.100, 0.100, 0.100, 0.100, 0.100, 0.100, 0.100, 0.100, 0.100, 0.100, 0.100, 0.100]
    Layer  8: sigma=[0.100, 0.100, 0.100, 0.100, 0.100, 0.100, 0.100, 0.100, 0.100, 0.100, 0.100, 0.100, 0.100, 0.100, 0.100, 0.100, 0.100, 0.100, 0.100, 0.100, 0.100, 0.100, 0.100, 0.100, 0.100, 0.100, 0.100, 0.171, 0.100, 0.100, 0.100, 0.100]
    Layer  9: sigma=[0.100, 0.100, 0.100, 0.100, 0.100, 0.100, 0.100, 0.100, 0.100, 0.100, 0.100, 0.100, 0.100, 0.100, 0.629, 0.131, 0.100, 0.100, 0.100, 0.100, 0.100, 0.100, 0.100, 0.100, 0.100, 0.100, 0.100, 0.100, 0.100, 0.100, 0.100, 0.100]
    Layer 10: sigma=[0.100, 0.100, 0.100, 0.100, 0.100, 0.100, 0.100, 0.100, 0.100, 0.100, 0.100, 0.100, 0.100, 0.100, 0.100, 0.100, 0.100, 0.100, 0.100, 0.100, 0.100, 0.100, 0.100, 0.100, 0.100, 0.100, 0.100, 0.100, 0.100, 0.100, 0.100, 0.100]
    Layer 11: sigma=[0.100, 0.100, 0.100, 0.100, 0.139, 0.100, 0.100, 0.100, 0.100, 0.109, 0.100, 0.100, 0.100, 0.100, 0.221, 0.100, 0.100, 0.100, 0.100, 0.100, 0.100, 0.100, 0.100, 0.100, 0.100, 0.100, 0.165, 0.100, 0.100, 0.100, 0.100, 0.100]
    Layer 12: sigma=[0.100, 0.100, 0.100, 0.100, 0.100, 0.100, 0.100, 0.100, 0.100, 0.106, 0.100, 0.108, 0.100, 0.100, 0.100, 0.100, 0.100, 0.341, 0.211, 0.100, 0.100, 0.100, 0.100, 0.100, 0.100, 0.100, 0.100, 0.210, 0.100, 0.100, 0.126, 0.100]
    Layer 13: sigma=[0.226, 0.100, 0.100, 0.278, 0.100, 0.100, 0.100, 0.100, 0.100, 0.100, 0.100, 0.100, 0.100, 0.100, 0.100, 0.100, 0.100, 0.100, 0.100, 0.113, 0.100, 0.100, 0.100, 0.100, 0.100, 0.100, 0.100, 0.100, 0.100, 0.100, 0.100, 0.100]
    Layer 14: sigma=[0.100, 0.100, 0.100, 0.100, 0.100, 0.407, 0.100, 0.100, 0.100, 0.100, 0.100, 0.100, 0.100, 0.100, 0.100, 0.100, 0.100, 0.100, 0.100, 0.100, 0.100, 0.100, 0.100, 0.100, 0.111, 0.125, 0.100, 0.100, 0.100, 0.100, 0.100, 0.100]
    Layer 15: sigma=[0.100, 0.175, 0.100, 0.100, 0.100, 0.110, 0.100, 0.100, 0.100, 0.100, 0.100, 0.100, 0.210, 0.100, 0.100, 0.100, 0.100, 0.100, 0.100, 0.100, 0.100, 0.100, 0.100, 0.100, 0.142, 0.100, 0.100, 0.100, 0.100, 0.100, 0.100, 0.100]
    Layer 16: sigma=[0.100, 0.100, 0.100, 0.100, 0.100, 0.100, 0.100, 0.100, 0.100, 0.100, 0.100, 0.100, 0.100, 0.100, 0.100, 0.100, 0.100, 0.100, 0.100, 0.100, 0.100, 0.100, 0.100, 0.100, 0.100, 0.100, 0.100, 0.435, 0.100, 0.100, 0.100, 0.100]
    Layer 17: sigma=[0.100, 0.100, 0.100, 0.100, 0.100, 0.158, 0.100, 0.100, 0.100, 0.100, 0.100, 0.100, 0.100, 0.100, 0.100, 0.100, 0.149, 0.102, 0.100, 0.399, 0.100, 0.100, 0.100, 0.106, 0.154, 0.100, 0.422, 0.100, 0.100, 0.100, 0.100, 0.100]
    Layer 18: sigma=[0.100, 0.489, 0.100, 0.100, 0.100, 0.100, 0.100, 0.185, 0.100, 0.100, 0.100, 0.100, 0.100, 0.100, 0.100, 0.100, 0.140, 0.100, 0.100, 0.100, 0.100, 0.100, 0.100, 0.100, 0.100, 0.100, 0.100, 0.100, 0.100, 0.100, 0.100, 0.100]
    Layer 19: sigma=[0.100, 0.100, 0.100, 0.100, 0.100, 0.100, 0.100, 0.100, 0.100, 0.100, 0.100, 0.100, 0.197, 0.100, 0.100, 0.222, 0.100, 0.100, 0.100, 0.308, 0.100, 0.100, 0.100, 0.101, 0.100, 0.100, 0.100, 0.100, 0.100, 0.100, 0.100, 0.100]
    Layer 20: sigma=[0.100, 0.100, 0.100, 0.100, 0.100, 0.205, 0.100, 0.100, 0.149, 0.115, 0.100, 0.100, 0.100, 0.100, 0.100, 0.114, 0.100, 0.145, 0.100, 0.100, 0.100, 0.100, 0.100, 0.100, 0.100, 0.100, 0.100, 0.100, 0.100, 0.100, 0.100, 0.100]
    Layer 21: sigma=[0.100, 0.140, 0.100, 0.100, 0.100, 0.100, 0.100, 0.100, 0.100, 0.157, 0.100, 0.296, 0.100, 0.100, 0.100, 0.100, 0.100, 0.100, 0.100, 0.100, 0.100, 0.101, 0.100, 0.100, 0.183, 0.100, 0.100, 0.100, 0.100, 0.100, 0.260, 0.100]
    Layer 22: sigma=[0.154, 0.100, 0.100, 0.100, 0.130, 0.100, 0.102, 0.118, 0.106, 0.100, 0.100, 0.100, 0.100, 0.100, 0.100, 0.106, 0.100, 0.100, 0.100, 0.100, 0.100, 0.100, 0.100, 0.100, 0.100, 0.100, 0.100, 0.100, 0.100, 0.100, 0.100, 0.100]
    Layer 23: sigma=[0.180, 0.261, 0.224, 0.100, 0.100, 0.100, 0.100, 0.100, 0.100, 0.294, 0.100, 0.100, 0.100, 0.100, 0.108, 0.100, 0.100, 0.100, 0.100, 0.100, 0.100, 0.100, 0.100, 0.100, 0.100, 0.100, 0.100, 0.100, 0.100, 0.100, 0.178, 0.250]
    Layer 24: sigma=[0.100, 0.100, 0.100, 0.100, 0.100, 0.100, 0.100, 0.100, 0.100, 0.100, 0.100, 0.100, 0.100, 0.100, 0.100, 0.166, 0.100, 0.100, 0.100, 0.100, 0.100, 0.100, 0.100, 0.100, 0.219, 0.365, 0.100, 0.344, 0.100, 0.100, 0.100, 0.100]
    Layer 25: sigma=[0.100, 0.100, 0.100, 0.100, 0.100, 0.100, 0.100, 0.100, 0.100, 0.100, 0.100, 0.100, 0.100, 0.100, 0.127, 0.100, 0.100, 0.100, 0.100, 0.100, 0.100, 0.100, 0.100, 0.100, 0.100, 0.100, 0.100, 0.100, 0.100, 0.100, 0.100, 0.100]
    Layer 26: sigma=[0.100, 0.100, 0.100, 0.100, 0.100, 0.100, 0.100, 0.100, 0.100, 0.100, 0.100, 0.100, 0.100, 0.100, 0.100, 0.100, 0.100, 0.100, 0.100, 0.100, 0.100, 0.100, 0.100, 0.100, 0.100, 0.100, 0.100, 0.100, 0.100, 0.100, 0.100, 0.100]
    Layer 27: sigma=[0.100, 0.100, 0.100, 0.100, 0.100, 0.100, 0.100, 0.100, 0.100, 0.100, 0.100, 0.100, 0.100, 0.100, 0.100, 0.100, 0.100, 0.100, 0.100, 0.100, 0.100, 0.100, 0.100, 0.100, 0.100, 0.100, 0.100, 0.100, 0.100, 0.107, 0.100, 0.100]
    Layer 28: sigma=[0.100, 0.100, 0.100, 0.100, 0.100, 0.100, 0.100, 0.168, 0.100, 0.100, 0.100, 0.100, 0.100, 0.100, 0.100, 0.100, 0.100, 0.100, 0.100, 0.100, 0.100, 0.100, 0.100, 0.100, 0.100, 0.100, 0.100, 0.100, 0.100, 0.100, 0.100, 0.100]
    Layer 29: sigma=[0.100, 0.100, 0.100, 0.100, 0.100, 0.100, 0.100, 0.100, 0.100, 0.100, 0.100, 0.100, 0.100, 0.100, 0.100, 0.100, 0.100, 0.100, 0.100, 0.100, 0.100, 0.100, 0.100, 0.100, 0.100, 0.100, 0.100, 0.100, 0.100, 0.100, 0.100, 0.100]
    Layer 30: sigma=[0.100, 0.100, 0.100, 0.100, 0.100, 0.100, 0.100, 0.100, 0.100, 0.100, 0.100, 0.100, 0.100, 0.100, 0.100, 0.100, 0.100, 0.100, 0.100, 0.100, 0.100, 0.100, 0.100, 0.100, 0.100, 0.100, 0.100, 0.100, 0.100, 0.100, 0.100, 0.100]
    Layer 31: sigma=[0.100, 0.100, 0.100, 0.100, 0.100, 0.100, 0.100, 0.100, 0.100, 0.100, 0.100, 0.100, 0.100, 0.100, 0.100, 0.100, 0.100, 0.100, 0.100, 0.100, 0.100, 0.100, 0.100, 0.100, 0.100, 0.100, 0.100, 0.100, 0.100, 0.100, 0.100, 0.100]
    Layer 32: sigma=[0.100, 0.100, 0.100, 0.100, 0.100, 0.100, 0.100, 0.100, 0.100, 0.100, 0.100, 0.100, 0.100, 0.100, 0.100, 0.100, 0.100, 0.100, 0.100, 0.100, 0.100, 0.100, 0.100, 0.100, 0.100, 0.100, 0.100, 0.100, 0.100, 0.100, 0.100, 0.100]
    Layer 33: sigma=[0.100, 0.100, 0.100, 0.100, 0.100, 0.100, 0.100, 0.100, 0.100, 0.100, 0.100, 0.100, 0.100, 0.100, 0.100, 0.100, 0.100, 0.100, 0.100, 0.100, 0.100, 0.100, 0.100, 0.100, 0.100, 0.100, 0.100, 0.100, 0.100, 0.100, 0.100, 0.100]
    Layer 34: sigma=[0.100, 0.100, 0.100, 0.100, 0.100, 0.100, 0.100, 0.100, 0.100, 0.100, 0.100, 0.100, 0.100, 0.100, 0.100, 0.100, 0.100, 0.100, 0.100, 0.100, 0.100, 0.100, 0.100, 0.100, 0.100, 0.100, 0.100, 0.100, 0.100, 0.100, 0.100, 0.100]
    Layer 35: sigma=[0.100, 0.100, 0.100, 0.100, 0.100, 0.100, 0.100, 0.100, 0.100, 0.100, 0.100, 0.100, 0.100, 0.100, 0.100, 0.100, 0.100, 0.100, 0.100, 0.100, 0.100, 0.100, 0.124, 0.100, 0.100, 0.100, 0.100, 0.100, 0.100, 0.100, 0.100, 0.100]

  [Taylor Step 3/3] g_proj = v_proj * alpha (damping=0.01)...
    Layer  0: alpha=0.060520  teacher_rms=0.0163  v_rms=0.0027
    Layer  1: alpha=0.061008  teacher_rms=0.0205  v_rms=0.0034
    Layer  3: alpha=0.048543  teacher_rms=0.0259  v_rms=0.0053
    Layer  4: alpha=0.047339  teacher_rms=0.0304  v_rms=0.0064
    Layer  5: alpha=0.061915  teacher_rms=0.0409  v_rms=0.0066
    Layer  6: alpha=0.078332  teacher_rms=0.0621  v_rms=0.0079
    Layer  7: alpha=0.045984  teacher_rms=0.0530  v_rms=0.0115
    Layer  8: alpha=0.047562  teacher_rms=0.0708  v_rms=0.0149
    Layer  9: alpha=0.033603  teacher_rms=0.0713  v_rms=0.0212
    Layer 10: alpha=0.051225  teacher_rms=0.1092  v_rms=0.0213
    Layer 11: alpha=0.063670  teacher_rms=0.1046  v_rms=0.0164
    Layer 12: alpha=0.058291  teacher_rms=0.1207  v_rms=0.0207
    Layer 13: alpha=0.054742  teacher_rms=0.1040  v_rms=0.0190
    Layer 14: alpha=0.063949  teacher_rms=0.1547  v_rms=0.0242
    Layer 15: alpha=0.058002  teacher_rms=0.1576  v_rms=0.0272
    Layer 16: alpha=0.041638  teacher_rms=0.1473  v_rms=0.0354
    Layer 17: alpha=0.043235  teacher_rms=0.1753  v_rms=0.0406
    Layer 18: alpha=0.044076  teacher_rms=0.1990  v_rms=0.0452
    Layer 19: alpha=0.052182  teacher_rms=0.2060  v_rms=0.0395
    Layer 20: alpha=0.055627  teacher_rms=0.1966  v_rms=0.0353
    Layer 21: alpha=0.050266  teacher_rms=0.2373  v_rms=0.0472
    Layer 22: alpha=0.059624  teacher_rms=0.2834  v_rms=0.0475
    Layer 23: alpha=0.049251  teacher_rms=0.3098  v_rms=0.0629
    Layer 24: alpha=0.034084  teacher_rms=0.2897  v_rms=0.0850
    Layer 25: alpha=0.039769  teacher_rms=0.2376  v_rms=0.0597
    Layer 26: alpha=0.029256  teacher_rms=0.2124  v_rms=0.0726
    Layer 27: alpha=0.037032  teacher_rms=0.3083  v_rms=0.0833
    Layer 28: alpha=0.041828  teacher_rms=0.3705  v_rms=0.0886
    Layer 29: alpha=0.017344  teacher_rms=0.2548  v_rms=0.1469
    Layer 30: alpha=0.029045  teacher_rms=0.4297  v_rms=0.1480
    Layer 31: alpha=0.021213  teacher_rms=0.3785  v_rms=0.1784
    Layer 32: alpha=0.023899  teacher_rms=0.5288  v_rms=0.2213
    Layer 33: alpha=0.018560  teacher_rms=0.6404  v_rms=0.3451
    Layer 34: alpha=0.033190  teacher_rms=1.0325  v_rms=0.3111
    Layer 35: alpha=0.059740  teacher_rms=1.0168  v_rms=0.1702

  Set g_proj = v_proj * alpha in 35 GDN layers (damping=0.01).
  Init (taylor_init) done in 342.3s
  Layer 2: PPL = 5297452.50  (eval 13.3s)

============================================================
  Probing layer 3 | strategy=taylor_init
============================================================
Loading checkpoint shards:   0%|          | 0/4 [00:00<?, ?it/s]Loading checkpoint shards: 100%|██████████| 4/4 [00:00<00:00, 142.94it/s]
Could not cache non-existence of file. Will ignore error and continue. Error: [Errno 13] Permission denied: '/data/shared/huggingface/hub/models--Qwen--Qwen3-8B/.no_exist/b968826d9c46dd6066d109eabc6255188de91218/model.safetensors'
Loading checkpoint shards:   0%|          | 0/5 [00:00<?, ?it/s]Loading checkpoint shards: 100%|██████████| 5/5 [00:00<00:00, 97.05it/s]
Token indices sequence length is longer than the specified maximum sequence length for this model (2429029 > 131072). Running this sequence through the model will result in indexing errors
  [Taylor Step 1/3] Gate calibration from attention stats...
    Layer  0: dist=[32, 3, 12, 35, 12, 26, 9, 11, 19, 6, 8, 9, 18, 34, 31, 10, 16, 19, 16, 14, 13, 23, 4, 12, 5, 52, 10, 43, 15, 36, 15, 14]
    Layer  1: dist=[19, 38, 25, 44, 3, 15, 31, 11, 45, 36, 65, 60, 34, 47, 51, 38, 32, 54, 57, 33, 56, 24, 40, 40, 37, 9, 44, 41, 83, 31, 37, 49]
    Layer  2: dist=[65, 65, 67, 62, 26, 45, 33, 43, 39, 47, 56, 56, 53, 46, 46, 60, 61, 49, 54, 43, 49, 67, 48, 50, 25, 24, 21, 35, 73, 73, 77, 74]
    Layer  4: dist=[62, 63, 73, 67, 73, 56, 61, 89, 68, 69, 63, 60, 55, 55, 71, 61, 62, 65, 67, 70, 64, 61, 47, 64, 41, 51, 48, 34, 51, 66, 55, 55]
    Layer  5: dist=[36, 48, 55, 35, 61, 68, 52, 51, 5, 18, 73, 61, 54, 78, 59, 52, 41, 32, 50, 48, 51, 55, 48, 59, 73, 73, 80, 80, 43, 44, 46, 58]
    Layer  6: dist=[27, 40, 30, 31, 52, 46, 67, 61, 46, 25, 43, 38, 56, 64, 56, 30, 47, 34, 45, 40, 20, 30, 32, 14, 35, 50, 32, 49, 47, 43, 37, 53]
    Layer  7: dist=[55, 60, 64, 87, 126, 114, 127, 121, 88, 119, 99, 72, 108, 23, 53, 97, 80, 101, 85, 81, 106, 86, 112, 116, 64, 78, 47, 86, 97, 101, 101, 106]
    Layer  8: dist=[83, 87, 90, 58, 81, 77, 69, 78, 86, 99, 87, 90, 94, 86, 96, 70, 116, 107, 103, 96, 92, 106, 100, 111, 92, 72, 95, 67, 84, 72, 79, 74]
    Layer  9: dist=[76, 60, 61, 67, 83, 97, 96, 74, 123, 120, 118, 112, 27, 87, 63, 85, 93, 100, 114, 125, 87, 77, 60, 70, 119, 81, 91, 97, 125, 113, 127, 123]
    Layer 10: dist=[76, 71, 58, 74, 85, 102, 64, 74, 63, 88, 106, 49, 88, 67, 82, 86, 87, 102, 100, 107, 88, 60, 107, 90, 93, 107, 84, 77, 76, 65, 82, 90]
    Layer 11: dist=[78, 65, 79, 48, 53, 61, 78, 77, 102, 123, 109, 93, 82, 64, 65, 69, 69, 63, 61, 51, 77, 107, 89, 87, 67, 59, 56, 54, 95, 55, 55, 94]
    Layer 12: dist=[21, 72, 79, 61, 87, 83, 66, 70, 63, 62, 74, 77, 86, 81, 82, 87, 39, 68, 59, 94, 102, 112, 97, 103, 93, 2, 107, 38, 81, 88, 113, 91]
    Layer 13: dist=[52, 68, 66, 62, 52, 51, 65, 40, 86, 63, 99, 122, 128, 115, 109, 124, 85, 72, 57, 61, 93, 55, 83, 90, 84, 59, 72, 76, 113, 111, 96, 99]
    Layer 14: dist=[44, 64, 65, 46, 62, 45, 64, 65, 54, 57, 70, 68, 69, 76, 65, 67, 77, 86, 51, 64, 65, 31, 51, 81, 52, 67, 73, 64, 85, 88, 8, 89]
    Layer 15: dist=[80, 44, 79, 38, 37, 38, 79, 67, 90, 60, 46, 104, 68, 107, 79, 89, 61, 57, 64, 68, 58, 60, 50, 51, 49, 34, 86, 62, 72, 84, 71, 49]
    Layer 16: dist=[61, 57, 74, 85, 55, 58, 48, 55, 54, 82, 73, 84, 90, 69, 86, 86, 68, 71, 60, 62, 115, 118, 110, 103, 71, 54, 64, 10, 58, 59, 65, 56]
    Layer 17: dist=[111, 95, 79, 67, 53, 57, 39, 47, 90, 108, 79, 100, 40, 57, 71, 74, 44, 61, 61, 42, 75, 98, 93, 97, 58, 55, 57, 52, 53, 79, 93, 67]
    Layer 18: dist=[34, 45, 35, 33, 56, 78, 74, 57, 64, 67, 66, 79, 61, 60, 57, 62, 46, 74, 72, 52, 68, 47, 65, 96, 58, 62, 61, 63, 52, 53, 79, 56]
    Layer 19: dist=[73, 64, 63, 62, 76, 103, 54, 71, 81, 85, 84, 93, 63, 57, 75, 63, 84, 85, 49, 49, 21, 50, 33, 49, 102, 106, 102, 116, 77, 77, 73, 72]
    Layer 20: dist=[89, 79, 80, 77, 78, 51, 49, 57, 40, 36, 43, 39, 92, 79, 87, 96, 45, 51, 56, 39, 73, 111, 101, 98, 125, 97, 105, 85, 93, 79, 108, 108]
    Layer 21: dist=[44, 50, 56, 68, 115, 65, 96, 118, 118, 61, 71, 69, 46, 41, 44, 42, 75, 75, 83, 65, 89, 99, 95, 96, 64, 62, 60, 80, 73, 79, 60, 88]
    Layer 22: dist=[73, 60, 67, 63, 52, 72, 45, 56, 37, 49, 45, 59, 18, 86, 61, 64, 33, 79, 76, 41, 102, 115, 120, 121, 101, 84, 91, 95, 114, 92, 103, 95]
    Layer 23: dist=[39, 30, 48, 39, 110, 111, 41, 102, 79, 36, 45, 63, 75, 72, 79, 77, 82, 75, 74, 94, 72, 93, 82, 76, 78, 72, 68, 100, 91, 90, 83, 78]
    Layer 24: dist=[79, 124, 109, 101, 99, 109, 111, 97, 102, 105, 104, 84, 78, 75, 89, 74, 81, 86, 98, 88, 120, 103, 102, 117, 65, 73, 79, 51, 95, 111, 98, 88]
    Layer 25: dist=[105, 121, 118, 94, 71, 72, 107, 80, 96, 97, 85, 90, 65, 89, 50, 68, 93, 99, 97, 89, 102, 111, 105, 108, 110, 110, 99, 108, 88, 125, 98, 88]
    Layer 26: dist=[80, 88, 106, 68, 115, 113, 113, 110, 102, 107, 105, 98, 100, 124, 116, 116, 86, 93, 99, 95, 102, 113, 122, 114, 99, 97, 102, 93, 115, 96, 114, 95]
    Layer 27: dist=[87, 108, 103, 117, 98, 105, 101, 86, 77, 100, 107, 99, 78, 109, 80, 86, 96, 99, 99, 104, 91, 112, 113, 92, 110, 113, 116, 117, 107, 77, 92, 117]
    Layer 28: dist=[103, 92, 102, 102, 82, 63, 80, 76, 96, 107, 92, 89, 112, 105, 96, 101, 112, 104, 104, 108, 119, 71, 60, 89, 91, 88, 99, 99, 92, 92, 71, 95]
    Layer 29: dist=[113, 114, 114, 113, 90, 112, 94, 114, 119, 113, 122, 105, 120, 120, 119, 120, 116, 106, 115, 121, 123, 123, 107, 125, 100, 114, 97, 92, 106, 95, 106, 109]
    Layer 30: dist=[75, 102, 99, 100, 102, 100, 90, 67, 117, 117, 115, 120, 105, 104, 113, 101, 97, 78, 120, 122, 51, 120, 100, 110, 119, 119, 119, 118, 106, 110, 107, 102]
    Layer 31: dist=[119, 117, 99, 98, 112, 113, 114, 116, 114, 77, 87, 91, 117, 116, 117, 115, 101, 101, 106, 94, 119, 116, 108, 119, 112, 109, 89, 120, 112, 106, 102, 110]
    Layer 32: dist=[110, 114, 114, 111, 116, 119, 116, 117, 110, 111, 117, 115, 93, 113, 108, 91, 118, 106, 109, 111, 123, 92, 114, 120, 71, 95, 80, 105, 116, 107, 99, 103]
    Layer 33: dist=[102, 120, 112, 119, 91, 102, 57, 94, 116, 116, 113, 113, 114, 115, 113, 116, 114, 117, 106, 109, 112, 96, 110, 113, 111, 119, 122, 118, 110, 111, 107, 104]
    Layer 34: dist=[110, 109, 112, 113, 105, 111, 108, 102, 53, 93, 114, 86, 117, 115, 120, 81, 82, 89, 126, 55, 119, 51, 118, 119, 122, 122, 125, 122, 54, 62, 68, 109]
    Layer 35: dist=[105, 123, 71, 97, 82, 36, 112, 100, 85, 94, 112, 96, 63, 28, 49, 40, 98, 74, 84, 48, 90, 102, 55, 54, 66, 49, 68, 72, 73, 115, 122, 117]

  [Taylor Step 2/3] OLS sigma per head (scaling V, streaming)...
    Layer  0: sigma=[0.614, 0.100, 0.100, 0.100, 0.333, 0.379, 0.100, 0.100, 0.100, 0.149, 0.100, 0.100, 0.100, 0.100, 0.100, 0.260, 0.100, 0.100, 0.100, 0.100, 0.100, 0.100, 0.100, 0.100, 0.100, 0.100, 0.352, 0.100, 0.100, 0.100, 0.161, 0.100]
    Layer  1: sigma=[0.352, 0.100, 0.100, 0.100, 0.100, 0.100, 0.100, 0.100, 0.100, 0.166, 0.246, 0.100, 0.100, 0.100, 0.100, 0.100, 0.100, 0.100, 0.100, 0.100, 0.100, 0.100, 0.100, 0.119, 0.100, 0.100, 0.115, 0.100, 0.100, 0.100, 0.100, 0.100]
    Layer  2: sigma=[0.100, 0.100, 0.100, 0.100, 0.100, 0.100, 0.100, 0.100, 0.108, 0.101, 0.100, 0.100, 0.100, 0.146, 0.100, 0.100, 0.100, 0.221, 0.100, 0.100, 0.100, 0.100, 0.100, 0.100, 0.100, 0.171, 0.100, 0.100, 0.100, 0.100, 0.100, 0.100]
    Layer  4: sigma=[0.100, 0.100, 0.100, 0.100, 0.100, 0.100, 0.100, 0.100, 0.100, 0.100, 0.100, 0.100, 0.100, 0.100, 0.100, 0.100, 0.100, 0.100, 0.100, 0.100, 0.132, 0.140, 0.320, 0.100, 0.100, 0.100, 0.100, 0.100, 0.100, 0.100, 0.100, 0.100]
    Layer  5: sigma=[0.100, 0.100, 0.100, 0.100, 0.100, 0.100, 0.100, 0.100, 0.100, 0.128, 0.100, 0.110, 0.100, 0.100, 0.100, 0.122, 0.100, 0.181, 0.100, 0.100, 0.100, 0.100, 0.100, 0.100, 0.100, 0.100, 0.100, 0.100, 0.100, 0.100, 0.100, 0.100]
    Layer  6: sigma=[0.100, 0.100, 0.100, 0.100, 0.100, 0.100, 0.100, 0.100, 0.100, 0.100, 0.100, 0.100, 0.100, 0.100, 0.100, 0.100, 0.100, 0.100, 0.100, 0.100, 0.153, 0.100, 0.100, 0.100, 0.100, 0.100, 0.100, 0.100, 0.100, 0.100, 0.100, 0.100]
    Layer  7: sigma=[0.100, 0.143, 0.100, 0.100, 0.114, 0.100, 0.100, 0.100, 0.100, 0.100, 0.100, 0.100, 0.100, 0.100, 0.100, 0.100, 0.100, 0.100, 0.100, 0.100, 0.100, 0.100, 0.100, 0.100, 0.100, 0.100, 0.100, 0.100, 0.100, 0.100, 0.100, 0.100]
    Layer  8: sigma=[0.100, 0.100, 0.100, 0.100, 0.100, 0.100, 0.100, 0.100, 0.100, 0.100, 0.100, 0.100, 0.100, 0.100, 0.100, 0.100, 0.100, 0.100, 0.100, 0.100, 0.100, 0.100, 0.100, 0.100, 0.100, 0.100, 0.100, 0.185, 0.100, 0.100, 0.100, 0.100]
    Layer  9: sigma=[0.100, 0.100, 0.100, 0.100, 0.100, 0.100, 0.100, 0.100, 0.100, 0.100, 0.100, 0.100, 0.100, 0.100, 0.560, 0.137, 0.100, 0.100, 0.100, 0.100, 0.100, 0.100, 0.100, 0.100, 0.100, 0.100, 0.100, 0.100, 0.100, 0.100, 0.100, 0.100]
    Layer 10: sigma=[0.100, 0.100, 0.100, 0.100, 0.100, 0.100, 0.100, 0.100, 0.100, 0.100, 0.100, 0.100, 0.100, 0.100, 0.100, 0.100, 0.100, 0.100, 0.100, 0.100, 0.100, 0.100, 0.100, 0.100, 0.100, 0.100, 0.100, 0.100, 0.100, 0.100, 0.100, 0.100]
    Layer 11: sigma=[0.100, 0.100, 0.100, 0.100, 0.141, 0.100, 0.100, 0.100, 0.100, 0.105, 0.100, 0.100, 0.100, 0.100, 0.232, 0.100, 0.100, 0.100, 0.100, 0.100, 0.100, 0.100, 0.100, 0.100, 0.100, 0.100, 0.166, 0.100, 0.100, 0.100, 0.100, 0.100]
    Layer 12: sigma=[0.100, 0.100, 0.100, 0.100, 0.100, 0.100, 0.100, 0.100, 0.100, 0.106, 0.100, 0.108, 0.100, 0.100, 0.100, 0.100, 0.100, 0.327, 0.202, 0.100, 0.100, 0.100, 0.100, 0.100, 0.100, 0.100, 0.100, 0.212, 0.100, 0.100, 0.112, 0.100]
    Layer 13: sigma=[0.224, 0.100, 0.100, 0.371, 0.100, 0.100, 0.100, 0.100, 0.100, 0.100, 0.100, 0.100, 0.100, 0.100, 0.100, 0.100, 0.100, 0.100, 0.100, 0.100, 0.100, 0.100, 0.100, 0.100, 0.100, 0.100, 0.100, 0.100, 0.100, 0.100, 0.100, 0.100]
    Layer 14: sigma=[0.100, 0.100, 0.100, 0.100, 0.100, 0.401, 0.100, 0.100, 0.100, 0.100, 0.100, 0.100, 0.100, 0.100, 0.100, 0.100, 0.100, 0.100, 0.100, 0.100, 0.100, 0.100, 0.100, 0.100, 0.118, 0.110, 0.100, 0.100, 0.100, 0.100, 0.100, 0.100]
    Layer 15: sigma=[0.100, 0.176, 0.100, 0.100, 0.100, 0.111, 0.100, 0.100, 0.100, 0.100, 0.100, 0.100, 0.222, 0.100, 0.100, 0.100, 0.100, 0.100, 0.100, 0.100, 0.100, 0.100, 0.100, 0.100, 0.151, 0.100, 0.100, 0.100, 0.100, 0.100, 0.100, 0.100]
    Layer 16: sigma=[0.100, 0.100, 0.100, 0.100, 0.100, 0.100, 0.100, 0.100, 0.100, 0.100, 0.100, 0.100, 0.100, 0.100, 0.100, 0.100, 0.100, 0.100, 0.100, 0.100, 0.100, 0.100, 0.100, 0.100, 0.100, 0.100, 0.100, 0.319, 0.100, 0.100, 0.100, 0.100]
    Layer 17: sigma=[0.100, 0.100, 0.100, 0.100, 0.100, 0.144, 0.100, 0.100, 0.100, 0.100, 0.100, 0.100, 0.100, 0.100, 0.100, 0.100, 0.144, 0.100, 0.100, 0.422, 0.100, 0.100, 0.100, 0.109, 0.135, 0.100, 0.404, 0.100, 0.100, 0.100, 0.100, 0.100]
    Layer 18: sigma=[0.100, 0.486, 0.100, 0.100, 0.100, 0.100, 0.100, 0.187, 0.100, 0.100, 0.100, 0.100, 0.100, 0.100, 0.100, 0.100, 0.163, 0.100, 0.100, 0.100, 0.100, 0.100, 0.100, 0.100, 0.100, 0.100, 0.100, 0.100, 0.100, 0.100, 0.100, 0.100]
    Layer 19: sigma=[0.100, 0.100, 0.100, 0.100, 0.100, 0.100, 0.100, 0.100, 0.100, 0.100, 0.100, 0.100, 0.138, 0.100, 0.100, 0.199, 0.100, 0.100, 0.100, 0.313, 0.100, 0.100, 0.100, 0.115, 0.100, 0.100, 0.100, 0.100, 0.100, 0.100, 0.100, 0.100]
    Layer 20: sigma=[0.100, 0.100, 0.100, 0.100, 0.100, 0.182, 0.100, 0.100, 0.148, 0.103, 0.100, 0.100, 0.100, 0.100, 0.100, 0.120, 0.100, 0.136, 0.100, 0.100, 0.100, 0.100, 0.100, 0.100, 0.100, 0.100, 0.100, 0.100, 0.100, 0.100, 0.100, 0.100]
    Layer 21: sigma=[0.100, 0.148, 0.100, 0.100, 0.100, 0.100, 0.100, 0.100, 0.100, 0.152, 0.100, 0.250, 0.100, 0.100, 0.118, 0.100, 0.100, 0.100, 0.100, 0.100, 0.100, 0.107, 0.100, 0.100, 0.280, 0.100, 0.100, 0.100, 0.100, 0.100, 0.239, 0.100]
    Layer 22: sigma=[0.162, 0.100, 0.100, 0.100, 0.171, 0.109, 0.100, 0.190, 0.100, 0.100, 0.100, 0.100, 0.100, 0.100, 0.100, 0.102, 0.100, 0.100, 0.100, 0.100, 0.100, 0.100, 0.100, 0.100, 0.100, 0.100, 0.100, 0.100, 0.100, 0.100, 0.100, 0.100]
    Layer 23: sigma=[0.174, 0.309, 0.212, 0.100, 0.100, 0.100, 0.107, 0.100, 0.100, 0.233, 0.100, 0.100, 0.100, 0.100, 0.100, 0.100, 0.100, 0.100, 0.100, 0.100, 0.100, 0.100, 0.100, 0.100, 0.100, 0.100, 0.100, 0.100, 0.100, 0.100, 0.150, 0.210]
    Layer 24: sigma=[0.100, 0.100, 0.100, 0.100, 0.100, 0.100, 0.100, 0.100, 0.100, 0.100, 0.100, 0.100, 0.100, 0.100, 0.100, 0.134, 0.100, 0.100, 0.100, 0.100, 0.100, 0.100, 0.100, 0.100, 0.243, 0.360, 0.100, 0.394, 0.100, 0.100, 0.100, 0.100]
    Layer 25: sigma=[0.100, 0.100, 0.100, 0.100, 0.106, 0.100, 0.100, 0.100, 0.100, 0.100, 0.100, 0.100, 0.100, 0.100, 0.100, 0.100, 0.100, 0.100, 0.100, 0.100, 0.100, 0.100, 0.100, 0.100, 0.100, 0.100, 0.100, 0.100, 0.100, 0.100, 0.100, 0.100]
    Layer 26: sigma=[0.100, 0.100, 0.100, 0.100, 0.100, 0.100, 0.100, 0.100, 0.100, 0.100, 0.100, 0.100, 0.100, 0.100, 0.100, 0.100, 0.100, 0.100, 0.100, 0.100, 0.100, 0.100, 0.100, 0.100, 0.100, 0.100, 0.100, 0.100, 0.100, 0.100, 0.100, 0.100]
    Layer 27: sigma=[0.100, 0.100, 0.100, 0.100, 0.100, 0.100, 0.100, 0.100, 0.100, 0.100, 0.100, 0.100, 0.100, 0.100, 0.100, 0.100, 0.100, 0.100, 0.100, 0.100, 0.100, 0.100, 0.100, 0.100, 0.100, 0.100, 0.100, 0.100, 0.100, 0.100, 0.100, 0.100]
    Layer 28: sigma=[0.100, 0.100, 0.100, 0.100, 0.100, 0.106, 0.100, 0.181, 0.100, 0.100, 0.100, 0.100, 0.100, 0.100, 0.100, 0.100, 0.100, 0.100, 0.100, 0.100, 0.100, 0.100, 0.100, 0.100, 0.100, 0.100, 0.100, 0.100, 0.100, 0.100, 0.100, 0.100]
    Layer 29: sigma=[0.100, 0.100, 0.100, 0.100, 0.100, 0.100, 0.100, 0.100, 0.100, 0.100, 0.100, 0.100, 0.100, 0.100, 0.100, 0.100, 0.100, 0.100, 0.100, 0.100, 0.100, 0.100, 0.100, 0.100, 0.100, 0.100, 0.100, 0.100, 0.100, 0.100, 0.100, 0.100]
    Layer 30: sigma=[0.100, 0.100, 0.100, 0.100, 0.100, 0.100, 0.100, 0.100, 0.100, 0.100, 0.100, 0.100, 0.100, 0.100, 0.100, 0.100, 0.100, 0.100, 0.100, 0.100, 0.100, 0.100, 0.100, 0.100, 0.100, 0.100, 0.100, 0.100, 0.100, 0.100, 0.100, 0.100]
    Layer 31: sigma=[0.100, 0.100, 0.100, 0.100, 0.100, 0.100, 0.100, 0.100, 0.100, 0.100, 0.100, 0.100, 0.100, 0.100, 0.100, 0.100, 0.100, 0.100, 0.100, 0.119, 0.100, 0.100, 0.100, 0.100, 0.100, 0.100, 0.100, 0.100, 0.100, 0.100, 0.100, 0.100]
    Layer 32: sigma=[0.100, 0.100, 0.100, 0.100, 0.100, 0.100, 0.100, 0.100, 0.100, 0.100, 0.100, 0.100, 0.100, 0.100, 0.100, 0.100, 0.100, 0.100, 0.100, 0.100, 0.100, 0.100, 0.100, 0.100, 0.100, 0.100, 0.100, 0.100, 0.100, 0.100, 0.100, 0.100]
    Layer 33: sigma=[0.100, 0.100, 0.100, 0.100, 0.100, 0.100, 0.100, 0.100, 0.100, 0.100, 0.100, 0.100, 0.100, 0.100, 0.100, 0.100, 0.100, 0.100, 0.100, 0.100, 0.100, 0.100, 0.100, 0.100, 0.100, 0.100, 0.100, 0.100, 0.100, 0.100, 0.100, 0.100]
    Layer 34: sigma=[0.100, 0.100, 0.100, 0.100, 0.100, 0.100, 0.100, 0.100, 0.100, 0.100, 0.100, 0.100, 0.100, 0.100, 0.100, 0.100, 0.109, 0.100, 0.100, 0.100, 0.100, 0.100, 0.100, 0.100, 0.100, 0.100, 0.100, 0.100, 0.100, 0.100, 0.100, 0.100]
    Layer 35: sigma=[0.100, 0.100, 0.100, 0.100, 0.100, 0.100, 0.100, 0.100, 0.100, 0.100, 0.100, 0.100, 0.100, 0.100, 0.100, 0.100, 0.100, 0.100, 0.100, 0.100, 0.100, 0.100, 0.119, 0.100, 0.100, 0.100, 0.100, 0.100, 0.100, 0.100, 0.100, 0.100]

  [Taylor Step 3/3] g_proj = v_proj * alpha (damping=0.01)...
    Layer  0: alpha=0.060425  teacher_rms=0.0163  v_rms=0.0027
    Layer  1: alpha=0.060758  teacher_rms=0.0205  v_rms=0.0034
    Layer  2: alpha=0.056994  teacher_rms=0.0214  v_rms=0.0038
    Layer  4: alpha=0.047290  teacher_rms=0.0304  v_rms=0.0064
    Layer  5: alpha=0.061941  teacher_rms=0.0409  v_rms=0.0066
    Layer  6: alpha=0.078415  teacher_rms=0.0621  v_rms=0.0079
    Layer  7: alpha=0.046237  teacher_rms=0.0530  v_rms=0.0115
    Layer  8: alpha=0.047220  teacher_rms=0.0708  v_rms=0.0150
    Layer  9: alpha=0.035496  teacher_rms=0.0713  v_rms=0.0201
    Layer 10: alpha=0.051225  teacher_rms=0.1092  v_rms=0.0213
    Layer 11: alpha=0.063314  teacher_rms=0.1046  v_rms=0.0165
    Layer 12: alpha=0.059130  teacher_rms=0.1207  v_rms=0.0204
    Layer 13: alpha=0.051835  teacher_rms=0.1040  v_rms=0.0201
    Layer 14: alpha=0.064339  teacher_rms=0.1547  v_rms=0.0240
    Layer 15: alpha=0.057641  teacher_rms=0.1576  v_rms=0.0273
    Layer 16: alpha=0.044793  teacher_rms=0.1473  v_rms=0.0329
    Layer 17: alpha=0.043861  teacher_rms=0.1753  v_rms=0.0400
    Layer 18: alpha=0.044121  teacher_rms=0.1990  v_rms=0.0451
    Layer 19: alpha=0.053917  teacher_rms=0.2060  v_rms=0.0382
    Layer 20: alpha=0.056836  teacher_rms=0.1966  v_rms=0.0346
    Layer 21: alpha=0.050310  teacher_rms=0.2373  v_rms=0.0472
    Layer 22: alpha=0.056902  teacher_rms=0.2834  v_rms=0.0498
    Layer 23: alpha=0.050746  teacher_rms=0.3098  v_rms=0.0611
    Layer 24: alpha=0.033001  teacher_rms=0.2897  v_rms=0.0878
    Layer 25: alpha=0.039993  teacher_rms=0.2376  v_rms=0.0594
    Layer 26: alpha=0.029256  teacher_rms=0.2124  v_rms=0.0726
    Layer 27: alpha=0.037093  teacher_rms=0.3083  v_rms=0.0831
    Layer 28: alpha=0.041537  teacher_rms=0.3705  v_rms=0.0892
    Layer 29: alpha=0.017344  teacher_rms=0.2548  v_rms=0.1469
    Layer 30: alpha=0.029045  teacher_rms=0.4297  v_rms=0.1480
    Layer 31: alpha=0.021149  teacher_rms=0.3785  v_rms=0.1790
    Layer 32: alpha=0.023899  teacher_rms=0.5288  v_rms=0.2213
    Layer 33: alpha=0.018560  teacher_rms=0.6404  v_rms=0.3451
    Layer 34: alpha=0.033145  teacher_rms=1.0325  v_rms=0.3115
    Layer 35: alpha=0.059825  teacher_rms=1.0168  v_rms=0.1700

  Set g_proj = v_proj * alpha in 35 GDN layers (damping=0.01).
  Init (taylor_init) done in 439.9s
  Layer 3: PPL = 5218910.50  (eval 20.6s)

============================================================
  Probing layer 4 | strategy=taylor_init
============================================================
Loading checkpoint shards:   0%|          | 0/4 [00:00<?, ?it/s]Loading checkpoint shards:  50%|█████     | 2/4 [00:00<00:00, 17.29it/s]Loading checkpoint shards: 100%|██████████| 4/4 [00:00<00:00, 22.22it/s]
Could not cache non-existence of file. Will ignore error and continue. Error: [Errno 13] Permission denied: '/data/shared/huggingface/hub/models--Qwen--Qwen3-8B/.no_exist/b968826d9c46dd6066d109eabc6255188de91218/model.safetensors'
Loading checkpoint shards:   0%|          | 0/5 [00:00<?, ?it/s]Loading checkpoint shards: 100%|██████████| 5/5 [00:00<00:00, 181.20it/s]
Token indices sequence length is longer than the specified maximum sequence length for this model (2429029 > 131072). Running this sequence through the model will result in indexing errors
  [Taylor Step 1/3] Gate calibration from attention stats...
    Layer  0: dist=[32, 3, 12, 35, 12, 26, 9, 11, 19, 6, 8, 9, 18, 34, 31, 10, 16, 19, 16, 14, 13, 23, 4, 12, 5, 52, 10, 43, 15, 36, 15, 14]
    Layer  1: dist=[19, 38, 25, 44, 3, 15, 31, 11, 45, 36, 65, 60, 34, 47, 51, 38, 32, 54, 57, 33, 56, 24, 40, 40, 37, 9, 44, 41, 83, 31, 37, 49]
    Layer  2: dist=[65, 65, 67, 62, 26, 45, 33, 43, 39, 47, 56, 56, 53, 46, 46, 60, 61, 49, 54, 43, 49, 67, 48, 50, 25, 24, 21, 35, 73, 73, 77, 74]
    Layer  3: dist=[65, 26, 13, 22, 87, 93, 83, 73, 56, 53, 62, 58, 90, 73, 75, 74, 59, 62, 51, 67, 74, 60, 64, 65, 64, 56, 52, 59, 70, 63, 72, 65]
    Layer  5: dist=[36, 48, 55, 35, 61, 68, 52, 51, 5, 18, 73, 61, 54, 78, 59, 52, 41, 32, 50, 48, 51, 55, 48, 59, 73, 73, 80, 80, 43, 44, 46, 58]
    Layer  6: dist=[27, 40, 30, 31, 52, 46, 67, 61, 46, 25, 43, 38, 56, 64, 56, 30, 47, 34, 45, 40, 20, 30, 32, 14, 35, 50, 32, 49, 47, 43, 37, 53]
    Layer  7: dist=[55, 60, 64, 87, 126, 114, 127, 121, 88, 119, 99, 72, 108, 23, 53, 97, 80, 101, 85, 81, 106, 86, 112, 116, 64, 78, 47, 86, 97, 101, 101, 106]
    Layer  8: dist=[83, 87, 90, 58, 81, 77, 69, 78, 86, 99, 87, 90, 94, 86, 96, 70, 116, 107, 103, 96, 92, 106, 100, 111, 92, 72, 95, 67, 84, 72, 79, 74]
    Layer  9: dist=[76, 60, 61, 67, 83, 97, 96, 74, 123, 120, 118, 112, 27, 87, 63, 85, 93, 100, 114, 125, 87, 77, 60, 70, 119, 81, 91, 97, 125, 113, 127, 123]
    Layer 10: dist=[76, 71, 58, 74, 85, 102, 64, 74, 63, 88, 106, 49, 88, 67, 82, 86, 87, 102, 100, 107, 88, 60, 107, 90, 93, 107, 84, 77, 76, 65, 82, 90]
    Layer 11: dist=[78, 65, 79, 48, 53, 61, 78, 77, 102, 123, 109, 93, 82, 64, 65, 69, 69, 63, 61, 51, 77, 107, 89, 87, 67, 59, 56, 54, 95, 55, 55, 94]
    Layer 12: dist=[21, 72, 79, 61, 87, 83, 66, 70, 63, 62, 74, 77, 86, 81, 82, 87, 39, 68, 59, 94, 102, 112, 97, 103, 93, 2, 107, 38, 81, 88, 113, 91]
    Layer 13: dist=[52, 68, 66, 62, 52, 51, 65, 40, 86, 63, 99, 122, 128, 115, 109, 124, 85, 72, 57, 61, 93, 55, 83, 90, 84, 59, 72, 76, 113, 111, 96, 99]
    Layer 14: dist=[44, 64, 65, 46, 62, 45, 64, 65, 54, 57, 70, 68, 69, 76, 65, 67, 77, 86, 51, 64, 65, 31, 51, 81, 52, 67, 73, 64, 85, 88, 8, 89]
    Layer 15: dist=[80, 44, 79, 38, 37, 38, 79, 67, 90, 60, 46, 104, 68, 107, 79, 89, 61, 57, 64, 68, 58, 60, 50, 51, 49, 34, 86, 62, 72, 84, 71, 49]
    Layer 16: dist=[61, 57, 74, 85, 55, 58, 48, 55, 54, 82, 73, 84, 90, 69, 86, 86, 68, 71, 60, 62, 115, 118, 110, 103, 71, 54, 64, 10, 58, 59, 65, 56]
    Layer 17: dist=[111, 95, 79, 67, 53, 57, 39, 47, 90, 108, 79, 100, 40, 57, 71, 74, 44, 61, 61, 42, 75, 98, 93, 97, 58, 55, 57, 52, 53, 79, 93, 67]
    Layer 18: dist=[34, 45, 35, 33, 56, 78, 74, 57, 64, 67, 66, 79, 61, 60, 57, 62, 46, 74, 72, 52, 68, 47, 65, 96, 58, 62, 61, 63, 52, 53, 79, 56]
    Layer 19: dist=[73, 64, 63, 62, 76, 103, 54, 71, 81, 85, 84, 93, 63, 57, 75, 63, 84, 85, 49, 49, 21, 50, 33, 49, 102, 106, 102, 116, 77, 77, 73, 72]
    Layer 20: dist=[89, 79, 80, 77, 78, 51, 49, 57, 40, 36, 43, 39, 92, 79, 87, 96, 45, 51, 56, 39, 73, 111, 101, 98, 125, 97, 105, 85, 93, 79, 108, 108]
    Layer 21: dist=[44, 50, 56, 68, 115, 65, 96, 118, 118, 61, 71, 69, 46, 41, 44, 42, 75, 75, 83, 65, 89, 99, 95, 96, 64, 62, 60, 80, 73, 79, 60, 88]
    Layer 22: dist=[73, 60, 67, 63, 52, 72, 45, 56, 37, 49, 45, 59, 18, 86, 61, 64, 33, 79, 76, 41, 102, 115, 120, 121, 101, 84, 91, 95, 114, 92, 103, 95]
    Layer 23: dist=[39, 30, 48, 39, 110, 111, 41, 102, 79, 36, 45, 63, 75, 72, 79, 77, 82, 75, 74, 94, 72, 93, 82, 76, 78, 72, 68, 100, 91, 90, 83, 78]
    Layer 24: dist=[79, 124, 109, 101, 99, 109, 111, 97, 102, 105, 104, 84, 78, 75, 89, 74, 81, 86, 98, 88, 120, 103, 102, 117, 65, 73, 79, 51, 95, 111, 98, 88]
    Layer 25: dist=[105, 121, 118, 94, 71, 72, 107, 80, 96, 97, 85, 90, 65, 89, 50, 68, 93, 99, 97, 89, 102, 111, 105, 108, 110, 110, 99, 108, 88, 125, 98, 88]
    Layer 26: dist=[80, 88, 106, 68, 115, 113, 113, 110, 102, 107, 105, 98, 100, 124, 116, 116, 86, 93, 99, 95, 102, 113, 122, 114, 99, 97, 102, 93, 115, 96, 114, 95]
    Layer 27: dist=[87, 108, 103, 117, 98, 105, 101, 86, 77, 100, 107, 99, 78, 109, 80, 86, 96, 99, 99, 104, 91, 112, 113, 92, 110, 113, 116, 117, 107, 77, 92, 117]
    Layer 28: dist=[103, 92, 102, 102, 82, 63, 80, 76, 96, 107, 92, 89, 112, 105, 96, 101, 112, 104, 104, 108, 119, 71, 60, 89, 91, 88, 99, 99, 92, 92, 71, 95]
    Layer 29: dist=[113, 114, 114, 113, 90, 112, 94, 114, 119, 113, 122, 105, 120, 120, 119, 120, 116, 106, 115, 121, 123, 123, 107, 125, 100, 114, 97, 92, 106, 95, 106, 109]
    Layer 30: dist=[75, 102, 99, 100, 102, 100, 90, 67, 117, 117, 115, 120, 105, 104, 113, 101, 97, 78, 120, 122, 51, 120, 100, 110, 119, 119, 119, 118, 106, 110, 107, 102]
    Layer 31: dist=[119, 117, 99, 98, 112, 113, 114, 116, 114, 77, 87, 91, 117, 116, 117, 115, 101, 101, 106, 94, 119, 116, 108, 119, 112, 109, 89, 120, 112, 106, 102, 110]
    Layer 32: dist=[110, 114, 114, 111, 116, 119, 116, 117, 110, 111, 117, 115, 93, 113, 108, 91, 118, 106, 109, 111, 123, 92, 114, 120, 71, 95, 80, 105, 116, 107, 99, 103]
    Layer 33: dist=[102, 120, 112, 119, 91, 102, 57, 94, 116, 116, 113, 113, 114, 115, 113, 116, 114, 117, 106, 109, 112, 96, 110, 113, 111, 119, 122, 118, 110, 111, 107, 104]
    Layer 34: dist=[110, 109, 112, 113, 105, 111, 108, 102, 53, 93, 114, 86, 117, 115, 120, 81, 82, 89, 126, 55, 119, 51, 118, 119, 122, 122, 125, 122, 54, 62, 68, 109]
    Layer 35: dist=[105, 123, 71, 97, 82, 36, 112, 100, 85, 94, 112, 96, 63, 28, 49, 40, 98, 74, 84, 48, 90, 102, 55, 54, 66, 49, 68, 72, 73, 115, 122, 117]

  [Taylor Step 2/3] OLS sigma per head (scaling V, streaming)...
    Layer  0: sigma=[0.616, 0.100, 0.100, 0.100, 0.333, 0.378, 0.100, 0.100, 0.100, 0.148, 0.100, 0.100, 0.100, 0.100, 0.100, 0.260, 0.100, 0.100, 0.100, 0.100, 0.100, 0.100, 0.100, 0.100, 0.100, 0.100, 0.351, 0.100, 0.100, 0.100, 0.161, 0.100]
    Layer  1: sigma=[0.350, 0.100, 0.100, 0.100, 0.100, 0.100, 0.100, 0.100, 0.100, 0.167, 0.247, 0.100, 0.100, 0.100, 0.100, 0.100, 0.100, 0.100, 0.100, 0.100, 0.100, 0.100, 0.100, 0.116, 0.100, 0.100, 0.115, 0.100, 0.100, 0.100, 0.100, 0.100]
    Layer  2: sigma=[0.100, 0.100, 0.100, 0.100, 0.100, 0.100, 0.100, 0.100, 0.108, 0.100, 0.100, 0.100, 0.100, 0.147, 0.100, 0.100, 0.100, 0.222, 0.100, 0.100, 0.100, 0.100, 0.100, 0.100, 0.100, 0.172, 0.100, 0.100, 0.100, 0.100, 0.100, 0.100]
    Layer  3: sigma=[0.100, 0.322, 0.100, 0.155, 0.100, 0.100, 0.100, 0.100, 0.100, 0.100, 0.100, 0.100, 0.100, 0.100, 0.100, 0.100, 0.100, 0.100, 0.100, 0.100, 0.100, 0.107, 0.100, 0.100, 0.100, 0.100, 0.100, 0.100, 0.100, 0.100, 0.100, 0.100]
    Layer  5: sigma=[0.100, 0.100, 0.100, 0.100, 0.100, 0.100, 0.100, 0.100, 0.100, 0.138, 0.100, 0.113, 0.100, 0.100, 0.100, 0.122, 0.100, 0.184, 0.100, 0.100, 0.100, 0.100, 0.100, 0.100, 0.100, 0.100, 0.100, 0.100, 0.100, 0.100, 0.100, 0.100]
    Layer  6: sigma=[0.100, 0.100, 0.100, 0.100, 0.100, 0.100, 0.100, 0.100, 0.100, 0.100, 0.100, 0.100, 0.100, 0.100, 0.100, 0.100, 0.100, 0.100, 0.100, 0.100, 0.163, 0.100, 0.100, 0.100, 0.100, 0.100, 0.100, 0.100, 0.100, 0.100, 0.100, 0.100]
    Layer  7: sigma=[0.100, 0.156, 0.100, 0.100, 0.124, 0.100, 0.100, 0.100, 0.100, 0.100, 0.100, 0.100, 0.100, 0.100, 0.100, 0.100, 0.100, 0.100, 0.100, 0.100, 0.100, 0.100, 0.100, 0.100, 0.100, 0.100, 0.100, 0.100, 0.100, 0.100, 0.100, 0.100]
    Layer  8: sigma=[0.100, 0.100, 0.100, 0.100, 0.100, 0.100, 0.100, 0.100, 0.100, 0.100, 0.100, 0.100, 0.100, 0.100, 0.100, 0.100, 0.100, 0.100, 0.100, 0.100, 0.100, 0.100, 0.100, 0.100, 0.100, 0.100, 0.100, 0.184, 0.100, 0.100, 0.100, 0.100]
    Layer  9: sigma=[0.100, 0.100, 0.100, 0.100, 0.100, 0.100, 0.100, 0.100, 0.100, 0.100, 0.100, 0.100, 0.100, 0.100, 0.523, 0.132, 0.100, 0.100, 0.100, 0.100, 0.100, 0.100, 0.100, 0.100, 0.100, 0.100, 0.100, 0.100, 0.100, 0.100, 0.100, 0.100]
    Layer 10: sigma=[0.100, 0.100, 0.100, 0.100, 0.100, 0.100, 0.100, 0.100, 0.100, 0.100, 0.100, 0.100, 0.100, 0.100, 0.100, 0.100, 0.100, 0.100, 0.100, 0.100, 0.100, 0.100, 0.100, 0.100, 0.100, 0.100, 0.100, 0.100, 0.100, 0.100, 0.100, 0.100]
    Layer 11: sigma=[0.100, 0.100, 0.100, 0.100, 0.149, 0.100, 0.100, 0.100, 0.100, 0.103, 0.100, 0.100, 0.100, 0.100, 0.276, 0.100, 0.100, 0.100, 0.100, 0.100, 0.100, 0.100, 0.100, 0.100, 0.100, 0.100, 0.165, 0.100, 0.100, 0.100, 0.100, 0.100]
    Layer 12: sigma=[0.100, 0.100, 0.100, 0.100, 0.100, 0.100, 0.100, 0.100, 0.100, 0.101, 0.100, 0.108, 0.100, 0.100, 0.100, 0.100, 0.100, 0.334, 0.182, 0.100, 0.100, 0.100, 0.100, 0.100, 0.100, 0.100, 0.100, 0.210, 0.100, 0.100, 0.117, 0.100]
    Layer 13: sigma=[0.226, 0.100, 0.100, 0.370, 0.100, 0.100, 0.100, 0.100, 0.100, 0.100, 0.100, 0.100, 0.100, 0.100, 0.100, 0.100, 0.100, 0.100, 0.100, 0.100, 0.100, 0.100, 0.100, 0.100, 0.100, 0.100, 0.100, 0.100, 0.100, 0.100, 0.100, 0.100]
    Layer 14: sigma=[0.100, 0.100, 0.100, 0.100, 0.100, 0.447, 0.100, 0.100, 0.100, 0.100, 0.100, 0.100, 0.100, 0.100, 0.100, 0.100, 0.100, 0.100, 0.100, 0.100, 0.100, 0.100, 0.100, 0.100, 0.123, 0.111, 0.100, 0.100, 0.100, 0.100, 0.100, 0.100]
    Layer 15: sigma=[0.100, 0.198, 0.100, 0.100, 0.100, 0.111, 0.100, 0.100, 0.100, 0.100, 0.100, 0.100, 0.189, 0.100, 0.100, 0.100, 0.100, 0.100, 0.100, 0.100, 0.100, 0.100, 0.100, 0.100, 0.142, 0.100, 0.100, 0.100, 0.100, 0.100, 0.100, 0.100]
    Layer 16: sigma=[0.100, 0.100, 0.100, 0.100, 0.100, 0.100, 0.100, 0.100, 0.100, 0.100, 0.100, 0.100, 0.100, 0.100, 0.100, 0.100, 0.100, 0.100, 0.100, 0.100, 0.100, 0.100, 0.100, 0.100, 0.100, 0.100, 0.100, 0.481, 0.100, 0.100, 0.100, 0.100]
    Layer 17: sigma=[0.100, 0.100, 0.100, 0.100, 0.100, 0.147, 0.100, 0.100, 0.100, 0.100, 0.100, 0.100, 0.100, 0.100, 0.100, 0.100, 0.133, 0.120, 0.100, 0.382, 0.100, 0.100, 0.100, 0.116, 0.128, 0.100, 0.415, 0.100, 0.100, 0.100, 0.100, 0.100]
    Layer 18: sigma=[0.100, 0.448, 0.100, 0.100, 0.100, 0.100, 0.100, 0.196, 0.100, 0.100, 0.100, 0.100, 0.100, 0.100, 0.100, 0.100, 0.143, 0.100, 0.100, 0.100, 0.100, 0.100, 0.100, 0.100, 0.100, 0.100, 0.100, 0.100, 0.100, 0.100, 0.100, 0.100]
    Layer 19: sigma=[0.100, 0.100, 0.100, 0.100, 0.100, 0.100, 0.100, 0.100, 0.100, 0.100, 0.100, 0.100, 0.183, 0.100, 0.100, 0.194, 0.100, 0.100, 0.100, 0.306, 0.100, 0.100, 0.100, 0.107, 0.100, 0.100, 0.100, 0.100, 0.100, 0.100, 0.100, 0.100]
    Layer 20: sigma=[0.100, 0.100, 0.100, 0.100, 0.100, 0.212, 0.100, 0.100, 0.149, 0.115, 0.100, 0.100, 0.100, 0.100, 0.100, 0.119, 0.100, 0.113, 0.100, 0.100, 0.100, 0.100, 0.100, 0.100, 0.100, 0.100, 0.100, 0.100, 0.100, 0.100, 0.100, 0.100]
    Layer 21: sigma=[0.100, 0.109, 0.100, 0.100, 0.100, 0.100, 0.100, 0.100, 0.100, 0.155, 0.100, 0.257, 0.100, 0.100, 0.100, 0.100, 0.100, 0.100, 0.100, 0.100, 0.100, 0.114, 0.100, 0.100, 0.166, 0.100, 0.100, 0.100, 0.100, 0.100, 0.273, 0.100]
    Layer 22: sigma=[0.151, 0.100, 0.100, 0.100, 0.171, 0.138, 0.100, 0.241, 0.123, 0.100, 0.100, 0.100, 0.100, 0.100, 0.100, 0.103, 0.100, 0.100, 0.100, 0.100, 0.100, 0.100, 0.100, 0.100, 0.100, 0.100, 0.100, 0.100, 0.100, 0.100, 0.100, 0.100]
    Layer 23: sigma=[0.178, 0.273, 0.201, 0.100, 0.100, 0.100, 0.124, 0.100, 0.100, 0.227, 0.100, 0.100, 0.100, 0.100, 0.100, 0.100, 0.100, 0.100, 0.100, 0.100, 0.100, 0.100, 0.100, 0.100, 0.100, 0.100, 0.100, 0.100, 0.100, 0.100, 0.154, 0.303]
    Layer 24: sigma=[0.100, 0.100, 0.100, 0.100, 0.100, 0.100, 0.100, 0.100, 0.100, 0.100, 0.100, 0.100, 0.100, 0.100, 0.100, 0.153, 0.100, 0.100, 0.100, 0.100, 0.100, 0.100, 0.100, 0.100, 0.211, 0.350, 0.100, 0.358, 0.100, 0.100, 0.100, 0.100]
    Layer 25: sigma=[0.100, 0.100, 0.100, 0.100, 0.100, 0.100, 0.100, 0.100, 0.100, 0.100, 0.100, 0.100, 0.100, 0.100, 0.100, 0.100, 0.100, 0.100, 0.100, 0.100, 0.100, 0.100, 0.100, 0.100, 0.100, 0.100, 0.100, 0.100, 0.100, 0.100, 0.100, 0.100]
    Layer 26: sigma=[0.100, 0.100, 0.100, 0.100, 0.100, 0.100, 0.100, 0.100, 0.100, 0.100, 0.100, 0.100, 0.100, 0.100, 0.100, 0.100, 0.100, 0.100, 0.100, 0.100, 0.100, 0.100, 0.100, 0.100, 0.100, 0.100, 0.100, 0.100, 0.100, 0.100, 0.100, 0.100]
    Layer 27: sigma=[0.100, 0.100, 0.100, 0.100, 0.100, 0.100, 0.100, 0.100, 0.100, 0.100, 0.100, 0.100, 0.100, 0.100, 0.100, 0.100, 0.100, 0.100, 0.100, 0.100, 0.100, 0.100, 0.100, 0.100, 0.100, 0.100, 0.100, 0.100, 0.100, 0.100, 0.100, 0.100]
    Layer 28: sigma=[0.100, 0.100, 0.100, 0.100, 0.100, 0.111, 0.100, 0.100, 0.100, 0.100, 0.100, 0.100, 0.100, 0.100, 0.100, 0.100, 0.100, 0.100, 0.100, 0.100, 0.100, 0.100, 0.100, 0.100, 0.100, 0.100, 0.100, 0.100, 0.100, 0.100, 0.100, 0.100]
    Layer 29: sigma=[0.100, 0.100, 0.100, 0.100, 0.100, 0.100, 0.100, 0.100, 0.100, 0.100, 0.100, 0.100, 0.100, 0.100, 0.100, 0.100, 0.100, 0.100, 0.100, 0.100, 0.100, 0.100, 0.100, 0.100, 0.100, 0.100, 0.100, 0.100, 0.100, 0.100, 0.100, 0.100]
    Layer 30: sigma=[0.100, 0.100, 0.100, 0.100, 0.100, 0.100, 0.100, 0.100, 0.100, 0.100, 0.100, 0.100, 0.100, 0.100, 0.100, 0.100, 0.100, 0.100, 0.100, 0.100, 0.113, 0.100, 0.100, 0.100, 0.100, 0.100, 0.100, 0.100, 0.100, 0.100, 0.100, 0.100]
    Layer 31: sigma=[0.100, 0.100, 0.100, 0.100, 0.100, 0.100, 0.100, 0.100, 0.100, 0.100, 0.100, 0.100, 0.100, 0.100, 0.100, 0.100, 0.100, 0.100, 0.100, 0.104, 0.100, 0.100, 0.100, 0.100, 0.100, 0.100, 0.100, 0.100, 0.100, 0.100, 0.100, 0.100]
    Layer 32: sigma=[0.100, 0.100, 0.100, 0.100, 0.100, 0.100, 0.100, 0.100, 0.100, 0.100, 0.100, 0.100, 0.100, 0.100, 0.100, 0.100, 0.100, 0.100, 0.100, 0.100, 0.100, 0.100, 0.100, 0.100, 0.100, 0.100, 0.100, 0.100, 0.100, 0.100, 0.100, 0.100]
    Layer 33: sigma=[0.100, 0.100, 0.100, 0.100, 0.100, 0.100, 0.131, 0.100, 0.100, 0.100, 0.100, 0.100, 0.100, 0.100, 0.100, 0.100, 0.100, 0.100, 0.100, 0.100, 0.100, 0.100, 0.100, 0.100, 0.100, 0.100, 0.100, 0.100, 0.100, 0.100, 0.100, 0.100]
    Layer 34: sigma=[0.100, 0.100, 0.100, 0.100, 0.100, 0.100, 0.100, 0.100, 0.100, 0.100, 0.100, 0.100, 0.100, 0.100, 0.100, 0.100, 0.100, 0.100, 0.100, 0.100, 0.100, 0.100, 0.100, 0.100, 0.100, 0.100, 0.100, 0.100, 0.100, 0.100, 0.100, 0.100]
    Layer 35: sigma=[0.100, 0.100, 0.100, 0.100, 0.100, 0.100, 0.100, 0.100, 0.100, 0.100, 0.100, 0.100, 0.100, 0.100, 0.100, 0.100, 0.100, 0.100, 0.100, 0.100, 0.100, 0.100, 0.120, 0.100, 0.100, 0.100, 0.100, 0.100, 0.100, 0.100, 0.100, 0.100]

  [Taylor Step 3/3] g_proj = v_proj * alpha (damping=0.01)...
    Layer  0: alpha=0.060364  teacher_rms=0.0163  v_rms=0.0027
    Layer  1: alpha=0.060822  teacher_rms=0.0205  v_rms=0.0034
    Layer  2: alpha=0.056933  teacher_rms=0.0214  v_rms=0.0038
    Layer  3: alpha=0.048776  teacher_rms=0.0259  v_rms=0.0053
    Layer  5: alpha=0.061631  teacher_rms=0.0409  v_rms=0.0066
    Layer  6: alpha=0.078036  teacher_rms=0.0621  v_rms=0.0080
    Layer  7: alpha=0.045783  teacher_rms=0.0530  v_rms=0.0116
    Layer  8: alpha=0.047246  teacher_rms=0.0708  v_rms=0.0150
    Layer  9: alpha=0.036642  teacher_rms=0.0713  v_rms=0.0195
    Layer 10: alpha=0.051225  teacher_rms=0.1092  v_rms=0.0213
    Layer 11: alpha=0.061555  teacher_rms=0.1046  v_rms=0.0170
    Layer 12: alpha=0.059353  teacher_rms=0.1207  v_rms=0.0203
    Layer 13: alpha=0.051837  teacher_rms=0.1040  v_rms=0.0201
    Layer 14: alpha=0.062072  teacher_rms=0.1547  v_rms=0.0249
    Layer 15: alpha=0.057704  teacher_rms=0.1576  v_rms=0.0273
    Layer 16: alpha=0.040310  teacher_rms=0.1473  v_rms=0.0365
    Layer 17: alpha=0.044187  teacher_rms=0.1753  v_rms=0.0397
    Layer 18: alpha=0.046006  teacher_rms=0.1990  v_rms=0.0433
    Layer 19: alpha=0.053377  teacher_rms=0.2060  v_rms=0.0386
    Layer 20: alpha=0.055917  teacher_rms=0.1966  v_rms=0.0352
    Layer 21: alpha=0.051741  teacher_rms=0.2373  v_rms=0.0459
    Layer 22: alpha=0.055033  teacher_rms=0.2834  v_rms=0.0515
    Layer 23: alpha=0.049112  teacher_rms=0.3098  v_rms=0.0631
    Layer 24: alpha=0.034117  teacher_rms=0.2897  v_rms=0.0849
    Layer 25: alpha=0.040058  teacher_rms=0.2376  v_rms=0.0593
    Layer 26: alpha=0.029256  teacher_rms=0.2124  v_rms=0.0726
    Layer 27: alpha=0.037093  teacher_rms=0.3083  v_rms=0.0831
    Layer 28: alpha=0.042628  teacher_rms=0.3705  v_rms=0.0869
    Layer 29: alpha=0.017344  teacher_rms=0.2548  v_rms=0.1469
    Layer 30: alpha=0.028961  teacher_rms=0.4297  v_rms=0.1484
    Layer 31: alpha=0.021203  teacher_rms=0.3785  v_rms=0.1785
    Layer 32: alpha=0.023899  teacher_rms=0.5288  v_rms=0.2213
    Layer 33: alpha=0.018503  teacher_rms=0.6404  v_rms=0.3461
    Layer 34: alpha=0.033190  teacher_rms=1.0325  v_rms=0.3111
    Layer 35: alpha=0.059803  teacher_rms=1.0168  v_rms=0.1700

  Set g_proj = v_proj * alpha in 35 GDN layers (damping=0.01).
  Init (taylor_init) done in 381.6s
  Layer 4: PPL = 6045658.50  (eval 13.1s)

============================================================
  Probing layer 5 | strategy=taylor_init
============================================================
Loading checkpoint shards:   0%|          | 0/4 [00:00<?, ?it/s]Loading checkpoint shards: 100%|██████████| 4/4 [00:00<00:00, 148.21it/s]
Could not cache non-existence of file. Will ignore error and continue. Error: [Errno 13] Permission denied: '/data/shared/huggingface/hub/models--Qwen--Qwen3-8B/.no_exist/b968826d9c46dd6066d109eabc6255188de91218/model.safetensors'
Loading checkpoint shards:   0%|          | 0/5 [00:00<?, ?it/s]Loading checkpoint shards: 100%|██████████| 5/5 [00:00<00:00, 188.68it/s]
Token indices sequence length is longer than the specified maximum sequence length for this model (2429029 > 131072). Running this sequence through the model will result in indexing errors
  [Taylor Step 1/3] Gate calibration from attention stats...
    Layer  0: dist=[32, 3, 12, 35, 12, 26, 9, 11, 19, 6, 8, 9, 18, 34, 31, 10, 16, 19, 16, 14, 13, 23, 4, 12, 5, 52, 10, 43, 15, 36, 15, 14]
    Layer  1: dist=[19, 38, 25, 44, 3, 15, 31, 11, 45, 36, 65, 60, 34, 47, 51, 38, 32, 54, 57, 33, 56, 24, 40, 40, 37, 9, 44, 41, 83, 31, 37, 49]
    Layer  2: dist=[65, 65, 67, 62, 26, 45, 33, 43, 39, 47, 56, 56, 53, 46, 46, 60, 61, 49, 54, 43, 49, 67, 48, 50, 25, 24, 21, 35, 73, 73, 77, 74]
    Layer  3: dist=[65, 26, 13, 22, 87, 93, 83, 73, 56, 53, 62, 58, 90, 73, 75, 74, 59, 62, 51, 67, 74, 60, 64, 65, 64, 56, 52, 59, 70, 63, 72, 65]
    Layer  4: dist=[62, 63, 73, 67, 73, 56, 61, 89, 68, 69, 63, 60, 55, 55, 71, 61, 62, 65, 67, 70, 64, 61, 47, 64, 41, 51, 48, 34, 51, 66, 55, 55]
    Layer  6: dist=[27, 40, 30, 31, 52, 46, 67, 61, 46, 25, 43, 38, 56, 64, 56, 30, 47, 34, 45, 40, 20, 30, 32, 14, 35, 50, 32, 49, 47, 43, 37, 53]
    Layer  7: dist=[55, 60, 64, 87, 126, 114, 127, 121, 88, 119, 99, 72, 108, 23, 53, 97, 80, 101, 85, 81, 106, 86, 112, 116, 64, 78, 47, 86, 97, 101, 101, 106]
    Layer  8: dist=[83, 87, 90, 58, 81, 77, 69, 78, 86, 99, 87, 90, 94, 86, 96, 70, 116, 107, 103, 96, 92, 106, 100, 111, 92, 72, 95, 67, 84, 72, 79, 74]
    Layer  9: dist=[76, 60, 61, 67, 83, 97, 96, 74, 123, 120, 118, 112, 27, 87, 63, 85, 93, 100, 114, 125, 87, 77, 60, 70, 119, 81, 91, 97, 125, 113, 127, 123]
    Layer 10: dist=[76, 71, 58, 74, 85, 102, 64, 74, 63, 88, 106, 49, 88, 67, 82, 86, 87, 102, 100, 107, 88, 60, 107, 90, 93, 107, 84, 77, 76, 65, 82, 90]
    Layer 11: dist=[78, 65, 79, 48, 53, 61, 78, 77, 102, 123, 109, 93, 82, 64, 65, 69, 69, 63, 61, 51, 77, 107, 89, 87, 67, 59, 56, 54, 95, 55, 55, 94]
    Layer 12: dist=[21, 72, 79, 61, 87, 83, 66, 70, 63, 62, 74, 77, 86, 81, 82, 87, 39, 68, 59, 94, 102, 112, 97, 103, 93, 2, 107, 38, 81, 88, 113, 91]
    Layer 13: dist=[52, 68, 66, 62, 52, 51, 65, 40, 86, 63, 99, 122, 128, 115, 109, 124, 85, 72, 57, 61, 93, 55, 83, 90, 84, 59, 72, 76, 113, 111, 96, 99]
    Layer 14: dist=[44, 64, 65, 46, 62, 45, 64, 65, 54, 57, 70, 68, 69, 76, 65, 67, 77, 86, 51, 64, 65, 31, 51, 81, 52, 67, 73, 64, 85, 88, 8, 89]
    Layer 15: dist=[80, 44, 79, 38, 37, 38, 79, 67, 90, 60, 46, 104, 68, 107, 79, 89, 61, 57, 64, 68, 58, 60, 50, 51, 49, 34, 86, 62, 72, 84, 71, 49]
    Layer 16: dist=[61, 57, 74, 85, 55, 58, 48, 55, 54, 82, 73, 84, 90, 69, 86, 86, 68, 71, 60, 62, 115, 118, 110, 103, 71, 54, 64, 10, 58, 59, 65, 56]
    Layer 17: dist=[111, 95, 79, 67, 53, 57, 39, 47, 90, 108, 79, 100, 40, 57, 71, 74, 44, 61, 61, 42, 75, 98, 93, 97, 58, 55, 57, 52, 53, 79, 93, 67]
    Layer 18: dist=[34, 45, 35, 33, 56, 78, 74, 57, 64, 67, 66, 79, 61, 60, 57, 62, 46, 74, 72, 52, 68, 47, 65, 96, 58, 62, 61, 63, 52, 53, 79, 56]
    Layer 19: dist=[73, 64, 63, 62, 76, 103, 54, 71, 81, 85, 84, 93, 63, 57, 75, 63, 84, 85, 49, 49, 21, 50, 33, 49, 102, 106, 102, 116, 77, 77, 73, 72]
    Layer 20: dist=[89, 79, 80, 77, 78, 51, 49, 57, 40, 36, 43, 39, 92, 79, 87, 96, 45, 51, 56, 39, 73, 111, 101, 98, 125, 97, 105, 85, 93, 79, 108, 108]
    Layer 21: dist=[44, 50, 56, 68, 115, 65, 96, 118, 118, 61, 71, 69, 46, 41, 44, 42, 75, 75, 83, 65, 89, 99, 95, 96, 64, 62, 60, 80, 73, 79, 60, 88]
    Layer 22: dist=[73, 60, 67, 63, 52, 72, 45, 56, 37, 49, 45, 59, 18, 86, 61, 64, 33, 79, 76, 41, 102, 115, 120, 121, 101, 84, 91, 95, 114, 92, 103, 95]
    Layer 23: dist=[39, 30, 48, 39, 110, 111, 41, 102, 79, 36, 45, 63, 75, 72, 79, 77, 82, 75, 74, 94, 72, 93, 82, 76, 78, 72, 68, 100, 91, 90, 83, 78]
    Layer 24: dist=[79, 124, 109, 101, 99, 109, 111, 97, 102, 105, 104, 84, 78, 75, 89, 74, 81, 86, 98, 88, 120, 103, 102, 117, 65, 73, 79, 51, 95, 111, 98, 88]
    Layer 25: dist=[105, 121, 118, 94, 71, 72, 107, 80, 96, 97, 85, 90, 65, 89, 50, 68, 93, 99, 97, 89, 102, 111, 105, 108, 110, 110, 99, 108, 88, 125, 98, 88]
    Layer 26: dist=[80, 88, 106, 68, 115, 113, 113, 110, 102, 107, 105, 98, 100, 124, 116, 116, 86, 93, 99, 95, 102, 113, 122, 114, 99, 97, 102, 93, 115, 96, 114, 95]
    Layer 27: dist=[87, 108, 103, 117, 98, 105, 101, 86, 77, 100, 107, 99, 78, 109, 80, 86, 96, 99, 99, 104, 91, 112, 113, 92, 110, 113, 116, 117, 107, 77, 92, 117]
    Layer 28: dist=[103, 92, 102, 102, 82, 63, 80, 76, 96, 107, 92, 89, 112, 105, 96, 101, 112, 104, 104, 108, 119, 71, 60, 89, 91, 88, 99, 99, 92, 92, 71, 95]
    Layer 29: dist=[113, 114, 114, 113, 90, 112, 94, 114, 119, 113, 122, 105, 120, 120, 119, 120, 116, 106, 115, 121, 123, 123, 107, 125, 100, 114, 97, 92, 106, 95, 106, 109]
    Layer 30: dist=[75, 102, 99, 100, 102, 100, 90, 67, 117, 117, 115, 120, 105, 104, 113, 101, 97, 78, 120, 122, 51, 120, 100, 110, 119, 119, 119, 118, 106, 110, 107, 102]
    Layer 31: dist=[119, 117, 99, 98, 112, 113, 114, 116, 114, 77, 87, 91, 117, 116, 117, 115, 101, 101, 106, 94, 119, 116, 108, 119, 112, 109, 89, 120, 112, 106, 102, 110]
    Layer 32: dist=[110, 114, 114, 111, 116, 119, 116, 117, 110, 111, 117, 115, 93, 113, 108, 91, 118, 106, 109, 111, 123, 92, 114, 120, 71, 95, 80, 105, 116, 107, 99, 103]
    Layer 33: dist=[102, 120, 112, 119, 91, 102, 57, 94, 116, 116, 113, 113, 114, 115, 113, 116, 114, 117, 106, 109, 112, 96, 110, 113, 111, 119, 122, 118, 110, 111, 107, 104]
    Layer 34: dist=[110, 109, 112, 113, 105, 111, 108, 102, 53, 93, 114, 86, 117, 115, 120, 81, 82, 89, 126, 55, 119, 51, 118, 119, 122, 122, 125, 122, 54, 62, 68, 109]
    Layer 35: dist=[105, 123, 71, 97, 82, 36, 112, 100, 85, 94, 112, 96, 63, 28, 49, 40, 98, 74, 84, 48, 90, 102, 55, 54, 66, 49, 68, 72, 73, 115, 122, 117]

  [Taylor Step 2/3] OLS sigma per head (scaling V, streaming)...
    Layer  0: sigma=[0.614, 0.100, 0.100, 0.100, 0.332, 0.379, 0.100, 0.100, 0.100, 0.147, 0.100, 0.100, 0.100, 0.100, 0.100, 0.259, 0.100, 0.100, 0.100, 0.100, 0.100, 0.100, 0.100, 0.100, 0.100, 0.100, 0.351, 0.100, 0.100, 0.100, 0.161, 0.100]
    Layer  1: sigma=[0.350, 0.100, 0.100, 0.100, 0.100, 0.100, 0.100, 0.100, 0.100, 0.161, 0.245, 0.100, 0.100, 0.100, 0.100, 0.100, 0.100, 0.100, 0.100, 0.100, 0.100, 0.100, 0.100, 0.118, 0.100, 0.100, 0.115, 0.100, 0.100, 0.100, 0.100, 0.100]
    Layer  2: sigma=[0.100, 0.100, 0.100, 0.100, 0.100, 0.100, 0.100, 0.100, 0.108, 0.101, 0.100, 0.100, 0.100, 0.145, 0.100, 0.100, 0.100, 0.221, 0.100, 0.100, 0.100, 0.100, 0.100, 0.100, 0.100, 0.171, 0.100, 0.100, 0.100, 0.100, 0.100, 0.100]
    Layer  3: sigma=[0.100, 0.332, 0.100, 0.152, 0.100, 0.100, 0.100, 0.100, 0.100, 0.100, 0.100, 0.100, 0.100, 0.100, 0.100, 0.100, 0.100, 0.100, 0.100, 0.100, 0.100, 0.107, 0.100, 0.100, 0.100, 0.100, 0.100, 0.100, 0.100, 0.100, 0.100, 0.100]
    Layer  4: sigma=[0.100, 0.100, 0.100, 0.100, 0.100, 0.100, 0.100, 0.100, 0.100, 0.100, 0.100, 0.100, 0.100, 0.100, 0.100, 0.100, 0.100, 0.100, 0.100, 0.100, 0.133, 0.137, 0.318, 0.100, 0.100, 0.100, 0.100, 0.100, 0.100, 0.100, 0.100, 0.100]
    Layer  6: sigma=[0.100, 0.100, 0.100, 0.100, 0.100, 0.100, 0.100, 0.100, 0.100, 0.100, 0.100, 0.100, 0.100, 0.100, 0.100, 0.100, 0.100, 0.100, 0.100, 0.100, 0.159, 0.100, 0.100, 0.100, 0.100, 0.100, 0.100, 0.100, 0.100, 0.100, 0.100, 0.100]
    Layer  7: sigma=[0.100, 0.163, 0.100, 0.100, 0.114, 0.100, 0.100, 0.100, 0.100, 0.100, 0.100, 0.100, 0.100, 0.100, 0.100, 0.100, 0.100, 0.100, 0.100, 0.100, 0.100, 0.100, 0.100, 0.100, 0.100, 0.100, 0.100, 0.100, 0.100, 0.100, 0.100, 0.100]
    Layer  8: sigma=[0.100, 0.100, 0.100, 0.100, 0.100, 0.100, 0.100, 0.100, 0.100, 0.100, 0.100, 0.100, 0.100, 0.100, 0.100, 0.100, 0.100, 0.100, 0.100, 0.100, 0.100, 0.100, 0.100, 0.100, 0.100, 0.100, 0.100, 0.175, 0.100, 0.100, 0.100, 0.100]
    Layer  9: sigma=[0.100, 0.100, 0.100, 0.100, 0.100, 0.100, 0.100, 0.100, 0.100, 0.100, 0.100, 0.100, 0.100, 0.100, 0.521, 0.134, 0.100, 0.100, 0.100, 0.100, 0.100, 0.100, 0.100, 0.100, 0.100, 0.100, 0.100, 0.100, 0.100, 0.100, 0.100, 0.100]
    Layer 10: sigma=[0.100, 0.100, 0.100, 0.100, 0.100, 0.100, 0.100, 0.100, 0.100, 0.100, 0.100, 0.100, 0.100, 0.100, 0.100, 0.100, 0.100, 0.100, 0.100, 0.100, 0.100, 0.100, 0.100, 0.100, 0.100, 0.100, 0.100, 0.100, 0.100, 0.100, 0.100, 0.100]
    Layer 11: sigma=[0.100, 0.100, 0.100, 0.100, 0.128, 0.100, 0.100, 0.100, 0.100, 0.105, 0.100, 0.100, 0.100, 0.100, 0.262, 0.100, 0.100, 0.100, 0.100, 0.100, 0.100, 0.100, 0.100, 0.100, 0.100, 0.100, 0.160, 0.100, 0.100, 0.100, 0.100, 0.100]
    Layer 12: sigma=[0.100, 0.100, 0.100, 0.100, 0.100, 0.100, 0.100, 0.100, 0.100, 0.102, 0.100, 0.108, 0.100, 0.100, 0.100, 0.100, 0.100, 0.327, 0.152, 0.100, 0.100, 0.100, 0.100, 0.100, 0.100, 0.100, 0.100, 0.214, 0.100, 0.100, 0.124, 0.100]
    Layer 13: sigma=[0.220, 0.100, 0.100, 0.328, 0.100, 0.100, 0.100, 0.100, 0.100, 0.100, 0.100, 0.100, 0.100, 0.100, 0.100, 0.100, 0.100, 0.100, 0.100, 0.119, 0.100, 0.100, 0.100, 0.100, 0.100, 0.100, 0.100, 0.100, 0.100, 0.100, 0.100, 0.100]
    Layer 14: sigma=[0.100, 0.100, 0.100, 0.100, 0.100, 0.401, 0.100, 0.100, 0.100, 0.100, 0.100, 0.100, 0.100, 0.100, 0.100, 0.100, 0.100, 0.100, 0.100, 0.100, 0.100, 0.100, 0.100, 0.100, 0.111, 0.119, 0.100, 0.100, 0.100, 0.100, 0.100, 0.100]
    Layer 15: sigma=[0.100, 0.189, 0.100, 0.100, 0.100, 0.110, 0.100, 0.100, 0.100, 0.100, 0.100, 0.100, 0.207, 0.100, 0.100, 0.100, 0.100, 0.100, 0.100, 0.100, 0.100, 0.100, 0.100, 0.100, 0.141, 0.100, 0.100, 0.100, 0.100, 0.100, 0.100, 0.100]
    Layer 16: sigma=[0.100, 0.100, 0.100, 0.100, 0.100, 0.100, 0.100, 0.100, 0.100, 0.100, 0.100, 0.100, 0.100, 0.100, 0.100, 0.100, 0.100, 0.100, 0.100, 0.100, 0.100, 0.100, 0.100, 0.100, 0.100, 0.100, 0.100, 0.380, 0.100, 0.100, 0.100, 0.100]
    Layer 17: sigma=[0.100, 0.100, 0.100, 0.100, 0.100, 0.140, 0.100, 0.100, 0.100, 0.100, 0.100, 0.100, 0.100, 0.100, 0.100, 0.100, 0.117, 0.100, 0.100, 0.405, 0.100, 0.100, 0.100, 0.100, 0.152, 0.100, 0.396, 0.100, 0.100, 0.100, 0.100, 0.100]
    Layer 18: sigma=[0.100, 0.465, 0.100, 0.100, 0.100, 0.100, 0.100, 0.182, 0.100, 0.100, 0.100, 0.100, 0.100, 0.100, 0.100, 0.100, 0.177, 0.100, 0.100, 0.100, 0.100, 0.100, 0.100, 0.100, 0.100, 0.100, 0.100, 0.100, 0.100, 0.100, 0.100, 0.100]
    Layer 19: sigma=[0.100, 0.100, 0.100, 0.100, 0.100, 0.100, 0.100, 0.100, 0.100, 0.100, 0.100, 0.100, 0.133, 0.100, 0.100, 0.187, 0.100, 0.100, 0.100, 0.302, 0.100, 0.100, 0.100, 0.106, 0.100, 0.100, 0.100, 0.100, 0.100, 0.100, 0.100, 0.100]
    Layer 20: sigma=[0.100, 0.100, 0.100, 0.100, 0.100, 0.186, 0.100, 0.100, 0.147, 0.114, 0.100, 0.100, 0.100, 0.100, 0.100, 0.127, 0.100, 0.121, 0.100, 0.100, 0.100, 0.100, 0.100, 0.100, 0.100, 0.100, 0.100, 0.100, 0.100, 0.100, 0.100, 0.100]
    Layer 21: sigma=[0.100, 0.145, 0.100, 0.100, 0.100, 0.100, 0.100, 0.100, 0.100, 0.170, 0.100, 0.287, 0.100, 0.100, 0.115, 0.100, 0.100, 0.100, 0.100, 0.100, 0.100, 0.106, 0.100, 0.100, 0.194, 0.100, 0.100, 0.100, 0.100, 0.100, 0.383, 0.100]
    Layer 22: sigma=[0.142, 0.100, 0.100, 0.100, 0.167, 0.126, 0.100, 0.227, 0.100, 0.100, 0.100, 0.100, 0.100, 0.100, 0.100, 0.112, 0.100, 0.100, 0.100, 0.100, 0.100, 0.100, 0.100, 0.100, 0.100, 0.100, 0.100, 0.100, 0.100, 0.100, 0.100, 0.100]
    Layer 23: sigma=[0.175, 0.257, 0.224, 0.100, 0.100, 0.100, 0.111, 0.100, 0.100, 0.253, 0.100, 0.100, 0.100, 0.100, 0.100, 0.100, 0.100, 0.100, 0.100, 0.100, 0.100, 0.100, 0.100, 0.100, 0.100, 0.100, 0.100, 0.100, 0.100, 0.100, 0.152, 0.228]
    Layer 24: sigma=[0.100, 0.100, 0.100, 0.100, 0.100, 0.100, 0.100, 0.100, 0.100, 0.100, 0.100, 0.100, 0.100, 0.100, 0.100, 0.105, 0.100, 0.100, 0.100, 0.100, 0.100, 0.100, 0.100, 0.100, 0.210, 0.329, 0.100, 0.351, 0.100, 0.100, 0.100, 0.100]
    Layer 25: sigma=[0.100, 0.100, 0.100, 0.100, 0.109, 0.100, 0.100, 0.100, 0.100, 0.100, 0.100, 0.100, 0.100, 0.100, 0.101, 0.100, 0.100, 0.100, 0.100, 0.100, 0.100, 0.100, 0.100, 0.100, 0.100, 0.100, 0.100, 0.100, 0.100, 0.100, 0.100, 0.100]
    Layer 26: sigma=[0.100, 0.100, 0.100, 0.100, 0.100, 0.100, 0.100, 0.100, 0.100, 0.100, 0.100, 0.100, 0.100, 0.100, 0.100, 0.100, 0.100, 0.100, 0.100, 0.100, 0.100, 0.100, 0.100, 0.100, 0.100, 0.100, 0.100, 0.100, 0.100, 0.100, 0.100, 0.100]
    Layer 27: sigma=[0.100, 0.100, 0.100, 0.100, 0.100, 0.100, 0.100, 0.100, 0.100, 0.100, 0.100, 0.100, 0.100, 0.100, 0.100, 0.100, 0.100, 0.100, 0.100, 0.100, 0.100, 0.100, 0.100, 0.100, 0.100, 0.100, 0.100, 0.100, 0.100, 0.100, 0.100, 0.100]
    Layer 28: sigma=[0.100, 0.100, 0.100, 0.100, 0.100, 0.137, 0.100, 0.102, 0.100, 0.100, 0.100, 0.100, 0.100, 0.100, 0.100, 0.100, 0.100, 0.100, 0.100, 0.100, 0.100, 0.100, 0.100, 0.100, 0.100, 0.100, 0.100, 0.100, 0.100, 0.100, 0.100, 0.100]
    Layer 29: sigma=[0.100, 0.100, 0.100, 0.100, 0.100, 0.100, 0.100, 0.100, 0.100, 0.100, 0.100, 0.100, 0.100, 0.100, 0.100, 0.100, 0.100, 0.100, 0.100, 0.100, 0.100, 0.100, 0.100, 0.100, 0.100, 0.100, 0.100, 0.100, 0.100, 0.100, 0.100, 0.100]
    Layer 30: sigma=[0.100, 0.100, 0.100, 0.100, 0.100, 0.100, 0.100, 0.100, 0.100, 0.100, 0.100, 0.100, 0.100, 0.100, 0.100, 0.100, 0.100, 0.100, 0.100, 0.100, 0.103, 0.100, 0.100, 0.100, 0.100, 0.100, 0.100, 0.100, 0.100, 0.100, 0.100, 0.100]
    Layer 31: sigma=[0.100, 0.100, 0.100, 0.100, 0.100, 0.100, 0.100, 0.100, 0.100, 0.100, 0.100, 0.100, 0.100, 0.100, 0.100, 0.100, 0.100, 0.100, 0.100, 0.113, 0.100, 0.100, 0.100, 0.100, 0.100, 0.100, 0.100, 0.100, 0.100, 0.100, 0.100, 0.100]
    Layer 32: sigma=[0.100, 0.100, 0.100, 0.100, 0.100, 0.100, 0.100, 0.100, 0.100, 0.100, 0.100, 0.100, 0.100, 0.100, 0.100, 0.100, 0.100, 0.100, 0.100, 0.100, 0.100, 0.100, 0.100, 0.100, 0.100, 0.100, 0.100, 0.100, 0.100, 0.100, 0.100, 0.100]
    Layer 33: sigma=[0.100, 0.100, 0.100, 0.100, 0.100, 0.100, 0.100, 0.100, 0.100, 0.100, 0.100, 0.100, 0.100, 0.100, 0.100, 0.100, 0.100, 0.100, 0.100, 0.100, 0.100, 0.100, 0.100, 0.100, 0.100, 0.100, 0.100, 0.100, 0.100, 0.100, 0.100, 0.100]
    Layer 34: sigma=[0.100, 0.100, 0.100, 0.100, 0.100, 0.100, 0.100, 0.100, 0.193, 0.100, 0.100, 0.196, 0.100, 0.100, 0.100, 0.100, 0.100, 0.100, 0.100, 0.128, 0.100, 0.100, 0.100, 0.100, 0.100, 0.100, 0.100, 0.100, 0.100, 0.100, 0.100, 0.100]
    Layer 35: sigma=[0.100, 0.100, 0.100, 0.100, 0.106, 0.100, 0.100, 0.100, 0.100, 0.100, 0.100, 0.100, 0.100, 0.100, 0.100, 0.100, 0.100, 0.100, 0.100, 0.100, 0.100, 0.100, 0.158, 0.100, 0.100, 0.100, 0.100, 0.100, 0.100, 0.100, 0.100, 0.100]

  [Taylor Step 3/3] g_proj = v_proj * alpha (damping=0.01)...
    Layer  0: alpha=0.060438  teacher_rms=0.0163  v_rms=0.0027
    Layer  1: alpha=0.060947  teacher_rms=0.0205  v_rms=0.0034
    Layer  2: alpha=0.057010  teacher_rms=0.0214  v_rms=0.0038
    Layer  3: alpha=0.048523  teacher_rms=0.0259  v_rms=0.0053
    Layer  4: alpha=0.047367  teacher_rms=0.0304  v_rms=0.0064
    Layer  6: alpha=0.078220  teacher_rms=0.0621  v_rms=0.0079
    Layer  7: alpha=0.045797  teacher_rms=0.0530  v_rms=0.0116
    Layer  8: alpha=0.047469  teacher_rms=0.0708  v_rms=0.0149
    Layer  9: alpha=0.036679  teacher_rms=0.0713  v_rms=0.0194
    Layer 10: alpha=0.051225  teacher_rms=0.1092  v_rms=0.0213
    Layer 11: alpha=0.062673  teacher_rms=0.1046  v_rms=0.0167
    Layer 12: alpha=0.059992  teacher_rms=0.1207  v_rms=0.0201
    Layer 13: alpha=0.053161  teacher_rms=0.1040  v_rms=0.0196
    Layer 14: alpha=0.064318  teacher_rms=0.1547  v_rms=0.0240
    Layer 15: alpha=0.057672  teacher_rms=0.1576  v_rms=0.0273
    Layer 16: alpha=0.043164  teacher_rms=0.1473  v_rms=0.0341
    Layer 17: alpha=0.044300  teacher_rms=0.1753  v_rms=0.0396
    Layer 18: alpha=0.045073  teacher_rms=0.1990  v_rms=0.0442
    Layer 19: alpha=0.054892  teacher_rms=0.2060  v_rms=0.0375
    Layer 20: alpha=0.056729  teacher_rms=0.1966  v_rms=0.0347
    Layer 21: alpha=0.045263  teacher_rms=0.2373  v_rms=0.0524
    Layer 22: alpha=0.056112  teacher_rms=0.2834  v_rms=0.0505
    Layer 23: alpha=0.051107  teacher_rms=0.3098  v_rms=0.0606
    Layer 24: alpha=0.034891  teacher_rms=0.2897  v_rms=0.0830
    Layer 25: alpha=0.039951  teacher_rms=0.2376  v_rms=0.0595
    Layer 26: alpha=0.029256  teacher_rms=0.2124  v_rms=0.0726
    Layer 27: alpha=0.037093  teacher_rms=0.3083  v_rms=0.0831
    Layer 28: alpha=0.042256  teacher_rms=0.3705  v_rms=0.0877
    Layer 29: alpha=0.017344  teacher_rms=0.2548  v_rms=0.1469
    Layer 30: alpha=0.029026  teacher_rms=0.4297  v_rms=0.1480
    Layer 31: alpha=0.021172  teacher_rms=0.3785  v_rms=0.1788
    Layer 32: alpha=0.023899  teacher_rms=0.5288  v_rms=0.2213
    Layer 33: alpha=0.018560  teacher_rms=0.6404  v_rms=0.3451
    Layer 34: alpha=0.031706  teacher_rms=1.0325  v_rms=0.3256
    Layer 35: alpha=0.058981  teacher_rms=1.0168  v_rms=0.1724

  Set g_proj = v_proj * alpha in 35 GDN layers (damping=0.01).
  Init (taylor_init) done in 338.1s
  Layer 5: PPL = 4508332.00  (eval 13.4s)

============================================================
  Probing layer 6 | strategy=taylor_init
============================================================
Loading checkpoint shards:   0%|          | 0/4 [00:00<?, ?it/s]Loading checkpoint shards: 100%|██████████| 4/4 [00:00<00:00, 145.78it/s]
Could not cache non-existence of file. Will ignore error and continue. Error: [Errno 13] Permission denied: '/data/shared/huggingface/hub/models--Qwen--Qwen3-8B/.no_exist/b968826d9c46dd6066d109eabc6255188de91218/model.safetensors'
Loading checkpoint shards:   0%|          | 0/5 [00:00<?, ?it/s]Loading checkpoint shards: 100%|██████████| 5/5 [00:00<00:00, 180.58it/s]
Token indices sequence length is longer than the specified maximum sequence length for this model (2429029 > 131072). Running this sequence through the model will result in indexing errors
  [Taylor Step 1/3] Gate calibration from attention stats...
    Layer  0: dist=[32, 3, 12, 35, 12, 26, 9, 11, 19, 6, 8, 9, 18, 34, 31, 10, 16, 19, 16, 14, 13, 23, 4, 12, 5, 52, 10, 43, 15, 36, 15, 14]
    Layer  1: dist=[19, 38, 25, 44, 3, 15, 31, 11, 45, 36, 65, 60, 34, 47, 51, 38, 32, 54, 57, 33, 56, 24, 40, 40, 37, 9, 44, 41, 83, 31, 37, 49]
    Layer  2: dist=[65, 65, 67, 62, 26, 45, 33, 43, 39, 47, 56, 56, 53, 46, 46, 60, 61, 49, 54, 43, 49, 67, 48, 50, 25, 24, 21, 35, 73, 73, 77, 74]
    Layer  3: dist=[65, 26, 13, 22, 87, 93, 83, 73, 56, 53, 62, 58, 90, 73, 75, 74, 59, 62, 51, 67, 74, 60, 64, 65, 64, 56, 52, 59, 70, 63, 72, 65]
    Layer  4: dist=[62, 63, 73, 67, 73, 56, 61, 89, 68, 69, 63, 60, 55, 55, 71, 61, 62, 65, 67, 70, 64, 61, 47, 64, 41, 51, 48, 34, 51, 66, 55, 55]
    Layer  5: dist=[36, 48, 55, 35, 61, 68, 52, 51, 5, 18, 73, 61, 54, 78, 59, 52, 41, 32, 50, 48, 51, 55, 48, 59, 73, 73, 80, 80, 43, 44, 46, 58]
    Layer  7: dist=[55, 60, 64, 87, 126, 114, 127, 121, 88, 119, 99, 72, 108, 23, 53, 97, 80, 101, 85, 81, 106, 86, 112, 116, 64, 78, 47, 86, 97, 101, 101, 106]
    Layer  8: dist=[83, 87, 90, 58, 81, 77, 69, 78, 86, 99, 87, 90, 94, 86, 96, 70, 116, 107, 103, 96, 92, 106, 100, 111, 92, 72, 95, 67, 84, 72, 79, 74]
    Layer  9: dist=[76, 60, 61, 67, 83, 97, 96, 74, 123, 120, 118, 112, 27, 87, 63, 85, 93, 100, 114, 125, 87, 77, 60, 70, 119, 81, 91, 97, 125, 113, 127, 123]
    Layer 10: dist=[76, 71, 58, 74, 85, 102, 64, 74, 63, 88, 106, 49, 88, 67, 82, 86, 87, 102, 100, 107, 88, 60, 107, 90, 93, 107, 84, 77, 76, 65, 82, 90]
    Layer 11: dist=[78, 65, 79, 48, 53, 61, 78, 77, 102, 123, 109, 93, 82, 64, 65, 69, 69, 63, 61, 51, 77, 107, 89, 87, 67, 59, 56, 54, 95, 55, 55, 94]
    Layer 12: dist=[21, 72, 79, 61, 87, 83, 66, 70, 63, 62, 74, 77, 86, 81, 82, 87, 39, 68, 59, 94, 102, 112, 97, 103, 93, 2, 107, 38, 81, 88, 113, 91]
    Layer 13: dist=[52, 68, 66, 62, 52, 51, 65, 40, 86, 63, 99, 122, 128, 115, 109, 124, 85, 72, 57, 61, 93, 55, 83, 90, 84, 59, 72, 76, 113, 111, 96, 99]
    Layer 14: dist=[44, 64, 65, 46, 62, 45, 64, 65, 54, 57, 70, 68, 69, 76, 65, 67, 77, 86, 51, 64, 65, 31, 51, 81, 52, 67, 73, 64, 85, 88, 8, 89]
    Layer 15: dist=[80, 44, 79, 38, 37, 38, 79, 67, 90, 60, 46, 104, 68, 107, 79, 89, 61, 57, 64, 68, 58, 60, 50, 51, 49, 34, 86, 62, 72, 84, 71, 49]
    Layer 16: dist=[61, 57, 74, 85, 55, 58, 48, 55, 54, 82, 73, 84, 90, 69, 86, 86, 68, 71, 60, 62, 115, 118, 110, 103, 71, 54, 64, 10, 58, 59, 65, 56]
    Layer 17: dist=[111, 95, 79, 67, 53, 57, 39, 47, 90, 108, 79, 100, 40, 57, 71, 74, 44, 61, 61, 42, 75, 98, 93, 97, 58, 55, 57, 52, 53, 79, 93, 67]
    Layer 18: dist=[34, 45, 35, 33, 56, 78, 74, 57, 64, 67, 66, 79, 61, 60, 57, 62, 46, 74, 72, 52, 68, 47, 65, 96, 58, 62, 61, 63, 52, 53, 79, 56]
    Layer 19: dist=[73, 64, 63, 62, 76, 103, 54, 71, 81, 85, 84, 93, 63, 57, 75, 63, 84, 85, 49, 49, 21, 50, 33, 49, 102, 106, 102, 116, 77, 77, 73, 72]
    Layer 20: dist=[89, 79, 80, 77, 78, 51, 49, 57, 40, 36, 43, 39, 92, 79, 87, 96, 45, 51, 56, 39, 73, 111, 101, 98, 125, 97, 105, 85, 93, 79, 108, 108]
    Layer 21: dist=[44, 50, 56, 68, 115, 65, 96, 118, 118, 61, 71, 69, 46, 41, 44, 42, 75, 75, 83, 65, 89, 99, 95, 96, 64, 62, 60, 80, 73, 79, 60, 88]
    Layer 22: dist=[73, 60, 67, 63, 52, 72, 45, 56, 37, 49, 45, 59, 18, 86, 61, 64, 33, 79, 76, 41, 102, 115, 120, 121, 101, 84, 91, 95, 114, 92, 103, 95]
    Layer 23: dist=[39, 30, 48, 39, 110, 111, 41, 102, 79, 36, 45, 63, 75, 72, 79, 77, 82, 75, 74, 94, 72, 93, 82, 76, 78, 72, 68, 100, 91, 90, 83, 78]
    Layer 24: dist=[79, 124, 109, 101, 99, 109, 111, 97, 102, 105, 104, 84, 78, 75, 89, 74, 81, 86, 98, 88, 120, 103, 102, 117, 65, 73, 79, 51, 95, 111, 98, 88]
    Layer 25: dist=[105, 121, 118, 94, 71, 72, 107, 80, 96, 97, 85, 90, 65, 89, 50, 68, 93, 99, 97, 89, 102, 111, 105, 108, 110, 110, 99, 108, 88, 125, 98, 88]
    Layer 26: dist=[80, 88, 106, 68, 115, 113, 113, 110, 102, 107, 105, 98, 100, 124, 116, 116, 86, 93, 99, 95, 102, 113, 122, 114, 99, 97, 102, 93, 115, 96, 114, 95]
    Layer 27: dist=[87, 108, 103, 117, 98, 105, 101, 86, 77, 100, 107, 99, 78, 109, 80, 86, 96, 99, 99, 104, 91, 112, 113, 92, 110, 113, 116, 117, 107, 77, 92, 117]
    Layer 28: dist=[103, 92, 102, 102, 82, 63, 80, 76, 96, 107, 92, 89, 112, 105, 96, 101, 112, 104, 104, 108, 119, 71, 60, 89, 91, 88, 99, 99, 92, 92, 71, 95]
    Layer 29: dist=[113, 114, 114, 113, 90, 112, 94, 114, 119, 113, 122, 105, 120, 120, 119, 120, 116, 106, 115, 121, 123, 123, 107, 125, 100, 114, 97, 92, 106, 95, 106, 109]
    Layer 30: dist=[75, 102, 99, 100, 102, 100, 90, 67, 117, 117, 115, 120, 105, 104, 113, 101, 97, 78, 120, 122, 51, 120, 100, 110, 119, 119, 119, 118, 106, 110, 107, 102]
    Layer 31: dist=[119, 117, 99, 98, 112, 113, 114, 116, 114, 77, 87, 91, 117, 116, 117, 115, 101, 101, 106, 94, 119, 116, 108, 119, 112, 109, 89, 120, 112, 106, 102, 110]
    Layer 32: dist=[110, 114, 114, 111, 116, 119, 116, 117, 110, 111, 117, 115, 93, 113, 108, 91, 118, 106, 109, 111, 123, 92, 114, 120, 71, 95, 80, 105, 116, 107, 99, 103]
    Layer 33: dist=[102, 120, 112, 119, 91, 102, 57, 94, 116, 116, 113, 113, 114, 115, 113, 116, 114, 117, 106, 109, 112, 96, 110, 113, 111, 119, 122, 118, 110, 111, 107, 104]
    Layer 34: dist=[110, 109, 112, 113, 105, 111, 108, 102, 53, 93, 114, 86, 117, 115, 120, 81, 82, 89, 126, 55, 119, 51, 118, 119, 122, 122, 125, 122, 54, 62, 68, 109]
    Layer 35: dist=[105, 123, 71, 97, 82, 36, 112, 100, 85, 94, 112, 96, 63, 28, 49, 40, 98, 74, 84, 48, 90, 102, 55, 54, 66, 49, 68, 72, 73, 115, 122, 117]

  [Taylor Step 2/3] OLS sigma per head (scaling V, streaming)...
    Layer  0: sigma=[0.617, 0.100, 0.100, 0.100, 0.332, 0.380, 0.100, 0.100, 0.100, 0.148, 0.100, 0.100, 0.100, 0.100, 0.100, 0.258, 0.100, 0.100, 0.100, 0.100, 0.100, 0.100, 0.100, 0.100, 0.100, 0.100, 0.351, 0.100, 0.100, 0.100, 0.161, 0.100]
    Layer  1: sigma=[0.352, 0.100, 0.100, 0.100, 0.100, 0.100, 0.100, 0.100, 0.100, 0.168, 0.243, 0.100, 0.100, 0.100, 0.100, 0.100, 0.100, 0.100, 0.100, 0.100, 0.100, 0.100, 0.100, 0.117, 0.100, 0.100, 0.113, 0.100, 0.100, 0.100, 0.100, 0.100]
    Layer  2: sigma=[0.100, 0.100, 0.100, 0.100, 0.100, 0.100, 0.100, 0.100, 0.108, 0.101, 0.100, 0.100, 0.100, 0.145, 0.100, 0.100, 0.100, 0.220, 0.100, 0.100, 0.100, 0.100, 0.100, 0.100, 0.100, 0.172, 0.100, 0.100, 0.100, 0.100, 0.100, 0.100]
    Layer  3: sigma=[0.100, 0.325, 0.100, 0.156, 0.100, 0.100, 0.100, 0.100, 0.100, 0.100, 0.100, 0.100, 0.100, 0.100, 0.100, 0.100, 0.100, 0.100, 0.100, 0.100, 0.100, 0.109, 0.100, 0.100, 0.100, 0.100, 0.100, 0.100, 0.100, 0.100, 0.100, 0.100]
    Layer  4: sigma=[0.100, 0.100, 0.100, 0.100, 0.100, 0.100, 0.100, 0.100, 0.100, 0.100, 0.100, 0.100, 0.100, 0.100, 0.100, 0.100, 0.100, 0.100, 0.100, 0.100, 0.133, 0.138, 0.318, 0.100, 0.100, 0.100, 0.100, 0.100, 0.100, 0.100, 0.100, 0.100]
    Layer  5: sigma=[0.100, 0.100, 0.100, 0.100, 0.100, 0.100, 0.100, 0.100, 0.100, 0.132, 0.100, 0.112, 0.100, 0.100, 0.100, 0.122, 0.100, 0.183, 0.100, 0.100, 0.100, 0.100, 0.100, 0.100, 0.100, 0.100, 0.100, 0.100, 0.100, 0.100, 0.100, 0.100]
    Layer  7: sigma=[0.100, 0.159, 0.100, 0.100, 0.114, 0.100, 0.100, 0.100, 0.100, 0.100, 0.100, 0.100, 0.100, 0.100, 0.100, 0.100, 0.100, 0.100, 0.100, 0.100, 0.100, 0.100, 0.100, 0.100, 0.100, 0.100, 0.100, 0.100, 0.100, 0.100, 0.100, 0.100]
    Layer  8: sigma=[0.100, 0.100, 0.100, 0.100, 0.100, 0.100, 0.100, 0.100, 0.100, 0.100, 0.100, 0.100, 0.100, 0.100, 0.100, 0.100, 0.100, 0.100, 0.100, 0.100, 0.100, 0.100, 0.100, 0.100, 0.100, 0.100, 0.100, 0.175, 0.100, 0.100, 0.100, 0.100]
    Layer  9: sigma=[0.100, 0.100, 0.100, 0.100, 0.100, 0.100, 0.100, 0.100, 0.100, 0.100, 0.100, 0.100, 0.100, 0.100, 0.645, 0.133, 0.100, 0.100, 0.100, 0.100, 0.100, 0.100, 0.100, 0.100, 0.100, 0.100, 0.100, 0.100, 0.100, 0.100, 0.100, 0.100]
    Layer 10: sigma=[0.100, 0.100, 0.100, 0.100, 0.100, 0.100, 0.100, 0.100, 0.100, 0.100, 0.100, 0.100, 0.100, 0.100, 0.100, 0.100, 0.100, 0.100, 0.100, 0.100, 0.100, 0.100, 0.100, 0.100, 0.100, 0.100, 0.100, 0.100, 0.100, 0.100, 0.100, 0.100]
    Layer 11: sigma=[0.100, 0.100, 0.100, 0.100, 0.149, 0.100, 0.100, 0.100, 0.100, 0.107, 0.100, 0.100, 0.100, 0.100, 0.230, 0.100, 0.100, 0.100, 0.100, 0.100, 0.100, 0.100, 0.100, 0.100, 0.100, 0.100, 0.158, 0.100, 0.100, 0.100, 0.100, 0.100]
    Layer 12: sigma=[0.100, 0.100, 0.100, 0.100, 0.100, 0.100, 0.100, 0.100, 0.100, 0.103, 0.100, 0.108, 0.100, 0.100, 0.100, 0.100, 0.100, 0.332, 0.184, 0.100, 0.100, 0.100, 0.100, 0.100, 0.100, 0.100, 0.100, 0.212, 0.100, 0.100, 0.127, 0.100]
    Layer 13: sigma=[0.228, 0.100, 0.100, 0.300, 0.100, 0.100, 0.100, 0.100, 0.100, 0.100, 0.100, 0.100, 0.100, 0.100, 0.100, 0.100, 0.100, 0.100, 0.100, 0.112, 0.100, 0.100, 0.100, 0.100, 0.100, 0.100, 0.100, 0.100, 0.100, 0.100, 0.100, 0.100]
    Layer 14: sigma=[0.100, 0.100, 0.100, 0.100, 0.100, 0.412, 0.100, 0.100, 0.100, 0.100, 0.100, 0.100, 0.100, 0.100, 0.100, 0.100, 0.100, 0.100, 0.100, 0.100, 0.100, 0.100, 0.100, 0.100, 0.120, 0.112, 0.100, 0.100, 0.100, 0.100, 0.100, 0.100]
    Layer 15: sigma=[0.100, 0.192, 0.100, 0.100, 0.100, 0.103, 0.100, 0.100, 0.100, 0.100, 0.100, 0.100, 0.205, 0.100, 0.100, 0.100, 0.100, 0.100, 0.100, 0.100, 0.100, 0.100, 0.100, 0.100, 0.149, 0.100, 0.100, 0.100, 0.100, 0.100, 0.100, 0.100]
    Layer 16: sigma=[0.100, 0.100, 0.100, 0.100, 0.100, 0.100, 0.100, 0.100, 0.100, 0.100, 0.100, 0.100, 0.100, 0.100, 0.100, 0.100, 0.100, 0.100, 0.100, 0.100, 0.100, 0.100, 0.100, 0.100, 0.100, 0.100, 0.100, 0.371, 0.100, 0.100, 0.100, 0.100]
    Layer 17: sigma=[0.100, 0.100, 0.100, 0.100, 0.100, 0.146, 0.100, 0.100, 0.100, 0.100, 0.100, 0.100, 0.100, 0.100, 0.100, 0.100, 0.142, 0.100, 0.100, 0.416, 0.100, 0.100, 0.100, 0.109, 0.146, 0.100, 0.391, 0.100, 0.100, 0.100, 0.100, 0.100]
    Layer 18: sigma=[0.100, 0.429, 0.100, 0.100, 0.100, 0.100, 0.100, 0.182, 0.100, 0.100, 0.100, 0.100, 0.100, 0.100, 0.100, 0.100, 0.167, 0.100, 0.100, 0.100, 0.100, 0.100, 0.100, 0.100, 0.100, 0.100, 0.100, 0.100, 0.100, 0.100, 0.100, 0.100]
    Layer 19: sigma=[0.100, 0.100, 0.100, 0.100, 0.100, 0.100, 0.100, 0.100, 0.100, 0.100, 0.100, 0.100, 0.158, 0.100, 0.100, 0.161, 0.100, 0.100, 0.100, 0.283, 0.100, 0.100, 0.100, 0.108, 0.100, 0.100, 0.100, 0.100, 0.100, 0.100, 0.100, 0.100]
    Layer 20: sigma=[0.100, 0.100, 0.100, 0.100, 0.100, 0.189, 0.100, 0.100, 0.150, 0.103, 0.100, 0.100, 0.100, 0.100, 0.100, 0.122, 0.100, 0.100, 0.100, 0.100, 0.100, 0.100, 0.100, 0.100, 0.100, 0.100, 0.100, 0.100, 0.100, 0.100, 0.100, 0.100]
    Layer 21: sigma=[0.100, 0.129, 0.100, 0.100, 0.100, 0.100, 0.100, 0.100, 0.100, 0.160, 0.100, 0.314, 0.100, 0.100, 0.105, 0.100, 0.100, 0.100, 0.100, 0.100, 0.100, 0.107, 0.100, 0.100, 0.177, 0.100, 0.100, 0.100, 0.100, 0.100, 0.229, 0.100]
    Layer 22: sigma=[0.139, 0.100, 0.100, 0.100, 0.135, 0.159, 0.100, 0.197, 0.100, 0.100, 0.100, 0.100, 0.100, 0.100, 0.100, 0.111, 0.100, 0.100, 0.100, 0.100, 0.100, 0.100, 0.100, 0.100, 0.100, 0.100, 0.100, 0.100, 0.100, 0.100, 0.100, 0.100]
    Layer 23: sigma=[0.183, 0.274, 0.242, 0.100, 0.100, 0.100, 0.168, 0.100, 0.100, 0.247, 0.100, 0.100, 0.100, 0.100, 0.109, 0.100, 0.100, 0.100, 0.100, 0.100, 0.100, 0.100, 0.100, 0.100, 0.100, 0.100, 0.100, 0.100, 0.100, 0.100, 0.126, 0.271]
    Layer 24: sigma=[0.100, 0.100, 0.100, 0.100, 0.100, 0.100, 0.100, 0.100, 0.100, 0.100, 0.100, 0.100, 0.100, 0.100, 0.100, 0.125, 0.100, 0.100, 0.100, 0.100, 0.100, 0.100, 0.100, 0.100, 0.226, 0.376, 0.100, 0.430, 0.100, 0.100, 0.100, 0.100]
    Layer 25: sigma=[0.100, 0.100, 0.100, 0.100, 0.100, 0.100, 0.100, 0.100, 0.100, 0.100, 0.100, 0.100, 0.100, 0.100, 0.128, 0.100, 0.100, 0.100, 0.100, 0.100, 0.100, 0.100, 0.100, 0.100, 0.100, 0.100, 0.100, 0.100, 0.100, 0.100, 0.100, 0.100]
    Layer 26: sigma=[0.122, 0.100, 0.100, 0.100, 0.100, 0.100, 0.100, 0.100, 0.100, 0.100, 0.100, 0.100, 0.100, 0.100, 0.100, 0.100, 0.100, 0.100, 0.100, 0.100, 0.100, 0.100, 0.100, 0.100, 0.100, 0.100, 0.100, 0.100, 0.100, 0.100, 0.100, 0.100]
    Layer 27: sigma=[0.100, 0.100, 0.100, 0.100, 0.100, 0.100, 0.100, 0.100, 0.100, 0.100, 0.100, 0.100, 0.100, 0.100, 0.100, 0.100, 0.100, 0.100, 0.100, 0.100, 0.100, 0.100, 0.100, 0.100, 0.100, 0.100, 0.100, 0.100, 0.100, 0.100, 0.100, 0.100]
    Layer 28: sigma=[0.100, 0.100, 0.100, 0.100, 0.100, 0.159, 0.100, 0.124, 0.100, 0.100, 0.100, 0.100, 0.100, 0.100, 0.100, 0.100, 0.100, 0.100, 0.100, 0.100, 0.100, 0.100, 0.100, 0.100, 0.100, 0.100, 0.100, 0.100, 0.100, 0.100, 0.100, 0.100]
    Layer 29: sigma=[0.100, 0.100, 0.100, 0.100, 0.100, 0.100, 0.100, 0.100, 0.100, 0.100, 0.100, 0.100, 0.100, 0.100, 0.100, 0.100, 0.100, 0.100, 0.100, 0.100, 0.100, 0.100, 0.100, 0.100, 0.100, 0.100, 0.100, 0.100, 0.100, 0.100, 0.100, 0.100]
    Layer 30: sigma=[0.100, 0.100, 0.100, 0.100, 0.100, 0.100, 0.100, 0.100, 0.100, 0.100, 0.100, 0.100, 0.100, 0.100, 0.100, 0.100, 0.100, 0.100, 0.100, 0.100, 0.100, 0.100, 0.100, 0.100, 0.100, 0.100, 0.100, 0.100, 0.100, 0.100, 0.100, 0.100]
    Layer 31: sigma=[0.100, 0.100, 0.100, 0.100, 0.100, 0.100, 0.100, 0.100, 0.100, 0.100, 0.100, 0.100, 0.100, 0.100, 0.100, 0.100, 0.100, 0.100, 0.100, 0.130, 0.100, 0.100, 0.100, 0.100, 0.100, 0.100, 0.100, 0.100, 0.100, 0.100, 0.100, 0.100]
    Layer 32: sigma=[0.100, 0.100, 0.100, 0.100, 0.100, 0.100, 0.100, 0.100, 0.100, 0.100, 0.100, 0.100, 0.100, 0.100, 0.100, 0.100, 0.100, 0.100, 0.100, 0.100, 0.100, 0.100, 0.100, 0.100, 0.100, 0.100, 0.100, 0.100, 0.100, 0.100, 0.100, 0.100]
    Layer 33: sigma=[0.100, 0.100, 0.100, 0.100, 0.100, 0.100, 0.100, 0.100, 0.100, 0.100, 0.100, 0.100, 0.100, 0.100, 0.100, 0.100, 0.100, 0.100, 0.100, 0.100, 0.100, 0.100, 0.100, 0.100, 0.100, 0.100, 0.100, 0.100, 0.100, 0.100, 0.100, 0.100]
    Layer 34: sigma=[0.100, 0.100, 0.100, 0.100, 0.100, 0.100, 0.100, 0.100, 0.100, 0.100, 0.100, 0.100, 0.100, 0.100, 0.100, 0.100, 0.100, 0.100, 0.100, 0.106, 0.100, 0.100, 0.100, 0.100, 0.100, 0.100, 0.100, 0.100, 0.100, 0.100, 0.100, 0.100]
    Layer 35: sigma=[0.100, 0.100, 0.100, 0.100, 0.108, 0.100, 0.100, 0.100, 0.100, 0.100, 0.100, 0.100, 0.100, 0.100, 0.100, 0.100, 0.100, 0.100, 0.100, 0.100, 0.100, 0.100, 0.204, 0.100, 0.100, 0.100, 0.100, 0.100, 0.100, 0.100, 0.100, 0.100]

  [Taylor Step 3/3] g_proj = v_proj * alpha (damping=0.01)...
    Layer  0: alpha=0.060341  teacher_rms=0.0163  v_rms=0.0027
    Layer  1: alpha=0.060821  teacher_rms=0.0205  v_rms=0.0034
    Layer  2: alpha=0.056997  teacher_rms=0.0214  v_rms=0.0038
    Layer  3: alpha=0.048677  teacher_rms=0.0259  v_rms=0.0053
    Layer  4: alpha=0.047352  teacher_rms=0.0304  v_rms=0.0064
    Layer  5: alpha=0.061805  teacher_rms=0.0409  v_rms=0.0066
    Layer  7: alpha=0.045887  teacher_rms=0.0530  v_rms=0.0115
    Layer  8: alpha=0.047469  teacher_rms=0.0708  v_rms=0.0149
    Layer  9: alpha=0.033125  teacher_rms=0.0713  v_rms=0.0215
    Layer 10: alpha=0.051225  teacher_rms=0.1092  v_rms=0.0213
    Layer 11: alpha=0.063380  teacher_rms=0.1046  v_rms=0.0165
    Layer 12: alpha=0.059148  teacher_rms=0.1207  v_rms=0.0204
    Layer 13: alpha=0.054015  teacher_rms=0.1040  v_rms=0.0192
    Layer 14: alpha=0.063777  teacher_rms=0.1547  v_rms=0.0242
    Layer 15: alpha=0.057631  teacher_rms=0.1576  v_rms=0.0274
    Layer 16: alpha=0.043408  teacher_rms=0.1473  v_rms=0.0339
    Layer 17: alpha=0.044158  teacher_rms=0.1753  v_rms=0.0397
    Layer 18: alpha=0.046947  teacher_rms=0.1990  v_rms=0.0424
    Layer 19: alpha=0.055649  teacher_rms=0.2060  v_rms=0.0370
    Layer 20: alpha=0.057227  teacher_rms=0.1966  v_rms=0.0344
    Layer 21: alpha=0.050702  teacher_rms=0.2373  v_rms=0.0468
    Layer 22: alpha=0.057132  teacher_rms=0.2834  v_rms=0.0496
    Layer 23: alpha=0.048556  teacher_rms=0.3098  v_rms=0.0638
    Layer 24: alpha=0.032020  teacher_rms=0.2897  v_rms=0.0905
    Layer 25: alpha=0.039752  teacher_rms=0.2376  v_rms=0.0598
    Layer 26: alpha=0.029031  teacher_rms=0.2124  v_rms=0.0732
    Layer 27: alpha=0.037093  teacher_rms=0.3083  v_rms=0.0831
    Layer 28: alpha=0.041659  teacher_rms=0.3705  v_rms=0.0889
    Layer 29: alpha=0.017344  teacher_rms=0.2548  v_rms=0.1469
    Layer 30: alpha=0.029045  teacher_rms=0.4297  v_rms=0.1480
    Layer 31: alpha=0.021109  teacher_rms=0.3785  v_rms=0.1793
    Layer 32: alpha=0.023899  teacher_rms=0.5288  v_rms=0.2213
    Layer 33: alpha=0.018560  teacher_rms=0.6404  v_rms=0.3451
    Layer 34: alpha=0.033161  teacher_rms=1.0325  v_rms=0.3113
    Layer 35: alpha=0.057778  teacher_rms=1.0168  v_rms=0.1760

  Set g_proj = v_proj * alpha in 35 GDN layers (damping=0.01).
  Init (taylor_init) done in 335.4s
  Layer 6: PPL = 10771407.00  (eval 13.2s)

============================================================
  Probing layer 7 | strategy=taylor_init
============================================================
Loading checkpoint shards:   0%|          | 0/4 [00:00<?, ?it/s]Loading checkpoint shards: 100%|██████████| 4/4 [00:00<00:00, 148.82it/s]
Could not cache non-existence of file. Will ignore error and continue. Error: [Errno 13] Permission denied: '/data/shared/huggingface/hub/models--Qwen--Qwen3-8B/.no_exist/b968826d9c46dd6066d109eabc6255188de91218/model.safetensors'
Loading checkpoint shards:   0%|          | 0/5 [00:00<?, ?it/s]Loading checkpoint shards: 100%|██████████| 5/5 [00:00<00:00, 58.53it/s]
Token indices sequence length is longer than the specified maximum sequence length for this model (2429029 > 131072). Running this sequence through the model will result in indexing errors
  [Taylor Step 1/3] Gate calibration from attention stats...
    Layer  0: dist=[32, 3, 12, 35, 12, 26, 9, 11, 19, 6, 8, 9, 18, 34, 31, 10, 16, 19, 16, 14, 13, 23, 4, 12, 5, 52, 10, 43, 15, 36, 15, 14]
    Layer  1: dist=[19, 38, 25, 44, 3, 15, 31, 11, 45, 36, 65, 60, 34, 47, 51, 38, 32, 54, 57, 33, 56, 24, 40, 40, 37, 9, 44, 41, 83, 31, 37, 49]
    Layer  2: dist=[65, 65, 67, 62, 26, 45, 33, 43, 39, 47, 56, 56, 53, 46, 46, 60, 61, 49, 54, 43, 49, 67, 48, 50, 25, 24, 21, 35, 73, 73, 77, 74]
    Layer  3: dist=[65, 26, 13, 22, 87, 93, 83, 73, 56, 53, 62, 58, 90, 73, 75, 74, 59, 62, 51, 67, 74, 60, 64, 65, 64, 56, 52, 59, 70, 63, 72, 65]
    Layer  4: dist=[62, 63, 73, 67, 73, 56, 61, 89, 68, 69, 63, 60, 55, 55, 71, 61, 62, 65, 67, 70, 64, 61, 47, 64, 41, 51, 48, 34, 51, 66, 55, 55]
    Layer  5: dist=[36, 48, 55, 35, 61, 68, 52, 51, 5, 18, 73, 61, 54, 78, 59, 52, 41, 32, 50, 48, 51, 55, 48, 59, 73, 73, 80, 80, 43, 44, 46, 58]
    Layer  6: dist=[27, 40, 30, 31, 52, 46, 67, 61, 46, 25, 43, 38, 56, 64, 56, 30, 47, 34, 45, 40, 20, 30, 32, 14, 35, 50, 32, 49, 47, 43, 37, 53]
    Layer  8: dist=[83, 87, 90, 58, 81, 77, 69, 78, 86, 99, 87, 90, 94, 86, 96, 70, 116, 107, 103, 96, 92, 106, 100, 111, 92, 72, 95, 67, 84, 72, 79, 74]
    Layer  9: dist=[76, 60, 61, 67, 83, 97, 96, 74, 123, 120, 118, 112, 27, 87, 63, 85, 93, 100, 114, 125, 87, 77, 60, 70, 119, 81, 91, 97, 125, 113, 127, 123]
    Layer 10: dist=[76, 71, 58, 74, 85, 102, 64, 74, 63, 88, 106, 49, 88, 67, 82, 86, 87, 102, 100, 107, 88, 60, 107, 90, 93, 107, 84, 77, 76, 65, 82, 90]
    Layer 11: dist=[78, 65, 79, 48, 53, 61, 78, 77, 102, 123, 109, 93, 82, 64, 65, 69, 69, 63, 61, 51, 77, 107, 89, 87, 67, 59, 56, 54, 95, 55, 55, 94]
    Layer 12: dist=[21, 72, 79, 61, 87, 83, 66, 70, 63, 62, 74, 77, 86, 81, 82, 87, 39, 68, 59, 94, 102, 112, 97, 103, 93, 2, 107, 38, 81, 88, 113, 91]
    Layer 13: dist=[52, 68, 66, 62, 52, 51, 65, 40, 86, 63, 99, 122, 128, 115, 109, 124, 85, 72, 57, 61, 93, 55, 83, 90, 84, 59, 72, 76, 113, 111, 96, 99]
    Layer 14: dist=[44, 64, 65, 46, 62, 45, 64, 65, 54, 57, 70, 68, 69, 76, 65, 67, 77, 86, 51, 64, 65, 31, 51, 81, 52, 67, 73, 64, 85, 88, 8, 89]
    Layer 15: dist=[80, 44, 79, 38, 37, 38, 79, 67, 90, 60, 46, 104, 68, 107, 79, 89, 61, 57, 64, 68, 58, 60, 50, 51, 49, 34, 86, 62, 72, 84, 71, 49]
    Layer 16: dist=[61, 57, 74, 85, 55, 58, 48, 55, 54, 82, 73, 84, 90, 69, 86, 86, 68, 71, 60, 62, 115, 118, 110, 103, 71, 54, 64, 10, 58, 59, 65, 56]
    Layer 17: dist=[111, 95, 79, 67, 53, 57, 39, 47, 90, 108, 79, 100, 40, 57, 71, 74, 44, 61, 61, 42, 75, 98, 93, 97, 58, 55, 57, 52, 53, 79, 93, 67]
    Layer 18: dist=[34, 45, 35, 33, 56, 78, 74, 57, 64, 67, 66, 79, 61, 60, 57, 62, 46, 74, 72, 52, 68, 47, 65, 96, 58, 62, 61, 63, 52, 53, 79, 56]
    Layer 19: dist=[73, 64, 63, 62, 76, 103, 54, 71, 81, 85, 84, 93, 63, 57, 75, 63, 84, 85, 49, 49, 21, 50, 33, 49, 102, 106, 102, 116, 77, 77, 73, 72]
    Layer 20: dist=[89, 79, 80, 77, 78, 51, 49, 57, 40, 36, 43, 39, 92, 79, 87, 96, 45, 51, 56, 39, 73, 111, 101, 98, 125, 97, 105, 85, 93, 79, 108, 108]
    Layer 21: dist=[44, 50, 56, 68, 115, 65, 96, 118, 118, 61, 71, 69, 46, 41, 44, 42, 75, 75, 83, 65, 89, 99, 95, 96, 64, 62, 60, 80, 73, 79, 60, 88]
    Layer 22: dist=[73, 60, 67, 63, 52, 72, 45, 56, 37, 49, 45, 59, 18, 86, 61, 64, 33, 79, 76, 41, 102, 115, 120, 121, 101, 84, 91, 95, 114, 92, 103, 95]
    Layer 23: dist=[39, 30, 48, 39, 110, 111, 41, 102, 79, 36, 45, 63, 75, 72, 79, 77, 82, 75, 74, 94, 72, 93, 82, 76, 78, 72, 68, 100, 91, 90, 83, 78]
    Layer 24: dist=[79, 124, 109, 101, 99, 109, 111, 97, 102, 105, 104, 84, 78, 75, 89, 74, 81, 86, 98, 88, 120, 103, 102, 117, 65, 73, 79, 51, 95, 111, 98, 88]
    Layer 25: dist=[105, 121, 118, 94, 71, 72, 107, 80, 96, 97, 85, 90, 65, 89, 50, 68, 93, 99, 97, 89, 102, 111, 105, 108, 110, 110, 99, 108, 88, 125, 98, 88]
    Layer 26: dist=[80, 88, 106, 68, 115, 113, 113, 110, 102, 107, 105, 98, 100, 124, 116, 116, 86, 93, 99, 95, 102, 113, 122, 114, 99, 97, 102, 93, 115, 96, 114, 95]
    Layer 27: dist=[87, 108, 103, 117, 98, 105, 101, 86, 77, 100, 107, 99, 78, 109, 80, 86, 96, 99, 99, 104, 91, 112, 113, 92, 110, 113, 116, 117, 107, 77, 92, 117]
    Layer 28: dist=[103, 92, 102, 102, 82, 63, 80, 76, 96, 107, 92, 89, 112, 105, 96, 101, 112, 104, 104, 108, 119, 71, 60, 89, 91, 88, 99, 99, 92, 92, 71, 95]
    Layer 29: dist=[113, 114, 114, 113, 90, 112, 94, 114, 119, 113, 122, 105, 120, 120, 119, 120, 116, 106, 115, 121, 123, 123, 107, 125, 100, 114, 97, 92, 106, 95, 106, 109]
    Layer 30: dist=[75, 102, 99, 100, 102, 100, 90, 67, 117, 117, 115, 120, 105, 104, 113, 101, 97, 78, 120, 122, 51, 120, 100, 110, 119, 119, 119, 118, 106, 110, 107, 102]
    Layer 31: dist=[119, 117, 99, 98, 112, 113, 114, 116, 114, 77, 87, 91, 117, 116, 117, 115, 101, 101, 106, 94, 119, 116, 108, 119, 112, 109, 89, 120, 112, 106, 102, 110]
    Layer 32: dist=[110, 114, 114, 111, 116, 119, 116, 117, 110, 111, 117, 115, 93, 113, 108, 91, 118, 106, 109, 111, 123, 92, 114, 120, 71, 95, 80, 105, 116, 107, 99, 103]
    Layer 33: dist=[102, 120, 112, 119, 91, 102, 57, 94, 116, 116, 113, 113, 114, 115, 113, 116, 114, 117, 106, 109, 112, 96, 110, 113, 111, 119, 122, 118, 110, 111, 107, 104]
    Layer 34: dist=[110, 109, 112, 113, 105, 111, 108, 102, 53, 93, 114, 86, 117, 115, 120, 81, 82, 89, 126, 55, 119, 51, 118, 119, 122, 122, 125, 122, 54, 62, 68, 109]
    Layer 35: dist=[105, 123, 71, 97, 82, 36, 112, 100, 85, 94, 112, 96, 63, 28, 49, 40, 98, 74, 84, 48, 90, 102, 55, 54, 66, 49, 68, 72, 73, 115, 122, 117]

  [Taylor Step 2/3] OLS sigma per head (scaling V, streaming)...
    Layer  0: sigma=[0.615, 0.100, 0.100, 0.100, 0.333, 0.379, 0.100, 0.100, 0.100, 0.148, 0.100, 0.100, 0.100, 0.100, 0.100, 0.259, 0.100, 0.100, 0.100, 0.100, 0.100, 0.100, 0.100, 0.100, 0.100, 0.100, 0.352, 0.100, 0.100, 0.100, 0.161, 0.100]
    Layer  1: sigma=[0.351, 0.100, 0.100, 0.100, 0.100, 0.100, 0.100, 0.100, 0.100, 0.162, 0.244, 0.100, 0.100, 0.100, 0.100, 0.100, 0.100, 0.100, 0.100, 0.100, 0.100, 0.100, 0.100, 0.116, 0.100, 0.100, 0.114, 0.100, 0.100, 0.100, 0.100, 0.100]
    Layer  2: sigma=[0.100, 0.100, 0.100, 0.100, 0.100, 0.100, 0.100, 0.100, 0.106, 0.101, 0.100, 0.100, 0.100, 0.146, 0.100, 0.100, 0.100, 0.222, 0.100, 0.100, 0.100, 0.100, 0.100, 0.100, 0.100, 0.173, 0.100, 0.100, 0.100, 0.100, 0.100, 0.100]
    Layer  3: sigma=[0.100, 0.326, 0.100, 0.157, 0.100, 0.100, 0.100, 0.100, 0.100, 0.100, 0.100, 0.100, 0.100, 0.100, 0.100, 0.100, 0.100, 0.100, 0.100, 0.100, 0.100, 0.107, 0.100, 0.100, 0.100, 0.100, 0.100, 0.100, 0.100, 0.100, 0.100, 0.100]
    Layer  4: sigma=[0.100, 0.100, 0.100, 0.100, 0.100, 0.100, 0.100, 0.100, 0.100, 0.100, 0.100, 0.100, 0.100, 0.100, 0.100, 0.100, 0.100, 0.100, 0.100, 0.100, 0.133, 0.138, 0.323, 0.100, 0.100, 0.100, 0.100, 0.100, 0.100, 0.100, 0.100, 0.100]
    Layer  5: sigma=[0.100, 0.100, 0.100, 0.100, 0.100, 0.100, 0.100, 0.100, 0.100, 0.139, 0.100, 0.113, 0.100, 0.100, 0.100, 0.122, 0.100, 0.180, 0.100, 0.100, 0.100, 0.100, 0.100, 0.100, 0.100, 0.100, 0.100, 0.100, 0.100, 0.100, 0.100, 0.100]
    Layer  6: sigma=[0.100, 0.100, 0.100, 0.100, 0.100, 0.100, 0.100, 0.100, 0.100, 0.100, 0.100, 0.100, 0.100, 0.100, 0.100, 0.100, 0.100, 0.100, 0.100, 0.100, 0.157, 0.100, 0.100, 0.100, 0.100, 0.100, 0.100, 0.100, 0.100, 0.100, 0.100, 0.100]
    Layer  8: sigma=[0.100, 0.100, 0.100, 0.100, 0.100, 0.100, 0.100, 0.100, 0.100, 0.100, 0.100, 0.100, 0.100, 0.100, 0.100, 0.100, 0.100, 0.100, 0.100, 0.100, 0.100, 0.100, 0.100, 0.100, 0.100, 0.100, 0.100, 0.184, 0.100, 0.100, 0.100, 0.100]
    Layer  9: sigma=[0.100, 0.100, 0.100, 0.100, 0.100, 0.100, 0.100, 0.100, 0.100, 0.100, 0.100, 0.100, 0.100, 0.100, 0.548, 0.134, 0.100, 0.100, 0.100, 0.100, 0.100, 0.100, 0.100, 0.100, 0.100, 0.100, 0.100, 0.100, 0.100, 0.100, 0.100, 0.100]
    Layer 10: sigma=[0.100, 0.100, 0.100, 0.100, 0.100, 0.100, 0.100, 0.100, 0.100, 0.100, 0.100, 0.100, 0.100, 0.100, 0.100, 0.100, 0.100, 0.100, 0.100, 0.100, 0.100, 0.100, 0.100, 0.100, 0.100, 0.100, 0.100, 0.100, 0.100, 0.100, 0.100, 0.100]
    Layer 11: sigma=[0.100, 0.100, 0.100, 0.100, 0.148, 0.100, 0.100, 0.100, 0.100, 0.107, 0.100, 0.100, 0.100, 0.100, 0.241, 0.100, 0.100, 0.100, 0.100, 0.100, 0.100, 0.100, 0.100, 0.100, 0.100, 0.100, 0.169, 0.100, 0.100, 0.100, 0.100, 0.100]
    Layer 12: sigma=[0.100, 0.100, 0.100, 0.100, 0.100, 0.100, 0.100, 0.100, 0.100, 0.102, 0.100, 0.106, 0.100, 0.100, 0.100, 0.100, 0.100, 0.325, 0.171, 0.100, 0.100, 0.100, 0.100, 0.100, 0.100, 0.100, 0.100, 0.218, 0.100, 0.100, 0.118, 0.100]
    Layer 13: sigma=[0.229, 0.100, 0.100, 0.290, 0.100, 0.100, 0.100, 0.100, 0.100, 0.100, 0.100, 0.100, 0.100, 0.100, 0.100, 0.100, 0.100, 0.100, 0.100, 0.108, 0.100, 0.100, 0.100, 0.100, 0.100, 0.100, 0.100, 0.100, 0.100, 0.100, 0.100, 0.100]
    Layer 14: sigma=[0.100, 0.100, 0.100, 0.100, 0.100, 0.422, 0.100, 0.100, 0.100, 0.100, 0.100, 0.100, 0.100, 0.100, 0.100, 0.100, 0.100, 0.100, 0.100, 0.100, 0.100, 0.100, 0.100, 0.100, 0.124, 0.125, 0.100, 0.100, 0.100, 0.100, 0.100, 0.100]
    Layer 15: sigma=[0.100, 0.181, 0.100, 0.100, 0.100, 0.112, 0.100, 0.100, 0.100, 0.100, 0.100, 0.100, 0.209, 0.100, 0.100, 0.100, 0.100, 0.100, 0.100, 0.100, 0.100, 0.100, 0.100, 0.100, 0.131, 0.100, 0.100, 0.100, 0.100, 0.100, 0.100, 0.100]
    Layer 16: sigma=[0.100, 0.100, 0.100, 0.100, 0.100, 0.100, 0.100, 0.100, 0.100, 0.100, 0.100, 0.100, 0.100, 0.100, 0.100, 0.100, 0.100, 0.100, 0.100, 0.100, 0.100, 0.100, 0.100, 0.100, 0.100, 0.100, 0.100, 0.389, 0.100, 0.100, 0.100, 0.100]
    Layer 17: sigma=[0.100, 0.100, 0.100, 0.100, 0.100, 0.151, 0.100, 0.100, 0.100, 0.100, 0.100, 0.100, 0.100, 0.100, 0.100, 0.100, 0.162, 0.100, 0.100, 0.371, 0.100, 0.100, 0.100, 0.111, 0.129, 0.100, 0.397, 0.100, 0.100, 0.100, 0.100, 0.100]
    Layer 18: sigma=[0.100, 0.476, 0.100, 0.100, 0.100, 0.100, 0.100, 0.189, 0.100, 0.100, 0.100, 0.100, 0.100, 0.100, 0.100, 0.100, 0.189, 0.100, 0.100, 0.100, 0.100, 0.100, 0.100, 0.100, 0.100, 0.100, 0.100, 0.100, 0.100, 0.100, 0.100, 0.100]
    Layer 19: sigma=[0.100, 0.100, 0.100, 0.100, 0.100, 0.100, 0.100, 0.100, 0.100, 0.100, 0.100, 0.100, 0.181, 0.100, 0.100, 0.205, 0.100, 0.100, 0.100, 0.275, 0.100, 0.100, 0.100, 0.120, 0.100, 0.100, 0.100, 0.100, 0.100, 0.100, 0.100, 0.100]
    Layer 20: sigma=[0.100, 0.100, 0.100, 0.100, 0.100, 0.173, 0.100, 0.100, 0.148, 0.100, 0.100, 0.100, 0.100, 0.100, 0.100, 0.125, 0.100, 0.145, 0.100, 0.100, 0.100, 0.100, 0.100, 0.100, 0.100, 0.100, 0.100, 0.100, 0.100, 0.100, 0.100, 0.100]
    Layer 21: sigma=[0.100, 0.145, 0.100, 0.100, 0.100, 0.100, 0.100, 0.100, 0.100, 0.162, 0.100, 0.284, 0.100, 0.100, 0.110, 0.100, 0.100, 0.100, 0.100, 0.100, 0.100, 0.102, 0.100, 0.100, 0.172, 0.100, 0.100, 0.100, 0.100, 0.100, 0.348, 0.100]
    Layer 22: sigma=[0.156, 0.100, 0.100, 0.100, 0.183, 0.110, 0.100, 0.212, 0.101, 0.100, 0.100, 0.100, 0.100, 0.100, 0.100, 0.116, 0.100, 0.100, 0.100, 0.100, 0.100, 0.100, 0.100, 0.100, 0.100, 0.100, 0.100, 0.100, 0.100, 0.100, 0.100, 0.100]
    Layer 23: sigma=[0.170, 0.235, 0.219, 0.100, 0.100, 0.100, 0.122, 0.100, 0.100, 0.235, 0.100, 0.100, 0.100, 0.100, 0.106, 0.100, 0.100, 0.100, 0.100, 0.100, 0.100, 0.100, 0.100, 0.100, 0.100, 0.100, 0.100, 0.100, 0.100, 0.100, 0.139, 0.221]
    Layer 24: sigma=[0.100, 0.100, 0.100, 0.100, 0.100, 0.100, 0.100, 0.100, 0.100, 0.100, 0.100, 0.100, 0.100, 0.100, 0.100, 0.164, 0.100, 0.100, 0.100, 0.100, 0.100, 0.100, 0.100, 0.100, 0.256, 0.361, 0.100, 0.393, 0.100, 0.100, 0.100, 0.100]
    Layer 25: sigma=[0.100, 0.100, 0.100, 0.100, 0.100, 0.100, 0.100, 0.100, 0.100, 0.100, 0.100, 0.100, 0.100, 0.100, 0.106, 0.100, 0.100, 0.100, 0.100, 0.100, 0.100, 0.100, 0.100, 0.100, 0.100, 0.100, 0.100, 0.100, 0.100, 0.100, 0.100, 0.100]
    Layer 26: sigma=[0.100, 0.100, 0.100, 0.100, 0.100, 0.100, 0.100, 0.100, 0.100, 0.100, 0.100, 0.100, 0.100, 0.100, 0.100, 0.100, 0.100, 0.100, 0.100, 0.100, 0.100, 0.100, 0.100, 0.100, 0.100, 0.100, 0.100, 0.100, 0.100, 0.100, 0.100, 0.100]
    Layer 27: sigma=[0.100, 0.100, 0.100, 0.100, 0.100, 0.100, 0.100, 0.100, 0.100, 0.100, 0.100, 0.100, 0.100, 0.100, 0.100, 0.100, 0.100, 0.100, 0.100, 0.100, 0.100, 0.100, 0.100, 0.100, 0.100, 0.100, 0.100, 0.100, 0.100, 0.104, 0.100, 0.100]
    Layer 28: sigma=[0.100, 0.100, 0.100, 0.100, 0.100, 0.118, 0.100, 0.139, 0.100, 0.100, 0.100, 0.100, 0.100, 0.100, 0.100, 0.100, 0.100, 0.100, 0.100, 0.100, 0.100, 0.100, 0.100, 0.100, 0.100, 0.100, 0.100, 0.100, 0.100, 0.100, 0.100, 0.100]
    Layer 29: sigma=[0.100, 0.100, 0.100, 0.100, 0.100, 0.100, 0.100, 0.100, 0.100, 0.100, 0.100, 0.100, 0.100, 0.100, 0.100, 0.100, 0.100, 0.100, 0.100, 0.100, 0.100, 0.100, 0.100, 0.100, 0.100, 0.100, 0.100, 0.100, 0.100, 0.100, 0.100, 0.100]
    Layer 30: sigma=[0.100, 0.100, 0.100, 0.100, 0.100, 0.100, 0.100, 0.100, 0.100, 0.100, 0.100, 0.100, 0.100, 0.100, 0.100, 0.100, 0.100, 0.100, 0.100, 0.100, 0.100, 0.100, 0.100, 0.100, 0.100, 0.100, 0.100, 0.100, 0.100, 0.100, 0.100, 0.100]
    Layer 31: sigma=[0.100, 0.100, 0.100, 0.100, 0.100, 0.100, 0.100, 0.100, 0.100, 0.100, 0.100, 0.100, 0.100, 0.100, 0.100, 0.100, 0.100, 0.100, 0.100, 0.114, 0.100, 0.100, 0.100, 0.100, 0.100, 0.100, 0.100, 0.100, 0.100, 0.100, 0.100, 0.100]
    Layer 32: sigma=[0.100, 0.100, 0.100, 0.100, 0.100, 0.100, 0.100, 0.100, 0.100, 0.100, 0.100, 0.100, 0.100, 0.100, 0.100, 0.100, 0.100, 0.100, 0.100, 0.100, 0.100, 0.100, 0.100, 0.100, 0.100, 0.100, 0.100, 0.100, 0.100, 0.100, 0.100, 0.100]
    Layer 33: sigma=[0.100, 0.100, 0.100, 0.100, 0.100, 0.100, 0.100, 0.100, 0.100, 0.100, 0.100, 0.100, 0.100, 0.100, 0.100, 0.100, 0.100, 0.100, 0.100, 0.100, 0.100, 0.100, 0.100, 0.100, 0.100, 0.100, 0.100, 0.100, 0.100, 0.100, 0.100, 0.100]
    Layer 34: sigma=[0.100, 0.100, 0.100, 0.100, 0.100, 0.100, 0.100, 0.100, 0.100, 0.100, 0.100, 0.100, 0.100, 0.100, 0.100, 0.100, 0.100, 0.100, 0.100, 0.100, 0.100, 0.100, 0.100, 0.100, 0.100, 0.100, 0.100, 0.100, 0.100, 0.100, 0.100, 0.100]
    Layer 35: sigma=[0.100, 0.100, 0.100, 0.100, 0.100, 0.100, 0.100, 0.100, 0.100, 0.106, 0.100, 0.100, 0.100, 0.100, 0.100, 0.100, 0.100, 0.100, 0.100, 0.100, 0.100, 0.100, 0.100, 0.100, 0.100, 0.100, 0.100, 0.100, 0.100, 0.100, 0.100, 0.100]

  [Taylor Step 3/3] g_proj = v_proj * alpha (damping=0.01)...
    Layer  0: alpha=0.060383  teacher_rms=0.0163  v_rms=0.0027
    Layer  1: alpha=0.060963  teacher_rms=0.0205  v_rms=0.0034
    Layer  2: alpha=0.056919  teacher_rms=0.0214  v_rms=0.0038
    Layer  3: alpha=0.048628  teacher_rms=0.0259  v_rms=0.0053
    Layer  4: alpha=0.047224  teacher_rms=0.0304  v_rms=0.0064
    Layer  5: alpha=0.061713  teacher_rms=0.0409  v_rms=0.0066
    Layer  6: alpha=0.078289  teacher_rms=0.0621  v_rms=0.0079
    Layer  8: alpha=0.047256  teacher_rms=0.0708  v_rms=0.0150
    Layer  9: alpha=0.035886  teacher_rms=0.0713  v_rms=0.0199
    Layer 10: alpha=0.051225  teacher_rms=0.1092  v_rms=0.0213
    Layer 11: alpha=0.062662  teacher_rms=0.1046  v_rms=0.0167
    Layer 12: alpha=0.059742  teacher_rms=0.1207  v_rms=0.0202
    Layer 13: alpha=0.054371  teacher_rms=0.1040  v_rms=0.0191
    Layer 14: alpha=0.063075  teacher_rms=0.1547  v_rms=0.0245
    Layer 15: alpha=0.057932  teacher_rms=0.1576  v_rms=0.0272
    Layer 16: alpha=0.042919  teacher_rms=0.1473  v_rms=0.0343
    Layer 17: alpha=0.044783  teacher_rms=0.1753  v_rms=0.0391
    Layer 18: alpha=0.044389  teacher_rms=0.1990  v_rms=0.0448
    Layer 19: alpha=0.053796  teacher_rms=0.2060  v_rms=0.0383
    Layer 20: alpha=0.056848  teacher_rms=0.1966  v_rms=0.0346
    Layer 21: alpha=0.047202  teacher_rms=0.2373  v_rms=0.0503
    Layer 22: alpha=0.055900  teacher_rms=0.2834  v_rms=0.0507
    Layer 23: alpha=0.052313  teacher_rms=0.3098  v_rms=0.0592
    Layer 24: alpha=0.032759  teacher_rms=0.2897  v_rms=0.0884
    Layer 25: alpha=0.040004  teacher_rms=0.2376  v_rms=0.0594
    Layer 26: alpha=0.029256  teacher_rms=0.2124  v_rms=0.0726
    Layer 27: alpha=0.037057  teacher_rms=0.3083  v_rms=0.0832
    Layer 28: alpha=0.042088  teacher_rms=0.3705  v_rms=0.0880
    Layer 29: alpha=0.017344  teacher_rms=0.2548  v_rms=0.1469
    Layer 30: alpha=0.029045  teacher_rms=0.4297  v_rms=0.1480
    Layer 31: alpha=0.021168  teacher_rms=0.3785  v_rms=0.1788
    Layer 32: alpha=0.023899  teacher_rms=0.5288  v_rms=0.2213
    Layer 33: alpha=0.018560  teacher_rms=0.6404  v_rms=0.3451
    Layer 34: alpha=0.033190  teacher_rms=1.0325  v_rms=0.3111
    Layer 35: alpha=0.059994  teacher_rms=1.0168  v_rms=0.1695

  Set g_proj = v_proj * alpha in 35 GDN layers (damping=0.01).
  Init (taylor_init) done in 414.8s
  Layer 7: PPL = 6745101.50  (eval 18.8s)

============================================================
  Probing layer 8 | strategy=taylor_init
============================================================
Loading checkpoint shards:   0%|          | 0/4 [00:00<?, ?it/s]Loading checkpoint shards:  75%|███████▌  | 3/4 [00:00<00:00, 29.91it/s]Loading checkpoint shards: 100%|██████████| 4/4 [00:00<00:00, 33.78it/s]
Could not cache non-existence of file. Will ignore error and continue. Error: [Errno 13] Permission denied: '/data/shared/huggingface/hub/models--Qwen--Qwen3-8B/.no_exist/b968826d9c46dd6066d109eabc6255188de91218/model.safetensors'
Loading checkpoint shards:   0%|          | 0/5 [00:00<?, ?it/s]Loading checkpoint shards: 100%|██████████| 5/5 [00:00<00:00, 144.90it/s]
Token indices sequence length is longer than the specified maximum sequence length for this model (2429029 > 131072). Running this sequence through the model will result in indexing errors
  [Taylor Step 1/3] Gate calibration from attention stats...
    Layer  0: dist=[32, 3, 12, 35, 12, 26, 9, 11, 19, 6, 8, 9, 18, 34, 31, 10, 16, 19, 16, 14, 13, 23, 4, 12, 5, 52, 10, 43, 15, 36, 15, 14]
    Layer  1: dist=[19, 38, 25, 44, 3, 15, 31, 11, 45, 36, 65, 60, 34, 47, 51, 38, 32, 54, 57, 33, 56, 24, 40, 40, 37, 9, 44, 41, 83, 31, 37, 49]
    Layer  2: dist=[65, 65, 67, 62, 26, 45, 33, 43, 39, 47, 56, 56, 53, 46, 46, 60, 61, 49, 54, 43, 49, 67, 48, 50, 25, 24, 21, 35, 73, 73, 77, 74]
    Layer  3: dist=[65, 26, 13, 22, 87, 93, 83, 73, 56, 53, 62, 58, 90, 73, 75, 74, 59, 62, 51, 67, 74, 60, 64, 65, 64, 56, 52, 59, 70, 63, 72, 65]
    Layer  4: dist=[62, 63, 73, 67, 73, 56, 61, 89, 68, 69, 63, 60, 55, 55, 71, 61, 62, 65, 67, 70, 64, 61, 47, 64, 41, 51, 48, 34, 51, 66, 55, 55]
    Layer  5: dist=[36, 48, 55, 35, 61, 68, 52, 51, 5, 18, 73, 61, 54, 78, 59, 52, 41, 32, 50, 48, 51, 55, 48, 59, 73, 73, 80, 80, 43, 44, 46, 58]
    Layer  6: dist=[27, 40, 30, 31, 52, 46, 67, 61, 46, 25, 43, 38, 56, 64, 56, 30, 47, 34, 45, 40, 20, 30, 32, 14, 35, 50, 32, 49, 47, 43, 37, 53]
    Layer  7: dist=[55, 60, 64, 87, 126, 114, 127, 121, 88, 119, 99, 72, 108, 23, 53, 97, 80, 101, 85, 81, 106, 86, 112, 116, 64, 78, 47, 86, 97, 101, 101, 106]
    Layer  9: dist=[76, 60, 61, 67, 83, 97, 96, 74, 123, 120, 118, 112, 27, 87, 63, 85, 93, 100, 114, 125, 87, 77, 60, 70, 119, 81, 91, 97, 125, 113, 127, 123]
    Layer 10: dist=[76, 71, 58, 74, 85, 102, 64, 74, 63, 88, 106, 49, 88, 67, 82, 86, 87, 102, 100, 107, 88, 60, 107, 90, 93, 107, 84, 77, 76, 65, 82, 90]
    Layer 11: dist=[78, 65, 79, 48, 53, 61, 78, 77, 102, 123, 109, 93, 82, 64, 65, 69, 69, 63, 61, 51, 77, 107, 89, 87, 67, 59, 56, 54, 95, 55, 55, 94]
    Layer 12: dist=[21, 72, 79, 61, 87, 83, 66, 70, 63, 62, 74, 77, 86, 81, 82, 87, 39, 68, 59, 94, 102, 112, 97, 103, 93, 2, 107, 38, 81, 88, 113, 91]
    Layer 13: dist=[52, 68, 66, 62, 52, 51, 65, 40, 86, 63, 99, 122, 128, 115, 109, 124, 85, 72, 57, 61, 93, 55, 83, 90, 84, 59, 72, 76, 113, 111, 96, 99]
    Layer 14: dist=[44, 64, 65, 46, 62, 45, 64, 65, 54, 57, 70, 68, 69, 76, 65, 67, 77, 86, 51, 64, 65, 31, 51, 81, 52, 67, 73, 64, 85, 88, 8, 89]
    Layer 15: dist=[80, 44, 79, 38, 37, 38, 79, 67, 90, 60, 46, 104, 68, 107, 79, 89, 61, 57, 64, 68, 58, 60, 50, 51, 49, 34, 86, 62, 72, 84, 71, 49]
    Layer 16: dist=[61, 57, 74, 85, 55, 58, 48, 55, 54, 82, 73, 84, 90, 69, 86, 86, 68, 71, 60, 62, 115, 118, 110, 103, 71, 54, 64, 10, 58, 59, 65, 56]
    Layer 17: dist=[111, 95, 79, 67, 53, 57, 39, 47, 90, 108, 79, 100, 40, 57, 71, 74, 44, 61, 61, 42, 75, 98, 93, 97, 58, 55, 57, 52, 53, 79, 93, 67]
    Layer 18: dist=[34, 45, 35, 33, 56, 78, 74, 57, 64, 67, 66, 79, 61, 60, 57, 62, 46, 74, 72, 52, 68, 47, 65, 96, 58, 62, 61, 63, 52, 53, 79, 56]
    Layer 19: dist=[73, 64, 63, 62, 76, 103, 54, 71, 81, 85, 84, 93, 63, 57, 75, 63, 84, 85, 49, 49, 21, 50, 33, 49, 102, 106, 102, 116, 77, 77, 73, 72]
    Layer 20: dist=[89, 79, 80, 77, 78, 51, 49, 57, 40, 36, 43, 39, 92, 79, 87, 96, 45, 51, 56, 39, 73, 111, 101, 98, 125, 97, 105, 85, 93, 79, 108, 108]
    Layer 21: dist=[44, 50, 56, 68, 115, 65, 96, 118, 118, 61, 71, 69, 46, 41, 44, 42, 75, 75, 83, 65, 89, 99, 95, 96, 64, 62, 60, 80, 73, 79, 60, 88]
    Layer 22: dist=[73, 60, 67, 63, 52, 72, 45, 56, 37, 49, 45, 59, 18, 86, 61, 64, 33, 79, 76, 41, 102, 115, 120, 121, 101, 84, 91, 95, 114, 92, 103, 95]
    Layer 23: dist=[39, 30, 48, 39, 110, 111, 41, 102, 79, 36, 45, 63, 75, 72, 79, 77, 82, 75, 74, 94, 72, 93, 82, 76, 78, 72, 68, 100, 91, 90, 83, 78]
    Layer 24: dist=[79, 124, 109, 101, 99, 109, 111, 97, 102, 105, 104, 84, 78, 75, 89, 74, 81, 86, 98, 88, 120, 103, 102, 117, 65, 73, 79, 51, 95, 111, 98, 88]
    Layer 25: dist=[105, 121, 118, 94, 71, 72, 107, 80, 96, 97, 85, 90, 65, 89, 50, 68, 93, 99, 97, 89, 102, 111, 105, 108, 110, 110, 99, 108, 88, 125, 98, 88]
    Layer 26: dist=[80, 88, 106, 68, 115, 113, 113, 110, 102, 107, 105, 98, 100, 124, 116, 116, 86, 93, 99, 95, 102, 113, 122, 114, 99, 97, 102, 93, 115, 96, 114, 95]
    Layer 27: dist=[87, 108, 103, 117, 98, 105, 101, 86, 77, 100, 107, 99, 78, 109, 80, 86, 96, 99, 99, 104, 91, 112, 113, 92, 110, 113, 116, 117, 107, 77, 92, 117]
    Layer 28: dist=[103, 92, 102, 102, 82, 63, 80, 76, 96, 107, 92, 89, 112, 105, 96, 101, 112, 104, 104, 108, 119, 71, 60, 89, 91, 88, 99, 99, 92, 92, 71, 95]
    Layer 29: dist=[113, 114, 114, 113, 90, 112, 94, 114, 119, 113, 122, 105, 120, 120, 119, 120, 116, 106, 115, 121, 123, 123, 107, 125, 100, 114, 97, 92, 106, 95, 106, 109]
    Layer 30: dist=[75, 102, 99, 100, 102, 100, 90, 67, 117, 117, 115, 120, 105, 104, 113, 101, 97, 78, 120, 122, 51, 120, 100, 110, 119, 119, 119, 118, 106, 110, 107, 102]
    Layer 31: dist=[119, 117, 99, 98, 112, 113, 114, 116, 114, 77, 87, 91, 117, 116, 117, 115, 101, 101, 106, 94, 119, 116, 108, 119, 112, 109, 89, 120, 112, 106, 102, 110]
    Layer 32: dist=[110, 114, 114, 111, 116, 119, 116, 117, 110, 111, 117, 115, 93, 113, 108, 91, 118, 106, 109, 111, 123, 92, 114, 120, 71, 95, 80, 105, 116, 107, 99, 103]
    Layer 33: dist=[102, 120, 112, 119, 91, 102, 57, 94, 116, 116, 113, 113, 114, 115, 113, 116, 114, 117, 106, 109, 112, 96, 110, 113, 111, 119, 122, 118, 110, 111, 107, 104]
    Layer 34: dist=[110, 109, 112, 113, 105, 111, 108, 102, 53, 93, 114, 86, 117, 115, 120, 81, 82, 89, 126, 55, 119, 51, 118, 119, 122, 122, 125, 122, 54, 62, 68, 109]
    Layer 35: dist=[105, 123, 71, 97, 82, 36, 112, 100, 85, 94, 112, 96, 63, 28, 49, 40, 98, 74, 84, 48, 90, 102, 55, 54, 66, 49, 68, 72, 73, 115, 122, 117]

  [Taylor Step 2/3] OLS sigma per head (scaling V, streaming)...
    Layer  0: sigma=[0.613, 0.100, 0.100, 0.100, 0.333, 0.380, 0.100, 0.100, 0.100, 0.150, 0.100, 0.100, 0.100, 0.100, 0.100, 0.260, 0.100, 0.100, 0.100, 0.100, 0.100, 0.100, 0.100, 0.100, 0.100, 0.100, 0.351, 0.100, 0.100, 0.100, 0.161, 0.100]
    Layer  1: sigma=[0.353, 0.100, 0.100, 0.100, 0.100, 0.100, 0.100, 0.100, 0.100, 0.171, 0.247, 0.100, 0.100, 0.100, 0.100, 0.100, 0.100, 0.100, 0.100, 0.100, 0.100, 0.100, 0.100, 0.119, 0.100, 0.100, 0.115, 0.100, 0.100, 0.100, 0.100, 0.100]
    Layer  2: sigma=[0.100, 0.100, 0.100, 0.100, 0.100, 0.100, 0.100, 0.100, 0.108, 0.101, 0.100, 0.100, 0.100, 0.146, 0.100, 0.100, 0.100, 0.219, 0.100, 0.100, 0.100, 0.100, 0.100, 0.100, 0.100, 0.172, 0.100, 0.100, 0.100, 0.100, 0.100, 0.100]
    Layer  3: sigma=[0.100, 0.322, 0.100, 0.154, 0.100, 0.100, 0.100, 0.100, 0.100, 0.100, 0.100, 0.100, 0.100, 0.100, 0.100, 0.100, 0.100, 0.100, 0.100, 0.100, 0.100, 0.107, 0.100, 0.100, 0.100, 0.100, 0.100, 0.100, 0.100, 0.100, 0.100, 0.100]
    Layer  4: sigma=[0.100, 0.100, 0.100, 0.100, 0.100, 0.100, 0.100, 0.100, 0.100, 0.100, 0.100, 0.100, 0.100, 0.100, 0.100, 0.100, 0.100, 0.100, 0.100, 0.100, 0.133, 0.138, 0.313, 0.100, 0.100, 0.100, 0.100, 0.100, 0.100, 0.100, 0.100, 0.100]
    Layer  5: sigma=[0.100, 0.100, 0.100, 0.100, 0.100, 0.100, 0.100, 0.100, 0.100, 0.135, 0.100, 0.111, 0.100, 0.100, 0.100, 0.120, 0.100, 0.175, 0.100, 0.100, 0.100, 0.100, 0.100, 0.100, 0.100, 0.100, 0.100, 0.100, 0.100, 0.100, 0.100, 0.100]
    Layer  6: sigma=[0.100, 0.100, 0.100, 0.100, 0.100, 0.100, 0.100, 0.100, 0.100, 0.100, 0.100, 0.100, 0.100, 0.100, 0.100, 0.100, 0.100, 0.100, 0.100, 0.100, 0.159, 0.100, 0.100, 0.100, 0.100, 0.100, 0.100, 0.100, 0.100, 0.100, 0.100, 0.100]
    Layer  7: sigma=[0.100, 0.153, 0.100, 0.100, 0.127, 0.100, 0.100, 0.100, 0.100, 0.100, 0.100, 0.101, 0.100, 0.100, 0.100, 0.100, 0.100, 0.100, 0.100, 0.100, 0.100, 0.100, 0.100, 0.100, 0.100, 0.100, 0.100, 0.100, 0.100, 0.100, 0.100, 0.100]
    Layer  9: sigma=[0.100, 0.100, 0.100, 0.100, 0.100, 0.100, 0.100, 0.100, 0.100, 0.100, 0.100, 0.100, 0.100, 0.100, 0.569, 0.128, 0.100, 0.100, 0.100, 0.100, 0.100, 0.100, 0.100, 0.100, 0.100, 0.100, 0.100, 0.100, 0.100, 0.100, 0.100, 0.100]
    Layer 10: sigma=[0.100, 0.100, 0.100, 0.100, 0.100, 0.100, 0.100, 0.100, 0.100, 0.100, 0.100, 0.100, 0.100, 0.100, 0.100, 0.100, 0.100, 0.100, 0.100, 0.100, 0.100, 0.100, 0.100, 0.100, 0.100, 0.100, 0.100, 0.100, 0.100, 0.100, 0.100, 0.100]
    Layer 11: sigma=[0.100, 0.100, 0.100, 0.100, 0.141, 0.100, 0.100, 0.100, 0.100, 0.102, 0.100, 0.100, 0.100, 0.100, 0.263, 0.100, 0.100, 0.100, 0.100, 0.100, 0.100, 0.100, 0.100, 0.100, 0.100, 0.100, 0.160, 0.100, 0.100, 0.100, 0.100, 0.100]
    Layer 12: sigma=[0.100, 0.100, 0.100, 0.100, 0.100, 0.100, 0.100, 0.100, 0.100, 0.104, 0.100, 0.109, 0.100, 0.100, 0.100, 0.100, 0.100, 0.309, 0.132, 0.100, 0.100, 0.100, 0.100, 0.100, 0.100, 0.100, 0.100, 0.220, 0.100, 0.100, 0.120, 0.100]
    Layer 13: sigma=[0.231, 0.100, 0.100, 0.358, 0.100, 0.100, 0.100, 0.100, 0.100, 0.100, 0.100, 0.100, 0.100, 0.100, 0.100, 0.100, 0.100, 0.100, 0.100, 0.106, 0.100, 0.100, 0.100, 0.100, 0.100, 0.100, 0.100, 0.100, 0.100, 0.100, 0.100, 0.100]
    Layer 14: sigma=[0.100, 0.100, 0.100, 0.100, 0.100, 0.372, 0.100, 0.100, 0.100, 0.100, 0.100, 0.100, 0.100, 0.100, 0.100, 0.100, 0.100, 0.100, 0.100, 0.100, 0.100, 0.100, 0.100, 0.100, 0.122, 0.130, 0.100, 0.100, 0.100, 0.100, 0.100, 0.100]
    Layer 15: sigma=[0.100, 0.192, 0.100, 0.100, 0.100, 0.107, 0.100, 0.100, 0.100, 0.100, 0.100, 0.100, 0.200, 0.100, 0.100, 0.100, 0.100, 0.100, 0.100, 0.100, 0.100, 0.100, 0.100, 0.100, 0.132, 0.100, 0.100, 0.100, 0.100, 0.100, 0.100, 0.100]
    Layer 16: sigma=[0.100, 0.100, 0.100, 0.100, 0.100, 0.100, 0.100, 0.100, 0.100, 0.100, 0.100, 0.100, 0.100, 0.100, 0.100, 0.100, 0.100, 0.100, 0.100, 0.100, 0.100, 0.100, 0.100, 0.100, 0.100, 0.100, 0.100, 0.456, 0.100, 0.100, 0.100, 0.100]
    Layer 17: sigma=[0.100, 0.100, 0.100, 0.100, 0.100, 0.148, 0.100, 0.100, 0.100, 0.100, 0.100, 0.100, 0.100, 0.100, 0.100, 0.100, 0.157, 0.100, 0.100, 0.387, 0.100, 0.100, 0.100, 0.102, 0.140, 0.100, 0.367, 0.100, 0.100, 0.100, 0.100, 0.100]
    Layer 18: sigma=[0.100, 0.417, 0.100, 0.100, 0.100, 0.100, 0.100, 0.196, 0.100, 0.100, 0.100, 0.100, 0.100, 0.100, 0.100, 0.100, 0.193, 0.100, 0.100, 0.100, 0.100, 0.100, 0.100, 0.100, 0.100, 0.100, 0.100, 0.100, 0.100, 0.100, 0.100, 0.100]
    Layer 19: sigma=[0.100, 0.100, 0.100, 0.100, 0.100, 0.100, 0.100, 0.100, 0.100, 0.100, 0.100, 0.100, 0.147, 0.100, 0.100, 0.189, 0.100, 0.100, 0.100, 0.264, 0.100, 0.100, 0.100, 0.107, 0.100, 0.100, 0.100, 0.100, 0.100, 0.100, 0.100, 0.100]
    Layer 20: sigma=[0.100, 0.100, 0.100, 0.100, 0.100, 0.186, 0.100, 0.100, 0.140, 0.104, 0.100, 0.100, 0.100, 0.100, 0.100, 0.113, 0.100, 0.111, 0.100, 0.100, 0.100, 0.100, 0.100, 0.100, 0.100, 0.100, 0.100, 0.100, 0.100, 0.100, 0.100, 0.100]
    Layer 21: sigma=[0.100, 0.158, 0.100, 0.100, 0.100, 0.100, 0.100, 0.100, 0.100, 0.142, 0.100, 0.281, 0.100, 0.100, 0.125, 0.100, 0.100, 0.100, 0.100, 0.100, 0.100, 0.108, 0.100, 0.100, 0.173, 0.100, 0.100, 0.100, 0.100, 0.100, 0.306, 0.100]
    Layer 22: sigma=[0.166, 0.100, 0.100, 0.100, 0.175, 0.114, 0.100, 0.270, 0.108, 0.100, 0.100, 0.100, 0.100, 0.100, 0.100, 0.100, 0.100, 0.100, 0.100, 0.100, 0.100, 0.100, 0.100, 0.100, 0.100, 0.100, 0.100, 0.100, 0.100, 0.100, 0.100, 0.100]
    Layer 23: sigma=[0.168, 0.250, 0.204, 0.100, 0.100, 0.100, 0.113, 0.100, 0.100, 0.249, 0.100, 0.100, 0.100, 0.100, 0.103, 0.100, 0.100, 0.100, 0.100, 0.100, 0.100, 0.100, 0.100, 0.100, 0.100, 0.100, 0.100, 0.100, 0.100, 0.100, 0.145, 0.261]
    Layer 24: sigma=[0.100, 0.100, 0.100, 0.100, 0.100, 0.100, 0.100, 0.100, 0.100, 0.100, 0.100, 0.100, 0.100, 0.100, 0.100, 0.122, 0.100, 0.100, 0.100, 0.100, 0.100, 0.100, 0.100, 0.100, 0.239, 0.335, 0.100, 0.381, 0.100, 0.100, 0.100, 0.100]
    Layer 25: sigma=[0.100, 0.100, 0.100, 0.100, 0.100, 0.100, 0.100, 0.100, 0.100, 0.100, 0.100, 0.100, 0.100, 0.100, 0.100, 0.100, 0.100, 0.100, 0.100, 0.100, 0.100, 0.100, 0.100, 0.100, 0.100, 0.100, 0.100, 0.100, 0.100, 0.100, 0.100, 0.100]
    Layer 26: sigma=[0.100, 0.100, 0.100, 0.100, 0.100, 0.100, 0.100, 0.100, 0.100, 0.100, 0.100, 0.100, 0.100, 0.100, 0.100, 0.100, 0.100, 0.100, 0.100, 0.100, 0.100, 0.100, 0.100, 0.100, 0.100, 0.100, 0.100, 0.100, 0.100, 0.100, 0.100, 0.100]
    Layer 27: sigma=[0.100, 0.100, 0.100, 0.100, 0.100, 0.100, 0.100, 0.100, 0.100, 0.100, 0.100, 0.100, 0.100, 0.100, 0.100, 0.100, 0.100, 0.100, 0.100, 0.100, 0.100, 0.100, 0.100, 0.100, 0.100, 0.100, 0.100, 0.100, 0.100, 0.103, 0.100, 0.100]
    Layer 28: sigma=[0.100, 0.100, 0.100, 0.100, 0.100, 0.110, 0.100, 0.106, 0.100, 0.100, 0.100, 0.100, 0.100, 0.100, 0.100, 0.100, 0.100, 0.100, 0.100, 0.100, 0.100, 0.100, 0.100, 0.100, 0.100, 0.100, 0.100, 0.100, 0.100, 0.100, 0.100, 0.100]
    Layer 29: sigma=[0.100, 0.100, 0.100, 0.100, 0.100, 0.100, 0.100, 0.100, 0.100, 0.100, 0.100, 0.100, 0.100, 0.100, 0.100, 0.100, 0.100, 0.100, 0.100, 0.100, 0.100, 0.100, 0.100, 0.100, 0.100, 0.100, 0.100, 0.100, 0.100, 0.100, 0.100, 0.100]
    Layer 30: sigma=[0.100, 0.100, 0.100, 0.100, 0.100, 0.100, 0.100, 0.100, 0.100, 0.100, 0.100, 0.100, 0.100, 0.100, 0.100, 0.101, 0.100, 0.100, 0.100, 0.100, 0.120, 0.100, 0.100, 0.100, 0.100, 0.100, 0.100, 0.100, 0.100, 0.100, 0.100, 0.100]
    Layer 31: sigma=[0.100, 0.100, 0.100, 0.100, 0.100, 0.100, 0.100, 0.100, 0.100, 0.100, 0.100, 0.100, 0.100, 0.100, 0.100, 0.100, 0.100, 0.100, 0.100, 0.117, 0.100, 0.100, 0.100, 0.100, 0.100, 0.100, 0.100, 0.100, 0.100, 0.100, 0.100, 0.100]
    Layer 32: sigma=[0.100, 0.100, 0.100, 0.100, 0.100, 0.100, 0.100, 0.100, 0.100, 0.100, 0.100, 0.100, 0.100, 0.100, 0.100, 0.100, 0.100, 0.100, 0.100, 0.100, 0.100, 0.100, 0.100, 0.100, 0.100, 0.100, 0.100, 0.100, 0.100, 0.100, 0.100, 0.100]
    Layer 33: sigma=[0.100, 0.100, 0.100, 0.100, 0.100, 0.100, 0.100, 0.100, 0.100, 0.100, 0.100, 0.100, 0.100, 0.100, 0.100, 0.100, 0.100, 0.100, 0.100, 0.100, 0.100, 0.100, 0.100, 0.100, 0.100, 0.100, 0.100, 0.100, 0.100, 0.100, 0.100, 0.100]
    Layer 34: sigma=[0.100, 0.100, 0.100, 0.100, 0.100, 0.100, 0.100, 0.100, 0.100, 0.100, 0.100, 0.100, 0.100, 0.100, 0.100, 0.100, 0.100, 0.100, 0.100, 0.104, 0.100, 0.100, 0.100, 0.100, 0.100, 0.100, 0.100, 0.100, 0.100, 0.100, 0.100, 0.100]
    Layer 35: sigma=[0.100, 0.100, 0.100, 0.100, 0.100, 0.100, 0.100, 0.100, 0.100, 0.100, 0.100, 0.100, 0.100, 0.100, 0.100, 0.100, 0.100, 0.100, 0.100, 0.100, 0.100, 0.100, 0.140, 0.100, 0.100, 0.100, 0.100, 0.100, 0.100, 0.100, 0.100, 0.100]

  [Taylor Step 3/3] g_proj = v_proj * alpha (damping=0.01)...
    Layer  0: alpha=0.060454  teacher_rms=0.0163  v_rms=0.0027
    Layer  1: alpha=0.060618  teacher_rms=0.0205  v_rms=0.0034
    Layer  2: alpha=0.056981  teacher_rms=0.0214  v_rms=0.0038
    Layer  3: alpha=0.048795  teacher_rms=0.0259  v_rms=0.0053
    Layer  4: alpha=0.047479  teacher_rms=0.0304  v_rms=0.0064
    Layer  5: alpha=0.061992  teacher_rms=0.0409  v_rms=0.0066
    Layer  6: alpha=0.078215  teacher_rms=0.0621  v_rms=0.0079
    Layer  7: alpha=0.045793  teacher_rms=0.0530  v_rms=0.0116
    Layer  9: alpha=0.035327  teacher_rms=0.0713  v_rms=0.0202
    Layer 10: alpha=0.051225  teacher_rms=0.1092  v_rms=0.0213
    Layer 11: alpha=0.062403  teacher_rms=0.1046  v_rms=0.0168
    Layer 12: alpha=0.060914  teacher_rms=0.1207  v_rms=0.0198
    Layer 13: alpha=0.052069  teacher_rms=0.1040  v_rms=0.0200
    Layer 14: alpha=0.065326  teacher_rms=0.1547  v_rms=0.0237
    Layer 15: alpha=0.057822  teacher_rms=0.1576  v_rms=0.0273
    Layer 16: alpha=0.041011  teacher_rms=0.1473  v_rms=0.0359
    Layer 17: alpha=0.045350  teacher_rms=0.1753  v_rms=0.0387
    Layer 18: alpha=0.047147  teacher_rms=0.1990  v_rms=0.0422
    Layer 19: alpha=0.055695  teacher_rms=0.2060  v_rms=0.0370
    Layer 20: alpha=0.057530  teacher_rms=0.1966  v_rms=0.0342
    Layer 21: alpha=0.048811  teacher_rms=0.2373  v_rms=0.0486
    Layer 22: alpha=0.054415  teacher_rms=0.2834  v_rms=0.0521
    Layer 23: alpha=0.050955  teacher_rms=0.3098  v_rms=0.0608
    Layer 24: alpha=0.033747  teacher_rms=0.2897  v_rms=0.0858
    Layer 25: alpha=0.040058  teacher_rms=0.2376  v_rms=0.0593
    Layer 26: alpha=0.029256  teacher_rms=0.2124  v_rms=0.0726
    Layer 27: alpha=0.037070  teacher_rms=0.3083  v_rms=0.0832
    Layer 28: alpha=0.042583  teacher_rms=0.3705  v_rms=0.0870
    Layer 29: alpha=0.017344  teacher_rms=0.2548  v_rms=0.1469
    Layer 30: alpha=0.028903  teacher_rms=0.4297  v_rms=0.1487
    Layer 31: alpha=0.021159  teacher_rms=0.3785  v_rms=0.1789
    Layer 32: alpha=0.023899  teacher_rms=0.5288  v_rms=0.2213
    Layer 33: alpha=0.018560  teacher_rms=0.6404  v_rms=0.3451
    Layer 34: alpha=0.033170  teacher_rms=1.0325  v_rms=0.3113
    Layer 35: alpha=0.059446  teacher_rms=1.0168  v_rms=0.1710

  Set g_proj = v_proj * alpha in 35 GDN layers (damping=0.01).
  Init (taylor_init) done in 424.2s
  Layer 8: PPL = 7475359.00  (eval 13.2s)

============================================================
  Probing layer 9 | strategy=taylor_init
============================================================
Loading checkpoint shards:   0%|          | 0/4 [00:00<?, ?it/s]Loading checkpoint shards: 100%|██████████| 4/4 [00:00<00:00, 142.12it/s]
Could not cache non-existence of file. Will ignore error and continue. Error: [Errno 13] Permission denied: '/data/shared/huggingface/hub/models--Qwen--Qwen3-8B/.no_exist/b968826d9c46dd6066d109eabc6255188de91218/model.safetensors'
Loading checkpoint shards:   0%|          | 0/5 [00:00<?, ?it/s]Loading checkpoint shards: 100%|██████████| 5/5 [00:00<00:00, 184.39it/s]
Token indices sequence length is longer than the specified maximum sequence length for this model (2429029 > 131072). Running this sequence through the model will result in indexing errors
  [Taylor Step 1/3] Gate calibration from attention stats...
    Layer  0: dist=[32, 3, 12, 35, 12, 26, 9, 11, 19, 6, 8, 9, 18, 34, 31, 10, 16, 19, 16, 14, 13, 23, 4, 12, 5, 52, 10, 43, 15, 36, 15, 14]
    Layer  1: dist=[19, 38, 25, 44, 3, 15, 31, 11, 45, 36, 65, 60, 34, 47, 51, 38, 32, 54, 57, 33, 56, 24, 40, 40, 37, 9, 44, 41, 83, 31, 37, 49]
    Layer  2: dist=[65, 65, 67, 62, 26, 45, 33, 43, 39, 47, 56, 56, 53, 46, 46, 60, 61, 49, 54, 43, 49, 67, 48, 50, 25, 24, 21, 35, 73, 73, 77, 74]
    Layer  3: dist=[65, 26, 13, 22, 87, 93, 83, 73, 56, 53, 62, 58, 90, 73, 75, 74, 59, 62, 51, 67, 74, 60, 64, 65, 64, 56, 52, 59, 70, 63, 72, 65]
    Layer  4: dist=[62, 63, 73, 67, 73, 56, 61, 89, 68, 69, 63, 60, 55, 55, 71, 61, 62, 65, 67, 70, 64, 61, 47, 64, 41, 51, 48, 34, 51, 66, 55, 55]
    Layer  5: dist=[36, 48, 55, 35, 61, 68, 52, 51, 5, 18, 73, 61, 54, 78, 59, 52, 41, 32, 50, 48, 51, 55, 48, 59, 73, 73, 80, 80, 43, 44, 46, 58]
    Layer  6: dist=[27, 40, 30, 31, 52, 46, 67, 61, 46, 25, 43, 38, 56, 64, 56, 30, 47, 34, 45, 40, 20, 30, 32, 14, 35, 50, 32, 49, 47, 43, 37, 53]
    Layer  7: dist=[55, 60, 64, 87, 126, 114, 127, 121, 88, 119, 99, 72, 108, 23, 53, 97, 80, 101, 85, 81, 106, 86, 112, 116, 64, 78, 47, 86, 97, 101, 101, 106]
    Layer  8: dist=[83, 87, 90, 58, 81, 77, 69, 78, 86, 99, 87, 90, 94, 86, 96, 70, 116, 107, 103, 96, 92, 106, 100, 111, 92, 72, 95, 67, 84, 72, 79, 74]
    Layer 10: dist=[76, 71, 58, 74, 85, 102, 64, 74, 63, 88, 106, 49, 88, 67, 82, 86, 87, 102, 100, 107, 88, 60, 107, 90, 93, 107, 84, 77, 76, 65, 82, 90]
    Layer 11: dist=[78, 65, 79, 48, 53, 61, 78, 77, 102, 123, 109, 93, 82, 64, 65, 69, 69, 63, 61, 51, 77, 107, 89, 87, 67, 59, 56, 54, 95, 55, 55, 94]
    Layer 12: dist=[21, 72, 79, 61, 87, 83, 66, 70, 63, 62, 74, 77, 86, 81, 82, 87, 39, 68, 59, 94, 102, 112, 97, 103, 93, 2, 107, 38, 81, 88, 113, 91]
    Layer 13: dist=[52, 68, 66, 62, 52, 51, 65, 40, 86, 63, 99, 122, 128, 115, 109, 124, 85, 72, 57, 61, 93, 55, 83, 90, 84, 59, 72, 76, 113, 111, 96, 99]
    Layer 14: dist=[44, 64, 65, 46, 62, 45, 64, 65, 54, 57, 70, 68, 69, 76, 65, 67, 77, 86, 51, 64, 65, 31, 51, 81, 52, 67, 73, 64, 85, 88, 8, 89]
    Layer 15: dist=[80, 44, 79, 38, 37, 38, 79, 67, 90, 60, 46, 104, 68, 107, 79, 89, 61, 57, 64, 68, 58, 60, 50, 51, 49, 34, 86, 62, 72, 84, 71, 49]
    Layer 16: dist=[61, 57, 74, 85, 55, 58, 48, 55, 54, 82, 73, 84, 90, 69, 86, 86, 68, 71, 60, 62, 115, 118, 110, 103, 71, 54, 64, 10, 58, 59, 65, 56]
    Layer 17: dist=[111, 95, 79, 67, 53, 57, 39, 47, 90, 108, 79, 100, 40, 57, 71, 74, 44, 61, 61, 42, 75, 98, 93, 97, 58, 55, 57, 52, 53, 79, 93, 67]
    Layer 18: dist=[34, 45, 35, 33, 56, 78, 74, 57, 64, 67, 66, 79, 61, 60, 57, 62, 46, 74, 72, 52, 68, 47, 65, 96, 58, 62, 61, 63, 52, 53, 79, 56]
    Layer 19: dist=[73, 64, 63, 62, 76, 103, 54, 71, 81, 85, 84, 93, 63, 57, 75, 63, 84, 85, 49, 49, 21, 50, 33, 49, 102, 106, 102, 116, 77, 77, 73, 72]
    Layer 20: dist=[89, 79, 80, 77, 78, 51, 49, 57, 40, 36, 43, 39, 92, 79, 87, 96, 45, 51, 56, 39, 73, 111, 101, 98, 125, 97, 105, 85, 93, 79, 108, 108]
    Layer 21: dist=[44, 50, 56, 68, 115, 65, 96, 118, 118, 61, 71, 69, 46, 41, 44, 42, 75, 75, 83, 65, 89, 99, 95, 96, 64, 62, 60, 80, 73, 79, 60, 88]
    Layer 22: dist=[73, 60, 67, 63, 52, 72, 45, 56, 37, 49, 45, 59, 18, 86, 61, 64, 33, 79, 76, 41, 102, 115, 120, 121, 101, 84, 91, 95, 114, 92, 103, 95]
    Layer 23: dist=[39, 30, 48, 39, 110, 111, 41, 102, 79, 36, 45, 63, 75, 72, 79, 77, 82, 75, 74, 94, 72, 93, 82, 76, 78, 72, 68, 100, 91, 90, 83, 78]
    Layer 24: dist=[79, 124, 109, 101, 99, 109, 111, 97, 102, 105, 104, 84, 78, 75, 89, 74, 81, 86, 98, 88, 120, 103, 102, 117, 65, 73, 79, 51, 95, 111, 98, 88]
    Layer 25: dist=[105, 121, 118, 94, 71, 72, 107, 80, 96, 97, 85, 90, 65, 89, 50, 68, 93, 99, 97, 89, 102, 111, 105, 108, 110, 110, 99, 108, 88, 125, 98, 88]
    Layer 26: dist=[80, 88, 106, 68, 115, 113, 113, 110, 102, 107, 105, 98, 100, 124, 116, 116, 86, 93, 99, 95, 102, 113, 122, 114, 99, 97, 102, 93, 115, 96, 114, 95]
    Layer 27: dist=[87, 108, 103, 117, 98, 105, 101, 86, 77, 100, 107, 99, 78, 109, 80, 86, 96, 99, 99, 104, 91, 112, 113, 92, 110, 113, 116, 117, 107, 77, 92, 117]
    Layer 28: dist=[103, 92, 102, 102, 82, 63, 80, 76, 96, 107, 92, 89, 112, 105, 96, 101, 112, 104, 104, 108, 119, 71, 60, 89, 91, 88, 99, 99, 92, 92, 71, 95]
    Layer 29: dist=[113, 114, 114, 113, 90, 112, 94, 114, 119, 113, 122, 105, 120, 120, 119, 120, 116, 106, 115, 121, 123, 123, 107, 125, 100, 114, 97, 92, 106, 95, 106, 109]
    Layer 30: dist=[75, 102, 99, 100, 102, 100, 90, 67, 117, 117, 115, 120, 105, 104, 113, 101, 97, 78, 120, 122, 51, 120, 100, 110, 119, 119, 119, 118, 106, 110, 107, 102]
    Layer 31: dist=[119, 117, 99, 98, 112, 113, 114, 116, 114, 77, 87, 91, 117, 116, 117, 115, 101, 101, 106, 94, 119, 116, 108, 119, 112, 109, 89, 120, 112, 106, 102, 110]
    Layer 32: dist=[110, 114, 114, 111, 116, 119, 116, 117, 110, 111, 117, 115, 93, 113, 108, 91, 118, 106, 109, 111, 123, 92, 114, 120, 71, 95, 80, 105, 116, 107, 99, 103]
    Layer 33: dist=[102, 120, 112, 119, 91, 102, 57, 94, 116, 116, 113, 113, 114, 115, 113, 116, 114, 117, 106, 109, 112, 96, 110, 113, 111, 119, 122, 118, 110, 111, 107, 104]
    Layer 34: dist=[110, 109, 112, 113, 105, 111, 108, 102, 53, 93, 114, 86, 117, 115, 120, 81, 82, 89, 126, 55, 119, 51, 118, 119, 122, 122, 125, 122, 54, 62, 68, 109]
    Layer 35: dist=[105, 123, 71, 97, 82, 36, 112, 100, 85, 94, 112, 96, 63, 28, 49, 40, 98, 74, 84, 48, 90, 102, 55, 54, 66, 49, 68, 72, 73, 115, 122, 117]

  [Taylor Step 2/3] OLS sigma per head (scaling V, streaming)...
    Layer  0: sigma=[0.615, 0.100, 0.100, 0.100, 0.332, 0.379, 0.100, 0.100, 0.100, 0.148, 0.100, 0.100, 0.100, 0.100, 0.100, 0.258, 0.100, 0.100, 0.100, 0.100, 0.100, 0.100, 0.100, 0.100, 0.100, 0.100, 0.352, 0.100, 0.100, 0.100, 0.161, 0.100]
    Layer  1: sigma=[0.349, 0.100, 0.100, 0.100, 0.100, 0.100, 0.100, 0.100, 0.100, 0.167, 0.246, 0.100, 0.100, 0.100, 0.100, 0.100, 0.100, 0.100, 0.100, 0.100, 0.100, 0.100, 0.100, 0.117, 0.100, 0.100, 0.115, 0.100, 0.100, 0.100, 0.100, 0.100]
    Layer  2: sigma=[0.100, 0.100, 0.100, 0.100, 0.100, 0.100, 0.100, 0.100, 0.109, 0.100, 0.100, 0.100, 0.100, 0.145, 0.100, 0.100, 0.100, 0.219, 0.100, 0.100, 0.100, 0.100, 0.100, 0.100, 0.100, 0.170, 0.100, 0.100, 0.100, 0.100, 0.100, 0.100]
    Layer  3: sigma=[0.100, 0.321, 0.100, 0.153, 0.100, 0.100, 0.100, 0.100, 0.100, 0.100, 0.100, 0.100, 0.100, 0.100, 0.100, 0.100, 0.100, 0.100, 0.100, 0.100, 0.100, 0.107, 0.100, 0.100, 0.100, 0.100, 0.100, 0.100, 0.100, 0.100, 0.100, 0.100]
    Layer  4: sigma=[0.100, 0.100, 0.100, 0.100, 0.100, 0.100, 0.100, 0.100, 0.100, 0.100, 0.100, 0.100, 0.100, 0.100, 0.100, 0.100, 0.100, 0.100, 0.100, 0.100, 0.133, 0.137, 0.312, 0.100, 0.100, 0.100, 0.100, 0.100, 0.100, 0.100, 0.100, 0.100]
    Layer  5: sigma=[0.100, 0.100, 0.100, 0.100, 0.100, 0.100, 0.100, 0.100, 0.100, 0.136, 0.100, 0.109, 0.100, 0.100, 0.100, 0.121, 0.100, 0.183, 0.100, 0.100, 0.100, 0.100, 0.100, 0.100, 0.100, 0.100, 0.100, 0.100, 0.100, 0.100, 0.100, 0.100]
    Layer  6: sigma=[0.100, 0.100, 0.100, 0.100, 0.100, 0.100, 0.100, 0.100, 0.100, 0.100, 0.100, 0.100, 0.100, 0.100, 0.100, 0.100, 0.100, 0.100, 0.100, 0.100, 0.156, 0.100, 0.100, 0.100, 0.100, 0.100, 0.100, 0.100, 0.100, 0.100, 0.100, 0.100]
    Layer  7: sigma=[0.100, 0.168, 0.100, 0.100, 0.114, 0.100, 0.100, 0.100, 0.100, 0.100, 0.100, 0.100, 0.100, 0.100, 0.100, 0.100, 0.100, 0.100, 0.100, 0.100, 0.100, 0.100, 0.100, 0.100, 0.100, 0.100, 0.100, 0.100, 0.100, 0.100, 0.100, 0.100]
    Layer  8: sigma=[0.100, 0.100, 0.100, 0.100, 0.100, 0.100, 0.100, 0.100, 0.100, 0.100, 0.100, 0.100, 0.100, 0.100, 0.100, 0.100, 0.100, 0.100, 0.100, 0.100, 0.100, 0.100, 0.100, 0.100, 0.100, 0.100, 0.100, 0.160, 0.100, 0.100, 0.100, 0.100]
    Layer 10: sigma=[0.100, 0.100, 0.100, 0.100, 0.100, 0.100, 0.100, 0.100, 0.100, 0.100, 0.100, 0.100, 0.100, 0.100, 0.100, 0.100, 0.100, 0.100, 0.100, 0.100, 0.100, 0.100, 0.100, 0.100, 0.100, 0.100, 0.100, 0.100, 0.100, 0.100, 0.100, 0.100]
    Layer 11: sigma=[0.100, 0.100, 0.100, 0.100, 0.128, 0.100, 0.100, 0.100, 0.100, 0.100, 0.100, 0.100, 0.100, 0.100, 0.242, 0.100, 0.100, 0.100, 0.100, 0.100, 0.100, 0.100, 0.100, 0.100, 0.100, 0.100, 0.162, 0.100, 0.100, 0.100, 0.100, 0.100]
    Layer 12: sigma=[0.100, 0.100, 0.100, 0.100, 0.100, 0.100, 0.100, 0.100, 0.100, 0.102, 0.100, 0.106, 0.100, 0.100, 0.100, 0.100, 0.100, 0.313, 0.181, 0.100, 0.100, 0.100, 0.100, 0.100, 0.100, 0.100, 0.100, 0.208, 0.100, 0.100, 0.120, 0.100]
    Layer 13: sigma=[0.217, 0.100, 0.100, 0.312, 0.100, 0.100, 0.100, 0.100, 0.100, 0.100, 0.100, 0.100, 0.100, 0.100, 0.100, 0.100, 0.100, 0.100, 0.100, 0.120, 0.100, 0.100, 0.100, 0.100, 0.100, 0.100, 0.100, 0.100, 0.100, 0.100, 0.100, 0.100]
    Layer 14: sigma=[0.100, 0.100, 0.100, 0.100, 0.100, 0.421, 0.100, 0.100, 0.100, 0.100, 0.100, 0.100, 0.100, 0.100, 0.100, 0.100, 0.100, 0.100, 0.100, 0.100, 0.100, 0.100, 0.100, 0.100, 0.120, 0.111, 0.100, 0.100, 0.100, 0.100, 0.100, 0.100]
    Layer 15: sigma=[0.100, 0.189, 0.100, 0.100, 0.100, 0.109, 0.100, 0.100, 0.100, 0.100, 0.100, 0.100, 0.212, 0.100, 0.100, 0.100, 0.100, 0.100, 0.100, 0.100, 0.100, 0.100, 0.100, 0.100, 0.153, 0.100, 0.100, 0.100, 0.100, 0.100, 0.100, 0.100]
    Layer 16: sigma=[0.100, 0.100, 0.100, 0.100, 0.100, 0.100, 0.100, 0.100, 0.100, 0.100, 0.100, 0.100, 0.100, 0.100, 0.100, 0.100, 0.100, 0.100, 0.100, 0.100, 0.100, 0.100, 0.100, 0.100, 0.100, 0.100, 0.100, 0.371, 0.100, 0.100, 0.100, 0.100]
    Layer 17: sigma=[0.100, 0.100, 0.100, 0.100, 0.100, 0.141, 0.100, 0.100, 0.100, 0.100, 0.100, 0.100, 0.100, 0.100, 0.100, 0.100, 0.151, 0.100, 0.100, 0.443, 0.100, 0.100, 0.100, 0.111, 0.171, 0.100, 0.435, 0.100, 0.100, 0.100, 0.100, 0.100]
    Layer 18: sigma=[0.100, 0.477, 0.100, 0.100, 0.100, 0.100, 0.100, 0.206, 0.100, 0.100, 0.100, 0.100, 0.100, 0.100, 0.100, 0.100, 0.161, 0.100, 0.100, 0.100, 0.100, 0.100, 0.100, 0.100, 0.100, 0.100, 0.100, 0.100, 0.100, 0.100, 0.100, 0.100]
    Layer 19: sigma=[0.100, 0.100, 0.100, 0.100, 0.100, 0.100, 0.100, 0.100, 0.100, 0.100, 0.100, 0.100, 0.141, 0.100, 0.100, 0.185, 0.100, 0.100, 0.100, 0.279, 0.100, 0.100, 0.100, 0.100, 0.100, 0.100, 0.100, 0.100, 0.100, 0.100, 0.100, 0.100]
    Layer 20: sigma=[0.100, 0.100, 0.100, 0.100, 0.100, 0.193, 0.100, 0.100, 0.155, 0.101, 0.100, 0.100, 0.100, 0.100, 0.100, 0.117, 0.100, 0.130, 0.100, 0.100, 0.100, 0.100, 0.100, 0.100, 0.100, 0.100, 0.100, 0.100, 0.100, 0.100, 0.100, 0.100]
    Layer 21: sigma=[0.100, 0.131, 0.100, 0.100, 0.100, 0.100, 0.100, 0.100, 0.100, 0.153, 0.100, 0.261, 0.100, 0.100, 0.133, 0.100, 0.100, 0.100, 0.100, 0.100, 0.100, 0.101, 0.100, 0.100, 0.100, 0.100, 0.100, 0.100, 0.100, 0.100, 0.234, 0.100]
    Layer 22: sigma=[0.170, 0.100, 0.100, 0.100, 0.136, 0.130, 0.100, 0.209, 0.120, 0.100, 0.100, 0.100, 0.100, 0.100, 0.100, 0.108, 0.100, 0.100, 0.100, 0.100, 0.100, 0.100, 0.100, 0.100, 0.100, 0.100, 0.100, 0.100, 0.100, 0.100, 0.100, 0.100]
    Layer 23: sigma=[0.174, 0.260, 0.157, 0.100, 0.100, 0.100, 0.100, 0.100, 0.100, 0.233, 0.100, 0.100, 0.100, 0.100, 0.100, 0.100, 0.100, 0.100, 0.100, 0.100, 0.100, 0.100, 0.100, 0.100, 0.100, 0.100, 0.100, 0.100, 0.100, 0.100, 0.130, 0.222]
    Layer 24: sigma=[0.100, 0.100, 0.100, 0.100, 0.100, 0.100, 0.100, 0.100, 0.100, 0.100, 0.100, 0.100, 0.100, 0.100, 0.100, 0.116, 0.100, 0.100, 0.100, 0.100, 0.100, 0.100, 0.100, 0.100, 0.203, 0.409, 0.100, 0.395, 0.100, 0.100, 0.100, 0.100]
    Layer 25: sigma=[0.100, 0.100, 0.100, 0.100, 0.100, 0.100, 0.100, 0.100, 0.100, 0.100, 0.100, 0.100, 0.100, 0.100, 0.100, 0.100, 0.100, 0.100, 0.100, 0.100, 0.100, 0.100, 0.100, 0.100, 0.100, 0.100, 0.100, 0.100, 0.100, 0.100, 0.100, 0.100]
    Layer 26: sigma=[0.100, 0.100, 0.100, 0.100, 0.100, 0.100, 0.100, 0.100, 0.100, 0.100, 0.100, 0.100, 0.100, 0.100, 0.100, 0.100, 0.100, 0.100, 0.100, 0.100, 0.100, 0.100, 0.100, 0.100, 0.100, 0.100, 0.100, 0.100, 0.100, 0.100, 0.100, 0.100]
    Layer 27: sigma=[0.100, 0.100, 0.100, 0.100, 0.100, 0.100, 0.100, 0.100, 0.100, 0.100, 0.100, 0.100, 0.100, 0.100, 0.100, 0.100, 0.100, 0.100, 0.100, 0.100, 0.100, 0.100, 0.100, 0.100, 0.100, 0.100, 0.100, 0.100, 0.100, 0.112, 0.100, 0.100]
    Layer 28: sigma=[0.100, 0.100, 0.100, 0.100, 0.100, 0.100, 0.100, 0.155, 0.100, 0.100, 0.100, 0.100, 0.100, 0.100, 0.100, 0.100, 0.100, 0.100, 0.100, 0.100, 0.100, 0.100, 0.100, 0.100, 0.100, 0.100, 0.100, 0.100, 0.100, 0.100, 0.100, 0.100]
    Layer 29: sigma=[0.100, 0.100, 0.100, 0.100, 0.100, 0.100, 0.100, 0.100, 0.100, 0.100, 0.100, 0.100, 0.100, 0.100, 0.100, 0.100, 0.100, 0.100, 0.100, 0.100, 0.100, 0.100, 0.100, 0.100, 0.100, 0.100, 0.100, 0.100, 0.100, 0.100, 0.100, 0.100]
    Layer 30: sigma=[0.100, 0.100, 0.100, 0.100, 0.100, 0.100, 0.100, 0.100, 0.100, 0.100, 0.100, 0.100, 0.100, 0.100, 0.100, 0.100, 0.100, 0.100, 0.100, 0.100, 0.106, 0.100, 0.100, 0.100, 0.100, 0.100, 0.100, 0.100, 0.100, 0.100, 0.100, 0.100]
    Layer 31: sigma=[0.100, 0.100, 0.100, 0.100, 0.100, 0.100, 0.100, 0.100, 0.100, 0.100, 0.100, 0.100, 0.100, 0.100, 0.100, 0.100, 0.100, 0.100, 0.100, 0.112, 0.100, 0.100, 0.100, 0.100, 0.100, 0.100, 0.100, 0.100, 0.100, 0.100, 0.100, 0.100]
    Layer 32: sigma=[0.100, 0.100, 0.100, 0.100, 0.100, 0.100, 0.100, 0.100, 0.100, 0.100, 0.100, 0.100, 0.100, 0.100, 0.100, 0.100, 0.100, 0.100, 0.100, 0.100, 0.100, 0.100, 0.100, 0.100, 0.100, 0.100, 0.100, 0.100, 0.100, 0.100, 0.100, 0.100]
    Layer 33: sigma=[0.100, 0.100, 0.100, 0.100, 0.100, 0.100, 0.100, 0.100, 0.100, 0.100, 0.100, 0.100, 0.100, 0.100, 0.100, 0.100, 0.100, 0.100, 0.100, 0.100, 0.100, 0.100, 0.100, 0.100, 0.100, 0.100, 0.100, 0.100, 0.100, 0.100, 0.100, 0.100]
    Layer 34: sigma=[0.100, 0.100, 0.100, 0.100, 0.100, 0.100, 0.100, 0.100, 0.100, 0.100, 0.100, 0.100, 0.100, 0.100, 0.100, 0.100, 0.100, 0.100, 0.100, 0.100, 0.100, 0.100, 0.100, 0.100, 0.100, 0.100, 0.100, 0.100, 0.100, 0.100, 0.100, 0.100]
    Layer 35: sigma=[0.100, 0.100, 0.100, 0.100, 0.124, 0.100, 0.100, 0.100, 0.100, 0.100, 0.100, 0.100, 0.100, 0.100, 0.100, 0.100, 0.100, 0.100, 0.100, 0.100, 0.100, 0.100, 0.120, 0.100, 0.100, 0.100, 0.100, 0.100, 0.100, 0.100, 0.100, 0.100]

  [Taylor Step 3/3] g_proj = v_proj * alpha (damping=0.01)...
    Layer  0: alpha=0.060404  teacher_rms=0.0163  v_rms=0.0027
    Layer  1: alpha=0.060905  teacher_rms=0.0205  v_rms=0.0034
    Layer  2: alpha=0.057069  teacher_rms=0.0214  v_rms=0.0038
    Layer  3: alpha=0.048857  teacher_rms=0.0259  v_rms=0.0053
    Layer  4: alpha=0.047523  teacher_rms=0.0304  v_rms=0.0064
    Layer  5: alpha=0.061781  teacher_rms=0.0409  v_rms=0.0066
    Layer  6: alpha=0.078322  teacher_rms=0.0621  v_rms=0.0079
    Layer  7: alpha=0.045669  teacher_rms=0.0530  v_rms=0.0116
    Layer  8: alpha=0.047841  teacher_rms=0.0708  v_rms=0.0148
    Layer 10: alpha=0.051225  teacher_rms=0.1092  v_rms=0.0213
    Layer 11: alpha=0.063426  teacher_rms=0.1046  v_rms=0.0165
    Layer 12: alpha=0.060231  teacher_rms=0.1207  v_rms=0.0200
    Layer 13: alpha=0.053714  teacher_rms=0.1040  v_rms=0.0194
    Layer 14: alpha=0.063360  teacher_rms=0.1547  v_rms=0.0244
    Layer 15: alpha=0.057488  teacher_rms=0.1576  v_rms=0.0274
    Layer 16: alpha=0.043429  teacher_rms=0.1473  v_rms=0.0339
    Layer 17: alpha=0.042009  teacher_rms=0.1753  v_rms=0.0417
    Layer 18: alpha=0.044374  teacher_rms=0.1990  v_rms=0.0448
    Layer 19: alpha=0.055591  teacher_rms=0.2060  v_rms=0.0371
    Layer 20: alpha=0.056532  teacher_rms=0.1966  v_rms=0.0348
    Layer 21: alpha=0.053509  teacher_rms=0.2373  v_rms=0.0443
    Layer 22: alpha=0.056453  teacher_rms=0.2834  v_rms=0.0502
    Layer 23: alpha=0.053138  teacher_rms=0.3098  v_rms=0.0583
    Layer 24: alpha=0.032632  teacher_rms=0.2897  v_rms=0.0888
    Layer 25: alpha=0.040058  teacher_rms=0.2376  v_rms=0.0593
    Layer 26: alpha=0.029256  teacher_rms=0.2124  v_rms=0.0726
    Layer 27: alpha=0.036982  teacher_rms=0.3083  v_rms=0.0834
    Layer 28: alpha=0.042044  teacher_rms=0.3705  v_rms=0.0881
    Layer 29: alpha=0.017344  teacher_rms=0.2548  v_rms=0.1469
    Layer 30: alpha=0.029006  teacher_rms=0.4297  v_rms=0.1482
    Layer 31: alpha=0.021176  teacher_rms=0.3785  v_rms=0.1787
    Layer 32: alpha=0.023899  teacher_rms=0.5288  v_rms=0.2213
    Layer 33: alpha=0.018560  teacher_rms=0.6404  v_rms=0.3451
    Layer 34: alpha=0.033190  teacher_rms=1.0325  v_rms=0.3111
    Layer 35: alpha=0.059412  teacher_rms=1.0168  v_rms=0.1711

  Set g_proj = v_proj * alpha in 35 GDN layers (damping=0.01).
  Init (taylor_init) done in 329.2s
  Layer 9: PPL = 8333768.50  (eval 13.2s)

============================================================
  Probing layer 10 | strategy=taylor_init
============================================================
Loading checkpoint shards:   0%|          | 0/4 [00:00<?, ?it/s]Loading checkpoint shards: 100%|██████████| 4/4 [00:00<00:00, 141.72it/s]
Could not cache non-existence of file. Will ignore error and continue. Error: [Errno 13] Permission denied: '/data/shared/huggingface/hub/models--Qwen--Qwen3-8B/.no_exist/b968826d9c46dd6066d109eabc6255188de91218/model.safetensors'
Loading checkpoint shards:   0%|          | 0/5 [00:00<?, ?it/s]Loading checkpoint shards: 100%|██████████| 5/5 [00:00<00:00, 182.78it/s]
Token indices sequence length is longer than the specified maximum sequence length for this model (2429029 > 131072). Running this sequence through the model will result in indexing errors
  [Taylor Step 1/3] Gate calibration from attention stats...
    Layer  0: dist=[32, 3, 12, 35, 12, 26, 9, 11, 19, 6, 8, 9, 18, 34, 31, 10, 16, 19, 16, 14, 13, 23, 4, 12, 5, 52, 10, 43, 15, 36, 15, 14]
    Layer  1: dist=[19, 38, 25, 44, 3, 15, 31, 11, 45, 36, 65, 60, 34, 47, 51, 38, 32, 54, 57, 33, 56, 24, 40, 40, 37, 9, 44, 41, 83, 31, 37, 49]
    Layer  2: dist=[65, 65, 67, 62, 26, 45, 33, 43, 39, 47, 56, 56, 53, 46, 46, 60, 61, 49, 54, 43, 49, 67, 48, 50, 25, 24, 21, 35, 73, 73, 77, 74]
    Layer  3: dist=[65, 26, 13, 22, 87, 93, 83, 73, 56, 53, 62, 58, 90, 73, 75, 74, 59, 62, 51, 67, 74, 60, 64, 65, 64, 56, 52, 59, 70, 63, 72, 65]
    Layer  4: dist=[62, 63, 73, 67, 73, 56, 61, 89, 68, 69, 63, 60, 55, 55, 71, 61, 62, 65, 67, 70, 64, 61, 47, 64, 41, 51, 48, 34, 51, 66, 55, 55]
    Layer  5: dist=[36, 48, 55, 35, 61, 68, 52, 51, 5, 18, 73, 61, 54, 78, 59, 52, 41, 32, 50, 48, 51, 55, 48, 59, 73, 73, 80, 80, 43, 44, 46, 58]
    Layer  6: dist=[27, 40, 30, 31, 52, 46, 67, 61, 46, 25, 43, 38, 56, 64, 56, 30, 47, 34, 45, 40, 20, 30, 32, 14, 35, 50, 32, 49, 47, 43, 37, 53]
    Layer  7: dist=[55, 60, 64, 87, 126, 114, 127, 121, 88, 119, 99, 72, 108, 23, 53, 97, 80, 101, 85, 81, 106, 86, 112, 116, 64, 78, 47, 86, 97, 101, 101, 106]
    Layer  8: dist=[83, 87, 90, 58, 81, 77, 69, 78, 86, 99, 87, 90, 94, 86, 96, 70, 116, 107, 103, 96, 92, 106, 100, 111, 92, 72, 95, 67, 84, 72, 79, 74]
    Layer  9: dist=[76, 60, 61, 67, 83, 97, 96, 74, 123, 120, 118, 112, 27, 87, 63, 85, 93, 100, 114, 125, 87, 77, 60, 70, 119, 81, 91, 97, 125, 113, 127, 123]
    Layer 11: dist=[78, 65, 79, 48, 53, 61, 78, 77, 102, 123, 109, 93, 82, 64, 65, 69, 69, 63, 61, 51, 77, 107, 89, 87, 67, 59, 56, 54, 95, 55, 55, 94]
    Layer 12: dist=[21, 72, 79, 61, 87, 83, 66, 70, 63, 62, 74, 77, 86, 81, 82, 87, 39, 68, 59, 94, 102, 112, 97, 103, 93, 2, 107, 38, 81, 88, 113, 91]
    Layer 13: dist=[52, 68, 66, 62, 52, 51, 65, 40, 86, 63, 99, 122, 128, 115, 109, 124, 85, 72, 57, 61, 93, 55, 83, 90, 84, 59, 72, 76, 113, 111, 96, 99]
    Layer 14: dist=[44, 64, 65, 46, 62, 45, 64, 65, 54, 57, 70, 68, 69, 76, 65, 67, 77, 86, 51, 64, 65, 31, 51, 81, 52, 67, 73, 64, 85, 88, 8, 89]
    Layer 15: dist=[80, 44, 79, 38, 37, 38, 79, 67, 90, 60, 46, 104, 68, 107, 79, 89, 61, 57, 64, 68, 58, 60, 50, 51, 49, 34, 86, 62, 72, 84, 71, 49]
    Layer 16: dist=[61, 57, 74, 85, 55, 58, 48, 55, 54, 82, 73, 84, 90, 69, 86, 86, 68, 71, 60, 62, 115, 118, 110, 103, 71, 54, 64, 10, 58, 59, 65, 56]
    Layer 17: dist=[111, 95, 79, 67, 53, 57, 39, 47, 90, 108, 79, 100, 40, 57, 71, 74, 44, 61, 61, 42, 75, 98, 93, 97, 58, 55, 57, 52, 53, 79, 93, 67]
    Layer 18: dist=[34, 45, 35, 33, 56, 78, 74, 57, 64, 67, 66, 79, 61, 60, 57, 62, 46, 74, 72, 52, 68, 47, 65, 96, 58, 62, 61, 63, 52, 53, 79, 56]
    Layer 19: dist=[73, 64, 63, 62, 76, 103, 54, 71, 81, 85, 84, 93, 63, 57, 75, 63, 84, 85, 49, 49, 21, 50, 33, 49, 102, 106, 102, 116, 77, 77, 73, 72]
    Layer 20: dist=[89, 79, 80, 77, 78, 51, 49, 57, 40, 36, 43, 39, 92, 79, 87, 96, 45, 51, 56, 39, 73, 111, 101, 98, 125, 97, 105, 85, 93, 79, 108, 108]
    Layer 21: dist=[44, 50, 56, 68, 115, 65, 96, 118, 118, 61, 71, 69, 46, 41, 44, 42, 75, 75, 83, 65, 89, 99, 95, 96, 64, 62, 60, 80, 73, 79, 60, 88]
    Layer 22: dist=[73, 60, 67, 63, 52, 72, 45, 56, 37, 49, 45, 59, 18, 86, 61, 64, 33, 79, 76, 41, 102, 115, 120, 121, 101, 84, 91, 95, 114, 92, 103, 95]
    Layer 23: dist=[39, 30, 48, 39, 110, 111, 41, 102, 79, 36, 45, 63, 75, 72, 79, 77, 82, 75, 74, 94, 72, 93, 82, 76, 78, 72, 68, 100, 91, 90, 83, 78]
    Layer 24: dist=[79, 124, 109, 101, 99, 109, 111, 97, 102, 105, 104, 84, 78, 75, 89, 74, 81, 86, 98, 88, 120, 103, 102, 117, 65, 73, 79, 51, 95, 111, 98, 88]
    Layer 25: dist=[105, 121, 118, 94, 71, 72, 107, 80, 96, 97, 85, 90, 65, 89, 50, 68, 93, 99, 97, 89, 102, 111, 105, 108, 110, 110, 99, 108, 88, 125, 98, 88]
    Layer 26: dist=[80, 88, 106, 68, 115, 113, 113, 110, 102, 107, 105, 98, 100, 124, 116, 116, 86, 93, 99, 95, 102, 113, 122, 114, 99, 97, 102, 93, 115, 96, 114, 95]
    Layer 27: dist=[87, 108, 103, 117, 98, 105, 101, 86, 77, 100, 107, 99, 78, 109, 80, 86, 96, 99, 99, 104, 91, 112, 113, 92, 110, 113, 116, 117, 107, 77, 92, 117]
    Layer 28: dist=[103, 92, 102, 102, 82, 63, 80, 76, 96, 107, 92, 89, 112, 105, 96, 101, 112, 104, 104, 108, 119, 71, 60, 89, 91, 88, 99, 99, 92, 92, 71, 95]
    Layer 29: dist=[113, 114, 114, 113, 90, 112, 94, 114, 119, 113, 122, 105, 120, 120, 119, 120, 116, 106, 115, 121, 123, 123, 107, 125, 100, 114, 97, 92, 106, 95, 106, 109]
    Layer 30: dist=[75, 102, 99, 100, 102, 100, 90, 67, 117, 117, 115, 120, 105, 104, 113, 101, 97, 78, 120, 122, 51, 120, 100, 110, 119, 119, 119, 118, 106, 110, 107, 102]
    Layer 31: dist=[119, 117, 99, 98, 112, 113, 114, 116, 114, 77, 87, 91, 117, 116, 117, 115, 101, 101, 106, 94, 119, 116, 108, 119, 112, 109, 89, 120, 112, 106, 102, 110]
    Layer 32: dist=[110, 114, 114, 111, 116, 119, 116, 117, 110, 111, 117, 115, 93, 113, 108, 91, 118, 106, 109, 111, 123, 92, 114, 120, 71, 95, 80, 105, 116, 107, 99, 103]
    Layer 33: dist=[102, 120, 112, 119, 91, 102, 57, 94, 116, 116, 113, 113, 114, 115, 113, 116, 114, 117, 106, 109, 112, 96, 110, 113, 111, 119, 122, 118, 110, 111, 107, 104]
    Layer 34: dist=[110, 109, 112, 113, 105, 111, 108, 102, 53, 93, 114, 86, 117, 115, 120, 81, 82, 89, 126, 55, 119, 51, 118, 119, 122, 122, 125, 122, 54, 62, 68, 109]
    Layer 35: dist=[105, 123, 71, 97, 82, 36, 112, 100, 85, 94, 112, 96, 63, 28, 49, 40, 98, 74, 84, 48, 90, 102, 55, 54, 66, 49, 68, 72, 73, 115, 122, 117]

  [Taylor Step 2/3] OLS sigma per head (scaling V, streaming)...
    Layer  0: sigma=[0.614, 0.100, 0.100, 0.100, 0.333, 0.380, 0.100, 0.100, 0.100, 0.148, 0.100, 0.100, 0.100, 0.100, 0.100, 0.260, 0.100, 0.100, 0.100, 0.100, 0.100, 0.100, 0.100, 0.100, 0.100, 0.100, 0.350, 0.100, 0.100, 0.100, 0.161, 0.100]
    Layer  1: sigma=[0.352, 0.100, 0.100, 0.100, 0.100, 0.100, 0.100, 0.100, 0.100, 0.165, 0.247, 0.100, 0.100, 0.100, 0.100, 0.100, 0.100, 0.100, 0.100, 0.100, 0.100, 0.100, 0.100, 0.117, 0.100, 0.100, 0.115, 0.100, 0.100, 0.100, 0.100, 0.100]
    Layer  2: sigma=[0.100, 0.100, 0.100, 0.100, 0.100, 0.100, 0.100, 0.100, 0.109, 0.100, 0.100, 0.100, 0.100, 0.144, 0.100, 0.100, 0.100, 0.220, 0.100, 0.100, 0.100, 0.100, 0.100, 0.100, 0.100, 0.171, 0.100, 0.100, 0.100, 0.100, 0.100, 0.100]
    Layer  3: sigma=[0.100, 0.325, 0.100, 0.156, 0.100, 0.100, 0.100, 0.100, 0.100, 0.100, 0.100, 0.100, 0.100, 0.100, 0.100, 0.100, 0.100, 0.100, 0.100, 0.100, 0.100, 0.107, 0.100, 0.100, 0.100, 0.100, 0.100, 0.100, 0.100, 0.100, 0.100, 0.100]
    Layer  4: sigma=[0.100, 0.100, 0.100, 0.100, 0.100, 0.100, 0.100, 0.100, 0.100, 0.100, 0.100, 0.100, 0.100, 0.100, 0.100, 0.100, 0.100, 0.100, 0.100, 0.100, 0.132, 0.140, 0.314, 0.100, 0.100, 0.100, 0.100, 0.100, 0.100, 0.100, 0.100, 0.100]
    Layer  5: sigma=[0.100, 0.100, 0.100, 0.100, 0.100, 0.100, 0.100, 0.100, 0.100, 0.134, 0.100, 0.108, 0.100, 0.100, 0.100, 0.120, 0.100, 0.180, 0.100, 0.100, 0.100, 0.100, 0.100, 0.100, 0.100, 0.100, 0.100, 0.100, 0.100, 0.100, 0.100, 0.100]
    Layer  6: sigma=[0.100, 0.100, 0.100, 0.100, 0.100, 0.100, 0.100, 0.100, 0.100, 0.100, 0.100, 0.100, 0.100, 0.100, 0.100, 0.100, 0.100, 0.100, 0.100, 0.100, 0.155, 0.100, 0.100, 0.100, 0.100, 0.100, 0.100, 0.100, 0.100, 0.100, 0.100, 0.100]
    Layer  7: sigma=[0.100, 0.149, 0.100, 0.100, 0.122, 0.100, 0.100, 0.100, 0.100, 0.100, 0.100, 0.100, 0.100, 0.100, 0.100, 0.100, 0.100, 0.100, 0.100, 0.100, 0.100, 0.100, 0.100, 0.100, 0.100, 0.100, 0.100, 0.100, 0.100, 0.100, 0.100, 0.100]
    Layer  8: sigma=[0.100, 0.100, 0.100, 0.100, 0.100, 0.100, 0.100, 0.100, 0.100, 0.100, 0.100, 0.100, 0.100, 0.100, 0.100, 0.100, 0.100, 0.100, 0.100, 0.100, 0.100, 0.100, 0.100, 0.100, 0.100, 0.100, 0.100, 0.186, 0.100, 0.100, 0.100, 0.100]
    Layer  9: sigma=[0.100, 0.100, 0.100, 0.100, 0.100, 0.100, 0.100, 0.100, 0.100, 0.100, 0.100, 0.100, 0.100, 0.100, 0.556, 0.137, 0.100, 0.100, 0.100, 0.100, 0.100, 0.100, 0.100, 0.100, 0.100, 0.100, 0.100, 0.100, 0.100, 0.100, 0.100, 0.100]
    Layer 11: sigma=[0.100, 0.100, 0.100, 0.100, 0.138, 0.100, 0.100, 0.100, 0.100, 0.113, 0.100, 0.100, 0.100, 0.100, 0.268, 0.100, 0.100, 0.100, 0.100, 0.100, 0.100, 0.100, 0.100, 0.100, 0.100, 0.100, 0.175, 0.100, 0.100, 0.100, 0.100, 0.100]
    Layer 12: sigma=[0.100, 0.100, 0.100, 0.100, 0.100, 0.100, 0.100, 0.100, 0.100, 0.101, 0.100, 0.109, 0.100, 0.100, 0.100, 0.100, 0.100, 0.355, 0.161, 0.100, 0.100, 0.100, 0.100, 0.100, 0.100, 0.100, 0.100, 0.211, 0.100, 0.100, 0.124, 0.100]
    Layer 13: sigma=[0.231, 0.100, 0.100, 0.290, 0.100, 0.100, 0.100, 0.100, 0.100, 0.100, 0.100, 0.100, 0.100, 0.100, 0.100, 0.100, 0.100, 0.100, 0.100, 0.106, 0.100, 0.100, 0.100, 0.100, 0.100, 0.100, 0.100, 0.100, 0.100, 0.100, 0.100, 0.100]
    Layer 14: sigma=[0.100, 0.100, 0.100, 0.100, 0.100, 0.457, 0.100, 0.100, 0.100, 0.100, 0.100, 0.100, 0.100, 0.100, 0.100, 0.100, 0.100, 0.100, 0.100, 0.100, 0.100, 0.100, 0.100, 0.100, 0.101, 0.115, 0.100, 0.100, 0.100, 0.100, 0.100, 0.100]
    Layer 15: sigma=[0.100, 0.186, 0.100, 0.100, 0.100, 0.112, 0.100, 0.100, 0.100, 0.100, 0.100, 0.100, 0.213, 0.100, 0.100, 0.100, 0.100, 0.100, 0.100, 0.100, 0.100, 0.100, 0.100, 0.100, 0.141, 0.100, 0.100, 0.100, 0.100, 0.100, 0.100, 0.100]
    Layer 16: sigma=[0.100, 0.100, 0.100, 0.100, 0.100, 0.100, 0.100, 0.100, 0.100, 0.100, 0.100, 0.100, 0.100, 0.100, 0.100, 0.100, 0.100, 0.100, 0.100, 0.100, 0.100, 0.100, 0.100, 0.100, 0.100, 0.100, 0.100, 0.365, 0.100, 0.100, 0.100, 0.100]
    Layer 17: sigma=[0.100, 0.100, 0.100, 0.100, 0.100, 0.143, 0.100, 0.100, 0.100, 0.100, 0.100, 0.100, 0.100, 0.100, 0.100, 0.100, 0.142, 0.100, 0.100, 0.389, 0.100, 0.100, 0.100, 0.108, 0.158, 0.100, 0.400, 0.100, 0.100, 0.100, 0.100, 0.100]
    Layer 18: sigma=[0.100, 0.415, 0.100, 0.100, 0.100, 0.100, 0.100, 0.194, 0.100, 0.100, 0.100, 0.100, 0.100, 0.100, 0.100, 0.100, 0.140, 0.100, 0.100, 0.100, 0.100, 0.100, 0.100, 0.100, 0.100, 0.100, 0.100, 0.100, 0.100, 0.100, 0.100, 0.100]
    Layer 19: sigma=[0.100, 0.100, 0.100, 0.100, 0.100, 0.100, 0.100, 0.100, 0.100, 0.100, 0.100, 0.100, 0.148, 0.100, 0.100, 0.167, 0.100, 0.100, 0.100, 0.293, 0.100, 0.100, 0.100, 0.100, 0.100, 0.100, 0.100, 0.100, 0.100, 0.100, 0.100, 0.100]
    Layer 20: sigma=[0.100, 0.100, 0.100, 0.100, 0.100, 0.142, 0.100, 0.100, 0.144, 0.100, 0.100, 0.100, 0.100, 0.100, 0.100, 0.123, 0.100, 0.100, 0.100, 0.100, 0.100, 0.100, 0.100, 0.100, 0.100, 0.100, 0.100, 0.100, 0.100, 0.100, 0.100, 0.100]
    Layer 21: sigma=[0.100, 0.140, 0.100, 0.100, 0.100, 0.100, 0.100, 0.100, 0.100, 0.141, 0.100, 0.261, 0.100, 0.100, 0.100, 0.100, 0.100, 0.100, 0.100, 0.104, 0.100, 0.110, 0.100, 0.100, 0.156, 0.100, 0.100, 0.100, 0.100, 0.100, 0.219, 0.100]
    Layer 22: sigma=[0.116, 0.100, 0.100, 0.100, 0.204, 0.100, 0.100, 0.210, 0.118, 0.100, 0.100, 0.100, 0.100, 0.100, 0.100, 0.109, 0.100, 0.100, 0.100, 0.100, 0.100, 0.100, 0.100, 0.100, 0.100, 0.100, 0.100, 0.100, 0.100, 0.100, 0.100, 0.100]
    Layer 23: sigma=[0.168, 0.290, 0.208, 0.100, 0.100, 0.100, 0.103, 0.100, 0.100, 0.265, 0.100, 0.100, 0.100, 0.100, 0.100, 0.100, 0.100, 0.100, 0.100, 0.100, 0.100, 0.100, 0.100, 0.100, 0.100, 0.100, 0.100, 0.100, 0.100, 0.100, 0.117, 0.293]
    Layer 24: sigma=[0.100, 0.100, 0.100, 0.100, 0.100, 0.100, 0.100, 0.100, 0.100, 0.100, 0.100, 0.100, 0.100, 0.100, 0.100, 0.147, 0.100, 0.100, 0.100, 0.100, 0.100, 0.100, 0.100, 0.100, 0.233, 0.383, 0.100, 0.371, 0.100, 0.100, 0.100, 0.100]
    Layer 25: sigma=[0.100, 0.100, 0.100, 0.100, 0.100, 0.100, 0.100, 0.100, 0.100, 0.100, 0.100, 0.100, 0.100, 0.100, 0.100, 0.100, 0.100, 0.100, 0.100, 0.100, 0.100, 0.100, 0.100, 0.100, 0.100, 0.100, 0.100, 0.100, 0.100, 0.100, 0.100, 0.100]
    Layer 26: sigma=[0.116, 0.100, 0.100, 0.100, 0.100, 0.100, 0.100, 0.100, 0.100, 0.100, 0.100, 0.100, 0.100, 0.100, 0.100, 0.100, 0.100, 0.100, 0.100, 0.100, 0.100, 0.100, 0.100, 0.100, 0.100, 0.100, 0.100, 0.100, 0.100, 0.100, 0.100, 0.100]
    Layer 27: sigma=[0.100, 0.100, 0.100, 0.100, 0.100, 0.100, 0.100, 0.100, 0.100, 0.100, 0.100, 0.100, 0.100, 0.100, 0.100, 0.100, 0.100, 0.100, 0.100, 0.100, 0.100, 0.100, 0.100, 0.100, 0.100, 0.100, 0.100, 0.100, 0.100, 0.100, 0.100, 0.100]
    Layer 28: sigma=[0.100, 0.100, 0.100, 0.100, 0.100, 0.136, 0.100, 0.100, 0.100, 0.100, 0.100, 0.100, 0.100, 0.100, 0.100, 0.100, 0.100, 0.100, 0.100, 0.100, 0.100, 0.100, 0.100, 0.100, 0.100, 0.100, 0.100, 0.100, 0.100, 0.100, 0.100, 0.100]
    Layer 29: sigma=[0.100, 0.100, 0.100, 0.100, 0.100, 0.100, 0.100, 0.100, 0.100, 0.100, 0.100, 0.100, 0.100, 0.100, 0.100, 0.100, 0.100, 0.100, 0.100, 0.100, 0.100, 0.100, 0.100, 0.100, 0.100, 0.100, 0.100, 0.100, 0.100, 0.100, 0.100, 0.100]
    Layer 30: sigma=[0.100, 0.100, 0.100, 0.100, 0.100, 0.100, 0.100, 0.100, 0.100, 0.100, 0.100, 0.100, 0.100, 0.100, 0.100, 0.100, 0.100, 0.100, 0.100, 0.100, 0.100, 0.100, 0.100, 0.100, 0.100, 0.100, 0.100, 0.100, 0.100, 0.100, 0.100, 0.100]
    Layer 31: sigma=[0.100, 0.100, 0.100, 0.100, 0.100, 0.100, 0.100, 0.100, 0.100, 0.100, 0.100, 0.100, 0.100, 0.100, 0.100, 0.100, 0.100, 0.100, 0.100, 0.115, 0.100, 0.100, 0.100, 0.100, 0.100, 0.100, 0.100, 0.100, 0.100, 0.100, 0.100, 0.100]
    Layer 32: sigma=[0.100, 0.100, 0.100, 0.100, 0.100, 0.100, 0.100, 0.100, 0.100, 0.100, 0.100, 0.100, 0.100, 0.100, 0.100, 0.100, 0.100, 0.100, 0.100, 0.100, 0.100, 0.100, 0.100, 0.100, 0.100, 0.100, 0.100, 0.100, 0.100, 0.100, 0.100, 0.100]
    Layer 33: sigma=[0.100, 0.100, 0.100, 0.100, 0.100, 0.100, 0.100, 0.100, 0.100, 0.100, 0.100, 0.100, 0.100, 0.100, 0.100, 0.100, 0.100, 0.100, 0.100, 0.100, 0.100, 0.100, 0.100, 0.100, 0.100, 0.100, 0.100, 0.100, 0.100, 0.100, 0.100, 0.100]
    Layer 34: sigma=[0.100, 0.100, 0.100, 0.100, 0.100, 0.100, 0.100, 0.100, 0.100, 0.100, 0.100, 0.100, 0.100, 0.100, 0.100, 0.100, 0.100, 0.100, 0.100, 0.129, 0.100, 0.100, 0.100, 0.100, 0.100, 0.100, 0.100, 0.100, 0.100, 0.100, 0.100, 0.100]
    Layer 35: sigma=[0.100, 0.100, 0.100, 0.100, 0.100, 0.100, 0.100, 0.100, 0.100, 0.100, 0.100, 0.100, 0.100, 0.100, 0.100, 0.100, 0.100, 0.100, 0.100, 0.100, 0.100, 0.100, 0.149, 0.100, 0.100, 0.100, 0.100, 0.100, 0.100, 0.100, 0.100, 0.100]

  [Taylor Step 3/3] g_proj = v_proj * alpha (damping=0.01)...
    Layer  0: alpha=0.060444  teacher_rms=0.0163  v_rms=0.0027
    Layer  1: alpha=0.060771  teacher_rms=0.0205  v_rms=0.0034
    Layer  2: alpha=0.057030  teacher_rms=0.0214  v_rms=0.0038
    Layer  3: alpha=0.048676  teacher_rms=0.0259  v_rms=0.0053
    Layer  4: alpha=0.047462  teacher_rms=0.0304  v_rms=0.0064
    Layer  5: alpha=0.061938  teacher_rms=0.0409  v_rms=0.0066
    Layer  6: alpha=0.078363  teacher_rms=0.0621  v_rms=0.0079
    Layer  7: alpha=0.045973  teacher_rms=0.0530  v_rms=0.0115
    Layer  8: alpha=0.047203  teacher_rms=0.0708  v_rms=0.0150
    Layer  9: alpha=0.035634  teacher_rms=0.0713  v_rms=0.0200
    Layer 11: alpha=0.061698  teacher_rms=0.1046  v_rms=0.0169
    Layer 12: alpha=0.058712  teacher_rms=0.1207  v_rms=0.0206
    Layer 13: alpha=0.054382  teacher_rms=0.1040  v_rms=0.0191
    Layer 14: alpha=0.061816  teacher_rms=0.1547  v_rms=0.0250
    Layer 15: alpha=0.057626  teacher_rms=0.1576  v_rms=0.0274
    Layer 16: alpha=0.043570  teacher_rms=0.1473  v_rms=0.0338
    Layer 17: alpha=0.044148  teacher_rms=0.1753  v_rms=0.0397
    Layer 18: alpha=0.047724  teacher_rms=0.1990  v_rms=0.0417
    Layer 19: alpha=0.055526  teacher_rms=0.2060  v_rms=0.0371
    Layer 20: alpha=0.059115  teacher_rms=0.1966  v_rms=0.0333
    Layer 21: alpha=0.053461  teacher_rms=0.2373  v_rms=0.0444
    Layer 22: alpha=0.056049  teacher_rms=0.2834  v_rms=0.0506
    Layer 23: alpha=0.049133  teacher_rms=0.3098  v_rms=0.0631
    Layer 24: alpha=0.033251  teacher_rms=0.2897  v_rms=0.0871
    Layer 25: alpha=0.040058  teacher_rms=0.2376  v_rms=0.0593
    Layer 26: alpha=0.029095  teacher_rms=0.2124  v_rms=0.0730
    Layer 27: alpha=0.037093  teacher_rms=0.3083  v_rms=0.0831
    Layer 28: alpha=0.042284  teacher_rms=0.3705  v_rms=0.0876
    Layer 29: alpha=0.017344  teacher_rms=0.2548  v_rms=0.1469
    Layer 30: alpha=0.029045  teacher_rms=0.4297  v_rms=0.1480
    Layer 31: alpha=0.021163  teacher_rms=0.3785  v_rms=0.1788
    Layer 32: alpha=0.023899  teacher_rms=0.5288  v_rms=0.2213
    Layer 33: alpha=0.018560  teacher_rms=0.6404  v_rms=0.3451
    Layer 34: alpha=0.033027  teacher_rms=1.0325  v_rms=0.3126
    Layer 35: alpha=0.059257  teacher_rms=1.0168  v_rms=0.1716

  Set g_proj = v_proj * alpha in 35 GDN layers (damping=0.01).
  Init (taylor_init) done in 330.3s
  Layer 10: PPL = 10964012.00  (eval 13.4s)

============================================================
  Probing layer 11 | strategy=taylor_init
============================================================
Loading checkpoint shards:   0%|          | 0/4 [00:00<?, ?it/s]Loading checkpoint shards: 100%|██████████| 4/4 [00:00<00:00, 142.88it/s]
Could not cache non-existence of file. Will ignore error and continue. Error: [Errno 13] Permission denied: '/data/shared/huggingface/hub/models--Qwen--Qwen3-8B/.no_exist/b968826d9c46dd6066d109eabc6255188de91218/model.safetensors'
Loading checkpoint shards:   0%|          | 0/5 [00:00<?, ?it/s]Loading checkpoint shards: 100%|██████████| 5/5 [00:00<00:00, 54.21it/s]
Token indices sequence length is longer than the specified maximum sequence length for this model (2429029 > 131072). Running this sequence through the model will result in indexing errors
  [Taylor Step 1/3] Gate calibration from attention stats...
    Layer  0: dist=[32, 3, 12, 35, 12, 26, 9, 11, 19, 6, 8, 9, 18, 34, 31, 10, 16, 19, 16, 14, 13, 23, 4, 12, 5, 52, 10, 43, 15, 36, 15, 14]
    Layer  1: dist=[19, 38, 25, 44, 3, 15, 31, 11, 45, 36, 65, 60, 34, 47, 51, 38, 32, 54, 57, 33, 56, 24, 40, 40, 37, 9, 44, 41, 83, 31, 37, 49]
    Layer  2: dist=[65, 65, 67, 62, 26, 45, 33, 43, 39, 47, 56, 56, 53, 46, 46, 60, 61, 49, 54, 43, 49, 67, 48, 50, 25, 24, 21, 35, 73, 73, 77, 74]
    Layer  3: dist=[65, 26, 13, 22, 87, 93, 83, 73, 56, 53, 62, 58, 90, 73, 75, 74, 59, 62, 51, 67, 74, 60, 64, 65, 64, 56, 52, 59, 70, 63, 72, 65]
    Layer  4: dist=[62, 63, 73, 67, 73, 56, 61, 89, 68, 69, 63, 60, 55, 55, 71, 61, 62, 65, 67, 70, 64, 61, 47, 64, 41, 51, 48, 34, 51, 66, 55, 55]
    Layer  5: dist=[36, 48, 55, 35, 61, 68, 52, 51, 5, 18, 73, 61, 54, 78, 59, 52, 41, 32, 50, 48, 51, 55, 48, 59, 73, 73, 80, 80, 43, 44, 46, 58]
    Layer  6: dist=[27, 40, 30, 31, 52, 46, 67, 61, 46, 25, 43, 38, 56, 64, 56, 30, 47, 34, 45, 40, 20, 30, 32, 14, 35, 50, 32, 49, 47, 43, 37, 53]
    Layer  7: dist=[55, 60, 64, 87, 126, 114, 127, 121, 88, 119, 99, 72, 108, 23, 53, 97, 80, 101, 85, 81, 106, 86, 112, 116, 64, 78, 47, 86, 97, 101, 101, 106]
    Layer  8: dist=[83, 87, 90, 58, 81, 77, 69, 78, 86, 99, 87, 90, 94, 86, 96, 70, 116, 107, 103, 96, 92, 106, 100, 111, 92, 72, 95, 67, 84, 72, 79, 74]
    Layer  9: dist=[76, 60, 61, 67, 83, 97, 96, 74, 123, 120, 118, 112, 27, 87, 63, 85, 93, 100, 114, 125, 87, 77, 60, 70, 119, 81, 91, 97, 125, 113, 127, 123]
    Layer 10: dist=[76, 71, 58, 74, 85, 102, 64, 74, 63, 88, 106, 49, 88, 67, 82, 86, 87, 102, 100, 107, 88, 60, 107, 90, 93, 107, 84, 77, 76, 65, 82, 90]
    Layer 12: dist=[21, 72, 79, 61, 87, 83, 66, 70, 63, 62, 74, 77, 86, 81, 82, 87, 39, 68, 59, 94, 102, 112, 97, 103, 93, 2, 107, 38, 81, 88, 113, 91]
    Layer 13: dist=[52, 68, 66, 62, 52, 51, 65, 40, 86, 63, 99, 122, 128, 115, 109, 124, 85, 72, 57, 61, 93, 55, 83, 90, 84, 59, 72, 76, 113, 111, 96, 99]
    Layer 14: dist=[44, 64, 65, 46, 62, 45, 64, 65, 54, 57, 70, 68, 69, 76, 65, 67, 77, 86, 51, 64, 65, 31, 51, 81, 52, 67, 73, 64, 85, 88, 8, 89]
    Layer 15: dist=[80, 44, 79, 38, 37, 38, 79, 67, 90, 60, 46, 104, 68, 107, 79, 89, 61, 57, 64, 68, 58, 60, 50, 51, 49, 34, 86, 62, 72, 84, 71, 49]
    Layer 16: dist=[61, 57, 74, 85, 55, 58, 48, 55, 54, 82, 73, 84, 90, 69, 86, 86, 68, 71, 60, 62, 115, 118, 110, 103, 71, 54, 64, 10, 58, 59, 65, 56]
    Layer 17: dist=[111, 95, 79, 67, 53, 57, 39, 47, 90, 108, 79, 100, 40, 57, 71, 74, 44, 61, 61, 42, 75, 98, 93, 97, 58, 55, 57, 52, 53, 79, 93, 67]
    Layer 18: dist=[34, 45, 35, 33, 56, 78, 74, 57, 64, 67, 66, 79, 61, 60, 57, 62, 46, 74, 72, 52, 68, 47, 65, 96, 58, 62, 61, 63, 52, 53, 79, 56]
    Layer 19: dist=[73, 64, 63, 62, 76, 103, 54, 71, 81, 85, 84, 93, 63, 57, 75, 63, 84, 85, 49, 49, 21, 50, 33, 49, 102, 106, 102, 116, 77, 77, 73, 72]
    Layer 20: dist=[89, 79, 80, 77, 78, 51, 49, 57, 40, 36, 43, 39, 92, 79, 87, 96, 45, 51, 56, 39, 73, 111, 101, 98, 125, 97, 105, 85, 93, 79, 108, 108]
    Layer 21: dist=[44, 50, 56, 68, 115, 65, 96, 118, 118, 61, 71, 69, 46, 41, 44, 42, 75, 75, 83, 65, 89, 99, 95, 96, 64, 62, 60, 80, 73, 79, 60, 88]
    Layer 22: dist=[73, 60, 67, 63, 52, 72, 45, 56, 37, 49, 45, 59, 18, 86, 61, 64, 33, 79, 76, 41, 102, 115, 120, 121, 101, 84, 91, 95, 114, 92, 103, 95]
    Layer 23: dist=[39, 30, 48, 39, 110, 111, 41, 102, 79, 36, 45, 63, 75, 72, 79, 77, 82, 75, 74, 94, 72, 93, 82, 76, 78, 72, 68, 100, 91, 90, 83, 78]
    Layer 24: dist=[79, 124, 109, 101, 99, 109, 111, 97, 102, 105, 104, 84, 78, 75, 89, 74, 81, 86, 98, 88, 120, 103, 102, 117, 65, 73, 79, 51, 95, 111, 98, 88]
    Layer 25: dist=[105, 121, 118, 94, 71, 72, 107, 80, 96, 97, 85, 90, 65, 89, 50, 68, 93, 99, 97, 89, 102, 111, 105, 108, 110, 110, 99, 108, 88, 125, 98, 88]
    Layer 26: dist=[80, 88, 106, 68, 115, 113, 113, 110, 102, 107, 105, 98, 100, 124, 116, 116, 86, 93, 99, 95, 102, 113, 122, 114, 99, 97, 102, 93, 115, 96, 114, 95]
    Layer 27: dist=[87, 108, 103, 117, 98, 105, 101, 86, 77, 100, 107, 99, 78, 109, 80, 86, 96, 99, 99, 104, 91, 112, 113, 92, 110, 113, 116, 117, 107, 77, 92, 117]
    Layer 28: dist=[103, 92, 102, 102, 82, 63, 80, 76, 96, 107, 92, 89, 112, 105, 96, 101, 112, 104, 104, 108, 119, 71, 60, 89, 91, 88, 99, 99, 92, 92, 71, 95]
    Layer 29: dist=[113, 114, 114, 113, 90, 112, 94, 114, 119, 113, 122, 105, 120, 120, 119, 120, 116, 106, 115, 121, 123, 123, 107, 125, 100, 114, 97, 92, 106, 95, 106, 109]
    Layer 30: dist=[75, 102, 99, 100, 102, 100, 90, 67, 117, 117, 115, 120, 105, 104, 113, 101, 97, 78, 120, 122, 51, 120, 100, 110, 119, 119, 119, 118, 106, 110, 107, 102]
    Layer 31: dist=[119, 117, 99, 98, 112, 113, 114, 116, 114, 77, 87, 91, 117, 116, 117, 115, 101, 101, 106, 94, 119, 116, 108, 119, 112, 109, 89, 120, 112, 106, 102, 110]
    Layer 32: dist=[110, 114, 114, 111, 116, 119, 116, 117, 110, 111, 117, 115, 93, 113, 108, 91, 118, 106, 109, 111, 123, 92, 114, 120, 71, 95, 80, 105, 116, 107, 99, 103]
    Layer 33: dist=[102, 120, 112, 119, 91, 102, 57, 94, 116, 116, 113, 113, 114, 115, 113, 116, 114, 117, 106, 109, 112, 96, 110, 113, 111, 119, 122, 118, 110, 111, 107, 104]
    Layer 34: dist=[110, 109, 112, 113, 105, 111, 108, 102, 53, 93, 114, 86, 117, 115, 120, 81, 82, 89, 126, 55, 119, 51, 118, 119, 122, 122, 125, 122, 54, 62, 68, 109]
    Layer 35: dist=[105, 123, 71, 97, 82, 36, 112, 100, 85, 94, 112, 96, 63, 28, 49, 40, 98, 74, 84, 48, 90, 102, 55, 54, 66, 49, 68, 72, 73, 115, 122, 117]

  [Taylor Step 2/3] OLS sigma per head (scaling V, streaming)...
    Layer  0: sigma=[0.612, 0.100, 0.100, 0.100, 0.333, 0.379, 0.100, 0.100, 0.100, 0.148, 0.100, 0.100, 0.100, 0.100, 0.100, 0.260, 0.100, 0.100, 0.100, 0.100, 0.100, 0.100, 0.100, 0.100, 0.100, 0.100, 0.351, 0.100, 0.100, 0.100, 0.161, 0.100]
    Layer  1: sigma=[0.349, 0.100, 0.100, 0.100, 0.100, 0.100, 0.100, 0.100, 0.100, 0.168, 0.244, 0.100, 0.100, 0.100, 0.100, 0.100, 0.100, 0.100, 0.100, 0.100, 0.100, 0.100, 0.100, 0.117, 0.100, 0.100, 0.115, 0.100, 0.100, 0.100, 0.100, 0.100]
    Layer  2: sigma=[0.100, 0.100, 0.100, 0.100, 0.100, 0.100, 0.100, 0.100, 0.109, 0.101, 0.100, 0.100, 0.100, 0.146, 0.100, 0.100, 0.100, 0.224, 0.100, 0.100, 0.100, 0.100, 0.100, 0.100, 0.100, 0.170, 0.100, 0.100, 0.100, 0.100, 0.100, 0.100]
    Layer  3: sigma=[0.100, 0.329, 0.100, 0.152, 0.100, 0.100, 0.100, 0.100, 0.100, 0.100, 0.100, 0.100, 0.100, 0.100, 0.100, 0.100, 0.100, 0.100, 0.100, 0.100, 0.100, 0.109, 0.100, 0.100, 0.100, 0.100, 0.100, 0.100, 0.100, 0.100, 0.100, 0.100]
    Layer  4: sigma=[0.100, 0.100, 0.100, 0.100, 0.100, 0.100, 0.100, 0.100, 0.100, 0.100, 0.100, 0.100, 0.100, 0.100, 0.100, 0.100, 0.100, 0.100, 0.100, 0.100, 0.133, 0.138, 0.318, 0.100, 0.100, 0.100, 0.100, 0.100, 0.100, 0.100, 0.100, 0.100]
    Layer  5: sigma=[0.100, 0.100, 0.100, 0.100, 0.100, 0.100, 0.100, 0.100, 0.100, 0.134, 0.100, 0.113, 0.100, 0.100, 0.100, 0.122, 0.100, 0.184, 0.100, 0.100, 0.100, 0.100, 0.100, 0.100, 0.100, 0.100, 0.100, 0.100, 0.100, 0.100, 0.100, 0.100]
    Layer  6: sigma=[0.100, 0.100, 0.100, 0.100, 0.100, 0.100, 0.100, 0.100, 0.100, 0.100, 0.100, 0.100, 0.100, 0.100, 0.100, 0.100, 0.100, 0.100, 0.100, 0.100, 0.151, 0.100, 0.100, 0.100, 0.100, 0.100, 0.100, 0.100, 0.100, 0.100, 0.100, 0.100]
    Layer  7: sigma=[0.100, 0.154, 0.100, 0.100, 0.119, 0.100, 0.100, 0.100, 0.100, 0.100, 0.100, 0.101, 0.100, 0.100, 0.100, 0.100, 0.100, 0.100, 0.100, 0.100, 0.100, 0.100, 0.100, 0.100, 0.100, 0.100, 0.100, 0.100, 0.100, 0.100, 0.100, 0.100]
    Layer  8: sigma=[0.100, 0.100, 0.100, 0.100, 0.100, 0.100, 0.100, 0.100, 0.100, 0.100, 0.100, 0.100, 0.100, 0.100, 0.100, 0.100, 0.100, 0.100, 0.100, 0.100, 0.100, 0.100, 0.100, 0.100, 0.100, 0.100, 0.100, 0.167, 0.100, 0.100, 0.100, 0.100]
    Layer  9: sigma=[0.100, 0.100, 0.100, 0.100, 0.100, 0.100, 0.100, 0.100, 0.100, 0.100, 0.100, 0.100, 0.100, 0.100, 0.667, 0.130, 0.100, 0.100, 0.100, 0.100, 0.100, 0.100, 0.100, 0.100, 0.100, 0.100, 0.100, 0.100, 0.100, 0.100, 0.100, 0.100]
    Layer 10: sigma=[0.100, 0.100, 0.100, 0.100, 0.100, 0.100, 0.100, 0.100, 0.100, 0.100, 0.100, 0.100, 0.100, 0.100, 0.100, 0.100, 0.100, 0.100, 0.100, 0.100, 0.100, 0.100, 0.100, 0.100, 0.100, 0.100, 0.100, 0.100, 0.100, 0.100, 0.100, 0.100]
    Layer 12: sigma=[0.100, 0.100, 0.100, 0.100, 0.100, 0.100, 0.100, 0.100, 0.100, 0.105, 0.100, 0.109, 0.100, 0.100, 0.100, 0.100, 0.100, 0.321, 0.163, 0.100, 0.100, 0.100, 0.100, 0.100, 0.100, 0.100, 0.100, 0.215, 0.100, 0.100, 0.122, 0.100]
    Layer 13: sigma=[0.221, 0.100, 0.100, 0.296, 0.100, 0.100, 0.100, 0.100, 0.100, 0.100, 0.100, 0.100, 0.100, 0.100, 0.100, 0.100, 0.100, 0.100, 0.100, 0.101, 0.100, 0.100, 0.100, 0.100, 0.100, 0.100, 0.100, 0.100, 0.100, 0.100, 0.100, 0.100]
    Layer 14: sigma=[0.100, 0.100, 0.100, 0.100, 0.100, 0.466, 0.100, 0.100, 0.100, 0.100, 0.100, 0.100, 0.100, 0.100, 0.100, 0.100, 0.100, 0.100, 0.100, 0.100, 0.100, 0.100, 0.100, 0.100, 0.114, 0.118, 0.100, 0.100, 0.100, 0.100, 0.100, 0.100]
    Layer 15: sigma=[0.100, 0.223, 0.100, 0.100, 0.100, 0.109, 0.100, 0.100, 0.100, 0.100, 0.100, 0.100, 0.207, 0.100, 0.100, 0.100, 0.100, 0.100, 0.100, 0.100, 0.100, 0.100, 0.100, 0.100, 0.146, 0.100, 0.100, 0.100, 0.100, 0.100, 0.100, 0.100]
    Layer 16: sigma=[0.100, 0.100, 0.100, 0.100, 0.100, 0.100, 0.100, 0.100, 0.100, 0.100, 0.103, 0.100, 0.100, 0.100, 0.100, 0.100, 0.100, 0.100, 0.100, 0.100, 0.100, 0.100, 0.100, 0.100, 0.100, 0.100, 0.100, 0.481, 0.100, 0.100, 0.100, 0.100]
    Layer 17: sigma=[0.100, 0.100, 0.100, 0.100, 0.100, 0.155, 0.100, 0.100, 0.100, 0.100, 0.100, 0.100, 0.100, 0.100, 0.100, 0.100, 0.147, 0.100, 0.100, 0.403, 0.100, 0.100, 0.100, 0.106, 0.148, 0.100, 0.393, 0.100, 0.100, 0.100, 0.100, 0.100]
    Layer 18: sigma=[0.100, 0.545, 0.100, 0.100, 0.100, 0.100, 0.100, 0.196, 0.100, 0.100, 0.100, 0.100, 0.100, 0.100, 0.100, 0.100, 0.153, 0.100, 0.100, 0.100, 0.100, 0.100, 0.100, 0.100, 0.100, 0.100, 0.100, 0.100, 0.100, 0.100, 0.100, 0.100]
    Layer 19: sigma=[0.100, 0.100, 0.100, 0.100, 0.100, 0.100, 0.100, 0.100, 0.100, 0.100, 0.100, 0.100, 0.138, 0.100, 0.100, 0.170, 0.100, 0.100, 0.100, 0.282, 0.100, 0.100, 0.100, 0.114, 0.100, 0.100, 0.100, 0.100, 0.100, 0.100, 0.100, 0.100]
    Layer 20: sigma=[0.100, 0.100, 0.100, 0.100, 0.100, 0.191, 0.100, 0.100, 0.161, 0.100, 0.100, 0.100, 0.100, 0.100, 0.100, 0.114, 0.100, 0.128, 0.100, 0.100, 0.100, 0.100, 0.100, 0.100, 0.100, 0.100, 0.100, 0.100, 0.100, 0.100, 0.100, 0.100]
    Layer 21: sigma=[0.100, 0.106, 0.100, 0.100, 0.100, 0.100, 0.100, 0.100, 0.100, 0.139, 0.100, 0.250, 0.100, 0.100, 0.115, 0.100, 0.100, 0.100, 0.100, 0.100, 0.100, 0.100, 0.100, 0.100, 0.151, 0.100, 0.100, 0.100, 0.100, 0.100, 0.303, 0.100]
    Layer 22: sigma=[0.153, 0.100, 0.100, 0.100, 0.170, 0.100, 0.100, 0.272, 0.130, 0.100, 0.100, 0.100, 0.100, 0.100, 0.100, 0.110, 0.100, 0.100, 0.100, 0.100, 0.100, 0.100, 0.100, 0.100, 0.100, 0.100, 0.100, 0.100, 0.100, 0.100, 0.100, 0.100]
    Layer 23: sigma=[0.165, 0.304, 0.175, 0.100, 0.100, 0.100, 0.116, 0.100, 0.100, 0.234, 0.100, 0.100, 0.100, 0.100, 0.101, 0.100, 0.100, 0.100, 0.100, 0.100, 0.100, 0.100, 0.100, 0.100, 0.100, 0.100, 0.100, 0.100, 0.100, 0.100, 0.169, 0.278]
    Layer 24: sigma=[0.100, 0.100, 0.100, 0.100, 0.100, 0.100, 0.100, 0.100, 0.100, 0.100, 0.100, 0.100, 0.100, 0.100, 0.100, 0.137, 0.100, 0.100, 0.100, 0.100, 0.100, 0.100, 0.100, 0.100, 0.222, 0.348, 0.100, 0.339, 0.100, 0.100, 0.100, 0.100]
    Layer 25: sigma=[0.100, 0.100, 0.100, 0.100, 0.100, 0.100, 0.100, 0.100, 0.100, 0.100, 0.100, 0.100, 0.100, 0.100, 0.116, 0.100, 0.100, 0.100, 0.100, 0.100, 0.100, 0.100, 0.100, 0.100, 0.100, 0.100, 0.100, 0.100, 0.100, 0.100, 0.100, 0.100]
    Layer 26: sigma=[0.100, 0.100, 0.100, 0.100, 0.100, 0.100, 0.100, 0.100, 0.100, 0.100, 0.100, 0.100, 0.100, 0.100, 0.100, 0.100, 0.100, 0.100, 0.100, 0.100, 0.100, 0.100, 0.100, 0.100, 0.100, 0.100, 0.100, 0.100, 0.100, 0.100, 0.100, 0.100]
    Layer 27: sigma=[0.100, 0.100, 0.100, 0.100, 0.100, 0.100, 0.100, 0.100, 0.100, 0.100, 0.100, 0.100, 0.100, 0.100, 0.100, 0.100, 0.100, 0.100, 0.100, 0.100, 0.100, 0.100, 0.100, 0.100, 0.100, 0.100, 0.100, 0.100, 0.100, 0.100, 0.100, 0.100]
    Layer 28: sigma=[0.100, 0.100, 0.100, 0.100, 0.100, 0.148, 0.100, 0.116, 0.100, 0.100, 0.100, 0.100, 0.100, 0.100, 0.100, 0.100, 0.100, 0.100, 0.100, 0.100, 0.100, 0.100, 0.100, 0.100, 0.100, 0.100, 0.100, 0.100, 0.100, 0.100, 0.100, 0.100]
    Layer 29: sigma=[0.100, 0.100, 0.100, 0.100, 0.100, 0.100, 0.100, 0.100, 0.100, 0.100, 0.100, 0.100, 0.100, 0.100, 0.100, 0.100, 0.100, 0.100, 0.100, 0.100, 0.100, 0.100, 0.100, 0.100, 0.100, 0.100, 0.100, 0.100, 0.100, 0.100, 0.100, 0.100]
    Layer 30: sigma=[0.100, 0.100, 0.100, 0.100, 0.100, 0.100, 0.100, 0.100, 0.100, 0.100, 0.100, 0.100, 0.100, 0.100, 0.100, 0.100, 0.100, 0.100, 0.100, 0.100, 0.100, 0.100, 0.100, 0.100, 0.100, 0.100, 0.100, 0.100, 0.100, 0.100, 0.100, 0.100]
    Layer 31: sigma=[0.100, 0.100, 0.100, 0.100, 0.100, 0.100, 0.100, 0.100, 0.100, 0.100, 0.100, 0.100, 0.100, 0.100, 0.100, 0.100, 0.100, 0.100, 0.100, 0.105, 0.100, 0.100, 0.100, 0.100, 0.100, 0.100, 0.100, 0.100, 0.100, 0.100, 0.100, 0.100]
    Layer 32: sigma=[0.100, 0.100, 0.100, 0.100, 0.100, 0.100, 0.100, 0.100, 0.100, 0.100, 0.100, 0.100, 0.100, 0.100, 0.100, 0.100, 0.100, 0.100, 0.100, 0.100, 0.100, 0.100, 0.100, 0.100, 0.100, 0.100, 0.100, 0.100, 0.100, 0.100, 0.100, 0.100]
    Layer 33: sigma=[0.100, 0.100, 0.100, 0.100, 0.100, 0.100, 0.100, 0.100, 0.100, 0.100, 0.100, 0.100, 0.100, 0.100, 0.100, 0.100, 0.100, 0.100, 0.100, 0.100, 0.100, 0.100, 0.100, 0.100, 0.100, 0.100, 0.100, 0.100, 0.100, 0.100, 0.100, 0.100]
    Layer 34: sigma=[0.100, 0.100, 0.100, 0.100, 0.100, 0.100, 0.100, 0.100, 0.100, 0.100, 0.100, 0.100, 0.100, 0.100, 0.100, 0.100, 0.100, 0.100, 0.100, 0.100, 0.100, 0.100, 0.100, 0.100, 0.100, 0.100, 0.100, 0.100, 0.100, 0.100, 0.100, 0.100]
    Layer 35: sigma=[0.100, 0.100, 0.100, 0.100, 0.124, 0.100, 0.100, 0.100, 0.100, 0.100, 0.100, 0.100, 0.100, 0.100, 0.100, 0.100, 0.100, 0.100, 0.100, 0.100, 0.100, 0.100, 0.130, 0.100, 0.100, 0.100, 0.100, 0.100, 0.100, 0.100, 0.100, 0.100]

  [Taylor Step 3/3] g_proj = v_proj * alpha (damping=0.01)...
    Layer  0: alpha=0.060526  teacher_rms=0.0163  v_rms=0.0027
    Layer  1: alpha=0.060965  teacher_rms=0.0205  v_rms=0.0034
    Layer  2: alpha=0.056937  teacher_rms=0.0214  v_rms=0.0038
    Layer  3: alpha=0.048605  teacher_rms=0.0259  v_rms=0.0053
    Layer  4: alpha=0.047345  teacher_rms=0.0304  v_rms=0.0064
    Layer  5: alpha=0.061703  teacher_rms=0.0409  v_rms=0.0066
    Layer  6: alpha=0.078519  teacher_rms=0.0621  v_rms=0.0079
    Layer  7: alpha=0.045896  teacher_rms=0.0530  v_rms=0.0115
    Layer  8: alpha=0.047668  teacher_rms=0.0708  v_rms=0.0148
    Layer  9: alpha=0.032565  teacher_rms=0.0713  v_rms=0.0219
    Layer 10: alpha=0.051225  teacher_rms=0.1092  v_rms=0.0213
    Layer 12: alpha=0.059969  teacher_rms=0.1207  v_rms=0.0201
    Layer 13: alpha=0.054504  teacher_rms=0.1040  v_rms=0.0191
    Layer 14: alpha=0.061197  teacher_rms=0.1547  v_rms=0.0253
    Layer 15: alpha=0.056674  teacher_rms=0.1576  v_rms=0.0278
    Layer 16: alpha=0.040292  teacher_rms=0.1473  v_rms=0.0366
    Layer 17: alpha=0.044164  teacher_rms=0.1753  v_rms=0.0397
    Layer 18: alpha=0.041243  teacher_rms=0.1990  v_rms=0.0483
    Layer 19: alpha=0.055805  teacher_rms=0.2060  v_rms=0.0369
    Layer 20: alpha=0.056587  teacher_rms=0.1966  v_rms=0.0347
    Layer 21: alpha=0.051216  teacher_rms=0.2373  v_rms=0.0463
    Layer 22: alpha=0.054514  teacher_rms=0.2834  v_rms=0.0520
    Layer 23: alpha=0.049353  teacher_rms=0.3098  v_rms=0.0628
    Layer 24: alpha=0.034657  teacher_rms=0.2897  v_rms=0.0836
    Layer 25: alpha=0.039898  teacher_rms=0.2376  v_rms=0.0596
    Layer 26: alpha=0.029256  teacher_rms=0.2124  v_rms=0.0726
    Layer 27: alpha=0.037093  teacher_rms=0.3083  v_rms=0.0831
    Layer 28: alpha=0.041921  teacher_rms=0.3705  v_rms=0.0884
    Layer 29: alpha=0.017344  teacher_rms=0.2548  v_rms=0.1469
    Layer 30: alpha=0.029045  teacher_rms=0.4297  v_rms=0.1480
    Layer 31: alpha=0.021197  teacher_rms=0.3785  v_rms=0.1785
    Layer 32: alpha=0.023899  teacher_rms=0.5288  v_rms=0.2213
    Layer 33: alpha=0.018560  teacher_rms=0.6404  v_rms=0.3451
    Layer 34: alpha=0.033190  teacher_rms=1.0325  v_rms=0.3111
    Layer 35: alpha=0.059231  teacher_rms=1.0168  v_rms=0.1717

  Set g_proj = v_proj * alpha in 35 GDN layers (damping=0.01).
  Init (taylor_init) done in 345.9s
  Layer 11: PPL = 10106071.00  (eval 19.7s)

============================================================
  Probing layer 12 | strategy=taylor_init
============================================================
Loading checkpoint shards:   0%|          | 0/4 [00:00<?, ?it/s]Loading checkpoint shards: 100%|██████████| 4/4 [00:00<00:00, 46.15it/s]
Could not cache non-existence of file. Will ignore error and continue. Error: [Errno 13] Permission denied: '/data/shared/huggingface/hub/models--Qwen--Qwen3-8B/.no_exist/b968826d9c46dd6066d109eabc6255188de91218/model.safetensors'
Loading checkpoint shards:   0%|          | 0/5 [00:00<?, ?it/s]Loading checkpoint shards: 100%|██████████| 5/5 [00:00<00:00, 54.31it/s]
Token indices sequence length is longer than the specified maximum sequence length for this model (2429029 > 131072). Running this sequence through the model will result in indexing errors
  [Taylor Step 1/3] Gate calibration from attention stats...
    Layer  0: dist=[32, 3, 12, 35, 12, 26, 9, 11, 19, 6, 8, 9, 18, 34, 31, 10, 16, 19, 16, 14, 13, 23, 4, 12, 5, 52, 10, 43, 15, 36, 15, 14]
    Layer  1: dist=[19, 38, 25, 44, 3, 15, 31, 11, 45, 36, 65, 60, 34, 47, 51, 38, 32, 54, 57, 33, 56, 24, 40, 40, 37, 9, 44, 41, 83, 31, 37, 49]
    Layer  2: dist=[65, 65, 67, 62, 26, 45, 33, 43, 39, 47, 56, 56, 53, 46, 46, 60, 61, 49, 54, 43, 49, 67, 48, 50, 25, 24, 21, 35, 73, 73, 77, 74]
    Layer  3: dist=[65, 26, 13, 22, 87, 93, 83, 73, 56, 53, 62, 58, 90, 73, 75, 74, 59, 62, 51, 67, 74, 60, 64, 65, 64, 56, 52, 59, 70, 63, 72, 65]
    Layer  4: dist=[62, 63, 73, 67, 73, 56, 61, 89, 68, 69, 63, 60, 55, 55, 71, 61, 62, 65, 67, 70, 64, 61, 47, 64, 41, 51, 48, 34, 51, 66, 55, 55]
    Layer  5: dist=[36, 48, 55, 35, 61, 68, 52, 51, 5, 18, 73, 61, 54, 78, 59, 52, 41, 32, 50, 48, 51, 55, 48, 59, 73, 73, 80, 80, 43, 44, 46, 58]
    Layer  6: dist=[27, 40, 30, 31, 52, 46, 67, 61, 46, 25, 43, 38, 56, 64, 56, 30, 47, 34, 45, 40, 20, 30, 32, 14, 35, 50, 32, 49, 47, 43, 37, 53]
    Layer  7: dist=[55, 60, 64, 87, 126, 114, 127, 121, 88, 119, 99, 72, 108, 23, 53, 97, 80, 101, 85, 81, 106, 86, 112, 116, 64, 78, 47, 86, 97, 101, 101, 106]
    Layer  8: dist=[83, 87, 90, 58, 81, 77, 69, 78, 86, 99, 87, 90, 94, 86, 96, 70, 116, 107, 103, 96, 92, 106, 100, 111, 92, 72, 95, 67, 84, 72, 79, 74]
    Layer  9: dist=[76, 60, 61, 67, 83, 97, 96, 74, 123, 120, 118, 112, 27, 87, 63, 85, 93, 100, 114, 125, 87, 77, 60, 70, 119, 81, 91, 97, 125, 113, 127, 123]
    Layer 10: dist=[76, 71, 58, 74, 85, 102, 64, 74, 63, 88, 106, 49, 88, 67, 82, 86, 87, 102, 100, 107, 88, 60, 107, 90, 93, 107, 84, 77, 76, 65, 82, 90]
    Layer 11: dist=[78, 65, 79, 48, 53, 61, 78, 77, 102, 123, 109, 93, 82, 64, 65, 69, 69, 63, 61, 51, 77, 107, 89, 87, 67, 59, 56, 54, 95, 55, 55, 94]
    Layer 13: dist=[52, 68, 66, 62, 52, 51, 65, 40, 86, 63, 99, 122, 128, 115, 109, 124, 85, 72, 57, 61, 93, 55, 83, 90, 84, 59, 72, 76, 113, 111, 96, 99]
    Layer 14: dist=[44, 64, 65, 46, 62, 45, 64, 65, 54, 57, 70, 68, 69, 76, 65, 67, 77, 86, 51, 64, 65, 31, 51, 81, 52, 67, 73, 64, 85, 88, 8, 89]
    Layer 15: dist=[80, 44, 79, 38, 37, 38, 79, 67, 90, 60, 46, 104, 68, 107, 79, 89, 61, 57, 64, 68, 58, 60, 50, 51, 49, 34, 86, 62, 72, 84, 71, 49]
    Layer 16: dist=[61, 57, 74, 85, 55, 58, 48, 55, 54, 82, 73, 84, 90, 69, 86, 86, 68, 71, 60, 62, 115, 118, 110, 103, 71, 54, 64, 10, 58, 59, 65, 56]
    Layer 17: dist=[111, 95, 79, 67, 53, 57, 39, 47, 90, 108, 79, 100, 40, 57, 71, 74, 44, 61, 61, 42, 75, 98, 93, 97, 58, 55, 57, 52, 53, 79, 93, 67]
    Layer 18: dist=[34, 45, 35, 33, 56, 78, 74, 57, 64, 67, 66, 79, 61, 60, 57, 62, 46, 74, 72, 52, 68, 47, 65, 96, 58, 62, 61, 63, 52, 53, 79, 56]
    Layer 19: dist=[73, 64, 63, 62, 76, 103, 54, 71, 81, 85, 84, 93, 63, 57, 75, 63, 84, 85, 49, 49, 21, 50, 33, 49, 102, 106, 102, 116, 77, 77, 73, 72]
    Layer 20: dist=[89, 79, 80, 77, 78, 51, 49, 57, 40, 36, 43, 39, 92, 79, 87, 96, 45, 51, 56, 39, 73, 111, 101, 98, 125, 97, 105, 85, 93, 79, 108, 108]
    Layer 21: dist=[44, 50, 56, 68, 115, 65, 96, 118, 118, 61, 71, 69, 46, 41, 44, 42, 75, 75, 83, 65, 89, 99, 95, 96, 64, 62, 60, 80, 73, 79, 60, 88]
    Layer 22: dist=[73, 60, 67, 63, 52, 72, 45, 56, 37, 49, 45, 59, 18, 86, 61, 64, 33, 79, 76, 41, 102, 115, 120, 121, 101, 84, 91, 95, 114, 92, 103, 95]
    Layer 23: dist=[39, 30, 48, 39, 110, 111, 41, 102, 79, 36, 45, 63, 75, 72, 79, 77, 82, 75, 74, 94, 72, 93, 82, 76, 78, 72, 68, 100, 91, 90, 83, 78]
    Layer 24: dist=[79, 124, 109, 101, 99, 109, 111, 97, 102, 105, 104, 84, 78, 75, 89, 74, 81, 86, 98, 88, 120, 103, 102, 117, 65, 73, 79, 51, 95, 111, 98, 88]
    Layer 25: dist=[105, 121, 118, 94, 71, 72, 107, 80, 96, 97, 85, 90, 65, 89, 50, 68, 93, 99, 97, 89, 102, 111, 105, 108, 110, 110, 99, 108, 88, 125, 98, 88]
    Layer 26: dist=[80, 88, 106, 68, 115, 113, 113, 110, 102, 107, 105, 98, 100, 124, 116, 116, 86, 93, 99, 95, 102, 113, 122, 114, 99, 97, 102, 93, 115, 96, 114, 95]
    Layer 27: dist=[87, 108, 103, 117, 98, 105, 101, 86, 77, 100, 107, 99, 78, 109, 80, 86, 96, 99, 99, 104, 91, 112, 113, 92, 110, 113, 116, 117, 107, 77, 92, 117]
    Layer 28: dist=[103, 92, 102, 102, 82, 63, 80, 76, 96, 107, 92, 89, 112, 105, 96, 101, 112, 104, 104, 108, 119, 71, 60, 89, 91, 88, 99, 99, 92, 92, 71, 95]
    Layer 29: dist=[113, 114, 114, 113, 90, 112, 94, 114, 119, 113, 122, 105, 120, 120, 119, 120, 116, 106, 115, 121, 123, 123, 107, 125, 100, 114, 97, 92, 106, 95, 106, 109]
    Layer 30: dist=[75, 102, 99, 100, 102, 100, 90, 67, 117, 117, 115, 120, 105, 104, 113, 101, 97, 78, 120, 122, 51, 120, 100, 110, 119, 119, 119, 118, 106, 110, 107, 102]
    Layer 31: dist=[119, 117, 99, 98, 112, 113, 114, 116, 114, 77, 87, 91, 117, 116, 117, 115, 101, 101, 106, 94, 119, 116, 108, 119, 112, 109, 89, 120, 112, 106, 102, 110]
    Layer 32: dist=[110, 114, 114, 111, 116, 119, 116, 117, 110, 111, 117, 115, 93, 113, 108, 91, 118, 106, 109, 111, 123, 92, 114, 120, 71, 95, 80, 105, 116, 107, 99, 103]
    Layer 33: dist=[102, 120, 112, 119, 91, 102, 57, 94, 116, 116, 113, 113, 114, 115, 113, 116, 114, 117, 106, 109, 112, 96, 110, 113, 111, 119, 122, 118, 110, 111, 107, 104]
    Layer 34: dist=[110, 109, 112, 113, 105, 111, 108, 102, 53, 93, 114, 86, 117, 115, 120, 81, 82, 89, 126, 55, 119, 51, 118, 119, 122, 122, 125, 122, 54, 62, 68, 109]
    Layer 35: dist=[105, 123, 71, 97, 82, 36, 112, 100, 85, 94, 112, 96, 63, 28, 49, 40, 98, 74, 84, 48, 90, 102, 55, 54, 66, 49, 68, 72, 73, 115, 122, 117]

  [Taylor Step 2/3] OLS sigma per head (scaling V, streaming)...
    Layer  0: sigma=[0.615, 0.100, 0.100, 0.100, 0.332, 0.380, 0.100, 0.100, 0.100, 0.147, 0.100, 0.100, 0.100, 0.100, 0.100, 0.258, 0.100, 0.100, 0.100, 0.100, 0.100, 0.100, 0.100, 0.100, 0.100, 0.100, 0.351, 0.100, 0.100, 0.100, 0.161, 0.100]
    Layer  1: sigma=[0.352, 0.100, 0.100, 0.100, 0.100, 0.100, 0.100, 0.100, 0.100, 0.159, 0.247, 0.100, 0.100, 0.100, 0.100, 0.100, 0.100, 0.100, 0.100, 0.100, 0.100, 0.100, 0.100, 0.117, 0.100, 0.100, 0.116, 0.100, 0.100, 0.100, 0.100, 0.100]
    Layer  2: sigma=[0.100, 0.100, 0.100, 0.100, 0.100, 0.100, 0.100, 0.100, 0.108, 0.100, 0.100, 0.100, 0.100, 0.144, 0.100, 0.100, 0.100, 0.221, 0.100, 0.100, 0.100, 0.100, 0.100, 0.100, 0.100, 0.171, 0.100, 0.100, 0.100, 0.100, 0.100, 0.100]
    Layer  3: sigma=[0.100, 0.329, 0.100, 0.161, 0.100, 0.100, 0.100, 0.100, 0.100, 0.100, 0.100, 0.100, 0.100, 0.100, 0.100, 0.100, 0.100, 0.100, 0.100, 0.100, 0.100, 0.105, 0.100, 0.100, 0.100, 0.100, 0.100, 0.100, 0.100, 0.100, 0.100, 0.100]
    Layer  4: sigma=[0.100, 0.100, 0.100, 0.100, 0.100, 0.100, 0.100, 0.100, 0.100, 0.100, 0.100, 0.100, 0.100, 0.100, 0.100, 0.100, 0.100, 0.100, 0.100, 0.100, 0.133, 0.139, 0.316, 0.100, 0.100, 0.100, 0.100, 0.100, 0.100, 0.100, 0.100, 0.100]
    Layer  5: sigma=[0.100, 0.100, 0.100, 0.100, 0.100, 0.100, 0.100, 0.100, 0.100, 0.131, 0.100, 0.110, 0.100, 0.100, 0.100, 0.121, 0.100, 0.190, 0.100, 0.100, 0.100, 0.100, 0.100, 0.100, 0.100, 0.100, 0.100, 0.100, 0.100, 0.100, 0.100, 0.100]
    Layer  6: sigma=[0.100, 0.100, 0.100, 0.100, 0.100, 0.100, 0.100, 0.100, 0.100, 0.100, 0.100, 0.100, 0.100, 0.100, 0.100, 0.100, 0.100, 0.100, 0.100, 0.100, 0.165, 0.100, 0.100, 0.100, 0.100, 0.100, 0.100, 0.100, 0.100, 0.100, 0.100, 0.100]
    Layer  7: sigma=[0.100, 0.146, 0.100, 0.100, 0.122, 0.100, 0.100, 0.100, 0.100, 0.100, 0.100, 0.100, 0.100, 0.100, 0.100, 0.100, 0.100, 0.100, 0.100, 0.100, 0.100, 0.100, 0.100, 0.100, 0.100, 0.100, 0.100, 0.100, 0.100, 0.100, 0.100, 0.100]
    Layer  8: sigma=[0.100, 0.100, 0.100, 0.100, 0.100, 0.100, 0.100, 0.100, 0.100, 0.100, 0.100, 0.100, 0.100, 0.100, 0.100, 0.100, 0.100, 0.100, 0.100, 0.100, 0.100, 0.100, 0.100, 0.100, 0.100, 0.100, 0.100, 0.181, 0.100, 0.100, 0.100, 0.100]
    Layer  9: sigma=[0.100, 0.100, 0.100, 0.100, 0.100, 0.100, 0.100, 0.100, 0.100, 0.100, 0.100, 0.100, 0.100, 0.100, 0.604, 0.132, 0.100, 0.100, 0.100, 0.100, 0.100, 0.100, 0.100, 0.100, 0.100, 0.100, 0.100, 0.100, 0.100, 0.100, 0.100, 0.100]
    Layer 10: sigma=[0.100, 0.100, 0.100, 0.100, 0.100, 0.100, 0.100, 0.100, 0.100, 0.100, 0.100, 0.100, 0.100, 0.100, 0.100, 0.100, 0.100, 0.100, 0.100, 0.100, 0.100, 0.100, 0.100, 0.100, 0.100, 0.100, 0.100, 0.100, 0.100, 0.100, 0.100, 0.100]
    Layer 11: sigma=[0.100, 0.100, 0.100, 0.100, 0.138, 0.100, 0.100, 0.100, 0.100, 0.106, 0.100, 0.100, 0.100, 0.100, 0.236, 0.100, 0.100, 0.100, 0.100, 0.100, 0.100, 0.100, 0.100, 0.100, 0.100, 0.100, 0.169, 0.100, 0.100, 0.100, 0.100, 0.100]
    Layer 13: sigma=[0.223, 0.100, 0.100, 0.303, 0.100, 0.100, 0.100, 0.100, 0.100, 0.100, 0.100, 0.100, 0.100, 0.100, 0.100, 0.100, 0.100, 0.100, 0.100, 0.112, 0.100, 0.100, 0.100, 0.100, 0.100, 0.100, 0.100, 0.100, 0.100, 0.100, 0.100, 0.100]
    Layer 14: sigma=[0.100, 0.100, 0.100, 0.100, 0.100, 0.431, 0.100, 0.100, 0.100, 0.100, 0.100, 0.100, 0.100, 0.100, 0.100, 0.100, 0.100, 0.100, 0.100, 0.100, 0.100, 0.100, 0.100, 0.100, 0.122, 0.121, 0.100, 0.100, 0.100, 0.100, 0.100, 0.100]
    Layer 15: sigma=[0.100, 0.197, 0.100, 0.100, 0.100, 0.111, 0.100, 0.100, 0.100, 0.100, 0.100, 0.100, 0.209, 0.100, 0.100, 0.100, 0.100, 0.100, 0.100, 0.100, 0.100, 0.100, 0.100, 0.100, 0.129, 0.100, 0.100, 0.100, 0.100, 0.100, 0.100, 0.100]
    Layer 16: sigma=[0.100, 0.100, 0.100, 0.100, 0.100, 0.100, 0.100, 0.100, 0.100, 0.100, 0.100, 0.100, 0.100, 0.100, 0.100, 0.100, 0.100, 0.100, 0.100, 0.100, 0.100, 0.100, 0.100, 0.100, 0.100, 0.100, 0.100, 0.420, 0.100, 0.100, 0.100, 0.100]
    Layer 17: sigma=[0.100, 0.100, 0.100, 0.100, 0.100, 0.153, 0.100, 0.100, 0.100, 0.100, 0.100, 0.100, 0.100, 0.100, 0.100, 0.100, 0.137, 0.102, 0.100, 0.427, 0.100, 0.100, 0.100, 0.105, 0.128, 0.100, 0.390, 0.100, 0.100, 0.100, 0.100, 0.100]
    Layer 18: sigma=[0.100, 0.499, 0.100, 0.100, 0.100, 0.100, 0.100, 0.189, 0.100, 0.100, 0.100, 0.100, 0.100, 0.100, 0.100, 0.100, 0.238, 0.100, 0.100, 0.100, 0.100, 0.100, 0.100, 0.100, 0.100, 0.100, 0.100, 0.100, 0.100, 0.100, 0.100, 0.100]
    Layer 19: sigma=[0.100, 0.100, 0.100, 0.100, 0.100, 0.100, 0.100, 0.100, 0.100, 0.100, 0.100, 0.100, 0.152, 0.100, 0.100, 0.178, 0.100, 0.100, 0.100, 0.248, 0.100, 0.100, 0.100, 0.119, 0.100, 0.100, 0.100, 0.100, 0.100, 0.100, 0.100, 0.100]
    Layer 20: sigma=[0.100, 0.100, 0.100, 0.100, 0.100, 0.201, 0.100, 0.100, 0.154, 0.104, 0.100, 0.100, 0.100, 0.100, 0.100, 0.125, 0.100, 0.100, 0.100, 0.100, 0.100, 0.100, 0.100, 0.100, 0.100, 0.100, 0.100, 0.100, 0.100, 0.100, 0.100, 0.100]
    Layer 21: sigma=[0.100, 0.105, 0.100, 0.100, 0.100, 0.100, 0.100, 0.100, 0.100, 0.153, 0.100, 0.253, 0.100, 0.100, 0.100, 0.100, 0.100, 0.100, 0.100, 0.104, 0.100, 0.108, 0.100, 0.100, 0.176, 0.100, 0.100, 0.100, 0.100, 0.100, 0.245, 0.100]
    Layer 22: sigma=[0.139, 0.100, 0.100, 0.100, 0.156, 0.133, 0.100, 0.215, 0.100, 0.100, 0.100, 0.100, 0.100, 0.100, 0.100, 0.100, 0.100, 0.100, 0.100, 0.100, 0.100, 0.100, 0.100, 0.100, 0.100, 0.100, 0.100, 0.100, 0.100, 0.100, 0.100, 0.100]
    Layer 23: sigma=[0.165, 0.275, 0.218, 0.100, 0.100, 0.100, 0.123, 0.100, 0.100, 0.257, 0.100, 0.100, 0.100, 0.100, 0.102, 0.100, 0.100, 0.100, 0.100, 0.100, 0.100, 0.100, 0.100, 0.100, 0.100, 0.100, 0.100, 0.100, 0.100, 0.100, 0.164, 0.251]
    Layer 24: sigma=[0.100, 0.100, 0.100, 0.100, 0.100, 0.100, 0.100, 0.100, 0.100, 0.100, 0.100, 0.100, 0.100, 0.100, 0.100, 0.176, 0.100, 0.100, 0.100, 0.100, 0.100, 0.100, 0.100, 0.100, 0.267, 0.376, 0.100, 0.396, 0.100, 0.100, 0.100, 0.100]
    Layer 25: sigma=[0.100, 0.100, 0.100, 0.100, 0.100, 0.100, 0.100, 0.100, 0.100, 0.100, 0.100, 0.100, 0.100, 0.100, 0.100, 0.100, 0.100, 0.100, 0.100, 0.100, 0.100, 0.100, 0.100, 0.100, 0.100, 0.100, 0.100, 0.100, 0.100, 0.100, 0.100, 0.100]
    Layer 26: sigma=[0.100, 0.100, 0.100, 0.100, 0.100, 0.100, 0.100, 0.100, 0.100, 0.100, 0.100, 0.100, 0.100, 0.100, 0.100, 0.100, 0.100, 0.100, 0.100, 0.100, 0.100, 0.100, 0.100, 0.100, 0.100, 0.100, 0.100, 0.100, 0.100, 0.100, 0.100, 0.100]
    Layer 27: sigma=[0.100, 0.100, 0.100, 0.100, 0.100, 0.100, 0.100, 0.100, 0.100, 0.100, 0.100, 0.100, 0.100, 0.100, 0.100, 0.100, 0.100, 0.100, 0.100, 0.100, 0.100, 0.100, 0.100, 0.100, 0.100, 0.100, 0.100, 0.100, 0.100, 0.100, 0.100, 0.100]
    Layer 28: sigma=[0.100, 0.100, 0.100, 0.100, 0.100, 0.123, 0.100, 0.148, 0.100, 0.100, 0.100, 0.100, 0.100, 0.100, 0.100, 0.100, 0.100, 0.100, 0.100, 0.100, 0.100, 0.100, 0.100, 0.100, 0.100, 0.100, 0.100, 0.100, 0.100, 0.100, 0.100, 0.100]
    Layer 29: sigma=[0.100, 0.100, 0.100, 0.100, 0.100, 0.100, 0.100, 0.100, 0.100, 0.100, 0.100, 0.100, 0.100, 0.100, 0.100, 0.100, 0.100, 0.100, 0.100, 0.100, 0.100, 0.100, 0.100, 0.100, 0.100, 0.100, 0.100, 0.100, 0.100, 0.100, 0.100, 0.100]
    Layer 30: sigma=[0.100, 0.100, 0.100, 0.100, 0.100, 0.100, 0.100, 0.100, 0.100, 0.100, 0.100, 0.100, 0.100, 0.100, 0.100, 0.100, 0.100, 0.100, 0.100, 0.100, 0.100, 0.100, 0.100, 0.100, 0.100, 0.100, 0.100, 0.100, 0.100, 0.100, 0.100, 0.100]
    Layer 31: sigma=[0.100, 0.100, 0.100, 0.100, 0.100, 0.100, 0.100, 0.100, 0.100, 0.100, 0.100, 0.100, 0.100, 0.100, 0.100, 0.100, 0.100, 0.100, 0.100, 0.115, 0.100, 0.100, 0.100, 0.100, 0.100, 0.100, 0.100, 0.100, 0.100, 0.100, 0.100, 0.100]
    Layer 32: sigma=[0.100, 0.100, 0.100, 0.100, 0.100, 0.100, 0.100, 0.100, 0.100, 0.100, 0.100, 0.100, 0.100, 0.100, 0.100, 0.100, 0.100, 0.100, 0.100, 0.100, 0.100, 0.100, 0.100, 0.100, 0.100, 0.100, 0.100, 0.100, 0.100, 0.100, 0.100, 0.100]
    Layer 33: sigma=[0.100, 0.100, 0.100, 0.100, 0.100, 0.100, 0.100, 0.100, 0.100, 0.100, 0.100, 0.100, 0.100, 0.100, 0.100, 0.100, 0.100, 0.100, 0.100, 0.100, 0.100, 0.100, 0.100, 0.100, 0.100, 0.100, 0.100, 0.100, 0.100, 0.100, 0.100, 0.100]
    Layer 34: sigma=[0.100, 0.100, 0.100, 0.100, 0.100, 0.100, 0.100, 0.100, 0.100, 0.100, 0.100, 0.100, 0.100, 0.100, 0.100, 0.100, 0.100, 0.100, 0.100, 0.122, 0.100, 0.100, 0.100, 0.100, 0.100, 0.100, 0.100, 0.100, 0.100, 0.100, 0.100, 0.100]
    Layer 35: sigma=[0.100, 0.100, 0.100, 0.100, 0.100, 0.100, 0.100, 0.100, 0.100, 0.106, 0.100, 0.100, 0.100, 0.100, 0.100, 0.100, 0.100, 0.100, 0.100, 0.100, 0.100, 0.100, 0.121, 0.100, 0.100, 0.100, 0.100, 0.100, 0.100, 0.100, 0.100, 0.100]

  [Taylor Step 3/3] g_proj = v_proj * alpha (damping=0.01)...
    Layer  0: alpha=0.060430  teacher_rms=0.0163  v_rms=0.0027
    Layer  1: alpha=0.060836  teacher_rms=0.0205  v_rms=0.0034
    Layer  2: alpha=0.057023  teacher_rms=0.0214  v_rms=0.0038
    Layer  3: alpha=0.048464  teacher_rms=0.0259  v_rms=0.0053
    Layer  4: alpha=0.047389  teacher_rms=0.0304  v_rms=0.0064
    Layer  5: alpha=0.061699  teacher_rms=0.0409  v_rms=0.0066
    Layer  6: alpha=0.077982  teacher_rms=0.0621  v_rms=0.0080
    Layer  7: alpha=0.046041  teacher_rms=0.0530  v_rms=0.0115
    Layer  8: alpha=0.047320  teacher_rms=0.0708  v_rms=0.0150
    Layer  9: alpha=0.034279  teacher_rms=0.0713  v_rms=0.0208
    Layer 10: alpha=0.051225  teacher_rms=0.1092  v_rms=0.0213
    Layer 11: alpha=0.063092  teacher_rms=0.1046  v_rms=0.0166
    Layer 13: alpha=0.054040  teacher_rms=0.1040  v_rms=0.0192
    Layer 14: alpha=0.062725  teacher_rms=0.1547  v_rms=0.0247
    Layer 15: alpha=0.057521  teacher_rms=0.1576  v_rms=0.0274
    Layer 16: alpha=0.042046  teacher_rms=0.1473  v_rms=0.0350
    Layer 17: alpha=0.044237  teacher_rms=0.1753  v_rms=0.0396
    Layer 18: alpha=0.042911  teacher_rms=0.1990  v_rms=0.0464
    Layer 19: alpha=0.056157  teacher_rms=0.2060  v_rms=0.0367
    Layer 20: alpha=0.056605  teacher_rms=0.1966  v_rms=0.0347
    Layer 21: alpha=0.052966  teacher_rms=0.2373  v_rms=0.0448
    Layer 22: alpha=0.056864  teacher_rms=0.2834  v_rms=0.0498
    Layer 23: alpha=0.049879  teacher_rms=0.3098  v_rms=0.0621
    Layer 24: alpha=0.032327  teacher_rms=0.2897  v_rms=0.0896
    Layer 25: alpha=0.040058  teacher_rms=0.2376  v_rms=0.0593
    Layer 26: alpha=0.029256  teacher_rms=0.2124  v_rms=0.0726
    Layer 27: alpha=0.037093  teacher_rms=0.3083  v_rms=0.0831
    Layer 28: alpha=0.041890  teacher_rms=0.3705  v_rms=0.0884
    Layer 29: alpha=0.017344  teacher_rms=0.2548  v_rms=0.1469
    Layer 30: alpha=0.029045  teacher_rms=0.4297  v_rms=0.1480
    Layer 31: alpha=0.021164  teacher_rms=0.3785  v_rms=0.1788
    Layer 32: alpha=0.023899  teacher_rms=0.5288  v_rms=0.2213
    Layer 33: alpha=0.018560  teacher_rms=0.6404  v_rms=0.3451
    Layer 34: alpha=0.033072  teacher_rms=1.0325  v_rms=0.3122
    Layer 35: alpha=0.059671  teacher_rms=1.0168  v_rms=0.1704

  Set g_proj = v_proj * alpha in 35 GDN layers (damping=0.01).
  Init (taylor_init) done in 490.2s
  Layer 12: PPL = 5178869.50  (eval 13.3s)

============================================================
  Probing layer 13 | strategy=taylor_init
============================================================
Loading checkpoint shards:   0%|          | 0/4 [00:00<?, ?it/s]Loading checkpoint shards: 100%|██████████| 4/4 [00:00<00:00, 95.47it/s]
Could not cache non-existence of file. Will ignore error and continue. Error: [Errno 13] Permission denied: '/data/shared/huggingface/hub/models--Qwen--Qwen3-8B/.no_exist/b968826d9c46dd6066d109eabc6255188de91218/model.safetensors'
Loading checkpoint shards:   0%|          | 0/5 [00:00<?, ?it/s]Loading checkpoint shards: 100%|██████████| 5/5 [00:00<00:00, 190.29it/s]
Token indices sequence length is longer than the specified maximum sequence length for this model (2429029 > 131072). Running this sequence through the model will result in indexing errors
  [Taylor Step 1/3] Gate calibration from attention stats...
    Layer  0: dist=[32, 3, 12, 35, 12, 26, 9, 11, 19, 6, 8, 9, 18, 34, 31, 10, 16, 19, 16, 14, 13, 23, 4, 12, 5, 52, 10, 43, 15, 36, 15, 14]
    Layer  1: dist=[19, 38, 25, 44, 3, 15, 31, 11, 45, 36, 65, 60, 34, 47, 51, 38, 32, 54, 57, 33, 56, 24, 40, 40, 37, 9, 44, 41, 83, 31, 37, 49]
    Layer  2: dist=[65, 65, 67, 62, 26, 45, 33, 43, 39, 47, 56, 56, 53, 46, 46, 60, 61, 49, 54, 43, 49, 67, 48, 50, 25, 24, 21, 35, 73, 73, 77, 74]
    Layer  3: dist=[65, 26, 13, 22, 87, 93, 83, 73, 56, 53, 62, 58, 90, 73, 75, 74, 59, 62, 51, 67, 74, 60, 64, 65, 64, 56, 52, 59, 70, 63, 72, 65]
    Layer  4: dist=[62, 63, 73, 67, 73, 56, 61, 89, 68, 69, 63, 60, 55, 55, 71, 61, 62, 65, 67, 70, 64, 61, 47, 64, 41, 51, 48, 34, 51, 66, 55, 55]
    Layer  5: dist=[36, 48, 55, 35, 61, 68, 52, 51, 5, 18, 73, 61, 54, 78, 59, 52, 41, 32, 50, 48, 51, 55, 48, 59, 73, 73, 80, 80, 43, 44, 46, 58]
    Layer  6: dist=[27, 40, 30, 31, 52, 46, 67, 61, 46, 25, 43, 38, 56, 64, 56, 30, 47, 34, 45, 40, 20, 30, 32, 14, 35, 50, 32, 49, 47, 43, 37, 53]
    Layer  7: dist=[55, 60, 64, 87, 126, 114, 127, 121, 88, 119, 99, 72, 108, 23, 53, 97, 80, 101, 85, 81, 106, 86, 112, 116, 64, 78, 47, 86, 97, 101, 101, 106]
    Layer  8: dist=[83, 87, 90, 58, 81, 77, 69, 78, 86, 99, 87, 90, 94, 86, 96, 70, 116, 107, 103, 96, 92, 106, 100, 111, 92, 72, 95, 67, 84, 72, 79, 74]
    Layer  9: dist=[76, 60, 61, 67, 83, 97, 96, 74, 123, 120, 118, 112, 27, 87, 63, 85, 93, 100, 114, 125, 87, 77, 60, 70, 119, 81, 91, 97, 125, 113, 127, 123]
    Layer 10: dist=[76, 71, 58, 74, 85, 102, 64, 74, 63, 88, 106, 49, 88, 67, 82, 86, 87, 102, 100, 107, 88, 60, 107, 90, 93, 107, 84, 77, 76, 65, 82, 90]
    Layer 11: dist=[78, 65, 79, 48, 53, 61, 78, 77, 102, 123, 109, 93, 82, 64, 65, 69, 69, 63, 61, 51, 77, 107, 89, 87, 67, 59, 56, 54, 95, 55, 55, 94]
    Layer 12: dist=[21, 72, 79, 61, 87, 83, 66, 70, 63, 62, 74, 77, 86, 81, 82, 87, 39, 68, 59, 94, 102, 112, 97, 103, 93, 2, 107, 38, 81, 88, 113, 91]
    Layer 14: dist=[44, 64, 65, 46, 62, 45, 64, 65, 54, 57, 70, 68, 69, 76, 65, 67, 77, 86, 51, 64, 65, 31, 51, 81, 52, 67, 73, 64, 85, 88, 8, 89]
    Layer 15: dist=[80, 44, 79, 38, 37, 38, 79, 67, 90, 60, 46, 104, 68, 107, 79, 89, 61, 57, 64, 68, 58, 60, 50, 51, 49, 34, 86, 62, 72, 84, 71, 49]
    Layer 16: dist=[61, 57, 74, 85, 55, 58, 48, 55, 54, 82, 73, 84, 90, 69, 86, 86, 68, 71, 60, 62, 115, 118, 110, 103, 71, 54, 64, 10, 58, 59, 65, 56]
    Layer 17: dist=[111, 95, 79, 67, 53, 57, 39, 47, 90, 108, 79, 100, 40, 57, 71, 74, 44, 61, 61, 42, 75, 98, 93, 97, 58, 55, 57, 52, 53, 79, 93, 67]
    Layer 18: dist=[34, 45, 35, 33, 56, 78, 74, 57, 64, 67, 66, 79, 61, 60, 57, 62, 46, 74, 72, 52, 68, 47, 65, 96, 58, 62, 61, 63, 52, 53, 79, 56]
    Layer 19: dist=[73, 64, 63, 62, 76, 103, 54, 71, 81, 85, 84, 93, 63, 57, 75, 63, 84, 85, 49, 49, 21, 50, 33, 49, 102, 106, 102, 116, 77, 77, 73, 72]
    Layer 20: dist=[89, 79, 80, 77, 78, 51, 49, 57, 40, 36, 43, 39, 92, 79, 87, 96, 45, 51, 56, 39, 73, 111, 101, 98, 125, 97, 105, 85, 93, 79, 108, 108]
    Layer 21: dist=[44, 50, 56, 68, 115, 65, 96, 118, 118, 61, 71, 69, 46, 41, 44, 42, 75, 75, 83, 65, 89, 99, 95, 96, 64, 62, 60, 80, 73, 79, 60, 88]
    Layer 22: dist=[73, 60, 67, 63, 52, 72, 45, 56, 37, 49, 45, 59, 18, 86, 61, 64, 33, 79, 76, 41, 102, 115, 120, 121, 101, 84, 91, 95, 114, 92, 103, 95]
    Layer 23: dist=[39, 30, 48, 39, 110, 111, 41, 102, 79, 36, 45, 63, 75, 72, 79, 77, 82, 75, 74, 94, 72, 93, 82, 76, 78, 72, 68, 100, 91, 90, 83, 78]
    Layer 24: dist=[79, 124, 109, 101, 99, 109, 111, 97, 102, 105, 104, 84, 78, 75, 89, 74, 81, 86, 98, 88, 120, 103, 102, 117, 65, 73, 79, 51, 95, 111, 98, 88]
    Layer 25: dist=[105, 121, 118, 94, 71, 72, 107, 80, 96, 97, 85, 90, 65, 89, 50, 68, 93, 99, 97, 89, 102, 111, 105, 108, 110, 110, 99, 108, 88, 125, 98, 88]
    Layer 26: dist=[80, 88, 106, 68, 115, 113, 113, 110, 102, 107, 105, 98, 100, 124, 116, 116, 86, 93, 99, 95, 102, 113, 122, 114, 99, 97, 102, 93, 115, 96, 114, 95]
    Layer 27: dist=[87, 108, 103, 117, 98, 105, 101, 86, 77, 100, 107, 99, 78, 109, 80, 86, 96, 99, 99, 104, 91, 112, 113, 92, 110, 113, 116, 117, 107, 77, 92, 117]
    Layer 28: dist=[103, 92, 102, 102, 82, 63, 80, 76, 96, 107, 92, 89, 112, 105, 96, 101, 112, 104, 104, 108, 119, 71, 60, 89, 91, 88, 99, 99, 92, 92, 71, 95]
    Layer 29: dist=[113, 114, 114, 113, 90, 112, 94, 114, 119, 113, 122, 105, 120, 120, 119, 120, 116, 106, 115, 121, 123, 123, 107, 125, 100, 114, 97, 92, 106, 95, 106, 109]
    Layer 30: dist=[75, 102, 99, 100, 102, 100, 90, 67, 117, 117, 115, 120, 105, 104, 113, 101, 97, 78, 120, 122, 51, 120, 100, 110, 119, 119, 119, 118, 106, 110, 107, 102]
    Layer 31: dist=[119, 117, 99, 98, 112, 113, 114, 116, 114, 77, 87, 91, 117, 116, 117, 115, 101, 101, 106, 94, 119, 116, 108, 119, 112, 109, 89, 120, 112, 106, 102, 110]
    Layer 32: dist=[110, 114, 114, 111, 116, 119, 116, 117, 110, 111, 117, 115, 93, 113, 108, 91, 118, 106, 109, 111, 123, 92, 114, 120, 71, 95, 80, 105, 116, 107, 99, 103]
    Layer 33: dist=[102, 120, 112, 119, 91, 102, 57, 94, 116, 116, 113, 113, 114, 115, 113, 116, 114, 117, 106, 109, 112, 96, 110, 113, 111, 119, 122, 118, 110, 111, 107, 104]
    Layer 34: dist=[110, 109, 112, 113, 105, 111, 108, 102, 53, 93, 114, 86, 117, 115, 120, 81, 82, 89, 126, 55, 119, 51, 118, 119, 122, 122, 125, 122, 54, 62, 68, 109]
    Layer 35: dist=[105, 123, 71, 97, 82, 36, 112, 100, 85, 94, 112, 96, 63, 28, 49, 40, 98, 74, 84, 48, 90, 102, 55, 54, 66, 49, 68, 72, 73, 115, 122, 117]

  [Taylor Step 2/3] OLS sigma per head (scaling V, streaming)...
    Layer  0: sigma=[0.614, 0.100, 0.100, 0.100, 0.333, 0.378, 0.100, 0.100, 0.100, 0.149, 0.100, 0.100, 0.100, 0.100, 0.100, 0.259, 0.100, 0.100, 0.100, 0.100, 0.100, 0.100, 0.100, 0.100, 0.100, 0.100, 0.350, 0.100, 0.100, 0.100, 0.161, 0.100]
    Layer  1: sigma=[0.353, 0.100, 0.100, 0.100, 0.100, 0.100, 0.100, 0.100, 0.100, 0.165, 0.245, 0.100, 0.100, 0.100, 0.100, 0.100, 0.100, 0.100, 0.100, 0.100, 0.100, 0.100, 0.100, 0.116, 0.100, 0.100, 0.114, 0.100, 0.100, 0.100, 0.100, 0.100]
    Layer  2: sigma=[0.100, 0.100, 0.100, 0.100, 0.100, 0.100, 0.100, 0.100, 0.110, 0.101, 0.100, 0.100, 0.100, 0.146, 0.100, 0.100, 0.100, 0.218, 0.100, 0.100, 0.100, 0.100, 0.100, 0.100, 0.100, 0.169, 0.100, 0.100, 0.100, 0.100, 0.100, 0.100]
    Layer  3: sigma=[0.100, 0.328, 0.100, 0.159, 0.100, 0.100, 0.100, 0.100, 0.100, 0.100, 0.100, 0.100, 0.100, 0.100, 0.100, 0.100, 0.100, 0.100, 0.100, 0.100, 0.100, 0.107, 0.100, 0.100, 0.100, 0.100, 0.100, 0.100, 0.100, 0.100, 0.100, 0.100]
    Layer  4: sigma=[0.100, 0.100, 0.100, 0.100, 0.100, 0.100, 0.100, 0.100, 0.100, 0.100, 0.100, 0.100, 0.100, 0.100, 0.100, 0.100, 0.100, 0.100, 0.100, 0.100, 0.132, 0.138, 0.313, 0.100, 0.100, 0.100, 0.100, 0.100, 0.100, 0.100, 0.100, 0.100]
    Layer  5: sigma=[0.100, 0.100, 0.100, 0.100, 0.100, 0.100, 0.100, 0.100, 0.100, 0.136, 0.100, 0.112, 0.100, 0.100, 0.100, 0.122, 0.100, 0.184, 0.100, 0.100, 0.100, 0.100, 0.100, 0.100, 0.100, 0.100, 0.100, 0.100, 0.100, 0.100, 0.100, 0.100]
    Layer  6: sigma=[0.100, 0.100, 0.100, 0.100, 0.100, 0.100, 0.100, 0.100, 0.100, 0.100, 0.100, 0.100, 0.100, 0.100, 0.100, 0.100, 0.100, 0.100, 0.100, 0.100, 0.153, 0.100, 0.100, 0.100, 0.100, 0.100, 0.100, 0.100, 0.100, 0.100, 0.100, 0.100]
    Layer  7: sigma=[0.100, 0.149, 0.100, 0.100, 0.115, 0.100, 0.100, 0.100, 0.100, 0.100, 0.100, 0.101, 0.100, 0.100, 0.100, 0.100, 0.100, 0.100, 0.100, 0.100, 0.100, 0.100, 0.100, 0.100, 0.100, 0.100, 0.100, 0.100, 0.100, 0.100, 0.100, 0.100]
    Layer  8: sigma=[0.100, 0.100, 0.100, 0.100, 0.100, 0.100, 0.100, 0.100, 0.100, 0.100, 0.100, 0.100, 0.100, 0.100, 0.100, 0.100, 0.100, 0.100, 0.100, 0.100, 0.100, 0.100, 0.100, 0.100, 0.100, 0.100, 0.100, 0.174, 0.100, 0.100, 0.100, 0.100]
    Layer  9: sigma=[0.100, 0.100, 0.100, 0.100, 0.100, 0.100, 0.100, 0.100, 0.100, 0.100, 0.100, 0.100, 0.100, 0.100, 0.557, 0.131, 0.100, 0.100, 0.100, 0.100, 0.100, 0.100, 0.100, 0.100, 0.100, 0.100, 0.100, 0.100, 0.100, 0.100, 0.100, 0.100]
    Layer 10: sigma=[0.100, 0.100, 0.100, 0.100, 0.100, 0.100, 0.100, 0.100, 0.100, 0.100, 0.100, 0.100, 0.100, 0.100, 0.100, 0.100, 0.100, 0.100, 0.100, 0.100, 0.100, 0.100, 0.100, 0.100, 0.100, 0.100, 0.100, 0.100, 0.100, 0.100, 0.100, 0.100]
    Layer 11: sigma=[0.100, 0.100, 0.100, 0.100, 0.134, 0.100, 0.100, 0.100, 0.100, 0.104, 0.100, 0.100, 0.100, 0.100, 0.271, 0.100, 0.100, 0.100, 0.100, 0.100, 0.100, 0.100, 0.100, 0.100, 0.100, 0.100, 0.154, 0.100, 0.100, 0.100, 0.100, 0.100]
    Layer 12: sigma=[0.100, 0.100, 0.100, 0.100, 0.100, 0.100, 0.100, 0.100, 0.100, 0.105, 0.100, 0.109, 0.100, 0.100, 0.100, 0.100, 0.100, 0.320, 0.164, 0.100, 0.100, 0.100, 0.100, 0.100, 0.100, 0.100, 0.100, 0.206, 0.100, 0.100, 0.109, 0.100]
    Layer 14: sigma=[0.100, 0.100, 0.100, 0.100, 0.100, 0.452, 0.100, 0.100, 0.100, 0.100, 0.100, 0.100, 0.100, 0.100, 0.100, 0.100, 0.100, 0.100, 0.100, 0.100, 0.100, 0.100, 0.100, 0.100, 0.124, 0.125, 0.100, 0.100, 0.100, 0.100, 0.100, 0.100]
    Layer 15: sigma=[0.100, 0.183, 0.100, 0.100, 0.100, 0.104, 0.100, 0.100, 0.100, 0.100, 0.100, 0.100, 0.216, 0.100, 0.100, 0.100, 0.100, 0.100, 0.100, 0.100, 0.100, 0.100, 0.100, 0.100, 0.146, 0.100, 0.100, 0.100, 0.100, 0.100, 0.100, 0.100]
    Layer 16: sigma=[0.100, 0.100, 0.100, 0.100, 0.100, 0.100, 0.100, 0.100, 0.100, 0.100, 0.100, 0.100, 0.100, 0.100, 0.100, 0.100, 0.100, 0.100, 0.100, 0.100, 0.100, 0.100, 0.100, 0.100, 0.100, 0.100, 0.100, 0.330, 0.100, 0.100, 0.100, 0.100]
    Layer 17: sigma=[0.100, 0.100, 0.100, 0.100, 0.100, 0.148, 0.100, 0.100, 0.100, 0.100, 0.100, 0.100, 0.100, 0.100, 0.100, 0.100, 0.127, 0.114, 0.100, 0.414, 0.100, 0.100, 0.100, 0.110, 0.153, 0.100, 0.395, 0.100, 0.100, 0.100, 0.100, 0.100]
    Layer 18: sigma=[0.100, 0.513, 0.100, 0.100, 0.100, 0.100, 0.100, 0.199, 0.100, 0.100, 0.100, 0.100, 0.100, 0.100, 0.100, 0.100, 0.135, 0.100, 0.100, 0.100, 0.100, 0.100, 0.100, 0.100, 0.100, 0.100, 0.100, 0.100, 0.100, 0.100, 0.100, 0.100]
    Layer 19: sigma=[0.100, 0.100, 0.100, 0.100, 0.100, 0.100, 0.100, 0.100, 0.100, 0.100, 0.100, 0.100, 0.129, 0.100, 0.100, 0.176, 0.100, 0.100, 0.100, 0.260, 0.100, 0.100, 0.100, 0.125, 0.100, 0.100, 0.100, 0.100, 0.100, 0.100, 0.100, 0.100]
    Layer 20: sigma=[0.100, 0.100, 0.100, 0.100, 0.100, 0.203, 0.100, 0.100, 0.147, 0.116, 0.100, 0.100, 0.100, 0.100, 0.100, 0.129, 0.100, 0.144, 0.100, 0.100, 0.100, 0.100, 0.100, 0.100, 0.100, 0.100, 0.100, 0.100, 0.100, 0.100, 0.100, 0.100]
    Layer 21: sigma=[0.100, 0.146, 0.100, 0.100, 0.100, 0.100, 0.100, 0.100, 0.100, 0.164, 0.100, 0.280, 0.100, 0.100, 0.141, 0.100, 0.100, 0.100, 0.100, 0.100, 0.100, 0.104, 0.100, 0.100, 0.226, 0.100, 0.100, 0.100, 0.100, 0.100, 0.183, 0.100]
    Layer 22: sigma=[0.174, 0.100, 0.100, 0.100, 0.176, 0.125, 0.100, 0.187, 0.133, 0.100, 0.100, 0.100, 0.100, 0.100, 0.100, 0.100, 0.100, 0.100, 0.100, 0.100, 0.100, 0.100, 0.100, 0.100, 0.100, 0.100, 0.100, 0.100, 0.100, 0.100, 0.100, 0.100]
    Layer 23: sigma=[0.169, 0.260, 0.167, 0.100, 0.100, 0.100, 0.158, 0.100, 0.100, 0.249, 0.100, 0.100, 0.100, 0.100, 0.103, 0.100, 0.100, 0.100, 0.100, 0.100, 0.100, 0.100, 0.100, 0.100, 0.100, 0.100, 0.100, 0.100, 0.100, 0.130, 0.136, 0.190]
    Layer 24: sigma=[0.100, 0.100, 0.100, 0.100, 0.100, 0.100, 0.100, 0.100, 0.100, 0.100, 0.100, 0.100, 0.100, 0.100, 0.100, 0.130, 0.100, 0.100, 0.100, 0.100, 0.100, 0.100, 0.100, 0.100, 0.207, 0.357, 0.100, 0.360, 0.100, 0.100, 0.100, 0.100]
    Layer 25: sigma=[0.100, 0.100, 0.100, 0.100, 0.100, 0.100, 0.100, 0.100, 0.100, 0.100, 0.100, 0.100, 0.100, 0.100, 0.100, 0.100, 0.100, 0.100, 0.100, 0.100, 0.100, 0.100, 0.100, 0.100, 0.100, 0.100, 0.100, 0.100, 0.100, 0.100, 0.100, 0.100]
    Layer 26: sigma=[0.100, 0.100, 0.100, 0.100, 0.100, 0.100, 0.100, 0.100, 0.100, 0.100, 0.100, 0.100, 0.100, 0.100, 0.100, 0.100, 0.100, 0.100, 0.100, 0.100, 0.100, 0.100, 0.100, 0.100, 0.100, 0.100, 0.100, 0.100, 0.100, 0.100, 0.100, 0.100]
    Layer 27: sigma=[0.100, 0.100, 0.100, 0.100, 0.100, 0.100, 0.100, 0.100, 0.100, 0.100, 0.100, 0.100, 0.100, 0.100, 0.100, 0.100, 0.100, 0.100, 0.100, 0.100, 0.100, 0.100, 0.100, 0.100, 0.100, 0.100, 0.100, 0.100, 0.100, 0.100, 0.100, 0.100]
    Layer 28: sigma=[0.100, 0.100, 0.100, 0.100, 0.100, 0.140, 0.100, 0.163, 0.100, 0.100, 0.100, 0.100, 0.100, 0.100, 0.100, 0.100, 0.100, 0.100, 0.100, 0.100, 0.100, 0.100, 0.100, 0.100, 0.100, 0.100, 0.100, 0.100, 0.100, 0.100, 0.100, 0.100]
    Layer 29: sigma=[0.100, 0.100, 0.100, 0.100, 0.100, 0.100, 0.100, 0.100, 0.100, 0.100, 0.100, 0.100, 0.100, 0.100, 0.100, 0.100, 0.100, 0.100, 0.100, 0.100, 0.100, 0.100, 0.100, 0.100, 0.100, 0.100, 0.100, 0.100, 0.100, 0.100, 0.100, 0.100]
    Layer 30: sigma=[0.100, 0.100, 0.100, 0.100, 0.100, 0.100, 0.100, 0.100, 0.100, 0.100, 0.100, 0.100, 0.100, 0.100, 0.100, 0.100, 0.107, 0.100, 0.100, 0.100, 0.100, 0.100, 0.100, 0.100, 0.100, 0.100, 0.100, 0.100, 0.100, 0.100, 0.100, 0.100]
    Layer 31: sigma=[0.100, 0.100, 0.100, 0.100, 0.100, 0.100, 0.100, 0.100, 0.100, 0.100, 0.100, 0.100, 0.100, 0.100, 0.100, 0.100, 0.100, 0.100, 0.100, 0.120, 0.100, 0.100, 0.100, 0.100, 0.100, 0.100, 0.100, 0.100, 0.100, 0.100, 0.100, 0.100]
    Layer 32: sigma=[0.100, 0.100, 0.100, 0.100, 0.100, 0.100, 0.100, 0.100, 0.100, 0.100, 0.100, 0.100, 0.100, 0.100, 0.100, 0.100, 0.100, 0.100, 0.100, 0.100, 0.100, 0.100, 0.100, 0.100, 0.100, 0.100, 0.100, 0.100, 0.100, 0.100, 0.100, 0.100]
    Layer 33: sigma=[0.100, 0.100, 0.100, 0.100, 0.100, 0.100, 0.100, 0.100, 0.100, 0.100, 0.100, 0.100, 0.100, 0.100, 0.100, 0.100, 0.100, 0.100, 0.100, 0.100, 0.100, 0.100, 0.100, 0.100, 0.100, 0.100, 0.100, 0.100, 0.100, 0.100, 0.100, 0.100]
    Layer 34: sigma=[0.100, 0.100, 0.100, 0.100, 0.100, 0.100, 0.100, 0.100, 0.100, 0.100, 0.100, 0.100, 0.100, 0.100, 0.100, 0.100, 0.121, 0.100, 0.100, 0.100, 0.100, 0.100, 0.100, 0.100, 0.100, 0.100, 0.100, 0.100, 0.100, 0.100, 0.100, 0.100]
    Layer 35: sigma=[0.100, 0.100, 0.100, 0.100, 0.100, 0.100, 0.100, 0.100, 0.100, 0.100, 0.100, 0.100, 0.100, 0.100, 0.100, 0.100, 0.100, 0.100, 0.100, 0.100, 0.100, 0.100, 0.100, 0.100, 0.100, 0.100, 0.100, 0.100, 0.100, 0.100, 0.100, 0.100]

  [Taylor Step 3/3] g_proj = v_proj * alpha (damping=0.01)...
    Layer  0: alpha=0.060495  teacher_rms=0.0163  v_rms=0.0027
    Layer  1: alpha=0.060803  teacher_rms=0.0205  v_rms=0.0034
    Layer  2: alpha=0.057085  teacher_rms=0.0214  v_rms=0.0038
    Layer  3: alpha=0.048519  teacher_rms=0.0259  v_rms=0.0053
    Layer  4: alpha=0.047491  teacher_rms=0.0304  v_rms=0.0064
    Layer  5: alpha=0.061691  teacher_rms=0.0409  v_rms=0.0066
    Layer  6: alpha=0.078419  teacher_rms=0.0621  v_rms=0.0079
    Layer  7: alpha=0.046084  teacher_rms=0.0530  v_rms=0.0115
    Layer  8: alpha=0.047491  teacher_rms=0.0708  v_rms=0.0149
    Layer  9: alpha=0.035647  teacher_rms=0.0713  v_rms=0.0200
    Layer 10: alpha=0.051225  teacher_rms=0.1092  v_rms=0.0213
    Layer 11: alpha=0.062423  teacher_rms=0.1046  v_rms=0.0167
    Layer 12: alpha=0.060352  teacher_rms=0.1207  v_rms=0.0200
    Layer 14: alpha=0.061670  teacher_rms=0.1547  v_rms=0.0251
    Layer 15: alpha=0.057685  teacher_rms=0.1576  v_rms=0.0273
    Layer 16: alpha=0.044507  teacher_rms=0.1473  v_rms=0.0331
    Layer 17: alpha=0.043955  teacher_rms=0.1753  v_rms=0.0399
    Layer 18: alpha=0.042799  teacher_rms=0.1990  v_rms=0.0465
    Layer 19: alpha=0.056293  teacher_rms=0.2060  v_rms=0.0366
    Layer 20: alpha=0.055382  teacher_rms=0.1966  v_rms=0.0355
    Layer 21: alpha=0.051826  teacher_rms=0.2373  v_rms=0.0458
    Layer 22: alpha=0.055817  teacher_rms=0.2834  v_rms=0.0508
    Layer 23: alpha=0.051967  teacher_rms=0.3098  v_rms=0.0596
    Layer 24: alpha=0.034157  teacher_rms=0.2897  v_rms=0.0848
    Layer 25: alpha=0.040058  teacher_rms=0.2376  v_rms=0.0593
    Layer 26: alpha=0.029256  teacher_rms=0.2124  v_rms=0.0726
    Layer 27: alpha=0.037093  teacher_rms=0.3083  v_rms=0.0831
    Layer 28: alpha=0.041416  teacher_rms=0.3705  v_rms=0.0895
    Layer 29: alpha=0.017344  teacher_rms=0.2548  v_rms=0.1469
    Layer 30: alpha=0.028975  teacher_rms=0.4297  v_rms=0.1483
    Layer 31: alpha=0.021145  teacher_rms=0.3785  v_rms=0.1790
    Layer 32: alpha=0.023899  teacher_rms=0.5288  v_rms=0.2213
    Layer 33: alpha=0.018560  teacher_rms=0.6404  v_rms=0.3451
    Layer 34: alpha=0.033077  teacher_rms=1.0325  v_rms=0.3121
    Layer 35: alpha=0.060104  teacher_rms=1.0168  v_rms=0.1692

  Set g_proj = v_proj * alpha in 35 GDN layers (damping=0.01).
  Init (taylor_init) done in 328.7s
  Layer 13: PPL = 18292122.00  (eval 13.3s)

============================================================
  Probing layer 14 | strategy=taylor_init
============================================================
Loading checkpoint shards:   0%|          | 0/4 [00:00<?, ?it/s]Loading checkpoint shards: 100%|██████████| 4/4 [00:00<00:00, 144.86it/s]
Could not cache non-existence of file. Will ignore error and continue. Error: [Errno 13] Permission denied: '/data/shared/huggingface/hub/models--Qwen--Qwen3-8B/.no_exist/b968826d9c46dd6066d109eabc6255188de91218/model.safetensors'
Loading checkpoint shards:   0%|          | 0/5 [00:00<?, ?it/s]Loading checkpoint shards: 100%|██████████| 5/5 [00:00<00:00, 185.42it/s]
Token indices sequence length is longer than the specified maximum sequence length for this model (2429029 > 131072). Running this sequence through the model will result in indexing errors
  [Taylor Step 1/3] Gate calibration from attention stats...
    Layer  0: dist=[32, 3, 12, 35, 12, 26, 9, 11, 19, 6, 8, 9, 18, 34, 31, 10, 16, 19, 16, 14, 13, 23, 4, 12, 5, 52, 10, 43, 15, 36, 15, 14]
    Layer  1: dist=[19, 38, 25, 44, 3, 15, 31, 11, 45, 36, 65, 60, 34, 47, 51, 38, 32, 54, 57, 33, 56, 24, 40, 40, 37, 9, 44, 41, 83, 31, 37, 49]
    Layer  2: dist=[65, 65, 67, 62, 26, 45, 33, 43, 39, 47, 56, 56, 53, 46, 46, 60, 61, 49, 54, 43, 49, 67, 48, 50, 25, 24, 21, 35, 73, 73, 77, 74]
    Layer  3: dist=[65, 26, 13, 22, 87, 93, 83, 73, 56, 53, 62, 58, 90, 73, 75, 74, 59, 62, 51, 67, 74, 60, 64, 65, 64, 56, 52, 59, 70, 63, 72, 65]
    Layer  4: dist=[62, 63, 73, 67, 73, 56, 61, 89, 68, 69, 63, 60, 55, 55, 71, 61, 62, 65, 67, 70, 64, 61, 47, 64, 41, 51, 48, 34, 51, 66, 55, 55]
    Layer  5: dist=[36, 48, 55, 35, 61, 68, 52, 51, 5, 18, 73, 61, 54, 78, 59, 52, 41, 32, 50, 48, 51, 55, 48, 59, 73, 73, 80, 80, 43, 44, 46, 58]
    Layer  6: dist=[27, 40, 30, 31, 52, 46, 67, 61, 46, 25, 43, 38, 56, 64, 56, 30, 47, 34, 45, 40, 20, 30, 32, 14, 35, 50, 32, 49, 47, 43, 37, 53]
    Layer  7: dist=[55, 60, 64, 87, 126, 114, 127, 121, 88, 119, 99, 72, 108, 23, 53, 97, 80, 101, 85, 81, 106, 86, 112, 116, 64, 78, 47, 86, 97, 101, 101, 106]
    Layer  8: dist=[83, 87, 90, 58, 81, 77, 69, 78, 86, 99, 87, 90, 94, 86, 96, 70, 116, 107, 103, 96, 92, 106, 100, 111, 92, 72, 95, 67, 84, 72, 79, 74]
    Layer  9: dist=[76, 60, 61, 67, 83, 97, 96, 74, 123, 120, 118, 112, 27, 87, 63, 85, 93, 100, 114, 125, 87, 77, 60, 70, 119, 81, 91, 97, 125, 113, 127, 123]
    Layer 10: dist=[76, 71, 58, 74, 85, 102, 64, 74, 63, 88, 106, 49, 88, 67, 82, 86, 87, 102, 100, 107, 88, 60, 107, 90, 93, 107, 84, 77, 76, 65, 82, 90]
    Layer 11: dist=[78, 65, 79, 48, 53, 61, 78, 77, 102, 123, 109, 93, 82, 64, 65, 69, 69, 63, 61, 51, 77, 107, 89, 87, 67, 59, 56, 54, 95, 55, 55, 94]
    Layer 12: dist=[21, 72, 79, 61, 87, 83, 66, 70, 63, 62, 74, 77, 86, 81, 82, 87, 39, 68, 59, 94, 102, 112, 97, 103, 93, 2, 107, 38, 81, 88, 113, 91]
    Layer 13: dist=[52, 68, 66, 62, 52, 51, 65, 40, 86, 63, 99, 122, 128, 115, 109, 124, 85, 72, 57, 61, 93, 55, 83, 90, 84, 59, 72, 76, 113, 111, 96, 99]
    Layer 15: dist=[80, 44, 79, 38, 37, 38, 79, 67, 90, 60, 46, 104, 68, 107, 79, 89, 61, 57, 64, 68, 58, 60, 50, 51, 49, 34, 86, 62, 72, 84, 71, 49]
    Layer 16: dist=[61, 57, 74, 85, 55, 58, 48, 55, 54, 82, 73, 84, 90, 69, 86, 86, 68, 71, 60, 62, 115, 118, 110, 103, 71, 54, 64, 10, 58, 59, 65, 56]
    Layer 17: dist=[111, 95, 79, 67, 53, 57, 39, 47, 90, 108, 79, 100, 40, 57, 71, 74, 44, 61, 61, 42, 75, 98, 93, 97, 58, 55, 57, 52, 53, 79, 93, 67]
    Layer 18: dist=[34, 45, 35, 33, 56, 78, 74, 57, 64, 67, 66, 79, 61, 60, 57, 62, 46, 74, 72, 52, 68, 47, 65, 96, 58, 62, 61, 63, 52, 53, 79, 56]
    Layer 19: dist=[73, 64, 63, 62, 76, 103, 54, 71, 81, 85, 84, 93, 63, 57, 75, 63, 84, 85, 49, 49, 21, 50, 33, 49, 102, 106, 102, 116, 77, 77, 73, 72]
    Layer 20: dist=[89, 79, 80, 77, 78, 51, 49, 57, 40, 36, 43, 39, 92, 79, 87, 96, 45, 51, 56, 39, 73, 111, 101, 98, 125, 97, 105, 85, 93, 79, 108, 108]
    Layer 21: dist=[44, 50, 56, 68, 115, 65, 96, 118, 118, 61, 71, 69, 46, 41, 44, 42, 75, 75, 83, 65, 89, 99, 95, 96, 64, 62, 60, 80, 73, 79, 60, 88]
    Layer 22: dist=[73, 60, 67, 63, 52, 72, 45, 56, 37, 49, 45, 59, 18, 86, 61, 64, 33, 79, 76, 41, 102, 115, 120, 121, 101, 84, 91, 95, 114, 92, 103, 95]
    Layer 23: dist=[39, 30, 48, 39, 110, 111, 41, 102, 79, 36, 45, 63, 75, 72, 79, 77, 82, 75, 74, 94, 72, 93, 82, 76, 78, 72, 68, 100, 91, 90, 83, 78]
    Layer 24: dist=[79, 124, 109, 101, 99, 109, 111, 97, 102, 105, 104, 84, 78, 75, 89, 74, 81, 86, 98, 88, 120, 103, 102, 117, 65, 73, 79, 51, 95, 111, 98, 88]
    Layer 25: dist=[105, 121, 118, 94, 71, 72, 107, 80, 96, 97, 85, 90, 65, 89, 50, 68, 93, 99, 97, 89, 102, 111, 105, 108, 110, 110, 99, 108, 88, 125, 98, 88]
    Layer 26: dist=[80, 88, 106, 68, 115, 113, 113, 110, 102, 107, 105, 98, 100, 124, 116, 116, 86, 93, 99, 95, 102, 113, 122, 114, 99, 97, 102, 93, 115, 96, 114, 95]
    Layer 27: dist=[87, 108, 103, 117, 98, 105, 101, 86, 77, 100, 107, 99, 78, 109, 80, 86, 96, 99, 99, 104, 91, 112, 113, 92, 110, 113, 116, 117, 107, 77, 92, 117]
    Layer 28: dist=[103, 92, 102, 102, 82, 63, 80, 76, 96, 107, 92, 89, 112, 105, 96, 101, 112, 104, 104, 108, 119, 71, 60, 89, 91, 88, 99, 99, 92, 92, 71, 95]
    Layer 29: dist=[113, 114, 114, 113, 90, 112, 94, 114, 119, 113, 122, 105, 120, 120, 119, 120, 116, 106, 115, 121, 123, 123, 107, 125, 100, 114, 97, 92, 106, 95, 106, 109]
    Layer 30: dist=[75, 102, 99, 100, 102, 100, 90, 67, 117, 117, 115, 120, 105, 104, 113, 101, 97, 78, 120, 122, 51, 120, 100, 110, 119, 119, 119, 118, 106, 110, 107, 102]
    Layer 31: dist=[119, 117, 99, 98, 112, 113, 114, 116, 114, 77, 87, 91, 117, 116, 117, 115, 101, 101, 106, 94, 119, 116, 108, 119, 112, 109, 89, 120, 112, 106, 102, 110]
    Layer 32: dist=[110, 114, 114, 111, 116, 119, 116, 117, 110, 111, 117, 115, 93, 113, 108, 91, 118, 106, 109, 111, 123, 92, 114, 120, 71, 95, 80, 105, 116, 107, 99, 103]
    Layer 33: dist=[102, 120, 112, 119, 91, 102, 57, 94, 116, 116, 113, 113, 114, 115, 113, 116, 114, 117, 106, 109, 112, 96, 110, 113, 111, 119, 122, 118, 110, 111, 107, 104]
    Layer 34: dist=[110, 109, 112, 113, 105, 111, 108, 102, 53, 93, 114, 86, 117, 115, 120, 81, 82, 89, 126, 55, 119, 51, 118, 119, 122, 122, 125, 122, 54, 62, 68, 109]
    Layer 35: dist=[105, 123, 71, 97, 82, 36, 112, 100, 85, 94, 112, 96, 63, 28, 49, 40, 98, 74, 84, 48, 90, 102, 55, 54, 66, 49, 68, 72, 73, 115, 122, 117]

  [Taylor Step 2/3] OLS sigma per head (scaling V, streaming)...
    Layer  0: sigma=[0.613, 0.100, 0.100, 0.100, 0.332, 0.379, 0.100, 0.100, 0.100, 0.147, 0.100, 0.100, 0.100, 0.100, 0.100, 0.259, 0.100, 0.100, 0.100, 0.100, 0.100, 0.100, 0.100, 0.100, 0.100, 0.100, 0.351, 0.100, 0.100, 0.100, 0.161, 0.100]
    Layer  1: sigma=[0.351, 0.100, 0.100, 0.100, 0.100, 0.100, 0.100, 0.100, 0.100, 0.167, 0.243, 0.100, 0.100, 0.100, 0.100, 0.100, 0.100, 0.100, 0.100, 0.100, 0.100, 0.100, 0.100, 0.115, 0.100, 0.100, 0.114, 0.100, 0.100, 0.100, 0.100, 0.100]
    Layer  2: sigma=[0.100, 0.100, 0.100, 0.100, 0.100, 0.100, 0.100, 0.100, 0.109, 0.100, 0.100, 0.100, 0.100, 0.147, 0.100, 0.100, 0.100, 0.220, 0.100, 0.100, 0.100, 0.100, 0.100, 0.100, 0.100, 0.172, 0.100, 0.100, 0.100, 0.100, 0.100, 0.100]
    Layer  3: sigma=[0.100, 0.329, 0.100, 0.154, 0.100, 0.100, 0.100, 0.100, 0.100, 0.100, 0.100, 0.100, 0.100, 0.100, 0.100, 0.100, 0.100, 0.100, 0.100, 0.100, 0.100, 0.107, 0.100, 0.100, 0.100, 0.100, 0.100, 0.100, 0.100, 0.100, 0.100, 0.100]
    Layer  4: sigma=[0.100, 0.100, 0.100, 0.100, 0.100, 0.100, 0.100, 0.100, 0.100, 0.100, 0.100, 0.100, 0.100, 0.100, 0.100, 0.100, 0.100, 0.100, 0.100, 0.100, 0.132, 0.137, 0.315, 0.100, 0.100, 0.100, 0.100, 0.100, 0.100, 0.100, 0.100, 0.100]
    Layer  5: sigma=[0.100, 0.100, 0.100, 0.100, 0.100, 0.100, 0.100, 0.100, 0.100, 0.128, 0.100, 0.112, 0.100, 0.100, 0.100, 0.121, 0.100, 0.184, 0.100, 0.100, 0.100, 0.100, 0.100, 0.100, 0.100, 0.100, 0.100, 0.100, 0.100, 0.100, 0.100, 0.100]
    Layer  6: sigma=[0.100, 0.100, 0.100, 0.100, 0.100, 0.100, 0.100, 0.100, 0.100, 0.100, 0.100, 0.100, 0.100, 0.100, 0.100, 0.100, 0.100, 0.100, 0.100, 0.100, 0.153, 0.100, 0.100, 0.100, 0.100, 0.100, 0.100, 0.100, 0.100, 0.100, 0.100, 0.100]
    Layer  7: sigma=[0.100, 0.142, 0.100, 0.100, 0.117, 0.100, 0.100, 0.100, 0.100, 0.100, 0.100, 0.100, 0.100, 0.100, 0.100, 0.100, 0.100, 0.100, 0.100, 0.100, 0.100, 0.100, 0.100, 0.100, 0.100, 0.100, 0.100, 0.100, 0.100, 0.100, 0.100, 0.100]
    Layer  8: sigma=[0.100, 0.100, 0.100, 0.100, 0.100, 0.100, 0.100, 0.100, 0.100, 0.100, 0.100, 0.100, 0.100, 0.100, 0.100, 0.100, 0.100, 0.100, 0.100, 0.100, 0.100, 0.100, 0.100, 0.100, 0.100, 0.100, 0.100, 0.187, 0.100, 0.100, 0.100, 0.100]
    Layer  9: sigma=[0.100, 0.100, 0.100, 0.100, 0.100, 0.100, 0.100, 0.100, 0.100, 0.100, 0.100, 0.100, 0.100, 0.100, 0.567, 0.135, 0.100, 0.100, 0.100, 0.100, 0.100, 0.100, 0.100, 0.100, 0.100, 0.100, 0.100, 0.100, 0.100, 0.100, 0.100, 0.100]
    Layer 10: sigma=[0.100, 0.100, 0.100, 0.100, 0.100, 0.100, 0.100, 0.100, 0.100, 0.100, 0.100, 0.100, 0.100, 0.100, 0.100, 0.100, 0.100, 0.100, 0.100, 0.100, 0.100, 0.100, 0.100, 0.100, 0.100, 0.100, 0.100, 0.100, 0.100, 0.100, 0.100, 0.100]
    Layer 11: sigma=[0.100, 0.100, 0.100, 0.100, 0.136, 0.100, 0.100, 0.100, 0.100, 0.114, 0.100, 0.100, 0.100, 0.100, 0.232, 0.100, 0.100, 0.100, 0.100, 0.100, 0.100, 0.100, 0.100, 0.100, 0.100, 0.100, 0.165, 0.100, 0.100, 0.100, 0.100, 0.100]
    Layer 12: sigma=[0.100, 0.100, 0.100, 0.100, 0.100, 0.100, 0.100, 0.100, 0.100, 0.101, 0.100, 0.109, 0.100, 0.100, 0.100, 0.100, 0.100, 0.330, 0.188, 0.100, 0.100, 0.100, 0.100, 0.100, 0.100, 0.100, 0.100, 0.214, 0.100, 0.100, 0.119, 0.100]
    Layer 13: sigma=[0.224, 0.100, 0.100, 0.284, 0.100, 0.100, 0.100, 0.100, 0.100, 0.100, 0.100, 0.100, 0.100, 0.100, 0.100, 0.100, 0.100, 0.100, 0.100, 0.109, 0.100, 0.100, 0.100, 0.100, 0.100, 0.100, 0.100, 0.100, 0.100, 0.100, 0.100, 0.100]
    Layer 15: sigma=[0.100, 0.201, 0.100, 0.100, 0.100, 0.103, 0.100, 0.100, 0.100, 0.100, 0.100, 0.100, 0.204, 0.100, 0.100, 0.100, 0.100, 0.100, 0.100, 0.100, 0.100, 0.100, 0.100, 0.100, 0.146, 0.100, 0.100, 0.100, 0.100, 0.100, 0.100, 0.100]
    Layer 16: sigma=[0.100, 0.100, 0.100, 0.100, 0.100, 0.100, 0.100, 0.100, 0.100, 0.100, 0.100, 0.100, 0.100, 0.100, 0.100, 0.100, 0.100, 0.100, 0.100, 0.100, 0.100, 0.100, 0.100, 0.100, 0.100, 0.100, 0.100, 0.347, 0.100, 0.100, 0.100, 0.100]
    Layer 17: sigma=[0.100, 0.100, 0.100, 0.100, 0.100, 0.149, 0.100, 0.100, 0.100, 0.100, 0.100, 0.100, 0.100, 0.100, 0.100, 0.100, 0.140, 0.100, 0.100, 0.396, 0.100, 0.100, 0.100, 0.100, 0.149, 0.100, 0.410, 0.100, 0.100, 0.100, 0.100, 0.100]
    Layer 18: sigma=[0.100, 0.506, 0.100, 0.100, 0.100, 0.100, 0.100, 0.197, 0.100, 0.100, 0.100, 0.100, 0.100, 0.100, 0.100, 0.100, 0.163, 0.100, 0.100, 0.100, 0.100, 0.100, 0.100, 0.100, 0.100, 0.100, 0.100, 0.100, 0.100, 0.100, 0.100, 0.100]
    Layer 19: sigma=[0.100, 0.100, 0.100, 0.100, 0.100, 0.100, 0.100, 0.100, 0.100, 0.100, 0.100, 0.100, 0.155, 0.100, 0.100, 0.201, 0.100, 0.100, 0.100, 0.248, 0.100, 0.100, 0.100, 0.100, 0.100, 0.100, 0.100, 0.100, 0.100, 0.100, 0.100, 0.100]
    Layer 20: sigma=[0.100, 0.100, 0.100, 0.100, 0.100, 0.213, 0.100, 0.100, 0.143, 0.100, 0.100, 0.100, 0.100, 0.100, 0.100, 0.136, 0.100, 0.181, 0.100, 0.100, 0.100, 0.100, 0.100, 0.100, 0.100, 0.100, 0.100, 0.100, 0.100, 0.100, 0.100, 0.100]
    Layer 21: sigma=[0.100, 0.163, 0.100, 0.100, 0.100, 0.100, 0.100, 0.100, 0.100, 0.143, 0.100, 0.258, 0.100, 0.100, 0.105, 0.100, 0.100, 0.100, 0.100, 0.100, 0.100, 0.115, 0.100, 0.100, 0.188, 0.100, 0.100, 0.100, 0.100, 0.100, 0.301, 0.100]
    Layer 22: sigma=[0.126, 0.100, 0.100, 0.100, 0.146, 0.100, 0.103, 0.163, 0.100, 0.100, 0.100, 0.100, 0.100, 0.100, 0.100, 0.110, 0.100, 0.100, 0.100, 0.108, 0.100, 0.100, 0.100, 0.100, 0.100, 0.100, 0.100, 0.100, 0.100, 0.100, 0.100, 0.100]
    Layer 23: sigma=[0.165, 0.274, 0.194, 0.100, 0.100, 0.100, 0.114, 0.100, 0.100, 0.224, 0.100, 0.100, 0.100, 0.100, 0.100, 0.100, 0.100, 0.100, 0.100, 0.100, 0.100, 0.100, 0.100, 0.100, 0.100, 0.100, 0.100, 0.100, 0.100, 0.100, 0.124, 0.214]
    Layer 24: sigma=[0.100, 0.100, 0.100, 0.100, 0.100, 0.100, 0.100, 0.100, 0.100, 0.100, 0.100, 0.100, 0.100, 0.100, 0.100, 0.168, 0.100, 0.100, 0.100, 0.100, 0.100, 0.100, 0.100, 0.100, 0.241, 0.410, 0.100, 0.378, 0.100, 0.100, 0.100, 0.100]
    Layer 25: sigma=[0.100, 0.100, 0.100, 0.100, 0.100, 0.100, 0.100, 0.100, 0.100, 0.100, 0.100, 0.100, 0.100, 0.100, 0.109, 0.100, 0.100, 0.100, 0.100, 0.100, 0.100, 0.100, 0.100, 0.100, 0.100, 0.100, 0.100, 0.100, 0.100, 0.100, 0.100, 0.100]
    Layer 26: sigma=[0.100, 0.100, 0.100, 0.100, 0.100, 0.100, 0.100, 0.100, 0.100, 0.100, 0.100, 0.100, 0.100, 0.100, 0.100, 0.100, 0.100, 0.100, 0.100, 0.100, 0.100, 0.100, 0.100, 0.100, 0.100, 0.100, 0.100, 0.100, 0.100, 0.100, 0.100, 0.100]
    Layer 27: sigma=[0.100, 0.100, 0.100, 0.100, 0.100, 0.100, 0.100, 0.100, 0.100, 0.100, 0.100, 0.100, 0.100, 0.100, 0.100, 0.100, 0.100, 0.100, 0.100, 0.100, 0.100, 0.100, 0.100, 0.100, 0.100, 0.100, 0.100, 0.100, 0.100, 0.100, 0.100, 0.100]
    Layer 28: sigma=[0.100, 0.100, 0.100, 0.100, 0.100, 0.100, 0.100, 0.114, 0.100, 0.100, 0.100, 0.100, 0.100, 0.100, 0.100, 0.100, 0.100, 0.100, 0.100, 0.100, 0.100, 0.100, 0.100, 0.100, 0.100, 0.100, 0.100, 0.100, 0.100, 0.100, 0.100, 0.100]
    Layer 29: sigma=[0.100, 0.100, 0.100, 0.100, 0.100, 0.100, 0.100, 0.100, 0.100, 0.100, 0.100, 0.100, 0.100, 0.100, 0.100, 0.100, 0.100, 0.100, 0.100, 0.100, 0.100, 0.100, 0.100, 0.100, 0.100, 0.100, 0.100, 0.100, 0.100, 0.100, 0.100, 0.100]
    Layer 30: sigma=[0.100, 0.100, 0.100, 0.100, 0.100, 0.100, 0.100, 0.100, 0.100, 0.100, 0.100, 0.100, 0.100, 0.100, 0.100, 0.100, 0.100, 0.100, 0.102, 0.100, 0.100, 0.100, 0.100, 0.100, 0.100, 0.100, 0.100, 0.100, 0.100, 0.100, 0.100, 0.100]
    Layer 31: sigma=[0.100, 0.100, 0.100, 0.100, 0.100, 0.100, 0.100, 0.100, 0.100, 0.100, 0.100, 0.100, 0.100, 0.100, 0.100, 0.100, 0.100, 0.100, 0.100, 0.118, 0.100, 0.100, 0.100, 0.100, 0.100, 0.100, 0.100, 0.100, 0.100, 0.100, 0.100, 0.100]
    Layer 32: sigma=[0.100, 0.100, 0.100, 0.100, 0.100, 0.100, 0.100, 0.100, 0.100, 0.100, 0.100, 0.100, 0.100, 0.100, 0.100, 0.100, 0.100, 0.100, 0.100, 0.100, 0.100, 0.100, 0.100, 0.100, 0.100, 0.100, 0.100, 0.100, 0.100, 0.100, 0.100, 0.100]
    Layer 33: sigma=[0.100, 0.100, 0.100, 0.100, 0.100, 0.100, 0.100, 0.100, 0.100, 0.100, 0.100, 0.100, 0.100, 0.100, 0.100, 0.100, 0.100, 0.100, 0.100, 0.100, 0.100, 0.100, 0.100, 0.100, 0.100, 0.100, 0.100, 0.100, 0.100, 0.100, 0.100, 0.100]
    Layer 34: sigma=[0.100, 0.100, 0.100, 0.100, 0.100, 0.100, 0.100, 0.100, 0.100, 0.100, 0.100, 0.105, 0.100, 0.100, 0.100, 0.100, 0.137, 0.100, 0.100, 0.100, 0.100, 0.100, 0.100, 0.100, 0.100, 0.100, 0.100, 0.100, 0.100, 0.100, 0.100, 0.100]
    Layer 35: sigma=[0.100, 0.100, 0.100, 0.100, 0.133, 0.100, 0.100, 0.100, 0.100, 0.100, 0.100, 0.100, 0.100, 0.100, 0.100, 0.100, 0.100, 0.100, 0.100, 0.100, 0.100, 0.100, 0.115, 0.100, 0.100, 0.100, 0.100, 0.100, 0.100, 0.100, 0.100, 0.100]

  [Taylor Step 3/3] g_proj = v_proj * alpha (damping=0.01)...
    Layer  0: alpha=0.060496  teacher_rms=0.0163  v_rms=0.0027
    Layer  1: alpha=0.060909  teacher_rms=0.0205  v_rms=0.0034
    Layer  2: alpha=0.056950  teacher_rms=0.0214  v_rms=0.0038
    Layer  3: alpha=0.048581  teacher_rms=0.0259  v_rms=0.0053
    Layer  4: alpha=0.047469  teacher_rms=0.0304  v_rms=0.0064
    Layer  5: alpha=0.061852  teacher_rms=0.0409  v_rms=0.0066
    Layer  6: alpha=0.078420  teacher_rms=0.0621  v_rms=0.0079
    Layer  7: alpha=0.046212  teacher_rms=0.0530  v_rms=0.0115
    Layer  8: alpha=0.047158  teacher_rms=0.0708  v_rms=0.0150
    Layer  9: alpha=0.035312  teacher_rms=0.0713  v_rms=0.0202
    Layer 10: alpha=0.051225  teacher_rms=0.1092  v_rms=0.0213
    Layer 11: alpha=0.063318  teacher_rms=0.1046  v_rms=0.0165
    Layer 12: alpha=0.059239  teacher_rms=0.1207  v_rms=0.0204
    Layer 13: alpha=0.054684  teacher_rms=0.1040  v_rms=0.0190
    Layer 15: alpha=0.057406  teacher_rms=0.1576  v_rms=0.0275
    Layer 16: alpha=0.044078  teacher_rms=0.1473  v_rms=0.0334
    Layer 17: alpha=0.043898  teacher_rms=0.1753  v_rms=0.0399
    Layer 18: alpha=0.043016  teacher_rms=0.1990  v_rms=0.0463
    Layer 19: alpha=0.055640  teacher_rms=0.2060  v_rms=0.0370
    Layer 20: alpha=0.054078  teacher_rms=0.1966  v_rms=0.0364
    Layer 21: alpha=0.049465  teacher_rms=0.2373  v_rms=0.0480
    Layer 22: alpha=0.058922  teacher_rms=0.2834  v_rms=0.0481
    Layer 23: alpha=0.052573  teacher_rms=0.3098  v_rms=0.0589
    Layer 24: alpha=0.032532  teacher_rms=0.2897  v_rms=0.0890
    Layer 25: alpha=0.039967  teacher_rms=0.2376  v_rms=0.0594
    Layer 26: alpha=0.029256  teacher_rms=0.2124  v_rms=0.0726
    Layer 27: alpha=0.037093  teacher_rms=0.3083  v_rms=0.0831
    Layer 28: alpha=0.042605  teacher_rms=0.3705  v_rms=0.0870
    Layer 29: alpha=0.017344  teacher_rms=0.2548  v_rms=0.1469
    Layer 30: alpha=0.029030  teacher_rms=0.4297  v_rms=0.1480
    Layer 31: alpha=0.021154  teacher_rms=0.3785  v_rms=0.1789
    Layer 32: alpha=0.023899  teacher_rms=0.5288  v_rms=0.2213
    Layer 33: alpha=0.018560  teacher_rms=0.6404  v_rms=0.3451
    Layer 34: alpha=0.032954  teacher_rms=1.0325  v_rms=0.3133
    Layer 35: alpha=0.059315  teacher_rms=1.0168  v_rms=0.1714

  Set g_proj = v_proj * alpha in 35 GDN layers (damping=0.01).
  Init (taylor_init) done in 327.1s
  Layer 14: PPL = 9201068.00  (eval 13.2s)

============================================================
  Probing layer 15 | strategy=taylor_init
============================================================
Loading checkpoint shards:   0%|          | 0/4 [00:00<?, ?it/s]Loading checkpoint shards: 100%|██████████| 4/4 [00:00<00:00, 152.46it/s]
Could not cache non-existence of file. Will ignore error and continue. Error: [Errno 13] Permission denied: '/data/shared/huggingface/hub/models--Qwen--Qwen3-8B/.no_exist/b968826d9c46dd6066d109eabc6255188de91218/model.safetensors'
Loading checkpoint shards:   0%|          | 0/5 [00:00<?, ?it/s]Loading checkpoint shards: 100%|██████████| 5/5 [00:00<00:00, 189.54it/s]
Token indices sequence length is longer than the specified maximum sequence length for this model (2429029 > 131072). Running this sequence through the model will result in indexing errors
  [Taylor Step 1/3] Gate calibration from attention stats...
    Layer  0: dist=[32, 3, 12, 35, 12, 26, 9, 11, 19, 6, 8, 9, 18, 34, 31, 10, 16, 19, 16, 14, 13, 23, 4, 12, 5, 52, 10, 43, 15, 36, 15, 14]
    Layer  1: dist=[19, 38, 25, 44, 3, 15, 31, 11, 45, 36, 65, 60, 34, 47, 51, 38, 32, 54, 57, 33, 56, 24, 40, 40, 37, 9, 44, 41, 83, 31, 37, 49]
    Layer  2: dist=[65, 65, 67, 62, 26, 45, 33, 43, 39, 47, 56, 56, 53, 46, 46, 60, 61, 49, 54, 43, 49, 67, 48, 50, 25, 24, 21, 35, 73, 73, 77, 74]
    Layer  3: dist=[65, 26, 13, 22, 87, 93, 83, 73, 56, 53, 62, 58, 90, 73, 75, 74, 59, 62, 51, 67, 74, 60, 64, 65, 64, 56, 52, 59, 70, 63, 72, 65]
    Layer  4: dist=[62, 63, 73, 67, 73, 56, 61, 89, 68, 69, 63, 60, 55, 55, 71, 61, 62, 65, 67, 70, 64, 61, 47, 64, 41, 51, 48, 34, 51, 66, 55, 55]
    Layer  5: dist=[36, 48, 55, 35, 61, 68, 52, 51, 5, 18, 73, 61, 54, 78, 59, 52, 41, 32, 50, 48, 51, 55, 48, 59, 73, 73, 80, 80, 43, 44, 46, 58]
    Layer  6: dist=[27, 40, 30, 31, 52, 46, 67, 61, 46, 25, 43, 38, 56, 64, 56, 30, 47, 34, 45, 40, 20, 30, 32, 14, 35, 50, 32, 49, 47, 43, 37, 53]
    Layer  7: dist=[55, 60, 64, 87, 126, 114, 127, 121, 88, 119, 99, 72, 108, 23, 53, 97, 80, 101, 85, 81, 106, 86, 112, 116, 64, 78, 47, 86, 97, 101, 101, 106]
    Layer  8: dist=[83, 87, 90, 58, 81, 77, 69, 78, 86, 99, 87, 90, 94, 86, 96, 70, 116, 107, 103, 96, 92, 106, 100, 111, 92, 72, 95, 67, 84, 72, 79, 74]
    Layer  9: dist=[76, 60, 61, 67, 83, 97, 96, 74, 123, 120, 118, 112, 27, 87, 63, 85, 93, 100, 114, 125, 87, 77, 60, 70, 119, 81, 91, 97, 125, 113, 127, 123]
    Layer 10: dist=[76, 71, 58, 74, 85, 102, 64, 74, 63, 88, 106, 49, 88, 67, 82, 86, 87, 102, 100, 107, 88, 60, 107, 90, 93, 107, 84, 77, 76, 65, 82, 90]
    Layer 11: dist=[78, 65, 79, 48, 53, 61, 78, 77, 102, 123, 109, 93, 82, 64, 65, 69, 69, 63, 61, 51, 77, 107, 89, 87, 67, 59, 56, 54, 95, 55, 55, 94]
    Layer 12: dist=[21, 72, 79, 61, 87, 83, 66, 70, 63, 62, 74, 77, 86, 81, 82, 87, 39, 68, 59, 94, 102, 112, 97, 103, 93, 2, 107, 38, 81, 88, 113, 91]
    Layer 13: dist=[52, 68, 66, 62, 52, 51, 65, 40, 86, 63, 99, 122, 128, 115, 109, 124, 85, 72, 57, 61, 93, 55, 83, 90, 84, 59, 72, 76, 113, 111, 96, 99]
    Layer 14: dist=[44, 64, 65, 46, 62, 45, 64, 65, 54, 57, 70, 68, 69, 76, 65, 67, 77, 86, 51, 64, 65, 31, 51, 81, 52, 67, 73, 64, 85, 88, 8, 89]
    Layer 16: dist=[61, 57, 74, 85, 55, 58, 48, 55, 54, 82, 73, 84, 90, 69, 86, 86, 68, 71, 60, 62, 115, 118, 110, 103, 71, 54, 64, 10, 58, 59, 65, 56]
    Layer 17: dist=[111, 95, 79, 67, 53, 57, 39, 47, 90, 108, 79, 100, 40, 57, 71, 74, 44, 61, 61, 42, 75, 98, 93, 97, 58, 55, 57, 52, 53, 79, 93, 67]
    Layer 18: dist=[34, 45, 35, 33, 56, 78, 74, 57, 64, 67, 66, 79, 61, 60, 57, 62, 46, 74, 72, 52, 68, 47, 65, 96, 58, 62, 61, 63, 52, 53, 79, 56]
    Layer 19: dist=[73, 64, 63, 62, 76, 103, 54, 71, 81, 85, 84, 93, 63, 57, 75, 63, 84, 85, 49, 49, 21, 50, 33, 49, 102, 106, 102, 116, 77, 77, 73, 72]
    Layer 20: dist=[89, 79, 80, 77, 78, 51, 49, 57, 40, 36, 43, 39, 92, 79, 87, 96, 45, 51, 56, 39, 73, 111, 101, 98, 125, 97, 105, 85, 93, 79, 108, 108]
    Layer 21: dist=[44, 50, 56, 68, 115, 65, 96, 118, 118, 61, 71, 69, 46, 41, 44, 42, 75, 75, 83, 65, 89, 99, 95, 96, 64, 62, 60, 80, 73, 79, 60, 88]
    Layer 22: dist=[73, 60, 67, 63, 52, 72, 45, 56, 37, 49, 45, 59, 18, 86, 61, 64, 33, 79, 76, 41, 102, 115, 120, 121, 101, 84, 91, 95, 114, 92, 103, 95]
    Layer 23: dist=[39, 30, 48, 39, 110, 111, 41, 102, 79, 36, 45, 63, 75, 72, 79, 77, 82, 75, 74, 94, 72, 93, 82, 76, 78, 72, 68, 100, 91, 90, 83, 78]
    Layer 24: dist=[79, 124, 109, 101, 99, 109, 111, 97, 102, 105, 104, 84, 78, 75, 89, 74, 81, 86, 98, 88, 120, 103, 102, 117, 65, 73, 79, 51, 95, 111, 98, 88]
    Layer 25: dist=[105, 121, 118, 94, 71, 72, 107, 80, 96, 97, 85, 90, 65, 89, 50, 68, 93, 99, 97, 89, 102, 111, 105, 108, 110, 110, 99, 108, 88, 125, 98, 88]
    Layer 26: dist=[80, 88, 106, 68, 115, 113, 113, 110, 102, 107, 105, 98, 100, 124, 116, 116, 86, 93, 99, 95, 102, 113, 122, 114, 99, 97, 102, 93, 115, 96, 114, 95]
    Layer 27: dist=[87, 108, 103, 117, 98, 105, 101, 86, 77, 100, 107, 99, 78, 109, 80, 86, 96, 99, 99, 104, 91, 112, 113, 92, 110, 113, 116, 117, 107, 77, 92, 117]
    Layer 28: dist=[103, 92, 102, 102, 82, 63, 80, 76, 96, 107, 92, 89, 112, 105, 96, 101, 112, 104, 104, 108, 119, 71, 60, 89, 91, 88, 99, 99, 92, 92, 71, 95]
    Layer 29: dist=[113, 114, 114, 113, 90, 112, 94, 114, 119, 113, 122, 105, 120, 120, 119, 120, 116, 106, 115, 121, 123, 123, 107, 125, 100, 114, 97, 92, 106, 95, 106, 109]
    Layer 30: dist=[75, 102, 99, 100, 102, 100, 90, 67, 117, 117, 115, 120, 105, 104, 113, 101, 97, 78, 120, 122, 51, 120, 100, 110, 119, 119, 119, 118, 106, 110, 107, 102]
    Layer 31: dist=[119, 117, 99, 98, 112, 113, 114, 116, 114, 77, 87, 91, 117, 116, 117, 115, 101, 101, 106, 94, 119, 116, 108, 119, 112, 109, 89, 120, 112, 106, 102, 110]
    Layer 32: dist=[110, 114, 114, 111, 116, 119, 116, 117, 110, 111, 117, 115, 93, 113, 108, 91, 118, 106, 109, 111, 123, 92, 114, 120, 71, 95, 80, 105, 116, 107, 99, 103]
    Layer 33: dist=[102, 120, 112, 119, 91, 102, 57, 94, 116, 116, 113, 113, 114, 115, 113, 116, 114, 117, 106, 109, 112, 96, 110, 113, 111, 119, 122, 118, 110, 111, 107, 104]
    Layer 34: dist=[110, 109, 112, 113, 105, 111, 108, 102, 53, 93, 114, 86, 117, 115, 120, 81, 82, 89, 126, 55, 119, 51, 118, 119, 122, 122, 125, 122, 54, 62, 68, 109]
    Layer 35: dist=[105, 123, 71, 97, 82, 36, 112, 100, 85, 94, 112, 96, 63, 28, 49, 40, 98, 74, 84, 48, 90, 102, 55, 54, 66, 49, 68, 72, 73, 115, 122, 117]

  [Taylor Step 2/3] OLS sigma per head (scaling V, streaming)...
    Layer  0: sigma=[0.615, 0.100, 0.100, 0.100, 0.332, 0.379, 0.100, 0.100, 0.100, 0.150, 0.100, 0.100, 0.100, 0.100, 0.100, 0.260, 0.100, 0.100, 0.100, 0.100, 0.100, 0.100, 0.100, 0.100, 0.100, 0.100, 0.352, 0.100, 0.100, 0.100, 0.161, 0.100]
    Layer  1: sigma=[0.349, 0.100, 0.100, 0.100, 0.100, 0.100, 0.100, 0.100, 0.100, 0.159, 0.246, 0.100, 0.100, 0.100, 0.100, 0.100, 0.100, 0.100, 0.100, 0.100, 0.100, 0.100, 0.100, 0.118, 0.100, 0.100, 0.113, 0.100, 0.100, 0.100, 0.100, 0.100]
    Layer  2: sigma=[0.100, 0.100, 0.100, 0.100, 0.100, 0.100, 0.100, 0.100, 0.108, 0.100, 0.100, 0.100, 0.100, 0.146, 0.100, 0.100, 0.100, 0.222, 0.100, 0.100, 0.100, 0.100, 0.100, 0.100, 0.100, 0.172, 0.100, 0.100, 0.100, 0.100, 0.100, 0.100]
    Layer  3: sigma=[0.100, 0.331, 0.100, 0.154, 0.100, 0.100, 0.100, 0.100, 0.100, 0.100, 0.100, 0.100, 0.100, 0.100, 0.100, 0.100, 0.100, 0.100, 0.100, 0.100, 0.100, 0.104, 0.100, 0.100, 0.100, 0.100, 0.100, 0.100, 0.100, 0.100, 0.100, 0.100]
    Layer  4: sigma=[0.100, 0.100, 0.100, 0.100, 0.100, 0.100, 0.100, 0.100, 0.100, 0.100, 0.100, 0.100, 0.100, 0.100, 0.100, 0.100, 0.100, 0.100, 0.100, 0.100, 0.131, 0.138, 0.324, 0.100, 0.100, 0.100, 0.100, 0.100, 0.100, 0.100, 0.100, 0.100]
    Layer  5: sigma=[0.100, 0.100, 0.100, 0.100, 0.100, 0.100, 0.100, 0.100, 0.100, 0.146, 0.100, 0.111, 0.100, 0.100, 0.100, 0.122, 0.100, 0.178, 0.100, 0.100, 0.100, 0.100, 0.100, 0.100, 0.100, 0.100, 0.100, 0.100, 0.100, 0.100, 0.100, 0.100]
    Layer  6: sigma=[0.100, 0.100, 0.100, 0.100, 0.100, 0.100, 0.100, 0.100, 0.100, 0.100, 0.100, 0.100, 0.100, 0.100, 0.100, 0.100, 0.100, 0.100, 0.100, 0.100, 0.151, 0.100, 0.100, 0.100, 0.100, 0.100, 0.100, 0.100, 0.100, 0.100, 0.100, 0.100]
    Layer  7: sigma=[0.100, 0.157, 0.100, 0.100, 0.119, 0.100, 0.100, 0.100, 0.100, 0.100, 0.100, 0.100, 0.100, 0.100, 0.100, 0.100, 0.100, 0.100, 0.100, 0.100, 0.100, 0.100, 0.100, 0.100, 0.100, 0.100, 0.100, 0.100, 0.100, 0.100, 0.100, 0.100]
    Layer  8: sigma=[0.100, 0.100, 0.100, 0.100, 0.100, 0.100, 0.100, 0.100, 0.100, 0.100, 0.100, 0.100, 0.100, 0.100, 0.100, 0.100, 0.100, 0.100, 0.100, 0.100, 0.100, 0.100, 0.100, 0.100, 0.100, 0.100, 0.100, 0.174, 0.100, 0.100, 0.100, 0.100]
    Layer  9: sigma=[0.100, 0.100, 0.100, 0.100, 0.100, 0.100, 0.100, 0.100, 0.100, 0.100, 0.100, 0.100, 0.100, 0.100, 0.576, 0.131, 0.100, 0.100, 0.100, 0.100, 0.100, 0.100, 0.100, 0.100, 0.100, 0.100, 0.100, 0.100, 0.100, 0.100, 0.100, 0.100]
    Layer 10: sigma=[0.100, 0.100, 0.100, 0.100, 0.100, 0.100, 0.100, 0.100, 0.100, 0.100, 0.100, 0.100, 0.100, 0.100, 0.100, 0.100, 0.100, 0.100, 0.100, 0.100, 0.100, 0.100, 0.100, 0.100, 0.100, 0.100, 0.100, 0.100, 0.100, 0.100, 0.100, 0.100]
    Layer 11: sigma=[0.100, 0.100, 0.100, 0.100, 0.138, 0.100, 0.100, 0.100, 0.100, 0.113, 0.100, 0.100, 0.100, 0.100, 0.241, 0.100, 0.100, 0.100, 0.100, 0.100, 0.100, 0.100, 0.100, 0.100, 0.100, 0.100, 0.165, 0.100, 0.100, 0.100, 0.100, 0.100]
    Layer 12: sigma=[0.100, 0.100, 0.100, 0.100, 0.100, 0.100, 0.100, 0.100, 0.100, 0.102, 0.100, 0.108, 0.100, 0.100, 0.100, 0.100, 0.100, 0.321, 0.183, 0.100, 0.100, 0.100, 0.100, 0.100, 0.100, 0.100, 0.100, 0.213, 0.100, 0.100, 0.114, 0.100]
    Layer 13: sigma=[0.226, 0.100, 0.100, 0.311, 0.100, 0.100, 0.100, 0.100, 0.100, 0.100, 0.100, 0.100, 0.100, 0.100, 0.100, 0.100, 0.100, 0.100, 0.100, 0.112, 0.100, 0.100, 0.100, 0.100, 0.100, 0.100, 0.100, 0.100, 0.100, 0.100, 0.100, 0.100]
    Layer 14: sigma=[0.100, 0.100, 0.100, 0.100, 0.100, 0.431, 0.100, 0.100, 0.100, 0.100, 0.100, 0.100, 0.100, 0.100, 0.100, 0.100, 0.100, 0.100, 0.100, 0.100, 0.100, 0.100, 0.100, 0.100, 0.124, 0.112, 0.100, 0.100, 0.100, 0.100, 0.100, 0.100]
    Layer 16: sigma=[0.100, 0.100, 0.100, 0.100, 0.100, 0.100, 0.100, 0.100, 0.100, 0.100, 0.100, 0.100, 0.100, 0.100, 0.100, 0.100, 0.100, 0.100, 0.100, 0.100, 0.100, 0.100, 0.100, 0.100, 0.100, 0.100, 0.100, 0.453, 0.100, 0.100, 0.100, 0.100]
    Layer 17: sigma=[0.100, 0.100, 0.100, 0.100, 0.100, 0.133, 0.100, 0.100, 0.100, 0.100, 0.100, 0.100, 0.100, 0.100, 0.100, 0.100, 0.125, 0.104, 0.100, 0.380, 0.100, 0.100, 0.100, 0.103, 0.170, 0.100, 0.378, 0.100, 0.100, 0.100, 0.100, 0.100]
    Layer 18: sigma=[0.100, 0.499, 0.100, 0.100, 0.100, 0.100, 0.100, 0.198, 0.100, 0.100, 0.100, 0.100, 0.100, 0.100, 0.100, 0.100, 0.193, 0.100, 0.100, 0.100, 0.100, 0.100, 0.100, 0.100, 0.100, 0.100, 0.100, 0.100, 0.100, 0.100, 0.100, 0.100]
    Layer 19: sigma=[0.100, 0.100, 0.100, 0.100, 0.100, 0.100, 0.100, 0.100, 0.100, 0.100, 0.100, 0.100, 0.136, 0.100, 0.100, 0.174, 0.100, 0.100, 0.100, 0.275, 0.100, 0.100, 0.100, 0.123, 0.100, 0.100, 0.100, 0.100, 0.100, 0.100, 0.100, 0.100]
    Layer 20: sigma=[0.100, 0.100, 0.100, 0.100, 0.100, 0.175, 0.100, 0.100, 0.160, 0.110, 0.100, 0.100, 0.100, 0.100, 0.100, 0.124, 0.100, 0.155, 0.100, 0.100, 0.100, 0.100, 0.100, 0.100, 0.100, 0.100, 0.100, 0.100, 0.100, 0.100, 0.100, 0.100]
    Layer 21: sigma=[0.100, 0.165, 0.100, 0.100, 0.100, 0.100, 0.100, 0.100, 0.100, 0.150, 0.100, 0.282, 0.100, 0.100, 0.109, 0.100, 0.100, 0.100, 0.100, 0.113, 0.100, 0.104, 0.100, 0.100, 0.250, 0.100, 0.100, 0.100, 0.100, 0.100, 0.370, 0.100]
    Layer 22: sigma=[0.171, 0.100, 0.100, 0.100, 0.157, 0.140, 0.100, 0.189, 0.100, 0.100, 0.100, 0.100, 0.100, 0.100, 0.100, 0.110, 0.100, 0.100, 0.100, 0.100, 0.100, 0.100, 0.100, 0.100, 0.100, 0.100, 0.100, 0.100, 0.100, 0.100, 0.100, 0.100]
    Layer 23: sigma=[0.179, 0.228, 0.223, 0.100, 0.100, 0.100, 0.100, 0.100, 0.100, 0.225, 0.100, 0.100, 0.100, 0.100, 0.100, 0.100, 0.100, 0.100, 0.100, 0.100, 0.100, 0.100, 0.100, 0.100, 0.100, 0.100, 0.100, 0.100, 0.100, 0.128, 0.144, 0.235]
    Layer 24: sigma=[0.100, 0.100, 0.100, 0.100, 0.100, 0.100, 0.100, 0.100, 0.100, 0.100, 0.100, 0.100, 0.100, 0.100, 0.100, 0.173, 0.100, 0.100, 0.100, 0.100, 0.100, 0.100, 0.100, 0.100, 0.212, 0.394, 0.100, 0.380, 0.100, 0.100, 0.100, 0.100]
    Layer 25: sigma=[0.100, 0.100, 0.100, 0.100, 0.100, 0.100, 0.100, 0.100, 0.100, 0.100, 0.100, 0.100, 0.100, 0.100, 0.109, 0.100, 0.100, 0.100, 0.100, 0.100, 0.100, 0.100, 0.100, 0.100, 0.100, 0.100, 0.100, 0.100, 0.100, 0.100, 0.100, 0.100]
    Layer 26: sigma=[0.100, 0.100, 0.100, 0.100, 0.100, 0.100, 0.100, 0.100, 0.100, 0.100, 0.100, 0.100, 0.100, 0.100, 0.100, 0.100, 0.100, 0.100, 0.100, 0.100, 0.100, 0.100, 0.100, 0.100, 0.100, 0.100, 0.100, 0.100, 0.100, 0.100, 0.100, 0.100]
    Layer 27: sigma=[0.100, 0.100, 0.100, 0.100, 0.100, 0.100, 0.100, 0.100, 0.100, 0.100, 0.100, 0.100, 0.100, 0.100, 0.100, 0.100, 0.100, 0.100, 0.100, 0.100, 0.100, 0.100, 0.100, 0.100, 0.100, 0.100, 0.100, 0.100, 0.100, 0.112, 0.100, 0.100]
    Layer 28: sigma=[0.100, 0.100, 0.100, 0.100, 0.100, 0.107, 0.100, 0.100, 0.100, 0.100, 0.100, 0.100, 0.100, 0.100, 0.100, 0.100, 0.100, 0.100, 0.100, 0.100, 0.100, 0.100, 0.100, 0.100, 0.100, 0.100, 0.100, 0.100, 0.100, 0.100, 0.100, 0.100]
    Layer 29: sigma=[0.100, 0.100, 0.100, 0.100, 0.100, 0.100, 0.100, 0.100, 0.100, 0.100, 0.100, 0.100, 0.100, 0.100, 0.100, 0.100, 0.100, 0.100, 0.100, 0.100, 0.100, 0.100, 0.100, 0.100, 0.100, 0.100, 0.100, 0.100, 0.100, 0.100, 0.100, 0.100]
    Layer 30: sigma=[0.100, 0.100, 0.100, 0.100, 0.100, 0.100, 0.100, 0.100, 0.100, 0.100, 0.100, 0.100, 0.100, 0.100, 0.100, 0.100, 0.100, 0.100, 0.100, 0.100, 0.100, 0.100, 0.100, 0.100, 0.100, 0.100, 0.100, 0.100, 0.100, 0.100, 0.100, 0.100]
    Layer 31: sigma=[0.100, 0.100, 0.100, 0.100, 0.100, 0.100, 0.100, 0.100, 0.100, 0.100, 0.100, 0.100, 0.100, 0.100, 0.100, 0.100, 0.100, 0.100, 0.100, 0.115, 0.100, 0.100, 0.100, 0.100, 0.100, 0.100, 0.100, 0.100, 0.100, 0.100, 0.100, 0.100]
    Layer 32: sigma=[0.100, 0.100, 0.100, 0.100, 0.100, 0.100, 0.100, 0.100, 0.100, 0.100, 0.100, 0.100, 0.100, 0.100, 0.100, 0.100, 0.100, 0.100, 0.100, 0.100, 0.100, 0.100, 0.100, 0.100, 0.100, 0.100, 0.100, 0.100, 0.100, 0.100, 0.100, 0.100]
    Layer 33: sigma=[0.100, 0.100, 0.100, 0.100, 0.100, 0.100, 0.100, 0.100, 0.100, 0.100, 0.100, 0.100, 0.100, 0.100, 0.100, 0.100, 0.100, 0.100, 0.100, 0.100, 0.100, 0.100, 0.100, 0.100, 0.100, 0.100, 0.100, 0.100, 0.100, 0.100, 0.100, 0.100]
    Layer 34: sigma=[0.100, 0.100, 0.100, 0.100, 0.100, 0.100, 0.100, 0.100, 0.100, 0.100, 0.100, 0.100, 0.100, 0.100, 0.100, 0.100, 0.100, 0.100, 0.100, 0.100, 0.100, 0.100, 0.100, 0.100, 0.100, 0.100, 0.100, 0.100, 0.100, 0.100, 0.100, 0.100]
    Layer 35: sigma=[0.100, 0.100, 0.100, 0.100, 0.141, 0.100, 0.100, 0.100, 0.100, 0.100, 0.100, 0.100, 0.100, 0.100, 0.100, 0.100, 0.100, 0.100, 0.100, 0.100, 0.100, 0.100, 0.159, 0.100, 0.100, 0.100, 0.100, 0.100, 0.100, 0.100, 0.100, 0.100]

  [Taylor Step 3/3] g_proj = v_proj * alpha (damping=0.01)...
    Layer  0: alpha=0.060371  teacher_rms=0.0163  v_rms=0.0027
    Layer  1: alpha=0.061023  teacher_rms=0.0205  v_rms=0.0034
    Layer  2: alpha=0.056932  teacher_rms=0.0214  v_rms=0.0038
    Layer  3: alpha=0.048518  teacher_rms=0.0259  v_rms=0.0053
    Layer  4: alpha=0.047225  teacher_rms=0.0304  v_rms=0.0064
    Layer  5: alpha=0.061679  teacher_rms=0.0409  v_rms=0.0066
    Layer  6: alpha=0.078500  teacher_rms=0.0621  v_rms=0.0079
    Layer  7: alpha=0.045865  teacher_rms=0.0530  v_rms=0.0115
    Layer  8: alpha=0.047491  teacher_rms=0.0708  v_rms=0.0149
    Layer  9: alpha=0.035087  teacher_rms=0.0713  v_rms=0.0203
    Layer 10: alpha=0.051225  teacher_rms=0.1092  v_rms=0.0213
    Layer 11: alpha=0.062976  teacher_rms=0.1046  v_rms=0.0166
    Layer 12: alpha=0.059766  teacher_rms=0.1207  v_rms=0.0202
    Layer 13: alpha=0.053719  teacher_rms=0.1040  v_rms=0.0194
    Layer 14: alpha=0.062845  teacher_rms=0.1547  v_rms=0.0246
    Layer 16: alpha=0.041119  teacher_rms=0.1473  v_rms=0.0358
    Layer 17: alpha=0.044854  teacher_rms=0.1753  v_rms=0.0391
    Layer 18: alpha=0.043139  teacher_rms=0.1990  v_rms=0.0461
    Layer 19: alpha=0.055784  teacher_rms=0.2060  v_rms=0.0369
    Layer 20: alpha=0.056186  teacher_rms=0.1966  v_rms=0.0350
    Layer 21: alpha=0.045015  teacher_rms=0.2373  v_rms=0.0527
    Layer 22: alpha=0.056413  teacher_rms=0.2834  v_rms=0.0502
    Layer 23: alpha=0.051937  teacher_rms=0.3098  v_rms=0.0597
    Layer 24: alpha=0.032824  teacher_rms=0.2897  v_rms=0.0883
    Layer 25: alpha=0.039967  teacher_rms=0.2376  v_rms=0.0594
    Layer 26: alpha=0.029256  teacher_rms=0.2124  v_rms=0.0726
    Layer 27: alpha=0.036983  teacher_rms=0.3083  v_rms=0.0834
    Layer 28: alpha=0.042679  teacher_rms=0.3705  v_rms=0.0868
    Layer 29: alpha=0.017344  teacher_rms=0.2548  v_rms=0.1469
    Layer 30: alpha=0.029045  teacher_rms=0.4297  v_rms=0.1480
    Layer 31: alpha=0.021163  teacher_rms=0.3785  v_rms=0.1788
    Layer 32: alpha=0.023899  teacher_rms=0.5288  v_rms=0.2213
    Layer 33: alpha=0.018560  teacher_rms=0.6404  v_rms=0.3451
    Layer 34: alpha=0.033190  teacher_rms=1.0325  v_rms=0.3111
    Layer 35: alpha=0.058329  teacher_rms=1.0168  v_rms=0.1743

  Set g_proj = v_proj * alpha in 35 GDN layers (damping=0.01).
  Init (taylor_init) done in 328.2s
  Layer 15: PPL = 10559786.00  (eval 13.2s)

============================================================
  Probing layer 16 | strategy=taylor_init
============================================================
Loading checkpoint shards:   0%|          | 0/4 [00:00<?, ?it/s]Loading checkpoint shards: 100%|██████████| 4/4 [00:00<00:00, 149.28it/s]
Could not cache non-existence of file. Will ignore error and continue. Error: [Errno 13] Permission denied: '/data/shared/huggingface/hub/models--Qwen--Qwen3-8B/.no_exist/b968826d9c46dd6066d109eabc6255188de91218/model.safetensors'
Loading checkpoint shards:   0%|          | 0/5 [00:00<?, ?it/s]Loading checkpoint shards:  60%|██████    | 3/5 [00:00<00:00, 26.13it/s]Loading checkpoint shards: 100%|██████████| 5/5 [00:00<00:00, 36.02it/s]
Token indices sequence length is longer than the specified maximum sequence length for this model (2429029 > 131072). Running this sequence through the model will result in indexing errors
  [Taylor Step 1/3] Gate calibration from attention stats...
    Layer  0: dist=[32, 3, 12, 35, 12, 26, 9, 11, 19, 6, 8, 9, 18, 34, 31, 10, 16, 19, 16, 14, 13, 23, 4, 12, 5, 52, 10, 43, 15, 36, 15, 14]
    Layer  1: dist=[19, 38, 25, 44, 3, 15, 31, 11, 45, 36, 65, 60, 34, 47, 51, 38, 32, 54, 57, 33, 56, 24, 40, 40, 37, 9, 44, 41, 83, 31, 37, 49]
    Layer  2: dist=[65, 65, 67, 62, 26, 45, 33, 43, 39, 47, 56, 56, 53, 46, 46, 60, 61, 49, 54, 43, 49, 67, 48, 50, 25, 24, 21, 35, 73, 73, 77, 74]
    Layer  3: dist=[65, 26, 13, 22, 87, 93, 83, 73, 56, 53, 62, 58, 90, 73, 75, 74, 59, 62, 51, 67, 74, 60, 64, 65, 64, 56, 52, 59, 70, 63, 72, 65]
    Layer  4: dist=[62, 63, 73, 67, 73, 56, 61, 89, 68, 69, 63, 60, 55, 55, 71, 61, 62, 65, 67, 70, 64, 61, 47, 64, 41, 51, 48, 34, 51, 66, 55, 55]
    Layer  5: dist=[36, 48, 55, 35, 61, 68, 52, 51, 5, 18, 73, 61, 54, 78, 59, 52, 41, 32, 50, 48, 51, 55, 48, 59, 73, 73, 80, 80, 43, 44, 46, 58]
    Layer  6: dist=[27, 40, 30, 31, 52, 46, 67, 61, 46, 25, 43, 38, 56, 64, 56, 30, 47, 34, 45, 40, 20, 30, 32, 14, 35, 50, 32, 49, 47, 43, 37, 53]
    Layer  7: dist=[55, 60, 64, 87, 126, 114, 127, 121, 88, 119, 99, 72, 108, 23, 53, 97, 80, 101, 85, 81, 106, 86, 112, 116, 64, 78, 47, 86, 97, 101, 101, 106]
    Layer  8: dist=[83, 87, 90, 58, 81, 77, 69, 78, 86, 99, 87, 90, 94, 86, 96, 70, 116, 107, 103, 96, 92, 106, 100, 111, 92, 72, 95, 67, 84, 72, 79, 74]
    Layer  9: dist=[76, 60, 61, 67, 83, 97, 96, 74, 123, 120, 118, 112, 27, 87, 63, 85, 93, 100, 114, 125, 87, 77, 60, 70, 119, 81, 91, 97, 125, 113, 127, 123]
    Layer 10: dist=[76, 71, 58, 74, 85, 102, 64, 74, 63, 88, 106, 49, 88, 67, 82, 86, 87, 102, 100, 107, 88, 60, 107, 90, 93, 107, 84, 77, 76, 65, 82, 90]
    Layer 11: dist=[78, 65, 79, 48, 53, 61, 78, 77, 102, 123, 109, 93, 82, 64, 65, 69, 69, 63, 61, 51, 77, 107, 89, 87, 67, 59, 56, 54, 95, 55, 55, 94]
    Layer 12: dist=[21, 72, 79, 61, 87, 83, 66, 70, 63, 62, 74, 77, 86, 81, 82, 87, 39, 68, 59, 94, 102, 112, 97, 103, 93, 2, 107, 38, 81, 88, 113, 91]
    Layer 13: dist=[52, 68, 66, 62, 52, 51, 65, 40, 86, 63, 99, 122, 128, 115, 109, 124, 85, 72, 57, 61, 93, 55, 83, 90, 84, 59, 72, 76, 113, 111, 96, 99]
    Layer 14: dist=[44, 64, 65, 46, 62, 45, 64, 65, 54, 57, 70, 68, 69, 76, 65, 67, 77, 86, 51, 64, 65, 31, 51, 81, 52, 67, 73, 64, 85, 88, 8, 89]
    Layer 15: dist=[80, 44, 79, 38, 37, 38, 79, 67, 90, 60, 46, 104, 68, 107, 79, 89, 61, 57, 64, 68, 58, 60, 50, 51, 49, 34, 86, 62, 72, 84, 71, 49]
    Layer 17: dist=[111, 95, 79, 67, 53, 57, 39, 47, 90, 108, 79, 100, 40, 57, 71, 74, 44, 61, 61, 42, 75, 98, 93, 97, 58, 55, 57, 52, 53, 79, 93, 67]
    Layer 18: dist=[34, 45, 35, 33, 56, 78, 74, 57, 64, 67, 66, 79, 61, 60, 57, 62, 46, 74, 72, 52, 68, 47, 65, 96, 58, 62, 61, 63, 52, 53, 79, 56]
    Layer 19: dist=[73, 64, 63, 62, 76, 103, 54, 71, 81, 85, 84, 93, 63, 57, 75, 63, 84, 85, 49, 49, 21, 50, 33, 49, 102, 106, 102, 116, 77, 77, 73, 72]
    Layer 20: dist=[89, 79, 80, 77, 78, 51, 49, 57, 40, 36, 43, 39, 92, 79, 87, 96, 45, 51, 56, 39, 73, 111, 101, 98, 125, 97, 105, 85, 93, 79, 108, 108]
    Layer 21: dist=[44, 50, 56, 68, 115, 65, 96, 118, 118, 61, 71, 69, 46, 41, 44, 42, 75, 75, 83, 65, 89, 99, 95, 96, 64, 62, 60, 80, 73, 79, 60, 88]
    Layer 22: dist=[73, 60, 67, 63, 52, 72, 45, 56, 37, 49, 45, 59, 18, 86, 61, 64, 33, 79, 76, 41, 102, 115, 120, 121, 101, 84, 91, 95, 114, 92, 103, 95]
    Layer 23: dist=[39, 30, 48, 39, 110, 111, 41, 102, 79, 36, 45, 63, 75, 72, 79, 77, 82, 75, 74, 94, 72, 93, 82, 76, 78, 72, 68, 100, 91, 90, 83, 78]
    Layer 24: dist=[79, 124, 109, 101, 99, 109, 111, 97, 102, 105, 104, 84, 78, 75, 89, 74, 81, 86, 98, 88, 120, 103, 102, 117, 65, 73, 79, 51, 95, 111, 98, 88]
    Layer 25: dist=[105, 121, 118, 94, 71, 72, 107, 80, 96, 97, 85, 90, 65, 89, 50, 68, 93, 99, 97, 89, 102, 111, 105, 108, 110, 110, 99, 108, 88, 125, 98, 88]
    Layer 26: dist=[80, 88, 106, 68, 115, 113, 113, 110, 102, 107, 105, 98, 100, 124, 116, 116, 86, 93, 99, 95, 102, 113, 122, 114, 99, 97, 102, 93, 115, 96, 114, 95]
    Layer 27: dist=[87, 108, 103, 117, 98, 105, 101, 86, 77, 100, 107, 99, 78, 109, 80, 86, 96, 99, 99, 104, 91, 112, 113, 92, 110, 113, 116, 117, 107, 77, 92, 117]
    Layer 28: dist=[103, 92, 102, 102, 82, 63, 80, 76, 96, 107, 92, 89, 112, 105, 96, 101, 112, 104, 104, 108, 119, 71, 60, 89, 91, 88, 99, 99, 92, 92, 71, 95]
    Layer 29: dist=[113, 114, 114, 113, 90, 112, 94, 114, 119, 113, 122, 105, 120, 120, 119, 120, 116, 106, 115, 121, 123, 123, 107, 125, 100, 114, 97, 92, 106, 95, 106, 109]
    Layer 30: dist=[75, 102, 99, 100, 102, 100, 90, 67, 117, 117, 115, 120, 105, 104, 113, 101, 97, 78, 120, 122, 51, 120, 100, 110, 119, 119, 119, 118, 106, 110, 107, 102]
    Layer 31: dist=[119, 117, 99, 98, 112, 113, 114, 116, 114, 77, 87, 91, 117, 116, 117, 115, 101, 101, 106, 94, 119, 116, 108, 119, 112, 109, 89, 120, 112, 106, 102, 110]
    Layer 32: dist=[110, 114, 114, 111, 116, 119, 116, 117, 110, 111, 117, 115, 93, 113, 108, 91, 118, 106, 109, 111, 123, 92, 114, 120, 71, 95, 80, 105, 116, 107, 99, 103]
    Layer 33: dist=[102, 120, 112, 119, 91, 102, 57, 94, 116, 116, 113, 113, 114, 115, 113, 116, 114, 117, 106, 109, 112, 96, 110, 113, 111, 119, 122, 118, 110, 111, 107, 104]
    Layer 34: dist=[110, 109, 112, 113, 105, 111, 108, 102, 53, 93, 114, 86, 117, 115, 120, 81, 82, 89, 126, 55, 119, 51, 118, 119, 122, 122, 125, 122, 54, 62, 68, 109]
    Layer 35: dist=[105, 123, 71, 97, 82, 36, 112, 100, 85, 94, 112, 96, 63, 28, 49, 40, 98, 74, 84, 48, 90, 102, 55, 54, 66, 49, 68, 72, 73, 115, 122, 117]

  [Taylor Step 2/3] OLS sigma per head (scaling V, streaming)...
    Layer  0: sigma=[0.615, 0.100, 0.100, 0.100, 0.332, 0.379, 0.100, 0.100, 0.100, 0.147, 0.100, 0.100, 0.100, 0.100, 0.100, 0.258, 0.100, 0.100, 0.100, 0.100, 0.100, 0.100, 0.100, 0.100, 0.100, 0.100, 0.350, 0.100, 0.100, 0.100, 0.161, 0.100]
    Layer  1: sigma=[0.351, 0.100, 0.100, 0.100, 0.100, 0.100, 0.100, 0.100, 0.100, 0.161, 0.243, 0.100, 0.100, 0.100, 0.100, 0.100, 0.100, 0.100, 0.100, 0.100, 0.100, 0.100, 0.100, 0.117, 0.100, 0.100, 0.116, 0.100, 0.100, 0.100, 0.100, 0.100]
    Layer  2: sigma=[0.100, 0.100, 0.100, 0.100, 0.100, 0.100, 0.100, 0.100, 0.108, 0.100, 0.100, 0.100, 0.100, 0.145, 0.100, 0.100, 0.100, 0.222, 0.100, 0.100, 0.100, 0.100, 0.100, 0.100, 0.100, 0.172, 0.100, 0.100, 0.100, 0.100, 0.100, 0.100]
    Layer  3: sigma=[0.100, 0.322, 0.100, 0.157, 0.100, 0.100, 0.100, 0.100, 0.100, 0.100, 0.100, 0.100, 0.100, 0.100, 0.100, 0.100, 0.100, 0.100, 0.100, 0.100, 0.100, 0.109, 0.100, 0.100, 0.100, 0.100, 0.100, 0.100, 0.100, 0.100, 0.100, 0.100]
    Layer  4: sigma=[0.100, 0.100, 0.100, 0.100, 0.100, 0.100, 0.100, 0.100, 0.100, 0.100, 0.100, 0.100, 0.100, 0.100, 0.100, 0.100, 0.100, 0.100, 0.100, 0.100, 0.132, 0.138, 0.314, 0.100, 0.100, 0.100, 0.100, 0.100, 0.100, 0.100, 0.100, 0.100]
    Layer  5: sigma=[0.100, 0.100, 0.100, 0.100, 0.100, 0.100, 0.100, 0.100, 0.100, 0.136, 0.100, 0.111, 0.100, 0.100, 0.100, 0.122, 0.100, 0.189, 0.100, 0.100, 0.100, 0.100, 0.100, 0.100, 0.100, 0.100, 0.100, 0.100, 0.100, 0.100, 0.100, 0.100]
    Layer  6: sigma=[0.100, 0.100, 0.100, 0.100, 0.100, 0.100, 0.100, 0.100, 0.100, 0.100, 0.100, 0.100, 0.100, 0.100, 0.100, 0.100, 0.100, 0.100, 0.100, 0.100, 0.158, 0.100, 0.100, 0.100, 0.100, 0.100, 0.100, 0.100, 0.100, 0.100, 0.100, 0.100]
    Layer  7: sigma=[0.100, 0.163, 0.100, 0.100, 0.110, 0.100, 0.100, 0.100, 0.100, 0.100, 0.100, 0.100, 0.100, 0.100, 0.100, 0.100, 0.100, 0.100, 0.100, 0.100, 0.100, 0.100, 0.100, 0.100, 0.100, 0.100, 0.100, 0.100, 0.100, 0.100, 0.100, 0.100]
    Layer  8: sigma=[0.100, 0.100, 0.100, 0.100, 0.100, 0.100, 0.100, 0.100, 0.100, 0.100, 0.100, 0.100, 0.100, 0.100, 0.100, 0.100, 0.100, 0.100, 0.100, 0.100, 0.100, 0.100, 0.100, 0.100, 0.100, 0.100, 0.100, 0.172, 0.100, 0.100, 0.100, 0.100]
    Layer  9: sigma=[0.100, 0.100, 0.100, 0.100, 0.100, 0.100, 0.100, 0.100, 0.100, 0.100, 0.100, 0.100, 0.100, 0.100, 0.516, 0.132, 0.100, 0.100, 0.100, 0.100, 0.100, 0.100, 0.100, 0.100, 0.100, 0.100, 0.100, 0.100, 0.100, 0.100, 0.100, 0.100]
    Layer 10: sigma=[0.100, 0.100, 0.100, 0.100, 0.100, 0.100, 0.100, 0.100, 0.100, 0.100, 0.100, 0.100, 0.100, 0.100, 0.100, 0.100, 0.100, 0.100, 0.100, 0.100, 0.100, 0.100, 0.100, 0.100, 0.100, 0.100, 0.100, 0.100, 0.100, 0.100, 0.100, 0.100]
    Layer 11: sigma=[0.100, 0.100, 0.100, 0.100, 0.133, 0.100, 0.100, 0.100, 0.100, 0.116, 0.100, 0.100, 0.100, 0.100, 0.247, 0.100, 0.100, 0.100, 0.100, 0.100, 0.100, 0.100, 0.100, 0.100, 0.100, 0.100, 0.167, 0.100, 0.100, 0.100, 0.100, 0.100]
    Layer 12: sigma=[0.100, 0.100, 0.100, 0.100, 0.100, 0.100, 0.100, 0.100, 0.100, 0.100, 0.100, 0.109, 0.100, 0.100, 0.100, 0.100, 0.100, 0.320, 0.179, 0.100, 0.100, 0.100, 0.100, 0.100, 0.100, 0.100, 0.100, 0.206, 0.100, 0.100, 0.120, 0.100]
    Layer 13: sigma=[0.230, 0.100, 0.100, 0.321, 0.100, 0.100, 0.100, 0.100, 0.100, 0.100, 0.100, 0.100, 0.100, 0.100, 0.100, 0.100, 0.100, 0.100, 0.100, 0.100, 0.100, 0.100, 0.100, 0.100, 0.100, 0.100, 0.100, 0.100, 0.100, 0.100, 0.100, 0.100]
    Layer 14: sigma=[0.100, 0.100, 0.100, 0.100, 0.100, 0.350, 0.100, 0.100, 0.100, 0.100, 0.100, 0.100, 0.100, 0.100, 0.100, 0.100, 0.100, 0.100, 0.100, 0.100, 0.100, 0.100, 0.100, 0.100, 0.116, 0.116, 0.100, 0.100, 0.100, 0.100, 0.100, 0.100]
    Layer 15: sigma=[0.100, 0.191, 0.100, 0.100, 0.100, 0.109, 0.100, 0.100, 0.100, 0.100, 0.100, 0.100, 0.208, 0.100, 0.100, 0.100, 0.100, 0.100, 0.100, 0.100, 0.100, 0.100, 0.100, 0.100, 0.155, 0.100, 0.100, 0.100, 0.100, 0.100, 0.100, 0.100]
    Layer 17: sigma=[0.100, 0.100, 0.100, 0.100, 0.100, 0.136, 0.100, 0.100, 0.100, 0.100, 0.100, 0.100, 0.100, 0.100, 0.100, 0.100, 0.139, 0.100, 0.100, 0.369, 0.100, 0.100, 0.100, 0.105, 0.146, 0.100, 0.386, 0.100, 0.100, 0.100, 0.100, 0.100]
    Layer 18: sigma=[0.100, 0.483, 0.100, 0.100, 0.100, 0.100, 0.100, 0.198, 0.100, 0.100, 0.100, 0.100, 0.100, 0.100, 0.100, 0.100, 0.169, 0.100, 0.100, 0.100, 0.100, 0.100, 0.100, 0.100, 0.100, 0.100, 0.100, 0.100, 0.100, 0.100, 0.100, 0.100]
    Layer 19: sigma=[0.100, 0.100, 0.100, 0.100, 0.100, 0.100, 0.100, 0.100, 0.100, 0.100, 0.100, 0.100, 0.147, 0.100, 0.100, 0.202, 0.100, 0.100, 0.100, 0.280, 0.100, 0.100, 0.100, 0.101, 0.100, 0.100, 0.100, 0.100, 0.100, 0.100, 0.100, 0.100]
    Layer 20: sigma=[0.100, 0.100, 0.100, 0.100, 0.100, 0.213, 0.100, 0.100, 0.155, 0.109, 0.100, 0.100, 0.100, 0.100, 0.100, 0.125, 0.100, 0.143, 0.100, 0.100, 0.100, 0.100, 0.100, 0.100, 0.100, 0.100, 0.100, 0.100, 0.100, 0.100, 0.100, 0.100]
    Layer 21: sigma=[0.100, 0.106, 0.100, 0.100, 0.100, 0.100, 0.100, 0.100, 0.100, 0.147, 0.100, 0.236, 0.100, 0.100, 0.128, 0.100, 0.100, 0.100, 0.100, 0.100, 0.100, 0.105, 0.100, 0.100, 0.100, 0.100, 0.100, 0.100, 0.100, 0.100, 0.310, 0.100]
    Layer 22: sigma=[0.136, 0.100, 0.100, 0.100, 0.178, 0.127, 0.100, 0.231, 0.100, 0.100, 0.100, 0.100, 0.100, 0.100, 0.100, 0.107, 0.100, 0.100, 0.100, 0.100, 0.100, 0.100, 0.100, 0.100, 0.100, 0.100, 0.100, 0.100, 0.100, 0.100, 0.100, 0.100]
    Layer 23: sigma=[0.172, 0.276, 0.147, 0.100, 0.100, 0.100, 0.128, 0.100, 0.100, 0.243, 0.100, 0.100, 0.100, 0.100, 0.100, 0.100, 0.100, 0.100, 0.100, 0.100, 0.100, 0.100, 0.100, 0.100, 0.100, 0.100, 0.100, 0.100, 0.100, 0.100, 0.189, 0.218]
    Layer 24: sigma=[0.100, 0.100, 0.100, 0.100, 0.100, 0.100, 0.100, 0.100, 0.100, 0.100, 0.100, 0.100, 0.100, 0.100, 0.100, 0.177, 0.100, 0.100, 0.100, 0.100, 0.100, 0.100, 0.100, 0.100, 0.251, 0.392, 0.100, 0.376, 0.100, 0.100, 0.100, 0.100]
    Layer 25: sigma=[0.100, 0.100, 0.100, 0.100, 0.107, 0.100, 0.100, 0.100, 0.100, 0.100, 0.100, 0.100, 0.100, 0.100, 0.107, 0.100, 0.100, 0.100, 0.100, 0.100, 0.100, 0.100, 0.100, 0.100, 0.100, 0.100, 0.100, 0.100, 0.100, 0.100, 0.100, 0.100]
    Layer 26: sigma=[0.110, 0.100, 0.100, 0.100, 0.100, 0.100, 0.100, 0.100, 0.100, 0.100, 0.100, 0.100, 0.100, 0.100, 0.100, 0.100, 0.100, 0.100, 0.100, 0.100, 0.100, 0.100, 0.100, 0.100, 0.100, 0.100, 0.100, 0.100, 0.100, 0.100, 0.100, 0.100]
    Layer 27: sigma=[0.100, 0.100, 0.100, 0.100, 0.100, 0.100, 0.100, 0.100, 0.100, 0.100, 0.100, 0.100, 0.100, 0.100, 0.100, 0.100, 0.100, 0.100, 0.100, 0.100, 0.100, 0.100, 0.100, 0.100, 0.100, 0.100, 0.100, 0.100, 0.100, 0.117, 0.100, 0.100]
    Layer 28: sigma=[0.100, 0.100, 0.100, 0.100, 0.100, 0.100, 0.100, 0.100, 0.100, 0.100, 0.100, 0.100, 0.100, 0.100, 0.100, 0.100, 0.100, 0.100, 0.100, 0.100, 0.100, 0.100, 0.100, 0.100, 0.100, 0.100, 0.100, 0.100, 0.100, 0.100, 0.100, 0.100]
    Layer 29: sigma=[0.100, 0.100, 0.100, 0.100, 0.100, 0.100, 0.100, 0.100, 0.100, 0.100, 0.100, 0.100, 0.100, 0.100, 0.100, 0.100, 0.100, 0.100, 0.100, 0.100, 0.100, 0.100, 0.100, 0.100, 0.100, 0.100, 0.100, 0.100, 0.100, 0.100, 0.100, 0.100]
    Layer 30: sigma=[0.100, 0.100, 0.100, 0.100, 0.100, 0.100, 0.100, 0.100, 0.100, 0.100, 0.100, 0.100, 0.100, 0.100, 0.100, 0.100, 0.100, 0.100, 0.100, 0.100, 0.106, 0.100, 0.100, 0.100, 0.100, 0.100, 0.100, 0.100, 0.100, 0.100, 0.100, 0.100]
    Layer 31: sigma=[0.100, 0.100, 0.100, 0.100, 0.100, 0.100, 0.100, 0.100, 0.100, 0.100, 0.100, 0.100, 0.100, 0.100, 0.100, 0.100, 0.100, 0.100, 0.100, 0.106, 0.100, 0.100, 0.100, 0.100, 0.100, 0.100, 0.100, 0.100, 0.100, 0.100, 0.100, 0.100]
    Layer 32: sigma=[0.100, 0.100, 0.100, 0.100, 0.100, 0.100, 0.100, 0.100, 0.100, 0.100, 0.100, 0.100, 0.100, 0.100, 0.100, 0.100, 0.100, 0.100, 0.100, 0.100, 0.100, 0.100, 0.100, 0.100, 0.100, 0.100, 0.100, 0.100, 0.100, 0.100, 0.100, 0.100]
    Layer 33: sigma=[0.100, 0.100, 0.100, 0.100, 0.100, 0.100, 0.100, 0.100, 0.100, 0.100, 0.100, 0.100, 0.100, 0.100, 0.100, 0.100, 0.100, 0.100, 0.100, 0.100, 0.100, 0.100, 0.100, 0.100, 0.100, 0.100, 0.100, 0.100, 0.100, 0.100, 0.100, 0.100]
    Layer 34: sigma=[0.100, 0.100, 0.100, 0.100, 0.100, 0.100, 0.100, 0.100, 0.100, 0.100, 0.100, 0.100, 0.100, 0.100, 0.100, 0.100, 0.100, 0.100, 0.100, 0.100, 0.100, 0.100, 0.100, 0.100, 0.100, 0.100, 0.100, 0.100, 0.100, 0.100, 0.100, 0.100]
    Layer 35: sigma=[0.100, 0.100, 0.100, 0.100, 0.100, 0.100, 0.100, 0.100, 0.100, 0.100, 0.100, 0.100, 0.100, 0.100, 0.100, 0.100, 0.100, 0.100, 0.100, 0.100, 0.100, 0.100, 0.142, 0.100, 0.100, 0.100, 0.100, 0.100, 0.100, 0.100, 0.100, 0.100]

  [Taylor Step 3/3] g_proj = v_proj * alpha (damping=0.01)...
    Layer  0: alpha=0.060426  teacher_rms=0.0163  v_rms=0.0027
    Layer  1: alpha=0.060937  teacher_rms=0.0205  v_rms=0.0034
    Layer  2: alpha=0.056965  teacher_rms=0.0214  v_rms=0.0038
    Layer  3: alpha=0.048746  teacher_rms=0.0259  v_rms=0.0053
    Layer  4: alpha=0.047484  teacher_rms=0.0304  v_rms=0.0064
    Layer  5: alpha=0.061596  teacher_rms=0.0409  v_rms=0.0066
    Layer  6: alpha=0.078256  teacher_rms=0.0621  v_rms=0.0079
    Layer  7: alpha=0.045857  teacher_rms=0.0530  v_rms=0.0116
    Layer  8: alpha=0.047542  teacher_rms=0.0708  v_rms=0.0149
    Layer  9: alpha=0.036851  teacher_rms=0.0713  v_rms=0.0193
    Layer 10: alpha=0.051225  teacher_rms=0.1092  v_rms=0.0213
    Layer 11: alpha=0.062774  teacher_rms=0.1046  v_rms=0.0167
    Layer 12: alpha=0.060001  teacher_rms=0.1207  v_rms=0.0201
    Layer 13: alpha=0.053485  teacher_rms=0.1040  v_rms=0.0194
    Layer 14: alpha=0.066669  teacher_rms=0.1547  v_rms=0.0232
    Layer 15: alpha=0.057483  teacher_rms=0.1576  v_rms=0.0274
    Layer 17: alpha=0.045165  teacher_rms=0.1753  v_rms=0.0388
    Layer 18: alpha=0.044123  teacher_rms=0.1990  v_rms=0.0451
    Layer 19: alpha=0.054891  teacher_rms=0.2060  v_rms=0.0375
    Layer 20: alpha=0.055101  teacher_rms=0.1966  v_rms=0.0357
    Layer 21: alpha=0.051622  teacher_rms=0.2373  v_rms=0.0460
    Layer 22: alpha=0.055829  teacher_rms=0.2834  v_rms=0.0508
    Layer 23: alpha=0.051355  teacher_rms=0.3098  v_rms=0.0603
    Layer 24: alpha=0.032695  teacher_rms=0.2897  v_rms=0.0886
    Layer 25: alpha=0.039918  teacher_rms=0.2376  v_rms=0.0595
    Layer 26: alpha=0.029163  teacher_rms=0.2124  v_rms=0.0728
    Layer 27: alpha=0.036931  teacher_rms=0.3083  v_rms=0.0835
    Layer 28: alpha=0.042758  teacher_rms=0.3705  v_rms=0.0867
    Layer 29: alpha=0.017344  teacher_rms=0.2548  v_rms=0.1469
    Layer 30: alpha=0.029008  teacher_rms=0.4297  v_rms=0.1481
    Layer 31: alpha=0.021196  teacher_rms=0.3785  v_rms=0.1786
    Layer 32: alpha=0.023899  teacher_rms=0.5288  v_rms=0.2213
    Layer 33: alpha=0.018560  teacher_rms=0.6404  v_rms=0.3451
    Layer 34: alpha=0.033190  teacher_rms=1.0325  v_rms=0.3111
    Layer 35: alpha=0.059412  teacher_rms=1.0168  v_rms=0.1711

  Set g_proj = v_proj * alpha in 35 GDN layers (damping=0.01).
  Init (taylor_init) done in 473.1s
  Layer 16: PPL = 5169050.00  (eval 15.5s)

============================================================
  Probing layer 17 | strategy=taylor_init
============================================================
Loading checkpoint shards:   0%|          | 0/4 [00:00<?, ?it/s]Loading checkpoint shards: 100%|██████████| 4/4 [00:00<00:00, 62.94it/s]
Could not cache non-existence of file. Will ignore error and continue. Error: [Errno 13] Permission denied: '/data/shared/huggingface/hub/models--Qwen--Qwen3-8B/.no_exist/b968826d9c46dd6066d109eabc6255188de91218/model.safetensors'
Loading checkpoint shards:   0%|          | 0/5 [00:00<?, ?it/s]Loading checkpoint shards: 100%|██████████| 5/5 [00:00<00:00, 185.42it/s]
Token indices sequence length is longer than the specified maximum sequence length for this model (2429029 > 131072). Running this sequence through the model will result in indexing errors
  [Taylor Step 1/3] Gate calibration from attention stats...
    Layer  0: dist=[32, 3, 12, 35, 12, 26, 9, 11, 19, 6, 8, 9, 18, 34, 31, 10, 16, 19, 16, 14, 13, 23, 4, 12, 5, 52, 10, 43, 15, 36, 15, 14]
    Layer  1: dist=[19, 38, 25, 44, 3, 15, 31, 11, 45, 36, 65, 60, 34, 47, 51, 38, 32, 54, 57, 33, 56, 24, 40, 40, 37, 9, 44, 41, 83, 31, 37, 49]
    Layer  2: dist=[65, 65, 67, 62, 26, 45, 33, 43, 39, 47, 56, 56, 53, 46, 46, 60, 61, 49, 54, 43, 49, 67, 48, 50, 25, 24, 21, 35, 73, 73, 77, 74]
    Layer  3: dist=[65, 26, 13, 22, 87, 93, 83, 73, 56, 53, 62, 58, 90, 73, 75, 74, 59, 62, 51, 67, 74, 60, 64, 65, 64, 56, 52, 59, 70, 63, 72, 65]
    Layer  4: dist=[62, 63, 73, 67, 73, 56, 61, 89, 68, 69, 63, 60, 55, 55, 71, 61, 62, 65, 67, 70, 64, 61, 47, 64, 41, 51, 48, 34, 51, 66, 55, 55]
    Layer  5: dist=[36, 48, 55, 35, 61, 68, 52, 51, 5, 18, 73, 61, 54, 78, 59, 52, 41, 32, 50, 48, 51, 55, 48, 59, 73, 73, 80, 80, 43, 44, 46, 58]
    Layer  6: dist=[27, 40, 30, 31, 52, 46, 67, 61, 46, 25, 43, 38, 56, 64, 56, 30, 47, 34, 45, 40, 20, 30, 32, 14, 35, 50, 32, 49, 47, 43, 37, 53]
    Layer  7: dist=[55, 60, 64, 87, 126, 114, 127, 121, 88, 119, 99, 72, 108, 23, 53, 97, 80, 101, 85, 81, 106, 86, 112, 116, 64, 78, 47, 86, 97, 101, 101, 106]
    Layer  8: dist=[83, 87, 90, 58, 81, 77, 69, 78, 86, 99, 87, 90, 94, 86, 96, 70, 116, 107, 103, 96, 92, 106, 100, 111, 92, 72, 95, 67, 84, 72, 79, 74]
    Layer  9: dist=[76, 60, 61, 67, 83, 97, 96, 74, 123, 120, 118, 112, 27, 87, 63, 85, 93, 100, 114, 125, 87, 77, 60, 70, 119, 81, 91, 97, 125, 113, 127, 123]
    Layer 10: dist=[76, 71, 58, 74, 85, 102, 64, 74, 63, 88, 106, 49, 88, 67, 82, 86, 87, 102, 100, 107, 88, 60, 107, 90, 93, 107, 84, 77, 76, 65, 82, 90]
    Layer 11: dist=[78, 65, 79, 48, 53, 61, 78, 77, 102, 123, 109, 93, 82, 64, 65, 69, 69, 63, 61, 51, 77, 107, 89, 87, 67, 59, 56, 54, 95, 55, 55, 94]
    Layer 12: dist=[21, 72, 79, 61, 87, 83, 66, 70, 63, 62, 74, 77, 86, 81, 82, 87, 39, 68, 59, 94, 102, 112, 97, 103, 93, 2, 107, 38, 81, 88, 113, 91]
    Layer 13: dist=[52, 68, 66, 62, 52, 51, 65, 40, 86, 63, 99, 122, 128, 115, 109, 124, 85, 72, 57, 61, 93, 55, 83, 90, 84, 59, 72, 76, 113, 111, 96, 99]
    Layer 14: dist=[44, 64, 65, 46, 62, 45, 64, 65, 54, 57, 70, 68, 69, 76, 65, 67, 77, 86, 51, 64, 65, 31, 51, 81, 52, 67, 73, 64, 85, 88, 8, 89]
    Layer 15: dist=[80, 44, 79, 38, 37, 38, 79, 67, 90, 60, 46, 104, 68, 107, 79, 89, 61, 57, 64, 68, 58, 60, 50, 51, 49, 34, 86, 62, 72, 84, 71, 49]
    Layer 16: dist=[61, 57, 74, 85, 55, 58, 48, 55, 54, 82, 73, 84, 90, 69, 86, 86, 68, 71, 60, 62, 115, 118, 110, 103, 71, 54, 64, 10, 58, 59, 65, 56]
    Layer 18: dist=[34, 45, 35, 33, 56, 78, 74, 57, 64, 67, 66, 79, 61, 60, 57, 62, 46, 74, 72, 52, 68, 47, 65, 96, 58, 62, 61, 63, 52, 53, 79, 56]
    Layer 19: dist=[73, 64, 63, 62, 76, 103, 54, 71, 81, 85, 84, 93, 63, 57, 75, 63, 84, 85, 49, 49, 21, 50, 33, 49, 102, 106, 102, 116, 77, 77, 73, 72]
    Layer 20: dist=[89, 79, 80, 77, 78, 51, 49, 57, 40, 36, 43, 39, 92, 79, 87, 96, 45, 51, 56, 39, 73, 111, 101, 98, 125, 97, 105, 85, 93, 79, 108, 108]
    Layer 21: dist=[44, 50, 56, 68, 115, 65, 96, 118, 118, 61, 71, 69, 46, 41, 44, 42, 75, 75, 83, 65, 89, 99, 95, 96, 64, 62, 60, 80, 73, 79, 60, 88]
    Layer 22: dist=[73, 60, 67, 63, 52, 72, 45, 56, 37, 49, 45, 59, 18, 86, 61, 64, 33, 79, 76, 41, 102, 115, 120, 121, 101, 84, 91, 95, 114, 92, 103, 95]
    Layer 23: dist=[39, 30, 48, 39, 110, 111, 41, 102, 79, 36, 45, 63, 75, 72, 79, 77, 82, 75, 74, 94, 72, 93, 82, 76, 78, 72, 68, 100, 91, 90, 83, 78]
    Layer 24: dist=[79, 124, 109, 101, 99, 109, 111, 97, 102, 105, 104, 84, 78, 75, 89, 74, 81, 86, 98, 88, 120, 103, 102, 117, 65, 73, 79, 51, 95, 111, 98, 88]
    Layer 25: dist=[105, 121, 118, 94, 71, 72, 107, 80, 96, 97, 85, 90, 65, 89, 50, 68, 93, 99, 97, 89, 102, 111, 105, 108, 110, 110, 99, 108, 88, 125, 98, 88]
    Layer 26: dist=[80, 88, 106, 68, 115, 113, 113, 110, 102, 107, 105, 98, 100, 124, 116, 116, 86, 93, 99, 95, 102, 113, 122, 114, 99, 97, 102, 93, 115, 96, 114, 95]
    Layer 27: dist=[87, 108, 103, 117, 98, 105, 101, 86, 77, 100, 107, 99, 78, 109, 80, 86, 96, 99, 99, 104, 91, 112, 113, 92, 110, 113, 116, 117, 107, 77, 92, 117]
    Layer 28: dist=[103, 92, 102, 102, 82, 63, 80, 76, 96, 107, 92, 89, 112, 105, 96, 101, 112, 104, 104, 108, 119, 71, 60, 89, 91, 88, 99, 99, 92, 92, 71, 95]
    Layer 29: dist=[113, 114, 114, 113, 90, 112, 94, 114, 119, 113, 122, 105, 120, 120, 119, 120, 116, 106, 115, 121, 123, 123, 107, 125, 100, 114, 97, 92, 106, 95, 106, 109]
    Layer 30: dist=[75, 102, 99, 100, 102, 100, 90, 67, 117, 117, 115, 120, 105, 104, 113, 101, 97, 78, 120, 122, 51, 120, 100, 110, 119, 119, 119, 118, 106, 110, 107, 102]
    Layer 31: dist=[119, 117, 99, 98, 112, 113, 114, 116, 114, 77, 87, 91, 117, 116, 117, 115, 101, 101, 106, 94, 119, 116, 108, 119, 112, 109, 89, 120, 112, 106, 102, 110]
    Layer 32: dist=[110, 114, 114, 111, 116, 119, 116, 117, 110, 111, 117, 115, 93, 113, 108, 91, 118, 106, 109, 111, 123, 92, 114, 120, 71, 95, 80, 105, 116, 107, 99, 103]
    Layer 33: dist=[102, 120, 112, 119, 91, 102, 57, 94, 116, 116, 113, 113, 114, 115, 113, 116, 114, 117, 106, 109, 112, 96, 110, 113, 111, 119, 122, 118, 110, 111, 107, 104]
    Layer 34: dist=[110, 109, 112, 113, 105, 111, 108, 102, 53, 93, 114, 86, 117, 115, 120, 81, 82, 89, 126, 55, 119, 51, 118, 119, 122, 122, 125, 122, 54, 62, 68, 109]
    Layer 35: dist=[105, 123, 71, 97, 82, 36, 112, 100, 85, 94, 112, 96, 63, 28, 49, 40, 98, 74, 84, 48, 90, 102, 55, 54, 66, 49, 68, 72, 73, 115, 122, 117]

  [Taylor Step 2/3] OLS sigma per head (scaling V, streaming)...
    Layer  0: sigma=[0.618, 0.100, 0.100, 0.100, 0.333, 0.380, 0.100, 0.100, 0.100, 0.147, 0.100, 0.100, 0.100, 0.100, 0.100, 0.260, 0.100, 0.100, 0.100, 0.100, 0.100, 0.100, 0.100, 0.100, 0.100, 0.100, 0.351, 0.100, 0.100, 0.100, 0.161, 0.100]
    Layer  1: sigma=[0.351, 0.100, 0.100, 0.100, 0.100, 0.100, 0.100, 0.100, 0.100, 0.164, 0.246, 0.100, 0.100, 0.100, 0.100, 0.100, 0.100, 0.100, 0.100, 0.100, 0.100, 0.100, 0.100, 0.116, 0.100, 0.100, 0.114, 0.100, 0.100, 0.100, 0.100, 0.100]
    Layer  2: sigma=[0.100, 0.100, 0.100, 0.100, 0.100, 0.100, 0.100, 0.100, 0.109, 0.100, 0.100, 0.100, 0.100, 0.146, 0.100, 0.100, 0.100, 0.221, 0.100, 0.100, 0.100, 0.100, 0.100, 0.100, 0.100, 0.172, 0.100, 0.100, 0.100, 0.100, 0.100, 0.100]
    Layer  3: sigma=[0.100, 0.318, 0.100, 0.153, 0.100, 0.100, 0.100, 0.100, 0.100, 0.100, 0.100, 0.100, 0.100, 0.100, 0.100, 0.100, 0.100, 0.100, 0.100, 0.100, 0.100, 0.108, 0.100, 0.100, 0.100, 0.100, 0.100, 0.100, 0.100, 0.100, 0.100, 0.100]
    Layer  4: sigma=[0.100, 0.100, 0.100, 0.100, 0.100, 0.100, 0.100, 0.100, 0.100, 0.100, 0.100, 0.100, 0.100, 0.100, 0.100, 0.100, 0.100, 0.100, 0.100, 0.100, 0.132, 0.137, 0.323, 0.100, 0.100, 0.100, 0.100, 0.100, 0.100, 0.100, 0.100, 0.100]
    Layer  5: sigma=[0.100, 0.100, 0.100, 0.100, 0.100, 0.100, 0.100, 0.100, 0.100, 0.132, 0.100, 0.110, 0.100, 0.100, 0.100, 0.122, 0.100, 0.178, 0.100, 0.100, 0.100, 0.100, 0.100, 0.100, 0.100, 0.100, 0.100, 0.100, 0.100, 0.100, 0.100, 0.100]
    Layer  6: sigma=[0.100, 0.100, 0.100, 0.100, 0.100, 0.100, 0.100, 0.100, 0.100, 0.100, 0.100, 0.100, 0.100, 0.100, 0.100, 0.100, 0.100, 0.100, 0.100, 0.100, 0.162, 0.100, 0.100, 0.100, 0.100, 0.100, 0.100, 0.100, 0.100, 0.100, 0.100, 0.100]
    Layer  7: sigma=[0.100, 0.137, 0.100, 0.100, 0.116, 0.100, 0.100, 0.100, 0.100, 0.100, 0.100, 0.101, 0.100, 0.100, 0.100, 0.100, 0.100, 0.100, 0.100, 0.100, 0.100, 0.100, 0.100, 0.100, 0.100, 0.100, 0.100, 0.100, 0.100, 0.100, 0.100, 0.100]
    Layer  8: sigma=[0.100, 0.100, 0.100, 0.100, 0.100, 0.100, 0.100, 0.100, 0.100, 0.100, 0.100, 0.100, 0.100, 0.100, 0.100, 0.100, 0.100, 0.100, 0.100, 0.100, 0.100, 0.100, 0.100, 0.100, 0.100, 0.100, 0.100, 0.174, 0.100, 0.100, 0.100, 0.100]
    Layer  9: sigma=[0.100, 0.100, 0.100, 0.100, 0.100, 0.100, 0.100, 0.100, 0.100, 0.100, 0.100, 0.100, 0.100, 0.100, 0.596, 0.130, 0.100, 0.100, 0.100, 0.100, 0.100, 0.100, 0.100, 0.100, 0.100, 0.100, 0.100, 0.100, 0.100, 0.100, 0.100, 0.100]
    Layer 10: sigma=[0.100, 0.100, 0.100, 0.100, 0.100, 0.100, 0.100, 0.100, 0.100, 0.100, 0.100, 0.110, 0.100, 0.100, 0.100, 0.100, 0.100, 0.100, 0.100, 0.100, 0.100, 0.100, 0.100, 0.100, 0.100, 0.100, 0.100, 0.100, 0.100, 0.100, 0.100, 0.100]
    Layer 11: sigma=[0.100, 0.100, 0.100, 0.100, 0.130, 0.100, 0.100, 0.100, 0.100, 0.103, 0.100, 0.100, 0.100, 0.100, 0.245, 0.100, 0.100, 0.100, 0.100, 0.100, 0.100, 0.100, 0.100, 0.100, 0.100, 0.100, 0.167, 0.100, 0.100, 0.100, 0.100, 0.100]
    Layer 12: sigma=[0.100, 0.100, 0.100, 0.100, 0.100, 0.100, 0.100, 0.100, 0.100, 0.104, 0.100, 0.108, 0.100, 0.100, 0.100, 0.100, 0.100, 0.296, 0.184, 0.100, 0.100, 0.100, 0.100, 0.100, 0.100, 0.100, 0.100, 0.207, 0.100, 0.100, 0.116, 0.100]
    Layer 13: sigma=[0.215, 0.100, 0.100, 0.280, 0.100, 0.100, 0.100, 0.100, 0.100, 0.100, 0.100, 0.100, 0.100, 0.100, 0.100, 0.100, 0.100, 0.100, 0.100, 0.115, 0.100, 0.100, 0.100, 0.100, 0.100, 0.100, 0.100, 0.100, 0.100, 0.100, 0.100, 0.100]
    Layer 14: sigma=[0.100, 0.100, 0.100, 0.100, 0.100, 0.400, 0.100, 0.100, 0.100, 0.100, 0.100, 0.100, 0.100, 0.100, 0.100, 0.100, 0.100, 0.100, 0.100, 0.100, 0.100, 0.100, 0.100, 0.100, 0.119, 0.115, 0.100, 0.100, 0.100, 0.100, 0.100, 0.100]
    Layer 15: sigma=[0.100, 0.218, 0.100, 0.100, 0.100, 0.112, 0.100, 0.100, 0.100, 0.100, 0.100, 0.100, 0.205, 0.100, 0.100, 0.100, 0.100, 0.100, 0.100, 0.100, 0.100, 0.100, 0.100, 0.100, 0.137, 0.100, 0.100, 0.100, 0.100, 0.100, 0.100, 0.100]
    Layer 16: sigma=[0.100, 0.100, 0.100, 0.100, 0.100, 0.100, 0.100, 0.100, 0.100, 0.100, 0.100, 0.100, 0.100, 0.100, 0.100, 0.100, 0.100, 0.100, 0.100, 0.100, 0.100, 0.100, 0.100, 0.100, 0.100, 0.100, 0.100, 0.351, 0.100, 0.100, 0.100, 0.100]
    Layer 18: sigma=[0.100, 0.556, 0.100, 0.100, 0.100, 0.100, 0.100, 0.185, 0.100, 0.100, 0.100, 0.100, 0.100, 0.100, 0.100, 0.100, 0.152, 0.100, 0.100, 0.100, 0.100, 0.100, 0.100, 0.100, 0.100, 0.100, 0.100, 0.100, 0.100, 0.100, 0.100, 0.100]
    Layer 19: sigma=[0.100, 0.100, 0.100, 0.100, 0.100, 0.100, 0.100, 0.100, 0.100, 0.100, 0.100, 0.100, 0.128, 0.100, 0.100, 0.183, 0.100, 0.100, 0.100, 0.284, 0.100, 0.100, 0.100, 0.114, 0.100, 0.100, 0.100, 0.100, 0.100, 0.100, 0.100, 0.100]
    Layer 20: sigma=[0.100, 0.100, 0.100, 0.100, 0.100, 0.226, 0.100, 0.100, 0.170, 0.100, 0.100, 0.100, 0.100, 0.100, 0.100, 0.114, 0.100, 0.194, 0.100, 0.100, 0.100, 0.100, 0.100, 0.100, 0.100, 0.100, 0.100, 0.100, 0.100, 0.100, 0.100, 0.100]
    Layer 21: sigma=[0.100, 0.129, 0.100, 0.100, 0.100, 0.100, 0.100, 0.100, 0.100, 0.137, 0.100, 0.281, 0.100, 0.100, 0.130, 0.100, 0.100, 0.100, 0.100, 0.100, 0.100, 0.111, 0.100, 0.100, 0.168, 0.100, 0.100, 0.100, 0.100, 0.100, 0.320, 0.100]
    Layer 22: sigma=[0.149, 0.100, 0.100, 0.100, 0.172, 0.100, 0.100, 0.247, 0.109, 0.100, 0.100, 0.100, 0.100, 0.100, 0.100, 0.105, 0.100, 0.100, 0.100, 0.100, 0.100, 0.100, 0.100, 0.100, 0.100, 0.100, 0.100, 0.100, 0.100, 0.100, 0.100, 0.100]
    Layer 23: sigma=[0.189, 0.288, 0.157, 0.100, 0.100, 0.100, 0.105, 0.100, 0.100, 0.234, 0.100, 0.100, 0.100, 0.100, 0.102, 0.100, 0.100, 0.100, 0.100, 0.100, 0.100, 0.100, 0.100, 0.100, 0.100, 0.100, 0.100, 0.100, 0.100, 0.100, 0.159, 0.324]
    Layer 24: sigma=[0.100, 0.100, 0.100, 0.100, 0.100, 0.100, 0.100, 0.100, 0.100, 0.100, 0.100, 0.100, 0.100, 0.100, 0.100, 0.139, 0.100, 0.100, 0.100, 0.100, 0.100, 0.100, 0.100, 0.100, 0.180, 0.369, 0.100, 0.401, 0.100, 0.100, 0.100, 0.100]
    Layer 25: sigma=[0.100, 0.100, 0.100, 0.100, 0.100, 0.100, 0.100, 0.100, 0.100, 0.100, 0.100, 0.100, 0.100, 0.100, 0.100, 0.100, 0.100, 0.100, 0.100, 0.100, 0.100, 0.100, 0.100, 0.100, 0.100, 0.100, 0.100, 0.100, 0.100, 0.100, 0.100, 0.100]
    Layer 26: sigma=[0.100, 0.100, 0.100, 0.100, 0.100, 0.100, 0.100, 0.100, 0.100, 0.100, 0.100, 0.100, 0.100, 0.100, 0.100, 0.100, 0.100, 0.100, 0.100, 0.100, 0.100, 0.100, 0.100, 0.100, 0.100, 0.100, 0.100, 0.100, 0.100, 0.100, 0.100, 0.100]
    Layer 27: sigma=[0.100, 0.100, 0.100, 0.100, 0.100, 0.100, 0.100, 0.100, 0.100, 0.100, 0.100, 0.100, 0.100, 0.100, 0.100, 0.100, 0.100, 0.100, 0.100, 0.100, 0.100, 0.100, 0.100, 0.100, 0.100, 0.100, 0.100, 0.100, 0.100, 0.100, 0.100, 0.100]
    Layer 28: sigma=[0.100, 0.100, 0.100, 0.100, 0.100, 0.136, 0.100, 0.100, 0.100, 0.100, 0.100, 0.100, 0.100, 0.100, 0.100, 0.100, 0.100, 0.100, 0.100, 0.100, 0.100, 0.100, 0.100, 0.100, 0.100, 0.100, 0.100, 0.100, 0.100, 0.100, 0.100, 0.100]
    Layer 29: sigma=[0.100, 0.100, 0.100, 0.100, 0.100, 0.100, 0.100, 0.100, 0.100, 0.100, 0.100, 0.100, 0.100, 0.100, 0.100, 0.100, 0.100, 0.100, 0.100, 0.100, 0.100, 0.100, 0.100, 0.100, 0.100, 0.100, 0.100, 0.100, 0.100, 0.100, 0.100, 0.100]
    Layer 30: sigma=[0.100, 0.100, 0.100, 0.100, 0.100, 0.100, 0.100, 0.100, 0.100, 0.100, 0.100, 0.100, 0.100, 0.100, 0.100, 0.100, 0.100, 0.100, 0.100, 0.100, 0.100, 0.100, 0.100, 0.100, 0.100, 0.100, 0.100, 0.100, 0.100, 0.100, 0.100, 0.100]
    Layer 31: sigma=[0.100, 0.100, 0.100, 0.100, 0.100, 0.100, 0.100, 0.100, 0.100, 0.100, 0.100, 0.100, 0.100, 0.100, 0.100, 0.100, 0.100, 0.100, 0.100, 0.107, 0.100, 0.100, 0.100, 0.100, 0.100, 0.100, 0.100, 0.100, 0.100, 0.100, 0.100, 0.100]
    Layer 32: sigma=[0.100, 0.100, 0.100, 0.100, 0.100, 0.100, 0.100, 0.100, 0.100, 0.100, 0.100, 0.100, 0.100, 0.100, 0.100, 0.100, 0.100, 0.100, 0.100, 0.100, 0.100, 0.100, 0.100, 0.100, 0.100, 0.100, 0.100, 0.100, 0.100, 0.100, 0.100, 0.100]
    Layer 33: sigma=[0.100, 0.100, 0.100, 0.100, 0.100, 0.100, 0.100, 0.100, 0.100, 0.100, 0.100, 0.100, 0.100, 0.100, 0.100, 0.100, 0.100, 0.100, 0.100, 0.100, 0.100, 0.100, 0.100, 0.100, 0.100, 0.100, 0.100, 0.100, 0.100, 0.100, 0.100, 0.100]
    Layer 34: sigma=[0.100, 0.100, 0.100, 0.100, 0.100, 0.100, 0.100, 0.100, 0.231, 0.100, 0.100, 0.100, 0.100, 0.100, 0.100, 0.100, 0.100, 0.100, 0.100, 0.117, 0.100, 0.100, 0.100, 0.100, 0.100, 0.100, 0.100, 0.100, 0.100, 0.100, 0.100, 0.100]
    Layer 35: sigma=[0.100, 0.100, 0.100, 0.100, 0.100, 0.100, 0.100, 0.100, 0.100, 0.100, 0.100, 0.100, 0.100, 0.100, 0.100, 0.100, 0.100, 0.100, 0.100, 0.100, 0.100, 0.100, 0.155, 0.100, 0.100, 0.100, 0.100, 0.100, 0.100, 0.100, 0.100, 0.100]

  [Taylor Step 3/3] g_proj = v_proj * alpha (damping=0.01)...
    Layer  0: alpha=0.060260  teacher_rms=0.0163  v_rms=0.0027
    Layer  1: alpha=0.060893  teacher_rms=0.0205  v_rms=0.0034
    Layer  2: alpha=0.056926  teacher_rms=0.0214  v_rms=0.0038
    Layer  3: alpha=0.048946  teacher_rms=0.0259  v_rms=0.0053
    Layer  4: alpha=0.047249  teacher_rms=0.0304  v_rms=0.0064
    Layer  5: alpha=0.061954  teacher_rms=0.0409  v_rms=0.0066
    Layer  6: alpha=0.078097  teacher_rms=0.0621  v_rms=0.0080
    Layer  7: alpha=0.046323  teacher_rms=0.0530  v_rms=0.0114
    Layer  8: alpha=0.047500  teacher_rms=0.0708  v_rms=0.0149
    Layer  9: alpha=0.034533  teacher_rms=0.0713  v_rms=0.0206
    Layer 10: alpha=0.051097  teacher_rms=0.1092  v_rms=0.0214
    Layer 11: alpha=0.063110  teacher_rms=0.1046  v_rms=0.0166
    Layer 12: alpha=0.060838  teacher_rms=0.1207  v_rms=0.0198
    Layer 13: alpha=0.054899  teacher_rms=0.1040  v_rms=0.0189
    Layer 14: alpha=0.064306  teacher_rms=0.1547  v_rms=0.0240
    Layer 15: alpha=0.056911  teacher_rms=0.1576  v_rms=0.0277
    Layer 16: alpha=0.043950  teacher_rms=0.1473  v_rms=0.0335
    Layer 18: alpha=0.040821  teacher_rms=0.1990  v_rms=0.0488
    Layer 19: alpha=0.055540  teacher_rms=0.2060  v_rms=0.0371
    Layer 20: alpha=0.053252  teacher_rms=0.1966  v_rms=0.0369
    Layer 21: alpha=0.048748  teacher_rms=0.2373  v_rms=0.0487
    Layer 22: alpha=0.055666  teacher_rms=0.2834  v_rms=0.0509
    Layer 23: alpha=0.048498  teacher_rms=0.3098  v_rms=0.0639
    Layer 24: alpha=0.033009  teacher_rms=0.2897  v_rms=0.0878
    Layer 25: alpha=0.040058  teacher_rms=0.2376  v_rms=0.0593
    Layer 26: alpha=0.029251  teacher_rms=0.2124  v_rms=0.0726
    Layer 27: alpha=0.037093  teacher_rms=0.3083  v_rms=0.0831
    Layer 28: alpha=0.042291  teacher_rms=0.3705  v_rms=0.0876
    Layer 29: alpha=0.017344  teacher_rms=0.2548  v_rms=0.1469
    Layer 30: alpha=0.029045  teacher_rms=0.4297  v_rms=0.1480
    Layer 31: alpha=0.021192  teacher_rms=0.3785  v_rms=0.1786
    Layer 32: alpha=0.023899  teacher_rms=0.5288  v_rms=0.2213
    Layer 33: alpha=0.018560  teacher_rms=0.6404  v_rms=0.3451
    Layer 34: alpha=0.032046  teacher_rms=1.0325  v_rms=0.3222
    Layer 35: alpha=0.059131  teacher_rms=1.0168  v_rms=0.1720

  Set g_proj = v_proj * alpha in 35 GDN layers (damping=0.01).
  Init (taylor_init) done in 358.5s
  Layer 17: PPL = 35683592.00  (eval 13.1s)

============================================================
  Probing layer 18 | strategy=taylor_init
============================================================
Loading checkpoint shards:   0%|          | 0/4 [00:00<?, ?it/s]Loading checkpoint shards: 100%|██████████| 4/4 [00:00<00:00, 147.70it/s]
Could not cache non-existence of file. Will ignore error and continue. Error: [Errno 13] Permission denied: '/data/shared/huggingface/hub/models--Qwen--Qwen3-8B/.no_exist/b968826d9c46dd6066d109eabc6255188de91218/model.safetensors'
Loading checkpoint shards:   0%|          | 0/5 [00:00<?, ?it/s]Loading checkpoint shards: 100%|██████████| 5/5 [00:00<00:00, 155.95it/s]
Token indices sequence length is longer than the specified maximum sequence length for this model (2429029 > 131072). Running this sequence through the model will result in indexing errors
  [Taylor Step 1/3] Gate calibration from attention stats...
    Layer  0: dist=[32, 3, 12, 35, 12, 26, 9, 11, 19, 6, 8, 9, 18, 34, 31, 10, 16, 19, 16, 14, 13, 23, 4, 12, 5, 52, 10, 43, 15, 36, 15, 14]
    Layer  1: dist=[19, 38, 25, 44, 3, 15, 31, 11, 45, 36, 65, 60, 34, 47, 51, 38, 32, 54, 57, 33, 56, 24, 40, 40, 37, 9, 44, 41, 83, 31, 37, 49]
    Layer  2: dist=[65, 65, 67, 62, 26, 45, 33, 43, 39, 47, 56, 56, 53, 46, 46, 60, 61, 49, 54, 43, 49, 67, 48, 50, 25, 24, 21, 35, 73, 73, 77, 74]
    Layer  3: dist=[65, 26, 13, 22, 87, 93, 83, 73, 56, 53, 62, 58, 90, 73, 75, 74, 59, 62, 51, 67, 74, 60, 64, 65, 64, 56, 52, 59, 70, 63, 72, 65]
    Layer  4: dist=[62, 63, 73, 67, 73, 56, 61, 89, 68, 69, 63, 60, 55, 55, 71, 61, 62, 65, 67, 70, 64, 61, 47, 64, 41, 51, 48, 34, 51, 66, 55, 55]
    Layer  5: dist=[36, 48, 55, 35, 61, 68, 52, 51, 5, 18, 73, 61, 54, 78, 59, 52, 41, 32, 50, 48, 51, 55, 48, 59, 73, 73, 80, 80, 43, 44, 46, 58]
    Layer  6: dist=[27, 40, 30, 31, 52, 46, 67, 61, 46, 25, 43, 38, 56, 64, 56, 30, 47, 34, 45, 40, 20, 30, 32, 14, 35, 50, 32, 49, 47, 43, 37, 53]
    Layer  7: dist=[55, 60, 64, 87, 126, 114, 127, 121, 88, 119, 99, 72, 108, 23, 53, 97, 80, 101, 85, 81, 106, 86, 112, 116, 64, 78, 47, 86, 97, 101, 101, 106]
    Layer  8: dist=[83, 87, 90, 58, 81, 77, 69, 78, 86, 99, 87, 90, 94, 86, 96, 70, 116, 107, 103, 96, 92, 106, 100, 111, 92, 72, 95, 67, 84, 72, 79, 74]
    Layer  9: dist=[76, 60, 61, 67, 83, 97, 96, 74, 123, 120, 118, 112, 27, 87, 63, 85, 93, 100, 114, 125, 87, 77, 60, 70, 119, 81, 91, 97, 125, 113, 127, 123]
    Layer 10: dist=[76, 71, 58, 74, 85, 102, 64, 74, 63, 88, 106, 49, 88, 67, 82, 86, 87, 102, 100, 107, 88, 60, 107, 90, 93, 107, 84, 77, 76, 65, 82, 90]
    Layer 11: dist=[78, 65, 79, 48, 53, 61, 78, 77, 102, 123, 109, 93, 82, 64, 65, 69, 69, 63, 61, 51, 77, 107, 89, 87, 67, 59, 56, 54, 95, 55, 55, 94]
    Layer 12: dist=[21, 72, 79, 61, 87, 83, 66, 70, 63, 62, 74, 77, 86, 81, 82, 87, 39, 68, 59, 94, 102, 112, 97, 103, 93, 2, 107, 38, 81, 88, 113, 91]
    Layer 13: dist=[52, 68, 66, 62, 52, 51, 65, 40, 86, 63, 99, 122, 128, 115, 109, 124, 85, 72, 57, 61, 93, 55, 83, 90, 84, 59, 72, 76, 113, 111, 96, 99]
    Layer 14: dist=[44, 64, 65, 46, 62, 45, 64, 65, 54, 57, 70, 68, 69, 76, 65, 67, 77, 86, 51, 64, 65, 31, 51, 81, 52, 67, 73, 64, 85, 88, 8, 89]
    Layer 15: dist=[80, 44, 79, 38, 37, 38, 79, 67, 90, 60, 46, 104, 68, 107, 79, 89, 61, 57, 64, 68, 58, 60, 50, 51, 49, 34, 86, 62, 72, 84, 71, 49]
    Layer 16: dist=[61, 57, 74, 85, 55, 58, 48, 55, 54, 82, 73, 84, 90, 69, 86, 86, 68, 71, 60, 62, 115, 118, 110, 103, 71, 54, 64, 10, 58, 59, 65, 56]
    Layer 17: dist=[111, 95, 79, 67, 53, 57, 39, 47, 90, 108, 79, 100, 40, 57, 71, 74, 44, 61, 61, 42, 75, 98, 93, 97, 58, 55, 57, 52, 53, 79, 93, 67]
    Layer 19: dist=[73, 64, 63, 62, 76, 103, 54, 71, 81, 85, 84, 93, 63, 57, 75, 63, 84, 85, 49, 49, 21, 50, 33, 49, 102, 106, 102, 116, 77, 77, 73, 72]
    Layer 20: dist=[89, 79, 80, 77, 78, 51, 49, 57, 40, 36, 43, 39, 92, 79, 87, 96, 45, 51, 56, 39, 73, 111, 101, 98, 125, 97, 105, 85, 93, 79, 108, 108]
    Layer 21: dist=[44, 50, 56, 68, 115, 65, 96, 118, 118, 61, 71, 69, 46, 41, 44, 42, 75, 75, 83, 65, 89, 99, 95, 96, 64, 62, 60, 80, 73, 79, 60, 88]
    Layer 22: dist=[73, 60, 67, 63, 52, 72, 45, 56, 37, 49, 45, 59, 18, 86, 61, 64, 33, 79, 76, 41, 102, 115, 120, 121, 101, 84, 91, 95, 114, 92, 103, 95]
    Layer 23: dist=[39, 30, 48, 39, 110, 111, 41, 102, 79, 36, 45, 63, 75, 72, 79, 77, 82, 75, 74, 94, 72, 93, 82, 76, 78, 72, 68, 100, 91, 90, 83, 78]
    Layer 24: dist=[79, 124, 109, 101, 99, 109, 111, 97, 102, 105, 104, 84, 78, 75, 89, 74, 81, 86, 98, 88, 120, 103, 102, 117, 65, 73, 79, 51, 95, 111, 98, 88]
    Layer 25: dist=[105, 121, 118, 94, 71, 72, 107, 80, 96, 97, 85, 90, 65, 89, 50, 68, 93, 99, 97, 89, 102, 111, 105, 108, 110, 110, 99, 108, 88, 125, 98, 88]
    Layer 26: dist=[80, 88, 106, 68, 115, 113, 113, 110, 102, 107, 105, 98, 100, 124, 116, 116, 86, 93, 99, 95, 102, 113, 122, 114, 99, 97, 102, 93, 115, 96, 114, 95]
    Layer 27: dist=[87, 108, 103, 117, 98, 105, 101, 86, 77, 100, 107, 99, 78, 109, 80, 86, 96, 99, 99, 104, 91, 112, 113, 92, 110, 113, 116, 117, 107, 77, 92, 117]
    Layer 28: dist=[103, 92, 102, 102, 82, 63, 80, 76, 96, 107, 92, 89, 112, 105, 96, 101, 112, 104, 104, 108, 119, 71, 60, 89, 91, 88, 99, 99, 92, 92, 71, 95]
    Layer 29: dist=[113, 114, 114, 113, 90, 112, 94, 114, 119, 113, 122, 105, 120, 120, 119, 120, 116, 106, 115, 121, 123, 123, 107, 125, 100, 114, 97, 92, 106, 95, 106, 109]
    Layer 30: dist=[75, 102, 99, 100, 102, 100, 90, 67, 117, 117, 115, 120, 105, 104, 113, 101, 97, 78, 120, 122, 51, 120, 100, 110, 119, 119, 119, 118, 106, 110, 107, 102]
    Layer 31: dist=[119, 117, 99, 98, 112, 113, 114, 116, 114, 77, 87, 91, 117, 116, 117, 115, 101, 101, 106, 94, 119, 116, 108, 119, 112, 109, 89, 120, 112, 106, 102, 110]
    Layer 32: dist=[110, 114, 114, 111, 116, 119, 116, 117, 110, 111, 117, 115, 93, 113, 108, 91, 118, 106, 109, 111, 123, 92, 114, 120, 71, 95, 80, 105, 116, 107, 99, 103]
    Layer 33: dist=[102, 120, 112, 119, 91, 102, 57, 94, 116, 116, 113, 113, 114, 115, 113, 116, 114, 117, 106, 109, 112, 96, 110, 113, 111, 119, 122, 118, 110, 111, 107, 104]
    Layer 34: dist=[110, 109, 112, 113, 105, 111, 108, 102, 53, 93, 114, 86, 117, 115, 120, 81, 82, 89, 126, 55, 119, 51, 118, 119, 122, 122, 125, 122, 54, 62, 68, 109]
    Layer 35: dist=[105, 123, 71, 97, 82, 36, 112, 100, 85, 94, 112, 96, 63, 28, 49, 40, 98, 74, 84, 48, 90, 102, 55, 54, 66, 49, 68, 72, 73, 115, 122, 117]

  [Taylor Step 2/3] OLS sigma per head (scaling V, streaming)...
    Layer  0: sigma=[0.615, 0.100, 0.100, 0.100, 0.332, 0.379, 0.100, 0.100, 0.100, 0.149, 0.100, 0.100, 0.100, 0.100, 0.100, 0.259, 0.100, 0.100, 0.100, 0.100, 0.100, 0.100, 0.100, 0.100, 0.100, 0.100, 0.351, 0.100, 0.100, 0.100, 0.161, 0.100]
    Layer  1: sigma=[0.351, 0.100, 0.100, 0.100, 0.100, 0.100, 0.100, 0.100, 0.100, 0.162, 0.244, 0.100, 0.100, 0.100, 0.100, 0.100, 0.100, 0.100, 0.100, 0.100, 0.100, 0.100, 0.100, 0.118, 0.100, 0.100, 0.115, 0.100, 0.100, 0.100, 0.100, 0.100]
    Layer  2: sigma=[0.100, 0.100, 0.100, 0.100, 0.100, 0.100, 0.100, 0.100, 0.108, 0.101, 0.100, 0.100, 0.100, 0.145, 0.100, 0.100, 0.100, 0.221, 0.100, 0.100, 0.100, 0.100, 0.100, 0.100, 0.100, 0.173, 0.100, 0.100, 0.100, 0.100, 0.100, 0.100]
    Layer  3: sigma=[0.100, 0.330, 0.100, 0.154, 0.100, 0.100, 0.100, 0.100, 0.100, 0.100, 0.100, 0.100, 0.100, 0.100, 0.100, 0.100, 0.100, 0.100, 0.100, 0.100, 0.100, 0.107, 0.100, 0.100, 0.100, 0.100, 0.100, 0.100, 0.100, 0.100, 0.100, 0.100]
    Layer  4: sigma=[0.100, 0.100, 0.100, 0.100, 0.100, 0.100, 0.100, 0.100, 0.100, 0.100, 0.100, 0.100, 0.100, 0.100, 0.100, 0.100, 0.100, 0.100, 0.100, 0.100, 0.133, 0.140, 0.317, 0.100, 0.100, 0.100, 0.100, 0.100, 0.100, 0.100, 0.100, 0.100]
    Layer  5: sigma=[0.100, 0.100, 0.100, 0.100, 0.100, 0.100, 0.100, 0.100, 0.100, 0.141, 0.100, 0.109, 0.100, 0.100, 0.100, 0.122, 0.100, 0.177, 0.100, 0.100, 0.100, 0.100, 0.100, 0.100, 0.100, 0.100, 0.100, 0.100, 0.100, 0.100, 0.100, 0.100]
    Layer  6: sigma=[0.100, 0.100, 0.100, 0.100, 0.100, 0.100, 0.100, 0.100, 0.100, 0.100, 0.100, 0.100, 0.100, 0.100, 0.100, 0.100, 0.100, 0.100, 0.100, 0.100, 0.147, 0.100, 0.100, 0.100, 0.100, 0.100, 0.100, 0.100, 0.100, 0.100, 0.100, 0.100]
    Layer  7: sigma=[0.100, 0.142, 0.100, 0.100, 0.117, 0.100, 0.100, 0.100, 0.100, 0.100, 0.100, 0.100, 0.100, 0.100, 0.100, 0.100, 0.100, 0.100, 0.100, 0.100, 0.100, 0.100, 0.100, 0.100, 0.100, 0.100, 0.100, 0.100, 0.100, 0.100, 0.100, 0.100]
    Layer  8: sigma=[0.100, 0.100, 0.100, 0.100, 0.100, 0.100, 0.100, 0.100, 0.100, 0.100, 0.100, 0.100, 0.100, 0.100, 0.100, 0.100, 0.100, 0.100, 0.100, 0.100, 0.100, 0.100, 0.100, 0.100, 0.100, 0.100, 0.100, 0.186, 0.100, 0.100, 0.100, 0.100]
    Layer  9: sigma=[0.100, 0.100, 0.100, 0.100, 0.100, 0.100, 0.100, 0.100, 0.100, 0.100, 0.100, 0.100, 0.100, 0.100, 0.614, 0.131, 0.100, 0.100, 0.100, 0.100, 0.100, 0.100, 0.100, 0.100, 0.100, 0.100, 0.100, 0.100, 0.100, 0.100, 0.100, 0.100]
    Layer 10: sigma=[0.100, 0.100, 0.100, 0.100, 0.100, 0.100, 0.100, 0.100, 0.100, 0.100, 0.100, 0.104, 0.100, 0.100, 0.100, 0.100, 0.100, 0.100, 0.100, 0.100, 0.100, 0.100, 0.100, 0.100, 0.100, 0.100, 0.100, 0.100, 0.100, 0.100, 0.100, 0.100]
    Layer 11: sigma=[0.100, 0.100, 0.100, 0.100, 0.143, 0.100, 0.100, 0.100, 0.100, 0.102, 0.100, 0.100, 0.100, 0.100, 0.256, 0.100, 0.100, 0.100, 0.100, 0.100, 0.100, 0.100, 0.100, 0.100, 0.100, 0.100, 0.162, 0.100, 0.100, 0.100, 0.100, 0.100]
    Layer 12: sigma=[0.100, 0.100, 0.100, 0.100, 0.100, 0.100, 0.100, 0.100, 0.100, 0.105, 0.100, 0.108, 0.100, 0.100, 0.100, 0.100, 0.100, 0.275, 0.179, 0.100, 0.100, 0.100, 0.100, 0.100, 0.100, 0.100, 0.100, 0.203, 0.100, 0.100, 0.119, 0.100]
    Layer 13: sigma=[0.214, 0.100, 0.100, 0.293, 0.100, 0.100, 0.100, 0.100, 0.100, 0.100, 0.100, 0.100, 0.100, 0.100, 0.100, 0.100, 0.100, 0.100, 0.100, 0.109, 0.100, 0.100, 0.100, 0.100, 0.100, 0.100, 0.100, 0.100, 0.100, 0.100, 0.100, 0.100]
    Layer 14: sigma=[0.100, 0.100, 0.100, 0.100, 0.100, 0.436, 0.100, 0.100, 0.100, 0.100, 0.100, 0.100, 0.100, 0.100, 0.100, 0.100, 0.100, 0.100, 0.100, 0.100, 0.100, 0.100, 0.100, 0.100, 0.113, 0.114, 0.100, 0.100, 0.100, 0.100, 0.100, 0.100]
    Layer 15: sigma=[0.100, 0.200, 0.100, 0.100, 0.100, 0.109, 0.100, 0.100, 0.100, 0.100, 0.100, 0.100, 0.206, 0.100, 0.100, 0.100, 0.100, 0.100, 0.100, 0.100, 0.100, 0.100, 0.100, 0.100, 0.147, 0.100, 0.100, 0.100, 0.100, 0.100, 0.100, 0.100]
    Layer 16: sigma=[0.100, 0.100, 0.100, 0.100, 0.100, 0.100, 0.100, 0.100, 0.100, 0.100, 0.100, 0.100, 0.100, 0.100, 0.100, 0.100, 0.100, 0.100, 0.100, 0.100, 0.100, 0.100, 0.100, 0.100, 0.100, 0.100, 0.100, 0.361, 0.100, 0.100, 0.100, 0.100]
    Layer 17: sigma=[0.100, 0.100, 0.100, 0.100, 0.100, 0.141, 0.100, 0.100, 0.100, 0.100, 0.100, 0.100, 0.100, 0.100, 0.100, 0.100, 0.152, 0.100, 0.100, 0.383, 0.100, 0.100, 0.100, 0.100, 0.127, 0.100, 0.405, 0.100, 0.100, 0.100, 0.100, 0.100]
    Layer 19: sigma=[0.100, 0.100, 0.100, 0.100, 0.100, 0.100, 0.100, 0.100, 0.100, 0.100, 0.100, 0.100, 0.141, 0.100, 0.100, 0.197, 0.100, 0.100, 0.100, 0.281, 0.100, 0.100, 0.100, 0.109, 0.100, 0.100, 0.100, 0.100, 0.100, 0.100, 0.100, 0.100]
    Layer 20: sigma=[0.100, 0.100, 0.100, 0.100, 0.100, 0.213, 0.100, 0.100, 0.144, 0.100, 0.100, 0.100, 0.100, 0.100, 0.100, 0.130, 0.100, 0.158, 0.100, 0.100, 0.100, 0.100, 0.100, 0.100, 0.100, 0.100, 0.100, 0.100, 0.100, 0.100, 0.100, 0.100]
    Layer 21: sigma=[0.100, 0.123, 0.100, 0.100, 0.100, 0.100, 0.100, 0.100, 0.100, 0.161, 0.100, 0.232, 0.100, 0.100, 0.120, 0.100, 0.100, 0.100, 0.100, 0.100, 0.100, 0.102, 0.100, 0.100, 0.104, 0.100, 0.100, 0.100, 0.100, 0.100, 0.304, 0.100]
    Layer 22: sigma=[0.164, 0.100, 0.100, 0.100, 0.160, 0.158, 0.100, 0.189, 0.129, 0.100, 0.100, 0.100, 0.100, 0.100, 0.100, 0.101, 0.100, 0.100, 0.100, 0.100, 0.100, 0.100, 0.100, 0.100, 0.100, 0.100, 0.100, 0.100, 0.100, 0.100, 0.100, 0.100]
    Layer 23: sigma=[0.178, 0.253, 0.162, 0.100, 0.100, 0.100, 0.155, 0.100, 0.100, 0.268, 0.100, 0.100, 0.100, 0.100, 0.107, 0.100, 0.100, 0.100, 0.100, 0.100, 0.100, 0.100, 0.100, 0.100, 0.100, 0.100, 0.100, 0.100, 0.100, 0.102, 0.134, 0.234]
    Layer 24: sigma=[0.100, 0.100, 0.100, 0.100, 0.100, 0.100, 0.100, 0.100, 0.100, 0.100, 0.100, 0.100, 0.100, 0.100, 0.100, 0.178, 0.100, 0.100, 0.100, 0.100, 0.100, 0.100, 0.100, 0.100, 0.200, 0.462, 0.100, 0.399, 0.100, 0.100, 0.100, 0.100]
    Layer 25: sigma=[0.100, 0.100, 0.100, 0.100, 0.103, 0.100, 0.100, 0.100, 0.100, 0.100, 0.100, 0.100, 0.100, 0.100, 0.111, 0.100, 0.100, 0.100, 0.100, 0.100, 0.100, 0.100, 0.100, 0.100, 0.100, 0.100, 0.100, 0.100, 0.100, 0.100, 0.100, 0.100]
    Layer 26: sigma=[0.100, 0.100, 0.100, 0.100, 0.100, 0.100, 0.100, 0.100, 0.100, 0.100, 0.100, 0.100, 0.100, 0.100, 0.100, 0.100, 0.100, 0.100, 0.100, 0.100, 0.100, 0.100, 0.100, 0.100, 0.100, 0.100, 0.100, 0.100, 0.100, 0.100, 0.100, 0.100]
    Layer 27: sigma=[0.100, 0.100, 0.100, 0.100, 0.100, 0.100, 0.100, 0.100, 0.100, 0.100, 0.100, 0.100, 0.100, 0.100, 0.100, 0.100, 0.100, 0.100, 0.100, 0.100, 0.100, 0.100, 0.100, 0.100, 0.100, 0.100, 0.100, 0.100, 0.100, 0.109, 0.100, 0.100]
    Layer 28: sigma=[0.100, 0.100, 0.100, 0.100, 0.100, 0.100, 0.100, 0.188, 0.100, 0.100, 0.100, 0.100, 0.100, 0.100, 0.100, 0.100, 0.100, 0.100, 0.100, 0.100, 0.100, 0.100, 0.100, 0.100, 0.100, 0.100, 0.100, 0.100, 0.100, 0.100, 0.100, 0.100]
    Layer 29: sigma=[0.100, 0.100, 0.100, 0.100, 0.100, 0.100, 0.100, 0.100, 0.100, 0.100, 0.100, 0.100, 0.100, 0.100, 0.100, 0.100, 0.100, 0.100, 0.100, 0.100, 0.100, 0.100, 0.100, 0.100, 0.100, 0.100, 0.100, 0.100, 0.100, 0.100, 0.100, 0.100]
    Layer 30: sigma=[0.100, 0.100, 0.100, 0.100, 0.100, 0.100, 0.100, 0.100, 0.100, 0.100, 0.100, 0.100, 0.100, 0.100, 0.100, 0.100, 0.100, 0.100, 0.100, 0.100, 0.100, 0.100, 0.100, 0.100, 0.100, 0.100, 0.100, 0.100, 0.100, 0.100, 0.100, 0.100]
    Layer 31: sigma=[0.100, 0.100, 0.100, 0.100, 0.100, 0.100, 0.100, 0.100, 0.100, 0.100, 0.100, 0.100, 0.100, 0.100, 0.100, 0.100, 0.100, 0.100, 0.100, 0.116, 0.100, 0.100, 0.100, 0.100, 0.100, 0.100, 0.100, 0.100, 0.100, 0.100, 0.100, 0.100]
    Layer 32: sigma=[0.100, 0.100, 0.100, 0.100, 0.100, 0.100, 0.100, 0.100, 0.100, 0.100, 0.100, 0.100, 0.100, 0.100, 0.100, 0.100, 0.100, 0.100, 0.100, 0.100, 0.100, 0.100, 0.100, 0.100, 0.100, 0.100, 0.100, 0.100, 0.100, 0.100, 0.100, 0.100]
    Layer 33: sigma=[0.100, 0.100, 0.100, 0.100, 0.100, 0.100, 0.100, 0.100, 0.100, 0.100, 0.100, 0.100, 0.100, 0.100, 0.100, 0.100, 0.100, 0.100, 0.100, 0.100, 0.100, 0.100, 0.100, 0.100, 0.100, 0.100, 0.100, 0.100, 0.100, 0.100, 0.100, 0.100]
    Layer 34: sigma=[0.100, 0.100, 0.100, 0.100, 0.100, 0.100, 0.100, 0.100, 0.100, 0.100, 0.100, 0.100, 0.100, 0.100, 0.100, 0.100, 0.100, 0.100, 0.100, 0.115, 0.100, 0.100, 0.100, 0.100, 0.100, 0.100, 0.100, 0.100, 0.100, 0.100, 0.100, 0.100]
    Layer 35: sigma=[0.100, 0.100, 0.100, 0.100, 0.115, 0.100, 0.100, 0.100, 0.100, 0.100, 0.100, 0.100, 0.100, 0.100, 0.100, 0.100, 0.100, 0.100, 0.100, 0.100, 0.100, 0.100, 0.101, 0.100, 0.100, 0.100, 0.100, 0.100, 0.100, 0.100, 0.100, 0.100]

  [Taylor Step 3/3] g_proj = v_proj * alpha (damping=0.01)...
    Layer  0: alpha=0.060394  teacher_rms=0.0163  v_rms=0.0027
    Layer  1: alpha=0.060893  teacher_rms=0.0205  v_rms=0.0034
    Layer  2: alpha=0.056952  teacher_rms=0.0214  v_rms=0.0038
    Layer  3: alpha=0.048546  teacher_rms=0.0259  v_rms=0.0053
    Layer  4: alpha=0.047358  teacher_rms=0.0304  v_rms=0.0064
    Layer  5: alpha=0.061809  teacher_rms=0.0409  v_rms=0.0066
    Layer  6: alpha=0.078657  teacher_rms=0.0621  v_rms=0.0079
    Layer  7: alpha=0.046230  teacher_rms=0.0530  v_rms=0.0115
    Layer  8: alpha=0.047184  teacher_rms=0.0708  v_rms=0.0150
    Layer  9: alpha=0.034002  teacher_rms=0.0713  v_rms=0.0210
    Layer 10: alpha=0.051178  teacher_rms=0.1092  v_rms=0.0213
    Layer 11: alpha=0.062549  teacher_rms=0.1046  v_rms=0.0167
    Layer 12: alpha=0.061841  teacher_rms=0.1207  v_rms=0.0195
    Layer 13: alpha=0.054632  teacher_rms=0.1040  v_rms=0.0190
    Layer 14: alpha=0.062671  teacher_rms=0.1547  v_rms=0.0247
    Layer 15: alpha=0.057346  teacher_rms=0.1576  v_rms=0.0275
    Layer 16: alpha=0.043679  teacher_rms=0.1473  v_rms=0.0337
    Layer 17: alpha=0.044622  teacher_rms=0.1753  v_rms=0.0393
    Layer 19: alpha=0.055050  teacher_rms=0.2060  v_rms=0.0374
    Layer 20: alpha=0.054883  teacher_rms=0.1966  v_rms=0.0358
    Layer 21: alpha=0.051669  teacher_rms=0.2373  v_rms=0.0459
    Layer 22: alpha=0.055917  teacher_rms=0.2834  v_rms=0.0507
    Layer 23: alpha=0.051078  teacher_rms=0.3098  v_rms=0.0607
    Layer 24: alpha=0.031427  teacher_rms=0.2897  v_rms=0.0922
    Layer 25: alpha=0.039920  teacher_rms=0.2376  v_rms=0.0595
    Layer 26: alpha=0.029256  teacher_rms=0.2124  v_rms=0.0726
    Layer 27: alpha=0.037009  teacher_rms=0.3083  v_rms=0.0833
    Layer 28: alpha=0.041464  teacher_rms=0.3705  v_rms=0.0894
    Layer 29: alpha=0.017344  teacher_rms=0.2548  v_rms=0.1469
    Layer 30: alpha=0.029045  teacher_rms=0.4297  v_rms=0.1480
    Layer 31: alpha=0.021163  teacher_rms=0.3785  v_rms=0.1788
    Layer 32: alpha=0.023899  teacher_rms=0.5288  v_rms=0.2213
    Layer 33: alpha=0.018560  teacher_rms=0.6404  v_rms=0.3451
    Layer 34: alpha=0.033113  teacher_rms=1.0325  v_rms=0.3118
    Layer 35: alpha=0.059841  teacher_rms=1.0168  v_rms=0.1699

  Set g_proj = v_proj * alpha in 35 GDN layers (damping=0.01).
  Init (taylor_init) done in 330.8s
  Layer 18: PPL = 12452369.00  (eval 13.4s)

============================================================
  Probing layer 19 | strategy=taylor_init
============================================================
Loading checkpoint shards:   0%|          | 0/4 [00:00<?, ?it/s]Loading checkpoint shards: 100%|██████████| 4/4 [00:00<00:00, 144.21it/s]
Could not cache non-existence of file. Will ignore error and continue. Error: [Errno 13] Permission denied: '/data/shared/huggingface/hub/models--Qwen--Qwen3-8B/.no_exist/b968826d9c46dd6066d109eabc6255188de91218/model.safetensors'
Loading checkpoint shards:   0%|          | 0/5 [00:00<?, ?it/s]Loading checkpoint shards: 100%|██████████| 5/5 [00:00<00:00, 189.95it/s]
Token indices sequence length is longer than the specified maximum sequence length for this model (2429029 > 131072). Running this sequence through the model will result in indexing errors
  [Taylor Step 1/3] Gate calibration from attention stats...
    Layer  0: dist=[32, 3, 12, 35, 12, 26, 9, 11, 19, 6, 8, 9, 18, 34, 31, 10, 16, 19, 16, 14, 13, 23, 4, 12, 5, 52, 10, 43, 15, 36, 15, 14]
    Layer  1: dist=[19, 38, 25, 44, 3, 15, 31, 11, 45, 36, 65, 60, 34, 47, 51, 38, 32, 54, 57, 33, 56, 24, 40, 40, 37, 9, 44, 41, 83, 31, 37, 49]
    Layer  2: dist=[65, 65, 67, 62, 26, 45, 33, 43, 39, 47, 56, 56, 53, 46, 46, 60, 61, 49, 54, 43, 49, 67, 48, 50, 25, 24, 21, 35, 73, 73, 77, 74]
    Layer  3: dist=[65, 26, 13, 22, 87, 93, 83, 73, 56, 53, 62, 58, 90, 73, 75, 74, 59, 62, 51, 67, 74, 60, 64, 65, 64, 56, 52, 59, 70, 63, 72, 65]
    Layer  4: dist=[62, 63, 73, 67, 73, 56, 61, 89, 68, 69, 63, 60, 55, 55, 71, 61, 62, 65, 67, 70, 64, 61, 47, 64, 41, 51, 48, 34, 51, 66, 55, 55]
    Layer  5: dist=[36, 48, 55, 35, 61, 68, 52, 51, 5, 18, 73, 61, 54, 78, 59, 52, 41, 32, 50, 48, 51, 55, 48, 59, 73, 73, 80, 80, 43, 44, 46, 58]
    Layer  6: dist=[27, 40, 30, 31, 52, 46, 67, 61, 46, 25, 43, 38, 56, 64, 56, 30, 47, 34, 45, 40, 20, 30, 32, 14, 35, 50, 32, 49, 47, 43, 37, 53]
    Layer  7: dist=[55, 60, 64, 87, 126, 114, 127, 121, 88, 119, 99, 72, 108, 23, 53, 97, 80, 101, 85, 81, 106, 86, 112, 116, 64, 78, 47, 86, 97, 101, 101, 106]
    Layer  8: dist=[83, 87, 90, 58, 81, 77, 69, 78, 86, 99, 87, 90, 94, 86, 96, 70, 116, 107, 103, 96, 92, 106, 100, 111, 92, 72, 95, 67, 84, 72, 79, 74]
    Layer  9: dist=[76, 60, 61, 67, 83, 97, 96, 74, 123, 120, 118, 112, 27, 87, 63, 85, 93, 100, 114, 125, 87, 77, 60, 70, 119, 81, 91, 97, 125, 113, 127, 123]
    Layer 10: dist=[76, 71, 58, 74, 85, 102, 64, 74, 63, 88, 106, 49, 88, 67, 82, 86, 87, 102, 100, 107, 88, 60, 107, 90, 93, 107, 84, 77, 76, 65, 82, 90]
    Layer 11: dist=[78, 65, 79, 48, 53, 61, 78, 77, 102, 123, 109, 93, 82, 64, 65, 69, 69, 63, 61, 51, 77, 107, 89, 87, 67, 59, 56, 54, 95, 55, 55, 94]
    Layer 12: dist=[21, 72, 79, 61, 87, 83, 66, 70, 63, 62, 74, 77, 86, 81, 82, 87, 39, 68, 59, 94, 102, 112, 97, 103, 93, 2, 107, 38, 81, 88, 113, 91]
    Layer 13: dist=[52, 68, 66, 62, 52, 51, 65, 40, 86, 63, 99, 122, 128, 115, 109, 124, 85, 72, 57, 61, 93, 55, 83, 90, 84, 59, 72, 76, 113, 111, 96, 99]
    Layer 14: dist=[44, 64, 65, 46, 62, 45, 64, 65, 54, 57, 70, 68, 69, 76, 65, 67, 77, 86, 51, 64, 65, 31, 51, 81, 52, 67, 73, 64, 85, 88, 8, 89]
    Layer 15: dist=[80, 44, 79, 38, 37, 38, 79, 67, 90, 60, 46, 104, 68, 107, 79, 89, 61, 57, 64, 68, 58, 60, 50, 51, 49, 34, 86, 62, 72, 84, 71, 49]
    Layer 16: dist=[61, 57, 74, 85, 55, 58, 48, 55, 54, 82, 73, 84, 90, 69, 86, 86, 68, 71, 60, 62, 115, 118, 110, 103, 71, 54, 64, 10, 58, 59, 65, 56]
    Layer 17: dist=[111, 95, 79, 67, 53, 57, 39, 47, 90, 108, 79, 100, 40, 57, 71, 74, 44, 61, 61, 42, 75, 98, 93, 97, 58, 55, 57, 52, 53, 79, 93, 67]
    Layer 18: dist=[34, 45, 35, 33, 56, 78, 74, 57, 64, 67, 66, 79, 61, 60, 57, 62, 46, 74, 72, 52, 68, 47, 65, 96, 58, 62, 61, 63, 52, 53, 79, 56]
    Layer 20: dist=[89, 79, 80, 77, 78, 51, 49, 57, 40, 36, 43, 39, 92, 79, 87, 96, 45, 51, 56, 39, 73, 111, 101, 98, 125, 97, 105, 85, 93, 79, 108, 108]
    Layer 21: dist=[44, 50, 56, 68, 115, 65, 96, 118, 118, 61, 71, 69, 46, 41, 44, 42, 75, 75, 83, 65, 89, 99, 95, 96, 64, 62, 60, 80, 73, 79, 60, 88]
    Layer 22: dist=[73, 60, 67, 63, 52, 72, 45, 56, 37, 49, 45, 59, 18, 86, 61, 64, 33, 79, 76, 41, 102, 115, 120, 121, 101, 84, 91, 95, 114, 92, 103, 95]
    Layer 23: dist=[39, 30, 48, 39, 110, 111, 41, 102, 79, 36, 45, 63, 75, 72, 79, 77, 82, 75, 74, 94, 72, 93, 82, 76, 78, 72, 68, 100, 91, 90, 83, 78]
    Layer 24: dist=[79, 124, 109, 101, 99, 109, 111, 97, 102, 105, 104, 84, 78, 75, 89, 74, 81, 86, 98, 88, 120, 103, 102, 117, 65, 73, 79, 51, 95, 111, 98, 88]
    Layer 25: dist=[105, 121, 118, 94, 71, 72, 107, 80, 96, 97, 85, 90, 65, 89, 50, 68, 93, 99, 97, 89, 102, 111, 105, 108, 110, 110, 99, 108, 88, 125, 98, 88]
    Layer 26: dist=[80, 88, 106, 68, 115, 113, 113, 110, 102, 107, 105, 98, 100, 124, 116, 116, 86, 93, 99, 95, 102, 113, 122, 114, 99, 97, 102, 93, 115, 96, 114, 95]
    Layer 27: dist=[87, 108, 103, 117, 98, 105, 101, 86, 77, 100, 107, 99, 78, 109, 80, 86, 96, 99, 99, 104, 91, 112, 113, 92, 110, 113, 116, 117, 107, 77, 92, 117]
    Layer 28: dist=[103, 92, 102, 102, 82, 63, 80, 76, 96, 107, 92, 89, 112, 105, 96, 101, 112, 104, 104, 108, 119, 71, 60, 89, 91, 88, 99, 99, 92, 92, 71, 95]
    Layer 29: dist=[113, 114, 114, 113, 90, 112, 94, 114, 119, 113, 122, 105, 120, 120, 119, 120, 116, 106, 115, 121, 123, 123, 107, 125, 100, 114, 97, 92, 106, 95, 106, 109]
    Layer 30: dist=[75, 102, 99, 100, 102, 100, 90, 67, 117, 117, 115, 120, 105, 104, 113, 101, 97, 78, 120, 122, 51, 120, 100, 110, 119, 119, 119, 118, 106, 110, 107, 102]
    Layer 31: dist=[119, 117, 99, 98, 112, 113, 114, 116, 114, 77, 87, 91, 117, 116, 117, 115, 101, 101, 106, 94, 119, 116, 108, 119, 112, 109, 89, 120, 112, 106, 102, 110]
    Layer 32: dist=[110, 114, 114, 111, 116, 119, 116, 117, 110, 111, 117, 115, 93, 113, 108, 91, 118, 106, 109, 111, 123, 92, 114, 120, 71, 95, 80, 105, 116, 107, 99, 103]
    Layer 33: dist=[102, 120, 112, 119, 91, 102, 57, 94, 116, 116, 113, 113, 114, 115, 113, 116, 114, 117, 106, 109, 112, 96, 110, 113, 111, 119, 122, 118, 110, 111, 107, 104]
    Layer 34: dist=[110, 109, 112, 113, 105, 111, 108, 102, 53, 93, 114, 86, 117, 115, 120, 81, 82, 89, 126, 55, 119, 51, 118, 119, 122, 122, 125, 122, 54, 62, 68, 109]
    Layer 35: dist=[105, 123, 71, 97, 82, 36, 112, 100, 85, 94, 112, 96, 63, 28, 49, 40, 98, 74, 84, 48, 90, 102, 55, 54, 66, 49, 68, 72, 73, 115, 122, 117]

  [Taylor Step 2/3] OLS sigma per head (scaling V, streaming)...
    Layer  0: sigma=[0.614, 0.100, 0.100, 0.100, 0.333, 0.381, 0.100, 0.100, 0.100, 0.148, 0.100, 0.100, 0.100, 0.100, 0.100, 0.259, 0.100, 0.100, 0.100, 0.100, 0.100, 0.100, 0.100, 0.100, 0.100, 0.100, 0.351, 0.100, 0.100, 0.100, 0.161, 0.100]
    Layer  1: sigma=[0.350, 0.100, 0.100, 0.100, 0.100, 0.100, 0.100, 0.100, 0.100, 0.164, 0.245, 0.100, 0.100, 0.100, 0.100, 0.100, 0.100, 0.100, 0.100, 0.100, 0.100, 0.100, 0.100, 0.115, 0.100, 0.100, 0.114, 0.100, 0.100, 0.100, 0.100, 0.100]
    Layer  2: sigma=[0.100, 0.100, 0.100, 0.100, 0.100, 0.100, 0.100, 0.100, 0.108, 0.100, 0.100, 0.100, 0.100, 0.146, 0.100, 0.100, 0.100, 0.223, 0.100, 0.100, 0.100, 0.100, 0.100, 0.100, 0.100, 0.171, 0.100, 0.100, 0.100, 0.100, 0.100, 0.100]
    Layer  3: sigma=[0.100, 0.333, 0.100, 0.154, 0.100, 0.100, 0.100, 0.100, 0.100, 0.100, 0.100, 0.100, 0.100, 0.100, 0.100, 0.100, 0.100, 0.100, 0.100, 0.100, 0.100, 0.108, 0.100, 0.100, 0.100, 0.100, 0.100, 0.100, 0.100, 0.100, 0.100, 0.100]
    Layer  4: sigma=[0.100, 0.100, 0.100, 0.100, 0.100, 0.100, 0.100, 0.100, 0.100, 0.100, 0.100, 0.100, 0.100, 0.100, 0.100, 0.100, 0.100, 0.100, 0.100, 0.100, 0.133, 0.139, 0.317, 0.100, 0.100, 0.100, 0.100, 0.100, 0.100, 0.100, 0.100, 0.100]
    Layer  5: sigma=[0.100, 0.100, 0.100, 0.100, 0.100, 0.100, 0.100, 0.100, 0.100, 0.134, 0.100, 0.111, 0.100, 0.100, 0.100, 0.122, 0.100, 0.180, 0.100, 0.100, 0.100, 0.100, 0.100, 0.100, 0.100, 0.100, 0.100, 0.100, 0.100, 0.100, 0.100, 0.100]
    Layer  6: sigma=[0.100, 0.100, 0.100, 0.100, 0.100, 0.100, 0.100, 0.100, 0.100, 0.100, 0.100, 0.100, 0.100, 0.100, 0.100, 0.100, 0.100, 0.100, 0.100, 0.100, 0.155, 0.100, 0.100, 0.100, 0.100, 0.100, 0.100, 0.100, 0.100, 0.100, 0.100, 0.100]
    Layer  7: sigma=[0.100, 0.150, 0.100, 0.100, 0.128, 0.100, 0.100, 0.100, 0.100, 0.100, 0.100, 0.102, 0.100, 0.100, 0.100, 0.100, 0.100, 0.100, 0.100, 0.100, 0.100, 0.100, 0.100, 0.100, 0.100, 0.100, 0.100, 0.100, 0.100, 0.100, 0.100, 0.100]
    Layer  8: sigma=[0.100, 0.100, 0.100, 0.100, 0.100, 0.100, 0.100, 0.100, 0.100, 0.100, 0.100, 0.100, 0.100, 0.100, 0.100, 0.100, 0.100, 0.100, 0.100, 0.100, 0.100, 0.100, 0.100, 0.100, 0.100, 0.100, 0.100, 0.188, 0.100, 0.100, 0.100, 0.100]
    Layer  9: sigma=[0.100, 0.100, 0.100, 0.100, 0.100, 0.100, 0.100, 0.100, 0.100, 0.100, 0.100, 0.100, 0.100, 0.100, 0.587, 0.129, 0.100, 0.100, 0.100, 0.100, 0.100, 0.100, 0.100, 0.100, 0.100, 0.100, 0.100, 0.100, 0.100, 0.100, 0.100, 0.100]
    Layer 10: sigma=[0.100, 0.100, 0.100, 0.100, 0.100, 0.100, 0.100, 0.100, 0.100, 0.100, 0.100, 0.100, 0.100, 0.100, 0.100, 0.100, 0.100, 0.100, 0.100, 0.100, 0.100, 0.100, 0.100, 0.100, 0.100, 0.100, 0.100, 0.100, 0.100, 0.100, 0.100, 0.100]
    Layer 11: sigma=[0.100, 0.100, 0.100, 0.100, 0.155, 0.100, 0.100, 0.100, 0.100, 0.103, 0.100, 0.100, 0.100, 0.100, 0.241, 0.100, 0.100, 0.100, 0.100, 0.100, 0.100, 0.100, 0.100, 0.100, 0.100, 0.100, 0.162, 0.100, 0.100, 0.100, 0.100, 0.100]
    Layer 12: sigma=[0.100, 0.100, 0.100, 0.100, 0.100, 0.100, 0.100, 0.100, 0.100, 0.103, 0.100, 0.107, 0.100, 0.100, 0.100, 0.100, 0.100, 0.300, 0.181, 0.100, 0.100, 0.100, 0.100, 0.100, 0.100, 0.100, 0.100, 0.212, 0.100, 0.100, 0.122, 0.100]
    Layer 13: sigma=[0.227, 0.100, 0.100, 0.382, 0.100, 0.100, 0.100, 0.100, 0.100, 0.100, 0.100, 0.100, 0.100, 0.100, 0.100, 0.100, 0.100, 0.100, 0.100, 0.114, 0.100, 0.100, 0.100, 0.100, 0.100, 0.100, 0.100, 0.100, 0.100, 0.100, 0.100, 0.100]
    Layer 14: sigma=[0.100, 0.100, 0.100, 0.100, 0.100, 0.401, 0.100, 0.100, 0.100, 0.100, 0.100, 0.100, 0.100, 0.100, 0.100, 0.100, 0.100, 0.100, 0.100, 0.100, 0.100, 0.100, 0.100, 0.100, 0.115, 0.109, 0.100, 0.100, 0.100, 0.100, 0.100, 0.100]
    Layer 15: sigma=[0.100, 0.213, 0.100, 0.100, 0.100, 0.109, 0.100, 0.100, 0.100, 0.100, 0.100, 0.100, 0.201, 0.100, 0.100, 0.100, 0.100, 0.100, 0.100, 0.100, 0.100, 0.100, 0.100, 0.100, 0.148, 0.100, 0.100, 0.100, 0.100, 0.100, 0.100, 0.100]
    Layer 16: sigma=[0.100, 0.100, 0.100, 0.100, 0.100, 0.100, 0.100, 0.100, 0.100, 0.100, 0.100, 0.100, 0.100, 0.100, 0.100, 0.100, 0.100, 0.100, 0.100, 0.100, 0.100, 0.100, 0.100, 0.100, 0.100, 0.100, 0.100, 0.477, 0.100, 0.100, 0.100, 0.100]
    Layer 17: sigma=[0.100, 0.100, 0.100, 0.100, 0.100, 0.153, 0.100, 0.100, 0.100, 0.100, 0.100, 0.100, 0.100, 0.100, 0.100, 0.100, 0.121, 0.100, 0.100, 0.434, 0.100, 0.100, 0.100, 0.100, 0.156, 0.100, 0.417, 0.100, 0.100, 0.100, 0.100, 0.100]
    Layer 18: sigma=[0.100, 0.490, 0.100, 0.100, 0.100, 0.100, 0.100, 0.195, 0.100, 0.100, 0.100, 0.100, 0.100, 0.100, 0.100, 0.100, 0.168, 0.100, 0.100, 0.100, 0.100, 0.100, 0.100, 0.100, 0.100, 0.100, 0.100, 0.100, 0.100, 0.100, 0.100, 0.100]
    Layer 20: sigma=[0.100, 0.100, 0.100, 0.100, 0.100, 0.240, 0.100, 0.100, 0.150, 0.103, 0.100, 0.100, 0.100, 0.100, 0.100, 0.121, 0.100, 0.136, 0.100, 0.100, 0.100, 0.100, 0.100, 0.100, 0.100, 0.100, 0.100, 0.100, 0.100, 0.100, 0.100, 0.100]
    Layer 21: sigma=[0.100, 0.105, 0.100, 0.100, 0.100, 0.100, 0.100, 0.100, 0.100, 0.168, 0.100, 0.312, 0.100, 0.100, 0.131, 0.100, 0.100, 0.100, 0.100, 0.100, 0.100, 0.114, 0.100, 0.100, 0.201, 0.100, 0.100, 0.100, 0.100, 0.100, 0.186, 0.100]
    Layer 22: sigma=[0.127, 0.100, 0.100, 0.100, 0.168, 0.147, 0.100, 0.232, 0.103, 0.100, 0.100, 0.100, 0.100, 0.100, 0.100, 0.109, 0.100, 0.100, 0.100, 0.100, 0.100, 0.100, 0.100, 0.100, 0.100, 0.100, 0.100, 0.100, 0.100, 0.100, 0.100, 0.100]
    Layer 23: sigma=[0.169, 0.268, 0.173, 0.100, 0.100, 0.100, 0.135, 0.100, 0.100, 0.235, 0.100, 0.100, 0.100, 0.100, 0.100, 0.100, 0.100, 0.100, 0.100, 0.100, 0.100, 0.100, 0.100, 0.100, 0.100, 0.100, 0.100, 0.100, 0.100, 0.100, 0.146, 0.236]
    Layer 24: sigma=[0.100, 0.100, 0.100, 0.100, 0.100, 0.100, 0.100, 0.100, 0.100, 0.100, 0.100, 0.100, 0.100, 0.100, 0.100, 0.181, 0.100, 0.100, 0.100, 0.100, 0.100, 0.100, 0.100, 0.100, 0.254, 0.390, 0.100, 0.342, 0.100, 0.100, 0.100, 0.100]
    Layer 25: sigma=[0.100, 0.100, 0.100, 0.100, 0.100, 0.100, 0.100, 0.100, 0.100, 0.100, 0.100, 0.100, 0.100, 0.100, 0.100, 0.100, 0.100, 0.100, 0.100, 0.100, 0.100, 0.100, 0.100, 0.100, 0.100, 0.100, 0.100, 0.100, 0.100, 0.100, 0.100, 0.100]
    Layer 26: sigma=[0.100, 0.100, 0.100, 0.100, 0.100, 0.100, 0.100, 0.100, 0.100, 0.100, 0.100, 0.100, 0.100, 0.100, 0.100, 0.100, 0.100, 0.100, 0.100, 0.100, 0.100, 0.100, 0.100, 0.100, 0.100, 0.100, 0.100, 0.100, 0.100, 0.100, 0.100, 0.100]
    Layer 27: sigma=[0.100, 0.100, 0.100, 0.100, 0.100, 0.100, 0.100, 0.100, 0.100, 0.100, 0.100, 0.100, 0.100, 0.100, 0.100, 0.100, 0.100, 0.100, 0.100, 0.100, 0.100, 0.100, 0.100, 0.100, 0.100, 0.100, 0.100, 0.100, 0.100, 0.107, 0.100, 0.100]
    Layer 28: sigma=[0.100, 0.100, 0.100, 0.100, 0.100, 0.106, 0.100, 0.110, 0.100, 0.100, 0.100, 0.100, 0.100, 0.100, 0.100, 0.100, 0.100, 0.100, 0.100, 0.100, 0.100, 0.100, 0.100, 0.100, 0.100, 0.100, 0.100, 0.100, 0.100, 0.100, 0.100, 0.100]
    Layer 29: sigma=[0.100, 0.100, 0.100, 0.100, 0.100, 0.100, 0.100, 0.100, 0.100, 0.100, 0.100, 0.100, 0.100, 0.100, 0.100, 0.100, 0.100, 0.100, 0.100, 0.100, 0.100, 0.100, 0.100, 0.100, 0.100, 0.100, 0.100, 0.100, 0.100, 0.100, 0.100, 0.100]
    Layer 30: sigma=[0.100, 0.100, 0.100, 0.100, 0.100, 0.100, 0.100, 0.100, 0.100, 0.100, 0.100, 0.100, 0.100, 0.100, 0.100, 0.100, 0.100, 0.100, 0.100, 0.100, 0.100, 0.100, 0.100, 0.100, 0.100, 0.100, 0.100, 0.100, 0.100, 0.100, 0.100, 0.100]
    Layer 31: sigma=[0.100, 0.100, 0.100, 0.100, 0.100, 0.100, 0.100, 0.100, 0.100, 0.100, 0.100, 0.100, 0.100, 0.100, 0.100, 0.100, 0.100, 0.100, 0.100, 0.122, 0.100, 0.100, 0.100, 0.100, 0.100, 0.100, 0.100, 0.100, 0.100, 0.100, 0.100, 0.100]
    Layer 32: sigma=[0.100, 0.100, 0.100, 0.100, 0.100, 0.100, 0.100, 0.100, 0.100, 0.100, 0.100, 0.100, 0.100, 0.100, 0.100, 0.100, 0.100, 0.100, 0.100, 0.100, 0.100, 0.100, 0.100, 0.100, 0.100, 0.100, 0.100, 0.100, 0.100, 0.100, 0.100, 0.100]
    Layer 33: sigma=[0.100, 0.100, 0.100, 0.100, 0.100, 0.100, 0.100, 0.100, 0.100, 0.100, 0.100, 0.100, 0.100, 0.100, 0.100, 0.100, 0.100, 0.100, 0.100, 0.100, 0.100, 0.100, 0.100, 0.100, 0.100, 0.100, 0.100, 0.100, 0.100, 0.100, 0.100, 0.100]
    Layer 34: sigma=[0.100, 0.100, 0.100, 0.100, 0.100, 0.100, 0.100, 0.100, 0.100, 0.100, 0.100, 0.100, 0.100, 0.100, 0.100, 0.100, 0.109, 0.100, 0.100, 0.107, 0.100, 0.100, 0.100, 0.100, 0.100, 0.100, 0.100, 0.100, 0.100, 0.100, 0.100, 0.100]
    Layer 35: sigma=[0.100, 0.100, 0.100, 0.100, 0.108, 0.100, 0.100, 0.100, 0.100, 0.100, 0.100, 0.100, 0.100, 0.100, 0.100, 0.100, 0.100, 0.100, 0.100, 0.100, 0.100, 0.100, 0.113, 0.100, 0.100, 0.100, 0.100, 0.100, 0.100, 0.100, 0.100, 0.100]

  [Taylor Step 3/3] g_proj = v_proj * alpha (damping=0.01)...
    Layer  0: alpha=0.060421  teacher_rms=0.0163  v_rms=0.0027
    Layer  1: alpha=0.060960  teacher_rms=0.0205  v_rms=0.0034
    Layer  2: alpha=0.056941  teacher_rms=0.0214  v_rms=0.0038
    Layer  3: alpha=0.048422  teacher_rms=0.0259  v_rms=0.0053
    Layer  4: alpha=0.047365  teacher_rms=0.0304  v_rms=0.0064
    Layer  5: alpha=0.061861  teacher_rms=0.0409  v_rms=0.0066
    Layer  6: alpha=0.078370  teacher_rms=0.0621  v_rms=0.0079
    Layer  7: alpha=0.045837  teacher_rms=0.0530  v_rms=0.0116
    Layer  8: alpha=0.047127  teacher_rms=0.0708  v_rms=0.0150
    Layer  9: alpha=0.034801  teacher_rms=0.0713  v_rms=0.0205
    Layer 10: alpha=0.051225  teacher_rms=0.1092  v_rms=0.0213
    Layer 11: alpha=0.062760  teacher_rms=0.1046  v_rms=0.0167
    Layer 12: alpha=0.060614  teacher_rms=0.1207  v_rms=0.0199
    Layer 13: alpha=0.051186  teacher_rms=0.1040  v_rms=0.0203
    Layer 14: alpha=0.064385  teacher_rms=0.1547  v_rms=0.0240
    Layer 15: alpha=0.057045  teacher_rms=0.1576  v_rms=0.0276
    Layer 16: alpha=0.040423  teacher_rms=0.1473  v_rms=0.0364
    Layer 17: alpha=0.042999  teacher_rms=0.1753  v_rms=0.0408
    Layer 18: alpha=0.043819  teacher_rms=0.1990  v_rms=0.0454
    Layer 20: alpha=0.054355  teacher_rms=0.1966  v_rms=0.0362
    Layer 21: alpha=0.051562  teacher_rms=0.2373  v_rms=0.0460
    Layer 22: alpha=0.055838  teacher_rms=0.2834  v_rms=0.0508
    Layer 23: alpha=0.051580  teacher_rms=0.3098  v_rms=0.0601
    Layer 24: alpha=0.033436  teacher_rms=0.2897  v_rms=0.0866
    Layer 25: alpha=0.040058  teacher_rms=0.2376  v_rms=0.0593
    Layer 26: alpha=0.029256  teacher_rms=0.2124  v_rms=0.0726
    Layer 27: alpha=0.037026  teacher_rms=0.3083  v_rms=0.0833
    Layer 28: alpha=0.042581  teacher_rms=0.3705  v_rms=0.0870
    Layer 29: alpha=0.017344  teacher_rms=0.2548  v_rms=0.1469
    Layer 30: alpha=0.029045  teacher_rms=0.4297  v_rms=0.1480
    Layer 31: alpha=0.021138  teacher_rms=0.3785  v_rms=0.1790
    Layer 32: alpha=0.023899  teacher_rms=0.5288  v_rms=0.2213
    Layer 33: alpha=0.018560  teacher_rms=0.6404  v_rms=0.3451
    Layer 34: alpha=0.033111  teacher_rms=1.0325  v_rms=0.3118
    Layer 35: alpha=0.059799  teacher_rms=1.0168  v_rms=0.1700

  Set g_proj = v_proj * alpha in 35 GDN layers (damping=0.01).
  Init (taylor_init) done in 327.0s
  Layer 19: PPL = 15674966.00  (eval 13.1s)

============================================================
  Probing layer 20 | strategy=taylor_init
============================================================
Loading checkpoint shards:   0%|          | 0/4 [00:00<?, ?it/s]Loading checkpoint shards: 100%|██████████| 4/4 [00:00<00:00, 146.58it/s]
Could not cache non-existence of file. Will ignore error and continue. Error: [Errno 13] Permission denied: '/data/shared/huggingface/hub/models--Qwen--Qwen3-8B/.no_exist/b968826d9c46dd6066d109eabc6255188de91218/model.safetensors'
Loading checkpoint shards:   0%|          | 0/5 [00:00<?, ?it/s]Loading checkpoint shards: 100%|██████████| 5/5 [00:00<00:00, 83.50it/s]
Token indices sequence length is longer than the specified maximum sequence length for this model (2429029 > 131072). Running this sequence through the model will result in indexing errors
  [Taylor Step 1/3] Gate calibration from attention stats...
    Layer  0: dist=[32, 3, 12, 35, 12, 26, 9, 11, 19, 6, 8, 9, 18, 34, 31, 10, 16, 19, 16, 14, 13, 23, 4, 12, 5, 52, 10, 43, 15, 36, 15, 14]
    Layer  1: dist=[19, 38, 25, 44, 3, 15, 31, 11, 45, 36, 65, 60, 34, 47, 51, 38, 32, 54, 57, 33, 56, 24, 40, 40, 37, 9, 44, 41, 83, 31, 37, 49]
    Layer  2: dist=[65, 65, 67, 62, 26, 45, 33, 43, 39, 47, 56, 56, 53, 46, 46, 60, 61, 49, 54, 43, 49, 67, 48, 50, 25, 24, 21, 35, 73, 73, 77, 74]
    Layer  3: dist=[65, 26, 13, 22, 87, 93, 83, 73, 56, 53, 62, 58, 90, 73, 75, 74, 59, 62, 51, 67, 74, 60, 64, 65, 64, 56, 52, 59, 70, 63, 72, 65]
    Layer  4: dist=[62, 63, 73, 67, 73, 56, 61, 89, 68, 69, 63, 60, 55, 55, 71, 61, 62, 65, 67, 70, 64, 61, 47, 64, 41, 51, 48, 34, 51, 66, 55, 55]
    Layer  5: dist=[36, 48, 55, 35, 61, 68, 52, 51, 5, 18, 73, 61, 54, 78, 59, 52, 41, 32, 50, 48, 51, 55, 48, 59, 73, 73, 80, 80, 43, 44, 46, 58]
    Layer  6: dist=[27, 40, 30, 31, 52, 46, 67, 61, 46, 25, 43, 38, 56, 64, 56, 30, 47, 34, 45, 40, 20, 30, 32, 14, 35, 50, 32, 49, 47, 43, 37, 53]
    Layer  7: dist=[55, 60, 64, 87, 126, 114, 127, 121, 88, 119, 99, 72, 108, 23, 53, 97, 80, 101, 85, 81, 106, 86, 112, 116, 64, 78, 47, 86, 97, 101, 101, 106]
    Layer  8: dist=[83, 87, 90, 58, 81, 77, 69, 78, 86, 99, 87, 90, 94, 86, 96, 70, 116, 107, 103, 96, 92, 106, 100, 111, 92, 72, 95, 67, 84, 72, 79, 74]
    Layer  9: dist=[76, 60, 61, 67, 83, 97, 96, 74, 123, 120, 118, 112, 27, 87, 63, 85, 93, 100, 114, 125, 87, 77, 60, 70, 119, 81, 91, 97, 125, 113, 127, 123]
    Layer 10: dist=[76, 71, 58, 74, 85, 102, 64, 74, 63, 88, 106, 49, 88, 67, 82, 86, 87, 102, 100, 107, 88, 60, 107, 90, 93, 107, 84, 77, 76, 65, 82, 90]
    Layer 11: dist=[78, 65, 79, 48, 53, 61, 78, 77, 102, 123, 109, 93, 82, 64, 65, 69, 69, 63, 61, 51, 77, 107, 89, 87, 67, 59, 56, 54, 95, 55, 55, 94]
    Layer 12: dist=[21, 72, 79, 61, 87, 83, 66, 70, 63, 62, 74, 77, 86, 81, 82, 87, 39, 68, 59, 94, 102, 112, 97, 103, 93, 2, 107, 38, 81, 88, 113, 91]
    Layer 13: dist=[52, 68, 66, 62, 52, 51, 65, 40, 86, 63, 99, 122, 128, 115, 109, 124, 85, 72, 57, 61, 93, 55, 83, 90, 84, 59, 72, 76, 113, 111, 96, 99]
    Layer 14: dist=[44, 64, 65, 46, 62, 45, 64, 65, 54, 57, 70, 68, 69, 76, 65, 67, 77, 86, 51, 64, 65, 31, 51, 81, 52, 67, 73, 64, 85, 88, 8, 89]
    Layer 15: dist=[80, 44, 79, 38, 37, 38, 79, 67, 90, 60, 46, 104, 68, 107, 79, 89, 61, 57, 64, 68, 58, 60, 50, 51, 49, 34, 86, 62, 72, 84, 71, 49]
    Layer 16: dist=[61, 57, 74, 85, 55, 58, 48, 55, 54, 82, 73, 84, 90, 69, 86, 86, 68, 71, 60, 62, 115, 118, 110, 103, 71, 54, 64, 10, 58, 59, 65, 56]
    Layer 17: dist=[111, 95, 79, 67, 53, 57, 39, 47, 90, 108, 79, 100, 40, 57, 71, 74, 44, 61, 61, 42, 75, 98, 93, 97, 58, 55, 57, 52, 53, 79, 93, 67]
    Layer 18: dist=[34, 45, 35, 33, 56, 78, 74, 57, 64, 67, 66, 79, 61, 60, 57, 62, 46, 74, 72, 52, 68, 47, 65, 96, 58, 62, 61, 63, 52, 53, 79, 56]
    Layer 19: dist=[73, 64, 63, 62, 76, 103, 54, 71, 81, 85, 84, 93, 63, 57, 75, 63, 84, 85, 49, 49, 21, 50, 33, 49, 102, 106, 102, 116, 77, 77, 73, 72]
    Layer 21: dist=[44, 50, 56, 68, 115, 65, 96, 118, 118, 61, 71, 69, 46, 41, 44, 42, 75, 75, 83, 65, 89, 99, 95, 96, 64, 62, 60, 80, 73, 79, 60, 88]
    Layer 22: dist=[73, 60, 67, 63, 52, 72, 45, 56, 37, 49, 45, 59, 18, 86, 61, 64, 33, 79, 76, 41, 102, 115, 120, 121, 101, 84, 91, 95, 114, 92, 103, 95]
    Layer 23: dist=[39, 30, 48, 39, 110, 111, 41, 102, 79, 36, 45, 63, 75, 72, 79, 77, 82, 75, 74, 94, 72, 93, 82, 76, 78, 72, 68, 100, 91, 90, 83, 78]
    Layer 24: dist=[79, 124, 109, 101, 99, 109, 111, 97, 102, 105, 104, 84, 78, 75, 89, 74, 81, 86, 98, 88, 120, 103, 102, 117, 65, 73, 79, 51, 95, 111, 98, 88]
    Layer 25: dist=[105, 121, 118, 94, 71, 72, 107, 80, 96, 97, 85, 90, 65, 89, 50, 68, 93, 99, 97, 89, 102, 111, 105, 108, 110, 110, 99, 108, 88, 125, 98, 88]
    Layer 26: dist=[80, 88, 106, 68, 115, 113, 113, 110, 102, 107, 105, 98, 100, 124, 116, 116, 86, 93, 99, 95, 102, 113, 122, 114, 99, 97, 102, 93, 115, 96, 114, 95]
    Layer 27: dist=[87, 108, 103, 117, 98, 105, 101, 86, 77, 100, 107, 99, 78, 109, 80, 86, 96, 99, 99, 104, 91, 112, 113, 92, 110, 113, 116, 117, 107, 77, 92, 117]
    Layer 28: dist=[103, 92, 102, 102, 82, 63, 80, 76, 96, 107, 92, 89, 112, 105, 96, 101, 112, 104, 104, 108, 119, 71, 60, 89, 91, 88, 99, 99, 92, 92, 71, 95]
    Layer 29: dist=[113, 114, 114, 113, 90, 112, 94, 114, 119, 113, 122, 105, 120, 120, 119, 120, 116, 106, 115, 121, 123, 123, 107, 125, 100, 114, 97, 92, 106, 95, 106, 109]
    Layer 30: dist=[75, 102, 99, 100, 102, 100, 90, 67, 117, 117, 115, 120, 105, 104, 113, 101, 97, 78, 120, 122, 51, 120, 100, 110, 119, 119, 119, 118, 106, 110, 107, 102]
    Layer 31: dist=[119, 117, 99, 98, 112, 113, 114, 116, 114, 77, 87, 91, 117, 116, 117, 115, 101, 101, 106, 94, 119, 116, 108, 119, 112, 109, 89, 120, 112, 106, 102, 110]
    Layer 32: dist=[110, 114, 114, 111, 116, 119, 116, 117, 110, 111, 117, 115, 93, 113, 108, 91, 118, 106, 109, 111, 123, 92, 114, 120, 71, 95, 80, 105, 116, 107, 99, 103]
    Layer 33: dist=[102, 120, 112, 119, 91, 102, 57, 94, 116, 116, 113, 113, 114, 115, 113, 116, 114, 117, 106, 109, 112, 96, 110, 113, 111, 119, 122, 118, 110, 111, 107, 104]
    Layer 34: dist=[110, 109, 112, 113, 105, 111, 108, 102, 53, 93, 114, 86, 117, 115, 120, 81, 82, 89, 126, 55, 119, 51, 118, 119, 122, 122, 125, 122, 54, 62, 68, 109]
    Layer 35: dist=[105, 123, 71, 97, 82, 36, 112, 100, 85, 94, 112, 96, 63, 28, 49, 40, 98, 74, 84, 48, 90, 102, 55, 54, 66, 49, 68, 72, 73, 115, 122, 117]

  [Taylor Step 2/3] OLS sigma per head (scaling V, streaming)...
    Layer  0: sigma=[0.616, 0.100, 0.100, 0.100, 0.333, 0.378, 0.100, 0.100, 0.100, 0.149, 0.100, 0.100, 0.100, 0.100, 0.100, 0.259, 0.100, 0.100, 0.100, 0.100, 0.100, 0.100, 0.100, 0.100, 0.100, 0.100, 0.351, 0.100, 0.100, 0.100, 0.161, 0.100]
    Layer  1: sigma=[0.352, 0.100, 0.100, 0.100, 0.100, 0.100, 0.100, 0.100, 0.100, 0.166, 0.245, 0.100, 0.100, 0.100, 0.100, 0.100, 0.100, 0.100, 0.100, 0.100, 0.100, 0.100, 0.100, 0.116, 0.100, 0.100, 0.113, 0.100, 0.100, 0.100, 0.100, 0.100]
    Layer  2: sigma=[0.100, 0.100, 0.100, 0.100, 0.100, 0.100, 0.100, 0.100, 0.108, 0.100, 0.100, 0.100, 0.100, 0.147, 0.100, 0.100, 0.100, 0.219, 0.100, 0.100, 0.100, 0.100, 0.100, 0.100, 0.100, 0.172, 0.100, 0.100, 0.100, 0.100, 0.100, 0.100]
    Layer  3: sigma=[0.100, 0.325, 0.100, 0.151, 0.100, 0.100, 0.100, 0.100, 0.100, 0.100, 0.100, 0.100, 0.100, 0.100, 0.100, 0.100, 0.100, 0.100, 0.100, 0.100, 0.100, 0.106, 0.100, 0.100, 0.100, 0.100, 0.100, 0.100, 0.100, 0.100, 0.100, 0.100]
    Layer  4: sigma=[0.100, 0.100, 0.100, 0.100, 0.100, 0.100, 0.100, 0.100, 0.100, 0.100, 0.100, 0.100, 0.100, 0.100, 0.100, 0.100, 0.100, 0.100, 0.100, 0.100, 0.132, 0.139, 0.313, 0.100, 0.100, 0.100, 0.100, 0.100, 0.100, 0.100, 0.100, 0.100]
    Layer  5: sigma=[0.100, 0.100, 0.100, 0.100, 0.100, 0.100, 0.100, 0.100, 0.100, 0.136, 0.100, 0.112, 0.100, 0.100, 0.100, 0.123, 0.100, 0.184, 0.100, 0.100, 0.100, 0.100, 0.100, 0.100, 0.100, 0.100, 0.100, 0.100, 0.100, 0.100, 0.100, 0.100]
    Layer  6: sigma=[0.100, 0.100, 0.100, 0.100, 0.100, 0.100, 0.100, 0.100, 0.100, 0.100, 0.100, 0.100, 0.100, 0.100, 0.100, 0.100, 0.100, 0.100, 0.100, 0.100, 0.156, 0.100, 0.100, 0.100, 0.100, 0.100, 0.100, 0.100, 0.100, 0.100, 0.100, 0.100]
    Layer  7: sigma=[0.100, 0.162, 0.100, 0.100, 0.122, 0.100, 0.100, 0.100, 0.100, 0.100, 0.100, 0.100, 0.100, 0.100, 0.100, 0.100, 0.100, 0.100, 0.100, 0.100, 0.100, 0.100, 0.100, 0.100, 0.100, 0.100, 0.100, 0.100, 0.100, 0.100, 0.100, 0.100]
    Layer  8: sigma=[0.100, 0.100, 0.100, 0.100, 0.100, 0.100, 0.100, 0.100, 0.100, 0.100, 0.100, 0.100, 0.100, 0.100, 0.100, 0.100, 0.100, 0.100, 0.100, 0.100, 0.100, 0.100, 0.100, 0.100, 0.100, 0.100, 0.100, 0.185, 0.100, 0.100, 0.100, 0.100]
    Layer  9: sigma=[0.100, 0.100, 0.100, 0.100, 0.100, 0.100, 0.100, 0.100, 0.100, 0.100, 0.100, 0.100, 0.100, 0.100, 0.557, 0.129, 0.100, 0.100, 0.100, 0.100, 0.100, 0.100, 0.100, 0.100, 0.100, 0.100, 0.100, 0.100, 0.100, 0.100, 0.100, 0.100]
    Layer 10: sigma=[0.100, 0.100, 0.100, 0.100, 0.100, 0.100, 0.100, 0.100, 0.100, 0.100, 0.100, 0.100, 0.100, 0.100, 0.100, 0.100, 0.100, 0.100, 0.100, 0.100, 0.100, 0.100, 0.100, 0.100, 0.100, 0.100, 0.100, 0.100, 0.100, 0.100, 0.100, 0.100]
    Layer 11: sigma=[0.100, 0.100, 0.100, 0.100, 0.156, 0.100, 0.100, 0.100, 0.100, 0.111, 0.100, 0.100, 0.100, 0.100, 0.253, 0.100, 0.100, 0.100, 0.100, 0.100, 0.100, 0.100, 0.100, 0.100, 0.100, 0.100, 0.164, 0.100, 0.100, 0.100, 0.100, 0.100]
    Layer 12: sigma=[0.100, 0.100, 0.100, 0.100, 0.100, 0.100, 0.100, 0.100, 0.100, 0.103, 0.100, 0.107, 0.100, 0.100, 0.100, 0.100, 0.100, 0.321, 0.195, 0.100, 0.100, 0.100, 0.100, 0.100, 0.100, 0.100, 0.100, 0.213, 0.100, 0.100, 0.123, 0.100]
    Layer 13: sigma=[0.221, 0.100, 0.100, 0.366, 0.100, 0.100, 0.100, 0.100, 0.100, 0.100, 0.100, 0.100, 0.100, 0.100, 0.100, 0.100, 0.100, 0.100, 0.100, 0.110, 0.100, 0.100, 0.100, 0.100, 0.100, 0.100, 0.100, 0.100, 0.100, 0.100, 0.100, 0.100]
    Layer 14: sigma=[0.100, 0.100, 0.100, 0.100, 0.100, 0.412, 0.100, 0.100, 0.100, 0.100, 0.100, 0.100, 0.100, 0.100, 0.100, 0.100, 0.100, 0.100, 0.100, 0.100, 0.100, 0.100, 0.100, 0.100, 0.110, 0.127, 0.100, 0.100, 0.100, 0.100, 0.100, 0.100]
    Layer 15: sigma=[0.100, 0.195, 0.100, 0.100, 0.100, 0.114, 0.100, 0.100, 0.100, 0.100, 0.100, 0.100, 0.208, 0.100, 0.100, 0.100, 0.100, 0.100, 0.100, 0.100, 0.100, 0.100, 0.100, 0.100, 0.126, 0.100, 0.100, 0.100, 0.100, 0.100, 0.100, 0.100]
    Layer 16: sigma=[0.100, 0.100, 0.100, 0.100, 0.100, 0.100, 0.100, 0.100, 0.100, 0.100, 0.100, 0.100, 0.100, 0.100, 0.100, 0.100, 0.100, 0.100, 0.100, 0.100, 0.100, 0.100, 0.100, 0.100, 0.100, 0.100, 0.100, 0.419, 0.100, 0.100, 0.100, 0.100]
    Layer 17: sigma=[0.100, 0.100, 0.100, 0.100, 0.100, 0.165, 0.100, 0.100, 0.100, 0.100, 0.100, 0.100, 0.100, 0.100, 0.100, 0.100, 0.146, 0.100, 0.100, 0.418, 0.100, 0.100, 0.100, 0.106, 0.131, 0.100, 0.432, 0.100, 0.100, 0.100, 0.100, 0.100]
    Layer 18: sigma=[0.100, 0.446, 0.100, 0.100, 0.100, 0.100, 0.100, 0.196, 0.100, 0.100, 0.100, 0.100, 0.100, 0.100, 0.100, 0.100, 0.180, 0.100, 0.100, 0.100, 0.100, 0.100, 0.100, 0.100, 0.100, 0.100, 0.100, 0.100, 0.100, 0.100, 0.100, 0.100]
    Layer 19: sigma=[0.100, 0.100, 0.100, 0.100, 0.100, 0.100, 0.100, 0.100, 0.100, 0.100, 0.100, 0.100, 0.163, 0.100, 0.100, 0.206, 0.100, 0.100, 0.100, 0.283, 0.100, 0.100, 0.100, 0.100, 0.100, 0.100, 0.100, 0.100, 0.100, 0.100, 0.100, 0.100]
    Layer 21: sigma=[0.100, 0.109, 0.100, 0.100, 0.100, 0.100, 0.100, 0.100, 0.100, 0.153, 0.100, 0.280, 0.100, 0.100, 0.130, 0.100, 0.100, 0.100, 0.100, 0.100, 0.100, 0.102, 0.100, 0.100, 0.158, 0.100, 0.100, 0.100, 0.100, 0.100, 0.330, 0.100]
    Layer 22: sigma=[0.139, 0.100, 0.100, 0.100, 0.146, 0.100, 0.100, 0.178, 0.100, 0.100, 0.100, 0.100, 0.100, 0.100, 0.100, 0.114, 0.100, 0.100, 0.100, 0.100, 0.100, 0.100, 0.100, 0.100, 0.100, 0.100, 0.100, 0.100, 0.100, 0.100, 0.100, 0.100]
    Layer 23: sigma=[0.162, 0.236, 0.139, 0.100, 0.100, 0.100, 0.108, 0.100, 0.100, 0.258, 0.100, 0.100, 0.100, 0.100, 0.104, 0.100, 0.100, 0.100, 0.100, 0.100, 0.100, 0.100, 0.100, 0.100, 0.100, 0.100, 0.100, 0.100, 0.100, 0.100, 0.162, 0.289]
    Layer 24: sigma=[0.100, 0.100, 0.100, 0.100, 0.100, 0.100, 0.100, 0.100, 0.100, 0.100, 0.100, 0.100, 0.100, 0.100, 0.100, 0.118, 0.100, 0.100, 0.100, 0.100, 0.100, 0.100, 0.100, 0.100, 0.202, 0.371, 0.100, 0.386, 0.100, 0.100, 0.100, 0.100]
    Layer 25: sigma=[0.100, 0.100, 0.100, 0.100, 0.104, 0.100, 0.100, 0.100, 0.100, 0.100, 0.100, 0.100, 0.100, 0.100, 0.131, 0.100, 0.100, 0.100, 0.100, 0.100, 0.100, 0.100, 0.100, 0.100, 0.100, 0.100, 0.100, 0.100, 0.100, 0.100, 0.100, 0.100]
    Layer 26: sigma=[0.100, 0.100, 0.100, 0.100, 0.100, 0.100, 0.100, 0.100, 0.100, 0.100, 0.100, 0.100, 0.100, 0.100, 0.100, 0.100, 0.100, 0.100, 0.100, 0.100, 0.100, 0.100, 0.100, 0.100, 0.100, 0.100, 0.100, 0.100, 0.100, 0.100, 0.100, 0.100]
    Layer 27: sigma=[0.100, 0.100, 0.100, 0.100, 0.100, 0.100, 0.100, 0.100, 0.100, 0.100, 0.100, 0.100, 0.100, 0.100, 0.100, 0.100, 0.100, 0.100, 0.100, 0.100, 0.100, 0.100, 0.100, 0.100, 0.100, 0.100, 0.100, 0.100, 0.100, 0.100, 0.100, 0.100]
    Layer 28: sigma=[0.100, 0.100, 0.100, 0.100, 0.100, 0.131, 0.100, 0.141, 0.100, 0.100, 0.100, 0.100, 0.100, 0.100, 0.100, 0.100, 0.100, 0.100, 0.100, 0.100, 0.100, 0.100, 0.100, 0.100, 0.100, 0.100, 0.100, 0.100, 0.100, 0.100, 0.100, 0.100]
    Layer 29: sigma=[0.100, 0.100, 0.100, 0.100, 0.100, 0.100, 0.100, 0.100, 0.100, 0.100, 0.100, 0.100, 0.100, 0.100, 0.100, 0.100, 0.100, 0.100, 0.100, 0.100, 0.100, 0.100, 0.100, 0.100, 0.100, 0.100, 0.100, 0.100, 0.100, 0.100, 0.100, 0.100]
    Layer 30: sigma=[0.100, 0.100, 0.100, 0.100, 0.100, 0.100, 0.100, 0.100, 0.100, 0.100, 0.100, 0.100, 0.100, 0.100, 0.100, 0.100, 0.100, 0.100, 0.100, 0.100, 0.100, 0.100, 0.100, 0.100, 0.100, 0.100, 0.100, 0.100, 0.100, 0.100, 0.100, 0.100]
    Layer 31: sigma=[0.100, 0.100, 0.100, 0.100, 0.100, 0.100, 0.100, 0.100, 0.100, 0.100, 0.100, 0.100, 0.100, 0.100, 0.100, 0.100, 0.100, 0.100, 0.100, 0.130, 0.100, 0.100, 0.100, 0.100, 0.100, 0.100, 0.100, 0.100, 0.100, 0.100, 0.100, 0.100]
    Layer 32: sigma=[0.100, 0.100, 0.100, 0.100, 0.100, 0.100, 0.100, 0.100, 0.100, 0.100, 0.100, 0.100, 0.100, 0.100, 0.100, 0.100, 0.100, 0.100, 0.100, 0.100, 0.100, 0.100, 0.100, 0.100, 0.100, 0.100, 0.100, 0.100, 0.100, 0.100, 0.100, 0.100]
    Layer 33: sigma=[0.100, 0.100, 0.100, 0.100, 0.100, 0.100, 0.100, 0.100, 0.100, 0.100, 0.100, 0.100, 0.100, 0.100, 0.100, 0.100, 0.100, 0.100, 0.100, 0.100, 0.100, 0.100, 0.100, 0.100, 0.100, 0.100, 0.100, 0.100, 0.100, 0.100, 0.100, 0.100]
    Layer 34: sigma=[0.100, 0.100, 0.100, 0.100, 0.100, 0.100, 0.100, 0.100, 0.100, 0.100, 0.100, 0.100, 0.100, 0.100, 0.100, 0.100, 0.129, 0.100, 0.100, 0.100, 0.100, 0.100, 0.100, 0.100, 0.100, 0.100, 0.100, 0.100, 0.100, 0.100, 0.100, 0.100]
    Layer 35: sigma=[0.100, 0.100, 0.100, 0.100, 0.102, 0.100, 0.100, 0.100, 0.100, 0.100, 0.100, 0.100, 0.100, 0.100, 0.100, 0.100, 0.100, 0.100, 0.100, 0.100, 0.100, 0.100, 0.114, 0.100, 0.100, 0.100, 0.100, 0.100, 0.100, 0.100, 0.100, 0.100]

  [Taylor Step 3/3] g_proj = v_proj * alpha (damping=0.01)...
    Layer  0: alpha=0.060349  teacher_rms=0.0163  v_rms=0.0027
    Layer  1: alpha=0.060815  teacher_rms=0.0205  v_rms=0.0034
    Layer  2: alpha=0.056988  teacher_rms=0.0214  v_rms=0.0038
    Layer  3: alpha=0.048775  teacher_rms=0.0259  v_rms=0.0053
    Layer  4: alpha=0.047477  teacher_rms=0.0304  v_rms=0.0064
    Layer  5: alpha=0.061688  teacher_rms=0.0409  v_rms=0.0066
    Layer  6: alpha=0.078332  teacher_rms=0.0621  v_rms=0.0079
    Layer  7: alpha=0.045691  teacher_rms=0.0530  v_rms=0.0116
    Layer  8: alpha=0.047223  teacher_rms=0.0708  v_rms=0.0150
    Layer  9: alpha=0.035652  teacher_rms=0.0713  v_rms=0.0200
    Layer 10: alpha=0.051225  teacher_rms=0.1092  v_rms=0.0213
    Layer 11: alpha=0.062167  teacher_rms=0.1046  v_rms=0.0168
    Layer 12: alpha=0.059436  teacher_rms=0.1207  v_rms=0.0203
    Layer 13: alpha=0.051941  teacher_rms=0.1040  v_rms=0.0200
    Layer 14: alpha=0.063697  teacher_rms=0.1547  v_rms=0.0243
    Layer 15: alpha=0.057595  teacher_rms=0.1576  v_rms=0.0274
    Layer 16: alpha=0.042073  teacher_rms=0.1473  v_rms=0.0350
    Layer 17: alpha=0.042945  teacher_rms=0.1753  v_rms=0.0408
    Layer 18: alpha=0.045850  teacher_rms=0.1990  v_rms=0.0434
    Layer 19: alpha=0.054313  teacher_rms=0.2060  v_rms=0.0379
    Layer 21: alpha=0.048684  teacher_rms=0.2373  v_rms=0.0487
    Layer 22: alpha=0.058407  teacher_rms=0.2834  v_rms=0.0485
    Layer 23: alpha=0.050963  teacher_rms=0.3098  v_rms=0.0608
    Layer 24: alpha=0.033391  teacher_rms=0.2897  v_rms=0.0868
    Layer 25: alpha=0.039680  teacher_rms=0.2376  v_rms=0.0599
    Layer 26: alpha=0.029256  teacher_rms=0.2124  v_rms=0.0726
    Layer 27: alpha=0.037093  teacher_rms=0.3083  v_rms=0.0831
    Layer 28: alpha=0.041882  teacher_rms=0.3705  v_rms=0.0885
    Layer 29: alpha=0.017344  teacher_rms=0.2548  v_rms=0.1469
    Layer 30: alpha=0.029045  teacher_rms=0.4297  v_rms=0.1480
    Layer 31: alpha=0.021106  teacher_rms=0.3785  v_rms=0.1793
    Layer 32: alpha=0.023899  teacher_rms=0.5288  v_rms=0.2213
    Layer 33: alpha=0.018560  teacher_rms=0.6404  v_rms=0.3451
    Layer 34: alpha=0.033033  teacher_rms=1.0325  v_rms=0.3126
    Layer 35: alpha=0.059871  teacher_rms=1.0168  v_rms=0.1698

  Set g_proj = v_proj * alpha in 35 GDN layers (damping=0.01).
  Init (taylor_init) done in 389.8s
  Layer 20: PPL = 7186939.50  (eval 15.8s)

============================================================
  Probing layer 21 | strategy=taylor_init
============================================================
Loading checkpoint shards:   0%|          | 0/4 [00:00<?, ?it/s]Loading checkpoint shards:  75%|███████▌  | 3/4 [00:00<00:00, 25.53it/s]Loading checkpoint shards: 100%|██████████| 4/4 [00:00<00:00, 31.28it/s]
Could not cache non-existence of file. Will ignore error and continue. Error: [Errno 13] Permission denied: '/data/shared/huggingface/hub/models--Qwen--Qwen3-8B/.no_exist/b968826d9c46dd6066d109eabc6255188de91218/model.safetensors'
Loading checkpoint shards:   0%|          | 0/5 [00:00<?, ?it/s]Loading checkpoint shards: 100%|██████████| 5/5 [00:00<00:00, 169.71it/s]
Token indices sequence length is longer than the specified maximum sequence length for this model (2429029 > 131072). Running this sequence through the model will result in indexing errors
  [Taylor Step 1/3] Gate calibration from attention stats...
    Layer  0: dist=[32, 3, 12, 35, 12, 26, 9, 11, 19, 6, 8, 9, 18, 34, 31, 10, 16, 19, 16, 14, 13, 23, 4, 12, 5, 52, 10, 43, 15, 36, 15, 14]
    Layer  1: dist=[19, 38, 25, 44, 3, 15, 31, 11, 45, 36, 65, 60, 34, 47, 51, 38, 32, 54, 57, 33, 56, 24, 40, 40, 37, 9, 44, 41, 83, 31, 37, 49]
    Layer  2: dist=[65, 65, 67, 62, 26, 45, 33, 43, 39, 47, 56, 56, 53, 46, 46, 60, 61, 49, 54, 43, 49, 67, 48, 50, 25, 24, 21, 35, 73, 73, 77, 74]
    Layer  3: dist=[65, 26, 13, 22, 87, 93, 83, 73, 56, 53, 62, 58, 90, 73, 75, 74, 59, 62, 51, 67, 74, 60, 64, 65, 64, 56, 52, 59, 70, 63, 72, 65]
    Layer  4: dist=[62, 63, 73, 67, 73, 56, 61, 89, 68, 69, 63, 60, 55, 55, 71, 61, 62, 65, 67, 70, 64, 61, 47, 64, 41, 51, 48, 34, 51, 66, 55, 55]
    Layer  5: dist=[36, 48, 55, 35, 61, 68, 52, 51, 5, 18, 73, 61, 54, 78, 59, 52, 41, 32, 50, 48, 51, 55, 48, 59, 73, 73, 80, 80, 43, 44, 46, 58]
    Layer  6: dist=[27, 40, 30, 31, 52, 46, 67, 61, 46, 25, 43, 38, 56, 64, 56, 30, 47, 34, 45, 40, 20, 30, 32, 14, 35, 50, 32, 49, 47, 43, 37, 53]
    Layer  7: dist=[55, 60, 64, 87, 126, 114, 127, 121, 88, 119, 99, 72, 108, 23, 53, 97, 80, 101, 85, 81, 106, 86, 112, 116, 64, 78, 47, 86, 97, 101, 101, 106]
    Layer  8: dist=[83, 87, 90, 58, 81, 77, 69, 78, 86, 99, 87, 90, 94, 86, 96, 70, 116, 107, 103, 96, 92, 106, 100, 111, 92, 72, 95, 67, 84, 72, 79, 74]
    Layer  9: dist=[76, 60, 61, 67, 83, 97, 96, 74, 123, 120, 118, 112, 27, 87, 63, 85, 93, 100, 114, 125, 87, 77, 60, 70, 119, 81, 91, 97, 125, 113, 127, 123]
    Layer 10: dist=[76, 71, 58, 74, 85, 102, 64, 74, 63, 88, 106, 49, 88, 67, 82, 86, 87, 102, 100, 107, 88, 60, 107, 90, 93, 107, 84, 77, 76, 65, 82, 90]
    Layer 11: dist=[78, 65, 79, 48, 53, 61, 78, 77, 102, 123, 109, 93, 82, 64, 65, 69, 69, 63, 61, 51, 77, 107, 89, 87, 67, 59, 56, 54, 95, 55, 55, 94]
    Layer 12: dist=[21, 72, 79, 61, 87, 83, 66, 70, 63, 62, 74, 77, 86, 81, 82, 87, 39, 68, 59, 94, 102, 112, 97, 103, 93, 2, 107, 38, 81, 88, 113, 91]
    Layer 13: dist=[52, 68, 66, 62, 52, 51, 65, 40, 86, 63, 99, 122, 128, 115, 109, 124, 85, 72, 57, 61, 93, 55, 83, 90, 84, 59, 72, 76, 113, 111, 96, 99]
    Layer 14: dist=[44, 64, 65, 46, 62, 45, 64, 65, 54, 57, 70, 68, 69, 76, 65, 67, 77, 86, 51, 64, 65, 31, 51, 81, 52, 67, 73, 64, 85, 88, 8, 89]
    Layer 15: dist=[80, 44, 79, 38, 37, 38, 79, 67, 90, 60, 46, 104, 68, 107, 79, 89, 61, 57, 64, 68, 58, 60, 50, 51, 49, 34, 86, 62, 72, 84, 71, 49]
    Layer 16: dist=[61, 57, 74, 85, 55, 58, 48, 55, 54, 82, 73, 84, 90, 69, 86, 86, 68, 71, 60, 62, 115, 118, 110, 103, 71, 54, 64, 10, 58, 59, 65, 56]
    Layer 17: dist=[111, 95, 79, 67, 53, 57, 39, 47, 90, 108, 79, 100, 40, 57, 71, 74, 44, 61, 61, 42, 75, 98, 93, 97, 58, 55, 57, 52, 53, 79, 93, 67]
    Layer 18: dist=[34, 45, 35, 33, 56, 78, 74, 57, 64, 67, 66, 79, 61, 60, 57, 62, 46, 74, 72, 52, 68, 47, 65, 96, 58, 62, 61, 63, 52, 53, 79, 56]
    Layer 19: dist=[73, 64, 63, 62, 76, 103, 54, 71, 81, 85, 84, 93, 63, 57, 75, 63, 84, 85, 49, 49, 21, 50, 33, 49, 102, 106, 102, 116, 77, 77, 73, 72]
    Layer 20: dist=[89, 79, 80, 77, 78, 51, 49, 57, 40, 36, 43, 39, 92, 79, 87, 96, 45, 51, 56, 39, 73, 111, 101, 98, 125, 97, 105, 85, 93, 79, 108, 108]
    Layer 22: dist=[73, 60, 67, 63, 52, 72, 45, 56, 37, 49, 45, 59, 18, 86, 61, 64, 33, 79, 76, 41, 102, 115, 120, 121, 101, 84, 91, 95, 114, 92, 103, 95]
    Layer 23: dist=[39, 30, 48, 39, 110, 111, 41, 102, 79, 36, 45, 63, 75, 72, 79, 77, 82, 75, 74, 94, 72, 93, 82, 76, 78, 72, 68, 100, 91, 90, 83, 78]
    Layer 24: dist=[79, 124, 109, 101, 99, 109, 111, 97, 102, 105, 104, 84, 78, 75, 89, 74, 81, 86, 98, 88, 120, 103, 102, 117, 65, 73, 79, 51, 95, 111, 98, 88]
    Layer 25: dist=[105, 121, 118, 94, 71, 72, 107, 80, 96, 97, 85, 90, 65, 89, 50, 68, 93, 99, 97, 89, 102, 111, 105, 108, 110, 110, 99, 108, 88, 125, 98, 88]
    Layer 26: dist=[80, 88, 106, 68, 115, 113, 113, 110, 102, 107, 105, 98, 100, 124, 116, 116, 86, 93, 99, 95, 102, 113, 122, 114, 99, 97, 102, 93, 115, 96, 114, 95]
    Layer 27: dist=[87, 108, 103, 117, 98, 105, 101, 86, 77, 100, 107, 99, 78, 109, 80, 86, 96, 99, 99, 104, 91, 112, 113, 92, 110, 113, 116, 117, 107, 77, 92, 117]
    Layer 28: dist=[103, 92, 102, 102, 82, 63, 80, 76, 96, 107, 92, 89, 112, 105, 96, 101, 112, 104, 104, 108, 119, 71, 60, 89, 91, 88, 99, 99, 92, 92, 71, 95]
    Layer 29: dist=[113, 114, 114, 113, 90, 112, 94, 114, 119, 113, 122, 105, 120, 120, 119, 120, 116, 106, 115, 121, 123, 123, 107, 125, 100, 114, 97, 92, 106, 95, 106, 109]
    Layer 30: dist=[75, 102, 99, 100, 102, 100, 90, 67, 117, 117, 115, 120, 105, 104, 113, 101, 97, 78, 120, 122, 51, 120, 100, 110, 119, 119, 119, 118, 106, 110, 107, 102]
    Layer 31: dist=[119, 117, 99, 98, 112, 113, 114, 116, 114, 77, 87, 91, 117, 116, 117, 115, 101, 101, 106, 94, 119, 116, 108, 119, 112, 109, 89, 120, 112, 106, 102, 110]
    Layer 32: dist=[110, 114, 114, 111, 116, 119, 116, 117, 110, 111, 117, 115, 93, 113, 108, 91, 118, 106, 109, 111, 123, 92, 114, 120, 71, 95, 80, 105, 116, 107, 99, 103]
    Layer 33: dist=[102, 120, 112, 119, 91, 102, 57, 94, 116, 116, 113, 113, 114, 115, 113, 116, 114, 117, 106, 109, 112, 96, 110, 113, 111, 119, 122, 118, 110, 111, 107, 104]
    Layer 34: dist=[110, 109, 112, 113, 105, 111, 108, 102, 53, 93, 114, 86, 117, 115, 120, 81, 82, 89, 126, 55, 119, 51, 118, 119, 122, 122, 125, 122, 54, 62, 68, 109]
    Layer 35: dist=[105, 123, 71, 97, 82, 36, 112, 100, 85, 94, 112, 96, 63, 28, 49, 40, 98, 74, 84, 48, 90, 102, 55, 54, 66, 49, 68, 72, 73, 115, 122, 117]

  [Taylor Step 2/3] OLS sigma per head (scaling V, streaming)...
    Layer  0: sigma=[0.614, 0.100, 0.100, 0.100, 0.333, 0.380, 0.100, 0.100, 0.100, 0.146, 0.100, 0.100, 0.100, 0.100, 0.100, 0.259, 0.100, 0.100, 0.100, 0.100, 0.100, 0.100, 0.100, 0.100, 0.100, 0.100, 0.350, 0.100, 0.100, 0.100, 0.161, 0.100]
    Layer  1: sigma=[0.351, 0.100, 0.100, 0.100, 0.100, 0.100, 0.100, 0.100, 0.100, 0.166, 0.245, 0.100, 0.100, 0.100, 0.100, 0.100, 0.100, 0.100, 0.100, 0.100, 0.100, 0.100, 0.100, 0.116, 0.100, 0.100, 0.115, 0.100, 0.100, 0.100, 0.100, 0.100]
    Layer  2: sigma=[0.100, 0.100, 0.100, 0.100, 0.100, 0.100, 0.100, 0.100, 0.108, 0.100, 0.100, 0.100, 0.100, 0.145, 0.100, 0.100, 0.100, 0.221, 0.100, 0.100, 0.100, 0.100, 0.100, 0.100, 0.100, 0.170, 0.100, 0.100, 0.100, 0.100, 0.100, 0.100]
    Layer  3: sigma=[0.100, 0.322, 0.100, 0.156, 0.100, 0.100, 0.100, 0.100, 0.100, 0.100, 0.100, 0.100, 0.100, 0.100, 0.100, 0.100, 0.100, 0.100, 0.100, 0.100, 0.100, 0.106, 0.100, 0.100, 0.100, 0.100, 0.100, 0.100, 0.100, 0.100, 0.100, 0.100]
    Layer  4: sigma=[0.100, 0.100, 0.100, 0.100, 0.100, 0.100, 0.100, 0.100, 0.100, 0.100, 0.100, 0.100, 0.100, 0.100, 0.100, 0.100, 0.100, 0.100, 0.100, 0.100, 0.132, 0.138, 0.316, 0.100, 0.100, 0.100, 0.100, 0.100, 0.100, 0.100, 0.100, 0.100]
    Layer  5: sigma=[0.100, 0.100, 0.100, 0.100, 0.100, 0.100, 0.100, 0.100, 0.100, 0.137, 0.100, 0.107, 0.100, 0.100, 0.100, 0.121, 0.100, 0.179, 0.100, 0.100, 0.100, 0.100, 0.100, 0.100, 0.100, 0.100, 0.100, 0.100, 0.100, 0.100, 0.100, 0.100]
    Layer  6: sigma=[0.100, 0.100, 0.100, 0.100, 0.100, 0.100, 0.100, 0.100, 0.100, 0.100, 0.100, 0.100, 0.100, 0.100, 0.100, 0.100, 0.100, 0.100, 0.100, 0.100, 0.146, 0.100, 0.100, 0.100, 0.100, 0.100, 0.100, 0.100, 0.100, 0.100, 0.100, 0.100]
    Layer  7: sigma=[0.100, 0.156, 0.100, 0.100, 0.120, 0.100, 0.100, 0.100, 0.100, 0.100, 0.100, 0.100, 0.100, 0.100, 0.100, 0.100, 0.100, 0.100, 0.100, 0.100, 0.100, 0.100, 0.100, 0.100, 0.100, 0.100, 0.100, 0.100, 0.100, 0.100, 0.100, 0.100]
    Layer  8: sigma=[0.100, 0.100, 0.100, 0.100, 0.100, 0.100, 0.100, 0.100, 0.100, 0.100, 0.100, 0.100, 0.100, 0.100, 0.100, 0.100, 0.100, 0.100, 0.100, 0.100, 0.100, 0.100, 0.100, 0.100, 0.100, 0.100, 0.100, 0.192, 0.100, 0.100, 0.100, 0.100]
    Layer  9: sigma=[0.100, 0.100, 0.100, 0.100, 0.100, 0.100, 0.100, 0.100, 0.100, 0.100, 0.100, 0.100, 0.100, 0.100, 0.546, 0.135, 0.100, 0.100, 0.100, 0.100, 0.100, 0.100, 0.100, 0.100, 0.100, 0.100, 0.100, 0.100, 0.100, 0.100, 0.100, 0.100]
    Layer 10: sigma=[0.100, 0.100, 0.100, 0.100, 0.100, 0.100, 0.100, 0.100, 0.100, 0.100, 0.100, 0.100, 0.100, 0.100, 0.100, 0.100, 0.100, 0.100, 0.100, 0.100, 0.100, 0.100, 0.100, 0.100, 0.100, 0.100, 0.100, 0.100, 0.100, 0.100, 0.100, 0.100]
    Layer 11: sigma=[0.100, 0.100, 0.100, 0.100, 0.137, 0.100, 0.100, 0.100, 0.100, 0.102, 0.100, 0.100, 0.100, 0.100, 0.276, 0.100, 0.100, 0.100, 0.100, 0.100, 0.100, 0.100, 0.100, 0.100, 0.100, 0.100, 0.167, 0.100, 0.100, 0.100, 0.100, 0.100]
    Layer 12: sigma=[0.100, 0.100, 0.100, 0.100, 0.100, 0.100, 0.100, 0.100, 0.100, 0.104, 0.100, 0.109, 0.100, 0.100, 0.100, 0.100, 0.100, 0.313, 0.171, 0.100, 0.100, 0.100, 0.100, 0.100, 0.100, 0.100, 0.100, 0.211, 0.100, 0.100, 0.118, 0.100]
    Layer 13: sigma=[0.222, 0.100, 0.100, 0.331, 0.100, 0.100, 0.100, 0.100, 0.100, 0.100, 0.100, 0.100, 0.100, 0.100, 0.100, 0.100, 0.100, 0.100, 0.100, 0.103, 0.100, 0.100, 0.100, 0.100, 0.100, 0.100, 0.100, 0.100, 0.100, 0.100, 0.100, 0.100]
    Layer 14: sigma=[0.100, 0.100, 0.100, 0.100, 0.100, 0.349, 0.100, 0.100, 0.100, 0.100, 0.100, 0.100, 0.100, 0.100, 0.100, 0.100, 0.100, 0.100, 0.100, 0.100, 0.100, 0.100, 0.100, 0.100, 0.115, 0.119, 0.100, 0.100, 0.100, 0.100, 0.100, 0.100]
    Layer 15: sigma=[0.100, 0.173, 0.100, 0.100, 0.100, 0.112, 0.100, 0.100, 0.100, 0.100, 0.100, 0.100, 0.214, 0.100, 0.100, 0.100, 0.100, 0.100, 0.100, 0.100, 0.100, 0.100, 0.100, 0.100, 0.139, 0.100, 0.100, 0.100, 0.100, 0.100, 0.100, 0.100]
    Layer 16: sigma=[0.100, 0.100, 0.100, 0.100, 0.100, 0.100, 0.100, 0.100, 0.100, 0.100, 0.100, 0.100, 0.100, 0.100, 0.100, 0.100, 0.100, 0.100, 0.100, 0.100, 0.100, 0.100, 0.100, 0.100, 0.100, 0.100, 0.100, 0.342, 0.100, 0.100, 0.100, 0.100]
    Layer 17: sigma=[0.100, 0.100, 0.100, 0.100, 0.100, 0.149, 0.100, 0.100, 0.100, 0.100, 0.100, 0.100, 0.100, 0.100, 0.100, 0.100, 0.100, 0.102, 0.100, 0.378, 0.100, 0.100, 0.100, 0.103, 0.144, 0.100, 0.444, 0.100, 0.100, 0.100, 0.100, 0.100]
    Layer 18: sigma=[0.100, 0.457, 0.100, 0.100, 0.100, 0.100, 0.100, 0.180, 0.100, 0.100, 0.100, 0.100, 0.100, 0.100, 0.100, 0.100, 0.138, 0.100, 0.100, 0.100, 0.100, 0.100, 0.100, 0.100, 0.100, 0.100, 0.100, 0.100, 0.100, 0.100, 0.100, 0.100]
    Layer 19: sigma=[0.100, 0.100, 0.100, 0.100, 0.100, 0.100, 0.100, 0.100, 0.100, 0.100, 0.100, 0.100, 0.121, 0.100, 0.100, 0.185, 0.100, 0.100, 0.100, 0.309, 0.100, 0.100, 0.100, 0.106, 0.100, 0.100, 0.100, 0.100, 0.100, 0.100, 0.100, 0.100]
    Layer 20: sigma=[0.100, 0.100, 0.100, 0.100, 0.100, 0.204, 0.100, 0.100, 0.161, 0.100, 0.100, 0.100, 0.100, 0.100, 0.100, 0.118, 0.100, 0.134, 0.100, 0.100, 0.100, 0.100, 0.100, 0.100, 0.100, 0.100, 0.100, 0.100, 0.100, 0.100, 0.100, 0.100]
    Layer 22: sigma=[0.173, 0.100, 0.100, 0.100, 0.162, 0.114, 0.103, 0.178, 0.100, 0.100, 0.100, 0.100, 0.100, 0.100, 0.100, 0.118, 0.100, 0.100, 0.100, 0.100, 0.100, 0.100, 0.100, 0.100, 0.100, 0.100, 0.100, 0.100, 0.100, 0.100, 0.100, 0.100]
    Layer 23: sigma=[0.169, 0.256, 0.197, 0.100, 0.100, 0.100, 0.135, 0.100, 0.100, 0.216, 0.100, 0.100, 0.100, 0.100, 0.107, 0.100, 0.100, 0.100, 0.100, 0.100, 0.100, 0.100, 0.100, 0.100, 0.100, 0.100, 0.100, 0.100, 0.100, 0.100, 0.128, 0.258]
    Layer 24: sigma=[0.100, 0.100, 0.100, 0.100, 0.100, 0.100, 0.100, 0.100, 0.100, 0.100, 0.100, 0.100, 0.100, 0.100, 0.100, 0.151, 0.100, 0.100, 0.100, 0.100, 0.100, 0.100, 0.100, 0.100, 0.228, 0.393, 0.100, 0.435, 0.100, 0.100, 0.100, 0.100]
    Layer 25: sigma=[0.100, 0.100, 0.100, 0.100, 0.101, 0.100, 0.100, 0.100, 0.100, 0.100, 0.100, 0.100, 0.100, 0.100, 0.112, 0.100, 0.100, 0.100, 0.100, 0.100, 0.100, 0.100, 0.100, 0.100, 0.100, 0.100, 0.100, 0.100, 0.100, 0.100, 0.100, 0.100]
    Layer 26: sigma=[0.145, 0.100, 0.100, 0.100, 0.100, 0.100, 0.100, 0.100, 0.100, 0.100, 0.100, 0.100, 0.100, 0.100, 0.100, 0.100, 0.100, 0.100, 0.100, 0.100, 0.100, 0.100, 0.100, 0.100, 0.100, 0.100, 0.100, 0.100, 0.100, 0.100, 0.100, 0.100]
    Layer 27: sigma=[0.100, 0.100, 0.100, 0.100, 0.100, 0.100, 0.100, 0.100, 0.100, 0.100, 0.100, 0.100, 0.100, 0.100, 0.100, 0.100, 0.100, 0.100, 0.100, 0.100, 0.100, 0.100, 0.100, 0.100, 0.100, 0.100, 0.100, 0.100, 0.100, 0.113, 0.100, 0.100]
    Layer 28: sigma=[0.100, 0.100, 0.100, 0.100, 0.100, 0.100, 0.100, 0.100, 0.100, 0.100, 0.100, 0.100, 0.100, 0.100, 0.100, 0.100, 0.100, 0.100, 0.100, 0.100, 0.100, 0.100, 0.100, 0.100, 0.100, 0.100, 0.100, 0.100, 0.100, 0.100, 0.100, 0.100]
    Layer 29: sigma=[0.100, 0.100, 0.100, 0.100, 0.100, 0.100, 0.100, 0.100, 0.100, 0.100, 0.100, 0.100, 0.100, 0.100, 0.100, 0.100, 0.100, 0.100, 0.100, 0.100, 0.100, 0.100, 0.100, 0.100, 0.100, 0.100, 0.100, 0.100, 0.100, 0.100, 0.100, 0.100]
    Layer 30: sigma=[0.100, 0.100, 0.100, 0.100, 0.100, 0.100, 0.100, 0.100, 0.100, 0.100, 0.100, 0.100, 0.100, 0.100, 0.100, 0.100, 0.100, 0.100, 0.100, 0.100, 0.100, 0.100, 0.100, 0.100, 0.100, 0.100, 0.100, 0.100, 0.100, 0.100, 0.100, 0.100]
    Layer 31: sigma=[0.100, 0.100, 0.100, 0.100, 0.100, 0.100, 0.100, 0.100, 0.100, 0.100, 0.100, 0.100, 0.100, 0.100, 0.100, 0.100, 0.100, 0.100, 0.100, 0.120, 0.100, 0.100, 0.100, 0.100, 0.100, 0.100, 0.100, 0.100, 0.100, 0.100, 0.100, 0.100]
    Layer 32: sigma=[0.100, 0.100, 0.100, 0.100, 0.100, 0.100, 0.100, 0.100, 0.100, 0.100, 0.100, 0.100, 0.100, 0.100, 0.100, 0.100, 0.100, 0.100, 0.100, 0.100, 0.100, 0.100, 0.100, 0.100, 0.100, 0.100, 0.100, 0.100, 0.100, 0.100, 0.100, 0.100]
    Layer 33: sigma=[0.100, 0.100, 0.100, 0.100, 0.100, 0.100, 0.100, 0.100, 0.100, 0.100, 0.100, 0.100, 0.100, 0.100, 0.100, 0.100, 0.100, 0.100, 0.100, 0.100, 0.100, 0.100, 0.100, 0.100, 0.100, 0.100, 0.100, 0.100, 0.100, 0.100, 0.100, 0.100]
    Layer 34: sigma=[0.100, 0.100, 0.100, 0.100, 0.100, 0.100, 0.100, 0.100, 0.100, 0.100, 0.100, 0.100, 0.100, 0.100, 0.100, 0.100, 0.100, 0.100, 0.100, 0.100, 0.100, 0.100, 0.100, 0.100, 0.100, 0.100, 0.100, 0.100, 0.100, 0.100, 0.100, 0.100]
    Layer 35: sigma=[0.100, 0.100, 0.100, 0.100, 0.100, 0.100, 0.100, 0.100, 0.100, 0.100, 0.100, 0.100, 0.100, 0.100, 0.100, 0.100, 0.100, 0.100, 0.100, 0.100, 0.100, 0.100, 0.137, 0.100, 0.100, 0.100, 0.100, 0.100, 0.100, 0.100, 0.100, 0.100]

  [Taylor Step 3/3] g_proj = v_proj * alpha (damping=0.01)...
    Layer  0: alpha=0.060480  teacher_rms=0.0163  v_rms=0.0027
    Layer  1: alpha=0.060862  teacher_rms=0.0205  v_rms=0.0034
    Layer  2: alpha=0.057022  teacher_rms=0.0214  v_rms=0.0038
    Layer  3: alpha=0.048780  teacher_rms=0.0259  v_rms=0.0053
    Layer  4: alpha=0.047410  teacher_rms=0.0304  v_rms=0.0064
    Layer  5: alpha=0.061906  teacher_rms=0.0409  v_rms=0.0066
    Layer  6: alpha=0.078674  teacher_rms=0.0621  v_rms=0.0079
    Layer  7: alpha=0.045870  teacher_rms=0.0530  v_rms=0.0115
    Layer  8: alpha=0.047035  teacher_rms=0.0708  v_rms=0.0150
    Layer  9: alpha=0.035941  teacher_rms=0.0713  v_rms=0.0198
    Layer 10: alpha=0.051225  teacher_rms=0.1092  v_rms=0.0213
    Layer 11: alpha=0.061788  teacher_rms=0.1046  v_rms=0.0169
    Layer 12: alpha=0.060300  teacher_rms=0.1207  v_rms=0.0200
    Layer 13: alpha=0.053282  teacher_rms=0.1040  v_rms=0.0195
    Layer 14: alpha=0.066684  teacher_rms=0.1547  v_rms=0.0232
    Layer 15: alpha=0.057980  teacher_rms=0.1576  v_rms=0.0272
    Layer 16: alpha=0.044200  teacher_rms=0.1473  v_rms=0.0333
    Layer 17: alpha=0.043327  teacher_rms=0.1753  v_rms=0.0405
    Layer 18: alpha=0.045720  teacher_rms=0.1990  v_rms=0.0435
    Layer 19: alpha=0.054953  teacher_rms=0.2060  v_rms=0.0375
    Layer 20: alpha=0.055827  teacher_rms=0.1966  v_rms=0.0352
    Layer 22: alpha=0.056772  teacher_rms=0.2834  v_rms=0.0499
    Layer 23: alpha=0.051379  teacher_rms=0.3098  v_rms=0.0603
    Layer 24: alpha=0.031540  teacher_rms=0.2897  v_rms=0.0918
    Layer 25: alpha=0.039921  teacher_rms=0.2376  v_rms=0.0595
    Layer 26: alpha=0.028754  teacher_rms=0.2124  v_rms=0.0739
    Layer 27: alpha=0.036967  teacher_rms=0.3083  v_rms=0.0834
    Layer 28: alpha=0.042756  teacher_rms=0.3705  v_rms=0.0867
    Layer 29: alpha=0.017344  teacher_rms=0.2548  v_rms=0.1469
    Layer 30: alpha=0.029045  teacher_rms=0.4297  v_rms=0.1480
    Layer 31: alpha=0.021148  teacher_rms=0.3785  v_rms=0.1790
    Layer 32: alpha=0.023899  teacher_rms=0.5288  v_rms=0.2213
    Layer 33: alpha=0.018560  teacher_rms=0.6404  v_rms=0.3451
    Layer 34: alpha=0.033190  teacher_rms=1.0325  v_rms=0.3111
    Layer 35: alpha=0.059505  teacher_rms=1.0168  v_rms=0.1709

  Set g_proj = v_proj * alpha in 35 GDN layers (damping=0.01).
  Init (taylor_init) done in 380.9s
  Layer 21: PPL = 14550882.00  (eval 13.4s)

============================================================
  Probing layer 22 | strategy=taylor_init
============================================================
Loading checkpoint shards:   0%|          | 0/4 [00:00<?, ?it/s]Loading checkpoint shards: 100%|██████████| 4/4 [00:00<00:00, 124.33it/s]
Could not cache non-existence of file. Will ignore error and continue. Error: [Errno 13] Permission denied: '/data/shared/huggingface/hub/models--Qwen--Qwen3-8B/.no_exist/b968826d9c46dd6066d109eabc6255188de91218/model.safetensors'
Loading checkpoint shards:   0%|          | 0/5 [00:00<?, ?it/s]Loading checkpoint shards: 100%|██████████| 5/5 [00:00<00:00, 193.10it/s]
Token indices sequence length is longer than the specified maximum sequence length for this model (2429029 > 131072). Running this sequence through the model will result in indexing errors
  [Taylor Step 1/3] Gate calibration from attention stats...
    Layer  0: dist=[32, 3, 12, 35, 12, 26, 9, 11, 19, 6, 8, 9, 18, 34, 31, 10, 16, 19, 16, 14, 13, 23, 4, 12, 5, 52, 10, 43, 15, 36, 15, 14]
    Layer  1: dist=[19, 38, 25, 44, 3, 15, 31, 11, 45, 36, 65, 60, 34, 47, 51, 38, 32, 54, 57, 33, 56, 24, 40, 40, 37, 9, 44, 41, 83, 31, 37, 49]
    Layer  2: dist=[65, 65, 67, 62, 26, 45, 33, 43, 39, 47, 56, 56, 53, 46, 46, 60, 61, 49, 54, 43, 49, 67, 48, 50, 25, 24, 21, 35, 73, 73, 77, 74]
    Layer  3: dist=[65, 26, 13, 22, 87, 93, 83, 73, 56, 53, 62, 58, 90, 73, 75, 74, 59, 62, 51, 67, 74, 60, 64, 65, 64, 56, 52, 59, 70, 63, 72, 65]
    Layer  4: dist=[62, 63, 73, 67, 73, 56, 61, 89, 68, 69, 63, 60, 55, 55, 71, 61, 62, 65, 67, 70, 64, 61, 47, 64, 41, 51, 48, 34, 51, 66, 55, 55]
    Layer  5: dist=[36, 48, 55, 35, 61, 68, 52, 51, 5, 18, 73, 61, 54, 78, 59, 52, 41, 32, 50, 48, 51, 55, 48, 59, 73, 73, 80, 80, 43, 44, 46, 58]
    Layer  6: dist=[27, 40, 30, 31, 52, 46, 67, 61, 46, 25, 43, 38, 56, 64, 56, 30, 47, 34, 45, 40, 20, 30, 32, 14, 35, 50, 32, 49, 47, 43, 37, 53]
    Layer  7: dist=[55, 60, 64, 87, 126, 114, 127, 121, 88, 119, 99, 72, 108, 23, 53, 97, 80, 101, 85, 81, 106, 86, 112, 116, 64, 78, 47, 86, 97, 101, 101, 106]
    Layer  8: dist=[83, 87, 90, 58, 81, 77, 69, 78, 86, 99, 87, 90, 94, 86, 96, 70, 116, 107, 103, 96, 92, 106, 100, 111, 92, 72, 95, 67, 84, 72, 79, 74]
    Layer  9: dist=[76, 60, 61, 67, 83, 97, 96, 74, 123, 120, 118, 112, 27, 87, 63, 85, 93, 100, 114, 125, 87, 77, 60, 70, 119, 81, 91, 97, 125, 113, 127, 123]
    Layer 10: dist=[76, 71, 58, 74, 85, 102, 64, 74, 63, 88, 106, 49, 88, 67, 82, 86, 87, 102, 100, 107, 88, 60, 107, 90, 93, 107, 84, 77, 76, 65, 82, 90]
    Layer 11: dist=[78, 65, 79, 48, 53, 61, 78, 77, 102, 123, 109, 93, 82, 64, 65, 69, 69, 63, 61, 51, 77, 107, 89, 87, 67, 59, 56, 54, 95, 55, 55, 94]
    Layer 12: dist=[21, 72, 79, 61, 87, 83, 66, 70, 63, 62, 74, 77, 86, 81, 82, 87, 39, 68, 59, 94, 102, 112, 97, 103, 93, 2, 107, 38, 81, 88, 113, 91]
    Layer 13: dist=[52, 68, 66, 62, 52, 51, 65, 40, 86, 63, 99, 122, 128, 115, 109, 124, 85, 72, 57, 61, 93, 55, 83, 90, 84, 59, 72, 76, 113, 111, 96, 99]
    Layer 14: dist=[44, 64, 65, 46, 62, 45, 64, 65, 54, 57, 70, 68, 69, 76, 65, 67, 77, 86, 51, 64, 65, 31, 51, 81, 52, 67, 73, 64, 85, 88, 8, 89]
    Layer 15: dist=[80, 44, 79, 38, 37, 38, 79, 67, 90, 60, 46, 104, 68, 107, 79, 89, 61, 57, 64, 68, 58, 60, 50, 51, 49, 34, 86, 62, 72, 84, 71, 49]
    Layer 16: dist=[61, 57, 74, 85, 55, 58, 48, 55, 54, 82, 73, 84, 90, 69, 86, 86, 68, 71, 60, 62, 115, 118, 110, 103, 71, 54, 64, 10, 58, 59, 65, 56]
    Layer 17: dist=[111, 95, 79, 67, 53, 57, 39, 47, 90, 108, 79, 100, 40, 57, 71, 74, 44, 61, 61, 42, 75, 98, 93, 97, 58, 55, 57, 52, 53, 79, 93, 67]
    Layer 18: dist=[34, 45, 35, 33, 56, 78, 74, 57, 64, 67, 66, 79, 61, 60, 57, 62, 46, 74, 72, 52, 68, 47, 65, 96, 58, 62, 61, 63, 52, 53, 79, 56]
    Layer 19: dist=[73, 64, 63, 62, 76, 103, 54, 71, 81, 85, 84, 93, 63, 57, 75, 63, 84, 85, 49, 49, 21, 50, 33, 49, 102, 106, 102, 116, 77, 77, 73, 72]
    Layer 20: dist=[89, 79, 80, 77, 78, 51, 49, 57, 40, 36, 43, 39, 92, 79, 87, 96, 45, 51, 56, 39, 73, 111, 101, 98, 125, 97, 105, 85, 93, 79, 108, 108]
    Layer 21: dist=[44, 50, 56, 68, 115, 65, 96, 118, 118, 61, 71, 69, 46, 41, 44, 42, 75, 75, 83, 65, 89, 99, 95, 96, 64, 62, 60, 80, 73, 79, 60, 88]
    Layer 23: dist=[39, 30, 48, 39, 110, 111, 41, 102, 79, 36, 45, 63, 75, 72, 79, 77, 82, 75, 74, 94, 72, 93, 82, 76, 78, 72, 68, 100, 91, 90, 83, 78]
    Layer 24: dist=[79, 124, 109, 101, 99, 109, 111, 97, 102, 105, 104, 84, 78, 75, 89, 74, 81, 86, 98, 88, 120, 103, 102, 117, 65, 73, 79, 51, 95, 111, 98, 88]
    Layer 25: dist=[105, 121, 118, 94, 71, 72, 107, 80, 96, 97, 85, 90, 65, 89, 50, 68, 93, 99, 97, 89, 102, 111, 105, 108, 110, 110, 99, 108, 88, 125, 98, 88]
    Layer 26: dist=[80, 88, 106, 68, 115, 113, 113, 110, 102, 107, 105, 98, 100, 124, 116, 116, 86, 93, 99, 95, 102, 113, 122, 114, 99, 97, 102, 93, 115, 96, 114, 95]
    Layer 27: dist=[87, 108, 103, 117, 98, 105, 101, 86, 77, 100, 107, 99, 78, 109, 80, 86, 96, 99, 99, 104, 91, 112, 113, 92, 110, 113, 116, 117, 107, 77, 92, 117]
    Layer 28: dist=[103, 92, 102, 102, 82, 63, 80, 76, 96, 107, 92, 89, 112, 105, 96, 101, 112, 104, 104, 108, 119, 71, 60, 89, 91, 88, 99, 99, 92, 92, 71, 95]
    Layer 29: dist=[113, 114, 114, 113, 90, 112, 94, 114, 119, 113, 122, 105, 120, 120, 119, 120, 116, 106, 115, 121, 123, 123, 107, 125, 100, 114, 97, 92, 106, 95, 106, 109]
    Layer 30: dist=[75, 102, 99, 100, 102, 100, 90, 67, 117, 117, 115, 120, 105, 104, 113, 101, 97, 78, 120, 122, 51, 120, 100, 110, 119, 119, 119, 118, 106, 110, 107, 102]
    Layer 31: dist=[119, 117, 99, 98, 112, 113, 114, 116, 114, 77, 87, 91, 117, 116, 117, 115, 101, 101, 106, 94, 119, 116, 108, 119, 112, 109, 89, 120, 112, 106, 102, 110]
    Layer 32: dist=[110, 114, 114, 111, 116, 119, 116, 117, 110, 111, 117, 115, 93, 113, 108, 91, 118, 106, 109, 111, 123, 92, 114, 120, 71, 95, 80, 105, 116, 107, 99, 103]
    Layer 33: dist=[102, 120, 112, 119, 91, 102, 57, 94, 116, 116, 113, 113, 114, 115, 113, 116, 114, 117, 106, 109, 112, 96, 110, 113, 111, 119, 122, 118, 110, 111, 107, 104]
    Layer 34: dist=[110, 109, 112, 113, 105, 111, 108, 102, 53, 93, 114, 86, 117, 115, 120, 81, 82, 89, 126, 55, 119, 51, 118, 119, 122, 122, 125, 122, 54, 62, 68, 109]
    Layer 35: dist=[105, 123, 71, 97, 82, 36, 112, 100, 85, 94, 112, 96, 63, 28, 49, 40, 98, 74, 84, 48, 90, 102, 55, 54, 66, 49, 68, 72, 73, 115, 122, 117]

  [Taylor Step 2/3] OLS sigma per head (scaling V, streaming)...
    Layer  0: sigma=[0.613, 0.100, 0.100, 0.100, 0.333, 0.380, 0.100, 0.100, 0.100, 0.148, 0.100, 0.100, 0.100, 0.100, 0.100, 0.259, 0.100, 0.100, 0.100, 0.100, 0.100, 0.100, 0.100, 0.100, 0.100, 0.100, 0.351, 0.100, 0.100, 0.100, 0.161, 0.100]
    Layer  1: sigma=[0.350, 0.100, 0.100, 0.100, 0.100, 0.100, 0.100, 0.100, 0.100, 0.173, 0.247, 0.100, 0.100, 0.100, 0.100, 0.100, 0.100, 0.100, 0.100, 0.100, 0.100, 0.100, 0.100, 0.116, 0.100, 0.100, 0.113, 0.100, 0.100, 0.100, 0.100, 0.100]
    Layer  2: sigma=[0.100, 0.100, 0.100, 0.100, 0.100, 0.100, 0.100, 0.100, 0.109, 0.101, 0.100, 0.100, 0.100, 0.146, 0.100, 0.100, 0.100, 0.221, 0.100, 0.100, 0.100, 0.100, 0.100, 0.100, 0.100, 0.172, 0.100, 0.100, 0.100, 0.100, 0.100, 0.100]
    Layer  3: sigma=[0.100, 0.325, 0.100, 0.153, 0.100, 0.100, 0.100, 0.100, 0.100, 0.100, 0.100, 0.100, 0.100, 0.100, 0.100, 0.100, 0.100, 0.100, 0.100, 0.100, 0.100, 0.105, 0.100, 0.100, 0.100, 0.100, 0.100, 0.100, 0.100, 0.100, 0.100, 0.100]
    Layer  4: sigma=[0.100, 0.100, 0.100, 0.100, 0.100, 0.100, 0.100, 0.100, 0.100, 0.100, 0.100, 0.100, 0.100, 0.100, 0.100, 0.100, 0.100, 0.100, 0.100, 0.100, 0.132, 0.137, 0.322, 0.100, 0.100, 0.100, 0.100, 0.100, 0.100, 0.100, 0.100, 0.100]
    Layer  5: sigma=[0.100, 0.100, 0.100, 0.100, 0.100, 0.100, 0.100, 0.100, 0.100, 0.135, 0.100, 0.107, 0.100, 0.100, 0.100, 0.122, 0.100, 0.180, 0.100, 0.100, 0.100, 0.100, 0.100, 0.100, 0.100, 0.100, 0.100, 0.100, 0.100, 0.100, 0.100, 0.100]
    Layer  6: sigma=[0.100, 0.100, 0.100, 0.100, 0.100, 0.100, 0.100, 0.100, 0.100, 0.100, 0.100, 0.100, 0.100, 0.100, 0.100, 0.100, 0.100, 0.100, 0.100, 0.100, 0.151, 0.100, 0.100, 0.100, 0.100, 0.100, 0.100, 0.100, 0.100, 0.100, 0.100, 0.100]
    Layer  7: sigma=[0.100, 0.136, 0.100, 0.100, 0.111, 0.100, 0.100, 0.100, 0.100, 0.100, 0.100, 0.100, 0.100, 0.100, 0.100, 0.100, 0.100, 0.100, 0.100, 0.100, 0.100, 0.100, 0.100, 0.100, 0.100, 0.100, 0.100, 0.100, 0.100, 0.100, 0.100, 0.100]
    Layer  8: sigma=[0.100, 0.100, 0.100, 0.100, 0.100, 0.100, 0.100, 0.100, 0.100, 0.100, 0.100, 0.100, 0.100, 0.100, 0.100, 0.100, 0.100, 0.100, 0.100, 0.100, 0.100, 0.100, 0.100, 0.100, 0.100, 0.100, 0.100, 0.162, 0.100, 0.100, 0.100, 0.100]
    Layer  9: sigma=[0.100, 0.100, 0.100, 0.100, 0.100, 0.100, 0.100, 0.100, 0.100, 0.100, 0.100, 0.100, 0.100, 0.100, 0.578, 0.134, 0.100, 0.100, 0.100, 0.100, 0.100, 0.100, 0.100, 0.100, 0.100, 0.100, 0.100, 0.100, 0.100, 0.100, 0.100, 0.100]
    Layer 10: sigma=[0.100, 0.100, 0.100, 0.100, 0.100, 0.100, 0.100, 0.100, 0.100, 0.100, 0.100, 0.100, 0.100, 0.100, 0.100, 0.100, 0.100, 0.100, 0.100, 0.100, 0.100, 0.100, 0.100, 0.100, 0.100, 0.100, 0.100, 0.100, 0.100, 0.100, 0.100, 0.100]
    Layer 11: sigma=[0.100, 0.100, 0.100, 0.100, 0.140, 0.100, 0.100, 0.100, 0.100, 0.104, 0.100, 0.100, 0.100, 0.100, 0.253, 0.100, 0.100, 0.100, 0.100, 0.100, 0.100, 0.100, 0.100, 0.100, 0.100, 0.100, 0.167, 0.100, 0.100, 0.100, 0.100, 0.100]
    Layer 12: sigma=[0.100, 0.100, 0.100, 0.100, 0.100, 0.100, 0.100, 0.100, 0.100, 0.107, 0.100, 0.107, 0.100, 0.100, 0.100, 0.100, 0.100, 0.286, 0.156, 0.100, 0.100, 0.100, 0.100, 0.100, 0.100, 0.100, 0.100, 0.212, 0.100, 0.100, 0.124, 0.100]
    Layer 13: sigma=[0.220, 0.100, 0.100, 0.355, 0.100, 0.100, 0.100, 0.100, 0.100, 0.100, 0.100, 0.100, 0.100, 0.100, 0.100, 0.100, 0.100, 0.100, 0.100, 0.111, 0.100, 0.100, 0.100, 0.100, 0.100, 0.100, 0.100, 0.100, 0.100, 0.100, 0.100, 0.100]
    Layer 14: sigma=[0.100, 0.100, 0.100, 0.100, 0.100, 0.400, 0.100, 0.100, 0.100, 0.100, 0.100, 0.100, 0.100, 0.100, 0.100, 0.100, 0.100, 0.100, 0.100, 0.100, 0.100, 0.100, 0.100, 0.100, 0.125, 0.117, 0.100, 0.100, 0.100, 0.100, 0.100, 0.100]
    Layer 15: sigma=[0.100, 0.231, 0.100, 0.100, 0.100, 0.110, 0.100, 0.100, 0.100, 0.100, 0.100, 0.100, 0.206, 0.100, 0.100, 0.100, 0.100, 0.100, 0.100, 0.100, 0.100, 0.100, 0.100, 0.100, 0.144, 0.100, 0.100, 0.100, 0.100, 0.100, 0.100, 0.100]
    Layer 16: sigma=[0.100, 0.100, 0.100, 0.100, 0.100, 0.100, 0.100, 0.100, 0.100, 0.100, 0.100, 0.100, 0.100, 0.100, 0.100, 0.100, 0.100, 0.100, 0.100, 0.100, 0.100, 0.100, 0.100, 0.100, 0.100, 0.100, 0.100, 0.440, 0.100, 0.100, 0.100, 0.100]
    Layer 17: sigma=[0.100, 0.100, 0.100, 0.100, 0.100, 0.147, 0.100, 0.100, 0.100, 0.100, 0.100, 0.100, 0.100, 0.100, 0.100, 0.100, 0.146, 0.100, 0.100, 0.379, 0.100, 0.100, 0.100, 0.100, 0.132, 0.100, 0.377, 0.100, 0.100, 0.100, 0.100, 0.100]
    Layer 18: sigma=[0.100, 0.452, 0.100, 0.100, 0.100, 0.100, 0.100, 0.187, 0.100, 0.100, 0.100, 0.100, 0.100, 0.100, 0.100, 0.100, 0.140, 0.100, 0.100, 0.100, 0.100, 0.100, 0.100, 0.100, 0.100, 0.100, 0.100, 0.100, 0.100, 0.100, 0.100, 0.100]
    Layer 19: sigma=[0.100, 0.100, 0.100, 0.100, 0.100, 0.100, 0.100, 0.100, 0.100, 0.100, 0.100, 0.100, 0.202, 0.100, 0.100, 0.218, 0.100, 0.100, 0.100, 0.253, 0.100, 0.100, 0.100, 0.110, 0.100, 0.100, 0.100, 0.100, 0.100, 0.100, 0.100, 0.100]
    Layer 20: sigma=[0.100, 0.100, 0.100, 0.100, 0.100, 0.173, 0.100, 0.100, 0.148, 0.100, 0.100, 0.100, 0.100, 0.100, 0.100, 0.116, 0.100, 0.147, 0.100, 0.100, 0.100, 0.100, 0.100, 0.100, 0.100, 0.100, 0.100, 0.100, 0.100, 0.100, 0.100, 0.100]
    Layer 21: sigma=[0.100, 0.111, 0.100, 0.100, 0.100, 0.100, 0.100, 0.100, 0.100, 0.161, 0.100, 0.286, 0.100, 0.100, 0.100, 0.100, 0.100, 0.100, 0.100, 0.100, 0.100, 0.106, 0.100, 0.100, 0.158, 0.100, 0.100, 0.100, 0.100, 0.100, 0.238, 0.100]
    Layer 23: sigma=[0.168, 0.239, 0.220, 0.100, 0.100, 0.100, 0.109, 0.100, 0.100, 0.287, 0.100, 0.100, 0.100, 0.100, 0.100, 0.100, 0.100, 0.100, 0.100, 0.100, 0.100, 0.100, 0.100, 0.100, 0.100, 0.113, 0.100, 0.100, 0.100, 0.100, 0.115, 0.232]
    Layer 24: sigma=[0.100, 0.100, 0.100, 0.100, 0.100, 0.100, 0.100, 0.100, 0.100, 0.100, 0.100, 0.100, 0.100, 0.100, 0.100, 0.121, 0.100, 0.100, 0.100, 0.100, 0.100, 0.100, 0.100, 0.100, 0.205, 0.419, 0.100, 0.353, 0.100, 0.100, 0.100, 0.100]
    Layer 25: sigma=[0.100, 0.100, 0.100, 0.100, 0.100, 0.100, 0.100, 0.100, 0.100, 0.100, 0.100, 0.100, 0.100, 0.100, 0.128, 0.100, 0.100, 0.100, 0.100, 0.100, 0.100, 0.100, 0.100, 0.100, 0.100, 0.100, 0.100, 0.100, 0.100, 0.100, 0.100, 0.100]
    Layer 26: sigma=[0.100, 0.100, 0.100, 0.100, 0.100, 0.100, 0.100, 0.100, 0.100, 0.100, 0.100, 0.100, 0.100, 0.100, 0.100, 0.100, 0.100, 0.100, 0.100, 0.100, 0.100, 0.100, 0.100, 0.100, 0.100, 0.100, 0.100, 0.100, 0.100, 0.100, 0.100, 0.100]
    Layer 27: sigma=[0.100, 0.100, 0.100, 0.100, 0.100, 0.100, 0.100, 0.100, 0.100, 0.100, 0.100, 0.100, 0.100, 0.100, 0.100, 0.100, 0.100, 0.100, 0.100, 0.100, 0.100, 0.100, 0.100, 0.100, 0.100, 0.100, 0.100, 0.100, 0.100, 0.100, 0.100, 0.100]
    Layer 28: sigma=[0.100, 0.100, 0.100, 0.100, 0.100, 0.100, 0.100, 0.100, 0.100, 0.100, 0.100, 0.100, 0.100, 0.100, 0.100, 0.100, 0.100, 0.100, 0.100, 0.100, 0.100, 0.100, 0.100, 0.100, 0.100, 0.100, 0.100, 0.100, 0.100, 0.100, 0.100, 0.100]
    Layer 29: sigma=[0.100, 0.100, 0.100, 0.100, 0.100, 0.100, 0.100, 0.100, 0.100, 0.100, 0.100, 0.100, 0.100, 0.100, 0.100, 0.100, 0.100, 0.100, 0.100, 0.100, 0.100, 0.100, 0.100, 0.100, 0.100, 0.100, 0.100, 0.100, 0.100, 0.100, 0.100, 0.100]
    Layer 30: sigma=[0.100, 0.100, 0.100, 0.100, 0.100, 0.100, 0.100, 0.100, 0.100, 0.100, 0.100, 0.100, 0.100, 0.100, 0.100, 0.100, 0.100, 0.100, 0.100, 0.100, 0.100, 0.100, 0.100, 0.100, 0.100, 0.100, 0.100, 0.100, 0.100, 0.100, 0.100, 0.100]
    Layer 31: sigma=[0.100, 0.100, 0.100, 0.100, 0.100, 0.100, 0.100, 0.100, 0.100, 0.100, 0.100, 0.100, 0.100, 0.100, 0.100, 0.100, 0.100, 0.100, 0.100, 0.127, 0.100, 0.100, 0.100, 0.100, 0.100, 0.100, 0.100, 0.100, 0.100, 0.100, 0.100, 0.100]
    Layer 32: sigma=[0.100, 0.100, 0.100, 0.100, 0.100, 0.100, 0.100, 0.100, 0.100, 0.100, 0.100, 0.100, 0.100, 0.100, 0.100, 0.100, 0.100, 0.100, 0.100, 0.100, 0.100, 0.100, 0.100, 0.100, 0.100, 0.100, 0.100, 0.100, 0.100, 0.100, 0.100, 0.100]
    Layer 33: sigma=[0.100, 0.100, 0.100, 0.100, 0.100, 0.100, 0.100, 0.100, 0.100, 0.100, 0.100, 0.100, 0.100, 0.100, 0.100, 0.100, 0.100, 0.100, 0.100, 0.100, 0.100, 0.100, 0.100, 0.100, 0.100, 0.100, 0.100, 0.100, 0.100, 0.100, 0.100, 0.100]
    Layer 34: sigma=[0.100, 0.100, 0.100, 0.100, 0.100, 0.100, 0.100, 0.100, 0.100, 0.100, 0.100, 0.100, 0.100, 0.100, 0.100, 0.100, 0.100, 0.100, 0.100, 0.117, 0.100, 0.100, 0.100, 0.100, 0.100, 0.100, 0.100, 0.100, 0.100, 0.100, 0.100, 0.100]
    Layer 35: sigma=[0.100, 0.100, 0.100, 0.100, 0.126, 0.100, 0.100, 0.100, 0.100, 0.100, 0.100, 0.100, 0.100, 0.100, 0.100, 0.100, 0.100, 0.100, 0.100, 0.100, 0.100, 0.100, 0.109, 0.100, 0.100, 0.100, 0.100, 0.100, 0.100, 0.100, 0.100, 0.100]

  [Taylor Step 3/3] g_proj = v_proj * alpha (damping=0.01)...
    Layer  0: alpha=0.060505  teacher_rms=0.0163  v_rms=0.0027
    Layer  1: alpha=0.060768  teacher_rms=0.0205  v_rms=0.0034
    Layer  2: alpha=0.056940  teacher_rms=0.0214  v_rms=0.0038
    Layer  3: alpha=0.048758  teacher_rms=0.0259  v_rms=0.0053
    Layer  4: alpha=0.047252  teacher_rms=0.0304  v_rms=0.0064
    Layer  5: alpha=0.061891  teacher_rms=0.0409  v_rms=0.0066
    Layer  6: alpha=0.078510  teacher_rms=0.0621  v_rms=0.0079
    Layer  7: alpha=0.046437  teacher_rms=0.0530  v_rms=0.0114
    Layer  8: alpha=0.047792  teacher_rms=0.0708  v_rms=0.0148
    Layer  9: alpha=0.035013  teacher_rms=0.0713  v_rms=0.0204
    Layer 10: alpha=0.051225  teacher_rms=0.1092  v_rms=0.0213
    Layer 11: alpha=0.062545  teacher_rms=0.1046  v_rms=0.0167
    Layer 12: alpha=0.061553  teacher_rms=0.1207  v_rms=0.0196
    Layer 13: alpha=0.052345  teacher_rms=0.1040  v_rms=0.0199
    Layer 14: alpha=0.064210  teacher_rms=0.1547  v_rms=0.0241
    Layer 15: alpha=0.056430  teacher_rms=0.1576  v_rms=0.0279
    Layer 16: alpha=0.041470  teacher_rms=0.1473  v_rms=0.0355
    Layer 17: alpha=0.045408  teacher_rms=0.1753  v_rms=0.0386
    Layer 18: alpha=0.045920  teacher_rms=0.1990  v_rms=0.0433
    Layer 19: alpha=0.053555  teacher_rms=0.2060  v_rms=0.0385
    Layer 20: alpha=0.057000  teacher_rms=0.1966  v_rms=0.0345
    Layer 21: alpha=0.052116  teacher_rms=0.2373  v_rms=0.0455
    Layer 23: alpha=0.051314  teacher_rms=0.3098  v_rms=0.0604
    Layer 24: alpha=0.033453  teacher_rms=0.2897  v_rms=0.0866
    Layer 25: alpha=0.039757  teacher_rms=0.2376  v_rms=0.0598
    Layer 26: alpha=0.029256  teacher_rms=0.2124  v_rms=0.0726
    Layer 27: alpha=0.037093  teacher_rms=0.3083  v_rms=0.0831
    Layer 28: alpha=0.042758  teacher_rms=0.3705  v_rms=0.0867
    Layer 29: alpha=0.017344  teacher_rms=0.2548  v_rms=0.1469
    Layer 30: alpha=0.029045  teacher_rms=0.4297  v_rms=0.1480
    Layer 31: alpha=0.021121  teacher_rms=0.3785  v_rms=0.1792
    Layer 32: alpha=0.023899  teacher_rms=0.5288  v_rms=0.2213
    Layer 33: alpha=0.018560  teacher_rms=0.6404  v_rms=0.3451
    Layer 34: alpha=0.033099  teacher_rms=1.0325  v_rms=0.3119
    Layer 35: alpha=0.059535  teacher_rms=1.0168  v_rms=0.1708

  Set g_proj = v_proj * alpha in 35 GDN layers (damping=0.01).
  Init (taylor_init) done in 328.4s
  Layer 22: PPL = 2145847.75  (eval 13.3s)

============================================================
  Probing layer 23 | strategy=taylor_init
============================================================
Loading checkpoint shards:   0%|          | 0/4 [00:00<?, ?it/s]Loading checkpoint shards: 100%|██████████| 4/4 [00:00<00:00, 146.96it/s]
Could not cache non-existence of file. Will ignore error and continue. Error: [Errno 13] Permission denied: '/data/shared/huggingface/hub/models--Qwen--Qwen3-8B/.no_exist/b968826d9c46dd6066d109eabc6255188de91218/model.safetensors'
Loading checkpoint shards:   0%|          | 0/5 [00:00<?, ?it/s]Loading checkpoint shards: 100%|██████████| 5/5 [00:00<00:00, 150.53it/s]
Token indices sequence length is longer than the specified maximum sequence length for this model (2429029 > 131072). Running this sequence through the model will result in indexing errors
  [Taylor Step 1/3] Gate calibration from attention stats...
    Layer  0: dist=[32, 3, 12, 35, 12, 26, 9, 11, 19, 6, 8, 9, 18, 34, 31, 10, 16, 19, 16, 14, 13, 23, 4, 12, 5, 52, 10, 43, 15, 36, 15, 14]
    Layer  1: dist=[19, 38, 25, 44, 3, 15, 31, 11, 45, 36, 65, 60, 34, 47, 51, 38, 32, 54, 57, 33, 56, 24, 40, 40, 37, 9, 44, 41, 83, 31, 37, 49]
    Layer  2: dist=[65, 65, 67, 62, 26, 45, 33, 43, 39, 47, 56, 56, 53, 46, 46, 60, 61, 49, 54, 43, 49, 67, 48, 50, 25, 24, 21, 35, 73, 73, 77, 74]
    Layer  3: dist=[65, 26, 13, 22, 87, 93, 83, 73, 56, 53, 62, 58, 90, 73, 75, 74, 59, 62, 51, 67, 74, 60, 64, 65, 64, 56, 52, 59, 70, 63, 72, 65]
    Layer  4: dist=[62, 63, 73, 67, 73, 56, 61, 89, 68, 69, 63, 60, 55, 55, 71, 61, 62, 65, 67, 70, 64, 61, 47, 64, 41, 51, 48, 34, 51, 66, 55, 55]
    Layer  5: dist=[36, 48, 55, 35, 61, 68, 52, 51, 5, 18, 73, 61, 54, 78, 59, 52, 41, 32, 50, 48, 51, 55, 48, 59, 73, 73, 80, 80, 43, 44, 46, 58]
    Layer  6: dist=[27, 40, 30, 31, 52, 46, 67, 61, 46, 25, 43, 38, 56, 64, 56, 30, 47, 34, 45, 40, 20, 30, 32, 14, 35, 50, 32, 49, 47, 43, 37, 53]
    Layer  7: dist=[55, 60, 64, 87, 126, 114, 127, 121, 88, 119, 99, 72, 108, 23, 53, 97, 80, 101, 85, 81, 106, 86, 112, 116, 64, 78, 47, 86, 97, 101, 101, 106]
    Layer  8: dist=[83, 87, 90, 58, 81, 77, 69, 78, 86, 99, 87, 90, 94, 86, 96, 70, 116, 107, 103, 96, 92, 106, 100, 111, 92, 72, 95, 67, 84, 72, 79, 74]
    Layer  9: dist=[76, 60, 61, 67, 83, 97, 96, 74, 123, 120, 118, 112, 27, 87, 63, 85, 93, 100, 114, 125, 87, 77, 60, 70, 119, 81, 91, 97, 125, 113, 127, 123]
    Layer 10: dist=[76, 71, 58, 74, 85, 102, 64, 74, 63, 88, 106, 49, 88, 67, 82, 86, 87, 102, 100, 107, 88, 60, 107, 90, 93, 107, 84, 77, 76, 65, 82, 90]
    Layer 11: dist=[78, 65, 79, 48, 53, 61, 78, 77, 102, 123, 109, 93, 82, 64, 65, 69, 69, 63, 61, 51, 77, 107, 89, 87, 67, 59, 56, 54, 95, 55, 55, 94]
    Layer 12: dist=[21, 72, 79, 61, 87, 83, 66, 70, 63, 62, 74, 77, 86, 81, 82, 87, 39, 68, 59, 94, 102, 112, 97, 103, 93, 2, 107, 38, 81, 88, 113, 91]
    Layer 13: dist=[52, 68, 66, 62, 52, 51, 65, 40, 86, 63, 99, 122, 128, 115, 109, 124, 85, 72, 57, 61, 93, 55, 83, 90, 84, 59, 72, 76, 113, 111, 96, 99]
    Layer 14: dist=[44, 64, 65, 46, 62, 45, 64, 65, 54, 57, 70, 68, 69, 76, 65, 67, 77, 86, 51, 64, 65, 31, 51, 81, 52, 67, 73, 64, 85, 88, 8, 89]
    Layer 15: dist=[80, 44, 79, 38, 37, 38, 79, 67, 90, 60, 46, 104, 68, 107, 79, 89, 61, 57, 64, 68, 58, 60, 50, 51, 49, 34, 86, 62, 72, 84, 71, 49]
    Layer 16: dist=[61, 57, 74, 85, 55, 58, 48, 55, 54, 82, 73, 84, 90, 69, 86, 86, 68, 71, 60, 62, 115, 118, 110, 103, 71, 54, 64, 10, 58, 59, 65, 56]
    Layer 17: dist=[111, 95, 79, 67, 53, 57, 39, 47, 90, 108, 79, 100, 40, 57, 71, 74, 44, 61, 61, 42, 75, 98, 93, 97, 58, 55, 57, 52, 53, 79, 93, 67]
    Layer 18: dist=[34, 45, 35, 33, 56, 78, 74, 57, 64, 67, 66, 79, 61, 60, 57, 62, 46, 74, 72, 52, 68, 47, 65, 96, 58, 62, 61, 63, 52, 53, 79, 56]
    Layer 19: dist=[73, 64, 63, 62, 76, 103, 54, 71, 81, 85, 84, 93, 63, 57, 75, 63, 84, 85, 49, 49, 21, 50, 33, 49, 102, 106, 102, 116, 77, 77, 73, 72]
    Layer 20: dist=[89, 79, 80, 77, 78, 51, 49, 57, 40, 36, 43, 39, 92, 79, 87, 96, 45, 51, 56, 39, 73, 111, 101, 98, 125, 97, 105, 85, 93, 79, 108, 108]
    Layer 21: dist=[44, 50, 56, 68, 115, 65, 96, 118, 118, 61, 71, 69, 46, 41, 44, 42, 75, 75, 83, 65, 89, 99, 95, 96, 64, 62, 60, 80, 73, 79, 60, 88]
    Layer 22: dist=[73, 60, 67, 63, 52, 72, 45, 56, 37, 49, 45, 59, 18, 86, 61, 64, 33, 79, 76, 41, 102, 115, 120, 121, 101, 84, 91, 95, 114, 92, 103, 95]
    Layer 24: dist=[79, 124, 109, 101, 99, 109, 111, 97, 102, 105, 104, 84, 78, 75, 89, 74, 81, 86, 98, 88, 120, 103, 102, 117, 65, 73, 79, 51, 95, 111, 98, 88]
    Layer 25: dist=[105, 121, 118, 94, 71, 72, 107, 80, 96, 97, 85, 90, 65, 89, 50, 68, 93, 99, 97, 89, 102, 111, 105, 108, 110, 110, 99, 108, 88, 125, 98, 88]
    Layer 26: dist=[80, 88, 106, 68, 115, 113, 113, 110, 102, 107, 105, 98, 100, 124, 116, 116, 86, 93, 99, 95, 102, 113, 122, 114, 99, 97, 102, 93, 115, 96, 114, 95]
    Layer 27: dist=[87, 108, 103, 117, 98, 105, 101, 86, 77, 100, 107, 99, 78, 109, 80, 86, 96, 99, 99, 104, 91, 112, 113, 92, 110, 113, 116, 117, 107, 77, 92, 117]
    Layer 28: dist=[103, 92, 102, 102, 82, 63, 80, 76, 96, 107, 92, 89, 112, 105, 96, 101, 112, 104, 104, 108, 119, 71, 60, 89, 91, 88, 99, 99, 92, 92, 71, 95]
    Layer 29: dist=[113, 114, 114, 113, 90, 112, 94, 114, 119, 113, 122, 105, 120, 120, 119, 120, 116, 106, 115, 121, 123, 123, 107, 125, 100, 114, 97, 92, 106, 95, 106, 109]
    Layer 30: dist=[75, 102, 99, 100, 102, 100, 90, 67, 117, 117, 115, 120, 105, 104, 113, 101, 97, 78, 120, 122, 51, 120, 100, 110, 119, 119, 119, 118, 106, 110, 107, 102]
    Layer 31: dist=[119, 117, 99, 98, 112, 113, 114, 116, 114, 77, 87, 91, 117, 116, 117, 115, 101, 101, 106, 94, 119, 116, 108, 119, 112, 109, 89, 120, 112, 106, 102, 110]
    Layer 32: dist=[110, 114, 114, 111, 116, 119, 116, 117, 110, 111, 117, 115, 93, 113, 108, 91, 118, 106, 109, 111, 123, 92, 114, 120, 71, 95, 80, 105, 116, 107, 99, 103]
    Layer 33: dist=[102, 120, 112, 119, 91, 102, 57, 94, 116, 116, 113, 113, 114, 115, 113, 116, 114, 117, 106, 109, 112, 96, 110, 113, 111, 119, 122, 118, 110, 111, 107, 104]
    Layer 34: dist=[110, 109, 112, 113, 105, 111, 108, 102, 53, 93, 114, 86, 117, 115, 120, 81, 82, 89, 126, 55, 119, 51, 118, 119, 122, 122, 125, 122, 54, 62, 68, 109]
    Layer 35: dist=[105, 123, 71, 97, 82, 36, 112, 100, 85, 94, 112, 96, 63, 28, 49, 40, 98, 74, 84, 48, 90, 102, 55, 54, 66, 49, 68, 72, 73, 115, 122, 117]

  [Taylor Step 2/3] OLS sigma per head (scaling V, streaming)...
    Layer  0: sigma=[0.615, 0.100, 0.100, 0.100, 0.332, 0.378, 0.100, 0.100, 0.100, 0.149, 0.100, 0.100, 0.100, 0.100, 0.100, 0.260, 0.100, 0.100, 0.100, 0.100, 0.100, 0.100, 0.100, 0.100, 0.100, 0.100, 0.351, 0.100, 0.100, 0.100, 0.161, 0.100]
    Layer  1: sigma=[0.351, 0.100, 0.100, 0.100, 0.100, 0.100, 0.100, 0.100, 0.100, 0.167, 0.244, 0.100, 0.100, 0.100, 0.100, 0.100, 0.100, 0.100, 0.100, 0.100, 0.100, 0.100, 0.100, 0.118, 0.100, 0.100, 0.115, 0.100, 0.100, 0.100, 0.100, 0.100]
    Layer  2: sigma=[0.100, 0.100, 0.100, 0.100, 0.100, 0.100, 0.100, 0.100, 0.109, 0.100, 0.100, 0.100, 0.100, 0.146, 0.100, 0.100, 0.100, 0.222, 0.100, 0.100, 0.100, 0.100, 0.100, 0.100, 0.100, 0.170, 0.100, 0.100, 0.100, 0.100, 0.100, 0.100]
    Layer  3: sigma=[0.100, 0.328, 0.100, 0.159, 0.100, 0.100, 0.100, 0.100, 0.100, 0.100, 0.100, 0.100, 0.100, 0.100, 0.100, 0.100, 0.100, 0.100, 0.100, 0.100, 0.100, 0.109, 0.100, 0.100, 0.100, 0.100, 0.100, 0.100, 0.100, 0.100, 0.100, 0.100]
    Layer  4: sigma=[0.100, 0.100, 0.100, 0.100, 0.100, 0.100, 0.100, 0.100, 0.100, 0.100, 0.100, 0.100, 0.100, 0.100, 0.100, 0.100, 0.100, 0.100, 0.100, 0.100, 0.132, 0.137, 0.319, 0.100, 0.100, 0.100, 0.100, 0.100, 0.100, 0.100, 0.100, 0.100]
    Layer  5: sigma=[0.100, 0.100, 0.100, 0.100, 0.100, 0.100, 0.100, 0.100, 0.100, 0.140, 0.100, 0.111, 0.100, 0.100, 0.100, 0.122, 0.100, 0.176, 0.100, 0.100, 0.100, 0.100, 0.100, 0.100, 0.100, 0.100, 0.100, 0.100, 0.100, 0.100, 0.100, 0.100]
    Layer  6: sigma=[0.100, 0.100, 0.100, 0.100, 0.100, 0.100, 0.100, 0.100, 0.100, 0.100, 0.100, 0.100, 0.100, 0.100, 0.100, 0.100, 0.100, 0.100, 0.100, 0.100, 0.162, 0.100, 0.100, 0.100, 0.100, 0.100, 0.100, 0.100, 0.100, 0.100, 0.100, 0.100]
    Layer  7: sigma=[0.100, 0.163, 0.100, 0.100, 0.128, 0.100, 0.100, 0.100, 0.100, 0.100, 0.100, 0.101, 0.100, 0.100, 0.100, 0.100, 0.100, 0.100, 0.100, 0.100, 0.100, 0.100, 0.100, 0.100, 0.100, 0.100, 0.100, 0.100, 0.100, 0.100, 0.100, 0.100]
    Layer  8: sigma=[0.100, 0.100, 0.100, 0.100, 0.100, 0.100, 0.100, 0.100, 0.100, 0.100, 0.100, 0.100, 0.100, 0.100, 0.100, 0.100, 0.100, 0.100, 0.100, 0.100, 0.100, 0.100, 0.100, 0.100, 0.100, 0.100, 0.100, 0.166, 0.100, 0.100, 0.100, 0.100]
    Layer  9: sigma=[0.100, 0.100, 0.100, 0.100, 0.100, 0.100, 0.100, 0.100, 0.100, 0.100, 0.100, 0.100, 0.100, 0.100, 0.588, 0.135, 0.100, 0.100, 0.100, 0.100, 0.100, 0.100, 0.100, 0.100, 0.100, 0.100, 0.100, 0.100, 0.100, 0.100, 0.100, 0.100]
    Layer 10: sigma=[0.100, 0.100, 0.100, 0.100, 0.100, 0.100, 0.100, 0.100, 0.100, 0.100, 0.100, 0.100, 0.100, 0.100, 0.100, 0.100, 0.100, 0.100, 0.100, 0.100, 0.100, 0.100, 0.100, 0.100, 0.100, 0.100, 0.100, 0.100, 0.100, 0.100, 0.100, 0.100]
    Layer 11: sigma=[0.100, 0.100, 0.100, 0.100, 0.135, 0.100, 0.100, 0.100, 0.100, 0.112, 0.100, 0.100, 0.100, 0.100, 0.237, 0.100, 0.100, 0.100, 0.100, 0.100, 0.100, 0.100, 0.100, 0.100, 0.100, 0.100, 0.166, 0.100, 0.100, 0.100, 0.100, 0.100]
    Layer 12: sigma=[0.100, 0.100, 0.100, 0.100, 0.100, 0.100, 0.100, 0.100, 0.100, 0.108, 0.100, 0.108, 0.100, 0.100, 0.100, 0.100, 0.100, 0.328, 0.164, 0.100, 0.100, 0.100, 0.100, 0.100, 0.100, 0.100, 0.100, 0.216, 0.100, 0.100, 0.122, 0.100]
    Layer 13: sigma=[0.225, 0.100, 0.100, 0.392, 0.100, 0.100, 0.100, 0.100, 0.100, 0.100, 0.100, 0.100, 0.100, 0.100, 0.100, 0.100, 0.100, 0.100, 0.100, 0.104, 0.100, 0.100, 0.100, 0.100, 0.100, 0.100, 0.100, 0.100, 0.100, 0.100, 0.100, 0.100]
    Layer 14: sigma=[0.100, 0.100, 0.100, 0.100, 0.100, 0.372, 0.100, 0.100, 0.100, 0.100, 0.100, 0.100, 0.100, 0.100, 0.100, 0.100, 0.100, 0.100, 0.100, 0.100, 0.100, 0.100, 0.100, 0.100, 0.118, 0.104, 0.100, 0.100, 0.100, 0.100, 0.100, 0.100]
    Layer 15: sigma=[0.100, 0.192, 0.100, 0.100, 0.100, 0.109, 0.100, 0.100, 0.100, 0.100, 0.100, 0.100, 0.217, 0.100, 0.100, 0.100, 0.100, 0.100, 0.100, 0.100, 0.100, 0.100, 0.100, 0.100, 0.148, 0.100, 0.100, 0.100, 0.100, 0.100, 0.100, 0.100]
    Layer 16: sigma=[0.100, 0.100, 0.100, 0.100, 0.100, 0.100, 0.100, 0.100, 0.100, 0.100, 0.100, 0.100, 0.100, 0.100, 0.100, 0.100, 0.100, 0.100, 0.100, 0.100, 0.100, 0.100, 0.100, 0.100, 0.100, 0.100, 0.100, 0.381, 0.100, 0.100, 0.100, 0.100]
    Layer 17: sigma=[0.100, 0.100, 0.100, 0.100, 0.100, 0.151, 0.100, 0.100, 0.100, 0.100, 0.100, 0.100, 0.100, 0.100, 0.100, 0.100, 0.132, 0.124, 0.100, 0.391, 0.100, 0.100, 0.100, 0.114, 0.168, 0.100, 0.410, 0.100, 0.100, 0.100, 0.100, 0.100]
    Layer 18: sigma=[0.100, 0.520, 0.100, 0.100, 0.100, 0.100, 0.100, 0.185, 0.100, 0.100, 0.100, 0.100, 0.100, 0.100, 0.100, 0.100, 0.203, 0.100, 0.100, 0.100, 0.100, 0.100, 0.100, 0.100, 0.100, 0.100, 0.100, 0.100, 0.100, 0.100, 0.100, 0.100]
    Layer 19: sigma=[0.100, 0.100, 0.100, 0.100, 0.100, 0.100, 0.100, 0.100, 0.100, 0.100, 0.100, 0.100, 0.148, 0.100, 0.100, 0.215, 0.100, 0.100, 0.100, 0.304, 0.100, 0.100, 0.100, 0.111, 0.100, 0.100, 0.100, 0.100, 0.100, 0.100, 0.100, 0.100]
    Layer 20: sigma=[0.100, 0.100, 0.100, 0.100, 0.100, 0.157, 0.100, 0.100, 0.152, 0.115, 0.100, 0.100, 0.100, 0.100, 0.100, 0.116, 0.100, 0.112, 0.100, 0.100, 0.100, 0.100, 0.100, 0.100, 0.100, 0.100, 0.100, 0.100, 0.100, 0.100, 0.100, 0.100]
    Layer 21: sigma=[0.100, 0.135, 0.100, 0.100, 0.100, 0.100, 0.100, 0.100, 0.100, 0.173, 0.100, 0.281, 0.100, 0.100, 0.111, 0.100, 0.100, 0.100, 0.100, 0.100, 0.100, 0.125, 0.100, 0.100, 0.127, 0.100, 0.100, 0.100, 0.100, 0.100, 0.300, 0.100]
    Layer 22: sigma=[0.143, 0.100, 0.100, 0.100, 0.156, 0.115, 0.100, 0.219, 0.118, 0.100, 0.100, 0.100, 0.100, 0.100, 0.100, 0.105, 0.100, 0.100, 0.100, 0.100, 0.100, 0.100, 0.100, 0.100, 0.100, 0.100, 0.100, 0.100, 0.100, 0.100, 0.100, 0.100]
    Layer 24: sigma=[0.100, 0.100, 0.100, 0.100, 0.100, 0.100, 0.100, 0.100, 0.100, 0.100, 0.100, 0.100, 0.100, 0.100, 0.100, 0.191, 0.100, 0.100, 0.100, 0.100, 0.100, 0.100, 0.100, 0.100, 0.223, 0.405, 0.100, 0.374, 0.100, 0.100, 0.100, 0.100]
    Layer 25: sigma=[0.100, 0.100, 0.100, 0.100, 0.100, 0.100, 0.100, 0.100, 0.100, 0.100, 0.100, 0.100, 0.100, 0.100, 0.100, 0.100, 0.100, 0.100, 0.100, 0.100, 0.100, 0.100, 0.100, 0.100, 0.100, 0.100, 0.100, 0.100, 0.100, 0.100, 0.100, 0.100]
    Layer 26: sigma=[0.100, 0.100, 0.100, 0.100, 0.100, 0.100, 0.100, 0.100, 0.100, 0.100, 0.100, 0.100, 0.100, 0.100, 0.100, 0.100, 0.100, 0.100, 0.100, 0.100, 0.100, 0.100, 0.100, 0.100, 0.100, 0.100, 0.100, 0.100, 0.100, 0.100, 0.100, 0.100]
    Layer 27: sigma=[0.100, 0.100, 0.100, 0.100, 0.100, 0.100, 0.100, 0.100, 0.100, 0.100, 0.100, 0.100, 0.100, 0.100, 0.100, 0.100, 0.100, 0.100, 0.100, 0.100, 0.100, 0.100, 0.100, 0.100, 0.100, 0.100, 0.100, 0.100, 0.100, 0.100, 0.100, 0.100]
    Layer 28: sigma=[0.100, 0.100, 0.100, 0.100, 0.100, 0.100, 0.100, 0.118, 0.100, 0.100, 0.100, 0.100, 0.100, 0.100, 0.100, 0.100, 0.100, 0.100, 0.100, 0.100, 0.100, 0.100, 0.100, 0.100, 0.100, 0.100, 0.100, 0.100, 0.100, 0.100, 0.100, 0.100]
    Layer 29: sigma=[0.100, 0.100, 0.100, 0.100, 0.100, 0.100, 0.100, 0.100, 0.100, 0.100, 0.100, 0.100, 0.100, 0.100, 0.100, 0.100, 0.100, 0.100, 0.100, 0.100, 0.100, 0.100, 0.100, 0.100, 0.100, 0.100, 0.100, 0.100, 0.100, 0.100, 0.100, 0.100]
    Layer 30: sigma=[0.100, 0.100, 0.100, 0.100, 0.100, 0.100, 0.100, 0.100, 0.100, 0.100, 0.100, 0.100, 0.100, 0.100, 0.100, 0.100, 0.100, 0.100, 0.100, 0.100, 0.100, 0.100, 0.100, 0.100, 0.100, 0.100, 0.100, 0.100, 0.100, 0.100, 0.100, 0.100]
    Layer 31: sigma=[0.100, 0.100, 0.100, 0.100, 0.100, 0.100, 0.100, 0.100, 0.100, 0.100, 0.100, 0.100, 0.100, 0.100, 0.100, 0.100, 0.100, 0.100, 0.100, 0.101, 0.100, 0.100, 0.100, 0.100, 0.100, 0.100, 0.100, 0.100, 0.100, 0.100, 0.100, 0.100]
    Layer 32: sigma=[0.100, 0.100, 0.100, 0.100, 0.100, 0.100, 0.100, 0.100, 0.100, 0.100, 0.100, 0.100, 0.100, 0.100, 0.100, 0.100, 0.100, 0.100, 0.100, 0.100, 0.100, 0.100, 0.100, 0.100, 0.100, 0.100, 0.100, 0.100, 0.100, 0.100, 0.100, 0.100]
    Layer 33: sigma=[0.100, 0.100, 0.100, 0.100, 0.100, 0.100, 0.100, 0.100, 0.100, 0.100, 0.100, 0.100, 0.100, 0.100, 0.100, 0.100, 0.100, 0.100, 0.100, 0.100, 0.100, 0.100, 0.100, 0.100, 0.100, 0.100, 0.100, 0.100, 0.100, 0.100, 0.100, 0.100]
    Layer 34: sigma=[0.100, 0.100, 0.100, 0.100, 0.100, 0.100, 0.100, 0.100, 0.100, 0.100, 0.100, 0.137, 0.100, 0.100, 0.100, 0.100, 0.111, 0.100, 0.100, 0.100, 0.100, 0.100, 0.100, 0.100, 0.100, 0.100, 0.100, 0.100, 0.100, 0.100, 0.100, 0.100]
    Layer 35: sigma=[0.100, 0.100, 0.100, 0.100, 0.100, 0.100, 0.100, 0.100, 0.100, 0.100, 0.100, 0.100, 0.100, 0.100, 0.100, 0.100, 0.100, 0.100, 0.100, 0.100, 0.100, 0.100, 0.112, 0.100, 0.100, 0.100, 0.100, 0.100, 0.100, 0.100, 0.100, 0.100]

  [Taylor Step 3/3] g_proj = v_proj * alpha (damping=0.01)...
    Layer  0: alpha=0.060395  teacher_rms=0.0163  v_rms=0.0027
    Layer  1: alpha=0.060856  teacher_rms=0.0205  v_rms=0.0034
    Layer  2: alpha=0.056974  teacher_rms=0.0214  v_rms=0.0038
    Layer  3: alpha=0.048512  teacher_rms=0.0259  v_rms=0.0053
    Layer  4: alpha=0.047343  teacher_rms=0.0304  v_rms=0.0064
    Layer  5: alpha=0.061828  teacher_rms=0.0409  v_rms=0.0066
    Layer  6: alpha=0.078074  teacher_rms=0.0621  v_rms=0.0080
    Layer  7: alpha=0.045558  teacher_rms=0.0530  v_rms=0.0116
    Layer  8: alpha=0.047703  teacher_rms=0.0708  v_rms=0.0148
    Layer  9: alpha=0.034707  teacher_rms=0.0713  v_rms=0.0205
    Layer 10: alpha=0.051225  teacher_rms=0.1092  v_rms=0.0213
    Layer 11: alpha=0.063135  teacher_rms=0.1046  v_rms=0.0166
    Layer 12: alpha=0.059615  teacher_rms=0.1207  v_rms=0.0203
    Layer 13: alpha=0.051006  teacher_rms=0.1040  v_rms=0.0204
    Layer 14: alpha=0.065759  teacher_rms=0.1547  v_rms=0.0235
    Layer 15: alpha=0.057373  teacher_rms=0.1576  v_rms=0.0275
    Layer 16: alpha=0.043152  teacher_rms=0.1473  v_rms=0.0341
    Layer 17: alpha=0.043475  teacher_rms=0.1753  v_rms=0.0403
    Layer 18: alpha=0.042206  teacher_rms=0.1990  v_rms=0.0472
    Layer 19: alpha=0.053591  teacher_rms=0.2060  v_rms=0.0384
    Layer 20: alpha=0.058173  teacher_rms=0.1966  v_rms=0.0338
    Layer 21: alpha=0.049514  teacher_rms=0.2373  v_rms=0.0479
    Layer 22: alpha=0.056661  teacher_rms=0.2834  v_rms=0.0500
    Layer 24: alpha=0.032602  teacher_rms=0.2897  v_rms=0.0889
    Layer 25: alpha=0.040058  teacher_rms=0.2376  v_rms=0.0593
    Layer 26: alpha=0.029256  teacher_rms=0.2124  v_rms=0.0726
    Layer 27: alpha=0.037093  teacher_rms=0.3083  v_rms=0.0831
    Layer 28: alpha=0.042561  teacher_rms=0.3705  v_rms=0.0871
    Layer 29: alpha=0.017344  teacher_rms=0.2548  v_rms=0.1469
    Layer 30: alpha=0.029045  teacher_rms=0.4297  v_rms=0.1480
    Layer 31: alpha=0.021211  teacher_rms=0.3785  v_rms=0.1784
    Layer 32: alpha=0.023899  teacher_rms=0.5288  v_rms=0.2213
    Layer 33: alpha=0.018560  teacher_rms=0.6404  v_rms=0.3451
    Layer 34: alpha=0.032926  teacher_rms=1.0325  v_rms=0.3136
    Layer 35: alpha=0.059926  teacher_rms=1.0168  v_rms=0.1697

  Set g_proj = v_proj * alpha in 35 GDN layers (damping=0.01).
  Init (taylor_init) done in 328.6s
  Layer 23: PPL = 3243311.75  (eval 13.3s)

============================================================
  Probing layer 24 | strategy=taylor_init
============================================================
Loading checkpoint shards:   0%|          | 0/4 [00:00<?, ?it/s]Loading checkpoint shards: 100%|██████████| 4/4 [00:00<00:00, 146.32it/s]
Could not cache non-existence of file. Will ignore error and continue. Error: [Errno 13] Permission denied: '/data/shared/huggingface/hub/models--Qwen--Qwen3-8B/.no_exist/b968826d9c46dd6066d109eabc6255188de91218/model.safetensors'
Loading checkpoint shards:   0%|          | 0/5 [00:00<?, ?it/s]Loading checkpoint shards: 100%|██████████| 5/5 [00:00<00:00, 182.44it/s]
Token indices sequence length is longer than the specified maximum sequence length for this model (2429029 > 131072). Running this sequence through the model will result in indexing errors
  [Taylor Step 1/3] Gate calibration from attention stats...
    Layer  0: dist=[32, 3, 12, 35, 12, 26, 9, 11, 19, 6, 8, 9, 18, 34, 31, 10, 16, 19, 16, 14, 13, 23, 4, 12, 5, 52, 10, 43, 15, 36, 15, 14]
    Layer  1: dist=[19, 38, 25, 44, 3, 15, 31, 11, 45, 36, 65, 60, 34, 47, 51, 38, 32, 54, 57, 33, 56, 24, 40, 40, 37, 9, 44, 41, 83, 31, 37, 49]
    Layer  2: dist=[65, 65, 67, 62, 26, 45, 33, 43, 39, 47, 56, 56, 53, 46, 46, 60, 61, 49, 54, 43, 49, 67, 48, 50, 25, 24, 21, 35, 73, 73, 77, 74]
    Layer  3: dist=[65, 26, 13, 22, 87, 93, 83, 73, 56, 53, 62, 58, 90, 73, 75, 74, 59, 62, 51, 67, 74, 60, 64, 65, 64, 56, 52, 59, 70, 63, 72, 65]
    Layer  4: dist=[62, 63, 73, 67, 73, 56, 61, 89, 68, 69, 63, 60, 55, 55, 71, 61, 62, 65, 67, 70, 64, 61, 47, 64, 41, 51, 48, 34, 51, 66, 55, 55]
    Layer  5: dist=[36, 48, 55, 35, 61, 68, 52, 51, 5, 18, 73, 61, 54, 78, 59, 52, 41, 32, 50, 48, 51, 55, 48, 59, 73, 73, 80, 80, 43, 44, 46, 58]
    Layer  6: dist=[27, 40, 30, 31, 52, 46, 67, 61, 46, 25, 43, 38, 56, 64, 56, 30, 47, 34, 45, 40, 20, 30, 32, 14, 35, 50, 32, 49, 47, 43, 37, 53]
    Layer  7: dist=[55, 60, 64, 87, 126, 114, 127, 121, 88, 119, 99, 72, 108, 23, 53, 97, 80, 101, 85, 81, 106, 86, 112, 116, 64, 78, 47, 86, 97, 101, 101, 106]
    Layer  8: dist=[83, 87, 90, 58, 81, 77, 69, 78, 86, 99, 87, 90, 94, 86, 96, 70, 116, 107, 103, 96, 92, 106, 100, 111, 92, 72, 95, 67, 84, 72, 79, 74]
    Layer  9: dist=[76, 60, 61, 67, 83, 97, 96, 74, 123, 120, 118, 112, 27, 87, 63, 85, 93, 100, 114, 125, 87, 77, 60, 70, 119, 81, 91, 97, 125, 113, 127, 123]
    Layer 10: dist=[76, 71, 58, 74, 85, 102, 64, 74, 63, 88, 106, 49, 88, 67, 82, 86, 87, 102, 100, 107, 88, 60, 107, 90, 93, 107, 84, 77, 76, 65, 82, 90]
    Layer 11: dist=[78, 65, 79, 48, 53, 61, 78, 77, 102, 123, 109, 93, 82, 64, 65, 69, 69, 63, 61, 51, 77, 107, 89, 87, 67, 59, 56, 54, 95, 55, 55, 94]
    Layer 12: dist=[21, 72, 79, 61, 87, 83, 66, 70, 63, 62, 74, 77, 86, 81, 82, 87, 39, 68, 59, 94, 102, 112, 97, 103, 93, 2, 107, 38, 81, 88, 113, 91]
    Layer 13: dist=[52, 68, 66, 62, 52, 51, 65, 40, 86, 63, 99, 122, 128, 115, 109, 124, 85, 72, 57, 61, 93, 55, 83, 90, 84, 59, 72, 76, 113, 111, 96, 99]
    Layer 14: dist=[44, 64, 65, 46, 62, 45, 64, 65, 54, 57, 70, 68, 69, 76, 65, 67, 77, 86, 51, 64, 65, 31, 51, 81, 52, 67, 73, 64, 85, 88, 8, 89]
    Layer 15: dist=[80, 44, 79, 38, 37, 38, 79, 67, 90, 60, 46, 104, 68, 107, 79, 89, 61, 57, 64, 68, 58, 60, 50, 51, 49, 34, 86, 62, 72, 84, 71, 49]
    Layer 16: dist=[61, 57, 74, 85, 55, 58, 48, 55, 54, 82, 73, 84, 90, 69, 86, 86, 68, 71, 60, 62, 115, 118, 110, 103, 71, 54, 64, 10, 58, 59, 65, 56]
    Layer 17: dist=[111, 95, 79, 67, 53, 57, 39, 47, 90, 108, 79, 100, 40, 57, 71, 74, 44, 61, 61, 42, 75, 98, 93, 97, 58, 55, 57, 52, 53, 79, 93, 67]
    Layer 18: dist=[34, 45, 35, 33, 56, 78, 74, 57, 64, 67, 66, 79, 61, 60, 57, 62, 46, 74, 72, 52, 68, 47, 65, 96, 58, 62, 61, 63, 52, 53, 79, 56]
    Layer 19: dist=[73, 64, 63, 62, 76, 103, 54, 71, 81, 85, 84, 93, 63, 57, 75, 63, 84, 85, 49, 49, 21, 50, 33, 49, 102, 106, 102, 116, 77, 77, 73, 72]
    Layer 20: dist=[89, 79, 80, 77, 78, 51, 49, 57, 40, 36, 43, 39, 92, 79, 87, 96, 45, 51, 56, 39, 73, 111, 101, 98, 125, 97, 105, 85, 93, 79, 108, 108]
    Layer 21: dist=[44, 50, 56, 68, 115, 65, 96, 118, 118, 61, 71, 69, 46, 41, 44, 42, 75, 75, 83, 65, 89, 99, 95, 96, 64, 62, 60, 80, 73, 79, 60, 88]
    Layer 22: dist=[73, 60, 67, 63, 52, 72, 45, 56, 37, 49, 45, 59, 18, 86, 61, 64, 33, 79, 76, 41, 102, 115, 120, 121, 101, 84, 91, 95, 114, 92, 103, 95]
    Layer 23: dist=[39, 30, 48, 39, 110, 111, 41, 102, 79, 36, 45, 63, 75, 72, 79, 77, 82, 75, 74, 94, 72, 93, 82, 76, 78, 72, 68, 100, 91, 90, 83, 78]
    Layer 25: dist=[105, 121, 118, 94, 71, 72, 107, 80, 96, 97, 85, 90, 65, 89, 50, 68, 93, 99, 97, 89, 102, 111, 105, 108, 110, 110, 99, 108, 88, 125, 98, 88]
    Layer 26: dist=[80, 88, 106, 68, 115, 113, 113, 110, 102, 107, 105, 98, 100, 124, 116, 116, 86, 93, 99, 95, 102, 113, 122, 114, 99, 97, 102, 93, 115, 96, 114, 95]
    Layer 27: dist=[87, 108, 103, 117, 98, 105, 101, 86, 77, 100, 107, 99, 78, 109, 80, 86, 96, 99, 99, 104, 91, 112, 113, 92, 110, 113, 116, 117, 107, 77, 92, 117]
    Layer 28: dist=[103, 92, 102, 102, 82, 63, 80, 76, 96, 107, 92, 89, 112, 105, 96, 101, 112, 104, 104, 108, 119, 71, 60, 89, 91, 88, 99, 99, 92, 92, 71, 95]
    Layer 29: dist=[113, 114, 114, 113, 90, 112, 94, 114, 119, 113, 122, 105, 120, 120, 119, 120, 116, 106, 115, 121, 123, 123, 107, 125, 100, 114, 97, 92, 106, 95, 106, 109]
    Layer 30: dist=[75, 102, 99, 100, 102, 100, 90, 67, 117, 117, 115, 120, 105, 104, 113, 101, 97, 78, 120, 122, 51, 120, 100, 110, 119, 119, 119, 118, 106, 110, 107, 102]
    Layer 31: dist=[119, 117, 99, 98, 112, 113, 114, 116, 114, 77, 87, 91, 117, 116, 117, 115, 101, 101, 106, 94, 119, 116, 108, 119, 112, 109, 89, 120, 112, 106, 102, 110]
    Layer 32: dist=[110, 114, 114, 111, 116, 119, 116, 117, 110, 111, 117, 115, 93, 113, 108, 91, 118, 106, 109, 111, 123, 92, 114, 120, 71, 95, 80, 105, 116, 107, 99, 103]
    Layer 33: dist=[102, 120, 112, 119, 91, 102, 57, 94, 116, 116, 113, 113, 114, 115, 113, 116, 114, 117, 106, 109, 112, 96, 110, 113, 111, 119, 122, 118, 110, 111, 107, 104]
    Layer 34: dist=[110, 109, 112, 113, 105, 111, 108, 102, 53, 93, 114, 86, 117, 115, 120, 81, 82, 89, 126, 55, 119, 51, 118, 119, 122, 122, 125, 122, 54, 62, 68, 109]
    Layer 35: dist=[105, 123, 71, 97, 82, 36, 112, 100, 85, 94, 112, 96, 63, 28, 49, 40, 98, 74, 84, 48, 90, 102, 55, 54, 66, 49, 68, 72, 73, 115, 122, 117]

  [Taylor Step 2/3] OLS sigma per head (scaling V, streaming)...
    Layer  0: sigma=[0.614, 0.100, 0.100, 0.100, 0.332, 0.378, 0.100, 0.100, 0.100, 0.148, 0.100, 0.100, 0.100, 0.100, 0.100, 0.260, 0.100, 0.100, 0.100, 0.100, 0.100, 0.100, 0.100, 0.100, 0.100, 0.100, 0.352, 0.100, 0.100, 0.100, 0.161, 0.100]
    Layer  1: sigma=[0.347, 0.100, 0.100, 0.100, 0.100, 0.100, 0.100, 0.100, 0.100, 0.165, 0.246, 0.100, 0.100, 0.100, 0.100, 0.100, 0.100, 0.100, 0.100, 0.100, 0.100, 0.100, 0.100, 0.119, 0.100, 0.100, 0.112, 0.100, 0.100, 0.100, 0.100, 0.100]
    Layer  2: sigma=[0.100, 0.100, 0.100, 0.100, 0.100, 0.100, 0.100, 0.100, 0.108, 0.100, 0.100, 0.100, 0.100, 0.144, 0.100, 0.100, 0.100, 0.220, 0.100, 0.100, 0.100, 0.100, 0.100, 0.100, 0.100, 0.172, 0.100, 0.100, 0.100, 0.100, 0.100, 0.100]
    Layer  3: sigma=[0.100, 0.326, 0.100, 0.149, 0.100, 0.100, 0.100, 0.100, 0.100, 0.100, 0.100, 0.100, 0.100, 0.100, 0.100, 0.100, 0.100, 0.100, 0.100, 0.100, 0.100, 0.106, 0.100, 0.100, 0.100, 0.100, 0.100, 0.100, 0.100, 0.100, 0.100, 0.100]
    Layer  4: sigma=[0.100, 0.100, 0.100, 0.100, 0.100, 0.100, 0.100, 0.100, 0.100, 0.100, 0.100, 0.100, 0.100, 0.100, 0.100, 0.100, 0.100, 0.100, 0.100, 0.100, 0.132, 0.141, 0.313, 0.100, 0.100, 0.100, 0.100, 0.100, 0.100, 0.100, 0.100, 0.100]
    Layer  5: sigma=[0.100, 0.100, 0.100, 0.100, 0.100, 0.100, 0.100, 0.100, 0.100, 0.128, 0.100, 0.110, 0.100, 0.100, 0.100, 0.122, 0.100, 0.186, 0.100, 0.100, 0.100, 0.100, 0.100, 0.100, 0.100, 0.100, 0.100, 0.100, 0.100, 0.100, 0.100, 0.100]
    Layer  6: sigma=[0.100, 0.100, 0.100, 0.100, 0.100, 0.100, 0.100, 0.100, 0.100, 0.100, 0.100, 0.100, 0.100, 0.100, 0.100, 0.100, 0.100, 0.100, 0.100, 0.100, 0.151, 0.100, 0.100, 0.100, 0.100, 0.100, 0.100, 0.100, 0.100, 0.100, 0.100, 0.100]
    Layer  7: sigma=[0.100, 0.155, 0.100, 0.100, 0.120, 0.100, 0.100, 0.100, 0.100, 0.100, 0.100, 0.100, 0.100, 0.100, 0.100, 0.100, 0.100, 0.100, 0.100, 0.100, 0.100, 0.100, 0.100, 0.100, 0.100, 0.100, 0.100, 0.100, 0.100, 0.100, 0.100, 0.100]
    Layer  8: sigma=[0.100, 0.100, 0.100, 0.100, 0.100, 0.100, 0.100, 0.100, 0.100, 0.100, 0.100, 0.100, 0.100, 0.100, 0.100, 0.100, 0.100, 0.100, 0.100, 0.100, 0.100, 0.100, 0.100, 0.100, 0.100, 0.100, 0.100, 0.182, 0.100, 0.100, 0.100, 0.100]
    Layer  9: sigma=[0.100, 0.100, 0.100, 0.100, 0.100, 0.100, 0.100, 0.100, 0.100, 0.100, 0.100, 0.100, 0.100, 0.100, 0.590, 0.132, 0.100, 0.100, 0.100, 0.100, 0.100, 0.100, 0.100, 0.100, 0.100, 0.100, 0.100, 0.100, 0.100, 0.100, 0.100, 0.100]
    Layer 10: sigma=[0.100, 0.100, 0.100, 0.100, 0.100, 0.100, 0.100, 0.100, 0.100, 0.100, 0.100, 0.100, 0.100, 0.100, 0.100, 0.100, 0.100, 0.100, 0.100, 0.100, 0.100, 0.100, 0.100, 0.100, 0.100, 0.100, 0.100, 0.100, 0.100, 0.100, 0.100, 0.100]
    Layer 11: sigma=[0.100, 0.100, 0.100, 0.100, 0.142, 0.100, 0.100, 0.100, 0.100, 0.117, 0.100, 0.100, 0.100, 0.100, 0.262, 0.100, 0.100, 0.100, 0.100, 0.100, 0.100, 0.100, 0.100, 0.100, 0.100, 0.100, 0.162, 0.100, 0.100, 0.100, 0.100, 0.100]
    Layer 12: sigma=[0.100, 0.100, 0.100, 0.100, 0.100, 0.100, 0.100, 0.100, 0.100, 0.104, 0.100, 0.106, 0.100, 0.100, 0.100, 0.100, 0.100, 0.301, 0.178, 0.100, 0.100, 0.100, 0.100, 0.100, 0.100, 0.100, 0.100, 0.211, 0.100, 0.100, 0.122, 0.100]
    Layer 13: sigma=[0.219, 0.100, 0.100, 0.326, 0.100, 0.100, 0.100, 0.100, 0.100, 0.100, 0.100, 0.100, 0.100, 0.100, 0.100, 0.100, 0.100, 0.100, 0.100, 0.110, 0.100, 0.100, 0.100, 0.100, 0.100, 0.100, 0.100, 0.100, 0.100, 0.100, 0.100, 0.100]
    Layer 14: sigma=[0.100, 0.100, 0.100, 0.100, 0.100, 0.401, 0.100, 0.100, 0.100, 0.100, 0.100, 0.100, 0.100, 0.100, 0.100, 0.100, 0.100, 0.100, 0.100, 0.100, 0.100, 0.100, 0.100, 0.100, 0.115, 0.108, 0.100, 0.100, 0.100, 0.100, 0.100, 0.100]
    Layer 15: sigma=[0.100, 0.168, 0.100, 0.100, 0.100, 0.107, 0.100, 0.100, 0.100, 0.100, 0.100, 0.100, 0.212, 0.100, 0.100, 0.100, 0.100, 0.100, 0.100, 0.100, 0.100, 0.100, 0.100, 0.100, 0.133, 0.100, 0.100, 0.100, 0.100, 0.100, 0.100, 0.100]
    Layer 16: sigma=[0.100, 0.100, 0.100, 0.100, 0.100, 0.100, 0.100, 0.100, 0.100, 0.100, 0.100, 0.100, 0.100, 0.100, 0.100, 0.100, 0.100, 0.100, 0.100, 0.100, 0.100, 0.100, 0.100, 0.100, 0.100, 0.100, 0.100, 0.443, 0.100, 0.100, 0.100, 0.100]
    Layer 17: sigma=[0.100, 0.100, 0.100, 0.100, 0.100, 0.147, 0.100, 0.100, 0.100, 0.100, 0.100, 0.100, 0.100, 0.100, 0.100, 0.100, 0.151, 0.100, 0.100, 0.374, 0.100, 0.100, 0.100, 0.113, 0.154, 0.100, 0.358, 0.100, 0.100, 0.100, 0.100, 0.100]
    Layer 18: sigma=[0.100, 0.440, 0.100, 0.100, 0.100, 0.100, 0.100, 0.191, 0.100, 0.100, 0.100, 0.100, 0.100, 0.100, 0.100, 0.100, 0.143, 0.100, 0.100, 0.100, 0.100, 0.100, 0.100, 0.100, 0.100, 0.100, 0.100, 0.100, 0.100, 0.100, 0.100, 0.100]
    Layer 19: sigma=[0.100, 0.100, 0.100, 0.100, 0.100, 0.100, 0.100, 0.100, 0.100, 0.100, 0.100, 0.100, 0.116, 0.100, 0.100, 0.223, 0.100, 0.100, 0.100, 0.295, 0.100, 0.100, 0.100, 0.113, 0.100, 0.100, 0.100, 0.100, 0.100, 0.100, 0.100, 0.100]
    Layer 20: sigma=[0.100, 0.100, 0.100, 0.100, 0.100, 0.194, 0.100, 0.100, 0.143, 0.109, 0.100, 0.100, 0.100, 0.100, 0.100, 0.112, 0.100, 0.147, 0.100, 0.100, 0.100, 0.100, 0.100, 0.100, 0.100, 0.100, 0.100, 0.100, 0.100, 0.100, 0.100, 0.100]
    Layer 21: sigma=[0.100, 0.116, 0.100, 0.100, 0.100, 0.100, 0.100, 0.100, 0.100, 0.142, 0.100, 0.327, 0.100, 0.100, 0.100, 0.100, 0.100, 0.100, 0.100, 0.100, 0.100, 0.122, 0.100, 0.100, 0.129, 0.100, 0.100, 0.100, 0.100, 0.100, 0.282, 0.100]
    Layer 22: sigma=[0.123, 0.100, 0.105, 0.100, 0.139, 0.134, 0.100, 0.201, 0.100, 0.100, 0.100, 0.100, 0.100, 0.100, 0.100, 0.108, 0.100, 0.100, 0.100, 0.100, 0.100, 0.100, 0.100, 0.100, 0.100, 0.100, 0.100, 0.100, 0.100, 0.100, 0.100, 0.100]
    Layer 23: sigma=[0.168, 0.288, 0.163, 0.100, 0.100, 0.100, 0.119, 0.100, 0.100, 0.211, 0.100, 0.100, 0.100, 0.100, 0.102, 0.100, 0.100, 0.100, 0.100, 0.100, 0.100, 0.100, 0.100, 0.100, 0.100, 0.100, 0.100, 0.100, 0.100, 0.100, 0.155, 0.235]
    Layer 25: sigma=[0.100, 0.100, 0.100, 0.100, 0.100, 0.100, 0.100, 0.100, 0.100, 0.100, 0.100, 0.100, 0.100, 0.100, 0.113, 0.100, 0.100, 0.100, 0.100, 0.100, 0.100, 0.100, 0.100, 0.100, 0.100, 0.100, 0.100, 0.100, 0.100, 0.100, 0.100, 0.100]
    Layer 26: sigma=[0.100, 0.100, 0.100, 0.100, 0.100, 0.100, 0.100, 0.100, 0.100, 0.100, 0.100, 0.100, 0.100, 0.100, 0.100, 0.100, 0.100, 0.100, 0.100, 0.100, 0.100, 0.100, 0.100, 0.100, 0.100, 0.100, 0.100, 0.100, 0.100, 0.100, 0.100, 0.100]
    Layer 27: sigma=[0.100, 0.100, 0.100, 0.100, 0.100, 0.100, 0.100, 0.100, 0.100, 0.100, 0.100, 0.100, 0.100, 0.100, 0.100, 0.100, 0.100, 0.100, 0.100, 0.100, 0.100, 0.100, 0.100, 0.100, 0.100, 0.100, 0.100, 0.100, 0.100, 0.100, 0.100, 0.100]
    Layer 28: sigma=[0.100, 0.100, 0.100, 0.100, 0.100, 0.137, 0.100, 0.100, 0.100, 0.100, 0.100, 0.100, 0.100, 0.100, 0.100, 0.100, 0.100, 0.100, 0.100, 0.100, 0.100, 0.100, 0.100, 0.100, 0.100, 0.100, 0.100, 0.100, 0.100, 0.100, 0.100, 0.100]
    Layer 29: sigma=[0.100, 0.100, 0.100, 0.100, 0.100, 0.100, 0.100, 0.100, 0.100, 0.100, 0.100, 0.100, 0.100, 0.100, 0.100, 0.100, 0.100, 0.100, 0.100, 0.100, 0.100, 0.100, 0.100, 0.100, 0.100, 0.100, 0.100, 0.100, 0.100, 0.100, 0.100, 0.100]
    Layer 30: sigma=[0.100, 0.100, 0.100, 0.100, 0.100, 0.100, 0.100, 0.100, 0.100, 0.100, 0.100, 0.100, 0.100, 0.100, 0.100, 0.100, 0.100, 0.100, 0.100, 0.100, 0.313, 0.100, 0.100, 0.100, 0.100, 0.100, 0.100, 0.100, 0.100, 0.100, 0.100, 0.100]
    Layer 31: sigma=[0.100, 0.100, 0.100, 0.100, 0.100, 0.100, 0.100, 0.100, 0.100, 0.100, 0.100, 0.100, 0.100, 0.100, 0.100, 0.100, 0.100, 0.100, 0.100, 0.118, 0.100, 0.100, 0.100, 0.100, 0.100, 0.100, 0.100, 0.100, 0.100, 0.100, 0.100, 0.100]
    Layer 32: sigma=[0.100, 0.100, 0.100, 0.100, 0.100, 0.100, 0.100, 0.100, 0.100, 0.100, 0.100, 0.100, 0.100, 0.100, 0.100, 0.100, 0.100, 0.100, 0.100, 0.100, 0.100, 0.100, 0.100, 0.100, 0.100, 0.100, 0.100, 0.100, 0.100, 0.100, 0.100, 0.100]
    Layer 33: sigma=[0.100, 0.100, 0.100, 0.100, 0.100, 0.100, 0.100, 0.100, 0.100, 0.100, 0.100, 0.100, 0.100, 0.100, 0.100, 0.100, 0.100, 0.100, 0.100, 0.100, 0.100, 0.100, 0.100, 0.100, 0.100, 0.100, 0.100, 0.100, 0.100, 0.100, 0.100, 0.100]
    Layer 34: sigma=[0.100, 0.100, 0.100, 0.100, 0.100, 0.100, 0.100, 0.100, 0.100, 0.100, 0.100, 0.100, 0.100, 0.100, 0.100, 0.100, 0.100, 0.100, 0.100, 0.100, 0.100, 0.100, 0.100, 0.100, 0.100, 0.100, 0.100, 0.100, 0.100, 0.100, 0.100, 0.100]
    Layer 35: sigma=[0.100, 0.100, 0.100, 0.100, 0.100, 0.100, 0.100, 0.100, 0.100, 0.100, 0.100, 0.100, 0.100, 0.100, 0.100, 0.100, 0.100, 0.100, 0.100, 0.100, 0.100, 0.100, 0.126, 0.100, 0.100, 0.100, 0.100, 0.100, 0.100, 0.100, 0.100, 0.100]

  [Taylor Step 3/3] g_proj = v_proj * alpha (damping=0.01)...
    Layer  0: alpha=0.060441  teacher_rms=0.0163  v_rms=0.0027
    Layer  1: alpha=0.061042  teacher_rms=0.0205  v_rms=0.0034
    Layer  2: alpha=0.057027  teacher_rms=0.0214  v_rms=0.0038
    Layer  3: alpha=0.048754  teacher_rms=0.0259  v_rms=0.0053
    Layer  4: alpha=0.047459  teacher_rms=0.0304  v_rms=0.0064
    Layer  5: alpha=0.061829  teacher_rms=0.0409  v_rms=0.0066
    Layer  6: alpha=0.078515  teacher_rms=0.0621  v_rms=0.0079
    Layer  7: alpha=0.045870  teacher_rms=0.0530  v_rms=0.0115
    Layer  8: alpha=0.047293  teacher_rms=0.0708  v_rms=0.0150
    Layer  9: alpha=0.034684  teacher_rms=0.0713  v_rms=0.0206
    Layer 10: alpha=0.051225  teacher_rms=0.1092  v_rms=0.0213
    Layer 11: alpha=0.062177  teacher_rms=0.1046  v_rms=0.0168
    Layer 12: alpha=0.060643  teacher_rms=0.1207  v_rms=0.0199
    Layer 13: alpha=0.053388  teacher_rms=0.1040  v_rms=0.0195
    Layer 14: alpha=0.064386  teacher_rms=0.1547  v_rms=0.0240
    Layer 15: alpha=0.058215  teacher_rms=0.1576  v_rms=0.0271
    Layer 16: alpha=0.041402  teacher_rms=0.1473  v_rms=0.0356
    Layer 17: alpha=0.045545  teacher_rms=0.1753  v_rms=0.0385
    Layer 18: alpha=0.046476  teacher_rms=0.1990  v_rms=0.0428
    Layer 19: alpha=0.054126  teacher_rms=0.2060  v_rms=0.0381
    Layer 20: alpha=0.056253  teacher_rms=0.1966  v_rms=0.0350
    Layer 21: alpha=0.049260  teacher_rms=0.2373  v_rms=0.0482
    Layer 22: alpha=0.057758  teacher_rms=0.2834  v_rms=0.0491
    Layer 23: alpha=0.051707  teacher_rms=0.3098  v_rms=0.0599
    Layer 25: alpha=0.039921  teacher_rms=0.2376  v_rms=0.0595
    Layer 26: alpha=0.029256  teacher_rms=0.2124  v_rms=0.0726
    Layer 27: alpha=0.037093  teacher_rms=0.3083  v_rms=0.0831
    Layer 28: alpha=0.042273  teacher_rms=0.3705  v_rms=0.0876
    Layer 29: alpha=0.017344  teacher_rms=0.2548  v_rms=0.1469
    Layer 30: alpha=0.026374  teacher_rms=0.4297  v_rms=0.1629
    Layer 31: alpha=0.021153  teacher_rms=0.3785  v_rms=0.1789
    Layer 32: alpha=0.023899  teacher_rms=0.5288  v_rms=0.2213
    Layer 33: alpha=0.018560  teacher_rms=0.6404  v_rms=0.3451
    Layer 34: alpha=0.033190  teacher_rms=1.0325  v_rms=0.3111
    Layer 35: alpha=0.059711  teacher_rms=1.0168  v_rms=0.1703

  Set g_proj = v_proj * alpha in 35 GDN layers (damping=0.01).
  Init (taylor_init) done in 327.8s
  Layer 24: PPL = 514655.34  (eval 13.1s)

============================================================
  Probing layer 25 | strategy=taylor_init
============================================================
Loading checkpoint shards:   0%|          | 0/4 [00:00<?, ?it/s]Loading checkpoint shards: 100%|██████████| 4/4 [00:00<00:00, 152.96it/s]
Could not cache non-existence of file. Will ignore error and continue. Error: [Errno 13] Permission denied: '/data/shared/huggingface/hub/models--Qwen--Qwen3-8B/.no_exist/b968826d9c46dd6066d109eabc6255188de91218/model.safetensors'
Loading checkpoint shards:   0%|          | 0/5 [00:00<?, ?it/s]Loading checkpoint shards: 100%|██████████| 5/5 [00:00<00:00, 60.36it/s]
Token indices sequence length is longer than the specified maximum sequence length for this model (2429029 > 131072). Running this sequence through the model will result in indexing errors
  [Taylor Step 1/3] Gate calibration from attention stats...
    Layer  0: dist=[32, 3, 12, 35, 12, 26, 9, 11, 19, 6, 8, 9, 18, 34, 31, 10, 16, 19, 16, 14, 13, 23, 4, 12, 5, 52, 10, 43, 15, 36, 15, 14]
    Layer  1: dist=[19, 38, 25, 44, 3, 15, 31, 11, 45, 36, 65, 60, 34, 47, 51, 38, 32, 54, 57, 33, 56, 24, 40, 40, 37, 9, 44, 41, 83, 31, 37, 49]
    Layer  2: dist=[65, 65, 67, 62, 26, 45, 33, 43, 39, 47, 56, 56, 53, 46, 46, 60, 61, 49, 54, 43, 49, 67, 48, 50, 25, 24, 21, 35, 73, 73, 77, 74]
    Layer  3: dist=[65, 26, 13, 22, 87, 93, 83, 73, 56, 53, 62, 58, 90, 73, 75, 74, 59, 62, 51, 67, 74, 60, 64, 65, 64, 56, 52, 59, 70, 63, 72, 65]
    Layer  4: dist=[62, 63, 73, 67, 73, 56, 61, 89, 68, 69, 63, 60, 55, 55, 71, 61, 62, 65, 67, 70, 64, 61, 47, 64, 41, 51, 48, 34, 51, 66, 55, 55]
    Layer  5: dist=[36, 48, 55, 35, 61, 68, 52, 51, 5, 18, 73, 61, 54, 78, 59, 52, 41, 32, 50, 48, 51, 55, 48, 59, 73, 73, 80, 80, 43, 44, 46, 58]
    Layer  6: dist=[27, 40, 30, 31, 52, 46, 67, 61, 46, 25, 43, 38, 56, 64, 56, 30, 47, 34, 45, 40, 20, 30, 32, 14, 35, 50, 32, 49, 47, 43, 37, 53]
    Layer  7: dist=[55, 60, 64, 87, 126, 114, 127, 121, 88, 119, 99, 72, 108, 23, 53, 97, 80, 101, 85, 81, 106, 86, 112, 116, 64, 78, 47, 86, 97, 101, 101, 106]
    Layer  8: dist=[83, 87, 90, 58, 81, 77, 69, 78, 86, 99, 87, 90, 94, 86, 96, 70, 116, 107, 103, 96, 92, 106, 100, 111, 92, 72, 95, 67, 84, 72, 79, 74]
    Layer  9: dist=[76, 60, 61, 67, 83, 97, 96, 74, 123, 120, 118, 112, 27, 87, 63, 85, 93, 100, 114, 125, 87, 77, 60, 70, 119, 81, 91, 97, 125, 113, 127, 123]
    Layer 10: dist=[76, 71, 58, 74, 85, 102, 64, 74, 63, 88, 106, 49, 88, 67, 82, 86, 87, 102, 100, 107, 88, 60, 107, 90, 93, 107, 84, 77, 76, 65, 82, 90]
    Layer 11: dist=[78, 65, 79, 48, 53, 61, 78, 77, 102, 123, 109, 93, 82, 64, 65, 69, 69, 63, 61, 51, 77, 107, 89, 87, 67, 59, 56, 54, 95, 55, 55, 94]
    Layer 12: dist=[21, 72, 79, 61, 87, 83, 66, 70, 63, 62, 74, 77, 86, 81, 82, 87, 39, 68, 59, 94, 102, 112, 97, 103, 93, 2, 107, 38, 81, 88, 113, 91]
    Layer 13: dist=[52, 68, 66, 62, 52, 51, 65, 40, 86, 63, 99, 122, 128, 115, 109, 124, 85, 72, 57, 61, 93, 55, 83, 90, 84, 59, 72, 76, 113, 111, 96, 99]
    Layer 14: dist=[44, 64, 65, 46, 62, 45, 64, 65, 54, 57, 70, 68, 69, 76, 65, 67, 77, 86, 51, 64, 65, 31, 51, 81, 52, 67, 73, 64, 85, 88, 8, 89]
    Layer 15: dist=[80, 44, 79, 38, 37, 38, 79, 67, 90, 60, 46, 104, 68, 107, 79, 89, 61, 57, 64, 68, 58, 60, 50, 51, 49, 34, 86, 62, 72, 84, 71, 49]
    Layer 16: dist=[61, 57, 74, 85, 55, 58, 48, 55, 54, 82, 73, 84, 90, 69, 86, 86, 68, 71, 60, 62, 115, 118, 110, 103, 71, 54, 64, 10, 58, 59, 65, 56]
    Layer 17: dist=[111, 95, 79, 67, 53, 57, 39, 47, 90, 108, 79, 100, 40, 57, 71, 74, 44, 61, 61, 42, 75, 98, 93, 97, 58, 55, 57, 52, 53, 79, 93, 67]
    Layer 18: dist=[34, 45, 35, 33, 56, 78, 74, 57, 64, 67, 66, 79, 61, 60, 57, 62, 46, 74, 72, 52, 68, 47, 65, 96, 58, 62, 61, 63, 52, 53, 79, 56]
    Layer 19: dist=[73, 64, 63, 62, 76, 103, 54, 71, 81, 85, 84, 93, 63, 57, 75, 63, 84, 85, 49, 49, 21, 50, 33, 49, 102, 106, 102, 116, 77, 77, 73, 72]
    Layer 20: dist=[89, 79, 80, 77, 78, 51, 49, 57, 40, 36, 43, 39, 92, 79, 87, 96, 45, 51, 56, 39, 73, 111, 101, 98, 125, 97, 105, 85, 93, 79, 108, 108]
    Layer 21: dist=[44, 50, 56, 68, 115, 65, 96, 118, 118, 61, 71, 69, 46, 41, 44, 42, 75, 75, 83, 65, 89, 99, 95, 96, 64, 62, 60, 80, 73, 79, 60, 88]
    Layer 22: dist=[73, 60, 67, 63, 52, 72, 45, 56, 37, 49, 45, 59, 18, 86, 61, 64, 33, 79, 76, 41, 102, 115, 120, 121, 101, 84, 91, 95, 114, 92, 103, 95]
    Layer 23: dist=[39, 30, 48, 39, 110, 111, 41, 102, 79, 36, 45, 63, 75, 72, 79, 77, 82, 75, 74, 94, 72, 93, 82, 76, 78, 72, 68, 100, 91, 90, 83, 78]
    Layer 24: dist=[79, 124, 109, 101, 99, 109, 111, 97, 102, 105, 104, 84, 78, 75, 89, 74, 81, 86, 98, 88, 120, 103, 102, 117, 65, 73, 79, 51, 95, 111, 98, 88]
    Layer 26: dist=[80, 88, 106, 68, 115, 113, 113, 110, 102, 107, 105, 98, 100, 124, 116, 116, 86, 93, 99, 95, 102, 113, 122, 114, 99, 97, 102, 93, 115, 96, 114, 95]
    Layer 27: dist=[87, 108, 103, 117, 98, 105, 101, 86, 77, 100, 107, 99, 78, 109, 80, 86, 96, 99, 99, 104, 91, 112, 113, 92, 110, 113, 116, 117, 107, 77, 92, 117]
    Layer 28: dist=[103, 92, 102, 102, 82, 63, 80, 76, 96, 107, 92, 89, 112, 105, 96, 101, 112, 104, 104, 108, 119, 71, 60, 89, 91, 88, 99, 99, 92, 92, 71, 95]
    Layer 29: dist=[113, 114, 114, 113, 90, 112, 94, 114, 119, 113, 122, 105, 120, 120, 119, 120, 116, 106, 115, 121, 123, 123, 107, 125, 100, 114, 97, 92, 106, 95, 106, 109]
    Layer 30: dist=[75, 102, 99, 100, 102, 100, 90, 67, 117, 117, 115, 120, 105, 104, 113, 101, 97, 78, 120, 122, 51, 120, 100, 110, 119, 119, 119, 118, 106, 110, 107, 102]
    Layer 31: dist=[119, 117, 99, 98, 112, 113, 114, 116, 114, 77, 87, 91, 117, 116, 117, 115, 101, 101, 106, 94, 119, 116, 108, 119, 112, 109, 89, 120, 112, 106, 102, 110]
    Layer 32: dist=[110, 114, 114, 111, 116, 119, 116, 117, 110, 111, 117, 115, 93, 113, 108, 91, 118, 106, 109, 111, 123, 92, 114, 120, 71, 95, 80, 105, 116, 107, 99, 103]
    Layer 33: dist=[102, 120, 112, 119, 91, 102, 57, 94, 116, 116, 113, 113, 114, 115, 113, 116, 114, 117, 106, 109, 112, 96, 110, 113, 111, 119, 122, 118, 110, 111, 107, 104]
    Layer 34: dist=[110, 109, 112, 113, 105, 111, 108, 102, 53, 93, 114, 86, 117, 115, 120, 81, 82, 89, 126, 55, 119, 51, 118, 119, 122, 122, 125, 122, 54, 62, 68, 109]
    Layer 35: dist=[105, 123, 71, 97, 82, 36, 112, 100, 85, 94, 112, 96, 63, 28, 49, 40, 98, 74, 84, 48, 90, 102, 55, 54, 66, 49, 68, 72, 73, 115, 122, 117]

  [Taylor Step 2/3] OLS sigma per head (scaling V, streaming)...
    Layer  0: sigma=[0.618, 0.100, 0.100, 0.100, 0.333, 0.380, 0.100, 0.100, 0.100, 0.149, 0.100, 0.100, 0.100, 0.100, 0.100, 0.259, 0.100, 0.100, 0.100, 0.100, 0.100, 0.100, 0.100, 0.100, 0.100, 0.100, 0.350, 0.100, 0.100, 0.100, 0.161, 0.100]
    Layer  1: sigma=[0.348, 0.100, 0.100, 0.100, 0.100, 0.100, 0.100, 0.100, 0.100, 0.164, 0.246, 0.100, 0.100, 0.100, 0.100, 0.100, 0.100, 0.100, 0.100, 0.100, 0.100, 0.100, 0.100, 0.116, 0.100, 0.100, 0.115, 0.100, 0.100, 0.100, 0.100, 0.100]
    Layer  2: sigma=[0.100, 0.100, 0.100, 0.100, 0.100, 0.100, 0.100, 0.100, 0.109, 0.100, 0.100, 0.100, 0.100, 0.144, 0.100, 0.100, 0.100, 0.222, 0.100, 0.100, 0.100, 0.100, 0.100, 0.100, 0.100, 0.171, 0.100, 0.100, 0.100, 0.100, 0.100, 0.100]
    Layer  3: sigma=[0.100, 0.325, 0.100, 0.157, 0.100, 0.100, 0.100, 0.100, 0.100, 0.100, 0.100, 0.100, 0.100, 0.100, 0.100, 0.100, 0.100, 0.100, 0.100, 0.100, 0.100, 0.106, 0.100, 0.100, 0.100, 0.100, 0.100, 0.100, 0.100, 0.100, 0.100, 0.100]
    Layer  4: sigma=[0.100, 0.100, 0.100, 0.100, 0.100, 0.100, 0.100, 0.100, 0.100, 0.100, 0.100, 0.100, 0.100, 0.100, 0.100, 0.100, 0.100, 0.100, 0.100, 0.100, 0.133, 0.138, 0.315, 0.100, 0.100, 0.100, 0.100, 0.100, 0.100, 0.100, 0.100, 0.100]
    Layer  5: sigma=[0.100, 0.100, 0.100, 0.100, 0.100, 0.100, 0.100, 0.100, 0.100, 0.141, 0.100, 0.112, 0.100, 0.100, 0.100, 0.121, 0.100, 0.174, 0.100, 0.100, 0.100, 0.100, 0.100, 0.100, 0.100, 0.100, 0.100, 0.100, 0.100, 0.100, 0.100, 0.100]
    Layer  6: sigma=[0.100, 0.100, 0.100, 0.100, 0.100, 0.100, 0.100, 0.100, 0.100, 0.100, 0.100, 0.100, 0.100, 0.100, 0.100, 0.100, 0.100, 0.100, 0.100, 0.100, 0.155, 0.100, 0.100, 0.100, 0.100, 0.100, 0.100, 0.100, 0.100, 0.100, 0.100, 0.100]
    Layer  7: sigma=[0.100, 0.151, 0.100, 0.100, 0.126, 0.100, 0.100, 0.100, 0.100, 0.100, 0.100, 0.100, 0.100, 0.100, 0.100, 0.100, 0.100, 0.100, 0.100, 0.100, 0.100, 0.100, 0.100, 0.100, 0.100, 0.100, 0.100, 0.100, 0.100, 0.100, 0.100, 0.100]
    Layer  8: sigma=[0.100, 0.100, 0.100, 0.100, 0.100, 0.100, 0.100, 0.100, 0.100, 0.100, 0.100, 0.100, 0.100, 0.100, 0.100, 0.100, 0.100, 0.100, 0.100, 0.100, 0.100, 0.100, 0.100, 0.100, 0.100, 0.100, 0.100, 0.165, 0.100, 0.100, 0.100, 0.100]
    Layer  9: sigma=[0.100, 0.100, 0.100, 0.100, 0.100, 0.100, 0.100, 0.100, 0.100, 0.100, 0.100, 0.100, 0.100, 0.100, 0.659, 0.130, 0.100, 0.100, 0.100, 0.100, 0.100, 0.100, 0.100, 0.100, 0.100, 0.100, 0.100, 0.100, 0.100, 0.100, 0.100, 0.100]
    Layer 10: sigma=[0.100, 0.100, 0.100, 0.100, 0.100, 0.100, 0.100, 0.100, 0.100, 0.100, 0.100, 0.100, 0.100, 0.100, 0.100, 0.100, 0.100, 0.100, 0.100, 0.100, 0.100, 0.100, 0.100, 0.100, 0.100, 0.100, 0.100, 0.100, 0.100, 0.100, 0.100, 0.100]
    Layer 11: sigma=[0.100, 0.100, 0.100, 0.100, 0.140, 0.100, 0.100, 0.100, 0.100, 0.108, 0.100, 0.100, 0.100, 0.100, 0.246, 0.100, 0.100, 0.100, 0.100, 0.100, 0.100, 0.100, 0.100, 0.100, 0.100, 0.100, 0.169, 0.100, 0.100, 0.100, 0.100, 0.100]
    Layer 12: sigma=[0.100, 0.100, 0.100, 0.100, 0.100, 0.100, 0.100, 0.100, 0.100, 0.100, 0.100, 0.107, 0.100, 0.100, 0.100, 0.100, 0.100, 0.306, 0.131, 0.100, 0.100, 0.100, 0.100, 0.100, 0.100, 0.100, 0.100, 0.215, 0.100, 0.100, 0.118, 0.100]
    Layer 13: sigma=[0.226, 0.100, 0.100, 0.291, 0.100, 0.100, 0.100, 0.100, 0.100, 0.100, 0.100, 0.100, 0.100, 0.100, 0.100, 0.100, 0.100, 0.100, 0.100, 0.100, 0.100, 0.100, 0.100, 0.100, 0.100, 0.100, 0.100, 0.100, 0.100, 0.100, 0.100, 0.100]
    Layer 14: sigma=[0.100, 0.100, 0.100, 0.100, 0.100, 0.378, 0.100, 0.100, 0.100, 0.100, 0.100, 0.100, 0.100, 0.100, 0.100, 0.100, 0.100, 0.100, 0.100, 0.100, 0.100, 0.100, 0.100, 0.100, 0.116, 0.115, 0.100, 0.100, 0.100, 0.100, 0.100, 0.100]
    Layer 15: sigma=[0.100, 0.180, 0.100, 0.100, 0.100, 0.109, 0.100, 0.100, 0.100, 0.100, 0.100, 0.100, 0.210, 0.100, 0.100, 0.100, 0.100, 0.100, 0.100, 0.100, 0.100, 0.100, 0.100, 0.100, 0.139, 0.100, 0.100, 0.100, 0.100, 0.100, 0.100, 0.100]
    Layer 16: sigma=[0.100, 0.100, 0.100, 0.100, 0.100, 0.100, 0.100, 0.100, 0.100, 0.100, 0.100, 0.100, 0.100, 0.100, 0.100, 0.100, 0.100, 0.100, 0.100, 0.100, 0.100, 0.100, 0.100, 0.100, 0.100, 0.100, 0.100, 0.341, 0.100, 0.100, 0.100, 0.100]
    Layer 17: sigma=[0.100, 0.100, 0.100, 0.100, 0.100, 0.143, 0.100, 0.100, 0.100, 0.100, 0.100, 0.100, 0.100, 0.100, 0.100, 0.100, 0.140, 0.112, 0.100, 0.408, 0.100, 0.100, 0.100, 0.112, 0.127, 0.100, 0.453, 0.100, 0.100, 0.100, 0.100, 0.100]
    Layer 18: sigma=[0.100, 0.449, 0.100, 0.100, 0.100, 0.100, 0.100, 0.195, 0.100, 0.100, 0.100, 0.100, 0.100, 0.100, 0.100, 0.100, 0.179, 0.100, 0.100, 0.100, 0.100, 0.100, 0.100, 0.100, 0.100, 0.100, 0.100, 0.100, 0.100, 0.100, 0.100, 0.100]
    Layer 19: sigma=[0.100, 0.100, 0.100, 0.100, 0.100, 0.100, 0.100, 0.100, 0.100, 0.100, 0.100, 0.100, 0.159, 0.100, 0.100, 0.191, 0.100, 0.100, 0.100, 0.303, 0.100, 0.100, 0.100, 0.110, 0.100, 0.100, 0.100, 0.100, 0.100, 0.100, 0.100, 0.100]
    Layer 20: sigma=[0.100, 0.100, 0.100, 0.100, 0.100, 0.179, 0.100, 0.100, 0.150, 0.106, 0.100, 0.100, 0.100, 0.100, 0.100, 0.121, 0.100, 0.127, 0.100, 0.100, 0.100, 0.100, 0.100, 0.100, 0.100, 0.100, 0.100, 0.100, 0.100, 0.100, 0.100, 0.100]
    Layer 21: sigma=[0.100, 0.134, 0.100, 0.100, 0.100, 0.100, 0.100, 0.100, 0.100, 0.151, 0.100, 0.304, 0.100, 0.100, 0.127, 0.100, 0.100, 0.100, 0.100, 0.100, 0.100, 0.104, 0.100, 0.100, 0.217, 0.100, 0.100, 0.100, 0.100, 0.100, 0.320, 0.100]
    Layer 22: sigma=[0.143, 0.100, 0.100, 0.100, 0.155, 0.110, 0.100, 0.235, 0.100, 0.100, 0.100, 0.100, 0.100, 0.100, 0.100, 0.101, 0.100, 0.100, 0.100, 0.100, 0.100, 0.100, 0.100, 0.100, 0.100, 0.100, 0.100, 0.100, 0.100, 0.100, 0.100, 0.100]
    Layer 23: sigma=[0.178, 0.281, 0.149, 0.100, 0.100, 0.100, 0.101, 0.100, 0.100, 0.256, 0.100, 0.100, 0.100, 0.100, 0.105, 0.100, 0.100, 0.100, 0.100, 0.100, 0.100, 0.100, 0.100, 0.100, 0.100, 0.100, 0.100, 0.100, 0.100, 0.100, 0.152, 0.289]
    Layer 24: sigma=[0.100, 0.100, 0.100, 0.100, 0.100, 0.100, 0.100, 0.100, 0.100, 0.100, 0.100, 0.100, 0.100, 0.100, 0.100, 0.157, 0.100, 0.100, 0.100, 0.100, 0.100, 0.100, 0.100, 0.100, 0.200, 0.462, 0.100, 0.394, 0.100, 0.100, 0.100, 0.100]
    Layer 26: sigma=[0.129, 0.100, 0.100, 0.100, 0.100, 0.100, 0.100, 0.100, 0.100, 0.100, 0.100, 0.100, 0.100, 0.100, 0.100, 0.100, 0.100, 0.100, 0.100, 0.100, 0.100, 0.100, 0.100, 0.100, 0.100, 0.100, 0.100, 0.100, 0.100, 0.100, 0.100, 0.100]
    Layer 27: sigma=[0.100, 0.100, 0.100, 0.100, 0.100, 0.100, 0.100, 0.100, 0.100, 0.100, 0.100, 0.100, 0.100, 0.100, 0.100, 0.100, 0.100, 0.100, 0.100, 0.100, 0.100, 0.100, 0.100, 0.100, 0.100, 0.100, 0.100, 0.100, 0.100, 0.123, 0.100, 0.100]
    Layer 28: sigma=[0.100, 0.100, 0.100, 0.100, 0.100, 0.109, 0.100, 0.117, 0.100, 0.100, 0.100, 0.100, 0.100, 0.100, 0.100, 0.100, 0.100, 0.100, 0.100, 0.100, 0.100, 0.100, 0.100, 0.100, 0.100, 0.100, 0.100, 0.100, 0.100, 0.100, 0.100, 0.100]
    Layer 29: sigma=[0.100, 0.100, 0.100, 0.100, 0.100, 0.100, 0.100, 0.100, 0.100, 0.100, 0.100, 0.100, 0.100, 0.100, 0.100, 0.100, 0.100, 0.100, 0.100, 0.100, 0.100, 0.100, 0.100, 0.100, 0.100, 0.100, 0.100, 0.100, 0.100, 0.100, 0.100, 0.100]
    Layer 30: sigma=[0.100, 0.100, 0.100, 0.100, 0.100, 0.100, 0.100, 0.100, 0.100, 0.100, 0.100, 0.100, 0.100, 0.100, 0.100, 0.100, 0.100, 0.100, 0.100, 0.100, 0.100, 0.100, 0.100, 0.100, 0.100, 0.100, 0.100, 0.100, 0.100, 0.100, 0.100, 0.100]
    Layer 31: sigma=[0.100, 0.100, 0.100, 0.100, 0.100, 0.100, 0.100, 0.100, 0.100, 0.100, 0.100, 0.100, 0.100, 0.100, 0.100, 0.100, 0.100, 0.100, 0.100, 0.100, 0.100, 0.100, 0.100, 0.100, 0.100, 0.100, 0.100, 0.100, 0.100, 0.100, 0.100, 0.100]
    Layer 32: sigma=[0.100, 0.100, 0.100, 0.100, 0.100, 0.100, 0.100, 0.100, 0.100, 0.100, 0.100, 0.100, 0.100, 0.100, 0.100, 0.100, 0.100, 0.100, 0.100, 0.100, 0.100, 0.100, 0.100, 0.100, 0.100, 0.100, 0.100, 0.100, 0.100, 0.100, 0.100, 0.100]
    Layer 33: sigma=[0.100, 0.100, 0.100, 0.100, 0.100, 0.100, 0.100, 0.100, 0.100, 0.100, 0.100, 0.100, 0.100, 0.100, 0.100, 0.100, 0.100, 0.100, 0.100, 0.100, 0.100, 0.100, 0.100, 0.100, 0.100, 0.100, 0.100, 0.100, 0.100, 0.100, 0.100, 0.100]
    Layer 34: sigma=[0.100, 0.100, 0.100, 0.100, 0.100, 0.100, 0.100, 0.100, 0.100, 0.100, 0.100, 0.100, 0.100, 0.100, 0.100, 0.100, 0.101, 0.100, 0.100, 0.100, 0.100, 0.100, 0.100, 0.100, 0.100, 0.100, 0.100, 0.100, 0.100, 0.100, 0.100, 0.100]
    Layer 35: sigma=[0.100, 0.100, 0.100, 0.100, 0.100, 0.100, 0.100, 0.100, 0.100, 0.100, 0.100, 0.100, 0.100, 0.100, 0.100, 0.100, 0.100, 0.100, 0.100, 0.100, 0.100, 0.100, 0.125, 0.100, 0.100, 0.100, 0.100, 0.100, 0.100, 0.100, 0.100, 0.100]

  [Taylor Step 3/3] g_proj = v_proj * alpha (damping=0.01)...
    Layer  0: alpha=0.060266  teacher_rms=0.0163  v_rms=0.0027
    Layer  1: alpha=0.060983  teacher_rms=0.0205  v_rms=0.0034
    Layer  2: alpha=0.057000  teacher_rms=0.0214  v_rms=0.0038
    Layer  3: alpha=0.048670  teacher_rms=0.0259  v_rms=0.0053
    Layer  4: alpha=0.047438  teacher_rms=0.0304  v_rms=0.0064
    Layer  5: alpha=0.061876  teacher_rms=0.0409  v_rms=0.0066
    Layer  6: alpha=0.078372  teacher_rms=0.0621  v_rms=0.0079
    Layer  7: alpha=0.045875  teacher_rms=0.0530  v_rms=0.0115
    Layer  8: alpha=0.047705  teacher_rms=0.0708  v_rms=0.0148
    Layer  9: alpha=0.032758  teacher_rms=0.0713  v_rms=0.0218
    Layer 10: alpha=0.051225  teacher_rms=0.1092  v_rms=0.0213
    Layer 11: alpha=0.062699  teacher_rms=0.1046  v_rms=0.0167
    Layer 12: alpha=0.061283  teacher_rms=0.1207  v_rms=0.0197
    Layer 13: alpha=0.054549  teacher_rms=0.1040  v_rms=0.0191
    Layer 14: alpha=0.065364  teacher_rms=0.1547  v_rms=0.0237
    Layer 15: alpha=0.057896  teacher_rms=0.1576  v_rms=0.0272
    Layer 16: alpha=0.044217  teacher_rms=0.1473  v_rms=0.0333
    Layer 17: alpha=0.042684  teacher_rms=0.1753  v_rms=0.0411
    Layer 18: alpha=0.045748  teacher_rms=0.1990  v_rms=0.0435
    Layer 19: alpha=0.054150  teacher_rms=0.2060  v_rms=0.0381
    Layer 20: alpha=0.057039  teacher_rms=0.1966  v_rms=0.0345
    Layer 21: alpha=0.047213  teacher_rms=0.2373  v_rms=0.0503
    Layer 22: alpha=0.056627  teacher_rms=0.2834  v_rms=0.0500
    Layer 23: alpha=0.049793  teacher_rms=0.3098  v_rms=0.0622
    Layer 24: alpha=0.031658  teacher_rms=0.2897  v_rms=0.0915
    Layer 26: alpha=0.028947  teacher_rms=0.2124  v_rms=0.0734
    Layer 27: alpha=0.036866  teacher_rms=0.3083  v_rms=0.0836
    Layer 28: alpha=0.042464  teacher_rms=0.3705  v_rms=0.0873
    Layer 29: alpha=0.017344  teacher_rms=0.2548  v_rms=0.1469
    Layer 30: alpha=0.029045  teacher_rms=0.4297  v_rms=0.1480
    Layer 31: alpha=0.021214  teacher_rms=0.3785  v_rms=0.1784
    Layer 32: alpha=0.023899  teacher_rms=0.5288  v_rms=0.2213
    Layer 33: alpha=0.018560  teacher_rms=0.6404  v_rms=0.3451
    Layer 34: alpha=0.033186  teacher_rms=1.0325  v_rms=0.3111
    Layer 35: alpha=0.059717  teacher_rms=1.0168  v_rms=0.1703

  Set g_proj = v_proj * alpha in 35 GDN layers (damping=0.01).
  Init (taylor_init) done in 406.5s
  Layer 25: PPL = 2223494.50  (eval 14.7s)

============================================================
  Probing layer 26 | strategy=taylor_init
============================================================
Loading checkpoint shards:   0%|          | 0/4 [00:00<?, ?it/s]Loading checkpoint shards: 100%|██████████| 4/4 [00:00<00:00, 63.25it/s]
Could not cache non-existence of file. Will ignore error and continue. Error: [Errno 13] Permission denied: '/data/shared/huggingface/hub/models--Qwen--Qwen3-8B/.no_exist/b968826d9c46dd6066d109eabc6255188de91218/model.safetensors'
Loading checkpoint shards:   0%|          | 0/5 [00:00<?, ?it/s]Loading checkpoint shards: 100%|██████████| 5/5 [00:00<00:00, 190.12it/s]
Token indices sequence length is longer than the specified maximum sequence length for this model (2429029 > 131072). Running this sequence through the model will result in indexing errors
  [Taylor Step 1/3] Gate calibration from attention stats...
    Layer  0: dist=[32, 3, 12, 35, 12, 26, 9, 11, 19, 6, 8, 9, 18, 34, 31, 10, 16, 19, 16, 14, 13, 23, 4, 12, 5, 52, 10, 43, 15, 36, 15, 14]
    Layer  1: dist=[19, 38, 25, 44, 3, 15, 31, 11, 45, 36, 65, 60, 34, 47, 51, 38, 32, 54, 57, 33, 56, 24, 40, 40, 37, 9, 44, 41, 83, 31, 37, 49]
    Layer  2: dist=[65, 65, 67, 62, 26, 45, 33, 43, 39, 47, 56, 56, 53, 46, 46, 60, 61, 49, 54, 43, 49, 67, 48, 50, 25, 24, 21, 35, 73, 73, 77, 74]
    Layer  3: dist=[65, 26, 13, 22, 87, 93, 83, 73, 56, 53, 62, 58, 90, 73, 75, 74, 59, 62, 51, 67, 74, 60, 64, 65, 64, 56, 52, 59, 70, 63, 72, 65]
    Layer  4: dist=[62, 63, 73, 67, 73, 56, 61, 89, 68, 69, 63, 60, 55, 55, 71, 61, 62, 65, 67, 70, 64, 61, 47, 64, 41, 51, 48, 34, 51, 66, 55, 55]
    Layer  5: dist=[36, 48, 55, 35, 61, 68, 52, 51, 5, 18, 73, 61, 54, 78, 59, 52, 41, 32, 50, 48, 51, 55, 48, 59, 73, 73, 80, 80, 43, 44, 46, 58]
    Layer  6: dist=[27, 40, 30, 31, 52, 46, 67, 61, 46, 25, 43, 38, 56, 64, 56, 30, 47, 34, 45, 40, 20, 30, 32, 14, 35, 50, 32, 49, 47, 43, 37, 53]
    Layer  7: dist=[55, 60, 64, 87, 126, 114, 127, 121, 88, 119, 99, 72, 108, 23, 53, 97, 80, 101, 85, 81, 106, 86, 112, 116, 64, 78, 47, 86, 97, 101, 101, 106]
    Layer  8: dist=[83, 87, 90, 58, 81, 77, 69, 78, 86, 99, 87, 90, 94, 86, 96, 70, 116, 107, 103, 96, 92, 106, 100, 111, 92, 72, 95, 67, 84, 72, 79, 74]
    Layer  9: dist=[76, 60, 61, 67, 83, 97, 96, 74, 123, 120, 118, 112, 27, 87, 63, 85, 93, 100, 114, 125, 87, 77, 60, 70, 119, 81, 91, 97, 125, 113, 127, 123]
    Layer 10: dist=[76, 71, 58, 74, 85, 102, 64, 74, 63, 88, 106, 49, 88, 67, 82, 86, 87, 102, 100, 107, 88, 60, 107, 90, 93, 107, 84, 77, 76, 65, 82, 90]
    Layer 11: dist=[78, 65, 79, 48, 53, 61, 78, 77, 102, 123, 109, 93, 82, 64, 65, 69, 69, 63, 61, 51, 77, 107, 89, 87, 67, 59, 56, 54, 95, 55, 55, 94]
    Layer 12: dist=[21, 72, 79, 61, 87, 83, 66, 70, 63, 62, 74, 77, 86, 81, 82, 87, 39, 68, 59, 94, 102, 112, 97, 103, 93, 2, 107, 38, 81, 88, 113, 91]
    Layer 13: dist=[52, 68, 66, 62, 52, 51, 65, 40, 86, 63, 99, 122, 128, 115, 109, 124, 85, 72, 57, 61, 93, 55, 83, 90, 84, 59, 72, 76, 113, 111, 96, 99]
    Layer 14: dist=[44, 64, 65, 46, 62, 45, 64, 65, 54, 57, 70, 68, 69, 76, 65, 67, 77, 86, 51, 64, 65, 31, 51, 81, 52, 67, 73, 64, 85, 88, 8, 89]
    Layer 15: dist=[80, 44, 79, 38, 37, 38, 79, 67, 90, 60, 46, 104, 68, 107, 79, 89, 61, 57, 64, 68, 58, 60, 50, 51, 49, 34, 86, 62, 72, 84, 71, 49]
    Layer 16: dist=[61, 57, 74, 85, 55, 58, 48, 55, 54, 82, 73, 84, 90, 69, 86, 86, 68, 71, 60, 62, 115, 118, 110, 103, 71, 54, 64, 10, 58, 59, 65, 56]
    Layer 17: dist=[111, 95, 79, 67, 53, 57, 39, 47, 90, 108, 79, 100, 40, 57, 71, 74, 44, 61, 61, 42, 75, 98, 93, 97, 58, 55, 57, 52, 53, 79, 93, 67]
    Layer 18: dist=[34, 45, 35, 33, 56, 78, 74, 57, 64, 67, 66, 79, 61, 60, 57, 62, 46, 74, 72, 52, 68, 47, 65, 96, 58, 62, 61, 63, 52, 53, 79, 56]
    Layer 19: dist=[73, 64, 63, 62, 76, 103, 54, 71, 81, 85, 84, 93, 63, 57, 75, 63, 84, 85, 49, 49, 21, 50, 33, 49, 102, 106, 102, 116, 77, 77, 73, 72]
    Layer 20: dist=[89, 79, 80, 77, 78, 51, 49, 57, 40, 36, 43, 39, 92, 79, 87, 96, 45, 51, 56, 39, 73, 111, 101, 98, 125, 97, 105, 85, 93, 79, 108, 108]
    Layer 21: dist=[44, 50, 56, 68, 115, 65, 96, 118, 118, 61, 71, 69, 46, 41, 44, 42, 75, 75, 83, 65, 89, 99, 95, 96, 64, 62, 60, 80, 73, 79, 60, 88]
    Layer 22: dist=[73, 60, 67, 63, 52, 72, 45, 56, 37, 49, 45, 59, 18, 86, 61, 64, 33, 79, 76, 41, 102, 115, 120, 121, 101, 84, 91, 95, 114, 92, 103, 95]
    Layer 23: dist=[39, 30, 48, 39, 110, 111, 41, 102, 79, 36, 45, 63, 75, 72, 79, 77, 82, 75, 74, 94, 72, 93, 82, 76, 78, 72, 68, 100, 91, 90, 83, 78]
    Layer 24: dist=[79, 124, 109, 101, 99, 109, 111, 97, 102, 105, 104, 84, 78, 75, 89, 74, 81, 86, 98, 88, 120, 103, 102, 117, 65, 73, 79, 51, 95, 111, 98, 88]
    Layer 25: dist=[105, 121, 118, 94, 71, 72, 107, 80, 96, 97, 85, 90, 65, 89, 50, 68, 93, 99, 97, 89, 102, 111, 105, 108, 110, 110, 99, 108, 88, 125, 98, 88]
    Layer 27: dist=[87, 108, 103, 117, 98, 105, 101, 86, 77, 100, 107, 99, 78, 109, 80, 86, 96, 99, 99, 104, 91, 112, 113, 92, 110, 113, 116, 117, 107, 77, 92, 117]
    Layer 28: dist=[103, 92, 102, 102, 82, 63, 80, 76, 96, 107, 92, 89, 112, 105, 96, 101, 112, 104, 104, 108, 119, 71, 60, 89, 91, 88, 99, 99, 92, 92, 71, 95]
    Layer 29: dist=[113, 114, 114, 113, 90, 112, 94, 114, 119, 113, 122, 105, 120, 120, 119, 120, 116, 106, 115, 121, 123, 123, 107, 125, 100, 114, 97, 92, 106, 95, 106, 109]
    Layer 30: dist=[75, 102, 99, 100, 102, 100, 90, 67, 117, 117, 115, 120, 105, 104, 113, 101, 97, 78, 120, 122, 51, 120, 100, 110, 119, 119, 119, 118, 106, 110, 107, 102]
    Layer 31: dist=[119, 117, 99, 98, 112, 113, 114, 116, 114, 77, 87, 91, 117, 116, 117, 115, 101, 101, 106, 94, 119, 116, 108, 119, 112, 109, 89, 120, 112, 106, 102, 110]
    Layer 32: dist=[110, 114, 114, 111, 116, 119, 116, 117, 110, 111, 117, 115, 93, 113, 108, 91, 118, 106, 109, 111, 123, 92, 114, 120, 71, 95, 80, 105, 116, 107, 99, 103]
    Layer 33: dist=[102, 120, 112, 119, 91, 102, 57, 94, 116, 116, 113, 113, 114, 115, 113, 116, 114, 117, 106, 109, 112, 96, 110, 113, 111, 119, 122, 118, 110, 111, 107, 104]
    Layer 34: dist=[110, 109, 112, 113, 105, 111, 108, 102, 53, 93, 114, 86, 117, 115, 120, 81, 82, 89, 126, 55, 119, 51, 118, 119, 122, 122, 125, 122, 54, 62, 68, 109]
    Layer 35: dist=[105, 123, 71, 97, 82, 36, 112, 100, 85, 94, 112, 96, 63, 28, 49, 40, 98, 74, 84, 48, 90, 102, 55, 54, 66, 49, 68, 72, 73, 115, 122, 117]

  [Taylor Step 2/3] OLS sigma per head (scaling V, streaming)...
    Layer  0: sigma=[0.615, 0.100, 0.100, 0.100, 0.332, 0.378, 0.100, 0.100, 0.100, 0.148, 0.100, 0.100, 0.100, 0.100, 0.100, 0.258, 0.100, 0.100, 0.100, 0.100, 0.100, 0.100, 0.100, 0.100, 0.100, 0.100, 0.350, 0.100, 0.100, 0.100, 0.161, 0.100]
    Layer  1: sigma=[0.353, 0.100, 0.100, 0.100, 0.100, 0.100, 0.100, 0.100, 0.100, 0.162, 0.246, 0.100, 0.100, 0.100, 0.100, 0.100, 0.100, 0.100, 0.100, 0.100, 0.100, 0.100, 0.100, 0.116, 0.100, 0.100, 0.115, 0.100, 0.100, 0.100, 0.100, 0.100]
    Layer  2: sigma=[0.100, 0.100, 0.100, 0.100, 0.100, 0.100, 0.100, 0.100, 0.109, 0.100, 0.100, 0.100, 0.100, 0.144, 0.100, 0.100, 0.100, 0.219, 0.100, 0.100, 0.100, 0.100, 0.100, 0.100, 0.100, 0.172, 0.100, 0.100, 0.100, 0.100, 0.100, 0.100]
    Layer  3: sigma=[0.100, 0.324, 0.100, 0.157, 0.100, 0.100, 0.100, 0.100, 0.100, 0.100, 0.100, 0.100, 0.100, 0.100, 0.100, 0.100, 0.100, 0.100, 0.100, 0.100, 0.100, 0.106, 0.100, 0.100, 0.100, 0.100, 0.100, 0.100, 0.100, 0.100, 0.100, 0.100]
    Layer  4: sigma=[0.100, 0.100, 0.100, 0.100, 0.100, 0.100, 0.100, 0.100, 0.100, 0.100, 0.100, 0.100, 0.100, 0.100, 0.100, 0.100, 0.100, 0.100, 0.100, 0.100, 0.133, 0.138, 0.316, 0.100, 0.100, 0.100, 0.100, 0.100, 0.100, 0.100, 0.100, 0.100]
    Layer  5: sigma=[0.100, 0.100, 0.100, 0.100, 0.100, 0.100, 0.100, 0.100, 0.100, 0.139, 0.100, 0.109, 0.100, 0.100, 0.100, 0.122, 0.100, 0.183, 0.100, 0.100, 0.100, 0.100, 0.100, 0.100, 0.100, 0.100, 0.100, 0.100, 0.100, 0.100, 0.100, 0.100]
    Layer  6: sigma=[0.100, 0.100, 0.100, 0.100, 0.100, 0.100, 0.100, 0.100, 0.100, 0.100, 0.100, 0.100, 0.100, 0.100, 0.100, 0.100, 0.100, 0.100, 0.100, 0.100, 0.157, 0.100, 0.100, 0.100, 0.100, 0.100, 0.100, 0.100, 0.100, 0.100, 0.100, 0.100]
    Layer  7: sigma=[0.100, 0.167, 0.100, 0.100, 0.109, 0.100, 0.100, 0.100, 0.100, 0.100, 0.100, 0.100, 0.100, 0.100, 0.100, 0.100, 0.100, 0.100, 0.100, 0.100, 0.100, 0.100, 0.100, 0.100, 0.100, 0.100, 0.100, 0.100, 0.100, 0.100, 0.100, 0.100]
    Layer  8: sigma=[0.100, 0.100, 0.100, 0.100, 0.100, 0.100, 0.100, 0.100, 0.100, 0.100, 0.100, 0.100, 0.100, 0.100, 0.100, 0.100, 0.100, 0.100, 0.100, 0.100, 0.100, 0.100, 0.100, 0.100, 0.100, 0.100, 0.100, 0.202, 0.100, 0.100, 0.100, 0.100]
    Layer  9: sigma=[0.100, 0.100, 0.100, 0.100, 0.100, 0.100, 0.100, 0.100, 0.100, 0.100, 0.100, 0.100, 0.100, 0.100, 0.536, 0.135, 0.100, 0.100, 0.100, 0.100, 0.100, 0.100, 0.100, 0.100, 0.100, 0.100, 0.100, 0.100, 0.100, 0.100, 0.100, 0.100]
    Layer 10: sigma=[0.100, 0.100, 0.100, 0.100, 0.100, 0.100, 0.100, 0.100, 0.100, 0.100, 0.100, 0.100, 0.100, 0.100, 0.100, 0.100, 0.100, 0.100, 0.100, 0.100, 0.100, 0.100, 0.100, 0.100, 0.100, 0.100, 0.100, 0.100, 0.100, 0.100, 0.100, 0.100]
    Layer 11: sigma=[0.100, 0.100, 0.100, 0.100, 0.146, 0.100, 0.100, 0.100, 0.100, 0.109, 0.100, 0.100, 0.100, 0.100, 0.249, 0.100, 0.100, 0.100, 0.100, 0.100, 0.100, 0.100, 0.100, 0.100, 0.100, 0.100, 0.168, 0.100, 0.100, 0.100, 0.100, 0.100]
    Layer 12: sigma=[0.100, 0.100, 0.100, 0.100, 0.100, 0.100, 0.100, 0.100, 0.100, 0.107, 0.100, 0.106, 0.100, 0.100, 0.100, 0.100, 0.100, 0.290, 0.153, 0.100, 0.100, 0.100, 0.100, 0.100, 0.100, 0.100, 0.100, 0.208, 0.100, 0.100, 0.120, 0.100]
    Layer 13: sigma=[0.232, 0.100, 0.100, 0.363, 0.100, 0.100, 0.100, 0.100, 0.100, 0.100, 0.100, 0.100, 0.100, 0.100, 0.100, 0.100, 0.100, 0.100, 0.100, 0.100, 0.100, 0.100, 0.100, 0.100, 0.100, 0.100, 0.100, 0.100, 0.100, 0.100, 0.100, 0.100]
    Layer 14: sigma=[0.100, 0.100, 0.100, 0.100, 0.100, 0.361, 0.100, 0.100, 0.100, 0.100, 0.100, 0.100, 0.100, 0.100, 0.100, 0.100, 0.100, 0.100, 0.100, 0.100, 0.100, 0.100, 0.100, 0.100, 0.111, 0.120, 0.100, 0.100, 0.100, 0.100, 0.100, 0.100]
    Layer 15: sigma=[0.100, 0.210, 0.100, 0.100, 0.100, 0.109, 0.100, 0.100, 0.100, 0.100, 0.100, 0.100, 0.206, 0.100, 0.100, 0.100, 0.100, 0.100, 0.100, 0.100, 0.100, 0.100, 0.100, 0.100, 0.139, 0.100, 0.100, 0.100, 0.100, 0.100, 0.100, 0.100]
    Layer 16: sigma=[0.100, 0.100, 0.100, 0.100, 0.100, 0.100, 0.100, 0.100, 0.100, 0.100, 0.100, 0.100, 0.100, 0.100, 0.100, 0.100, 0.100, 0.100, 0.100, 0.100, 0.100, 0.100, 0.100, 0.100, 0.100, 0.100, 0.100, 0.453, 0.100, 0.100, 0.100, 0.100]
    Layer 17: sigma=[0.100, 0.100, 0.100, 0.100, 0.100, 0.150, 0.100, 0.100, 0.100, 0.100, 0.100, 0.100, 0.100, 0.100, 0.100, 0.100, 0.154, 0.100, 0.100, 0.374, 0.100, 0.100, 0.100, 0.102, 0.139, 0.100, 0.411, 0.100, 0.100, 0.100, 0.100, 0.100]
    Layer 18: sigma=[0.100, 0.520, 0.100, 0.100, 0.100, 0.100, 0.100, 0.193, 0.100, 0.100, 0.100, 0.100, 0.100, 0.100, 0.100, 0.100, 0.148, 0.100, 0.100, 0.100, 0.100, 0.100, 0.100, 0.100, 0.100, 0.100, 0.100, 0.100, 0.100, 0.100, 0.100, 0.100]
    Layer 19: sigma=[0.100, 0.100, 0.100, 0.100, 0.100, 0.100, 0.100, 0.100, 0.100, 0.100, 0.100, 0.100, 0.181, 0.100, 0.100, 0.199, 0.100, 0.100, 0.100, 0.311, 0.100, 0.100, 0.100, 0.104, 0.100, 0.100, 0.100, 0.100, 0.100, 0.100, 0.100, 0.100]
    Layer 20: sigma=[0.100, 0.100, 0.100, 0.100, 0.100, 0.219, 0.100, 0.100, 0.147, 0.107, 0.100, 0.100, 0.100, 0.100, 0.100, 0.110, 0.100, 0.109, 0.100, 0.100, 0.100, 0.100, 0.100, 0.100, 0.100, 0.100, 0.100, 0.100, 0.100, 0.100, 0.100, 0.100]
    Layer 21: sigma=[0.100, 0.136, 0.100, 0.100, 0.100, 0.100, 0.100, 0.100, 0.100, 0.149, 0.100, 0.293, 0.100, 0.100, 0.128, 0.100, 0.100, 0.100, 0.100, 0.100, 0.100, 0.110, 0.100, 0.100, 0.158, 0.100, 0.100, 0.100, 0.100, 0.100, 0.285, 0.100]
    Layer 22: sigma=[0.147, 0.100, 0.100, 0.100, 0.166, 0.131, 0.102, 0.283, 0.103, 0.100, 0.100, 0.100, 0.100, 0.100, 0.100, 0.112, 0.100, 0.100, 0.100, 0.110, 0.100, 0.100, 0.100, 0.100, 0.100, 0.100, 0.100, 0.100, 0.100, 0.100, 0.100, 0.100]
    Layer 23: sigma=[0.172, 0.289, 0.168, 0.100, 0.100, 0.100, 0.138, 0.100, 0.100, 0.236, 0.100, 0.100, 0.100, 0.100, 0.100, 0.100, 0.100, 0.100, 0.100, 0.100, 0.100, 0.100, 0.100, 0.100, 0.100, 0.100, 0.100, 0.100, 0.100, 0.100, 0.146, 0.254]
    Layer 24: sigma=[0.100, 0.100, 0.100, 0.100, 0.100, 0.100, 0.100, 0.100, 0.100, 0.100, 0.100, 0.100, 0.100, 0.100, 0.100, 0.111, 0.100, 0.100, 0.100, 0.100, 0.100, 0.100, 0.100, 0.100, 0.211, 0.332, 0.100, 0.390, 0.100, 0.100, 0.100, 0.100]
    Layer 25: sigma=[0.100, 0.100, 0.100, 0.100, 0.100, 0.100, 0.100, 0.100, 0.100, 0.100, 0.100, 0.100, 0.100, 0.100, 0.100, 0.100, 0.100, 0.100, 0.100, 0.100, 0.100, 0.100, 0.100, 0.100, 0.100, 0.100, 0.100, 0.100, 0.100, 0.100, 0.100, 0.100]
    Layer 27: sigma=[0.100, 0.100, 0.100, 0.100, 0.100, 0.100, 0.100, 0.100, 0.100, 0.100, 0.100, 0.100, 0.100, 0.100, 0.100, 0.100, 0.100, 0.100, 0.100, 0.100, 0.100, 0.100, 0.100, 0.100, 0.100, 0.100, 0.100, 0.100, 0.100, 0.108, 0.100, 0.100]
    Layer 28: sigma=[0.100, 0.100, 0.100, 0.100, 0.100, 0.112, 0.100, 0.155, 0.100, 0.100, 0.100, 0.100, 0.100, 0.100, 0.100, 0.100, 0.100, 0.100, 0.100, 0.100, 0.100, 0.100, 0.100, 0.100, 0.100, 0.100, 0.100, 0.100, 0.100, 0.100, 0.100, 0.100]
    Layer 29: sigma=[0.100, 0.100, 0.100, 0.100, 0.100, 0.100, 0.100, 0.100, 0.100, 0.100, 0.100, 0.100, 0.100, 0.100, 0.100, 0.100, 0.100, 0.100, 0.100, 0.100, 0.100, 0.100, 0.100, 0.100, 0.100, 0.100, 0.100, 0.100, 0.100, 0.100, 0.100, 0.100]
    Layer 30: sigma=[0.100, 0.100, 0.100, 0.100, 0.100, 0.100, 0.100, 0.100, 0.100, 0.100, 0.100, 0.100, 0.100, 0.100, 0.100, 0.100, 0.115, 0.100, 0.100, 0.100, 0.100, 0.100, 0.100, 0.100, 0.100, 0.100, 0.100, 0.100, 0.100, 0.100, 0.100, 0.100]
    Layer 31: sigma=[0.100, 0.100, 0.100, 0.100, 0.100, 0.100, 0.100, 0.100, 0.100, 0.100, 0.100, 0.100, 0.100, 0.100, 0.100, 0.100, 0.100, 0.100, 0.100, 0.100, 0.100, 0.100, 0.100, 0.100, 0.100, 0.100, 0.100, 0.100, 0.100, 0.100, 0.100, 0.100]
    Layer 32: sigma=[0.100, 0.100, 0.100, 0.100, 0.100, 0.100, 0.100, 0.100, 0.100, 0.100, 0.100, 0.100, 0.100, 0.100, 0.100, 0.100, 0.100, 0.100, 0.100, 0.100, 0.100, 0.100, 0.100, 0.100, 0.100, 0.100, 0.100, 0.100, 0.100, 0.100, 0.100, 0.100]
    Layer 33: sigma=[0.100, 0.100, 0.100, 0.100, 0.100, 0.100, 0.100, 0.100, 0.100, 0.100, 0.100, 0.100, 0.100, 0.100, 0.100, 0.100, 0.100, 0.100, 0.100, 0.100, 0.100, 0.100, 0.100, 0.100, 0.100, 0.100, 0.100, 0.100, 0.100, 0.100, 0.100, 0.100]
    Layer 34: sigma=[0.100, 0.100, 0.100, 0.100, 0.100, 0.100, 0.100, 0.100, 0.100, 0.100, 0.100, 0.100, 0.100, 0.100, 0.100, 0.100, 0.100, 0.100, 0.100, 0.100, 0.100, 0.100, 0.100, 0.100, 0.100, 0.100, 0.100, 0.100, 0.100, 0.100, 0.100, 0.100]
    Layer 35: sigma=[0.100, 0.100, 0.100, 0.100, 0.104, 0.100, 0.100, 0.100, 0.100, 0.100, 0.100, 0.100, 0.100, 0.100, 0.100, 0.100, 0.100, 0.100, 0.100, 0.100, 0.100, 0.100, 0.112, 0.100, 0.100, 0.100, 0.100, 0.100, 0.100, 0.100, 0.100, 0.100]

  [Taylor Step 3/3] g_proj = v_proj * alpha (damping=0.01)...
    Layer  0: alpha=0.060430  teacher_rms=0.0163  v_rms=0.0027
    Layer  1: alpha=0.060796  teacher_rms=0.0205  v_rms=0.0034
    Layer  2: alpha=0.057038  teacher_rms=0.0214  v_rms=0.0038
    Layer  3: alpha=0.048694  teacher_rms=0.0259  v_rms=0.0053
    Layer  4: alpha=0.047410  teacher_rms=0.0304  v_rms=0.0064
    Layer  5: alpha=0.061712  teacher_rms=0.0409  v_rms=0.0066
    Layer  6: alpha=0.078288  teacher_rms=0.0621  v_rms=0.0079
    Layer  7: alpha=0.045772  teacher_rms=0.0530  v_rms=0.0116
    Layer  8: alpha=0.046769  teacher_rms=0.0708  v_rms=0.0151
    Layer  9: alpha=0.036234  teacher_rms=0.0713  v_rms=0.0197
    Layer 10: alpha=0.051225  teacher_rms=0.1092  v_rms=0.0213
    Layer 11: alpha=0.062470  teacher_rms=0.1046  v_rms=0.0167
    Layer 12: alpha=0.061651  teacher_rms=0.1207  v_rms=0.0196
    Layer 13: alpha=0.051967  teacher_rms=0.1040  v_rms=0.0200
    Layer 14: alpha=0.066151  teacher_rms=0.1547  v_rms=0.0234
    Layer 15: alpha=0.057132  teacher_rms=0.1576  v_rms=0.0276
    Layer 16: alpha=0.041119  teacher_rms=0.1473  v_rms=0.0358
    Layer 17: alpha=0.044256  teacher_rms=0.1753  v_rms=0.0396
    Layer 18: alpha=0.042467  teacher_rms=0.1990  v_rms=0.0469
    Layer 19: alpha=0.053202  teacher_rms=0.2060  v_rms=0.0387
    Layer 20: alpha=0.056040  teacher_rms=0.1966  v_rms=0.0351
    Layer 21: alpha=0.049648  teacher_rms=0.2373  v_rms=0.0478
    Layer 22: alpha=0.054136  teacher_rms=0.2834  v_rms=0.0524
    Layer 23: alpha=0.050459  teacher_rms=0.3098  v_rms=0.0614
    Layer 24: alpha=0.033776  teacher_rms=0.2897  v_rms=0.0858
    Layer 25: alpha=0.040058  teacher_rms=0.2376  v_rms=0.0593
    Layer 27: alpha=0.037016  teacher_rms=0.3083  v_rms=0.0833
    Layer 28: alpha=0.041908  teacher_rms=0.3705  v_rms=0.0884
    Layer 29: alpha=0.017344  teacher_rms=0.2548  v_rms=0.1469
    Layer 30: alpha=0.028892  teacher_rms=0.4297  v_rms=0.1487
    Layer 31: alpha=0.021214  teacher_rms=0.3785  v_rms=0.1784
    Layer 32: alpha=0.023899  teacher_rms=0.5288  v_rms=0.2213
    Layer 33: alpha=0.018560  teacher_rms=0.6404  v_rms=0.3451
    Layer 34: alpha=0.033190  teacher_rms=1.0325  v_rms=0.3111
    Layer 35: alpha=0.059867  teacher_rms=1.0168  v_rms=0.1698

  Set g_proj = v_proj * alpha in 35 GDN layers (damping=0.01).
  Init (taylor_init) done in 333.3s
  Layer 26: PPL = 1028153.56  (eval 13.2s)

============================================================
  Probing layer 27 | strategy=taylor_init
============================================================
Loading checkpoint shards:   0%|          | 0/4 [00:00<?, ?it/s]Loading checkpoint shards: 100%|██████████| 4/4 [00:00<00:00, 151.65it/s]
Could not cache non-existence of file. Will ignore error and continue. Error: [Errno 13] Permission denied: '/data/shared/huggingface/hub/models--Qwen--Qwen3-8B/.no_exist/b968826d9c46dd6066d109eabc6255188de91218/model.safetensors'
Loading checkpoint shards:   0%|          | 0/5 [00:00<?, ?it/s]Loading checkpoint shards: 100%|██████████| 5/5 [00:00<00:00, 178.01it/s]
Token indices sequence length is longer than the specified maximum sequence length for this model (2429029 > 131072). Running this sequence through the model will result in indexing errors
  [Taylor Step 1/3] Gate calibration from attention stats...
    Layer  0: dist=[32, 3, 12, 35, 12, 26, 9, 11, 19, 6, 8, 9, 18, 34, 31, 10, 16, 19, 16, 14, 13, 23, 4, 12, 5, 52, 10, 43, 15, 36, 15, 14]
    Layer  1: dist=[19, 38, 25, 44, 3, 15, 31, 11, 45, 36, 65, 60, 34, 47, 51, 38, 32, 54, 57, 33, 56, 24, 40, 40, 37, 9, 44, 41, 83, 31, 37, 49]
    Layer  2: dist=[65, 65, 67, 62, 26, 45, 33, 43, 39, 47, 56, 56, 53, 46, 46, 60, 61, 49, 54, 43, 49, 67, 48, 50, 25, 24, 21, 35, 73, 73, 77, 74]
    Layer  3: dist=[65, 26, 13, 22, 87, 93, 83, 73, 56, 53, 62, 58, 90, 73, 75, 74, 59, 62, 51, 67, 74, 60, 64, 65, 64, 56, 52, 59, 70, 63, 72, 65]
    Layer  4: dist=[62, 63, 73, 67, 73, 56, 61, 89, 68, 69, 63, 60, 55, 55, 71, 61, 62, 65, 67, 70, 64, 61, 47, 64, 41, 51, 48, 34, 51, 66, 55, 55]
    Layer  5: dist=[36, 48, 55, 35, 61, 68, 52, 51, 5, 18, 73, 61, 54, 78, 59, 52, 41, 32, 50, 48, 51, 55, 48, 59, 73, 73, 80, 80, 43, 44, 46, 58]
    Layer  6: dist=[27, 40, 30, 31, 52, 46, 67, 61, 46, 25, 43, 38, 56, 64, 56, 30, 47, 34, 45, 40, 20, 30, 32, 14, 35, 50, 32, 49, 47, 43, 37, 53]
    Layer  7: dist=[55, 60, 64, 87, 126, 114, 127, 121, 88, 119, 99, 72, 108, 23, 53, 97, 80, 101, 85, 81, 106, 86, 112, 116, 64, 78, 47, 86, 97, 101, 101, 106]
    Layer  8: dist=[83, 87, 90, 58, 81, 77, 69, 78, 86, 99, 87, 90, 94, 86, 96, 70, 116, 107, 103, 96, 92, 106, 100, 111, 92, 72, 95, 67, 84, 72, 79, 74]
    Layer  9: dist=[76, 60, 61, 67, 83, 97, 96, 74, 123, 120, 118, 112, 27, 87, 63, 85, 93, 100, 114, 125, 87, 77, 60, 70, 119, 81, 91, 97, 125, 113, 127, 123]
    Layer 10: dist=[76, 71, 58, 74, 85, 102, 64, 74, 63, 88, 106, 49, 88, 67, 82, 86, 87, 102, 100, 107, 88, 60, 107, 90, 93, 107, 84, 77, 76, 65, 82, 90]
    Layer 11: dist=[78, 65, 79, 48, 53, 61, 78, 77, 102, 123, 109, 93, 82, 64, 65, 69, 69, 63, 61, 51, 77, 107, 89, 87, 67, 59, 56, 54, 95, 55, 55, 94]
    Layer 12: dist=[21, 72, 79, 61, 87, 83, 66, 70, 63, 62, 74, 77, 86, 81, 82, 87, 39, 68, 59, 94, 102, 112, 97, 103, 93, 2, 107, 38, 81, 88, 113, 91]
    Layer 13: dist=[52, 68, 66, 62, 52, 51, 65, 40, 86, 63, 99, 122, 128, 115, 109, 124, 85, 72, 57, 61, 93, 55, 83, 90, 84, 59, 72, 76, 113, 111, 96, 99]
    Layer 14: dist=[44, 64, 65, 46, 62, 45, 64, 65, 54, 57, 70, 68, 69, 76, 65, 67, 77, 86, 51, 64, 65, 31, 51, 81, 52, 67, 73, 64, 85, 88, 8, 89]
    Layer 15: dist=[80, 44, 79, 38, 37, 38, 79, 67, 90, 60, 46, 104, 68, 107, 79, 89, 61, 57, 64, 68, 58, 60, 50, 51, 49, 34, 86, 62, 72, 84, 71, 49]
    Layer 16: dist=[61, 57, 74, 85, 55, 58, 48, 55, 54, 82, 73, 84, 90, 69, 86, 86, 68, 71, 60, 62, 115, 118, 110, 103, 71, 54, 64, 10, 58, 59, 65, 56]
    Layer 17: dist=[111, 95, 79, 67, 53, 57, 39, 47, 90, 108, 79, 100, 40, 57, 71, 74, 44, 61, 61, 42, 75, 98, 93, 97, 58, 55, 57, 52, 53, 79, 93, 67]
    Layer 18: dist=[34, 45, 35, 33, 56, 78, 74, 57, 64, 67, 66, 79, 61, 60, 57, 62, 46, 74, 72, 52, 68, 47, 65, 96, 58, 62, 61, 63, 52, 53, 79, 56]
    Layer 19: dist=[73, 64, 63, 62, 76, 103, 54, 71, 81, 85, 84, 93, 63, 57, 75, 63, 84, 85, 49, 49, 21, 50, 33, 49, 102, 106, 102, 116, 77, 77, 73, 72]
    Layer 20: dist=[89, 79, 80, 77, 78, 51, 49, 57, 40, 36, 43, 39, 92, 79, 87, 96, 45, 51, 56, 39, 73, 111, 101, 98, 125, 97, 105, 85, 93, 79, 108, 108]
    Layer 21: dist=[44, 50, 56, 68, 115, 65, 96, 118, 118, 61, 71, 69, 46, 41, 44, 42, 75, 75, 83, 65, 89, 99, 95, 96, 64, 62, 60, 80, 73, 79, 60, 88]
    Layer 22: dist=[73, 60, 67, 63, 52, 72, 45, 56, 37, 49, 45, 59, 18, 86, 61, 64, 33, 79, 76, 41, 102, 115, 120, 121, 101, 84, 91, 95, 114, 92, 103, 95]
    Layer 23: dist=[39, 30, 48, 39, 110, 111, 41, 102, 79, 36, 45, 63, 75, 72, 79, 77, 82, 75, 74, 94, 72, 93, 82, 76, 78, 72, 68, 100, 91, 90, 83, 78]
    Layer 24: dist=[79, 124, 109, 101, 99, 109, 111, 97, 102, 105, 104, 84, 78, 75, 89, 74, 81, 86, 98, 88, 120, 103, 102, 117, 65, 73, 79, 51, 95, 111, 98, 88]
    Layer 25: dist=[105, 121, 118, 94, 71, 72, 107, 80, 96, 97, 85, 90, 65, 89, 50, 68, 93, 99, 97, 89, 102, 111, 105, 108, 110, 110, 99, 108, 88, 125, 98, 88]
    Layer 26: dist=[80, 88, 106, 68, 115, 113, 113, 110, 102, 107, 105, 98, 100, 124, 116, 116, 86, 93, 99, 95, 102, 113, 122, 114, 99, 97, 102, 93, 115, 96, 114, 95]
    Layer 28: dist=[103, 92, 102, 102, 82, 63, 80, 76, 96, 107, 92, 89, 112, 105, 96, 101, 112, 104, 104, 108, 119, 71, 60, 89, 91, 88, 99, 99, 92, 92, 71, 95]
    Layer 29: dist=[113, 114, 114, 113, 90, 112, 94, 114, 119, 113, 122, 105, 120, 120, 119, 120, 116, 106, 115, 121, 123, 123, 107, 125, 100, 114, 97, 92, 106, 95, 106, 109]
    Layer 30: dist=[75, 102, 99, 100, 102, 100, 90, 67, 117, 117, 115, 120, 105, 104, 113, 101, 97, 78, 120, 122, 51, 120, 100, 110, 119, 119, 119, 118, 106, 110, 107, 102]
    Layer 31: dist=[119, 117, 99, 98, 112, 113, 114, 116, 114, 77, 87, 91, 117, 116, 117, 115, 101, 101, 106, 94, 119, 116, 108, 119, 112, 109, 89, 120, 112, 106, 102, 110]
    Layer 32: dist=[110, 114, 114, 111, 116, 119, 116, 117, 110, 111, 117, 115, 93, 113, 108, 91, 118, 106, 109, 111, 123, 92, 114, 120, 71, 95, 80, 105, 116, 107, 99, 103]
    Layer 33: dist=[102, 120, 112, 119, 91, 102, 57, 94, 116, 116, 113, 113, 114, 115, 113, 116, 114, 117, 106, 109, 112, 96, 110, 113, 111, 119, 122, 118, 110, 111, 107, 104]
    Layer 34: dist=[110, 109, 112, 113, 105, 111, 108, 102, 53, 93, 114, 86, 117, 115, 120, 81, 82, 89, 126, 55, 119, 51, 118, 119, 122, 122, 125, 122, 54, 62, 68, 109]
    Layer 35: dist=[105, 123, 71, 97, 82, 36, 112, 100, 85, 94, 112, 96, 63, 28, 49, 40, 98, 74, 84, 48, 90, 102, 55, 54, 66, 49, 68, 72, 73, 115, 122, 117]

  [Taylor Step 2/3] OLS sigma per head (scaling V, streaming)...
    Layer  0: sigma=[0.615, 0.100, 0.100, 0.100, 0.333, 0.377, 0.100, 0.100, 0.100, 0.149, 0.100, 0.100, 0.100, 0.100, 0.100, 0.259, 0.100, 0.100, 0.100, 0.100, 0.100, 0.100, 0.100, 0.100, 0.100, 0.100, 0.352, 0.100, 0.100, 0.100, 0.161, 0.100]
    Layer  1: sigma=[0.351, 0.100, 0.100, 0.100, 0.100, 0.100, 0.100, 0.100, 0.100, 0.166, 0.246, 0.100, 0.100, 0.100, 0.100, 0.100, 0.100, 0.100, 0.100, 0.100, 0.100, 0.100, 0.100, 0.117, 0.100, 0.100, 0.114, 0.100, 0.100, 0.100, 0.100, 0.100]
    Layer  2: sigma=[0.100, 0.100, 0.100, 0.100, 0.100, 0.100, 0.100, 0.100, 0.110, 0.100, 0.100, 0.100, 0.100, 0.145, 0.100, 0.100, 0.100, 0.220, 0.100, 0.100, 0.100, 0.100, 0.100, 0.100, 0.100, 0.171, 0.100, 0.100, 0.100, 0.100, 0.100, 0.100]
    Layer  3: sigma=[0.100, 0.322, 0.100, 0.161, 0.100, 0.100, 0.100, 0.100, 0.100, 0.100, 0.100, 0.100, 0.100, 0.100, 0.100, 0.100, 0.100, 0.100, 0.100, 0.100, 0.100, 0.105, 0.100, 0.100, 0.100, 0.100, 0.100, 0.100, 0.100, 0.100, 0.100, 0.100]
    Layer  4: sigma=[0.100, 0.100, 0.100, 0.100, 0.100, 0.100, 0.100, 0.100, 0.100, 0.100, 0.100, 0.100, 0.100, 0.100, 0.100, 0.100, 0.100, 0.100, 0.100, 0.100, 0.133, 0.139, 0.314, 0.100, 0.100, 0.100, 0.100, 0.100, 0.100, 0.100, 0.100, 0.100]
    Layer  5: sigma=[0.100, 0.100, 0.100, 0.100, 0.100, 0.100, 0.100, 0.100, 0.100, 0.135, 0.100, 0.107, 0.100, 0.100, 0.100, 0.121, 0.100, 0.177, 0.100, 0.100, 0.100, 0.100, 0.100, 0.100, 0.100, 0.100, 0.100, 0.100, 0.100, 0.100, 0.100, 0.100]
    Layer  6: sigma=[0.100, 0.100, 0.100, 0.100, 0.100, 0.100, 0.100, 0.100, 0.100, 0.100, 0.100, 0.100, 0.100, 0.100, 0.100, 0.100, 0.100, 0.100, 0.100, 0.100, 0.158, 0.100, 0.100, 0.100, 0.100, 0.100, 0.100, 0.100, 0.100, 0.100, 0.100, 0.100]
    Layer  7: sigma=[0.100, 0.157, 0.100, 0.100, 0.120, 0.100, 0.100, 0.100, 0.100, 0.100, 0.100, 0.100, 0.100, 0.100, 0.100, 0.100, 0.100, 0.100, 0.100, 0.100, 0.100, 0.100, 0.100, 0.100, 0.100, 0.100, 0.100, 0.100, 0.100, 0.100, 0.100, 0.100]
    Layer  8: sigma=[0.100, 0.100, 0.100, 0.100, 0.100, 0.100, 0.100, 0.100, 0.100, 0.100, 0.100, 0.100, 0.100, 0.100, 0.100, 0.100, 0.100, 0.100, 0.100, 0.100, 0.100, 0.100, 0.100, 0.100, 0.100, 0.100, 0.100, 0.190, 0.100, 0.100, 0.100, 0.100]
    Layer  9: sigma=[0.100, 0.100, 0.100, 0.100, 0.100, 0.100, 0.100, 0.100, 0.100, 0.100, 0.100, 0.100, 0.100, 0.100, 0.577, 0.133, 0.100, 0.100, 0.100, 0.100, 0.100, 0.100, 0.100, 0.100, 0.100, 0.100, 0.100, 0.100, 0.100, 0.100, 0.100, 0.100]
    Layer 10: sigma=[0.100, 0.100, 0.100, 0.100, 0.100, 0.100, 0.100, 0.100, 0.100, 0.100, 0.100, 0.100, 0.100, 0.100, 0.100, 0.100, 0.100, 0.100, 0.100, 0.100, 0.100, 0.100, 0.100, 0.100, 0.100, 0.100, 0.100, 0.100, 0.100, 0.100, 0.100, 0.100]
    Layer 11: sigma=[0.100, 0.100, 0.100, 0.100, 0.144, 0.100, 0.100, 0.100, 0.100, 0.109, 0.100, 0.100, 0.100, 0.100, 0.243, 0.100, 0.100, 0.100, 0.100, 0.100, 0.100, 0.100, 0.100, 0.100, 0.100, 0.100, 0.162, 0.100, 0.100, 0.100, 0.100, 0.100]
    Layer 12: sigma=[0.100, 0.100, 0.100, 0.100, 0.100, 0.100, 0.100, 0.100, 0.100, 0.106, 0.100, 0.108, 0.100, 0.100, 0.100, 0.100, 0.100, 0.343, 0.182, 0.100, 0.100, 0.100, 0.100, 0.100, 0.100, 0.100, 0.100, 0.209, 0.100, 0.100, 0.124, 0.100]
    Layer 13: sigma=[0.223, 0.100, 0.100, 0.291, 0.100, 0.100, 0.100, 0.100, 0.100, 0.100, 0.100, 0.100, 0.100, 0.100, 0.100, 0.100, 0.100, 0.100, 0.100, 0.107, 0.100, 0.100, 0.100, 0.100, 0.100, 0.100, 0.100, 0.100, 0.100, 0.100, 0.100, 0.100]
    Layer 14: sigma=[0.100, 0.100, 0.100, 0.100, 0.100, 0.407, 0.100, 0.100, 0.100, 0.100, 0.100, 0.100, 0.100, 0.100, 0.100, 0.100, 0.100, 0.100, 0.100, 0.100, 0.100, 0.100, 0.100, 0.100, 0.117, 0.112, 0.100, 0.100, 0.100, 0.100, 0.100, 0.100]
    Layer 15: sigma=[0.100, 0.178, 0.100, 0.100, 0.100, 0.114, 0.100, 0.100, 0.100, 0.100, 0.100, 0.100, 0.201, 0.100, 0.100, 0.100, 0.100, 0.100, 0.100, 0.100, 0.100, 0.100, 0.100, 0.100, 0.124, 0.100, 0.100, 0.100, 0.100, 0.100, 0.100, 0.100]
    Layer 16: sigma=[0.100, 0.100, 0.100, 0.100, 0.100, 0.100, 0.100, 0.100, 0.100, 0.100, 0.100, 0.100, 0.100, 0.100, 0.100, 0.100, 0.100, 0.100, 0.100, 0.100, 0.100, 0.100, 0.100, 0.100, 0.100, 0.100, 0.100, 0.412, 0.100, 0.100, 0.100, 0.100]
    Layer 17: sigma=[0.100, 0.100, 0.100, 0.100, 0.100, 0.149, 0.100, 0.100, 0.100, 0.100, 0.100, 0.100, 0.100, 0.100, 0.100, 0.100, 0.150, 0.122, 0.100, 0.401, 0.100, 0.100, 0.100, 0.100, 0.140, 0.100, 0.373, 0.100, 0.100, 0.100, 0.100, 0.100]
    Layer 18: sigma=[0.100, 0.494, 0.100, 0.100, 0.100, 0.100, 0.100, 0.199, 0.100, 0.100, 0.100, 0.100, 0.100, 0.100, 0.100, 0.100, 0.169, 0.100, 0.100, 0.100, 0.100, 0.100, 0.100, 0.100, 0.100, 0.100, 0.100, 0.100, 0.100, 0.100, 0.100, 0.100]
    Layer 19: sigma=[0.100, 0.100, 0.100, 0.100, 0.100, 0.100, 0.100, 0.100, 0.100, 0.100, 0.100, 0.100, 0.154, 0.100, 0.100, 0.183, 0.100, 0.100, 0.100, 0.293, 0.100, 0.100, 0.100, 0.112, 0.100, 0.100, 0.100, 0.100, 0.100, 0.100, 0.100, 0.100]
    Layer 20: sigma=[0.100, 0.100, 0.100, 0.100, 0.100, 0.197, 0.100, 0.100, 0.171, 0.100, 0.100, 0.100, 0.100, 0.100, 0.100, 0.114, 0.100, 0.114, 0.100, 0.100, 0.100, 0.100, 0.100, 0.100, 0.100, 0.100, 0.100, 0.100, 0.100, 0.100, 0.100, 0.100]
    Layer 21: sigma=[0.100, 0.156, 0.100, 0.100, 0.100, 0.100, 0.100, 0.100, 0.100, 0.142, 0.100, 0.288, 0.100, 0.100, 0.106, 0.100, 0.100, 0.100, 0.100, 0.100, 0.100, 0.112, 0.100, 0.100, 0.202, 0.100, 0.100, 0.100, 0.100, 0.100, 0.270, 0.100]
    Layer 22: sigma=[0.191, 0.100, 0.100, 0.100, 0.151, 0.129, 0.100, 0.206, 0.100, 0.100, 0.100, 0.100, 0.100, 0.100, 0.100, 0.100, 0.100, 0.100, 0.100, 0.100, 0.100, 0.100, 0.100, 0.100, 0.100, 0.100, 0.100, 0.100, 0.100, 0.100, 0.100, 0.100]
    Layer 23: sigma=[0.173, 0.289, 0.190, 0.100, 0.100, 0.100, 0.100, 0.100, 0.100, 0.221, 0.100, 0.100, 0.100, 0.100, 0.100, 0.100, 0.100, 0.100, 0.100, 0.100, 0.100, 0.100, 0.100, 0.100, 0.100, 0.100, 0.100, 0.100, 0.100, 0.100, 0.198, 0.296]
    Layer 24: sigma=[0.100, 0.100, 0.100, 0.100, 0.100, 0.100, 0.100, 0.100, 0.100, 0.100, 0.100, 0.100, 0.100, 0.100, 0.100, 0.143, 0.100, 0.100, 0.100, 0.100, 0.100, 0.100, 0.100, 0.100, 0.224, 0.419, 0.100, 0.340, 0.100, 0.100, 0.100, 0.100]
    Layer 25: sigma=[0.100, 0.100, 0.100, 0.100, 0.100, 0.100, 0.100, 0.100, 0.100, 0.100, 0.100, 0.100, 0.100, 0.100, 0.103, 0.100, 0.100, 0.100, 0.100, 0.100, 0.100, 0.100, 0.100, 0.100, 0.100, 0.100, 0.100, 0.100, 0.100, 0.100, 0.100, 0.100]
    Layer 26: sigma=[0.100, 0.100, 0.100, 0.100, 0.100, 0.100, 0.100, 0.100, 0.100, 0.100, 0.100, 0.100, 0.100, 0.100, 0.100, 0.100, 0.100, 0.100, 0.100, 0.100, 0.100, 0.100, 0.100, 0.100, 0.100, 0.100, 0.100, 0.100, 0.100, 0.100, 0.100, 0.100]
    Layer 28: sigma=[0.100, 0.100, 0.100, 0.100, 0.100, 0.142, 0.100, 0.116, 0.100, 0.100, 0.100, 0.100, 0.100, 0.100, 0.100, 0.100, 0.100, 0.100, 0.100, 0.100, 0.100, 0.100, 0.100, 0.100, 0.100, 0.100, 0.100, 0.100, 0.100, 0.100, 0.100, 0.100]
    Layer 29: sigma=[0.100, 0.100, 0.100, 0.100, 0.100, 0.100, 0.100, 0.100, 0.100, 0.100, 0.100, 0.100, 0.100, 0.100, 0.100, 0.100, 0.100, 0.100, 0.100, 0.100, 0.100, 0.100, 0.100, 0.100, 0.100, 0.100, 0.100, 0.100, 0.100, 0.100, 0.100, 0.100]
    Layer 30: sigma=[0.100, 0.100, 0.100, 0.100, 0.100, 0.100, 0.100, 0.100, 0.100, 0.100, 0.100, 0.100, 0.100, 0.100, 0.100, 0.100, 0.100, 0.100, 0.100, 0.100, 0.125, 0.100, 0.100, 0.100, 0.100, 0.100, 0.100, 0.100, 0.100, 0.100, 0.100, 0.100]
    Layer 31: sigma=[0.100, 0.100, 0.100, 0.100, 0.100, 0.100, 0.100, 0.100, 0.100, 0.100, 0.100, 0.100, 0.100, 0.100, 0.100, 0.100, 0.100, 0.100, 0.100, 0.114, 0.100, 0.100, 0.100, 0.100, 0.100, 0.100, 0.100, 0.100, 0.100, 0.100, 0.100, 0.100]
    Layer 32: sigma=[0.100, 0.100, 0.100, 0.100, 0.100, 0.100, 0.100, 0.100, 0.100, 0.100, 0.100, 0.100, 0.100, 0.100, 0.100, 0.100, 0.100, 0.100, 0.100, 0.100, 0.100, 0.100, 0.100, 0.100, 0.100, 0.100, 0.100, 0.100, 0.100, 0.100, 0.100, 0.100]
    Layer 33: sigma=[0.100, 0.100, 0.100, 0.100, 0.100, 0.100, 0.100, 0.100, 0.100, 0.100, 0.100, 0.100, 0.100, 0.100, 0.100, 0.100, 0.100, 0.100, 0.100, 0.100, 0.100, 0.100, 0.100, 0.100, 0.100, 0.100, 0.100, 0.100, 0.100, 0.100, 0.100, 0.100]
    Layer 34: sigma=[0.100, 0.100, 0.100, 0.100, 0.100, 0.100, 0.100, 0.100, 0.100, 0.100, 0.100, 0.100, 0.100, 0.100, 0.100, 0.100, 0.100, 0.100, 0.100, 0.115, 0.100, 0.100, 0.100, 0.100, 0.100, 0.100, 0.100, 0.100, 0.100, 0.100, 0.100, 0.100]
    Layer 35: sigma=[0.100, 0.100, 0.100, 0.100, 0.115, 0.100, 0.100, 0.100, 0.100, 0.100, 0.100, 0.100, 0.100, 0.100, 0.100, 0.100, 0.100, 0.100, 0.100, 0.100, 0.100, 0.100, 0.100, 0.100, 0.100, 0.100, 0.100, 0.100, 0.100, 0.100, 0.100, 0.100]

  [Taylor Step 3/3] g_proj = v_proj * alpha (damping=0.01)...
    Layer  0: alpha=0.060417  teacher_rms=0.0163  v_rms=0.0027
    Layer  1: alpha=0.060835  teacher_rms=0.0205  v_rms=0.0034
    Layer  2: alpha=0.057001  teacher_rms=0.0214  v_rms=0.0038
    Layer  3: alpha=0.048686  teacher_rms=0.0259  v_rms=0.0053
    Layer  4: alpha=0.047453  teacher_rms=0.0304  v_rms=0.0064
    Layer  5: alpha=0.061963  teacher_rms=0.0409  v_rms=0.0066
    Layer  6: alpha=0.078259  teacher_rms=0.0621  v_rms=0.0079
    Layer  7: alpha=0.045826  teacher_rms=0.0530  v_rms=0.0116
    Layer  8: alpha=0.047100  teacher_rms=0.0708  v_rms=0.0150
    Layer  9: alpha=0.035028  teacher_rms=0.0713  v_rms=0.0204
    Layer 10: alpha=0.051225  teacher_rms=0.1092  v_rms=0.0213
    Layer 11: alpha=0.062875  teacher_rms=0.1046  v_rms=0.0166
    Layer 12: alpha=0.058827  teacher_rms=0.1207  v_rms=0.0205
    Layer 13: alpha=0.054510  teacher_rms=0.1040  v_rms=0.0191
    Layer 14: alpha=0.064026  teacher_rms=0.1547  v_rms=0.0242
    Layer 15: alpha=0.058190  teacher_rms=0.1576  v_rms=0.0271
    Layer 16: alpha=0.042293  teacher_rms=0.1473  v_rms=0.0348
    Layer 17: alpha=0.044912  teacher_rms=0.1753  v_rms=0.0390
    Layer 18: alpha=0.043575  teacher_rms=0.1990  v_rms=0.0457
    Layer 19: alpha=0.054754  teacher_rms=0.2060  v_rms=0.0376
    Layer 20: alpha=0.056506  teacher_rms=0.1966  v_rms=0.0348
    Layer 21: alpha=0.049580  teacher_rms=0.2373  v_rms=0.0479
    Layer 22: alpha=0.056002  teacher_rms=0.2834  v_rms=0.0506
    Layer 23: alpha=0.048872  teacher_rms=0.3098  v_rms=0.0634
    Layer 24: alpha=0.033503  teacher_rms=0.2897  v_rms=0.0865
    Layer 25: alpha=0.040030  teacher_rms=0.2376  v_rms=0.0594
    Layer 26: alpha=0.029256  teacher_rms=0.2124  v_rms=0.0726
    Layer 28: alpha=0.042022  teacher_rms=0.3705  v_rms=0.0882
    Layer 29: alpha=0.017344  teacher_rms=0.2548  v_rms=0.1469
    Layer 30: alpha=0.028878  teacher_rms=0.4297  v_rms=0.1488
    Layer 31: alpha=0.021169  teacher_rms=0.3785  v_rms=0.1788
    Layer 32: alpha=0.023899  teacher_rms=0.5288  v_rms=0.2213
    Layer 33: alpha=0.018560  teacher_rms=0.6404  v_rms=0.3451
    Layer 34: alpha=0.033116  teacher_rms=1.0325  v_rms=0.3118
    Layer 35: alpha=0.059860  teacher_rms=1.0168  v_rms=0.1699

  Set g_proj = v_proj * alpha in 35 GDN layers (damping=0.01).
  Init (taylor_init) done in 329.8s
  Layer 27: PPL = 1683855.25  (eval 13.2s)

============================================================
  Probing layer 28 | strategy=taylor_init
============================================================
Loading checkpoint shards:   0%|          | 0/4 [00:00<?, ?it/s]Loading checkpoint shards: 100%|██████████| 4/4 [00:00<00:00, 152.11it/s]
Could not cache non-existence of file. Will ignore error and continue. Error: [Errno 13] Permission denied: '/data/shared/huggingface/hub/models--Qwen--Qwen3-8B/.no_exist/b968826d9c46dd6066d109eabc6255188de91218/model.safetensors'
Loading checkpoint shards:   0%|          | 0/5 [00:00<?, ?it/s]Loading checkpoint shards: 100%|██████████| 5/5 [00:00<00:00, 187.90it/s]
Token indices sequence length is longer than the specified maximum sequence length for this model (2429029 > 131072). Running this sequence through the model will result in indexing errors
  [Taylor Step 1/3] Gate calibration from attention stats...
    Layer  0: dist=[32, 3, 12, 35, 12, 26, 9, 11, 19, 6, 8, 9, 18, 34, 31, 10, 16, 19, 16, 14, 13, 23, 4, 12, 5, 52, 10, 43, 15, 36, 15, 14]
    Layer  1: dist=[19, 38, 25, 44, 3, 15, 31, 11, 45, 36, 65, 60, 34, 47, 51, 38, 32, 54, 57, 33, 56, 24, 40, 40, 37, 9, 44, 41, 83, 31, 37, 49]
    Layer  2: dist=[65, 65, 67, 62, 26, 45, 33, 43, 39, 47, 56, 56, 53, 46, 46, 60, 61, 49, 54, 43, 49, 67, 48, 50, 25, 24, 21, 35, 73, 73, 77, 74]
    Layer  3: dist=[65, 26, 13, 22, 87, 93, 83, 73, 56, 53, 62, 58, 90, 73, 75, 74, 59, 62, 51, 67, 74, 60, 64, 65, 64, 56, 52, 59, 70, 63, 72, 65]
    Layer  4: dist=[62, 63, 73, 67, 73, 56, 61, 89, 68, 69, 63, 60, 55, 55, 71, 61, 62, 65, 67, 70, 64, 61, 47, 64, 41, 51, 48, 34, 51, 66, 55, 55]
    Layer  5: dist=[36, 48, 55, 35, 61, 68, 52, 51, 5, 18, 73, 61, 54, 78, 59, 52, 41, 32, 50, 48, 51, 55, 48, 59, 73, 73, 80, 80, 43, 44, 46, 58]
    Layer  6: dist=[27, 40, 30, 31, 52, 46, 67, 61, 46, 25, 43, 38, 56, 64, 56, 30, 47, 34, 45, 40, 20, 30, 32, 14, 35, 50, 32, 49, 47, 43, 37, 53]
    Layer  7: dist=[55, 60, 64, 87, 126, 114, 127, 121, 88, 119, 99, 72, 108, 23, 53, 97, 80, 101, 85, 81, 106, 86, 112, 116, 64, 78, 47, 86, 97, 101, 101, 106]
    Layer  8: dist=[83, 87, 90, 58, 81, 77, 69, 78, 86, 99, 87, 90, 94, 86, 96, 70, 116, 107, 103, 96, 92, 106, 100, 111, 92, 72, 95, 67, 84, 72, 79, 74]
    Layer  9: dist=[76, 60, 61, 67, 83, 97, 96, 74, 123, 120, 118, 112, 27, 87, 63, 85, 93, 100, 114, 125, 87, 77, 60, 70, 119, 81, 91, 97, 125, 113, 127, 123]
    Layer 10: dist=[76, 71, 58, 74, 85, 102, 64, 74, 63, 88, 106, 49, 88, 67, 82, 86, 87, 102, 100, 107, 88, 60, 107, 90, 93, 107, 84, 77, 76, 65, 82, 90]
    Layer 11: dist=[78, 65, 79, 48, 53, 61, 78, 77, 102, 123, 109, 93, 82, 64, 65, 69, 69, 63, 61, 51, 77, 107, 89, 87, 67, 59, 56, 54, 95, 55, 55, 94]
    Layer 12: dist=[21, 72, 79, 61, 87, 83, 66, 70, 63, 62, 74, 77, 86, 81, 82, 87, 39, 68, 59, 94, 102, 112, 97, 103, 93, 2, 107, 38, 81, 88, 113, 91]
    Layer 13: dist=[52, 68, 66, 62, 52, 51, 65, 40, 86, 63, 99, 122, 128, 115, 109, 124, 85, 72, 57, 61, 93, 55, 83, 90, 84, 59, 72, 76, 113, 111, 96, 99]
    Layer 14: dist=[44, 64, 65, 46, 62, 45, 64, 65, 54, 57, 70, 68, 69, 76, 65, 67, 77, 86, 51, 64, 65, 31, 51, 81, 52, 67, 73, 64, 85, 88, 8, 89]
    Layer 15: dist=[80, 44, 79, 38, 37, 38, 79, 67, 90, 60, 46, 104, 68, 107, 79, 89, 61, 57, 64, 68, 58, 60, 50, 51, 49, 34, 86, 62, 72, 84, 71, 49]
    Layer 16: dist=[61, 57, 74, 85, 55, 58, 48, 55, 54, 82, 73, 84, 90, 69, 86, 86, 68, 71, 60, 62, 115, 118, 110, 103, 71, 54, 64, 10, 58, 59, 65, 56]
    Layer 17: dist=[111, 95, 79, 67, 53, 57, 39, 47, 90, 108, 79, 100, 40, 57, 71, 74, 44, 61, 61, 42, 75, 98, 93, 97, 58, 55, 57, 52, 53, 79, 93, 67]
    Layer 18: dist=[34, 45, 35, 33, 56, 78, 74, 57, 64, 67, 66, 79, 61, 60, 57, 62, 46, 74, 72, 52, 68, 47, 65, 96, 58, 62, 61, 63, 52, 53, 79, 56]
    Layer 19: dist=[73, 64, 63, 62, 76, 103, 54, 71, 81, 85, 84, 93, 63, 57, 75, 63, 84, 85, 49, 49, 21, 50, 33, 49, 102, 106, 102, 116, 77, 77, 73, 72]
    Layer 20: dist=[89, 79, 80, 77, 78, 51, 49, 57, 40, 36, 43, 39, 92, 79, 87, 96, 45, 51, 56, 39, 73, 111, 101, 98, 125, 97, 105, 85, 93, 79, 108, 108]
    Layer 21: dist=[44, 50, 56, 68, 115, 65, 96, 118, 118, 61, 71, 69, 46, 41, 44, 42, 75, 75, 83, 65, 89, 99, 95, 96, 64, 62, 60, 80, 73, 79, 60, 88]
    Layer 22: dist=[73, 60, 67, 63, 52, 72, 45, 56, 37, 49, 45, 59, 18, 86, 61, 64, 33, 79, 76, 41, 102, 115, 120, 121, 101, 84, 91, 95, 114, 92, 103, 95]
    Layer 23: dist=[39, 30, 48, 39, 110, 111, 41, 102, 79, 36, 45, 63, 75, 72, 79, 77, 82, 75, 74, 94, 72, 93, 82, 76, 78, 72, 68, 100, 91, 90, 83, 78]
    Layer 24: dist=[79, 124, 109, 101, 99, 109, 111, 97, 102, 105, 104, 84, 78, 75, 89, 74, 81, 86, 98, 88, 120, 103, 102, 117, 65, 73, 79, 51, 95, 111, 98, 88]
    Layer 25: dist=[105, 121, 118, 94, 71, 72, 107, 80, 96, 97, 85, 90, 65, 89, 50, 68, 93, 99, 97, 89, 102, 111, 105, 108, 110, 110, 99, 108, 88, 125, 98, 88]
    Layer 26: dist=[80, 88, 106, 68, 115, 113, 113, 110, 102, 107, 105, 98, 100, 124, 116, 116, 86, 93, 99, 95, 102, 113, 122, 114, 99, 97, 102, 93, 115, 96, 114, 95]
    Layer 27: dist=[87, 108, 103, 117, 98, 105, 101, 86, 77, 100, 107, 99, 78, 109, 80, 86, 96, 99, 99, 104, 91, 112, 113, 92, 110, 113, 116, 117, 107, 77, 92, 117]
    Layer 29: dist=[113, 114, 114, 113, 90, 112, 94, 114, 119, 113, 122, 105, 120, 120, 119, 120, 116, 106, 115, 121, 123, 123, 107, 125, 100, 114, 97, 92, 106, 95, 106, 109]
    Layer 30: dist=[75, 102, 99, 100, 102, 100, 90, 67, 117, 117, 115, 120, 105, 104, 113, 101, 97, 78, 120, 122, 51, 120, 100, 110, 119, 119, 119, 118, 106, 110, 107, 102]
    Layer 31: dist=[119, 117, 99, 98, 112, 113, 114, 116, 114, 77, 87, 91, 117, 116, 117, 115, 101, 101, 106, 94, 119, 116, 108, 119, 112, 109, 89, 120, 112, 106, 102, 110]
    Layer 32: dist=[110, 114, 114, 111, 116, 119, 116, 117, 110, 111, 117, 115, 93, 113, 108, 91, 118, 106, 109, 111, 123, 92, 114, 120, 71, 95, 80, 105, 116, 107, 99, 103]
    Layer 33: dist=[102, 120, 112, 119, 91, 102, 57, 94, 116, 116, 113, 113, 114, 115, 113, 116, 114, 117, 106, 109, 112, 96, 110, 113, 111, 119, 122, 118, 110, 111, 107, 104]
    Layer 34: dist=[110, 109, 112, 113, 105, 111, 108, 102, 53, 93, 114, 86, 117, 115, 120, 81, 82, 89, 126, 55, 119, 51, 118, 119, 122, 122, 125, 122, 54, 62, 68, 109]
    Layer 35: dist=[105, 123, 71, 97, 82, 36, 112, 100, 85, 94, 112, 96, 63, 28, 49, 40, 98, 74, 84, 48, 90, 102, 55, 54, 66, 49, 68, 72, 73, 115, 122, 117]

  [Taylor Step 2/3] OLS sigma per head (scaling V, streaming)...
    Layer  0: sigma=[0.611, 0.100, 0.100, 0.100, 0.333, 0.378, 0.100, 0.100, 0.100, 0.148, 0.100, 0.100, 0.100, 0.100, 0.100, 0.259, 0.100, 0.100, 0.100, 0.100, 0.100, 0.100, 0.100, 0.100, 0.100, 0.100, 0.351, 0.100, 0.100, 0.100, 0.161, 0.100]
    Layer  1: sigma=[0.351, 0.100, 0.100, 0.100, 0.100, 0.100, 0.100, 0.100, 0.100, 0.173, 0.243, 0.100, 0.100, 0.100, 0.100, 0.100, 0.100, 0.100, 0.100, 0.100, 0.100, 0.100, 0.100, 0.116, 0.100, 0.100, 0.112, 0.100, 0.100, 0.100, 0.100, 0.100]
    Layer  2: sigma=[0.100, 0.100, 0.100, 0.100, 0.100, 0.100, 0.100, 0.100, 0.109, 0.100, 0.100, 0.100, 0.100, 0.147, 0.100, 0.100, 0.100, 0.221, 0.100, 0.100, 0.100, 0.100, 0.100, 0.100, 0.100, 0.171, 0.100, 0.100, 0.100, 0.100, 0.100, 0.100]
    Layer  3: sigma=[0.100, 0.326, 0.100, 0.155, 0.100, 0.100, 0.100, 0.100, 0.100, 0.100, 0.100, 0.100, 0.100, 0.100, 0.100, 0.100, 0.100, 0.100, 0.100, 0.100, 0.100, 0.106, 0.100, 0.100, 0.100, 0.100, 0.100, 0.100, 0.100, 0.100, 0.100, 0.100]
    Layer  4: sigma=[0.100, 0.100, 0.100, 0.100, 0.100, 0.100, 0.100, 0.100, 0.100, 0.100, 0.100, 0.100, 0.100, 0.100, 0.100, 0.100, 0.100, 0.100, 0.100, 0.100, 0.132, 0.140, 0.319, 0.100, 0.100, 0.100, 0.100, 0.100, 0.100, 0.100, 0.100, 0.100]
    Layer  5: sigma=[0.100, 0.100, 0.100, 0.100, 0.100, 0.100, 0.100, 0.100, 0.100, 0.134, 0.100, 0.108, 0.100, 0.100, 0.100, 0.122, 0.100, 0.184, 0.100, 0.100, 0.100, 0.100, 0.100, 0.100, 0.100, 0.100, 0.100, 0.100, 0.100, 0.100, 0.100, 0.100]
    Layer  6: sigma=[0.100, 0.100, 0.100, 0.100, 0.100, 0.100, 0.100, 0.100, 0.100, 0.100, 0.100, 0.100, 0.100, 0.100, 0.100, 0.100, 0.100, 0.100, 0.100, 0.100, 0.159, 0.100, 0.100, 0.100, 0.100, 0.100, 0.100, 0.100, 0.100, 0.100, 0.100, 0.100]
    Layer  7: sigma=[0.100, 0.148, 0.100, 0.100, 0.114, 0.100, 0.100, 0.100, 0.100, 0.100, 0.100, 0.100, 0.100, 0.100, 0.100, 0.100, 0.100, 0.100, 0.100, 0.100, 0.100, 0.100, 0.100, 0.100, 0.100, 0.100, 0.100, 0.100, 0.100, 0.100, 0.100, 0.100]
    Layer  8: sigma=[0.100, 0.100, 0.100, 0.100, 0.100, 0.100, 0.100, 0.100, 0.100, 0.100, 0.100, 0.100, 0.100, 0.100, 0.100, 0.100, 0.100, 0.100, 0.100, 0.100, 0.100, 0.100, 0.100, 0.100, 0.100, 0.100, 0.100, 0.179, 0.100, 0.100, 0.100, 0.100]
    Layer  9: sigma=[0.100, 0.100, 0.100, 0.100, 0.100, 0.100, 0.100, 0.100, 0.100, 0.100, 0.100, 0.100, 0.100, 0.100, 0.602, 0.133, 0.100, 0.100, 0.100, 0.100, 0.100, 0.100, 0.100, 0.100, 0.100, 0.100, 0.100, 0.100, 0.100, 0.100, 0.100, 0.100]
    Layer 10: sigma=[0.100, 0.100, 0.100, 0.100, 0.100, 0.100, 0.100, 0.100, 0.100, 0.100, 0.100, 0.100, 0.100, 0.100, 0.100, 0.100, 0.100, 0.100, 0.100, 0.100, 0.100, 0.100, 0.100, 0.100, 0.100, 0.100, 0.100, 0.100, 0.100, 0.100, 0.100, 0.100]
    Layer 11: sigma=[0.100, 0.100, 0.100, 0.100, 0.141, 0.100, 0.100, 0.100, 0.100, 0.114, 0.100, 0.100, 0.100, 0.100, 0.254, 0.100, 0.100, 0.100, 0.100, 0.100, 0.100, 0.100, 0.100, 0.100, 0.100, 0.100, 0.152, 0.100, 0.100, 0.100, 0.100, 0.100]
    Layer 12: sigma=[0.100, 0.100, 0.100, 0.100, 0.100, 0.100, 0.100, 0.100, 0.100, 0.107, 0.100, 0.108, 0.100, 0.100, 0.100, 0.100, 0.100, 0.396, 0.199, 0.100, 0.100, 0.100, 0.100, 0.100, 0.100, 0.100, 0.100, 0.210, 0.100, 0.100, 0.126, 0.100]
    Layer 13: sigma=[0.222, 0.100, 0.100, 0.332, 0.100, 0.100, 0.100, 0.100, 0.100, 0.100, 0.100, 0.100, 0.100, 0.100, 0.100, 0.100, 0.100, 0.100, 0.100, 0.110, 0.100, 0.100, 0.100, 0.100, 0.100, 0.100, 0.100, 0.100, 0.100, 0.100, 0.100, 0.100]
    Layer 14: sigma=[0.100, 0.100, 0.100, 0.100, 0.100, 0.425, 0.100, 0.100, 0.100, 0.100, 0.100, 0.100, 0.100, 0.100, 0.100, 0.100, 0.100, 0.100, 0.100, 0.100, 0.100, 0.100, 0.100, 0.100, 0.106, 0.114, 0.100, 0.100, 0.100, 0.100, 0.100, 0.100]
    Layer 15: sigma=[0.100, 0.199, 0.100, 0.100, 0.100, 0.110, 0.100, 0.100, 0.100, 0.100, 0.100, 0.100, 0.188, 0.100, 0.100, 0.100, 0.100, 0.100, 0.100, 0.100, 0.100, 0.100, 0.100, 0.100, 0.146, 0.100, 0.100, 0.100, 0.100, 0.100, 0.100, 0.100]
    Layer 16: sigma=[0.100, 0.100, 0.100, 0.100, 0.100, 0.100, 0.100, 0.100, 0.100, 0.100, 0.104, 0.100, 0.100, 0.100, 0.100, 0.100, 0.100, 0.100, 0.100, 0.100, 0.100, 0.100, 0.100, 0.100, 0.100, 0.100, 0.100, 0.421, 0.100, 0.100, 0.100, 0.100]
    Layer 17: sigma=[0.100, 0.100, 0.100, 0.100, 0.100, 0.131, 0.100, 0.100, 0.100, 0.100, 0.100, 0.100, 0.100, 0.100, 0.100, 0.100, 0.144, 0.100, 0.100, 0.400, 0.100, 0.100, 0.100, 0.106, 0.150, 0.100, 0.419, 0.100, 0.100, 0.100, 0.100, 0.100]
    Layer 18: sigma=[0.100, 0.411, 0.100, 0.100, 0.100, 0.100, 0.100, 0.190, 0.100, 0.100, 0.100, 0.100, 0.100, 0.100, 0.100, 0.100, 0.150, 0.100, 0.100, 0.100, 0.100, 0.100, 0.100, 0.100, 0.100, 0.100, 0.100, 0.100, 0.100, 0.100, 0.100, 0.100]
    Layer 19: sigma=[0.100, 0.100, 0.100, 0.100, 0.100, 0.100, 0.100, 0.100, 0.100, 0.100, 0.100, 0.100, 0.118, 0.100, 0.100, 0.182, 0.100, 0.100, 0.100, 0.268, 0.100, 0.100, 0.100, 0.105, 0.100, 0.100, 0.100, 0.100, 0.100, 0.100, 0.100, 0.100]
    Layer 20: sigma=[0.100, 0.100, 0.100, 0.100, 0.100, 0.212, 0.100, 0.100, 0.154, 0.102, 0.100, 0.100, 0.100, 0.100, 0.100, 0.118, 0.100, 0.120, 0.100, 0.100, 0.100, 0.100, 0.100, 0.100, 0.100, 0.100, 0.100, 0.100, 0.100, 0.100, 0.100, 0.100]
    Layer 21: sigma=[0.100, 0.138, 0.100, 0.100, 0.100, 0.100, 0.100, 0.100, 0.100, 0.153, 0.100, 0.306, 0.100, 0.100, 0.128, 0.100, 0.100, 0.100, 0.100, 0.100, 0.100, 0.114, 0.100, 0.100, 0.173, 0.100, 0.100, 0.100, 0.100, 0.100, 0.228, 0.100]
    Layer 22: sigma=[0.164, 0.100, 0.100, 0.100, 0.198, 0.113, 0.100, 0.227, 0.112, 0.100, 0.100, 0.100, 0.100, 0.100, 0.100, 0.102, 0.100, 0.100, 0.100, 0.100, 0.100, 0.100, 0.100, 0.100, 0.100, 0.100, 0.100, 0.100, 0.100, 0.100, 0.100, 0.100]
    Layer 23: sigma=[0.174, 0.221, 0.227, 0.100, 0.100, 0.100, 0.159, 0.100, 0.100, 0.226, 0.100, 0.100, 0.100, 0.100, 0.106, 0.100, 0.100, 0.100, 0.100, 0.100, 0.100, 0.100, 0.100, 0.100, 0.100, 0.100, 0.100, 0.100, 0.100, 0.100, 0.140, 0.221]
    Layer 24: sigma=[0.100, 0.100, 0.100, 0.100, 0.100, 0.100, 0.100, 0.100, 0.100, 0.100, 0.100, 0.100, 0.100, 0.100, 0.100, 0.140, 0.100, 0.100, 0.100, 0.100, 0.100, 0.100, 0.100, 0.100, 0.229, 0.434, 0.100, 0.341, 0.100, 0.100, 0.100, 0.100]
    Layer 25: sigma=[0.100, 0.100, 0.100, 0.100, 0.100, 0.100, 0.100, 0.100, 0.100, 0.100, 0.100, 0.100, 0.100, 0.100, 0.114, 0.100, 0.100, 0.100, 0.100, 0.100, 0.100, 0.100, 0.100, 0.100, 0.100, 0.100, 0.100, 0.100, 0.100, 0.100, 0.100, 0.100]
    Layer 26: sigma=[0.166, 0.100, 0.100, 0.100, 0.100, 0.100, 0.100, 0.100, 0.100, 0.100, 0.100, 0.100, 0.100, 0.100, 0.100, 0.100, 0.100, 0.100, 0.100, 0.100, 0.100, 0.100, 0.100, 0.100, 0.100, 0.100, 0.100, 0.100, 0.100, 0.100, 0.100, 0.100]
    Layer 27: sigma=[0.100, 0.100, 0.100, 0.100, 0.100, 0.100, 0.100, 0.100, 0.100, 0.100, 0.100, 0.100, 0.100, 0.100, 0.100, 0.100, 0.100, 0.100, 0.100, 0.100, 0.100, 0.100, 0.100, 0.100, 0.100, 0.100, 0.100, 0.100, 0.100, 0.100, 0.100, 0.100]
    Layer 29: sigma=[0.100, 0.100, 0.100, 0.100, 0.100, 0.100, 0.100, 0.100, 0.100, 0.100, 0.100, 0.100, 0.100, 0.100, 0.100, 0.100, 0.100, 0.100, 0.100, 0.100, 0.100, 0.100, 0.100, 0.100, 0.100, 0.100, 0.100, 0.100, 0.100, 0.100, 0.100, 0.100]
    Layer 30: sigma=[0.100, 0.100, 0.100, 0.100, 0.100, 0.100, 0.100, 0.100, 0.100, 0.100, 0.100, 0.100, 0.100, 0.100, 0.100, 0.100, 0.100, 0.100, 0.100, 0.100, 0.126, 0.100, 0.100, 0.100, 0.100, 0.100, 0.100, 0.100, 0.100, 0.100, 0.100, 0.100]
    Layer 31: sigma=[0.100, 0.100, 0.100, 0.100, 0.100, 0.100, 0.100, 0.100, 0.100, 0.100, 0.100, 0.100, 0.100, 0.100, 0.100, 0.100, 0.100, 0.100, 0.100, 0.100, 0.100, 0.100, 0.100, 0.100, 0.100, 0.100, 0.100, 0.100, 0.100, 0.100, 0.100, 0.100]
    Layer 32: sigma=[0.100, 0.100, 0.100, 0.100, 0.100, 0.100, 0.100, 0.100, 0.100, 0.100, 0.100, 0.100, 0.100, 0.100, 0.100, 0.100, 0.100, 0.100, 0.100, 0.100, 0.100, 0.100, 0.100, 0.100, 0.100, 0.100, 0.100, 0.100, 0.100, 0.100, 0.100, 0.100]
    Layer 33: sigma=[0.100, 0.100, 0.100, 0.100, 0.100, 0.100, 0.100, 0.100, 0.100, 0.100, 0.100, 0.100, 0.100, 0.100, 0.100, 0.100, 0.100, 0.100, 0.100, 0.100, 0.100, 0.100, 0.100, 0.100, 0.100, 0.100, 0.100, 0.100, 0.100, 0.100, 0.100, 0.100]
    Layer 34: sigma=[0.100, 0.100, 0.100, 0.100, 0.100, 0.100, 0.100, 0.100, 0.100, 0.100, 0.100, 0.122, 0.100, 0.100, 0.100, 0.100, 0.121, 0.100, 0.100, 0.100, 0.100, 0.100, 0.100, 0.100, 0.100, 0.100, 0.100, 0.100, 0.100, 0.100, 0.100, 0.100]
    Layer 35: sigma=[0.100, 0.100, 0.100, 0.100, 0.100, 0.100, 0.100, 0.100, 0.100, 0.100, 0.100, 0.100, 0.100, 0.100, 0.100, 0.100, 0.100, 0.100, 0.100, 0.100, 0.100, 0.100, 0.100, 0.100, 0.100, 0.100, 0.100, 0.100, 0.100, 0.100, 0.100, 0.100]

  [Taylor Step 3/3] g_proj = v_proj * alpha (damping=0.01)...
    Layer  0: alpha=0.060600  teacher_rms=0.0163  v_rms=0.0027
    Layer  1: alpha=0.060864  teacher_rms=0.0205  v_rms=0.0034
    Layer  2: alpha=0.056926  teacher_rms=0.0214  v_rms=0.0038
    Layer  3: alpha=0.048668  teacher_rms=0.0259  v_rms=0.0053
    Layer  4: alpha=0.047300  teacher_rms=0.0304  v_rms=0.0064
    Layer  5: alpha=0.061772  teacher_rms=0.0409  v_rms=0.0066
    Layer  6: alpha=0.078204  teacher_rms=0.0621  v_rms=0.0079
    Layer  7: alpha=0.046123  teacher_rms=0.0530  v_rms=0.0115
    Layer  8: alpha=0.047362  teacher_rms=0.0708  v_rms=0.0149
    Layer  9: alpha=0.034335  teacher_rms=0.0713  v_rms=0.0208
    Layer 10: alpha=0.051225  teacher_rms=0.1092  v_rms=0.0213
    Layer 11: alpha=0.062803  teacher_rms=0.1046  v_rms=0.0166
    Layer 12: alpha=0.056303  teacher_rms=0.1207  v_rms=0.0214
    Layer 13: alpha=0.053099  teacher_rms=0.1040  v_rms=0.0196
    Layer 14: alpha=0.063262  teacher_rms=0.1547  v_rms=0.0244
    Layer 15: alpha=0.057639  teacher_rms=0.1576  v_rms=0.0274
    Layer 16: alpha=0.041998  teacher_rms=0.1473  v_rms=0.0351
    Layer 17: alpha=0.043650  teacher_rms=0.1753  v_rms=0.0402
    Layer 18: alpha=0.047869  teacher_rms=0.1990  v_rms=0.0416
    Layer 19: alpha=0.056425  teacher_rms=0.2060  v_rms=0.0365
    Layer 20: alpha=0.055936  teacher_rms=0.1966  v_rms=0.0352
    Layer 21: alpha=0.050771  teacher_rms=0.2373  v_rms=0.0467
    Layer 22: alpha=0.054878  teacher_rms=0.2834  v_rms=0.0516
    Layer 23: alpha=0.051872  teacher_rms=0.3098  v_rms=0.0597
    Layer 24: alpha=0.033253  teacher_rms=0.2897  v_rms=0.0871
    Layer 25: alpha=0.039914  teacher_rms=0.2376  v_rms=0.0595
    Layer 26: alpha=0.028460  teacher_rms=0.2124  v_rms=0.0746
    Layer 27: alpha=0.037093  teacher_rms=0.3083  v_rms=0.0831
    Layer 29: alpha=0.017344  teacher_rms=0.2548  v_rms=0.1469
    Layer 30: alpha=0.028871  teacher_rms=0.4297  v_rms=0.1488
    Layer 31: alpha=0.021214  teacher_rms=0.3785  v_rms=0.1784
    Layer 32: alpha=0.023899  teacher_rms=0.5288  v_rms=0.2213
    Layer 33: alpha=0.018560  teacher_rms=0.6404  v_rms=0.3451
    Layer 34: alpha=0.032964  teacher_rms=1.0325  v_rms=0.3132
    Layer 35: alpha=0.060104  teacher_rms=1.0168  v_rms=0.1692

  Set g_proj = v_proj * alpha in 35 GDN layers (damping=0.01).
  Init (taylor_init) done in 332.6s
  Layer 28: PPL = 2225516.25  (eval 13.2s)

============================================================
  Probing layer 29 | strategy=taylor_init
============================================================
Loading checkpoint shards:   0%|          | 0/4 [00:00<?, ?it/s]Loading checkpoint shards: 100%|██████████| 4/4 [00:00<00:00, 150.28it/s]
Could not cache non-existence of file. Will ignore error and continue. Error: [Errno 13] Permission denied: '/data/shared/huggingface/hub/models--Qwen--Qwen3-8B/.no_exist/b968826d9c46dd6066d109eabc6255188de91218/model.safetensors'
Loading checkpoint shards:   0%|          | 0/5 [00:00<?, ?it/s]Loading checkpoint shards: 100%|██████████| 5/5 [00:00<00:00, 60.07it/s]
Token indices sequence length is longer than the specified maximum sequence length for this model (2429029 > 131072). Running this sequence through the model will result in indexing errors
  [Taylor Step 1/3] Gate calibration from attention stats...
    Layer  0: dist=[32, 3, 12, 35, 12, 26, 9, 11, 19, 6, 8, 9, 18, 34, 31, 10, 16, 19, 16, 14, 13, 23, 4, 12, 5, 52, 10, 43, 15, 36, 15, 14]
    Layer  1: dist=[19, 38, 25, 44, 3, 15, 31, 11, 45, 36, 65, 60, 34, 47, 51, 38, 32, 54, 57, 33, 56, 24, 40, 40, 37, 9, 44, 41, 83, 31, 37, 49]
    Layer  2: dist=[65, 65, 67, 62, 26, 45, 33, 43, 39, 47, 56, 56, 53, 46, 46, 60, 61, 49, 54, 43, 49, 67, 48, 50, 25, 24, 21, 35, 73, 73, 77, 74]
    Layer  3: dist=[65, 26, 13, 22, 87, 93, 83, 73, 56, 53, 62, 58, 90, 73, 75, 74, 59, 62, 51, 67, 74, 60, 64, 65, 64, 56, 52, 59, 70, 63, 72, 65]
    Layer  4: dist=[62, 63, 73, 67, 73, 56, 61, 89, 68, 69, 63, 60, 55, 55, 71, 61, 62, 65, 67, 70, 64, 61, 47, 64, 41, 51, 48, 34, 51, 66, 55, 55]
    Layer  5: dist=[36, 48, 55, 35, 61, 68, 52, 51, 5, 18, 73, 61, 54, 78, 59, 52, 41, 32, 50, 48, 51, 55, 48, 59, 73, 73, 80, 80, 43, 44, 46, 58]
    Layer  6: dist=[27, 40, 30, 31, 52, 46, 67, 61, 46, 25, 43, 38, 56, 64, 56, 30, 47, 34, 45, 40, 20, 30, 32, 14, 35, 50, 32, 49, 47, 43, 37, 53]
    Layer  7: dist=[55, 60, 64, 87, 126, 114, 127, 121, 88, 119, 99, 72, 108, 23, 53, 97, 80, 101, 85, 81, 106, 86, 112, 116, 64, 78, 47, 86, 97, 101, 101, 106]
    Layer  8: dist=[83, 87, 90, 58, 81, 77, 69, 78, 86, 99, 87, 90, 94, 86, 96, 70, 116, 107, 103, 96, 92, 106, 100, 111, 92, 72, 95, 67, 84, 72, 79, 74]
    Layer  9: dist=[76, 60, 61, 67, 83, 97, 96, 74, 123, 120, 118, 112, 27, 87, 63, 85, 93, 100, 114, 125, 87, 77, 60, 70, 119, 81, 91, 97, 125, 113, 127, 123]
    Layer 10: dist=[76, 71, 58, 74, 85, 102, 64, 74, 63, 88, 106, 49, 88, 67, 82, 86, 87, 102, 100, 107, 88, 60, 107, 90, 93, 107, 84, 77, 76, 65, 82, 90]
    Layer 11: dist=[78, 65, 79, 48, 53, 61, 78, 77, 102, 123, 109, 93, 82, 64, 65, 69, 69, 63, 61, 51, 77, 107, 89, 87, 67, 59, 56, 54, 95, 55, 55, 94]
    Layer 12: dist=[21, 72, 79, 61, 87, 83, 66, 70, 63, 62, 74, 77, 86, 81, 82, 87, 39, 68, 59, 94, 102, 112, 97, 103, 93, 2, 107, 38, 81, 88, 113, 91]
    Layer 13: dist=[52, 68, 66, 62, 52, 51, 65, 40, 86, 63, 99, 122, 128, 115, 109, 124, 85, 72, 57, 61, 93, 55, 83, 90, 84, 59, 72, 76, 113, 111, 96, 99]
    Layer 14: dist=[44, 64, 65, 46, 62, 45, 64, 65, 54, 57, 70, 68, 69, 76, 65, 67, 77, 86, 51, 64, 65, 31, 51, 81, 52, 67, 73, 64, 85, 88, 8, 89]
    Layer 15: dist=[80, 44, 79, 38, 37, 38, 79, 67, 90, 60, 46, 104, 68, 107, 79, 89, 61, 57, 64, 68, 58, 60, 50, 51, 49, 34, 86, 62, 72, 84, 71, 49]
    Layer 16: dist=[61, 57, 74, 85, 55, 58, 48, 55, 54, 82, 73, 84, 90, 69, 86, 86, 68, 71, 60, 62, 115, 118, 110, 103, 71, 54, 64, 10, 58, 59, 65, 56]
    Layer 17: dist=[111, 95, 79, 67, 53, 57, 39, 47, 90, 108, 79, 100, 40, 57, 71, 74, 44, 61, 61, 42, 75, 98, 93, 97, 58, 55, 57, 52, 53, 79, 93, 67]
    Layer 18: dist=[34, 45, 35, 33, 56, 78, 74, 57, 64, 67, 66, 79, 61, 60, 57, 62, 46, 74, 72, 52, 68, 47, 65, 96, 58, 62, 61, 63, 52, 53, 79, 56]
    Layer 19: dist=[73, 64, 63, 62, 76, 103, 54, 71, 81, 85, 84, 93, 63, 57, 75, 63, 84, 85, 49, 49, 21, 50, 33, 49, 102, 106, 102, 116, 77, 77, 73, 72]
    Layer 20: dist=[89, 79, 80, 77, 78, 51, 49, 57, 40, 36, 43, 39, 92, 79, 87, 96, 45, 51, 56, 39, 73, 111, 101, 98, 125, 97, 105, 85, 93, 79, 108, 108]
    Layer 21: dist=[44, 50, 56, 68, 115, 65, 96, 118, 118, 61, 71, 69, 46, 41, 44, 42, 75, 75, 83, 65, 89, 99, 95, 96, 64, 62, 60, 80, 73, 79, 60, 88]
    Layer 22: dist=[73, 60, 67, 63, 52, 72, 45, 56, 37, 49, 45, 59, 18, 86, 61, 64, 33, 79, 76, 41, 102, 115, 120, 121, 101, 84, 91, 95, 114, 92, 103, 95]
    Layer 23: dist=[39, 30, 48, 39, 110, 111, 41, 102, 79, 36, 45, 63, 75, 72, 79, 77, 82, 75, 74, 94, 72, 93, 82, 76, 78, 72, 68, 100, 91, 90, 83, 78]
    Layer 24: dist=[79, 124, 109, 101, 99, 109, 111, 97, 102, 105, 104, 84, 78, 75, 89, 74, 81, 86, 98, 88, 120, 103, 102, 117, 65, 73, 79, 51, 95, 111, 98, 88]
    Layer 25: dist=[105, 121, 118, 94, 71, 72, 107, 80, 96, 97, 85, 90, 65, 89, 50, 68, 93, 99, 97, 89, 102, 111, 105, 108, 110, 110, 99, 108, 88, 125, 98, 88]
    Layer 26: dist=[80, 88, 106, 68, 115, 113, 113, 110, 102, 107, 105, 98, 100, 124, 116, 116, 86, 93, 99, 95, 102, 113, 122, 114, 99, 97, 102, 93, 115, 96, 114, 95]
    Layer 27: dist=[87, 108, 103, 117, 98, 105, 101, 86, 77, 100, 107, 99, 78, 109, 80, 86, 96, 99, 99, 104, 91, 112, 113, 92, 110, 113, 116, 117, 107, 77, 92, 117]
    Layer 28: dist=[103, 92, 102, 102, 82, 63, 80, 76, 96, 107, 92, 89, 112, 105, 96, 101, 112, 104, 104, 108, 119, 71, 60, 89, 91, 88, 99, 99, 92, 92, 71, 95]
    Layer 30: dist=[75, 102, 99, 100, 102, 100, 90, 67, 117, 117, 115, 120, 105, 104, 113, 101, 97, 78, 120, 122, 51, 120, 100, 110, 119, 119, 119, 118, 106, 110, 107, 102]
    Layer 31: dist=[119, 117, 99, 98, 112, 113, 114, 116, 114, 77, 87, 91, 117, 116, 117, 115, 101, 101, 106, 94, 119, 116, 108, 119, 112, 109, 89, 120, 112, 106, 102, 110]
    Layer 32: dist=[110, 114, 114, 111, 116, 119, 116, 117, 110, 111, 117, 115, 93, 113, 108, 91, 118, 106, 109, 111, 123, 92, 114, 120, 71, 95, 80, 105, 116, 107, 99, 103]
    Layer 33: dist=[102, 120, 112, 119, 91, 102, 57, 94, 116, 116, 113, 113, 114, 115, 113, 116, 114, 117, 106, 109, 112, 96, 110, 113, 111, 119, 122, 118, 110, 111, 107, 104]
    Layer 34: dist=[110, 109, 112, 113, 105, 111, 108, 102, 53, 93, 114, 86, 117, 115, 120, 81, 82, 89, 126, 55, 119, 51, 118, 119, 122, 122, 125, 122, 54, 62, 68, 109]
    Layer 35: dist=[105, 123, 71, 97, 82, 36, 112, 100, 85, 94, 112, 96, 63, 28, 49, 40, 98, 74, 84, 48, 90, 102, 55, 54, 66, 49, 68, 72, 73, 115, 122, 117]

  [Taylor Step 2/3] OLS sigma per head (scaling V, streaming)...
    Layer  0: sigma=[0.611, 0.100, 0.100, 0.100, 0.332, 0.379, 0.100, 0.100, 0.100, 0.147, 0.100, 0.100, 0.100, 0.100, 0.100, 0.259, 0.100, 0.100, 0.100, 0.100, 0.100, 0.100, 0.100, 0.100, 0.100, 0.100, 0.350, 0.100, 0.100, 0.100, 0.161, 0.100]
    Layer  1: sigma=[0.351, 0.100, 0.100, 0.100, 0.100, 0.100, 0.100, 0.100, 0.100, 0.164, 0.248, 0.100, 0.100, 0.100, 0.100, 0.100, 0.100, 0.100, 0.100, 0.100, 0.100, 0.100, 0.100, 0.116, 0.100, 0.100, 0.113, 0.100, 0.100, 0.100, 0.100, 0.100]
    Layer  2: sigma=[0.100, 0.100, 0.100, 0.100, 0.100, 0.100, 0.100, 0.100, 0.108, 0.100, 0.100, 0.100, 0.100, 0.146, 0.100, 0.100, 0.100, 0.221, 0.100, 0.100, 0.100, 0.100, 0.100, 0.100, 0.100, 0.171, 0.100, 0.100, 0.100, 0.100, 0.100, 0.100]
    Layer  3: sigma=[0.100, 0.327, 0.100, 0.153, 0.100, 0.100, 0.100, 0.100, 0.100, 0.100, 0.100, 0.100, 0.100, 0.100, 0.100, 0.100, 0.100, 0.100, 0.100, 0.100, 0.100, 0.106, 0.100, 0.100, 0.100, 0.100, 0.100, 0.100, 0.100, 0.100, 0.100, 0.100]
    Layer  4: sigma=[0.100, 0.100, 0.100, 0.100, 0.100, 0.100, 0.100, 0.100, 0.100, 0.100, 0.100, 0.100, 0.100, 0.100, 0.100, 0.100, 0.100, 0.100, 0.100, 0.100, 0.134, 0.137, 0.320, 0.100, 0.100, 0.100, 0.100, 0.100, 0.100, 0.100, 0.100, 0.100]
    Layer  5: sigma=[0.100, 0.100, 0.100, 0.100, 0.100, 0.100, 0.100, 0.100, 0.100, 0.142, 0.100, 0.111, 0.100, 0.100, 0.100, 0.123, 0.100, 0.180, 0.100, 0.100, 0.100, 0.100, 0.100, 0.100, 0.100, 0.100, 0.100, 0.100, 0.100, 0.100, 0.100, 0.100]
    Layer  6: sigma=[0.100, 0.100, 0.100, 0.100, 0.100, 0.100, 0.100, 0.100, 0.100, 0.100, 0.100, 0.100, 0.100, 0.100, 0.100, 0.100, 0.100, 0.100, 0.100, 0.100, 0.156, 0.100, 0.100, 0.100, 0.100, 0.100, 0.100, 0.100, 0.100, 0.100, 0.100, 0.100]
    Layer  7: sigma=[0.100, 0.158, 0.100, 0.100, 0.116, 0.100, 0.100, 0.100, 0.100, 0.100, 0.100, 0.100, 0.100, 0.100, 0.100, 0.100, 0.100, 0.100, 0.100, 0.100, 0.100, 0.100, 0.100, 0.100, 0.100, 0.100, 0.100, 0.100, 0.100, 0.100, 0.100, 0.100]
    Layer  8: sigma=[0.100, 0.100, 0.100, 0.100, 0.100, 0.100, 0.100, 0.100, 0.100, 0.100, 0.100, 0.100, 0.100, 0.100, 0.100, 0.100, 0.100, 0.100, 0.100, 0.100, 0.100, 0.100, 0.100, 0.100, 0.100, 0.100, 0.100, 0.166, 0.100, 0.100, 0.100, 0.100]
    Layer  9: sigma=[0.100, 0.100, 0.100, 0.100, 0.100, 0.100, 0.100, 0.100, 0.100, 0.100, 0.100, 0.100, 0.100, 0.100, 0.599, 0.135, 0.100, 0.100, 0.100, 0.100, 0.100, 0.100, 0.100, 0.100, 0.100, 0.100, 0.100, 0.100, 0.100, 0.100, 0.100, 0.100]
    Layer 10: sigma=[0.100, 0.100, 0.100, 0.100, 0.100, 0.100, 0.100, 0.100, 0.100, 0.100, 0.100, 0.102, 0.100, 0.100, 0.100, 0.100, 0.100, 0.100, 0.100, 0.100, 0.100, 0.100, 0.100, 0.100, 0.100, 0.100, 0.100, 0.100, 0.100, 0.100, 0.100, 0.100]
    Layer 11: sigma=[0.100, 0.100, 0.100, 0.100, 0.129, 0.100, 0.100, 0.100, 0.100, 0.117, 0.100, 0.100, 0.100, 0.100, 0.265, 0.100, 0.100, 0.100, 0.100, 0.100, 0.100, 0.100, 0.100, 0.100, 0.100, 0.100, 0.170, 0.100, 0.100, 0.100, 0.100, 0.100]
    Layer 12: sigma=[0.100, 0.100, 0.100, 0.100, 0.100, 0.100, 0.100, 0.100, 0.100, 0.102, 0.100, 0.108, 0.100, 0.100, 0.100, 0.100, 0.100, 0.332, 0.161, 0.100, 0.100, 0.100, 0.100, 0.100, 0.100, 0.100, 0.100, 0.224, 0.100, 0.100, 0.131, 0.100]
    Layer 13: sigma=[0.222, 0.100, 0.100, 0.314, 0.100, 0.100, 0.100, 0.100, 0.100, 0.100, 0.100, 0.100, 0.100, 0.100, 0.100, 0.100, 0.100, 0.100, 0.100, 0.100, 0.100, 0.100, 0.100, 0.100, 0.100, 0.100, 0.100, 0.100, 0.100, 0.100, 0.100, 0.100]
    Layer 14: sigma=[0.100, 0.100, 0.100, 0.100, 0.100, 0.388, 0.100, 0.100, 0.100, 0.100, 0.100, 0.100, 0.100, 0.100, 0.100, 0.100, 0.100, 0.100, 0.100, 0.100, 0.100, 0.100, 0.100, 0.100, 0.124, 0.119, 0.100, 0.100, 0.100, 0.100, 0.100, 0.100]
    Layer 15: sigma=[0.100, 0.214, 0.100, 0.100, 0.100, 0.107, 0.100, 0.100, 0.100, 0.100, 0.100, 0.100, 0.208, 0.100, 0.100, 0.100, 0.100, 0.100, 0.100, 0.100, 0.100, 0.100, 0.100, 0.100, 0.135, 0.100, 0.100, 0.100, 0.100, 0.100, 0.100, 0.100]
    Layer 16: sigma=[0.100, 0.100, 0.100, 0.100, 0.100, 0.100, 0.100, 0.100, 0.100, 0.100, 0.100, 0.100, 0.100, 0.100, 0.100, 0.100, 0.100, 0.100, 0.100, 0.100, 0.100, 0.100, 0.100, 0.100, 0.100, 0.100, 0.100, 0.416, 0.100, 0.100, 0.100, 0.100]
    Layer 17: sigma=[0.100, 0.100, 0.100, 0.100, 0.100, 0.140, 0.100, 0.100, 0.100, 0.100, 0.100, 0.100, 0.100, 0.100, 0.100, 0.100, 0.121, 0.101, 0.100, 0.430, 0.100, 0.100, 0.100, 0.100, 0.160, 0.100, 0.403, 0.100, 0.100, 0.100, 0.100, 0.100]
    Layer 18: sigma=[0.100, 0.463, 0.100, 0.100, 0.100, 0.100, 0.100, 0.190, 0.100, 0.100, 0.100, 0.100, 0.100, 0.100, 0.100, 0.100, 0.162, 0.100, 0.100, 0.100, 0.100, 0.100, 0.100, 0.100, 0.100, 0.100, 0.100, 0.100, 0.100, 0.100, 0.100, 0.100]
    Layer 19: sigma=[0.100, 0.100, 0.100, 0.100, 0.100, 0.100, 0.100, 0.100, 0.100, 0.100, 0.100, 0.100, 0.179, 0.100, 0.100, 0.202, 0.100, 0.100, 0.100, 0.263, 0.100, 0.100, 0.100, 0.111, 0.100, 0.100, 0.100, 0.100, 0.100, 0.100, 0.100, 0.100]
    Layer 20: sigma=[0.100, 0.100, 0.100, 0.100, 0.100, 0.171, 0.100, 0.100, 0.156, 0.113, 0.100, 0.100, 0.100, 0.100, 0.100, 0.115, 0.100, 0.111, 0.100, 0.100, 0.100, 0.100, 0.100, 0.100, 0.100, 0.100, 0.100, 0.100, 0.100, 0.100, 0.100, 0.100]
    Layer 21: sigma=[0.100, 0.158, 0.100, 0.100, 0.100, 0.100, 0.100, 0.100, 0.100, 0.130, 0.100, 0.272, 0.100, 0.100, 0.102, 0.100, 0.100, 0.100, 0.100, 0.100, 0.100, 0.115, 0.100, 0.100, 0.117, 0.100, 0.100, 0.100, 0.100, 0.100, 0.266, 0.100]
    Layer 22: sigma=[0.171, 0.100, 0.100, 0.100, 0.137, 0.118, 0.108, 0.221, 0.100, 0.100, 0.100, 0.100, 0.100, 0.100, 0.100, 0.102, 0.100, 0.100, 0.100, 0.100, 0.100, 0.100, 0.100, 0.100, 0.100, 0.100, 0.100, 0.100, 0.100, 0.100, 0.100, 0.100]
    Layer 23: sigma=[0.175, 0.318, 0.172, 0.100, 0.100, 0.100, 0.121, 0.100, 0.100, 0.263, 0.100, 0.100, 0.100, 0.100, 0.100, 0.100, 0.100, 0.100, 0.100, 0.100, 0.100, 0.100, 0.100, 0.100, 0.100, 0.100, 0.100, 0.100, 0.100, 0.100, 0.134, 0.277]
    Layer 24: sigma=[0.100, 0.100, 0.100, 0.100, 0.100, 0.100, 0.100, 0.100, 0.100, 0.100, 0.100, 0.100, 0.100, 0.100, 0.100, 0.124, 0.100, 0.100, 0.100, 0.100, 0.100, 0.100, 0.100, 0.100, 0.194, 0.385, 0.100, 0.349, 0.100, 0.100, 0.100, 0.100]
    Layer 25: sigma=[0.100, 0.100, 0.100, 0.100, 0.100, 0.100, 0.100, 0.100, 0.100, 0.100, 0.100, 0.100, 0.100, 0.100, 0.100, 0.100, 0.100, 0.100, 0.100, 0.100, 0.100, 0.100, 0.100, 0.100, 0.100, 0.100, 0.100, 0.100, 0.100, 0.100, 0.100, 0.100]
    Layer 26: sigma=[0.103, 0.100, 0.100, 0.100, 0.100, 0.100, 0.100, 0.100, 0.100, 0.100, 0.100, 0.100, 0.100, 0.100, 0.100, 0.100, 0.100, 0.100, 0.100, 0.100, 0.100, 0.100, 0.100, 0.100, 0.100, 0.100, 0.100, 0.100, 0.100, 0.100, 0.100, 0.100]
    Layer 27: sigma=[0.100, 0.100, 0.100, 0.100, 0.100, 0.100, 0.100, 0.100, 0.100, 0.100, 0.100, 0.100, 0.100, 0.100, 0.100, 0.100, 0.100, 0.100, 0.100, 0.100, 0.100, 0.100, 0.100, 0.100, 0.100, 0.100, 0.100, 0.100, 0.100, 0.100, 0.100, 0.100]
    Layer 28: sigma=[0.100, 0.100, 0.100, 0.100, 0.100, 0.114, 0.100, 0.136, 0.100, 0.100, 0.100, 0.100, 0.100, 0.100, 0.100, 0.100, 0.100, 0.100, 0.100, 0.100, 0.100, 0.100, 0.100, 0.100, 0.100, 0.100, 0.100, 0.100, 0.100, 0.100, 0.100, 0.100]
    Layer 30: sigma=[0.100, 0.100, 0.100, 0.100, 0.100, 0.100, 0.100, 0.100, 0.100, 0.100, 0.100, 0.100, 0.100, 0.100, 0.100, 0.100, 0.100, 0.100, 0.100, 0.100, 0.136, 0.100, 0.100, 0.100, 0.100, 0.100, 0.100, 0.100, 0.100, 0.100, 0.100, 0.100]
    Layer 31: sigma=[0.100, 0.100, 0.100, 0.100, 0.100, 0.100, 0.100, 0.100, 0.100, 0.100, 0.100, 0.100, 0.100, 0.100, 0.100, 0.100, 0.100, 0.100, 0.100, 0.104, 0.100, 0.100, 0.100, 0.100, 0.100, 0.100, 0.100, 0.100, 0.100, 0.100, 0.100, 0.100]
    Layer 32: sigma=[0.100, 0.100, 0.100, 0.100, 0.100, 0.100, 0.100, 0.100, 0.100, 0.100, 0.100, 0.100, 0.100, 0.100, 0.100, 0.100, 0.100, 0.100, 0.100, 0.100, 0.100, 0.100, 0.100, 0.100, 0.100, 0.100, 0.100, 0.100, 0.100, 0.100, 0.100, 0.100]
    Layer 33: sigma=[0.100, 0.100, 0.100, 0.100, 0.100, 0.100, 0.100, 0.100, 0.100, 0.100, 0.100, 0.100, 0.100, 0.100, 0.100, 0.100, 0.100, 0.100, 0.100, 0.100, 0.100, 0.100, 0.100, 0.100, 0.100, 0.100, 0.100, 0.100, 0.100, 0.100, 0.100, 0.100]
    Layer 34: sigma=[0.100, 0.100, 0.100, 0.100, 0.100, 0.100, 0.100, 0.100, 0.100, 0.100, 0.100, 0.100, 0.100, 0.100, 0.100, 0.100, 0.103, 0.100, 0.100, 0.100, 0.100, 0.100, 0.100, 0.100, 0.100, 0.100, 0.100, 0.100, 0.100, 0.100, 0.100, 0.100]
    Layer 35: sigma=[0.100, 0.100, 0.100, 0.100, 0.100, 0.100, 0.100, 0.100, 0.100, 0.100, 0.100, 0.100, 0.100, 0.100, 0.100, 0.100, 0.100, 0.100, 0.100, 0.100, 0.100, 0.100, 0.150, 0.100, 0.100, 0.100, 0.100, 0.100, 0.100, 0.100, 0.100, 0.100]

  [Taylor Step 3/3] g_proj = v_proj * alpha (damping=0.01)...
    Layer  0: alpha=0.060648  teacher_rms=0.0163  v_rms=0.0027
    Layer  1: alpha=0.060851  teacher_rms=0.0205  v_rms=0.0034
    Layer  2: alpha=0.056972  teacher_rms=0.0214  v_rms=0.0038
    Layer  3: alpha=0.048659  teacher_rms=0.0259  v_rms=0.0053
    Layer  4: alpha=0.047299  teacher_rms=0.0304  v_rms=0.0064
    Layer  5: alpha=0.061700  teacher_rms=0.0409  v_rms=0.0066
    Layer  6: alpha=0.078321  teacher_rms=0.0621  v_rms=0.0079
    Layer  7: alpha=0.045875  teacher_rms=0.0530  v_rms=0.0115
    Layer  8: alpha=0.047685  teacher_rms=0.0708  v_rms=0.0148
    Layer  9: alpha=0.034412  teacher_rms=0.0713  v_rms=0.0207
    Layer 10: alpha=0.051200  teacher_rms=0.1092  v_rms=0.0213
    Layer 11: alpha=0.062112  teacher_rms=0.1046  v_rms=0.0168
    Layer 12: alpha=0.059319  teacher_rms=0.1207  v_rms=0.0204
    Layer 13: alpha=0.053910  teacher_rms=0.1040  v_rms=0.0193
    Layer 14: alpha=0.064742  teacher_rms=0.1547  v_rms=0.0239
    Layer 15: alpha=0.057024  teacher_rms=0.1576  v_rms=0.0276
    Layer 16: alpha=0.042170  teacher_rms=0.1473  v_rms=0.0349
    Layer 17: alpha=0.043513  teacher_rms=0.1753  v_rms=0.0403
    Layer 18: alpha=0.045223  teacher_rms=0.1990  v_rms=0.0440
    Layer 19: alpha=0.054432  teacher_rms=0.2060  v_rms=0.0379
    Layer 20: alpha=0.057656  teacher_rms=0.1966  v_rms=0.0341
    Layer 21: alpha=0.051561  teacher_rms=0.2373  v_rms=0.0460
    Layer 22: alpha=0.056570  teacher_rms=0.2834  v_rms=0.0501
    Layer 23: alpha=0.048850  teacher_rms=0.3098  v_rms=0.0634
    Layer 24: alpha=0.034120  teacher_rms=0.2897  v_rms=0.0849
    Layer 25: alpha=0.040058  teacher_rms=0.2376  v_rms=0.0593
    Layer 26: alpha=0.029223  teacher_rms=0.2124  v_rms=0.0727
    Layer 27: alpha=0.037093  teacher_rms=0.3083  v_rms=0.0831
    Layer 28: alpha=0.042162  teacher_rms=0.3705  v_rms=0.0879
    Layer 30: alpha=0.028788  teacher_rms=0.4297  v_rms=0.1493
    Layer 31: alpha=0.021200  teacher_rms=0.3785  v_rms=0.1785
    Layer 32: alpha=0.023899  teacher_rms=0.5288  v_rms=0.2213
    Layer 33: alpha=0.018560  teacher_rms=0.6404  v_rms=0.3451
    Layer 34: alpha=0.033176  teacher_rms=1.0325  v_rms=0.3112
    Layer 35: alpha=0.059244  teacher_rms=1.0168  v_rms=0.1716

  Set g_proj = v_proj * alpha in 35 GDN layers (damping=0.01).
  Init (taylor_init) done in 369.6s
  Layer 29: PPL = 1377373.25  (eval 15.4s)

============================================================
  Probing layer 30 | strategy=taylor_init
============================================================
Loading checkpoint shards:   0%|          | 0/4 [00:00<?, ?it/s]Loading checkpoint shards: 100%|██████████| 4/4 [00:00<00:00, 59.21it/s]
Could not cache non-existence of file. Will ignore error and continue. Error: [Errno 13] Permission denied: '/data/shared/huggingface/hub/models--Qwen--Qwen3-8B/.no_exist/b968826d9c46dd6066d109eabc6255188de91218/model.safetensors'
Loading checkpoint shards:   0%|          | 0/5 [00:00<?, ?it/s]Loading checkpoint shards: 100%|██████████| 5/5 [00:00<00:00, 184.22it/s]
Token indices sequence length is longer than the specified maximum sequence length for this model (2429029 > 131072). Running this sequence through the model will result in indexing errors
  [Taylor Step 1/3] Gate calibration from attention stats...
    Layer  0: dist=[32, 3, 12, 35, 12, 26, 9, 11, 19, 6, 8, 9, 18, 34, 31, 10, 16, 19, 16, 14, 13, 23, 4, 12, 5, 52, 10, 43, 15, 36, 15, 14]
    Layer  1: dist=[19, 38, 25, 44, 3, 15, 31, 11, 45, 36, 65, 60, 34, 47, 51, 38, 32, 54, 57, 33, 56, 24, 40, 40, 37, 9, 44, 41, 83, 31, 37, 49]
    Layer  2: dist=[65, 65, 67, 62, 26, 45, 33, 43, 39, 47, 56, 56, 53, 46, 46, 60, 61, 49, 54, 43, 49, 67, 48, 50, 25, 24, 21, 35, 73, 73, 77, 74]
    Layer  3: dist=[65, 26, 13, 22, 87, 93, 83, 73, 56, 53, 62, 58, 90, 73, 75, 74, 59, 62, 51, 67, 74, 60, 64, 65, 64, 56, 52, 59, 70, 63, 72, 65]
    Layer  4: dist=[62, 63, 73, 67, 73, 56, 61, 89, 68, 69, 63, 60, 55, 55, 71, 61, 62, 65, 67, 70, 64, 61, 47, 64, 41, 51, 48, 34, 51, 66, 55, 55]
    Layer  5: dist=[36, 48, 55, 35, 61, 68, 52, 51, 5, 18, 73, 61, 54, 78, 59, 52, 41, 32, 50, 48, 51, 55, 48, 59, 73, 73, 80, 80, 43, 44, 46, 58]
    Layer  6: dist=[27, 40, 30, 31, 52, 46, 67, 61, 46, 25, 43, 38, 56, 64, 56, 30, 47, 34, 45, 40, 20, 30, 32, 14, 35, 50, 32, 49, 47, 43, 37, 53]
    Layer  7: dist=[55, 60, 64, 87, 126, 114, 127, 121, 88, 119, 99, 72, 108, 23, 53, 97, 80, 101, 85, 81, 106, 86, 112, 116, 64, 78, 47, 86, 97, 101, 101, 106]
    Layer  8: dist=[83, 87, 90, 58, 81, 77, 69, 78, 86, 99, 87, 90, 94, 86, 96, 70, 116, 107, 103, 96, 92, 106, 100, 111, 92, 72, 95, 67, 84, 72, 79, 74]
    Layer  9: dist=[76, 60, 61, 67, 83, 97, 96, 74, 123, 120, 118, 112, 27, 87, 63, 85, 93, 100, 114, 125, 87, 77, 60, 70, 119, 81, 91, 97, 125, 113, 127, 123]
    Layer 10: dist=[76, 71, 58, 74, 85, 102, 64, 74, 63, 88, 106, 49, 88, 67, 82, 86, 87, 102, 100, 107, 88, 60, 107, 90, 93, 107, 84, 77, 76, 65, 82, 90]
    Layer 11: dist=[78, 65, 79, 48, 53, 61, 78, 77, 102, 123, 109, 93, 82, 64, 65, 69, 69, 63, 61, 51, 77, 107, 89, 87, 67, 59, 56, 54, 95, 55, 55, 94]
    Layer 12: dist=[21, 72, 79, 61, 87, 83, 66, 70, 63, 62, 74, 77, 86, 81, 82, 87, 39, 68, 59, 94, 102, 112, 97, 103, 93, 2, 107, 38, 81, 88, 113, 91]
    Layer 13: dist=[52, 68, 66, 62, 52, 51, 65, 40, 86, 63, 99, 122, 128, 115, 109, 124, 85, 72, 57, 61, 93, 55, 83, 90, 84, 59, 72, 76, 113, 111, 96, 99]
    Layer 14: dist=[44, 64, 65, 46, 62, 45, 64, 65, 54, 57, 70, 68, 69, 76, 65, 67, 77, 86, 51, 64, 65, 31, 51, 81, 52, 67, 73, 64, 85, 88, 8, 89]
    Layer 15: dist=[80, 44, 79, 38, 37, 38, 79, 67, 90, 60, 46, 104, 68, 107, 79, 89, 61, 57, 64, 68, 58, 60, 50, 51, 49, 34, 86, 62, 72, 84, 71, 49]
    Layer 16: dist=[61, 57, 74, 85, 55, 58, 48, 55, 54, 82, 73, 84, 90, 69, 86, 86, 68, 71, 60, 62, 115, 118, 110, 103, 71, 54, 64, 10, 58, 59, 65, 56]
    Layer 17: dist=[111, 95, 79, 67, 53, 57, 39, 47, 90, 108, 79, 100, 40, 57, 71, 74, 44, 61, 61, 42, 75, 98, 93, 97, 58, 55, 57, 52, 53, 79, 93, 67]
    Layer 18: dist=[34, 45, 35, 33, 56, 78, 74, 57, 64, 67, 66, 79, 61, 60, 57, 62, 46, 74, 72, 52, 68, 47, 65, 96, 58, 62, 61, 63, 52, 53, 79, 56]
    Layer 19: dist=[73, 64, 63, 62, 76, 103, 54, 71, 81, 85, 84, 93, 63, 57, 75, 63, 84, 85, 49, 49, 21, 50, 33, 49, 102, 106, 102, 116, 77, 77, 73, 72]
    Layer 20: dist=[89, 79, 80, 77, 78, 51, 49, 57, 40, 36, 43, 39, 92, 79, 87, 96, 45, 51, 56, 39, 73, 111, 101, 98, 125, 97, 105, 85, 93, 79, 108, 108]
    Layer 21: dist=[44, 50, 56, 68, 115, 65, 96, 118, 118, 61, 71, 69, 46, 41, 44, 42, 75, 75, 83, 65, 89, 99, 95, 96, 64, 62, 60, 80, 73, 79, 60, 88]
    Layer 22: dist=[73, 60, 67, 63, 52, 72, 45, 56, 37, 49, 45, 59, 18, 86, 61, 64, 33, 79, 76, 41, 102, 115, 120, 121, 101, 84, 91, 95, 114, 92, 103, 95]
    Layer 23: dist=[39, 30, 48, 39, 110, 111, 41, 102, 79, 36, 45, 63, 75, 72, 79, 77, 82, 75, 74, 94, 72, 93, 82, 76, 78, 72, 68, 100, 91, 90, 83, 78]
    Layer 24: dist=[79, 124, 109, 101, 99, 109, 111, 97, 102, 105, 104, 84, 78, 75, 89, 74, 81, 86, 98, 88, 120, 103, 102, 117, 65, 73, 79, 51, 95, 111, 98, 88]
    Layer 25: dist=[105, 121, 118, 94, 71, 72, 107, 80, 96, 97, 85, 90, 65, 89, 50, 68, 93, 99, 97, 89, 102, 111, 105, 108, 110, 110, 99, 108, 88, 125, 98, 88]
    Layer 26: dist=[80, 88, 106, 68, 115, 113, 113, 110, 102, 107, 105, 98, 100, 124, 116, 116, 86, 93, 99, 95, 102, 113, 122, 114, 99, 97, 102, 93, 115, 96, 114, 95]
    Layer 27: dist=[87, 108, 103, 117, 98, 105, 101, 86, 77, 100, 107, 99, 78, 109, 80, 86, 96, 99, 99, 104, 91, 112, 113, 92, 110, 113, 116, 117, 107, 77, 92, 117]
    Layer 28: dist=[103, 92, 102, 102, 82, 63, 80, 76, 96, 107, 92, 89, 112, 105, 96, 101, 112, 104, 104, 108, 119, 71, 60, 89, 91, 88, 99, 99, 92, 92, 71, 95]
    Layer 29: dist=[113, 114, 114, 113, 90, 112, 94, 114, 119, 113, 122, 105, 120, 120, 119, 120, 116, 106, 115, 121, 123, 123, 107, 125, 100, 114, 97, 92, 106, 95, 106, 109]
    Layer 31: dist=[119, 117, 99, 98, 112, 113, 114, 116, 114, 77, 87, 91, 117, 116, 117, 115, 101, 101, 106, 94, 119, 116, 108, 119, 112, 109, 89, 120, 112, 106, 102, 110]
    Layer 32: dist=[110, 114, 114, 111, 116, 119, 116, 117, 110, 111, 117, 115, 93, 113, 108, 91, 118, 106, 109, 111, 123, 92, 114, 120, 71, 95, 80, 105, 116, 107, 99, 103]
    Layer 33: dist=[102, 120, 112, 119, 91, 102, 57, 94, 116, 116, 113, 113, 114, 115, 113, 116, 114, 117, 106, 109, 112, 96, 110, 113, 111, 119, 122, 118, 110, 111, 107, 104]
    Layer 34: dist=[110, 109, 112, 113, 105, 111, 108, 102, 53, 93, 114, 86, 117, 115, 120, 81, 82, 89, 126, 55, 119, 51, 118, 119, 122, 122, 125, 122, 54, 62, 68, 109]
    Layer 35: dist=[105, 123, 71, 97, 82, 36, 112, 100, 85, 94, 112, 96, 63, 28, 49, 40, 98, 74, 84, 48, 90, 102, 55, 54, 66, 49, 68, 72, 73, 115, 122, 117]

  [Taylor Step 2/3] OLS sigma per head (scaling V, streaming)...
    Layer  0: sigma=[0.612, 0.100, 0.100, 0.100, 0.333, 0.380, 0.100, 0.100, 0.100, 0.149, 0.100, 0.100, 0.100, 0.100, 0.100, 0.260, 0.100, 0.100, 0.100, 0.100, 0.100, 0.100, 0.100, 0.100, 0.100, 0.100, 0.351, 0.100, 0.100, 0.100, 0.161, 0.100]
    Layer  1: sigma=[0.351, 0.100, 0.100, 0.100, 0.100, 0.100, 0.100, 0.100, 0.100, 0.166, 0.246, 0.100, 0.100, 0.100, 0.100, 0.100, 0.100, 0.100, 0.100, 0.100, 0.100, 0.100, 0.100, 0.116, 0.100, 0.100, 0.116, 0.100, 0.100, 0.100, 0.100, 0.100]
    Layer  2: sigma=[0.100, 0.100, 0.100, 0.100, 0.100, 0.100, 0.100, 0.100, 0.108, 0.100, 0.100, 0.100, 0.100, 0.146, 0.100, 0.100, 0.100, 0.222, 0.100, 0.100, 0.100, 0.100, 0.100, 0.100, 0.100, 0.171, 0.100, 0.100, 0.100, 0.100, 0.100, 0.100]
    Layer  3: sigma=[0.100, 0.327, 0.100, 0.152, 0.100, 0.100, 0.100, 0.100, 0.100, 0.100, 0.100, 0.100, 0.100, 0.100, 0.100, 0.100, 0.100, 0.100, 0.100, 0.100, 0.100, 0.105, 0.100, 0.100, 0.100, 0.100, 0.100, 0.100, 0.100, 0.100, 0.100, 0.100]
    Layer  4: sigma=[0.100, 0.100, 0.100, 0.100, 0.100, 0.100, 0.100, 0.100, 0.100, 0.100, 0.100, 0.100, 0.100, 0.100, 0.100, 0.100, 0.100, 0.100, 0.100, 0.100, 0.133, 0.139, 0.319, 0.100, 0.100, 0.100, 0.100, 0.100, 0.100, 0.100, 0.100, 0.100]
    Layer  5: sigma=[0.100, 0.100, 0.100, 0.100, 0.100, 0.100, 0.100, 0.100, 0.100, 0.134, 0.100, 0.109, 0.100, 0.100, 0.100, 0.123, 0.100, 0.183, 0.100, 0.100, 0.100, 0.100, 0.100, 0.100, 0.100, 0.100, 0.100, 0.100, 0.100, 0.100, 0.100, 0.100]
    Layer  6: sigma=[0.100, 0.100, 0.100, 0.100, 0.100, 0.100, 0.100, 0.100, 0.100, 0.100, 0.100, 0.100, 0.100, 0.100, 0.100, 0.100, 0.100, 0.100, 0.100, 0.100, 0.156, 0.100, 0.100, 0.100, 0.100, 0.100, 0.100, 0.100, 0.100, 0.100, 0.100, 0.100]
    Layer  7: sigma=[0.100, 0.149, 0.100, 0.100, 0.109, 0.100, 0.100, 0.100, 0.100, 0.100, 0.100, 0.100, 0.100, 0.100, 0.100, 0.100, 0.100, 0.100, 0.100, 0.100, 0.100, 0.100, 0.100, 0.100, 0.100, 0.100, 0.100, 0.100, 0.100, 0.100, 0.100, 0.100]
    Layer  8: sigma=[0.100, 0.100, 0.100, 0.100, 0.100, 0.100, 0.100, 0.100, 0.100, 0.100, 0.100, 0.100, 0.100, 0.100, 0.100, 0.100, 0.100, 0.100, 0.100, 0.100, 0.100, 0.100, 0.100, 0.100, 0.100, 0.100, 0.100, 0.161, 0.100, 0.100, 0.100, 0.100]
    Layer  9: sigma=[0.100, 0.100, 0.100, 0.100, 0.100, 0.100, 0.100, 0.100, 0.100, 0.100, 0.100, 0.100, 0.100, 0.100, 0.606, 0.131, 0.100, 0.100, 0.100, 0.100, 0.100, 0.100, 0.100, 0.100, 0.100, 0.100, 0.100, 0.100, 0.100, 0.100, 0.100, 0.100]
    Layer 10: sigma=[0.100, 0.100, 0.100, 0.100, 0.100, 0.100, 0.100, 0.100, 0.100, 0.100, 0.100, 0.100, 0.100, 0.100, 0.100, 0.100, 0.100, 0.100, 0.100, 0.100, 0.100, 0.100, 0.100, 0.100, 0.100, 0.100, 0.100, 0.100, 0.100, 0.100, 0.100, 0.100]
    Layer 11: sigma=[0.100, 0.100, 0.100, 0.100, 0.141, 0.100, 0.100, 0.100, 0.100, 0.111, 0.100, 0.100, 0.100, 0.100, 0.247, 0.100, 0.100, 0.100, 0.100, 0.100, 0.100, 0.100, 0.100, 0.100, 0.100, 0.100, 0.169, 0.100, 0.100, 0.100, 0.100, 0.100]
    Layer 12: sigma=[0.100, 0.100, 0.100, 0.100, 0.100, 0.100, 0.100, 0.100, 0.100, 0.102, 0.100, 0.108, 0.100, 0.100, 0.100, 0.100, 0.100, 0.331, 0.176, 0.100, 0.100, 0.100, 0.100, 0.100, 0.100, 0.100, 0.100, 0.213, 0.100, 0.100, 0.117, 0.100]
    Layer 13: sigma=[0.235, 0.100, 0.100, 0.329, 0.100, 0.100, 0.100, 0.100, 0.100, 0.100, 0.100, 0.100, 0.100, 0.100, 0.100, 0.100, 0.100, 0.100, 0.100, 0.103, 0.100, 0.100, 0.100, 0.100, 0.100, 0.100, 0.100, 0.100, 0.100, 0.100, 0.100, 0.100]
    Layer 14: sigma=[0.100, 0.100, 0.100, 0.100, 0.100, 0.394, 0.100, 0.100, 0.100, 0.100, 0.100, 0.100, 0.100, 0.100, 0.100, 0.100, 0.100, 0.100, 0.100, 0.100, 0.100, 0.100, 0.100, 0.100, 0.112, 0.118, 0.100, 0.100, 0.100, 0.100, 0.100, 0.100]
    Layer 15: sigma=[0.100, 0.207, 0.100, 0.100, 0.100, 0.112, 0.100, 0.100, 0.100, 0.100, 0.100, 0.100, 0.204, 0.100, 0.100, 0.100, 0.100, 0.100, 0.100, 0.100, 0.100, 0.100, 0.100, 0.100, 0.153, 0.100, 0.100, 0.100, 0.100, 0.100, 0.100, 0.100]
    Layer 16: sigma=[0.100, 0.100, 0.100, 0.100, 0.100, 0.100, 0.100, 0.100, 0.100, 0.100, 0.100, 0.100, 0.100, 0.100, 0.100, 0.100, 0.100, 0.100, 0.100, 0.100, 0.100, 0.100, 0.100, 0.100, 0.100, 0.100, 0.100, 0.407, 0.100, 0.100, 0.100, 0.100]
    Layer 17: sigma=[0.100, 0.100, 0.100, 0.100, 0.100, 0.156, 0.100, 0.100, 0.100, 0.100, 0.100, 0.100, 0.100, 0.100, 0.100, 0.100, 0.143, 0.100, 0.100, 0.336, 0.100, 0.100, 0.100, 0.107, 0.138, 0.100, 0.401, 0.100, 0.100, 0.100, 0.100, 0.100]
    Layer 18: sigma=[0.100, 0.378, 0.100, 0.100, 0.100, 0.100, 0.100, 0.181, 0.100, 0.100, 0.100, 0.100, 0.100, 0.100, 0.100, 0.100, 0.158, 0.100, 0.100, 0.100, 0.100, 0.100, 0.100, 0.100, 0.100, 0.100, 0.100, 0.100, 0.100, 0.100, 0.100, 0.100]
    Layer 19: sigma=[0.100, 0.100, 0.100, 0.100, 0.100, 0.100, 0.100, 0.100, 0.100, 0.100, 0.100, 0.100, 0.137, 0.100, 0.100, 0.168, 0.100, 0.100, 0.100, 0.287, 0.100, 0.100, 0.100, 0.102, 0.100, 0.100, 0.100, 0.100, 0.100, 0.100, 0.100, 0.100]
    Layer 20: sigma=[0.100, 0.100, 0.100, 0.100, 0.100, 0.215, 0.100, 0.100, 0.155, 0.102, 0.100, 0.100, 0.100, 0.100, 0.100, 0.132, 0.100, 0.138, 0.100, 0.100, 0.100, 0.100, 0.100, 0.100, 0.100, 0.100, 0.100, 0.100, 0.100, 0.100, 0.100, 0.100]
    Layer 21: sigma=[0.100, 0.129, 0.100, 0.100, 0.100, 0.100, 0.100, 0.100, 0.100, 0.144, 0.100, 0.268, 0.100, 0.100, 0.146, 0.100, 0.100, 0.100, 0.100, 0.114, 0.100, 0.100, 0.100, 0.100, 0.151, 0.100, 0.100, 0.100, 0.100, 0.100, 0.238, 0.100]
    Layer 22: sigma=[0.161, 0.100, 0.100, 0.100, 0.185, 0.130, 0.100, 0.212, 0.100, 0.100, 0.100, 0.100, 0.100, 0.100, 0.100, 0.100, 0.100, 0.100, 0.100, 0.113, 0.100, 0.100, 0.100, 0.100, 0.100, 0.100, 0.100, 0.100, 0.100, 0.100, 0.100, 0.100]
    Layer 23: sigma=[0.173, 0.286, 0.174, 0.100, 0.100, 0.100, 0.100, 0.100, 0.100, 0.253, 0.100, 0.100, 0.100, 0.100, 0.101, 0.100, 0.100, 0.100, 0.100, 0.100, 0.100, 0.100, 0.100, 0.100, 0.100, 0.100, 0.100, 0.100, 0.100, 0.100, 0.156, 0.213]
    Layer 24: sigma=[0.100, 0.100, 0.100, 0.100, 0.100, 0.100, 0.100, 0.100, 0.100, 0.100, 0.100, 0.100, 0.100, 0.100, 0.100, 0.157, 0.100, 0.100, 0.100, 0.100, 0.100, 0.100, 0.100, 0.100, 0.225, 0.457, 0.100, 0.389, 0.100, 0.100, 0.100, 0.100]
    Layer 25: sigma=[0.100, 0.100, 0.100, 0.100, 0.100, 0.100, 0.100, 0.100, 0.100, 0.100, 0.100, 0.100, 0.100, 0.100, 0.140, 0.100, 0.100, 0.100, 0.100, 0.100, 0.100, 0.100, 0.100, 0.100, 0.100, 0.100, 0.100, 0.100, 0.100, 0.100, 0.100, 0.100]
    Layer 26: sigma=[0.100, 0.100, 0.100, 0.100, 0.100, 0.100, 0.100, 0.100, 0.100, 0.100, 0.100, 0.100, 0.100, 0.100, 0.100, 0.100, 0.100, 0.100, 0.100, 0.100, 0.100, 0.100, 0.100, 0.100, 0.100, 0.100, 0.100, 0.100, 0.100, 0.100, 0.100, 0.100]
    Layer 27: sigma=[0.100, 0.100, 0.100, 0.100, 0.100, 0.100, 0.100, 0.100, 0.100, 0.100, 0.100, 0.100, 0.100, 0.100, 0.100, 0.100, 0.100, 0.100, 0.100, 0.100, 0.100, 0.100, 0.100, 0.100, 0.100, 0.100, 0.100, 0.100, 0.100, 0.100, 0.100, 0.100]
    Layer 28: sigma=[0.100, 0.100, 0.100, 0.100, 0.100, 0.139, 0.100, 0.100, 0.100, 0.100, 0.100, 0.100, 0.100, 0.100, 0.100, 0.100, 0.100, 0.100, 0.100, 0.100, 0.100, 0.100, 0.100, 0.100, 0.100, 0.100, 0.100, 0.100, 0.100, 0.100, 0.100, 0.100]
    Layer 29: sigma=[0.100, 0.100, 0.100, 0.100, 0.100, 0.100, 0.100, 0.100, 0.100, 0.100, 0.100, 0.100, 0.100, 0.100, 0.100, 0.100, 0.100, 0.100, 0.100, 0.100, 0.100, 0.100, 0.100, 0.100, 0.100, 0.100, 0.100, 0.100, 0.100, 0.100, 0.100, 0.100]
    Layer 31: sigma=[0.100, 0.100, 0.100, 0.100, 0.100, 0.100, 0.100, 0.100, 0.100, 0.100, 0.100, 0.100, 0.100, 0.100, 0.100, 0.100, 0.100, 0.100, 0.100, 0.100, 0.100, 0.100, 0.100, 0.100, 0.100, 0.100, 0.100, 0.100, 0.100, 0.100, 0.100, 0.100]
    Layer 32: sigma=[0.100, 0.100, 0.100, 0.100, 0.100, 0.100, 0.100, 0.100, 0.100, 0.100, 0.100, 0.100, 0.100, 0.100, 0.100, 0.100, 0.100, 0.100, 0.100, 0.100, 0.100, 0.100, 0.100, 0.100, 0.100, 0.100, 0.100, 0.100, 0.100, 0.100, 0.100, 0.100]
    Layer 33: sigma=[0.100, 0.100, 0.100, 0.100, 0.100, 0.100, 0.100, 0.100, 0.100, 0.100, 0.100, 0.100, 0.100, 0.100, 0.100, 0.100, 0.100, 0.100, 0.100, 0.100, 0.100, 0.100, 0.100, 0.100, 0.100, 0.100, 0.100, 0.100, 0.100, 0.100, 0.100, 0.100]
    Layer 34: sigma=[0.100, 0.100, 0.100, 0.100, 0.100, 0.100, 0.100, 0.100, 0.100, 0.100, 0.100, 0.100, 0.100, 0.100, 0.100, 0.100, 0.100, 0.100, 0.100, 0.108, 0.100, 0.100, 0.100, 0.100, 0.100, 0.100, 0.100, 0.100, 0.100, 0.100, 0.100, 0.100]
    Layer 35: sigma=[0.100, 0.100, 0.100, 0.100, 0.100, 0.100, 0.100, 0.100, 0.100, 0.100, 0.100, 0.100, 0.100, 0.100, 0.100, 0.100, 0.100, 0.100, 0.100, 0.100, 0.100, 0.100, 0.100, 0.100, 0.100, 0.100, 0.100, 0.100, 0.100, 0.100, 0.100, 0.100]

  [Taylor Step 3/3] g_proj = v_proj * alpha (damping=0.01)...
    Layer  0: alpha=0.060536  teacher_rms=0.0163  v_rms=0.0027
    Layer  1: alpha=0.060813  teacher_rms=0.0205  v_rms=0.0034
    Layer  2: alpha=0.056977  teacher_rms=0.0214  v_rms=0.0038
    Layer  3: alpha=0.048692  teacher_rms=0.0259  v_rms=0.0053
    Layer  4: alpha=0.047318  teacher_rms=0.0304  v_rms=0.0064
    Layer  5: alpha=0.061790  teacher_rms=0.0409  v_rms=0.0066
    Layer  6: alpha=0.078336  teacher_rms=0.0621  v_rms=0.0079
    Layer  7: alpha=0.046207  teacher_rms=0.0530  v_rms=0.0115
    Layer  8: alpha=0.047802  teacher_rms=0.0708  v_rms=0.0148
    Layer  9: alpha=0.034246  teacher_rms=0.0713  v_rms=0.0208
    Layer 10: alpha=0.051225  teacher_rms=0.1092  v_rms=0.0213
    Layer 11: alpha=0.062557  teacher_rms=0.1046  v_rms=0.0167
    Layer 12: alpha=0.059498  teacher_rms=0.1207  v_rms=0.0203
    Layer 13: alpha=0.053031  teacher_rms=0.1040  v_rms=0.0196
    Layer 14: alpha=0.064630  teacher_rms=0.1547  v_rms=0.0239
    Layer 15: alpha=0.057098  teacher_rms=0.1576  v_rms=0.0276
    Layer 16: alpha=0.042423  teacher_rms=0.1473  v_rms=0.0347
    Layer 17: alpha=0.045109  teacher_rms=0.1753  v_rms=0.0389
    Layer 18: alpha=0.049578  teacher_rms=0.1990  v_rms=0.0401
    Layer 19: alpha=0.055900  teacher_rms=0.2060  v_rms=0.0369
    Layer 20: alpha=0.055043  teacher_rms=0.1966  v_rms=0.0357
    Layer 21: alpha=0.052357  teacher_rms=0.2373  v_rms=0.0453
    Layer 22: alpha=0.055475  teacher_rms=0.2834  v_rms=0.0511
    Layer 23: alpha=0.051621  teacher_rms=0.3098  v_rms=0.0600
    Layer 24: alpha=0.031746  teacher_rms=0.2897  v_rms=0.0912
    Layer 25: alpha=0.039607  teacher_rms=0.2376  v_rms=0.0600
    Layer 26: alpha=0.029256  teacher_rms=0.2124  v_rms=0.0726
    Layer 27: alpha=0.037093  teacher_rms=0.3083  v_rms=0.0831
    Layer 28: alpha=0.042249  teacher_rms=0.3705  v_rms=0.0877
    Layer 29: alpha=0.017344  teacher_rms=0.2548  v_rms=0.1469
    Layer 31: alpha=0.021214  teacher_rms=0.3785  v_rms=0.1784
    Layer 32: alpha=0.023899  teacher_rms=0.5288  v_rms=0.2213
    Layer 33: alpha=0.018560  teacher_rms=0.6404  v_rms=0.3451
    Layer 34: alpha=0.033153  teacher_rms=1.0325  v_rms=0.3114
    Layer 35: alpha=0.060104  teacher_rms=1.0168  v_rms=0.1692

  Set g_proj = v_proj * alpha in 35 GDN layers (damping=0.01).
  Init (taylor_init) done in 358.1s
  Layer 30: PPL = 1073256.00  (eval 13.4s)

============================================================
  Probing layer 31 | strategy=taylor_init
============================================================
Loading checkpoint shards:   0%|          | 0/4 [00:00<?, ?it/s]Loading checkpoint shards: 100%|██████████| 4/4 [00:00<00:00, 145.55it/s]
Could not cache non-existence of file. Will ignore error and continue. Error: [Errno 13] Permission denied: '/data/shared/huggingface/hub/models--Qwen--Qwen3-8B/.no_exist/b968826d9c46dd6066d109eabc6255188de91218/model.safetensors'
Loading checkpoint shards:   0%|          | 0/5 [00:00<?, ?it/s]Loading checkpoint shards: 100%|██████████| 5/5 [00:00<00:00, 141.50it/s]
Token indices sequence length is longer than the specified maximum sequence length for this model (2429029 > 131072). Running this sequence through the model will result in indexing errors
  [Taylor Step 1/3] Gate calibration from attention stats...
    Layer  0: dist=[32, 3, 12, 35, 12, 26, 9, 11, 19, 6, 8, 9, 18, 34, 31, 10, 16, 19, 16, 14, 13, 23, 4, 12, 5, 52, 10, 43, 15, 36, 15, 14]
    Layer  1: dist=[19, 38, 25, 44, 3, 15, 31, 11, 45, 36, 65, 60, 34, 47, 51, 38, 32, 54, 57, 33, 56, 24, 40, 40, 37, 9, 44, 41, 83, 31, 37, 49]
    Layer  2: dist=[65, 65, 67, 62, 26, 45, 33, 43, 39, 47, 56, 56, 53, 46, 46, 60, 61, 49, 54, 43, 49, 67, 48, 50, 25, 24, 21, 35, 73, 73, 77, 74]
    Layer  3: dist=[65, 26, 13, 22, 87, 93, 83, 73, 56, 53, 62, 58, 90, 73, 75, 74, 59, 62, 51, 67, 74, 60, 64, 65, 64, 56, 52, 59, 70, 63, 72, 65]
    Layer  4: dist=[62, 63, 73, 67, 73, 56, 61, 89, 68, 69, 63, 60, 55, 55, 71, 61, 62, 65, 67, 70, 64, 61, 47, 64, 41, 51, 48, 34, 51, 66, 55, 55]
    Layer  5: dist=[36, 48, 55, 35, 61, 68, 52, 51, 5, 18, 73, 61, 54, 78, 59, 52, 41, 32, 50, 48, 51, 55, 48, 59, 73, 73, 80, 80, 43, 44, 46, 58]
    Layer  6: dist=[27, 40, 30, 31, 52, 46, 67, 61, 46, 25, 43, 38, 56, 64, 56, 30, 47, 34, 45, 40, 20, 30, 32, 14, 35, 50, 32, 49, 47, 43, 37, 53]
    Layer  7: dist=[55, 60, 64, 87, 126, 114, 127, 121, 88, 119, 99, 72, 108, 23, 53, 97, 80, 101, 85, 81, 106, 86, 112, 116, 64, 78, 47, 86, 97, 101, 101, 106]
    Layer  8: dist=[83, 87, 90, 58, 81, 77, 69, 78, 86, 99, 87, 90, 94, 86, 96, 70, 116, 107, 103, 96, 92, 106, 100, 111, 92, 72, 95, 67, 84, 72, 79, 74]
    Layer  9: dist=[76, 60, 61, 67, 83, 97, 96, 74, 123, 120, 118, 112, 27, 87, 63, 85, 93, 100, 114, 125, 87, 77, 60, 70, 119, 81, 91, 97, 125, 113, 127, 123]
    Layer 10: dist=[76, 71, 58, 74, 85, 102, 64, 74, 63, 88, 106, 49, 88, 67, 82, 86, 87, 102, 100, 107, 88, 60, 107, 90, 93, 107, 84, 77, 76, 65, 82, 90]
    Layer 11: dist=[78, 65, 79, 48, 53, 61, 78, 77, 102, 123, 109, 93, 82, 64, 65, 69, 69, 63, 61, 51, 77, 107, 89, 87, 67, 59, 56, 54, 95, 55, 55, 94]
    Layer 12: dist=[21, 72, 79, 61, 87, 83, 66, 70, 63, 62, 74, 77, 86, 81, 82, 87, 39, 68, 59, 94, 102, 112, 97, 103, 93, 2, 107, 38, 81, 88, 113, 91]
    Layer 13: dist=[52, 68, 66, 62, 52, 51, 65, 40, 86, 63, 99, 122, 128, 115, 109, 124, 85, 72, 57, 61, 93, 55, 83, 90, 84, 59, 72, 76, 113, 111, 96, 99]
    Layer 14: dist=[44, 64, 65, 46, 62, 45, 64, 65, 54, 57, 70, 68, 69, 76, 65, 67, 77, 86, 51, 64, 65, 31, 51, 81, 52, 67, 73, 64, 85, 88, 8, 89]
    Layer 15: dist=[80, 44, 79, 38, 37, 38, 79, 67, 90, 60, 46, 104, 68, 107, 79, 89, 61, 57, 64, 68, 58, 60, 50, 51, 49, 34, 86, 62, 72, 84, 71, 49]
    Layer 16: dist=[61, 57, 74, 85, 55, 58, 48, 55, 54, 82, 73, 84, 90, 69, 86, 86, 68, 71, 60, 62, 115, 118, 110, 103, 71, 54, 64, 10, 58, 59, 65, 56]
    Layer 17: dist=[111, 95, 79, 67, 53, 57, 39, 47, 90, 108, 79, 100, 40, 57, 71, 74, 44, 61, 61, 42, 75, 98, 93, 97, 58, 55, 57, 52, 53, 79, 93, 67]
    Layer 18: dist=[34, 45, 35, 33, 56, 78, 74, 57, 64, 67, 66, 79, 61, 60, 57, 62, 46, 74, 72, 52, 68, 47, 65, 96, 58, 62, 61, 63, 52, 53, 79, 56]
    Layer 19: dist=[73, 64, 63, 62, 76, 103, 54, 71, 81, 85, 84, 93, 63, 57, 75, 63, 84, 85, 49, 49, 21, 50, 33, 49, 102, 106, 102, 116, 77, 77, 73, 72]
    Layer 20: dist=[89, 79, 80, 77, 78, 51, 49, 57, 40, 36, 43, 39, 92, 79, 87, 96, 45, 51, 56, 39, 73, 111, 101, 98, 125, 97, 105, 85, 93, 79, 108, 108]
    Layer 21: dist=[44, 50, 56, 68, 115, 65, 96, 118, 118, 61, 71, 69, 46, 41, 44, 42, 75, 75, 83, 65, 89, 99, 95, 96, 64, 62, 60, 80, 73, 79, 60, 88]
    Layer 22: dist=[73, 60, 67, 63, 52, 72, 45, 56, 37, 49, 45, 59, 18, 86, 61, 64, 33, 79, 76, 41, 102, 115, 120, 121, 101, 84, 91, 95, 114, 92, 103, 95]
    Layer 23: dist=[39, 30, 48, 39, 110, 111, 41, 102, 79, 36, 45, 63, 75, 72, 79, 77, 82, 75, 74, 94, 72, 93, 82, 76, 78, 72, 68, 100, 91, 90, 83, 78]
    Layer 24: dist=[79, 124, 109, 101, 99, 109, 111, 97, 102, 105, 104, 84, 78, 75, 89, 74, 81, 86, 98, 88, 120, 103, 102, 117, 65, 73, 79, 51, 95, 111, 98, 88]
    Layer 25: dist=[105, 121, 118, 94, 71, 72, 107, 80, 96, 97, 85, 90, 65, 89, 50, 68, 93, 99, 97, 89, 102, 111, 105, 108, 110, 110, 99, 108, 88, 125, 98, 88]
    Layer 26: dist=[80, 88, 106, 68, 115, 113, 113, 110, 102, 107, 105, 98, 100, 124, 116, 116, 86, 93, 99, 95, 102, 113, 122, 114, 99, 97, 102, 93, 115, 96, 114, 95]
    Layer 27: dist=[87, 108, 103, 117, 98, 105, 101, 86, 77, 100, 107, 99, 78, 109, 80, 86, 96, 99, 99, 104, 91, 112, 113, 92, 110, 113, 116, 117, 107, 77, 92, 117]
    Layer 28: dist=[103, 92, 102, 102, 82, 63, 80, 76, 96, 107, 92, 89, 112, 105, 96, 101, 112, 104, 104, 108, 119, 71, 60, 89, 91, 88, 99, 99, 92, 92, 71, 95]
    Layer 29: dist=[113, 114, 114, 113, 90, 112, 94, 114, 119, 113, 122, 105, 120, 120, 119, 120, 116, 106, 115, 121, 123, 123, 107, 125, 100, 114, 97, 92, 106, 95, 106, 109]
    Layer 30: dist=[75, 102, 99, 100, 102, 100, 90, 67, 117, 117, 115, 120, 105, 104, 113, 101, 97, 78, 120, 122, 51, 120, 100, 110, 119, 119, 119, 118, 106, 110, 107, 102]
    Layer 32: dist=[110, 114, 114, 111, 116, 119, 116, 117, 110, 111, 117, 115, 93, 113, 108, 91, 118, 106, 109, 111, 123, 92, 114, 120, 71, 95, 80, 105, 116, 107, 99, 103]
    Layer 33: dist=[102, 120, 112, 119, 91, 102, 57, 94, 116, 116, 113, 113, 114, 115, 113, 116, 114, 117, 106, 109, 112, 96, 110, 113, 111, 119, 122, 118, 110, 111, 107, 104]
    Layer 34: dist=[110, 109, 112, 113, 105, 111, 108, 102, 53, 93, 114, 86, 117, 115, 120, 81, 82, 89, 126, 55, 119, 51, 118, 119, 122, 122, 125, 122, 54, 62, 68, 109]
    Layer 35: dist=[105, 123, 71, 97, 82, 36, 112, 100, 85, 94, 112, 96, 63, 28, 49, 40, 98, 74, 84, 48, 90, 102, 55, 54, 66, 49, 68, 72, 73, 115, 122, 117]

  [Taylor Step 2/3] OLS sigma per head (scaling V, streaming)...
    Layer  0: sigma=[0.613, 0.100, 0.100, 0.100, 0.333, 0.379, 0.100, 0.100, 0.100, 0.149, 0.100, 0.100, 0.100, 0.100, 0.100, 0.258, 0.100, 0.100, 0.100, 0.100, 0.100, 0.100, 0.100, 0.100, 0.100, 0.100, 0.350, 0.100, 0.100, 0.100, 0.161, 0.100]
    Layer  1: sigma=[0.353, 0.100, 0.100, 0.100, 0.100, 0.100, 0.100, 0.100, 0.100, 0.168, 0.244, 0.100, 0.100, 0.100, 0.100, 0.100, 0.100, 0.100, 0.100, 0.100, 0.100, 0.100, 0.100, 0.117, 0.100, 0.100, 0.114, 0.100, 0.100, 0.100, 0.100, 0.100]
    Layer  2: sigma=[0.100, 0.100, 0.100, 0.100, 0.100, 0.100, 0.100, 0.100, 0.109, 0.100, 0.100, 0.100, 0.100, 0.143, 0.100, 0.100, 0.100, 0.219, 0.100, 0.100, 0.100, 0.100, 0.100, 0.100, 0.100, 0.169, 0.100, 0.100, 0.100, 0.100, 0.100, 0.100]
    Layer  3: sigma=[0.100, 0.328, 0.100, 0.151, 0.100, 0.100, 0.100, 0.100, 0.100, 0.100, 0.100, 0.100, 0.100, 0.100, 0.100, 0.100, 0.100, 0.100, 0.100, 0.100, 0.100, 0.106, 0.100, 0.100, 0.100, 0.100, 0.100, 0.100, 0.100, 0.100, 0.100, 0.100]
    Layer  4: sigma=[0.100, 0.100, 0.100, 0.100, 0.100, 0.100, 0.100, 0.100, 0.100, 0.100, 0.100, 0.100, 0.100, 0.100, 0.100, 0.100, 0.100, 0.100, 0.100, 0.100, 0.132, 0.138, 0.313, 0.100, 0.100, 0.100, 0.100, 0.100, 0.100, 0.100, 0.100, 0.100]
    Layer  5: sigma=[0.100, 0.100, 0.100, 0.100, 0.100, 0.100, 0.100, 0.100, 0.100, 0.124, 0.100, 0.109, 0.100, 0.100, 0.100, 0.123, 0.100, 0.181, 0.100, 0.100, 0.100, 0.100, 0.100, 0.100, 0.100, 0.100, 0.100, 0.100, 0.100, 0.100, 0.100, 0.100]
    Layer  6: sigma=[0.100, 0.100, 0.100, 0.100, 0.100, 0.100, 0.100, 0.100, 0.100, 0.100, 0.100, 0.100, 0.100, 0.100, 0.100, 0.100, 0.100, 0.100, 0.100, 0.100, 0.164, 0.100, 0.100, 0.100, 0.100, 0.100, 0.100, 0.100, 0.100, 0.100, 0.100, 0.100]
    Layer  7: sigma=[0.100, 0.155, 0.100, 0.100, 0.113, 0.100, 0.100, 0.100, 0.100, 0.100, 0.100, 0.100, 0.100, 0.100, 0.100, 0.100, 0.100, 0.100, 0.100, 0.100, 0.100, 0.100, 0.100, 0.100, 0.100, 0.100, 0.100, 0.100, 0.100, 0.100, 0.100, 0.100]
    Layer  8: sigma=[0.100, 0.100, 0.100, 0.100, 0.100, 0.100, 0.100, 0.100, 0.100, 0.100, 0.100, 0.100, 0.100, 0.100, 0.100, 0.100, 0.100, 0.100, 0.100, 0.100, 0.100, 0.100, 0.100, 0.100, 0.100, 0.100, 0.100, 0.183, 0.100, 0.100, 0.100, 0.100]
    Layer  9: sigma=[0.100, 0.100, 0.100, 0.100, 0.100, 0.100, 0.100, 0.100, 0.100, 0.100, 0.100, 0.100, 0.100, 0.100, 0.616, 0.130, 0.100, 0.100, 0.100, 0.100, 0.100, 0.100, 0.100, 0.100, 0.100, 0.100, 0.100, 0.100, 0.100, 0.100, 0.100, 0.100]
    Layer 10: sigma=[0.100, 0.100, 0.100, 0.100, 0.100, 0.100, 0.100, 0.100, 0.100, 0.100, 0.100, 0.100, 0.100, 0.100, 0.100, 0.100, 0.100, 0.100, 0.100, 0.100, 0.100, 0.100, 0.100, 0.100, 0.100, 0.100, 0.100, 0.100, 0.100, 0.100, 0.100, 0.100]
    Layer 11: sigma=[0.100, 0.100, 0.100, 0.100, 0.141, 0.100, 0.100, 0.100, 0.100, 0.103, 0.100, 0.100, 0.100, 0.100, 0.245, 0.100, 0.100, 0.100, 0.100, 0.100, 0.100, 0.100, 0.100, 0.100, 0.100, 0.100, 0.167, 0.100, 0.100, 0.100, 0.100, 0.100]
    Layer 12: sigma=[0.100, 0.100, 0.100, 0.100, 0.100, 0.100, 0.100, 0.100, 0.100, 0.101, 0.100, 0.107, 0.100, 0.100, 0.100, 0.100, 0.100, 0.310, 0.185, 0.100, 0.100, 0.100, 0.100, 0.100, 0.100, 0.100, 0.100, 0.210, 0.100, 0.100, 0.123, 0.100]
    Layer 13: sigma=[0.217, 0.100, 0.100, 0.355, 0.100, 0.100, 0.100, 0.100, 0.100, 0.100, 0.100, 0.100, 0.100, 0.100, 0.100, 0.100, 0.100, 0.100, 0.100, 0.103, 0.100, 0.100, 0.100, 0.100, 0.100, 0.100, 0.100, 0.100, 0.100, 0.100, 0.100, 0.100]
    Layer 14: sigma=[0.100, 0.100, 0.100, 0.100, 0.100, 0.411, 0.100, 0.100, 0.100, 0.100, 0.100, 0.100, 0.100, 0.100, 0.100, 0.100, 0.100, 0.100, 0.100, 0.100, 0.100, 0.100, 0.100, 0.100, 0.104, 0.120, 0.100, 0.100, 0.100, 0.100, 0.100, 0.100]
    Layer 15: sigma=[0.100, 0.171, 0.100, 0.100, 0.100, 0.114, 0.100, 0.100, 0.100, 0.100, 0.100, 0.100, 0.216, 0.100, 0.100, 0.100, 0.100, 0.100, 0.100, 0.100, 0.100, 0.100, 0.100, 0.100, 0.149, 0.100, 0.100, 0.100, 0.100, 0.100, 0.100, 0.100]
    Layer 16: sigma=[0.100, 0.100, 0.100, 0.100, 0.100, 0.100, 0.100, 0.100, 0.100, 0.100, 0.100, 0.100, 0.100, 0.100, 0.100, 0.100, 0.100, 0.100, 0.100, 0.100, 0.100, 0.100, 0.100, 0.100, 0.100, 0.100, 0.100, 0.354, 0.100, 0.100, 0.100, 0.100]
    Layer 17: sigma=[0.100, 0.100, 0.100, 0.100, 0.100, 0.140, 0.100, 0.100, 0.100, 0.100, 0.100, 0.100, 0.100, 0.100, 0.100, 0.100, 0.150, 0.101, 0.100, 0.381, 0.100, 0.100, 0.100, 0.101, 0.150, 0.100, 0.426, 0.100, 0.100, 0.100, 0.100, 0.100]
    Layer 18: sigma=[0.100, 0.515, 0.100, 0.100, 0.100, 0.100, 0.100, 0.194, 0.100, 0.100, 0.100, 0.100, 0.100, 0.100, 0.100, 0.100, 0.198, 0.100, 0.100, 0.100, 0.100, 0.100, 0.100, 0.100, 0.100, 0.100, 0.100, 0.100, 0.100, 0.100, 0.100, 0.100]
    Layer 19: sigma=[0.100, 0.100, 0.100, 0.100, 0.100, 0.100, 0.100, 0.100, 0.100, 0.100, 0.100, 0.100, 0.166, 0.100, 0.100, 0.179, 0.100, 0.100, 0.100, 0.302, 0.100, 0.100, 0.100, 0.111, 0.100, 0.100, 0.100, 0.100, 0.100, 0.100, 0.100, 0.100]
    Layer 20: sigma=[0.100, 0.100, 0.100, 0.100, 0.100, 0.188, 0.100, 0.100, 0.143, 0.106, 0.100, 0.100, 0.100, 0.100, 0.100, 0.125, 0.100, 0.100, 0.100, 0.100, 0.100, 0.100, 0.100, 0.100, 0.100, 0.100, 0.100, 0.100, 0.100, 0.100, 0.100, 0.100]
    Layer 21: sigma=[0.100, 0.128, 0.100, 0.100, 0.100, 0.100, 0.100, 0.100, 0.100, 0.168, 0.100, 0.311, 0.100, 0.100, 0.121, 0.100, 0.100, 0.100, 0.100, 0.100, 0.100, 0.114, 0.100, 0.100, 0.150, 0.100, 0.100, 0.100, 0.100, 0.100, 0.219, 0.100]
    Layer 22: sigma=[0.161, 0.100, 0.100, 0.100, 0.150, 0.145, 0.100, 0.151, 0.110, 0.100, 0.100, 0.100, 0.100, 0.100, 0.100, 0.100, 0.100, 0.100, 0.100, 0.100, 0.100, 0.100, 0.100, 0.100, 0.100, 0.100, 0.100, 0.100, 0.100, 0.100, 0.100, 0.100]
    Layer 23: sigma=[0.180, 0.271, 0.153, 0.100, 0.100, 0.100, 0.104, 0.100, 0.100, 0.195, 0.100, 0.100, 0.100, 0.100, 0.101, 0.100, 0.100, 0.100, 0.100, 0.100, 0.100, 0.100, 0.100, 0.100, 0.100, 0.100, 0.100, 0.100, 0.100, 0.100, 0.202, 0.233]
    Layer 24: sigma=[0.100, 0.100, 0.100, 0.100, 0.100, 0.100, 0.100, 0.100, 0.100, 0.100, 0.100, 0.100, 0.100, 0.100, 0.100, 0.121, 0.100, 0.100, 0.100, 0.100, 0.100, 0.100, 0.100, 0.100, 0.288, 0.393, 0.100, 0.333, 0.100, 0.100, 0.100, 0.100]
    Layer 25: sigma=[0.100, 0.100, 0.100, 0.100, 0.100, 0.100, 0.100, 0.100, 0.100, 0.100, 0.100, 0.100, 0.100, 0.100, 0.100, 0.100, 0.100, 0.100, 0.100, 0.100, 0.100, 0.100, 0.100, 0.100, 0.100, 0.100, 0.100, 0.100, 0.100, 0.100, 0.100, 0.100]
    Layer 26: sigma=[0.100, 0.100, 0.100, 0.100, 0.100, 0.100, 0.100, 0.100, 0.100, 0.100, 0.100, 0.100, 0.100, 0.100, 0.100, 0.100, 0.100, 0.100, 0.100, 0.100, 0.100, 0.100, 0.100, 0.100, 0.100, 0.100, 0.100, 0.100, 0.100, 0.100, 0.100, 0.100]
    Layer 27: sigma=[0.100, 0.100, 0.100, 0.100, 0.100, 0.100, 0.100, 0.100, 0.100, 0.100, 0.100, 0.100, 0.100, 0.100, 0.100, 0.100, 0.100, 0.100, 0.100, 0.100, 0.100, 0.100, 0.100, 0.100, 0.100, 0.100, 0.100, 0.100, 0.100, 0.100, 0.100, 0.100]
    Layer 28: sigma=[0.100, 0.100, 0.100, 0.100, 0.100, 0.100, 0.100, 0.130, 0.100, 0.100, 0.100, 0.100, 0.100, 0.100, 0.100, 0.100, 0.100, 0.100, 0.100, 0.100, 0.100, 0.100, 0.100, 0.100, 0.100, 0.100, 0.100, 0.100, 0.100, 0.100, 0.100, 0.100]
    Layer 29: sigma=[0.100, 0.100, 0.100, 0.100, 0.100, 0.100, 0.100, 0.100, 0.100, 0.100, 0.100, 0.100, 0.100, 0.100, 0.100, 0.100, 0.100, 0.100, 0.100, 0.100, 0.100, 0.100, 0.100, 0.100, 0.100, 0.100, 0.100, 0.100, 0.100, 0.100, 0.100, 0.100]
    Layer 30: sigma=[0.100, 0.100, 0.100, 0.100, 0.100, 0.100, 0.100, 0.100, 0.100, 0.100, 0.100, 0.100, 0.100, 0.100, 0.100, 0.100, 0.100, 0.100, 0.100, 0.100, 0.100, 0.100, 0.100, 0.100, 0.100, 0.100, 0.100, 0.100, 0.100, 0.100, 0.100, 0.100]
    Layer 32: sigma=[0.100, 0.100, 0.100, 0.100, 0.100, 0.100, 0.100, 0.100, 0.100, 0.100, 0.100, 0.100, 0.100, 0.100, 0.100, 0.100, 0.100, 0.100, 0.100, 0.100, 0.100, 0.100, 0.100, 0.100, 0.100, 0.100, 0.100, 0.100, 0.100, 0.100, 0.100, 0.100]
    Layer 33: sigma=[0.100, 0.100, 0.100, 0.100, 0.100, 0.100, 0.100, 0.100, 0.100, 0.100, 0.100, 0.100, 0.100, 0.100, 0.100, 0.100, 0.100, 0.100, 0.100, 0.100, 0.100, 0.100, 0.100, 0.100, 0.100, 0.100, 0.100, 0.100, 0.100, 0.100, 0.100, 0.100]
    Layer 34: sigma=[0.100, 0.100, 0.100, 0.100, 0.100, 0.100, 0.100, 0.100, 0.100, 0.100, 0.100, 0.100, 0.100, 0.100, 0.100, 0.100, 0.102, 0.100, 0.100, 0.104, 0.100, 0.100, 0.100, 0.100, 0.100, 0.100, 0.100, 0.100, 0.100, 0.100, 0.100, 0.100]
    Layer 35: sigma=[0.100, 0.100, 0.100, 0.100, 0.107, 0.100, 0.100, 0.100, 0.100, 0.100, 0.100, 0.100, 0.100, 0.100, 0.100, 0.100, 0.100, 0.100, 0.100, 0.100, 0.100, 0.100, 0.159, 0.100, 0.100, 0.100, 0.100, 0.100, 0.100, 0.100, 0.100, 0.100]

  [Taylor Step 3/3] g_proj = v_proj * alpha (damping=0.01)...
    Layer  0: alpha=0.060520  teacher_rms=0.0163  v_rms=0.0027
    Layer  1: alpha=0.060783  teacher_rms=0.0205  v_rms=0.0034
    Layer  2: alpha=0.057142  teacher_rms=0.0214  v_rms=0.0037
    Layer  3: alpha=0.048672  teacher_rms=0.0259  v_rms=0.0053
    Layer  4: alpha=0.047484  teacher_rms=0.0304  v_rms=0.0064
    Layer  5: alpha=0.062003  teacher_rms=0.0409  v_rms=0.0066
    Layer  6: alpha=0.078006  teacher_rms=0.0621  v_rms=0.0080
    Layer  7: alpha=0.046003  teacher_rms=0.0530  v_rms=0.0115
    Layer  8: alpha=0.047259  teacher_rms=0.0708  v_rms=0.0150
    Layer  9: alpha=0.033951  teacher_rms=0.0713  v_rms=0.0210
    Layer 10: alpha=0.051225  teacher_rms=0.1092  v_rms=0.0213
    Layer 11: alpha=0.062830  teacher_rms=0.1046  v_rms=0.0166
    Layer 12: alpha=0.060144  teacher_rms=0.1207  v_rms=0.0201
    Layer 13: alpha=0.052522  teacher_rms=0.1040  v_rms=0.0198
    Layer 14: alpha=0.063914  teacher_rms=0.1547  v_rms=0.0242
    Layer 15: alpha=0.057870  teacher_rms=0.1576  v_rms=0.0272
    Layer 16: alpha=0.043875  teacher_rms=0.1473  v_rms=0.0336
    Layer 17: alpha=0.043638  teacher_rms=0.1753  v_rms=0.0402
    Layer 18: alpha=0.042415  teacher_rms=0.1990  v_rms=0.0469
    Layer 19: alpha=0.054321  teacher_rms=0.2060  v_rms=0.0379
    Layer 20: alpha=0.057265  teacher_rms=0.1966  v_rms=0.0343
    Layer 21: alpha=0.051242  teacher_rms=0.2373  v_rms=0.0463
    Layer 22: alpha=0.057540  teacher_rms=0.2834  v_rms=0.0493
    Layer 23: alpha=0.051760  teacher_rms=0.3098  v_rms=0.0599
    Layer 24: alpha=0.033742  teacher_rms=0.2897  v_rms=0.0859
    Layer 25: alpha=0.040058  teacher_rms=0.2376  v_rms=0.0593
    Layer 26: alpha=0.029256  teacher_rms=0.2124  v_rms=0.0726
    Layer 27: alpha=0.037093  teacher_rms=0.3083  v_rms=0.0831
    Layer 28: alpha=0.042403  teacher_rms=0.3705  v_rms=0.0874
    Layer 29: alpha=0.017344  teacher_rms=0.2548  v_rms=0.1469
    Layer 30: alpha=0.029045  teacher_rms=0.4297  v_rms=0.1480
    Layer 32: alpha=0.023899  teacher_rms=0.5288  v_rms=0.2213
    Layer 33: alpha=0.018560  teacher_rms=0.6404  v_rms=0.3451
    Layer 34: alpha=0.033163  teacher_rms=1.0325  v_rms=0.3113
    Layer 35: alpha=0.058940  teacher_rms=1.0168  v_rms=0.1725

  Set g_proj = v_proj * alpha in 35 GDN layers (damping=0.01).
  Init (taylor_init) done in 331.6s
  Layer 31: PPL = 4211435.00  (eval 13.8s)

============================================================
  Probing layer 32 | strategy=taylor_init
============================================================
Loading checkpoint shards:   0%|          | 0/4 [00:00<?, ?it/s]Loading checkpoint shards: 100%|██████████| 4/4 [00:00<00:00, 147.98it/s]
Could not cache non-existence of file. Will ignore error and continue. Error: [Errno 13] Permission denied: '/data/shared/huggingface/hub/models--Qwen--Qwen3-8B/.no_exist/b968826d9c46dd6066d109eabc6255188de91218/model.safetensors'
Loading checkpoint shards:   0%|          | 0/5 [00:00<?, ?it/s]Loading checkpoint shards: 100%|██████████| 5/5 [00:00<00:00, 189.98it/s]
Token indices sequence length is longer than the specified maximum sequence length for this model (2429029 > 131072). Running this sequence through the model will result in indexing errors
  [Taylor Step 1/3] Gate calibration from attention stats...
    Layer  0: dist=[32, 3, 12, 35, 12, 26, 9, 11, 19, 6, 8, 9, 18, 34, 31, 10, 16, 19, 16, 14, 13, 23, 4, 12, 5, 52, 10, 43, 15, 36, 15, 14]
    Layer  1: dist=[19, 38, 25, 44, 3, 15, 31, 11, 45, 36, 65, 60, 34, 47, 51, 38, 32, 54, 57, 33, 56, 24, 40, 40, 37, 9, 44, 41, 83, 31, 37, 49]
    Layer  2: dist=[65, 65, 67, 62, 26, 45, 33, 43, 39, 47, 56, 56, 53, 46, 46, 60, 61, 49, 54, 43, 49, 67, 48, 50, 25, 24, 21, 35, 73, 73, 77, 74]
    Layer  3: dist=[65, 26, 13, 22, 87, 93, 83, 73, 56, 53, 62, 58, 90, 73, 75, 74, 59, 62, 51, 67, 74, 60, 64, 65, 64, 56, 52, 59, 70, 63, 72, 65]
    Layer  4: dist=[62, 63, 73, 67, 73, 56, 61, 89, 68, 69, 63, 60, 55, 55, 71, 61, 62, 65, 67, 70, 64, 61, 47, 64, 41, 51, 48, 34, 51, 66, 55, 55]
    Layer  5: dist=[36, 48, 55, 35, 61, 68, 52, 51, 5, 18, 73, 61, 54, 78, 59, 52, 41, 32, 50, 48, 51, 55, 48, 59, 73, 73, 80, 80, 43, 44, 46, 58]
    Layer  6: dist=[27, 40, 30, 31, 52, 46, 67, 61, 46, 25, 43, 38, 56, 64, 56, 30, 47, 34, 45, 40, 20, 30, 32, 14, 35, 50, 32, 49, 47, 43, 37, 53]
    Layer  7: dist=[55, 60, 64, 87, 126, 114, 127, 121, 88, 119, 99, 72, 108, 23, 53, 97, 80, 101, 85, 81, 106, 86, 112, 116, 64, 78, 47, 86, 97, 101, 101, 106]
    Layer  8: dist=[83, 87, 90, 58, 81, 77, 69, 78, 86, 99, 87, 90, 94, 86, 96, 70, 116, 107, 103, 96, 92, 106, 100, 111, 92, 72, 95, 67, 84, 72, 79, 74]
    Layer  9: dist=[76, 60, 61, 67, 83, 97, 96, 74, 123, 120, 118, 112, 27, 87, 63, 85, 93, 100, 114, 125, 87, 77, 60, 70, 119, 81, 91, 97, 125, 113, 127, 123]
    Layer 10: dist=[76, 71, 58, 74, 85, 102, 64, 74, 63, 88, 106, 49, 88, 67, 82, 86, 87, 102, 100, 107, 88, 60, 107, 90, 93, 107, 84, 77, 76, 65, 82, 90]
    Layer 11: dist=[78, 65, 79, 48, 53, 61, 78, 77, 102, 123, 109, 93, 82, 64, 65, 69, 69, 63, 61, 51, 77, 107, 89, 87, 67, 59, 56, 54, 95, 55, 55, 94]
    Layer 12: dist=[21, 72, 79, 61, 87, 83, 66, 70, 63, 62, 74, 77, 86, 81, 82, 87, 39, 68, 59, 94, 102, 112, 97, 103, 93, 2, 107, 38, 81, 88, 113, 91]
    Layer 13: dist=[52, 68, 66, 62, 52, 51, 65, 40, 86, 63, 99, 122, 128, 115, 109, 124, 85, 72, 57, 61, 93, 55, 83, 90, 84, 59, 72, 76, 113, 111, 96, 99]
    Layer 14: dist=[44, 64, 65, 46, 62, 45, 64, 65, 54, 57, 70, 68, 69, 76, 65, 67, 77, 86, 51, 64, 65, 31, 51, 81, 52, 67, 73, 64, 85, 88, 8, 89]
    Layer 15: dist=[80, 44, 79, 38, 37, 38, 79, 67, 90, 60, 46, 104, 68, 107, 79, 89, 61, 57, 64, 68, 58, 60, 50, 51, 49, 34, 86, 62, 72, 84, 71, 49]
    Layer 16: dist=[61, 57, 74, 85, 55, 58, 48, 55, 54, 82, 73, 84, 90, 69, 86, 86, 68, 71, 60, 62, 115, 118, 110, 103, 71, 54, 64, 10, 58, 59, 65, 56]
    Layer 17: dist=[111, 95, 79, 67, 53, 57, 39, 47, 90, 108, 79, 100, 40, 57, 71, 74, 44, 61, 61, 42, 75, 98, 93, 97, 58, 55, 57, 52, 53, 79, 93, 67]
    Layer 18: dist=[34, 45, 35, 33, 56, 78, 74, 57, 64, 67, 66, 79, 61, 60, 57, 62, 46, 74, 72, 52, 68, 47, 65, 96, 58, 62, 61, 63, 52, 53, 79, 56]
    Layer 19: dist=[73, 64, 63, 62, 76, 103, 54, 71, 81, 85, 84, 93, 63, 57, 75, 63, 84, 85, 49, 49, 21, 50, 33, 49, 102, 106, 102, 116, 77, 77, 73, 72]
    Layer 20: dist=[89, 79, 80, 77, 78, 51, 49, 57, 40, 36, 43, 39, 92, 79, 87, 96, 45, 51, 56, 39, 73, 111, 101, 98, 125, 97, 105, 85, 93, 79, 108, 108]
    Layer 21: dist=[44, 50, 56, 68, 115, 65, 96, 118, 118, 61, 71, 69, 46, 41, 44, 42, 75, 75, 83, 65, 89, 99, 95, 96, 64, 62, 60, 80, 73, 79, 60, 88]
    Layer 22: dist=[73, 60, 67, 63, 52, 72, 45, 56, 37, 49, 45, 59, 18, 86, 61, 64, 33, 79, 76, 41, 102, 115, 120, 121, 101, 84, 91, 95, 114, 92, 103, 95]
    Layer 23: dist=[39, 30, 48, 39, 110, 111, 41, 102, 79, 36, 45, 63, 75, 72, 79, 77, 82, 75, 74, 94, 72, 93, 82, 76, 78, 72, 68, 100, 91, 90, 83, 78]
    Layer 24: dist=[79, 124, 109, 101, 99, 109, 111, 97, 102, 105, 104, 84, 78, 75, 89, 74, 81, 86, 98, 88, 120, 103, 102, 117, 65, 73, 79, 51, 95, 111, 98, 88]
    Layer 25: dist=[105, 121, 118, 94, 71, 72, 107, 80, 96, 97, 85, 90, 65, 89, 50, 68, 93, 99, 97, 89, 102, 111, 105, 108, 110, 110, 99, 108, 88, 125, 98, 88]
    Layer 26: dist=[80, 88, 106, 68, 115, 113, 113, 110, 102, 107, 105, 98, 100, 124, 116, 116, 86, 93, 99, 95, 102, 113, 122, 114, 99, 97, 102, 93, 115, 96, 114, 95]
    Layer 27: dist=[87, 108, 103, 117, 98, 105, 101, 86, 77, 100, 107, 99, 78, 109, 80, 86, 96, 99, 99, 104, 91, 112, 113, 92, 110, 113, 116, 117, 107, 77, 92, 117]
    Layer 28: dist=[103, 92, 102, 102, 82, 63, 80, 76, 96, 107, 92, 89, 112, 105, 96, 101, 112, 104, 104, 108, 119, 71, 60, 89, 91, 88, 99, 99, 92, 92, 71, 95]
    Layer 29: dist=[113, 114, 114, 113, 90, 112, 94, 114, 119, 113, 122, 105, 120, 120, 119, 120, 116, 106, 115, 121, 123, 123, 107, 125, 100, 114, 97, 92, 106, 95, 106, 109]
    Layer 30: dist=[75, 102, 99, 100, 102, 100, 90, 67, 117, 117, 115, 120, 105, 104, 113, 101, 97, 78, 120, 122, 51, 120, 100, 110, 119, 119, 119, 118, 106, 110, 107, 102]
    Layer 31: dist=[119, 117, 99, 98, 112, 113, 114, 116, 114, 77, 87, 91, 117, 116, 117, 115, 101, 101, 106, 94, 119, 116, 108, 119, 112, 109, 89, 120, 112, 106, 102, 110]
    Layer 33: dist=[102, 120, 112, 119, 91, 102, 57, 94, 116, 116, 113, 113, 114, 115, 113, 116, 114, 117, 106, 109, 112, 96, 110, 113, 111, 119, 122, 118, 110, 111, 107, 104]
    Layer 34: dist=[110, 109, 112, 113, 105, 111, 108, 102, 53, 93, 114, 86, 117, 115, 120, 81, 82, 89, 126, 55, 119, 51, 118, 119, 122, 122, 125, 122, 54, 62, 68, 109]
    Layer 35: dist=[105, 123, 71, 97, 82, 36, 112, 100, 85, 94, 112, 96, 63, 28, 49, 40, 98, 74, 84, 48, 90, 102, 55, 54, 66, 49, 68, 72, 73, 115, 122, 117]

  [Taylor Step 2/3] OLS sigma per head (scaling V, streaming)...
    Layer  0: sigma=[0.611, 0.100, 0.100, 0.100, 0.333, 0.377, 0.100, 0.100, 0.100, 0.148, 0.100, 0.100, 0.100, 0.100, 0.100, 0.260, 0.100, 0.100, 0.100, 0.100, 0.100, 0.100, 0.100, 0.100, 0.100, 0.100, 0.351, 0.100, 0.100, 0.100, 0.161, 0.100]
    Layer  1: sigma=[0.347, 0.100, 0.100, 0.100, 0.100, 0.100, 0.100, 0.100, 0.100, 0.166, 0.244, 0.100, 0.100, 0.100, 0.100, 0.100, 0.100, 0.100, 0.100, 0.100, 0.100, 0.100, 0.100, 0.119, 0.100, 0.100, 0.114, 0.100, 0.100, 0.100, 0.100, 0.100]
    Layer  2: sigma=[0.100, 0.100, 0.100, 0.100, 0.100, 0.100, 0.100, 0.100, 0.108, 0.100, 0.100, 0.100, 0.100, 0.144, 0.100, 0.100, 0.100, 0.217, 0.100, 0.100, 0.100, 0.100, 0.100, 0.100, 0.100, 0.170, 0.100, 0.100, 0.100, 0.100, 0.100, 0.100]
    Layer  3: sigma=[0.100, 0.325, 0.100, 0.154, 0.100, 0.100, 0.100, 0.100, 0.100, 0.100, 0.100, 0.100, 0.100, 0.100, 0.100, 0.100, 0.100, 0.100, 0.100, 0.100, 0.100, 0.107, 0.100, 0.100, 0.100, 0.100, 0.100, 0.100, 0.100, 0.100, 0.100, 0.100]
    Layer  4: sigma=[0.100, 0.100, 0.100, 0.100, 0.100, 0.100, 0.100, 0.100, 0.100, 0.100, 0.100, 0.100, 0.100, 0.100, 0.100, 0.100, 0.100, 0.100, 0.100, 0.100, 0.132, 0.138, 0.319, 0.100, 0.100, 0.100, 0.100, 0.100, 0.100, 0.100, 0.100, 0.100]
    Layer  5: sigma=[0.100, 0.100, 0.100, 0.100, 0.100, 0.100, 0.100, 0.100, 0.100, 0.137, 0.100, 0.110, 0.100, 0.100, 0.100, 0.121, 0.100, 0.177, 0.100, 0.100, 0.100, 0.100, 0.100, 0.100, 0.100, 0.100, 0.100, 0.100, 0.100, 0.100, 0.100, 0.100]
    Layer  6: sigma=[0.100, 0.100, 0.100, 0.100, 0.100, 0.100, 0.100, 0.100, 0.100, 0.100, 0.100, 0.100, 0.100, 0.100, 0.100, 0.100, 0.100, 0.100, 0.100, 0.100, 0.148, 0.100, 0.100, 0.100, 0.100, 0.100, 0.100, 0.100, 0.100, 0.100, 0.100, 0.100]
    Layer  7: sigma=[0.100, 0.148, 0.100, 0.100, 0.129, 0.100, 0.100, 0.100, 0.100, 0.100, 0.100, 0.103, 0.100, 0.100, 0.100, 0.100, 0.100, 0.100, 0.100, 0.100, 0.100, 0.100, 0.100, 0.100, 0.100, 0.100, 0.100, 0.100, 0.100, 0.100, 0.100, 0.100]
    Layer  8: sigma=[0.100, 0.100, 0.100, 0.100, 0.100, 0.100, 0.100, 0.100, 0.100, 0.100, 0.100, 0.100, 0.100, 0.100, 0.100, 0.100, 0.100, 0.100, 0.100, 0.100, 0.100, 0.100, 0.100, 0.100, 0.100, 0.100, 0.100, 0.158, 0.100, 0.100, 0.100, 0.100]
    Layer  9: sigma=[0.100, 0.100, 0.100, 0.100, 0.100, 0.100, 0.100, 0.100, 0.100, 0.100, 0.100, 0.100, 0.100, 0.100, 0.603, 0.134, 0.100, 0.100, 0.100, 0.100, 0.100, 0.100, 0.100, 0.100, 0.100, 0.100, 0.100, 0.100, 0.100, 0.100, 0.100, 0.100]
    Layer 10: sigma=[0.100, 0.100, 0.100, 0.100, 0.100, 0.100, 0.100, 0.100, 0.100, 0.100, 0.100, 0.100, 0.100, 0.100, 0.100, 0.100, 0.100, 0.100, 0.100, 0.100, 0.100, 0.100, 0.100, 0.100, 0.100, 0.100, 0.100, 0.100, 0.100, 0.100, 0.100, 0.100]
    Layer 11: sigma=[0.100, 0.100, 0.100, 0.100, 0.139, 0.100, 0.100, 0.100, 0.100, 0.109, 0.100, 0.100, 0.100, 0.100, 0.253, 0.100, 0.100, 0.100, 0.100, 0.100, 0.100, 0.100, 0.100, 0.100, 0.100, 0.100, 0.161, 0.100, 0.100, 0.100, 0.100, 0.100]
    Layer 12: sigma=[0.100, 0.100, 0.100, 0.100, 0.100, 0.100, 0.100, 0.100, 0.100, 0.101, 0.100, 0.105, 0.100, 0.100, 0.100, 0.100, 0.100, 0.319, 0.151, 0.100, 0.100, 0.100, 0.100, 0.100, 0.100, 0.100, 0.100, 0.213, 0.100, 0.100, 0.112, 0.100]
    Layer 13: sigma=[0.220, 0.100, 0.100, 0.320, 0.100, 0.100, 0.100, 0.100, 0.100, 0.100, 0.100, 0.100, 0.100, 0.100, 0.100, 0.100, 0.100, 0.100, 0.100, 0.118, 0.100, 0.100, 0.100, 0.100, 0.100, 0.100, 0.100, 0.100, 0.100, 0.100, 0.100, 0.100]
    Layer 14: sigma=[0.100, 0.100, 0.100, 0.100, 0.100, 0.347, 0.100, 0.100, 0.100, 0.100, 0.100, 0.100, 0.100, 0.100, 0.100, 0.100, 0.100, 0.100, 0.100, 0.100, 0.100, 0.100, 0.100, 0.100, 0.117, 0.120, 0.100, 0.100, 0.100, 0.100, 0.100, 0.100]
    Layer 15: sigma=[0.100, 0.210, 0.100, 0.100, 0.100, 0.103, 0.100, 0.100, 0.100, 0.100, 0.100, 0.100, 0.203, 0.100, 0.100, 0.100, 0.100, 0.100, 0.100, 0.100, 0.100, 0.100, 0.100, 0.100, 0.150, 0.100, 0.100, 0.100, 0.100, 0.100, 0.100, 0.100]
    Layer 16: sigma=[0.100, 0.100, 0.100, 0.100, 0.100, 0.100, 0.100, 0.100, 0.100, 0.100, 0.100, 0.100, 0.100, 0.100, 0.100, 0.100, 0.100, 0.100, 0.100, 0.100, 0.100, 0.100, 0.100, 0.100, 0.100, 0.100, 0.100, 0.439, 0.100, 0.100, 0.100, 0.100]
    Layer 17: sigma=[0.100, 0.100, 0.100, 0.100, 0.100, 0.139, 0.100, 0.100, 0.100, 0.100, 0.100, 0.100, 0.100, 0.100, 0.100, 0.100, 0.145, 0.100, 0.100, 0.374, 0.100, 0.100, 0.100, 0.107, 0.129, 0.100, 0.433, 0.100, 0.100, 0.100, 0.100, 0.100]
    Layer 18: sigma=[0.100, 0.502, 0.100, 0.100, 0.100, 0.100, 0.100, 0.198, 0.100, 0.100, 0.100, 0.100, 0.100, 0.100, 0.100, 0.100, 0.148, 0.100, 0.100, 0.100, 0.100, 0.100, 0.100, 0.100, 0.100, 0.100, 0.100, 0.100, 0.100, 0.100, 0.100, 0.100]
    Layer 19: sigma=[0.100, 0.100, 0.100, 0.100, 0.100, 0.100, 0.100, 0.100, 0.100, 0.100, 0.100, 0.100, 0.162, 0.100, 0.100, 0.253, 0.100, 0.100, 0.100, 0.307, 0.100, 0.100, 0.100, 0.100, 0.100, 0.100, 0.100, 0.100, 0.100, 0.100, 0.100, 0.100]
    Layer 20: sigma=[0.100, 0.100, 0.100, 0.100, 0.100, 0.189, 0.100, 0.100, 0.161, 0.107, 0.100, 0.100, 0.100, 0.100, 0.100, 0.129, 0.100, 0.139, 0.100, 0.100, 0.100, 0.100, 0.100, 0.100, 0.100, 0.100, 0.100, 0.100, 0.100, 0.100, 0.100, 0.100]
    Layer 21: sigma=[0.100, 0.148, 0.100, 0.100, 0.100, 0.100, 0.100, 0.100, 0.100, 0.155, 0.100, 0.298, 0.100, 0.100, 0.125, 0.100, 0.100, 0.100, 0.100, 0.100, 0.100, 0.127, 0.100, 0.100, 0.107, 0.100, 0.100, 0.100, 0.100, 0.100, 0.241, 0.100]
    Layer 22: sigma=[0.137, 0.100, 0.100, 0.100, 0.163, 0.104, 0.100, 0.180, 0.100, 0.100, 0.100, 0.100, 0.100, 0.100, 0.100, 0.100, 0.100, 0.100, 0.100, 0.100, 0.100, 0.100, 0.100, 0.100, 0.100, 0.100, 0.100, 0.100, 0.100, 0.100, 0.100, 0.100]
    Layer 23: sigma=[0.170, 0.257, 0.189, 0.100, 0.100, 0.100, 0.142, 0.100, 0.100, 0.243, 0.100, 0.100, 0.100, 0.100, 0.100, 0.100, 0.100, 0.100, 0.100, 0.100, 0.100, 0.100, 0.100, 0.100, 0.100, 0.100, 0.100, 0.100, 0.100, 0.100, 0.148, 0.197]
    Layer 24: sigma=[0.100, 0.100, 0.100, 0.100, 0.100, 0.100, 0.100, 0.100, 0.100, 0.100, 0.100, 0.100, 0.100, 0.100, 0.100, 0.120, 0.100, 0.100, 0.100, 0.100, 0.100, 0.100, 0.100, 0.100, 0.241, 0.359, 0.100, 0.394, 0.100, 0.100, 0.100, 0.100]
    Layer 25: sigma=[0.100, 0.100, 0.100, 0.100, 0.100, 0.100, 0.100, 0.100, 0.100, 0.100, 0.100, 0.100, 0.100, 0.100, 0.153, 0.100, 0.100, 0.100, 0.100, 0.100, 0.100, 0.100, 0.100, 0.100, 0.100, 0.100, 0.100, 0.100, 0.100, 0.100, 0.100, 0.100]
    Layer 26: sigma=[0.100, 0.100, 0.100, 0.100, 0.100, 0.100, 0.100, 0.100, 0.100, 0.100, 0.100, 0.100, 0.100, 0.100, 0.100, 0.100, 0.100, 0.100, 0.100, 0.100, 0.100, 0.100, 0.100, 0.100, 0.100, 0.100, 0.100, 0.100, 0.100, 0.100, 0.100, 0.100]
    Layer 27: sigma=[0.100, 0.100, 0.100, 0.100, 0.100, 0.100, 0.100, 0.100, 0.100, 0.100, 0.100, 0.100, 0.100, 0.100, 0.100, 0.100, 0.100, 0.100, 0.100, 0.100, 0.100, 0.100, 0.100, 0.100, 0.100, 0.100, 0.100, 0.100, 0.100, 0.103, 0.100, 0.100]
    Layer 28: sigma=[0.100, 0.100, 0.100, 0.100, 0.100, 0.110, 0.100, 0.168, 0.100, 0.100, 0.100, 0.100, 0.100, 0.100, 0.100, 0.100, 0.100, 0.100, 0.100, 0.100, 0.100, 0.100, 0.100, 0.100, 0.100, 0.100, 0.100, 0.100, 0.100, 0.100, 0.100, 0.100]
    Layer 29: sigma=[0.100, 0.100, 0.100, 0.100, 0.100, 0.100, 0.100, 0.100, 0.100, 0.100, 0.100, 0.100, 0.100, 0.100, 0.100, 0.100, 0.100, 0.100, 0.100, 0.100, 0.100, 0.100, 0.100, 0.100, 0.100, 0.100, 0.100, 0.100, 0.100, 0.100, 0.100, 0.100]
    Layer 30: sigma=[0.100, 0.100, 0.100, 0.100, 0.100, 0.100, 0.100, 0.100, 0.100, 0.100, 0.100, 0.100, 0.100, 0.100, 0.100, 0.100, 0.106, 0.100, 0.100, 0.100, 0.100, 0.100, 0.100, 0.100, 0.100, 0.100, 0.100, 0.100, 0.100, 0.100, 0.100, 0.100]
    Layer 31: sigma=[0.100, 0.100, 0.100, 0.100, 0.100, 0.100, 0.100, 0.100, 0.100, 0.100, 0.100, 0.100, 0.100, 0.100, 0.100, 0.100, 0.100, 0.100, 0.100, 0.109, 0.100, 0.100, 0.100, 0.100, 0.100, 0.100, 0.100, 0.100, 0.100, 0.100, 0.100, 0.100]
    Layer 33: sigma=[0.100, 0.100, 0.100, 0.100, 0.100, 0.100, 0.100, 0.100, 0.100, 0.100, 0.100, 0.100, 0.100, 0.100, 0.100, 0.100, 0.100, 0.100, 0.100, 0.100, 0.100, 0.100, 0.100, 0.100, 0.100, 0.100, 0.100, 0.100, 0.100, 0.100, 0.100, 0.100]
    Layer 34: sigma=[0.100, 0.100, 0.100, 0.100, 0.100, 0.100, 0.100, 0.100, 0.100, 0.100, 0.100, 0.100, 0.100, 0.100, 0.100, 0.100, 0.100, 0.100, 0.100, 0.100, 0.100, 0.100, 0.100, 0.100, 0.100, 0.100, 0.100, 0.100, 0.100, 0.100, 0.100, 0.100]
    Layer 35: sigma=[0.100, 0.100, 0.100, 0.100, 0.100, 0.100, 0.100, 0.100, 0.100, 0.100, 0.100, 0.100, 0.100, 0.100, 0.100, 0.100, 0.100, 0.100, 0.100, 0.100, 0.100, 0.100, 0.115, 0.100, 0.100, 0.100, 0.100, 0.100, 0.100, 0.100, 0.100, 0.100]

  [Taylor Step 3/3] g_proj = v_proj * alpha (damping=0.01)...
    Layer  0: alpha=0.060616  teacher_rms=0.0163  v_rms=0.0027
    Layer  1: alpha=0.061018  teacher_rms=0.0205  v_rms=0.0034
    Layer  2: alpha=0.057132  teacher_rms=0.0214  v_rms=0.0038
    Layer  3: alpha=0.048702  teacher_rms=0.0259  v_rms=0.0053
    Layer  4: alpha=0.047325  teacher_rms=0.0304  v_rms=0.0064
    Layer  5: alpha=0.061920  teacher_rms=0.0409  v_rms=0.0066
    Layer  6: alpha=0.078605  teacher_rms=0.0621  v_rms=0.0079
    Layer  7: alpha=0.045832  teacher_rms=0.0530  v_rms=0.0116
    Layer  8: alpha=0.047871  teacher_rms=0.0708  v_rms=0.0148
    Layer  9: alpha=0.034286  teacher_rms=0.0713  v_rms=0.0208
    Layer 10: alpha=0.051225  teacher_rms=0.1092  v_rms=0.0213
    Layer 11: alpha=0.062671  teacher_rms=0.1046  v_rms=0.0167
    Layer 12: alpha=0.060559  teacher_rms=0.1207  v_rms=0.0199
    Layer 13: alpha=0.053425  teacher_rms=0.1040  v_rms=0.0195
    Layer 14: alpha=0.066709  teacher_rms=0.1547  v_rms=0.0232
    Layer 15: alpha=0.057126  teacher_rms=0.1576  v_rms=0.0276
    Layer 16: alpha=0.041504  teacher_rms=0.1473  v_rms=0.0355
    Layer 17: alpha=0.043852  teacher_rms=0.1753  v_rms=0.0400
    Layer 18: alpha=0.043308  teacher_rms=0.1990  v_rms=0.0460
    Layer 19: alpha=0.052011  teacher_rms=0.2060  v_rms=0.0396
    Layer 20: alpha=0.055981  teacher_rms=0.1966  v_rms=0.0351
    Layer 21: alpha=0.051172  teacher_rms=0.2373  v_rms=0.0464
    Layer 22: alpha=0.058070  teacher_rms=0.2834  v_rms=0.0488
    Layer 23: alpha=0.052296  teacher_rms=0.3098  v_rms=0.0592
    Layer 24: alpha=0.033103  teacher_rms=0.2897  v_rms=0.0875
    Layer 25: alpha=0.039421  teacher_rms=0.2376  v_rms=0.0603
    Layer 26: alpha=0.029256  teacher_rms=0.2124  v_rms=0.0726
    Layer 27: alpha=0.037062  teacher_rms=0.3083  v_rms=0.0832
    Layer 28: alpha=0.041715  teacher_rms=0.3705  v_rms=0.0888
    Layer 29: alpha=0.017344  teacher_rms=0.2548  v_rms=0.1469
    Layer 30: alpha=0.028982  teacher_rms=0.4297  v_rms=0.1483
    Layer 31: alpha=0.021185  teacher_rms=0.3785  v_rms=0.1787
    Layer 33: alpha=0.018560  teacher_rms=0.6404  v_rms=0.3451
    Layer 34: alpha=0.033190  teacher_rms=1.0325  v_rms=0.3111
    Layer 35: alpha=0.059889  teacher_rms=1.0168  v_rms=0.1698

  Set g_proj = v_proj * alpha in 35 GDN layers (damping=0.01).
  Init (taylor_init) done in 333.2s
  Layer 32: PPL = 1407074.75  (eval 13.2s)

============================================================
  Probing layer 33 | strategy=taylor_init
============================================================
Loading checkpoint shards:   0%|          | 0/4 [00:00<?, ?it/s]Loading checkpoint shards: 100%|██████████| 4/4 [00:00<00:00, 149.50it/s]
Could not cache non-existence of file. Will ignore error and continue. Error: [Errno 13] Permission denied: '/data/shared/huggingface/hub/models--Qwen--Qwen3-8B/.no_exist/b968826d9c46dd6066d109eabc6255188de91218/model.safetensors'
Loading checkpoint shards:   0%|          | 0/5 [00:00<?, ?it/s]Loading checkpoint shards: 100%|██████████| 5/5 [00:00<00:00, 53.82it/s]
Token indices sequence length is longer than the specified maximum sequence length for this model (2429029 > 131072). Running this sequence through the model will result in indexing errors
  [Taylor Step 1/3] Gate calibration from attention stats...
    Layer  0: dist=[32, 3, 12, 35, 12, 26, 9, 11, 19, 6, 8, 9, 18, 34, 31, 10, 16, 19, 16, 14, 13, 23, 4, 12, 5, 52, 10, 43, 15, 36, 15, 14]
    Layer  1: dist=[19, 38, 25, 44, 3, 15, 31, 11, 45, 36, 65, 60, 34, 47, 51, 38, 32, 54, 57, 33, 56, 24, 40, 40, 37, 9, 44, 41, 83, 31, 37, 49]
    Layer  2: dist=[65, 65, 67, 62, 26, 45, 33, 43, 39, 47, 56, 56, 53, 46, 46, 60, 61, 49, 54, 43, 49, 67, 48, 50, 25, 24, 21, 35, 73, 73, 77, 74]
    Layer  3: dist=[65, 26, 13, 22, 87, 93, 83, 73, 56, 53, 62, 58, 90, 73, 75, 74, 59, 62, 51, 67, 74, 60, 64, 65, 64, 56, 52, 59, 70, 63, 72, 65]
    Layer  4: dist=[62, 63, 73, 67, 73, 56, 61, 89, 68, 69, 63, 60, 55, 55, 71, 61, 62, 65, 67, 70, 64, 61, 47, 64, 41, 51, 48, 34, 51, 66, 55, 55]
    Layer  5: dist=[36, 48, 55, 35, 61, 68, 52, 51, 5, 18, 73, 61, 54, 78, 59, 52, 41, 32, 50, 48, 51, 55, 48, 59, 73, 73, 80, 80, 43, 44, 46, 58]
    Layer  6: dist=[27, 40, 30, 31, 52, 46, 67, 61, 46, 25, 43, 38, 56, 64, 56, 30, 47, 34, 45, 40, 20, 30, 32, 14, 35, 50, 32, 49, 47, 43, 37, 53]
    Layer  7: dist=[55, 60, 64, 87, 126, 114, 127, 121, 88, 119, 99, 72, 108, 23, 53, 97, 80, 101, 85, 81, 106, 86, 112, 116, 64, 78, 47, 86, 97, 101, 101, 106]
    Layer  8: dist=[83, 87, 90, 58, 81, 77, 69, 78, 86, 99, 87, 90, 94, 86, 96, 70, 116, 107, 103, 96, 92, 106, 100, 111, 92, 72, 95, 67, 84, 72, 79, 74]
    Layer  9: dist=[76, 60, 61, 67, 83, 97, 96, 74, 123, 120, 118, 112, 27, 87, 63, 85, 93, 100, 114, 125, 87, 77, 60, 70, 119, 81, 91, 97, 125, 113, 127, 123]
    Layer 10: dist=[76, 71, 58, 74, 85, 102, 64, 74, 63, 88, 106, 49, 88, 67, 82, 86, 87, 102, 100, 107, 88, 60, 107, 90, 93, 107, 84, 77, 76, 65, 82, 90]
    Layer 11: dist=[78, 65, 79, 48, 53, 61, 78, 77, 102, 123, 109, 93, 82, 64, 65, 69, 69, 63, 61, 51, 77, 107, 89, 87, 67, 59, 56, 54, 95, 55, 55, 94]
    Layer 12: dist=[21, 72, 79, 61, 87, 83, 66, 70, 63, 62, 74, 77, 86, 81, 82, 87, 39, 68, 59, 94, 102, 112, 97, 103, 93, 2, 107, 38, 81, 88, 113, 91]
    Layer 13: dist=[52, 68, 66, 62, 52, 51, 65, 40, 86, 63, 99, 122, 128, 115, 109, 124, 85, 72, 57, 61, 93, 55, 83, 90, 84, 59, 72, 76, 113, 111, 96, 99]
    Layer 14: dist=[44, 64, 65, 46, 62, 45, 64, 65, 54, 57, 70, 68, 69, 76, 65, 67, 77, 86, 51, 64, 65, 31, 51, 81, 52, 67, 73, 64, 85, 88, 8, 89]
    Layer 15: dist=[80, 44, 79, 38, 37, 38, 79, 67, 90, 60, 46, 104, 68, 107, 79, 89, 61, 57, 64, 68, 58, 60, 50, 51, 49, 34, 86, 62, 72, 84, 71, 49]
    Layer 16: dist=[61, 57, 74, 85, 55, 58, 48, 55, 54, 82, 73, 84, 90, 69, 86, 86, 68, 71, 60, 62, 115, 118, 110, 103, 71, 54, 64, 10, 58, 59, 65, 56]
    Layer 17: dist=[111, 95, 79, 67, 53, 57, 39, 47, 90, 108, 79, 100, 40, 57, 71, 74, 44, 61, 61, 42, 75, 98, 93, 97, 58, 55, 57, 52, 53, 79, 93, 67]
    Layer 18: dist=[34, 45, 35, 33, 56, 78, 74, 57, 64, 67, 66, 79, 61, 60, 57, 62, 46, 74, 72, 52, 68, 47, 65, 96, 58, 62, 61, 63, 52, 53, 79, 56]
    Layer 19: dist=[73, 64, 63, 62, 76, 103, 54, 71, 81, 85, 84, 93, 63, 57, 75, 63, 84, 85, 49, 49, 21, 50, 33, 49, 102, 106, 102, 116, 77, 77, 73, 72]
    Layer 20: dist=[89, 79, 80, 77, 78, 51, 49, 57, 40, 36, 43, 39, 92, 79, 87, 96, 45, 51, 56, 39, 73, 111, 101, 98, 125, 97, 105, 85, 93, 79, 108, 108]
    Layer 21: dist=[44, 50, 56, 68, 115, 65, 96, 118, 118, 61, 71, 69, 46, 41, 44, 42, 75, 75, 83, 65, 89, 99, 95, 96, 64, 62, 60, 80, 73, 79, 60, 88]
    Layer 22: dist=[73, 60, 67, 63, 52, 72, 45, 56, 37, 49, 45, 59, 18, 86, 61, 64, 33, 79, 76, 41, 102, 115, 120, 121, 101, 84, 91, 95, 114, 92, 103, 95]
    Layer 23: dist=[39, 30, 48, 39, 110, 111, 41, 102, 79, 36, 45, 63, 75, 72, 79, 77, 82, 75, 74, 94, 72, 93, 82, 76, 78, 72, 68, 100, 91, 90, 83, 78]
    Layer 24: dist=[79, 124, 109, 101, 99, 109, 111, 97, 102, 105, 104, 84, 78, 75, 89, 74, 81, 86, 98, 88, 120, 103, 102, 117, 65, 73, 79, 51, 95, 111, 98, 88]
    Layer 25: dist=[105, 121, 118, 94, 71, 72, 107, 80, 96, 97, 85, 90, 65, 89, 50, 68, 93, 99, 97, 89, 102, 111, 105, 108, 110, 110, 99, 108, 88, 125, 98, 88]
    Layer 26: dist=[80, 88, 106, 68, 115, 113, 113, 110, 102, 107, 105, 98, 100, 124, 116, 116, 86, 93, 99, 95, 102, 113, 122, 114, 99, 97, 102, 93, 115, 96, 114, 95]
    Layer 27: dist=[87, 108, 103, 117, 98, 105, 101, 86, 77, 100, 107, 99, 78, 109, 80, 86, 96, 99, 99, 104, 91, 112, 113, 92, 110, 113, 116, 117, 107, 77, 92, 117]
    Layer 28: dist=[103, 92, 102, 102, 82, 63, 80, 76, 96, 107, 92, 89, 112, 105, 96, 101, 112, 104, 104, 108, 119, 71, 60, 89, 91, 88, 99, 99, 92, 92, 71, 95]
    Layer 29: dist=[113, 114, 114, 113, 90, 112, 94, 114, 119, 113, 122, 105, 120, 120, 119, 120, 116, 106, 115, 121, 123, 123, 107, 125, 100, 114, 97, 92, 106, 95, 106, 109]
    Layer 30: dist=[75, 102, 99, 100, 102, 100, 90, 67, 117, 117, 115, 120, 105, 104, 113, 101, 97, 78, 120, 122, 51, 120, 100, 110, 119, 119, 119, 118, 106, 110, 107, 102]
    Layer 31: dist=[119, 117, 99, 98, 112, 113, 114, 116, 114, 77, 87, 91, 117, 116, 117, 115, 101, 101, 106, 94, 119, 116, 108, 119, 112, 109, 89, 120, 112, 106, 102, 110]
    Layer 32: dist=[110, 114, 114, 111, 116, 119, 116, 117, 110, 111, 117, 115, 93, 113, 108, 91, 118, 106, 109, 111, 123, 92, 114, 120, 71, 95, 80, 105, 116, 107, 99, 103]
    Layer 34: dist=[110, 109, 112, 113, 105, 111, 108, 102, 53, 93, 114, 86, 117, 115, 120, 81, 82, 89, 126, 55, 119, 51, 118, 119, 122, 122, 125, 122, 54, 62, 68, 109]
    Layer 35: dist=[105, 123, 71, 97, 82, 36, 112, 100, 85, 94, 112, 96, 63, 28, 49, 40, 98, 74, 84, 48, 90, 102, 55, 54, 66, 49, 68, 72, 73, 115, 122, 117]

  [Taylor Step 2/3] OLS sigma per head (scaling V, streaming)...
    Layer  0: sigma=[0.615, 0.100, 0.100, 0.100, 0.332, 0.380, 0.100, 0.100, 0.100, 0.147, 0.100, 0.100, 0.100, 0.100, 0.100, 0.259, 0.100, 0.100, 0.100, 0.100, 0.100, 0.100, 0.100, 0.100, 0.100, 0.100, 0.350, 0.100, 0.100, 0.100, 0.161, 0.100]
    Layer  1: sigma=[0.350, 0.100, 0.100, 0.100, 0.100, 0.100, 0.100, 0.100, 0.100, 0.167, 0.246, 0.100, 0.100, 0.100, 0.100, 0.100, 0.100, 0.100, 0.100, 0.100, 0.100, 0.100, 0.100, 0.114, 0.100, 0.100, 0.113, 0.100, 0.100, 0.100, 0.100, 0.100]
    Layer  2: sigma=[0.100, 0.100, 0.100, 0.100, 0.100, 0.100, 0.100, 0.100, 0.109, 0.100, 0.100, 0.100, 0.100, 0.145, 0.100, 0.100, 0.100, 0.220, 0.100, 0.100, 0.100, 0.100, 0.100, 0.100, 0.100, 0.172, 0.100, 0.100, 0.100, 0.100, 0.100, 0.100]
    Layer  3: sigma=[0.100, 0.324, 0.100, 0.153, 0.100, 0.100, 0.100, 0.100, 0.100, 0.100, 0.100, 0.100, 0.100, 0.100, 0.100, 0.100, 0.100, 0.100, 0.100, 0.100, 0.100, 0.107, 0.100, 0.100, 0.100, 0.100, 0.100, 0.100, 0.100, 0.100, 0.100, 0.100]
    Layer  4: sigma=[0.100, 0.100, 0.100, 0.100, 0.100, 0.100, 0.100, 0.100, 0.100, 0.100, 0.100, 0.100, 0.100, 0.100, 0.100, 0.100, 0.100, 0.100, 0.100, 0.100, 0.131, 0.138, 0.317, 0.100, 0.100, 0.100, 0.100, 0.100, 0.100, 0.100, 0.100, 0.100]
    Layer  5: sigma=[0.100, 0.100, 0.100, 0.100, 0.100, 0.100, 0.100, 0.100, 0.100, 0.133, 0.100, 0.108, 0.100, 0.100, 0.100, 0.123, 0.100, 0.190, 0.100, 0.100, 0.100, 0.100, 0.100, 0.100, 0.100, 0.100, 0.100, 0.100, 0.100, 0.100, 0.100, 0.100]
    Layer  6: sigma=[0.100, 0.100, 0.100, 0.100, 0.100, 0.100, 0.100, 0.100, 0.100, 0.100, 0.100, 0.100, 0.100, 0.100, 0.100, 0.100, 0.100, 0.100, 0.100, 0.100, 0.152, 0.100, 0.100, 0.100, 0.100, 0.100, 0.100, 0.100, 0.100, 0.100, 0.100, 0.100]
    Layer  7: sigma=[0.100, 0.153, 0.100, 0.100, 0.118, 0.100, 0.100, 0.100, 0.100, 0.100, 0.100, 0.100, 0.100, 0.100, 0.100, 0.100, 0.100, 0.100, 0.100, 0.100, 0.100, 0.100, 0.100, 0.100, 0.100, 0.100, 0.100, 0.100, 0.100, 0.100, 0.100, 0.100]
    Layer  8: sigma=[0.100, 0.100, 0.100, 0.100, 0.100, 0.100, 0.100, 0.100, 0.100, 0.100, 0.100, 0.100, 0.100, 0.100, 0.100, 0.100, 0.100, 0.100, 0.100, 0.100, 0.100, 0.100, 0.100, 0.100, 0.100, 0.100, 0.100, 0.158, 0.100, 0.100, 0.100, 0.100]
    Layer  9: sigma=[0.100, 0.100, 0.100, 0.100, 0.100, 0.100, 0.100, 0.100, 0.100, 0.100, 0.100, 0.100, 0.100, 0.100, 0.606, 0.128, 0.100, 0.100, 0.100, 0.100, 0.100, 0.100, 0.100, 0.100, 0.100, 0.100, 0.100, 0.100, 0.100, 0.100, 0.100, 0.100]
    Layer 10: sigma=[0.100, 0.100, 0.100, 0.100, 0.100, 0.100, 0.100, 0.100, 0.100, 0.100, 0.100, 0.108, 0.100, 0.100, 0.100, 0.100, 0.100, 0.100, 0.100, 0.100, 0.100, 0.100, 0.100, 0.100, 0.100, 0.100, 0.100, 0.100, 0.100, 0.100, 0.100, 0.100]
    Layer 11: sigma=[0.100, 0.100, 0.100, 0.100, 0.135, 0.100, 0.100, 0.100, 0.100, 0.107, 0.100, 0.100, 0.100, 0.100, 0.246, 0.100, 0.100, 0.100, 0.100, 0.100, 0.100, 0.100, 0.100, 0.100, 0.100, 0.100, 0.167, 0.100, 0.100, 0.100, 0.100, 0.100]
    Layer 12: sigma=[0.100, 0.100, 0.100, 0.100, 0.100, 0.100, 0.100, 0.100, 0.100, 0.104, 0.100, 0.106, 0.100, 0.100, 0.100, 0.100, 0.100, 0.318, 0.147, 0.100, 0.100, 0.100, 0.100, 0.100, 0.100, 0.100, 0.100, 0.216, 0.100, 0.100, 0.118, 0.100]
    Layer 13: sigma=[0.219, 0.100, 0.100, 0.279, 0.100, 0.100, 0.100, 0.100, 0.100, 0.100, 0.100, 0.100, 0.100, 0.100, 0.100, 0.100, 0.100, 0.100, 0.100, 0.121, 0.100, 0.100, 0.100, 0.100, 0.100, 0.100, 0.100, 0.100, 0.100, 0.100, 0.100, 0.100]
    Layer 14: sigma=[0.100, 0.100, 0.100, 0.100, 0.100, 0.408, 0.100, 0.100, 0.100, 0.100, 0.100, 0.100, 0.100, 0.100, 0.100, 0.100, 0.100, 0.100, 0.100, 0.100, 0.100, 0.100, 0.100, 0.100, 0.107, 0.119, 0.100, 0.100, 0.100, 0.100, 0.100, 0.100]
    Layer 15: sigma=[0.100, 0.196, 0.100, 0.100, 0.100, 0.111, 0.100, 0.100, 0.100, 0.100, 0.100, 0.100, 0.209, 0.100, 0.100, 0.100, 0.100, 0.100, 0.100, 0.100, 0.100, 0.100, 0.100, 0.100, 0.135, 0.100, 0.100, 0.100, 0.100, 0.100, 0.100, 0.100]
    Layer 16: sigma=[0.100, 0.100, 0.100, 0.100, 0.100, 0.100, 0.100, 0.100, 0.100, 0.100, 0.100, 0.100, 0.100, 0.100, 0.100, 0.100, 0.100, 0.100, 0.100, 0.100, 0.100, 0.100, 0.100, 0.100, 0.100, 0.100, 0.100, 0.479, 0.100, 0.100, 0.100, 0.100]
    Layer 17: sigma=[0.100, 0.100, 0.100, 0.100, 0.100, 0.150, 0.100, 0.100, 0.100, 0.100, 0.100, 0.100, 0.100, 0.100, 0.100, 0.100, 0.139, 0.100, 0.100, 0.374, 0.100, 0.100, 0.100, 0.114, 0.169, 0.100, 0.377, 0.100, 0.100, 0.100, 0.100, 0.100]
    Layer 18: sigma=[0.100, 0.442, 0.100, 0.100, 0.100, 0.100, 0.100, 0.195, 0.100, 0.100, 0.100, 0.100, 0.100, 0.100, 0.100, 0.100, 0.186, 0.100, 0.100, 0.100, 0.100, 0.100, 0.100, 0.100, 0.100, 0.100, 0.100, 0.100, 0.100, 0.100, 0.100, 0.100]
    Layer 19: sigma=[0.100, 0.100, 0.100, 0.100, 0.100, 0.100, 0.100, 0.100, 0.100, 0.100, 0.100, 0.100, 0.163, 0.100, 0.100, 0.174, 0.100, 0.100, 0.100, 0.270, 0.100, 0.100, 0.100, 0.104, 0.100, 0.100, 0.100, 0.100, 0.100, 0.100, 0.100, 0.100]
    Layer 20: sigma=[0.100, 0.100, 0.100, 0.100, 0.100, 0.209, 0.100, 0.100, 0.144, 0.109, 0.100, 0.100, 0.100, 0.100, 0.100, 0.112, 0.100, 0.148, 0.100, 0.100, 0.100, 0.100, 0.100, 0.100, 0.100, 0.100, 0.100, 0.100, 0.100, 0.100, 0.100, 0.100]
    Layer 21: sigma=[0.100, 0.142, 0.100, 0.100, 0.100, 0.100, 0.100, 0.100, 0.100, 0.133, 0.100, 0.268, 0.100, 0.100, 0.118, 0.100, 0.100, 0.100, 0.100, 0.100, 0.100, 0.104, 0.100, 0.100, 0.103, 0.100, 0.100, 0.100, 0.100, 0.100, 0.312, 0.100]
    Layer 22: sigma=[0.138, 0.100, 0.100, 0.100, 0.195, 0.131, 0.100, 0.206, 0.106, 0.100, 0.100, 0.100, 0.100, 0.100, 0.100, 0.117, 0.100, 0.100, 0.100, 0.114, 0.100, 0.100, 0.100, 0.100, 0.100, 0.100, 0.100, 0.100, 0.100, 0.100, 0.100, 0.100]
    Layer 23: sigma=[0.172, 0.258, 0.175, 0.100, 0.100, 0.100, 0.114, 0.100, 0.100, 0.244, 0.100, 0.100, 0.100, 0.100, 0.101, 0.100, 0.100, 0.100, 0.100, 0.100, 0.100, 0.100, 0.100, 0.100, 0.100, 0.100, 0.100, 0.100, 0.100, 0.100, 0.157, 0.263]
    Layer 24: sigma=[0.100, 0.100, 0.100, 0.100, 0.100, 0.100, 0.100, 0.100, 0.100, 0.100, 0.100, 0.100, 0.100, 0.100, 0.100, 0.154, 0.100, 0.100, 0.100, 0.100, 0.100, 0.100, 0.100, 0.100, 0.226, 0.431, 0.100, 0.367, 0.100, 0.100, 0.100, 0.100]
    Layer 25: sigma=[0.100, 0.100, 0.100, 0.100, 0.102, 0.100, 0.100, 0.100, 0.100, 0.100, 0.100, 0.100, 0.100, 0.100, 0.112, 0.100, 0.100, 0.100, 0.100, 0.100, 0.100, 0.100, 0.100, 0.100, 0.100, 0.100, 0.100, 0.100, 0.100, 0.100, 0.100, 0.100]
    Layer 26: sigma=[0.100, 0.100, 0.100, 0.100, 0.100, 0.100, 0.100, 0.100, 0.100, 0.100, 0.100, 0.100, 0.100, 0.100, 0.100, 0.100, 0.100, 0.100, 0.100, 0.100, 0.100, 0.100, 0.100, 0.100, 0.100, 0.100, 0.100, 0.100, 0.100, 0.100, 0.100, 0.100]
    Layer 27: sigma=[0.100, 0.100, 0.100, 0.100, 0.100, 0.100, 0.100, 0.100, 0.100, 0.100, 0.100, 0.100, 0.100, 0.100, 0.100, 0.100, 0.100, 0.100, 0.100, 0.100, 0.100, 0.100, 0.100, 0.100, 0.100, 0.100, 0.100, 0.100, 0.100, 0.100, 0.100, 0.100]
    Layer 28: sigma=[0.100, 0.100, 0.100, 0.100, 0.100, 0.100, 0.100, 0.100, 0.100, 0.100, 0.100, 0.100, 0.100, 0.100, 0.100, 0.100, 0.100, 0.100, 0.100, 0.100, 0.100, 0.100, 0.100, 0.100, 0.100, 0.100, 0.100, 0.100, 0.100, 0.100, 0.100, 0.100]
    Layer 29: sigma=[0.100, 0.100, 0.100, 0.100, 0.100, 0.100, 0.100, 0.100, 0.100, 0.100, 0.100, 0.100, 0.100, 0.100, 0.100, 0.100, 0.100, 0.100, 0.100, 0.100, 0.100, 0.100, 0.100, 0.100, 0.100, 0.100, 0.100, 0.100, 0.100, 0.100, 0.100, 0.100]
    Layer 30: sigma=[0.100, 0.100, 0.100, 0.100, 0.100, 0.100, 0.100, 0.100, 0.100, 0.100, 0.100, 0.100, 0.100, 0.100, 0.100, 0.100, 0.100, 0.100, 0.100, 0.100, 0.100, 0.100, 0.100, 0.100, 0.100, 0.100, 0.100, 0.100, 0.100, 0.100, 0.100, 0.100]
    Layer 31: sigma=[0.100, 0.100, 0.100, 0.100, 0.100, 0.100, 0.100, 0.100, 0.100, 0.100, 0.100, 0.100, 0.100, 0.100, 0.100, 0.100, 0.100, 0.100, 0.100, 0.119, 0.100, 0.100, 0.100, 0.100, 0.100, 0.100, 0.100, 0.100, 0.100, 0.100, 0.100, 0.100]
    Layer 32: sigma=[0.100, 0.100, 0.100, 0.100, 0.100, 0.100, 0.100, 0.100, 0.100, 0.100, 0.100, 0.100, 0.100, 0.100, 0.100, 0.100, 0.100, 0.100, 0.100, 0.100, 0.100, 0.100, 0.100, 0.100, 0.100, 0.100, 0.100, 0.100, 0.100, 0.100, 0.100, 0.100]
    Layer 34: sigma=[0.100, 0.100, 0.100, 0.100, 0.100, 0.100, 0.100, 0.100, 0.100, 0.100, 0.100, 0.100, 0.152, 0.100, 0.100, 0.100, 0.101, 0.100, 0.100, 0.161, 0.100, 0.100, 0.100, 0.100, 0.100, 0.100, 0.100, 0.100, 0.100, 0.100, 0.100, 0.100]
    Layer 35: sigma=[0.100, 0.100, 0.100, 0.100, 0.100, 0.100, 0.100, 0.100, 0.100, 0.100, 0.100, 0.100, 0.100, 0.100, 0.100, 0.100, 0.100, 0.100, 0.100, 0.100, 0.100, 0.100, 0.140, 0.100, 0.100, 0.100, 0.100, 0.100, 0.100, 0.100, 0.100, 0.100]

  [Taylor Step 3/3] g_proj = v_proj * alpha (damping=0.01)...
    Layer  0: alpha=0.060444  teacher_rms=0.0163  v_rms=0.0027
    Layer  1: alpha=0.060888  teacher_rms=0.0205  v_rms=0.0034
    Layer  2: alpha=0.057001  teacher_rms=0.0214  v_rms=0.0038
    Layer  3: alpha=0.048782  teacher_rms=0.0259  v_rms=0.0053
    Layer  4: alpha=0.047400  teacher_rms=0.0304  v_rms=0.0064
    Layer  5: alpha=0.061645  teacher_rms=0.0409  v_rms=0.0066
    Layer  6: alpha=0.078464  teacher_rms=0.0621  v_rms=0.0079
    Layer  7: alpha=0.045942  teacher_rms=0.0530  v_rms=0.0115
    Layer  8: alpha=0.047869  teacher_rms=0.0708  v_rms=0.0148
    Layer  9: alpha=0.034241  teacher_rms=0.0713  v_rms=0.0208
    Layer 10: alpha=0.051124  teacher_rms=0.1092  v_rms=0.0214
    Layer 11: alpha=0.062877  teacher_rms=0.1046  v_rms=0.0166
    Layer 12: alpha=0.060484  teacher_rms=0.1207  v_rms=0.0200
    Layer 13: alpha=0.054747  teacher_rms=0.1040  v_rms=0.0190
    Layer 14: alpha=0.064012  teacher_rms=0.1547  v_rms=0.0242
    Layer 15: alpha=0.057506  teacher_rms=0.1576  v_rms=0.0274
    Layer 16: alpha=0.040346  teacher_rms=0.1473  v_rms=0.0365
    Layer 17: alpha=0.044727  teacher_rms=0.1753  v_rms=0.0392
    Layer 18: alpha=0.045996  teacher_rms=0.1990  v_rms=0.0433
    Layer 19: alpha=0.055632  teacher_rms=0.2060  v_rms=0.0370
    Layer 20: alpha=0.055593  teacher_rms=0.1966  v_rms=0.0354
    Layer 21: alpha=0.050178  teacher_rms=0.2373  v_rms=0.0473
    Layer 22: alpha=0.055467  teacher_rms=0.2834  v_rms=0.0511
    Layer 23: alpha=0.050998  teacher_rms=0.3098  v_rms=0.0608
    Layer 24: alpha=0.032645  teacher_rms=0.2897  v_rms=0.0887
    Layer 25: alpha=0.039920  teacher_rms=0.2376  v_rms=0.0595
    Layer 26: alpha=0.029256  teacher_rms=0.2124  v_rms=0.0726
    Layer 27: alpha=0.037093  teacher_rms=0.3083  v_rms=0.0831
    Layer 28: alpha=0.042758  teacher_rms=0.3705  v_rms=0.0867
    Layer 29: alpha=0.017344  teacher_rms=0.2548  v_rms=0.1469
    Layer 30: alpha=0.029045  teacher_rms=0.4297  v_rms=0.1480
    Layer 31: alpha=0.021150  teacher_rms=0.3785  v_rms=0.1789
    Layer 32: alpha=0.023899  teacher_rms=0.5288  v_rms=0.2213
    Layer 34: alpha=0.031342  teacher_rms=1.0325  v_rms=0.3294
    Layer 35: alpha=0.059447  teacher_rms=1.0168  v_rms=0.1710

  Set g_proj = v_proj * alpha in 35 GDN layers (damping=0.01).
  Init (taylor_init) done in 352.1s
  Layer 33: PPL = 815782.62  (eval 16.5s)

============================================================
  Probing layer 34 | strategy=taylor_init
============================================================
Loading checkpoint shards:   0%|          | 0/4 [00:00<?, ?it/s]Loading checkpoint shards: 100%|██████████| 4/4 [00:00<00:00, 73.47it/s]
Could not cache non-existence of file. Will ignore error and continue. Error: [Errno 13] Permission denied: '/data/shared/huggingface/hub/models--Qwen--Qwen3-8B/.no_exist/b968826d9c46dd6066d109eabc6255188de91218/model.safetensors'
Loading checkpoint shards:   0%|          | 0/5 [00:00<?, ?it/s]Loading checkpoint shards: 100%|██████████| 5/5 [00:00<00:00, 185.33it/s]
Token indices sequence length is longer than the specified maximum sequence length for this model (2429029 > 131072). Running this sequence through the model will result in indexing errors
  [Taylor Step 1/3] Gate calibration from attention stats...
    Layer  0: dist=[32, 3, 12, 35, 12, 26, 9, 11, 19, 6, 8, 9, 18, 34, 31, 10, 16, 19, 16, 14, 13, 23, 4, 12, 5, 52, 10, 43, 15, 36, 15, 14]
    Layer  1: dist=[19, 38, 25, 44, 3, 15, 31, 11, 45, 36, 65, 60, 34, 47, 51, 38, 32, 54, 57, 33, 56, 24, 40, 40, 37, 9, 44, 41, 83, 31, 37, 49]
    Layer  2: dist=[65, 65, 67, 62, 26, 45, 33, 43, 39, 47, 56, 56, 53, 46, 46, 60, 61, 49, 54, 43, 49, 67, 48, 50, 25, 24, 21, 35, 73, 73, 77, 74]
    Layer  3: dist=[65, 26, 13, 22, 87, 93, 83, 73, 56, 53, 62, 58, 90, 73, 75, 74, 59, 62, 51, 67, 74, 60, 64, 65, 64, 56, 52, 59, 70, 63, 72, 65]
    Layer  4: dist=[62, 63, 73, 67, 73, 56, 61, 89, 68, 69, 63, 60, 55, 55, 71, 61, 62, 65, 67, 70, 64, 61, 47, 64, 41, 51, 48, 34, 51, 66, 55, 55]
    Layer  5: dist=[36, 48, 55, 35, 61, 68, 52, 51, 5, 18, 73, 61, 54, 78, 59, 52, 41, 32, 50, 48, 51, 55, 48, 59, 73, 73, 80, 80, 43, 44, 46, 58]
    Layer  6: dist=[27, 40, 30, 31, 52, 46, 67, 61, 46, 25, 43, 38, 56, 64, 56, 30, 47, 34, 45, 40, 20, 30, 32, 14, 35, 50, 32, 49, 47, 43, 37, 53]
    Layer  7: dist=[55, 60, 64, 87, 126, 114, 127, 121, 88, 119, 99, 72, 108, 23, 53, 97, 80, 101, 85, 81, 106, 86, 112, 116, 64, 78, 47, 86, 97, 101, 101, 106]
    Layer  8: dist=[83, 87, 90, 58, 81, 77, 69, 78, 86, 99, 87, 90, 94, 86, 96, 70, 116, 107, 103, 96, 92, 106, 100, 111, 92, 72, 95, 67, 84, 72, 79, 74]
    Layer  9: dist=[76, 60, 61, 67, 83, 97, 96, 74, 123, 120, 118, 112, 27, 87, 63, 85, 93, 100, 114, 125, 87, 77, 60, 70, 119, 81, 91, 97, 125, 113, 127, 123]
    Layer 10: dist=[76, 71, 58, 74, 85, 102, 64, 74, 63, 88, 106, 49, 88, 67, 82, 86, 87, 102, 100, 107, 88, 60, 107, 90, 93, 107, 84, 77, 76, 65, 82, 90]
    Layer 11: dist=[78, 65, 79, 48, 53, 61, 78, 77, 102, 123, 109, 93, 82, 64, 65, 69, 69, 63, 61, 51, 77, 107, 89, 87, 67, 59, 56, 54, 95, 55, 55, 94]
    Layer 12: dist=[21, 72, 79, 61, 87, 83, 66, 70, 63, 62, 74, 77, 86, 81, 82, 87, 39, 68, 59, 94, 102, 112, 97, 103, 93, 2, 107, 38, 81, 88, 113, 91]
    Layer 13: dist=[52, 68, 66, 62, 52, 51, 65, 40, 86, 63, 99, 122, 128, 115, 109, 124, 85, 72, 57, 61, 93, 55, 83, 90, 84, 59, 72, 76, 113, 111, 96, 99]
    Layer 14: dist=[44, 64, 65, 46, 62, 45, 64, 65, 54, 57, 70, 68, 69, 76, 65, 67, 77, 86, 51, 64, 65, 31, 51, 81, 52, 67, 73, 64, 85, 88, 8, 89]
    Layer 15: dist=[80, 44, 79, 38, 37, 38, 79, 67, 90, 60, 46, 104, 68, 107, 79, 89, 61, 57, 64, 68, 58, 60, 50, 51, 49, 34, 86, 62, 72, 84, 71, 49]
    Layer 16: dist=[61, 57, 74, 85, 55, 58, 48, 55, 54, 82, 73, 84, 90, 69, 86, 86, 68, 71, 60, 62, 115, 118, 110, 103, 71, 54, 64, 10, 58, 59, 65, 56]
    Layer 17: dist=[111, 95, 79, 67, 53, 57, 39, 47, 90, 108, 79, 100, 40, 57, 71, 74, 44, 61, 61, 42, 75, 98, 93, 97, 58, 55, 57, 52, 53, 79, 93, 67]
    Layer 18: dist=[34, 45, 35, 33, 56, 78, 74, 57, 64, 67, 66, 79, 61, 60, 57, 62, 46, 74, 72, 52, 68, 47, 65, 96, 58, 62, 61, 63, 52, 53, 79, 56]
    Layer 19: dist=[73, 64, 63, 62, 76, 103, 54, 71, 81, 85, 84, 93, 63, 57, 75, 63, 84, 85, 49, 49, 21, 50, 33, 49, 102, 106, 102, 116, 77, 77, 73, 72]
    Layer 20: dist=[89, 79, 80, 77, 78, 51, 49, 57, 40, 36, 43, 39, 92, 79, 87, 96, 45, 51, 56, 39, 73, 111, 101, 98, 125, 97, 105, 85, 93, 79, 108, 108]
    Layer 21: dist=[44, 50, 56, 68, 115, 65, 96, 118, 118, 61, 71, 69, 46, 41, 44, 42, 75, 75, 83, 65, 89, 99, 95, 96, 64, 62, 60, 80, 73, 79, 60, 88]
    Layer 22: dist=[73, 60, 67, 63, 52, 72, 45, 56, 37, 49, 45, 59, 18, 86, 61, 64, 33, 79, 76, 41, 102, 115, 120, 121, 101, 84, 91, 95, 114, 92, 103, 95]
    Layer 23: dist=[39, 30, 48, 39, 110, 111, 41, 102, 79, 36, 45, 63, 75, 72, 79, 77, 82, 75, 74, 94, 72, 93, 82, 76, 78, 72, 68, 100, 91, 90, 83, 78]
    Layer 24: dist=[79, 124, 109, 101, 99, 109, 111, 97, 102, 105, 104, 84, 78, 75, 89, 74, 81, 86, 98, 88, 120, 103, 102, 117, 65, 73, 79, 51, 95, 111, 98, 88]
    Layer 25: dist=[105, 121, 118, 94, 71, 72, 107, 80, 96, 97, 85, 90, 65, 89, 50, 68, 93, 99, 97, 89, 102, 111, 105, 108, 110, 110, 99, 108, 88, 125, 98, 88]
    Layer 26: dist=[80, 88, 106, 68, 115, 113, 113, 110, 102, 107, 105, 98, 100, 124, 116, 116, 86, 93, 99, 95, 102, 113, 122, 114, 99, 97, 102, 93, 115, 96, 114, 95]
    Layer 27: dist=[87, 108, 103, 117, 98, 105, 101, 86, 77, 100, 107, 99, 78, 109, 80, 86, 96, 99, 99, 104, 91, 112, 113, 92, 110, 113, 116, 117, 107, 77, 92, 117]
    Layer 28: dist=[103, 92, 102, 102, 82, 63, 80, 76, 96, 107, 92, 89, 112, 105, 96, 101, 112, 104, 104, 108, 119, 71, 60, 89, 91, 88, 99, 99, 92, 92, 71, 95]
    Layer 29: dist=[113, 114, 114, 113, 90, 112, 94, 114, 119, 113, 122, 105, 120, 120, 119, 120, 116, 106, 115, 121, 123, 123, 107, 125, 100, 114, 97, 92, 106, 95, 106, 109]
    Layer 30: dist=[75, 102, 99, 100, 102, 100, 90, 67, 117, 117, 115, 120, 105, 104, 113, 101, 97, 78, 120, 122, 51, 120, 100, 110, 119, 119, 119, 118, 106, 110, 107, 102]
    Layer 31: dist=[119, 117, 99, 98, 112, 113, 114, 116, 114, 77, 87, 91, 117, 116, 117, 115, 101, 101, 106, 94, 119, 116, 108, 119, 112, 109, 89, 120, 112, 106, 102, 110]
    Layer 32: dist=[110, 114, 114, 111, 116, 119, 116, 117, 110, 111, 117, 115, 93, 113, 108, 91, 118, 106, 109, 111, 123, 92, 114, 120, 71, 95, 80, 105, 116, 107, 99, 103]
    Layer 33: dist=[102, 120, 112, 119, 91, 102, 57, 94, 116, 116, 113, 113, 114, 115, 113, 116, 114, 117, 106, 109, 112, 96, 110, 113, 111, 119, 122, 118, 110, 111, 107, 104]
    Layer 35: dist=[105, 123, 71, 97, 82, 36, 112, 100, 85, 94, 112, 96, 63, 28, 49, 40, 98, 74, 84, 48, 90, 102, 55, 54, 66, 49, 68, 72, 73, 115, 122, 117]

  [Taylor Step 2/3] OLS sigma per head (scaling V, streaming)...
    Layer  0: sigma=[0.614, 0.100, 0.100, 0.100, 0.332, 0.380, 0.100, 0.100, 0.100, 0.149, 0.100, 0.100, 0.100, 0.100, 0.100, 0.260, 0.100, 0.100, 0.100, 0.100, 0.100, 0.100, 0.100, 0.100, 0.100, 0.100, 0.351, 0.100, 0.100, 0.100, 0.161, 0.100]
    Layer  1: sigma=[0.350, 0.100, 0.100, 0.100, 0.100, 0.100, 0.100, 0.100, 0.100, 0.166, 0.246, 0.100, 0.100, 0.100, 0.100, 0.100, 0.100, 0.100, 0.100, 0.100, 0.100, 0.100, 0.100, 0.117, 0.100, 0.100, 0.113, 0.100, 0.100, 0.100, 0.100, 0.100]
    Layer  2: sigma=[0.100, 0.100, 0.100, 0.100, 0.100, 0.100, 0.100, 0.100, 0.108, 0.100, 0.100, 0.100, 0.100, 0.143, 0.100, 0.100, 0.100, 0.219, 0.100, 0.100, 0.100, 0.100, 0.100, 0.100, 0.100, 0.170, 0.100, 0.100, 0.100, 0.100, 0.100, 0.100]
    Layer  3: sigma=[0.100, 0.328, 0.100, 0.155, 0.100, 0.100, 0.100, 0.100, 0.100, 0.100, 0.100, 0.100, 0.100, 0.100, 0.100, 0.100, 0.100, 0.100, 0.100, 0.100, 0.100, 0.110, 0.100, 0.100, 0.100, 0.100, 0.100, 0.100, 0.100, 0.100, 0.100, 0.100]
    Layer  4: sigma=[0.100, 0.100, 0.100, 0.100, 0.100, 0.100, 0.100, 0.100, 0.100, 0.100, 0.100, 0.100, 0.100, 0.100, 0.100, 0.100, 0.100, 0.100, 0.100, 0.100, 0.133, 0.138, 0.316, 0.100, 0.100, 0.100, 0.100, 0.100, 0.100, 0.100, 0.100, 0.100]
    Layer  5: sigma=[0.100, 0.100, 0.100, 0.100, 0.100, 0.100, 0.100, 0.100, 0.100, 0.122, 0.100, 0.111, 0.100, 0.100, 0.100, 0.123, 0.100, 0.185, 0.100, 0.100, 0.100, 0.100, 0.100, 0.100, 0.100, 0.100, 0.100, 0.100, 0.100, 0.100, 0.100, 0.100]
    Layer  6: sigma=[0.100, 0.100, 0.100, 0.100, 0.100, 0.100, 0.100, 0.100, 0.100, 0.100, 0.100, 0.100, 0.100, 0.100, 0.100, 0.100, 0.100, 0.100, 0.100, 0.100, 0.155, 0.100, 0.100, 0.100, 0.100, 0.100, 0.100, 0.100, 0.100, 0.100, 0.100, 0.100]
    Layer  7: sigma=[0.100, 0.156, 0.100, 0.100, 0.117, 0.100, 0.100, 0.100, 0.100, 0.100, 0.100, 0.100, 0.100, 0.100, 0.100, 0.100, 0.100, 0.100, 0.100, 0.100, 0.100, 0.100, 0.100, 0.100, 0.100, 0.100, 0.100, 0.100, 0.100, 0.100, 0.100, 0.100]
    Layer  8: sigma=[0.100, 0.100, 0.100, 0.100, 0.100, 0.100, 0.100, 0.100, 0.100, 0.100, 0.100, 0.100, 0.100, 0.100, 0.100, 0.100, 0.100, 0.100, 0.100, 0.100, 0.100, 0.100, 0.100, 0.100, 0.100, 0.100, 0.100, 0.189, 0.100, 0.100, 0.100, 0.100]
    Layer  9: sigma=[0.100, 0.100, 0.100, 0.100, 0.100, 0.100, 0.100, 0.100, 0.100, 0.100, 0.100, 0.100, 0.100, 0.100, 0.507, 0.133, 0.100, 0.100, 0.100, 0.100, 0.100, 0.100, 0.100, 0.100, 0.100, 0.100, 0.100, 0.100, 0.100, 0.100, 0.100, 0.100]
    Layer 10: sigma=[0.100, 0.100, 0.100, 0.100, 0.100, 0.100, 0.100, 0.100, 0.100, 0.100, 0.100, 0.100, 0.100, 0.100, 0.100, 0.100, 0.100, 0.100, 0.100, 0.100, 0.100, 0.100, 0.100, 0.100, 0.100, 0.100, 0.100, 0.100, 0.100, 0.100, 0.100, 0.100]
    Layer 11: sigma=[0.100, 0.100, 0.100, 0.100, 0.133, 0.100, 0.100, 0.100, 0.100, 0.105, 0.100, 0.100, 0.100, 0.100, 0.242, 0.100, 0.100, 0.100, 0.100, 0.100, 0.100, 0.100, 0.100, 0.100, 0.100, 0.100, 0.169, 0.100, 0.100, 0.100, 0.100, 0.100]
    Layer 12: sigma=[0.100, 0.100, 0.100, 0.100, 0.100, 0.100, 0.100, 0.100, 0.100, 0.105, 0.100, 0.107, 0.100, 0.100, 0.100, 0.100, 0.100, 0.324, 0.176, 0.100, 0.100, 0.100, 0.100, 0.100, 0.100, 0.100, 0.100, 0.210, 0.100, 0.100, 0.115, 0.100]
    Layer 13: sigma=[0.226, 0.100, 0.100, 0.380, 0.100, 0.100, 0.100, 0.100, 0.100, 0.100, 0.100, 0.100, 0.100, 0.100, 0.100, 0.100, 0.100, 0.100, 0.100, 0.106, 0.100, 0.100, 0.100, 0.100, 0.100, 0.100, 0.100, 0.100, 0.100, 0.100, 0.100, 0.100]
    Layer 14: sigma=[0.100, 0.100, 0.100, 0.100, 0.100, 0.386, 0.100, 0.100, 0.100, 0.100, 0.100, 0.100, 0.100, 0.100, 0.100, 0.100, 0.100, 0.100, 0.100, 0.100, 0.100, 0.100, 0.100, 0.100, 0.120, 0.113, 0.100, 0.100, 0.100, 0.100, 0.100, 0.100]
    Layer 15: sigma=[0.100, 0.185, 0.100, 0.100, 0.100, 0.109, 0.100, 0.100, 0.100, 0.100, 0.100, 0.100, 0.201, 0.100, 0.100, 0.100, 0.100, 0.100, 0.100, 0.100, 0.100, 0.100, 0.100, 0.100, 0.148, 0.100, 0.100, 0.100, 0.100, 0.100, 0.100, 0.100]
    Layer 16: sigma=[0.100, 0.100, 0.100, 0.100, 0.100, 0.100, 0.100, 0.100, 0.100, 0.100, 0.100, 0.100, 0.100, 0.100, 0.100, 0.100, 0.100, 0.100, 0.100, 0.100, 0.100, 0.100, 0.100, 0.100, 0.100, 0.100, 0.100, 0.441, 0.100, 0.100, 0.100, 0.100]
    Layer 17: sigma=[0.100, 0.100, 0.100, 0.100, 0.100, 0.130, 0.100, 0.100, 0.100, 0.100, 0.100, 0.100, 0.100, 0.100, 0.100, 0.100, 0.140, 0.100, 0.100, 0.419, 0.100, 0.100, 0.100, 0.103, 0.143, 0.100, 0.406, 0.100, 0.100, 0.100, 0.100, 0.100]
    Layer 18: sigma=[0.100, 0.511, 0.100, 0.100, 0.100, 0.100, 0.100, 0.197, 0.100, 0.100, 0.100, 0.100, 0.100, 0.100, 0.100, 0.100, 0.144, 0.100, 0.100, 0.100, 0.100, 0.100, 0.100, 0.100, 0.100, 0.100, 0.100, 0.100, 0.100, 0.100, 0.100, 0.100]
    Layer 19: sigma=[0.100, 0.100, 0.100, 0.100, 0.100, 0.100, 0.100, 0.100, 0.100, 0.100, 0.100, 0.100, 0.127, 0.100, 0.100, 0.168, 0.100, 0.100, 0.100, 0.283, 0.100, 0.100, 0.100, 0.121, 0.100, 0.100, 0.100, 0.100, 0.100, 0.100, 0.100, 0.100]
    Layer 20: sigma=[0.100, 0.100, 0.100, 0.100, 0.100, 0.205, 0.100, 0.100, 0.138, 0.112, 0.100, 0.100, 0.100, 0.100, 0.100, 0.126, 0.100, 0.109, 0.100, 0.100, 0.100, 0.100, 0.100, 0.100, 0.100, 0.100, 0.100, 0.100, 0.100, 0.100, 0.100, 0.100]
    Layer 21: sigma=[0.100, 0.109, 0.100, 0.100, 0.100, 0.100, 0.100, 0.100, 0.100, 0.132, 0.100, 0.284, 0.100, 0.100, 0.123, 0.100, 0.100, 0.100, 0.100, 0.100, 0.100, 0.108, 0.100, 0.100, 0.138, 0.100, 0.100, 0.100, 0.100, 0.100, 0.254, 0.100]
    Layer 22: sigma=[0.164, 0.100, 0.100, 0.100, 0.123, 0.124, 0.107, 0.195, 0.100, 0.100, 0.100, 0.100, 0.100, 0.100, 0.100, 0.111, 0.100, 0.100, 0.100, 0.100, 0.100, 0.100, 0.100, 0.100, 0.100, 0.100, 0.100, 0.100, 0.100, 0.100, 0.100, 0.100]
    Layer 23: sigma=[0.183, 0.316, 0.171, 0.100, 0.100, 0.100, 0.123, 0.100, 0.100, 0.298, 0.100, 0.100, 0.100, 0.100, 0.100, 0.100, 0.100, 0.100, 0.100, 0.100, 0.100, 0.100, 0.100, 0.100, 0.100, 0.100, 0.100, 0.100, 0.100, 0.100, 0.139, 0.246]
    Layer 24: sigma=[0.100, 0.100, 0.100, 0.100, 0.100, 0.100, 0.100, 0.100, 0.100, 0.100, 0.100, 0.100, 0.100, 0.100, 0.100, 0.164, 0.100, 0.100, 0.100, 0.100, 0.100, 0.100, 0.100, 0.100, 0.188, 0.416, 0.100, 0.435, 0.100, 0.100, 0.100, 0.100]
    Layer 25: sigma=[0.100, 0.100, 0.100, 0.100, 0.100, 0.100, 0.100, 0.100, 0.100, 0.100, 0.100, 0.100, 0.100, 0.100, 0.134, 0.100, 0.100, 0.100, 0.100, 0.100, 0.100, 0.100, 0.100, 0.100, 0.100, 0.100, 0.100, 0.100, 0.100, 0.100, 0.100, 0.100]
    Layer 26: sigma=[0.168, 0.100, 0.100, 0.100, 0.100, 0.100, 0.100, 0.100, 0.100, 0.100, 0.100, 0.100, 0.100, 0.100, 0.100, 0.100, 0.100, 0.100, 0.100, 0.100, 0.100, 0.100, 0.100, 0.100, 0.100, 0.100, 0.100, 0.100, 0.100, 0.100, 0.100, 0.100]
    Layer 27: sigma=[0.100, 0.100, 0.100, 0.100, 0.100, 0.100, 0.100, 0.100, 0.100, 0.100, 0.100, 0.100, 0.100, 0.100, 0.100, 0.100, 0.100, 0.100, 0.100, 0.100, 0.100, 0.100, 0.100, 0.100, 0.100, 0.100, 0.100, 0.100, 0.100, 0.100, 0.100, 0.100]
    Layer 28: sigma=[0.100, 0.100, 0.100, 0.100, 0.100, 0.122, 0.100, 0.182, 0.100, 0.100, 0.100, 0.100, 0.100, 0.100, 0.100, 0.100, 0.100, 0.100, 0.100, 0.100, 0.100, 0.100, 0.100, 0.100, 0.100, 0.100, 0.100, 0.100, 0.100, 0.100, 0.100, 0.100]
    Layer 29: sigma=[0.100, 0.100, 0.100, 0.100, 0.100, 0.100, 0.100, 0.100, 0.100, 0.100, 0.100, 0.100, 0.100, 0.100, 0.100, 0.100, 0.100, 0.100, 0.100, 0.100, 0.100, 0.100, 0.100, 0.100, 0.100, 0.100, 0.100, 0.100, 0.100, 0.100, 0.100, 0.100]
    Layer 30: sigma=[0.100, 0.100, 0.100, 0.100, 0.100, 0.100, 0.100, 0.100, 0.100, 0.100, 0.100, 0.100, 0.100, 0.100, 0.100, 0.100, 0.100, 0.100, 0.100, 0.100, 0.100, 0.100, 0.100, 0.100, 0.100, 0.100, 0.100, 0.100, 0.100, 0.100, 0.100, 0.100]
    Layer 31: sigma=[0.100, 0.100, 0.100, 0.100, 0.100, 0.100, 0.100, 0.100, 0.100, 0.100, 0.100, 0.100, 0.100, 0.100, 0.100, 0.100, 0.100, 0.100, 0.100, 0.116, 0.100, 0.100, 0.100, 0.100, 0.100, 0.100, 0.100, 0.100, 0.100, 0.100, 0.100, 0.100]
    Layer 32: sigma=[0.100, 0.100, 0.100, 0.100, 0.100, 0.100, 0.100, 0.100, 0.100, 0.100, 0.100, 0.100, 0.100, 0.100, 0.100, 0.100, 0.100, 0.100, 0.100, 0.100, 0.100, 0.100, 0.100, 0.100, 0.100, 0.100, 0.100, 0.100, 0.100, 0.100, 0.100, 0.100]
    Layer 33: sigma=[0.100, 0.100, 0.100, 0.100, 0.100, 0.100, 0.100, 0.100, 0.100, 0.100, 0.100, 0.100, 0.100, 0.100, 0.100, 0.100, 0.100, 0.100, 0.100, 0.100, 0.100, 0.100, 0.100, 0.100, 0.100, 0.100, 0.100, 0.100, 0.100, 0.100, 0.100, 0.100]
    Layer 35: sigma=[0.100, 0.100, 0.100, 0.100, 0.180, 0.100, 0.100, 0.100, 0.100, 0.100, 0.100, 0.100, 0.100, 0.100, 0.100, 0.100, 0.100, 0.100, 0.100, 0.100, 0.100, 0.100, 0.100, 0.100, 0.100, 0.100, 0.100, 0.100, 0.100, 0.100, 0.100, 0.100]

  [Taylor Step 3/3] g_proj = v_proj * alpha (damping=0.01)...
    Layer  0: alpha=0.060432  teacher_rms=0.0163  v_rms=0.0027
    Layer  1: alpha=0.060926  teacher_rms=0.0205  v_rms=0.0034
    Layer  2: alpha=0.057120  teacher_rms=0.0214  v_rms=0.0038
    Layer  3: alpha=0.048580  teacher_rms=0.0259  v_rms=0.0053
    Layer  4: alpha=0.047411  teacher_rms=0.0304  v_rms=0.0064
    Layer  5: alpha=0.061910  teacher_rms=0.0409  v_rms=0.0066
    Layer  6: alpha=0.078348  teacher_rms=0.0621  v_rms=0.0079
    Layer  7: alpha=0.045913  teacher_rms=0.0530  v_rms=0.0115
    Layer  8: alpha=0.047117  teacher_rms=0.0708  v_rms=0.0150
    Layer  9: alpha=0.037110  teacher_rms=0.0713  v_rms=0.0192
    Layer 10: alpha=0.051225  teacher_rms=0.1092  v_rms=0.0213
    Layer 11: alpha=0.063014  teacher_rms=0.1046  v_rms=0.0166
    Layer 12: alpha=0.059830  teacher_rms=0.1207  v_rms=0.0202
    Layer 13: alpha=0.051386  teacher_rms=0.1040  v_rms=0.0202
    Layer 14: alpha=0.064976  teacher_rms=0.1547  v_rms=0.0238
    Layer 15: alpha=0.057829  teacher_rms=0.1576  v_rms=0.0273
    Layer 16: alpha=0.041462  teacher_rms=0.1473  v_rms=0.0355
    Layer 17: alpha=0.043873  teacher_rms=0.1753  v_rms=0.0400
    Layer 18: alpha=0.042910  teacher_rms=0.1990  v_rms=0.0464
    Layer 19: alpha=0.055933  teacher_rms=0.2060  v_rms=0.0368
    Layer 20: alpha=0.056364  teacher_rms=0.1966  v_rms=0.0349
    Layer 21: alpha=0.052109  teacher_rms=0.2373  v_rms=0.0455
    Layer 22: alpha=0.057473  teacher_rms=0.2834  v_rms=0.0493
    Layer 23: alpha=0.048881  teacher_rms=0.3098  v_rms=0.0634
    Layer 24: alpha=0.031361  teacher_rms=0.2897  v_rms=0.0924
    Layer 25: alpha=0.039685  teacher_rms=0.2376  v_rms=0.0599
    Layer 26: alpha=0.028427  teacher_rms=0.2124  v_rms=0.0747
    Layer 27: alpha=0.037093  teacher_rms=0.3083  v_rms=0.0831
    Layer 28: alpha=0.041319  teacher_rms=0.3705  v_rms=0.0897
    Layer 29: alpha=0.017344  teacher_rms=0.2548  v_rms=0.1469
    Layer 30: alpha=0.029045  teacher_rms=0.4297  v_rms=0.1480
    Layer 31: alpha=0.021162  teacher_rms=0.3785  v_rms=0.1788
    Layer 32: alpha=0.023899  teacher_rms=0.5288  v_rms=0.2213
    Layer 33: alpha=0.018560  teacher_rms=0.6404  v_rms=0.3451
    Layer 35: alpha=0.058348  teacher_rms=1.0168  v_rms=0.1743

  Set g_proj = v_proj * alpha in 35 GDN layers (damping=0.01).
  Init (taylor_init) done in 388.4s
  Layer 34: PPL = 226948.31  (eval 13.5s)

============================================================
  Probing layer 35 | strategy=taylor_init
============================================================
Loading checkpoint shards:   0%|          | 0/4 [00:00<?, ?it/s]Loading checkpoint shards: 100%|██████████| 4/4 [00:00<00:00, 145.85it/s]
Could not cache non-existence of file. Will ignore error and continue. Error: [Errno 13] Permission denied: '/data/shared/huggingface/hub/models--Qwen--Qwen3-8B/.no_exist/b968826d9c46dd6066d109eabc6255188de91218/model.safetensors'
Loading checkpoint shards:   0%|          | 0/5 [00:00<?, ?it/s]Loading checkpoint shards: 100%|██████████| 5/5 [00:00<00:00, 183.79it/s]
Token indices sequence length is longer than the specified maximum sequence length for this model (2429029 > 131072). Running this sequence through the model will result in indexing errors
  [Taylor Step 1/3] Gate calibration from attention stats...
    Layer  0: dist=[32, 3, 12, 35, 12, 26, 9, 11, 19, 6, 8, 9, 18, 34, 31, 10, 16, 19, 16, 14, 13, 23, 4, 12, 5, 52, 10, 43, 15, 36, 15, 14]
    Layer  1: dist=[19, 38, 25, 44, 3, 15, 31, 11, 45, 36, 65, 60, 34, 47, 51, 38, 32, 54, 57, 33, 56, 24, 40, 40, 37, 9, 44, 41, 83, 31, 37, 49]
    Layer  2: dist=[65, 65, 67, 62, 26, 45, 33, 43, 39, 47, 56, 56, 53, 46, 46, 60, 61, 49, 54, 43, 49, 67, 48, 50, 25, 24, 21, 35, 73, 73, 77, 74]
    Layer  3: dist=[65, 26, 13, 22, 87, 93, 83, 73, 56, 53, 62, 58, 90, 73, 75, 74, 59, 62, 51, 67, 74, 60, 64, 65, 64, 56, 52, 59, 70, 63, 72, 65]
    Layer  4: dist=[62, 63, 73, 67, 73, 56, 61, 89, 68, 69, 63, 60, 55, 55, 71, 61, 62, 65, 67, 70, 64, 61, 47, 64, 41, 51, 48, 34, 51, 66, 55, 55]
    Layer  5: dist=[36, 48, 55, 35, 61, 68, 52, 51, 5, 18, 73, 61, 54, 78, 59, 52, 41, 32, 50, 48, 51, 55, 48, 59, 73, 73, 80, 80, 43, 44, 46, 58]
    Layer  6: dist=[27, 40, 30, 31, 52, 46, 67, 61, 46, 25, 43, 38, 56, 64, 56, 30, 47, 34, 45, 40, 20, 30, 32, 14, 35, 50, 32, 49, 47, 43, 37, 53]
    Layer  7: dist=[55, 60, 64, 87, 126, 114, 127, 121, 88, 119, 99, 72, 108, 23, 53, 97, 80, 101, 85, 81, 106, 86, 112, 116, 64, 78, 47, 86, 97, 101, 101, 106]
    Layer  8: dist=[83, 87, 90, 58, 81, 77, 69, 78, 86, 99, 87, 90, 94, 86, 96, 70, 116, 107, 103, 96, 92, 106, 100, 111, 92, 72, 95, 67, 84, 72, 79, 74]
    Layer  9: dist=[76, 60, 61, 67, 83, 97, 96, 74, 123, 120, 118, 112, 27, 87, 63, 85, 93, 100, 114, 125, 87, 77, 60, 70, 119, 81, 91, 97, 125, 113, 127, 123]
    Layer 10: dist=[76, 71, 58, 74, 85, 102, 64, 74, 63, 88, 106, 49, 88, 67, 82, 86, 87, 102, 100, 107, 88, 60, 107, 90, 93, 107, 84, 77, 76, 65, 82, 90]
    Layer 11: dist=[78, 65, 79, 48, 53, 61, 78, 77, 102, 123, 109, 93, 82, 64, 65, 69, 69, 63, 61, 51, 77, 107, 89, 87, 67, 59, 56, 54, 95, 55, 55, 94]
    Layer 12: dist=[21, 72, 79, 61, 87, 83, 66, 70, 63, 62, 74, 77, 86, 81, 82, 87, 39, 68, 59, 94, 102, 112, 97, 103, 93, 2, 107, 38, 81, 88, 113, 91]
    Layer 13: dist=[52, 68, 66, 62, 52, 51, 65, 40, 86, 63, 99, 122, 128, 115, 109, 124, 85, 72, 57, 61, 93, 55, 83, 90, 84, 59, 72, 76, 113, 111, 96, 99]
    Layer 14: dist=[44, 64, 65, 46, 62, 45, 64, 65, 54, 57, 70, 68, 69, 76, 65, 67, 77, 86, 51, 64, 65, 31, 51, 81, 52, 67, 73, 64, 85, 88, 8, 89]
    Layer 15: dist=[80, 44, 79, 38, 37, 38, 79, 67, 90, 60, 46, 104, 68, 107, 79, 89, 61, 57, 64, 68, 58, 60, 50, 51, 49, 34, 86, 62, 72, 84, 71, 49]
    Layer 16: dist=[61, 57, 74, 85, 55, 58, 48, 55, 54, 82, 73, 84, 90, 69, 86, 86, 68, 71, 60, 62, 115, 118, 110, 103, 71, 54, 64, 10, 58, 59, 65, 56]
    Layer 17: dist=[111, 95, 79, 67, 53, 57, 39, 47, 90, 108, 79, 100, 40, 57, 71, 74, 44, 61, 61, 42, 75, 98, 93, 97, 58, 55, 57, 52, 53, 79, 93, 67]
    Layer 18: dist=[34, 45, 35, 33, 56, 78, 74, 57, 64, 67, 66, 79, 61, 60, 57, 62, 46, 74, 72, 52, 68, 47, 65, 96, 58, 62, 61, 63, 52, 53, 79, 56]
    Layer 19: dist=[73, 64, 63, 62, 76, 103, 54, 71, 81, 85, 84, 93, 63, 57, 75, 63, 84, 85, 49, 49, 21, 50, 33, 49, 102, 106, 102, 116, 77, 77, 73, 72]
    Layer 20: dist=[89, 79, 80, 77, 78, 51, 49, 57, 40, 36, 43, 39, 92, 79, 87, 96, 45, 51, 56, 39, 73, 111, 101, 98, 125, 97, 105, 85, 93, 79, 108, 108]
    Layer 21: dist=[44, 50, 56, 68, 115, 65, 96, 118, 118, 61, 71, 69, 46, 41, 44, 42, 75, 75, 83, 65, 89, 99, 95, 96, 64, 62, 60, 80, 73, 79, 60, 88]
    Layer 22: dist=[73, 60, 67, 63, 52, 72, 45, 56, 37, 49, 45, 59, 18, 86, 61, 64, 33, 79, 76, 41, 102, 115, 120, 121, 101, 84, 91, 95, 114, 92, 103, 95]
    Layer 23: dist=[39, 30, 48, 39, 110, 111, 41, 102, 79, 36, 45, 63, 75, 72, 79, 77, 82, 75, 74, 94, 72, 93, 82, 76, 78, 72, 68, 100, 91, 90, 83, 78]
    Layer 24: dist=[79, 124, 109, 101, 99, 109, 111, 97, 102, 105, 104, 84, 78, 75, 89, 74, 81, 86, 98, 88, 120, 103, 102, 117, 65, 73, 79, 51, 95, 111, 98, 88]
    Layer 25: dist=[105, 121, 118, 94, 71, 72, 107, 80, 96, 97, 85, 90, 65, 89, 50, 68, 93, 99, 97, 89, 102, 111, 105, 108, 110, 110, 99, 108, 88, 125, 98, 88]
    Layer 26: dist=[80, 88, 106, 68, 115, 113, 113, 110, 102, 107, 105, 98, 100, 124, 116, 116, 86, 93, 99, 95, 102, 113, 122, 114, 99, 97, 102, 93, 115, 96, 114, 95]
    Layer 27: dist=[87, 108, 103, 117, 98, 105, 101, 86, 77, 100, 107, 99, 78, 109, 80, 86, 96, 99, 99, 104, 91, 112, 113, 92, 110, 113, 116, 117, 107, 77, 92, 117]
    Layer 28: dist=[103, 92, 102, 102, 82, 63, 80, 76, 96, 107, 92, 89, 112, 105, 96, 101, 112, 104, 104, 108, 119, 71, 60, 89, 91, 88, 99, 99, 92, 92, 71, 95]
    Layer 29: dist=[113, 114, 114, 113, 90, 112, 94, 114, 119, 113, 122, 105, 120, 120, 119, 120, 116, 106, 115, 121, 123, 123, 107, 125, 100, 114, 97, 92, 106, 95, 106, 109]
    Layer 30: dist=[75, 102, 99, 100, 102, 100, 90, 67, 117, 117, 115, 120, 105, 104, 113, 101, 97, 78, 120, 122, 51, 120, 100, 110, 119, 119, 119, 118, 106, 110, 107, 102]
    Layer 31: dist=[119, 117, 99, 98, 112, 113, 114, 116, 114, 77, 87, 91, 117, 116, 117, 115, 101, 101, 106, 94, 119, 116, 108, 119, 112, 109, 89, 120, 112, 106, 102, 110]
    Layer 32: dist=[110, 114, 114, 111, 116, 119, 116, 117, 110, 111, 117, 115, 93, 113, 108, 91, 118, 106, 109, 111, 123, 92, 114, 120, 71, 95, 80, 105, 116, 107, 99, 103]
    Layer 33: dist=[102, 120, 112, 119, 91, 102, 57, 94, 116, 116, 113, 113, 114, 115, 113, 116, 114, 117, 106, 109, 112, 96, 110, 113, 111, 119, 122, 118, 110, 111, 107, 104]
    Layer 34: dist=[110, 109, 112, 113, 105, 111, 108, 102, 53, 93, 114, 86, 117, 115, 120, 81, 82, 89, 126, 55, 119, 51, 118, 119, 122, 122, 125, 122, 54, 62, 68, 109]

  [Taylor Step 2/3] OLS sigma per head (scaling V, streaming)...
    Layer  0: sigma=[0.614, 0.100, 0.100, 0.100, 0.332, 0.381, 0.100, 0.100, 0.100, 0.148, 0.100, 0.100, 0.100, 0.100, 0.100, 0.259, 0.100, 0.100, 0.100, 0.100, 0.100, 0.100, 0.100, 0.100, 0.100, 0.100, 0.351, 0.100, 0.100, 0.100, 0.161, 0.100]
    Layer  1: sigma=[0.349, 0.100, 0.100, 0.100, 0.100, 0.100, 0.100, 0.100, 0.100, 0.168, 0.245, 0.100, 0.100, 0.100, 0.100, 0.100, 0.100, 0.100, 0.100, 0.100, 0.100, 0.100, 0.100, 0.117, 0.100, 0.100, 0.114, 0.100, 0.100, 0.100, 0.100, 0.100]
    Layer  2: sigma=[0.100, 0.100, 0.100, 0.100, 0.100, 0.100, 0.100, 0.100, 0.108, 0.102, 0.100, 0.100, 0.100, 0.145, 0.100, 0.100, 0.100, 0.220, 0.100, 0.100, 0.100, 0.100, 0.100, 0.100, 0.100, 0.171, 0.100, 0.100, 0.100, 0.100, 0.100, 0.100]
    Layer  3: sigma=[0.100, 0.324, 0.100, 0.151, 0.100, 0.100, 0.100, 0.100, 0.100, 0.100, 0.100, 0.100, 0.100, 0.100, 0.100, 0.100, 0.100, 0.100, 0.100, 0.100, 0.100, 0.108, 0.100, 0.100, 0.100, 0.100, 0.100, 0.100, 0.100, 0.100, 0.100, 0.100]
    Layer  4: sigma=[0.100, 0.100, 0.100, 0.100, 0.100, 0.100, 0.100, 0.100, 0.100, 0.100, 0.100, 0.100, 0.100, 0.100, 0.100, 0.100, 0.100, 0.100, 0.100, 0.100, 0.132, 0.139, 0.323, 0.100, 0.100, 0.100, 0.100, 0.100, 0.100, 0.100, 0.100, 0.100]
    Layer  5: sigma=[0.100, 0.100, 0.100, 0.100, 0.100, 0.100, 0.100, 0.100, 0.100, 0.131, 0.100, 0.110, 0.100, 0.100, 0.100, 0.122, 0.100, 0.183, 0.100, 0.100, 0.100, 0.100, 0.100, 0.100, 0.100, 0.100, 0.100, 0.100, 0.100, 0.100, 0.100, 0.100]
    Layer  6: sigma=[0.100, 0.100, 0.100, 0.100, 0.100, 0.100, 0.100, 0.100, 0.100, 0.100, 0.100, 0.100, 0.100, 0.100, 0.100, 0.100, 0.100, 0.100, 0.100, 0.100, 0.153, 0.100, 0.100, 0.100, 0.100, 0.100, 0.100, 0.100, 0.100, 0.100, 0.100, 0.100]
    Layer  7: sigma=[0.100, 0.146, 0.100, 0.100, 0.113, 0.100, 0.100, 0.100, 0.100, 0.100, 0.100, 0.106, 0.100, 0.100, 0.100, 0.100, 0.100, 0.100, 0.100, 0.100, 0.100, 0.100, 0.100, 0.100, 0.100, 0.100, 0.100, 0.100, 0.100, 0.100, 0.100, 0.100]
    Layer  8: sigma=[0.100, 0.100, 0.100, 0.100, 0.100, 0.100, 0.100, 0.100, 0.100, 0.100, 0.100, 0.100, 0.100, 0.100, 0.100, 0.100, 0.100, 0.100, 0.100, 0.100, 0.100, 0.100, 0.100, 0.100, 0.100, 0.100, 0.100, 0.153, 0.100, 0.100, 0.100, 0.100]
    Layer  9: sigma=[0.100, 0.100, 0.100, 0.100, 0.100, 0.100, 0.100, 0.100, 0.100, 0.100, 0.100, 0.100, 0.100, 0.100, 0.587, 0.133, 0.100, 0.100, 0.100, 0.100, 0.100, 0.100, 0.100, 0.100, 0.100, 0.100, 0.100, 0.100, 0.100, 0.100, 0.100, 0.100]
    Layer 10: sigma=[0.100, 0.100, 0.100, 0.100, 0.100, 0.100, 0.100, 0.100, 0.100, 0.100, 0.100, 0.100, 0.100, 0.100, 0.100, 0.100, 0.100, 0.100, 0.100, 0.100, 0.100, 0.100, 0.100, 0.100, 0.100, 0.100, 0.100, 0.100, 0.100, 0.100, 0.100, 0.100]
    Layer 11: sigma=[0.100, 0.100, 0.100, 0.100, 0.145, 0.100, 0.100, 0.100, 0.100, 0.107, 0.100, 0.100, 0.100, 0.100, 0.248, 0.100, 0.100, 0.100, 0.100, 0.100, 0.100, 0.100, 0.100, 0.100, 0.100, 0.100, 0.165, 0.100, 0.100, 0.100, 0.100, 0.100]
    Layer 12: sigma=[0.100, 0.100, 0.100, 0.100, 0.100, 0.100, 0.100, 0.100, 0.100, 0.107, 0.100, 0.108, 0.100, 0.100, 0.100, 0.100, 0.100, 0.318, 0.154, 0.100, 0.100, 0.100, 0.100, 0.100, 0.100, 0.100, 0.100, 0.206, 0.100, 0.100, 0.125, 0.100]
    Layer 13: sigma=[0.234, 0.100, 0.100, 0.296, 0.100, 0.100, 0.100, 0.100, 0.100, 0.100, 0.100, 0.100, 0.100, 0.100, 0.100, 0.100, 0.100, 0.100, 0.100, 0.107, 0.100, 0.100, 0.100, 0.100, 0.100, 0.100, 0.100, 0.100, 0.100, 0.100, 0.100, 0.100]
    Layer 14: sigma=[0.100, 0.100, 0.100, 0.100, 0.100, 0.407, 0.100, 0.100, 0.100, 0.100, 0.100, 0.100, 0.100, 0.100, 0.100, 0.100, 0.100, 0.100, 0.100, 0.100, 0.100, 0.100, 0.100, 0.100, 0.116, 0.119, 0.100, 0.100, 0.100, 0.100, 0.100, 0.100]
    Layer 15: sigma=[0.100, 0.246, 0.100, 0.100, 0.100, 0.105, 0.100, 0.100, 0.100, 0.100, 0.100, 0.100, 0.205, 0.100, 0.100, 0.100, 0.100, 0.100, 0.100, 0.100, 0.100, 0.100, 0.100, 0.100, 0.140, 0.100, 0.100, 0.100, 0.100, 0.100, 0.100, 0.100]
    Layer 16: sigma=[0.100, 0.100, 0.100, 0.100, 0.100, 0.100, 0.100, 0.100, 0.100, 0.100, 0.100, 0.100, 0.100, 0.100, 0.100, 0.100, 0.100, 0.100, 0.100, 0.100, 0.100, 0.100, 0.100, 0.100, 0.100, 0.100, 0.100, 0.477, 0.100, 0.100, 0.100, 0.100]
    Layer 17: sigma=[0.100, 0.100, 0.100, 0.100, 0.100, 0.157, 0.100, 0.100, 0.100, 0.100, 0.100, 0.100, 0.100, 0.100, 0.100, 0.100, 0.150, 0.116, 0.100, 0.418, 0.100, 0.100, 0.100, 0.115, 0.132, 0.100, 0.379, 0.100, 0.100, 0.100, 0.100, 0.100]
    Layer 18: sigma=[0.100, 0.523, 0.100, 0.100, 0.100, 0.100, 0.100, 0.190, 0.100, 0.100, 0.100, 0.100, 0.100, 0.100, 0.100, 0.100, 0.124, 0.100, 0.100, 0.100, 0.100, 0.100, 0.100, 0.100, 0.100, 0.100, 0.100, 0.100, 0.100, 0.100, 0.100, 0.100]
    Layer 19: sigma=[0.100, 0.100, 0.100, 0.100, 0.100, 0.100, 0.100, 0.100, 0.100, 0.100, 0.100, 0.100, 0.142, 0.100, 0.100, 0.181, 0.100, 0.100, 0.100, 0.291, 0.100, 0.100, 0.100, 0.116, 0.100, 0.100, 0.100, 0.100, 0.100, 0.100, 0.100, 0.100]
    Layer 20: sigma=[0.100, 0.100, 0.100, 0.100, 0.100, 0.183, 0.100, 0.100, 0.165, 0.111, 0.100, 0.100, 0.100, 0.100, 0.100, 0.112, 0.100, 0.125, 0.100, 0.100, 0.100, 0.100, 0.100, 0.100, 0.100, 0.100, 0.100, 0.100, 0.100, 0.100, 0.100, 0.100]
    Layer 21: sigma=[0.100, 0.123, 0.100, 0.100, 0.100, 0.100, 0.100, 0.100, 0.100, 0.158, 0.100, 0.295, 0.100, 0.100, 0.131, 0.100, 0.100, 0.100, 0.100, 0.100, 0.100, 0.105, 0.100, 0.100, 0.200, 0.100, 0.100, 0.100, 0.100, 0.100, 0.319, 0.100]
    Layer 22: sigma=[0.135, 0.100, 0.100, 0.100, 0.130, 0.131, 0.100, 0.171, 0.100, 0.100, 0.100, 0.100, 0.100, 0.100, 0.100, 0.111, 0.100, 0.100, 0.100, 0.100, 0.100, 0.100, 0.100, 0.100, 0.100, 0.100, 0.100, 0.100, 0.100, 0.100, 0.100, 0.100]
    Layer 23: sigma=[0.168, 0.279, 0.266, 0.100, 0.100, 0.100, 0.143, 0.100, 0.100, 0.213, 0.100, 0.100, 0.100, 0.100, 0.110, 0.100, 0.100, 0.100, 0.100, 0.100, 0.100, 0.100, 0.100, 0.100, 0.100, 0.100, 0.100, 0.100, 0.100, 0.100, 0.142, 0.250]
    Layer 24: sigma=[0.100, 0.100, 0.100, 0.100, 0.100, 0.100, 0.100, 0.100, 0.100, 0.100, 0.100, 0.100, 0.100, 0.100, 0.100, 0.119, 0.100, 0.100, 0.100, 0.100, 0.100, 0.100, 0.100, 0.100, 0.238, 0.446, 0.100, 0.376, 0.100, 0.100, 0.100, 0.100]
    Layer 25: sigma=[0.100, 0.100, 0.100, 0.100, 0.100, 0.100, 0.100, 0.100, 0.100, 0.100, 0.100, 0.100, 0.100, 0.100, 0.100, 0.100, 0.100, 0.100, 0.100, 0.100, 0.100, 0.100, 0.100, 0.100, 0.100, 0.100, 0.100, 0.100, 0.100, 0.100, 0.100, 0.100]
    Layer 26: sigma=[0.100, 0.100, 0.100, 0.100, 0.100, 0.100, 0.100, 0.100, 0.100, 0.100, 0.100, 0.100, 0.100, 0.100, 0.100, 0.100, 0.100, 0.100, 0.100, 0.100, 0.100, 0.100, 0.100, 0.100, 0.100, 0.100, 0.100, 0.100, 0.100, 0.100, 0.100, 0.100]
    Layer 27: sigma=[0.100, 0.100, 0.100, 0.100, 0.100, 0.100, 0.100, 0.100, 0.100, 0.100, 0.100, 0.100, 0.100, 0.100, 0.100, 0.100, 0.100, 0.100, 0.100, 0.100, 0.100, 0.100, 0.100, 0.100, 0.100, 0.100, 0.100, 0.100, 0.100, 0.100, 0.100, 0.100]
    Layer 28: sigma=[0.100, 0.100, 0.100, 0.100, 0.100, 0.131, 0.100, 0.100, 0.100, 0.100, 0.100, 0.100, 0.100, 0.100, 0.100, 0.100, 0.100, 0.100, 0.100, 0.100, 0.100, 0.100, 0.100, 0.100, 0.100, 0.100, 0.100, 0.100, 0.100, 0.100, 0.100, 0.100]
    Layer 29: sigma=[0.100, 0.100, 0.100, 0.100, 0.100, 0.100, 0.100, 0.100, 0.100, 0.100, 0.100, 0.100, 0.100, 0.100, 0.100, 0.100, 0.100, 0.100, 0.100, 0.100, 0.100, 0.100, 0.100, 0.100, 0.100, 0.100, 0.100, 0.100, 0.100, 0.100, 0.100, 0.100]
    Layer 30: sigma=[0.100, 0.100, 0.100, 0.100, 0.100, 0.100, 0.100, 0.100, 0.100, 0.100, 0.100, 0.100, 0.100, 0.100, 0.100, 0.100, 0.100, 0.100, 0.100, 0.100, 0.113, 0.100, 0.100, 0.100, 0.100, 0.100, 0.100, 0.100, 0.100, 0.100, 0.100, 0.100]
    Layer 31: sigma=[0.100, 0.100, 0.100, 0.100, 0.100, 0.100, 0.100, 0.100, 0.100, 0.100, 0.100, 0.100, 0.100, 0.100, 0.100, 0.100, 0.100, 0.100, 0.100, 0.116, 0.100, 0.100, 0.100, 0.100, 0.100, 0.100, 0.100, 0.100, 0.100, 0.100, 0.100, 0.100]
    Layer 32: sigma=[0.100, 0.100, 0.100, 0.100, 0.100, 0.100, 0.100, 0.100, 0.100, 0.100, 0.100, 0.100, 0.100, 0.100, 0.100, 0.100, 0.100, 0.100, 0.100, 0.100, 0.100, 0.100, 0.100, 0.100, 0.100, 0.100, 0.100, 0.100, 0.100, 0.100, 0.100, 0.100]
    Layer 33: sigma=[0.100, 0.100, 0.100, 0.100, 0.100, 0.100, 0.100, 0.100, 0.100, 0.100, 0.100, 0.100, 0.100, 0.100, 0.100, 0.100, 0.100, 0.100, 0.100, 0.100, 0.100, 0.100, 0.100, 0.100, 0.100, 0.100, 0.100, 0.100, 0.100, 0.100, 0.100, 0.100]
    Layer 34: sigma=[0.100, 0.100, 0.100, 0.100, 0.100, 0.100, 0.100, 0.100, 0.100, 0.100, 0.100, 0.104, 0.100, 0.100, 0.100, 0.100, 0.100, 0.100, 0.100, 0.100, 0.100, 0.100, 0.100, 0.100, 0.100, 0.100, 0.100, 0.100, 0.100, 0.100, 0.100, 0.100]

  [Taylor Step 3/3] g_proj = v_proj * alpha (damping=0.01)...
    Layer  0: alpha=0.060455  teacher_rms=0.0163  v_rms=0.0027
    Layer  1: alpha=0.060948  teacher_rms=0.0205  v_rms=0.0034
    Layer  2: alpha=0.057033  teacher_rms=0.0214  v_rms=0.0038
    Layer  3: alpha=0.048772  teacher_rms=0.0259  v_rms=0.0053
    Layer  4: alpha=0.047207  teacher_rms=0.0304  v_rms=0.0064
    Layer  5: alpha=0.061840  teacher_rms=0.0409  v_rms=0.0066
    Layer  6: alpha=0.078427  teacher_rms=0.0621  v_rms=0.0079
    Layer  7: alpha=0.046117  teacher_rms=0.0530  v_rms=0.0115
    Layer  8: alpha=0.047985  teacher_rms=0.0708  v_rms=0.0147
    Layer  9: alpha=0.034768  teacher_rms=0.0713  v_rms=0.0205
    Layer 10: alpha=0.051225  teacher_rms=0.1092  v_rms=0.0213
    Layer 11: alpha=0.062619  teacher_rms=0.1046  v_rms=0.0167
    Layer 12: alpha=0.060414  teacher_rms=0.1207  v_rms=0.0200
    Layer 13: alpha=0.054119  teacher_rms=0.1040  v_rms=0.0192
    Layer 14: alpha=0.063979  teacher_rms=0.1547  v_rms=0.0242
    Layer 15: alpha=0.056059  teacher_rms=0.1576  v_rms=0.0281
    Layer 16: alpha=0.040416  teacher_rms=0.1473  v_rms=0.0365
    Layer 17: alpha=0.044424  teacher_rms=0.1753  v_rms=0.0395
    Layer 18: alpha=0.042469  teacher_rms=0.1990  v_rms=0.0469
    Layer 19: alpha=0.055073  teacher_rms=0.2060  v_rms=0.0374
    Layer 20: alpha=0.056816  teacher_rms=0.1966  v_rms=0.0346
    Layer 21: alpha=0.047777  teacher_rms=0.2373  v_rms=0.0497
    Layer 22: alpha=0.058518  teacher_rms=0.2834  v_rms=0.0484
    Layer 23: alpha=0.049557  teacher_rms=0.3098  v_rms=0.0625
    Layer 24: alpha=0.032341  teacher_rms=0.2897  v_rms=0.0896
    Layer 25: alpha=0.040058  teacher_rms=0.2376  v_rms=0.0593
    Layer 26: alpha=0.029256  teacher_rms=0.2124  v_rms=0.0726
    Layer 27: alpha=0.037093  teacher_rms=0.3083  v_rms=0.0831
    Layer 28: alpha=0.042367  teacher_rms=0.3705  v_rms=0.0875
    Layer 29: alpha=0.017344  teacher_rms=0.2548  v_rms=0.1469
    Layer 30: alpha=0.028961  teacher_rms=0.4297  v_rms=0.1484
    Layer 31: alpha=0.021162  teacher_rms=0.3785  v_rms=0.1788
    Layer 32: alpha=0.023899  teacher_rms=0.5288  v_rms=0.2213
    Layer 33: alpha=0.018560  teacher_rms=0.6404  v_rms=0.3451
    Layer 34: alpha=0.033168  teacher_rms=1.0325  v_rms=0.3113

  Set g_proj = v_proj * alpha in 35 GDN layers (damping=0.01).
  Init (taylor_init) done in 335.1s
  Layer 35: PPL = 144394.08  (eval 13.2s)

============================================================
  RANKING [taylor_init] (lower PPL = more important to keep)
============================================================
  # 1  Layer 35  PPL = 144394.08
  # 2  Layer 34  PPL = 226948.31
  # 3  Layer 24  PPL = 514655.34
  # 4  Layer 33  PPL = 815782.62
  # 5  Layer 26  PPL = 1028153.56
  # 6  Layer 30  PPL = 1073256.00
  # 7  Layer 29  PPL = 1377373.25
  # 8  Layer 32  PPL = 1407074.75
  # 9  Layer 27  PPL = 1683855.25
  #10  Layer 22  PPL = 2145847.75
  #11  Layer 25  PPL = 2223494.50
  #12  Layer 28  PPL = 2225516.25
  #13  Layer  0  PPL = 2842477.50
  #14  Layer 23  PPL = 3243311.75
  #15  Layer  1  PPL = 4168364.75
  #16  Layer 31  PPL = 4211435.00
  #17  Layer  5  PPL = 4508332.00
  #18  Layer 16  PPL = 5169050.00
  #19  Layer 12  PPL = 5178869.50
  #20  Layer  3  PPL = 5218910.50
  #21  Layer  2  PPL = 5297452.50
  #22  Layer  4  PPL = 6045658.50
  #23  Layer  7  PPL = 6745101.50
  #24  Layer 20  PPL = 7186939.50
  #25  Layer  8  PPL = 7475359.00
  #26  Layer  9  PPL = 8333768.50
  #27  Layer 14  PPL = 9201068.00
  #28  Layer 11  PPL = 10106071.00
  #29  Layer 15  PPL = 10559786.00
  #30  Layer  6  PPL = 10771407.00
  #31  Layer 10  PPL = 10964012.00
  #32  Layer 18  PPL = 12452369.00
  #33  Layer 21  PPL = 14550882.00
  #34  Layer 19  PPL = 15674966.00
  #35  Layer 13  PPL = 18292122.00
  #36  Layer 17  PPL = 35683592.00

  Top-27 layers (sorted): [0, 1, 2, 3, 4, 5, 7, 8, 9, 12, 14, 16, 20, 22, 23, 24, 25, 26, 27, 28, 29, 30, 31, 32, 33, 34, 35]
  keep_full_attention_layers: [0, 1, 2, 3, 4, 5, 7, 8, 9, 12, 14, 16, 20, 22, 23, 24, 25, 26, 27, 28, 29, 30, 31, 32, 33, 34, 35]

  Results saved to /home/charlie/Taylor-Distill/results/zeroshot_qwen3_8b_75pct/ga_s2/taylor_init/gpu0.json
