Strategy: taylor_distill
Teacher (FLA): /data/shared/charlie/converted_teachers/Llama-3.2-3B-Instruct
Teacher (HF):  meta-llama/Llama-3.2-3B-Instruct

============================================================
  Probing layer 0 | strategy=taylor_distill
============================================================
Loading checkpoint shards:   0%|          | 0/2 [00:00<?, ?it/s]Loading checkpoint shards: 100%|██████████| 2/2 [00:00<00:00, 125.93it/s]
/home/charlie/miniconda3/envs/taylor/lib/python3.12/site-packages/fla/layers/gated_deltanet.py:191: UserWarning: ShortConvolution is crucial to the performance. Do not turn it off, i.e., setting `use_short_conv=False` unless you know what you are doing.
  warnings.warn(
Loading checkpoint shards:   0%|          | 0/2 [00:00<?, ?it/s]Loading checkpoint shards: 100%|██████████| 2/2 [00:00<00:00, 113.69it/s]
Token indices sequence length is longer than the specified maximum sequence length for this model (2349952 > 131072). Running this sequence through the model will result in indexing errors
  [Taylor Step 1/3] Gate calibration from attention stats...
    Layer  1: dist=[37, 40, 77, 52, 50, 57, 33, 74, 40, 65, 64, 71, 45, 43, 50, 25, 28, 66, 58, 48, 61, 52, 50, 57]
    Layer  2: dist=[115, 119, 121, 102, 116, 107, 121, 117, 116, 119, 113, 101, 119, 119, 102, 122, 122, 122, 120, 120, 121, 115, 118, 113]
    Layer  3: dist=[98, 116, 112, 123, 119, 122, 105, 113, 115, 107, 117, 107, 113, 116, 114, 108, 102, 111, 111, 118, 116, 93, 96, 95]
    Layer  4: dist=[98, 112, 120, 98, 97, 92, 99, 95, 108, 107, 104, 113, 86, 106, 111, 97, 120, 105, 99, 102, 101, 118, 122, 109]
    Layer  5: dist=[114, 106, 103, 84, 90, 96, 121, 126, 112, 95, 100, 99, 72, 81, 95, 112, 99, 103, 99, 92, 96, 88, 97, 96]
    Layer  6: dist=[99, 111, 96, 87, 85, 92, 100, 96, 97, 90, 82, 87, 92, 103, 83, 77, 82, 84, 101, 100, 87, 102, 97, 95]
    Layer  7: dist=[85, 72, 99, 68, 88, 85, 65, 71, 79, 78, 96, 85, 94, 82, 84, 85, 83, 94, 88, 83, 81, 82, 87, 79]
    Layer  8: dist=[95, 73, 108, 73, 90, 76, 107, 95, 107, 78, 88, 80, 72, 84, 80, 72, 66, 74, 78, 82, 81, 79, 64, 71]
    Layer  9: dist=[63, 63, 64, 97, 102, 103, 65, 61, 74, 91, 88, 89, 85, 79, 64, 86, 77, 79, 89, 107, 98, 74, 64, 92]
    Layer 10: dist=[78, 77, 81, 94, 97, 98, 78, 72, 70, 83, 70, 101, 61, 52, 66, 85, 89, 75, 62, 65, 67, 112, 99, 87]
    Layer 11: dist=[47, 70, 52, 76, 79, 80, 80, 74, 70, 79, 72, 63, 82, 74, 93, 80, 80, 92, 68, 68, 70, 78, 69, 75]
    Layer 12: dist=[78, 75, 66, 108, 108, 89, 70, 69, 73, 81, 78, 85, 65, 94, 70, 97, 93, 71, 91, 109, 110, 52, 74, 59]
    Layer 13: dist=[84, 82, 84, 83, 80, 77, 28, 53, 47, 67, 62, 86, 84, 112, 92, 71, 100, 81, 86, 92, 84, 89, 99, 88]
    Layer 14: dist=[45, 118, 119, 67, 56, 57, 63, 56, 56, 78, 100, 104, 94, 93, 93, 85, 80, 83, 60, 74, 80, 104, 115, 77]
    Layer 15: dist=[105, 105, 89, 72, 73, 81, 97, 77, 83, 63, 76, 76, 112, 115, 100, 90, 88, 95, 104, 109, 100, 93, 97, 100]
    Layer 16: dist=[124, 98, 120, 121, 97, 122, 90, 91, 87, 103, 122, 97, 120, 115, 106, 102, 107, 103, 95, 80, 87, 93, 116, 120]
    Layer 17: dist=[109, 112, 97, 115, 114, 105, 76, 96, 88, 113, 106, 116, 117, 107, 103, 91, 110, 90, 115, 111, 119, 122, 114, 119]
    Layer 18: dist=[80, 110, 121, 119, 115, 111, 94, 90, 96, 98, 105, 99, 123, 122, 121, 118, 114, 104, 114, 106, 96, 91, 111, 105]
    Layer 19: dist=[104, 76, 85, 92, 90, 95, 91, 49, 98, 94, 101, 98, 115, 84, 121, 115, 107, 110, 105, 94, 104, 114, 118, 117]
    Layer 20: dist=[102, 117, 118, 115, 112, 112, 109, 110, 122, 112, 112, 114, 102, 100, 115, 115, 113, 118, 109, 97, 98, 103, 108, 106]
    Layer 21: dist=[109, 112, 109, 122, 124, 121, 122, 120, 121, 101, 107, 100, 114, 117, 113, 117, 115, 117, 113, 117, 108, 104, 107, 105]
    Layer 22: dist=[119, 103, 111, 119, 118, 119, 123, 124, 122, 116, 119, 118, 111, 102, 84, 113, 95, 103, 117, 121, 117, 115, 123, 117]
    Layer 23: dist=[84, 104, 85, 104, 119, 114, 108, 116, 80, 114, 108, 112, 122, 118, 79, 99, 94, 91, 121, 121, 84, 112, 115, 81]
    Layer 24: dist=[118, 114, 116, 109, 113, 110, 93, 106, 87, 100, 69, 99, 80, 107, 119, 111, 105, 110, 121, 119, 123, 98, 104, 112]
    Layer 25: dist=[112, 122, 121, 121, 119, 123, 79, 72, 69, 121, 111, 121, 117, 97, 114, 88, 106, 105, 104, 106, 101, 79, 115, 57]
    Layer 26: dist=[79, 93, 64, 108, 104, 123, 102, 71, 109, 106, 100, 108, 75, 47, 69, 105, 98, 95, 35, 72, 59, 111, 108, 102]
    Layer 27: dist=[48, 108, 82, 111, 79, 53, 89, 89, 105, 69, 100, 6, 104, 109, 95, 102, 105, 98, 84, 70, 69, 76, 91, 88]

  [Taylor Step 2/3] OLS sigma per head (scaling V)...
    Layer  1: sigma=[0.100, 0.157, 0.100, 0.100, 0.100, 0.100, 0.100, 0.100, 0.100, 0.100, 0.100, 0.100, 0.100, 0.100, 0.100, 0.100, 0.100, 0.100, 0.100, 0.151, 0.100, 0.100, 0.100, 0.100]
    Layer  2: sigma=[0.100, 0.100, 0.100, 0.100, 0.100, 0.100, 0.100, 0.100, 0.100, 0.100, 0.100, 0.100, 0.100, 0.100, 0.100, 0.100, 0.100, 0.100, 0.100, 0.100, 0.100, 0.100, 0.100, 0.100]
    Layer  3: sigma=[0.100, 0.100, 0.100, 0.100, 0.100, 0.100, 0.100, 0.100, 0.100, 0.100, 0.100, 0.100, 0.100, 0.100, 0.100, 0.100, 0.100, 0.100, 0.100, 0.100, 0.100, 0.100, 0.100, 0.100]
    Layer  4: sigma=[0.100, 0.100, 0.100, 0.100, 0.100, 0.100, 0.100, 0.100, 0.100, 0.100, 0.100, 0.100, 0.100, 0.100, 0.100, 0.100, 0.100, 0.100, 0.100, 0.100, 0.100, 0.100, 0.100, 0.100]
    Layer  5: sigma=[0.100, 0.100, 0.100, 0.100, 0.100, 0.100, 0.100, 0.100, 0.100, 0.100, 0.100, 0.100, 0.100, 0.100, 0.100, 0.100, 0.100, 0.100, 0.100, 0.106, 0.100, 0.100, 0.100, 0.100]
    Layer  6: sigma=[0.100, 0.100, 0.100, 0.100, 0.100, 0.100, 0.100, 0.100, 0.100, 0.100, 0.100, 0.100, 0.100, 0.100, 0.100, 0.100, 0.100, 0.100, 0.100, 0.100, 0.100, 0.100, 0.100, 0.100]
    Layer  7: sigma=[0.100, 0.100, 0.100, 0.100, 0.100, 0.100, 0.100, 0.100, 0.100, 0.100, 0.100, 0.100, 0.100, 0.100, 0.100, 0.100, 0.100, 0.100, 0.100, 0.100, 0.100, 0.100, 0.100, 0.100]
    Layer  8: sigma=[0.100, 0.100, 0.100, 0.100, 0.100, 0.100, 0.100, 0.100, 0.100, 0.100, 0.100, 0.100, 0.100, 0.100, 0.100, 0.100, 0.100, 0.100, 0.100, 0.100, 0.100, 0.100, 0.100, 0.100]
    Layer  9: sigma=[0.100, 0.100, 0.100, 0.100, 0.100, 0.100, 0.100, 0.100, 0.100, 0.100, 0.100, 0.100, 0.100, 0.100, 0.100, 0.100, 0.100, 0.100, 0.100, 0.100, 0.100, 0.100, 0.100, 0.103]
    Layer 10: sigma=[0.100, 0.100, 0.100, 0.100, 0.100, 0.100, 0.100, 0.100, 0.109, 0.100, 0.100, 0.100, 0.120, 0.277, 0.100, 0.100, 0.100, 0.100, 0.100, 0.100, 0.100, 0.100, 0.131, 0.100]
    Layer 11: sigma=[0.100, 0.198, 0.100, 0.100, 0.100, 0.100, 0.100, 0.100, 0.100, 0.100, 0.100, 0.100, 0.100, 0.100, 0.100, 0.100, 0.100, 0.100, 0.100, 0.100, 0.100, 0.100, 0.100, 0.100]
    Layer 12: sigma=[0.100, 0.100, 0.100, 0.100, 0.100, 0.100, 0.100, 0.100, 0.100, 0.100, 0.100, 0.100, 0.100, 0.100, 0.104, 0.100, 0.100, 0.100, 0.100, 0.100, 0.100, 0.100, 0.100, 0.100]
    Layer 13: sigma=[0.100, 0.100, 0.100, 0.100, 0.100, 0.100, 0.100, 0.337, 0.102, 0.100, 0.100, 0.100, 0.100, 0.100, 0.100, 0.100, 0.133, 0.100, 0.100, 0.100, 0.100, 0.100, 0.100, 0.100]
    Layer 14: sigma=[0.100, 0.100, 0.100, 0.100, 0.100, 0.165, 0.100, 0.100, 0.100, 0.100, 0.100, 0.100, 0.100, 0.100, 0.100, 0.100, 0.100, 0.100, 0.100, 0.100, 0.100, 0.100, 0.100, 0.100]
    Layer 15: sigma=[0.100, 0.100, 0.100, 0.100, 0.100, 0.100, 0.100, 0.100, 0.100, 0.160, 0.100, 0.100, 0.100, 0.100, 0.100, 0.100, 0.100, 0.100, 0.100, 0.100, 0.100, 0.100, 0.100, 0.100]
    Layer 16: sigma=[0.100, 0.100, 0.100, 0.100, 0.100, 0.100, 0.100, 0.100, 0.100, 0.100, 0.100, 0.100, 0.100, 0.100, 0.100, 0.100, 0.100, 0.100, 0.100, 0.100, 0.100, 0.100, 0.100, 0.100]
    Layer 17: sigma=[0.100, 0.100, 0.100, 0.100, 0.100, 0.100, 0.100, 0.100, 0.100, 0.100, 0.100, 0.100, 0.100, 0.100, 0.100, 0.100, 0.100, 0.100, 0.100, 0.100, 0.100, 0.100, 0.100, 0.100]
    Layer 18: sigma=[0.100, 0.100, 0.100, 0.100, 0.100, 0.100, 0.100, 0.111, 0.100, 0.100, 0.100, 0.100, 0.100, 0.100, 0.100, 0.100, 0.100, 0.100, 0.100, 0.100, 0.100, 0.100, 0.100, 0.100]
    Layer 19: sigma=[0.100, 0.100, 0.100, 0.100, 0.100, 0.100, 0.100, 0.192, 0.100, 0.100, 0.152, 0.100, 0.100, 0.100, 0.100, 0.100, 0.100, 0.100, 0.100, 0.100, 0.100, 0.100, 0.100, 0.100]
    Layer 20: sigma=[0.100, 0.100, 0.100, 0.100, 0.100, 0.100, 0.100, 0.100, 0.100, 0.100, 0.100, 0.100, 0.100, 0.100, 0.100, 0.100, 0.100, 0.100, 0.100, 0.100, 0.100, 0.100, 0.100, 0.100]
    Layer 21: sigma=[0.100, 0.100, 0.100, 0.100, 0.100, 0.100, 0.100, 0.100, 0.100, 0.100, 0.100, 0.100, 0.100, 0.100, 0.100, 0.100, 0.100, 0.100, 0.100, 0.100, 0.100, 0.100, 0.100, 0.100]
    Layer 22: sigma=[0.100, 0.100, 0.100, 0.100, 0.100, 0.100, 0.100, 0.100, 0.100, 0.100, 0.100, 0.100, 0.100, 0.100, 0.100, 0.100, 0.100, 0.100, 0.100, 0.100, 0.100, 0.100, 0.100, 0.100]
    Layer 23: sigma=[0.100, 0.100, 0.100, 0.101, 0.100, 0.100, 0.100, 0.100, 0.100, 0.100, 0.100, 0.100, 0.100, 0.100, 0.100, 0.100, 0.100, 0.100, 0.100, 0.100, 0.205, 0.100, 0.100, 0.100]
    Layer 24: sigma=[0.100, 0.100, 0.100, 0.100, 0.100, 0.100, 0.100, 0.100, 0.100, 0.289, 0.100, 0.100, 0.100, 0.100, 0.100, 0.100, 0.100, 0.100, 0.100, 0.100, 0.100, 0.100, 0.100, 0.100]
    Layer 25: sigma=[0.100, 0.100, 0.100, 0.100, 0.100, 0.100, 0.100, 0.100, 0.113, 0.100, 0.132, 0.100, 0.100, 0.111, 0.100, 0.100, 0.100, 0.100, 0.100, 0.100, 0.100, 0.100, 0.100, 0.100]
    Layer 26: sigma=[0.100, 0.100, 0.100, 0.100, 0.112, 0.100, 0.100, 0.100, 0.100, 0.100, 0.100, 0.100, 0.112, 0.100, 0.100, 0.100, 0.100, 0.100, 0.318, 0.100, 0.100, 0.100, 0.100, 0.100]
    Layer 27: sigma=[0.245, 0.100, 0.100, 0.100, 0.100, 0.100, 0.100, 0.100, 0.100, 0.100, 0.100, 0.100, 0.100, 0.100, 0.100, 0.100, 0.100, 0.100, 0.248, 0.100, 0.281, 0.100, 0.100, 0.100]

  [Taylor Step 3/3] g_proj = v_proj * alpha (damping=0.01)...
    Layer  1: alpha=0.058560  teacher_rms=0.0387  v_rms=0.0066
    Layer  2: alpha=0.015216  teacher_rms=0.0168  v_rms=0.0110
    Layer  3: alpha=0.017317  teacher_rms=0.0218  v_rms=0.0126
    Layer  4: alpha=0.025271  teacher_rms=0.0316  v_rms=0.0125
    Layer  5: alpha=0.034074  teacher_rms=0.0429  v_rms=0.0126
    Layer  6: alpha=0.039001  teacher_rms=0.0529  v_rms=0.0136
    Layer  7: alpha=0.047453  teacher_rms=0.0681  v_rms=0.0143
    Layer  8: alpha=0.052318  teacher_rms=0.0757  v_rms=0.0145
    Layer  9: alpha=0.048156  teacher_rms=0.0774  v_rms=0.0161
    Layer 10: alpha=0.047420  teacher_rms=0.0848  v_rms=0.0179
    Layer 11: alpha=0.049648  teacher_rms=0.0824  v_rms=0.0166
    Layer 12: alpha=0.054403  teacher_rms=0.0896  v_rms=0.0165
    Layer 13: alpha=0.046857  teacher_rms=0.0933  v_rms=0.0199
    Layer 14: alpha=0.050194  teacher_rms=0.0816  v_rms=0.0163
    Layer 15: alpha=0.040917  teacher_rms=0.0673  v_rms=0.0164
    Layer 16: alpha=0.028714  teacher_rms=0.0493  v_rms=0.0172
    Layer 17: alpha=0.024043  teacher_rms=0.0430  v_rms=0.0179
    Layer 18: alpha=0.022899  teacher_rms=0.0427  v_rms=0.0187
    Layer 19: alpha=0.033200  teacher_rms=0.0638  v_rms=0.0192
    Layer 20: alpha=0.022405  teacher_rms=0.0426  v_rms=0.0190
    Layer 21: alpha=0.019452  teacher_rms=0.0411  v_rms=0.0211
    Layer 22: alpha=0.019571  teacher_rms=0.0441  v_rms=0.0226
    Layer 23: alpha=0.032531  teacher_rms=0.0659  v_rms=0.0202
    Layer 24: alpha=0.026908  teacher_rms=0.0766  v_rms=0.0285
    Layer 25: alpha=0.033297  teacher_rms=0.0859  v_rms=0.0258
    Layer 26: alpha=0.038279  teacher_rms=0.1157  v_rms=0.0302
    Layer 27: alpha=0.044586  teacher_rms=0.1451  v_rms=0.0325

  Set g_proj = v_proj * alpha in 27 GDN layers (damping=0.01).
  Init (taylor_distill) done in 287.8s
  Layer 0: PPL = 550.06  (eval 19.5s)

============================================================
  Probing layer 1 | strategy=taylor_distill
============================================================
Loading checkpoint shards:   0%|          | 0/2 [00:00<?, ?it/s]Loading checkpoint shards: 100%|██████████| 2/2 [00:00<00:00, 128.00it/s]
/home/charlie/miniconda3/envs/taylor/lib/python3.12/site-packages/fla/layers/gated_deltanet.py:191: UserWarning: ShortConvolution is crucial to the performance. Do not turn it off, i.e., setting `use_short_conv=False` unless you know what you are doing.
  warnings.warn(
Loading checkpoint shards:   0%|          | 0/2 [00:00<?, ?it/s]Loading checkpoint shards: 100%|██████████| 2/2 [00:00<00:00, 120.07it/s]
Token indices sequence length is longer than the specified maximum sequence length for this model (2349952 > 131072). Running this sequence through the model will result in indexing errors
  [Taylor Step 1/3] Gate calibration from attention stats...
    Layer  0: dist=[22, 3, 29, 29, 23, 23, 45, 42, 35, 49, 55, 53, 51, 45, 49, 7, 57, 35, 19, 33, 21, 58, 58, 47]
    Layer  2: dist=[115, 119, 121, 102, 116, 107, 121, 117, 116, 119, 113, 101, 119, 119, 102, 122, 122, 122, 120, 120, 121, 115, 118, 113]
    Layer  3: dist=[98, 116, 112, 123, 119, 122, 105, 113, 115, 107, 117, 107, 113, 116, 114, 108, 102, 111, 111, 118, 116, 93, 96, 95]
    Layer  4: dist=[98, 112, 120, 98, 97, 92, 99, 95, 108, 107, 104, 113, 86, 106, 111, 97, 120, 105, 99, 102, 101, 118, 122, 109]
    Layer  5: dist=[114, 106, 103, 84, 90, 96, 121, 126, 112, 95, 100, 99, 72, 81, 95, 112, 99, 103, 99, 92, 96, 88, 97, 96]
    Layer  6: dist=[99, 111, 96, 87, 85, 92, 100, 96, 97, 90, 82, 87, 92, 103, 83, 77, 82, 84, 101, 100, 87, 102, 97, 95]
    Layer  7: dist=[85, 72, 99, 68, 88, 85, 65, 71, 79, 78, 96, 85, 94, 82, 84, 85, 83, 94, 88, 83, 81, 82, 87, 79]
    Layer  8: dist=[95, 73, 108, 73, 90, 76, 107, 95, 107, 78, 88, 80, 72, 84, 80, 72, 66, 74, 78, 82, 81, 79, 64, 71]
    Layer  9: dist=[63, 63, 64, 97, 102, 103, 65, 61, 74, 91, 88, 89, 85, 79, 64, 86, 77, 79, 89, 107, 98, 74, 64, 92]
    Layer 10: dist=[78, 77, 81, 94, 97, 98, 78, 72, 70, 83, 70, 101, 61, 52, 66, 85, 89, 75, 62, 65, 67, 112, 99, 87]
    Layer 11: dist=[47, 70, 52, 76, 79, 80, 80, 74, 70, 79, 72, 63, 82, 74, 93, 80, 80, 92, 68, 68, 70, 78, 69, 75]
    Layer 12: dist=[78, 75, 66, 108, 108, 89, 70, 69, 73, 81, 78, 85, 65, 94, 70, 97, 93, 71, 91, 109, 110, 52, 74, 59]
    Layer 13: dist=[84, 82, 84, 83, 80, 77, 28, 53, 47, 67, 62, 86, 84, 112, 92, 71, 100, 81, 86, 92, 84, 89, 99, 88]
    Layer 14: dist=[45, 118, 119, 67, 56, 57, 63, 56, 56, 78, 100, 104, 94, 93, 93, 85, 80, 83, 60, 74, 80, 104, 115, 77]
    Layer 15: dist=[105, 105, 89, 72, 73, 81, 97, 77, 83, 63, 76, 76, 112, 115, 100, 90, 88, 95, 104, 109, 100, 93, 97, 100]
    Layer 16: dist=[124, 98, 120, 121, 97, 122, 90, 91, 87, 103, 122, 97, 120, 115, 106, 102, 107, 103, 95, 80, 87, 93, 116, 120]
    Layer 17: dist=[109, 112, 97, 115, 114, 105, 76, 96, 88, 113, 106, 116, 117, 107, 103, 91, 110, 90, 115, 111, 119, 122, 114, 119]
    Layer 18: dist=[80, 110, 121, 119, 115, 111, 94, 90, 96, 98, 105, 99, 123, 122, 121, 118, 114, 104, 114, 106, 96, 91, 111, 105]
    Layer 19: dist=[104, 76, 85, 92, 90, 95, 91, 49, 98, 94, 101, 98, 115, 84, 121, 115, 107, 110, 105, 94, 104, 114, 118, 117]
    Layer 20: dist=[102, 117, 118, 115, 112, 112, 109, 110, 122, 112, 112, 114, 102, 100, 115, 115, 113, 118, 109, 97, 98, 103, 108, 106]
    Layer 21: dist=[109, 112, 109, 122, 124, 121, 122, 120, 121, 101, 107, 100, 114, 117, 113, 117, 115, 117, 113, 117, 108, 104, 107, 105]
    Layer 22: dist=[119, 103, 111, 119, 118, 119, 123, 124, 122, 116, 119, 118, 111, 102, 84, 113, 95, 103, 117, 121, 117, 115, 123, 117]
    Layer 23: dist=[84, 104, 85, 104, 119, 114, 108, 116, 80, 114, 108, 112, 122, 118, 79, 99, 94, 91, 121, 121, 84, 112, 115, 81]
    Layer 24: dist=[118, 114, 116, 109, 113, 110, 93, 106, 87, 100, 69, 99, 80, 107, 119, 111, 105, 110, 121, 119, 123, 98, 104, 112]
    Layer 25: dist=[112, 122, 121, 121, 119, 123, 79, 72, 69, 121, 111, 121, 117, 97, 114, 88, 106, 105, 104, 106, 101, 79, 115, 57]
    Layer 26: dist=[79, 93, 64, 108, 104, 123, 102, 71, 109, 106, 100, 108, 75, 47, 69, 105, 98, 95, 35, 72, 59, 111, 108, 102]
    Layer 27: dist=[48, 108, 82, 111, 79, 53, 89, 89, 105, 69, 100, 6, 104, 109, 95, 102, 105, 98, 84, 70, 69, 76, 91, 88]

  [Taylor Step 2/3] OLS sigma per head (scaling V)...
    Layer  0: sigma=[0.140, 0.129, 0.137, 0.100, 0.100, 0.100, 0.100, 0.100, 0.100, 0.100, 0.100, 0.100, 0.100, 0.100, 0.100, 0.100, 0.100, 0.100, 0.100, 0.100, 0.100, 0.110, 0.100, 0.100]
    Layer  2: sigma=[0.100, 0.100, 0.100, 0.100, 0.100, 0.100, 0.100, 0.100, 0.100, 0.100, 0.100, 0.100, 0.100, 0.100, 0.100, 0.100, 0.100, 0.100, 0.100, 0.100, 0.100, 0.100, 0.100, 0.100]
    Layer  3: sigma=[0.100, 0.100, 0.100, 0.100, 0.100, 0.100, 0.100, 0.100, 0.100, 0.100, 0.100, 0.100, 0.100, 0.100, 0.100, 0.100, 0.100, 0.100, 0.100, 0.100, 0.100, 0.100, 0.100, 0.100]
    Layer  4: sigma=[0.100, 0.100, 0.100, 0.100, 0.100, 0.100, 0.100, 0.100, 0.100, 0.100, 0.100, 0.100, 0.100, 0.100, 0.100, 0.100, 0.100, 0.100, 0.100, 0.100, 0.100, 0.100, 0.100, 0.100]
    Layer  5: sigma=[0.100, 0.100, 0.100, 0.100, 0.100, 0.100, 0.100, 0.100, 0.100, 0.100, 0.100, 0.100, 0.100, 0.100, 0.100, 0.100, 0.100, 0.100, 0.100, 0.108, 0.100, 0.100, 0.100, 0.100]
    Layer  6: sigma=[0.100, 0.100, 0.100, 0.100, 0.100, 0.100, 0.100, 0.100, 0.100, 0.100, 0.100, 0.100, 0.100, 0.100, 0.100, 0.100, 0.100, 0.100, 0.100, 0.100, 0.100, 0.100, 0.100, 0.100]
    Layer  7: sigma=[0.100, 0.100, 0.100, 0.100, 0.100, 0.100, 0.100, 0.100, 0.100, 0.100, 0.100, 0.100, 0.100, 0.100, 0.100, 0.100, 0.100, 0.100, 0.100, 0.100, 0.100, 0.100, 0.100, 0.100]
    Layer  8: sigma=[0.100, 0.100, 0.100, 0.100, 0.100, 0.100, 0.100, 0.100, 0.100, 0.100, 0.100, 0.100, 0.100, 0.100, 0.100, 0.100, 0.100, 0.100, 0.100, 0.100, 0.100, 0.100, 0.100, 0.100]
    Layer  9: sigma=[0.100, 0.100, 0.100, 0.100, 0.100, 0.100, 0.100, 0.100, 0.100, 0.100, 0.100, 0.100, 0.100, 0.100, 0.100, 0.100, 0.100, 0.100, 0.100, 0.100, 0.100, 0.100, 0.100, 0.105]
    Layer 10: sigma=[0.100, 0.100, 0.100, 0.100, 0.100, 0.100, 0.100, 0.100, 0.110, 0.100, 0.100, 0.100, 0.128, 0.281, 0.100, 0.100, 0.100, 0.100, 0.100, 0.100, 0.100, 0.100, 0.135, 0.100]
    Layer 11: sigma=[0.100, 0.168, 0.100, 0.100, 0.100, 0.100, 0.100, 0.100, 0.100, 0.100, 0.100, 0.100, 0.100, 0.100, 0.100, 0.100, 0.100, 0.100, 0.100, 0.100, 0.100, 0.100, 0.100, 0.100]
    Layer 12: sigma=[0.100, 0.100, 0.100, 0.100, 0.100, 0.100, 0.100, 0.100, 0.100, 0.100, 0.100, 0.100, 0.100, 0.100, 0.114, 0.100, 0.100, 0.100, 0.100, 0.100, 0.100, 0.100, 0.100, 0.100]
    Layer 13: sigma=[0.100, 0.100, 0.100, 0.100, 0.100, 0.100, 0.100, 0.337, 0.125, 0.100, 0.100, 0.100, 0.100, 0.100, 0.100, 0.100, 0.132, 0.100, 0.100, 0.100, 0.100, 0.100, 0.100, 0.100]
    Layer 14: sigma=[0.100, 0.100, 0.100, 0.100, 0.100, 0.187, 0.100, 0.100, 0.100, 0.100, 0.100, 0.100, 0.100, 0.100, 0.100, 0.100, 0.100, 0.100, 0.100, 0.100, 0.100, 0.100, 0.100, 0.100]
    Layer 15: sigma=[0.100, 0.100, 0.100, 0.100, 0.100, 0.100, 0.100, 0.100, 0.100, 0.168, 0.100, 0.100, 0.100, 0.100, 0.100, 0.100, 0.100, 0.100, 0.100, 0.100, 0.100, 0.100, 0.100, 0.100]
    Layer 16: sigma=[0.100, 0.100, 0.100, 0.100, 0.100, 0.100, 0.100, 0.100, 0.100, 0.100, 0.100, 0.100, 0.100, 0.100, 0.100, 0.100, 0.100, 0.100, 0.100, 0.100, 0.100, 0.100, 0.100, 0.100]
    Layer 17: sigma=[0.100, 0.100, 0.100, 0.100, 0.100, 0.100, 0.100, 0.100, 0.100, 0.100, 0.100, 0.100, 0.100, 0.100, 0.100, 0.100, 0.100, 0.100, 0.100, 0.100, 0.100, 0.100, 0.100, 0.100]
    Layer 18: sigma=[0.100, 0.100, 0.100, 0.100, 0.100, 0.100, 0.100, 0.100, 0.100, 0.100, 0.100, 0.100, 0.100, 0.100, 0.100, 0.100, 0.100, 0.100, 0.100, 0.100, 0.100, 0.100, 0.100, 0.100]
    Layer 19: sigma=[0.100, 0.100, 0.100, 0.100, 0.100, 0.100, 0.100, 0.200, 0.100, 0.100, 0.157, 0.100, 0.100, 0.100, 0.100, 0.100, 0.100, 0.100, 0.100, 0.100, 0.100, 0.100, 0.100, 0.100]
    Layer 20: sigma=[0.100, 0.100, 0.100, 0.100, 0.100, 0.100, 0.100, 0.100, 0.100, 0.100, 0.100, 0.100, 0.100, 0.100, 0.100, 0.100, 0.100, 0.100, 0.100, 0.100, 0.100, 0.100, 0.100, 0.100]
    Layer 21: sigma=[0.100, 0.100, 0.100, 0.100, 0.100, 0.100, 0.100, 0.100, 0.100, 0.100, 0.100, 0.100, 0.100, 0.100, 0.100, 0.100, 0.100, 0.100, 0.100, 0.100, 0.100, 0.100, 0.100, 0.100]
    Layer 22: sigma=[0.100, 0.100, 0.100, 0.100, 0.100, 0.100, 0.100, 0.100, 0.100, 0.100, 0.100, 0.100, 0.100, 0.100, 0.100, 0.100, 0.100, 0.100, 0.100, 0.100, 0.100, 0.100, 0.100, 0.100]
    Layer 23: sigma=[0.100, 0.100, 0.100, 0.105, 0.100, 0.100, 0.100, 0.100, 0.100, 0.100, 0.100, 0.100, 0.100, 0.100, 0.100, 0.100, 0.100, 0.100, 0.100, 0.100, 0.200, 0.100, 0.100, 0.100]
    Layer 24: sigma=[0.100, 0.100, 0.100, 0.100, 0.100, 0.100, 0.100, 0.100, 0.100, 0.267, 0.100, 0.100, 0.100, 0.100, 0.100, 0.100, 0.100, 0.100, 0.100, 0.100, 0.100, 0.100, 0.100, 0.100]
    Layer 25: sigma=[0.100, 0.100, 0.100, 0.100, 0.100, 0.100, 0.100, 0.100, 0.116, 0.100, 0.112, 0.100, 0.100, 0.112, 0.100, 0.100, 0.100, 0.100, 0.100, 0.100, 0.100, 0.100, 0.100, 0.100]
    Layer 26: sigma=[0.100, 0.100, 0.100, 0.100, 0.103, 0.100, 0.100, 0.100, 0.100, 0.100, 0.100, 0.100, 0.135, 0.100, 0.100, 0.100, 0.100, 0.100, 0.302, 0.100, 0.100, 0.100, 0.100, 0.100]
    Layer 27: sigma=[0.301, 0.100, 0.100, 0.100, 0.100, 0.100, 0.100, 0.100, 0.100, 0.100, 0.100, 0.100, 0.100, 0.100, 0.100, 0.100, 0.100, 0.100, 0.235, 0.100, 0.344, 0.100, 0.100, 0.100]

  [Taylor Step 3/3] g_proj = v_proj * alpha (damping=0.01)...
    Layer  0: alpha=0.056467  teacher_rms=0.0170  v_rms=0.0030
    Layer  2: alpha=0.015216  teacher_rms=0.0168  v_rms=0.0110
    Layer  3: alpha=0.017317  teacher_rms=0.0218  v_rms=0.0126
    Layer  4: alpha=0.025271  teacher_rms=0.0316  v_rms=0.0125
    Layer  5: alpha=0.034053  teacher_rms=0.0429  v_rms=0.0126
    Layer  6: alpha=0.039001  teacher_rms=0.0529  v_rms=0.0136
    Layer  7: alpha=0.047453  teacher_rms=0.0681  v_rms=0.0143
    Layer  8: alpha=0.052318  teacher_rms=0.0757  v_rms=0.0145
    Layer  9: alpha=0.048107  teacher_rms=0.0774  v_rms=0.0161
    Layer 10: alpha=0.047105  teacher_rms=0.0848  v_rms=0.0180
    Layer 11: alpha=0.050548  teacher_rms=0.0824  v_rms=0.0163
    Layer 12: alpha=0.054151  teacher_rms=0.0896  v_rms=0.0166
    Layer 13: alpha=0.046372  teacher_rms=0.0933  v_rms=0.0201
    Layer 14: alpha=0.049571  teacher_rms=0.0816  v_rms=0.0165
    Layer 15: alpha=0.040722  teacher_rms=0.0673  v_rms=0.0165
    Layer 16: alpha=0.028714  teacher_rms=0.0493  v_rms=0.0172
    Layer 17: alpha=0.024043  teacher_rms=0.0430  v_rms=0.0179
    Layer 18: alpha=0.022965  teacher_rms=0.0427  v_rms=0.0186
    Layer 19: alpha=0.032971  teacher_rms=0.0638  v_rms=0.0193
    Layer 20: alpha=0.022405  teacher_rms=0.0426  v_rms=0.0190
    Layer 21: alpha=0.019452  teacher_rms=0.0411  v_rms=0.0211
    Layer 22: alpha=0.019571  teacher_rms=0.0441  v_rms=0.0226
    Layer 23: alpha=0.032585  teacher_rms=0.0659  v_rms=0.0202
    Layer 24: alpha=0.027341  teacher_rms=0.0766  v_rms=0.0280
    Layer 25: alpha=0.033696  teacher_rms=0.0859  v_rms=0.0255
    Layer 26: alpha=0.038686  teacher_rms=0.1157  v_rms=0.0299
    Layer 27: alpha=0.041449  teacher_rms=0.1451  v_rms=0.0350

  Set g_proj = v_proj * alpha in 27 GDN layers (damping=0.01).
  Init (taylor_distill) done in 191.6s
  Layer 1: PPL = 498.09  (eval 10.2s)

============================================================
  Probing layer 2 | strategy=taylor_distill
============================================================
Loading checkpoint shards:   0%|          | 0/2 [00:00<?, ?it/s]Loading checkpoint shards: 100%|██████████| 2/2 [00:00<00:00, 121.74it/s]
Loading checkpoint shards:   0%|          | 0/2 [00:00<?, ?it/s]Loading checkpoint shards: 100%|██████████| 2/2 [00:00<00:00, 119.29it/s]
Token indices sequence length is longer than the specified maximum sequence length for this model (2349952 > 131072). Running this sequence through the model will result in indexing errors
  [Taylor Step 1/3] Gate calibration from attention stats...
    Layer  0: dist=[22, 3, 29, 29, 23, 23, 45, 42, 35, 49, 55, 53, 51, 45, 49, 7, 57, 35, 19, 33, 21, 58, 58, 47]
    Layer  1: dist=[37, 40, 77, 52, 50, 57, 33, 74, 40, 65, 64, 71, 45, 43, 50, 25, 28, 66, 58, 48, 61, 52, 50, 57]
    Layer  3: dist=[98, 116, 112, 123, 119, 122, 105, 113, 115, 107, 117, 107, 113, 116, 114, 108, 102, 111, 111, 118, 116, 93, 96, 95]
    Layer  4: dist=[98, 112, 120, 98, 97, 92, 99, 95, 108, 107, 104, 113, 86, 106, 111, 97, 120, 105, 99, 102, 101, 118, 122, 109]
    Layer  5: dist=[114, 106, 103, 84, 90, 96, 121, 126, 112, 95, 100, 99, 72, 81, 95, 112, 99, 103, 99, 92, 96, 88, 97, 96]
    Layer  6: dist=[99, 111, 96, 87, 85, 92, 100, 96, 97, 90, 82, 87, 92, 103, 83, 77, 82, 84, 101, 100, 87, 102, 97, 95]
    Layer  7: dist=[85, 72, 99, 68, 88, 85, 65, 71, 79, 78, 96, 85, 94, 82, 84, 85, 83, 94, 88, 83, 81, 82, 87, 79]
    Layer  8: dist=[95, 73, 108, 73, 90, 76, 107, 95, 107, 78, 88, 80, 72, 84, 80, 72, 66, 74, 78, 82, 81, 79, 64, 71]
    Layer  9: dist=[63, 63, 64, 97, 102, 103, 65, 61, 74, 91, 88, 89, 85, 79, 64, 86, 77, 79, 89, 107, 98, 74, 64, 92]
    Layer 10: dist=[78, 77, 81, 94, 97, 98, 78, 72, 70, 83, 70, 101, 61, 52, 66, 85, 89, 75, 62, 65, 67, 112, 99, 87]
    Layer 11: dist=[47, 70, 52, 76, 79, 80, 80, 74, 70, 79, 72, 63, 82, 74, 93, 80, 80, 92, 68, 68, 70, 78, 69, 75]
    Layer 12: dist=[78, 75, 66, 108, 108, 89, 70, 69, 73, 81, 78, 85, 65, 94, 70, 97, 93, 71, 91, 109, 110, 52, 74, 59]
    Layer 13: dist=[84, 82, 84, 83, 80, 77, 28, 53, 47, 67, 62, 86, 84, 112, 92, 71, 100, 81, 86, 92, 84, 89, 99, 88]
    Layer 14: dist=[45, 118, 119, 67, 56, 57, 63, 56, 56, 78, 100, 104, 94, 93, 93, 85, 80, 83, 60, 74, 80, 104, 115, 77]
    Layer 15: dist=[105, 105, 89, 72, 73, 81, 97, 77, 83, 63, 76, 76, 112, 115, 100, 90, 88, 95, 104, 109, 100, 93, 97, 100]
    Layer 16: dist=[124, 98, 120, 121, 97, 122, 90, 91, 87, 103, 122, 97, 120, 115, 106, 102, 107, 103, 95, 80, 87, 93, 116, 120]
    Layer 17: dist=[109, 112, 97, 115, 114, 105, 76, 96, 88, 113, 106, 116, 117, 107, 103, 91, 110, 90, 115, 111, 119, 122, 114, 119]
    Layer 18: dist=[80, 110, 121, 119, 115, 111, 94, 90, 96, 98, 105, 99, 123, 122, 121, 118, 114, 104, 114, 106, 96, 91, 111, 105]
    Layer 19: dist=[104, 76, 85, 92, 90, 95, 91, 49, 98, 94, 101, 98, 115, 84, 121, 115, 107, 110, 105, 94, 104, 114, 118, 117]
    Layer 20: dist=[102, 117, 118, 115, 112, 112, 109, 110, 122, 112, 112, 114, 102, 100, 115, 115, 113, 118, 109, 97, 98, 103, 108, 106]
    Layer 21: dist=[109, 112, 109, 122, 124, 121, 122, 120, 121, 101, 107, 100, 114, 117, 113, 117, 115, 117, 113, 117, 108, 104, 107, 105]
    Layer 22: dist=[119, 103, 111, 119, 118, 119, 123, 124, 122, 116, 119, 118, 111, 102, 84, 113, 95, 103, 117, 121, 117, 115, 123, 117]
    Layer 23: dist=[84, 104, 85, 104, 119, 114, 108, 116, 80, 114, 108, 112, 122, 118, 79, 99, 94, 91, 121, 121, 84, 112, 115, 81]
    Layer 24: dist=[118, 114, 116, 109, 113, 110, 93, 106, 87, 100, 69, 99, 80, 107, 119, 111, 105, 110, 121, 119, 123, 98, 104, 112]
    Layer 25: dist=[112, 122, 121, 121, 119, 123, 79, 72, 69, 121, 111, 121, 117, 97, 114, 88, 106, 105, 104, 106, 101, 79, 115, 57]
    Layer 26: dist=[79, 93, 64, 108, 104, 123, 102, 71, 109, 106, 100, 108, 75, 47, 69, 105, 98, 95, 35, 72, 59, 111, 108, 102]
    Layer 27: dist=[48, 108, 82, 111, 79, 53, 89, 89, 105, 69, 100, 6, 104, 109, 95, 102, 105, 98, 84, 70, 69, 76, 91, 88]

  [Taylor Step 2/3] OLS sigma per head (scaling V)...
    Layer  0: sigma=[0.142, 0.146, 0.139, 0.100, 0.100, 0.100, 0.100, 0.100, 0.100, 0.100, 0.100, 0.100, 0.100, 0.100, 0.100, 0.100, 0.100, 0.100, 0.100, 0.100, 0.100, 0.109, 0.100, 0.100]
    Layer  1: sigma=[0.100, 0.177, 0.100, 0.100, 0.100, 0.100, 0.100, 0.100, 0.100, 0.100, 0.100, 0.100, 0.100, 0.100, 0.100, 0.100, 0.100, 0.100, 0.100, 0.147, 0.100, 0.100, 0.100, 0.100]
    Layer  3: sigma=[0.100, 0.100, 0.100, 0.100, 0.100, 0.100, 0.100, 0.100, 0.100, 0.100, 0.100, 0.100, 0.100, 0.100, 0.100, 0.100, 0.100, 0.100, 0.100, 0.100, 0.100, 0.100, 0.100, 0.100]
    Layer  4: sigma=[0.100, 0.100, 0.100, 0.100, 0.100, 0.100, 0.100, 0.100, 0.100, 0.100, 0.100, 0.100, 0.100, 0.100, 0.100, 0.100, 0.100, 0.100, 0.100, 0.100, 0.100, 0.100, 0.100, 0.100]
    Layer  5: sigma=[0.100, 0.100, 0.100, 0.100, 0.100, 0.100, 0.100, 0.100, 0.100, 0.100, 0.100, 0.100, 0.100, 0.100, 0.100, 0.100, 0.100, 0.100, 0.100, 0.105, 0.100, 0.100, 0.100, 0.100]
    Layer  6: sigma=[0.100, 0.100, 0.100, 0.100, 0.100, 0.100, 0.100, 0.100, 0.100, 0.100, 0.100, 0.100, 0.100, 0.100, 0.100, 0.100, 0.100, 0.100, 0.100, 0.100, 0.100, 0.100, 0.100, 0.100]
    Layer  7: sigma=[0.100, 0.100, 0.100, 0.100, 0.100, 0.100, 0.100, 0.100, 0.100, 0.100, 0.100, 0.100, 0.100, 0.100, 0.100, 0.100, 0.100, 0.100, 0.100, 0.100, 0.100, 0.100, 0.100, 0.100]
    Layer  8: sigma=[0.100, 0.100, 0.100, 0.100, 0.100, 0.100, 0.100, 0.100, 0.100, 0.100, 0.100, 0.100, 0.100, 0.100, 0.100, 0.100, 0.100, 0.100, 0.100, 0.100, 0.100, 0.100, 0.100, 0.100]
    Layer  9: sigma=[0.100, 0.100, 0.100, 0.100, 0.100, 0.100, 0.100, 0.100, 0.100, 0.100, 0.100, 0.100, 0.100, 0.100, 0.100, 0.100, 0.100, 0.100, 0.100, 0.100, 0.100, 0.100, 0.100, 0.111]
    Layer 10: sigma=[0.100, 0.100, 0.100, 0.100, 0.100, 0.100, 0.100, 0.100, 0.111, 0.100, 0.100, 0.100, 0.127, 0.276, 0.100, 0.100, 0.100, 0.100, 0.100, 0.100, 0.100, 0.100, 0.132, 0.100]
    Layer 11: sigma=[0.100, 0.204, 0.100, 0.100, 0.100, 0.100, 0.100, 0.100, 0.100, 0.100, 0.100, 0.100, 0.100, 0.100, 0.100, 0.100, 0.100, 0.100, 0.100, 0.100, 0.100, 0.100, 0.100, 0.100]
    Layer 12: sigma=[0.100, 0.100, 0.100, 0.100, 0.100, 0.100, 0.100, 0.100, 0.100, 0.100, 0.100, 0.100, 0.100, 0.100, 0.106, 0.100, 0.100, 0.100, 0.100, 0.100, 0.100, 0.100, 0.100, 0.100]
    Layer 13: sigma=[0.100, 0.100, 0.100, 0.100, 0.100, 0.100, 0.100, 0.341, 0.115, 0.100, 0.100, 0.100, 0.100, 0.100, 0.100, 0.100, 0.134, 0.100, 0.100, 0.100, 0.100, 0.100, 0.100, 0.100]
    Layer 14: sigma=[0.100, 0.100, 0.100, 0.100, 0.100, 0.226, 0.100, 0.100, 0.100, 0.100, 0.100, 0.100, 0.100, 0.100, 0.100, 0.100, 0.100, 0.100, 0.100, 0.100, 0.100, 0.100, 0.100, 0.100]
    Layer 15: sigma=[0.100, 0.100, 0.100, 0.100, 0.100, 0.100, 0.100, 0.100, 0.100, 0.158, 0.100, 0.100, 0.100, 0.100, 0.100, 0.100, 0.100, 0.100, 0.100, 0.100, 0.100, 0.100, 0.100, 0.100]
    Layer 16: sigma=[0.100, 0.100, 0.100, 0.100, 0.100, 0.100, 0.100, 0.100, 0.100, 0.100, 0.100, 0.100, 0.100, 0.100, 0.100, 0.100, 0.100, 0.100, 0.100, 0.100, 0.100, 0.100, 0.100, 0.100]
    Layer 17: sigma=[0.100, 0.100, 0.100, 0.100, 0.100, 0.100, 0.100, 0.100, 0.100, 0.100, 0.100, 0.100, 0.100, 0.100, 0.100, 0.100, 0.100, 0.100, 0.100, 0.100, 0.100, 0.100, 0.100, 0.100]
    Layer 18: sigma=[0.100, 0.100, 0.100, 0.100, 0.100, 0.100, 0.100, 0.100, 0.100, 0.100, 0.100, 0.100, 0.100, 0.100, 0.100, 0.100, 0.100, 0.100, 0.100, 0.100, 0.100, 0.100, 0.100, 0.100]
    Layer 19: sigma=[0.100, 0.100, 0.100, 0.100, 0.100, 0.100, 0.100, 0.170, 0.100, 0.100, 0.143, 0.100, 0.100, 0.100, 0.100, 0.100, 0.100, 0.100, 0.100, 0.100, 0.100, 0.100, 0.100, 0.100]
    Layer 20: sigma=[0.100, 0.100, 0.100, 0.100, 0.100, 0.100, 0.100, 0.100, 0.100, 0.100, 0.100, 0.100, 0.100, 0.100, 0.100, 0.100, 0.100, 0.100, 0.100, 0.100, 0.100, 0.100, 0.100, 0.100]
    Layer 21: sigma=[0.100, 0.100, 0.100, 0.100, 0.100, 0.100, 0.100, 0.100, 0.100, 0.100, 0.100, 0.100, 0.100, 0.100, 0.100, 0.100, 0.100, 0.100, 0.100, 0.100, 0.100, 0.100, 0.100, 0.100]
    Layer 22: sigma=[0.100, 0.100, 0.100, 0.100, 0.100, 0.100, 0.100, 0.100, 0.100, 0.100, 0.100, 0.100, 0.100, 0.100, 0.100, 0.100, 0.100, 0.100, 0.100, 0.100, 0.100, 0.100, 0.100, 0.100]
    Layer 23: sigma=[0.100, 0.100, 0.100, 0.108, 0.100, 0.100, 0.100, 0.100, 0.100, 0.100, 0.100, 0.100, 0.100, 0.100, 0.100, 0.100, 0.100, 0.100, 0.100, 0.100, 0.196, 0.100, 0.100, 0.100]
    Layer 24: sigma=[0.100, 0.100, 0.100, 0.100, 0.100, 0.100, 0.100, 0.100, 0.100, 0.278, 0.100, 0.100, 0.100, 0.100, 0.100, 0.100, 0.100, 0.100, 0.100, 0.100, 0.100, 0.100, 0.100, 0.100]
    Layer 25: sigma=[0.100, 0.100, 0.100, 0.100, 0.100, 0.100, 0.100, 0.100, 0.100, 0.100, 0.122, 0.100, 0.100, 0.118, 0.100, 0.100, 0.100, 0.100, 0.100, 0.100, 0.100, 0.100, 0.100, 0.100]
    Layer 26: sigma=[0.100, 0.100, 0.100, 0.100, 0.100, 0.100, 0.100, 0.100, 0.100, 0.100, 0.100, 0.100, 0.100, 0.100, 0.100, 0.100, 0.100, 0.100, 0.296, 0.100, 0.100, 0.100, 0.100, 0.100]
    Layer 27: sigma=[0.316, 0.100, 0.100, 0.100, 0.100, 0.100, 0.100, 0.100, 0.100, 0.100, 0.100, 0.100, 0.100, 0.100, 0.100, 0.100, 0.100, 0.100, 0.281, 0.100, 0.287, 0.100, 0.100, 0.100]

  [Taylor Step 3/3] g_proj = v_proj * alpha (damping=0.01)...
    Layer  0: alpha=0.055988  teacher_rms=0.0170  v_rms=0.0030
    Layer  1: alpha=0.057928  teacher_rms=0.0387  v_rms=0.0067
    Layer  3: alpha=0.017317  teacher_rms=0.0218  v_rms=0.0126
    Layer  4: alpha=0.025271  teacher_rms=0.0316  v_rms=0.0125
    Layer  5: alpha=0.034093  teacher_rms=0.0429  v_rms=0.0126
    Layer  6: alpha=0.039001  teacher_rms=0.0529  v_rms=0.0136
    Layer  7: alpha=0.047453  teacher_rms=0.0681  v_rms=0.0143
    Layer  8: alpha=0.052318  teacher_rms=0.0757  v_rms=0.0145
    Layer  9: alpha=0.047991  teacher_rms=0.0774  v_rms=0.0161
    Layer 10: alpha=0.047330  teacher_rms=0.0848  v_rms=0.0179
    Layer 11: alpha=0.049469  teacher_rms=0.0824  v_rms=0.0167
    Layer 12: alpha=0.054355  teacher_rms=0.0896  v_rms=0.0165
    Layer 13: alpha=0.046400  teacher_rms=0.0933  v_rms=0.0201
    Layer 14: alpha=0.048323  teacher_rms=0.0816  v_rms=0.0169
    Layer 15: alpha=0.040974  teacher_rms=0.0673  v_rms=0.0164
    Layer 16: alpha=0.028714  teacher_rms=0.0493  v_rms=0.0172
    Layer 17: alpha=0.024043  teacher_rms=0.0430  v_rms=0.0179
    Layer 18: alpha=0.022965  teacher_rms=0.0427  v_rms=0.0186
    Layer 19: alpha=0.033708  teacher_rms=0.0638  v_rms=0.0189
    Layer 20: alpha=0.022405  teacher_rms=0.0426  v_rms=0.0190
    Layer 21: alpha=0.019452  teacher_rms=0.0411  v_rms=0.0211
    Layer 22: alpha=0.019571  teacher_rms=0.0441  v_rms=0.0226
    Layer 23: alpha=0.032619  teacher_rms=0.0659  v_rms=0.0202
    Layer 24: alpha=0.027125  teacher_rms=0.0766  v_rms=0.0282
    Layer 25: alpha=0.033508  teacher_rms=0.0859  v_rms=0.0256
    Layer 26: alpha=0.039270  teacher_rms=0.1157  v_rms=0.0295
    Layer 27: alpha=0.041474  teacher_rms=0.1451  v_rms=0.0350

  Set g_proj = v_proj * alpha in 27 GDN layers (damping=0.01).
  Init (taylor_distill) done in 192.2s
  Layer 2: PPL = 614.68  (eval 9.8s)

============================================================
  Probing layer 3 | strategy=taylor_distill
============================================================
Loading checkpoint shards:   0%|          | 0/2 [00:00<?, ?it/s]Loading checkpoint shards: 100%|██████████| 2/2 [00:00<00:00, 126.08it/s]
Loading checkpoint shards:   0%|          | 0/2 [00:00<?, ?it/s]Loading checkpoint shards: 100%|██████████| 2/2 [00:00<00:00, 52.08it/s]
Token indices sequence length is longer than the specified maximum sequence length for this model (2349952 > 131072). Running this sequence through the model will result in indexing errors
  [Taylor Step 1/3] Gate calibration from attention stats...
    Layer  0: dist=[22, 3, 29, 29, 23, 23, 45, 42, 35, 49, 55, 53, 51, 45, 49, 7, 57, 35, 19, 33, 21, 58, 58, 47]
    Layer  1: dist=[37, 40, 77, 52, 50, 57, 33, 74, 40, 65, 64, 71, 45, 43, 50, 25, 28, 66, 58, 48, 61, 52, 50, 57]
    Layer  2: dist=[115, 119, 121, 102, 116, 107, 121, 117, 116, 119, 113, 101, 119, 119, 102, 122, 122, 122, 120, 120, 121, 115, 118, 113]
    Layer  4: dist=[98, 112, 120, 98, 97, 92, 99, 95, 108, 107, 104, 113, 86, 106, 111, 97, 120, 105, 99, 102, 101, 118, 122, 109]
    Layer  5: dist=[114, 106, 103, 84, 90, 96, 121, 126, 112, 95, 100, 99, 72, 81, 95, 112, 99, 103, 99, 92, 96, 88, 97, 96]
    Layer  6: dist=[99, 111, 96, 87, 85, 92, 100, 96, 97, 90, 82, 87, 92, 103, 83, 77, 82, 84, 101, 100, 87, 102, 97, 95]
    Layer  7: dist=[85, 72, 99, 68, 88, 85, 65, 71, 79, 78, 96, 85, 94, 82, 84, 85, 83, 94, 88, 83, 81, 82, 87, 79]
    Layer  8: dist=[95, 73, 108, 73, 90, 76, 107, 95, 107, 78, 88, 80, 72, 84, 80, 72, 66, 74, 78, 82, 81, 79, 64, 71]
    Layer  9: dist=[63, 63, 64, 97, 102, 103, 65, 61, 74, 91, 88, 89, 85, 79, 64, 86, 77, 79, 89, 107, 98, 74, 64, 92]
    Layer 10: dist=[78, 77, 81, 94, 97, 98, 78, 72, 70, 83, 70, 101, 61, 52, 66, 85, 89, 75, 62, 65, 67, 112, 99, 87]
    Layer 11: dist=[47, 70, 52, 76, 79, 80, 80, 74, 70, 79, 72, 63, 82, 74, 93, 80, 80, 92, 68, 68, 70, 78, 69, 75]
    Layer 12: dist=[78, 75, 66, 108, 108, 89, 70, 69, 73, 81, 78, 85, 65, 94, 70, 97, 93, 71, 91, 109, 110, 52, 74, 59]
    Layer 13: dist=[84, 82, 84, 83, 80, 77, 28, 53, 47, 67, 62, 86, 84, 112, 92, 71, 100, 81, 86, 92, 84, 89, 99, 88]
    Layer 14: dist=[45, 118, 119, 67, 56, 57, 63, 56, 56, 78, 100, 104, 94, 93, 93, 85, 80, 83, 60, 74, 80, 104, 115, 77]
    Layer 15: dist=[105, 105, 89, 72, 73, 81, 97, 77, 83, 63, 76, 76, 112, 115, 100, 90, 88, 95, 104, 109, 100, 93, 97, 100]
    Layer 16: dist=[124, 98, 120, 121, 97, 122, 90, 91, 87, 103, 122, 97, 120, 115, 106, 102, 107, 103, 95, 80, 87, 93, 116, 120]
    Layer 17: dist=[109, 112, 97, 115, 114, 105, 76, 96, 88, 113, 106, 116, 117, 107, 103, 91, 110, 90, 115, 111, 119, 122, 114, 119]
    Layer 18: dist=[80, 110, 121, 119, 115, 111, 94, 90, 96, 98, 105, 99, 123, 122, 121, 118, 114, 104, 114, 106, 96, 91, 111, 105]
    Layer 19: dist=[104, 76, 85, 92, 90, 95, 91, 49, 98, 94, 101, 98, 115, 84, 121, 115, 107, 110, 105, 94, 104, 114, 118, 117]
    Layer 20: dist=[102, 117, 118, 115, 112, 112, 109, 110, 122, 112, 112, 114, 102, 100, 115, 115, 113, 118, 109, 97, 98, 103, 108, 106]
    Layer 21: dist=[109, 112, 109, 122, 124, 121, 122, 120, 121, 101, 107, 100, 114, 117, 113, 117, 115, 117, 113, 117, 108, 104, 107, 105]
    Layer 22: dist=[119, 103, 111, 119, 118, 119, 123, 124, 122, 116, 119, 118, 111, 102, 84, 113, 95, 103, 117, 121, 117, 115, 123, 117]
    Layer 23: dist=[84, 104, 85, 104, 119, 114, 108, 116, 80, 114, 108, 112, 122, 118, 79, 99, 94, 91, 121, 121, 84, 112, 115, 81]
    Layer 24: dist=[118, 114, 116, 109, 113, 110, 93, 106, 87, 100, 69, 99, 80, 107, 119, 111, 105, 110, 121, 119, 123, 98, 104, 112]
    Layer 25: dist=[112, 122, 121, 121, 119, 123, 79, 72, 69, 121, 111, 121, 117, 97, 114, 88, 106, 105, 104, 106, 101, 79, 115, 57]
    Layer 26: dist=[79, 93, 64, 108, 104, 123, 102, 71, 109, 106, 100, 108, 75, 47, 69, 105, 98, 95, 35, 72, 59, 111, 108, 102]
    Layer 27: dist=[48, 108, 82, 111, 79, 53, 89, 89, 105, 69, 100, 6, 104, 109, 95, 102, 105, 98, 84, 70, 69, 76, 91, 88]

  [Taylor Step 2/3] OLS sigma per head (scaling V)...
    Layer  0: sigma=[0.144, 0.140, 0.134, 0.100, 0.100, 0.100, 0.100, 0.100, 0.100, 0.100, 0.100, 0.100, 0.100, 0.100, 0.100, 0.100, 0.100, 0.100, 0.100, 0.100, 0.100, 0.108, 0.100, 0.100]
    Layer  1: sigma=[0.100, 0.156, 0.100, 0.100, 0.100, 0.100, 0.100, 0.100, 0.100, 0.100, 0.100, 0.100, 0.100, 0.100, 0.100, 0.100, 0.100, 0.100, 0.100, 0.154, 0.100, 0.100, 0.100, 0.100]
    Layer  2: sigma=[0.100, 0.100, 0.100, 0.100, 0.100, 0.100, 0.100, 0.100, 0.100, 0.100, 0.100, 0.100, 0.100, 0.100, 0.100, 0.100, 0.100, 0.100, 0.100, 0.100, 0.100, 0.100, 0.100, 0.100]
    Layer  4: sigma=[0.100, 0.100, 0.100, 0.100, 0.100, 0.100, 0.100, 0.100, 0.100, 0.100, 0.100, 0.100, 0.100, 0.100, 0.100, 0.100, 0.100, 0.100, 0.100, 0.100, 0.100, 0.100, 0.100, 0.100]
    Layer  5: sigma=[0.100, 0.100, 0.100, 0.100, 0.100, 0.100, 0.100, 0.100, 0.100, 0.100, 0.100, 0.100, 0.100, 0.100, 0.100, 0.100, 0.100, 0.100, 0.100, 0.105, 0.100, 0.100, 0.100, 0.100]
    Layer  6: sigma=[0.100, 0.100, 0.100, 0.100, 0.100, 0.100, 0.100, 0.100, 0.100, 0.100, 0.100, 0.100, 0.100, 0.100, 0.100, 0.100, 0.100, 0.100, 0.100, 0.100, 0.100, 0.100, 0.100, 0.100]
    Layer  7: sigma=[0.100, 0.100, 0.100, 0.100, 0.100, 0.100, 0.100, 0.100, 0.100, 0.100, 0.100, 0.100, 0.100, 0.100, 0.100, 0.100, 0.100, 0.100, 0.100, 0.100, 0.100, 0.100, 0.100, 0.100]
    Layer  8: sigma=[0.100, 0.100, 0.100, 0.100, 0.100, 0.100, 0.100, 0.100, 0.100, 0.100, 0.100, 0.100, 0.100, 0.100, 0.100, 0.100, 0.100, 0.100, 0.100, 0.100, 0.100, 0.100, 0.100, 0.100]
    Layer  9: sigma=[0.100, 0.100, 0.100, 0.100, 0.100, 0.100, 0.100, 0.100, 0.100, 0.100, 0.100, 0.100, 0.100, 0.100, 0.100, 0.100, 0.100, 0.100, 0.100, 0.100, 0.100, 0.100, 0.100, 0.110]
    Layer 10: sigma=[0.100, 0.100, 0.100, 0.100, 0.100, 0.100, 0.100, 0.100, 0.108, 0.100, 0.100, 0.100, 0.123, 0.268, 0.100, 0.100, 0.100, 0.100, 0.100, 0.100, 0.100, 0.100, 0.137, 0.100]
    Layer 11: sigma=[0.100, 0.172, 0.100, 0.100, 0.100, 0.100, 0.100, 0.100, 0.100, 0.100, 0.100, 0.100, 0.100, 0.100, 0.100, 0.100, 0.100, 0.100, 0.100, 0.100, 0.100, 0.100, 0.100, 0.100]
    Layer 12: sigma=[0.100, 0.100, 0.100, 0.100, 0.100, 0.100, 0.100, 0.100, 0.100, 0.100, 0.100, 0.100, 0.100, 0.100, 0.105, 0.100, 0.100, 0.100, 0.100, 0.100, 0.100, 0.100, 0.100, 0.100]
    Layer 13: sigma=[0.100, 0.100, 0.100, 0.100, 0.100, 0.100, 0.100, 0.368, 0.124, 0.100, 0.100, 0.100, 0.100, 0.100, 0.100, 0.100, 0.140, 0.100, 0.100, 0.100, 0.100, 0.100, 0.100, 0.100]
    Layer 14: sigma=[0.100, 0.100, 0.100, 0.100, 0.100, 0.207, 0.100, 0.100, 0.100, 0.100, 0.100, 0.100, 0.100, 0.100, 0.100, 0.100, 0.100, 0.100, 0.100, 0.100, 0.101, 0.100, 0.100, 0.100]
    Layer 15: sigma=[0.100, 0.100, 0.100, 0.100, 0.100, 0.100, 0.100, 0.100, 0.100, 0.166, 0.100, 0.100, 0.100, 0.100, 0.100, 0.100, 0.100, 0.100, 0.100, 0.100, 0.100, 0.100, 0.100, 0.100]
    Layer 16: sigma=[0.100, 0.100, 0.100, 0.100, 0.100, 0.100, 0.100, 0.100, 0.100, 0.100, 0.100, 0.100, 0.100, 0.100, 0.100, 0.100, 0.100, 0.100, 0.100, 0.100, 0.100, 0.100, 0.100, 0.100]
    Layer 17: sigma=[0.100, 0.100, 0.100, 0.100, 0.100, 0.100, 0.100, 0.100, 0.100, 0.100, 0.100, 0.100, 0.100, 0.100, 0.100, 0.100, 0.100, 0.100, 0.100, 0.100, 0.100, 0.100, 0.100, 0.100]
    Layer 18: sigma=[0.100, 0.100, 0.100, 0.100, 0.100, 0.100, 0.100, 0.100, 0.100, 0.100, 0.100, 0.100, 0.100, 0.100, 0.100, 0.100, 0.100, 0.100, 0.100, 0.100, 0.100, 0.100, 0.100, 0.100]
    Layer 19: sigma=[0.100, 0.100, 0.100, 0.100, 0.100, 0.100, 0.100, 0.189, 0.100, 0.100, 0.156, 0.100, 0.100, 0.100, 0.100, 0.100, 0.100, 0.100, 0.100, 0.100, 0.100, 0.100, 0.100, 0.100]
    Layer 20: sigma=[0.100, 0.100, 0.100, 0.100, 0.100, 0.100, 0.100, 0.100, 0.100, 0.100, 0.100, 0.100, 0.100, 0.100, 0.100, 0.100, 0.100, 0.100, 0.100, 0.100, 0.100, 0.100, 0.100, 0.100]
    Layer 21: sigma=[0.100, 0.100, 0.100, 0.100, 0.100, 0.100, 0.100, 0.100, 0.100, 0.100, 0.100, 0.100, 0.100, 0.100, 0.100, 0.100, 0.100, 0.100, 0.100, 0.100, 0.100, 0.100, 0.100, 0.100]
    Layer 22: sigma=[0.100, 0.100, 0.100, 0.100, 0.100, 0.100, 0.100, 0.100, 0.100, 0.100, 0.100, 0.100, 0.100, 0.100, 0.100, 0.100, 0.100, 0.100, 0.100, 0.100, 0.100, 0.100, 0.100, 0.100]
    Layer 23: sigma=[0.100, 0.100, 0.100, 0.103, 0.100, 0.100, 0.100, 0.100, 0.100, 0.100, 0.100, 0.100, 0.100, 0.100, 0.100, 0.100, 0.100, 0.100, 0.100, 0.100, 0.187, 0.100, 0.100, 0.100]
    Layer 24: sigma=[0.100, 0.100, 0.100, 0.100, 0.100, 0.100, 0.100, 0.100, 0.100, 0.287, 0.100, 0.100, 0.100, 0.100, 0.100, 0.100, 0.100, 0.100, 0.100, 0.100, 0.100, 0.100, 0.100, 0.100]
    Layer 25: sigma=[0.100, 0.100, 0.100, 0.100, 0.100, 0.100, 0.100, 0.100, 0.106, 0.100, 0.107, 0.100, 0.100, 0.107, 0.100, 0.100, 0.100, 0.100, 0.100, 0.100, 0.100, 0.100, 0.100, 0.100]
    Layer 26: sigma=[0.100, 0.100, 0.100, 0.100, 0.108, 0.100, 0.100, 0.100, 0.100, 0.100, 0.100, 0.100, 0.155, 0.100, 0.100, 0.100, 0.100, 0.100, 0.275, 0.100, 0.100, 0.100, 0.100, 0.100]
    Layer 27: sigma=[0.336, 0.100, 0.100, 0.100, 0.100, 0.100, 0.100, 0.100, 0.100, 0.100, 0.100, 0.100, 0.100, 0.100, 0.100, 0.100, 0.100, 0.100, 0.282, 0.100, 0.297, 0.100, 0.100, 0.100]

  [Taylor Step 3/3] g_proj = v_proj * alpha (damping=0.01)...
    Layer  0: alpha=0.056266  teacher_rms=0.0170  v_rms=0.0030
    Layer  1: alpha=0.058499  teacher_rms=0.0387  v_rms=0.0066
    Layer  2: alpha=0.015216  teacher_rms=0.0168  v_rms=0.0110
    Layer  4: alpha=0.025271  teacher_rms=0.0316  v_rms=0.0125
    Layer  5: alpha=0.034087  teacher_rms=0.0429  v_rms=0.0126
    Layer  6: alpha=0.039001  teacher_rms=0.0529  v_rms=0.0136
    Layer  7: alpha=0.047453  teacher_rms=0.0681  v_rms=0.0143
    Layer  8: alpha=0.052318  teacher_rms=0.0757  v_rms=0.0145
    Layer  9: alpha=0.048001  teacher_rms=0.0774  v_rms=0.0161
    Layer 10: alpha=0.047671  teacher_rms=0.0848  v_rms=0.0178
    Layer 11: alpha=0.050420  teacher_rms=0.0824  v_rms=0.0163
    Layer 12: alpha=0.054390  teacher_rms=0.0896  v_rms=0.0165
    Layer 13: alpha=0.044911  teacher_rms=0.0933  v_rms=0.0208
    Layer 14: alpha=0.048914  teacher_rms=0.0816  v_rms=0.0167
    Layer 15: alpha=0.040755  teacher_rms=0.0673  v_rms=0.0165
    Layer 16: alpha=0.028714  teacher_rms=0.0493  v_rms=0.0172
    Layer 17: alpha=0.024043  teacher_rms=0.0430  v_rms=0.0179
    Layer 18: alpha=0.022965  teacher_rms=0.0427  v_rms=0.0186
    Layer 19: alpha=0.033194  teacher_rms=0.0638  v_rms=0.0192
    Layer 20: alpha=0.022405  teacher_rms=0.0426  v_rms=0.0190
    Layer 21: alpha=0.019452  teacher_rms=0.0411  v_rms=0.0211
    Layer 22: alpha=0.019571  teacher_rms=0.0441  v_rms=0.0226
    Layer 23: alpha=0.032863  teacher_rms=0.0659  v_rms=0.0200
    Layer 24: alpha=0.026946  teacher_rms=0.0766  v_rms=0.0284
    Layer 25: alpha=0.033964  teacher_rms=0.0859  v_rms=0.0253
    Layer 26: alpha=0.039117  teacher_rms=0.1157  v_rms=0.0296
    Layer 27: alpha=0.040589  teacher_rms=0.1451  v_rms=0.0357

  Set g_proj = v_proj * alpha in 27 GDN layers (damping=0.01).
  Init (taylor_distill) done in 240.7s
  Layer 3: PPL = 553.02  (eval 11.8s)

============================================================
  Probing layer 4 | strategy=taylor_distill
============================================================
Loading checkpoint shards:   0%|          | 0/2 [00:00<?, ?it/s]Loading checkpoint shards: 100%|██████████| 2/2 [00:00<00:00, 51.63it/s]
Loading checkpoint shards:   0%|          | 0/2 [00:00<?, ?it/s]Loading checkpoint shards: 100%|██████████| 2/2 [00:00<00:00, 27.65it/s]
Token indices sequence length is longer than the specified maximum sequence length for this model (2349952 > 131072). Running this sequence through the model will result in indexing errors
  [Taylor Step 1/3] Gate calibration from attention stats...
    Layer  0: dist=[22, 3, 29, 29, 23, 23, 45, 42, 35, 49, 55, 53, 51, 45, 49, 7, 57, 35, 19, 33, 21, 58, 58, 47]
    Layer  1: dist=[37, 40, 77, 52, 50, 57, 33, 74, 40, 65, 64, 71, 45, 43, 50, 25, 28, 66, 58, 48, 61, 52, 50, 57]
    Layer  2: dist=[115, 119, 121, 102, 116, 107, 121, 117, 116, 119, 113, 101, 119, 119, 102, 122, 122, 122, 120, 120, 121, 115, 118, 113]
    Layer  3: dist=[98, 116, 112, 123, 119, 122, 105, 113, 115, 107, 117, 107, 113, 116, 114, 108, 102, 111, 111, 118, 116, 93, 96, 95]
    Layer  5: dist=[114, 106, 103, 84, 90, 96, 121, 126, 112, 95, 100, 99, 72, 81, 95, 112, 99, 103, 99, 92, 96, 88, 97, 96]
    Layer  6: dist=[99, 111, 96, 87, 85, 92, 100, 96, 97, 90, 82, 87, 92, 103, 83, 77, 82, 84, 101, 100, 87, 102, 97, 95]
    Layer  7: dist=[85, 72, 99, 68, 88, 85, 65, 71, 79, 78, 96, 85, 94, 82, 84, 85, 83, 94, 88, 83, 81, 82, 87, 79]
    Layer  8: dist=[95, 73, 108, 73, 90, 76, 107, 95, 107, 78, 88, 80, 72, 84, 80, 72, 66, 74, 78, 82, 81, 79, 64, 71]
    Layer  9: dist=[63, 63, 64, 97, 102, 103, 65, 61, 74, 91, 88, 89, 85, 79, 64, 86, 77, 79, 89, 107, 98, 74, 64, 92]
    Layer 10: dist=[78, 77, 81, 94, 97, 98, 78, 72, 70, 83, 70, 101, 61, 52, 66, 85, 89, 75, 62, 65, 67, 112, 99, 87]
    Layer 11: dist=[47, 70, 52, 76, 79, 80, 80, 74, 70, 79, 72, 63, 82, 74, 93, 80, 80, 92, 68, 68, 70, 78, 69, 75]
    Layer 12: dist=[78, 75, 66, 108, 108, 89, 70, 69, 73, 81, 78, 85, 65, 94, 70, 97, 93, 71, 91, 109, 110, 52, 74, 59]
    Layer 13: dist=[84, 82, 84, 83, 80, 77, 28, 53, 47, 67, 62, 86, 84, 112, 92, 71, 100, 81, 86, 92, 84, 89, 99, 88]
    Layer 14: dist=[45, 118, 119, 67, 56, 57, 63, 56, 56, 78, 100, 104, 94, 93, 93, 85, 80, 83, 60, 74, 80, 104, 115, 77]
    Layer 15: dist=[105, 105, 89, 72, 73, 81, 97, 77, 83, 63, 76, 76, 112, 115, 100, 90, 88, 95, 104, 109, 100, 93, 97, 100]
    Layer 16: dist=[124, 98, 120, 121, 97, 122, 90, 91, 87, 103, 122, 97, 120, 115, 106, 102, 107, 103, 95, 80, 87, 93, 116, 120]
    Layer 17: dist=[109, 112, 97, 115, 114, 105, 76, 96, 88, 113, 106, 116, 117, 107, 103, 91, 110, 90, 115, 111, 119, 122, 114, 119]
    Layer 18: dist=[80, 110, 121, 119, 115, 111, 94, 90, 96, 98, 105, 99, 123, 122, 121, 118, 114, 104, 114, 106, 96, 91, 111, 105]
    Layer 19: dist=[104, 76, 85, 92, 90, 95, 91, 49, 98, 94, 101, 98, 115, 84, 121, 115, 107, 110, 105, 94, 104, 114, 118, 117]
    Layer 20: dist=[102, 117, 118, 115, 112, 112, 109, 110, 122, 112, 112, 114, 102, 100, 115, 115, 113, 118, 109, 97, 98, 103, 108, 106]
    Layer 21: dist=[109, 112, 109, 122, 124, 121, 122, 120, 121, 101, 107, 100, 114, 117, 113, 117, 115, 117, 113, 117, 108, 104, 107, 105]
    Layer 22: dist=[119, 103, 111, 119, 118, 119, 123, 124, 122, 116, 119, 118, 111, 102, 84, 113, 95, 103, 117, 121, 117, 115, 123, 117]
    Layer 23: dist=[84, 104, 85, 104, 119, 114, 108, 116, 80, 114, 108, 112, 122, 118, 79, 99, 94, 91, 121, 121, 84, 112, 115, 81]
    Layer 24: dist=[118, 114, 116, 109, 113, 110, 93, 106, 87, 100, 69, 99, 80, 107, 119, 111, 105, 110, 121, 119, 123, 98, 104, 112]
    Layer 25: dist=[112, 122, 121, 121, 119, 123, 79, 72, 69, 121, 111, 121, 117, 97, 114, 88, 106, 105, 104, 106, 101, 79, 115, 57]
    Layer 26: dist=[79, 93, 64, 108, 104, 123, 102, 71, 109, 106, 100, 108, 75, 47, 69, 105, 98, 95, 35, 72, 59, 111, 108, 102]
    Layer 27: dist=[48, 108, 82, 111, 79, 53, 89, 89, 105, 69, 100, 6, 104, 109, 95, 102, 105, 98, 84, 70, 69, 76, 91, 88]

  [Taylor Step 2/3] OLS sigma per head (scaling V)...
    Layer  0: sigma=[0.142, 0.142, 0.139, 0.100, 0.100, 0.100, 0.100, 0.100, 0.100, 0.100, 0.100, 0.100, 0.100, 0.100, 0.100, 0.100, 0.100, 0.100, 0.100, 0.100, 0.100, 0.104, 0.100, 0.100]
    Layer  1: sigma=[0.100, 0.167, 0.100, 0.100, 0.100, 0.100, 0.100, 0.100, 0.100, 0.100, 0.100, 0.100, 0.100, 0.100, 0.100, 0.100, 0.100, 0.100, 0.100, 0.151, 0.100, 0.100, 0.100, 0.100]
    Layer  2: sigma=[0.100, 0.100, 0.100, 0.100, 0.100, 0.100, 0.100, 0.100, 0.100, 0.100, 0.100, 0.100, 0.100, 0.100, 0.100, 0.100, 0.100, 0.100, 0.100, 0.100, 0.100, 0.100, 0.100, 0.100]
    Layer  3: sigma=[0.100, 0.100, 0.100, 0.100, 0.100, 0.100, 0.100, 0.100, 0.100, 0.100, 0.100, 0.100, 0.100, 0.100, 0.100, 0.100, 0.100, 0.100, 0.100, 0.100, 0.100, 0.100, 0.100, 0.100]
    Layer  5: sigma=[0.100, 0.100, 0.100, 0.100, 0.100, 0.100, 0.100, 0.100, 0.100, 0.100, 0.100, 0.100, 0.100, 0.100, 0.100, 0.100, 0.100, 0.100, 0.100, 0.100, 0.100, 0.100, 0.100, 0.100]
    Layer  6: sigma=[0.100, 0.100, 0.100, 0.100, 0.100, 0.100, 0.100, 0.100, 0.100, 0.100, 0.100, 0.100, 0.100, 0.100, 0.100, 0.100, 0.100, 0.100, 0.100, 0.100, 0.100, 0.100, 0.100, 0.100]
    Layer  7: sigma=[0.100, 0.100, 0.100, 0.100, 0.100, 0.100, 0.100, 0.100, 0.100, 0.100, 0.100, 0.100, 0.100, 0.100, 0.100, 0.100, 0.100, 0.100, 0.100, 0.100, 0.100, 0.100, 0.100, 0.100]
    Layer  8: sigma=[0.100, 0.100, 0.100, 0.100, 0.100, 0.100, 0.100, 0.100, 0.100, 0.100, 0.100, 0.100, 0.100, 0.100, 0.100, 0.100, 0.100, 0.100, 0.100, 0.100, 0.100, 0.100, 0.100, 0.100]
    Layer  9: sigma=[0.100, 0.100, 0.100, 0.100, 0.100, 0.100, 0.100, 0.100, 0.100, 0.100, 0.100, 0.100, 0.100, 0.100, 0.100, 0.100, 0.100, 0.100, 0.100, 0.100, 0.100, 0.100, 0.100, 0.110]
    Layer 10: sigma=[0.100, 0.100, 0.100, 0.100, 0.100, 0.100, 0.100, 0.100, 0.108, 0.100, 0.100, 0.100, 0.127, 0.306, 0.100, 0.100, 0.100, 0.100, 0.100, 0.100, 0.100, 0.100, 0.133, 0.100]
    Layer 11: sigma=[0.100, 0.210, 0.100, 0.100, 0.100, 0.100, 0.100, 0.100, 0.100, 0.100, 0.100, 0.100, 0.100, 0.100, 0.100, 0.100, 0.100, 0.100, 0.100, 0.100, 0.100, 0.100, 0.100, 0.100]
    Layer 12: sigma=[0.100, 0.100, 0.100, 0.100, 0.100, 0.100, 0.100, 0.100, 0.100, 0.100, 0.100, 0.100, 0.100, 0.100, 0.105, 0.100, 0.100, 0.100, 0.100, 0.100, 0.100, 0.100, 0.100, 0.100]
    Layer 13: sigma=[0.100, 0.100, 0.100, 0.100, 0.100, 0.100, 0.100, 0.347, 0.107, 0.100, 0.100, 0.100, 0.100, 0.100, 0.100, 0.100, 0.133, 0.100, 0.100, 0.100, 0.100, 0.100, 0.100, 0.100]
    Layer 14: sigma=[0.100, 0.100, 0.100, 0.100, 0.100, 0.189, 0.100, 0.100, 0.100, 0.100, 0.100, 0.100, 0.100, 0.100, 0.100, 0.100, 0.100, 0.100, 0.100, 0.100, 0.100, 0.100, 0.100, 0.100]
    Layer 15: sigma=[0.100, 0.100, 0.100, 0.100, 0.100, 0.100, 0.100, 0.100, 0.100, 0.160, 0.100, 0.100, 0.100, 0.100, 0.100, 0.100, 0.100, 0.100, 0.100, 0.100, 0.100, 0.100, 0.100, 0.100]
    Layer 16: sigma=[0.100, 0.100, 0.100, 0.100, 0.100, 0.100, 0.100, 0.100, 0.100, 0.100, 0.100, 0.100, 0.100, 0.100, 0.100, 0.100, 0.100, 0.100, 0.100, 0.100, 0.100, 0.100, 0.100, 0.100]
    Layer 17: sigma=[0.100, 0.100, 0.100, 0.100, 0.100, 0.100, 0.100, 0.100, 0.100, 0.100, 0.100, 0.100, 0.100, 0.100, 0.100, 0.100, 0.100, 0.100, 0.100, 0.100, 0.100, 0.100, 0.100, 0.100]
    Layer 18: sigma=[0.100, 0.100, 0.100, 0.100, 0.100, 0.100, 0.100, 0.100, 0.100, 0.100, 0.100, 0.100, 0.100, 0.100, 0.100, 0.100, 0.100, 0.100, 0.100, 0.100, 0.100, 0.100, 0.100, 0.100]
    Layer 19: sigma=[0.100, 0.100, 0.100, 0.100, 0.100, 0.100, 0.100, 0.176, 0.100, 0.100, 0.141, 0.100, 0.100, 0.100, 0.100, 0.100, 0.100, 0.100, 0.100, 0.100, 0.100, 0.100, 0.100, 0.100]
    Layer 20: sigma=[0.100, 0.100, 0.100, 0.100, 0.100, 0.100, 0.100, 0.100, 0.100, 0.100, 0.100, 0.100, 0.100, 0.100, 0.100, 0.100, 0.100, 0.100, 0.100, 0.100, 0.100, 0.100, 0.100, 0.100]
    Layer 21: sigma=[0.100, 0.100, 0.100, 0.100, 0.100, 0.100, 0.100, 0.100, 0.100, 0.100, 0.100, 0.100, 0.100, 0.100, 0.100, 0.100, 0.100, 0.100, 0.100, 0.100, 0.100, 0.100, 0.100, 0.100]
    Layer 22: sigma=[0.100, 0.100, 0.100, 0.100, 0.100, 0.100, 0.100, 0.100, 0.100, 0.100, 0.100, 0.100, 0.100, 0.100, 0.100, 0.100, 0.100, 0.100, 0.100, 0.100, 0.100, 0.100, 0.100, 0.100]
    Layer 23: sigma=[0.100, 0.100, 0.100, 0.100, 0.100, 0.100, 0.100, 0.100, 0.100, 0.100, 0.100, 0.100, 0.100, 0.100, 0.100, 0.100, 0.100, 0.100, 0.100, 0.100, 0.200, 0.100, 0.100, 0.100]
    Layer 24: sigma=[0.100, 0.100, 0.100, 0.100, 0.100, 0.100, 0.100, 0.100, 0.100, 0.262, 0.100, 0.100, 0.100, 0.100, 0.100, 0.100, 0.100, 0.100, 0.100, 0.100, 0.100, 0.100, 0.100, 0.100]
    Layer 25: sigma=[0.100, 0.100, 0.100, 0.100, 0.100, 0.100, 0.100, 0.100, 0.114, 0.100, 0.131, 0.100, 0.100, 0.114, 0.100, 0.100, 0.100, 0.100, 0.100, 0.100, 0.100, 0.100, 0.100, 0.100]
    Layer 26: sigma=[0.100, 0.100, 0.100, 0.100, 0.113, 0.100, 0.100, 0.100, 0.100, 0.100, 0.100, 0.100, 0.133, 0.100, 0.100, 0.100, 0.100, 0.100, 0.302, 0.100, 0.100, 0.100, 0.100, 0.100]
    Layer 27: sigma=[0.307, 0.100, 0.100, 0.100, 0.100, 0.100, 0.100, 0.100, 0.100, 0.100, 0.100, 0.100, 0.100, 0.100, 0.100, 0.100, 0.100, 0.100, 0.301, 0.100, 0.289, 0.100, 0.100, 0.100]

  [Taylor Step 3/3] g_proj = v_proj * alpha (damping=0.01)...
    Layer  0: alpha=0.056262  teacher_rms=0.0170  v_rms=0.0030
    Layer  1: alpha=0.058188  teacher_rms=0.0387  v_rms=0.0067
    Layer  2: alpha=0.015216  teacher_rms=0.0168  v_rms=0.0110
    Layer  3: alpha=0.017317  teacher_rms=0.0218  v_rms=0.0126
    Layer  5: alpha=0.034145  teacher_rms=0.0429  v_rms=0.0126
    Layer  6: alpha=0.039001  teacher_rms=0.0529  v_rms=0.0136
    Layer  7: alpha=0.047453  teacher_rms=0.0681  v_rms=0.0143
    Layer  8: alpha=0.052318  teacher_rms=0.0757  v_rms=0.0145
    Layer  9: alpha=0.048016  teacher_rms=0.0774  v_rms=0.0161
    Layer 10: alpha=0.046217  teacher_rms=0.0848  v_rms=0.0184
    Layer 11: alpha=0.049271  teacher_rms=0.0824  v_rms=0.0167
    Layer 12: alpha=0.054383  teacher_rms=0.0896  v_rms=0.0165
    Layer 13: alpha=0.046323  teacher_rms=0.0933  v_rms=0.0201
    Layer 14: alpha=0.049489  teacher_rms=0.0816  v_rms=0.0165
    Layer 15: alpha=0.040917  teacher_rms=0.0673  v_rms=0.0164
    Layer 16: alpha=0.028714  teacher_rms=0.0493  v_rms=0.0172
    Layer 17: alpha=0.024043  teacher_rms=0.0430  v_rms=0.0179
    Layer 18: alpha=0.022965  teacher_rms=0.0427  v_rms=0.0186
    Layer 19: alpha=0.033617  teacher_rms=0.0638  v_rms=0.0190
    Layer 20: alpha=0.022405  teacher_rms=0.0426  v_rms=0.0190
    Layer 21: alpha=0.019452  teacher_rms=0.0411  v_rms=0.0211
    Layer 22: alpha=0.019571  teacher_rms=0.0441  v_rms=0.0226
    Layer 23: alpha=0.032637  teacher_rms=0.0659  v_rms=0.0202
    Layer 24: alpha=0.027437  teacher_rms=0.0766  v_rms=0.0279
    Layer 25: alpha=0.033281  teacher_rms=0.0859  v_rms=0.0258
    Layer 26: alpha=0.038506  teacher_rms=0.1157  v_rms=0.0301
    Layer 27: alpha=0.041310  teacher_rms=0.1451  v_rms=0.0351

  Set g_proj = v_proj * alpha in 27 GDN layers (damping=0.01).
  Init (taylor_distill) done in 237.6s
  Layer 4: PPL = 580.04  (eval 9.9s)

============================================================
  Probing layer 5 | strategy=taylor_distill
============================================================
Loading checkpoint shards:   0%|          | 0/2 [00:00<?, ?it/s]Loading checkpoint shards: 100%|██████████| 2/2 [00:00<00:00, 122.33it/s]
Loading checkpoint shards:   0%|          | 0/2 [00:00<?, ?it/s]Loading checkpoint shards: 100%|██████████| 2/2 [00:00<00:00, 95.01it/s]
Token indices sequence length is longer than the specified maximum sequence length for this model (2349952 > 131072). Running this sequence through the model will result in indexing errors
  [Taylor Step 1/3] Gate calibration from attention stats...
    Layer  0: dist=[22, 3, 29, 29, 23, 23, 45, 42, 35, 49, 55, 53, 51, 45, 49, 7, 57, 35, 19, 33, 21, 58, 58, 47]
    Layer  1: dist=[37, 40, 77, 52, 50, 57, 33, 74, 40, 65, 64, 71, 45, 43, 50, 25, 28, 66, 58, 48, 61, 52, 50, 57]
    Layer  2: dist=[115, 119, 121, 102, 116, 107, 121, 117, 116, 119, 113, 101, 119, 119, 102, 122, 122, 122, 120, 120, 121, 115, 118, 113]
    Layer  3: dist=[98, 116, 112, 123, 119, 122, 105, 113, 115, 107, 117, 107, 113, 116, 114, 108, 102, 111, 111, 118, 116, 93, 96, 95]
    Layer  4: dist=[98, 112, 120, 98, 97, 92, 99, 95, 108, 107, 104, 113, 86, 106, 111, 97, 120, 105, 99, 102, 101, 118, 122, 109]
    Layer  6: dist=[99, 111, 96, 87, 85, 92, 100, 96, 97, 90, 82, 87, 92, 103, 83, 77, 82, 84, 101, 100, 87, 102, 97, 95]
    Layer  7: dist=[85, 72, 99, 68, 88, 85, 65, 71, 79, 78, 96, 85, 94, 82, 84, 85, 83, 94, 88, 83, 81, 82, 87, 79]
    Layer  8: dist=[95, 73, 108, 73, 90, 76, 107, 95, 107, 78, 88, 80, 72, 84, 80, 72, 66, 74, 78, 82, 81, 79, 64, 71]
    Layer  9: dist=[63, 63, 64, 97, 102, 103, 65, 61, 74, 91, 88, 89, 85, 79, 64, 86, 77, 79, 89, 107, 98, 74, 64, 92]
    Layer 10: dist=[78, 77, 81, 94, 97, 98, 78, 72, 70, 83, 70, 101, 61, 52, 66, 85, 89, 75, 62, 65, 67, 112, 99, 87]
    Layer 11: dist=[47, 70, 52, 76, 79, 80, 80, 74, 70, 79, 72, 63, 82, 74, 93, 80, 80, 92, 68, 68, 70, 78, 69, 75]
    Layer 12: dist=[78, 75, 66, 108, 108, 89, 70, 69, 73, 81, 78, 85, 65, 94, 70, 97, 93, 71, 91, 109, 110, 52, 74, 59]
    Layer 13: dist=[84, 82, 84, 83, 80, 77, 28, 53, 47, 67, 62, 86, 84, 112, 92, 71, 100, 81, 86, 92, 84, 89, 99, 88]
    Layer 14: dist=[45, 118, 119, 67, 56, 57, 63, 56, 56, 78, 100, 104, 94, 93, 93, 85, 80, 83, 60, 74, 80, 104, 115, 77]
    Layer 15: dist=[105, 105, 89, 72, 73, 81, 97, 77, 83, 63, 76, 76, 112, 115, 100, 90, 88, 95, 104, 109, 100, 93, 97, 100]
    Layer 16: dist=[124, 98, 120, 121, 97, 122, 90, 91, 87, 103, 122, 97, 120, 115, 106, 102, 107, 103, 95, 80, 87, 93, 116, 120]
    Layer 17: dist=[109, 112, 97, 115, 114, 105, 76, 96, 88, 113, 106, 116, 117, 107, 103, 91, 110, 90, 115, 111, 119, 122, 114, 119]
    Layer 18: dist=[80, 110, 121, 119, 115, 111, 94, 90, 96, 98, 105, 99, 123, 122, 121, 118, 114, 104, 114, 106, 96, 91, 111, 105]
    Layer 19: dist=[104, 76, 85, 92, 90, 95, 91, 49, 98, 94, 101, 98, 115, 84, 121, 115, 107, 110, 105, 94, 104, 114, 118, 117]
    Layer 20: dist=[102, 117, 118, 115, 112, 112, 109, 110, 122, 112, 112, 114, 102, 100, 115, 115, 113, 118, 109, 97, 98, 103, 108, 106]
    Layer 21: dist=[109, 112, 109, 122, 124, 121, 122, 120, 121, 101, 107, 100, 114, 117, 113, 117, 115, 117, 113, 117, 108, 104, 107, 105]
    Layer 22: dist=[119, 103, 111, 119, 118, 119, 123, 124, 122, 116, 119, 118, 111, 102, 84, 113, 95, 103, 117, 121, 117, 115, 123, 117]
    Layer 23: dist=[84, 104, 85, 104, 119, 114, 108, 116, 80, 114, 108, 112, 122, 118, 79, 99, 94, 91, 121, 121, 84, 112, 115, 81]
    Layer 24: dist=[118, 114, 116, 109, 113, 110, 93, 106, 87, 100, 69, 99, 80, 107, 119, 111, 105, 110, 121, 119, 123, 98, 104, 112]
    Layer 25: dist=[112, 122, 121, 121, 119, 123, 79, 72, 69, 121, 111, 121, 117, 97, 114, 88, 106, 105, 104, 106, 101, 79, 115, 57]
    Layer 26: dist=[79, 93, 64, 108, 104, 123, 102, 71, 109, 106, 100, 108, 75, 47, 69, 105, 98, 95, 35, 72, 59, 111, 108, 102]
    Layer 27: dist=[48, 108, 82, 111, 79, 53, 89, 89, 105, 69, 100, 6, 104, 109, 95, 102, 105, 98, 84, 70, 69, 76, 91, 88]

  [Taylor Step 2/3] OLS sigma per head (scaling V)...
    Layer  0: sigma=[0.142, 0.149, 0.137, 0.100, 0.100, 0.100, 0.100, 0.100, 0.100, 0.100, 0.100, 0.100, 0.100, 0.100, 0.100, 0.100, 0.100, 0.100, 0.100, 0.100, 0.100, 0.103, 0.100, 0.100]
    Layer  1: sigma=[0.100, 0.177, 0.100, 0.100, 0.100, 0.100, 0.100, 0.100, 0.100, 0.100, 0.100, 0.100, 0.100, 0.100, 0.100, 0.100, 0.100, 0.100, 0.100, 0.150, 0.100, 0.100, 0.100, 0.100]
    Layer  2: sigma=[0.100, 0.100, 0.100, 0.100, 0.100, 0.100, 0.100, 0.100, 0.100, 0.100, 0.100, 0.100, 0.100, 0.100, 0.100, 0.100, 0.100, 0.100, 0.100, 0.100, 0.100, 0.100, 0.100, 0.100]
    Layer  3: sigma=[0.100, 0.100, 0.100, 0.100, 0.100, 0.100, 0.100, 0.100, 0.100, 0.100, 0.100, 0.100, 0.100, 0.100, 0.100, 0.100, 0.100, 0.100, 0.100, 0.100, 0.100, 0.100, 0.100, 0.100]
    Layer  4: sigma=[0.100, 0.100, 0.100, 0.100, 0.100, 0.100, 0.100, 0.100, 0.100, 0.100, 0.100, 0.100, 0.100, 0.100, 0.100, 0.100, 0.100, 0.100, 0.100, 0.100, 0.100, 0.100, 0.100, 0.100]
    Layer  6: sigma=[0.100, 0.100, 0.100, 0.100, 0.100, 0.100, 0.100, 0.100, 0.100, 0.100, 0.100, 0.100, 0.100, 0.100, 0.100, 0.100, 0.100, 0.100, 0.100, 0.100, 0.100, 0.100, 0.100, 0.100]
    Layer  7: sigma=[0.100, 0.100, 0.100, 0.100, 0.100, 0.100, 0.100, 0.100, 0.100, 0.100, 0.100, 0.100, 0.100, 0.100, 0.100, 0.100, 0.100, 0.100, 0.100, 0.100, 0.100, 0.100, 0.100, 0.100]
    Layer  8: sigma=[0.100, 0.100, 0.100, 0.100, 0.100, 0.100, 0.100, 0.100, 0.100, 0.100, 0.100, 0.100, 0.100, 0.100, 0.100, 0.100, 0.100, 0.100, 0.100, 0.100, 0.100, 0.100, 0.100, 0.100]
    Layer  9: sigma=[0.103, 0.100, 0.100, 0.100, 0.100, 0.100, 0.100, 0.100, 0.100, 0.100, 0.100, 0.100, 0.100, 0.100, 0.100, 0.100, 0.100, 0.100, 0.100, 0.100, 0.100, 0.100, 0.100, 0.109]
    Layer 10: sigma=[0.100, 0.100, 0.100, 0.100, 0.100, 0.100, 0.100, 0.100, 0.111, 0.100, 0.100, 0.100, 0.131, 0.288, 0.100, 0.100, 0.100, 0.100, 0.100, 0.100, 0.100, 0.100, 0.136, 0.100]
    Layer 11: sigma=[0.100, 0.200, 0.100, 0.100, 0.100, 0.100, 0.100, 0.100, 0.100, 0.100, 0.100, 0.100, 0.100, 0.100, 0.100, 0.100, 0.100, 0.100, 0.100, 0.100, 0.100, 0.100, 0.100, 0.100]
    Layer 12: sigma=[0.100, 0.100, 0.100, 0.100, 0.100, 0.100, 0.100, 0.100, 0.100, 0.100, 0.100, 0.100, 0.100, 0.100, 0.107, 0.100, 0.100, 0.100, 0.100, 0.100, 0.100, 0.100, 0.100, 0.100]
    Layer 13: sigma=[0.100, 0.100, 0.100, 0.100, 0.100, 0.100, 0.100, 0.346, 0.127, 0.100, 0.100, 0.100, 0.100, 0.100, 0.100, 0.100, 0.135, 0.100, 0.100, 0.100, 0.100, 0.100, 0.100, 0.100]
    Layer 14: sigma=[0.100, 0.100, 0.100, 0.100, 0.100, 0.166, 0.100, 0.100, 0.100, 0.100, 0.100, 0.100, 0.100, 0.100, 0.100, 0.100, 0.100, 0.100, 0.100, 0.100, 0.100, 0.100, 0.100, 0.100]
    Layer 15: sigma=[0.100, 0.100, 0.100, 0.100, 0.100, 0.100, 0.100, 0.100, 0.100, 0.166, 0.100, 0.100, 0.100, 0.100, 0.100, 0.100, 0.100, 0.100, 0.100, 0.100, 0.100, 0.100, 0.100, 0.100]
    Layer 16: sigma=[0.100, 0.100, 0.100, 0.100, 0.100, 0.100, 0.100, 0.100, 0.100, 0.100, 0.100, 0.100, 0.100, 0.100, 0.100, 0.100, 0.100, 0.100, 0.100, 0.100, 0.100, 0.100, 0.100, 0.100]
    Layer 17: sigma=[0.100, 0.100, 0.100, 0.100, 0.100, 0.100, 0.100, 0.100, 0.100, 0.100, 0.100, 0.100, 0.100, 0.100, 0.100, 0.100, 0.100, 0.100, 0.100, 0.100, 0.100, 0.100, 0.100, 0.100]
    Layer 18: sigma=[0.100, 0.100, 0.100, 0.100, 0.100, 0.100, 0.100, 0.100, 0.100, 0.100, 0.100, 0.100, 0.100, 0.100, 0.100, 0.100, 0.100, 0.100, 0.100, 0.100, 0.100, 0.100, 0.100, 0.100]
    Layer 19: sigma=[0.100, 0.100, 0.100, 0.100, 0.100, 0.100, 0.100, 0.210, 0.100, 0.100, 0.163, 0.100, 0.100, 0.100, 0.100, 0.100, 0.100, 0.100, 0.100, 0.100, 0.100, 0.100, 0.100, 0.100]
    Layer 20: sigma=[0.100, 0.100, 0.100, 0.100, 0.100, 0.100, 0.100, 0.100, 0.100, 0.100, 0.100, 0.100, 0.100, 0.100, 0.100, 0.100, 0.100, 0.100, 0.100, 0.100, 0.100, 0.100, 0.100, 0.100]
    Layer 21: sigma=[0.100, 0.100, 0.100, 0.100, 0.100, 0.100, 0.100, 0.100, 0.100, 0.100, 0.100, 0.100, 0.100, 0.100, 0.100, 0.100, 0.100, 0.100, 0.100, 0.100, 0.100, 0.100, 0.100, 0.100]
    Layer 22: sigma=[0.100, 0.100, 0.100, 0.100, 0.100, 0.100, 0.100, 0.100, 0.100, 0.100, 0.100, 0.100, 0.100, 0.100, 0.100, 0.100, 0.100, 0.100, 0.100, 0.100, 0.100, 0.100, 0.100, 0.100]
    Layer 23: sigma=[0.100, 0.100, 0.100, 0.111, 0.100, 0.100, 0.100, 0.100, 0.100, 0.100, 0.100, 0.100, 0.100, 0.100, 0.100, 0.100, 0.100, 0.100, 0.100, 0.100, 0.187, 0.100, 0.100, 0.100]
    Layer 24: sigma=[0.100, 0.100, 0.100, 0.100, 0.100, 0.100, 0.100, 0.100, 0.100, 0.271, 0.100, 0.100, 0.100, 0.100, 0.100, 0.100, 0.100, 0.100, 0.100, 0.100, 0.100, 0.100, 0.100, 0.100]
    Layer 25: sigma=[0.100, 0.100, 0.100, 0.100, 0.100, 0.100, 0.100, 0.100, 0.121, 0.100, 0.100, 0.100, 0.100, 0.110, 0.100, 0.100, 0.100, 0.100, 0.100, 0.100, 0.102, 0.100, 0.100, 0.100]
    Layer 26: sigma=[0.100, 0.100, 0.100, 0.100, 0.100, 0.100, 0.100, 0.100, 0.100, 0.100, 0.100, 0.100, 0.174, 0.100, 0.100, 0.100, 0.100, 0.100, 0.332, 0.100, 0.100, 0.100, 0.100, 0.100]
    Layer 27: sigma=[0.293, 0.100, 0.100, 0.100, 0.100, 0.100, 0.100, 0.100, 0.100, 0.100, 0.100, 0.100, 0.100, 0.100, 0.100, 0.100, 0.100, 0.100, 0.222, 0.100, 0.308, 0.100, 0.100, 0.100]

  [Taylor Step 3/3] g_proj = v_proj * alpha (damping=0.01)...
    Layer  0: alpha=0.056215  teacher_rms=0.0170  v_rms=0.0030
    Layer  1: alpha=0.057813  teacher_rms=0.0387  v_rms=0.0067
    Layer  2: alpha=0.015216  teacher_rms=0.0168  v_rms=0.0110
    Layer  3: alpha=0.017317  teacher_rms=0.0218  v_rms=0.0126
    Layer  4: alpha=0.025271  teacher_rms=0.0316  v_rms=0.0125
    Layer  6: alpha=0.039001  teacher_rms=0.0529  v_rms=0.0136
    Layer  7: alpha=0.047453  teacher_rms=0.0681  v_rms=0.0143
    Layer  8: alpha=0.052318  teacher_rms=0.0757  v_rms=0.0145
    Layer  9: alpha=0.047982  teacher_rms=0.0774  v_rms=0.0161
    Layer 10: alpha=0.046719  teacher_rms=0.0848  v_rms=0.0182
    Layer 11: alpha=0.049591  teacher_rms=0.0824  v_rms=0.0166
    Layer 12: alpha=0.054325  teacher_rms=0.0896  v_rms=0.0165
    Layer 13: alpha=0.045884  teacher_rms=0.0933  v_rms=0.0203
    Layer 14: alpha=0.050184  teacher_rms=0.0816  v_rms=0.0163
    Layer 15: alpha=0.040770  teacher_rms=0.0673  v_rms=0.0165
    Layer 16: alpha=0.028714  teacher_rms=0.0493  v_rms=0.0172
    Layer 17: alpha=0.024043  teacher_rms=0.0430  v_rms=0.0179
    Layer 18: alpha=0.022965  teacher_rms=0.0427  v_rms=0.0186
    Layer 19: alpha=0.032697  teacher_rms=0.0638  v_rms=0.0195
    Layer 20: alpha=0.022405  teacher_rms=0.0426  v_rms=0.0190
    Layer 21: alpha=0.019452  teacher_rms=0.0411  v_rms=0.0211
    Layer 22: alpha=0.019571  teacher_rms=0.0441  v_rms=0.0226
    Layer 23: alpha=0.032743  teacher_rms=0.0659  v_rms=0.0201
    Layer 24: alpha=0.027255  teacher_rms=0.0766  v_rms=0.0281
    Layer 25: alpha=0.033887  teacher_rms=0.0859  v_rms=0.0253
    Layer 26: alpha=0.037371  teacher_rms=0.1157  v_rms=0.0310
    Layer 27: alpha=0.042838  teacher_rms=0.1451  v_rms=0.0339

  Set g_proj = v_proj * alpha in 27 GDN layers (damping=0.01).
  Init (taylor_distill) done in 188.9s
  Layer 5: PPL = 614.72  (eval 9.8s)

============================================================
  Probing layer 6 | strategy=taylor_distill
============================================================
Loading checkpoint shards:   0%|          | 0/2 [00:00<?, ?it/s]Loading checkpoint shards: 100%|██████████| 2/2 [00:00<00:00, 122.54it/s]
Loading checkpoint shards:   0%|          | 0/2 [00:00<?, ?it/s]Loading checkpoint shards: 100%|██████████| 2/2 [00:00<00:00, 121.82it/s]
Token indices sequence length is longer than the specified maximum sequence length for this model (2349952 > 131072). Running this sequence through the model will result in indexing errors
  [Taylor Step 1/3] Gate calibration from attention stats...
    Layer  0: dist=[22, 3, 29, 29, 23, 23, 45, 42, 35, 49, 55, 53, 51, 45, 49, 7, 57, 35, 19, 33, 21, 58, 58, 47]
    Layer  1: dist=[37, 40, 77, 52, 50, 57, 33, 74, 40, 65, 64, 71, 45, 43, 50, 25, 28, 66, 58, 48, 61, 52, 50, 57]
    Layer  2: dist=[115, 119, 121, 102, 116, 107, 121, 117, 116, 119, 113, 101, 119, 119, 102, 122, 122, 122, 120, 120, 121, 115, 118, 113]
    Layer  3: dist=[98, 116, 112, 123, 119, 122, 105, 113, 115, 107, 117, 107, 113, 116, 114, 108, 102, 111, 111, 118, 116, 93, 96, 95]
    Layer  4: dist=[98, 112, 120, 98, 97, 92, 99, 95, 108, 107, 104, 113, 86, 106, 111, 97, 120, 105, 99, 102, 101, 118, 122, 109]
    Layer  5: dist=[114, 106, 103, 84, 90, 96, 121, 126, 112, 95, 100, 99, 72, 81, 95, 112, 99, 103, 99, 92, 96, 88, 97, 96]
    Layer  7: dist=[85, 72, 99, 68, 88, 85, 65, 71, 79, 78, 96, 85, 94, 82, 84, 85, 83, 94, 88, 83, 81, 82, 87, 79]
    Layer  8: dist=[95, 73, 108, 73, 90, 76, 107, 95, 107, 78, 88, 80, 72, 84, 80, 72, 66, 74, 78, 82, 81, 79, 64, 71]
    Layer  9: dist=[63, 63, 64, 97, 102, 103, 65, 61, 74, 91, 88, 89, 85, 79, 64, 86, 77, 79, 89, 107, 98, 74, 64, 92]
    Layer 10: dist=[78, 77, 81, 94, 97, 98, 78, 72, 70, 83, 70, 101, 61, 52, 66, 85, 89, 75, 62, 65, 67, 112, 99, 87]
    Layer 11: dist=[47, 70, 52, 76, 79, 80, 80, 74, 70, 79, 72, 63, 82, 74, 93, 80, 80, 92, 68, 68, 70, 78, 69, 75]
    Layer 12: dist=[78, 75, 66, 108, 108, 89, 70, 69, 73, 81, 78, 85, 65, 94, 70, 97, 93, 71, 91, 109, 110, 52, 74, 59]
    Layer 13: dist=[84, 82, 84, 83, 80, 77, 28, 53, 47, 67, 62, 86, 84, 112, 92, 71, 100, 81, 86, 92, 84, 89, 99, 88]
    Layer 14: dist=[45, 118, 119, 67, 56, 57, 63, 56, 56, 78, 100, 104, 94, 93, 93, 85, 80, 83, 60, 74, 80, 104, 115, 77]
    Layer 15: dist=[105, 105, 89, 72, 73, 81, 97, 77, 83, 63, 76, 76, 112, 115, 100, 90, 88, 95, 104, 109, 100, 93, 97, 100]
    Layer 16: dist=[124, 98, 120, 121, 97, 122, 90, 91, 87, 103, 122, 97, 120, 115, 106, 102, 107, 103, 95, 80, 87, 93, 116, 120]
    Layer 17: dist=[109, 112, 97, 115, 114, 105, 76, 96, 88, 113, 106, 116, 117, 107, 103, 91, 110, 90, 115, 111, 119, 122, 114, 119]
    Layer 18: dist=[80, 110, 121, 119, 115, 111, 94, 90, 96, 98, 105, 99, 123, 122, 121, 118, 114, 104, 114, 106, 96, 91, 111, 105]
    Layer 19: dist=[104, 76, 85, 92, 90, 95, 91, 49, 98, 94, 101, 98, 115, 84, 121, 115, 107, 110, 105, 94, 104, 114, 118, 117]
    Layer 20: dist=[102, 117, 118, 115, 112, 112, 109, 110, 122, 112, 112, 114, 102, 100, 115, 115, 113, 118, 109, 97, 98, 103, 108, 106]
    Layer 21: dist=[109, 112, 109, 122, 124, 121, 122, 120, 121, 101, 107, 100, 114, 117, 113, 117, 115, 117, 113, 117, 108, 104, 107, 105]
    Layer 22: dist=[119, 103, 111, 119, 118, 119, 123, 124, 122, 116, 119, 118, 111, 102, 84, 113, 95, 103, 117, 121, 117, 115, 123, 117]
    Layer 23: dist=[84, 104, 85, 104, 119, 114, 108, 116, 80, 114, 108, 112, 122, 118, 79, 99, 94, 91, 121, 121, 84, 112, 115, 81]
    Layer 24: dist=[118, 114, 116, 109, 113, 110, 93, 106, 87, 100, 69, 99, 80, 107, 119, 111, 105, 110, 121, 119, 123, 98, 104, 112]
    Layer 25: dist=[112, 122, 121, 121, 119, 123, 79, 72, 69, 121, 111, 121, 117, 97, 114, 88, 106, 105, 104, 106, 101, 79, 115, 57]
    Layer 26: dist=[79, 93, 64, 108, 104, 123, 102, 71, 109, 106, 100, 108, 75, 47, 69, 105, 98, 95, 35, 72, 59, 111, 108, 102]
    Layer 27: dist=[48, 108, 82, 111, 79, 53, 89, 89, 105, 69, 100, 6, 104, 109, 95, 102, 105, 98, 84, 70, 69, 76, 91, 88]

  [Taylor Step 2/3] OLS sigma per head (scaling V)...
    Layer  0: sigma=[0.141, 0.139, 0.138, 0.100, 0.100, 0.100, 0.100, 0.100, 0.100, 0.100, 0.100, 0.100, 0.100, 0.100, 0.100, 0.100, 0.100, 0.100, 0.100, 0.100, 0.100, 0.113, 0.100, 0.100]
    Layer  1: sigma=[0.100, 0.145, 0.100, 0.100, 0.100, 0.100, 0.100, 0.100, 0.100, 0.100, 0.100, 0.100, 0.100, 0.100, 0.100, 0.100, 0.100, 0.100, 0.100, 0.167, 0.100, 0.100, 0.100, 0.100]
    Layer  2: sigma=[0.100, 0.100, 0.100, 0.100, 0.100, 0.100, 0.100, 0.100, 0.100, 0.100, 0.100, 0.100, 0.100, 0.100, 0.100, 0.100, 0.100, 0.100, 0.100, 0.100, 0.100, 0.100, 0.100, 0.100]
    Layer  3: sigma=[0.100, 0.100, 0.100, 0.100, 0.100, 0.100, 0.100, 0.100, 0.100, 0.100, 0.100, 0.100, 0.100, 0.100, 0.100, 0.100, 0.100, 0.100, 0.100, 0.100, 0.100, 0.100, 0.100, 0.100]
    Layer  4: sigma=[0.100, 0.100, 0.100, 0.100, 0.100, 0.100, 0.100, 0.100, 0.100, 0.100, 0.100, 0.100, 0.100, 0.100, 0.100, 0.100, 0.100, 0.100, 0.100, 0.100, 0.100, 0.100, 0.100, 0.100]
    Layer  5: sigma=[0.100, 0.100, 0.100, 0.100, 0.100, 0.100, 0.100, 0.100, 0.100, 0.100, 0.100, 0.100, 0.100, 0.100, 0.100, 0.100, 0.100, 0.100, 0.100, 0.108, 0.100, 0.100, 0.100, 0.100]
    Layer  7: sigma=[0.100, 0.100, 0.100, 0.100, 0.100, 0.100, 0.100, 0.100, 0.100, 0.100, 0.100, 0.100, 0.100, 0.100, 0.100, 0.100, 0.100, 0.100, 0.100, 0.100, 0.100, 0.100, 0.100, 0.100]
    Layer  8: sigma=[0.100, 0.100, 0.100, 0.100, 0.100, 0.100, 0.100, 0.100, 0.100, 0.100, 0.100, 0.100, 0.100, 0.100, 0.100, 0.100, 0.100, 0.100, 0.100, 0.100, 0.100, 0.100, 0.100, 0.100]
    Layer  9: sigma=[0.100, 0.100, 0.100, 0.100, 0.100, 0.100, 0.100, 0.100, 0.100, 0.100, 0.100, 0.100, 0.100, 0.100, 0.100, 0.100, 0.100, 0.100, 0.100, 0.100, 0.100, 0.100, 0.100, 0.111]
    Layer 10: sigma=[0.100, 0.100, 0.100, 0.100, 0.100, 0.100, 0.100, 0.100, 0.108, 0.100, 0.100, 0.100, 0.124, 0.289, 0.100, 0.100, 0.100, 0.100, 0.100, 0.100, 0.100, 0.100, 0.137, 0.100]
    Layer 11: sigma=[0.100, 0.259, 0.100, 0.100, 0.100, 0.100, 0.100, 0.100, 0.100, 0.100, 0.100, 0.100, 0.100, 0.100, 0.100, 0.100, 0.100, 0.100, 0.100, 0.100, 0.100, 0.100, 0.100, 0.100]
    Layer 12: sigma=[0.100, 0.100, 0.100, 0.100, 0.100, 0.100, 0.100, 0.100, 0.100, 0.100, 0.100, 0.100, 0.100, 0.100, 0.108, 0.100, 0.100, 0.100, 0.100, 0.100, 0.100, 0.100, 0.100, 0.100]
    Layer 13: sigma=[0.100, 0.100, 0.100, 0.100, 0.100, 0.100, 0.100, 0.353, 0.106, 0.100, 0.100, 0.100, 0.100, 0.100, 0.100, 0.100, 0.130, 0.100, 0.100, 0.100, 0.100, 0.100, 0.100, 0.100]
    Layer 14: sigma=[0.100, 0.100, 0.100, 0.100, 0.100, 0.206, 0.100, 0.100, 0.100, 0.100, 0.100, 0.100, 0.100, 0.100, 0.100, 0.100, 0.100, 0.100, 0.100, 0.100, 0.100, 0.100, 0.100, 0.100]
    Layer 15: sigma=[0.100, 0.100, 0.100, 0.100, 0.100, 0.100, 0.100, 0.100, 0.100, 0.166, 0.100, 0.100, 0.100, 0.100, 0.100, 0.100, 0.100, 0.100, 0.100, 0.100, 0.100, 0.100, 0.100, 0.100]
    Layer 16: sigma=[0.100, 0.100, 0.100, 0.100, 0.100, 0.100, 0.100, 0.100, 0.100, 0.100, 0.100, 0.100, 0.100, 0.100, 0.100, 0.100, 0.100, 0.100, 0.100, 0.100, 0.100, 0.100, 0.100, 0.100]
    Layer 17: sigma=[0.100, 0.100, 0.100, 0.100, 0.100, 0.100, 0.100, 0.100, 0.100, 0.100, 0.100, 0.100, 0.100, 0.100, 0.100, 0.100, 0.100, 0.100, 0.100, 0.100, 0.100, 0.100, 0.100, 0.100]
    Layer 18: sigma=[0.100, 0.100, 0.100, 0.100, 0.100, 0.100, 0.100, 0.100, 0.100, 0.100, 0.100, 0.100, 0.100, 0.100, 0.100, 0.100, 0.100, 0.100, 0.100, 0.100, 0.100, 0.100, 0.100, 0.100]
    Layer 19: sigma=[0.100, 0.100, 0.100, 0.100, 0.100, 0.100, 0.100, 0.196, 0.100, 0.100, 0.155, 0.100, 0.100, 0.100, 0.100, 0.100, 0.100, 0.100, 0.100, 0.100, 0.100, 0.100, 0.100, 0.100]
    Layer 20: sigma=[0.100, 0.100, 0.100, 0.100, 0.100, 0.100, 0.100, 0.100, 0.100, 0.100, 0.100, 0.100, 0.100, 0.100, 0.100, 0.100, 0.100, 0.100, 0.100, 0.100, 0.100, 0.100, 0.100, 0.100]
    Layer 21: sigma=[0.100, 0.100, 0.100, 0.100, 0.100, 0.100, 0.100, 0.100, 0.100, 0.100, 0.100, 0.100, 0.100, 0.100, 0.100, 0.100, 0.100, 0.100, 0.100, 0.100, 0.100, 0.100, 0.100, 0.100]
    Layer 22: sigma=[0.100, 0.100, 0.100, 0.100, 0.100, 0.100, 0.100, 0.100, 0.100, 0.100, 0.100, 0.100, 0.100, 0.100, 0.100, 0.100, 0.100, 0.100, 0.100, 0.100, 0.100, 0.100, 0.100, 0.100]
    Layer 23: sigma=[0.100, 0.100, 0.100, 0.102, 0.100, 0.100, 0.100, 0.100, 0.100, 0.100, 0.100, 0.100, 0.100, 0.100, 0.100, 0.100, 0.100, 0.100, 0.100, 0.100, 0.200, 0.100, 0.100, 0.100]
    Layer 24: sigma=[0.100, 0.100, 0.100, 0.100, 0.100, 0.100, 0.100, 0.100, 0.100, 0.279, 0.100, 0.100, 0.100, 0.100, 0.100, 0.100, 0.100, 0.100, 0.100, 0.100, 0.100, 0.100, 0.100, 0.100]
    Layer 25: sigma=[0.100, 0.100, 0.100, 0.100, 0.100, 0.100, 0.100, 0.100, 0.100, 0.100, 0.108, 0.100, 0.100, 0.111, 0.100, 0.100, 0.100, 0.100, 0.100, 0.100, 0.100, 0.100, 0.100, 0.100]
    Layer 26: sigma=[0.100, 0.100, 0.100, 0.100, 0.104, 0.100, 0.100, 0.100, 0.100, 0.100, 0.100, 0.100, 0.124, 0.100, 0.100, 0.100, 0.100, 0.100, 0.300, 0.100, 0.102, 0.100, 0.100, 0.100]
    Layer 27: sigma=[0.326, 0.100, 0.100, 0.100, 0.100, 0.100, 0.100, 0.100, 0.100, 0.100, 0.100, 0.100, 0.100, 0.100, 0.100, 0.100, 0.100, 0.100, 0.268, 0.100, 0.306, 0.100, 0.100, 0.100]

  [Taylor Step 3/3] g_proj = v_proj * alpha (damping=0.01)...
    Layer  0: alpha=0.056050  teacher_rms=0.0170  v_rms=0.0030
    Layer  1: alpha=0.058408  teacher_rms=0.0387  v_rms=0.0066
    Layer  2: alpha=0.015216  teacher_rms=0.0168  v_rms=0.0110
    Layer  3: alpha=0.017317  teacher_rms=0.0218  v_rms=0.0126
    Layer  4: alpha=0.025271  teacher_rms=0.0316  v_rms=0.0125
    Layer  5: alpha=0.034056  teacher_rms=0.0429  v_rms=0.0126
    Layer  7: alpha=0.047453  teacher_rms=0.0681  v_rms=0.0143
    Layer  8: alpha=0.052318  teacher_rms=0.0757  v_rms=0.0145
    Layer  9: alpha=0.047991  teacher_rms=0.0774  v_rms=0.0161
    Layer 10: alpha=0.046839  teacher_rms=0.0848  v_rms=0.0181
    Layer 11: alpha=0.047587  teacher_rms=0.0824  v_rms=0.0173
    Layer 12: alpha=0.054307  teacher_rms=0.0896  v_rms=0.0165
    Layer 13: alpha=0.046170  teacher_rms=0.0933  v_rms=0.0202
    Layer 14: alpha=0.048970  teacher_rms=0.0816  v_rms=0.0167
    Layer 15: alpha=0.040767  teacher_rms=0.0673  v_rms=0.0165
    Layer 16: alpha=0.028714  teacher_rms=0.0493  v_rms=0.0172
    Layer 17: alpha=0.024043  teacher_rms=0.0430  v_rms=0.0179
    Layer 18: alpha=0.022965  teacher_rms=0.0427  v_rms=0.0186
    Layer 19: alpha=0.033080  teacher_rms=0.0638  v_rms=0.0193
    Layer 20: alpha=0.022405  teacher_rms=0.0426  v_rms=0.0190
    Layer 21: alpha=0.019452  teacher_rms=0.0411  v_rms=0.0211
    Layer 22: alpha=0.019571  teacher_rms=0.0441  v_rms=0.0226
    Layer 23: alpha=0.032620  teacher_rms=0.0659  v_rms=0.0202
    Layer 24: alpha=0.027092  teacher_rms=0.0766  v_rms=0.0283
    Layer 25: alpha=0.033922  teacher_rms=0.0859  v_rms=0.0253
    Layer 26: alpha=0.038819  teacher_rms=0.1157  v_rms=0.0298
    Layer 27: alpha=0.040981  teacher_rms=0.1451  v_rms=0.0354

  Set g_proj = v_proj * alpha in 27 GDN layers (damping=0.01).
  Init (taylor_distill) done in 188.0s
  Layer 6: PPL = 518.87  (eval 9.9s)

============================================================
  Probing layer 7 | strategy=taylor_distill
============================================================
Loading checkpoint shards:   0%|          | 0/2 [00:00<?, ?it/s]Loading checkpoint shards: 100%|██████████| 2/2 [00:00<00:00, 115.96it/s]
Loading checkpoint shards:   0%|          | 0/2 [00:00<?, ?it/s]Loading checkpoint shards: 100%|██████████| 2/2 [00:00<00:00, 122.01it/s]
Token indices sequence length is longer than the specified maximum sequence length for this model (2349952 > 131072). Running this sequence through the model will result in indexing errors
  [Taylor Step 1/3] Gate calibration from attention stats...
    Layer  0: dist=[22, 3, 29, 29, 23, 23, 45, 42, 35, 49, 55, 53, 51, 45, 49, 7, 57, 35, 19, 33, 21, 58, 58, 47]
    Layer  1: dist=[37, 40, 77, 52, 50, 57, 33, 74, 40, 65, 64, 71, 45, 43, 50, 25, 28, 66, 58, 48, 61, 52, 50, 57]
    Layer  2: dist=[115, 119, 121, 102, 116, 107, 121, 117, 116, 119, 113, 101, 119, 119, 102, 122, 122, 122, 120, 120, 121, 115, 118, 113]
    Layer  3: dist=[98, 116, 112, 123, 119, 122, 105, 113, 115, 107, 117, 107, 113, 116, 114, 108, 102, 111, 111, 118, 116, 93, 96, 95]
    Layer  4: dist=[98, 112, 120, 98, 97, 92, 99, 95, 108, 107, 104, 113, 86, 106, 111, 97, 120, 105, 99, 102, 101, 118, 122, 109]
    Layer  5: dist=[114, 106, 103, 84, 90, 96, 121, 126, 112, 95, 100, 99, 72, 81, 95, 112, 99, 103, 99, 92, 96, 88, 97, 96]
    Layer  6: dist=[99, 111, 96, 87, 85, 92, 100, 96, 97, 90, 82, 87, 92, 103, 83, 77, 82, 84, 101, 100, 87, 102, 97, 95]
    Layer  8: dist=[95, 73, 108, 73, 90, 76, 107, 95, 107, 78, 88, 80, 72, 84, 80, 72, 66, 74, 78, 82, 81, 79, 64, 71]
    Layer  9: dist=[63, 63, 64, 97, 102, 103, 65, 61, 74, 91, 88, 89, 85, 79, 64, 86, 77, 79, 89, 107, 98, 74, 64, 92]
    Layer 10: dist=[78, 77, 81, 94, 97, 98, 78, 72, 70, 83, 70, 101, 61, 52, 66, 85, 89, 75, 62, 65, 67, 112, 99, 87]
    Layer 11: dist=[47, 70, 52, 76, 79, 80, 80, 74, 70, 79, 72, 63, 82, 74, 93, 80, 80, 92, 68, 68, 70, 78, 69, 75]
    Layer 12: dist=[78, 75, 66, 108, 108, 89, 70, 69, 73, 81, 78, 85, 65, 94, 70, 97, 93, 71, 91, 109, 110, 52, 74, 59]
    Layer 13: dist=[84, 82, 84, 83, 80, 77, 28, 53, 47, 67, 62, 86, 84, 112, 92, 71, 100, 81, 86, 92, 84, 89, 99, 88]
    Layer 14: dist=[45, 118, 119, 67, 56, 57, 63, 56, 56, 78, 100, 104, 94, 93, 93, 85, 80, 83, 60, 74, 80, 104, 115, 77]
    Layer 15: dist=[105, 105, 89, 72, 73, 81, 97, 77, 83, 63, 76, 76, 112, 115, 100, 90, 88, 95, 104, 109, 100, 93, 97, 100]
    Layer 16: dist=[124, 98, 120, 121, 97, 122, 90, 91, 87, 103, 122, 97, 120, 115, 106, 102, 107, 103, 95, 80, 87, 93, 116, 120]
    Layer 17: dist=[109, 112, 97, 115, 114, 105, 76, 96, 88, 113, 106, 116, 117, 107, 103, 91, 110, 90, 115, 111, 119, 122, 114, 119]
    Layer 18: dist=[80, 110, 121, 119, 115, 111, 94, 90, 96, 98, 105, 99, 123, 122, 121, 118, 114, 104, 114, 106, 96, 91, 111, 105]
    Layer 19: dist=[104, 76, 85, 92, 90, 95, 91, 49, 98, 94, 101, 98, 115, 84, 121, 115, 107, 110, 105, 94, 104, 114, 118, 117]
    Layer 20: dist=[102, 117, 118, 115, 112, 112, 109, 110, 122, 112, 112, 114, 102, 100, 115, 115, 113, 118, 109, 97, 98, 103, 108, 106]
    Layer 21: dist=[109, 112, 109, 122, 124, 121, 122, 120, 121, 101, 107, 100, 114, 117, 113, 117, 115, 117, 113, 117, 108, 104, 107, 105]
    Layer 22: dist=[119, 103, 111, 119, 118, 119, 123, 124, 122, 116, 119, 118, 111, 102, 84, 113, 95, 103, 117, 121, 117, 115, 123, 117]
    Layer 23: dist=[84, 104, 85, 104, 119, 114, 108, 116, 80, 114, 108, 112, 122, 118, 79, 99, 94, 91, 121, 121, 84, 112, 115, 81]
    Layer 24: dist=[118, 114, 116, 109, 113, 110, 93, 106, 87, 100, 69, 99, 80, 107, 119, 111, 105, 110, 121, 119, 123, 98, 104, 112]
    Layer 25: dist=[112, 122, 121, 121, 119, 123, 79, 72, 69, 121, 111, 121, 117, 97, 114, 88, 106, 105, 104, 106, 101, 79, 115, 57]
    Layer 26: dist=[79, 93, 64, 108, 104, 123, 102, 71, 109, 106, 100, 108, 75, 47, 69, 105, 98, 95, 35, 72, 59, 111, 108, 102]
    Layer 27: dist=[48, 108, 82, 111, 79, 53, 89, 89, 105, 69, 100, 6, 104, 109, 95, 102, 105, 98, 84, 70, 69, 76, 91, 88]

  [Taylor Step 2/3] OLS sigma per head (scaling V)...
    Layer  0: sigma=[0.140, 0.139, 0.135, 0.100, 0.100, 0.100, 0.100, 0.100, 0.100, 0.100, 0.100, 0.100, 0.100, 0.100, 0.100, 0.100, 0.100, 0.100, 0.100, 0.100, 0.100, 0.100, 0.100, 0.100]
    Layer  1: sigma=[0.100, 0.151, 0.100, 0.100, 0.100, 0.100, 0.100, 0.100, 0.100, 0.100, 0.100, 0.100, 0.100, 0.100, 0.100, 0.100, 0.100, 0.100, 0.100, 0.145, 0.100, 0.100, 0.100, 0.100]
    Layer  2: sigma=[0.100, 0.100, 0.100, 0.100, 0.100, 0.100, 0.100, 0.100, 0.100, 0.100, 0.100, 0.100, 0.100, 0.100, 0.100, 0.100, 0.100, 0.100, 0.100, 0.100, 0.100, 0.100, 0.100, 0.100]
    Layer  3: sigma=[0.100, 0.100, 0.100, 0.100, 0.100, 0.100, 0.100, 0.100, 0.100, 0.100, 0.100, 0.100, 0.100, 0.100, 0.100, 0.100, 0.100, 0.100, 0.100, 0.100, 0.100, 0.100, 0.100, 0.100]
    Layer  4: sigma=[0.100, 0.100, 0.100, 0.100, 0.100, 0.100, 0.100, 0.100, 0.100, 0.100, 0.100, 0.100, 0.100, 0.100, 0.100, 0.100, 0.100, 0.100, 0.100, 0.100, 0.100, 0.100, 0.100, 0.100]
    Layer  5: sigma=[0.100, 0.100, 0.100, 0.100, 0.100, 0.100, 0.100, 0.100, 0.100, 0.100, 0.100, 0.100, 0.100, 0.100, 0.100, 0.100, 0.100, 0.100, 0.100, 0.105, 0.100, 0.100, 0.100, 0.100]
    Layer  6: sigma=[0.100, 0.100, 0.100, 0.100, 0.100, 0.100, 0.100, 0.100, 0.100, 0.100, 0.100, 0.100, 0.100, 0.100, 0.100, 0.100, 0.100, 0.100, 0.100, 0.100, 0.100, 0.100, 0.100, 0.100]
    Layer  8: sigma=[0.100, 0.100, 0.100, 0.100, 0.100, 0.100, 0.100, 0.100, 0.100, 0.100, 0.100, 0.100, 0.100, 0.100, 0.100, 0.100, 0.100, 0.100, 0.100, 0.100, 0.100, 0.100, 0.100, 0.100]
    Layer  9: sigma=[0.100, 0.100, 0.100, 0.100, 0.100, 0.100, 0.100, 0.100, 0.100, 0.100, 0.100, 0.100, 0.100, 0.100, 0.100, 0.100, 0.100, 0.100, 0.100, 0.100, 0.100, 0.100, 0.100, 0.109]
    Layer 10: sigma=[0.100, 0.100, 0.100, 0.100, 0.100, 0.100, 0.100, 0.100, 0.113, 0.100, 0.100, 0.100, 0.124, 0.276, 0.100, 0.100, 0.100, 0.100, 0.100, 0.100, 0.100, 0.100, 0.132, 0.100]
    Layer 11: sigma=[0.100, 0.174, 0.100, 0.100, 0.100, 0.100, 0.100, 0.100, 0.100, 0.100, 0.100, 0.100, 0.100, 0.100, 0.100, 0.100, 0.100, 0.100, 0.100, 0.100, 0.100, 0.100, 0.100, 0.100]
    Layer 12: sigma=[0.100, 0.100, 0.100, 0.100, 0.100, 0.100, 0.100, 0.100, 0.100, 0.100, 0.100, 0.100, 0.100, 0.100, 0.110, 0.100, 0.100, 0.100, 0.100, 0.100, 0.100, 0.100, 0.100, 0.100]
    Layer 13: sigma=[0.100, 0.100, 0.100, 0.100, 0.100, 0.100, 0.100, 0.349, 0.107, 0.100, 0.100, 0.100, 0.100, 0.100, 0.100, 0.100, 0.128, 0.100, 0.100, 0.100, 0.100, 0.100, 0.100, 0.100]
    Layer 14: sigma=[0.100, 0.100, 0.100, 0.100, 0.100, 0.193, 0.100, 0.100, 0.100, 0.100, 0.100, 0.100, 0.100, 0.100, 0.100, 0.100, 0.100, 0.100, 0.100, 0.100, 0.100, 0.100, 0.100, 0.100]
    Layer 15: sigma=[0.100, 0.100, 0.100, 0.100, 0.100, 0.100, 0.100, 0.100, 0.100, 0.165, 0.100, 0.100, 0.100, 0.100, 0.100, 0.100, 0.100, 0.100, 0.100, 0.100, 0.100, 0.100, 0.100, 0.100]
    Layer 16: sigma=[0.100, 0.100, 0.100, 0.100, 0.100, 0.100, 0.100, 0.100, 0.100, 0.100, 0.100, 0.100, 0.100, 0.100, 0.100, 0.100, 0.100, 0.100, 0.100, 0.100, 0.100, 0.100, 0.100, 0.100]
    Layer 17: sigma=[0.100, 0.100, 0.100, 0.100, 0.100, 0.100, 0.100, 0.100, 0.100, 0.100, 0.100, 0.100, 0.100, 0.100, 0.100, 0.100, 0.100, 0.100, 0.100, 0.100, 0.100, 0.100, 0.100, 0.100]
    Layer 18: sigma=[0.100, 0.100, 0.100, 0.100, 0.100, 0.100, 0.100, 0.100, 0.100, 0.100, 0.100, 0.100, 0.100, 0.100, 0.100, 0.100, 0.100, 0.100, 0.100, 0.100, 0.100, 0.100, 0.100, 0.100]
    Layer 19: sigma=[0.100, 0.100, 0.100, 0.100, 0.100, 0.100, 0.100, 0.181, 0.100, 0.100, 0.158, 0.100, 0.100, 0.100, 0.100, 0.100, 0.100, 0.100, 0.100, 0.100, 0.100, 0.100, 0.100, 0.100]
    Layer 20: sigma=[0.100, 0.100, 0.100, 0.100, 0.100, 0.100, 0.100, 0.100, 0.100, 0.100, 0.100, 0.100, 0.100, 0.100, 0.100, 0.100, 0.100, 0.100, 0.100, 0.100, 0.100, 0.100, 0.100, 0.100]
    Layer 21: sigma=[0.100, 0.100, 0.100, 0.100, 0.100, 0.100, 0.100, 0.100, 0.100, 0.100, 0.100, 0.100, 0.100, 0.100, 0.100, 0.100, 0.100, 0.100, 0.100, 0.100, 0.100, 0.100, 0.100, 0.100]
    Layer 22: sigma=[0.100, 0.100, 0.100, 0.100, 0.100, 0.100, 0.100, 0.100, 0.100, 0.100, 0.100, 0.100, 0.100, 0.100, 0.100, 0.100, 0.100, 0.100, 0.100, 0.100, 0.100, 0.100, 0.100, 0.100]
    Layer 23: sigma=[0.100, 0.100, 0.100, 0.110, 0.100, 0.100, 0.100, 0.100, 0.100, 0.100, 0.100, 0.100, 0.100, 0.100, 0.100, 0.100, 0.100, 0.100, 0.100, 0.100, 0.200, 0.100, 0.100, 0.100]
    Layer 24: sigma=[0.100, 0.100, 0.100, 0.100, 0.100, 0.100, 0.100, 0.100, 0.100, 0.253, 0.100, 0.100, 0.100, 0.100, 0.100, 0.100, 0.100, 0.100, 0.100, 0.100, 0.100, 0.100, 0.100, 0.100]
    Layer 25: sigma=[0.100, 0.100, 0.100, 0.100, 0.100, 0.100, 0.100, 0.100, 0.133, 0.100, 0.111, 0.100, 0.100, 0.114, 0.100, 0.100, 0.100, 0.100, 0.100, 0.100, 0.100, 0.100, 0.100, 0.100]
    Layer 26: sigma=[0.100, 0.100, 0.100, 0.100, 0.105, 0.100, 0.100, 0.100, 0.100, 0.100, 0.100, 0.100, 0.135, 0.100, 0.100, 0.100, 0.100, 0.100, 0.297, 0.100, 0.100, 0.100, 0.100, 0.100]
    Layer 27: sigma=[0.286, 0.100, 0.100, 0.100, 0.100, 0.100, 0.100, 0.100, 0.100, 0.100, 0.100, 0.100, 0.100, 0.100, 0.100, 0.100, 0.100, 0.100, 0.252, 0.100, 0.312, 0.100, 0.100, 0.100]

  [Taylor Step 3/3] g_proj = v_proj * alpha (damping=0.01)...
    Layer  0: alpha=0.056714  teacher_rms=0.0170  v_rms=0.0030
    Layer  1: alpha=0.059024  teacher_rms=0.0387  v_rms=0.0066
    Layer  2: alpha=0.015216  teacher_rms=0.0168  v_rms=0.0110
    Layer  3: alpha=0.017317  teacher_rms=0.0218  v_rms=0.0126
    Layer  4: alpha=0.025271  teacher_rms=0.0316  v_rms=0.0125
    Layer  5: alpha=0.034090  teacher_rms=0.0429  v_rms=0.0126
    Layer  6: alpha=0.039001  teacher_rms=0.0529  v_rms=0.0136
    Layer  8: alpha=0.052318  teacher_rms=0.0757  v_rms=0.0145
    Layer  9: alpha=0.048024  teacher_rms=0.0774  v_rms=0.0161
    Layer 10: alpha=0.047300  teacher_rms=0.0848  v_rms=0.0179
    Layer 11: alpha=0.050379  teacher_rms=0.0824  v_rms=0.0164
    Layer 12: alpha=0.054269  teacher_rms=0.0896  v_rms=0.0165
    Layer 13: alpha=0.046345  teacher_rms=0.0933  v_rms=0.0201
    Layer 14: alpha=0.049392  teacher_rms=0.0816  v_rms=0.0165
    Layer 15: alpha=0.040789  teacher_rms=0.0673  v_rms=0.0165
    Layer 16: alpha=0.028714  teacher_rms=0.0493  v_rms=0.0172
    Layer 17: alpha=0.024043  teacher_rms=0.0430  v_rms=0.0179
    Layer 18: alpha=0.022965  teacher_rms=0.0427  v_rms=0.0186
    Layer 19: alpha=0.033324  teacher_rms=0.0638  v_rms=0.0191
    Layer 20: alpha=0.022405  teacher_rms=0.0426  v_rms=0.0190
    Layer 21: alpha=0.019452  teacher_rms=0.0411  v_rms=0.0211
    Layer 22: alpha=0.019571  teacher_rms=0.0441  v_rms=0.0226
    Layer 23: alpha=0.032515  teacher_rms=0.0659  v_rms=0.0203
    Layer 24: alpha=0.027610  teacher_rms=0.0766  v_rms=0.0278
    Layer 25: alpha=0.033548  teacher_rms=0.0859  v_rms=0.0256
    Layer 26: alpha=0.038807  teacher_rms=0.1157  v_rms=0.0298
    Layer 27: alpha=0.042430  teacher_rms=0.1451  v_rms=0.0342

  Set g_proj = v_proj * alpha in 27 GDN layers (damping=0.01).
  Init (taylor_distill) done in 189.8s
  Layer 7: PPL = 558.37  (eval 10.3s)

============================================================
  Probing layer 8 | strategy=taylor_distill
============================================================
Loading checkpoint shards:   0%|          | 0/2 [00:00<?, ?it/s]Loading checkpoint shards: 100%|██████████| 2/2 [00:00<00:00, 115.71it/s]
Loading checkpoint shards:   0%|          | 0/2 [00:00<?, ?it/s]Loading checkpoint shards: 100%|██████████| 2/2 [00:00<00:00, 115.17it/s]
Token indices sequence length is longer than the specified maximum sequence length for this model (2349952 > 131072). Running this sequence through the model will result in indexing errors
  [Taylor Step 1/3] Gate calibration from attention stats...
    Layer  0: dist=[22, 3, 29, 29, 23, 23, 45, 42, 35, 49, 55, 53, 51, 45, 49, 7, 57, 35, 19, 33, 21, 58, 58, 47]
    Layer  1: dist=[37, 40, 77, 52, 50, 57, 33, 74, 40, 65, 64, 71, 45, 43, 50, 25, 28, 66, 58, 48, 61, 52, 50, 57]
    Layer  2: dist=[115, 119, 121, 102, 116, 107, 121, 117, 116, 119, 113, 101, 119, 119, 102, 122, 122, 122, 120, 120, 121, 115, 118, 113]
    Layer  3: dist=[98, 116, 112, 123, 119, 122, 105, 113, 115, 107, 117, 107, 113, 116, 114, 108, 102, 111, 111, 118, 116, 93, 96, 95]
    Layer  4: dist=[98, 112, 120, 98, 97, 92, 99, 95, 108, 107, 104, 113, 86, 106, 111, 97, 120, 105, 99, 102, 101, 118, 122, 109]
    Layer  5: dist=[114, 106, 103, 84, 90, 96, 121, 126, 112, 95, 100, 99, 72, 81, 95, 112, 99, 103, 99, 92, 96, 88, 97, 96]
    Layer  6: dist=[99, 111, 96, 87, 85, 92, 100, 96, 97, 90, 82, 87, 92, 103, 83, 77, 82, 84, 101, 100, 87, 102, 97, 95]
    Layer  7: dist=[85, 72, 99, 68, 88, 85, 65, 71, 79, 78, 96, 85, 94, 82, 84, 85, 83, 94, 88, 83, 81, 82, 87, 79]
    Layer  9: dist=[63, 63, 64, 97, 102, 103, 65, 61, 74, 91, 88, 89, 85, 79, 64, 86, 77, 79, 89, 107, 98, 74, 64, 92]
    Layer 10: dist=[78, 77, 81, 94, 97, 98, 78, 72, 70, 83, 70, 101, 61, 52, 66, 85, 89, 75, 62, 65, 67, 112, 99, 87]
    Layer 11: dist=[47, 70, 52, 76, 79, 80, 80, 74, 70, 79, 72, 63, 82, 74, 93, 80, 80, 92, 68, 68, 70, 78, 69, 75]
    Layer 12: dist=[78, 75, 66, 108, 108, 89, 70, 69, 73, 81, 78, 85, 65, 94, 70, 97, 93, 71, 91, 109, 110, 52, 74, 59]
    Layer 13: dist=[84, 82, 84, 83, 80, 77, 28, 53, 47, 67, 62, 86, 84, 112, 92, 71, 100, 81, 86, 92, 84, 89, 99, 88]
    Layer 14: dist=[45, 118, 119, 67, 56, 57, 63, 56, 56, 78, 100, 104, 94, 93, 93, 85, 80, 83, 60, 74, 80, 104, 115, 77]
    Layer 15: dist=[105, 105, 89, 72, 73, 81, 97, 77, 83, 63, 76, 76, 112, 115, 100, 90, 88, 95, 104, 109, 100, 93, 97, 100]
    Layer 16: dist=[124, 98, 120, 121, 97, 122, 90, 91, 87, 103, 122, 97, 120, 115, 106, 102, 107, 103, 95, 80, 87, 93, 116, 120]
    Layer 17: dist=[109, 112, 97, 115, 114, 105, 76, 96, 88, 113, 106, 116, 117, 107, 103, 91, 110, 90, 115, 111, 119, 122, 114, 119]
    Layer 18: dist=[80, 110, 121, 119, 115, 111, 94, 90, 96, 98, 105, 99, 123, 122, 121, 118, 114, 104, 114, 106, 96, 91, 111, 105]
    Layer 19: dist=[104, 76, 85, 92, 90, 95, 91, 49, 98, 94, 101, 98, 115, 84, 121, 115, 107, 110, 105, 94, 104, 114, 118, 117]
    Layer 20: dist=[102, 117, 118, 115, 112, 112, 109, 110, 122, 112, 112, 114, 102, 100, 115, 115, 113, 118, 109, 97, 98, 103, 108, 106]
    Layer 21: dist=[109, 112, 109, 122, 124, 121, 122, 120, 121, 101, 107, 100, 114, 117, 113, 117, 115, 117, 113, 117, 108, 104, 107, 105]
    Layer 22: dist=[119, 103, 111, 119, 118, 119, 123, 124, 122, 116, 119, 118, 111, 102, 84, 113, 95, 103, 117, 121, 117, 115, 123, 117]
    Layer 23: dist=[84, 104, 85, 104, 119, 114, 108, 116, 80, 114, 108, 112, 122, 118, 79, 99, 94, 91, 121, 121, 84, 112, 115, 81]
    Layer 24: dist=[118, 114, 116, 109, 113, 110, 93, 106, 87, 100, 69, 99, 80, 107, 119, 111, 105, 110, 121, 119, 123, 98, 104, 112]
    Layer 25: dist=[112, 122, 121, 121, 119, 123, 79, 72, 69, 121, 111, 121, 117, 97, 114, 88, 106, 105, 104, 106, 101, 79, 115, 57]
    Layer 26: dist=[79, 93, 64, 108, 104, 123, 102, 71, 109, 106, 100, 108, 75, 47, 69, 105, 98, 95, 35, 72, 59, 111, 108, 102]
    Layer 27: dist=[48, 108, 82, 111, 79, 53, 89, 89, 105, 69, 100, 6, 104, 109, 95, 102, 105, 98, 84, 70, 69, 76, 91, 88]

  [Taylor Step 2/3] OLS sigma per head (scaling V)...
    Layer  0: sigma=[0.142, 0.138, 0.136, 0.100, 0.100, 0.100, 0.100, 0.100, 0.100, 0.100, 0.100, 0.100, 0.100, 0.100, 0.100, 0.100, 0.100, 0.100, 0.100, 0.100, 0.100, 0.108, 0.100, 0.100]
    Layer  1: sigma=[0.100, 0.161, 0.100, 0.100, 0.100, 0.100, 0.100, 0.100, 0.100, 0.100, 0.100, 0.100, 0.100, 0.100, 0.100, 0.100, 0.100, 0.100, 0.100, 0.149, 0.100, 0.100, 0.100, 0.100]
    Layer  2: sigma=[0.100, 0.100, 0.100, 0.100, 0.100, 0.100, 0.100, 0.100, 0.100, 0.100, 0.100, 0.100, 0.100, 0.100, 0.100, 0.100, 0.100, 0.100, 0.100, 0.100, 0.100, 0.100, 0.100, 0.100]
    Layer  3: sigma=[0.100, 0.100, 0.100, 0.100, 0.100, 0.100, 0.100, 0.100, 0.100, 0.100, 0.100, 0.100, 0.100, 0.100, 0.100, 0.100, 0.100, 0.100, 0.100, 0.100, 0.100, 0.100, 0.100, 0.100]
    Layer  4: sigma=[0.100, 0.100, 0.100, 0.100, 0.100, 0.100, 0.100, 0.100, 0.100, 0.100, 0.100, 0.100, 0.100, 0.100, 0.100, 0.100, 0.100, 0.100, 0.100, 0.100, 0.100, 0.100, 0.100, 0.100]
    Layer  5: sigma=[0.100, 0.100, 0.100, 0.100, 0.100, 0.100, 0.100, 0.100, 0.100, 0.100, 0.100, 0.100, 0.100, 0.100, 0.100, 0.100, 0.100, 0.100, 0.100, 0.107, 0.100, 0.100, 0.100, 0.100]
    Layer  6: sigma=[0.100, 0.100, 0.100, 0.100, 0.100, 0.100, 0.100, 0.100, 0.100, 0.100, 0.100, 0.100, 0.100, 0.100, 0.100, 0.100, 0.100, 0.100, 0.100, 0.100, 0.100, 0.100, 0.100, 0.100]
    Layer  7: sigma=[0.100, 0.100, 0.100, 0.100, 0.100, 0.100, 0.100, 0.100, 0.100, 0.100, 0.100, 0.100, 0.100, 0.100, 0.100, 0.100, 0.100, 0.100, 0.100, 0.100, 0.100, 0.100, 0.100, 0.100]
    Layer  9: sigma=[0.100, 0.100, 0.100, 0.100, 0.100, 0.100, 0.100, 0.100, 0.100, 0.100, 0.100, 0.100, 0.100, 0.100, 0.100, 0.100, 0.100, 0.100, 0.100, 0.100, 0.100, 0.100, 0.100, 0.105]
    Layer 10: sigma=[0.100, 0.100, 0.100, 0.100, 0.100, 0.100, 0.100, 0.100, 0.114, 0.100, 0.100, 0.100, 0.121, 0.276, 0.100, 0.100, 0.100, 0.100, 0.100, 0.100, 0.102, 0.100, 0.133, 0.100]
    Layer 11: sigma=[0.100, 0.185, 0.100, 0.100, 0.100, 0.100, 0.100, 0.100, 0.100, 0.100, 0.100, 0.100, 0.100, 0.100, 0.100, 0.100, 0.100, 0.100, 0.100, 0.100, 0.100, 0.100, 0.100, 0.100]
    Layer 12: sigma=[0.100, 0.100, 0.100, 0.100, 0.100, 0.100, 0.100, 0.100, 0.100, 0.100, 0.100, 0.100, 0.100, 0.100, 0.109, 0.100, 0.100, 0.100, 0.100, 0.100, 0.100, 0.100, 0.100, 0.100]
    Layer 13: sigma=[0.100, 0.100, 0.100, 0.100, 0.100, 0.100, 0.100, 0.349, 0.104, 0.100, 0.100, 0.100, 0.100, 0.100, 0.100, 0.100, 0.133, 0.100, 0.100, 0.100, 0.100, 0.100, 0.100, 0.100]
    Layer 14: sigma=[0.100, 0.100, 0.100, 0.100, 0.100, 0.199, 0.100, 0.100, 0.100, 0.100, 0.100, 0.100, 0.100, 0.100, 0.100, 0.100, 0.100, 0.100, 0.100, 0.100, 0.100, 0.100, 0.100, 0.100]
    Layer 15: sigma=[0.100, 0.100, 0.100, 0.100, 0.100, 0.100, 0.100, 0.100, 0.100, 0.166, 0.100, 0.100, 0.100, 0.100, 0.100, 0.100, 0.100, 0.100, 0.100, 0.100, 0.100, 0.100, 0.100, 0.100]
    Layer 16: sigma=[0.100, 0.100, 0.100, 0.100, 0.100, 0.100, 0.100, 0.100, 0.100, 0.100, 0.100, 0.100, 0.100, 0.100, 0.100, 0.100, 0.100, 0.100, 0.100, 0.100, 0.100, 0.100, 0.100, 0.100]
    Layer 17: sigma=[0.100, 0.100, 0.100, 0.100, 0.100, 0.100, 0.100, 0.100, 0.100, 0.100, 0.100, 0.100, 0.100, 0.100, 0.100, 0.100, 0.100, 0.100, 0.100, 0.100, 0.100, 0.100, 0.100, 0.100]
    Layer 18: sigma=[0.100, 0.100, 0.100, 0.100, 0.100, 0.100, 0.100, 0.100, 0.100, 0.100, 0.100, 0.100, 0.100, 0.100, 0.100, 0.100, 0.100, 0.100, 0.100, 0.100, 0.100, 0.100, 0.100, 0.100]
    Layer 19: sigma=[0.100, 0.100, 0.100, 0.100, 0.100, 0.100, 0.100, 0.208, 0.100, 0.100, 0.157, 0.100, 0.100, 0.100, 0.100, 0.100, 0.100, 0.100, 0.100, 0.100, 0.100, 0.100, 0.100, 0.100]
    Layer 20: sigma=[0.100, 0.100, 0.100, 0.100, 0.100, 0.100, 0.100, 0.100, 0.100, 0.100, 0.100, 0.100, 0.100, 0.100, 0.100, 0.100, 0.100, 0.100, 0.100, 0.100, 0.100, 0.100, 0.100, 0.100]
    Layer 21: sigma=[0.100, 0.100, 0.100, 0.100, 0.100, 0.100, 0.100, 0.100, 0.100, 0.100, 0.100, 0.100, 0.100, 0.100, 0.100, 0.100, 0.100, 0.100, 0.100, 0.100, 0.100, 0.100, 0.100, 0.100]
    Layer 22: sigma=[0.100, 0.100, 0.100, 0.100, 0.100, 0.100, 0.100, 0.100, 0.100, 0.100, 0.100, 0.100, 0.100, 0.100, 0.100, 0.100, 0.100, 0.100, 0.100, 0.100, 0.100, 0.100, 0.100, 0.100]
    Layer 23: sigma=[0.100, 0.100, 0.100, 0.100, 0.100, 0.100, 0.100, 0.100, 0.100, 0.100, 0.100, 0.100, 0.100, 0.100, 0.100, 0.100, 0.100, 0.100, 0.100, 0.100, 0.195, 0.100, 0.100, 0.100]
    Layer 24: sigma=[0.100, 0.100, 0.100, 0.100, 0.100, 0.100, 0.100, 0.100, 0.100, 0.270, 0.100, 0.100, 0.100, 0.100, 0.100, 0.100, 0.100, 0.100, 0.100, 0.100, 0.100, 0.100, 0.100, 0.100]
    Layer 25: sigma=[0.100, 0.100, 0.100, 0.100, 0.100, 0.100, 0.100, 0.100, 0.117, 0.100, 0.114, 0.100, 0.100, 0.112, 0.100, 0.100, 0.100, 0.100, 0.100, 0.100, 0.100, 0.100, 0.100, 0.100]
    Layer 26: sigma=[0.100, 0.100, 0.100, 0.100, 0.113, 0.100, 0.100, 0.100, 0.100, 0.100, 0.100, 0.100, 0.146, 0.100, 0.100, 0.100, 0.100, 0.100, 0.310, 0.100, 0.100, 0.100, 0.100, 0.100]
    Layer 27: sigma=[0.334, 0.100, 0.100, 0.100, 0.100, 0.100, 0.100, 0.100, 0.100, 0.100, 0.100, 0.100, 0.100, 0.100, 0.100, 0.100, 0.100, 0.100, 0.337, 0.100, 0.351, 0.100, 0.100, 0.100]

  [Taylor Step 3/3] g_proj = v_proj * alpha (damping=0.01)...
    Layer  0: alpha=0.056328  teacher_rms=0.0170  v_rms=0.0030
    Layer  1: alpha=0.058529  teacher_rms=0.0387  v_rms=0.0066
    Layer  2: alpha=0.015216  teacher_rms=0.0168  v_rms=0.0110
    Layer  3: alpha=0.017317  teacher_rms=0.0218  v_rms=0.0126
    Layer  4: alpha=0.025271  teacher_rms=0.0316  v_rms=0.0125
    Layer  5: alpha=0.034063  teacher_rms=0.0429  v_rms=0.0126
    Layer  6: alpha=0.039001  teacher_rms=0.0529  v_rms=0.0136
    Layer  7: alpha=0.047453  teacher_rms=0.0681  v_rms=0.0143
    Layer  9: alpha=0.048112  teacher_rms=0.0774  v_rms=0.0161
    Layer 10: alpha=0.047278  teacher_rms=0.0848  v_rms=0.0179
    Layer 11: alpha=0.050053  teacher_rms=0.0824  v_rms=0.0165
    Layer 12: alpha=0.054294  teacher_rms=0.0896  v_rms=0.0165
    Layer 13: alpha=0.046315  teacher_rms=0.0933  v_rms=0.0201
    Layer 14: alpha=0.049205  teacher_rms=0.0816  v_rms=0.0166
    Layer 15: alpha=0.040772  teacher_rms=0.0673  v_rms=0.0165
    Layer 16: alpha=0.028714  teacher_rms=0.0493  v_rms=0.0172
    Layer 17: alpha=0.024043  teacher_rms=0.0430  v_rms=0.0179
    Layer 18: alpha=0.022965  teacher_rms=0.0427  v_rms=0.0186
    Layer 19: alpha=0.032799  teacher_rms=0.0638  v_rms=0.0195
    Layer 20: alpha=0.022405  teacher_rms=0.0426  v_rms=0.0190
    Layer 21: alpha=0.019452  teacher_rms=0.0411  v_rms=0.0211
    Layer 22: alpha=0.019571  teacher_rms=0.0441  v_rms=0.0226
    Layer 23: alpha=0.032740  teacher_rms=0.0659  v_rms=0.0201
    Layer 24: alpha=0.027289  teacher_rms=0.0766  v_rms=0.0281
    Layer 25: alpha=0.033647  teacher_rms=0.0859  v_rms=0.0255
    Layer 26: alpha=0.038135  teacher_rms=0.1157  v_rms=0.0303
    Layer 27: alpha=0.038447  teacher_rms=0.1451  v_rms=0.0377

  Set g_proj = v_proj * alpha in 27 GDN layers (damping=0.01).
  Init (taylor_distill) done in 198.5s
  Layer 8: PPL = 631.90  (eval 9.9s)

============================================================
  Probing layer 9 | strategy=taylor_distill
============================================================
Loading checkpoint shards:   0%|          | 0/2 [00:00<?, ?it/s]Loading checkpoint shards: 100%|██████████| 2/2 [00:00<00:00, 118.15it/s]
Loading checkpoint shards:   0%|          | 0/2 [00:00<?, ?it/s]Loading checkpoint shards: 100%|██████████| 2/2 [00:00<00:00, 97.51it/s]
Token indices sequence length is longer than the specified maximum sequence length for this model (2349952 > 131072). Running this sequence through the model will result in indexing errors
  [Taylor Step 1/3] Gate calibration from attention stats...
    Layer  0: dist=[22, 3, 29, 29, 23, 23, 45, 42, 35, 49, 55, 53, 51, 45, 49, 7, 57, 35, 19, 33, 21, 58, 58, 47]
    Layer  1: dist=[37, 40, 77, 52, 50, 57, 33, 74, 40, 65, 64, 71, 45, 43, 50, 25, 28, 66, 58, 48, 61, 52, 50, 57]
    Layer  2: dist=[115, 119, 121, 102, 116, 107, 121, 117, 116, 119, 113, 101, 119, 119, 102, 122, 122, 122, 120, 120, 121, 115, 118, 113]
    Layer  3: dist=[98, 116, 112, 123, 119, 122, 105, 113, 115, 107, 117, 107, 113, 116, 114, 108, 102, 111, 111, 118, 116, 93, 96, 95]
    Layer  4: dist=[98, 112, 120, 98, 97, 92, 99, 95, 108, 107, 104, 113, 86, 106, 111, 97, 120, 105, 99, 102, 101, 118, 122, 109]
    Layer  5: dist=[114, 106, 103, 84, 90, 96, 121, 126, 112, 95, 100, 99, 72, 81, 95, 112, 99, 103, 99, 92, 96, 88, 97, 96]
    Layer  6: dist=[99, 111, 96, 87, 85, 92, 100, 96, 97, 90, 82, 87, 92, 103, 83, 77, 82, 84, 101, 100, 87, 102, 97, 95]
    Layer  7: dist=[85, 72, 99, 68, 88, 85, 65, 71, 79, 78, 96, 85, 94, 82, 84, 85, 83, 94, 88, 83, 81, 82, 87, 79]
    Layer  8: dist=[95, 73, 108, 73, 90, 76, 107, 95, 107, 78, 88, 80, 72, 84, 80, 72, 66, 74, 78, 82, 81, 79, 64, 71]
    Layer 10: dist=[78, 77, 81, 94, 97, 98, 78, 72, 70, 83, 70, 101, 61, 52, 66, 85, 89, 75, 62, 65, 67, 112, 99, 87]
    Layer 11: dist=[47, 70, 52, 76, 79, 80, 80, 74, 70, 79, 72, 63, 82, 74, 93, 80, 80, 92, 68, 68, 70, 78, 69, 75]
    Layer 12: dist=[78, 75, 66, 108, 108, 89, 70, 69, 73, 81, 78, 85, 65, 94, 70, 97, 93, 71, 91, 109, 110, 52, 74, 59]
    Layer 13: dist=[84, 82, 84, 83, 80, 77, 28, 53, 47, 67, 62, 86, 84, 112, 92, 71, 100, 81, 86, 92, 84, 89, 99, 88]
    Layer 14: dist=[45, 118, 119, 67, 56, 57, 63, 56, 56, 78, 100, 104, 94, 93, 93, 85, 80, 83, 60, 74, 80, 104, 115, 77]
    Layer 15: dist=[105, 105, 89, 72, 73, 81, 97, 77, 83, 63, 76, 76, 112, 115, 100, 90, 88, 95, 104, 109, 100, 93, 97, 100]
    Layer 16: dist=[124, 98, 120, 121, 97, 122, 90, 91, 87, 103, 122, 97, 120, 115, 106, 102, 107, 103, 95, 80, 87, 93, 116, 120]
    Layer 17: dist=[109, 112, 97, 115, 114, 105, 76, 96, 88, 113, 106, 116, 117, 107, 103, 91, 110, 90, 115, 111, 119, 122, 114, 119]
    Layer 18: dist=[80, 110, 121, 119, 115, 111, 94, 90, 96, 98, 105, 99, 123, 122, 121, 118, 114, 104, 114, 106, 96, 91, 111, 105]
    Layer 19: dist=[104, 76, 85, 92, 90, 95, 91, 49, 98, 94, 101, 98, 115, 84, 121, 115, 107, 110, 105, 94, 104, 114, 118, 117]
    Layer 20: dist=[102, 117, 118, 115, 112, 112, 109, 110, 122, 112, 112, 114, 102, 100, 115, 115, 113, 118, 109, 97, 98, 103, 108, 106]
    Layer 21: dist=[109, 112, 109, 122, 124, 121, 122, 120, 121, 101, 107, 100, 114, 117, 113, 117, 115, 117, 113, 117, 108, 104, 107, 105]
    Layer 22: dist=[119, 103, 111, 119, 118, 119, 123, 124, 122, 116, 119, 118, 111, 102, 84, 113, 95, 103, 117, 121, 117, 115, 123, 117]
    Layer 23: dist=[84, 104, 85, 104, 119, 114, 108, 116, 80, 114, 108, 112, 122, 118, 79, 99, 94, 91, 121, 121, 84, 112, 115, 81]
    Layer 24: dist=[118, 114, 116, 109, 113, 110, 93, 106, 87, 100, 69, 99, 80, 107, 119, 111, 105, 110, 121, 119, 123, 98, 104, 112]
    Layer 25: dist=[112, 122, 121, 121, 119, 123, 79, 72, 69, 121, 111, 121, 117, 97, 114, 88, 106, 105, 104, 106, 101, 79, 115, 57]
    Layer 26: dist=[79, 93, 64, 108, 104, 123, 102, 71, 109, 106, 100, 108, 75, 47, 69, 105, 98, 95, 35, 72, 59, 111, 108, 102]
    Layer 27: dist=[48, 108, 82, 111, 79, 53, 89, 89, 105, 69, 100, 6, 104, 109, 95, 102, 105, 98, 84, 70, 69, 76, 91, 88]

  [Taylor Step 2/3] OLS sigma per head (scaling V)...
    Layer  0: sigma=[0.142, 0.136, 0.133, 0.100, 0.100, 0.100, 0.100, 0.100, 0.100, 0.100, 0.100, 0.100, 0.100, 0.100, 0.100, 0.100, 0.100, 0.100, 0.100, 0.100, 0.100, 0.110, 0.100, 0.100]
    Layer  1: sigma=[0.100, 0.160, 0.100, 0.100, 0.100, 0.100, 0.100, 0.100, 0.100, 0.100, 0.100, 0.100, 0.100, 0.100, 0.100, 0.100, 0.100, 0.100, 0.100, 0.148, 0.100, 0.100, 0.100, 0.100]
    Layer  2: sigma=[0.100, 0.100, 0.100, 0.100, 0.100, 0.100, 0.100, 0.100, 0.100, 0.100, 0.100, 0.100, 0.100, 0.100, 0.100, 0.100, 0.100, 0.100, 0.100, 0.100, 0.100, 0.100, 0.100, 0.100]
    Layer  3: sigma=[0.100, 0.100, 0.100, 0.100, 0.100, 0.100, 0.100, 0.100, 0.100, 0.100, 0.100, 0.100, 0.100, 0.100, 0.100, 0.100, 0.100, 0.100, 0.100, 0.100, 0.100, 0.100, 0.100, 0.100]
    Layer  4: sigma=[0.100, 0.100, 0.100, 0.100, 0.100, 0.100, 0.100, 0.100, 0.100, 0.100, 0.100, 0.100, 0.100, 0.100, 0.100, 0.100, 0.100, 0.100, 0.100, 0.100, 0.100, 0.100, 0.100, 0.100]
    Layer  5: sigma=[0.100, 0.100, 0.100, 0.100, 0.100, 0.100, 0.100, 0.100, 0.100, 0.100, 0.100, 0.100, 0.100, 0.100, 0.100, 0.100, 0.100, 0.100, 0.100, 0.106, 0.100, 0.100, 0.100, 0.100]
    Layer  6: sigma=[0.100, 0.100, 0.100, 0.100, 0.100, 0.100, 0.100, 0.100, 0.100, 0.100, 0.100, 0.100, 0.100, 0.100, 0.100, 0.100, 0.100, 0.100, 0.100, 0.100, 0.100, 0.100, 0.100, 0.100]
    Layer  7: sigma=[0.100, 0.100, 0.100, 0.100, 0.100, 0.100, 0.100, 0.100, 0.100, 0.100, 0.100, 0.100, 0.100, 0.100, 0.100, 0.100, 0.100, 0.100, 0.100, 0.100, 0.100, 0.100, 0.100, 0.100]
    Layer  8: sigma=[0.100, 0.100, 0.100, 0.100, 0.100, 0.100, 0.100, 0.100, 0.100, 0.100, 0.100, 0.100, 0.100, 0.100, 0.100, 0.100, 0.100, 0.100, 0.100, 0.100, 0.100, 0.100, 0.100, 0.100]
    Layer 10: sigma=[0.100, 0.100, 0.100, 0.100, 0.100, 0.100, 0.100, 0.100, 0.115, 0.100, 0.100, 0.100, 0.127, 0.309, 0.100, 0.100, 0.100, 0.100, 0.100, 0.100, 0.100, 0.100, 0.135, 0.100]
    Layer 11: sigma=[0.100, 0.182, 0.100, 0.100, 0.100, 0.100, 0.100, 0.100, 0.100, 0.100, 0.100, 0.100, 0.100, 0.100, 0.100, 0.100, 0.100, 0.100, 0.100, 0.100, 0.100, 0.100, 0.100, 0.100]
    Layer 12: sigma=[0.100, 0.100, 0.100, 0.100, 0.100, 0.100, 0.100, 0.100, 0.100, 0.100, 0.100, 0.100, 0.100, 0.100, 0.118, 0.100, 0.100, 0.100, 0.100, 0.100, 0.100, 0.100, 0.100, 0.100]
    Layer 13: sigma=[0.100, 0.100, 0.100, 0.100, 0.100, 0.100, 0.100, 0.340, 0.114, 0.100, 0.100, 0.100, 0.100, 0.100, 0.100, 0.100, 0.135, 0.100, 0.100, 0.100, 0.100, 0.100, 0.100, 0.100]
    Layer 14: sigma=[0.100, 0.100, 0.100, 0.100, 0.100, 0.187, 0.100, 0.100, 0.100, 0.100, 0.100, 0.100, 0.100, 0.100, 0.100, 0.100, 0.100, 0.100, 0.100, 0.100, 0.100, 0.100, 0.100, 0.100]
    Layer 15: sigma=[0.100, 0.100, 0.100, 0.100, 0.100, 0.100, 0.100, 0.100, 0.100, 0.164, 0.100, 0.100, 0.100, 0.100, 0.100, 0.100, 0.100, 0.100, 0.100, 0.100, 0.100, 0.100, 0.100, 0.100]
    Layer 16: sigma=[0.100, 0.100, 0.100, 0.100, 0.100, 0.100, 0.100, 0.100, 0.100, 0.100, 0.100, 0.100, 0.100, 0.100, 0.100, 0.100, 0.100, 0.100, 0.100, 0.100, 0.100, 0.100, 0.100, 0.100]
    Layer 17: sigma=[0.100, 0.100, 0.100, 0.100, 0.100, 0.100, 0.100, 0.100, 0.100, 0.100, 0.100, 0.100, 0.100, 0.100, 0.100, 0.100, 0.100, 0.100, 0.100, 0.100, 0.100, 0.100, 0.100, 0.100]
    Layer 18: sigma=[0.100, 0.100, 0.100, 0.100, 0.100, 0.100, 0.100, 0.132, 0.100, 0.100, 0.100, 0.100, 0.100, 0.100, 0.100, 0.100, 0.100, 0.100, 0.100, 0.100, 0.100, 0.100, 0.100, 0.100]
    Layer 19: sigma=[0.100, 0.100, 0.100, 0.100, 0.100, 0.100, 0.100, 0.210, 0.100, 0.100, 0.147, 0.100, 0.100, 0.100, 0.100, 0.100, 0.100, 0.100, 0.100, 0.100, 0.100, 0.100, 0.100, 0.100]
    Layer 20: sigma=[0.100, 0.100, 0.100, 0.100, 0.100, 0.100, 0.100, 0.100, 0.100, 0.100, 0.100, 0.100, 0.100, 0.100, 0.100, 0.100, 0.100, 0.100, 0.100, 0.100, 0.100, 0.100, 0.100, 0.100]
    Layer 21: sigma=[0.100, 0.100, 0.100, 0.100, 0.100, 0.100, 0.100, 0.100, 0.100, 0.100, 0.100, 0.100, 0.100, 0.100, 0.100, 0.100, 0.100, 0.100, 0.100, 0.100, 0.100, 0.100, 0.100, 0.100]
    Layer 22: sigma=[0.100, 0.100, 0.100, 0.100, 0.100, 0.100, 0.100, 0.100, 0.100, 0.100, 0.100, 0.100, 0.100, 0.100, 0.100, 0.100, 0.100, 0.100, 0.100, 0.100, 0.100, 0.100, 0.100, 0.100]
    Layer 23: sigma=[0.100, 0.100, 0.100, 0.110, 0.100, 0.100, 0.100, 0.100, 0.100, 0.100, 0.100, 0.100, 0.100, 0.100, 0.100, 0.100, 0.100, 0.100, 0.100, 0.100, 0.190, 0.100, 0.100, 0.100]
    Layer 24: sigma=[0.100, 0.100, 0.100, 0.100, 0.100, 0.100, 0.100, 0.100, 0.100, 0.273, 0.100, 0.100, 0.100, 0.100, 0.100, 0.100, 0.100, 0.100, 0.100, 0.100, 0.100, 0.100, 0.100, 0.100]
    Layer 25: sigma=[0.100, 0.100, 0.100, 0.100, 0.100, 0.100, 0.100, 0.100, 0.114, 0.100, 0.106, 0.100, 0.100, 0.113, 0.100, 0.100, 0.100, 0.100, 0.100, 0.100, 0.100, 0.100, 0.100, 0.100]
    Layer 26: sigma=[0.100, 0.100, 0.100, 0.100, 0.104, 0.100, 0.100, 0.100, 0.100, 0.100, 0.100, 0.100, 0.194, 0.100, 0.100, 0.100, 0.100, 0.100, 0.316, 0.100, 0.100, 0.100, 0.100, 0.100]
    Layer 27: sigma=[0.256, 0.100, 0.100, 0.100, 0.100, 0.100, 0.100, 0.100, 0.100, 0.100, 0.100, 0.100, 0.100, 0.100, 0.100, 0.100, 0.100, 0.100, 0.255, 0.100, 0.318, 0.100, 0.100, 0.100]

  [Taylor Step 3/3] g_proj = v_proj * alpha (damping=0.01)...
    Layer  0: alpha=0.056358  teacher_rms=0.0170  v_rms=0.0030
    Layer  1: alpha=0.058558  teacher_rms=0.0387  v_rms=0.0066
    Layer  2: alpha=0.015216  teacher_rms=0.0168  v_rms=0.0110
    Layer  3: alpha=0.017317  teacher_rms=0.0218  v_rms=0.0126
    Layer  4: alpha=0.025271  teacher_rms=0.0316  v_rms=0.0125
    Layer  5: alpha=0.034074  teacher_rms=0.0429  v_rms=0.0126
    Layer  6: alpha=0.039001  teacher_rms=0.0529  v_rms=0.0136
    Layer  7: alpha=0.047453  teacher_rms=0.0681  v_rms=0.0143
    Layer  8: alpha=0.052318  teacher_rms=0.0757  v_rms=0.0145
    Layer 10: alpha=0.045906  teacher_rms=0.0848  v_rms=0.0185
    Layer 11: alpha=0.050142  teacher_rms=0.0824  v_rms=0.0164
    Layer 12: alpha=0.054061  teacher_rms=0.0896  v_rms=0.0166
    Layer 13: alpha=0.046410  teacher_rms=0.0933  v_rms=0.0201
    Layer 14: alpha=0.049577  teacher_rms=0.0816  v_rms=0.0165
    Layer 15: alpha=0.040821  teacher_rms=0.0673  v_rms=0.0165
    Layer 16: alpha=0.028714  teacher_rms=0.0493  v_rms=0.0172
    Layer 17: alpha=0.024043  teacher_rms=0.0430  v_rms=0.0179
    Layer 18: alpha=0.022758  teacher_rms=0.0427  v_rms=0.0188
    Layer 19: alpha=0.032898  teacher_rms=0.0638  v_rms=0.0194
    Layer 20: alpha=0.022405  teacher_rms=0.0426  v_rms=0.0190
    Layer 21: alpha=0.019452  teacher_rms=0.0411  v_rms=0.0211
    Layer 22: alpha=0.019571  teacher_rms=0.0441  v_rms=0.0226
    Layer 23: alpha=0.032712  teacher_rms=0.0659  v_rms=0.0201
    Layer 24: alpha=0.027216  teacher_rms=0.0766  v_rms=0.0282
    Layer 25: alpha=0.033808  teacher_rms=0.0859  v_rms=0.0254
    Layer 26: alpha=0.037494  teacher_rms=0.1157  v_rms=0.0309
    Layer 27: alpha=0.043116  teacher_rms=0.1451  v_rms=0.0337

  Set g_proj = v_proj * alpha in 27 GDN layers (damping=0.01).
  Init (taylor_distill) done in 187.3s
  Layer 9: PPL = 588.01  (eval 9.8s)

============================================================
  Probing layer 10 | strategy=taylor_distill
============================================================
Loading checkpoint shards:   0%|          | 0/2 [00:00<?, ?it/s]Loading checkpoint shards: 100%|██████████| 2/2 [00:00<00:00, 118.43it/s]
Loading checkpoint shards:   0%|          | 0/2 [00:00<?, ?it/s]Loading checkpoint shards: 100%|██████████| 2/2 [00:00<00:00, 51.65it/s]
Token indices sequence length is longer than the specified maximum sequence length for this model (2349952 > 131072). Running this sequence through the model will result in indexing errors
  [Taylor Step 1/3] Gate calibration from attention stats...
    Layer  0: dist=[22, 3, 29, 29, 23, 23, 45, 42, 35, 49, 55, 53, 51, 45, 49, 7, 57, 35, 19, 33, 21, 58, 58, 47]
    Layer  1: dist=[37, 40, 77, 52, 50, 57, 33, 74, 40, 65, 64, 71, 45, 43, 50, 25, 28, 66, 58, 48, 61, 52, 50, 57]
    Layer  2: dist=[115, 119, 121, 102, 116, 107, 121, 117, 116, 119, 113, 101, 119, 119, 102, 122, 122, 122, 120, 120, 121, 115, 118, 113]
    Layer  3: dist=[98, 116, 112, 123, 119, 122, 105, 113, 115, 107, 117, 107, 113, 116, 114, 108, 102, 111, 111, 118, 116, 93, 96, 95]
    Layer  4: dist=[98, 112, 120, 98, 97, 92, 99, 95, 108, 107, 104, 113, 86, 106, 111, 97, 120, 105, 99, 102, 101, 118, 122, 109]
    Layer  5: dist=[114, 106, 103, 84, 90, 96, 121, 126, 112, 95, 100, 99, 72, 81, 95, 112, 99, 103, 99, 92, 96, 88, 97, 96]
    Layer  6: dist=[99, 111, 96, 87, 85, 92, 100, 96, 97, 90, 82, 87, 92, 103, 83, 77, 82, 84, 101, 100, 87, 102, 97, 95]
    Layer  7: dist=[85, 72, 99, 68, 88, 85, 65, 71, 79, 78, 96, 85, 94, 82, 84, 85, 83, 94, 88, 83, 81, 82, 87, 79]
    Layer  8: dist=[95, 73, 108, 73, 90, 76, 107, 95, 107, 78, 88, 80, 72, 84, 80, 72, 66, 74, 78, 82, 81, 79, 64, 71]
    Layer  9: dist=[63, 63, 64, 97, 102, 103, 65, 61, 74, 91, 88, 89, 85, 79, 64, 86, 77, 79, 89, 107, 98, 74, 64, 92]
    Layer 11: dist=[47, 70, 52, 76, 79, 80, 80, 74, 70, 79, 72, 63, 82, 74, 93, 80, 80, 92, 68, 68, 70, 78, 69, 75]
    Layer 12: dist=[78, 75, 66, 108, 108, 89, 70, 69, 73, 81, 78, 85, 65, 94, 70, 97, 93, 71, 91, 109, 110, 52, 74, 59]
    Layer 13: dist=[84, 82, 84, 83, 80, 77, 28, 53, 47, 67, 62, 86, 84, 112, 92, 71, 100, 81, 86, 92, 84, 89, 99, 88]
    Layer 14: dist=[45, 118, 119, 67, 56, 57, 63, 56, 56, 78, 100, 104, 94, 93, 93, 85, 80, 83, 60, 74, 80, 104, 115, 77]
    Layer 15: dist=[105, 105, 89, 72, 73, 81, 97, 77, 83, 63, 76, 76, 112, 115, 100, 90, 88, 95, 104, 109, 100, 93, 97, 100]
    Layer 16: dist=[124, 98, 120, 121, 97, 122, 90, 91, 87, 103, 122, 97, 120, 115, 106, 102, 107, 103, 95, 80, 87, 93, 116, 120]
    Layer 17: dist=[109, 112, 97, 115, 114, 105, 76, 96, 88, 113, 106, 116, 117, 107, 103, 91, 110, 90, 115, 111, 119, 122, 114, 119]
    Layer 18: dist=[80, 110, 121, 119, 115, 111, 94, 90, 96, 98, 105, 99, 123, 122, 121, 118, 114, 104, 114, 106, 96, 91, 111, 105]
    Layer 19: dist=[104, 76, 85, 92, 90, 95, 91, 49, 98, 94, 101, 98, 115, 84, 121, 115, 107, 110, 105, 94, 104, 114, 118, 117]
    Layer 20: dist=[102, 117, 118, 115, 112, 112, 109, 110, 122, 112, 112, 114, 102, 100, 115, 115, 113, 118, 109, 97, 98, 103, 108, 106]
    Layer 21: dist=[109, 112, 109, 122, 124, 121, 122, 120, 121, 101, 107, 100, 114, 117, 113, 117, 115, 117, 113, 117, 108, 104, 107, 105]
    Layer 22: dist=[119, 103, 111, 119, 118, 119, 123, 124, 122, 116, 119, 118, 111, 102, 84, 113, 95, 103, 117, 121, 117, 115, 123, 117]
    Layer 23: dist=[84, 104, 85, 104, 119, 114, 108, 116, 80, 114, 108, 112, 122, 118, 79, 99, 94, 91, 121, 121, 84, 112, 115, 81]
    Layer 24: dist=[118, 114, 116, 109, 113, 110, 93, 106, 87, 100, 69, 99, 80, 107, 119, 111, 105, 110, 121, 119, 123, 98, 104, 112]
    Layer 25: dist=[112, 122, 121, 121, 119, 123, 79, 72, 69, 121, 111, 121, 117, 97, 114, 88, 106, 105, 104, 106, 101, 79, 115, 57]
    Layer 26: dist=[79, 93, 64, 108, 104, 123, 102, 71, 109, 106, 100, 108, 75, 47, 69, 105, 98, 95, 35, 72, 59, 111, 108, 102]
    Layer 27: dist=[48, 108, 82, 111, 79, 53, 89, 89, 105, 69, 100, 6, 104, 109, 95, 102, 105, 98, 84, 70, 69, 76, 91, 88]

  [Taylor Step 2/3] OLS sigma per head (scaling V)...
    Layer  0: sigma=[0.145, 0.132, 0.138, 0.100, 0.100, 0.100, 0.100, 0.100, 0.100, 0.100, 0.100, 0.100, 0.100, 0.100, 0.100, 0.100, 0.100, 0.100, 0.100, 0.100, 0.100, 0.109, 0.100, 0.100]
    Layer  1: sigma=[0.100, 0.146, 0.100, 0.100, 0.100, 0.100, 0.100, 0.100, 0.100, 0.100, 0.100, 0.100, 0.100, 0.100, 0.100, 0.100, 0.100, 0.100, 0.100, 0.152, 0.100, 0.100, 0.100, 0.100]
    Layer  2: sigma=[0.100, 0.100, 0.100, 0.100, 0.100, 0.100, 0.100, 0.100, 0.100, 0.100, 0.100, 0.100, 0.100, 0.100, 0.100, 0.100, 0.100, 0.100, 0.100, 0.100, 0.100, 0.100, 0.100, 0.100]
    Layer  3: sigma=[0.100, 0.100, 0.100, 0.100, 0.100, 0.100, 0.100, 0.100, 0.100, 0.100, 0.100, 0.100, 0.100, 0.100, 0.100, 0.100, 0.100, 0.100, 0.100, 0.100, 0.100, 0.100, 0.100, 0.100]
    Layer  4: sigma=[0.100, 0.100, 0.100, 0.100, 0.100, 0.100, 0.100, 0.100, 0.100, 0.100, 0.100, 0.100, 0.100, 0.100, 0.100, 0.100, 0.100, 0.100, 0.100, 0.100, 0.100, 0.100, 0.100, 0.100]
    Layer  5: sigma=[0.100, 0.100, 0.100, 0.100, 0.100, 0.100, 0.100, 0.100, 0.100, 0.100, 0.100, 0.100, 0.100, 0.100, 0.100, 0.100, 0.100, 0.100, 0.100, 0.109, 0.100, 0.100, 0.100, 0.100]
    Layer  6: sigma=[0.100, 0.100, 0.100, 0.100, 0.100, 0.100, 0.100, 0.100, 0.100, 0.100, 0.100, 0.100, 0.100, 0.100, 0.100, 0.100, 0.100, 0.100, 0.100, 0.100, 0.100, 0.100, 0.100, 0.100]
    Layer  7: sigma=[0.100, 0.100, 0.100, 0.100, 0.100, 0.100, 0.100, 0.100, 0.100, 0.100, 0.100, 0.100, 0.100, 0.100, 0.100, 0.100, 0.100, 0.100, 0.100, 0.100, 0.100, 0.100, 0.100, 0.100]
    Layer  8: sigma=[0.100, 0.100, 0.100, 0.100, 0.100, 0.100, 0.100, 0.100, 0.100, 0.100, 0.100, 0.100, 0.100, 0.100, 0.100, 0.100, 0.100, 0.100, 0.100, 0.100, 0.100, 0.100, 0.100, 0.100]
    Layer  9: sigma=[0.100, 0.100, 0.100, 0.100, 0.100, 0.100, 0.100, 0.100, 0.100, 0.100, 0.100, 0.100, 0.100, 0.100, 0.100, 0.100, 0.100, 0.100, 0.100, 0.100, 0.100, 0.100, 0.100, 0.113]
    Layer 11: sigma=[0.100, 0.180, 0.100, 0.100, 0.100, 0.100, 0.100, 0.100, 0.100, 0.100, 0.100, 0.100, 0.100, 0.100, 0.100, 0.100, 0.100, 0.100, 0.100, 0.100, 0.100, 0.100, 0.100, 0.100]
    Layer 12: sigma=[0.100, 0.100, 0.100, 0.100, 0.100, 0.100, 0.100, 0.100, 0.100, 0.100, 0.100, 0.100, 0.100, 0.100, 0.106, 0.100, 0.100, 0.100, 0.100, 0.100, 0.100, 0.100, 0.100, 0.100]
    Layer 13: sigma=[0.100, 0.100, 0.100, 0.100, 0.100, 0.100, 0.100, 0.359, 0.107, 0.100, 0.100, 0.100, 0.100, 0.100, 0.100, 0.100, 0.134, 0.100, 0.100, 0.100, 0.100, 0.100, 0.100, 0.100]
    Layer 14: sigma=[0.100, 0.100, 0.100, 0.100, 0.100, 0.174, 0.100, 0.100, 0.100, 0.100, 0.100, 0.100, 0.100, 0.100, 0.100, 0.100, 0.100, 0.100, 0.100, 0.100, 0.100, 0.100, 0.100, 0.100]
    Layer 15: sigma=[0.100, 0.100, 0.100, 0.100, 0.100, 0.100, 0.100, 0.100, 0.100, 0.162, 0.100, 0.100, 0.100, 0.100, 0.100, 0.100, 0.100, 0.100, 0.100, 0.100, 0.100, 0.100, 0.100, 0.100]
    Layer 16: sigma=[0.100, 0.100, 0.100, 0.100, 0.100, 0.100, 0.100, 0.100, 0.100, 0.100, 0.100, 0.100, 0.100, 0.100, 0.100, 0.100, 0.100, 0.100, 0.100, 0.100, 0.100, 0.100, 0.100, 0.100]
    Layer 17: sigma=[0.100, 0.100, 0.100, 0.100, 0.100, 0.100, 0.100, 0.100, 0.100, 0.100, 0.100, 0.100, 0.100, 0.100, 0.100, 0.100, 0.100, 0.100, 0.100, 0.100, 0.100, 0.100, 0.100, 0.100]
    Layer 18: sigma=[0.100, 0.100, 0.100, 0.100, 0.100, 0.100, 0.100, 0.103, 0.100, 0.100, 0.100, 0.100, 0.100, 0.100, 0.100, 0.100, 0.100, 0.100, 0.100, 0.100, 0.100, 0.100, 0.100, 0.100]
    Layer 19: sigma=[0.100, 0.100, 0.100, 0.100, 0.100, 0.100, 0.100, 0.172, 0.100, 0.100, 0.143, 0.100, 0.100, 0.100, 0.100, 0.100, 0.100, 0.100, 0.100, 0.100, 0.100, 0.100, 0.100, 0.100]
    Layer 20: sigma=[0.100, 0.100, 0.100, 0.100, 0.100, 0.100, 0.100, 0.100, 0.100, 0.100, 0.100, 0.100, 0.100, 0.100, 0.100, 0.100, 0.100, 0.100, 0.100, 0.100, 0.100, 0.100, 0.100, 0.100]
    Layer 21: sigma=[0.100, 0.100, 0.100, 0.100, 0.100, 0.100, 0.100, 0.100, 0.100, 0.100, 0.100, 0.100, 0.100, 0.100, 0.100, 0.100, 0.100, 0.100, 0.100, 0.100, 0.100, 0.100, 0.100, 0.100]
    Layer 22: sigma=[0.100, 0.100, 0.100, 0.100, 0.100, 0.100, 0.100, 0.100, 0.100, 0.100, 0.100, 0.100, 0.100, 0.100, 0.100, 0.100, 0.100, 0.100, 0.100, 0.100, 0.100, 0.100, 0.100, 0.100]
    Layer 23: sigma=[0.100, 0.100, 0.100, 0.107, 0.100, 0.100, 0.100, 0.100, 0.100, 0.100, 0.100, 0.100, 0.100, 0.100, 0.100, 0.100, 0.100, 0.100, 0.100, 0.100, 0.186, 0.100, 0.100, 0.100]
    Layer 24: sigma=[0.100, 0.100, 0.100, 0.100, 0.100, 0.100, 0.100, 0.100, 0.100, 0.290, 0.100, 0.100, 0.100, 0.100, 0.100, 0.100, 0.100, 0.100, 0.100, 0.100, 0.100, 0.100, 0.100, 0.100]
    Layer 25: sigma=[0.100, 0.100, 0.100, 0.100, 0.100, 0.100, 0.100, 0.100, 0.117, 0.100, 0.115, 0.100, 0.100, 0.107, 0.100, 0.100, 0.100, 0.100, 0.100, 0.100, 0.100, 0.100, 0.100, 0.100]
    Layer 26: sigma=[0.100, 0.100, 0.100, 0.100, 0.111, 0.100, 0.100, 0.100, 0.100, 0.100, 0.100, 0.100, 0.119, 0.100, 0.100, 0.100, 0.100, 0.100, 0.274, 0.100, 0.100, 0.100, 0.100, 0.100]
    Layer 27: sigma=[0.324, 0.100, 0.100, 0.100, 0.100, 0.100, 0.100, 0.100, 0.100, 0.100, 0.100, 0.100, 0.100, 0.100, 0.100, 0.100, 0.100, 0.100, 0.330, 0.100, 0.241, 0.100, 0.100, 0.100]

  [Taylor Step 3/3] g_proj = v_proj * alpha (damping=0.01)...
    Layer  0: alpha=0.056256  teacher_rms=0.0170  v_rms=0.0030
    Layer  1: alpha=0.058940  teacher_rms=0.0387  v_rms=0.0066
    Layer  2: alpha=0.015216  teacher_rms=0.0168  v_rms=0.0110
    Layer  3: alpha=0.017317  teacher_rms=0.0218  v_rms=0.0126
    Layer  4: alpha=0.025271  teacher_rms=0.0316  v_rms=0.0125
    Layer  5: alpha=0.034039  teacher_rms=0.0429  v_rms=0.0126
    Layer  6: alpha=0.039001  teacher_rms=0.0529  v_rms=0.0136
    Layer  7: alpha=0.047453  teacher_rms=0.0681  v_rms=0.0143
    Layer  8: alpha=0.052318  teacher_rms=0.0757  v_rms=0.0145
    Layer  9: alpha=0.047940  teacher_rms=0.0774  v_rms=0.0161
    Layer 11: alpha=0.050198  teacher_rms=0.0824  v_rms=0.0164
    Layer 12: alpha=0.054364  teacher_rms=0.0896  v_rms=0.0165
    Layer 13: alpha=0.045771  teacher_rms=0.0933  v_rms=0.0204
    Layer 14: alpha=0.049944  teacher_rms=0.0816  v_rms=0.0163
    Layer 15: alpha=0.040865  teacher_rms=0.0673  v_rms=0.0165
    Layer 16: alpha=0.028714  teacher_rms=0.0493  v_rms=0.0172
    Layer 17: alpha=0.024043  teacher_rms=0.0430  v_rms=0.0179
    Layer 18: alpha=0.022947  teacher_rms=0.0427  v_rms=0.0186
    Layer 19: alpha=0.033681  teacher_rms=0.0638  v_rms=0.0189
    Layer 20: alpha=0.022405  teacher_rms=0.0426  v_rms=0.0190
    Layer 21: alpha=0.019452  teacher_rms=0.0411  v_rms=0.0211
    Layer 22: alpha=0.019571  teacher_rms=0.0441  v_rms=0.0226
    Layer 23: alpha=0.032816  teacher_rms=0.0659  v_rms=0.0201
    Layer 24: alpha=0.026876  teacher_rms=0.0766  v_rms=0.0285
    Layer 25: alpha=0.033719  teacher_rms=0.0859  v_rms=0.0255
    Layer 26: alpha=0.039507  teacher_rms=0.1157  v_rms=0.0293
    Layer 27: alpha=0.041047  teacher_rms=0.1451  v_rms=0.0354

  Set g_proj = v_proj * alpha in 27 GDN layers (damping=0.01).
  Init (taylor_distill) done in 201.0s
  Layer 10: PPL = 623.47  (eval 12.0s)

============================================================
  Probing layer 11 | strategy=taylor_distill
============================================================
Loading checkpoint shards:   0%|          | 0/2 [00:00<?, ?it/s]Loading checkpoint shards: 100%|██████████| 2/2 [00:00<00:00, 51.10it/s]
Loading checkpoint shards:   0%|          | 0/2 [00:00<?, ?it/s]Loading checkpoint shards: 100%|██████████| 2/2 [00:00<00:00, 33.38it/s]
Token indices sequence length is longer than the specified maximum sequence length for this model (2349952 > 131072). Running this sequence through the model will result in indexing errors
  [Taylor Step 1/3] Gate calibration from attention stats...
    Layer  0: dist=[22, 3, 29, 29, 23, 23, 45, 42, 35, 49, 55, 53, 51, 45, 49, 7, 57, 35, 19, 33, 21, 58, 58, 47]
    Layer  1: dist=[37, 40, 77, 52, 50, 57, 33, 74, 40, 65, 64, 71, 45, 43, 50, 25, 28, 66, 58, 48, 61, 52, 50, 57]
    Layer  2: dist=[115, 119, 121, 102, 116, 107, 121, 117, 116, 119, 113, 101, 119, 119, 102, 122, 122, 122, 120, 120, 121, 115, 118, 113]
    Layer  3: dist=[98, 116, 112, 123, 119, 122, 105, 113, 115, 107, 117, 107, 113, 116, 114, 108, 102, 111, 111, 118, 116, 93, 96, 95]
    Layer  4: dist=[98, 112, 120, 98, 97, 92, 99, 95, 108, 107, 104, 113, 86, 106, 111, 97, 120, 105, 99, 102, 101, 118, 122, 109]
    Layer  5: dist=[114, 106, 103, 84, 90, 96, 121, 126, 112, 95, 100, 99, 72, 81, 95, 112, 99, 103, 99, 92, 96, 88, 97, 96]
    Layer  6: dist=[99, 111, 96, 87, 85, 92, 100, 96, 97, 90, 82, 87, 92, 103, 83, 77, 82, 84, 101, 100, 87, 102, 97, 95]
    Layer  7: dist=[85, 72, 99, 68, 88, 85, 65, 71, 79, 78, 96, 85, 94, 82, 84, 85, 83, 94, 88, 83, 81, 82, 87, 79]
    Layer  8: dist=[95, 73, 108, 73, 90, 76, 107, 95, 107, 78, 88, 80, 72, 84, 80, 72, 66, 74, 78, 82, 81, 79, 64, 71]
    Layer  9: dist=[63, 63, 64, 97, 102, 103, 65, 61, 74, 91, 88, 89, 85, 79, 64, 86, 77, 79, 89, 107, 98, 74, 64, 92]
    Layer 10: dist=[78, 77, 81, 94, 97, 98, 78, 72, 70, 83, 70, 101, 61, 52, 66, 85, 89, 75, 62, 65, 67, 112, 99, 87]
    Layer 12: dist=[78, 75, 66, 108, 108, 89, 70, 69, 73, 81, 78, 85, 65, 94, 70, 97, 93, 71, 91, 109, 110, 52, 74, 59]
    Layer 13: dist=[84, 82, 84, 83, 80, 77, 28, 53, 47, 67, 62, 86, 84, 112, 92, 71, 100, 81, 86, 92, 84, 89, 99, 88]
    Layer 14: dist=[45, 118, 119, 67, 56, 57, 63, 56, 56, 78, 100, 104, 94, 93, 93, 85, 80, 83, 60, 74, 80, 104, 115, 77]
    Layer 15: dist=[105, 105, 89, 72, 73, 81, 97, 77, 83, 63, 76, 76, 112, 115, 100, 90, 88, 95, 104, 109, 100, 93, 97, 100]
    Layer 16: dist=[124, 98, 120, 121, 97, 122, 90, 91, 87, 103, 122, 97, 120, 115, 106, 102, 107, 103, 95, 80, 87, 93, 116, 120]
    Layer 17: dist=[109, 112, 97, 115, 114, 105, 76, 96, 88, 113, 106, 116, 117, 107, 103, 91, 110, 90, 115, 111, 119, 122, 114, 119]
    Layer 18: dist=[80, 110, 121, 119, 115, 111, 94, 90, 96, 98, 105, 99, 123, 122, 121, 118, 114, 104, 114, 106, 96, 91, 111, 105]
    Layer 19: dist=[104, 76, 85, 92, 90, 95, 91, 49, 98, 94, 101, 98, 115, 84, 121, 115, 107, 110, 105, 94, 104, 114, 118, 117]
    Layer 20: dist=[102, 117, 118, 115, 112, 112, 109, 110, 122, 112, 112, 114, 102, 100, 115, 115, 113, 118, 109, 97, 98, 103, 108, 106]
    Layer 21: dist=[109, 112, 109, 122, 124, 121, 122, 120, 121, 101, 107, 100, 114, 117, 113, 117, 115, 117, 113, 117, 108, 104, 107, 105]
    Layer 22: dist=[119, 103, 111, 119, 118, 119, 123, 124, 122, 116, 119, 118, 111, 102, 84, 113, 95, 103, 117, 121, 117, 115, 123, 117]
    Layer 23: dist=[84, 104, 85, 104, 119, 114, 108, 116, 80, 114, 108, 112, 122, 118, 79, 99, 94, 91, 121, 121, 84, 112, 115, 81]
    Layer 24: dist=[118, 114, 116, 109, 113, 110, 93, 106, 87, 100, 69, 99, 80, 107, 119, 111, 105, 110, 121, 119, 123, 98, 104, 112]
    Layer 25: dist=[112, 122, 121, 121, 119, 123, 79, 72, 69, 121, 111, 121, 117, 97, 114, 88, 106, 105, 104, 106, 101, 79, 115, 57]
    Layer 26: dist=[79, 93, 64, 108, 104, 123, 102, 71, 109, 106, 100, 108, 75, 47, 69, 105, 98, 95, 35, 72, 59, 111, 108, 102]
    Layer 27: dist=[48, 108, 82, 111, 79, 53, 89, 89, 105, 69, 100, 6, 104, 109, 95, 102, 105, 98, 84, 70, 69, 76, 91, 88]

  [Taylor Step 2/3] OLS sigma per head (scaling V)...
    Layer  0: sigma=[0.142, 0.153, 0.137, 0.100, 0.100, 0.100, 0.100, 0.100, 0.100, 0.100, 0.100, 0.100, 0.100, 0.100, 0.100, 0.100, 0.100, 0.100, 0.100, 0.100, 0.100, 0.106, 0.100, 0.100]
    Layer  1: sigma=[0.100, 0.169, 0.100, 0.100, 0.100, 0.100, 0.100, 0.100, 0.100, 0.100, 0.100, 0.100, 0.100, 0.100, 0.100, 0.100, 0.100, 0.100, 0.100, 0.152, 0.100, 0.100, 0.100, 0.100]
    Layer  2: sigma=[0.100, 0.100, 0.100, 0.100, 0.100, 0.100, 0.100, 0.100, 0.100, 0.100, 0.100, 0.100, 0.100, 0.100, 0.100, 0.100, 0.100, 0.100, 0.100, 0.100, 0.100, 0.100, 0.100, 0.100]
    Layer  3: sigma=[0.100, 0.100, 0.100, 0.100, 0.100, 0.100, 0.100, 0.100, 0.100, 0.100, 0.100, 0.100, 0.100, 0.100, 0.100, 0.100, 0.100, 0.100, 0.100, 0.100, 0.100, 0.100, 0.100, 0.100]
    Layer  4: sigma=[0.100, 0.100, 0.100, 0.100, 0.100, 0.100, 0.100, 0.100, 0.100, 0.100, 0.100, 0.100, 0.100, 0.100, 0.100, 0.100, 0.100, 0.100, 0.100, 0.100, 0.100, 0.100, 0.100, 0.100]
    Layer  5: sigma=[0.100, 0.100, 0.100, 0.100, 0.100, 0.100, 0.100, 0.100, 0.100, 0.100, 0.100, 0.100, 0.100, 0.100, 0.100, 0.100, 0.100, 0.100, 0.100, 0.105, 0.100, 0.100, 0.100, 0.100]
    Layer  6: sigma=[0.100, 0.100, 0.100, 0.100, 0.100, 0.100, 0.100, 0.100, 0.100, 0.100, 0.100, 0.100, 0.100, 0.100, 0.100, 0.100, 0.100, 0.100, 0.100, 0.100, 0.100, 0.100, 0.100, 0.100]
    Layer  7: sigma=[0.100, 0.100, 0.100, 0.100, 0.100, 0.100, 0.100, 0.100, 0.100, 0.100, 0.100, 0.100, 0.100, 0.100, 0.100, 0.100, 0.100, 0.105, 0.100, 0.100, 0.100, 0.100, 0.100, 0.100]
    Layer  8: sigma=[0.100, 0.100, 0.100, 0.100, 0.100, 0.100, 0.100, 0.100, 0.100, 0.100, 0.100, 0.100, 0.100, 0.100, 0.100, 0.100, 0.100, 0.100, 0.100, 0.100, 0.100, 0.100, 0.100, 0.100]
    Layer  9: sigma=[0.100, 0.100, 0.100, 0.100, 0.100, 0.100, 0.100, 0.100, 0.100, 0.100, 0.100, 0.100, 0.100, 0.100, 0.100, 0.100, 0.100, 0.100, 0.100, 0.100, 0.100, 0.100, 0.100, 0.108]
    Layer 10: sigma=[0.100, 0.100, 0.100, 0.100, 0.100, 0.100, 0.100, 0.100, 0.110, 0.100, 0.100, 0.100, 0.131, 0.275, 0.100, 0.100, 0.100, 0.100, 0.100, 0.100, 0.100, 0.100, 0.141, 0.100]
    Layer 12: sigma=[0.100, 0.100, 0.100, 0.100, 0.100, 0.100, 0.100, 0.100, 0.100, 0.100, 0.100, 0.100, 0.100, 0.100, 0.108, 0.100, 0.100, 0.100, 0.100, 0.100, 0.100, 0.100, 0.100, 0.100]
    Layer 13: sigma=[0.100, 0.100, 0.100, 0.100, 0.100, 0.100, 0.100, 0.364, 0.103, 0.100, 0.100, 0.100, 0.100, 0.100, 0.100, 0.100, 0.134, 0.100, 0.100, 0.100, 0.100, 0.100, 0.100, 0.100]
    Layer 14: sigma=[0.100, 0.100, 0.100, 0.100, 0.100, 0.209, 0.100, 0.100, 0.100, 0.100, 0.100, 0.100, 0.100, 0.100, 0.100, 0.100, 0.100, 0.100, 0.100, 0.100, 0.100, 0.100, 0.100, 0.100]
    Layer 15: sigma=[0.100, 0.100, 0.100, 0.100, 0.100, 0.100, 0.100, 0.100, 0.100, 0.165, 0.100, 0.100, 0.100, 0.100, 0.100, 0.100, 0.100, 0.100, 0.100, 0.100, 0.100, 0.100, 0.100, 0.100]
    Layer 16: sigma=[0.100, 0.100, 0.100, 0.100, 0.100, 0.100, 0.100, 0.100, 0.100, 0.100, 0.100, 0.100, 0.100, 0.100, 0.100, 0.100, 0.100, 0.100, 0.100, 0.100, 0.100, 0.100, 0.100, 0.100]
    Layer 17: sigma=[0.100, 0.100, 0.100, 0.100, 0.100, 0.100, 0.100, 0.100, 0.100, 0.100, 0.100, 0.100, 0.100, 0.100, 0.100, 0.100, 0.100, 0.100, 0.100, 0.100, 0.100, 0.100, 0.100, 0.100]
    Layer 18: sigma=[0.100, 0.100, 0.100, 0.100, 0.100, 0.100, 0.100, 0.100, 0.100, 0.100, 0.100, 0.100, 0.100, 0.100, 0.100, 0.100, 0.100, 0.100, 0.100, 0.100, 0.100, 0.100, 0.100, 0.100]
    Layer 19: sigma=[0.100, 0.100, 0.100, 0.100, 0.100, 0.100, 0.100, 0.200, 0.100, 0.100, 0.163, 0.100, 0.100, 0.100, 0.100, 0.100, 0.100, 0.100, 0.100, 0.100, 0.100, 0.100, 0.100, 0.100]
    Layer 20: sigma=[0.100, 0.100, 0.100, 0.100, 0.100, 0.100, 0.100, 0.100, 0.100, 0.100, 0.100, 0.100, 0.100, 0.100, 0.100, 0.100, 0.100, 0.100, 0.100, 0.100, 0.100, 0.100, 0.100, 0.100]
    Layer 21: sigma=[0.100, 0.100, 0.100, 0.100, 0.100, 0.100, 0.100, 0.100, 0.100, 0.100, 0.100, 0.100, 0.100, 0.100, 0.100, 0.100, 0.100, 0.100, 0.100, 0.100, 0.100, 0.100, 0.100, 0.100]
    Layer 22: sigma=[0.100, 0.100, 0.100, 0.100, 0.100, 0.100, 0.100, 0.100, 0.100, 0.100, 0.100, 0.100, 0.100, 0.100, 0.100, 0.100, 0.100, 0.100, 0.100, 0.100, 0.100, 0.100, 0.100, 0.100]
    Layer 23: sigma=[0.100, 0.100, 0.100, 0.102, 0.100, 0.100, 0.100, 0.100, 0.100, 0.100, 0.100, 0.100, 0.100, 0.100, 0.100, 0.100, 0.100, 0.100, 0.100, 0.100, 0.191, 0.100, 0.100, 0.100]
    Layer 24: sigma=[0.100, 0.100, 0.100, 0.100, 0.100, 0.100, 0.100, 0.100, 0.100, 0.260, 0.100, 0.100, 0.100, 0.100, 0.100, 0.100, 0.100, 0.100, 0.100, 0.100, 0.100, 0.100, 0.100, 0.100]
    Layer 25: sigma=[0.100, 0.100, 0.100, 0.100, 0.100, 0.100, 0.100, 0.100, 0.109, 0.100, 0.126, 0.100, 0.100, 0.108, 0.100, 0.100, 0.100, 0.100, 0.100, 0.100, 0.100, 0.100, 0.100, 0.100]
    Layer 26: sigma=[0.100, 0.100, 0.100, 0.100, 0.112, 0.100, 0.100, 0.100, 0.100, 0.100, 0.100, 0.100, 0.168, 0.100, 0.100, 0.100, 0.100, 0.100, 0.251, 0.100, 0.100, 0.100, 0.100, 0.100]
    Layer 27: sigma=[0.290, 0.100, 0.100, 0.100, 0.100, 0.100, 0.100, 0.100, 0.100, 0.100, 0.100, 0.100, 0.100, 0.100, 0.100, 0.100, 0.100, 0.100, 0.296, 0.100, 0.282, 0.100, 0.100, 0.100]

  [Taylor Step 3/3] g_proj = v_proj * alpha (damping=0.01)...
    Layer  0: alpha=0.056016  teacher_rms=0.0170  v_rms=0.0030
    Layer  1: alpha=0.058079  teacher_rms=0.0387  v_rms=0.0067
    Layer  2: alpha=0.015216  teacher_rms=0.0168  v_rms=0.0110
    Layer  3: alpha=0.017317  teacher_rms=0.0218  v_rms=0.0126
    Layer  4: alpha=0.025271  teacher_rms=0.0316  v_rms=0.0125
    Layer  5: alpha=0.034089  teacher_rms=0.0429  v_rms=0.0126
    Layer  6: alpha=0.039001  teacher_rms=0.0529  v_rms=0.0136
    Layer  7: alpha=0.047352  teacher_rms=0.0681  v_rms=0.0144
    Layer  8: alpha=0.052318  teacher_rms=0.0757  v_rms=0.0145
    Layer  9: alpha=0.048060  teacher_rms=0.0774  v_rms=0.0161
    Layer 10: alpha=0.047179  teacher_rms=0.0848  v_rms=0.0180
    Layer 12: alpha=0.054298  teacher_rms=0.0896  v_rms=0.0165
    Layer 13: alpha=0.045672  teacher_rms=0.0933  v_rms=0.0204
    Layer 14: alpha=0.048887  teacher_rms=0.0816  v_rms=0.0167
    Layer 15: alpha=0.040792  teacher_rms=0.0673  v_rms=0.0165
    Layer 16: alpha=0.028714  teacher_rms=0.0493  v_rms=0.0172
    Layer 17: alpha=0.024043  teacher_rms=0.0430  v_rms=0.0179
    Layer 18: alpha=0.022965  teacher_rms=0.0427  v_rms=0.0186
    Layer 19: alpha=0.032907  teacher_rms=0.0638  v_rms=0.0194
    Layer 20: alpha=0.022405  teacher_rms=0.0426  v_rms=0.0190
    Layer 21: alpha=0.019452  teacher_rms=0.0411  v_rms=0.0211
    Layer 22: alpha=0.019571  teacher_rms=0.0441  v_rms=0.0226
    Layer 23: alpha=0.032794  teacher_rms=0.0659  v_rms=0.0201
    Layer 24: alpha=0.027475  teacher_rms=0.0766  v_rms=0.0279
    Layer 25: alpha=0.033515  teacher_rms=0.0859  v_rms=0.0256
    Layer 26: alpha=0.039486  teacher_rms=0.1157  v_rms=0.0293
    Layer 27: alpha=0.042091  teacher_rms=0.1451  v_rms=0.0345

  Set g_proj = v_proj * alpha in 27 GDN layers (damping=0.01).
  Init (taylor_distill) done in 252.9s
  Layer 11: PPL = 609.47  (eval 11.0s)

============================================================
  Probing layer 12 | strategy=taylor_distill
============================================================
Loading checkpoint shards:   0%|          | 0/2 [00:00<?, ?it/s]Loading checkpoint shards: 100%|██████████| 2/2 [00:00<00:00, 67.98it/s]
Loading checkpoint shards:   0%|          | 0/2 [00:00<?, ?it/s]Loading checkpoint shards: 100%|██████████| 2/2 [00:00<00:00, 120.20it/s]
Token indices sequence length is longer than the specified maximum sequence length for this model (2349952 > 131072). Running this sequence through the model will result in indexing errors
  [Taylor Step 1/3] Gate calibration from attention stats...
    Layer  0: dist=[22, 3, 29, 29, 23, 23, 45, 42, 35, 49, 55, 53, 51, 45, 49, 7, 57, 35, 19, 33, 21, 58, 58, 47]
    Layer  1: dist=[37, 40, 77, 52, 50, 57, 33, 74, 40, 65, 64, 71, 45, 43, 50, 25, 28, 66, 58, 48, 61, 52, 50, 57]
    Layer  2: dist=[115, 119, 121, 102, 116, 107, 121, 117, 116, 119, 113, 101, 119, 119, 102, 122, 122, 122, 120, 120, 121, 115, 118, 113]
    Layer  3: dist=[98, 116, 112, 123, 119, 122, 105, 113, 115, 107, 117, 107, 113, 116, 114, 108, 102, 111, 111, 118, 116, 93, 96, 95]
    Layer  4: dist=[98, 112, 120, 98, 97, 92, 99, 95, 108, 107, 104, 113, 86, 106, 111, 97, 120, 105, 99, 102, 101, 118, 122, 109]
    Layer  5: dist=[114, 106, 103, 84, 90, 96, 121, 126, 112, 95, 100, 99, 72, 81, 95, 112, 99, 103, 99, 92, 96, 88, 97, 96]
    Layer  6: dist=[99, 111, 96, 87, 85, 92, 100, 96, 97, 90, 82, 87, 92, 103, 83, 77, 82, 84, 101, 100, 87, 102, 97, 95]
    Layer  7: dist=[85, 72, 99, 68, 88, 85, 65, 71, 79, 78, 96, 85, 94, 82, 84, 85, 83, 94, 88, 83, 81, 82, 87, 79]
    Layer  8: dist=[95, 73, 108, 73, 90, 76, 107, 95, 107, 78, 88, 80, 72, 84, 80, 72, 66, 74, 78, 82, 81, 79, 64, 71]
    Layer  9: dist=[63, 63, 64, 97, 102, 103, 65, 61, 74, 91, 88, 89, 85, 79, 64, 86, 77, 79, 89, 107, 98, 74, 64, 92]
    Layer 10: dist=[78, 77, 81, 94, 97, 98, 78, 72, 70, 83, 70, 101, 61, 52, 66, 85, 89, 75, 62, 65, 67, 112, 99, 87]
    Layer 11: dist=[47, 70, 52, 76, 79, 80, 80, 74, 70, 79, 72, 63, 82, 74, 93, 80, 80, 92, 68, 68, 70, 78, 69, 75]
    Layer 13: dist=[84, 82, 84, 83, 80, 77, 28, 53, 47, 67, 62, 86, 84, 112, 92, 71, 100, 81, 86, 92, 84, 89, 99, 88]
    Layer 14: dist=[45, 118, 119, 67, 56, 57, 63, 56, 56, 78, 100, 104, 94, 93, 93, 85, 80, 83, 60, 74, 80, 104, 115, 77]
    Layer 15: dist=[105, 105, 89, 72, 73, 81, 97, 77, 83, 63, 76, 76, 112, 115, 100, 90, 88, 95, 104, 109, 100, 93, 97, 100]
    Layer 16: dist=[124, 98, 120, 121, 97, 122, 90, 91, 87, 103, 122, 97, 120, 115, 106, 102, 107, 103, 95, 80, 87, 93, 116, 120]
    Layer 17: dist=[109, 112, 97, 115, 114, 105, 76, 96, 88, 113, 106, 116, 117, 107, 103, 91, 110, 90, 115, 111, 119, 122, 114, 119]
    Layer 18: dist=[80, 110, 121, 119, 115, 111, 94, 90, 96, 98, 105, 99, 123, 122, 121, 118, 114, 104, 114, 106, 96, 91, 111, 105]
    Layer 19: dist=[104, 76, 85, 92, 90, 95, 91, 49, 98, 94, 101, 98, 115, 84, 121, 115, 107, 110, 105, 94, 104, 114, 118, 117]
    Layer 20: dist=[102, 117, 118, 115, 112, 112, 109, 110, 122, 112, 112, 114, 102, 100, 115, 115, 113, 118, 109, 97, 98, 103, 108, 106]
    Layer 21: dist=[109, 112, 109, 122, 124, 121, 122, 120, 121, 101, 107, 100, 114, 117, 113, 117, 115, 117, 113, 117, 108, 104, 107, 105]
    Layer 22: dist=[119, 103, 111, 119, 118, 119, 123, 124, 122, 116, 119, 118, 111, 102, 84, 113, 95, 103, 117, 121, 117, 115, 123, 117]
    Layer 23: dist=[84, 104, 85, 104, 119, 114, 108, 116, 80, 114, 108, 112, 122, 118, 79, 99, 94, 91, 121, 121, 84, 112, 115, 81]
    Layer 24: dist=[118, 114, 116, 109, 113, 110, 93, 106, 87, 100, 69, 99, 80, 107, 119, 111, 105, 110, 121, 119, 123, 98, 104, 112]
    Layer 25: dist=[112, 122, 121, 121, 119, 123, 79, 72, 69, 121, 111, 121, 117, 97, 114, 88, 106, 105, 104, 106, 101, 79, 115, 57]
    Layer 26: dist=[79, 93, 64, 108, 104, 123, 102, 71, 109, 106, 100, 108, 75, 47, 69, 105, 98, 95, 35, 72, 59, 111, 108, 102]
    Layer 27: dist=[48, 108, 82, 111, 79, 53, 89, 89, 105, 69, 100, 6, 104, 109, 95, 102, 105, 98, 84, 70, 69, 76, 91, 88]

  [Taylor Step 2/3] OLS sigma per head (scaling V)...
    Layer  0: sigma=[0.143, 0.145, 0.137, 0.100, 0.100, 0.100, 0.100, 0.100, 0.100, 0.100, 0.100, 0.100, 0.100, 0.100, 0.100, 0.100, 0.100, 0.100, 0.100, 0.100, 0.100, 0.109, 0.100, 0.100]
    Layer  1: sigma=[0.100, 0.183, 0.100, 0.100, 0.100, 0.100, 0.100, 0.100, 0.100, 0.100, 0.100, 0.100, 0.100, 0.100, 0.100, 0.100, 0.100, 0.100, 0.100, 0.153, 0.100, 0.100, 0.100, 0.100]
    Layer  2: sigma=[0.100, 0.100, 0.100, 0.100, 0.100, 0.100, 0.100, 0.100, 0.100, 0.100, 0.100, 0.100, 0.100, 0.100, 0.100, 0.100, 0.100, 0.100, 0.100, 0.100, 0.100, 0.100, 0.100, 0.100]
    Layer  3: sigma=[0.100, 0.100, 0.100, 0.100, 0.100, 0.100, 0.100, 0.100, 0.100, 0.100, 0.100, 0.100, 0.100, 0.100, 0.100, 0.100, 0.100, 0.100, 0.100, 0.100, 0.100, 0.100, 0.100, 0.100]
    Layer  4: sigma=[0.100, 0.100, 0.100, 0.100, 0.100, 0.100, 0.100, 0.100, 0.100, 0.100, 0.100, 0.100, 0.100, 0.100, 0.100, 0.100, 0.100, 0.100, 0.100, 0.100, 0.100, 0.100, 0.100, 0.100]
    Layer  5: sigma=[0.100, 0.100, 0.100, 0.100, 0.100, 0.100, 0.100, 0.100, 0.100, 0.100, 0.100, 0.100, 0.100, 0.100, 0.100, 0.100, 0.100, 0.100, 0.100, 0.107, 0.100, 0.100, 0.100, 0.100]
    Layer  6: sigma=[0.100, 0.100, 0.100, 0.100, 0.100, 0.100, 0.100, 0.100, 0.100, 0.100, 0.100, 0.100, 0.100, 0.100, 0.100, 0.100, 0.100, 0.100, 0.100, 0.100, 0.100, 0.100, 0.100, 0.100]
    Layer  7: sigma=[0.100, 0.100, 0.100, 0.100, 0.100, 0.100, 0.100, 0.100, 0.100, 0.100, 0.100, 0.100, 0.100, 0.100, 0.100, 0.100, 0.100, 0.100, 0.100, 0.100, 0.100, 0.100, 0.100, 0.100]
    Layer  8: sigma=[0.100, 0.100, 0.100, 0.100, 0.100, 0.100, 0.100, 0.100, 0.100, 0.100, 0.100, 0.100, 0.100, 0.100, 0.100, 0.100, 0.100, 0.100, 0.100, 0.100, 0.100, 0.100, 0.100, 0.100]
    Layer  9: sigma=[0.100, 0.100, 0.100, 0.100, 0.100, 0.100, 0.100, 0.100, 0.100, 0.100, 0.100, 0.100, 0.100, 0.100, 0.100, 0.100, 0.100, 0.100, 0.100, 0.100, 0.100, 0.100, 0.100, 0.106]
    Layer 10: sigma=[0.100, 0.100, 0.100, 0.100, 0.100, 0.100, 0.100, 0.100, 0.106, 0.100, 0.100, 0.100, 0.133, 0.266, 0.100, 0.100, 0.100, 0.100, 0.100, 0.100, 0.100, 0.100, 0.141, 0.100]
    Layer 11: sigma=[0.100, 0.169, 0.100, 0.100, 0.100, 0.100, 0.100, 0.100, 0.100, 0.100, 0.100, 0.100, 0.100, 0.100, 0.100, 0.100, 0.100, 0.100, 0.100, 0.100, 0.100, 0.100, 0.100, 0.100]
    Layer 13: sigma=[0.100, 0.100, 0.100, 0.100, 0.100, 0.100, 0.100, 0.368, 0.100, 0.100, 0.100, 0.100, 0.100, 0.100, 0.100, 0.100, 0.130, 0.100, 0.100, 0.100, 0.100, 0.100, 0.100, 0.100]
    Layer 14: sigma=[0.100, 0.100, 0.100, 0.100, 0.100, 0.204, 0.100, 0.100, 0.100, 0.100, 0.100, 0.100, 0.100, 0.100, 0.100, 0.100, 0.100, 0.100, 0.100, 0.100, 0.100, 0.100, 0.100, 0.100]
    Layer 15: sigma=[0.100, 0.100, 0.100, 0.100, 0.100, 0.100, 0.100, 0.100, 0.100, 0.151, 0.100, 0.100, 0.100, 0.100, 0.100, 0.100, 0.100, 0.100, 0.100, 0.100, 0.100, 0.100, 0.100, 0.100]
    Layer 16: sigma=[0.100, 0.100, 0.100, 0.100, 0.100, 0.100, 0.100, 0.100, 0.100, 0.100, 0.100, 0.100, 0.100, 0.100, 0.100, 0.100, 0.100, 0.100, 0.100, 0.100, 0.100, 0.100, 0.100, 0.100]
    Layer 17: sigma=[0.100, 0.100, 0.100, 0.100, 0.100, 0.100, 0.100, 0.100, 0.100, 0.100, 0.100, 0.100, 0.100, 0.100, 0.100, 0.100, 0.100, 0.100, 0.100, 0.100, 0.100, 0.100, 0.100, 0.100]
    Layer 18: sigma=[0.100, 0.100, 0.100, 0.100, 0.100, 0.100, 0.100, 0.100, 0.100, 0.100, 0.100, 0.100, 0.100, 0.100, 0.100, 0.100, 0.100, 0.100, 0.100, 0.100, 0.100, 0.100, 0.100, 0.100]
    Layer 19: sigma=[0.100, 0.100, 0.100, 0.100, 0.100, 0.100, 0.100, 0.183, 0.100, 0.100, 0.138, 0.100, 0.100, 0.100, 0.100, 0.100, 0.100, 0.100, 0.100, 0.100, 0.100, 0.100, 0.100, 0.100]
    Layer 20: sigma=[0.100, 0.100, 0.100, 0.100, 0.100, 0.100, 0.100, 0.100, 0.100, 0.100, 0.100, 0.100, 0.100, 0.100, 0.100, 0.100, 0.100, 0.100, 0.100, 0.100, 0.100, 0.100, 0.100, 0.100]
    Layer 21: sigma=[0.100, 0.100, 0.100, 0.100, 0.100, 0.100, 0.100, 0.100, 0.100, 0.100, 0.100, 0.100, 0.100, 0.100, 0.100, 0.100, 0.100, 0.100, 0.100, 0.100, 0.100, 0.100, 0.100, 0.100]
    Layer 22: sigma=[0.100, 0.100, 0.100, 0.100, 0.100, 0.100, 0.100, 0.100, 0.100, 0.100, 0.100, 0.100, 0.100, 0.100, 0.100, 0.100, 0.100, 0.100, 0.100, 0.100, 0.100, 0.100, 0.100, 0.100]
    Layer 23: sigma=[0.100, 0.100, 0.100, 0.102, 0.100, 0.100, 0.100, 0.100, 0.100, 0.100, 0.100, 0.100, 0.100, 0.100, 0.100, 0.100, 0.100, 0.100, 0.100, 0.100, 0.206, 0.100, 0.100, 0.100]
    Layer 24: sigma=[0.100, 0.100, 0.100, 0.100, 0.100, 0.100, 0.100, 0.100, 0.100, 0.262, 0.100, 0.100, 0.100, 0.100, 0.100, 0.100, 0.100, 0.100, 0.100, 0.100, 0.100, 0.100, 0.100, 0.100]
    Layer 25: sigma=[0.100, 0.100, 0.100, 0.100, 0.100, 0.100, 0.100, 0.100, 0.134, 0.100, 0.100, 0.100, 0.100, 0.110, 0.100, 0.100, 0.100, 0.100, 0.100, 0.100, 0.100, 0.100, 0.100, 0.100]
    Layer 26: sigma=[0.100, 0.100, 0.100, 0.100, 0.110, 0.100, 0.100, 0.100, 0.100, 0.100, 0.100, 0.100, 0.155, 0.100, 0.100, 0.100, 0.100, 0.100, 0.275, 0.100, 0.100, 0.100, 0.100, 0.100]
    Layer 27: sigma=[0.314, 0.100, 0.100, 0.100, 0.100, 0.100, 0.100, 0.100, 0.100, 0.100, 0.100, 0.100, 0.100, 0.100, 0.100, 0.100, 0.100, 0.100, 0.292, 0.100, 0.273, 0.100, 0.100, 0.100]

  [Taylor Step 3/3] g_proj = v_proj * alpha (damping=0.01)...
    Layer  0: alpha=0.056063  teacher_rms=0.0170  v_rms=0.0030
    Layer  1: alpha=0.057467  teacher_rms=0.0387  v_rms=0.0067
    Layer  2: alpha=0.015216  teacher_rms=0.0168  v_rms=0.0110
    Layer  3: alpha=0.017317  teacher_rms=0.0218  v_rms=0.0126
    Layer  4: alpha=0.025271  teacher_rms=0.0316  v_rms=0.0125
    Layer  5: alpha=0.034061  teacher_rms=0.0429  v_rms=0.0126
    Layer  6: alpha=0.039001  teacher_rms=0.0529  v_rms=0.0136
    Layer  7: alpha=0.047453  teacher_rms=0.0681  v_rms=0.0143
    Layer  8: alpha=0.052318  teacher_rms=0.0757  v_rms=0.0145
    Layer  9: alpha=0.048091  teacher_rms=0.0774  v_rms=0.0161
    Layer 10: alpha=0.047559  teacher_rms=0.0848  v_rms=0.0178
    Layer 11: alpha=0.050522  teacher_rms=0.0824  v_rms=0.0163
    Layer 13: alpha=0.045620  teacher_rms=0.0933  v_rms=0.0205
    Layer 14: alpha=0.049051  teacher_rms=0.0816  v_rms=0.0166
    Layer 15: alpha=0.041133  teacher_rms=0.0673  v_rms=0.0163
    Layer 16: alpha=0.028714  teacher_rms=0.0493  v_rms=0.0172
    Layer 17: alpha=0.024043  teacher_rms=0.0430  v_rms=0.0179
    Layer 18: alpha=0.022965  teacher_rms=0.0427  v_rms=0.0186
    Layer 19: alpha=0.033531  teacher_rms=0.0638  v_rms=0.0190
    Layer 20: alpha=0.022405  teacher_rms=0.0426  v_rms=0.0190
    Layer 21: alpha=0.019452  teacher_rms=0.0411  v_rms=0.0211
    Layer 22: alpha=0.019571  teacher_rms=0.0441  v_rms=0.0226
    Layer 23: alpha=0.032497  teacher_rms=0.0659  v_rms=0.0203
    Layer 24: alpha=0.027434  teacher_rms=0.0766  v_rms=0.0279
    Layer 25: alpha=0.033806  teacher_rms=0.0859  v_rms=0.0254
    Layer 26: alpha=0.039080  teacher_rms=0.1157  v_rms=0.0296
    Layer 27: alpha=0.041627  teacher_rms=0.1451  v_rms=0.0349

  Set g_proj = v_proj * alpha in 27 GDN layers (damping=0.01).
  Init (taylor_distill) done in 208.5s
  Layer 12: PPL = 643.44  (eval 9.9s)

============================================================
  Probing layer 13 | strategy=taylor_distill
============================================================
Loading checkpoint shards:   0%|          | 0/2 [00:00<?, ?it/s]Loading checkpoint shards: 100%|██████████| 2/2 [00:00<00:00, 123.91it/s]
Loading checkpoint shards:   0%|          | 0/2 [00:00<?, ?it/s]Loading checkpoint shards: 100%|██████████| 2/2 [00:00<00:00, 121.52it/s]
Token indices sequence length is longer than the specified maximum sequence length for this model (2349952 > 131072). Running this sequence through the model will result in indexing errors
  [Taylor Step 1/3] Gate calibration from attention stats...
    Layer  0: dist=[22, 3, 29, 29, 23, 23, 45, 42, 35, 49, 55, 53, 51, 45, 49, 7, 57, 35, 19, 33, 21, 58, 58, 47]
    Layer  1: dist=[37, 40, 77, 52, 50, 57, 33, 74, 40, 65, 64, 71, 45, 43, 50, 25, 28, 66, 58, 48, 61, 52, 50, 57]
    Layer  2: dist=[115, 119, 121, 102, 116, 107, 121, 117, 116, 119, 113, 101, 119, 119, 102, 122, 122, 122, 120, 120, 121, 115, 118, 113]
    Layer  3: dist=[98, 116, 112, 123, 119, 122, 105, 113, 115, 107, 117, 107, 113, 116, 114, 108, 102, 111, 111, 118, 116, 93, 96, 95]
    Layer  4: dist=[98, 112, 120, 98, 97, 92, 99, 95, 108, 107, 104, 113, 86, 106, 111, 97, 120, 105, 99, 102, 101, 118, 122, 109]
    Layer  5: dist=[114, 106, 103, 84, 90, 96, 121, 126, 112, 95, 100, 99, 72, 81, 95, 112, 99, 103, 99, 92, 96, 88, 97, 96]
    Layer  6: dist=[99, 111, 96, 87, 85, 92, 100, 96, 97, 90, 82, 87, 92, 103, 83, 77, 82, 84, 101, 100, 87, 102, 97, 95]
    Layer  7: dist=[85, 72, 99, 68, 88, 85, 65, 71, 79, 78, 96, 85, 94, 82, 84, 85, 83, 94, 88, 83, 81, 82, 87, 79]
    Layer  8: dist=[95, 73, 108, 73, 90, 76, 107, 95, 107, 78, 88, 80, 72, 84, 80, 72, 66, 74, 78, 82, 81, 79, 64, 71]
    Layer  9: dist=[63, 63, 64, 97, 102, 103, 65, 61, 74, 91, 88, 89, 85, 79, 64, 86, 77, 79, 89, 107, 98, 74, 64, 92]
    Layer 10: dist=[78, 77, 81, 94, 97, 98, 78, 72, 70, 83, 70, 101, 61, 52, 66, 85, 89, 75, 62, 65, 67, 112, 99, 87]
    Layer 11: dist=[47, 70, 52, 76, 79, 80, 80, 74, 70, 79, 72, 63, 82, 74, 93, 80, 80, 92, 68, 68, 70, 78, 69, 75]
    Layer 12: dist=[78, 75, 66, 108, 108, 89, 70, 69, 73, 81, 78, 85, 65, 94, 70, 97, 93, 71, 91, 109, 110, 52, 74, 59]
    Layer 14: dist=[45, 118, 119, 67, 56, 57, 63, 56, 56, 78, 100, 104, 94, 93, 93, 85, 80, 83, 60, 74, 80, 104, 115, 77]
    Layer 15: dist=[105, 105, 89, 72, 73, 81, 97, 77, 83, 63, 76, 76, 112, 115, 100, 90, 88, 95, 104, 109, 100, 93, 97, 100]
    Layer 16: dist=[124, 98, 120, 121, 97, 122, 90, 91, 87, 103, 122, 97, 120, 115, 106, 102, 107, 103, 95, 80, 87, 93, 116, 120]
    Layer 17: dist=[109, 112, 97, 115, 114, 105, 76, 96, 88, 113, 106, 116, 117, 107, 103, 91, 110, 90, 115, 111, 119, 122, 114, 119]
    Layer 18: dist=[80, 110, 121, 119, 115, 111, 94, 90, 96, 98, 105, 99, 123, 122, 121, 118, 114, 104, 114, 106, 96, 91, 111, 105]
    Layer 19: dist=[104, 76, 85, 92, 90, 95, 91, 49, 98, 94, 101, 98, 115, 84, 121, 115, 107, 110, 105, 94, 104, 114, 118, 117]
    Layer 20: dist=[102, 117, 118, 115, 112, 112, 109, 110, 122, 112, 112, 114, 102, 100, 115, 115, 113, 118, 109, 97, 98, 103, 108, 106]
    Layer 21: dist=[109, 112, 109, 122, 124, 121, 122, 120, 121, 101, 107, 100, 114, 117, 113, 117, 115, 117, 113, 117, 108, 104, 107, 105]
    Layer 22: dist=[119, 103, 111, 119, 118, 119, 123, 124, 122, 116, 119, 118, 111, 102, 84, 113, 95, 103, 117, 121, 117, 115, 123, 117]
    Layer 23: dist=[84, 104, 85, 104, 119, 114, 108, 116, 80, 114, 108, 112, 122, 118, 79, 99, 94, 91, 121, 121, 84, 112, 115, 81]
    Layer 24: dist=[118, 114, 116, 109, 113, 110, 93, 106, 87, 100, 69, 99, 80, 107, 119, 111, 105, 110, 121, 119, 123, 98, 104, 112]
    Layer 25: dist=[112, 122, 121, 121, 119, 123, 79, 72, 69, 121, 111, 121, 117, 97, 114, 88, 106, 105, 104, 106, 101, 79, 115, 57]
    Layer 26: dist=[79, 93, 64, 108, 104, 123, 102, 71, 109, 106, 100, 108, 75, 47, 69, 105, 98, 95, 35, 72, 59, 111, 108, 102]
    Layer 27: dist=[48, 108, 82, 111, 79, 53, 89, 89, 105, 69, 100, 6, 104, 109, 95, 102, 105, 98, 84, 70, 69, 76, 91, 88]

  [Taylor Step 2/3] OLS sigma per head (scaling V)...
    Layer  0: sigma=[0.141, 0.143, 0.136, 0.100, 0.100, 0.100, 0.100, 0.100, 0.100, 0.100, 0.100, 0.100, 0.100, 0.100, 0.100, 0.100, 0.100, 0.100, 0.100, 0.100, 0.100, 0.104, 0.100, 0.100]
    Layer  1: sigma=[0.100, 0.151, 0.100, 0.100, 0.100, 0.100, 0.100, 0.100, 0.100, 0.100, 0.100, 0.100, 0.100, 0.100, 0.100, 0.100, 0.100, 0.100, 0.100, 0.149, 0.100, 0.100, 0.100, 0.100]
    Layer  2: sigma=[0.100, 0.100, 0.100, 0.100, 0.100, 0.100, 0.100, 0.100, 0.100, 0.100, 0.100, 0.100, 0.100, 0.100, 0.100, 0.100, 0.100, 0.100, 0.100, 0.100, 0.100, 0.100, 0.100, 0.100]
    Layer  3: sigma=[0.100, 0.100, 0.100, 0.100, 0.100, 0.100, 0.100, 0.100, 0.100, 0.100, 0.100, 0.100, 0.100, 0.100, 0.100, 0.100, 0.100, 0.100, 0.100, 0.100, 0.100, 0.100, 0.100, 0.100]
    Layer  4: sigma=[0.100, 0.100, 0.100, 0.100, 0.100, 0.100, 0.100, 0.100, 0.100, 0.100, 0.100, 0.100, 0.100, 0.100, 0.100, 0.100, 0.100, 0.100, 0.100, 0.100, 0.100, 0.100, 0.100, 0.100]
    Layer  5: sigma=[0.100, 0.100, 0.100, 0.100, 0.100, 0.100, 0.100, 0.100, 0.100, 0.100, 0.100, 0.100, 0.100, 0.100, 0.100, 0.100, 0.100, 0.100, 0.100, 0.102, 0.100, 0.100, 0.100, 0.100]
    Layer  6: sigma=[0.100, 0.100, 0.100, 0.100, 0.100, 0.100, 0.100, 0.100, 0.100, 0.100, 0.100, 0.100, 0.100, 0.100, 0.100, 0.100, 0.100, 0.100, 0.100, 0.100, 0.100, 0.100, 0.100, 0.100]
    Layer  7: sigma=[0.100, 0.100, 0.100, 0.100, 0.100, 0.100, 0.100, 0.100, 0.100, 0.100, 0.100, 0.100, 0.100, 0.100, 0.100, 0.100, 0.100, 0.100, 0.100, 0.100, 0.100, 0.100, 0.100, 0.100]
    Layer  8: sigma=[0.100, 0.100, 0.100, 0.100, 0.100, 0.100, 0.100, 0.100, 0.100, 0.100, 0.100, 0.100, 0.100, 0.100, 0.100, 0.100, 0.100, 0.100, 0.100, 0.100, 0.100, 0.100, 0.100, 0.100]
    Layer  9: sigma=[0.100, 0.100, 0.100, 0.100, 0.100, 0.100, 0.100, 0.100, 0.100, 0.100, 0.100, 0.100, 0.100, 0.100, 0.100, 0.100, 0.100, 0.100, 0.100, 0.100, 0.100, 0.100, 0.100, 0.103]
    Layer 10: sigma=[0.100, 0.100, 0.100, 0.100, 0.100, 0.100, 0.100, 0.100, 0.111, 0.100, 0.100, 0.100, 0.128, 0.311, 0.100, 0.100, 0.100, 0.100, 0.100, 0.100, 0.100, 0.100, 0.138, 0.100]
    Layer 11: sigma=[0.100, 0.192, 0.100, 0.100, 0.100, 0.100, 0.100, 0.100, 0.100, 0.100, 0.100, 0.100, 0.100, 0.100, 0.100, 0.100, 0.100, 0.100, 0.100, 0.100, 0.100, 0.100, 0.100, 0.100]
    Layer 12: sigma=[0.100, 0.100, 0.100, 0.100, 0.100, 0.100, 0.100, 0.100, 0.100, 0.100, 0.100, 0.100, 0.100, 0.100, 0.112, 0.100, 0.100, 0.100, 0.100, 0.100, 0.100, 0.100, 0.100, 0.100]
    Layer 14: sigma=[0.100, 0.100, 0.100, 0.100, 0.100, 0.188, 0.100, 0.100, 0.100, 0.100, 0.100, 0.100, 0.100, 0.100, 0.100, 0.100, 0.100, 0.100, 0.100, 0.100, 0.100, 0.100, 0.100, 0.100]
    Layer 15: sigma=[0.100, 0.100, 0.100, 0.100, 0.100, 0.100, 0.100, 0.100, 0.100, 0.163, 0.100, 0.100, 0.100, 0.100, 0.100, 0.100, 0.100, 0.100, 0.100, 0.100, 0.100, 0.100, 0.100, 0.100]
    Layer 16: sigma=[0.100, 0.100, 0.100, 0.100, 0.100, 0.100, 0.100, 0.100, 0.100, 0.100, 0.100, 0.100, 0.100, 0.100, 0.100, 0.100, 0.100, 0.100, 0.100, 0.100, 0.100, 0.100, 0.100, 0.100]
    Layer 17: sigma=[0.100, 0.100, 0.100, 0.100, 0.100, 0.100, 0.100, 0.100, 0.100, 0.100, 0.100, 0.100, 0.100, 0.100, 0.100, 0.100, 0.100, 0.100, 0.100, 0.100, 0.100, 0.100, 0.100, 0.100]
    Layer 18: sigma=[0.100, 0.100, 0.100, 0.100, 0.100, 0.100, 0.100, 0.100, 0.100, 0.100, 0.100, 0.100, 0.100, 0.100, 0.100, 0.100, 0.100, 0.100, 0.100, 0.100, 0.100, 0.100, 0.100, 0.100]
    Layer 19: sigma=[0.100, 0.100, 0.100, 0.100, 0.100, 0.100, 0.100, 0.178, 0.100, 0.100, 0.147, 0.100, 0.100, 0.100, 0.100, 0.100, 0.100, 0.100, 0.100, 0.100, 0.100, 0.100, 0.100, 0.100]
    Layer 20: sigma=[0.100, 0.100, 0.100, 0.100, 0.100, 0.100, 0.100, 0.100, 0.100, 0.100, 0.100, 0.100, 0.100, 0.100, 0.100, 0.100, 0.100, 0.100, 0.100, 0.100, 0.100, 0.100, 0.100, 0.100]
    Layer 21: sigma=[0.100, 0.100, 0.100, 0.100, 0.100, 0.100, 0.100, 0.100, 0.100, 0.100, 0.100, 0.100, 0.100, 0.100, 0.100, 0.100, 0.100, 0.100, 0.100, 0.100, 0.100, 0.100, 0.100, 0.100]
    Layer 22: sigma=[0.100, 0.100, 0.100, 0.100, 0.100, 0.100, 0.100, 0.100, 0.100, 0.100, 0.100, 0.100, 0.100, 0.100, 0.100, 0.100, 0.100, 0.100, 0.100, 0.100, 0.100, 0.100, 0.100, 0.100]
    Layer 23: sigma=[0.100, 0.100, 0.100, 0.105, 0.100, 0.100, 0.100, 0.100, 0.100, 0.100, 0.100, 0.100, 0.100, 0.100, 0.100, 0.100, 0.100, 0.100, 0.100, 0.100, 0.198, 0.100, 0.100, 0.100]
    Layer 24: sigma=[0.100, 0.100, 0.100, 0.100, 0.100, 0.100, 0.100, 0.100, 0.100, 0.275, 0.100, 0.100, 0.100, 0.100, 0.100, 0.100, 0.100, 0.100, 0.100, 0.100, 0.100, 0.100, 0.100, 0.100]
    Layer 25: sigma=[0.100, 0.100, 0.100, 0.100, 0.100, 0.100, 0.100, 0.100, 0.122, 0.100, 0.120, 0.100, 0.100, 0.111, 0.100, 0.100, 0.100, 0.100, 0.100, 0.100, 0.100, 0.100, 0.100, 0.100]
    Layer 26: sigma=[0.100, 0.100, 0.100, 0.100, 0.102, 0.100, 0.100, 0.100, 0.100, 0.100, 0.100, 0.100, 0.141, 0.100, 0.100, 0.100, 0.100, 0.100, 0.314, 0.100, 0.100, 0.100, 0.100, 0.100]
    Layer 27: sigma=[0.299, 0.100, 0.100, 0.100, 0.100, 0.100, 0.100, 0.100, 0.100, 0.100, 0.100, 0.100, 0.100, 0.100, 0.100, 0.100, 0.100, 0.100, 0.260, 0.100, 0.331, 0.100, 0.100, 0.100]

  [Taylor Step 3/3] g_proj = v_proj * alpha (damping=0.01)...
    Layer  0: alpha=0.056352  teacher_rms=0.0170  v_rms=0.0030
    Layer  1: alpha=0.058884  teacher_rms=0.0387  v_rms=0.0066
    Layer  2: alpha=0.015216  teacher_rms=0.0168  v_rms=0.0110
    Layer  3: alpha=0.017317  teacher_rms=0.0218  v_rms=0.0126
    Layer  4: alpha=0.025271  teacher_rms=0.0316  v_rms=0.0125
    Layer  5: alpha=0.034130  teacher_rms=0.0429  v_rms=0.0126
    Layer  6: alpha=0.039001  teacher_rms=0.0529  v_rms=0.0136
    Layer  7: alpha=0.047453  teacher_rms=0.0681  v_rms=0.0143
    Layer  8: alpha=0.052318  teacher_rms=0.0757  v_rms=0.0145
    Layer  9: alpha=0.048148  teacher_rms=0.0774  v_rms=0.0161
    Layer 10: alpha=0.045852  teacher_rms=0.0848  v_rms=0.0185
    Layer 11: alpha=0.049854  teacher_rms=0.0824  v_rms=0.0165
    Layer 12: alpha=0.054199  teacher_rms=0.0896  v_rms=0.0165
    Layer 14: alpha=0.049542  teacher_rms=0.0816  v_rms=0.0165
    Layer 15: alpha=0.040829  teacher_rms=0.0673  v_rms=0.0165
    Layer 16: alpha=0.028714  teacher_rms=0.0493  v_rms=0.0172
    Layer 17: alpha=0.024043  teacher_rms=0.0430  v_rms=0.0179
    Layer 18: alpha=0.022965  teacher_rms=0.0427  v_rms=0.0186
    Layer 19: alpha=0.033520  teacher_rms=0.0638  v_rms=0.0190
    Layer 20: alpha=0.022405  teacher_rms=0.0426  v_rms=0.0190
    Layer 21: alpha=0.019452  teacher_rms=0.0411  v_rms=0.0211
    Layer 22: alpha=0.019571  teacher_rms=0.0441  v_rms=0.0226
    Layer 23: alpha=0.032620  teacher_rms=0.0659  v_rms=0.0202
    Layer 24: alpha=0.027171  teacher_rms=0.0766  v_rms=0.0282
    Layer 25: alpha=0.033500  teacher_rms=0.0859  v_rms=0.0256
    Layer 26: alpha=0.038271  teacher_rms=0.1157  v_rms=0.0302
    Layer 27: alpha=0.041369  teacher_rms=0.1451  v_rms=0.0351

  Set g_proj = v_proj * alpha in 27 GDN layers (damping=0.01).
  Init (taylor_distill) done in 186.5s
  Layer 13: PPL = 649.86  (eval 9.9s)

============================================================
  Probing layer 14 | strategy=taylor_distill
============================================================
Loading checkpoint shards:   0%|          | 0/2 [00:00<?, ?it/s]Loading checkpoint shards: 100%|██████████| 2/2 [00:00<00:00, 124.47it/s]
Loading checkpoint shards:   0%|          | 0/2 [00:00<?, ?it/s]Loading checkpoint shards: 100%|██████████| 2/2 [00:00<00:00, 121.65it/s]
Token indices sequence length is longer than the specified maximum sequence length for this model (2349952 > 131072). Running this sequence through the model will result in indexing errors
  [Taylor Step 1/3] Gate calibration from attention stats...
    Layer  0: dist=[22, 3, 29, 29, 23, 23, 45, 42, 35, 49, 55, 53, 51, 45, 49, 7, 57, 35, 19, 33, 21, 58, 58, 47]
    Layer  1: dist=[37, 40, 77, 52, 50, 57, 33, 74, 40, 65, 64, 71, 45, 43, 50, 25, 28, 66, 58, 48, 61, 52, 50, 57]
    Layer  2: dist=[115, 119, 121, 102, 116, 107, 121, 117, 116, 119, 113, 101, 119, 119, 102, 122, 122, 122, 120, 120, 121, 115, 118, 113]
    Layer  3: dist=[98, 116, 112, 123, 119, 122, 105, 113, 115, 107, 117, 107, 113, 116, 114, 108, 102, 111, 111, 118, 116, 93, 96, 95]
    Layer  4: dist=[98, 112, 120, 98, 97, 92, 99, 95, 108, 107, 104, 113, 86, 106, 111, 97, 120, 105, 99, 102, 101, 118, 122, 109]
    Layer  5: dist=[114, 106, 103, 84, 90, 96, 121, 126, 112, 95, 100, 99, 72, 81, 95, 112, 99, 103, 99, 92, 96, 88, 97, 96]
    Layer  6: dist=[99, 111, 96, 87, 85, 92, 100, 96, 97, 90, 82, 87, 92, 103, 83, 77, 82, 84, 101, 100, 87, 102, 97, 95]
    Layer  7: dist=[85, 72, 99, 68, 88, 85, 65, 71, 79, 78, 96, 85, 94, 82, 84, 85, 83, 94, 88, 83, 81, 82, 87, 79]
    Layer  8: dist=[95, 73, 108, 73, 90, 76, 107, 95, 107, 78, 88, 80, 72, 84, 80, 72, 66, 74, 78, 82, 81, 79, 64, 71]
    Layer  9: dist=[63, 63, 64, 97, 102, 103, 65, 61, 74, 91, 88, 89, 85, 79, 64, 86, 77, 79, 89, 107, 98, 74, 64, 92]
    Layer 10: dist=[78, 77, 81, 94, 97, 98, 78, 72, 70, 83, 70, 101, 61, 52, 66, 85, 89, 75, 62, 65, 67, 112, 99, 87]
    Layer 11: dist=[47, 70, 52, 76, 79, 80, 80, 74, 70, 79, 72, 63, 82, 74, 93, 80, 80, 92, 68, 68, 70, 78, 69, 75]
    Layer 12: dist=[78, 75, 66, 108, 108, 89, 70, 69, 73, 81, 78, 85, 65, 94, 70, 97, 93, 71, 91, 109, 110, 52, 74, 59]
    Layer 13: dist=[84, 82, 84, 83, 80, 77, 28, 53, 47, 67, 62, 86, 84, 112, 92, 71, 100, 81, 86, 92, 84, 89, 99, 88]
    Layer 15: dist=[105, 105, 89, 72, 73, 81, 97, 77, 83, 63, 76, 76, 112, 115, 100, 90, 88, 95, 104, 109, 100, 93, 97, 100]
    Layer 16: dist=[124, 98, 120, 121, 97, 122, 90, 91, 87, 103, 122, 97, 120, 115, 106, 102, 107, 103, 95, 80, 87, 93, 116, 120]
    Layer 17: dist=[109, 112, 97, 115, 114, 105, 76, 96, 88, 113, 106, 116, 117, 107, 103, 91, 110, 90, 115, 111, 119, 122, 114, 119]
    Layer 18: dist=[80, 110, 121, 119, 115, 111, 94, 90, 96, 98, 105, 99, 123, 122, 121, 118, 114, 104, 114, 106, 96, 91, 111, 105]
    Layer 19: dist=[104, 76, 85, 92, 90, 95, 91, 49, 98, 94, 101, 98, 115, 84, 121, 115, 107, 110, 105, 94, 104, 114, 118, 117]
    Layer 20: dist=[102, 117, 118, 115, 112, 112, 109, 110, 122, 112, 112, 114, 102, 100, 115, 115, 113, 118, 109, 97, 98, 103, 108, 106]
    Layer 21: dist=[109, 112, 109, 122, 124, 121, 122, 120, 121, 101, 107, 100, 114, 117, 113, 117, 115, 117, 113, 117, 108, 104, 107, 105]
    Layer 22: dist=[119, 103, 111, 119, 118, 119, 123, 124, 122, 116, 119, 118, 111, 102, 84, 113, 95, 103, 117, 121, 117, 115, 123, 117]
    Layer 23: dist=[84, 104, 85, 104, 119, 114, 108, 116, 80, 114, 108, 112, 122, 118, 79, 99, 94, 91, 121, 121, 84, 112, 115, 81]
    Layer 24: dist=[118, 114, 116, 109, 113, 110, 93, 106, 87, 100, 69, 99, 80, 107, 119, 111, 105, 110, 121, 119, 123, 98, 104, 112]
    Layer 25: dist=[112, 122, 121, 121, 119, 123, 79, 72, 69, 121, 111, 121, 117, 97, 114, 88, 106, 105, 104, 106, 101, 79, 115, 57]
    Layer 26: dist=[79, 93, 64, 108, 104, 123, 102, 71, 109, 106, 100, 108, 75, 47, 69, 105, 98, 95, 35, 72, 59, 111, 108, 102]
    Layer 27: dist=[48, 108, 82, 111, 79, 53, 89, 89, 105, 69, 100, 6, 104, 109, 95, 102, 105, 98, 84, 70, 69, 76, 91, 88]

  [Taylor Step 2/3] OLS sigma per head (scaling V)...
    Layer  0: sigma=[0.143, 0.142, 0.137, 0.100, 0.100, 0.100, 0.100, 0.100, 0.100, 0.100, 0.100, 0.100, 0.100, 0.100, 0.100, 0.100, 0.100, 0.100, 0.100, 0.100, 0.100, 0.107, 0.100, 0.100]
    Layer  1: sigma=[0.100, 0.151, 0.100, 0.100, 0.100, 0.100, 0.100, 0.100, 0.100, 0.100, 0.100, 0.100, 0.100, 0.100, 0.100, 0.100, 0.100, 0.100, 0.100, 0.141, 0.100, 0.100, 0.100, 0.100]
    Layer  2: sigma=[0.100, 0.100, 0.100, 0.100, 0.100, 0.100, 0.100, 0.100, 0.100, 0.100, 0.100, 0.100, 0.100, 0.100, 0.100, 0.100, 0.100, 0.100, 0.100, 0.100, 0.100, 0.100, 0.100, 0.100]
    Layer  3: sigma=[0.100, 0.100, 0.100, 0.100, 0.100, 0.100, 0.100, 0.100, 0.100, 0.100, 0.100, 0.100, 0.100, 0.100, 0.100, 0.100, 0.100, 0.100, 0.100, 0.100, 0.100, 0.100, 0.100, 0.100]
    Layer  4: sigma=[0.100, 0.100, 0.100, 0.100, 0.100, 0.100, 0.100, 0.100, 0.100, 0.100, 0.100, 0.100, 0.100, 0.100, 0.100, 0.100, 0.100, 0.100, 0.100, 0.100, 0.100, 0.100, 0.100, 0.100]
    Layer  5: sigma=[0.100, 0.100, 0.100, 0.100, 0.100, 0.100, 0.100, 0.100, 0.100, 0.100, 0.100, 0.100, 0.100, 0.100, 0.100, 0.100, 0.100, 0.100, 0.100, 0.106, 0.100, 0.100, 0.100, 0.100]
    Layer  6: sigma=[0.100, 0.100, 0.100, 0.100, 0.100, 0.100, 0.100, 0.100, 0.100, 0.100, 0.100, 0.100, 0.100, 0.100, 0.100, 0.100, 0.100, 0.100, 0.100, 0.100, 0.100, 0.100, 0.100, 0.100]
    Layer  7: sigma=[0.100, 0.100, 0.100, 0.100, 0.100, 0.100, 0.100, 0.100, 0.100, 0.100, 0.100, 0.100, 0.100, 0.100, 0.100, 0.100, 0.100, 0.100, 0.100, 0.100, 0.100, 0.100, 0.100, 0.100]
    Layer  8: sigma=[0.100, 0.100, 0.100, 0.100, 0.100, 0.100, 0.100, 0.100, 0.100, 0.100, 0.100, 0.100, 0.100, 0.100, 0.100, 0.100, 0.100, 0.100, 0.100, 0.100, 0.100, 0.100, 0.100, 0.100]
    Layer  9: sigma=[0.100, 0.100, 0.100, 0.100, 0.100, 0.100, 0.100, 0.100, 0.100, 0.100, 0.100, 0.100, 0.100, 0.100, 0.100, 0.100, 0.100, 0.100, 0.100, 0.100, 0.100, 0.100, 0.100, 0.103]
    Layer 10: sigma=[0.100, 0.100, 0.100, 0.100, 0.100, 0.100, 0.100, 0.100, 0.108, 0.100, 0.100, 0.100, 0.125, 0.290, 0.100, 0.100, 0.100, 0.100, 0.100, 0.100, 0.103, 0.100, 0.136, 0.100]
    Layer 11: sigma=[0.100, 0.214, 0.100, 0.100, 0.100, 0.100, 0.100, 0.100, 0.100, 0.100, 0.100, 0.100, 0.100, 0.100, 0.100, 0.100, 0.100, 0.100, 0.100, 0.100, 0.100, 0.100, 0.100, 0.100]
    Layer 12: sigma=[0.100, 0.100, 0.100, 0.100, 0.100, 0.100, 0.100, 0.100, 0.100, 0.100, 0.100, 0.100, 0.100, 0.100, 0.104, 0.100, 0.100, 0.100, 0.100, 0.100, 0.100, 0.100, 0.100, 0.100]
    Layer 13: sigma=[0.100, 0.100, 0.100, 0.100, 0.100, 0.100, 0.100, 0.363, 0.108, 0.100, 0.100, 0.100, 0.100, 0.100, 0.100, 0.100, 0.132, 0.100, 0.100, 0.100, 0.100, 0.100, 0.100, 0.100]
    Layer 15: sigma=[0.100, 0.100, 0.100, 0.100, 0.100, 0.100, 0.100, 0.100, 0.100, 0.167, 0.100, 0.100, 0.100, 0.100, 0.100, 0.100, 0.100, 0.100, 0.100, 0.100, 0.100, 0.100, 0.100, 0.100]
    Layer 16: sigma=[0.100, 0.100, 0.100, 0.100, 0.100, 0.100, 0.100, 0.100, 0.100, 0.100, 0.100, 0.100, 0.100, 0.100, 0.100, 0.100, 0.100, 0.100, 0.100, 0.100, 0.100, 0.100, 0.100, 0.100]
    Layer 17: sigma=[0.100, 0.100, 0.100, 0.100, 0.100, 0.100, 0.100, 0.100, 0.100, 0.100, 0.100, 0.100, 0.100, 0.100, 0.100, 0.100, 0.100, 0.100, 0.100, 0.100, 0.100, 0.100, 0.100, 0.100]
    Layer 18: sigma=[0.100, 0.100, 0.100, 0.100, 0.100, 0.100, 0.100, 0.100, 0.100, 0.100, 0.100, 0.100, 0.100, 0.100, 0.100, 0.100, 0.100, 0.100, 0.100, 0.100, 0.100, 0.100, 0.100, 0.100]
    Layer 19: sigma=[0.100, 0.100, 0.100, 0.100, 0.100, 0.100, 0.100, 0.191, 0.100, 0.100, 0.158, 0.100, 0.100, 0.100, 0.100, 0.100, 0.100, 0.100, 0.100, 0.100, 0.100, 0.100, 0.100, 0.100]
    Layer 20: sigma=[0.100, 0.100, 0.100, 0.100, 0.100, 0.100, 0.100, 0.100, 0.100, 0.100, 0.100, 0.100, 0.100, 0.100, 0.100, 0.100, 0.100, 0.100, 0.100, 0.100, 0.100, 0.100, 0.100, 0.100]
    Layer 21: sigma=[0.100, 0.100, 0.100, 0.100, 0.100, 0.100, 0.100, 0.100, 0.100, 0.100, 0.100, 0.100, 0.100, 0.100, 0.100, 0.100, 0.100, 0.100, 0.100, 0.100, 0.100, 0.100, 0.100, 0.100]
    Layer 22: sigma=[0.100, 0.100, 0.100, 0.100, 0.100, 0.100, 0.100, 0.100, 0.100, 0.100, 0.100, 0.100, 0.100, 0.100, 0.100, 0.100, 0.100, 0.100, 0.100, 0.100, 0.100, 0.100, 0.100, 0.100]
    Layer 23: sigma=[0.100, 0.100, 0.100, 0.104, 0.100, 0.100, 0.100, 0.100, 0.100, 0.100, 0.100, 0.100, 0.100, 0.100, 0.100, 0.100, 0.100, 0.100, 0.100, 0.100, 0.188, 0.100, 0.100, 0.100]
    Layer 24: sigma=[0.100, 0.100, 0.100, 0.100, 0.100, 0.100, 0.100, 0.100, 0.100, 0.277, 0.100, 0.100, 0.100, 0.100, 0.100, 0.100, 0.100, 0.100, 0.100, 0.100, 0.100, 0.100, 0.100, 0.100]
    Layer 25: sigma=[0.100, 0.100, 0.100, 0.100, 0.100, 0.100, 0.100, 0.100, 0.114, 0.100, 0.117, 0.100, 0.100, 0.112, 0.100, 0.100, 0.100, 0.100, 0.100, 0.100, 0.100, 0.100, 0.100, 0.100]
    Layer 26: sigma=[0.100, 0.100, 0.100, 0.100, 0.106, 0.100, 0.100, 0.100, 0.100, 0.100, 0.100, 0.100, 0.130, 0.100, 0.100, 0.100, 0.100, 0.100, 0.310, 0.100, 0.100, 0.100, 0.100, 0.100]
    Layer 27: sigma=[0.313, 0.100, 0.100, 0.100, 0.100, 0.100, 0.100, 0.100, 0.100, 0.100, 0.100, 0.100, 0.100, 0.100, 0.100, 0.100, 0.100, 0.100, 0.272, 0.100, 0.275, 0.100, 0.100, 0.100]

  [Taylor Step 3/3] g_proj = v_proj * alpha (damping=0.01)...
    Layer  0: alpha=0.056190  teacher_rms=0.0170  v_rms=0.0030
    Layer  1: alpha=0.059146  teacher_rms=0.0387  v_rms=0.0065
    Layer  2: alpha=0.015216  teacher_rms=0.0168  v_rms=0.0110
    Layer  3: alpha=0.017317  teacher_rms=0.0218  v_rms=0.0126
    Layer  4: alpha=0.025271  teacher_rms=0.0316  v_rms=0.0125
    Layer  5: alpha=0.034079  teacher_rms=0.0429  v_rms=0.0126
    Layer  6: alpha=0.039001  teacher_rms=0.0529  v_rms=0.0136
    Layer  7: alpha=0.047453  teacher_rms=0.0681  v_rms=0.0143
    Layer  8: alpha=0.052318  teacher_rms=0.0757  v_rms=0.0145
    Layer  9: alpha=0.048152  teacher_rms=0.0774  v_rms=0.0161
    Layer 10: alpha=0.046734  teacher_rms=0.0848  v_rms=0.0181
    Layer 11: alpha=0.049155  teacher_rms=0.0824  v_rms=0.0168
    Layer 12: alpha=0.054411  teacher_rms=0.0896  v_rms=0.0165
    Layer 13: alpha=0.045636  teacher_rms=0.0933  v_rms=0.0204
    Layer 15: alpha=0.040728  teacher_rms=0.0673  v_rms=0.0165
    Layer 16: alpha=0.028714  teacher_rms=0.0493  v_rms=0.0172
    Layer 17: alpha=0.024043  teacher_rms=0.0430  v_rms=0.0179
    Layer 18: alpha=0.022965  teacher_rms=0.0427  v_rms=0.0186
    Layer 19: alpha=0.033129  teacher_rms=0.0638  v_rms=0.0193
    Layer 20: alpha=0.022405  teacher_rms=0.0426  v_rms=0.0190
    Layer 21: alpha=0.019452  teacher_rms=0.0411  v_rms=0.0211
    Layer 22: alpha=0.019571  teacher_rms=0.0441  v_rms=0.0226
    Layer 23: alpha=0.032830  teacher_rms=0.0659  v_rms=0.0201
    Layer 24: alpha=0.027143  teacher_rms=0.0766  v_rms=0.0282
    Layer 25: alpha=0.033618  teacher_rms=0.0859  v_rms=0.0256
    Layer 26: alpha=0.038457  teacher_rms=0.1157  v_rms=0.0301
    Layer 27: alpha=0.042020  teacher_rms=0.1451  v_rms=0.0345

  Set g_proj = v_proj * alpha in 27 GDN layers (damping=0.01).
  Init (taylor_distill) done in 185.4s
  Layer 14: PPL = 497.48  (eval 9.8s)

============================================================
  Probing layer 15 | strategy=taylor_distill
============================================================
Loading checkpoint shards:   0%|          | 0/2 [00:00<?, ?it/s]Loading checkpoint shards: 100%|██████████| 2/2 [00:00<00:00, 123.51it/s]
Loading checkpoint shards:   0%|          | 0/2 [00:00<?, ?it/s]Loading checkpoint shards: 100%|██████████| 2/2 [00:00<00:00, 51.63it/s]
Token indices sequence length is longer than the specified maximum sequence length for this model (2349952 > 131072). Running this sequence through the model will result in indexing errors
  [Taylor Step 1/3] Gate calibration from attention stats...
    Layer  0: dist=[22, 3, 29, 29, 23, 23, 45, 42, 35, 49, 55, 53, 51, 45, 49, 7, 57, 35, 19, 33, 21, 58, 58, 47]
    Layer  1: dist=[37, 40, 77, 52, 50, 57, 33, 74, 40, 65, 64, 71, 45, 43, 50, 25, 28, 66, 58, 48, 61, 52, 50, 57]
    Layer  2: dist=[115, 119, 121, 102, 116, 107, 121, 117, 116, 119, 113, 101, 119, 119, 102, 122, 122, 122, 120, 120, 121, 115, 118, 113]
    Layer  3: dist=[98, 116, 112, 123, 119, 122, 105, 113, 115, 107, 117, 107, 113, 116, 114, 108, 102, 111, 111, 118, 116, 93, 96, 95]
    Layer  4: dist=[98, 112, 120, 98, 97, 92, 99, 95, 108, 107, 104, 113, 86, 106, 111, 97, 120, 105, 99, 102, 101, 118, 122, 109]
    Layer  5: dist=[114, 106, 103, 84, 90, 96, 121, 126, 112, 95, 100, 99, 72, 81, 95, 112, 99, 103, 99, 92, 96, 88, 97, 96]
    Layer  6: dist=[99, 111, 96, 87, 85, 92, 100, 96, 97, 90, 82, 87, 92, 103, 83, 77, 82, 84, 101, 100, 87, 102, 97, 95]
    Layer  7: dist=[85, 72, 99, 68, 88, 85, 65, 71, 79, 78, 96, 85, 94, 82, 84, 85, 83, 94, 88, 83, 81, 82, 87, 79]
    Layer  8: dist=[95, 73, 108, 73, 90, 76, 107, 95, 107, 78, 88, 80, 72, 84, 80, 72, 66, 74, 78, 82, 81, 79, 64, 71]
    Layer  9: dist=[63, 63, 64, 97, 102, 103, 65, 61, 74, 91, 88, 89, 85, 79, 64, 86, 77, 79, 89, 107, 98, 74, 64, 92]
    Layer 10: dist=[78, 77, 81, 94, 97, 98, 78, 72, 70, 83, 70, 101, 61, 52, 66, 85, 89, 75, 62, 65, 67, 112, 99, 87]
    Layer 11: dist=[47, 70, 52, 76, 79, 80, 80, 74, 70, 79, 72, 63, 82, 74, 93, 80, 80, 92, 68, 68, 70, 78, 69, 75]
    Layer 12: dist=[78, 75, 66, 108, 108, 89, 70, 69, 73, 81, 78, 85, 65, 94, 70, 97, 93, 71, 91, 109, 110, 52, 74, 59]
    Layer 13: dist=[84, 82, 84, 83, 80, 77, 28, 53, 47, 67, 62, 86, 84, 112, 92, 71, 100, 81, 86, 92, 84, 89, 99, 88]
    Layer 14: dist=[45, 118, 119, 67, 56, 57, 63, 56, 56, 78, 100, 104, 94, 93, 93, 85, 80, 83, 60, 74, 80, 104, 115, 77]
    Layer 16: dist=[124, 98, 120, 121, 97, 122, 90, 91, 87, 103, 122, 97, 120, 115, 106, 102, 107, 103, 95, 80, 87, 93, 116, 120]
    Layer 17: dist=[109, 112, 97, 115, 114, 105, 76, 96, 88, 113, 106, 116, 117, 107, 103, 91, 110, 90, 115, 111, 119, 122, 114, 119]
    Layer 18: dist=[80, 110, 121, 119, 115, 111, 94, 90, 96, 98, 105, 99, 123, 122, 121, 118, 114, 104, 114, 106, 96, 91, 111, 105]
    Layer 19: dist=[104, 76, 85, 92, 90, 95, 91, 49, 98, 94, 101, 98, 115, 84, 121, 115, 107, 110, 105, 94, 104, 114, 118, 117]
    Layer 20: dist=[102, 117, 118, 115, 112, 112, 109, 110, 122, 112, 112, 114, 102, 100, 115, 115, 113, 118, 109, 97, 98, 103, 108, 106]
    Layer 21: dist=[109, 112, 109, 122, 124, 121, 122, 120, 121, 101, 107, 100, 114, 117, 113, 117, 115, 117, 113, 117, 108, 104, 107, 105]
    Layer 22: dist=[119, 103, 111, 119, 118, 119, 123, 124, 122, 116, 119, 118, 111, 102, 84, 113, 95, 103, 117, 121, 117, 115, 123, 117]
    Layer 23: dist=[84, 104, 85, 104, 119, 114, 108, 116, 80, 114, 108, 112, 122, 118, 79, 99, 94, 91, 121, 121, 84, 112, 115, 81]
    Layer 24: dist=[118, 114, 116, 109, 113, 110, 93, 106, 87, 100, 69, 99, 80, 107, 119, 111, 105, 110, 121, 119, 123, 98, 104, 112]
    Layer 25: dist=[112, 122, 121, 121, 119, 123, 79, 72, 69, 121, 111, 121, 117, 97, 114, 88, 106, 105, 104, 106, 101, 79, 115, 57]
    Layer 26: dist=[79, 93, 64, 108, 104, 123, 102, 71, 109, 106, 100, 108, 75, 47, 69, 105, 98, 95, 35, 72, 59, 111, 108, 102]
    Layer 27: dist=[48, 108, 82, 111, 79, 53, 89, 89, 105, 69, 100, 6, 104, 109, 95, 102, 105, 98, 84, 70, 69, 76, 91, 88]

  [Taylor Step 2/3] OLS sigma per head (scaling V)...
    Layer  0: sigma=[0.142, 0.129, 0.134, 0.100, 0.100, 0.100, 0.100, 0.100, 0.100, 0.100, 0.100, 0.100, 0.100, 0.100, 0.100, 0.100, 0.100, 0.100, 0.100, 0.100, 0.100, 0.109, 0.100, 0.100]
    Layer  1: sigma=[0.100, 0.144, 0.100, 0.100, 0.100, 0.100, 0.100, 0.100, 0.100, 0.100, 0.100, 0.100, 0.100, 0.100, 0.100, 0.100, 0.100, 0.100, 0.100, 0.148, 0.100, 0.100, 0.100, 0.100]
    Layer  2: sigma=[0.100, 0.100, 0.100, 0.100, 0.100, 0.100, 0.100, 0.100, 0.100, 0.100, 0.100, 0.100, 0.100, 0.100, 0.100, 0.100, 0.100, 0.100, 0.100, 0.100, 0.100, 0.100, 0.100, 0.100]
    Layer  3: sigma=[0.100, 0.100, 0.100, 0.100, 0.100, 0.100, 0.100, 0.100, 0.100, 0.100, 0.100, 0.100, 0.100, 0.100, 0.100, 0.100, 0.100, 0.100, 0.100, 0.100, 0.100, 0.100, 0.100, 0.100]
    Layer  4: sigma=[0.100, 0.100, 0.100, 0.100, 0.100, 0.100, 0.100, 0.100, 0.100, 0.100, 0.100, 0.100, 0.100, 0.100, 0.100, 0.100, 0.100, 0.100, 0.100, 0.100, 0.100, 0.100, 0.100, 0.100]
    Layer  5: sigma=[0.100, 0.100, 0.100, 0.100, 0.100, 0.100, 0.100, 0.100, 0.100, 0.100, 0.100, 0.100, 0.100, 0.100, 0.100, 0.100, 0.100, 0.100, 0.100, 0.108, 0.100, 0.100, 0.100, 0.100]
    Layer  6: sigma=[0.100, 0.100, 0.100, 0.100, 0.100, 0.100, 0.100, 0.100, 0.100, 0.100, 0.100, 0.100, 0.100, 0.100, 0.100, 0.100, 0.100, 0.100, 0.100, 0.100, 0.100, 0.100, 0.100, 0.100]
    Layer  7: sigma=[0.100, 0.100, 0.100, 0.100, 0.100, 0.100, 0.100, 0.100, 0.100, 0.100, 0.100, 0.100, 0.100, 0.100, 0.100, 0.100, 0.100, 0.100, 0.100, 0.100, 0.100, 0.100, 0.100, 0.100]
    Layer  8: sigma=[0.100, 0.100, 0.100, 0.100, 0.100, 0.100, 0.100, 0.100, 0.100, 0.100, 0.100, 0.100, 0.100, 0.100, 0.100, 0.100, 0.100, 0.100, 0.100, 0.100, 0.100, 0.100, 0.100, 0.100]
    Layer  9: sigma=[0.100, 0.100, 0.100, 0.100, 0.100, 0.100, 0.100, 0.100, 0.100, 0.100, 0.100, 0.100, 0.100, 0.100, 0.100, 0.100, 0.100, 0.100, 0.100, 0.100, 0.100, 0.100, 0.100, 0.108]
    Layer 10: sigma=[0.100, 0.100, 0.100, 0.100, 0.100, 0.100, 0.100, 0.100, 0.113, 0.100, 0.100, 0.100, 0.122, 0.281, 0.100, 0.100, 0.100, 0.100, 0.100, 0.100, 0.100, 0.100, 0.134, 0.100]
    Layer 11: sigma=[0.100, 0.190, 0.100, 0.100, 0.100, 0.100, 0.100, 0.100, 0.100, 0.100, 0.100, 0.100, 0.100, 0.100, 0.100, 0.100, 0.100, 0.100, 0.100, 0.100, 0.100, 0.100, 0.100, 0.100]
    Layer 12: sigma=[0.100, 0.100, 0.100, 0.100, 0.100, 0.100, 0.100, 0.100, 0.100, 0.100, 0.100, 0.100, 0.100, 0.100, 0.109, 0.100, 0.100, 0.100, 0.100, 0.100, 0.100, 0.100, 0.100, 0.100]
    Layer 13: sigma=[0.100, 0.100, 0.100, 0.100, 0.100, 0.100, 0.100, 0.341, 0.111, 0.100, 0.100, 0.100, 0.100, 0.100, 0.100, 0.100, 0.133, 0.100, 0.100, 0.100, 0.100, 0.100, 0.100, 0.100]
    Layer 14: sigma=[0.100, 0.100, 0.100, 0.100, 0.100, 0.202, 0.100, 0.100, 0.100, 0.100, 0.100, 0.100, 0.100, 0.100, 0.100, 0.100, 0.100, 0.100, 0.100, 0.100, 0.100, 0.100, 0.100, 0.100]
    Layer 16: sigma=[0.100, 0.100, 0.100, 0.100, 0.100, 0.100, 0.100, 0.100, 0.100, 0.100, 0.100, 0.100, 0.100, 0.100, 0.100, 0.100, 0.100, 0.100, 0.100, 0.100, 0.100, 0.100, 0.100, 0.100]
    Layer 17: sigma=[0.100, 0.100, 0.100, 0.100, 0.100, 0.100, 0.100, 0.100, 0.100, 0.100, 0.100, 0.100, 0.100, 0.100, 0.100, 0.100, 0.100, 0.100, 0.100, 0.100, 0.100, 0.100, 0.100, 0.100]
    Layer 18: sigma=[0.100, 0.100, 0.100, 0.100, 0.100, 0.100, 0.100, 0.100, 0.100, 0.100, 0.100, 0.100, 0.100, 0.100, 0.100, 0.100, 0.100, 0.100, 0.100, 0.100, 0.100, 0.100, 0.100, 0.100]
    Layer 19: sigma=[0.100, 0.100, 0.100, 0.100, 0.100, 0.100, 0.100, 0.187, 0.100, 0.100, 0.164, 0.100, 0.100, 0.100, 0.100, 0.100, 0.100, 0.100, 0.100, 0.100, 0.100, 0.100, 0.100, 0.100]
    Layer 20: sigma=[0.100, 0.100, 0.100, 0.100, 0.100, 0.100, 0.100, 0.100, 0.100, 0.100, 0.100, 0.100, 0.100, 0.100, 0.100, 0.100, 0.100, 0.100, 0.100, 0.100, 0.100, 0.100, 0.100, 0.100]
    Layer 21: sigma=[0.100, 0.100, 0.100, 0.100, 0.100, 0.100, 0.100, 0.100, 0.100, 0.100, 0.100, 0.100, 0.100, 0.100, 0.100, 0.100, 0.100, 0.100, 0.100, 0.100, 0.100, 0.100, 0.100, 0.100]
    Layer 22: sigma=[0.100, 0.100, 0.100, 0.100, 0.100, 0.100, 0.100, 0.100, 0.100, 0.100, 0.100, 0.100, 0.100, 0.100, 0.100, 0.100, 0.100, 0.100, 0.100, 0.100, 0.100, 0.100, 0.100, 0.100]
    Layer 23: sigma=[0.100, 0.100, 0.100, 0.103, 0.100, 0.100, 0.100, 0.100, 0.100, 0.100, 0.100, 0.100, 0.100, 0.100, 0.100, 0.100, 0.100, 0.100, 0.100, 0.100, 0.195, 0.100, 0.100, 0.100]
    Layer 24: sigma=[0.100, 0.100, 0.100, 0.100, 0.100, 0.100, 0.100, 0.100, 0.100, 0.282, 0.100, 0.100, 0.100, 0.100, 0.100, 0.100, 0.100, 0.100, 0.100, 0.100, 0.100, 0.100, 0.100, 0.100]
    Layer 25: sigma=[0.100, 0.100, 0.100, 0.100, 0.100, 0.100, 0.100, 0.100, 0.109, 0.100, 0.108, 0.100, 0.100, 0.117, 0.100, 0.100, 0.100, 0.100, 0.100, 0.100, 0.100, 0.100, 0.100, 0.100]
    Layer 26: sigma=[0.100, 0.100, 0.100, 0.100, 0.100, 0.100, 0.100, 0.100, 0.100, 0.100, 0.100, 0.100, 0.100, 0.100, 0.100, 0.100, 0.100, 0.100, 0.312, 0.100, 0.100, 0.100, 0.100, 0.100]
    Layer 27: sigma=[0.337, 0.100, 0.100, 0.100, 0.100, 0.100, 0.100, 0.100, 0.100, 0.100, 0.100, 0.100, 0.100, 0.100, 0.100, 0.100, 0.100, 0.100, 0.224, 0.100, 0.357, 0.100, 0.100, 0.100]

  [Taylor Step 3/3] g_proj = v_proj * alpha (damping=0.01)...
    Layer  0: alpha=0.056519  teacher_rms=0.0170  v_rms=0.0030
    Layer  1: alpha=0.059173  teacher_rms=0.0387  v_rms=0.0065
    Layer  2: alpha=0.015216  teacher_rms=0.0168  v_rms=0.0110
    Layer  3: alpha=0.017317  teacher_rms=0.0218  v_rms=0.0126
    Layer  4: alpha=0.025271  teacher_rms=0.0316  v_rms=0.0125
    Layer  5: alpha=0.034053  teacher_rms=0.0429  v_rms=0.0126
    Layer  6: alpha=0.039001  teacher_rms=0.0529  v_rms=0.0136
    Layer  7: alpha=0.047453  teacher_rms=0.0681  v_rms=0.0143
    Layer  8: alpha=0.052318  teacher_rms=0.0757  v_rms=0.0145
    Layer  9: alpha=0.048052  teacher_rms=0.0774  v_rms=0.0161
    Layer 10: alpha=0.047110  teacher_rms=0.0848  v_rms=0.0180
    Layer 11: alpha=0.049912  teacher_rms=0.0824  v_rms=0.0165
    Layer 12: alpha=0.054288  teacher_rms=0.0896  v_rms=0.0165
    Layer 13: alpha=0.046497  teacher_rms=0.0933  v_rms=0.0201
    Layer 14: alpha=0.049116  teacher_rms=0.0816  v_rms=0.0166
    Layer 16: alpha=0.028714  teacher_rms=0.0493  v_rms=0.0172
    Layer 17: alpha=0.024043  teacher_rms=0.0430  v_rms=0.0179
    Layer 18: alpha=0.022965  teacher_rms=0.0427  v_rms=0.0186
    Layer 19: alpha=0.033138  teacher_rms=0.0638  v_rms=0.0193
    Layer 20: alpha=0.022405  teacher_rms=0.0426  v_rms=0.0190
    Layer 21: alpha=0.019452  teacher_rms=0.0411  v_rms=0.0211
    Layer 22: alpha=0.019571  teacher_rms=0.0441  v_rms=0.0226
    Layer 23: alpha=0.032700  teacher_rms=0.0659  v_rms=0.0201
    Layer 24: alpha=0.027050  teacher_rms=0.0766  v_rms=0.0283
    Layer 25: alpha=0.033747  teacher_rms=0.0859  v_rms=0.0255
    Layer 26: alpha=0.038772  teacher_rms=0.1157  v_rms=0.0298
    Layer 27: alpha=0.040167  teacher_rms=0.1451  v_rms=0.0361

  Set g_proj = v_proj * alpha in 27 GDN layers (damping=0.01).
  Init (taylor_distill) done in 196.6s
  Layer 15: PPL = 604.62  (eval 10.1s)

============================================================
  Probing layer 16 | strategy=taylor_distill
============================================================
Loading checkpoint shards:   0%|          | 0/2 [00:00<?, ?it/s]Loading checkpoint shards: 100%|██████████| 2/2 [00:00<00:00, 118.51it/s]
Loading checkpoint shards:   0%|          | 0/2 [00:00<?, ?it/s]Loading checkpoint shards: 100%|██████████| 2/2 [00:00<00:00, 119.26it/s]
Token indices sequence length is longer than the specified maximum sequence length for this model (2349952 > 131072). Running this sequence through the model will result in indexing errors
  [Taylor Step 1/3] Gate calibration from attention stats...
    Layer  0: dist=[22, 3, 29, 29, 23, 23, 45, 42, 35, 49, 55, 53, 51, 45, 49, 7, 57, 35, 19, 33, 21, 58, 58, 47]
    Layer  1: dist=[37, 40, 77, 52, 50, 57, 33, 74, 40, 65, 64, 71, 45, 43, 50, 25, 28, 66, 58, 48, 61, 52, 50, 57]
    Layer  2: dist=[115, 119, 121, 102, 116, 107, 121, 117, 116, 119, 113, 101, 119, 119, 102, 122, 122, 122, 120, 120, 121, 115, 118, 113]
    Layer  3: dist=[98, 116, 112, 123, 119, 122, 105, 113, 115, 107, 117, 107, 113, 116, 114, 108, 102, 111, 111, 118, 116, 93, 96, 95]
    Layer  4: dist=[98, 112, 120, 98, 97, 92, 99, 95, 108, 107, 104, 113, 86, 106, 111, 97, 120, 105, 99, 102, 101, 118, 122, 109]
    Layer  5: dist=[114, 106, 103, 84, 90, 96, 121, 126, 112, 95, 100, 99, 72, 81, 95, 112, 99, 103, 99, 92, 96, 88, 97, 96]
    Layer  6: dist=[99, 111, 96, 87, 85, 92, 100, 96, 97, 90, 82, 87, 92, 103, 83, 77, 82, 84, 101, 100, 87, 102, 97, 95]
    Layer  7: dist=[85, 72, 99, 68, 88, 85, 65, 71, 79, 78, 96, 85, 94, 82, 84, 85, 83, 94, 88, 83, 81, 82, 87, 79]
    Layer  8: dist=[95, 73, 108, 73, 90, 76, 107, 95, 107, 78, 88, 80, 72, 84, 80, 72, 66, 74, 78, 82, 81, 79, 64, 71]
    Layer  9: dist=[63, 63, 64, 97, 102, 103, 65, 61, 74, 91, 88, 89, 85, 79, 64, 86, 77, 79, 89, 107, 98, 74, 64, 92]
    Layer 10: dist=[78, 77, 81, 94, 97, 98, 78, 72, 70, 83, 70, 101, 61, 52, 66, 85, 89, 75, 62, 65, 67, 112, 99, 87]
    Layer 11: dist=[47, 70, 52, 76, 79, 80, 80, 74, 70, 79, 72, 63, 82, 74, 93, 80, 80, 92, 68, 68, 70, 78, 69, 75]
    Layer 12: dist=[78, 75, 66, 108, 108, 89, 70, 69, 73, 81, 78, 85, 65, 94, 70, 97, 93, 71, 91, 109, 110, 52, 74, 59]
    Layer 13: dist=[84, 82, 84, 83, 80, 77, 28, 53, 47, 67, 62, 86, 84, 112, 92, 71, 100, 81, 86, 92, 84, 89, 99, 88]
    Layer 14: dist=[45, 118, 119, 67, 56, 57, 63, 56, 56, 78, 100, 104, 94, 93, 93, 85, 80, 83, 60, 74, 80, 104, 115, 77]
    Layer 15: dist=[105, 105, 89, 72, 73, 81, 97, 77, 83, 63, 76, 76, 112, 115, 100, 90, 88, 95, 104, 109, 100, 93, 97, 100]
    Layer 17: dist=[109, 112, 97, 115, 114, 105, 76, 96, 88, 113, 106, 116, 117, 107, 103, 91, 110, 90, 115, 111, 119, 122, 114, 119]
    Layer 18: dist=[80, 110, 121, 119, 115, 111, 94, 90, 96, 98, 105, 99, 123, 122, 121, 118, 114, 104, 114, 106, 96, 91, 111, 105]
    Layer 19: dist=[104, 76, 85, 92, 90, 95, 91, 49, 98, 94, 101, 98, 115, 84, 121, 115, 107, 110, 105, 94, 104, 114, 118, 117]
    Layer 20: dist=[102, 117, 118, 115, 112, 112, 109, 110, 122, 112, 112, 114, 102, 100, 115, 115, 113, 118, 109, 97, 98, 103, 108, 106]
    Layer 21: dist=[109, 112, 109, 122, 124, 121, 122, 120, 121, 101, 107, 100, 114, 117, 113, 117, 115, 117, 113, 117, 108, 104, 107, 105]
    Layer 22: dist=[119, 103, 111, 119, 118, 119, 123, 124, 122, 116, 119, 118, 111, 102, 84, 113, 95, 103, 117, 121, 117, 115, 123, 117]
    Layer 23: dist=[84, 104, 85, 104, 119, 114, 108, 116, 80, 114, 108, 112, 122, 118, 79, 99, 94, 91, 121, 121, 84, 112, 115, 81]
    Layer 24: dist=[118, 114, 116, 109, 113, 110, 93, 106, 87, 100, 69, 99, 80, 107, 119, 111, 105, 110, 121, 119, 123, 98, 104, 112]
    Layer 25: dist=[112, 122, 121, 121, 119, 123, 79, 72, 69, 121, 111, 121, 117, 97, 114, 88, 106, 105, 104, 106, 101, 79, 115, 57]
    Layer 26: dist=[79, 93, 64, 108, 104, 123, 102, 71, 109, 106, 100, 108, 75, 47, 69, 105, 98, 95, 35, 72, 59, 111, 108, 102]
    Layer 27: dist=[48, 108, 82, 111, 79, 53, 89, 89, 105, 69, 100, 6, 104, 109, 95, 102, 105, 98, 84, 70, 69, 76, 91, 88]

  [Taylor Step 2/3] OLS sigma per head (scaling V)...
    Layer  0: sigma=[0.139, 0.137, 0.138, 0.100, 0.100, 0.100, 0.100, 0.100, 0.100, 0.100, 0.100, 0.100, 0.100, 0.100, 0.100, 0.100, 0.100, 0.100, 0.100, 0.100, 0.100, 0.107, 0.100, 0.100]
    Layer  1: sigma=[0.100, 0.157, 0.100, 0.100, 0.100, 0.100, 0.100, 0.100, 0.100, 0.100, 0.100, 0.100, 0.100, 0.100, 0.100, 0.100, 0.100, 0.100, 0.100, 0.154, 0.100, 0.100, 0.100, 0.100]
    Layer  2: sigma=[0.100, 0.100, 0.100, 0.100, 0.100, 0.100, 0.100, 0.100, 0.100, 0.100, 0.100, 0.100, 0.100, 0.100, 0.100, 0.100, 0.100, 0.100, 0.100, 0.100, 0.100, 0.100, 0.100, 0.100]
    Layer  3: sigma=[0.100, 0.100, 0.100, 0.100, 0.100, 0.100, 0.100, 0.100, 0.100, 0.100, 0.100, 0.100, 0.100, 0.100, 0.100, 0.100, 0.100, 0.100, 0.100, 0.100, 0.100, 0.100, 0.100, 0.100]
    Layer  4: sigma=[0.100, 0.100, 0.100, 0.100, 0.100, 0.100, 0.100, 0.100, 0.100, 0.100, 0.100, 0.100, 0.100, 0.100, 0.100, 0.100, 0.100, 0.100, 0.100, 0.100, 0.100, 0.100, 0.100, 0.100]
    Layer  5: sigma=[0.100, 0.100, 0.100, 0.100, 0.100, 0.100, 0.100, 0.100, 0.100, 0.100, 0.100, 0.100, 0.100, 0.100, 0.100, 0.100, 0.100, 0.100, 0.100, 0.106, 0.100, 0.100, 0.100, 0.100]
    Layer  6: sigma=[0.100, 0.100, 0.100, 0.100, 0.100, 0.100, 0.100, 0.100, 0.100, 0.100, 0.100, 0.100, 0.100, 0.100, 0.100, 0.100, 0.100, 0.100, 0.100, 0.100, 0.100, 0.100, 0.100, 0.100]
    Layer  7: sigma=[0.100, 0.100, 0.100, 0.100, 0.100, 0.100, 0.100, 0.100, 0.100, 0.100, 0.100, 0.100, 0.100, 0.100, 0.100, 0.100, 0.100, 0.100, 0.100, 0.100, 0.100, 0.100, 0.100, 0.100]
    Layer  8: sigma=[0.100, 0.100, 0.100, 0.100, 0.100, 0.100, 0.100, 0.100, 0.100, 0.100, 0.100, 0.100, 0.100, 0.100, 0.100, 0.100, 0.100, 0.100, 0.100, 0.100, 0.100, 0.100, 0.100, 0.100]
    Layer  9: sigma=[0.100, 0.100, 0.100, 0.100, 0.100, 0.100, 0.100, 0.100, 0.100, 0.100, 0.100, 0.100, 0.100, 0.100, 0.100, 0.100, 0.100, 0.100, 0.100, 0.100, 0.100, 0.100, 0.100, 0.107]
    Layer 10: sigma=[0.100, 0.100, 0.100, 0.100, 0.100, 0.100, 0.100, 0.100, 0.111, 0.100, 0.100, 0.100, 0.129, 0.294, 0.100, 0.100, 0.100, 0.100, 0.100, 0.100, 0.100, 0.100, 0.137, 0.100]
    Layer 11: sigma=[0.100, 0.229, 0.100, 0.100, 0.100, 0.100, 0.100, 0.100, 0.100, 0.100, 0.100, 0.100, 0.100, 0.100, 0.100, 0.100, 0.100, 0.100, 0.100, 0.100, 0.100, 0.100, 0.100, 0.100]
    Layer 12: sigma=[0.100, 0.100, 0.100, 0.100, 0.100, 0.100, 0.100, 0.100, 0.100, 0.100, 0.100, 0.100, 0.100, 0.100, 0.109, 0.100, 0.100, 0.100, 0.100, 0.100, 0.100, 0.100, 0.100, 0.100]
    Layer 13: sigma=[0.100, 0.100, 0.100, 0.100, 0.100, 0.100, 0.100, 0.349, 0.100, 0.100, 0.100, 0.100, 0.100, 0.100, 0.100, 0.100, 0.133, 0.100, 0.100, 0.100, 0.100, 0.100, 0.100, 0.100]
    Layer 14: sigma=[0.100, 0.100, 0.100, 0.100, 0.100, 0.232, 0.100, 0.100, 0.100, 0.100, 0.100, 0.100, 0.100, 0.100, 0.100, 0.100, 0.100, 0.100, 0.100, 0.100, 0.100, 0.100, 0.100, 0.100]
    Layer 15: sigma=[0.100, 0.100, 0.100, 0.100, 0.100, 0.100, 0.100, 0.100, 0.100, 0.149, 0.100, 0.100, 0.100, 0.100, 0.100, 0.100, 0.100, 0.100, 0.100, 0.100, 0.100, 0.100, 0.100, 0.100]
    Layer 17: sigma=[0.100, 0.100, 0.100, 0.100, 0.100, 0.100, 0.100, 0.100, 0.100, 0.100, 0.100, 0.100, 0.100, 0.100, 0.100, 0.100, 0.100, 0.100, 0.100, 0.100, 0.100, 0.100, 0.100, 0.100]
    Layer 18: sigma=[0.100, 0.100, 0.100, 0.100, 0.100, 0.100, 0.100, 0.100, 0.100, 0.100, 0.100, 0.100, 0.100, 0.100, 0.100, 0.100, 0.100, 0.100, 0.100, 0.100, 0.100, 0.100, 0.100, 0.100]
    Layer 19: sigma=[0.100, 0.100, 0.100, 0.100, 0.100, 0.100, 0.100, 0.171, 0.100, 0.100, 0.148, 0.100, 0.100, 0.100, 0.100, 0.100, 0.100, 0.100, 0.100, 0.100, 0.100, 0.100, 0.100, 0.100]
    Layer 20: sigma=[0.100, 0.100, 0.100, 0.100, 0.100, 0.100, 0.100, 0.100, 0.100, 0.100, 0.100, 0.100, 0.100, 0.100, 0.100, 0.100, 0.100, 0.100, 0.100, 0.100, 0.100, 0.100, 0.100, 0.100]
    Layer 21: sigma=[0.100, 0.100, 0.100, 0.100, 0.100, 0.100, 0.100, 0.100, 0.100, 0.100, 0.100, 0.100, 0.100, 0.100, 0.100, 0.100, 0.100, 0.100, 0.100, 0.100, 0.100, 0.100, 0.100, 0.100]
    Layer 22: sigma=[0.100, 0.100, 0.100, 0.100, 0.100, 0.100, 0.100, 0.100, 0.100, 0.100, 0.100, 0.100, 0.100, 0.100, 0.100, 0.100, 0.100, 0.100, 0.100, 0.100, 0.100, 0.100, 0.100, 0.100]
    Layer 23: sigma=[0.100, 0.100, 0.100, 0.100, 0.100, 0.100, 0.100, 0.100, 0.100, 0.100, 0.100, 0.100, 0.100, 0.100, 0.100, 0.100, 0.100, 0.100, 0.100, 0.100, 0.185, 0.100, 0.100, 0.100]
    Layer 24: sigma=[0.100, 0.100, 0.100, 0.100, 0.100, 0.100, 0.100, 0.100, 0.100, 0.263, 0.100, 0.100, 0.100, 0.100, 0.100, 0.100, 0.100, 0.100, 0.100, 0.100, 0.100, 0.100, 0.100, 0.100]
    Layer 25: sigma=[0.100, 0.100, 0.100, 0.100, 0.100, 0.100, 0.100, 0.100, 0.100, 0.100, 0.119, 0.100, 0.100, 0.108, 0.100, 0.100, 0.100, 0.100, 0.100, 0.100, 0.100, 0.100, 0.100, 0.100]
    Layer 26: sigma=[0.100, 0.100, 0.100, 0.100, 0.122, 0.100, 0.100, 0.100, 0.100, 0.100, 0.100, 0.100, 0.139, 0.100, 0.100, 0.100, 0.100, 0.100, 0.302, 0.100, 0.100, 0.100, 0.100, 0.100]
    Layer 27: sigma=[0.258, 0.100, 0.100, 0.100, 0.100, 0.100, 0.100, 0.100, 0.100, 0.100, 0.100, 0.100, 0.100, 0.100, 0.100, 0.100, 0.100, 0.100, 0.279, 0.100, 0.305, 0.100, 0.100, 0.100]

  [Taylor Step 3/3] g_proj = v_proj * alpha (damping=0.01)...
    Layer  0: alpha=0.056422  teacher_rms=0.0170  v_rms=0.0030
    Layer  1: alpha=0.058488  teacher_rms=0.0387  v_rms=0.0066
    Layer  2: alpha=0.015216  teacher_rms=0.0168  v_rms=0.0110
    Layer  3: alpha=0.017317  teacher_rms=0.0218  v_rms=0.0126
    Layer  4: alpha=0.025271  teacher_rms=0.0316  v_rms=0.0125
    Layer  5: alpha=0.034082  teacher_rms=0.0429  v_rms=0.0126
    Layer  6: alpha=0.039001  teacher_rms=0.0529  v_rms=0.0136
    Layer  7: alpha=0.047453  teacher_rms=0.0681  v_rms=0.0143
    Layer  8: alpha=0.052318  teacher_rms=0.0757  v_rms=0.0145
    Layer  9: alpha=0.048075  teacher_rms=0.0774  v_rms=0.0161
    Layer 10: alpha=0.046514  teacher_rms=0.0848  v_rms=0.0182
    Layer 11: alpha=0.048654  teacher_rms=0.0824  v_rms=0.0169
    Layer 12: alpha=0.054280  teacher_rms=0.0896  v_rms=0.0165
    Layer 13: alpha=0.046364  teacher_rms=0.0933  v_rms=0.0201
    Layer 14: alpha=0.048126  teacher_rms=0.0816  v_rms=0.0170
    Layer 15: alpha=0.041191  teacher_rms=0.0673  v_rms=0.0163
    Layer 17: alpha=0.024043  teacher_rms=0.0430  v_rms=0.0179
    Layer 18: alpha=0.022965  teacher_rms=0.0427  v_rms=0.0186
    Layer 19: alpha=0.033632  teacher_rms=0.0638  v_rms=0.0190
    Layer 20: alpha=0.022405  teacher_rms=0.0426  v_rms=0.0190
    Layer 21: alpha=0.019452  teacher_rms=0.0411  v_rms=0.0211
    Layer 22: alpha=0.019571  teacher_rms=0.0441  v_rms=0.0226
    Layer 23: alpha=0.032934  teacher_rms=0.0659  v_rms=0.0200
    Layer 24: alpha=0.027421  teacher_rms=0.0766  v_rms=0.0279
    Layer 25: alpha=0.033741  teacher_rms=0.0859  v_rms=0.0255
    Layer 26: alpha=0.038272  teacher_rms=0.1157  v_rms=0.0302
    Layer 27: alpha=0.042866  teacher_rms=0.1451  v_rms=0.0339

  Set g_proj = v_proj * alpha in 27 GDN layers (damping=0.01).
  Init (taylor_distill) done in 189.2s
  Layer 16: PPL = 730.08  (eval 10.0s)

============================================================
  Probing layer 17 | strategy=taylor_distill
============================================================
Loading checkpoint shards:   0%|          | 0/2 [00:00<?, ?it/s]Loading checkpoint shards: 100%|██████████| 2/2 [00:00<00:00, 123.39it/s]
Loading checkpoint shards:   0%|          | 0/2 [00:00<?, ?it/s]Loading checkpoint shards: 100%|██████████| 2/2 [00:00<00:00, 105.43it/s]
Token indices sequence length is longer than the specified maximum sequence length for this model (2349952 > 131072). Running this sequence through the model will result in indexing errors
  [Taylor Step 1/3] Gate calibration from attention stats...
    Layer  0: dist=[22, 3, 29, 29, 23, 23, 45, 42, 35, 49, 55, 53, 51, 45, 49, 7, 57, 35, 19, 33, 21, 58, 58, 47]
    Layer  1: dist=[37, 40, 77, 52, 50, 57, 33, 74, 40, 65, 64, 71, 45, 43, 50, 25, 28, 66, 58, 48, 61, 52, 50, 57]
    Layer  2: dist=[115, 119, 121, 102, 116, 107, 121, 117, 116, 119, 113, 101, 119, 119, 102, 122, 122, 122, 120, 120, 121, 115, 118, 113]
    Layer  3: dist=[98, 116, 112, 123, 119, 122, 105, 113, 115, 107, 117, 107, 113, 116, 114, 108, 102, 111, 111, 118, 116, 93, 96, 95]
    Layer  4: dist=[98, 112, 120, 98, 97, 92, 99, 95, 108, 107, 104, 113, 86, 106, 111, 97, 120, 105, 99, 102, 101, 118, 122, 109]
    Layer  5: dist=[114, 106, 103, 84, 90, 96, 121, 126, 112, 95, 100, 99, 72, 81, 95, 112, 99, 103, 99, 92, 96, 88, 97, 96]
    Layer  6: dist=[99, 111, 96, 87, 85, 92, 100, 96, 97, 90, 82, 87, 92, 103, 83, 77, 82, 84, 101, 100, 87, 102, 97, 95]
    Layer  7: dist=[85, 72, 99, 68, 88, 85, 65, 71, 79, 78, 96, 85, 94, 82, 84, 85, 83, 94, 88, 83, 81, 82, 87, 79]
    Layer  8: dist=[95, 73, 108, 73, 90, 76, 107, 95, 107, 78, 88, 80, 72, 84, 80, 72, 66, 74, 78, 82, 81, 79, 64, 71]
    Layer  9: dist=[63, 63, 64, 97, 102, 103, 65, 61, 74, 91, 88, 89, 85, 79, 64, 86, 77, 79, 89, 107, 98, 74, 64, 92]
    Layer 10: dist=[78, 77, 81, 94, 97, 98, 78, 72, 70, 83, 70, 101, 61, 52, 66, 85, 89, 75, 62, 65, 67, 112, 99, 87]
    Layer 11: dist=[47, 70, 52, 76, 79, 80, 80, 74, 70, 79, 72, 63, 82, 74, 93, 80, 80, 92, 68, 68, 70, 78, 69, 75]
    Layer 12: dist=[78, 75, 66, 108, 108, 89, 70, 69, 73, 81, 78, 85, 65, 94, 70, 97, 93, 71, 91, 109, 110, 52, 74, 59]
    Layer 13: dist=[84, 82, 84, 83, 80, 77, 28, 53, 47, 67, 62, 86, 84, 112, 92, 71, 100, 81, 86, 92, 84, 89, 99, 88]
    Layer 14: dist=[45, 118, 119, 67, 56, 57, 63, 56, 56, 78, 100, 104, 94, 93, 93, 85, 80, 83, 60, 74, 80, 104, 115, 77]
    Layer 15: dist=[105, 105, 89, 72, 73, 81, 97, 77, 83, 63, 76, 76, 112, 115, 100, 90, 88, 95, 104, 109, 100, 93, 97, 100]
    Layer 16: dist=[124, 98, 120, 121, 97, 122, 90, 91, 87, 103, 122, 97, 120, 115, 106, 102, 107, 103, 95, 80, 87, 93, 116, 120]
    Layer 18: dist=[80, 110, 121, 119, 115, 111, 94, 90, 96, 98, 105, 99, 123, 122, 121, 118, 114, 104, 114, 106, 96, 91, 111, 105]
    Layer 19: dist=[104, 76, 85, 92, 90, 95, 91, 49, 98, 94, 101, 98, 115, 84, 121, 115, 107, 110, 105, 94, 104, 114, 118, 117]
    Layer 20: dist=[102, 117, 118, 115, 112, 112, 109, 110, 122, 112, 112, 114, 102, 100, 115, 115, 113, 118, 109, 97, 98, 103, 108, 106]
    Layer 21: dist=[109, 112, 109, 122, 124, 121, 122, 120, 121, 101, 107, 100, 114, 117, 113, 117, 115, 117, 113, 117, 108, 104, 107, 105]
    Layer 22: dist=[119, 103, 111, 119, 118, 119, 123, 124, 122, 116, 119, 118, 111, 102, 84, 113, 95, 103, 117, 121, 117, 115, 123, 117]
    Layer 23: dist=[84, 104, 85, 104, 119, 114, 108, 116, 80, 114, 108, 112, 122, 118, 79, 99, 94, 91, 121, 121, 84, 112, 115, 81]
    Layer 24: dist=[118, 114, 116, 109, 113, 110, 93, 106, 87, 100, 69, 99, 80, 107, 119, 111, 105, 110, 121, 119, 123, 98, 104, 112]
    Layer 25: dist=[112, 122, 121, 121, 119, 123, 79, 72, 69, 121, 111, 121, 117, 97, 114, 88, 106, 105, 104, 106, 101, 79, 115, 57]
    Layer 26: dist=[79, 93, 64, 108, 104, 123, 102, 71, 109, 106, 100, 108, 75, 47, 69, 105, 98, 95, 35, 72, 59, 111, 108, 102]
    Layer 27: dist=[48, 108, 82, 111, 79, 53, 89, 89, 105, 69, 100, 6, 104, 109, 95, 102, 105, 98, 84, 70, 69, 76, 91, 88]

  [Taylor Step 2/3] OLS sigma per head (scaling V)...
    Layer  0: sigma=[0.142, 0.139, 0.138, 0.100, 0.100, 0.100, 0.100, 0.100, 0.100, 0.100, 0.100, 0.100, 0.100, 0.100, 0.100, 0.100, 0.100, 0.100, 0.100, 0.100, 0.100, 0.108, 0.100, 0.100]
    Layer  1: sigma=[0.100, 0.153, 0.100, 0.100, 0.100, 0.100, 0.100, 0.100, 0.100, 0.100, 0.100, 0.100, 0.100, 0.100, 0.100, 0.100, 0.100, 0.100, 0.100, 0.146, 0.100, 0.100, 0.100, 0.100]
    Layer  2: sigma=[0.100, 0.100, 0.100, 0.100, 0.100, 0.100, 0.100, 0.100, 0.100, 0.100, 0.100, 0.100, 0.100, 0.100, 0.100, 0.100, 0.100, 0.100, 0.100, 0.100, 0.100, 0.100, 0.100, 0.100]
    Layer  3: sigma=[0.100, 0.100, 0.100, 0.100, 0.100, 0.100, 0.100, 0.100, 0.100, 0.100, 0.100, 0.100, 0.100, 0.100, 0.100, 0.100, 0.100, 0.100, 0.100, 0.100, 0.100, 0.100, 0.100, 0.100]
    Layer  4: sigma=[0.100, 0.100, 0.100, 0.100, 0.100, 0.100, 0.100, 0.100, 0.100, 0.100, 0.100, 0.100, 0.100, 0.100, 0.100, 0.100, 0.100, 0.100, 0.100, 0.100, 0.100, 0.100, 0.100, 0.100]
    Layer  5: sigma=[0.100, 0.100, 0.100, 0.100, 0.100, 0.100, 0.100, 0.100, 0.100, 0.100, 0.100, 0.100, 0.100, 0.100, 0.100, 0.100, 0.100, 0.100, 0.100, 0.106, 0.100, 0.100, 0.100, 0.100]
    Layer  6: sigma=[0.100, 0.100, 0.100, 0.100, 0.100, 0.100, 0.100, 0.100, 0.100, 0.100, 0.100, 0.100, 0.100, 0.100, 0.100, 0.100, 0.100, 0.100, 0.100, 0.100, 0.100, 0.100, 0.100, 0.100]
    Layer  7: sigma=[0.100, 0.100, 0.100, 0.100, 0.100, 0.100, 0.100, 0.100, 0.100, 0.100, 0.100, 0.100, 0.100, 0.100, 0.100, 0.100, 0.100, 0.100, 0.100, 0.100, 0.100, 0.100, 0.100, 0.100]
    Layer  8: sigma=[0.100, 0.100, 0.100, 0.100, 0.100, 0.100, 0.100, 0.100, 0.100, 0.100, 0.100, 0.100, 0.100, 0.100, 0.100, 0.100, 0.100, 0.100, 0.100, 0.100, 0.100, 0.100, 0.100, 0.100]
    Layer  9: sigma=[0.100, 0.100, 0.100, 0.100, 0.100, 0.100, 0.100, 0.100, 0.100, 0.100, 0.100, 0.100, 0.100, 0.100, 0.100, 0.100, 0.100, 0.100, 0.100, 0.100, 0.100, 0.100, 0.100, 0.105]
    Layer 10: sigma=[0.100, 0.100, 0.100, 0.100, 0.100, 0.100, 0.100, 0.100, 0.115, 0.100, 0.100, 0.100, 0.126, 0.310, 0.100, 0.100, 0.100, 0.100, 0.100, 0.100, 0.100, 0.100, 0.139, 0.100]
    Layer 11: sigma=[0.100, 0.172, 0.100, 0.100, 0.100, 0.100, 0.100, 0.100, 0.100, 0.100, 0.100, 0.100, 0.100, 0.100, 0.100, 0.100, 0.100, 0.100, 0.100, 0.100, 0.100, 0.100, 0.100, 0.100]
    Layer 12: sigma=[0.100, 0.100, 0.100, 0.100, 0.100, 0.100, 0.100, 0.100, 0.100, 0.100, 0.100, 0.100, 0.100, 0.100, 0.106, 0.100, 0.100, 0.100, 0.100, 0.100, 0.100, 0.100, 0.100, 0.100]
    Layer 13: sigma=[0.100, 0.100, 0.100, 0.100, 0.100, 0.100, 0.100, 0.345, 0.122, 0.100, 0.100, 0.100, 0.100, 0.100, 0.100, 0.100, 0.130, 0.100, 0.100, 0.100, 0.100, 0.100, 0.100, 0.100]
    Layer 14: sigma=[0.100, 0.100, 0.100, 0.100, 0.100, 0.184, 0.100, 0.100, 0.100, 0.100, 0.100, 0.100, 0.100, 0.100, 0.100, 0.100, 0.100, 0.100, 0.100, 0.100, 0.100, 0.100, 0.100, 0.100]
    Layer 15: sigma=[0.100, 0.100, 0.100, 0.100, 0.100, 0.100, 0.100, 0.100, 0.100, 0.168, 0.100, 0.100, 0.100, 0.100, 0.100, 0.100, 0.100, 0.100, 0.100, 0.100, 0.100, 0.100, 0.100, 0.100]
    Layer 16: sigma=[0.100, 0.100, 0.100, 0.100, 0.100, 0.100, 0.100, 0.100, 0.100, 0.100, 0.100, 0.100, 0.100, 0.100, 0.100, 0.100, 0.100, 0.100, 0.100, 0.100, 0.100, 0.100, 0.100, 0.100]
    Layer 18: sigma=[0.100, 0.100, 0.100, 0.100, 0.100, 0.100, 0.100, 0.100, 0.100, 0.100, 0.100, 0.100, 0.100, 0.100, 0.100, 0.100, 0.100, 0.100, 0.100, 0.100, 0.100, 0.100, 0.100, 0.100]
    Layer 19: sigma=[0.100, 0.100, 0.100, 0.100, 0.100, 0.100, 0.100, 0.221, 0.100, 0.100, 0.162, 0.100, 0.100, 0.100, 0.100, 0.100, 0.100, 0.100, 0.100, 0.100, 0.100, 0.100, 0.100, 0.100]
    Layer 20: sigma=[0.100, 0.100, 0.100, 0.100, 0.100, 0.100, 0.100, 0.100, 0.100, 0.100, 0.100, 0.100, 0.100, 0.100, 0.100, 0.100, 0.100, 0.100, 0.100, 0.100, 0.100, 0.100, 0.100, 0.100]
    Layer 21: sigma=[0.100, 0.100, 0.100, 0.100, 0.100, 0.100, 0.100, 0.100, 0.100, 0.100, 0.100, 0.100, 0.100, 0.100, 0.100, 0.100, 0.100, 0.100, 0.100, 0.100, 0.100, 0.100, 0.100, 0.100]
    Layer 22: sigma=[0.100, 0.100, 0.100, 0.100, 0.100, 0.100, 0.100, 0.100, 0.100, 0.100, 0.100, 0.100, 0.100, 0.100, 0.100, 0.100, 0.100, 0.100, 0.100, 0.100, 0.100, 0.100, 0.100, 0.100]
    Layer 23: sigma=[0.100, 0.100, 0.100, 0.104, 0.100, 0.100, 0.100, 0.100, 0.100, 0.100, 0.100, 0.100, 0.100, 0.100, 0.100, 0.100, 0.100, 0.100, 0.100, 0.100, 0.222, 0.100, 0.100, 0.100]
    Layer 24: sigma=[0.100, 0.100, 0.100, 0.100, 0.100, 0.100, 0.100, 0.100, 0.100, 0.263, 0.100, 0.100, 0.100, 0.100, 0.100, 0.100, 0.100, 0.100, 0.100, 0.100, 0.100, 0.100, 0.100, 0.100]
    Layer 25: sigma=[0.100, 0.100, 0.100, 0.100, 0.100, 0.100, 0.100, 0.100, 0.118, 0.100, 0.120, 0.100, 0.100, 0.106, 0.100, 0.100, 0.100, 0.100, 0.100, 0.100, 0.100, 0.100, 0.100, 0.100]
    Layer 26: sigma=[0.100, 0.100, 0.100, 0.100, 0.101, 0.100, 0.100, 0.100, 0.100, 0.100, 0.100, 0.100, 0.139, 0.100, 0.100, 0.100, 0.100, 0.100, 0.318, 0.100, 0.100, 0.100, 0.100, 0.100]
    Layer 27: sigma=[0.328, 0.100, 0.100, 0.100, 0.100, 0.100, 0.100, 0.100, 0.100, 0.100, 0.100, 0.100, 0.100, 0.100, 0.100, 0.100, 0.100, 0.100, 0.273, 0.100, 0.289, 0.100, 0.100, 0.100]

  [Taylor Step 3/3] g_proj = v_proj * alpha (damping=0.01)...
    Layer  0: alpha=0.056230  teacher_rms=0.0170  v_rms=0.0030
    Layer  1: alpha=0.058905  teacher_rms=0.0387  v_rms=0.0066
    Layer  2: alpha=0.015216  teacher_rms=0.0168  v_rms=0.0110
    Layer  3: alpha=0.017317  teacher_rms=0.0218  v_rms=0.0126
    Layer  4: alpha=0.025271  teacher_rms=0.0316  v_rms=0.0125
    Layer  5: alpha=0.034079  teacher_rms=0.0429  v_rms=0.0126
    Layer  6: alpha=0.039001  teacher_rms=0.0529  v_rms=0.0136
    Layer  7: alpha=0.047453  teacher_rms=0.0681  v_rms=0.0143
    Layer  8: alpha=0.052318  teacher_rms=0.0757  v_rms=0.0145
    Layer  9: alpha=0.048124  teacher_rms=0.0774  v_rms=0.0161
    Layer 10: alpha=0.045827  teacher_rms=0.0848  v_rms=0.0185
    Layer 11: alpha=0.050435  teacher_rms=0.0824  v_rms=0.0163
    Layer 12: alpha=0.054355  teacher_rms=0.0896  v_rms=0.0165
    Layer 13: alpha=0.046175  teacher_rms=0.0933  v_rms=0.0202
    Layer 14: alpha=0.049657  teacher_rms=0.0816  v_rms=0.0164
    Layer 15: alpha=0.040724  teacher_rms=0.0673  v_rms=0.0165
    Layer 16: alpha=0.028714  teacher_rms=0.0493  v_rms=0.0172
    Layer 18: alpha=0.022965  teacher_rms=0.0427  v_rms=0.0186
    Layer 19: alpha=0.032485  teacher_rms=0.0638  v_rms=0.0196
    Layer 20: alpha=0.022405  teacher_rms=0.0426  v_rms=0.0190
    Layer 21: alpha=0.019452  teacher_rms=0.0411  v_rms=0.0211
    Layer 22: alpha=0.019571  teacher_rms=0.0441  v_rms=0.0226
    Layer 23: alpha=0.032152  teacher_rms=0.0659  v_rms=0.0205
    Layer 24: alpha=0.027424  teacher_rms=0.0766  v_rms=0.0279
    Layer 25: alpha=0.033621  teacher_rms=0.0859  v_rms=0.0256
    Layer 26: alpha=0.038190  teacher_rms=0.1157  v_rms=0.0303
    Layer 27: alpha=0.041206  teacher_rms=0.1451  v_rms=0.0352

  Set g_proj = v_proj * alpha in 27 GDN layers (damping=0.01).
  Init (taylor_distill) done in 188.5s
  Layer 17: PPL = 675.32  (eval 9.9s)

============================================================
  Probing layer 18 | strategy=taylor_distill
============================================================
Loading checkpoint shards:   0%|          | 0/2 [00:00<?, ?it/s]Loading checkpoint shards: 100%|██████████| 2/2 [00:00<00:00, 100.88it/s]
Loading checkpoint shards:   0%|          | 0/2 [00:00<?, ?it/s]Loading checkpoint shards: 100%|██████████| 2/2 [00:00<00:00, 35.45it/s]
Token indices sequence length is longer than the specified maximum sequence length for this model (2349952 > 131072). Running this sequence through the model will result in indexing errors
  [Taylor Step 1/3] Gate calibration from attention stats...
    Layer  0: dist=[22, 3, 29, 29, 23, 23, 45, 42, 35, 49, 55, 53, 51, 45, 49, 7, 57, 35, 19, 33, 21, 58, 58, 47]
    Layer  1: dist=[37, 40, 77, 52, 50, 57, 33, 74, 40, 65, 64, 71, 45, 43, 50, 25, 28, 66, 58, 48, 61, 52, 50, 57]
    Layer  2: dist=[115, 119, 121, 102, 116, 107, 121, 117, 116, 119, 113, 101, 119, 119, 102, 122, 122, 122, 120, 120, 121, 115, 118, 113]
    Layer  3: dist=[98, 116, 112, 123, 119, 122, 105, 113, 115, 107, 117, 107, 113, 116, 114, 108, 102, 111, 111, 118, 116, 93, 96, 95]
    Layer  4: dist=[98, 112, 120, 98, 97, 92, 99, 95, 108, 107, 104, 113, 86, 106, 111, 97, 120, 105, 99, 102, 101, 118, 122, 109]
    Layer  5: dist=[114, 106, 103, 84, 90, 96, 121, 126, 112, 95, 100, 99, 72, 81, 95, 112, 99, 103, 99, 92, 96, 88, 97, 96]
    Layer  6: dist=[99, 111, 96, 87, 85, 92, 100, 96, 97, 90, 82, 87, 92, 103, 83, 77, 82, 84, 101, 100, 87, 102, 97, 95]
    Layer  7: dist=[85, 72, 99, 68, 88, 85, 65, 71, 79, 78, 96, 85, 94, 82, 84, 85, 83, 94, 88, 83, 81, 82, 87, 79]
    Layer  8: dist=[95, 73, 108, 73, 90, 76, 107, 95, 107, 78, 88, 80, 72, 84, 80, 72, 66, 74, 78, 82, 81, 79, 64, 71]
    Layer  9: dist=[63, 63, 64, 97, 102, 103, 65, 61, 74, 91, 88, 89, 85, 79, 64, 86, 77, 79, 89, 107, 98, 74, 64, 92]
    Layer 10: dist=[78, 77, 81, 94, 97, 98, 78, 72, 70, 83, 70, 101, 61, 52, 66, 85, 89, 75, 62, 65, 67, 112, 99, 87]
    Layer 11: dist=[47, 70, 52, 76, 79, 80, 80, 74, 70, 79, 72, 63, 82, 74, 93, 80, 80, 92, 68, 68, 70, 78, 69, 75]
    Layer 12: dist=[78, 75, 66, 108, 108, 89, 70, 69, 73, 81, 78, 85, 65, 94, 70, 97, 93, 71, 91, 109, 110, 52, 74, 59]
    Layer 13: dist=[84, 82, 84, 83, 80, 77, 28, 53, 47, 67, 62, 86, 84, 112, 92, 71, 100, 81, 86, 92, 84, 89, 99, 88]
    Layer 14: dist=[45, 118, 119, 67, 56, 57, 63, 56, 56, 78, 100, 104, 94, 93, 93, 85, 80, 83, 60, 74, 80, 104, 115, 77]
    Layer 15: dist=[105, 105, 89, 72, 73, 81, 97, 77, 83, 63, 76, 76, 112, 115, 100, 90, 88, 95, 104, 109, 100, 93, 97, 100]
    Layer 16: dist=[124, 98, 120, 121, 97, 122, 90, 91, 87, 103, 122, 97, 120, 115, 106, 102, 107, 103, 95, 80, 87, 93, 116, 120]
    Layer 17: dist=[109, 112, 97, 115, 114, 105, 76, 96, 88, 113, 106, 116, 117, 107, 103, 91, 110, 90, 115, 111, 119, 122, 114, 119]
    Layer 19: dist=[104, 76, 85, 92, 90, 95, 91, 49, 98, 94, 101, 98, 115, 84, 121, 115, 107, 110, 105, 94, 104, 114, 118, 117]
    Layer 20: dist=[102, 117, 118, 115, 112, 112, 109, 110, 122, 112, 112, 114, 102, 100, 115, 115, 113, 118, 109, 97, 98, 103, 108, 106]
    Layer 21: dist=[109, 112, 109, 122, 124, 121, 122, 120, 121, 101, 107, 100, 114, 117, 113, 117, 115, 117, 113, 117, 108, 104, 107, 105]
    Layer 22: dist=[119, 103, 111, 119, 118, 119, 123, 124, 122, 116, 119, 118, 111, 102, 84, 113, 95, 103, 117, 121, 117, 115, 123, 117]
    Layer 23: dist=[84, 104, 85, 104, 119, 114, 108, 116, 80, 114, 108, 112, 122, 118, 79, 99, 94, 91, 121, 121, 84, 112, 115, 81]
    Layer 24: dist=[118, 114, 116, 109, 113, 110, 93, 106, 87, 100, 69, 99, 80, 107, 119, 111, 105, 110, 121, 119, 123, 98, 104, 112]
    Layer 25: dist=[112, 122, 121, 121, 119, 123, 79, 72, 69, 121, 111, 121, 117, 97, 114, 88, 106, 105, 104, 106, 101, 79, 115, 57]
    Layer 26: dist=[79, 93, 64, 108, 104, 123, 102, 71, 109, 106, 100, 108, 75, 47, 69, 105, 98, 95, 35, 72, 59, 111, 108, 102]
    Layer 27: dist=[48, 108, 82, 111, 79, 53, 89, 89, 105, 69, 100, 6, 104, 109, 95, 102, 105, 98, 84, 70, 69, 76, 91, 88]

  [Taylor Step 2/3] OLS sigma per head (scaling V)...
    Layer  0: sigma=[0.142, 0.133, 0.136, 0.100, 0.100, 0.100, 0.100, 0.100, 0.100, 0.100, 0.100, 0.100, 0.100, 0.100, 0.100, 0.100, 0.100, 0.100, 0.100, 0.100, 0.100, 0.110, 0.100, 0.100]
    Layer  1: sigma=[0.100, 0.158, 0.100, 0.100, 0.100, 0.100, 0.100, 0.100, 0.100, 0.100, 0.100, 0.100, 0.100, 0.100, 0.100, 0.100, 0.100, 0.100, 0.100, 0.141, 0.100, 0.100, 0.100, 0.100]
    Layer  2: sigma=[0.100, 0.100, 0.100, 0.100, 0.100, 0.100, 0.100, 0.100, 0.100, 0.100, 0.100, 0.100, 0.100, 0.100, 0.100, 0.100, 0.100, 0.100, 0.100, 0.100, 0.100, 0.100, 0.100, 0.100]
    Layer  3: sigma=[0.100, 0.100, 0.100, 0.100, 0.100, 0.100, 0.100, 0.100, 0.100, 0.100, 0.100, 0.100, 0.100, 0.100, 0.100, 0.100, 0.100, 0.100, 0.100, 0.100, 0.100, 0.100, 0.100, 0.100]
    Layer  4: sigma=[0.100, 0.100, 0.100, 0.100, 0.100, 0.100, 0.100, 0.100, 0.100, 0.100, 0.100, 0.100, 0.100, 0.100, 0.100, 0.100, 0.100, 0.100, 0.100, 0.100, 0.100, 0.100, 0.100, 0.100]
    Layer  5: sigma=[0.100, 0.100, 0.100, 0.100, 0.100, 0.100, 0.100, 0.100, 0.100, 0.100, 0.100, 0.100, 0.100, 0.100, 0.100, 0.100, 0.100, 0.100, 0.100, 0.109, 0.100, 0.100, 0.100, 0.100]
    Layer  6: sigma=[0.100, 0.100, 0.100, 0.100, 0.100, 0.100, 0.100, 0.100, 0.100, 0.100, 0.100, 0.100, 0.100, 0.100, 0.100, 0.100, 0.100, 0.100, 0.100, 0.100, 0.100, 0.100, 0.100, 0.100]
    Layer  7: sigma=[0.100, 0.100, 0.100, 0.100, 0.100, 0.100, 0.100, 0.100, 0.100, 0.100, 0.100, 0.100, 0.100, 0.100, 0.100, 0.100, 0.100, 0.100, 0.100, 0.100, 0.100, 0.100, 0.100, 0.100]
    Layer  8: sigma=[0.100, 0.100, 0.100, 0.100, 0.100, 0.100, 0.100, 0.100, 0.100, 0.100, 0.100, 0.100, 0.100, 0.100, 0.100, 0.100, 0.100, 0.100, 0.100, 0.100, 0.100, 0.100, 0.100, 0.100]
    Layer  9: sigma=[0.100, 0.100, 0.100, 0.100, 0.100, 0.100, 0.100, 0.100, 0.100, 0.100, 0.100, 0.100, 0.100, 0.100, 0.100, 0.100, 0.100, 0.100, 0.100, 0.100, 0.100, 0.100, 0.100, 0.107]
    Layer 10: sigma=[0.100, 0.100, 0.100, 0.100, 0.100, 0.100, 0.100, 0.100, 0.117, 0.100, 0.100, 0.100, 0.127, 0.293, 0.100, 0.100, 0.100, 0.100, 0.100, 0.100, 0.100, 0.100, 0.135, 0.100]
    Layer 11: sigma=[0.100, 0.227, 0.100, 0.100, 0.100, 0.100, 0.100, 0.100, 0.100, 0.100, 0.100, 0.100, 0.100, 0.100, 0.100, 0.100, 0.100, 0.100, 0.100, 0.100, 0.100, 0.100, 0.100, 0.100]
    Layer 12: sigma=[0.100, 0.100, 0.100, 0.100, 0.100, 0.100, 0.100, 0.100, 0.100, 0.100, 0.100, 0.100, 0.100, 0.100, 0.119, 0.100, 0.100, 0.100, 0.100, 0.100, 0.100, 0.100, 0.100, 0.100]
    Layer 13: sigma=[0.100, 0.100, 0.100, 0.100, 0.100, 0.100, 0.100, 0.363, 0.118, 0.100, 0.100, 0.100, 0.100, 0.100, 0.100, 0.100, 0.134, 0.100, 0.100, 0.100, 0.100, 0.100, 0.100, 0.100]
    Layer 14: sigma=[0.100, 0.100, 0.100, 0.100, 0.100, 0.227, 0.100, 0.100, 0.100, 0.100, 0.100, 0.100, 0.100, 0.100, 0.100, 0.100, 0.100, 0.100, 0.100, 0.100, 0.100, 0.100, 0.100, 0.100]
    Layer 15: sigma=[0.100, 0.100, 0.100, 0.100, 0.100, 0.100, 0.100, 0.100, 0.100, 0.157, 0.100, 0.100, 0.100, 0.100, 0.100, 0.100, 0.100, 0.100, 0.100, 0.100, 0.100, 0.100, 0.100, 0.100]
    Layer 16: sigma=[0.100, 0.100, 0.100, 0.100, 0.100, 0.100, 0.100, 0.100, 0.100, 0.100, 0.100, 0.100, 0.100, 0.100, 0.100, 0.100, 0.100, 0.100, 0.100, 0.100, 0.100, 0.100, 0.100, 0.100]
    Layer 17: sigma=[0.100, 0.100, 0.100, 0.100, 0.100, 0.100, 0.100, 0.100, 0.100, 0.100, 0.100, 0.100, 0.100, 0.100, 0.100, 0.100, 0.100, 0.100, 0.100, 0.100, 0.100, 0.100, 0.100, 0.100]
    Layer 19: sigma=[0.100, 0.100, 0.100, 0.100, 0.100, 0.100, 0.100, 0.204, 0.100, 0.100, 0.147, 0.100, 0.100, 0.100, 0.100, 0.100, 0.100, 0.100, 0.100, 0.100, 0.100, 0.100, 0.100, 0.100]
    Layer 20: sigma=[0.100, 0.100, 0.100, 0.100, 0.100, 0.100, 0.100, 0.100, 0.100, 0.100, 0.100, 0.100, 0.100, 0.100, 0.100, 0.100, 0.100, 0.100, 0.100, 0.100, 0.100, 0.100, 0.100, 0.100]
    Layer 21: sigma=[0.100, 0.100, 0.100, 0.100, 0.100, 0.100, 0.100, 0.100, 0.100, 0.100, 0.100, 0.100, 0.100, 0.100, 0.100, 0.100, 0.100, 0.100, 0.100, 0.100, 0.100, 0.100, 0.100, 0.100]
    Layer 22: sigma=[0.100, 0.100, 0.100, 0.100, 0.100, 0.100, 0.100, 0.100, 0.100, 0.100, 0.100, 0.100, 0.100, 0.100, 0.100, 0.100, 0.100, 0.100, 0.100, 0.100, 0.100, 0.100, 0.100, 0.100]
    Layer 23: sigma=[0.100, 0.100, 0.100, 0.106, 0.100, 0.100, 0.100, 0.100, 0.100, 0.100, 0.100, 0.100, 0.100, 0.100, 0.100, 0.100, 0.100, 0.100, 0.100, 0.100, 0.234, 0.100, 0.100, 0.100]
    Layer 24: sigma=[0.100, 0.100, 0.100, 0.100, 0.100, 0.100, 0.100, 0.100, 0.100, 0.275, 0.100, 0.100, 0.100, 0.100, 0.100, 0.100, 0.100, 0.100, 0.100, 0.100, 0.100, 0.100, 0.100, 0.100]
    Layer 25: sigma=[0.100, 0.100, 0.100, 0.100, 0.100, 0.100, 0.100, 0.100, 0.107, 0.100, 0.117, 0.100, 0.100, 0.114, 0.100, 0.100, 0.100, 0.100, 0.100, 0.100, 0.100, 0.100, 0.100, 0.100]
    Layer 26: sigma=[0.100, 0.100, 0.100, 0.100, 0.100, 0.100, 0.100, 0.100, 0.100, 0.100, 0.100, 0.100, 0.128, 0.100, 0.100, 0.100, 0.100, 0.100, 0.242, 0.100, 0.100, 0.100, 0.100, 0.100]
    Layer 27: sigma=[0.295, 0.100, 0.100, 0.100, 0.100, 0.100, 0.100, 0.100, 0.100, 0.100, 0.100, 0.100, 0.100, 0.100, 0.100, 0.100, 0.100, 0.100, 0.329, 0.100, 0.349, 0.100, 0.100, 0.100]

  [Taylor Step 3/3] g_proj = v_proj * alpha (damping=0.01)...
    Layer  0: alpha=0.056341  teacher_rms=0.0170  v_rms=0.0030
    Layer  1: alpha=0.058899  teacher_rms=0.0387  v_rms=0.0066
    Layer  2: alpha=0.015216  teacher_rms=0.0168  v_rms=0.0110
    Layer  3: alpha=0.017317  teacher_rms=0.0218  v_rms=0.0126
    Layer  4: alpha=0.025271  teacher_rms=0.0316  v_rms=0.0125
    Layer  5: alpha=0.034038  teacher_rms=0.0429  v_rms=0.0126
    Layer  6: alpha=0.039001  teacher_rms=0.0529  v_rms=0.0136
    Layer  7: alpha=0.047453  teacher_rms=0.0681  v_rms=0.0143
    Layer  8: alpha=0.052318  teacher_rms=0.0757  v_rms=0.0145
    Layer  9: alpha=0.048068  teacher_rms=0.0774  v_rms=0.0161
    Layer 10: alpha=0.046479  teacher_rms=0.0848  v_rms=0.0182
    Layer 11: alpha=0.048732  teacher_rms=0.0824  v_rms=0.0169
    Layer 12: alpha=0.054031  teacher_rms=0.0896  v_rms=0.0166
    Layer 13: alpha=0.045437  teacher_rms=0.0933  v_rms=0.0205
    Layer 14: alpha=0.048300  teacher_rms=0.0816  v_rms=0.0169
    Layer 15: alpha=0.040986  teacher_rms=0.0673  v_rms=0.0164
    Layer 16: alpha=0.028714  teacher_rms=0.0493  v_rms=0.0172
    Layer 17: alpha=0.024043  teacher_rms=0.0430  v_rms=0.0179
    Layer 19: alpha=0.033007  teacher_rms=0.0638  v_rms=0.0193
    Layer 20: alpha=0.022405  teacher_rms=0.0426  v_rms=0.0190
    Layer 21: alpha=0.019452  teacher_rms=0.0411  v_rms=0.0211
    Layer 22: alpha=0.019571  teacher_rms=0.0441  v_rms=0.0226
    Layer 23: alpha=0.031875  teacher_rms=0.0659  v_rms=0.0207
    Layer 24: alpha=0.027190  teacher_rms=0.0766  v_rms=0.0282
    Layer 25: alpha=0.033627  teacher_rms=0.0859  v_rms=0.0255
    Layer 26: alpha=0.040532  teacher_rms=0.1157  v_rms=0.0286
    Layer 27: alpha=0.039706  teacher_rms=0.1451  v_rms=0.0365

  Set g_proj = v_proj * alpha in 27 GDN layers (damping=0.01).
  Init (taylor_distill) done in 231.8s
  Layer 18: PPL = 775.64  (eval 16.6s)

============================================================
  Probing layer 19 | strategy=taylor_distill
============================================================
Loading checkpoint shards:   0%|          | 0/2 [00:00<?, ?it/s]Loading checkpoint shards: 100%|██████████| 2/2 [00:00<00:00, 25.98it/s]
Loading checkpoint shards:   0%|          | 0/2 [00:00<?, ?it/s]Loading checkpoint shards: 100%|██████████| 2/2 [00:00<00:00, 36.96it/s]
Token indices sequence length is longer than the specified maximum sequence length for this model (2349952 > 131072). Running this sequence through the model will result in indexing errors
  [Taylor Step 1/3] Gate calibration from attention stats...
    Layer  0: dist=[22, 3, 29, 29, 23, 23, 45, 42, 35, 49, 55, 53, 51, 45, 49, 7, 57, 35, 19, 33, 21, 58, 58, 47]
    Layer  1: dist=[37, 40, 77, 52, 50, 57, 33, 74, 40, 65, 64, 71, 45, 43, 50, 25, 28, 66, 58, 48, 61, 52, 50, 57]
    Layer  2: dist=[115, 119, 121, 102, 116, 107, 121, 117, 116, 119, 113, 101, 119, 119, 102, 122, 122, 122, 120, 120, 121, 115, 118, 113]
    Layer  3: dist=[98, 116, 112, 123, 119, 122, 105, 113, 115, 107, 117, 107, 113, 116, 114, 108, 102, 111, 111, 118, 116, 93, 96, 95]
    Layer  4: dist=[98, 112, 120, 98, 97, 92, 99, 95, 108, 107, 104, 113, 86, 106, 111, 97, 120, 105, 99, 102, 101, 118, 122, 109]
    Layer  5: dist=[114, 106, 103, 84, 90, 96, 121, 126, 112, 95, 100, 99, 72, 81, 95, 112, 99, 103, 99, 92, 96, 88, 97, 96]
    Layer  6: dist=[99, 111, 96, 87, 85, 92, 100, 96, 97, 90, 82, 87, 92, 103, 83, 77, 82, 84, 101, 100, 87, 102, 97, 95]
    Layer  7: dist=[85, 72, 99, 68, 88, 85, 65, 71, 79, 78, 96, 85, 94, 82, 84, 85, 83, 94, 88, 83, 81, 82, 87, 79]
    Layer  8: dist=[95, 73, 108, 73, 90, 76, 107, 95, 107, 78, 88, 80, 72, 84, 80, 72, 66, 74, 78, 82, 81, 79, 64, 71]
    Layer  9: dist=[63, 63, 64, 97, 102, 103, 65, 61, 74, 91, 88, 89, 85, 79, 64, 86, 77, 79, 89, 107, 98, 74, 64, 92]
    Layer 10: dist=[78, 77, 81, 94, 97, 98, 78, 72, 70, 83, 70, 101, 61, 52, 66, 85, 89, 75, 62, 65, 67, 112, 99, 87]
    Layer 11: dist=[47, 70, 52, 76, 79, 80, 80, 74, 70, 79, 72, 63, 82, 74, 93, 80, 80, 92, 68, 68, 70, 78, 69, 75]
    Layer 12: dist=[78, 75, 66, 108, 108, 89, 70, 69, 73, 81, 78, 85, 65, 94, 70, 97, 93, 71, 91, 109, 110, 52, 74, 59]
    Layer 13: dist=[84, 82, 84, 83, 80, 77, 28, 53, 47, 67, 62, 86, 84, 112, 92, 71, 100, 81, 86, 92, 84, 89, 99, 88]
    Layer 14: dist=[45, 118, 119, 67, 56, 57, 63, 56, 56, 78, 100, 104, 94, 93, 93, 85, 80, 83, 60, 74, 80, 104, 115, 77]
    Layer 15: dist=[105, 105, 89, 72, 73, 81, 97, 77, 83, 63, 76, 76, 112, 115, 100, 90, 88, 95, 104, 109, 100, 93, 97, 100]
    Layer 16: dist=[124, 98, 120, 121, 97, 122, 90, 91, 87, 103, 122, 97, 120, 115, 106, 102, 107, 103, 95, 80, 87, 93, 116, 120]
    Layer 17: dist=[109, 112, 97, 115, 114, 105, 76, 96, 88, 113, 106, 116, 117, 107, 103, 91, 110, 90, 115, 111, 119, 122, 114, 119]
    Layer 18: dist=[80, 110, 121, 119, 115, 111, 94, 90, 96, 98, 105, 99, 123, 122, 121, 118, 114, 104, 114, 106, 96, 91, 111, 105]
    Layer 20: dist=[102, 117, 118, 115, 112, 112, 109, 110, 122, 112, 112, 114, 102, 100, 115, 115, 113, 118, 109, 97, 98, 103, 108, 106]
    Layer 21: dist=[109, 112, 109, 122, 124, 121, 122, 120, 121, 101, 107, 100, 114, 117, 113, 117, 115, 117, 113, 117, 108, 104, 107, 105]
    Layer 22: dist=[119, 103, 111, 119, 118, 119, 123, 124, 122, 116, 119, 118, 111, 102, 84, 113, 95, 103, 117, 121, 117, 115, 123, 117]
    Layer 23: dist=[84, 104, 85, 104, 119, 114, 108, 116, 80, 114, 108, 112, 122, 118, 79, 99, 94, 91, 121, 121, 84, 112, 115, 81]
    Layer 24: dist=[118, 114, 116, 109, 113, 110, 93, 106, 87, 100, 69, 99, 80, 107, 119, 111, 105, 110, 121, 119, 123, 98, 104, 112]
    Layer 25: dist=[112, 122, 121, 121, 119, 123, 79, 72, 69, 121, 111, 121, 117, 97, 114, 88, 106, 105, 104, 106, 101, 79, 115, 57]
    Layer 26: dist=[79, 93, 64, 108, 104, 123, 102, 71, 109, 106, 100, 108, 75, 47, 69, 105, 98, 95, 35, 72, 59, 111, 108, 102]
    Layer 27: dist=[48, 108, 82, 111, 79, 53, 89, 89, 105, 69, 100, 6, 104, 109, 95, 102, 105, 98, 84, 70, 69, 76, 91, 88]

  [Taylor Step 2/3] OLS sigma per head (scaling V)...
    Layer  0: sigma=[0.140, 0.144, 0.135, 0.100, 0.100, 0.100, 0.100, 0.100, 0.100, 0.100, 0.100, 0.100, 0.100, 0.100, 0.100, 0.100, 0.100, 0.100, 0.100, 0.100, 0.100, 0.105, 0.100, 0.100]
    Layer  1: sigma=[0.100, 0.149, 0.100, 0.100, 0.100, 0.100, 0.100, 0.100, 0.100, 0.100, 0.100, 0.100, 0.100, 0.100, 0.100, 0.100, 0.100, 0.100, 0.100, 0.146, 0.100, 0.100, 0.100, 0.100]
    Layer  2: sigma=[0.100, 0.100, 0.100, 0.100, 0.100, 0.100, 0.100, 0.100, 0.100, 0.100, 0.100, 0.100, 0.100, 0.100, 0.100, 0.100, 0.100, 0.100, 0.100, 0.100, 0.100, 0.100, 0.100, 0.100]
    Layer  3: sigma=[0.100, 0.100, 0.100, 0.100, 0.100, 0.100, 0.100, 0.100, 0.100, 0.100, 0.100, 0.100, 0.100, 0.100, 0.100, 0.100, 0.100, 0.100, 0.100, 0.100, 0.100, 0.100, 0.100, 0.100]
    Layer  4: sigma=[0.100, 0.100, 0.100, 0.100, 0.100, 0.100, 0.100, 0.100, 0.100, 0.100, 0.100, 0.100, 0.100, 0.100, 0.100, 0.100, 0.100, 0.100, 0.100, 0.100, 0.100, 0.100, 0.100, 0.100]
    Layer  5: sigma=[0.100, 0.100, 0.100, 0.100, 0.100, 0.100, 0.100, 0.100, 0.100, 0.100, 0.100, 0.100, 0.100, 0.100, 0.100, 0.100, 0.100, 0.100, 0.100, 0.108, 0.100, 0.100, 0.100, 0.100]
    Layer  6: sigma=[0.100, 0.100, 0.100, 0.100, 0.100, 0.100, 0.100, 0.100, 0.100, 0.100, 0.100, 0.100, 0.100, 0.100, 0.100, 0.100, 0.100, 0.100, 0.100, 0.100, 0.100, 0.100, 0.100, 0.100]
    Layer  7: sigma=[0.100, 0.100, 0.100, 0.100, 0.100, 0.100, 0.100, 0.100, 0.100, 0.100, 0.100, 0.100, 0.100, 0.100, 0.100, 0.100, 0.100, 0.100, 0.100, 0.100, 0.100, 0.100, 0.100, 0.100]
    Layer  8: sigma=[0.100, 0.100, 0.100, 0.100, 0.100, 0.100, 0.100, 0.100, 0.100, 0.100, 0.100, 0.100, 0.100, 0.100, 0.100, 0.100, 0.100, 0.100, 0.100, 0.100, 0.100, 0.100, 0.100, 0.100]
    Layer  9: sigma=[0.100, 0.100, 0.100, 0.100, 0.100, 0.100, 0.100, 0.100, 0.100, 0.100, 0.100, 0.100, 0.100, 0.100, 0.100, 0.100, 0.100, 0.100, 0.100, 0.100, 0.100, 0.100, 0.100, 0.110]
    Layer 10: sigma=[0.100, 0.100, 0.100, 0.100, 0.100, 0.100, 0.100, 0.100, 0.112, 0.100, 0.100, 0.100, 0.127, 0.273, 0.100, 0.100, 0.100, 0.100, 0.100, 0.100, 0.100, 0.100, 0.136, 0.100]
    Layer 11: sigma=[0.100, 0.171, 0.100, 0.100, 0.100, 0.100, 0.100, 0.100, 0.100, 0.100, 0.100, 0.100, 0.100, 0.100, 0.100, 0.100, 0.100, 0.100, 0.100, 0.100, 0.100, 0.100, 0.100, 0.100]
    Layer 12: sigma=[0.100, 0.100, 0.100, 0.100, 0.100, 0.100, 0.100, 0.100, 0.100, 0.100, 0.100, 0.100, 0.100, 0.100, 0.111, 0.100, 0.100, 0.100, 0.100, 0.100, 0.100, 0.100, 0.100, 0.100]
    Layer 13: sigma=[0.100, 0.100, 0.100, 0.100, 0.100, 0.100, 0.100, 0.344, 0.114, 0.100, 0.100, 0.100, 0.100, 0.100, 0.100, 0.100, 0.132, 0.100, 0.100, 0.100, 0.100, 0.100, 0.100, 0.100]
    Layer 14: sigma=[0.100, 0.100, 0.100, 0.100, 0.100, 0.207, 0.100, 0.100, 0.100, 0.100, 0.100, 0.100, 0.100, 0.100, 0.100, 0.100, 0.100, 0.100, 0.100, 0.100, 0.100, 0.100, 0.100, 0.100]
    Layer 15: sigma=[0.100, 0.100, 0.100, 0.100, 0.100, 0.100, 0.100, 0.100, 0.100, 0.164, 0.100, 0.100, 0.100, 0.100, 0.100, 0.100, 0.100, 0.100, 0.100, 0.100, 0.100, 0.100, 0.100, 0.100]
    Layer 16: sigma=[0.100, 0.100, 0.100, 0.100, 0.100, 0.100, 0.100, 0.100, 0.100, 0.100, 0.100, 0.100, 0.100, 0.100, 0.100, 0.100, 0.100, 0.100, 0.100, 0.100, 0.100, 0.100, 0.100, 0.100]
    Layer 17: sigma=[0.100, 0.100, 0.100, 0.100, 0.100, 0.100, 0.100, 0.100, 0.100, 0.100, 0.100, 0.100, 0.100, 0.100, 0.100, 0.100, 0.100, 0.100, 0.100, 0.100, 0.100, 0.100, 0.100, 0.100]
    Layer 18: sigma=[0.100, 0.100, 0.100, 0.100, 0.100, 0.100, 0.100, 0.100, 0.100, 0.100, 0.100, 0.100, 0.100, 0.100, 0.100, 0.100, 0.100, 0.100, 0.100, 0.100, 0.100, 0.100, 0.100, 0.100]
    Layer 20: sigma=[0.100, 0.100, 0.100, 0.100, 0.100, 0.100, 0.100, 0.100, 0.100, 0.100, 0.100, 0.100, 0.100, 0.100, 0.100, 0.100, 0.100, 0.100, 0.100, 0.100, 0.100, 0.100, 0.100, 0.100]
    Layer 21: sigma=[0.100, 0.100, 0.100, 0.100, 0.100, 0.100, 0.100, 0.100, 0.100, 0.100, 0.100, 0.100, 0.100, 0.100, 0.100, 0.100, 0.100, 0.100, 0.100, 0.100, 0.100, 0.100, 0.100, 0.100]
    Layer 22: sigma=[0.100, 0.100, 0.100, 0.100, 0.100, 0.100, 0.100, 0.100, 0.100, 0.100, 0.100, 0.100, 0.100, 0.100, 0.100, 0.100, 0.100, 0.100, 0.100, 0.100, 0.100, 0.100, 0.100, 0.100]
    Layer 23: sigma=[0.100, 0.100, 0.100, 0.107, 0.100, 0.100, 0.100, 0.100, 0.100, 0.100, 0.100, 0.100, 0.100, 0.100, 0.100, 0.100, 0.100, 0.100, 0.100, 0.100, 0.202, 0.100, 0.100, 0.100]
    Layer 24: sigma=[0.100, 0.100, 0.100, 0.100, 0.100, 0.100, 0.100, 0.100, 0.100, 0.275, 0.100, 0.100, 0.100, 0.100, 0.100, 0.100, 0.100, 0.100, 0.100, 0.100, 0.100, 0.100, 0.100, 0.100]
    Layer 25: sigma=[0.100, 0.100, 0.100, 0.100, 0.100, 0.100, 0.100, 0.103, 0.100, 0.100, 0.105, 0.100, 0.100, 0.113, 0.100, 0.100, 0.100, 0.100, 0.100, 0.100, 0.100, 0.100, 0.100, 0.100]
    Layer 26: sigma=[0.100, 0.100, 0.100, 0.100, 0.100, 0.100, 0.100, 0.100, 0.100, 0.100, 0.100, 0.100, 0.105, 0.100, 0.100, 0.100, 0.100, 0.100, 0.286, 0.100, 0.100, 0.100, 0.100, 0.100]
    Layer 27: sigma=[0.327, 0.100, 0.100, 0.100, 0.100, 0.100, 0.100, 0.100, 0.100, 0.100, 0.100, 0.100, 0.100, 0.100, 0.100, 0.100, 0.100, 0.100, 0.251, 0.100, 0.322, 0.100, 0.102, 0.100]

  [Taylor Step 3/3] g_proj = v_proj * alpha (damping=0.01)...
    Layer  0: alpha=0.056372  teacher_rms=0.0170  v_rms=0.0030
    Layer  1: alpha=0.059042  teacher_rms=0.0387  v_rms=0.0066
    Layer  2: alpha=0.015216  teacher_rms=0.0168  v_rms=0.0110
    Layer  3: alpha=0.017317  teacher_rms=0.0218  v_rms=0.0126
    Layer  4: alpha=0.025271  teacher_rms=0.0316  v_rms=0.0125
    Layer  5: alpha=0.034051  teacher_rms=0.0429  v_rms=0.0126
    Layer  6: alpha=0.039001  teacher_rms=0.0529  v_rms=0.0136
    Layer  7: alpha=0.047453  teacher_rms=0.0681  v_rms=0.0143
    Layer  8: alpha=0.052318  teacher_rms=0.0757  v_rms=0.0145
    Layer  9: alpha=0.048011  teacher_rms=0.0774  v_rms=0.0161
    Layer 10: alpha=0.047343  teacher_rms=0.0848  v_rms=0.0179
    Layer 11: alpha=0.050444  teacher_rms=0.0824  v_rms=0.0163
    Layer 12: alpha=0.054224  teacher_rms=0.0896  v_rms=0.0165
    Layer 13: alpha=0.046317  teacher_rms=0.0933  v_rms=0.0201
    Layer 14: alpha=0.048957  teacher_rms=0.0816  v_rms=0.0167
    Layer 15: alpha=0.040804  teacher_rms=0.0673  v_rms=0.0165
    Layer 16: alpha=0.028714  teacher_rms=0.0493  v_rms=0.0172
    Layer 17: alpha=0.024043  teacher_rms=0.0430  v_rms=0.0179
    Layer 18: alpha=0.022965  teacher_rms=0.0427  v_rms=0.0186
    Layer 20: alpha=0.022405  teacher_rms=0.0426  v_rms=0.0190
    Layer 21: alpha=0.019452  teacher_rms=0.0411  v_rms=0.0211
    Layer 22: alpha=0.019571  teacher_rms=0.0441  v_rms=0.0226
    Layer 23: alpha=0.032514  teacher_rms=0.0659  v_rms=0.0203
    Layer 24: alpha=0.027179  teacher_rms=0.0766  v_rms=0.0282
    Layer 25: alpha=0.033933  teacher_rms=0.0859  v_rms=0.0253
    Layer 26: alpha=0.039536  teacher_rms=0.1157  v_rms=0.0293
    Layer 27: alpha=0.040894  teacher_rms=0.1451  v_rms=0.0355

  Set g_proj = v_proj * alpha in 27 GDN layers (damping=0.01).
  Init (taylor_distill) done in 240.6s
  Layer 19: PPL = 647.94  (eval 10.1s)

============================================================
  Probing layer 20 | strategy=taylor_distill
============================================================
Loading checkpoint shards:   0%|          | 0/2 [00:00<?, ?it/s]Loading checkpoint shards: 100%|██████████| 2/2 [00:00<00:00, 119.76it/s]
Loading checkpoint shards:   0%|          | 0/2 [00:00<?, ?it/s]Loading checkpoint shards: 100%|██████████| 2/2 [00:00<00:00, 116.68it/s]
Token indices sequence length is longer than the specified maximum sequence length for this model (2349952 > 131072). Running this sequence through the model will result in indexing errors
  [Taylor Step 1/3] Gate calibration from attention stats...
    Layer  0: dist=[22, 3, 29, 29, 23, 23, 45, 42, 35, 49, 55, 53, 51, 45, 49, 7, 57, 35, 19, 33, 21, 58, 58, 47]
    Layer  1: dist=[37, 40, 77, 52, 50, 57, 33, 74, 40, 65, 64, 71, 45, 43, 50, 25, 28, 66, 58, 48, 61, 52, 50, 57]
    Layer  2: dist=[115, 119, 121, 102, 116, 107, 121, 117, 116, 119, 113, 101, 119, 119, 102, 122, 122, 122, 120, 120, 121, 115, 118, 113]
    Layer  3: dist=[98, 116, 112, 123, 119, 122, 105, 113, 115, 107, 117, 107, 113, 116, 114, 108, 102, 111, 111, 118, 116, 93, 96, 95]
    Layer  4: dist=[98, 112, 120, 98, 97, 92, 99, 95, 108, 107, 104, 113, 86, 106, 111, 97, 120, 105, 99, 102, 101, 118, 122, 109]
    Layer  5: dist=[114, 106, 103, 84, 90, 96, 121, 126, 112, 95, 100, 99, 72, 81, 95, 112, 99, 103, 99, 92, 96, 88, 97, 96]
    Layer  6: dist=[99, 111, 96, 87, 85, 92, 100, 96, 97, 90, 82, 87, 92, 103, 83, 77, 82, 84, 101, 100, 87, 102, 97, 95]
    Layer  7: dist=[85, 72, 99, 68, 88, 85, 65, 71, 79, 78, 96, 85, 94, 82, 84, 85, 83, 94, 88, 83, 81, 82, 87, 79]
    Layer  8: dist=[95, 73, 108, 73, 90, 76, 107, 95, 107, 78, 88, 80, 72, 84, 80, 72, 66, 74, 78, 82, 81, 79, 64, 71]
    Layer  9: dist=[63, 63, 64, 97, 102, 103, 65, 61, 74, 91, 88, 89, 85, 79, 64, 86, 77, 79, 89, 107, 98, 74, 64, 92]
    Layer 10: dist=[78, 77, 81, 94, 97, 98, 78, 72, 70, 83, 70, 101, 61, 52, 66, 85, 89, 75, 62, 65, 67, 112, 99, 87]
    Layer 11: dist=[47, 70, 52, 76, 79, 80, 80, 74, 70, 79, 72, 63, 82, 74, 93, 80, 80, 92, 68, 68, 70, 78, 69, 75]
    Layer 12: dist=[78, 75, 66, 108, 108, 89, 70, 69, 73, 81, 78, 85, 65, 94, 70, 97, 93, 71, 91, 109, 110, 52, 74, 59]
    Layer 13: dist=[84, 82, 84, 83, 80, 77, 28, 53, 47, 67, 62, 86, 84, 112, 92, 71, 100, 81, 86, 92, 84, 89, 99, 88]
    Layer 14: dist=[45, 118, 119, 67, 56, 57, 63, 56, 56, 78, 100, 104, 94, 93, 93, 85, 80, 83, 60, 74, 80, 104, 115, 77]
    Layer 15: dist=[105, 105, 89, 72, 73, 81, 97, 77, 83, 63, 76, 76, 112, 115, 100, 90, 88, 95, 104, 109, 100, 93, 97, 100]
    Layer 16: dist=[124, 98, 120, 121, 97, 122, 90, 91, 87, 103, 122, 97, 120, 115, 106, 102, 107, 103, 95, 80, 87, 93, 116, 120]
    Layer 17: dist=[109, 112, 97, 115, 114, 105, 76, 96, 88, 113, 106, 116, 117, 107, 103, 91, 110, 90, 115, 111, 119, 122, 114, 119]
    Layer 18: dist=[80, 110, 121, 119, 115, 111, 94, 90, 96, 98, 105, 99, 123, 122, 121, 118, 114, 104, 114, 106, 96, 91, 111, 105]
    Layer 19: dist=[104, 76, 85, 92, 90, 95, 91, 49, 98, 94, 101, 98, 115, 84, 121, 115, 107, 110, 105, 94, 104, 114, 118, 117]
    Layer 21: dist=[109, 112, 109, 122, 124, 121, 122, 120, 121, 101, 107, 100, 114, 117, 113, 117, 115, 117, 113, 117, 108, 104, 107, 105]
    Layer 22: dist=[119, 103, 111, 119, 118, 119, 123, 124, 122, 116, 119, 118, 111, 102, 84, 113, 95, 103, 117, 121, 117, 115, 123, 117]
    Layer 23: dist=[84, 104, 85, 104, 119, 114, 108, 116, 80, 114, 108, 112, 122, 118, 79, 99, 94, 91, 121, 121, 84, 112, 115, 81]
    Layer 24: dist=[118, 114, 116, 109, 113, 110, 93, 106, 87, 100, 69, 99, 80, 107, 119, 111, 105, 110, 121, 119, 123, 98, 104, 112]
    Layer 25: dist=[112, 122, 121, 121, 119, 123, 79, 72, 69, 121, 111, 121, 117, 97, 114, 88, 106, 105, 104, 106, 101, 79, 115, 57]
    Layer 26: dist=[79, 93, 64, 108, 104, 123, 102, 71, 109, 106, 100, 108, 75, 47, 69, 105, 98, 95, 35, 72, 59, 111, 108, 102]
    Layer 27: dist=[48, 108, 82, 111, 79, 53, 89, 89, 105, 69, 100, 6, 104, 109, 95, 102, 105, 98, 84, 70, 69, 76, 91, 88]

  [Taylor Step 2/3] OLS sigma per head (scaling V)...
    Layer  0: sigma=[0.142, 0.127, 0.136, 0.100, 0.100, 0.100, 0.100, 0.100, 0.100, 0.100, 0.100, 0.100, 0.100, 0.100, 0.100, 0.100, 0.100, 0.100, 0.100, 0.100, 0.100, 0.104, 0.100, 0.100]
    Layer  1: sigma=[0.100, 0.163, 0.100, 0.100, 0.100, 0.100, 0.100, 0.100, 0.100, 0.100, 0.100, 0.100, 0.100, 0.100, 0.100, 0.100, 0.100, 0.100, 0.100, 0.158, 0.100, 0.100, 0.100, 0.100]
    Layer  2: sigma=[0.100, 0.100, 0.100, 0.100, 0.100, 0.100, 0.100, 0.100, 0.100, 0.100, 0.100, 0.100, 0.100, 0.100, 0.100, 0.100, 0.100, 0.100, 0.100, 0.100, 0.100, 0.100, 0.100, 0.100]
    Layer  3: sigma=[0.100, 0.100, 0.100, 0.100, 0.100, 0.100, 0.100, 0.100, 0.100, 0.100, 0.100, 0.100, 0.100, 0.100, 0.100, 0.100, 0.100, 0.100, 0.100, 0.100, 0.100, 0.100, 0.100, 0.100]
    Layer  4: sigma=[0.100, 0.100, 0.100, 0.100, 0.100, 0.100, 0.100, 0.100, 0.100, 0.100, 0.100, 0.100, 0.100, 0.100, 0.100, 0.100, 0.100, 0.100, 0.100, 0.100, 0.100, 0.100, 0.100, 0.100]
    Layer  5: sigma=[0.100, 0.100, 0.100, 0.100, 0.100, 0.100, 0.100, 0.100, 0.100, 0.100, 0.100, 0.100, 0.100, 0.100, 0.100, 0.100, 0.100, 0.100, 0.100, 0.107, 0.100, 0.100, 0.100, 0.100]
    Layer  6: sigma=[0.100, 0.100, 0.100, 0.100, 0.100, 0.100, 0.100, 0.100, 0.100, 0.100, 0.100, 0.100, 0.100, 0.100, 0.100, 0.100, 0.100, 0.100, 0.100, 0.100, 0.100, 0.100, 0.100, 0.100]
    Layer  7: sigma=[0.100, 0.100, 0.100, 0.100, 0.100, 0.100, 0.100, 0.100, 0.100, 0.100, 0.100, 0.100, 0.100, 0.100, 0.100, 0.100, 0.100, 0.100, 0.100, 0.100, 0.100, 0.100, 0.100, 0.100]
    Layer  8: sigma=[0.100, 0.100, 0.100, 0.100, 0.100, 0.100, 0.100, 0.100, 0.100, 0.100, 0.100, 0.100, 0.100, 0.100, 0.100, 0.100, 0.100, 0.100, 0.100, 0.100, 0.100, 0.100, 0.100, 0.100]
    Layer  9: sigma=[0.100, 0.100, 0.100, 0.100, 0.100, 0.100, 0.100, 0.100, 0.100, 0.100, 0.100, 0.100, 0.100, 0.100, 0.100, 0.100, 0.100, 0.100, 0.100, 0.100, 0.100, 0.100, 0.100, 0.105]
    Layer 10: sigma=[0.100, 0.100, 0.100, 0.100, 0.100, 0.100, 0.100, 0.100, 0.108, 0.100, 0.100, 0.100, 0.124, 0.275, 0.100, 0.100, 0.100, 0.100, 0.100, 0.100, 0.100, 0.100, 0.141, 0.100]
    Layer 11: sigma=[0.100, 0.218, 0.100, 0.100, 0.100, 0.100, 0.100, 0.100, 0.100, 0.100, 0.100, 0.100, 0.100, 0.100, 0.100, 0.100, 0.100, 0.100, 0.100, 0.100, 0.100, 0.100, 0.100, 0.100]
    Layer 12: sigma=[0.100, 0.100, 0.100, 0.100, 0.100, 0.100, 0.100, 0.100, 0.100, 0.100, 0.100, 0.100, 0.100, 0.100, 0.111, 0.100, 0.100, 0.100, 0.100, 0.100, 0.100, 0.100, 0.100, 0.100]
    Layer 13: sigma=[0.100, 0.100, 0.100, 0.100, 0.100, 0.100, 0.100, 0.329, 0.103, 0.100, 0.100, 0.100, 0.100, 0.100, 0.100, 0.100, 0.136, 0.100, 0.100, 0.100, 0.100, 0.100, 0.100, 0.100]
    Layer 14: sigma=[0.100, 0.100, 0.100, 0.100, 0.100, 0.180, 0.100, 0.100, 0.100, 0.100, 0.100, 0.100, 0.100, 0.100, 0.100, 0.100, 0.100, 0.100, 0.100, 0.100, 0.100, 0.100, 0.100, 0.100]
    Layer 15: sigma=[0.100, 0.100, 0.100, 0.100, 0.100, 0.100, 0.100, 0.100, 0.100, 0.165, 0.100, 0.100, 0.100, 0.100, 0.100, 0.100, 0.100, 0.100, 0.100, 0.100, 0.100, 0.100, 0.100, 0.100]
    Layer 16: sigma=[0.100, 0.100, 0.100, 0.100, 0.100, 0.100, 0.100, 0.100, 0.100, 0.100, 0.100, 0.100, 0.100, 0.100, 0.100, 0.100, 0.100, 0.100, 0.100, 0.100, 0.100, 0.100, 0.100, 0.100]
    Layer 17: sigma=[0.100, 0.100, 0.100, 0.100, 0.100, 0.100, 0.100, 0.100, 0.100, 0.100, 0.100, 0.100, 0.100, 0.100, 0.100, 0.100, 0.100, 0.100, 0.100, 0.100, 0.100, 0.100, 0.100, 0.100]
    Layer 18: sigma=[0.100, 0.100, 0.100, 0.100, 0.100, 0.100, 0.100, 0.100, 0.100, 0.100, 0.100, 0.100, 0.100, 0.100, 0.100, 0.100, 0.100, 0.100, 0.100, 0.100, 0.100, 0.100, 0.100, 0.100]
    Layer 19: sigma=[0.100, 0.100, 0.100, 0.100, 0.100, 0.100, 0.100, 0.203, 0.100, 0.100, 0.127, 0.100, 0.100, 0.100, 0.100, 0.100, 0.100, 0.100, 0.100, 0.100, 0.100, 0.100, 0.100, 0.100]
    Layer 21: sigma=[0.100, 0.100, 0.100, 0.100, 0.100, 0.100, 0.100, 0.100, 0.100, 0.100, 0.100, 0.100, 0.100, 0.100, 0.100, 0.100, 0.100, 0.100, 0.100, 0.100, 0.100, 0.100, 0.100, 0.100]
    Layer 22: sigma=[0.100, 0.100, 0.100, 0.100, 0.100, 0.100, 0.100, 0.100, 0.100, 0.100, 0.100, 0.100, 0.100, 0.100, 0.100, 0.100, 0.100, 0.100, 0.100, 0.100, 0.100, 0.100, 0.100, 0.100]
    Layer 23: sigma=[0.100, 0.100, 0.100, 0.106, 0.100, 0.100, 0.100, 0.100, 0.100, 0.100, 0.100, 0.100, 0.100, 0.100, 0.100, 0.100, 0.100, 0.100, 0.100, 0.100, 0.193, 0.100, 0.100, 0.100]
    Layer 24: sigma=[0.100, 0.100, 0.100, 0.100, 0.100, 0.100, 0.100, 0.100, 0.100, 0.280, 0.100, 0.100, 0.100, 0.100, 0.100, 0.100, 0.100, 0.100, 0.100, 0.100, 0.100, 0.100, 0.100, 0.100]
    Layer 25: sigma=[0.100, 0.100, 0.100, 0.100, 0.100, 0.100, 0.100, 0.100, 0.116, 0.100, 0.144, 0.100, 0.100, 0.116, 0.100, 0.100, 0.100, 0.100, 0.100, 0.100, 0.100, 0.100, 0.100, 0.100]
    Layer 26: sigma=[0.100, 0.100, 0.100, 0.100, 0.112, 0.100, 0.100, 0.100, 0.100, 0.100, 0.100, 0.100, 0.100, 0.100, 0.100, 0.100, 0.100, 0.100, 0.291, 0.100, 0.100, 0.100, 0.100, 0.100]
    Layer 27: sigma=[0.318, 0.100, 0.100, 0.100, 0.100, 0.100, 0.100, 0.100, 0.100, 0.100, 0.100, 0.100, 0.100, 0.100, 0.100, 0.100, 0.100, 0.100, 0.271, 0.100, 0.311, 0.100, 0.100, 0.100]

  [Taylor Step 3/3] g_proj = v_proj * alpha (damping=0.01)...
    Layer  0: alpha=0.056744  teacher_rms=0.0170  v_rms=0.0030
    Layer  1: alpha=0.058109  teacher_rms=0.0387  v_rms=0.0067
    Layer  2: alpha=0.015216  teacher_rms=0.0168  v_rms=0.0110
    Layer  3: alpha=0.017317  teacher_rms=0.0218  v_rms=0.0126
    Layer  4: alpha=0.025271  teacher_rms=0.0316  v_rms=0.0125
    Layer  5: alpha=0.034068  teacher_rms=0.0429  v_rms=0.0126
    Layer  6: alpha=0.039001  teacher_rms=0.0529  v_rms=0.0136
    Layer  7: alpha=0.047453  teacher_rms=0.0681  v_rms=0.0143
    Layer  8: alpha=0.052318  teacher_rms=0.0757  v_rms=0.0145
    Layer  9: alpha=0.048117  teacher_rms=0.0774  v_rms=0.0161
    Layer 10: alpha=0.047293  teacher_rms=0.0848  v_rms=0.0179
    Layer 11: alpha=0.049002  teacher_rms=0.0824  v_rms=0.0168
    Layer 12: alpha=0.054225  teacher_rms=0.0896  v_rms=0.0165
    Layer 13: alpha=0.047083  teacher_rms=0.0933  v_rms=0.0198
    Layer 14: alpha=0.049772  teacher_rms=0.0816  v_rms=0.0164
    Layer 15: alpha=0.040791  teacher_rms=0.0673  v_rms=0.0165
    Layer 16: alpha=0.028714  teacher_rms=0.0493  v_rms=0.0172
    Layer 17: alpha=0.024043  teacher_rms=0.0430  v_rms=0.0179
    Layer 18: alpha=0.022965  teacher_rms=0.0427  v_rms=0.0186
    Layer 19: alpha=0.033238  teacher_rms=0.0638  v_rms=0.0192
    Layer 21: alpha=0.019452  teacher_rms=0.0411  v_rms=0.0211
    Layer 22: alpha=0.019571  teacher_rms=0.0441  v_rms=0.0226
    Layer 23: alpha=0.032701  teacher_rms=0.0659  v_rms=0.0201
    Layer 24: alpha=0.027074  teacher_rms=0.0766  v_rms=0.0283
    Layer 25: alpha=0.032921  teacher_rms=0.0859  v_rms=0.0261
    Layer 26: alpha=0.039195  teacher_rms=0.1157  v_rms=0.0295
    Layer 27: alpha=0.041044  teacher_rms=0.1451  v_rms=0.0354

  Set g_proj = v_proj * alpha in 27 GDN layers (damping=0.01).
  Init (taylor_distill) done in 187.1s
  Layer 20: PPL = 692.77  (eval 10.1s)

============================================================
  Probing layer 21 | strategy=taylor_distill
============================================================
Loading checkpoint shards:   0%|          | 0/2 [00:00<?, ?it/s]Loading checkpoint shards: 100%|██████████| 2/2 [00:00<00:00, 113.92it/s]
Loading checkpoint shards:   0%|          | 0/2 [00:00<?, ?it/s]Loading checkpoint shards: 100%|██████████| 2/2 [00:00<00:00, 98.88it/s]
Token indices sequence length is longer than the specified maximum sequence length for this model (2349952 > 131072). Running this sequence through the model will result in indexing errors
  [Taylor Step 1/3] Gate calibration from attention stats...
    Layer  0: dist=[22, 3, 29, 29, 23, 23, 45, 42, 35, 49, 55, 53, 51, 45, 49, 7, 57, 35, 19, 33, 21, 58, 58, 47]
    Layer  1: dist=[37, 40, 77, 52, 50, 57, 33, 74, 40, 65, 64, 71, 45, 43, 50, 25, 28, 66, 58, 48, 61, 52, 50, 57]
    Layer  2: dist=[115, 119, 121, 102, 116, 107, 121, 117, 116, 119, 113, 101, 119, 119, 102, 122, 122, 122, 120, 120, 121, 115, 118, 113]
    Layer  3: dist=[98, 116, 112, 123, 119, 122, 105, 113, 115, 107, 117, 107, 113, 116, 114, 108, 102, 111, 111, 118, 116, 93, 96, 95]
    Layer  4: dist=[98, 112, 120, 98, 97, 92, 99, 95, 108, 107, 104, 113, 86, 106, 111, 97, 120, 105, 99, 102, 101, 118, 122, 109]
    Layer  5: dist=[114, 106, 103, 84, 90, 96, 121, 126, 112, 95, 100, 99, 72, 81, 95, 112, 99, 103, 99, 92, 96, 88, 97, 96]
    Layer  6: dist=[99, 111, 96, 87, 85, 92, 100, 96, 97, 90, 82, 87, 92, 103, 83, 77, 82, 84, 101, 100, 87, 102, 97, 95]
    Layer  7: dist=[85, 72, 99, 68, 88, 85, 65, 71, 79, 78, 96, 85, 94, 82, 84, 85, 83, 94, 88, 83, 81, 82, 87, 79]
    Layer  8: dist=[95, 73, 108, 73, 90, 76, 107, 95, 107, 78, 88, 80, 72, 84, 80, 72, 66, 74, 78, 82, 81, 79, 64, 71]
    Layer  9: dist=[63, 63, 64, 97, 102, 103, 65, 61, 74, 91, 88, 89, 85, 79, 64, 86, 77, 79, 89, 107, 98, 74, 64, 92]
    Layer 10: dist=[78, 77, 81, 94, 97, 98, 78, 72, 70, 83, 70, 101, 61, 52, 66, 85, 89, 75, 62, 65, 67, 112, 99, 87]
    Layer 11: dist=[47, 70, 52, 76, 79, 80, 80, 74, 70, 79, 72, 63, 82, 74, 93, 80, 80, 92, 68, 68, 70, 78, 69, 75]
    Layer 12: dist=[78, 75, 66, 108, 108, 89, 70, 69, 73, 81, 78, 85, 65, 94, 70, 97, 93, 71, 91, 109, 110, 52, 74, 59]
    Layer 13: dist=[84, 82, 84, 83, 80, 77, 28, 53, 47, 67, 62, 86, 84, 112, 92, 71, 100, 81, 86, 92, 84, 89, 99, 88]
    Layer 14: dist=[45, 118, 119, 67, 56, 57, 63, 56, 56, 78, 100, 104, 94, 93, 93, 85, 80, 83, 60, 74, 80, 104, 115, 77]
    Layer 15: dist=[105, 105, 89, 72, 73, 81, 97, 77, 83, 63, 76, 76, 112, 115, 100, 90, 88, 95, 104, 109, 100, 93, 97, 100]
    Layer 16: dist=[124, 98, 120, 121, 97, 122, 90, 91, 87, 103, 122, 97, 120, 115, 106, 102, 107, 103, 95, 80, 87, 93, 116, 120]
    Layer 17: dist=[109, 112, 97, 115, 114, 105, 76, 96, 88, 113, 106, 116, 117, 107, 103, 91, 110, 90, 115, 111, 119, 122, 114, 119]
    Layer 18: dist=[80, 110, 121, 119, 115, 111, 94, 90, 96, 98, 105, 99, 123, 122, 121, 118, 114, 104, 114, 106, 96, 91, 111, 105]
    Layer 19: dist=[104, 76, 85, 92, 90, 95, 91, 49, 98, 94, 101, 98, 115, 84, 121, 115, 107, 110, 105, 94, 104, 114, 118, 117]
    Layer 20: dist=[102, 117, 118, 115, 112, 112, 109, 110, 122, 112, 112, 114, 102, 100, 115, 115, 113, 118, 109, 97, 98, 103, 108, 106]
    Layer 22: dist=[119, 103, 111, 119, 118, 119, 123, 124, 122, 116, 119, 118, 111, 102, 84, 113, 95, 103, 117, 121, 117, 115, 123, 117]
    Layer 23: dist=[84, 104, 85, 104, 119, 114, 108, 116, 80, 114, 108, 112, 122, 118, 79, 99, 94, 91, 121, 121, 84, 112, 115, 81]
    Layer 24: dist=[118, 114, 116, 109, 113, 110, 93, 106, 87, 100, 69, 99, 80, 107, 119, 111, 105, 110, 121, 119, 123, 98, 104, 112]
    Layer 25: dist=[112, 122, 121, 121, 119, 123, 79, 72, 69, 121, 111, 121, 117, 97, 114, 88, 106, 105, 104, 106, 101, 79, 115, 57]
    Layer 26: dist=[79, 93, 64, 108, 104, 123, 102, 71, 109, 106, 100, 108, 75, 47, 69, 105, 98, 95, 35, 72, 59, 111, 108, 102]
    Layer 27: dist=[48, 108, 82, 111, 79, 53, 89, 89, 105, 69, 100, 6, 104, 109, 95, 102, 105, 98, 84, 70, 69, 76, 91, 88]

  [Taylor Step 2/3] OLS sigma per head (scaling V)...
    Layer  0: sigma=[0.143, 0.133, 0.136, 0.100, 0.100, 0.100, 0.100, 0.100, 0.100, 0.100, 0.100, 0.100, 0.100, 0.100, 0.100, 0.100, 0.100, 0.100, 0.100, 0.100, 0.100, 0.100, 0.100, 0.100]
    Layer  1: sigma=[0.100, 0.165, 0.100, 0.100, 0.100, 0.100, 0.100, 0.100, 0.100, 0.100, 0.100, 0.100, 0.100, 0.100, 0.100, 0.100, 0.100, 0.100, 0.100, 0.140, 0.100, 0.100, 0.100, 0.100]
    Layer  2: sigma=[0.100, 0.100, 0.100, 0.100, 0.100, 0.100, 0.100, 0.100, 0.100, 0.100, 0.100, 0.100, 0.100, 0.100, 0.100, 0.100, 0.100, 0.100, 0.100, 0.100, 0.100, 0.100, 0.100, 0.100]
    Layer  3: sigma=[0.100, 0.100, 0.100, 0.100, 0.100, 0.100, 0.100, 0.100, 0.100, 0.100, 0.100, 0.100, 0.100, 0.100, 0.100, 0.100, 0.100, 0.100, 0.100, 0.100, 0.100, 0.100, 0.100, 0.100]
    Layer  4: sigma=[0.100, 0.100, 0.100, 0.100, 0.100, 0.100, 0.100, 0.100, 0.100, 0.100, 0.100, 0.100, 0.100, 0.100, 0.100, 0.100, 0.100, 0.100, 0.100, 0.100, 0.100, 0.100, 0.100, 0.100]
    Layer  5: sigma=[0.100, 0.100, 0.100, 0.100, 0.100, 0.100, 0.100, 0.100, 0.100, 0.100, 0.100, 0.100, 0.100, 0.100, 0.100, 0.100, 0.100, 0.100, 0.100, 0.105, 0.100, 0.100, 0.100, 0.100]
    Layer  6: sigma=[0.100, 0.100, 0.100, 0.100, 0.100, 0.100, 0.100, 0.100, 0.100, 0.100, 0.100, 0.100, 0.100, 0.100, 0.100, 0.100, 0.100, 0.100, 0.100, 0.100, 0.100, 0.100, 0.100, 0.100]
    Layer  7: sigma=[0.100, 0.100, 0.100, 0.100, 0.100, 0.100, 0.100, 0.100, 0.100, 0.100, 0.100, 0.100, 0.100, 0.100, 0.100, 0.100, 0.100, 0.100, 0.100, 0.100, 0.100, 0.100, 0.100, 0.100]
    Layer  8: sigma=[0.100, 0.100, 0.100, 0.100, 0.100, 0.100, 0.100, 0.100, 0.100, 0.100, 0.100, 0.100, 0.100, 0.100, 0.100, 0.100, 0.100, 0.100, 0.100, 0.100, 0.100, 0.100, 0.100, 0.100]
    Layer  9: sigma=[0.100, 0.100, 0.100, 0.100, 0.100, 0.100, 0.100, 0.100, 0.100, 0.100, 0.100, 0.100, 0.100, 0.100, 0.100, 0.100, 0.100, 0.100, 0.100, 0.100, 0.100, 0.100, 0.100, 0.105]
    Layer 10: sigma=[0.100, 0.100, 0.100, 0.100, 0.100, 0.100, 0.100, 0.100, 0.112, 0.100, 0.100, 0.100, 0.126, 0.303, 0.100, 0.100, 0.100, 0.100, 0.100, 0.100, 0.100, 0.100, 0.131, 0.100]
    Layer 11: sigma=[0.100, 0.218, 0.100, 0.100, 0.100, 0.100, 0.100, 0.100, 0.100, 0.100, 0.100, 0.100, 0.100, 0.100, 0.100, 0.100, 0.100, 0.100, 0.100, 0.100, 0.100, 0.100, 0.100, 0.100]
    Layer 12: sigma=[0.100, 0.100, 0.100, 0.100, 0.100, 0.100, 0.100, 0.100, 0.100, 0.100, 0.100, 0.100, 0.100, 0.100, 0.113, 0.100, 0.100, 0.100, 0.100, 0.100, 0.100, 0.100, 0.100, 0.100]
    Layer 13: sigma=[0.100, 0.100, 0.100, 0.100, 0.100, 0.100, 0.100, 0.357, 0.103, 0.100, 0.100, 0.100, 0.100, 0.100, 0.100, 0.100, 0.137, 0.100, 0.100, 0.100, 0.100, 0.100, 0.100, 0.100]
    Layer 14: sigma=[0.100, 0.100, 0.100, 0.100, 0.100, 0.209, 0.100, 0.100, 0.100, 0.100, 0.100, 0.100, 0.100, 0.100, 0.100, 0.100, 0.100, 0.100, 0.100, 0.100, 0.100, 0.100, 0.100, 0.100]
    Layer 15: sigma=[0.100, 0.100, 0.100, 0.100, 0.100, 0.100, 0.100, 0.100, 0.100, 0.155, 0.100, 0.100, 0.100, 0.100, 0.100, 0.100, 0.100, 0.100, 0.100, 0.100, 0.100, 0.100, 0.100, 0.100]
    Layer 16: sigma=[0.100, 0.100, 0.100, 0.100, 0.100, 0.100, 0.100, 0.100, 0.100, 0.100, 0.100, 0.100, 0.100, 0.100, 0.100, 0.100, 0.100, 0.100, 0.100, 0.100, 0.100, 0.100, 0.100, 0.100]
    Layer 17: sigma=[0.100, 0.100, 0.100, 0.100, 0.100, 0.100, 0.100, 0.100, 0.100, 0.100, 0.100, 0.100, 0.100, 0.100, 0.100, 0.100, 0.100, 0.100, 0.100, 0.100, 0.100, 0.100, 0.100, 0.100]
    Layer 18: sigma=[0.100, 0.100, 0.100, 0.100, 0.100, 0.100, 0.100, 0.100, 0.100, 0.100, 0.100, 0.100, 0.100, 0.100, 0.100, 0.100, 0.100, 0.100, 0.100, 0.100, 0.100, 0.100, 0.100, 0.100]
    Layer 19: sigma=[0.100, 0.100, 0.100, 0.100, 0.100, 0.100, 0.100, 0.170, 0.100, 0.100, 0.162, 0.100, 0.100, 0.100, 0.100, 0.100, 0.100, 0.100, 0.100, 0.100, 0.100, 0.100, 0.100, 0.100]
    Layer 20: sigma=[0.100, 0.100, 0.100, 0.100, 0.100, 0.100, 0.100, 0.100, 0.100, 0.100, 0.100, 0.100, 0.100, 0.100, 0.100, 0.100, 0.100, 0.100, 0.100, 0.100, 0.100, 0.100, 0.100, 0.100]
    Layer 22: sigma=[0.100, 0.100, 0.100, 0.100, 0.100, 0.100, 0.100, 0.100, 0.100, 0.100, 0.100, 0.100, 0.100, 0.100, 0.100, 0.100, 0.100, 0.100, 0.100, 0.100, 0.100, 0.100, 0.100, 0.100]
    Layer 23: sigma=[0.100, 0.100, 0.100, 0.109, 0.100, 0.100, 0.100, 0.100, 0.100, 0.100, 0.100, 0.100, 0.100, 0.100, 0.100, 0.100, 0.100, 0.100, 0.100, 0.100, 0.206, 0.100, 0.100, 0.100]
    Layer 24: sigma=[0.100, 0.100, 0.100, 0.100, 0.100, 0.100, 0.100, 0.100, 0.100, 0.280, 0.100, 0.100, 0.100, 0.100, 0.100, 0.100, 0.100, 0.100, 0.100, 0.100, 0.100, 0.100, 0.100, 0.100]
    Layer 25: sigma=[0.100, 0.100, 0.100, 0.100, 0.100, 0.100, 0.100, 0.100, 0.130, 0.100, 0.113, 0.100, 0.100, 0.111, 0.100, 0.100, 0.100, 0.100, 0.100, 0.100, 0.100, 0.100, 0.100, 0.100]
    Layer 26: sigma=[0.100, 0.100, 0.100, 0.100, 0.120, 0.100, 0.100, 0.100, 0.100, 0.100, 0.100, 0.100, 0.169, 0.100, 0.100, 0.100, 0.100, 0.100, 0.292, 0.100, 0.101, 0.100, 0.100, 0.100]
    Layer 27: sigma=[0.292, 0.100, 0.100, 0.100, 0.100, 0.100, 0.100, 0.100, 0.100, 0.100, 0.100, 0.100, 0.100, 0.100, 0.100, 0.100, 0.100, 0.100, 0.297, 0.100, 0.284, 0.100, 0.100, 0.100]

  [Taylor Step 3/3] g_proj = v_proj * alpha (damping=0.01)...
    Layer  0: alpha=0.056718  teacher_rms=0.0170  v_rms=0.0030
    Layer  1: alpha=0.058626  teacher_rms=0.0387  v_rms=0.0066
    Layer  2: alpha=0.015216  teacher_rms=0.0168  v_rms=0.0110
    Layer  3: alpha=0.017317  teacher_rms=0.0218  v_rms=0.0126
    Layer  4: alpha=0.025271  teacher_rms=0.0316  v_rms=0.0125
    Layer  5: alpha=0.034090  teacher_rms=0.0429  v_rms=0.0126
    Layer  6: alpha=0.039001  teacher_rms=0.0529  v_rms=0.0136
    Layer  7: alpha=0.047453  teacher_rms=0.0681  v_rms=0.0143
    Layer  8: alpha=0.052318  teacher_rms=0.0757  v_rms=0.0145
    Layer  9: alpha=0.048106  teacher_rms=0.0774  v_rms=0.0161
    Layer 10: alpha=0.046279  teacher_rms=0.0848  v_rms=0.0183
    Layer 11: alpha=0.049024  teacher_rms=0.0824  v_rms=0.0168
    Layer 12: alpha=0.054182  teacher_rms=0.0896  v_rms=0.0165
    Layer 13: alpha=0.045892  teacher_rms=0.0933  v_rms=0.0203
    Layer 14: alpha=0.048882  teacher_rms=0.0816  v_rms=0.0167
    Layer 15: alpha=0.041052  teacher_rms=0.0673  v_rms=0.0164
    Layer 16: alpha=0.028714  teacher_rms=0.0493  v_rms=0.0172
    Layer 17: alpha=0.024043  teacher_rms=0.0430  v_rms=0.0179
    Layer 18: alpha=0.022965  teacher_rms=0.0427  v_rms=0.0186
    Layer 19: alpha=0.033471  teacher_rms=0.0638  v_rms=0.0191
    Layer 20: alpha=0.022405  teacher_rms=0.0426  v_rms=0.0190
    Layer 22: alpha=0.019571  teacher_rms=0.0441  v_rms=0.0226
    Layer 23: alpha=0.032416  teacher_rms=0.0659  v_rms=0.0203
    Layer 24: alpha=0.027084  teacher_rms=0.0766  v_rms=0.0283
    Layer 25: alpha=0.033573  teacher_rms=0.0859  v_rms=0.0256
    Layer 26: alpha=0.038201  teacher_rms=0.1157  v_rms=0.0303
    Layer 27: alpha=0.041969  teacher_rms=0.1451  v_rms=0.0346

  Set g_proj = v_proj * alpha in 27 GDN layers (damping=0.01).
  Init (taylor_distill) done in 187.5s
  Layer 21: PPL = 650.71  (eval 10.1s)

============================================================
  Probing layer 22 | strategy=taylor_distill
============================================================
Loading checkpoint shards:   0%|          | 0/2 [00:00<?, ?it/s]Loading checkpoint shards: 100%|██████████| 2/2 [00:00<00:00, 117.82it/s]
Loading checkpoint shards:   0%|          | 0/2 [00:00<?, ?it/s]Loading checkpoint shards: 100%|██████████| 2/2 [00:00<00:00, 73.58it/s]
Token indices sequence length is longer than the specified maximum sequence length for this model (2349952 > 131072). Running this sequence through the model will result in indexing errors
  [Taylor Step 1/3] Gate calibration from attention stats...
    Layer  0: dist=[22, 3, 29, 29, 23, 23, 45, 42, 35, 49, 55, 53, 51, 45, 49, 7, 57, 35, 19, 33, 21, 58, 58, 47]
    Layer  1: dist=[37, 40, 77, 52, 50, 57, 33, 74, 40, 65, 64, 71, 45, 43, 50, 25, 28, 66, 58, 48, 61, 52, 50, 57]
    Layer  2: dist=[115, 119, 121, 102, 116, 107, 121, 117, 116, 119, 113, 101, 119, 119, 102, 122, 122, 122, 120, 120, 121, 115, 118, 113]
    Layer  3: dist=[98, 116, 112, 123, 119, 122, 105, 113, 115, 107, 117, 107, 113, 116, 114, 108, 102, 111, 111, 118, 116, 93, 96, 95]
    Layer  4: dist=[98, 112, 120, 98, 97, 92, 99, 95, 108, 107, 104, 113, 86, 106, 111, 97, 120, 105, 99, 102, 101, 118, 122, 109]
    Layer  5: dist=[114, 106, 103, 84, 90, 96, 121, 126, 112, 95, 100, 99, 72, 81, 95, 112, 99, 103, 99, 92, 96, 88, 97, 96]
    Layer  6: dist=[99, 111, 96, 87, 85, 92, 100, 96, 97, 90, 82, 87, 92, 103, 83, 77, 82, 84, 101, 100, 87, 102, 97, 95]
    Layer  7: dist=[85, 72, 99, 68, 88, 85, 65, 71, 79, 78, 96, 85, 94, 82, 84, 85, 83, 94, 88, 83, 81, 82, 87, 79]
    Layer  8: dist=[95, 73, 108, 73, 90, 76, 107, 95, 107, 78, 88, 80, 72, 84, 80, 72, 66, 74, 78, 82, 81, 79, 64, 71]
    Layer  9: dist=[63, 63, 64, 97, 102, 103, 65, 61, 74, 91, 88, 89, 85, 79, 64, 86, 77, 79, 89, 107, 98, 74, 64, 92]
    Layer 10: dist=[78, 77, 81, 94, 97, 98, 78, 72, 70, 83, 70, 101, 61, 52, 66, 85, 89, 75, 62, 65, 67, 112, 99, 87]
    Layer 11: dist=[47, 70, 52, 76, 79, 80, 80, 74, 70, 79, 72, 63, 82, 74, 93, 80, 80, 92, 68, 68, 70, 78, 69, 75]
    Layer 12: dist=[78, 75, 66, 108, 108, 89, 70, 69, 73, 81, 78, 85, 65, 94, 70, 97, 93, 71, 91, 109, 110, 52, 74, 59]
    Layer 13: dist=[84, 82, 84, 83, 80, 77, 28, 53, 47, 67, 62, 86, 84, 112, 92, 71, 100, 81, 86, 92, 84, 89, 99, 88]
    Layer 14: dist=[45, 118, 119, 67, 56, 57, 63, 56, 56, 78, 100, 104, 94, 93, 93, 85, 80, 83, 60, 74, 80, 104, 115, 77]
    Layer 15: dist=[105, 105, 89, 72, 73, 81, 97, 77, 83, 63, 76, 76, 112, 115, 100, 90, 88, 95, 104, 109, 100, 93, 97, 100]
    Layer 16: dist=[124, 98, 120, 121, 97, 122, 90, 91, 87, 103, 122, 97, 120, 115, 106, 102, 107, 103, 95, 80, 87, 93, 116, 120]
    Layer 17: dist=[109, 112, 97, 115, 114, 105, 76, 96, 88, 113, 106, 116, 117, 107, 103, 91, 110, 90, 115, 111, 119, 122, 114, 119]
    Layer 18: dist=[80, 110, 121, 119, 115, 111, 94, 90, 96, 98, 105, 99, 123, 122, 121, 118, 114, 104, 114, 106, 96, 91, 111, 105]
    Layer 19: dist=[104, 76, 85, 92, 90, 95, 91, 49, 98, 94, 101, 98, 115, 84, 121, 115, 107, 110, 105, 94, 104, 114, 118, 117]
    Layer 20: dist=[102, 117, 118, 115, 112, 112, 109, 110, 122, 112, 112, 114, 102, 100, 115, 115, 113, 118, 109, 97, 98, 103, 108, 106]
    Layer 21: dist=[109, 112, 109, 122, 124, 121, 122, 120, 121, 101, 107, 100, 114, 117, 113, 117, 115, 117, 113, 117, 108, 104, 107, 105]
    Layer 23: dist=[84, 104, 85, 104, 119, 114, 108, 116, 80, 114, 108, 112, 122, 118, 79, 99, 94, 91, 121, 121, 84, 112, 115, 81]
    Layer 24: dist=[118, 114, 116, 109, 113, 110, 93, 106, 87, 100, 69, 99, 80, 107, 119, 111, 105, 110, 121, 119, 123, 98, 104, 112]
    Layer 25: dist=[112, 122, 121, 121, 119, 123, 79, 72, 69, 121, 111, 121, 117, 97, 114, 88, 106, 105, 104, 106, 101, 79, 115, 57]
    Layer 26: dist=[79, 93, 64, 108, 104, 123, 102, 71, 109, 106, 100, 108, 75, 47, 69, 105, 98, 95, 35, 72, 59, 111, 108, 102]
    Layer 27: dist=[48, 108, 82, 111, 79, 53, 89, 89, 105, 69, 100, 6, 104, 109, 95, 102, 105, 98, 84, 70, 69, 76, 91, 88]

  [Taylor Step 2/3] OLS sigma per head (scaling V)...
    Layer  0: sigma=[0.142, 0.130, 0.137, 0.100, 0.100, 0.100, 0.100, 0.100, 0.100, 0.100, 0.100, 0.100, 0.100, 0.100, 0.100, 0.100, 0.100, 0.100, 0.100, 0.100, 0.100, 0.104, 0.100, 0.100]
    Layer  1: sigma=[0.100, 0.152, 0.100, 0.100, 0.100, 0.100, 0.100, 0.100, 0.100, 0.100, 0.100, 0.100, 0.100, 0.100, 0.100, 0.100, 0.100, 0.100, 0.100, 0.140, 0.100, 0.100, 0.100, 0.100]
    Layer  2: sigma=[0.100, 0.100, 0.100, 0.100, 0.100, 0.100, 0.100, 0.100, 0.100, 0.100, 0.100, 0.100, 0.100, 0.100, 0.100, 0.100, 0.100, 0.100, 0.100, 0.100, 0.100, 0.100, 0.100, 0.100]
    Layer  3: sigma=[0.100, 0.100, 0.100, 0.100, 0.100, 0.100, 0.100, 0.100, 0.100, 0.100, 0.100, 0.100, 0.100, 0.100, 0.100, 0.100, 0.100, 0.100, 0.100, 0.100, 0.100, 0.100, 0.100, 0.100]
    Layer  4: sigma=[0.100, 0.100, 0.100, 0.100, 0.100, 0.100, 0.100, 0.100, 0.100, 0.100, 0.100, 0.100, 0.100, 0.100, 0.100, 0.100, 0.100, 0.100, 0.100, 0.100, 0.100, 0.100, 0.100, 0.100]
    Layer  5: sigma=[0.100, 0.100, 0.100, 0.100, 0.100, 0.100, 0.100, 0.100, 0.100, 0.100, 0.100, 0.100, 0.100, 0.100, 0.100, 0.100, 0.100, 0.100, 0.100, 0.108, 0.100, 0.100, 0.100, 0.100]
    Layer  6: sigma=[0.100, 0.100, 0.100, 0.100, 0.100, 0.100, 0.100, 0.100, 0.100, 0.100, 0.100, 0.100, 0.100, 0.100, 0.100, 0.100, 0.100, 0.100, 0.100, 0.100, 0.100, 0.100, 0.100, 0.100]
    Layer  7: sigma=[0.100, 0.100, 0.100, 0.100, 0.100, 0.100, 0.100, 0.100, 0.100, 0.100, 0.100, 0.100, 0.100, 0.100, 0.100, 0.100, 0.100, 0.100, 0.100, 0.100, 0.100, 0.100, 0.100, 0.100]
    Layer  8: sigma=[0.100, 0.100, 0.100, 0.100, 0.100, 0.100, 0.100, 0.100, 0.100, 0.100, 0.100, 0.100, 0.100, 0.100, 0.100, 0.100, 0.100, 0.100, 0.100, 0.100, 0.100, 0.100, 0.100, 0.100]
    Layer  9: sigma=[0.100, 0.100, 0.100, 0.100, 0.100, 0.100, 0.100, 0.100, 0.100, 0.100, 0.100, 0.100, 0.100, 0.100, 0.100, 0.100, 0.100, 0.100, 0.100, 0.100, 0.100, 0.100, 0.100, 0.106]
    Layer 10: sigma=[0.100, 0.100, 0.100, 0.100, 0.100, 0.100, 0.100, 0.100, 0.114, 0.100, 0.100, 0.100, 0.125, 0.282, 0.100, 0.100, 0.100, 0.100, 0.100, 0.100, 0.100, 0.100, 0.128, 0.100]
    Layer 11: sigma=[0.100, 0.161, 0.100, 0.100, 0.100, 0.100, 0.100, 0.100, 0.100, 0.100, 0.100, 0.100, 0.100, 0.100, 0.100, 0.100, 0.100, 0.100, 0.100, 0.100, 0.100, 0.100, 0.100, 0.100]
    Layer 12: sigma=[0.100, 0.100, 0.100, 0.100, 0.100, 0.100, 0.100, 0.100, 0.100, 0.100, 0.100, 0.100, 0.100, 0.100, 0.104, 0.100, 0.100, 0.100, 0.100, 0.100, 0.100, 0.100, 0.100, 0.100]
    Layer 13: sigma=[0.100, 0.100, 0.100, 0.100, 0.100, 0.100, 0.100, 0.349, 0.113, 0.100, 0.100, 0.100, 0.100, 0.100, 0.100, 0.100, 0.129, 0.100, 0.100, 0.100, 0.100, 0.100, 0.100, 0.100]
    Layer 14: sigma=[0.100, 0.100, 0.100, 0.100, 0.100, 0.161, 0.100, 0.100, 0.100, 0.100, 0.100, 0.100, 0.100, 0.100, 0.100, 0.100, 0.100, 0.100, 0.100, 0.100, 0.100, 0.100, 0.100, 0.100]
    Layer 15: sigma=[0.100, 0.100, 0.100, 0.100, 0.100, 0.100, 0.100, 0.100, 0.100, 0.157, 0.100, 0.100, 0.100, 0.100, 0.100, 0.100, 0.100, 0.100, 0.100, 0.100, 0.100, 0.100, 0.100, 0.100]
    Layer 16: sigma=[0.100, 0.100, 0.100, 0.100, 0.100, 0.100, 0.100, 0.100, 0.100, 0.100, 0.100, 0.100, 0.100, 0.100, 0.100, 0.100, 0.100, 0.100, 0.100, 0.100, 0.100, 0.100, 0.100, 0.100]
    Layer 17: sigma=[0.100, 0.100, 0.100, 0.100, 0.100, 0.100, 0.100, 0.100, 0.100, 0.100, 0.100, 0.100, 0.100, 0.100, 0.100, 0.100, 0.100, 0.100, 0.100, 0.100, 0.100, 0.100, 0.100, 0.100]
    Layer 18: sigma=[0.100, 0.100, 0.100, 0.100, 0.100, 0.100, 0.100, 0.100, 0.100, 0.100, 0.100, 0.100, 0.100, 0.100, 0.100, 0.100, 0.100, 0.100, 0.100, 0.100, 0.100, 0.100, 0.100, 0.100]
    Layer 19: sigma=[0.100, 0.100, 0.100, 0.100, 0.100, 0.100, 0.100, 0.190, 0.100, 0.100, 0.157, 0.100, 0.100, 0.100, 0.100, 0.100, 0.100, 0.100, 0.100, 0.100, 0.100, 0.100, 0.100, 0.100]
    Layer 20: sigma=[0.100, 0.100, 0.100, 0.100, 0.100, 0.100, 0.100, 0.100, 0.100, 0.100, 0.100, 0.100, 0.100, 0.100, 0.100, 0.100, 0.100, 0.100, 0.100, 0.100, 0.100, 0.100, 0.100, 0.100]
    Layer 21: sigma=[0.100, 0.100, 0.100, 0.100, 0.100, 0.100, 0.100, 0.100, 0.100, 0.100, 0.100, 0.100, 0.100, 0.100, 0.100, 0.100, 0.100, 0.100, 0.100, 0.100, 0.100, 0.100, 0.100, 0.100]
    Layer 23: sigma=[0.100, 0.100, 0.100, 0.106, 0.100, 0.100, 0.100, 0.100, 0.100, 0.100, 0.100, 0.100, 0.100, 0.100, 0.100, 0.100, 0.100, 0.100, 0.100, 0.100, 0.194, 0.100, 0.100, 0.100]
    Layer 24: sigma=[0.100, 0.100, 0.100, 0.100, 0.100, 0.100, 0.100, 0.100, 0.100, 0.282, 0.100, 0.100, 0.100, 0.100, 0.100, 0.100, 0.100, 0.100, 0.100, 0.100, 0.100, 0.100, 0.100, 0.100]
    Layer 25: sigma=[0.100, 0.100, 0.100, 0.100, 0.100, 0.100, 0.100, 0.100, 0.100, 0.100, 0.135, 0.100, 0.100, 0.114, 0.100, 0.100, 0.100, 0.100, 0.100, 0.100, 0.100, 0.100, 0.100, 0.100]
    Layer 26: sigma=[0.100, 0.100, 0.100, 0.100, 0.109, 0.100, 0.100, 0.100, 0.100, 0.100, 0.100, 0.100, 0.122, 0.100, 0.100, 0.100, 0.100, 0.100, 0.297, 0.100, 0.100, 0.100, 0.100, 0.100]
    Layer 27: sigma=[0.325, 0.100, 0.100, 0.100, 0.100, 0.100, 0.100, 0.100, 0.100, 0.100, 0.100, 0.100, 0.100, 0.100, 0.100, 0.100, 0.100, 0.100, 0.270, 0.100, 0.291, 0.100, 0.100, 0.100]

  [Taylor Step 3/3] g_proj = v_proj * alpha (damping=0.01)...
    Layer  0: alpha=0.056613  teacher_rms=0.0170  v_rms=0.0030
    Layer  1: alpha=0.059131  teacher_rms=0.0387  v_rms=0.0065
    Layer  2: alpha=0.015216  teacher_rms=0.0168  v_rms=0.0110
    Layer  3: alpha=0.017317  teacher_rms=0.0218  v_rms=0.0126
    Layer  4: alpha=0.025271  teacher_rms=0.0316  v_rms=0.0125
    Layer  5: alpha=0.034047  teacher_rms=0.0429  v_rms=0.0126
    Layer  6: alpha=0.039001  teacher_rms=0.0529  v_rms=0.0136
    Layer  7: alpha=0.047453  teacher_rms=0.0681  v_rms=0.0143
    Layer  8: alpha=0.052318  teacher_rms=0.0757  v_rms=0.0145
    Layer  9: alpha=0.048085  teacher_rms=0.0774  v_rms=0.0161
    Layer 10: alpha=0.047095  teacher_rms=0.0848  v_rms=0.0180
    Layer 11: alpha=0.050743  teacher_rms=0.0824  v_rms=0.0162
    Layer 12: alpha=0.054391  teacher_rms=0.0896  v_rms=0.0165
    Layer 13: alpha=0.046221  teacher_rms=0.0933  v_rms=0.0202
    Layer 14: alpha=0.050309  teacher_rms=0.0816  v_rms=0.0162
    Layer 15: alpha=0.040983  teacher_rms=0.0673  v_rms=0.0164
    Layer 16: alpha=0.028714  teacher_rms=0.0493  v_rms=0.0172
    Layer 17: alpha=0.024043  teacher_rms=0.0430  v_rms=0.0179
    Layer 18: alpha=0.022965  teacher_rms=0.0427  v_rms=0.0186
    Layer 19: alpha=0.033159  teacher_rms=0.0638  v_rms=0.0192
    Layer 20: alpha=0.022405  teacher_rms=0.0426  v_rms=0.0190
    Layer 21: alpha=0.019452  teacher_rms=0.0411  v_rms=0.0211
    Layer 23: alpha=0.032689  teacher_rms=0.0659  v_rms=0.0201
    Layer 24: alpha=0.027036  teacher_rms=0.0766  v_rms=0.0283
    Layer 25: alpha=0.033285  teacher_rms=0.0859  v_rms=0.0258
    Layer 26: alpha=0.038861  teacher_rms=0.1157  v_rms=0.0298
    Layer 27: alpha=0.041338  teacher_rms=0.1451  v_rms=0.0351

  Set g_proj = v_proj * alpha in 27 GDN layers (damping=0.01).
  Init (taylor_distill) done in 196.4s
  Layer 22: PPL = 720.15  (eval 9.9s)

============================================================
  Probing layer 23 | strategy=taylor_distill
============================================================
Loading checkpoint shards:   0%|          | 0/2 [00:00<?, ?it/s]Loading checkpoint shards: 100%|██████████| 2/2 [00:00<00:00, 112.95it/s]
Loading checkpoint shards:   0%|          | 0/2 [00:00<?, ?it/s]Loading checkpoint shards: 100%|██████████| 2/2 [00:00<00:00, 120.97it/s]
Token indices sequence length is longer than the specified maximum sequence length for this model (2349952 > 131072). Running this sequence through the model will result in indexing errors
  [Taylor Step 1/3] Gate calibration from attention stats...
    Layer  0: dist=[22, 3, 29, 29, 23, 23, 45, 42, 35, 49, 55, 53, 51, 45, 49, 7, 57, 35, 19, 33, 21, 58, 58, 47]
    Layer  1: dist=[37, 40, 77, 52, 50, 57, 33, 74, 40, 65, 64, 71, 45, 43, 50, 25, 28, 66, 58, 48, 61, 52, 50, 57]
    Layer  2: dist=[115, 119, 121, 102, 116, 107, 121, 117, 116, 119, 113, 101, 119, 119, 102, 122, 122, 122, 120, 120, 121, 115, 118, 113]
    Layer  3: dist=[98, 116, 112, 123, 119, 122, 105, 113, 115, 107, 117, 107, 113, 116, 114, 108, 102, 111, 111, 118, 116, 93, 96, 95]
    Layer  4: dist=[98, 112, 120, 98, 97, 92, 99, 95, 108, 107, 104, 113, 86, 106, 111, 97, 120, 105, 99, 102, 101, 118, 122, 109]
    Layer  5: dist=[114, 106, 103, 84, 90, 96, 121, 126, 112, 95, 100, 99, 72, 81, 95, 112, 99, 103, 99, 92, 96, 88, 97, 96]
    Layer  6: dist=[99, 111, 96, 87, 85, 92, 100, 96, 97, 90, 82, 87, 92, 103, 83, 77, 82, 84, 101, 100, 87, 102, 97, 95]
    Layer  7: dist=[85, 72, 99, 68, 88, 85, 65, 71, 79, 78, 96, 85, 94, 82, 84, 85, 83, 94, 88, 83, 81, 82, 87, 79]
    Layer  8: dist=[95, 73, 108, 73, 90, 76, 107, 95, 107, 78, 88, 80, 72, 84, 80, 72, 66, 74, 78, 82, 81, 79, 64, 71]
    Layer  9: dist=[63, 63, 64, 97, 102, 103, 65, 61, 74, 91, 88, 89, 85, 79, 64, 86, 77, 79, 89, 107, 98, 74, 64, 92]
    Layer 10: dist=[78, 77, 81, 94, 97, 98, 78, 72, 70, 83, 70, 101, 61, 52, 66, 85, 89, 75, 62, 65, 67, 112, 99, 87]
    Layer 11: dist=[47, 70, 52, 76, 79, 80, 80, 74, 70, 79, 72, 63, 82, 74, 93, 80, 80, 92, 68, 68, 70, 78, 69, 75]
    Layer 12: dist=[78, 75, 66, 108, 108, 89, 70, 69, 73, 81, 78, 85, 65, 94, 70, 97, 93, 71, 91, 109, 110, 52, 74, 59]
    Layer 13: dist=[84, 82, 84, 83, 80, 77, 28, 53, 47, 67, 62, 86, 84, 112, 92, 71, 100, 81, 86, 92, 84, 89, 99, 88]
    Layer 14: dist=[45, 118, 119, 67, 56, 57, 63, 56, 56, 78, 100, 104, 94, 93, 93, 85, 80, 83, 60, 74, 80, 104, 115, 77]
    Layer 15: dist=[105, 105, 89, 72, 73, 81, 97, 77, 83, 63, 76, 76, 112, 115, 100, 90, 88, 95, 104, 109, 100, 93, 97, 100]
    Layer 16: dist=[124, 98, 120, 121, 97, 122, 90, 91, 87, 103, 122, 97, 120, 115, 106, 102, 107, 103, 95, 80, 87, 93, 116, 120]
    Layer 17: dist=[109, 112, 97, 115, 114, 105, 76, 96, 88, 113, 106, 116, 117, 107, 103, 91, 110, 90, 115, 111, 119, 122, 114, 119]
    Layer 18: dist=[80, 110, 121, 119, 115, 111, 94, 90, 96, 98, 105, 99, 123, 122, 121, 118, 114, 104, 114, 106, 96, 91, 111, 105]
    Layer 19: dist=[104, 76, 85, 92, 90, 95, 91, 49, 98, 94, 101, 98, 115, 84, 121, 115, 107, 110, 105, 94, 104, 114, 118, 117]
    Layer 20: dist=[102, 117, 118, 115, 112, 112, 109, 110, 122, 112, 112, 114, 102, 100, 115, 115, 113, 118, 109, 97, 98, 103, 108, 106]
    Layer 21: dist=[109, 112, 109, 122, 124, 121, 122, 120, 121, 101, 107, 100, 114, 117, 113, 117, 115, 117, 113, 117, 108, 104, 107, 105]
    Layer 22: dist=[119, 103, 111, 119, 118, 119, 123, 124, 122, 116, 119, 118, 111, 102, 84, 113, 95, 103, 117, 121, 117, 115, 123, 117]
    Layer 24: dist=[118, 114, 116, 109, 113, 110, 93, 106, 87, 100, 69, 99, 80, 107, 119, 111, 105, 110, 121, 119, 123, 98, 104, 112]
    Layer 25: dist=[112, 122, 121, 121, 119, 123, 79, 72, 69, 121, 111, 121, 117, 97, 114, 88, 106, 105, 104, 106, 101, 79, 115, 57]
    Layer 26: dist=[79, 93, 64, 108, 104, 123, 102, 71, 109, 106, 100, 108, 75, 47, 69, 105, 98, 95, 35, 72, 59, 111, 108, 102]
    Layer 27: dist=[48, 108, 82, 111, 79, 53, 89, 89, 105, 69, 100, 6, 104, 109, 95, 102, 105, 98, 84, 70, 69, 76, 91, 88]

  [Taylor Step 2/3] OLS sigma per head (scaling V)...
    Layer  0: sigma=[0.144, 0.136, 0.138, 0.100, 0.100, 0.100, 0.100, 0.100, 0.100, 0.100, 0.100, 0.100, 0.100, 0.100, 0.100, 0.100, 0.100, 0.100, 0.100, 0.100, 0.100, 0.104, 0.100, 0.100]
    Layer  1: sigma=[0.100, 0.151, 0.100, 0.100, 0.100, 0.100, 0.100, 0.100, 0.100, 0.100, 0.100, 0.100, 0.100, 0.100, 0.100, 0.100, 0.100, 0.100, 0.100, 0.147, 0.100, 0.100, 0.100, 0.100]
    Layer  2: sigma=[0.100, 0.100, 0.100, 0.100, 0.100, 0.100, 0.100, 0.100, 0.100, 0.100, 0.100, 0.100, 0.100, 0.100, 0.100, 0.100, 0.100, 0.100, 0.100, 0.100, 0.100, 0.100, 0.100, 0.100]
    Layer  3: sigma=[0.100, 0.100, 0.100, 0.100, 0.100, 0.100, 0.100, 0.100, 0.100, 0.100, 0.100, 0.100, 0.100, 0.100, 0.100, 0.100, 0.100, 0.100, 0.100, 0.100, 0.100, 0.100, 0.100, 0.100]
    Layer  4: sigma=[0.100, 0.100, 0.100, 0.100, 0.100, 0.100, 0.100, 0.100, 0.100, 0.100, 0.100, 0.100, 0.100, 0.100, 0.100, 0.100, 0.100, 0.100, 0.100, 0.100, 0.100, 0.100, 0.100, 0.100]
    Layer  5: sigma=[0.100, 0.100, 0.100, 0.100, 0.100, 0.100, 0.100, 0.100, 0.100, 0.100, 0.100, 0.100, 0.100, 0.100, 0.100, 0.100, 0.100, 0.100, 0.100, 0.106, 0.100, 0.100, 0.100, 0.100]
    Layer  6: sigma=[0.100, 0.100, 0.100, 0.100, 0.100, 0.100, 0.100, 0.100, 0.100, 0.100, 0.100, 0.100, 0.100, 0.100, 0.100, 0.100, 0.100, 0.100, 0.100, 0.100, 0.100, 0.100, 0.100, 0.100]
    Layer  7: sigma=[0.100, 0.100, 0.100, 0.100, 0.100, 0.100, 0.100, 0.100, 0.100, 0.100, 0.100, 0.100, 0.100, 0.100, 0.100, 0.100, 0.100, 0.100, 0.100, 0.100, 0.100, 0.100, 0.100, 0.100]
    Layer  8: sigma=[0.100, 0.100, 0.100, 0.100, 0.100, 0.100, 0.100, 0.100, 0.100, 0.100, 0.100, 0.100, 0.100, 0.100, 0.100, 0.100, 0.100, 0.100, 0.100, 0.100, 0.100, 0.100, 0.100, 0.100]
    Layer  9: sigma=[0.100, 0.100, 0.100, 0.100, 0.100, 0.100, 0.100, 0.100, 0.100, 0.100, 0.100, 0.100, 0.100, 0.100, 0.100, 0.100, 0.100, 0.100, 0.100, 0.100, 0.100, 0.100, 0.100, 0.103]
    Layer 10: sigma=[0.100, 0.100, 0.100, 0.100, 0.100, 0.100, 0.100, 0.100, 0.110, 0.100, 0.100, 0.100, 0.125, 0.295, 0.100, 0.100, 0.100, 0.100, 0.100, 0.100, 0.100, 0.100, 0.132, 0.100]
    Layer 11: sigma=[0.100, 0.215, 0.100, 0.100, 0.100, 0.100, 0.100, 0.100, 0.100, 0.100, 0.100, 0.100, 0.100, 0.100, 0.100, 0.100, 0.100, 0.100, 0.100, 0.100, 0.100, 0.100, 0.100, 0.100]
    Layer 12: sigma=[0.100, 0.100, 0.100, 0.100, 0.100, 0.100, 0.100, 0.100, 0.100, 0.100, 0.100, 0.100, 0.100, 0.100, 0.107, 0.100, 0.100, 0.100, 0.100, 0.100, 0.100, 0.100, 0.100, 0.100]
    Layer 13: sigma=[0.100, 0.100, 0.100, 0.100, 0.100, 0.100, 0.100, 0.346, 0.107, 0.100, 0.100, 0.100, 0.100, 0.100, 0.100, 0.100, 0.137, 0.100, 0.100, 0.100, 0.100, 0.100, 0.100, 0.100]
    Layer 14: sigma=[0.100, 0.100, 0.100, 0.100, 0.100, 0.165, 0.100, 0.100, 0.100, 0.100, 0.100, 0.100, 0.100, 0.100, 0.100, 0.100, 0.100, 0.100, 0.100, 0.100, 0.100, 0.100, 0.100, 0.100]
    Layer 15: sigma=[0.100, 0.100, 0.100, 0.100, 0.100, 0.100, 0.100, 0.100, 0.100, 0.158, 0.100, 0.100, 0.100, 0.100, 0.100, 0.100, 0.100, 0.100, 0.100, 0.100, 0.100, 0.100, 0.100, 0.100]
    Layer 16: sigma=[0.100, 0.100, 0.100, 0.100, 0.100, 0.100, 0.100, 0.100, 0.100, 0.100, 0.100, 0.100, 0.100, 0.100, 0.100, 0.100, 0.100, 0.100, 0.100, 0.100, 0.100, 0.100, 0.100, 0.100]
    Layer 17: sigma=[0.100, 0.100, 0.100, 0.100, 0.100, 0.100, 0.100, 0.100, 0.100, 0.100, 0.100, 0.100, 0.100, 0.100, 0.100, 0.100, 0.100, 0.100, 0.100, 0.100, 0.100, 0.100, 0.100, 0.100]
    Layer 18: sigma=[0.100, 0.100, 0.100, 0.100, 0.100, 0.100, 0.100, 0.101, 0.100, 0.100, 0.100, 0.100, 0.100, 0.100, 0.100, 0.100, 0.100, 0.100, 0.100, 0.100, 0.100, 0.100, 0.100, 0.100]
    Layer 19: sigma=[0.100, 0.100, 0.100, 0.100, 0.100, 0.100, 0.100, 0.192, 0.100, 0.100, 0.168, 0.100, 0.100, 0.100, 0.100, 0.100, 0.100, 0.100, 0.100, 0.100, 0.100, 0.100, 0.100, 0.100]
    Layer 20: sigma=[0.100, 0.100, 0.100, 0.100, 0.100, 0.100, 0.100, 0.100, 0.100, 0.100, 0.100, 0.100, 0.100, 0.100, 0.100, 0.100, 0.100, 0.100, 0.100, 0.100, 0.100, 0.100, 0.100, 0.100]
    Layer 21: sigma=[0.100, 0.100, 0.100, 0.100, 0.100, 0.100, 0.100, 0.100, 0.100, 0.100, 0.100, 0.100, 0.100, 0.100, 0.100, 0.100, 0.100, 0.100, 0.100, 0.100, 0.100, 0.100, 0.100, 0.100]
    Layer 22: sigma=[0.100, 0.100, 0.100, 0.100, 0.100, 0.100, 0.100, 0.100, 0.100, 0.100, 0.100, 0.100, 0.100, 0.100, 0.100, 0.100, 0.100, 0.100, 0.100, 0.100, 0.100, 0.100, 0.100, 0.100]
    Layer 24: sigma=[0.100, 0.100, 0.100, 0.100, 0.100, 0.100, 0.100, 0.100, 0.100, 0.260, 0.100, 0.100, 0.100, 0.100, 0.100, 0.100, 0.100, 0.100, 0.100, 0.100, 0.100, 0.100, 0.100, 0.100]
    Layer 25: sigma=[0.100, 0.100, 0.100, 0.100, 0.100, 0.100, 0.100, 0.100, 0.105, 0.100, 0.108, 0.100, 0.100, 0.100, 0.100, 0.100, 0.100, 0.100, 0.100, 0.100, 0.100, 0.100, 0.100, 0.100]
    Layer 26: sigma=[0.100, 0.100, 0.100, 0.100, 0.111, 0.100, 0.100, 0.100, 0.100, 0.100, 0.100, 0.100, 0.211, 0.100, 0.100, 0.100, 0.100, 0.100, 0.339, 0.100, 0.100, 0.100, 0.100, 0.100]
    Layer 27: sigma=[0.285, 0.100, 0.100, 0.100, 0.100, 0.100, 0.100, 0.100, 0.100, 0.100, 0.100, 0.100, 0.100, 0.100, 0.100, 0.100, 0.100, 0.100, 0.213, 0.100, 0.294, 0.100, 0.100, 0.100]

  [Taylor Step 3/3] g_proj = v_proj * alpha (damping=0.01)...
    Layer  0: alpha=0.056427  teacher_rms=0.0170  v_rms=0.0030
    Layer  1: alpha=0.058944  teacher_rms=0.0387  v_rms=0.0066
    Layer  2: alpha=0.015216  teacher_rms=0.0168  v_rms=0.0110
    Layer  3: alpha=0.017317  teacher_rms=0.0218  v_rms=0.0126
    Layer  4: alpha=0.025271  teacher_rms=0.0316  v_rms=0.0125
    Layer  5: alpha=0.034076  teacher_rms=0.0429  v_rms=0.0126
    Layer  6: alpha=0.039001  teacher_rms=0.0529  v_rms=0.0136
    Layer  7: alpha=0.047453  teacher_rms=0.0681  v_rms=0.0143
    Layer  8: alpha=0.052318  teacher_rms=0.0757  v_rms=0.0145
    Layer  9: alpha=0.048162  teacher_rms=0.0774  v_rms=0.0161
    Layer 10: alpha=0.046635  teacher_rms=0.0848  v_rms=0.0182
    Layer 11: alpha=0.049123  teacher_rms=0.0824  v_rms=0.0168
    Layer 12: alpha=0.054332  teacher_rms=0.0896  v_rms=0.0165
    Layer 13: alpha=0.046268  teacher_rms=0.0933  v_rms=0.0202
    Layer 14: alpha=0.050189  teacher_rms=0.0816  v_rms=0.0163
    Layer 15: alpha=0.040958  teacher_rms=0.0673  v_rms=0.0164
    Layer 16: alpha=0.028714  teacher_rms=0.0493  v_rms=0.0172
    Layer 17: alpha=0.024043  teacher_rms=0.0430  v_rms=0.0179
    Layer 18: alpha=0.022959  teacher_rms=0.0427  v_rms=0.0186
    Layer 19: alpha=0.032997  teacher_rms=0.0638  v_rms=0.0193
    Layer 20: alpha=0.022405  teacher_rms=0.0426  v_rms=0.0190
    Layer 21: alpha=0.019452  teacher_rms=0.0411  v_rms=0.0211
    Layer 22: alpha=0.019571  teacher_rms=0.0441  v_rms=0.0226
    Layer 24: alpha=0.027470  teacher_rms=0.0766  v_rms=0.0279
    Layer 25: alpha=0.034077  teacher_rms=0.0859  v_rms=0.0252
    Layer 26: alpha=0.036488  teacher_rms=0.1157  v_rms=0.0317
    Layer 27: alpha=0.043637  teacher_rms=0.1451  v_rms=0.0333

  Set g_proj = v_proj * alpha in 27 GDN layers (damping=0.01).
  Init (taylor_distill) done in 188.3s
  Layer 23: PPL = 622.75  (eval 9.9s)

============================================================
  Probing layer 24 | strategy=taylor_distill
============================================================
Loading checkpoint shards:   0%|          | 0/2 [00:00<?, ?it/s]Loading checkpoint shards: 100%|██████████| 2/2 [00:00<00:00, 120.30it/s]
Loading checkpoint shards:   0%|          | 0/2 [00:00<?, ?it/s]Loading checkpoint shards: 100%|██████████| 2/2 [00:00<00:00, 118.83it/s]
Token indices sequence length is longer than the specified maximum sequence length for this model (2349952 > 131072). Running this sequence through the model will result in indexing errors
  [Taylor Step 1/3] Gate calibration from attention stats...
    Layer  0: dist=[22, 3, 29, 29, 23, 23, 45, 42, 35, 49, 55, 53, 51, 45, 49, 7, 57, 35, 19, 33, 21, 58, 58, 47]
    Layer  1: dist=[37, 40, 77, 52, 50, 57, 33, 74, 40, 65, 64, 71, 45, 43, 50, 25, 28, 66, 58, 48, 61, 52, 50, 57]
    Layer  2: dist=[115, 119, 121, 102, 116, 107, 121, 117, 116, 119, 113, 101, 119, 119, 102, 122, 122, 122, 120, 120, 121, 115, 118, 113]
    Layer  3: dist=[98, 116, 112, 123, 119, 122, 105, 113, 115, 107, 117, 107, 113, 116, 114, 108, 102, 111, 111, 118, 116, 93, 96, 95]
    Layer  4: dist=[98, 112, 120, 98, 97, 92, 99, 95, 108, 107, 104, 113, 86, 106, 111, 97, 120, 105, 99, 102, 101, 118, 122, 109]
    Layer  5: dist=[114, 106, 103, 84, 90, 96, 121, 126, 112, 95, 100, 99, 72, 81, 95, 112, 99, 103, 99, 92, 96, 88, 97, 96]
    Layer  6: dist=[99, 111, 96, 87, 85, 92, 100, 96, 97, 90, 82, 87, 92, 103, 83, 77, 82, 84, 101, 100, 87, 102, 97, 95]
    Layer  7: dist=[85, 72, 99, 68, 88, 85, 65, 71, 79, 78, 96, 85, 94, 82, 84, 85, 83, 94, 88, 83, 81, 82, 87, 79]
    Layer  8: dist=[95, 73, 108, 73, 90, 76, 107, 95, 107, 78, 88, 80, 72, 84, 80, 72, 66, 74, 78, 82, 81, 79, 64, 71]
    Layer  9: dist=[63, 63, 64, 97, 102, 103, 65, 61, 74, 91, 88, 89, 85, 79, 64, 86, 77, 79, 89, 107, 98, 74, 64, 92]
    Layer 10: dist=[78, 77, 81, 94, 97, 98, 78, 72, 70, 83, 70, 101, 61, 52, 66, 85, 89, 75, 62, 65, 67, 112, 99, 87]
    Layer 11: dist=[47, 70, 52, 76, 79, 80, 80, 74, 70, 79, 72, 63, 82, 74, 93, 80, 80, 92, 68, 68, 70, 78, 69, 75]
    Layer 12: dist=[78, 75, 66, 108, 108, 89, 70, 69, 73, 81, 78, 85, 65, 94, 70, 97, 93, 71, 91, 109, 110, 52, 74, 59]
    Layer 13: dist=[84, 82, 84, 83, 80, 77, 28, 53, 47, 67, 62, 86, 84, 112, 92, 71, 100, 81, 86, 92, 84, 89, 99, 88]
    Layer 14: dist=[45, 118, 119, 67, 56, 57, 63, 56, 56, 78, 100, 104, 94, 93, 93, 85, 80, 83, 60, 74, 80, 104, 115, 77]
    Layer 15: dist=[105, 105, 89, 72, 73, 81, 97, 77, 83, 63, 76, 76, 112, 115, 100, 90, 88, 95, 104, 109, 100, 93, 97, 100]
    Layer 16: dist=[124, 98, 120, 121, 97, 122, 90, 91, 87, 103, 122, 97, 120, 115, 106, 102, 107, 103, 95, 80, 87, 93, 116, 120]
    Layer 17: dist=[109, 112, 97, 115, 114, 105, 76, 96, 88, 113, 106, 116, 117, 107, 103, 91, 110, 90, 115, 111, 119, 122, 114, 119]
    Layer 18: dist=[80, 110, 121, 119, 115, 111, 94, 90, 96, 98, 105, 99, 123, 122, 121, 118, 114, 104, 114, 106, 96, 91, 111, 105]
    Layer 19: dist=[104, 76, 85, 92, 90, 95, 91, 49, 98, 94, 101, 98, 115, 84, 121, 115, 107, 110, 105, 94, 104, 114, 118, 117]
    Layer 20: dist=[102, 117, 118, 115, 112, 112, 109, 110, 122, 112, 112, 114, 102, 100, 115, 115, 113, 118, 109, 97, 98, 103, 108, 106]
    Layer 21: dist=[109, 112, 109, 122, 124, 121, 122, 120, 121, 101, 107, 100, 114, 117, 113, 117, 115, 117, 113, 117, 108, 104, 107, 105]
    Layer 22: dist=[119, 103, 111, 119, 118, 119, 123, 124, 122, 116, 119, 118, 111, 102, 84, 113, 95, 103, 117, 121, 117, 115, 123, 117]
    Layer 23: dist=[84, 104, 85, 104, 119, 114, 108, 116, 80, 114, 108, 112, 122, 118, 79, 99, 94, 91, 121, 121, 84, 112, 115, 81]
    Layer 25: dist=[112, 122, 121, 121, 119, 123, 79, 72, 69, 121, 111, 121, 117, 97, 114, 88, 106, 105, 104, 106, 101, 79, 115, 57]
    Layer 26: dist=[79, 93, 64, 108, 104, 123, 102, 71, 109, 106, 100, 108, 75, 47, 69, 105, 98, 95, 35, 72, 59, 111, 108, 102]
    Layer 27: dist=[48, 108, 82, 111, 79, 53, 89, 89, 105, 69, 100, 6, 104, 109, 95, 102, 105, 98, 84, 70, 69, 76, 91, 88]

  [Taylor Step 2/3] OLS sigma per head (scaling V)...
    Layer  0: sigma=[0.143, 0.135, 0.134, 0.100, 0.100, 0.100, 0.100, 0.100, 0.100, 0.100, 0.100, 0.100, 0.100, 0.100, 0.100, 0.100, 0.100, 0.100, 0.100, 0.100, 0.100, 0.102, 0.100, 0.100]
    Layer  1: sigma=[0.100, 0.169, 0.100, 0.100, 0.100, 0.100, 0.100, 0.100, 0.100, 0.100, 0.100, 0.100, 0.100, 0.100, 0.100, 0.100, 0.100, 0.100, 0.100, 0.143, 0.100, 0.100, 0.100, 0.100]
    Layer  2: sigma=[0.100, 0.100, 0.100, 0.100, 0.100, 0.100, 0.100, 0.100, 0.100, 0.100, 0.100, 0.100, 0.100, 0.100, 0.100, 0.100, 0.100, 0.100, 0.100, 0.100, 0.100, 0.100, 0.100, 0.100]
    Layer  3: sigma=[0.100, 0.100, 0.100, 0.100, 0.100, 0.100, 0.100, 0.100, 0.100, 0.100, 0.100, 0.100, 0.100, 0.100, 0.100, 0.100, 0.100, 0.100, 0.100, 0.100, 0.100, 0.100, 0.100, 0.100]
    Layer  4: sigma=[0.100, 0.100, 0.100, 0.100, 0.100, 0.100, 0.100, 0.100, 0.100, 0.100, 0.100, 0.100, 0.100, 0.100, 0.100, 0.100, 0.100, 0.100, 0.100, 0.100, 0.100, 0.100, 0.100, 0.100]
    Layer  5: sigma=[0.100, 0.100, 0.100, 0.100, 0.100, 0.100, 0.100, 0.100, 0.100, 0.100, 0.100, 0.100, 0.100, 0.100, 0.100, 0.100, 0.100, 0.100, 0.100, 0.109, 0.100, 0.100, 0.100, 0.100]
    Layer  6: sigma=[0.100, 0.100, 0.100, 0.100, 0.100, 0.100, 0.100, 0.100, 0.100, 0.100, 0.100, 0.100, 0.100, 0.100, 0.100, 0.100, 0.100, 0.100, 0.100, 0.100, 0.100, 0.100, 0.100, 0.100]
    Layer  7: sigma=[0.100, 0.100, 0.100, 0.100, 0.100, 0.100, 0.100, 0.100, 0.100, 0.100, 0.100, 0.100, 0.100, 0.100, 0.100, 0.100, 0.100, 0.100, 0.100, 0.100, 0.100, 0.100, 0.100, 0.100]
    Layer  8: sigma=[0.100, 0.100, 0.100, 0.100, 0.100, 0.100, 0.100, 0.100, 0.100, 0.100, 0.100, 0.100, 0.100, 0.100, 0.100, 0.100, 0.100, 0.100, 0.100, 0.100, 0.100, 0.100, 0.100, 0.100]
    Layer  9: sigma=[0.100, 0.100, 0.100, 0.100, 0.100, 0.100, 0.100, 0.100, 0.100, 0.100, 0.100, 0.100, 0.100, 0.100, 0.100, 0.100, 0.100, 0.100, 0.100, 0.100, 0.100, 0.100, 0.100, 0.109]
    Layer 10: sigma=[0.100, 0.100, 0.100, 0.100, 0.100, 0.100, 0.100, 0.100, 0.112, 0.100, 0.100, 0.100, 0.119, 0.295, 0.100, 0.100, 0.100, 0.100, 0.100, 0.100, 0.100, 0.100, 0.136, 0.100]
    Layer 11: sigma=[0.100, 0.199, 0.100, 0.100, 0.100, 0.100, 0.100, 0.100, 0.100, 0.100, 0.100, 0.100, 0.100, 0.100, 0.100, 0.100, 0.100, 0.100, 0.100, 0.100, 0.100, 0.100, 0.100, 0.100]
    Layer 12: sigma=[0.100, 0.100, 0.100, 0.100, 0.100, 0.100, 0.100, 0.100, 0.100, 0.100, 0.100, 0.100, 0.100, 0.100, 0.106, 0.100, 0.100, 0.100, 0.100, 0.100, 0.100, 0.100, 0.100, 0.100]
    Layer 13: sigma=[0.100, 0.100, 0.100, 0.100, 0.100, 0.100, 0.100, 0.349, 0.115, 0.100, 0.100, 0.100, 0.100, 0.100, 0.100, 0.100, 0.136, 0.100, 0.100, 0.100, 0.100, 0.100, 0.100, 0.100]
    Layer 14: sigma=[0.100, 0.100, 0.100, 0.100, 0.100, 0.183, 0.100, 0.100, 0.100, 0.100, 0.100, 0.100, 0.100, 0.100, 0.100, 0.100, 0.100, 0.100, 0.100, 0.100, 0.100, 0.100, 0.100, 0.100]
    Layer 15: sigma=[0.100, 0.100, 0.100, 0.100, 0.100, 0.100, 0.100, 0.100, 0.100, 0.160, 0.100, 0.100, 0.100, 0.100, 0.100, 0.100, 0.100, 0.100, 0.100, 0.100, 0.100, 0.100, 0.100, 0.100]
    Layer 16: sigma=[0.100, 0.100, 0.100, 0.100, 0.100, 0.100, 0.100, 0.100, 0.100, 0.100, 0.100, 0.100, 0.100, 0.100, 0.100, 0.100, 0.100, 0.100, 0.100, 0.100, 0.100, 0.100, 0.100, 0.100]
    Layer 17: sigma=[0.100, 0.100, 0.100, 0.100, 0.100, 0.100, 0.100, 0.100, 0.100, 0.100, 0.100, 0.100, 0.100, 0.100, 0.100, 0.100, 0.100, 0.100, 0.100, 0.100, 0.100, 0.100, 0.100, 0.100]
    Layer 18: sigma=[0.100, 0.100, 0.100, 0.100, 0.100, 0.100, 0.100, 0.100, 0.100, 0.100, 0.100, 0.100, 0.100, 0.100, 0.100, 0.100, 0.100, 0.100, 0.100, 0.100, 0.100, 0.100, 0.100, 0.100]
    Layer 19: sigma=[0.100, 0.100, 0.100, 0.100, 0.100, 0.100, 0.100, 0.213, 0.100, 0.100, 0.155, 0.100, 0.100, 0.100, 0.100, 0.100, 0.100, 0.100, 0.100, 0.100, 0.100, 0.100, 0.100, 0.100]
    Layer 20: sigma=[0.100, 0.100, 0.100, 0.100, 0.100, 0.100, 0.100, 0.100, 0.100, 0.100, 0.100, 0.100, 0.100, 0.100, 0.100, 0.100, 0.100, 0.100, 0.100, 0.100, 0.100, 0.100, 0.100, 0.100]
    Layer 21: sigma=[0.100, 0.100, 0.100, 0.100, 0.100, 0.100, 0.100, 0.100, 0.100, 0.100, 0.100, 0.100, 0.100, 0.100, 0.100, 0.100, 0.100, 0.100, 0.100, 0.100, 0.100, 0.100, 0.100, 0.100]
    Layer 22: sigma=[0.100, 0.100, 0.100, 0.100, 0.100, 0.100, 0.100, 0.100, 0.100, 0.100, 0.100, 0.100, 0.100, 0.100, 0.100, 0.100, 0.100, 0.100, 0.100, 0.100, 0.100, 0.100, 0.100, 0.100]
    Layer 23: sigma=[0.100, 0.100, 0.100, 0.105, 0.100, 0.100, 0.100, 0.100, 0.100, 0.100, 0.100, 0.100, 0.100, 0.100, 0.100, 0.100, 0.100, 0.100, 0.100, 0.100, 0.196, 0.100, 0.100, 0.100]
    Layer 25: sigma=[0.100, 0.100, 0.100, 0.100, 0.100, 0.100, 0.100, 0.100, 0.100, 0.100, 0.108, 0.100, 0.100, 0.122, 0.100, 0.100, 0.100, 0.100, 0.100, 0.100, 0.100, 0.100, 0.100, 0.100]
    Layer 26: sigma=[0.100, 0.100, 0.100, 0.100, 0.114, 0.100, 0.100, 0.100, 0.100, 0.100, 0.100, 0.100, 0.108, 0.100, 0.100, 0.100, 0.100, 0.100, 0.270, 0.100, 0.100, 0.100, 0.100, 0.100]
    Layer 27: sigma=[0.319, 0.100, 0.100, 0.100, 0.100, 0.100, 0.100, 0.100, 0.100, 0.100, 0.100, 0.100, 0.100, 0.100, 0.100, 0.100, 0.100, 0.100, 0.286, 0.100, 0.245, 0.100, 0.100, 0.100]

  [Taylor Step 3/3] g_proj = v_proj * alpha (damping=0.01)...
    Layer  0: alpha=0.056682  teacher_rms=0.0170  v_rms=0.0030
    Layer  1: alpha=0.058404  teacher_rms=0.0387  v_rms=0.0066
    Layer  2: alpha=0.015216  teacher_rms=0.0168  v_rms=0.0110
    Layer  3: alpha=0.017317  teacher_rms=0.0218  v_rms=0.0126
    Layer  4: alpha=0.025271  teacher_rms=0.0316  v_rms=0.0125
    Layer  5: alpha=0.034042  teacher_rms=0.0429  v_rms=0.0126
    Layer  6: alpha=0.039001  teacher_rms=0.0529  v_rms=0.0136
    Layer  7: alpha=0.047453  teacher_rms=0.0681  v_rms=0.0143
    Layer  8: alpha=0.052318  teacher_rms=0.0757  v_rms=0.0145
    Layer  9: alpha=0.048023  teacher_rms=0.0774  v_rms=0.0161
    Layer 10: alpha=0.046595  teacher_rms=0.0848  v_rms=0.0182
    Layer 11: alpha=0.049618  teacher_rms=0.0824  v_rms=0.0166
    Layer 12: alpha=0.054350  teacher_rms=0.0896  v_rms=0.0165
    Layer 13: alpha=0.046003  teacher_rms=0.0933  v_rms=0.0203
    Layer 14: alpha=0.049686  teacher_rms=0.0816  v_rms=0.0164
    Layer 15: alpha=0.040920  teacher_rms=0.0673  v_rms=0.0164
    Layer 16: alpha=0.028714  teacher_rms=0.0493  v_rms=0.0172
    Layer 17: alpha=0.024043  teacher_rms=0.0430  v_rms=0.0179
    Layer 18: alpha=0.022965  teacher_rms=0.0427  v_rms=0.0186
    Layer 19: alpha=0.032735  teacher_rms=0.0638  v_rms=0.0195
    Layer 20: alpha=0.022405  teacher_rms=0.0426  v_rms=0.0190
    Layer 21: alpha=0.019452  teacher_rms=0.0411  v_rms=0.0211
    Layer 22: alpha=0.019571  teacher_rms=0.0441  v_rms=0.0226
    Layer 23: alpha=0.032665  teacher_rms=0.0659  v_rms=0.0202
    Layer 25: alpha=0.033704  teacher_rms=0.0859  v_rms=0.0255
    Layer 26: alpha=0.039666  teacher_rms=0.1157  v_rms=0.0292
    Layer 27: alpha=0.042114  teacher_rms=0.1451  v_rms=0.0345

  Set g_proj = v_proj * alpha in 27 GDN layers (damping=0.01).
  Init (taylor_distill) done in 185.6s
  Layer 24: PPL = 651.68  (eval 9.7s)

============================================================
  Probing layer 25 | strategy=taylor_distill
============================================================
Loading checkpoint shards:   0%|          | 0/2 [00:00<?, ?it/s]Loading checkpoint shards: 100%|██████████| 2/2 [00:00<00:00, 124.90it/s]
Loading checkpoint shards:   0%|          | 0/2 [00:00<?, ?it/s]Loading checkpoint shards: 100%|██████████| 2/2 [00:00<00:00, 121.99it/s]
Token indices sequence length is longer than the specified maximum sequence length for this model (2349952 > 131072). Running this sequence through the model will result in indexing errors
  [Taylor Step 1/3] Gate calibration from attention stats...
    Layer  0: dist=[22, 3, 29, 29, 23, 23, 45, 42, 35, 49, 55, 53, 51, 45, 49, 7, 57, 35, 19, 33, 21, 58, 58, 47]
    Layer  1: dist=[37, 40, 77, 52, 50, 57, 33, 74, 40, 65, 64, 71, 45, 43, 50, 25, 28, 66, 58, 48, 61, 52, 50, 57]
    Layer  2: dist=[115, 119, 121, 102, 116, 107, 121, 117, 116, 119, 113, 101, 119, 119, 102, 122, 122, 122, 120, 120, 121, 115, 118, 113]
    Layer  3: dist=[98, 116, 112, 123, 119, 122, 105, 113, 115, 107, 117, 107, 113, 116, 114, 108, 102, 111, 111, 118, 116, 93, 96, 95]
    Layer  4: dist=[98, 112, 120, 98, 97, 92, 99, 95, 108, 107, 104, 113, 86, 106, 111, 97, 120, 105, 99, 102, 101, 118, 122, 109]
    Layer  5: dist=[114, 106, 103, 84, 90, 96, 121, 126, 112, 95, 100, 99, 72, 81, 95, 112, 99, 103, 99, 92, 96, 88, 97, 96]
    Layer  6: dist=[99, 111, 96, 87, 85, 92, 100, 96, 97, 90, 82, 87, 92, 103, 83, 77, 82, 84, 101, 100, 87, 102, 97, 95]
    Layer  7: dist=[85, 72, 99, 68, 88, 85, 65, 71, 79, 78, 96, 85, 94, 82, 84, 85, 83, 94, 88, 83, 81, 82, 87, 79]
    Layer  8: dist=[95, 73, 108, 73, 90, 76, 107, 95, 107, 78, 88, 80, 72, 84, 80, 72, 66, 74, 78, 82, 81, 79, 64, 71]
    Layer  9: dist=[63, 63, 64, 97, 102, 103, 65, 61, 74, 91, 88, 89, 85, 79, 64, 86, 77, 79, 89, 107, 98, 74, 64, 92]
    Layer 10: dist=[78, 77, 81, 94, 97, 98, 78, 72, 70, 83, 70, 101, 61, 52, 66, 85, 89, 75, 62, 65, 67, 112, 99, 87]
    Layer 11: dist=[47, 70, 52, 76, 79, 80, 80, 74, 70, 79, 72, 63, 82, 74, 93, 80, 80, 92, 68, 68, 70, 78, 69, 75]
    Layer 12: dist=[78, 75, 66, 108, 108, 89, 70, 69, 73, 81, 78, 85, 65, 94, 70, 97, 93, 71, 91, 109, 110, 52, 74, 59]
    Layer 13: dist=[84, 82, 84, 83, 80, 77, 28, 53, 47, 67, 62, 86, 84, 112, 92, 71, 100, 81, 86, 92, 84, 89, 99, 88]
    Layer 14: dist=[45, 118, 119, 67, 56, 57, 63, 56, 56, 78, 100, 104, 94, 93, 93, 85, 80, 83, 60, 74, 80, 104, 115, 77]
    Layer 15: dist=[105, 105, 89, 72, 73, 81, 97, 77, 83, 63, 76, 76, 112, 115, 100, 90, 88, 95, 104, 109, 100, 93, 97, 100]
    Layer 16: dist=[124, 98, 120, 121, 97, 122, 90, 91, 87, 103, 122, 97, 120, 115, 106, 102, 107, 103, 95, 80, 87, 93, 116, 120]
    Layer 17: dist=[109, 112, 97, 115, 114, 105, 76, 96, 88, 113, 106, 116, 117, 107, 103, 91, 110, 90, 115, 111, 119, 122, 114, 119]
    Layer 18: dist=[80, 110, 121, 119, 115, 111, 94, 90, 96, 98, 105, 99, 123, 122, 121, 118, 114, 104, 114, 106, 96, 91, 111, 105]
    Layer 19: dist=[104, 76, 85, 92, 90, 95, 91, 49, 98, 94, 101, 98, 115, 84, 121, 115, 107, 110, 105, 94, 104, 114, 118, 117]
    Layer 20: dist=[102, 117, 118, 115, 112, 112, 109, 110, 122, 112, 112, 114, 102, 100, 115, 115, 113, 118, 109, 97, 98, 103, 108, 106]
    Layer 21: dist=[109, 112, 109, 122, 124, 121, 122, 120, 121, 101, 107, 100, 114, 117, 113, 117, 115, 117, 113, 117, 108, 104, 107, 105]
    Layer 22: dist=[119, 103, 111, 119, 118, 119, 123, 124, 122, 116, 119, 118, 111, 102, 84, 113, 95, 103, 117, 121, 117, 115, 123, 117]
    Layer 23: dist=[84, 104, 85, 104, 119, 114, 108, 116, 80, 114, 108, 112, 122, 118, 79, 99, 94, 91, 121, 121, 84, 112, 115, 81]
    Layer 24: dist=[118, 114, 116, 109, 113, 110, 93, 106, 87, 100, 69, 99, 80, 107, 119, 111, 105, 110, 121, 119, 123, 98, 104, 112]
    Layer 26: dist=[79, 93, 64, 108, 104, 123, 102, 71, 109, 106, 100, 108, 75, 47, 69, 105, 98, 95, 35, 72, 59, 111, 108, 102]
    Layer 27: dist=[48, 108, 82, 111, 79, 53, 89, 89, 105, 69, 100, 6, 104, 109, 95, 102, 105, 98, 84, 70, 69, 76, 91, 88]

  [Taylor Step 2/3] OLS sigma per head (scaling V)...
    Layer  0: sigma=[0.143, 0.127, 0.137, 0.100, 0.100, 0.100, 0.100, 0.100, 0.100, 0.100, 0.100, 0.100, 0.100, 0.100, 0.100, 0.100, 0.100, 0.100, 0.100, 0.100, 0.100, 0.104, 0.100, 0.100]
    Layer  1: sigma=[0.100, 0.169, 0.100, 0.100, 0.100, 0.100, 0.100, 0.100, 0.100, 0.100, 0.100, 0.100, 0.100, 0.100, 0.100, 0.100, 0.100, 0.100, 0.100, 0.146, 0.100, 0.100, 0.100, 0.100]
    Layer  2: sigma=[0.100, 0.100, 0.100, 0.100, 0.100, 0.100, 0.100, 0.100, 0.100, 0.100, 0.100, 0.100, 0.100, 0.100, 0.100, 0.100, 0.100, 0.100, 0.100, 0.100, 0.100, 0.100, 0.100, 0.100]
    Layer  3: sigma=[0.100, 0.100, 0.100, 0.100, 0.100, 0.100, 0.100, 0.100, 0.100, 0.100, 0.100, 0.100, 0.100, 0.100, 0.100, 0.100, 0.100, 0.100, 0.100, 0.100, 0.100, 0.100, 0.100, 0.100]
    Layer  4: sigma=[0.100, 0.100, 0.100, 0.100, 0.100, 0.100, 0.100, 0.100, 0.100, 0.100, 0.100, 0.100, 0.100, 0.100, 0.100, 0.100, 0.100, 0.100, 0.100, 0.100, 0.100, 0.100, 0.100, 0.100]
    Layer  5: sigma=[0.100, 0.100, 0.100, 0.100, 0.100, 0.100, 0.100, 0.100, 0.100, 0.100, 0.100, 0.100, 0.100, 0.100, 0.100, 0.100, 0.100, 0.100, 0.100, 0.106, 0.100, 0.100, 0.100, 0.100]
    Layer  6: sigma=[0.100, 0.100, 0.100, 0.100, 0.100, 0.100, 0.100, 0.100, 0.100, 0.100, 0.100, 0.100, 0.100, 0.100, 0.100, 0.100, 0.100, 0.100, 0.100, 0.100, 0.100, 0.100, 0.100, 0.100]
    Layer  7: sigma=[0.100, 0.100, 0.100, 0.100, 0.100, 0.100, 0.100, 0.100, 0.100, 0.100, 0.100, 0.100, 0.100, 0.100, 0.100, 0.100, 0.100, 0.100, 0.100, 0.100, 0.100, 0.100, 0.100, 0.100]
    Layer  8: sigma=[0.100, 0.100, 0.100, 0.100, 0.100, 0.100, 0.100, 0.100, 0.100, 0.100, 0.100, 0.100, 0.100, 0.100, 0.100, 0.100, 0.100, 0.100, 0.100, 0.100, 0.100, 0.100, 0.100, 0.100]
    Layer  9: sigma=[0.100, 0.100, 0.100, 0.100, 0.100, 0.100, 0.100, 0.100, 0.100, 0.100, 0.100, 0.100, 0.100, 0.100, 0.100, 0.100, 0.100, 0.100, 0.100, 0.100, 0.100, 0.100, 0.100, 0.107]
    Layer 10: sigma=[0.100, 0.100, 0.100, 0.100, 0.100, 0.100, 0.100, 0.100, 0.112, 0.100, 0.100, 0.100, 0.129, 0.291, 0.100, 0.100, 0.100, 0.100, 0.100, 0.100, 0.100, 0.100, 0.134, 0.100]
    Layer 11: sigma=[0.100, 0.190, 0.100, 0.100, 0.100, 0.100, 0.100, 0.100, 0.100, 0.100, 0.100, 0.100, 0.100, 0.100, 0.100, 0.100, 0.100, 0.100, 0.100, 0.100, 0.100, 0.100, 0.100, 0.100]
    Layer 12: sigma=[0.100, 0.100, 0.100, 0.100, 0.100, 0.100, 0.100, 0.100, 0.100, 0.100, 0.100, 0.100, 0.100, 0.100, 0.113, 0.100, 0.100, 0.100, 0.100, 0.100, 0.100, 0.100, 0.100, 0.100]
    Layer 13: sigma=[0.100, 0.100, 0.100, 0.100, 0.100, 0.100, 0.100, 0.329, 0.100, 0.100, 0.100, 0.100, 0.100, 0.100, 0.100, 0.100, 0.131, 0.100, 0.100, 0.100, 0.100, 0.100, 0.100, 0.100]
    Layer 14: sigma=[0.100, 0.100, 0.100, 0.100, 0.100, 0.179, 0.100, 0.100, 0.100, 0.100, 0.100, 0.100, 0.100, 0.100, 0.100, 0.100, 0.100, 0.100, 0.100, 0.100, 0.100, 0.100, 0.100, 0.100]
    Layer 15: sigma=[0.100, 0.100, 0.100, 0.100, 0.100, 0.100, 0.100, 0.100, 0.100, 0.156, 0.100, 0.100, 0.100, 0.100, 0.100, 0.100, 0.100, 0.100, 0.100, 0.100, 0.100, 0.100, 0.100, 0.100]
    Layer 16: sigma=[0.100, 0.100, 0.100, 0.100, 0.100, 0.100, 0.100, 0.100, 0.100, 0.100, 0.100, 0.100, 0.100, 0.100, 0.100, 0.100, 0.100, 0.100, 0.100, 0.100, 0.100, 0.100, 0.100, 0.100]
    Layer 17: sigma=[0.100, 0.100, 0.100, 0.100, 0.100, 0.100, 0.100, 0.100, 0.100, 0.100, 0.100, 0.100, 0.100, 0.100, 0.100, 0.100, 0.100, 0.100, 0.100, 0.100, 0.100, 0.100, 0.100, 0.100]
    Layer 18: sigma=[0.100, 0.100, 0.100, 0.100, 0.100, 0.100, 0.100, 0.100, 0.100, 0.100, 0.100, 0.100, 0.100, 0.100, 0.100, 0.100, 0.100, 0.100, 0.100, 0.100, 0.100, 0.100, 0.100, 0.100]
    Layer 19: sigma=[0.100, 0.100, 0.100, 0.100, 0.100, 0.100, 0.100, 0.216, 0.100, 0.100, 0.155, 0.100, 0.100, 0.100, 0.100, 0.100, 0.100, 0.100, 0.100, 0.100, 0.100, 0.100, 0.100, 0.100]
    Layer 20: sigma=[0.100, 0.100, 0.100, 0.100, 0.100, 0.100, 0.100, 0.100, 0.100, 0.100, 0.100, 0.100, 0.100, 0.100, 0.100, 0.100, 0.100, 0.100, 0.100, 0.100, 0.100, 0.100, 0.100, 0.100]
    Layer 21: sigma=[0.100, 0.100, 0.100, 0.100, 0.100, 0.100, 0.100, 0.100, 0.100, 0.100, 0.100, 0.100, 0.100, 0.100, 0.100, 0.100, 0.100, 0.100, 0.100, 0.100, 0.100, 0.100, 0.100, 0.100]
    Layer 22: sigma=[0.100, 0.100, 0.100, 0.100, 0.100, 0.100, 0.100, 0.100, 0.100, 0.100, 0.100, 0.100, 0.100, 0.100, 0.100, 0.100, 0.100, 0.100, 0.100, 0.100, 0.100, 0.100, 0.100, 0.100]
    Layer 23: sigma=[0.100, 0.100, 0.100, 0.107, 0.100, 0.100, 0.100, 0.100, 0.100, 0.100, 0.100, 0.100, 0.100, 0.100, 0.100, 0.100, 0.100, 0.100, 0.100, 0.100, 0.192, 0.100, 0.100, 0.100]
    Layer 24: sigma=[0.100, 0.100, 0.100, 0.100, 0.100, 0.100, 0.100, 0.100, 0.100, 0.255, 0.100, 0.100, 0.100, 0.100, 0.100, 0.100, 0.100, 0.100, 0.100, 0.100, 0.100, 0.100, 0.100, 0.100]
    Layer 26: sigma=[0.100, 0.100, 0.100, 0.100, 0.109, 0.100, 0.100, 0.100, 0.100, 0.100, 0.100, 0.100, 0.141, 0.100, 0.100, 0.100, 0.100, 0.100, 0.270, 0.100, 0.100, 0.100, 0.100, 0.100]
    Layer 27: sigma=[0.278, 0.100, 0.100, 0.100, 0.100, 0.100, 0.100, 0.100, 0.100, 0.100, 0.100, 0.100, 0.100, 0.100, 0.100, 0.100, 0.100, 0.100, 0.221, 0.100, 0.275, 0.100, 0.100, 0.100]

  [Taylor Step 3/3] g_proj = v_proj * alpha (damping=0.01)...
    Layer  0: alpha=0.056654  teacher_rms=0.0170  v_rms=0.0030
    Layer  1: alpha=0.058276  teacher_rms=0.0387  v_rms=0.0066
    Layer  2: alpha=0.015216  teacher_rms=0.0168  v_rms=0.0110
    Layer  3: alpha=0.017317  teacher_rms=0.0218  v_rms=0.0126
    Layer  4: alpha=0.025271  teacher_rms=0.0316  v_rms=0.0125
    Layer  5: alpha=0.034081  teacher_rms=0.0429  v_rms=0.0126
    Layer  6: alpha=0.039001  teacher_rms=0.0529  v_rms=0.0136
    Layer  7: alpha=0.047453  teacher_rms=0.0681  v_rms=0.0143
    Layer  8: alpha=0.052318  teacher_rms=0.0757  v_rms=0.0145
    Layer  9: alpha=0.048076  teacher_rms=0.0774  v_rms=0.0161
    Layer 10: alpha=0.046654  teacher_rms=0.0848  v_rms=0.0182
    Layer 11: alpha=0.049906  teacher_rms=0.0824  v_rms=0.0165
    Layer 12: alpha=0.054170  teacher_rms=0.0896  v_rms=0.0165
    Layer 13: alpha=0.047272  teacher_rms=0.0933  v_rms=0.0197
    Layer 14: alpha=0.049813  teacher_rms=0.0816  v_rms=0.0164
    Layer 15: alpha=0.041028  teacher_rms=0.0673  v_rms=0.0164
    Layer 16: alpha=0.028714  teacher_rms=0.0493  v_rms=0.0172
    Layer 17: alpha=0.024043  teacher_rms=0.0430  v_rms=0.0179
    Layer 18: alpha=0.022965  teacher_rms=0.0427  v_rms=0.0186
    Layer 19: alpha=0.032674  teacher_rms=0.0638  v_rms=0.0195
    Layer 20: alpha=0.022405  teacher_rms=0.0426  v_rms=0.0190
    Layer 21: alpha=0.019452  teacher_rms=0.0411  v_rms=0.0211
    Layer 22: alpha=0.019571  teacher_rms=0.0441  v_rms=0.0226
    Layer 23: alpha=0.032703  teacher_rms=0.0659  v_rms=0.0201
    Layer 24: alpha=0.027564  teacher_rms=0.0766  v_rms=0.0278
    Layer 26: alpha=0.039404  teacher_rms=0.1157  v_rms=0.0294
    Layer 27: alpha=0.044218  teacher_rms=0.1451  v_rms=0.0328

  Set g_proj = v_proj * alpha in 27 GDN layers (damping=0.01).
  Init (taylor_distill) done in 196.6s
  Layer 25: PPL = 659.75  (eval 11.1s)

============================================================
  Probing layer 26 | strategy=taylor_distill
============================================================
Loading checkpoint shards:   0%|          | 0/2 [00:00<?, ?it/s]Loading checkpoint shards: 100%|██████████| 2/2 [00:00<00:00, 35.90it/s]
Loading checkpoint shards:   0%|          | 0/2 [00:00<?, ?it/s]Loading checkpoint shards: 100%|██████████| 2/2 [00:00<00:00, 33.12it/s]
Token indices sequence length is longer than the specified maximum sequence length for this model (2349952 > 131072). Running this sequence through the model will result in indexing errors
  [Taylor Step 1/3] Gate calibration from attention stats...
    Layer  0: dist=[22, 3, 29, 29, 23, 23, 45, 42, 35, 49, 55, 53, 51, 45, 49, 7, 57, 35, 19, 33, 21, 58, 58, 47]
    Layer  1: dist=[37, 40, 77, 52, 50, 57, 33, 74, 40, 65, 64, 71, 45, 43, 50, 25, 28, 66, 58, 48, 61, 52, 50, 57]
    Layer  2: dist=[115, 119, 121, 102, 116, 107, 121, 117, 116, 119, 113, 101, 119, 119, 102, 122, 122, 122, 120, 120, 121, 115, 118, 113]
    Layer  3: dist=[98, 116, 112, 123, 119, 122, 105, 113, 115, 107, 117, 107, 113, 116, 114, 108, 102, 111, 111, 118, 116, 93, 96, 95]
    Layer  4: dist=[98, 112, 120, 98, 97, 92, 99, 95, 108, 107, 104, 113, 86, 106, 111, 97, 120, 105, 99, 102, 101, 118, 122, 109]
    Layer  5: dist=[114, 106, 103, 84, 90, 96, 121, 126, 112, 95, 100, 99, 72, 81, 95, 112, 99, 103, 99, 92, 96, 88, 97, 96]
    Layer  6: dist=[99, 111, 96, 87, 85, 92, 100, 96, 97, 90, 82, 87, 92, 103, 83, 77, 82, 84, 101, 100, 87, 102, 97, 95]
    Layer  7: dist=[85, 72, 99, 68, 88, 85, 65, 71, 79, 78, 96, 85, 94, 82, 84, 85, 83, 94, 88, 83, 81, 82, 87, 79]
    Layer  8: dist=[95, 73, 108, 73, 90, 76, 107, 95, 107, 78, 88, 80, 72, 84, 80, 72, 66, 74, 78, 82, 81, 79, 64, 71]
    Layer  9: dist=[63, 63, 64, 97, 102, 103, 65, 61, 74, 91, 88, 89, 85, 79, 64, 86, 77, 79, 89, 107, 98, 74, 64, 92]
    Layer 10: dist=[78, 77, 81, 94, 97, 98, 78, 72, 70, 83, 70, 101, 61, 52, 66, 85, 89, 75, 62, 65, 67, 112, 99, 87]
    Layer 11: dist=[47, 70, 52, 76, 79, 80, 80, 74, 70, 79, 72, 63, 82, 74, 93, 80, 80, 92, 68, 68, 70, 78, 69, 75]
    Layer 12: dist=[78, 75, 66, 108, 108, 89, 70, 69, 73, 81, 78, 85, 65, 94, 70, 97, 93, 71, 91, 109, 110, 52, 74, 59]
    Layer 13: dist=[84, 82, 84, 83, 80, 77, 28, 53, 47, 67, 62, 86, 84, 112, 92, 71, 100, 81, 86, 92, 84, 89, 99, 88]
    Layer 14: dist=[45, 118, 119, 67, 56, 57, 63, 56, 56, 78, 100, 104, 94, 93, 93, 85, 80, 83, 60, 74, 80, 104, 115, 77]
    Layer 15: dist=[105, 105, 89, 72, 73, 81, 97, 77, 83, 63, 76, 76, 112, 115, 100, 90, 88, 95, 104, 109, 100, 93, 97, 100]
    Layer 16: dist=[124, 98, 120, 121, 97, 122, 90, 91, 87, 103, 122, 97, 120, 115, 106, 102, 107, 103, 95, 80, 87, 93, 116, 120]
    Layer 17: dist=[109, 112, 97, 115, 114, 105, 76, 96, 88, 113, 106, 116, 117, 107, 103, 91, 110, 90, 115, 111, 119, 122, 114, 119]
    Layer 18: dist=[80, 110, 121, 119, 115, 111, 94, 90, 96, 98, 105, 99, 123, 122, 121, 118, 114, 104, 114, 106, 96, 91, 111, 105]
    Layer 19: dist=[104, 76, 85, 92, 90, 95, 91, 49, 98, 94, 101, 98, 115, 84, 121, 115, 107, 110, 105, 94, 104, 114, 118, 117]
    Layer 20: dist=[102, 117, 118, 115, 112, 112, 109, 110, 122, 112, 112, 114, 102, 100, 115, 115, 113, 118, 109, 97, 98, 103, 108, 106]
    Layer 21: dist=[109, 112, 109, 122, 124, 121, 122, 120, 121, 101, 107, 100, 114, 117, 113, 117, 115, 117, 113, 117, 108, 104, 107, 105]
    Layer 22: dist=[119, 103, 111, 119, 118, 119, 123, 124, 122, 116, 119, 118, 111, 102, 84, 113, 95, 103, 117, 121, 117, 115, 123, 117]
    Layer 23: dist=[84, 104, 85, 104, 119, 114, 108, 116, 80, 114, 108, 112, 122, 118, 79, 99, 94, 91, 121, 121, 84, 112, 115, 81]
    Layer 24: dist=[118, 114, 116, 109, 113, 110, 93, 106, 87, 100, 69, 99, 80, 107, 119, 111, 105, 110, 121, 119, 123, 98, 104, 112]
    Layer 25: dist=[112, 122, 121, 121, 119, 123, 79, 72, 69, 121, 111, 121, 117, 97, 114, 88, 106, 105, 104, 106, 101, 79, 115, 57]
    Layer 27: dist=[48, 108, 82, 111, 79, 53, 89, 89, 105, 69, 100, 6, 104, 109, 95, 102, 105, 98, 84, 70, 69, 76, 91, 88]

  [Taylor Step 2/3] OLS sigma per head (scaling V)...
    Layer  0: sigma=[0.141, 0.145, 0.136, 0.100, 0.100, 0.100, 0.100, 0.100, 0.100, 0.100, 0.100, 0.100, 0.100, 0.100, 0.100, 0.100, 0.100, 0.100, 0.100, 0.100, 0.100, 0.109, 0.100, 0.100]
    Layer  1: sigma=[0.100, 0.156, 0.100, 0.100, 0.100, 0.100, 0.100, 0.100, 0.100, 0.100, 0.100, 0.100, 0.100, 0.100, 0.100, 0.100, 0.100, 0.100, 0.100, 0.158, 0.100, 0.100, 0.100, 0.100]
    Layer  2: sigma=[0.100, 0.100, 0.100, 0.100, 0.100, 0.100, 0.100, 0.100, 0.100, 0.100, 0.100, 0.100, 0.100, 0.100, 0.100, 0.100, 0.100, 0.100, 0.100, 0.100, 0.100, 0.100, 0.100, 0.100]
    Layer  3: sigma=[0.100, 0.100, 0.100, 0.100, 0.100, 0.100, 0.100, 0.100, 0.100, 0.100, 0.100, 0.100, 0.100, 0.100, 0.100, 0.100, 0.100, 0.100, 0.100, 0.100, 0.100, 0.100, 0.100, 0.100]
    Layer  4: sigma=[0.100, 0.100, 0.100, 0.100, 0.100, 0.100, 0.100, 0.100, 0.100, 0.100, 0.100, 0.100, 0.100, 0.100, 0.100, 0.100, 0.100, 0.100, 0.100, 0.100, 0.100, 0.100, 0.100, 0.100]
    Layer  5: sigma=[0.100, 0.100, 0.100, 0.100, 0.100, 0.100, 0.100, 0.100, 0.100, 0.100, 0.100, 0.100, 0.100, 0.100, 0.100, 0.100, 0.100, 0.100, 0.100, 0.107, 0.100, 0.100, 0.100, 0.100]
    Layer  6: sigma=[0.100, 0.100, 0.100, 0.100, 0.100, 0.100, 0.100, 0.100, 0.100, 0.100, 0.100, 0.100, 0.100, 0.100, 0.100, 0.100, 0.100, 0.100, 0.100, 0.100, 0.100, 0.100, 0.100, 0.100]
    Layer  7: sigma=[0.100, 0.100, 0.100, 0.100, 0.100, 0.100, 0.100, 0.100, 0.100, 0.100, 0.100, 0.100, 0.100, 0.100, 0.100, 0.100, 0.100, 0.100, 0.100, 0.100, 0.100, 0.100, 0.100, 0.100]
    Layer  8: sigma=[0.100, 0.100, 0.100, 0.100, 0.100, 0.100, 0.100, 0.100, 0.100, 0.100, 0.100, 0.100, 0.100, 0.100, 0.100, 0.100, 0.100, 0.100, 0.100, 0.100, 0.100, 0.100, 0.100, 0.100]
    Layer  9: sigma=[0.100, 0.100, 0.100, 0.100, 0.100, 0.100, 0.100, 0.100, 0.100, 0.100, 0.100, 0.100, 0.100, 0.100, 0.100, 0.100, 0.100, 0.100, 0.100, 0.100, 0.100, 0.100, 0.100, 0.101]
    Layer 10: sigma=[0.100, 0.100, 0.100, 0.100, 0.100, 0.100, 0.100, 0.100, 0.111, 0.100, 0.100, 0.100, 0.126, 0.289, 0.100, 0.100, 0.100, 0.100, 0.100, 0.100, 0.100, 0.100, 0.135, 0.100]
    Layer 11: sigma=[0.100, 0.163, 0.100, 0.100, 0.100, 0.100, 0.100, 0.100, 0.100, 0.100, 0.100, 0.100, 0.100, 0.100, 0.100, 0.100, 0.100, 0.100, 0.100, 0.100, 0.100, 0.100, 0.100, 0.100]
    Layer 12: sigma=[0.100, 0.100, 0.100, 0.100, 0.100, 0.100, 0.100, 0.100, 0.100, 0.100, 0.100, 0.100, 0.100, 0.100, 0.108, 0.100, 0.100, 0.100, 0.100, 0.100, 0.100, 0.100, 0.100, 0.100]
    Layer 13: sigma=[0.100, 0.100, 0.100, 0.100, 0.100, 0.100, 0.100, 0.364, 0.104, 0.100, 0.100, 0.100, 0.100, 0.100, 0.100, 0.100, 0.137, 0.100, 0.100, 0.100, 0.100, 0.100, 0.100, 0.100]
    Layer 14: sigma=[0.100, 0.100, 0.100, 0.100, 0.100, 0.201, 0.100, 0.100, 0.100, 0.100, 0.100, 0.100, 0.100, 0.100, 0.100, 0.100, 0.100, 0.100, 0.100, 0.100, 0.100, 0.100, 0.100, 0.100]
    Layer 15: sigma=[0.100, 0.100, 0.100, 0.100, 0.100, 0.100, 0.100, 0.100, 0.100, 0.144, 0.100, 0.100, 0.100, 0.100, 0.100, 0.100, 0.100, 0.100, 0.100, 0.100, 0.100, 0.100, 0.100, 0.100]
    Layer 16: sigma=[0.100, 0.100, 0.100, 0.100, 0.100, 0.100, 0.100, 0.100, 0.100, 0.100, 0.100, 0.100, 0.100, 0.100, 0.100, 0.100, 0.100, 0.100, 0.100, 0.100, 0.100, 0.100, 0.100, 0.100]
    Layer 17: sigma=[0.100, 0.100, 0.100, 0.100, 0.100, 0.100, 0.100, 0.100, 0.100, 0.100, 0.100, 0.100, 0.100, 0.100, 0.100, 0.100, 0.100, 0.100, 0.100, 0.100, 0.100, 0.100, 0.100, 0.100]
    Layer 18: sigma=[0.100, 0.100, 0.100, 0.100, 0.100, 0.100, 0.100, 0.100, 0.100, 0.100, 0.100, 0.100, 0.100, 0.100, 0.100, 0.100, 0.100, 0.100, 0.100, 0.100, 0.100, 0.100, 0.100, 0.100]
    Layer 19: sigma=[0.100, 0.100, 0.100, 0.100, 0.100, 0.100, 0.100, 0.191, 0.100, 0.100, 0.157, 0.100, 0.100, 0.100, 0.100, 0.100, 0.100, 0.100, 0.100, 0.100, 0.100, 0.100, 0.100, 0.100]
    Layer 20: sigma=[0.100, 0.100, 0.100, 0.100, 0.100, 0.100, 0.100, 0.100, 0.100, 0.100, 0.100, 0.100, 0.100, 0.100, 0.100, 0.100, 0.100, 0.100, 0.100, 0.100, 0.100, 0.100, 0.100, 0.100]
    Layer 21: sigma=[0.100, 0.100, 0.100, 0.100, 0.100, 0.100, 0.100, 0.100, 0.100, 0.100, 0.100, 0.100, 0.100, 0.100, 0.100, 0.100, 0.100, 0.100, 0.100, 0.100, 0.100, 0.100, 0.100, 0.100]
    Layer 22: sigma=[0.100, 0.100, 0.100, 0.100, 0.100, 0.100, 0.100, 0.100, 0.100, 0.100, 0.100, 0.100, 0.100, 0.100, 0.100, 0.100, 0.100, 0.100, 0.100, 0.100, 0.100, 0.100, 0.100, 0.100]
    Layer 23: sigma=[0.100, 0.100, 0.100, 0.111, 0.100, 0.100, 0.100, 0.100, 0.100, 0.100, 0.100, 0.100, 0.100, 0.100, 0.100, 0.100, 0.100, 0.100, 0.100, 0.100, 0.187, 0.100, 0.100, 0.100]
    Layer 24: sigma=[0.100, 0.100, 0.100, 0.100, 0.100, 0.100, 0.100, 0.100, 0.100, 0.277, 0.100, 0.100, 0.100, 0.100, 0.100, 0.100, 0.100, 0.100, 0.100, 0.100, 0.100, 0.100, 0.100, 0.100]
    Layer 25: sigma=[0.100, 0.100, 0.100, 0.100, 0.100, 0.100, 0.100, 0.100, 0.121, 0.100, 0.103, 0.100, 0.100, 0.116, 0.100, 0.100, 0.100, 0.100, 0.100, 0.100, 0.101, 0.100, 0.100, 0.100]
    Layer 27: sigma=[0.268, 0.100, 0.100, 0.100, 0.100, 0.100, 0.100, 0.100, 0.100, 0.100, 0.100, 0.100, 0.100, 0.100, 0.100, 0.100, 0.100, 0.100, 0.348, 0.100, 0.386, 0.100, 0.100, 0.100]

  [Taylor Step 3/3] g_proj = v_proj * alpha (damping=0.01)...
    Layer  0: alpha=0.056139  teacher_rms=0.0170  v_rms=0.0030
    Layer  1: alpha=0.058336  teacher_rms=0.0387  v_rms=0.0066
    Layer  2: alpha=0.015216  teacher_rms=0.0168  v_rms=0.0110
    Layer  3: alpha=0.017317  teacher_rms=0.0218  v_rms=0.0126
    Layer  4: alpha=0.025271  teacher_rms=0.0316  v_rms=0.0125
    Layer  5: alpha=0.034066  teacher_rms=0.0429  v_rms=0.0126
    Layer  6: alpha=0.039001  teacher_rms=0.0529  v_rms=0.0136
    Layer  7: alpha=0.047453  teacher_rms=0.0681  v_rms=0.0143
    Layer  8: alpha=0.052318  teacher_rms=0.0757  v_rms=0.0145
    Layer  9: alpha=0.048192  teacher_rms=0.0774  v_rms=0.0161
    Layer 10: alpha=0.046783  teacher_rms=0.0848  v_rms=0.0181
    Layer 11: alpha=0.050673  teacher_rms=0.0824  v_rms=0.0163
    Layer 12: alpha=0.054314  teacher_rms=0.0896  v_rms=0.0165
    Layer 13: alpha=0.045569  teacher_rms=0.0933  v_rms=0.0205
    Layer 14: alpha=0.049144  teacher_rms=0.0816  v_rms=0.0166
    Layer 15: alpha=0.041315  teacher_rms=0.0673  v_rms=0.0163
    Layer 16: alpha=0.028714  teacher_rms=0.0493  v_rms=0.0172
    Layer 17: alpha=0.024043  teacher_rms=0.0430  v_rms=0.0179
    Layer 18: alpha=0.022965  teacher_rms=0.0427  v_rms=0.0186
    Layer 19: alpha=0.033141  teacher_rms=0.0638  v_rms=0.0193
    Layer 20: alpha=0.022405  teacher_rms=0.0426  v_rms=0.0190
    Layer 21: alpha=0.019452  teacher_rms=0.0411  v_rms=0.0211
    Layer 22: alpha=0.019571  teacher_rms=0.0441  v_rms=0.0226
    Layer 23: alpha=0.032748  teacher_rms=0.0659  v_rms=0.0201
    Layer 24: alpha=0.027133  teacher_rms=0.0766  v_rms=0.0282
    Layer 25: alpha=0.033755  teacher_rms=0.0859  v_rms=0.0254
    Layer 27: alpha=0.039073  teacher_rms=0.1451  v_rms=0.0371

  Set g_proj = v_proj * alpha in 27 GDN layers (damping=0.01).
  Init (taylor_distill) done in 239.7s
  Layer 26: PPL = 578.98  (eval 15.9s)

============================================================
  Probing layer 27 | strategy=taylor_distill
============================================================
Loading checkpoint shards:   0%|          | 0/2 [00:00<?, ?it/s]Loading checkpoint shards: 100%|██████████| 2/2 [00:00<00:00, 63.88it/s]
Loading checkpoint shards:   0%|          | 0/2 [00:00<?, ?it/s]Loading checkpoint shards: 100%|██████████| 2/2 [00:00<00:00, 122.30it/s]
Token indices sequence length is longer than the specified maximum sequence length for this model (2349952 > 131072). Running this sequence through the model will result in indexing errors
  [Taylor Step 1/3] Gate calibration from attention stats...
    Layer  0: dist=[22, 3, 29, 29, 23, 23, 45, 42, 35, 49, 55, 53, 51, 45, 49, 7, 57, 35, 19, 33, 21, 58, 58, 47]
    Layer  1: dist=[37, 40, 77, 52, 50, 57, 33, 74, 40, 65, 64, 71, 45, 43, 50, 25, 28, 66, 58, 48, 61, 52, 50, 57]
    Layer  2: dist=[115, 119, 121, 102, 116, 107, 121, 117, 116, 119, 113, 101, 119, 119, 102, 122, 122, 122, 120, 120, 121, 115, 118, 113]
    Layer  3: dist=[98, 116, 112, 123, 119, 122, 105, 113, 115, 107, 117, 107, 113, 116, 114, 108, 102, 111, 111, 118, 116, 93, 96, 95]
    Layer  4: dist=[98, 112, 120, 98, 97, 92, 99, 95, 108, 107, 104, 113, 86, 106, 111, 97, 120, 105, 99, 102, 101, 118, 122, 109]
    Layer  5: dist=[114, 106, 103, 84, 90, 96, 121, 126, 112, 95, 100, 99, 72, 81, 95, 112, 99, 103, 99, 92, 96, 88, 97, 96]
    Layer  6: dist=[99, 111, 96, 87, 85, 92, 100, 96, 97, 90, 82, 87, 92, 103, 83, 77, 82, 84, 101, 100, 87, 102, 97, 95]
    Layer  7: dist=[85, 72, 99, 68, 88, 85, 65, 71, 79, 78, 96, 85, 94, 82, 84, 85, 83, 94, 88, 83, 81, 82, 87, 79]
    Layer  8: dist=[95, 73, 108, 73, 90, 76, 107, 95, 107, 78, 88, 80, 72, 84, 80, 72, 66, 74, 78, 82, 81, 79, 64, 71]
    Layer  9: dist=[63, 63, 64, 97, 102, 103, 65, 61, 74, 91, 88, 89, 85, 79, 64, 86, 77, 79, 89, 107, 98, 74, 64, 92]
    Layer 10: dist=[78, 77, 81, 94, 97, 98, 78, 72, 70, 83, 70, 101, 61, 52, 66, 85, 89, 75, 62, 65, 67, 112, 99, 87]
    Layer 11: dist=[47, 70, 52, 76, 79, 80, 80, 74, 70, 79, 72, 63, 82, 74, 93, 80, 80, 92, 68, 68, 70, 78, 69, 75]
    Layer 12: dist=[78, 75, 66, 108, 108, 89, 70, 69, 73, 81, 78, 85, 65, 94, 70, 97, 93, 71, 91, 109, 110, 52, 74, 59]
    Layer 13: dist=[84, 82, 84, 83, 80, 77, 28, 53, 47, 67, 62, 86, 84, 112, 92, 71, 100, 81, 86, 92, 84, 89, 99, 88]
    Layer 14: dist=[45, 118, 119, 67, 56, 57, 63, 56, 56, 78, 100, 104, 94, 93, 93, 85, 80, 83, 60, 74, 80, 104, 115, 77]
    Layer 15: dist=[105, 105, 89, 72, 73, 81, 97, 77, 83, 63, 76, 76, 112, 115, 100, 90, 88, 95, 104, 109, 100, 93, 97, 100]
    Layer 16: dist=[124, 98, 120, 121, 97, 122, 90, 91, 87, 103, 122, 97, 120, 115, 106, 102, 107, 103, 95, 80, 87, 93, 116, 120]
    Layer 17: dist=[109, 112, 97, 115, 114, 105, 76, 96, 88, 113, 106, 116, 117, 107, 103, 91, 110, 90, 115, 111, 119, 122, 114, 119]
    Layer 18: dist=[80, 110, 121, 119, 115, 111, 94, 90, 96, 98, 105, 99, 123, 122, 121, 118, 114, 104, 114, 106, 96, 91, 111, 105]
    Layer 19: dist=[104, 76, 85, 92, 90, 95, 91, 49, 98, 94, 101, 98, 115, 84, 121, 115, 107, 110, 105, 94, 104, 114, 118, 117]
    Layer 20: dist=[102, 117, 118, 115, 112, 112, 109, 110, 122, 112, 112, 114, 102, 100, 115, 115, 113, 118, 109, 97, 98, 103, 108, 106]
    Layer 21: dist=[109, 112, 109, 122, 124, 121, 122, 120, 121, 101, 107, 100, 114, 117, 113, 117, 115, 117, 113, 117, 108, 104, 107, 105]
    Layer 22: dist=[119, 103, 111, 119, 118, 119, 123, 124, 122, 116, 119, 118, 111, 102, 84, 113, 95, 103, 117, 121, 117, 115, 123, 117]
    Layer 23: dist=[84, 104, 85, 104, 119, 114, 108, 116, 80, 114, 108, 112, 122, 118, 79, 99, 94, 91, 121, 121, 84, 112, 115, 81]
    Layer 24: dist=[118, 114, 116, 109, 113, 110, 93, 106, 87, 100, 69, 99, 80, 107, 119, 111, 105, 110, 121, 119, 123, 98, 104, 112]
    Layer 25: dist=[112, 122, 121, 121, 119, 123, 79, 72, 69, 121, 111, 121, 117, 97, 114, 88, 106, 105, 104, 106, 101, 79, 115, 57]
    Layer 26: dist=[79, 93, 64, 108, 104, 123, 102, 71, 109, 106, 100, 108, 75, 47, 69, 105, 98, 95, 35, 72, 59, 111, 108, 102]

  [Taylor Step 2/3] OLS sigma per head (scaling V)...
    Layer  0: sigma=[0.143, 0.137, 0.138, 0.100, 0.100, 0.100, 0.100, 0.100, 0.100, 0.100, 0.100, 0.100, 0.100, 0.100, 0.100, 0.100, 0.100, 0.100, 0.100, 0.100, 0.100, 0.104, 0.100, 0.100]
    Layer  1: sigma=[0.100, 0.167, 0.100, 0.100, 0.100, 0.100, 0.100, 0.100, 0.100, 0.100, 0.100, 0.100, 0.100, 0.100, 0.100, 0.100, 0.100, 0.100, 0.100, 0.151, 0.100, 0.100, 0.100, 0.100]
    Layer  2: sigma=[0.100, 0.100, 0.100, 0.100, 0.100, 0.100, 0.100, 0.100, 0.100, 0.100, 0.100, 0.100, 0.100, 0.100, 0.100, 0.100, 0.100, 0.100, 0.100, 0.100, 0.100, 0.100, 0.100, 0.100]
    Layer  3: sigma=[0.100, 0.100, 0.100, 0.100, 0.100, 0.100, 0.100, 0.100, 0.100, 0.100, 0.100, 0.100, 0.100, 0.100, 0.100, 0.100, 0.100, 0.100, 0.100, 0.100, 0.100, 0.100, 0.100, 0.100]
    Layer  4: sigma=[0.100, 0.100, 0.100, 0.100, 0.100, 0.100, 0.100, 0.100, 0.100, 0.100, 0.100, 0.100, 0.100, 0.100, 0.100, 0.100, 0.100, 0.100, 0.100, 0.100, 0.100, 0.100, 0.100, 0.100]
    Layer  5: sigma=[0.100, 0.100, 0.100, 0.100, 0.100, 0.100, 0.100, 0.100, 0.100, 0.100, 0.100, 0.100, 0.100, 0.100, 0.100, 0.100, 0.100, 0.100, 0.100, 0.104, 0.100, 0.100, 0.100, 0.100]
    Layer  6: sigma=[0.100, 0.100, 0.100, 0.100, 0.100, 0.100, 0.100, 0.100, 0.100, 0.100, 0.100, 0.100, 0.100, 0.100, 0.100, 0.100, 0.100, 0.100, 0.100, 0.100, 0.100, 0.100, 0.100, 0.100]
    Layer  7: sigma=[0.100, 0.100, 0.100, 0.100, 0.100, 0.100, 0.100, 0.100, 0.100, 0.100, 0.100, 0.100, 0.100, 0.100, 0.100, 0.100, 0.100, 0.100, 0.100, 0.100, 0.100, 0.100, 0.100, 0.100]
    Layer  8: sigma=[0.100, 0.100, 0.100, 0.100, 0.100, 0.100, 0.100, 0.100, 0.100, 0.100, 0.100, 0.100, 0.100, 0.100, 0.100, 0.100, 0.100, 0.100, 0.100, 0.100, 0.100, 0.100, 0.100, 0.100]
    Layer  9: sigma=[0.100, 0.100, 0.100, 0.100, 0.100, 0.100, 0.100, 0.100, 0.100, 0.100, 0.100, 0.100, 0.100, 0.100, 0.100, 0.100, 0.100, 0.100, 0.100, 0.100, 0.100, 0.100, 0.100, 0.107]
    Layer 10: sigma=[0.100, 0.100, 0.100, 0.100, 0.100, 0.100, 0.100, 0.100, 0.106, 0.100, 0.100, 0.100, 0.129, 0.273, 0.100, 0.100, 0.100, 0.100, 0.100, 0.100, 0.100, 0.100, 0.140, 0.100]
    Layer 11: sigma=[0.100, 0.203, 0.100, 0.100, 0.100, 0.100, 0.100, 0.100, 0.100, 0.100, 0.100, 0.100, 0.100, 0.100, 0.100, 0.100, 0.100, 0.100, 0.100, 0.100, 0.100, 0.100, 0.100, 0.100]
    Layer 12: sigma=[0.100, 0.100, 0.100, 0.100, 0.100, 0.100, 0.100, 0.100, 0.100, 0.100, 0.100, 0.100, 0.100, 0.100, 0.108, 0.100, 0.100, 0.100, 0.100, 0.100, 0.100, 0.100, 0.100, 0.100]
    Layer 13: sigma=[0.100, 0.100, 0.100, 0.100, 0.100, 0.100, 0.100, 0.343, 0.111, 0.100, 0.100, 0.100, 0.100, 0.100, 0.100, 0.100, 0.125, 0.100, 0.100, 0.100, 0.100, 0.100, 0.100, 0.100]
    Layer 14: sigma=[0.100, 0.100, 0.100, 0.100, 0.100, 0.189, 0.100, 0.100, 0.100, 0.100, 0.100, 0.100, 0.100, 0.100, 0.100, 0.100, 0.100, 0.100, 0.100, 0.100, 0.100, 0.100, 0.100, 0.100]
    Layer 15: sigma=[0.100, 0.100, 0.100, 0.100, 0.100, 0.100, 0.100, 0.100, 0.100, 0.158, 0.100, 0.100, 0.100, 0.100, 0.100, 0.100, 0.100, 0.100, 0.100, 0.100, 0.100, 0.100, 0.100, 0.100]
    Layer 16: sigma=[0.100, 0.100, 0.100, 0.100, 0.100, 0.100, 0.100, 0.100, 0.100, 0.100, 0.100, 0.100, 0.100, 0.100, 0.100, 0.100, 0.100, 0.100, 0.100, 0.100, 0.100, 0.100, 0.100, 0.100]
    Layer 17: sigma=[0.100, 0.100, 0.100, 0.100, 0.100, 0.100, 0.100, 0.100, 0.100, 0.100, 0.100, 0.100, 0.100, 0.100, 0.100, 0.100, 0.100, 0.100, 0.100, 0.100, 0.100, 0.100, 0.100, 0.100]
    Layer 18: sigma=[0.100, 0.100, 0.100, 0.100, 0.100, 0.100, 0.100, 0.100, 0.100, 0.100, 0.100, 0.100, 0.100, 0.100, 0.100, 0.100, 0.100, 0.100, 0.100, 0.100, 0.100, 0.100, 0.100, 0.100]
    Layer 19: sigma=[0.100, 0.100, 0.100, 0.100, 0.100, 0.100, 0.100, 0.159, 0.100, 0.100, 0.170, 0.100, 0.100, 0.100, 0.100, 0.100, 0.100, 0.100, 0.100, 0.100, 0.100, 0.100, 0.100, 0.100]
    Layer 20: sigma=[0.100, 0.100, 0.100, 0.100, 0.100, 0.100, 0.100, 0.100, 0.100, 0.100, 0.100, 0.100, 0.100, 0.100, 0.100, 0.100, 0.100, 0.100, 0.100, 0.100, 0.100, 0.100, 0.100, 0.100]
    Layer 21: sigma=[0.100, 0.100, 0.100, 0.100, 0.100, 0.100, 0.100, 0.100, 0.100, 0.100, 0.100, 0.100, 0.100, 0.100, 0.100, 0.100, 0.100, 0.100, 0.100, 0.100, 0.100, 0.100, 0.100, 0.100]
    Layer 22: sigma=[0.100, 0.100, 0.100, 0.100, 0.100, 0.100, 0.100, 0.100, 0.100, 0.100, 0.100, 0.100, 0.100, 0.100, 0.100, 0.100, 0.100, 0.100, 0.100, 0.100, 0.100, 0.100, 0.100, 0.100]
    Layer 23: sigma=[0.100, 0.100, 0.100, 0.102, 0.100, 0.100, 0.100, 0.100, 0.100, 0.100, 0.100, 0.100, 0.100, 0.100, 0.100, 0.100, 0.100, 0.100, 0.100, 0.100, 0.198, 0.100, 0.100, 0.100]
    Layer 24: sigma=[0.100, 0.100, 0.100, 0.100, 0.100, 0.100, 0.100, 0.100, 0.100, 0.271, 0.100, 0.100, 0.100, 0.100, 0.100, 0.100, 0.100, 0.100, 0.100, 0.100, 0.100, 0.100, 0.100, 0.100]
    Layer 25: sigma=[0.100, 0.100, 0.100, 0.100, 0.100, 0.100, 0.100, 0.100, 0.129, 0.100, 0.114, 0.100, 0.100, 0.111, 0.100, 0.100, 0.100, 0.100, 0.100, 0.100, 0.100, 0.100, 0.100, 0.100]
    Layer 26: sigma=[0.100, 0.100, 0.100, 0.100, 0.105, 0.100, 0.100, 0.100, 0.100, 0.100, 0.100, 0.100, 0.149, 0.100, 0.100, 0.100, 0.100, 0.100, 0.297, 0.100, 0.100, 0.100, 0.100, 0.100]

  [Taylor Step 3/3] g_proj = v_proj * alpha (damping=0.01)...
    Layer  0: alpha=0.056416  teacher_rms=0.0170  v_rms=0.0030
    Layer  1: alpha=0.058178  teacher_rms=0.0387  v_rms=0.0067
    Layer  2: alpha=0.015216  teacher_rms=0.0168  v_rms=0.0110
    Layer  3: alpha=0.017317  teacher_rms=0.0218  v_rms=0.0126
    Layer  4: alpha=0.025271  teacher_rms=0.0316  v_rms=0.0125
    Layer  5: alpha=0.034097  teacher_rms=0.0429  v_rms=0.0126
    Layer  6: alpha=0.039001  teacher_rms=0.0529  v_rms=0.0136
    Layer  7: alpha=0.047453  teacher_rms=0.0681  v_rms=0.0143
    Layer  8: alpha=0.052318  teacher_rms=0.0757  v_rms=0.0145
    Layer  9: alpha=0.048067  teacher_rms=0.0774  v_rms=0.0161
    Layer 10: alpha=0.047375  teacher_rms=0.0848  v_rms=0.0179
    Layer 11: alpha=0.049510  teacher_rms=0.0824  v_rms=0.0166
    Layer 12: alpha=0.054311  teacher_rms=0.0896  v_rms=0.0165
    Layer 13: alpha=0.046607  teacher_rms=0.0933  v_rms=0.0200
    Layer 14: alpha=0.049511  teacher_rms=0.0816  v_rms=0.0165
    Layer 15: alpha=0.040962  teacher_rms=0.0673  v_rms=0.0164
    Layer 16: alpha=0.028714  teacher_rms=0.0493  v_rms=0.0172
    Layer 17: alpha=0.024043  teacher_rms=0.0430  v_rms=0.0179
    Layer 18: alpha=0.022965  teacher_rms=0.0427  v_rms=0.0186
    Layer 19: alpha=0.033551  teacher_rms=0.0638  v_rms=0.0190
    Layer 20: alpha=0.022405  teacher_rms=0.0426  v_rms=0.0190
    Layer 21: alpha=0.019452  teacher_rms=0.0411  v_rms=0.0211
    Layer 22: alpha=0.019571  teacher_rms=0.0441  v_rms=0.0226
    Layer 23: alpha=0.032657  teacher_rms=0.0659  v_rms=0.0202
    Layer 24: alpha=0.027252  teacher_rms=0.0766  v_rms=0.0281
    Layer 25: alpha=0.033568  teacher_rms=0.0859  v_rms=0.0256
    Layer 26: alpha=0.038645  teacher_rms=0.1157  v_rms=0.0299

  Set g_proj = v_proj * alpha in 27 GDN layers (damping=0.01).
  Init (taylor_distill) done in 203.8s
  Layer 27: PPL = 608.35  (eval 9.8s)

============================================================
  RANKING [taylor_distill] (lower PPL = more important to keep)
============================================================
  # 1  Layer 14  PPL = 497.48
  # 2  Layer  1  PPL = 498.09
  # 3  Layer  6  PPL = 518.87
  # 4  Layer  0  PPL = 550.06
  # 5  Layer  3  PPL = 553.02
  # 6  Layer  7  PPL = 558.37
  # 7  Layer 26  PPL = 578.98
  # 8  Layer  4  PPL = 580.04
  # 9  Layer  9  PPL = 588.01
  #10  Layer 15  PPL = 604.62
  #11  Layer 27  PPL = 608.35
  #12  Layer 11  PPL = 609.47
  #13  Layer  2  PPL = 614.68
  #14  Layer  5  PPL = 614.72
  #15  Layer 23  PPL = 622.75
  #16  Layer 10  PPL = 623.47
  #17  Layer  8  PPL = 631.90
  #18  Layer 12  PPL = 643.44
  #19  Layer 19  PPL = 647.94
  #20  Layer 13  PPL = 649.86
  #21  Layer 21  PPL = 650.71
  #22  Layer 24  PPL = 651.68
  #23  Layer 25  PPL = 659.75
  #24  Layer 17  PPL = 675.32
  #25  Layer 20  PPL = 692.77
  #26  Layer 22  PPL = 720.15
  #27  Layer 16  PPL = 730.08
  #28  Layer 18  PPL = 775.64

  Top-21 layers (sorted): [0, 1, 2, 3, 4, 5, 6, 7, 8, 9, 10, 11, 12, 13, 14, 15, 19, 21, 23, 26, 27]
  keep_full_attention_layers: [0, 1, 2, 3, 4, 5, 6, 7, 8, 9, 10, 11, 12, 13, 14, 15, 19, 21, 23, 26, 27]

  Results saved to /home/charlie/Taylor-Distill/results/zeroshot_llama3b_75pct/ga_s2/taylor_distill/gpu0.json
